,token,valid,no_at_fault_collisions,drivable_area_compliance,ego_progress,time_to_collision_within_bound,comfort,driving_direction_compliance,score
0,f34af4dbbbd35a23,True,1.0,1.0,0.9693999148752219,1.0,1.0,1.0,0.9872499645313425
1,f191de4360a35ad8,True,1.0,1.0,0.4976405251243466,1.0,1.0,1.0,0.7906835521351444
2,52a632acca085891,True,1.0,1.0,0.8893545036118659,1.0,1.0,1.0,0.9538977098382775
3,2d8b8e77af38568f,True,1.0,1.0,0.6124000551519243,1.0,1.0,1.0,0.8385000229799685
4,6f8c03f8038757cc,True,0.0,1.0,0.0,0.0,1.0,1.0,0.0
5,9bfa838de21f5d25,True,1.0,1.0,0.8100845195894493,1.0,1.0,1.0,0.9208685498289372
6,a9152eadc70058ba,True,1.0,1.0,1.0,1.0,1.0,1.0,1.0
7,842d40cd41cf56e8,True,1.0,1.0,0.7880262628349768,1.0,1.0,1.0,0.9116776095145737
8,6e0a467af0205f04,True,1.0,1.0,0.773152662403824,1.0,1.0,1.0,0.9054802760015933
9,ac28e0768c6a5821,True,1.0,1.0,1.0,1.0,1.0,1.0,1.0
10,075cf94c3db15021,True,1.0,1.0,1.0,1.0,1.0,1.0,1.0
11,592f9e4317dd52e2,True,1.0,1.0,0.891685737088442,0.0,1.0,1.0,0.5382023904535175
12,7a18ceb376d859c1,True,1.0,1.0,0.6518912693586906,1.0,1.0,1.0,0.854954695566121
13,9464277f29025ad8,True,1.0,1.0,0.8325564794744538,1.0,1.0,1.0,0.9302318664476891
14,2972c31a52275dc1,True,1.0,1.0,0.6588596760917056,1.0,1.0,1.0,0.857858198371544
15,e3aa32e033635c8d,True,1.0,0.0,0.0,1.0,1.0,1.0,0.0
16,905ab0794c235f69,True,1.0,1.0,0.8772806578105592,1.0,1.0,1.0,0.9488669407543996
17,dcf89e4b93ba5fbe,True,1.0,1.0,1.0,0.0,1.0,1.0,0.5833333333333334
18,12d426c6727d507a,True,1.0,1.0,0.7333395941922679,1.0,1.0,1.0,0.8888914975801115
19,3b3e36e9d816563c,True,1.0,1.0,1.0,1.0,1.0,1.0,1.0
20,aa2918eb684351bd,True,1.0,1.0,0.9920504623363411,1.0,1.0,1.0,0.9966876926401421
21,8a6717a888fe55f9,True,1.0,1.0,0.7884672499750394,1.0,1.0,1.0,0.9118613541562665
22,cea4eb2a60da5354,True,1.0,1.0,0.7851886290684119,1.0,1.0,1.0,0.9104952621118384
23,824cd4fff1e25cb4,True,1.0,0.0,0.0,1.0,1.0,1.0,0.0
24,95329718628e5f7f,True,1.0,1.0,0.9625232666712127,1.0,1.0,1.0,0.9843846944463386
25,e9645135a4fe5739,True,1.0,1.0,0.7767838714553004,0.0,1.0,1.0,0.4903266131063752
26,d94860755c1f5594,True,1.0,1.0,0.9479702881708963,1.0,1.0,1.0,0.9783209534045402
27,816a869e91ae5d17,True,1.0,0.0,0.0,0.0,1.0,1.0,0.0
28,f335a11369685b08,True,1.0,1.0,0.8112532641258905,1.0,1.0,1.0,0.921355526719121
29,50b72b9404da516c,True,1.0,1.0,1.0,1.0,1.0,1.0,1.0
30,3623f8c74e7a5d1d,True,1.0,1.0,1.0,1.0,1.0,1.0,1.0
31,a9c368a110585b1a,True,1.0,1.0,1.0,1.0,1.0,0.5,1.0
32,2f421d857f32510e,True,1.0,1.0,0.9235862183280796,1.0,1.0,1.0,0.9681609243033664
33,97628f2e9ee55826,True,1.0,1.0,0.7948506012957411,1.0,1.0,1.0,0.9145210838732254
34,93141bb128bd5a34,True,1.0,1.0,0.7974509703357558,1.0,1.0,1.0,0.9156045709732316
35,2f482e2df2565b82,True,1.0,1.0,0.9223295813435656,0.0,1.0,1.0,0.5509706588931523
36,db951dbc3e595c29,True,1.0,1.0,0.9398921559601249,1.0,1.0,1.0,0.9749550649833854
37,bc8d053770cf5449,True,1.0,1.0,1.0,1.0,1.0,1.0,1.0
38,6ea198f259b85e49,True,1.0,1.0,1.0,1.0,1.0,1.0,1.0
39,0de3f9728fc651a6,True,1.0,1.0,0.7639389439361581,1.0,1.0,1.0,0.9016412266400659
40,4dd817ed8b515ab1,True,1.0,1.0,0.8389989259528605,1.0,1.0,1.0,0.9329162191470252
41,fdb658e4941855a3,True,0.0,1.0,0.0,0.0,1.0,1.0,0.0
42,30638699ab8e575c,True,1.0,1.0,1.0,1.0,1.0,1.0,1.0
43,3010009fcb295507,True,1.0,1.0,0.8863021634401956,1.0,1.0,1.0,0.9526259014334149
44,ade00f93385b5d14,True,1.0,1.0,1.0,1.0,1.0,1.0,1.0
45,199a2738284e52c9,True,1.0,1.0,1.0,1.0,1.0,1.0,1.0
46,c46b2546f3565375,True,1.0,1.0,0.5926620982370933,1.0,1.0,1.0,0.8302758742654556
47,ccc2b2377fea5191,True,1.0,1.0,1.0,1.0,1.0,1.0,1.0
48,7a3e5ab8218e550f,True,1.0,1.0,1.0,1.0,1.0,1.0,1.0
49,f2e2e64000445230,True,1.0,1.0,0.9333694862598858,1.0,1.0,1.0,0.9722372859416191
50,1f381d3a242b54f0,True,1.0,1.0,0.7722068125720297,1.0,1.0,1.0,0.9050861719050124
51,d3e99c65bb2a5d79,True,1.0,1.0,0.7971629164399715,1.0,1.0,1.0,0.9154845485166548
52,35cf51dd13d559c0,True,1.0,1.0,0.9375610008399143,1.0,1.0,1.0,0.9739837503499643
53,03143ef8f2f65a2f,True,1.0,1.0,0.9633457802681521,1.0,1.0,0.5,0.9847274084450633
54,b8873bb7c3f35d15,True,1.0,1.0,0.9579348007334108,1.0,1.0,1.0,0.9824728336389211
55,15a50c88ab0255ca,True,1.0,1.0,1.0,1.0,1.0,1.0,1.0
56,f419cea88ed9500b,True,1.0,1.0,0.8292110872035711,1.0,1.0,1.0,0.928837953001488
57,396a8c19c4ac58f3,True,1.0,1.0,1.0,1.0,1.0,1.0,1.0
58,32e38b7677e15f69,True,1.0,1.0,0.909368025050825,1.0,1.0,1.0,0.9622366771045104
59,12ca80cc0d575578,True,1.0,1.0,1.0,1.0,1.0,1.0,1.0
60,03e24d87e7315809,True,1.0,1.0,0.9180369228315989,1.0,1.0,1.0,0.9658487178464995
61,e8e01645fcde5b8e,True,1.0,1.0,0.9233267020311857,1.0,1.0,1.0,0.968052792512994
62,3eaf6c916382509b,True,1.0,1.0,0.7381291870048682,1.0,1.0,1.0,0.8908871612520284
63,e699fb1c75b95e57,True,1.0,1.0,0.7816262127579966,1.0,1.0,1.0,0.9090109219824987
64,adb5cfe871c55445,True,1.0,1.0,1.0,1.0,1.0,1.0,1.0
65,9157902936a456bf,True,1.0,1.0,1.0,1.0,1.0,1.0,1.0
66,c3c6442b2f525269,True,1.0,1.0,0.9500490759163234,1.0,1.0,1.0,0.9791871149651348
67,0000548db87959c2,True,1.0,1.0,0.62321707571152,1.0,1.0,1.0,0.8430071148798
68,70ee383e3b335c16,True,1.0,1.0,0.6832895930521409,1.0,1.0,1.0,0.868037330438392
69,88904a762b5f5793,True,1.0,1.0,1.0,1.0,1.0,1.0,1.0
70,9184d994aedd50b1,True,1.0,1.0,0.6229893392450785,1.0,1.0,1.0,0.8429122246854494
71,c3a9557ccfb5517c,True,1.0,1.0,1.0,1.0,1.0,1.0,1.0
72,cd7e9823f2b15e0f,True,1.0,1.0,0.9835406033072163,1.0,1.0,1.0,0.9931419180446733
73,2a68e10c7d305af4,True,1.0,1.0,0.9628794020121332,1.0,1.0,1.0,0.9845330841717223
74,d852a7b32d6c5448,True,1.0,1.0,0.8030834557731374,1.0,1.0,1.0,0.9179514399054739
75,6d088615a8c05649,True,1.0,1.0,0.706150510051804,1.0,1.0,1.0,0.877562712521585
76,f587b097f5f65db6,True,1.0,1.0,1.0,1.0,1.0,1.0,1.0
77,2376e90f1bf85c50,True,1.0,1.0,0.9221834554353762,1.0,1.0,1.0,0.9675764397647401
78,bf72d4d6b25f5b27,True,1.0,1.0,0.9706268746934839,1.0,1.0,1.0,0.9877611977889517
79,6326e62f04625791,True,1.0,1.0,1.0,1.0,1.0,1.0,1.0
80,0e08da5fbc735956,True,1.0,1.0,0.7685195739566814,1.0,1.0,1.0,0.9035498224819506
81,8390620a5e745bfa,True,1.0,1.0,0.5294252463880664,1.0,1.0,1.0,0.8039271859950277
82,11d091d0bd985e5e,True,1.0,1.0,0.7206835159050964,1.0,1.0,1.0,0.8836181316271235
83,f5f7d39ffe625dda,True,1.0,1.0,0.9762226251985334,1.0,1.0,1.0,0.9900927604993889
84,69ed5efe731251d0,True,1.0,1.0,0.7981968483014283,1.0,1.0,1.0,0.9159153534589285
85,113d448b6ea8555c,True,1.0,1.0,1.0,1.0,1.0,1.0,1.0
86,bf4c97f6024b5029,True,1.0,1.0,0.9446229674691625,1.0,1.0,1.0,0.9769262364454844
87,427ee2e0d1c05699,True,1.0,1.0,1.0,1.0,1.0,0.5,1.0
88,f7f7750b2dc2548e,True,1.0,1.0,0.8143993168754207,1.0,1.0,0.0,0.9226663820314253
89,fa919203c245502d,True,1.0,1.0,0.8126286978686292,1.0,1.0,1.0,0.9219286241119288
90,68188bae28595f7c,True,1.0,1.0,1.0,1.0,1.0,1.0,1.0
91,a698a93fec1e57fa,True,1.0,1.0,0.14990399643230823,1.0,1.0,1.0,0.6457933318467951
92,2bce4431c5da5d1f,True,1.0,1.0,1.0,1.0,0.0,1.0,0.8333333333333334
93,bb4ca2b147d35b62,True,1.0,0.0,0.0,1.0,1.0,1.0,0.0
94,6ec2148215205936,True,1.0,1.0,0.5243447449918361,1.0,1.0,1.0,0.8018103104132651
95,e9fcec80707952c3,True,1.0,1.0,0.5695386240759679,1.0,1.0,1.0,0.8206410933649866
96,80752a827b8253fe,True,1.0,1.0,0.766659224141226,1.0,1.0,1.0,0.9027746767255108
97,8a4a0c6823cd5e33,True,1.0,1.0,0.983607796930129,1.0,1.0,1.0,0.9931699153875537
98,bf8b8714f63d5642,True,1.0,1.0,0.87751276761032,1.0,1.0,1.0,0.9489636531709666
99,19488eb3301f5d26,True,1.0,1.0,0.681019965864669,1.0,1.0,1.0,0.867091652443612
100,ea789512f1be5a47,True,1.0,1.0,1.0,1.0,1.0,1.0,1.0
101,aab09057df0a515d,True,1.0,1.0,0.8201524620430306,1.0,1.0,1.0,0.9250635258512627
102,ccd53fdd1b6e51b8,True,1.0,1.0,0.6436069013495352,1.0,1.0,1.0,0.8515028755623063
103,8869a2f03bbd5570,True,1.0,1.0,1.0,1.0,1.0,1.0,1.0
104,e0190f0059145fc6,True,1.0,1.0,1.0,1.0,1.0,1.0,1.0
105,9695a17335715894,True,1.0,1.0,0.9134529373503801,1.0,1.0,1.0,0.9639387238959918
106,6894aab92b0058dd,True,1.0,1.0,1.0,1.0,1.0,1.0,1.0
107,906ffee6860e524a,True,1.0,1.0,1.0,1.0,1.0,1.0,1.0
108,485b3e83878255b2,True,1.0,1.0,0.8488585744611651,1.0,1.0,1.0,0.9370244060254854
109,ecdc079932755e4e,True,1.0,1.0,0.9329919494595909,1.0,1.0,1.0,0.9720799789414962
110,2631b349e0ce5b83,True,0.0,1.0,0.0,0.0,1.0,1.0,0.0
111,ec3a67acceec55cc,True,1.0,1.0,1.0,1.0,1.0,1.0,1.0
112,65107c981e1c568c,True,1.0,1.0,1.0,1.0,1.0,1.0,1.0
113,bde15534dcdc5933,True,1.0,1.0,1.0,1.0,1.0,1.0,1.0
114,522894525b4e5168,True,1.0,0.0,0.0,1.0,1.0,1.0,0.0
115,b043b68462d7540c,True,1.0,1.0,1.0,1.0,1.0,1.0,1.0
116,2be2e48e80985bee,True,1.0,0.0,0.0,1.0,1.0,1.0,0.0
117,50613cf56a8d5a38,True,1.0,1.0,0.9270847580428087,1.0,1.0,1.0,0.9696186491845036
118,a7b8ffecd36e5dbc,True,1.0,1.0,0.8770409737906428,1.0,1.0,1.0,0.9487670724127678
119,f93bfd9479fd52ee,True,1.0,1.0,0.7954331206982697,0.0,1.0,1.0,0.49809713362427904
120,4874da28248a5026,True,1.0,1.0,1.0,1.0,1.0,1.0,1.0
121,f790e64181a15f5a,True,1.0,1.0,1.0,1.0,1.0,1.0,1.0
122,58911c0c8e3f5906,True,1.0,1.0,1.0,0.0,1.0,1.0,0.5833333333333334
123,83212ddd15375812,True,1.0,1.0,1.0,1.0,1.0,1.0,1.0
124,126fd1a0d1675f57,True,1.0,1.0,0.7665972362277494,1.0,1.0,1.0,0.9027488484282289
125,bf5be5d94ffa52f8,True,1.0,1.0,1.0,1.0,1.0,1.0,1.0
126,9483bda6b31259bd,True,1.0,1.0,0.7889948735836539,1.0,1.0,0.5,0.9120811973265225
127,ef4cd07fc8245457,True,1.0,1.0,1.0,1.0,1.0,1.0,1.0
128,31a522ae1ee151bf,True,1.0,1.0,0.8388652365277526,1.0,1.0,1.0,0.9328605152198969
129,5209e1f6a97e592a,True,1.0,1.0,0.7823730011945902,1.0,1.0,1.0,0.9093220838310793
130,c65a7b2b6f8c527e,True,1.0,1.0,0.9725087000905384,1.0,1.0,1.0,0.988545291704391
131,4a919f7ea2f65200,True,1.0,0.0,0.0,1.0,1.0,1.0,0.0
132,93c82496dc8e59c5,True,1.0,1.0,1.0,1.0,1.0,1.0,1.0
133,d5ea47f2ec1550b2,True,1.0,1.0,0.952765427226753,1.0,1.0,1.0,0.9803189280111471
134,866fab78f1da518b,True,1.0,1.0,1.0,1.0,1.0,1.0,1.0
135,2b5d551f5466530e,True,1.0,1.0,0.8283904819989936,1.0,1.0,1.0,0.9284960341662473
136,0d602f62f3ad5c65,True,1.0,1.0,0.9065844168768826,1.0,1.0,1.0,0.9610768403653678
137,f6eec3b743985122,True,1.0,1.0,0.8605221683968235,1.0,1.0,1.0,0.9418842368320098
138,c354c8cf3c975581,True,1.0,1.0,0.9435345897689407,1.0,1.0,1.0,0.9764727457370587
139,3ae409424da65443,True,1.0,1.0,1.0,1.0,1.0,1.0,1.0
140,ca6a8cc7012a5fac,True,1.0,1.0,0.7533893058711952,1.0,1.0,1.0,0.8972455441129981
141,3cfcca572cdc5b75,True,1.0,0.0,0.0,1.0,1.0,1.0,0.0
142,436728a1202a5ae6,True,1.0,1.0,0.7514207883759513,1.0,1.0,1.0,0.8964253284899796
143,ad0beea498f15978,True,1.0,1.0,0.7623680463387237,1.0,1.0,1.0,0.9009866859744683
144,f1992f61c13e5998,True,1.0,1.0,0.9550490777026847,1.0,1.0,1.0,0.9812704490427852
145,1586b456d978588f,True,1.0,1.0,1.0,1.0,1.0,1.0,1.0
146,b637b5849b475a18,True,1.0,1.0,0.742899832053234,1.0,1.0,1.0,0.8928749300221809
147,9a6489254d5f5577,True,1.0,1.0,0.6374068442808779,1.0,1.0,1.0,0.8489195184503657
148,0df7b61597705cf2,True,1.0,1.0,0.702675227096034,1.0,1.0,1.0,0.8761146779566809
149,72be63ed04f15f97,True,1.0,1.0,1.0,1.0,1.0,1.0,1.0
150,f2dd261c41755967,True,1.0,1.0,0.7965444242946059,1.0,1.0,1.0,0.9152268434560858
151,f1041299a1a059f5,True,1.0,1.0,0.5357805867942463,1.0,1.0,1.0,0.8065752444976027
152,6062e3ace278511a,True,1.0,1.0,0.7781035830896021,1.0,1.0,1.0,0.9075431596206677
153,00137a5ce92d591c,True,1.0,1.0,0.6299164430999001,1.0,1.0,1.0,0.8457985179582916
154,2d4b17f8d7585219,True,1.0,1.0,1.0,1.0,1.0,1.0,1.0
155,960b735b1eac5dab,True,1.0,1.0,0.9825487223723429,1.0,1.0,1.0,0.9927286343218095
156,0f7854f951905e69,True,1.0,1.0,0.5789201411425291,1.0,1.0,1.0,0.824550058809387
157,e1209ca7050c5033,True,1.0,1.0,0.7787791446071796,1.0,1.0,1.0,0.9078246435863249
158,1a707ed0d7ba541d,True,1.0,0.0,0.0,1.0,1.0,1.0,0.0
159,f4458a9c09795afa,True,1.0,1.0,1.0,1.0,1.0,0.5,1.0
160,221199c4bcef5e62,True,1.0,1.0,1.0,1.0,1.0,1.0,1.0
161,36e1ce5794595e73,True,1.0,1.0,1.0,1.0,1.0,1.0,1.0
162,dac5a6aa183b5e73,True,1.0,1.0,0.5588510228184337,1.0,1.0,1.0,0.8161879261743473
163,83be5aa78f7652de,True,1.0,1.0,0.11355087947528346,1.0,1.0,1.0,0.630646199781368
164,81f49ac925aa5781,True,1.0,1.0,1.0,1.0,1.0,1.0,1.0
165,564bb94f846e5fe1,True,1.0,1.0,0.7043753696936715,1.0,1.0,1.0,0.8768230707056964
166,cf62911d4c7c541c,True,1.0,1.0,0.8627447908247586,1.0,1.0,1.0,0.9428103295103161
167,7d59e0ea1e0d524b,True,1.0,1.0,0.5695112960460078,1.0,1.0,1.0,0.8206297066858367
168,8ee3467219fc5c8a,True,1.0,1.0,0.6763205228446754,1.0,1.0,1.0,0.8651335511852815
169,19f93eaa916d5528,True,1.0,1.0,0.7986034826880736,1.0,1.0,1.0,0.916084784453364
170,f1ceb70bd72a5048,True,1.0,1.0,0.511721471230325,1.0,1.0,1.0,0.7965506130126355
171,4b55193d36c35e4a,True,1.0,1.0,1.0,0.0,1.0,1.0,0.5833333333333334
172,59a1d448fbdf53f6,True,1.0,1.0,1.0,1.0,1.0,1.0,1.0
173,5806eb348e3250d9,True,1.0,1.0,0.8026297239649334,1.0,1.0,0.5,0.917762384985389
174,cfbf3f55398f5fc6,True,1.0,1.0,0.09081651086626154,1.0,1.0,1.0,0.6211735461942757
175,49a0d29c7058501c,True,1.0,1.0,0.7464559744332434,1.0,1.0,1.0,0.8943566560138514
176,0b9a48e2b0d351b9,True,1.0,1.0,0.30287800370041673,1.0,1.0,1.0,0.7095325015418403
177,1f211666d4465388,True,1.0,1.0,0.7552800299203927,1.0,1.0,1.0,0.8980333458001636
178,7c68734f0453501c,True,1.0,1.0,0.9845790950648906,1.0,1.0,1.0,0.9935746229437044
179,45b494315ca85268,True,1.0,1.0,0.8727389415381344,1.0,1.0,1.0,0.9469745589742228
180,19f8a93df08452b5,True,1.0,1.0,0.7465812383264769,1.0,1.0,1.0,0.8944088493026987
181,2dad1998a320527d,True,1.0,1.0,1.0,1.0,1.0,1.0,1.0
182,7fc46d2957805648,True,1.0,1.0,1.0,1.0,1.0,1.0,1.0
183,0f83bb5cecbe56df,True,1.0,1.0,0.7984537350373002,1.0,1.0,1.0,0.9160223895988752
184,c1f712e1aed35216,True,1.0,1.0,0.805799179255457,1.0,1.0,1.0,0.9190829913564403
185,6ac603d43fbb57ef,True,1.0,1.0,0.8804653201890286,1.0,1.0,1.0,0.9501938834120952
186,e6025eb182885adb,True,1.0,1.0,0.8224420363298311,1.0,1.0,1.0,0.9260175151374296
187,1ec907a74cbb54cd,True,1.0,1.0,0.20645775315264195,1.0,1.0,1.0,0.6693573971469341
188,f72d2f080fe35910,True,1.0,1.0,0.8156154434640205,1.0,1.0,1.0,0.923173101443342
189,84409129e8075bca,True,1.0,1.0,0.801802948186297,1.0,1.0,1.0,0.9174178950776238
190,20a6e330d8f1571b,True,1.0,1.0,1.0,1.0,1.0,1.0,1.0
191,f01212b1c5b25520,True,1.0,1.0,0.9231028981448208,1.0,1.0,1.0,0.9679595408936753
192,cec165c3246d5529,True,1.0,0.0,0.0,1.0,1.0,1.0,0.0
193,662212c87d0d5b09,True,1.0,1.0,0.7893085963489295,1.0,1.0,1.0,0.9122119151453872
194,e7ae612e880e5d5f,True,1.0,1.0,0.982562347601506,1.0,1.0,1.0,0.9927343115006275
195,bed4ec62805f5790,True,1.0,1.0,1.0,1.0,1.0,1.0,1.0
196,bfb373d958725fc8,True,1.0,1.0,1.0,1.0,1.0,1.0,1.0
197,b318cf82212f5443,True,1.0,1.0,0.6563422475620313,1.0,1.0,1.0,0.856809269817513
198,e7b5da2135fc5303,True,1.0,1.0,1.0,1.0,1.0,1.0,1.0
199,6e8b9e53215c58a3,True,1.0,1.0,0.6579830885008999,1.0,1.0,1.0,0.8574929535420416
200,e45aa663bd0756d9,True,1.0,1.0,0.7708757775881176,1.0,1.0,1.0,0.9045315739950489
201,351226f263825b4b,True,1.0,1.0,0.26265082931673367,1.0,1.0,1.0,0.6927711788819724
202,50ab222cd07b5bcd,True,1.0,1.0,0.8500926647381765,1.0,1.0,1.0,0.9375386103075735
203,1108eba0b4415340,True,1.0,1.0,0.8602086249264261,1.0,1.0,1.0,0.9417535937193442
204,8be468b729aa5f1e,True,1.0,1.0,0.8892154685939846,1.0,1.0,1.0,0.9538397785808269
205,ec611f7d00d85b31,True,1.0,1.0,1.0,1.0,1.0,1.0,1.0
206,077031ef7dcb5ab4,True,1.0,1.0,1.0,1.0,1.0,1.0,1.0
207,6e395976280452e1,True,1.0,1.0,1.0,1.0,1.0,1.0,1.0
208,c968e1d258265a2b,True,1.0,1.0,0.8179338077482189,1.0,1.0,1.0,0.9241390865617579
209,bf478a1422445c12,True,1.0,1.0,0.7923638558767527,1.0,1.0,1.0,0.913484939948647
210,415b05ca44da5fbb,True,1.0,1.0,1.0,1.0,1.0,1.0,1.0
211,55bd10ac74585a12,True,1.0,1.0,1.0,0.0,1.0,1.0,0.5833333333333334
212,150bfebecc525d57,True,1.0,1.0,1.0,0.0,1.0,0.5,0.5833333333333334
213,a2e0d4dc100159a5,True,1.0,1.0,0.46114221125981575,1.0,1.0,1.0,0.7754759213582565
214,48b6d9fdf22d5a23,True,1.0,1.0,0.5375848059558311,1.0,1.0,1.0,0.8073270024815963
215,5b61b9072cad5dbc,True,1.0,1.0,0.9893216277514315,1.0,1.0,1.0,0.9955506782297631
216,83d9a73b7a3650c7,True,1.0,1.0,0.7478533739723608,1.0,1.0,1.0,0.894938905821817
217,283ae14565b85cc3,True,1.0,1.0,0.7825960198722446,1.0,1.0,1.0,0.9094150082801019
218,7ae0a03be0c357d2,True,1.0,1.0,0.6776674600875672,1.0,1.0,1.0,0.8656947750364864
219,953b60711663549b,True,1.0,1.0,0.8508661762379975,1.0,1.0,1.0,0.9378609067658323
220,4bc95052d6d8547e,True,1.0,1.0,0.8234043371750392,1.0,1.0,1.0,0.926418473822933
221,ccdb6840a0445870,True,1.0,0.0,0.0,1.0,1.0,1.0,0.0
222,26de9e2da40c5b0c,True,1.0,1.0,0.6777607139643366,1.0,1.0,1.0,0.8657336308184735
223,53f754a75b955383,True,1.0,1.0,1.0,1.0,1.0,1.0,1.0
224,b4aa2f58df795a92,True,1.0,1.0,0.8092870240076298,1.0,1.0,1.0,0.9205362600031791
225,610271d0c1515c8c,True,1.0,1.0,0.6446579289123576,1.0,1.0,1.0,0.8519408037134824
226,7bbb4260e163517f,True,1.0,1.0,0.8389652252586209,1.0,1.0,0.5,0.932902177191092
227,dd162898ecf351d4,True,1.0,1.0,1.0,1.0,1.0,1.0,1.0
228,4314c162a57f568e,True,1.0,1.0,0.7922490374817762,1.0,1.0,1.0,0.9134370989507401
229,6d7ca07eac51558e,True,1.0,1.0,1.0,1.0,1.0,1.0,1.0
230,98045d12586d50b6,True,1.0,1.0,0.9070659027744783,1.0,1.0,1.0,0.9612774594893659
231,35b84fa433f0583f,True,1.0,1.0,0.5957594338729829,1.0,1.0,1.0,0.8315664307804096
232,883bb02a4f7c5f0a,True,1.0,1.0,1.0,1.0,1.0,1.0,1.0
233,2e508e23f47d5f96,True,1.0,1.0,0.8204367490672979,1.0,1.0,1.0,0.9251819787780408
234,a27fe5d9685c5795,True,1.0,1.0,0.7962783136124618,1.0,1.0,1.0,0.9151159640051924
235,03ca1900f09b5d20,True,1.0,1.0,0.7924838829412054,1.0,1.0,1.0,0.9135349512255022
236,80d8679b8c215769,True,1.0,1.0,1.0,1.0,1.0,1.0,1.0
237,e511376fdf3250e5,True,1.0,1.0,0.8724902246841789,1.0,1.0,1.0,0.9468709269517412
238,85b2b3fc929a5800,True,1.0,1.0,0.8891982589907949,1.0,1.0,1.0,0.9538326079128311
239,ef5dcc2415915678,True,1.0,1.0,0.9741760286368217,1.0,1.0,1.0,0.9892400119320092
240,63d80f7499fc5784,True,1.0,1.0,0.9204173969194985,1.0,1.0,1.0,0.966840582049791
241,70322003ab525a2e,True,1.0,1.0,1.0,1.0,1.0,1.0,1.0
242,def5763ef93655ae,True,1.0,1.0,0.8753281662864706,1.0,1.0,1.0,0.9480534026193629
243,c2eecf5cfe46536f,True,1.0,1.0,1.0,1.0,1.0,1.0,1.0
244,efeac78f0da05463,True,1.0,1.0,0.7902120381016935,1.0,1.0,1.0,0.912588349209039
245,3d34ef81b357566e,True,1.0,1.0,1.0,1.0,1.0,1.0,1.0
246,45f13336bbd35146,True,1.0,0.0,0.0,1.0,1.0,0.0,0.0
247,6477d5ad590955ba,True,1.0,1.0,1.0,0.0,1.0,1.0,0.5833333333333334
248,d1cf48dea57f5d2a,True,1.0,0.0,0.0,1.0,1.0,1.0,0.0
249,67a6bdeb096350ec,True,1.0,1.0,0.8173548004762372,1.0,1.0,1.0,0.9238978335317656
250,3a4e9626c9aa5fa0,True,1.0,1.0,0.960046758191137,1.0,1.0,1.0,0.9833528159129737
251,24567f5ad57455c4,True,1.0,1.0,1.0,1.0,1.0,1.0,1.0
252,84d10a502c1b5a74,True,1.0,1.0,1.0,1.0,1.0,1.0,1.0
253,e76cb8b17f8f51f3,True,1.0,1.0,1.0,1.0,1.0,1.0,1.0
254,dcd5dc3f53d9533f,True,1.0,1.0,1.0,1.0,1.0,0.5,1.0
255,bc63d7f1ab7759ee,True,1.0,1.0,0.9256195240939371,1.0,1.0,1.0,0.9690081350391404
256,2aa414aa9a9057fb,True,1.0,1.0,0.703016879047594,1.0,1.0,1.0,0.8762570329364975
257,d83c3b7416f3577e,True,1.0,1.0,0.8516293835824615,1.0,1.0,1.0,0.9381789098260257
258,49bdbf5ee25c5024,True,1.0,1.0,0.7641074432508896,1.0,1.0,1.0,0.9017114346878706
259,8c7e28b482935cd8,True,1.0,1.0,1.0,1.0,1.0,1.0,1.0
260,04703c86cf5b5a20,True,1.0,0.0,0.0,1.0,1.0,0.5,0.0
261,b9e84e372b3958ac,True,0.0,1.0,0.0,0.0,1.0,1.0,0.0
262,df2b37f4a1b85a4e,True,1.0,1.0,0.8838536080612129,1.0,1.0,1.0,0.9516056700255054
263,d01fec804cd45644,True,1.0,1.0,0.6804311488068188,1.0,1.0,1.0,0.8668463120028411
264,9406203fdb815e58,True,1.0,1.0,0.7196940259120691,1.0,1.0,1.0,0.8832058441300288
265,2b04c510144e5545,True,1.0,1.0,1.0,1.0,1.0,1.0,1.0
266,13fe271547945a97,True,1.0,1.0,1.0,1.0,1.0,1.0,1.0
267,53414ba6577d5923,True,1.0,1.0,0.7136745737595722,1.0,1.0,1.0,0.8806977390664885
268,7caa2336614b5ad3,True,1.0,1.0,0.8786918443395184,1.0,1.0,1.0,0.949454935141466
269,81917c1e1a9b5cdc,True,1.0,1.0,0.9590696724904214,1.0,1.0,1.0,0.9829456968710089
270,eadc0f19b54352ae,True,1.0,1.0,0.8198639586278259,1.0,1.0,1.0,0.9249433160949275
271,83b935eff1815935,True,1.0,1.0,0.9128824235383339,1.0,1.0,1.0,0.9637010098076392
272,a7fb000f96b35f94,True,1.0,1.0,1.0,1.0,1.0,1.0,1.0
273,030c27139f7d57a4,True,1.0,1.0,0.678519565806632,1.0,1.0,1.0,0.8660498190860967
274,6de8e1962fc4559a,True,1.0,1.0,0.8626882538467695,1.0,1.0,1.0,0.942786772436154
275,516c42e0454456b6,True,1.0,1.0,0.965446421384633,1.0,1.0,1.0,0.9856026755769305
276,7f0309b4cbb85029,True,1.0,1.0,0.761481542348979,1.0,1.0,1.0,0.9006173093120746
277,cbdda157b6705786,True,1.0,1.0,0.6493079827151556,1.0,1.0,1.0,0.8538783261313148
278,cc7d3c360c345a4b,True,1.0,1.0,0.6327286783038807,1.0,1.0,1.0,0.846970282626617
279,f57f56e799be599f,True,1.0,1.0,0.6944542868731708,1.0,1.0,1.0,0.8726892861971546
280,42b4245406ee5ab8,True,1.0,1.0,0.9112996318045292,1.0,1.0,1.0,0.9630415132518871
281,0221ed2a1c495f23,True,1.0,1.0,0.8587096822724705,1.0,1.0,1.0,0.941129034280196
282,9a03bf441e615cd6,True,1.0,1.0,0.4783838119609499,1.0,1.0,1.0,0.7826599216503958
283,7aeb6cedbf4353ef,True,1.0,1.0,0.8495357481715816,1.0,1.0,0.5,0.937306561738159
284,8c2841e7cecf5047,True,1.0,1.0,0.82326984450897,1.0,1.0,1.0,0.9263624352120708
285,a1adc0fae78f5a3f,True,1.0,1.0,0.8877540597935923,1.0,1.0,1.0,0.9532308582473301
286,055e7b577c645e2e,True,1.0,1.0,0.981183552532333,1.0,1.0,1.0,0.9921598135551388
287,3dfa374651035868,True,1.0,1.0,1.0,1.0,1.0,1.0,1.0
288,7ff27f83a8995932,True,1.0,1.0,1.0,1.0,1.0,1.0,1.0
289,fe0c83d70ca456ae,True,1.0,1.0,0.8865009702730879,1.0,1.0,1.0,0.9527087376137867
290,c093d999a01c5e92,True,1.0,1.0,0.9061191528243044,1.0,1.0,1.0,0.9608829803434601
291,2073f76964735ff7,True,1.0,1.0,0.701826834020772,1.0,1.0,1.0,0.8757611808419883
292,30a0f5cf9ab95eee,True,1.0,1.0,0.8691932737171448,1.0,1.0,1.0,0.9454971973821437
293,993d17cce2685b9a,True,1.0,1.0,0.7690085201865123,1.0,1.0,1.0,0.9037535500777135
294,09a0456056555b0a,True,1.0,1.0,0.7581727079187374,1.0,1.0,1.0,0.8992386282994739
295,61e3a4acbdf55ffe,True,1.0,1.0,0.638099130603993,1.0,1.0,1.0,0.8492079710849971
296,e4eebb1bdcdf5ae6,True,1.0,0.0,0.0,1.0,1.0,1.0,0.0
297,a924bf802fe25fa6,True,1.0,1.0,0.6812029529035042,1.0,1.0,1.0,0.8671678970431268
298,bc949c2045ca5537,True,1.0,1.0,0.8120808608627816,1.0,1.0,1.0,0.9217003586928257
299,34e7c93be2465f25,True,1.0,1.0,0.358872099224016,1.0,1.0,1.0,0.7328633746766733
300,dad96574decb5a68,True,1.0,1.0,0.5013191233479116,1.0,1.0,1.0,0.7922163013949631
301,6fa01275a4525b26,True,1.0,1.0,0.8510100194864177,1.0,1.0,1.0,0.9379208414526742
302,1fd8eed8897a5667,True,1.0,1.0,1.0,1.0,1.0,1.0,1.0
303,4bc54773ae245d10,True,1.0,1.0,1.0,1.0,1.0,1.0,1.0
304,b2abc819ebf45c11,True,1.0,1.0,0.7106509334318566,1.0,1.0,1.0,0.8794378889299402
305,54fbc5743190519c,True,1.0,1.0,0.9813795271961875,1.0,1.0,0.0,0.992241469665078
306,024fd1e792395805,True,1.0,1.0,0.900351642478251,1.0,1.0,1.0,0.9584798510326046
307,a42cc34c8a985b67,True,1.0,0.0,0.0,0.0,1.0,0.0,0.0
308,430f1f445caf5b3e,True,1.0,0.0,0.0,1.0,1.0,1.0,0.0
309,9ba2570d6743526a,True,1.0,1.0,1.0,1.0,1.0,1.0,1.0
310,1fc5ab19306f5a47,True,1.0,1.0,0.822466340981407,1.0,1.0,1.0,0.9260276420755863
311,1d7a96e116735b6c,True,1.0,1.0,0.7323199267020273,1.0,1.0,1.0,0.8884666361258446
312,6a090fe8d71a5f38,True,1.0,1.0,0.5520189819587851,1.0,1.0,1.0,0.813341242482827
313,2eb2bc9d3b35584f,True,1.0,1.0,1.0,1.0,1.0,1.0,1.0
314,0d7d0361dc665d25,True,1.0,1.0,1.0,1.0,1.0,1.0,1.0
315,daa3dbcfc784564c,True,1.0,1.0,0.8208980232822244,1.0,1.0,1.0,0.9253741763675934
316,8e04fd5e1613597a,True,1.0,1.0,0.893508979757118,1.0,1.0,1.0,0.9556287415654658
317,db601036b2fb58d7,True,1.0,1.0,1.0,1.0,1.0,1.0,1.0
318,5022f5d01ba85e74,True,1.0,1.0,0.6570832536127296,1.0,1.0,1.0,0.8571180223386373
319,7bb27993dd475c3d,True,1.0,1.0,1.0,1.0,1.0,1.0,1.0
320,159b8a11bd775e91,True,1.0,1.0,1.0,1.0,1.0,1.0,1.0
321,7eb33ecbb32d5a60,True,1.0,1.0,1.0,1.0,1.0,1.0,1.0
322,a2e2a360029f508f,True,1.0,1.0,0.8597409122500199,1.0,1.0,1.0,0.9415587134375083
323,693ca321449e5a83,True,1.0,1.0,0.6978576135519243,1.0,1.0,1.0,0.8741073389799685
324,e3f62a1acf9d565e,True,1.0,1.0,1.0,1.0,1.0,1.0,1.0
325,f1ef98a6ff94525c,True,1.0,1.0,0.9497359083537129,1.0,1.0,1.0,0.9790566284807136
326,6e163d828a555eee,True,1.0,1.0,1.0,1.0,1.0,1.0,1.0
327,8067c4f48fe45421,True,1.0,1.0,0.8241131413752493,1.0,1.0,1.0,0.9267138089063538
328,5bb6cc197a7455e4,True,1.0,1.0,1.0,1.0,1.0,1.0,1.0
329,8673d97f94ae5700,True,1.0,1.0,0.8552153544953258,1.0,1.0,1.0,0.9396730643730523
330,5e80270349cb530c,True,1.0,1.0,0.9214341781403892,1.0,1.0,1.0,0.9672642408918288
331,5ca8a2941e3f56c2,True,1.0,1.0,1.0,1.0,1.0,1.0,1.0
332,660e14c77a1c550b,True,1.0,1.0,0.6562357201302194,1.0,1.0,1.0,0.8567648833875913
333,ee95e29e1aec53e1,True,1.0,1.0,0.8681273349895517,1.0,1.0,1.0,0.9450530562456466
334,0e0e30877d725664,True,1.0,1.0,0.9160726388377735,1.0,1.0,1.0,0.9650302661824055
335,3e53e34cb63f5d05,True,1.0,1.0,0.7190705641658744,1.0,1.0,1.0,0.8829460684024477
336,54d1762cf973535b,True,1.0,1.0,0.8798026575212157,1.0,1.0,1.0,0.9499177739671731
337,0d50bb8976e45ea7,True,1.0,1.0,1.0,1.0,1.0,1.0,1.0
338,3e41024d080454b5,True,1.0,1.0,1.0,1.0,1.0,1.0,1.0
339,fe71d216396c5ab3,True,1.0,1.0,1.0,1.0,1.0,1.0,1.0
340,23b4e574c41a57bd,True,1.0,1.0,0.5834443645234394,1.0,1.0,1.0,0.8264351518847665
341,a51ed55eaa9c54c9,True,1.0,1.0,0.8025024867419963,1.0,1.0,1.0,0.9177093694758319
342,a22de94be8935752,True,1.0,1.0,0.5492905153912561,1.0,1.0,1.0,0.8122043814130233
343,1eb474de58ca5d6f,True,1.0,1.0,0.9316080140886869,1.0,1.0,1.0,0.9715033392036195
344,8ed81a3cabde5dcf,True,1.0,1.0,0.840780515749922,1.0,1.0,1.0,0.9336585482291341
345,60826aa0bcfc5225,True,1.0,1.0,1.0,1.0,1.0,1.0,1.0
346,b5b7e0338624532b,True,0.0,1.0,0.0,0.0,1.0,1.0,0.0
347,3882f317a3f55e29,True,1.0,1.0,0.7645498849163861,1.0,1.0,1.0,0.9018957853818276
348,6bd5888420e851a1,True,1.0,1.0,1.0,1.0,1.0,1.0,1.0
349,541d2d0ac174524b,True,1.0,1.0,0.6841742043380984,1.0,1.0,1.0,0.8684059184742076
350,f096ff143e815978,True,1.0,1.0,0.907008193474434,1.0,1.0,1.0,0.9612534139476807
351,dff44219172a5f99,True,1.0,1.0,0.589789080526439,0.0,1.0,1.0,0.4124121168860162
352,31811172f43c5188,True,1.0,1.0,0.7407424230843727,1.0,1.0,1.0,0.8919760096184887
353,6ad6e6d54e845206,True,1.0,1.0,0.8957822927695765,1.0,1.0,1.0,0.9565759553206569
354,443b9c514efc5829,True,1.0,1.0,1.0,1.0,1.0,1.0,1.0
355,ef0b044d86855ffe,True,1.0,1.0,1.0,1.0,1.0,1.0,1.0
356,b5ca533bca505ceb,True,1.0,1.0,1.0,1.0,1.0,1.0,1.0
357,4a55d9d08b7752e8,True,1.0,1.0,0.6394703557622837,1.0,1.0,1.0,0.8497793149009515
358,84ed0a5827f656d8,True,1.0,1.0,0.8521248271434473,1.0,1.0,1.0,0.9383853446431031
359,1bf4bffb864f5379,True,1.0,1.0,1.0,1.0,1.0,1.0,1.0
360,4126aeb4289c593c,True,1.0,1.0,0.7569987865265536,1.0,1.0,1.0,0.898749494386064
361,70428e7a613e55cc,True,1.0,1.0,0.9542462398919023,1.0,1.0,1.0,0.9809359332882925
362,963a72ef9c615033,True,1.0,1.0,0.8922890120858357,0.0,1.0,1.0,0.5384537550357649
363,7755fb23f28f5b2f,True,1.0,1.0,0.8234201012252481,1.0,1.0,1.0,0.9264250421771867
364,f35274c7a16657d7,True,0.0,0.0,0.0,0.0,1.0,0.5,0.0
365,2e90da117016561c,True,1.0,1.0,1.0,1.0,1.0,1.0,1.0
366,21f55c28bb945892,True,1.0,1.0,0.6610120081865941,1.0,1.0,1.0,0.8587550034110808
367,927b73fea33f5218,True,1.0,1.0,0.8928079733742923,1.0,1.0,1.0,0.9553366555726218
368,5624b4732b135079,True,1.0,1.0,0.7670388287316537,1.0,1.0,1.0,0.9029328453048557
369,f3512ae175b45844,True,1.0,1.0,1.0,1.0,1.0,1.0,1.0
370,1dc437ce152e55fa,True,0.0,1.0,0.0,0.0,1.0,1.0,0.0
371,8b1193abd0b75de0,True,1.0,1.0,0.9768334768666299,1.0,1.0,1.0,0.9903472820277625
372,d6b5646287065fa8,True,1.0,1.0,0.7109811600404478,1.0,1.0,1.0,0.8795754833501865
373,aa4897ec11395ec8,True,1.0,1.0,0.8859907895779441,1.0,1.0,1.0,0.9524961623241435
374,9a5799ace9455841,True,1.0,1.0,1.0,1.0,1.0,1.0,1.0
375,4ad7866306895cca,True,1.0,1.0,0.606417000253459,1.0,1.0,1.0,0.8360070834389411
376,ff9d7c14934b541e,True,1.0,1.0,0.7653878388086295,1.0,1.0,1.0,0.902244932836929
377,134699ce1ce455c4,True,1.0,1.0,0.8885096825016137,1.0,1.0,1.0,0.9535457010423389
378,d2098ab3fc1953b3,True,1.0,1.0,1.0,1.0,1.0,1.0,1.0
379,901b2d48b2ce5bf1,True,1.0,1.0,0.7601450697416343,1.0,1.0,1.0,0.900060445725681
380,57076e49ca7c5570,True,1.0,1.0,0.7929212739560069,1.0,1.0,1.0,0.9137171974816695
381,f62e6cb228dc50e1,True,1.0,0.0,0.0,1.0,1.0,0.5,0.0
382,47359dd210e254ea,True,1.0,1.0,1.0,1.0,1.0,1.0,1.0
383,70e6f01ee485510a,True,1.0,1.0,0.8698993272486732,1.0,1.0,1.0,0.9457913863536138
384,166d08e80654527d,True,1.0,1.0,1.0,1.0,1.0,1.0,1.0
385,b56a66ac853c56e9,True,1.0,1.0,0.7440688270961144,1.0,1.0,1.0,0.8933620112900478
386,eaf08861a02351a5,True,1.0,1.0,0.8472207336584574,1.0,1.0,1.0,0.9363419723576906
387,7f1f382094685881,True,1.0,1.0,0.8849419901159727,1.0,1.0,1.0,0.952059162548322
388,5e74b6a61b715f47,True,0.0,1.0,0.0,0.0,1.0,0.5,0.0
389,6abe0ed266f258d9,True,1.0,1.0,1.0,1.0,1.0,1.0,1.0
390,39cf3b9137615a6b,True,1.0,1.0,0.8044291074439615,1.0,1.0,1.0,0.9185121281016505
391,dd23e66ff660575e,True,1.0,1.0,0.8401121298366505,1.0,1.0,1.0,0.9333800540986044
392,24edcd5e5b7f546a,True,1.0,1.0,0.9435129862273771,1.0,1.0,1.0,0.976463744261407
393,d4f972826d645ca8,True,1.0,1.0,0.6093905333189251,1.0,1.0,1.0,0.8372460555495521
394,134a3394c9b756d9,True,0.0,1.0,0.0,0.0,1.0,1.0,0.0
395,a43d45f7369d5489,True,1.0,1.0,1.0,1.0,1.0,1.0,1.0
396,66908680155c550a,True,1.0,1.0,0.8964320318659014,1.0,1.0,1.0,0.9568466799441255
397,47e96fba9c115fe7,True,1.0,1.0,1.0,1.0,1.0,1.0,1.0
398,94693a54967757f6,True,1.0,1.0,1.0,1.0,1.0,1.0,1.0
399,84aade0568085ba5,True,1.0,1.0,1.0,0.0,1.0,1.0,0.5833333333333334
400,3770407dcc67520c,True,1.0,1.0,0.7694071873615932,1.0,1.0,1.0,0.9039196614006638
401,210fa74895dc5f52,True,1.0,1.0,0.9479400509026488,1.0,1.0,1.0,0.9783083545427703
402,f79916e26eef5b74,True,1.0,1.0,1.0,1.0,1.0,1.0,1.0
403,51fd85d11ea75120,True,1.0,1.0,0.8926769041421095,1.0,1.0,1.0,0.9552820433925456
404,d24604c7af87524f,True,1.0,1.0,0.9355036304581568,1.0,1.0,1.0,0.9731265126908987
405,39f91a002193578a,True,1.0,1.0,1.0,1.0,1.0,1.0,1.0
406,9b4e0723f48755fb,True,1.0,1.0,0.9122467733666199,1.0,1.0,1.0,0.963436155569425
407,ed8384b107d95d89,True,1.0,1.0,0.753921943375454,1.0,1.0,1.0,0.8974674764064391
408,7316c116f05d57a5,True,1.0,1.0,0.8881409196698445,1.0,1.0,1.0,0.9533920498624352
409,b5be372c45f05a96,True,1.0,1.0,0.8175784075074305,1.0,1.0,1.0,0.923991003128096
410,8396adcdedb55337,True,1.0,1.0,0.732746330206427,1.0,1.0,1.0,0.8886443042526779
411,210a1c9ce3725a53,True,1.0,1.0,0.9293760712264625,1.0,1.0,1.0,0.970573363011026
412,aba3b771ef0054c6,True,1.0,1.0,0.8855138570991964,1.0,1.0,1.0,0.9522974404579984
413,6e778c30490d5f50,True,1.0,1.0,0.7775410458174017,1.0,1.0,1.0,0.907308769090584
414,4aa06b58da9a56f8,True,1.0,1.0,0.6413291825386501,1.0,1.0,1.0,0.8505538260577709
415,7d80c95c24645b06,True,1.0,1.0,1.0,1.0,1.0,1.0,1.0
416,76f053cb2f8851c7,True,1.0,1.0,1.0,1.0,1.0,1.0,1.0
417,167d6bc7be735e55,True,1.0,1.0,1.0,1.0,1.0,1.0,1.0
418,6370add5182e51b7,True,1.0,1.0,1.0,1.0,1.0,1.0,1.0
419,215c38293c335e25,True,1.0,1.0,0.841022194367347,1.0,1.0,1.0,0.9337592476530613
420,e6be0f4d0dc351d0,True,1.0,1.0,1.0,1.0,1.0,1.0,1.0
421,a6b518a433065727,True,1.0,0.0,0.0,1.0,1.0,1.0,0.0
422,75f91ced021c543e,True,1.0,1.0,0.7923104065315288,1.0,1.0,1.0,0.913462669388137
423,b7784f3cdf6b5991,True,1.0,1.0,0.5945155133435914,1.0,1.0,1.0,0.8310481305598297
424,72720a5350e75184,True,1.0,1.0,0.91060295996021,1.0,1.0,1.0,0.9627512333167543
425,f0d6814d23245178,True,1.0,1.0,1.0,1.0,1.0,1.0,1.0
426,2243d4e976fb5b77,True,1.0,1.0,1.0,1.0,1.0,1.0,1.0
427,a15ed2f3e39c5c0d,True,1.0,1.0,1.0,1.0,1.0,1.0,1.0
428,5233faf7f9935f97,True,1.0,1.0,0.8128870970018548,1.0,1.0,1.0,0.9220362904174394
429,21d4990a6b4f597a,True,1.0,1.0,0.7629612183861906,1.0,1.0,1.0,0.9012338409942461
430,260f5d5245015db6,True,1.0,1.0,0.9496888049136004,0.0,1.0,1.0,0.5623703353806668
431,af58d13139de5d3f,True,1.0,1.0,0.8431395190446958,1.0,1.0,1.0,0.9346414662686232
432,e849e6a954285f60,True,1.0,1.0,0.8972515219329502,1.0,1.0,1.0,0.9571881341387293
433,e6a94b91b19f5315,True,1.0,1.0,1.0,1.0,1.0,1.0,1.0
434,33c58e00f5805824,True,1.0,1.0,0.9567827433148257,1.0,1.0,1.0,0.9819928097145106
435,e0522da7328d5c9e,True,1.0,1.0,0.7678895197712862,1.0,1.0,1.0,0.9032872999047026
436,eda3453c6d5355e0,True,1.0,1.0,0.7801757652288647,1.0,1.0,1.0,0.9084065688453603
437,5403d4e6179a5354,True,1.0,1.0,0.7279067412865409,1.0,1.0,1.0,0.8866278088693921
438,873e300af5a95bf2,True,1.0,1.0,0.962757209057183,1.0,1.0,1.0,0.984482170440493
439,4f6abcc897955dfd,True,1.0,1.0,1.0,1.0,1.0,0.0,1.0
440,ac7167da1d1a5342,True,0.0,0.0,0.0,0.0,1.0,1.0,0.0
441,e9ed7dbcb6365ea2,True,1.0,1.0,0.8578783498260711,1.0,1.0,1.0,0.940782645760863
442,8b0d50e645eb5ac7,True,0.0,1.0,0.0,1.0,1.0,1.0,0.0
443,1981a85eb4ba5001,True,0.0,1.0,0.0,0.0,1.0,0.5,0.0
444,2e6b78be8c9e5e0c,True,1.0,1.0,1.0,1.0,1.0,1.0,1.0
445,1b1a37c517e45fbd,True,1.0,1.0,1.0,1.0,1.0,1.0,1.0
446,f004b5e4838455f3,True,1.0,1.0,0.6712179172053784,1.0,1.0,1.0,0.863007465502241
447,a7a7c9782f3951a1,True,1.0,1.0,1.0,1.0,1.0,1.0,1.0
448,25aab48e050659be,True,1.0,1.0,0.826335181321327,1.0,1.0,1.0,0.9276396588838862
449,4302a0a4b9f05b61,True,1.0,1.0,0.537044116691866,1.0,1.0,1.0,0.8071017152882775
450,a93fa498bfbf5fb8,True,1.0,1.0,0.7526460458069614,1.0,1.0,1.0,0.8969358524195673
451,bf4fdfa51e215217,True,1.0,1.0,0.8589372417805734,1.0,1.0,1.0,0.9412238507419056
452,b9aa102f4d7b5751,True,1.0,1.0,1.0,1.0,1.0,1.0,1.0
453,74707039ce5550d1,True,1.0,1.0,0.7770122914019173,1.0,1.0,1.0,0.9070884547507988
454,5218653349a6502a,True,1.0,1.0,0.8406872276767599,1.0,1.0,1.0,0.93361967819865
455,ed7a0f74484d58a8,True,1.0,1.0,1.0,1.0,1.0,1.0,1.0
456,16d3bf2e9bf75eb4,True,1.0,1.0,0.6469247424503499,1.0,1.0,1.0,0.8528853093543125
457,fe4b2cf4e9ad5b37,True,1.0,1.0,0.9718092963540419,1.0,1.0,1.0,0.9882538734808509
458,4b3a1e85619e557f,True,1.0,1.0,1.0,1.0,1.0,1.0,1.0
459,69976d75e3a5521e,True,1.0,1.0,1.0,0.0,1.0,1.0,0.5833333333333334
460,96a252e16d1553e1,True,1.0,1.0,0.9091864114723524,1.0,1.0,1.0,0.9621610047801469
461,089e3eac4f7e5c5c,True,1.0,1.0,0.9081844023041773,1.0,1.0,1.0,0.961743500960074
462,bc68d211a62d5c19,True,1.0,1.0,1.0,1.0,1.0,1.0,1.0
463,5b4f392698d35a5f,True,1.0,0.0,0.0,1.0,1.0,0.5,0.0
464,1636385aa7ce5995,True,1.0,1.0,0.9942679672710664,1.0,1.0,1.0,0.997611653029611
465,96cb1a2412095a90,True,1.0,1.0,0.9050969073811173,1.0,1.0,1.0,0.9604570447421322
466,8a92561fdd0750ad,True,1.0,1.0,0.8354772865948038,1.0,1.0,1.0,0.9314488694145014
467,ec5e157a5222534d,True,1.0,1.0,0.594681925737318,1.0,1.0,1.0,0.8311174690572157
468,2e2cc58c9aa450e7,True,1.0,1.0,0.7224790292475795,1.0,1.0,1.0,0.8843662621864915
469,2034e8ae11cc594e,True,1.0,0.0,0.0,1.0,1.0,0.0,0.0
470,a4f950bf8f9b590b,True,1.0,1.0,0.9347325302796221,1.0,1.0,1.0,0.9728052209498426
471,1d538fa6a8825de1,True,1.0,1.0,1.0,1.0,1.0,1.0,1.0
472,9d9aced6d8da5f28,True,1.0,1.0,1.0,1.0,1.0,1.0,1.0
473,262c4400163e5d8e,True,1.0,1.0,0.8145021197654538,1.0,1.0,1.0,0.922709216568939
474,c1c3bb73344c593a,True,1.0,1.0,0.7929332385525175,1.0,1.0,1.0,0.9137221827302157
475,0f78ffea52a85031,True,1.0,1.0,1.0,1.0,1.0,1.0,1.0
476,52d9d533ca4e5980,True,1.0,1.0,0.49298712245567444,1.0,1.0,1.0,0.7887446343565311
477,de0726643f515304,True,1.0,1.0,0.8317252650280412,1.0,1.0,1.0,0.9298855270950172
478,3a3297d21e905b02,True,1.0,1.0,0.6558839683120385,1.0,1.0,1.0,0.856618320130016
479,09cd7b3746d65a79,True,1.0,1.0,0.9955854414545111,1.0,1.0,1.0,0.9981606006060463
480,e83be8437b0c5862,True,1.0,1.0,1.0,1.0,1.0,1.0,1.0
481,05d6f076bdc855d1,True,1.0,1.0,0.886318571422957,1.0,1.0,1.0,0.9526327380928987
482,706cc8e44dbd557d,True,1.0,1.0,0.8575507339396624,1.0,1.0,1.0,0.940646139141526
483,c8b422346e1f5252,True,1.0,1.0,1.0,1.0,1.0,1.0,1.0
484,c9968e9ec0135b9d,True,0.0,1.0,0.0,0.0,1.0,1.0,0.0
485,7c4757c2c9675f2b,True,1.0,0.0,0.0,1.0,1.0,0.0,0.0
486,6321c384f59c5265,True,1.0,1.0,0.6297461335638476,1.0,1.0,1.0,0.8457275556516031
487,e3b8bfc261ac5969,True,1.0,1.0,1.0,1.0,1.0,1.0,1.0
488,d243aa8117495932,True,1.0,1.0,1.0,1.0,1.0,1.0,1.0
489,776069d80826529d,True,1.0,1.0,0.6832850550949705,1.0,1.0,1.0,0.8680354396229043
490,4201a91014c852a8,True,1.0,1.0,0.8313625944004795,1.0,1.0,1.0,0.9297344143335332
491,6debfcfccc75589c,True,1.0,1.0,0.8035845678837448,1.0,1.0,1.0,0.918160236618227
492,8b369f66349d550a,True,1.0,1.0,1.0,1.0,1.0,1.0,1.0
493,4d718caa6ebc5b37,True,1.0,1.0,0.5917962610299805,1.0,1.0,1.0,0.8299151087624917
494,d84b338d48335e67,True,1.0,1.0,0.7447257937436643,1.0,1.0,1.0,0.8936357473931934
495,e61adc75d7da50c3,True,1.0,1.0,0.9352696009383213,1.0,1.0,1.0,0.9730290003909673
496,5239e2cfe006568b,True,1.0,1.0,0.6259007832771377,1.0,1.0,1.0,0.8441253263654741
497,51e7c560a43d5a25,True,1.0,1.0,1.0,1.0,1.0,1.0,1.0
498,c6e9b00edaa454da,True,1.0,1.0,0.9424110400128834,1.0,1.0,1.0,0.976004600005368
499,a58d5374dae0552a,True,1.0,1.0,0.7624886752847592,1.0,1.0,1.0,0.9010369480353163
500,7edfabe116e25844,True,1.0,1.0,0.9540935059227014,1.0,1.0,1.0,0.9808722941344589
501,2c1f43c6b93c5952,True,1.0,1.0,0.8070334054155024,1.0,1.0,1.0,0.9195972522564594
502,ae878998fecb50a5,True,1.0,1.0,0.7285827962160227,1.0,1.0,1.0,0.8869094984233428
503,bf1370df23cf5118,True,1.0,1.0,0.576503387848625,1.0,1.0,1.0,0.8235430782702604
504,af052c91de0f5295,True,1.0,1.0,1.0,1.0,1.0,1.0,1.0
505,f8d3738f77c05163,True,1.0,1.0,0.8844186106930985,1.0,1.0,1.0,0.951841087788791
506,c05f89f644505f4c,True,1.0,1.0,0.7733281543047114,1.0,1.0,1.0,0.9055533976269631
507,7e238e859ebb5720,True,1.0,1.0,0.8926565984555407,1.0,1.0,0.5,0.9552735826898086
508,36be99da12575896,True,1.0,0.0,0.0,1.0,1.0,1.0,0.0
509,b6a62a2356885962,True,1.0,1.0,0.7209152193304723,1.0,1.0,1.0,0.8837146747210302
510,fa3c2377e39c52e3,True,1.0,1.0,0.9391097632036235,1.0,1.0,1.0,0.9746290680015098
511,78beb0eba954535e,True,1.0,1.0,1.0,1.0,1.0,1.0,1.0
512,45845be1b56d59c7,True,1.0,1.0,1.0,1.0,1.0,1.0,1.0
513,64a52073ea395752,True,1.0,1.0,0.7693752974972583,1.0,1.0,1.0,0.903906373957191
514,af682242313853cb,True,1.0,1.0,1.0,1.0,1.0,1.0,1.0
515,4127ff2cfd615955,True,1.0,1.0,0.8798602828371674,1.0,1.0,1.0,0.9499417845154864
516,d5fc95fa66025d7a,True,1.0,1.0,0.7247568625219734,1.0,1.0,1.0,0.8853153593841556
517,66ca1ffcef4354e9,True,1.0,1.0,0.6877763168963382,1.0,1.0,1.0,0.8699067987068076
518,892f8a0d37dd5af3,True,1.0,1.0,0.9225104114900361,1.0,1.0,1.0,0.9677126714541817
519,50fef67a5a9a5a4b,True,1.0,0.0,0.0,1.0,1.0,1.0,0.0
520,e8850900bade58f6,True,1.0,1.0,1.0,1.0,1.0,1.0,1.0
521,8f5cefce0c0259d9,True,0.0,1.0,0.0,0.0,1.0,1.0,0.0
522,9a3778686fd058d2,True,1.0,0.0,0.0,1.0,1.0,1.0,0.0
523,9a357640ddd453d2,True,0.0,1.0,0.0,0.0,1.0,1.0,0.0
524,f7a474593242588b,True,1.0,1.0,0.9720790913407814,1.0,1.0,1.0,0.9883662880586589
525,f39db68736425365,True,1.0,1.0,0.9900943316990509,1.0,1.0,1.0,0.9958726382079379
526,331a4a4334df5c34,True,1.0,1.0,0.6351021260758506,1.0,1.0,1.0,0.8479592191982711
527,c48cfa7c240d5808,True,1.0,1.0,1.0,1.0,1.0,1.0,1.0
528,8d3c8a698ac65342,True,1.0,1.0,0.6634054066795936,1.0,1.0,1.0,0.859752252783164
529,31cda9ad4b8257b9,True,1.0,1.0,0.8225147181012031,1.0,1.0,1.0,0.9260477992088347
530,3d8f52b9bae25a90,True,1.0,1.0,0.607843463848294,1.0,1.0,1.0,0.8366014432701224
531,a2978bba82bd5751,True,1.0,1.0,1.0,1.0,1.0,1.0,1.0
532,d38070017e4e53c3,True,1.0,1.0,0.9178138077973961,1.0,1.0,1.0,0.965755753248915
533,742ac4ddb9d7557d,True,1.0,1.0,1.0,1.0,1.0,1.0,1.0
534,da365ed766db5a6a,True,1.0,1.0,1.0,1.0,1.0,1.0,1.0
535,fe0a33d7599a59b3,True,0.0,1.0,0.0,0.0,1.0,1.0,0.0
536,af5f095a4d815525,True,0.0,1.0,0.0,0.0,1.0,1.0,0.0
537,f34d9948bdc257ab,True,1.0,1.0,1.0,1.0,1.0,1.0,1.0
538,dd1ab5d48c6358ef,True,1.0,1.0,0.7575038370967796,1.0,1.0,1.0,0.8989599321236582
539,76e0272a57f55674,True,1.0,1.0,0.7674656965168495,1.0,1.0,1.0,0.9031107068820207
540,d68601dbb9d45f6b,True,1.0,1.0,1.0,1.0,1.0,1.0,1.0
541,8aec77f33ddb5ac8,True,1.0,1.0,0.6667886912295633,1.0,1.0,1.0,0.8611619546789847
542,e5bb04b7c6695184,True,1.0,1.0,1.0,1.0,1.0,1.0,1.0
543,dc6df220730c599a,True,1.0,1.0,0.8739438466676944,1.0,1.0,1.0,0.947476602778206
544,621a9591a97758b8,True,1.0,1.0,0.6891174606351607,1.0,1.0,1.0,0.8704656085979835
545,482601c870805c11,True,1.0,1.0,0.9341488508439292,1.0,1.0,1.0,0.9725620211849705
546,f63a2f8e05115d52,True,1.0,1.0,1.0,0.0,1.0,1.0,0.5833333333333334
547,e55fc5c3ee36528b,True,1.0,1.0,1.0,1.0,1.0,1.0,1.0
548,b95ff3bc9cf45e47,True,1.0,1.0,0.7371243711726472,1.0,1.0,1.0,0.890468487988603
549,773ae953dba953b4,True,1.0,1.0,0.863139409472848,1.0,1.0,1.0,0.9429747539470199
550,e2ae05340dba502d,True,1.0,1.0,0.5247079726449535,1.0,1.0,1.0,0.8019616552687306
551,23ca661f3d7754c7,True,1.0,1.0,0.7306422384843919,1.0,1.0,1.0,0.8877675993684967
552,89766121ee605be0,True,1.0,1.0,0.9365398483881928,1.0,1.0,0.5,0.973558270161747
553,28113a97a08b5ff1,True,1.0,1.0,1.0,1.0,1.0,1.0,1.0
554,c0a12f1497045322,True,1.0,1.0,0.8968296741637874,1.0,1.0,1.0,0.9570123642349114
555,15715849d362599e,True,1.0,1.0,0.7223505026372329,1.0,1.0,1.0,0.8843127094321804
556,00a757f8d4e45f8c,True,0.5,0.0,0.0,0.0,1.0,1.0,0.0
557,ee53e7213c995a0b,True,1.0,1.0,1.0,1.0,1.0,1.0,1.0
558,1faa29a936cd5277,True,1.0,0.0,0.0,1.0,1.0,1.0,0.0
559,78a50eb4d40e5ffa,True,1.0,1.0,0.7587382507778974,1.0,1.0,1.0,0.8994742711574572
560,7bbb6cfc4f135e50,True,1.0,1.0,0.8370279909065232,1.0,1.0,1.0,0.9320949962110513
561,be43454e5a4f5a2a,True,1.0,1.0,0.6769203561513876,1.0,1.0,1.0,0.8653834817297449
562,ea93b5b81d425814,True,1.0,1.0,0.6775195810476016,1.0,1.0,1.0,0.8656331587698339
563,2035406a3a6955be,True,1.0,1.0,0.5465260140172707,1.0,1.0,1.0,0.8110525058405296
564,f3493d3b23cd55c2,True,1.0,1.0,0.7401382402406331,1.0,1.0,1.0,0.8917242667669304
565,b639f9aef8055d40,True,1.0,0.0,0.0,1.0,1.0,1.0,0.0
566,9f3b77fe8cd3541c,True,1.0,1.0,0.8736863286958974,1.0,1.0,1.0,0.9473693036232905
567,b58a12e346235cd0,True,1.0,0.0,0.0,1.0,1.0,1.0,0.0
568,fe2270288c1d5628,True,1.0,1.0,0.8865541479936452,1.0,1.0,1.0,0.9527308949973522
569,4750f239602d5627,True,1.0,1.0,0.8047436505155,1.0,1.0,1.0,0.9186431877147916
570,684dc9c8167b5189,True,1.0,0.0,0.0,1.0,1.0,0.5,0.0
571,81a473b817565cb9,True,1.0,1.0,0.7233605256955482,1.0,1.0,1.0,0.8847335523731451
572,757fb1d7679c5dc2,True,1.0,1.0,0.7586830883137565,1.0,1.0,1.0,0.8994512867973986
573,077c80ecaed0548f,True,1.0,1.0,0.7131159935388226,1.0,1.0,1.0,0.8804649973078428
574,db29291cd4ee5499,True,1.0,1.0,1.0,1.0,1.0,1.0,1.0
575,f3e32c06633756e9,True,1.0,1.0,0.7515519588986006,1.0,1.0,1.0,0.8964799828744169
576,f3872682944e5d13,True,1.0,1.0,0.862836841149453,1.0,1.0,1.0,0.9428486838122722
577,f7103dfe59a959be,True,1.0,1.0,1.0,1.0,1.0,1.0,1.0
578,bf0a29ccead65750,True,1.0,1.0,0.7546225926759006,1.0,1.0,1.0,0.8977594136149586
579,257773cfd41d59d5,True,1.0,1.0,0.6038735142996569,1.0,1.0,1.0,0.834947297624857
580,de664d2cb249576d,True,1.0,1.0,0.8992076710707634,1.0,1.0,1.0,0.9580031962794848
581,940ba87d553456c3,True,1.0,1.0,0.5955267820596711,1.0,1.0,1.0,0.8314694925248629
582,c665621fe4e455cb,True,1.0,1.0,0.726240110891386,1.0,1.0,1.0,0.8859333795380775
583,d1ef1e42fa15573d,True,1.0,1.0,0.2403291344970405,1.0,1.0,1.0,0.6834704727071003
584,8aa8e3e16c035d5e,True,1.0,1.0,1.0,1.0,1.0,1.0,1.0
585,f8f1d3aa1a30553d,True,1.0,1.0,0.7427073005042147,1.0,1.0,1.0,0.8927947085434228
586,1d037ee2ffda5d69,True,1.0,1.0,1.0,1.0,1.0,1.0,1.0
587,498c6f15e5c856bb,True,1.0,1.0,0.6134627402047441,1.0,1.0,1.0,0.8389428084186434
588,56a45baf2fb55951,True,1.0,1.0,1.0,1.0,1.0,1.0,1.0
589,876aec35f98a5280,True,1.0,1.0,1.0,1.0,1.0,1.0,1.0
590,1e9a42ef8f4057a6,True,1.0,1.0,0.9113192177882022,1.0,1.0,1.0,0.9630496740784175
591,5cd75b90a44e5a65,True,1.0,1.0,1.0,1.0,1.0,1.0,1.0
592,7f0cb33eb150567e,True,1.0,1.0,1.0,1.0,1.0,1.0,1.0
593,3febbde773f15b51,True,1.0,1.0,1.0,1.0,1.0,1.0,1.0
594,a7f3d88fe5e5534e,True,1.0,1.0,1.0,1.0,1.0,1.0,1.0
595,dc95b5731cc359f3,True,1.0,1.0,0.645769230869679,1.0,1.0,1.0,0.8524038461956995
596,b6765fe7ee17596e,True,1.0,1.0,1.0,0.0,1.0,0.5,0.5833333333333334
597,b751857996975e6c,True,1.0,1.0,0.8465474753547682,1.0,1.0,1.0,0.9360614480644868
598,b7bbef1569ca526e,True,1.0,1.0,1.0,1.0,1.0,1.0,1.0
599,0027db600afe56ca,True,1.0,1.0,0.056400832547546506,1.0,1.0,1.0,0.6068336802281443
600,0695553567185c3c,True,0.0,1.0,0.0,0.0,1.0,1.0,0.0
601,bf8c5276f9a6539d,True,1.0,1.0,0.759146893998961,1.0,1.0,1.0,0.8996445391662338
602,79cfc07ef4645c81,True,1.0,1.0,0.6342475052179093,1.0,1.0,1.0,0.8476031271741289
603,384def2e3f9657f6,True,1.0,1.0,0.8244858624119487,1.0,1.0,1.0,0.926869109338312
604,b98d8c3330625df2,True,1.0,1.0,0.8306763890120344,1.0,1.0,1.0,0.929448495421681
605,10d9d6d0ad405b9d,True,1.0,1.0,0.8729243700678123,1.0,1.0,1.0,0.9470518208615886
606,11182f26946650bd,True,1.0,1.0,0.6011919710233891,1.0,1.0,1.0,0.833829987926412
607,248288deae795ad8,True,1.0,1.0,0.864707185581334,1.0,1.0,1.0,0.9436279939922225
608,ed95bd64d5a555c8,True,1.0,1.0,0.7944483325681599,1.0,1.0,1.0,0.9143534719034
609,88454b0190ff551f,True,1.0,1.0,1.0,1.0,1.0,1.0,1.0
610,00c6aecefec9576c,True,1.0,1.0,0.6702742566055874,1.0,1.0,1.0,0.8626142735856615
611,71017c020a0b5a75,True,1.0,1.0,0.8150750695398469,1.0,1.0,1.0,0.9229479456416029
612,4e12d62c42575ac3,True,1.0,1.0,0.10280026976760756,1.0,1.0,1.0,0.6261667790698365
613,2e883a72b2895d7c,True,1.0,1.0,0.4896520720194923,1.0,1.0,1.0,0.7873550300081217
614,2f23d31a3ddf5de9,True,1.0,1.0,1.0,1.0,1.0,1.0,1.0
615,f8f02729d1ee5c16,True,1.0,1.0,1.0,1.0,1.0,1.0,1.0
616,aec02ec2aec85c06,True,1.0,1.0,0.6080012783711046,1.0,1.0,0.5,0.8366671993212936
617,57730912486a5853,True,1.0,1.0,0.8564907892685953,1.0,1.0,1.0,0.9402044955285813
618,b9ddc4b10ef751a5,True,0.0,1.0,0.0,0.0,1.0,1.0,0.0
619,9d7ec713a2fb5e44,True,1.0,1.0,0.681917931948842,1.0,1.0,1.0,0.8674658049786842
620,6fc4fc2702305dfa,True,1.0,1.0,1.0,0.0,1.0,1.0,0.5833333333333334
621,69ddc43178e9572a,True,1.0,0.0,0.0,0.0,1.0,1.0,0.0
622,b3c1a2ac292d5e3f,True,1.0,1.0,1.0,1.0,1.0,1.0,1.0
623,4afad5f528f45dfe,True,1.0,1.0,1.0,1.0,1.0,1.0,1.0
624,f51778edd8ea5ee5,True,1.0,0.0,0.0,1.0,1.0,1.0,0.0
625,bbb7e4525bd05d3d,True,1.0,1.0,1.0,1.0,1.0,1.0,1.0
626,35e9a9cf7fb85962,True,1.0,1.0,0.7087210584083496,1.0,1.0,1.0,0.8786337743368123
627,96bc4f4e46f752f4,True,1.0,1.0,1.0,1.0,1.0,1.0,1.0
628,f638ae3f35d25d55,True,1.0,1.0,1.0,0.0,1.0,1.0,0.5833333333333334
629,02c8da231eb15ed2,True,1.0,1.0,1.0,1.0,1.0,1.0,1.0
630,8872d388cf435f07,True,1.0,1.0,1.0,1.0,1.0,1.0,1.0
631,fcdcb2e456bf5360,True,1.0,1.0,0.6269709011555158,1.0,1.0,1.0,0.8445712088147982
632,0208ed2202af56b2,True,1.0,1.0,0.827080691741946,1.0,1.0,1.0,0.9279502882258108
633,6b7e5348100b5572,True,1.0,1.0,1.0,1.0,1.0,1.0,1.0
634,e67729beeaa95c34,True,1.0,1.0,1.0,1.0,1.0,1.0,1.0
635,e22b4bce822a51fb,True,1.0,1.0,1.0,1.0,1.0,1.0,1.0
636,86cb3350b50b570b,True,1.0,1.0,0.7801801584438843,1.0,1.0,1.0,0.9084083993516184
637,4014296da6f75079,True,1.0,1.0,1.0,1.0,1.0,1.0,1.0
638,c5ee24aa8f5059d6,True,0.0,1.0,0.0,0.0,1.0,1.0,0.0
639,fc529b3abdc65998,True,1.0,1.0,1.0,1.0,1.0,1.0,1.0
640,c9614cfb18a953ae,True,1.0,1.0,1.0,1.0,1.0,1.0,1.0
641,4dd55e4b78955eca,True,1.0,1.0,0.9919085833735708,1.0,1.0,1.0,0.9966285764056545
642,a3f2ea7187975b13,True,1.0,1.0,1.0,1.0,1.0,1.0,1.0
643,8ff8246f69f75f6a,True,1.0,1.0,0.8307720835537106,1.0,1.0,1.0,0.9294883681473793
644,5c1b8e332d105b79,True,1.0,0.0,0.0,1.0,1.0,1.0,0.0
645,a19a3d9b712751f6,True,1.0,1.0,0.7053782998366319,1.0,1.0,1.0,0.8772409582652633
646,49d00c5507175e01,True,1.0,1.0,0.818156396967603,1.0,1.0,1.0,0.9242318320698346
647,7ac633604a3c572d,True,1.0,1.0,1.0,1.0,1.0,1.0,1.0
648,a33054c645ce5643,True,1.0,1.0,1.0,1.0,1.0,1.0,1.0
649,1f2bbc5cb66b523a,True,1.0,1.0,0.8469457557719992,1.0,1.0,1.0,0.936227398238333
650,ae3496e6ce435e73,True,1.0,1.0,1.0,1.0,1.0,1.0,1.0
651,5f70e91ff9d250f5,True,1.0,1.0,0.7641242816366253,1.0,1.0,1.0,0.9017184506819271
652,d31d38e1a2305147,True,1.0,1.0,0.7771590972787408,1.0,1.0,1.0,0.907149623866142
653,f49e8b1837cd5b23,True,1.0,1.0,0.7594336178215778,1.0,1.0,1.0,0.8997640074256573
654,3ce814811e5252dc,True,1.0,1.0,0.9630432403044942,1.0,1.0,1.0,0.9846013501268726
655,540098f126795a8c,True,1.0,1.0,0.7644656294292554,1.0,1.0,1.0,0.9018606789288564
656,f39952caeb2b5014,True,1.0,1.0,1.0,1.0,1.0,1.0,1.0
657,d0785c050c1350e7,True,1.0,1.0,1.0,1.0,1.0,1.0,1.0
658,aa1b434771cb52d0,True,1.0,1.0,0.3189784385384557,1.0,1.0,1.0,0.7162410160576899
659,30827c8c62c55b46,True,1.0,1.0,0.9149415929240768,1.0,1.0,1.0,0.9645589970516987
660,9fb8affb5c295640,True,1.0,0.0,0.0,1.0,1.0,1.0,0.0
661,d4f5976a6d615330,True,1.0,1.0,1.0,1.0,1.0,1.0,1.0
662,683e518fbfa650d5,True,1.0,1.0,1.0,1.0,1.0,1.0,1.0
663,54a9fe6636755234,True,1.0,1.0,1.0,1.0,1.0,1.0,1.0
664,b4175792b94a5cf2,True,1.0,1.0,0.10609854235446298,1.0,1.0,1.0,0.6275410593143596
665,6074e965781b510e,True,1.0,1.0,1.0,1.0,1.0,1.0,1.0
666,54718dd05cad553a,True,1.0,1.0,0.7712917989413504,1.0,1.0,1.0,0.9047049162255627
667,159972aee8265c33,True,0.0,0.0,0.0,0.0,1.0,0.5,0.0
668,d66904f908405550,True,1.0,1.0,1.0,1.0,1.0,1.0,1.0
669,1cb96199b6a45732,True,1.0,1.0,0.8654184584902568,1.0,1.0,1.0,0.9439243577042736
670,608913faecb959b4,True,1.0,1.0,0.8894973918736775,1.0,1.0,1.0,0.9539572466140323
671,8a02c25b58bb5a2b,True,1.0,1.0,1.0,1.0,1.0,1.0,1.0
672,7643b4b3f33d5910,True,1.0,1.0,0.7926278417137623,1.0,1.0,1.0,0.913594934047401
673,aafbe79abf625492,True,1.0,1.0,0.5289091042685352,1.0,1.0,1.0,0.8037121267785564
674,a48870c447ef5fe5,True,1.0,1.0,0.6858284243870242,1.0,1.0,1.0,0.8690951768279267
675,9c45919236c051c0,True,1.0,1.0,0.6802781365387517,1.0,1.0,1.0,0.8667825568911466
676,f6038d685a4d55b4,True,0.0,1.0,0.0,0.0,1.0,0.5,0.0
677,d55aac327e4451ba,True,1.0,1.0,0.7856577960523116,1.0,1.0,1.0,0.9106907483551298
678,f3a327d6e0e45d9a,True,1.0,1.0,1.0,1.0,1.0,0.0,1.0
679,4d8c41cf686957d1,True,1.0,1.0,1.0,1.0,1.0,1.0,1.0
680,03269d4ad9e45809,True,1.0,1.0,0.7573068811449305,1.0,1.0,1.0,0.898877867143721
681,3ef30aa787de56fa,True,1.0,1.0,0.986589356765162,1.0,1.0,1.0,0.9944122319854841
682,1a775d7198a654e0,True,1.0,1.0,0.7923333771749531,1.0,1.0,1.0,0.9134722404895639
683,81ac4c9af9ea5562,True,1.0,1.0,0.6076448796419198,1.0,1.0,1.0,0.8365186998508
684,cbe7b4e464235ca6,True,1.0,1.0,0.6970290689257,1.0,1.0,1.0,0.873762112052375
685,1677503060a95d4a,True,1.0,1.0,0.8021461025730053,1.0,1.0,1.0,0.9175608760720856
686,3137903199f35224,True,1.0,1.0,0.6424222978288889,1.0,1.0,1.0,0.851009290762037
687,0bcebe354a715163,True,1.0,1.0,0.8327674978947655,1.0,1.0,1.0,0.9303197907894857
688,5e81fdb02c275b17,True,1.0,1.0,0.5337545333269578,1.0,1.0,1.0,0.805731055552899
689,5b1a620dcd675298,True,1.0,1.0,1.0,1.0,1.0,1.0,1.0
690,34ed4880444350af,True,1.0,1.0,0.9852061838679327,1.0,1.0,1.0,0.993835909944972
691,557690c1c31357b1,True,1.0,1.0,0.8980183644910149,1.0,1.0,1.0,0.9575076518712562
692,254290b4b4a35869,True,1.0,1.0,1.0,1.0,1.0,1.0,1.0
693,a59bd481d324594a,True,1.0,1.0,0.7949991085099989,1.0,1.0,1.0,0.9145829618791662
694,6f07313e88ab56fd,True,1.0,1.0,0.86709445453603,1.0,1.0,1.0,0.9446226893900125
695,8bebc6662b36505f,True,1.0,1.0,0.7893000100284535,1.0,1.0,1.0,0.9122083375118556
696,ce3a4f649e23590d,True,1.0,1.0,0.8741653369243606,1.0,1.0,1.0,0.9475688903851504
697,3d43337c0e6b5910,True,1.0,1.0,0.6949223199155463,1.0,1.0,1.0,0.8728842999648109
698,5c9063357a725208,True,1.0,1.0,1.0,1.0,1.0,1.0,1.0
699,6e59104beb995339,True,1.0,1.0,0.772023662247992,1.0,1.0,1.0,0.9050098592699967
700,3cb9b99bc4185d33,True,1.0,1.0,0.9040544555716965,1.0,1.0,1.0,0.9600226898215402
701,7b7ce3374d1e51dc,True,1.0,1.0,1.0,1.0,1.0,1.0,1.0
702,ec097e80d5565caa,True,1.0,1.0,0.6099046487929899,1.0,1.0,1.0,0.8374602703304124
703,74c77891a7d45a15,True,1.0,1.0,0.8668667767210535,1.0,1.0,1.0,0.9445278236337723
704,0dff39153a005f4f,True,1.0,1.0,0.8060724318157588,1.0,1.0,1.0,0.9191968465898995
705,79a151c333745253,True,1.0,1.0,0.8616700112346584,1.0,1.0,1.0,0.9423625046811077
706,4e1193a7697853ba,True,1.0,1.0,0.8507798639679566,1.0,1.0,1.0,0.9378249433199818
707,d1065c7c84e054ae,True,1.0,1.0,1.0,1.0,1.0,1.0,1.0
708,62d339c4086d51ba,True,1.0,1.0,0.7728978073385468,1.0,1.0,1.0,0.9053740863910612
709,aa34b08bfad85fac,True,1.0,1.0,0.8512105717031299,1.0,1.0,1.0,0.938004404876304
710,36e98388f7a35159,True,1.0,1.0,1.0,1.0,1.0,1.0,1.0
711,38d4aa43f5f25eeb,True,1.0,1.0,1.0,1.0,1.0,1.0,1.0
712,25a3a5bc491d521b,True,1.0,1.0,0.7673782880555053,1.0,1.0,1.0,0.9030742866897938
713,5c55fbcddea45f87,True,1.0,1.0,0.5163883253244312,1.0,1.0,1.0,0.7984951355518465
714,b14ac3255b3b520b,True,1.0,1.0,1.0,1.0,1.0,1.0,1.0
715,bd70654aee0f54a6,True,1.0,1.0,1.0,1.0,1.0,1.0,1.0
716,6ba5ed2f323f53e2,True,0.0,1.0,0.0,0.0,1.0,1.0,0.0
717,f3c7dc93e3bc57c1,True,1.0,1.0,0.9208293941197404,1.0,1.0,1.0,0.9670122475498918
718,563ef3c44a5a528e,True,1.0,1.0,1.0,1.0,1.0,1.0,1.0
719,15959d7a3d3a53f5,True,1.0,1.0,0.870878995773593,1.0,1.0,1.0,0.9461995815723304
720,6b52f2b62f215cb4,True,1.0,1.0,1.0,1.0,1.0,1.0,1.0
721,230ab732c0d65fb3,True,1.0,1.0,1.0,1.0,1.0,1.0,1.0
722,243480f0f2545b3b,True,1.0,1.0,1.0,1.0,1.0,1.0,1.0
723,1b0f2e4276945f9a,True,1.0,1.0,1.0,1.0,1.0,1.0,1.0
724,223cdeaddc525446,True,1.0,0.0,0.0,0.0,1.0,1.0,0.0
725,844760894a04505a,True,1.0,1.0,1.0,1.0,1.0,1.0,1.0
726,f1002f2d240c514e,True,1.0,1.0,0.7324882000823396,1.0,1.0,1.0,0.8885367500343082
727,df8bff51c1d95e09,True,1.0,1.0,1.0,1.0,1.0,1.0,1.0
728,4064f2ec7a2f56ef,True,1.0,1.0,1.0,1.0,1.0,1.0,1.0
729,9949b537feb55564,True,1.0,1.0,0.9087774377741196,1.0,1.0,1.0,0.9619905990725499
730,b662afef6f935725,True,1.0,1.0,0.5590764597134275,1.0,1.0,1.0,0.8162818582139281
731,02325da26296565c,True,1.0,1.0,1.0,1.0,1.0,1.0,1.0
732,82b415fbbc725562,True,1.0,1.0,1.0,1.0,1.0,1.0,1.0
733,5b834475a09a531c,True,1.0,1.0,0.8639970230033912,1.0,1.0,1.0,0.9433320929180796
734,c90097f9ce775eab,True,1.0,1.0,0.7845485034619546,1.0,1.0,1.0,0.9102285431091478
735,d0dcc4b5cf6a53ab,True,1.0,1.0,1.0,1.0,1.0,1.0,1.0
736,fca1702dec8a50c6,True,1.0,1.0,1.0,1.0,1.0,1.0,1.0
737,6da3bcc544be52d3,True,1.0,1.0,0.720111283865043,1.0,1.0,1.0,0.8833797016104347
738,2d7bc87644e85744,True,1.0,1.0,1.0,1.0,1.0,1.0,1.0
739,632a1b53a6875b22,True,1.0,1.0,0.8239938327081037,1.0,1.0,1.0,0.9266640969617098
740,8c36f77fe7215dd7,True,1.0,1.0,0.9662467034576094,1.0,1.0,1.0,0.9859361264406706
741,582a4716d1bd55bc,True,1.0,1.0,0.8531145427870799,1.0,1.0,1.0,0.9387977261612832
742,6d08dce7cfaa5035,True,1.0,1.0,1.0,1.0,1.0,1.0,1.0
743,d5cf4595a3435917,True,1.0,1.0,1.0,1.0,1.0,1.0,1.0
744,18ca4d6e9c0a576b,True,1.0,1.0,1.0,1.0,1.0,1.0,1.0
745,a0f499d0aab45bab,True,1.0,1.0,1.0,1.0,1.0,1.0,1.0
746,46c8d578ddb55784,True,1.0,1.0,0.8363410661209532,1.0,1.0,1.0,0.9318087775503971
747,a9af1e73c9575428,True,1.0,0.0,0.0,1.0,1.0,0.5,0.0
748,5f4ad64db9ac5419,True,1.0,1.0,1.0,0.0,1.0,1.0,0.5833333333333334
749,de354f243fa157ec,True,1.0,1.0,0.9204676502878887,1.0,1.0,1.0,0.9668615209532869
750,580004d79c9b53b8,True,1.0,1.0,0.845317989726772,1.0,1.0,1.0,0.935549162386155
751,9790b7cbcd1a5203,True,1.0,1.0,0.727815618220929,1.0,1.0,1.0,0.8865898409253871
752,cda41068b4b65ae0,True,1.0,0.0,0.0,1.0,1.0,1.0,0.0
753,2620b03dcfcc567b,True,1.0,1.0,0.8452073542785289,1.0,1.0,1.0,0.9355030642827203
754,956e3aa8415b5712,True,1.0,1.0,0.646495141121754,1.0,1.0,1.0,0.8527063088007308
755,32013abf6afd5d2e,True,1.0,1.0,0.7974427801709789,1.0,1.0,1.0,0.9156011584045745
756,157c6c5b1b9d5608,True,1.0,1.0,0.9486338332786594,1.0,1.0,1.0,0.9785974305327748
757,491a9b7a44225a75,True,1.0,1.0,1.0,1.0,1.0,1.0,1.0
758,7c62648ff8a25812,True,1.0,1.0,0.8433126879919961,1.0,1.0,1.0,0.934713619996665
759,fc39a399fd24554b,True,1.0,1.0,1.0,1.0,1.0,1.0,1.0
760,6884907db45c5cad,True,1.0,1.0,0.9821518420796833,1.0,1.0,1.0,0.9925632675332015
761,4a4316b978495bba,True,1.0,1.0,1.0,1.0,1.0,1.0,1.0
762,66dd7339f01b58c2,True,1.0,1.0,0.7711473710667233,1.0,1.0,1.0,0.904644737944468
763,2d305230053e5e19,True,1.0,1.0,1.0,1.0,1.0,1.0,1.0
764,0cbeffce57295a2b,True,1.0,1.0,1.0,1.0,1.0,1.0,1.0
765,4faa4706a50958e2,True,1.0,1.0,0.6169240549608985,1.0,1.0,1.0,0.8403850229003744
766,5328fe5eba6e5d30,True,1.0,1.0,1.0,1.0,1.0,1.0,1.0
767,4a71a24c376f5388,True,1.0,1.0,1.0,1.0,1.0,1.0,1.0
768,91fc00df56ae5aca,True,1.0,1.0,0.7358765674275359,1.0,1.0,1.0,0.8899485697614734
769,14b270ee5a395ea9,True,1.0,1.0,0.9040266726896644,1.0,1.0,1.0,0.9600111136206935
770,30dafbb048775d29,True,1.0,1.0,0.768521658819367,1.0,1.0,1.0,0.9035506911747362
771,43c8e05e697f5abe,True,1.0,1.0,0.9438495802393959,1.0,1.0,1.0,0.976603991766415
772,d9b577262eed5ceb,True,1.0,1.0,1.0,1.0,1.0,1.0,1.0
773,ba69be06341d5b2b,True,1.0,1.0,0.9952896074500461,1.0,1.0,1.0,0.9980373364375192
774,9897a102ee075dee,True,1.0,1.0,0.792860792245736,1.0,1.0,1.0,0.9136919967690567
775,8b1aea091a6f5a16,True,0.0,1.0,0.0,0.0,1.0,1.0,0.0
776,6914bcabdeec5e0f,True,1.0,1.0,0.7692112652510406,1.0,1.0,1.0,0.9038380271879336
777,dee481365b265a2d,True,1.0,1.0,0.5784714291635137,1.0,1.0,1.0,0.8243630954847974
778,69742b86e6b25ecc,True,1.0,1.0,0.620630098434201,1.0,1.0,1.0,0.8419292076809172
779,a5d3eca1660f5855,True,1.0,1.0,1.0,1.0,0.0,1.0,0.8333333333333334
780,e0416692bc5251ba,True,1.0,1.0,0.708891846606684,1.0,1.0,1.0,0.8787049360861183
781,98e3abe2a38c5156,True,1.0,1.0,0.5316788233938421,1.0,1.0,1.0,0.8048661764141009
782,a460a03aab635f35,True,1.0,0.0,0.0,1.0,1.0,1.0,0.0
783,d9fdaff6c17659bc,True,1.0,1.0,0.8098626958080294,1.0,1.0,1.0,0.9207761232533457
784,2c439b29049252a7,True,1.0,1.0,1.0,1.0,1.0,1.0,1.0
785,e5e1dbb69578517b,True,1.0,1.0,0.6484995978526901,1.0,1.0,0.5,0.8535414991052875
786,e024bd23594b5a13,True,1.0,1.0,1.0,1.0,1.0,1.0,1.0
787,3eb063189dd15649,True,1.0,0.0,0.0,1.0,1.0,1.0,0.0
788,f5a9eba40a9055f3,True,1.0,1.0,1.0,1.0,1.0,1.0,1.0
789,0f31cc38f9f55c9a,True,1.0,1.0,0.844407265980563,1.0,1.0,1.0,0.935169694158568
790,c3ace87d2f985eaa,True,1.0,1.0,0.7758625360685164,1.0,1.0,1.0,0.9066093900285486
791,888913e0978f559b,True,1.0,1.0,0.5940685496653327,1.0,1.0,1.0,0.8308618956938886
792,797606b9788852f2,True,1.0,1.0,1.0,1.0,1.0,1.0,1.0
793,e76e7c89a8935276,True,1.0,1.0,0.8560912110072081,1.0,1.0,1.0,0.9400380045863367
794,2c978eb63fec5d2a,True,1.0,1.0,0.8636223484379842,1.0,1.0,1.0,0.9431759785158267
795,512b6941e1335e0f,True,1.0,1.0,1.0,1.0,1.0,1.0,1.0
796,ffde3cc525b75021,True,1.0,0.0,0.0,1.0,1.0,0.5,0.0
797,910c4dd3f1ec51b1,True,1.0,1.0,1.0,1.0,1.0,1.0,1.0
798,e9cb16355c1f5d9b,True,1.0,1.0,0.8286367131319368,1.0,1.0,1.0,0.9285986304716403
799,ccd1908db4765e03,True,1.0,1.0,1.0,0.0,1.0,0.0,0.5833333333333334
800,388391c4b8d45c36,True,1.0,0.0,0.0,1.0,1.0,1.0,0.0
801,4b721ff0b7025f21,True,1.0,1.0,1.0,1.0,1.0,1.0,1.0
802,534e6a7d7e8c528b,True,1.0,1.0,0.9787497194237402,1.0,1.0,1.0,0.9911457164265585
803,87423b239de058c9,True,1.0,1.0,0.8711775688118095,1.0,1.0,1.0,0.9463239870049206
804,948e3c9e26805b86,True,1.0,1.0,1.0,1.0,1.0,1.0,1.0
805,fb4ac387cd285171,True,1.0,1.0,0.931293292173322,1.0,1.0,1.0,0.9713722050722176
806,5691c7c24fdd5e16,True,1.0,1.0,1.0,1.0,1.0,1.0,1.0
807,25e2cda283355b76,True,1.0,1.0,0.5739703103206844,1.0,1.0,1.0,0.8224876293002851
808,07a369a8e34d541e,True,1.0,1.0,1.0,1.0,1.0,1.0,1.0
809,a75ca6ddabc1541b,True,1.0,1.0,1.0,1.0,1.0,1.0,1.0
810,48321ca34be254e5,True,1.0,1.0,0.7565479663599635,1.0,1.0,1.0,0.8985616526499848
811,a6706582212458bb,True,1.0,1.0,0.9607924451271161,1.0,1.0,1.0,0.983663518802965
812,deb8de65573253b7,True,1.0,1.0,1.0,1.0,1.0,1.0,1.0
813,04e3f71d6bc15d1e,True,1.0,1.0,0.9316404979090984,1.0,1.0,1.0,0.971516874128791
814,5e8d717cc46a5988,True,1.0,1.0,1.0,1.0,1.0,1.0,1.0
815,92c6df44cf055882,True,1.0,1.0,0.6670507997872475,1.0,1.0,1.0,0.8612711665780198
816,812a8e70ad07507d,True,1.0,1.0,0.9308028831444906,1.0,1.0,1.0,0.9711678679768712
817,e2efd574ab0b56a2,True,1.0,1.0,1.0,1.0,1.0,1.0,1.0
818,2223b290d60556d5,True,1.0,1.0,1.0,1.0,1.0,0.5,1.0
819,dd414d3d7d5452f1,True,1.0,1.0,0.7749449502998891,1.0,1.0,1.0,0.9062270626249539
820,2cc421e9b3fd5c17,True,1.0,1.0,0.947299450520341,1.0,1.0,1.0,0.9780414377168087
821,6498149e85ef5b8d,True,1.0,1.0,1.0,1.0,1.0,1.0,1.0
822,a77872c55f1b52a1,True,1.0,1.0,0.8037813576395026,1.0,1.0,1.0,0.9182422323497926
823,4768080b04d5530e,True,1.0,1.0,0.9275237960236422,1.0,1.0,1.0,0.9698015816765176
824,70a70a9054d75d9f,True,1.0,1.0,1.0,1.0,1.0,1.0,1.0
825,61d8eb4fd2395520,True,1.0,0.0,0.0,1.0,1.0,1.0,0.0
826,df7e2f19b3cc5ba6,True,1.0,1.0,1.0,1.0,1.0,1.0,1.0
827,ac47687039a75848,True,1.0,1.0,1.0,1.0,1.0,1.0,1.0
828,c887e4bc08f85aa5,True,1.0,1.0,1.0,1.0,1.0,1.0,1.0
829,910ce583575e5f8d,True,1.0,1.0,0.7004638944311418,1.0,1.0,1.0,0.875193289346309
830,09fda519bc395630,True,1.0,1.0,0.09721443126254989,1.0,1.0,1.0,0.6238393463593958
831,fb3e4b836ab758db,True,1.0,1.0,0.9261431656734197,1.0,1.0,1.0,0.9692263190305915
832,7fb4ab2c7e8c527f,True,1.0,1.0,1.0,1.0,1.0,1.0,1.0
833,6ebf87c3da335680,True,1.0,1.0,1.0,1.0,1.0,1.0,1.0
834,fb2ff1ed5e1b529f,True,1.0,1.0,1.0,0.0,1.0,0.5,0.5833333333333334
835,e62e904da0695956,True,1.0,1.0,0.8876894168441384,1.0,1.0,1.0,0.9532039236850576
836,d9560f4ad686510f,True,1.0,1.0,0.6380134045136187,1.0,1.0,1.0,0.8491722518806745
837,bb0d850edd125bbe,True,1.0,1.0,0.7005592705472163,1.0,1.0,1.0,0.8752330293946735
838,9707c6cbc83556f6,True,1.0,1.0,1.0,1.0,1.0,1.0,1.0
839,ab9a263dea175465,True,1.0,1.0,0.7291861802741776,1.0,1.0,1.0,0.8871609084475741
840,12d4637822bb5f19,True,1.0,0.0,0.0,1.0,1.0,1.0,0.0
841,85a89a122095548d,True,1.0,1.0,0.8333741676108155,1.0,1.0,1.0,0.9305725698378398
842,e375b42cd83a5bf3,True,1.0,1.0,0.6717656797738837,0.0,1.0,1.0,0.4465690332391182
843,98b148d419725caa,True,1.0,1.0,0.6004648515159083,1.0,1.0,1.0,0.8335270214649618
844,89df824d0cfd525e,True,1.0,1.0,0.7169843267767398,1.0,1.0,1.0,0.8820768028236415
845,1b5606e475d554f7,True,1.0,1.0,0.9179928732752148,1.0,1.0,1.0,0.9658303638646729
846,051d26c01f3653ba,True,1.0,1.0,0.6909273263168872,1.0,1.0,1.0,0.8712197192987029
847,fac7dc214370509e,True,1.0,1.0,0.626780177282767,1.0,1.0,1.0,0.8444917405344863
848,df020b6bdc1b59c0,True,1.0,1.0,1.0,1.0,1.0,1.0,1.0
849,b0a6370d836a59ed,True,1.0,1.0,1.0,0.0,1.0,1.0,0.5833333333333334
850,70da6b21101d555f,True,1.0,1.0,1.0,1.0,1.0,0.0,1.0
851,31222d2fc6f95e0d,True,1.0,1.0,0.9853318907105211,1.0,1.0,1.0,0.9938882877960505
852,d2b3f402ba0f55c3,True,1.0,1.0,1.0,1.0,1.0,1.0,1.0
853,0db4879927b35dc0,True,1.0,1.0,0.9760889858112319,1.0,1.0,1.0,0.9900370774213467
854,b191eb9b8de25005,True,1.0,1.0,1.0,1.0,1.0,1.0,1.0
855,c02bb4d7993e5bbb,True,1.0,1.0,0.9010887626325693,1.0,1.0,1.0,0.9587869844302372
856,ea23b2bb8e5756b8,True,1.0,0.0,0.0,1.0,1.0,1.0,0.0
857,d5b21176c2e1526c,True,1.0,1.0,0.9951811634916524,1.0,1.0,0.5,0.9979921514548552
858,44e882ff27ec5566,True,1.0,0.0,0.0,1.0,1.0,1.0,0.0
859,f2e0d7e15fa253f0,True,1.0,1.0,0.8781132012871796,1.0,1.0,1.0,0.9492138338696581
860,18d63cca5ad554d2,True,1.0,1.0,0.875012797950528,1.0,1.0,1.0,0.9479219991460534
861,a0b9c3ee286454cb,True,1.0,1.0,0.9633441286064313,1.0,1.0,1.0,0.9847267202526796
862,e36f096910ed562a,True,1.0,1.0,0.7671467082873124,1.0,1.0,1.0,0.9029777951197134
863,6021973f81a75e0b,True,1.0,1.0,0.6014118969317974,1.0,1.0,1.0,0.8339216237215822
864,b4914b3d729357d1,True,1.0,0.0,0.0,1.0,1.0,1.0,0.0
865,cd284af1ade75426,True,1.0,1.0,0.797540930351868,1.0,1.0,1.0,0.9156420543132784
866,e668948b1c0f5b82,True,1.0,1.0,1.0,1.0,1.0,1.0,1.0
867,9cb247f1ef445fb9,True,1.0,1.0,0.9009805352976309,1.0,1.0,1.0,0.9587418897073462
868,a763369e30305f95,True,1.0,1.0,0.8349277286743891,1.0,1.0,1.0,0.9312198869476621
869,f1042fb26da2534a,True,1.0,1.0,0.8268199073023571,1.0,1.0,1.0,0.9278416280426488
870,2ff39958d9f35279,True,1.0,1.0,0.7115666790616489,1.0,1.0,1.0,0.8798194496090205
871,1862fb50f5b0518a,True,1.0,1.0,0.9469081201418494,1.0,1.0,1.0,0.9778783833924373
872,05965158ab845b47,True,1.0,0.0,0.0,1.0,1.0,1.0,0.0
873,d532c0b3a43a52dc,True,1.0,1.0,0.9119494273508025,1.0,1.0,1.0,0.9633122613961677
874,f3fc5020ecbd537f,True,1.0,1.0,0.7969984466585434,1.0,1.0,1.0,0.9154160194410598
875,002672a228395a16,True,1.0,1.0,1.0,1.0,1.0,1.0,1.0
876,14c000d2a271534a,True,1.0,1.0,1.0,1.0,1.0,1.0,1.0
877,8683f3b4797f56e0,True,1.0,1.0,0.7050743184290821,0.0,1.0,1.0,0.46044763267878414
878,c9459a7641335bba,True,1.0,1.0,1.0,1.0,1.0,1.0,1.0
879,c6319bbc03fb57d0,True,1.0,1.0,0.6448690631473325,1.0,1.0,1.0,0.8520287763113886
880,697882c22eb65ca7,True,1.0,0.0,0.0,0.0,1.0,1.0,0.0
881,9b5cb743a4a4590b,True,1.0,1.0,1.0,1.0,1.0,0.0,1.0
882,072471bece365f16,True,1.0,1.0,0.8300717035447686,1.0,1.0,1.0,0.9291965431436536
883,e4f34d35c8fd5fd2,True,1.0,1.0,1.0,1.0,1.0,1.0,1.0
884,f53ece8c1cb9562c,True,1.0,1.0,1.0,1.0,1.0,1.0,1.0
885,e14d9a1990535a29,True,1.0,1.0,1.0,1.0,1.0,1.0,1.0
886,bbc8e4799fe85548,True,1.0,1.0,0.8118228673052492,1.0,1.0,1.0,0.9215928613771872
887,345fc96fdf4c572b,True,1.0,1.0,0.8787787919513891,1.0,1.0,1.0,0.9494911633130787
888,ce09ed938df353d1,True,1.0,1.0,1.0,1.0,1.0,1.0,1.0
889,eb890bda8eb75f6c,True,1.0,1.0,0.7871774969354471,1.0,1.0,1.0,0.9113239570564363
890,6b183b48b7175f38,True,1.0,1.0,0.834287891080795,1.0,1.0,1.0,0.9309532879503313
891,ab9d0f7542805d20,True,0.0,1.0,0.0,0.0,1.0,1.0,0.0
892,ec02f065af405039,True,1.0,1.0,0.7453160451905054,1.0,1.0,1.0,0.893881685496044
893,179ca3af622e5e0d,True,1.0,1.0,0.8472078505703525,1.0,1.0,1.0,0.9363366044043135
894,5c934edce20758e5,True,1.0,1.0,0.7180612610521713,1.0,1.0,1.0,0.8825255254384047
895,c4a50f520ab75da6,True,1.0,1.0,1.0,1.0,1.0,1.0,1.0
896,cd78333fa2c45328,True,1.0,1.0,0.8923543560692118,1.0,1.0,1.0,0.9551476483621716
897,00eb3a4e0f8052e9,True,1.0,1.0,0.7948195639586664,1.0,1.0,1.0,0.9145081516494443
898,9d72593884a757a3,True,1.0,1.0,1.0,1.0,1.0,1.0,1.0
899,26e5c3fb8af15012,True,1.0,1.0,0.5307578380197195,1.0,1.0,1.0,0.8044824325082165
900,594e39f9024a5835,True,1.0,1.0,0.8468230492934548,1.0,1.0,1.0,0.9361762705389395
901,64883fdea50b5b8c,True,1.0,1.0,0.9306001207886858,1.0,1.0,1.0,0.9710833836619525
902,a2ed8d7503b85e2d,True,1.0,1.0,0.8887727316170041,1.0,1.0,1.0,0.9536553048404185
903,5d3fbc3605fb5bb9,True,1.0,1.0,0.9836401829085545,1.0,1.0,1.0,0.9931834095452311
904,b8d114f0304d5f87,True,1.0,1.0,1.0,1.0,1.0,1.0,1.0
905,6d3bb2ecca3e54b4,True,1.0,1.0,1.0,1.0,1.0,1.0,1.0
906,dc5bfa6f51225853,True,1.0,1.0,0.8968698247596898,1.0,1.0,1.0,0.9570290936498708
907,71057ab084a75ce6,True,1.0,1.0,0.8054316954146887,1.0,1.0,1.0,0.9189298730894536
908,1b4499d988b052ce,True,1.0,1.0,1.0,1.0,1.0,1.0,1.0
909,0c0044f312655c94,True,1.0,1.0,0.7236821116231311,1.0,1.0,1.0,0.884867546509638
910,cdfc50d75d0c56df,True,1.0,1.0,1.0,1.0,1.0,1.0,1.0
911,064018bfafb05f56,True,1.0,1.0,0.9000311324848945,1.0,1.0,1.0,0.9583463052020393
912,1a25d6503c075cc8,True,1.0,1.0,0.9069713743561898,1.0,1.0,1.0,0.9612380726484124
913,3f5c9cc5b40a5ff5,True,1.0,1.0,0.765592807678284,1.0,1.0,1.0,0.9023303365326183
914,0b177a1d821055ea,True,1.0,1.0,0.9784594426725213,1.0,1.0,1.0,0.9910247677802172
915,94e8a92d53635c38,True,1.0,1.0,0.6345063443385006,1.0,1.0,1.0,0.8477109768077087
916,d66a4334c9625c4a,True,1.0,1.0,0.7998102976663543,1.0,1.0,1.0,0.9165876240276476
917,02b68b9cc51f506a,True,1.0,1.0,0.7030495443030255,1.0,1.0,1.0,0.8762706434595939
918,6d93bbdab42255a9,True,1.0,1.0,1.0,1.0,1.0,1.0,1.0
919,b4899f9464d058f2,True,1.0,1.0,0.7768758157893694,1.0,1.0,1.0,0.9070315899122372
920,db1f0ea31f525bdb,True,1.0,1.0,1.0,1.0,1.0,1.0,1.0
921,55a8886514eb5c1b,True,1.0,0.0,0.0,0.0,1.0,1.0,0.0
922,a1ff2db262ab5db7,True,1.0,1.0,1.0,1.0,1.0,1.0,1.0
923,4e27d27410c85f81,True,1.0,1.0,0.8298686814657245,1.0,1.0,1.0,0.9291119506107185
924,86d5685d21d15ee9,True,1.0,1.0,0.7129369555674663,1.0,1.0,1.0,0.880390398153111
925,5fe40d882c3b545f,True,0.0,1.0,0.0,0.0,0.0,1.0,0.0
926,878665ca715b53d3,True,1.0,1.0,0.9401910484245053,1.0,1.0,1.0,0.9750796035102106
927,73c6bf15d3cc58e4,True,1.0,1.0,0.7850867487920544,1.0,1.0,1.0,0.9104528119966894
928,e40bf2ac511950c4,True,1.0,1.0,0.9637952327898317,1.0,1.0,1.0,0.9849146803290966
929,1b5a55897d2950f9,True,1.0,1.0,0.7503881886676508,1.0,1.0,1.0,0.8959950786115213
930,9c9b62965da75764,True,1.0,1.0,0.9683769098668648,1.0,1.0,1.0,0.986823712444527
931,919fcdbcf46f58d1,True,1.0,1.0,0.9170067039974563,1.0,1.0,1.0,0.9654194599989401
932,ae73a52a1a5d54ac,True,1.0,1.0,1.0,1.0,1.0,1.0,1.0
933,d4d21ecb8e4058e8,True,0.0,1.0,0.0,0.0,1.0,1.0,0.0
934,eb6c8a396bb75a89,True,1.0,1.0,1.0,1.0,1.0,1.0,1.0
935,91e06c22962d53bb,True,1.0,1.0,0.8422785233681471,1.0,1.0,1.0,0.9342827180700614
936,56b0ed5018c25d3f,True,1.0,1.0,1.0,1.0,1.0,0.0,1.0
937,4334739a7f4e554e,True,1.0,1.0,1.0,0.0,1.0,1.0,0.5833333333333334
938,056c6ca971b355b4,True,1.0,1.0,0.7694166971588741,1.0,1.0,1.0,0.9039236238161976
939,39a769c19105586e,True,1.0,1.0,0.6197447328297547,1.0,1.0,1.0,0.8415603053457312
940,c840eac7d70e5877,True,1.0,1.0,0.9286882164429148,1.0,1.0,1.0,0.9702867568512145
941,a8da6565d00e514a,True,1.0,1.0,0.7925433708714006,1.0,1.0,1.0,0.9135597378630836
942,f9ed38d9ddfa531e,True,1.0,0.0,0.0,1.0,1.0,1.0,0.0
943,4d5c4013a6db5819,True,1.0,1.0,1.0,1.0,1.0,1.0,1.0
944,8d8f5c8c6c29525c,True,1.0,1.0,0.77813861918604,1.0,1.0,1.0,0.9075577579941833
945,dc0c3446973f56b3,True,1.0,1.0,1.0,1.0,1.0,1.0,1.0
946,c71161b938af5b16,True,1.0,1.0,1.0,1.0,1.0,1.0,1.0
947,dbba0a418817539e,True,1.0,1.0,0.7479455555467523,1.0,1.0,1.0,0.8949773148111468
948,28ecaf0359ee5029,True,1.0,1.0,0.9237920507348553,1.0,1.0,1.0,0.9682466878061898
949,a5de46cebb7d5260,True,1.0,1.0,0.6558395730084168,1.0,1.0,1.0,0.8565998220868404
950,85c0017516e95fdc,True,1.0,1.0,0.9547694136733867,1.0,1.0,1.0,0.9811539223639111
951,059ce9cd10135396,True,1.0,1.0,0.9207495670590209,1.0,1.0,1.0,0.966978986274592
952,944a55f58a59597f,True,1.0,1.0,1.0,1.0,1.0,1.0,1.0
953,10f5795252265ff3,True,1.0,1.0,0.9636994781079933,1.0,1.0,1.0,0.9848747825449973
954,d9c700e9e21b50ba,True,1.0,1.0,1.0,1.0,1.0,1.0,1.0
955,47e0ff3bc36a5f69,True,1.0,1.0,0.7223496957666663,1.0,1.0,1.0,0.8843123732361109
956,82ab6983691a5599,True,1.0,1.0,1.0,1.0,1.0,1.0,1.0
957,1218b6a218b750d8,True,1.0,1.0,1.0,0.0,1.0,1.0,0.5833333333333334
958,9af711dfa6eb5952,True,1.0,1.0,1.0,1.0,1.0,1.0,1.0
959,f49f94b388d8561d,True,1.0,1.0,0.9702544003670771,1.0,1.0,1.0,0.9876060001529489
960,b5b0ab149f9055db,True,1.0,1.0,0.7420108590292348,1.0,1.0,1.0,0.8925045245955144
961,26710ebfab6d528c,True,1.0,1.0,1.0,1.0,1.0,0.5,1.0
962,3e8c8729205850ab,True,1.0,1.0,0.7459971070269386,1.0,1.0,1.0,0.8941654612612244
963,ad781cbf672a5485,True,1.0,1.0,0.6902302495629457,1.0,1.0,1.0,0.8709292706512274
964,36383c82194a543d,True,1.0,1.0,1.0,1.0,1.0,1.0,1.0
965,5027a61161365407,True,1.0,1.0,0.9501246097594267,1.0,1.0,1.0,0.9792185873997612
966,b00afb2388cd5007,True,1.0,1.0,1.0,1.0,1.0,1.0,1.0
967,02bfb6340c185b97,True,1.0,1.0,0.685719650237852,1.0,1.0,1.0,0.8690498542657717
968,4b58ef9360555bac,True,1.0,1.0,1.0,1.0,1.0,1.0,1.0
969,62e8d8891ff45c7b,True,1.0,1.0,0.8006338940694432,1.0,1.0,1.0,0.9169307891956014
970,acd0bceedc6852c2,True,1.0,0.0,0.0,1.0,1.0,1.0,0.0
971,dd07f89bea6f5147,True,1.0,1.0,0.9279886745548646,1.0,1.0,1.0,0.9699952810645268
972,ee7be0b111a85c25,True,1.0,1.0,0.1541172494582084,1.0,1.0,1.0,0.6475488539409201
973,93b0ff5c4c5c507e,True,1.0,1.0,1.0,1.0,1.0,1.0,1.0
974,ad970e7cae1a5ead,True,1.0,1.0,1.0,1.0,1.0,1.0,1.0
975,95528bd014555540,True,1.0,1.0,1.0,1.0,1.0,1.0,1.0
976,4fbdc88ce3f75540,True,1.0,1.0,0.8920955557855015,1.0,1.0,1.0,0.9550398149106257
977,33c738c5f199510e,True,1.0,1.0,0.9661050612568025,1.0,1.0,1.0,0.9858771088570011
978,d88f286835b95ff3,True,1.0,1.0,1.0,1.0,1.0,1.0,1.0
979,53ab46d6ca9d5b68,True,1.0,1.0,1.0,1.0,1.0,1.0,1.0
980,be63913f07ee5245,True,1.0,1.0,0.7784994735999287,1.0,1.0,0.5,0.9077081139999703
981,3c303aa231e65a53,True,1.0,1.0,0.9821319449249514,1.0,1.0,1.0,0.9925549770520631
982,c6c94bd6691c5008,True,1.0,1.0,1.0,1.0,1.0,1.0,1.0
983,d91f0c28683e52da,True,1.0,1.0,1.0,1.0,1.0,1.0,1.0
984,6a9642ab1a745aac,True,1.0,1.0,0.6222353427126839,1.0,1.0,1.0,0.8425980594636183
985,3257b4f1ac7e5b62,True,1.0,1.0,0.5657686236739718,1.0,1.0,1.0,0.8190702598641549
986,a28e921b642a5936,True,1.0,1.0,0.7973325749041097,1.0,1.0,1.0,0.9155552395433789
987,6fe1f4f8dbcd57b5,True,1.0,1.0,0.779114715513886,1.0,1.0,1.0,0.9079644647974524
988,d1e6f085af9b5199,True,1.0,1.0,0.862665692786088,1.0,1.0,1.0,0.9427773719942033
989,f42bdbb0a30c5854,True,1.0,1.0,1.0,1.0,1.0,1.0,1.0
990,5be54baed8b35bd7,True,1.0,1.0,1.0,1.0,1.0,1.0,1.0
991,69acf2f6a20454a0,True,1.0,1.0,0.6540645678086134,1.0,1.0,1.0,0.8558602365869223
992,d1abb12015175373,True,1.0,1.0,1.0,1.0,1.0,1.0,1.0
993,dd4483f390725319,True,1.0,1.0,1.0,1.0,1.0,1.0,1.0
994,19b1cc462216591a,True,1.0,1.0,0.931148983371029,1.0,1.0,1.0,0.9713120764045954
995,93494257467c5e97,True,1.0,1.0,0.7428396905578235,1.0,1.0,1.0,0.8928498710657599
996,3aff98e018195468,True,1.0,1.0,0.9170934844035402,1.0,1.0,1.0,0.965455618501475
997,eec0bc4e1b185d67,True,1.0,0.0,0.0,1.0,1.0,0.5,0.0
998,87ecb477e85b5a58,True,1.0,1.0,0.9569968900411838,1.0,1.0,1.0,0.9820820375171598
999,2802831d87ba5a55,True,1.0,1.0,1.0,1.0,1.0,1.0,1.0
1000,47c92818d9005eea,True,1.0,1.0,1.0,1.0,1.0,1.0,1.0
1001,44cd06a315635c09,True,1.0,1.0,0.7961964583517961,1.0,1.0,1.0,0.9150818576465817
1002,2abac20522fb5014,True,1.0,1.0,0.9756502225291172,1.0,1.0,1.0,0.9898542593871321
1003,56da58294b3d53c5,True,1.0,1.0,0.802261100161103,1.0,1.0,1.0,0.9176087917337928
1004,535d4220196452ed,True,1.0,0.0,0.0,1.0,1.0,0.5,0.0
1005,a312f24a197d530c,True,1.0,1.0,0.8797113139361251,1.0,1.0,1.0,0.9498797141400521
1006,8659bfccd4195fb6,True,1.0,1.0,0.7855253782591579,1.0,1.0,1.0,0.9106355742746491
1007,9f8f670a268550e5,True,1.0,1.0,0.9299349632618915,1.0,1.0,1.0,0.9708062346924548
1008,2d4d907377f35695,True,1.0,1.0,0.782298671304135,1.0,1.0,1.0,0.9092911130433895
1009,a8dacf347a605f0d,True,1.0,1.0,0.8033909846846944,1.0,1.0,1.0,0.9180795769519561
1010,217307a367fd551a,True,1.0,1.0,0.7283111788058099,1.0,1.0,1.0,0.8867963245024209
1011,de16c26b38425a6b,True,1.0,1.0,1.0,1.0,1.0,1.0,1.0
1012,b23be6b0d9765878,True,1.0,1.0,0.8413376817177549,1.0,1.0,1.0,0.9338907007157312
1013,df044fb9c65c5d52,True,1.0,1.0,1.0,1.0,1.0,1.0,1.0
1014,488822d6447b5b58,True,1.0,1.0,0.560139186136226,1.0,1.0,1.0,0.8167246608900941
1015,866edd106b555de6,True,1.0,1.0,0.7876918415213926,1.0,1.0,1.0,0.9115382673005802
1016,d44d886053b15b23,True,1.0,0.0,0.0,0.0,1.0,0.0,0.0
1017,fe6db2d0c7025b8a,True,1.0,1.0,1.0,1.0,1.0,1.0,1.0
1018,875f14a6967d5192,True,1.0,1.0,0.9065062767694715,1.0,1.0,1.0,0.9610442819872796
1019,dd951db716735c82,True,1.0,1.0,0.6455506604968574,1.0,1.0,1.0,0.8523127752070239
1020,1175b3b9d27252ef,True,1.0,1.0,0.8710560407907895,1.0,1.0,1.0,0.9462733503294957
1021,f2644280215250cd,True,1.0,1.0,1.0,1.0,1.0,1.0,1.0
1022,5cffd130ff2c510a,True,1.0,1.0,0.8682795754820887,1.0,1.0,1.0,0.9451164897842036
1023,4cdd4e33b01a52a8,True,1.0,1.0,0.8798517925254898,1.0,1.0,1.0,0.9499382468856208
1024,2de709220e34507e,True,1.0,1.0,0.8553101245594091,1.0,1.0,1.0,0.9397125518997539
1025,40c083a3c4ff5b45,True,1.0,0.0,0.0,0.0,1.0,1.0,0.0
1026,1d4b518f1b175184,True,0.0,1.0,0.0,0.0,1.0,1.0,0.0
1027,efca142f8d93518b,True,1.0,1.0,0.7614580252215996,1.0,1.0,1.0,0.9006075105089998
1028,618902d469b5516e,True,1.0,1.0,0.8239992777251735,1.0,1.0,1.0,0.9266663657188223
1029,b462af5600bf5f88,True,1.0,1.0,1.0,1.0,1.0,1.0,1.0
1030,c2ce362b9cf95fee,True,1.0,1.0,0.6860009323213373,1.0,1.0,1.0,0.8691670551338905
1031,e26d616b5c4b5642,True,1.0,1.0,1.0,1.0,1.0,1.0,1.0
1032,54e1cb577c0a5f7e,True,1.0,1.0,0.8813816542240103,1.0,1.0,1.0,0.9505756892600044
1033,6f525eba8afc547c,True,1.0,0.0,0.0,1.0,1.0,1.0,0.0
1034,8c9e3fd944c051e3,True,1.0,1.0,1.0,1.0,1.0,1.0,1.0
1035,302d9a7758625a37,True,1.0,1.0,1.0,1.0,1.0,1.0,1.0
1036,ceb9332b03d3577b,True,1.0,1.0,0.764459309495291,1.0,1.0,1.0,0.901858045623038
1037,a97ceb2edd0251f9,True,1.0,1.0,0.941631823496755,1.0,1.0,1.0,0.9756799264569812
1038,b1bcfdce40d5572e,True,1.0,1.0,0.7502852628836275,1.0,1.0,0.5,0.8959521928681782
1039,ea85208e83eb57b6,True,1.0,1.0,1.0,1.0,1.0,1.0,1.0
1040,8a3c6c3502035e11,True,1.0,0.0,0.0,1.0,1.0,0.0,0.0
1041,37430d1c47995fdd,True,1.0,1.0,0.8173547570099464,1.0,1.0,1.0,0.9238978154208111
1042,aa84169dd1f3538d,True,1.0,1.0,1.0,1.0,1.0,1.0,1.0
1043,73939fc4dcdf57c4,True,1.0,1.0,1.0,0.0,1.0,1.0,0.5833333333333334
1044,e26de26a56dd5d21,True,1.0,1.0,0.9049725912112643,1.0,1.0,1.0,0.9604052463380267
1045,aed7c50719f959a1,True,1.0,1.0,1.0,1.0,1.0,1.0,1.0
1046,bdb0f78978cd5307,True,1.0,1.0,0.8350171172594747,1.0,1.0,1.0,0.9312571321914479
1047,fb5265ab37085422,True,1.0,1.0,0.9762304153045308,1.0,1.0,1.0,0.9900960063768878
1048,bed7a2c445315bb7,True,1.0,0.0,0.0,1.0,1.0,1.0,0.0
1049,69dcc80901db5a29,True,1.0,1.0,1.0,1.0,1.0,1.0,1.0
1050,39fde97003dd540e,True,1.0,1.0,0.6328326673198658,1.0,1.0,1.0,0.8470136113832774
1051,30d60ce25f4d552e,True,1.0,1.0,0.8721820483411018,1.0,1.0,1.0,0.9467425201421258
1052,e11b470ae6285663,True,1.0,1.0,0.7589577718343912,1.0,1.0,1.0,0.8995657382643296
1053,c37a081992495a0e,True,1.0,0.0,0.0,1.0,1.0,1.0,0.0
1054,9a94341d994d5ec9,True,1.0,1.0,0.7192931493661321,1.0,1.0,1.0,0.8830388122358883
1055,f54559dd98e75d83,True,1.0,1.0,0.7767915116119485,1.0,1.0,1.0,0.9069964631716453
1056,89ae8d041c145f8f,True,1.0,1.0,1.0,1.0,1.0,1.0,1.0
1057,e54d6de2e70157b0,True,1.0,1.0,1.0,1.0,1.0,1.0,1.0
1058,b628faa4178d5eaf,True,1.0,1.0,0.6738761203944035,1.0,1.0,1.0,0.8641150501643349
1059,103c3ee1db23521d,True,1.0,1.0,0.8600226110277842,1.0,1.0,1.0,0.9416760879282434
1060,7752ef9225b65783,True,1.0,1.0,1.0,1.0,1.0,1.0,1.0
1061,a73f7d7149c45478,True,1.0,1.0,0.6038557828715088,1.0,1.0,1.0,0.8349399095297954
1062,c928d5d9ddc25082,True,1.0,1.0,0.9696028259452937,1.0,1.0,1.0,0.987334510810539
1063,94c3ef5a3168570a,True,1.0,1.0,0.9812614282464394,1.0,1.0,1.0,0.9921922617693498
1064,d9435ec2640f586f,True,1.0,0.0,0.0,1.0,1.0,1.0,0.0
1065,b425ed76adfb5351,True,1.0,1.0,0.8804239073478343,1.0,1.0,1.0,0.9501766280615976
1066,a5b6e054384c586c,True,1.0,1.0,0.5248367898940005,1.0,1.0,1.0,0.8020153291225002
1067,54ab49005da25b3e,True,1.0,1.0,0.5932594528628261,1.0,1.0,1.0,0.8305247720261776
1068,d94a8579682651b4,True,1.0,1.0,1.0,1.0,1.0,1.0,1.0
1069,67dbad26dd165f16,True,1.0,1.0,0.6701598960052024,1.0,1.0,1.0,0.862566623335501
1070,0d77009a20f25175,True,1.0,1.0,0.9857673789019167,1.0,1.0,0.5,0.9940697412091319
1071,c8aeadf284a05f44,True,1.0,1.0,0.7035235439793603,1.0,1.0,1.0,0.8764681433247334
1072,bdb0947d0c835022,True,1.0,1.0,1.0,1.0,1.0,1.0,1.0
1073,e36e9da57e1e5e32,True,1.0,1.0,0.5314629066545005,1.0,1.0,1.0,0.8047762111060418
1074,313a7a6feb1c5490,True,1.0,1.0,0.7518085857493284,1.0,1.0,1.0,0.8965869107288867
1075,342596d95a475bed,True,1.0,1.0,1.0,1.0,1.0,0.0,1.0
1076,c7b030a4025a5066,True,1.0,0.0,0.0,1.0,1.0,0.5,0.0
1077,0b232677746253a0,True,1.0,1.0,1.0,1.0,1.0,1.0,1.0
1078,b02be1e28abb59f1,True,1.0,1.0,0.6751527308858432,1.0,1.0,1.0,0.8646469712024346
1079,40c06c252a275c50,True,1.0,1.0,0.6735416871709224,1.0,1.0,1.0,0.8639757029878844
1080,abb5501b10e65b19,True,1.0,1.0,1.0,1.0,1.0,1.0,1.0
1081,b7e61e7b15265bb9,True,1.0,1.0,1.0,1.0,1.0,1.0,1.0
1082,3099475cc5365074,True,1.0,1.0,0.9855990182192976,1.0,1.0,1.0,0.9939995909247074
1083,f52211f2dec85537,True,1.0,1.0,0.9554150769759086,1.0,1.0,1.0,0.9814229487399618
1084,695d7450eb3958c1,True,1.0,1.0,0.8175138078243799,1.0,1.0,1.0,0.9239640865934916
1085,10779d3fd7815d2f,True,1.0,1.0,0.8077090809972454,1.0,1.0,1.0,0.9198787837488522
1086,1d3a143cf41f5d16,True,1.0,1.0,0.7695829456293541,1.0,1.0,1.0,0.9039928940122309
1087,dc952092ef6a5243,True,1.0,1.0,0.9002499940819113,1.0,1.0,1.0,0.9584374975341298
1088,cc934224447a5c86,True,1.0,1.0,0.808940955410831,1.0,1.0,1.0,0.9203920647545129
1089,b50cf2a689a55433,True,1.0,1.0,0.8564559447091844,1.0,1.0,1.0,0.9401899769621602
1090,2381f042c0855f20,True,1.0,1.0,0.9463582070261972,1.0,1.0,1.0,0.9776492529275821
1091,51e74fb3d9945768,True,1.0,1.0,0.7977712041630931,1.0,1.0,1.0,0.915738001734622
1092,c5b585ddf50d5f1f,True,1.0,1.0,1.0,1.0,1.0,1.0,1.0
1093,d3719519c1f95276,True,1.0,1.0,0.8361102881125596,1.0,1.0,1.0,0.9317126200468998
1094,1370cea130165b51,True,1.0,1.0,1.0,1.0,1.0,1.0,1.0
1095,0eb28cf3dad95c46,True,1.0,1.0,1.0,1.0,1.0,1.0,1.0
1096,ee82b0fc7b2a5208,True,1.0,1.0,0.7043113332936497,1.0,1.0,1.0,0.876796388872354
1097,ae05160436d45a62,True,1.0,0.0,0.0,1.0,1.0,1.0,0.0
1098,42b065f7e76d50ed,True,1.0,1.0,1.0,1.0,1.0,1.0,1.0
1099,29c5b3febc2f5704,True,1.0,1.0,0.8359596275719446,1.0,1.0,1.0,0.9316498448216436
1100,64a417561b53530f,True,1.0,1.0,1.0,1.0,1.0,1.0,1.0
1101,9104884bcb915c08,True,1.0,1.0,0.9093893668511007,1.0,1.0,1.0,0.962245569521292
1102,f94a9ce36b8e5516,True,1.0,1.0,1.0,1.0,1.0,1.0,1.0
1103,feb7748995f55bdd,True,1.0,1.0,1.0,1.0,1.0,1.0,1.0
1104,e0b92501aa5051b1,True,1.0,1.0,0.1156416138146725,1.0,1.0,1.0,0.6315173390894468
1105,19e90f2757b25f38,True,1.0,1.0,0.6463459092152368,1.0,1.0,1.0,0.8526441288396821
1106,e001c497823c5154,True,1.0,1.0,1.0,1.0,1.0,1.0,1.0
1107,4ccc9e33aa795ef1,True,1.0,1.0,1.0,1.0,1.0,1.0,1.0
1108,f3532c4c4ad95b27,True,1.0,1.0,0.9730192891391877,1.0,1.0,1.0,0.9887580371413281
1109,c9903c96ff4153fe,True,1.0,1.0,0.9158054768174905,1.0,1.0,1.0,0.9649189486739544
1110,806b014bc8c15160,True,1.0,1.0,1.0,1.0,1.0,1.0,1.0
1111,3dc04b54c3515f56,True,1.0,1.0,0.8523716680978073,1.0,1.0,1.0,0.938488195040753
1112,ab7d0c4a928e5ec9,True,1.0,0.0,0.0,1.0,1.0,1.0,0.0
1113,9d32436291335261,True,1.0,1.0,1.0,1.0,1.0,1.0,1.0
1114,92838ad73bf95b3a,True,1.0,1.0,0.7741105699488783,1.0,1.0,1.0,0.905879404145366
1115,6c08755130155f96,True,1.0,1.0,1.0,1.0,1.0,1.0,1.0
1116,c388df5240dd5f6c,True,1.0,1.0,0.8425700446492235,1.0,1.0,1.0,0.9344041852705098
1117,c12b3554dcd655c0,True,1.0,1.0,0.8973723014970267,1.0,1.0,1.0,0.9572384589570945
1118,0769a262b53b589e,True,1.0,1.0,0.9742576859471453,1.0,1.0,1.0,0.9892740358113107
1119,18c781197c445d64,True,1.0,1.0,1.0,1.0,1.0,1.0,1.0
1120,526a568a22795441,True,1.0,1.0,1.0,1.0,1.0,1.0,1.0
1121,ca85e7b7b71559b3,True,1.0,1.0,0.7632402238808716,1.0,1.0,1.0,0.9013500932836965
1122,a366d90f10ca5866,True,1.0,1.0,0.9656356894791054,1.0,1.0,1.0,0.9856815372829605
1123,bbc93f086726531e,True,1.0,1.0,0.9744952829545409,1.0,1.0,1.0,0.9893730345643922
1124,639b55d4b2b65d0a,True,1.0,1.0,0.7726318264503725,1.0,1.0,1.0,0.9052632610209885
1125,8de5173c05ee56f5,True,1.0,1.0,0.9005137175914869,1.0,1.0,1.0,0.9585473823297862
1126,2f8dd3404f375ed8,True,1.0,1.0,0.8627131049435821,1.0,1.0,1.0,0.9427971270598259
1127,6832568ebd835696,True,1.0,1.0,0.7517705158656852,1.0,1.0,1.0,0.8965710482773689
1128,fccef3d0f5cc5d8e,True,1.0,1.0,1.0,1.0,1.0,1.0,1.0
1129,1f90968aaeb55128,True,0.0,1.0,0.0,0.0,1.0,1.0,0.0
1130,c0e14f1288ca5066,True,1.0,1.0,0.971845485529175,0.0,1.0,1.0,0.5716022856371562
1131,4b347fca93c65596,True,1.0,1.0,0.6505784914780112,1.0,1.0,1.0,0.8544077047825046
1132,8179a26d74615228,True,1.0,1.0,0.8665729348572029,1.0,1.0,1.0,0.9444053895238346
1133,ef90f66b5d465ebf,True,1.0,1.0,1.0,1.0,1.0,1.0,1.0
1134,2fc619c5acbe54b8,True,1.0,1.0,0.8993326260809885,1.0,1.0,1.0,0.9580552608670786
1135,b814c5b773165d87,True,1.0,1.0,0.8089309060419686,1.0,1.0,1.0,0.920387877517487
1136,e29b049a9bf3509c,True,1.0,1.0,1.0,1.0,1.0,1.0,1.0
1137,13da814cde3a525b,True,1.0,1.0,0.9421677052712443,1.0,1.0,1.0,0.9759032105296851
1138,3461796610c15a0e,True,1.0,1.0,1.0,1.0,1.0,1.0,1.0
1139,22642c0ae9605891,True,1.0,1.0,0.9134919096600689,1.0,1.0,1.0,0.9639549623583621
1140,213494be2acb5c68,True,1.0,1.0,0.7875391467194833,1.0,1.0,1.0,0.9114746444664514
1141,e5e00457df055e1a,True,1.0,1.0,1.0,1.0,1.0,1.0,1.0
1142,30e29966db9156ee,True,1.0,1.0,0.7908101338014696,1.0,1.0,1.0,0.9128375557506123
1143,65fd7014a79b5cba,True,1.0,1.0,0.7552166147870821,1.0,1.0,1.0,0.8980069228279509
1144,33ecaddeb5735faf,True,1.0,1.0,0.8196327921689608,1.0,1.0,1.0,0.924846996737067
1145,ee8e4ad158ef5a8d,True,1.0,1.0,1.0,1.0,1.0,1.0,1.0
1146,647c05f9fa725528,True,1.0,1.0,0.5656508820150143,1.0,1.0,1.0,0.8190212008395893
1147,decc2e4c0f445afc,True,1.0,1.0,0.6811508327500209,1.0,1.0,1.0,0.8671461803125086
1148,b0b25b314843551d,True,1.0,1.0,1.0,1.0,1.0,1.0,1.0
1149,784c48e2a44c5036,True,1.0,1.0,0.841271887507729,1.0,1.0,0.0,0.9338632864615537
1150,2f9c4ea0c97450c6,True,1.0,1.0,1.0,1.0,1.0,1.0,1.0
1151,6d72d039fb9a551b,True,1.0,1.0,0.6340776980819267,1.0,1.0,1.0,0.8475323742008029
1152,df284ad97ad55a31,True,1.0,1.0,0.7379835569409092,1.0,1.0,1.0,0.8908264820587122
1153,4606b66d9fe75354,True,1.0,1.0,1.0,1.0,1.0,1.0,1.0
1154,5a7633ce22365440,True,1.0,1.0,0.7387973924446496,1.0,1.0,1.0,0.8911655801852706
1155,1b88b298d405518e,True,1.0,1.0,0.8809928391145421,1.0,1.0,1.0,0.9504136829643924
1156,f158576757e95c31,True,1.0,1.0,0.7820350295920488,1.0,1.0,1.0,0.9091812623300203
1157,24108688ab4856ab,True,1.0,1.0,0.6254039383996722,1.0,1.0,1.0,0.8439183076665301
1158,39147f08f4645365,True,1.0,1.0,0.9404500618771952,1.0,1.0,1.0,0.9751875257821646
1159,17329d8654895534,True,1.0,1.0,0.7380159433855068,1.0,1.0,1.0,0.890839976410628
1160,73e3a1a2ed275417,True,1.0,1.0,0.6191333008601418,1.0,1.0,1.0,0.8413055420250591
1161,cd9330daeec55224,True,1.0,1.0,0.5690611567529152,1.0,1.0,1.0,0.820442148647048
1162,5e4f0ddf24da5f97,True,1.0,1.0,0.8196913196768923,1.0,1.0,1.0,0.9248713831987052
1163,75f9d978b4d757a2,True,1.0,1.0,0.7834863984247744,1.0,1.0,1.0,0.909785999343656
1164,70e6b8db27e55b53,True,1.0,1.0,1.0,1.0,1.0,0.5,1.0
1165,8d7e4421c3e45c99,True,1.0,1.0,0.7802750242281009,1.0,1.0,1.0,0.9084479267617086
1166,fb351801ac245053,True,1.0,1.0,1.0,1.0,1.0,1.0,1.0
1167,778219f3cac65d35,True,1.0,1.0,0.5547683198842699,1.0,1.0,1.0,0.8144867999517791
1168,5fde0c8c8f4b5ecb,True,1.0,1.0,0.7107030408727416,1.0,1.0,1.0,0.8794596003636425
1169,40688677dc5e5d16,True,1.0,0.0,0.0,1.0,1.0,1.0,0.0
1170,0c6772102cc550ef,True,1.0,1.0,1.0,1.0,1.0,1.0,1.0
1171,d618ac9cc53c573c,True,1.0,0.0,0.0,1.0,1.0,1.0,0.0
1172,19a52017c000548c,True,1.0,1.0,0.9238925715325981,0.0,1.0,0.0,0.5516219048052492
1173,6ff86f7f95cb502a,True,1.0,1.0,1.0,0.0,1.0,1.0,0.5833333333333334
1174,8704f4971e305ed3,True,1.0,1.0,1.0,1.0,1.0,1.0,1.0
1175,fd9dc4abc0d357a1,True,1.0,1.0,0.7645854791863385,1.0,1.0,1.0,0.901910616327641
1176,979fc47b4f245a9c,True,1.0,1.0,1.0,1.0,1.0,1.0,1.0
1177,2e5e4be9579d568d,True,1.0,1.0,0.9005282170383013,1.0,1.0,1.0,0.9585534237659589
1178,154d0d1b363f5501,True,1.0,1.0,1.0,1.0,1.0,1.0,1.0
1179,bda5925fd37a5818,True,1.0,1.0,1.0,1.0,1.0,1.0,1.0
1180,95bd905e3f685a28,True,1.0,1.0,0.7768515927111375,1.0,1.0,1.0,0.9070214969629738
1181,36b4b6d6e4745071,True,1.0,1.0,0.886158814366588,1.0,1.0,1.0,0.952566172652745
1182,0774f845fe6b5de3,True,1.0,1.0,1.0,1.0,1.0,1.0,1.0
1183,d3d7a91aff375fc5,True,1.0,1.0,0.7680074922114177,1.0,1.0,1.0,0.9033364550880907
1184,08a135d9245b50c2,True,1.0,1.0,0.9152953427496602,1.0,1.0,1.0,0.9647063928123584
1185,6eac1c0e2bbd57bb,True,1.0,1.0,1.0,1.0,1.0,0.5,1.0
1186,5487bbfde69354cb,True,1.0,1.0,0.8635216352179402,1.0,1.0,1.0,0.9431340146741417
1187,b51815625ee05f75,True,1.0,1.0,1.0,1.0,1.0,1.0,1.0
1188,26c48df074d151c6,True,1.0,1.0,0.6926097828037883,1.0,1.0,1.0,0.8719207428349117
1189,72808a9b1e7f5f15,True,1.0,1.0,1.0,1.0,1.0,1.0,1.0
1190,1b01f89fe48355b6,True,1.0,1.0,0.6840454624950425,1.0,1.0,1.0,0.8683522760396011
1191,66a0abcb3eac57df,True,1.0,1.0,0.6326425668325145,1.0,1.0,1.0,0.8469344028468809
1192,e2fe44045eac5b89,True,1.0,1.0,0.8778373841188366,1.0,1.0,1.0,0.9490989100495152
1193,58b0a1db2a145780,True,1.0,0.0,0.0,1.0,1.0,1.0,0.0
1194,b5e7acb62778580b,True,1.0,1.0,0.9612870746444466,1.0,1.0,1.0,0.9838696144351861
1195,6012210b020c53a9,True,1.0,1.0,0.8443819344444462,1.0,1.0,0.5,0.9351591393518527
1196,7d5f417c01fb5a87,True,1.0,1.0,0.5265922576037636,1.0,1.0,1.0,0.8027467740015681
1197,71bacc65bda2569c,True,1.0,1.0,0.8423364908468184,1.0,1.0,1.0,0.9343068711861743
1198,5abef8058afa529f,True,0.0,1.0,0.0,1.0,1.0,1.0,0.0
1199,00b838c358175255,True,1.0,1.0,0.8394717908030237,1.0,1.0,1.0,0.9331132461679266
1200,b04064e074f55bb0,True,1.0,1.0,0.681427150408772,1.0,1.0,1.0,0.8672613126703217
1201,cd0b91f235e25b76,True,1.0,0.0,0.0,1.0,1.0,1.0,0.0
1202,ff4125f507e35f9b,True,1.0,1.0,0.7747865885050023,1.0,1.0,1.0,0.9061610785437509
1203,7f2edc964c6d5323,True,1.0,1.0,0.5239222176247826,1.0,1.0,1.0,0.8016342573436596
1204,1b3ae7a2d38d5c6c,True,1.0,1.0,0.7900053202636107,1.0,1.0,1.0,0.9125022167765046
1205,80b61a3a73f55af9,True,1.0,1.0,1.0,1.0,1.0,1.0,1.0
1206,c98ef0c5c89c51d6,True,1.0,0.0,0.0,1.0,1.0,1.0,0.0
1207,2ec48f094e475d85,True,1.0,1.0,1.0,1.0,1.0,1.0,1.0
1208,ea9f070b56115301,True,1.0,1.0,0.9525325249197751,1.0,1.0,1.0,0.9802218853832395
1209,564b7ca4f210501e,True,1.0,1.0,0.7924155023039985,1.0,1.0,1.0,0.9135064592933327
1210,260c9a75f6e05785,True,1.0,1.0,1.0,1.0,1.0,1.0,1.0
1211,c51ec68aa4fe5f05,True,1.0,1.0,1.0,1.0,1.0,1.0,1.0
1212,1719439969a55cc6,True,1.0,1.0,0.9450635402139766,1.0,1.0,1.0,0.9771098084224903
1213,92106b8512315c03,True,1.0,1.0,1.0,1.0,1.0,1.0,1.0
1214,1cffb22700735548,True,1.0,1.0,1.0,1.0,1.0,1.0,1.0
1215,0972cf3a4c5d5a39,True,1.0,1.0,0.7775751903478577,1.0,1.0,1.0,0.9073229959782741
1216,4bc96604c1c85606,True,1.0,1.0,1.0,1.0,1.0,0.5,1.0
1217,4cc1186b46d85ec4,True,1.0,1.0,0.8986154373804869,1.0,1.0,1.0,0.9577564322418696
1218,f7c57baf089e561b,True,1.0,0.0,0.0,1.0,1.0,1.0,0.0
1219,faa12c2adc7c521f,True,1.0,0.0,0.0,1.0,1.0,0.5,0.0
1220,c772799eaf1f5ad1,True,1.0,1.0,0.7323793847187542,1.0,1.0,1.0,0.8884914102994809
1221,a90317c305c3505a,True,1.0,1.0,0.8543452862175631,1.0,1.0,1.0,0.9393105359239846
1222,abd6e8c330ea5694,True,1.0,1.0,0.8104523106821226,1.0,1.0,1.0,0.9210217961175511
1223,607b63930d2855da,True,1.0,0.0,0.0,0.0,1.0,0.0,0.0
1224,955af39177fe5ba1,True,1.0,1.0,0.8284884803518202,1.0,1.0,1.0,0.9285368668132584
1225,13848a5be84f5a4a,True,1.0,1.0,0.839167598859388,1.0,1.0,1.0,0.9329864995247451
1226,6b68c09f87b85dc8,True,1.0,1.0,0.9592330682967233,1.0,1.0,1.0,0.983013778456968
1227,9d69a0f2f73f5035,True,1.0,1.0,1.0,0.0,1.0,1.0,0.5833333333333334
1228,6326d00e52115da4,True,1.0,1.0,1.0,1.0,1.0,1.0,1.0
1229,62735179d4f258ea,True,1.0,1.0,0.7792953105742565,1.0,1.0,1.0,0.9080397127392735
1230,64b99da814205341,True,1.0,1.0,0.842137876123173,1.0,1.0,1.0,0.9342241150513221
1231,0715626fc800527e,True,1.0,1.0,1.0,1.0,1.0,1.0,1.0
1232,722ed88251d25420,True,1.0,1.0,0.810235690179433,1.0,1.0,1.0,0.9209315375747638
1233,7021139b47cf5370,True,1.0,1.0,0.8811711739217646,1.0,1.0,1.0,0.9504879891340686
1234,4efe0ad78b655ecd,True,1.0,1.0,0.5047208603022388,1.0,1.0,1.0,0.7936336917925996
1235,9a524d13e6795a95,True,1.0,1.0,0.9096518695505353,1.0,1.0,1.0,0.9623549456460564
1236,b7453f77be5b53df,True,1.0,1.0,0.775929202324651,1.0,1.0,1.0,0.9066371676352712
1237,1ea920764abe5dcb,True,1.0,1.0,0.8858989598768081,1.0,1.0,1.0,0.9524578999486701
1238,ecb0765ba5c05fa3,True,1.0,1.0,1.0,0.0,1.0,1.0,0.5833333333333334
1239,7eb19d771c975618,True,1.0,1.0,0.5880962322921713,1.0,1.0,1.0,0.8283734301217381
1240,2b006c0fae365892,True,0.0,1.0,0.0,0.0,1.0,1.0,0.0
1241,f7d40806c7045d54,True,0.0,1.0,0.0,0.0,1.0,1.0,0.0
1242,f9bd532e790f53ea,True,1.0,1.0,0.6883161836169256,1.0,1.0,1.0,0.8701317431737191
1243,862e27b57f9d50ac,True,1.0,1.0,0.9035897171695477,1.0,1.0,1.0,0.9598290488206449
1244,6916caadd44a5806,True,1.0,1.0,0.8142548336961607,0.0,1.0,1.0,0.505939514040067
1245,d3d9e16508ae5756,True,1.0,0.0,0.0,1.0,1.0,1.0,0.0
1246,6fbdacdf660253b6,True,1.0,1.0,0.8512602733024455,1.0,1.0,1.0,0.938025113876019
1247,04676f5bccee5447,True,1.0,1.0,0.8001088115144483,1.0,1.0,1.0,0.9167120047976868
1248,4da3c27db2495e9e,True,1.0,1.0,0.6371817359000865,1.0,1.0,1.0,0.8488257232917027
1249,290a914d4ef15443,True,1.0,1.0,0.8251826835688946,1.0,1.0,1.0,0.9271594514870394
1250,94683fc69ce4599c,True,1.0,1.0,0.5755697603973154,1.0,1.0,1.0,0.8231540668322147
1251,f727c5fa1e735d2d,True,1.0,1.0,0.9840517353053386,1.0,1.0,1.0,0.9933548897105577
1252,15cd405711fa54f8,True,1.0,1.0,0.989995604080904,1.0,1.0,1.0,0.9958315017003767
1253,64ee149f402a5601,True,1.0,1.0,1.0,1.0,1.0,1.0,1.0
1254,570a5855539b5c7e,True,1.0,1.0,0.8502660020172798,1.0,1.0,1.0,0.9376108341738666
1255,c40e41ba1a285e0d,True,1.0,1.0,1.0,1.0,1.0,1.0,1.0
1256,1d612d6783845a87,True,1.0,1.0,0.8687173304226818,1.0,1.0,1.0,0.9452988876761174
1257,1e01550fc9d656d8,True,1.0,1.0,0.8763341259041276,1.0,1.0,1.0,0.9484725524600531
1258,31ac916bb888562a,True,1.0,0.0,0.0,1.0,1.0,1.0,0.0
1259,d5116f0d75b4549d,True,1.0,1.0,1.0,1.0,1.0,1.0,1.0
1260,2d55129330045d3f,True,1.0,1.0,1.0,1.0,1.0,1.0,1.0
1261,7edc6539f71a5a79,True,1.0,1.0,0.9605359101459805,1.0,1.0,1.0,0.9835566292274919
1262,cd89b212efe9585a,True,1.0,1.0,1.0,1.0,1.0,1.0,1.0
1263,f07e680e53135311,True,1.0,1.0,1.0,1.0,1.0,1.0,1.0
1264,02d9591fc6de53c8,True,1.0,1.0,0.8599849634323256,1.0,1.0,1.0,0.9416604014301356
1265,67d74f48ba2a548e,True,1.0,1.0,0.949229634672026,1.0,1.0,1.0,0.9788456811133441
1266,71dedbc865b25faf,True,1.0,1.0,0.7986586965619897,1.0,1.0,1.0,0.9161077902341624
1267,d58fe7e3c5575f27,True,1.0,1.0,1.0,1.0,1.0,1.0,1.0
1268,967b41c4778d5aac,True,1.0,1.0,0.8779857855026925,1.0,1.0,1.0,0.9491607439594553
1269,1abf52a927025259,True,1.0,0.0,0.0,1.0,1.0,1.0,0.0
1270,d6fc32608ecc581c,True,1.0,0.0,0.0,1.0,1.0,1.0,0.0
1271,9940f912e66a5918,True,1.0,1.0,1.0,1.0,1.0,1.0,1.0
1272,2070f12707d95924,True,1.0,1.0,0.7402954451984728,1.0,1.0,1.0,0.8917897688326969
1273,8164612a623156ae,True,1.0,1.0,1.0,1.0,1.0,1.0,1.0
1274,975e6554112f5a46,True,1.0,1.0,1.0,1.0,0.0,1.0,0.8333333333333334
1275,ad8e3279524854c3,True,1.0,1.0,0.8352978751164365,1.0,1.0,1.0,0.9313741146318485
1276,e18ca78f3c5f5a04,True,1.0,1.0,1.0,1.0,1.0,1.0,1.0
1277,69a4cff1f35655ff,True,1.0,1.0,0.44796205825777385,1.0,1.0,1.0,0.7699841909407391
1278,4d2d174465585abf,True,1.0,1.0,1.0,1.0,1.0,1.0,1.0
1279,24e453c47f635ae2,True,1.0,1.0,0.7417333916472373,1.0,1.0,1.0,0.8923889131863488
1280,ad34e2d0d3865530,True,1.0,1.0,0.6922611831816784,1.0,1.0,1.0,0.871775492992366
1281,15b25b99cf2d5965,True,1.0,1.0,1.0,1.0,1.0,1.0,1.0
1282,2ca33fd04f805478,True,1.0,1.0,1.0,1.0,1.0,1.0,1.0
1283,5b78dd344203528e,True,1.0,1.0,0.6740173388583853,1.0,1.0,1.0,0.864173891190994
1284,c4b1d4fabd315035,True,1.0,1.0,1.0,1.0,1.0,1.0,1.0
1285,371d154a89425165,True,1.0,1.0,1.0,1.0,1.0,1.0,1.0
1286,9170b75b8a3f527f,True,1.0,0.0,0.0,1.0,1.0,1.0,0.0
1287,a7705685069f5979,True,1.0,1.0,0.9344951771071963,1.0,1.0,1.0,0.972706323794665
1288,949a5f17807b5aac,True,0.0,1.0,0.0,0.0,1.0,1.0,0.0
1289,77072386dfbb5af8,True,1.0,1.0,0.8593137172022343,0.0,1.0,0.0,0.5247140488342642
1290,0ae7ba2fd0f95d17,True,1.0,1.0,0.8106629889012393,1.0,1.0,1.0,0.9211095787088497
1291,9d7030a6966b54cd,True,1.0,1.0,1.0,1.0,1.0,1.0,1.0
1292,874ce413a47e5c30,True,1.0,1.0,0.8935639251251064,1.0,1.0,1.0,0.9556516354687944
1293,54511f27d12e5a58,True,1.0,1.0,0.6912191881112374,1.0,1.0,0.0,0.8713413283796823
1294,c06d7badaabb5a9f,True,1.0,1.0,0.9540666394961249,1.0,1.0,1.0,0.9808610997900521
1295,45c4158a235e514a,True,1.0,1.0,1.0,1.0,1.0,1.0,1.0
1296,ab51ce190cca5673,True,1.0,1.0,0.776509676566753,1.0,1.0,1.0,0.9068790319028137
1297,a259460cd13f55c2,True,1.0,1.0,0.9126699043407888,1.0,1.0,1.0,0.9636124601419954
1298,a82f1c8ad27d53cc,True,1.0,1.0,0.86364330466498,1.0,1.0,1.0,0.943184710277075
1299,ce9ee9a68a4c5e93,True,1.0,1.0,1.0,1.0,1.0,1.0,1.0
1300,2c21ad85949653a6,True,1.0,1.0,1.0,1.0,1.0,1.0,1.0
1301,87a7a9f8aa325467,True,1.0,1.0,1.0,1.0,1.0,1.0,1.0
1302,15bfed200b0d570e,True,1.0,1.0,0.7585953600320713,1.0,1.0,1.0,0.8994147333466964
1303,994db6ebee835fbd,True,1.0,1.0,0.9657364825705798,1.0,1.0,1.0,0.9857235344044083
1304,36650ce9087150de,True,1.0,1.0,0.6946825360329786,1.0,1.0,1.0,0.8727843900137411
1305,680f4753a59c5a24,True,1.0,1.0,1.0,0.0,1.0,1.0,0.5833333333333334
1306,255be1c4910b506e,True,1.0,1.0,0.8843423353368298,1.0,1.0,1.0,0.9518093063903458
1307,d3484ba53e775a66,True,1.0,1.0,1.0,1.0,1.0,0.5,1.0
1308,44324a7aa04f5501,True,1.0,1.0,0.9295811133954365,1.0,1.0,1.0,0.9706587972480986
1309,3a76a6ab17535552,True,1.0,1.0,0.9151845780187964,1.0,1.0,1.0,0.9646602408411651
1310,358d973661955d68,True,1.0,1.0,1.0,1.0,1.0,1.0,1.0
1311,ea3b45489faf5c70,True,1.0,1.0,0.6448531751400169,1.0,1.0,1.0,0.8520221563083403
1312,944eece37ff15fa1,True,1.0,1.0,0.8604212680152761,1.0,1.0,1.0,0.9418421950063651
1313,52cad7d83eb65e75,True,1.0,1.0,0.7814052684484344,1.0,1.0,1.0,0.9089188618535143
1314,1c3c37eeacd15c92,True,1.0,1.0,0.8244743391199917,1.0,1.0,1.0,0.9268643079666633
1315,614d5297c1a05a46,True,1.0,1.0,1.0,0.0,1.0,1.0,0.5833333333333334
1316,0af3e039185d57f3,True,1.0,1.0,1.0,1.0,1.0,1.0,1.0
1317,54bf100910bc5b10,True,1.0,1.0,0.9689504786071762,1.0,1.0,1.0,0.9870626994196567
1318,14b25ce243865457,True,1.0,1.0,0.9326756877524695,1.0,1.0,1.0,0.9719482032301956
1319,3f664a7d5f5e5bba,True,1.0,1.0,1.0,1.0,1.0,1.0,1.0
1320,b5bdef8a05605164,True,1.0,1.0,0.9639368652945236,1.0,1.0,1.0,0.9849736938727182
1321,e905f33735985cfe,True,1.0,1.0,1.0,1.0,1.0,1.0,1.0
1322,0d74b112df715917,True,0.5,0.0,0.0,0.0,1.0,0.0,0.0
1323,d5b37b79dde85eb1,True,1.0,1.0,0.7178699454970063,1.0,1.0,1.0,0.8824458106237527
1324,79596c3c8ac45e5e,True,1.0,1.0,1.0,1.0,1.0,1.0,1.0
1325,51ab6f367130574d,True,1.0,1.0,0.8058813387576303,1.0,1.0,1.0,0.919117224482346
1326,c72c3c003bc95aab,True,1.0,0.0,0.0,0.0,1.0,1.0,0.0
1327,0a954cc695e751ab,True,1.0,1.0,0.7753047265252242,1.0,1.0,1.0,0.90637696938551
1328,cdf234c4f4c35156,True,1.0,1.0,0.8319486140860616,1.0,1.0,1.0,0.9299785892025256
1329,35dbc03efb3c5f00,True,1.0,1.0,1.0,1.0,1.0,1.0,1.0
1330,9f309ebf66645913,True,1.0,1.0,0.8993841316272155,1.0,1.0,1.0,0.9580767215113397
1331,a3f82403e6945aa7,True,1.0,1.0,0.9408858567914613,1.0,1.0,0.5,0.9753691069964422
1332,3c46be05cd7a5cdf,True,1.0,1.0,0.7110106485070321,1.0,1.0,1.0,0.8795877702112634
1333,61d847c3a95f5032,True,1.0,1.0,0.862057866144228,1.0,1.0,1.0,0.9425241108934284
1334,76d3db995c9e5946,True,1.0,1.0,0.8361696223590459,1.0,1.0,1.0,0.9317373426496024
1335,4b22a759c31a52c5,True,1.0,1.0,0.8732589396081643,1.0,1.0,1.0,0.9471912248367351
1336,11bf2d4580ab5bc2,True,1.0,1.0,0.7842678202605342,1.0,1.0,1.0,0.9101115917752226
1337,97fcdcd35af7563b,True,1.0,1.0,1.0,1.0,1.0,1.0,1.0
1338,abe1ac610c3d5b82,True,1.0,1.0,0.8981243687087471,1.0,1.0,1.0,0.9575518202953113
1339,bd5e1c226cca5d3e,True,1.0,1.0,0.8482102343605966,1.0,1.0,1.0,0.9367542643169152
1340,0bc64fd1b3ff5d1a,True,1.0,1.0,1.0,1.0,1.0,1.0,1.0
1341,88538f4b41cc5d4a,True,1.0,1.0,1.0,0.0,1.0,1.0,0.5833333333333334
1342,134cbee5a9635cd7,True,0.0,1.0,0.0,0.0,1.0,1.0,0.0
1343,313756e5fc655c0e,True,1.0,1.0,1.0,1.0,1.0,1.0,1.0
1344,f606d0e6eda7549a,True,1.0,1.0,0.9403771921205711,1.0,1.0,1.0,0.9751571633835713
1345,e36edd3aedf05e30,True,1.0,1.0,0.7301057270186944,1.0,1.0,1.0,0.887544052924456
1346,9baf3c1d42b25070,True,1.0,1.0,1.0,1.0,1.0,1.0,1.0
1347,fcbe2ed045225b79,True,1.0,1.0,0.8615875122687041,1.0,1.0,0.5,0.9423281301119601
1348,d7f6204c325d53fe,True,1.0,1.0,1.0,0.0,1.0,1.0,0.5833333333333334
1349,dd54db98a83b5714,True,1.0,1.0,0.7047338029256568,1.0,1.0,1.0,0.8769724178856904
1350,12f96c65436e56bf,True,1.0,1.0,0.8983351798028474,1.0,1.0,1.0,0.9576396582511864
1351,b2e0a5dfbb575ce1,True,1.0,1.0,0.5084441264936281,1.0,1.0,0.5,0.7951850527056784
1352,814a2807af5f51f7,True,1.0,1.0,1.0,1.0,1.0,1.0,1.0
1353,3d0c780c0aba552e,True,1.0,1.0,1.0,1.0,1.0,1.0,1.0
1354,72a43a590e3758f8,True,1.0,1.0,0.6606375350710277,1.0,1.0,1.0,0.8585989729462615
1355,0bee5ed0a0a957fd,True,1.0,1.0,0.8250446415629069,1.0,1.0,1.0,0.9271019339845447
1356,094551eaba7351f5,True,1.0,1.0,0.9280099079944985,1.0,1.0,1.0,0.9700041283310409
1357,93bdcee4c814567c,True,1.0,1.0,0.7590730678539264,1.0,1.0,1.0,0.8996137782724692
1358,a03c5e53159f54c3,True,1.0,1.0,1.0,1.0,1.0,1.0,1.0
1359,34bdecafedff5fdf,True,1.0,1.0,0.8915314711271421,1.0,1.0,1.0,0.9548047796363092
1360,8fe72476d10c552a,True,1.0,1.0,0.8611159602527059,1.0,1.0,1.0,0.9421316501052942
1361,ba2973ad6189568b,True,1.0,1.0,0.8058517238245785,1.0,1.0,1.0,0.9191048849269077
1362,313a7548b23b5b8f,True,1.0,1.0,0.8296870760913021,1.0,1.0,1.0,0.9290362817047093
1363,6347553d03555ffa,True,1.0,1.0,1.0,1.0,1.0,1.0,1.0
1364,69f50b1f6c4d5f4b,True,1.0,1.0,1.0,1.0,1.0,1.0,1.0
1365,c30e5bb7e0595851,True,1.0,1.0,0.823951808160148,1.0,1.0,1.0,0.9266465867333951
1366,037b976caae85af5,True,1.0,1.0,0.674986001200049,1.0,1.0,1.0,0.8645775005000204
1367,ab0c43fd9f2c5481,True,1.0,1.0,1.0,1.0,1.0,1.0,1.0
1368,f1def9ef86125c39,True,1.0,1.0,1.0,1.0,1.0,1.0,1.0
1369,7ffee2481b68517c,True,1.0,1.0,0.9988269349604078,1.0,1.0,0.5,0.9995112229001699
1370,d796c1764d575153,True,0.0,1.0,0.0,0.0,1.0,1.0,0.0
1371,f47f7733a11d51a1,True,1.0,1.0,1.0,1.0,1.0,1.0,1.0
1372,3e44ba1b6a675c54,True,1.0,1.0,0.711916120349036,1.0,1.0,1.0,0.8799650501454317
1373,6b977574e52a5f1b,True,1.0,1.0,1.0,1.0,1.0,1.0,1.0
1374,3c7319cc63ab58c9,True,1.0,1.0,1.0,0.0,1.0,1.0,0.5833333333333334
1375,b47df4a21c515394,True,1.0,1.0,0.6812166225449096,1.0,1.0,1.0,0.8671735927270458
1376,f3f9f7a6f8f15f49,True,1.0,1.0,1.0,1.0,1.0,1.0,1.0
1377,4827434c5d3659cd,True,1.0,1.0,1.0,1.0,1.0,1.0,1.0
1378,3f19f97d980754f7,True,1.0,1.0,0.8889900541169033,1.0,1.0,1.0,0.9537458558820431
1379,c32ae6a1954651ec,True,1.0,1.0,0.8912315166239104,1.0,1.0,1.0,0.954679798593296
1380,0a0d98c22d765e1e,True,1.0,1.0,0.5950762238349656,1.0,1.0,1.0,0.8312817599312355
1381,a4ed82240b64533a,True,1.0,1.0,0.8186382101675295,1.0,1.0,1.0,0.9244325875698038
1382,31aa58748e2c5495,True,1.0,1.0,1.0,1.0,1.0,1.0,1.0
1383,48e14ad3c65c5156,True,1.0,1.0,0.8815313395658307,1.0,1.0,1.0,0.9506380581524295
1384,f3a61425920f57a7,True,1.0,1.0,1.0,0.0,1.0,1.0,0.5833333333333334
1385,70e50d9b18305fa4,True,1.0,1.0,0.7036657333380835,1.0,1.0,1.0,0.8765273888908681
1386,bdb32e2af06e5bc9,True,1.0,1.0,0.9256590446392127,1.0,1.0,1.0,0.9690246019330052
1387,0e81b2ebbb30575e,True,1.0,1.0,0.6820056525058403,1.0,1.0,1.0,0.8675023552107669
1388,0616f9723c60524d,True,1.0,1.0,0.8550141142231495,1.0,1.0,1.0,0.9395892142596457
1389,7e9101f6d01a53e0,True,1.0,1.0,0.3813131237651089,1.0,1.0,1.0,0.7422138015687954
1390,95fa228136aa55d1,True,1.0,1.0,0.8265189332458873,1.0,1.0,1.0,0.9277162221857864
1391,e009079e2dc25bbf,True,1.0,1.0,0.9141678234666268,1.0,1.0,1.0,0.9642365931110946
1392,44230a68f8305c14,True,1.0,1.0,0.9239245199729302,1.0,1.0,1.0,0.9683018833220544
1393,48762908e4705b55,True,1.0,1.0,0.8171719275998924,1.0,1.0,1.0,0.9238216364999552
1394,c1ea7d700faa5fee,True,1.0,1.0,1.0,1.0,1.0,1.0,1.0
1395,3be53588a286557f,True,1.0,1.0,0.8847343078412022,1.0,1.0,1.0,0.9519726282671677
1396,70d79606f745562e,True,1.0,1.0,1.0,1.0,1.0,1.0,1.0
1397,eabdad9a669b5739,True,1.0,1.0,1.0,1.0,1.0,1.0,1.0
1398,bd4dac2ccde55c08,True,1.0,1.0,0.7972750229292443,1.0,1.0,1.0,0.9155312595538518
1399,834cf95826ec5c73,True,1.0,1.0,0.7753980124816985,1.0,1.0,1.0,0.906415838534041
1400,09a81436114951ab,True,1.0,1.0,0.8902930564845225,1.0,1.0,1.0,0.9542887735352177
1401,0372bb63e704555a,True,1.0,1.0,0.8805335607620921,1.0,1.0,0.5,0.9502223169842051
1402,fa545b09688957b8,True,1.0,1.0,0.9933118163857051,1.0,1.0,1.0,0.9972132568273772
1403,c52f491ebd5b521a,True,1.0,1.0,0.7889635680145809,1.0,1.0,1.0,0.9120681533394087
1404,3346340e1c275766,True,1.0,0.0,0.0,1.0,1.0,0.5,0.0
1405,8cd3d83dd4825865,True,1.0,1.0,0.8872649698087951,1.0,1.0,1.0,0.9530270707536647
1406,4a0ba18cefc05c63,True,1.0,1.0,1.0,1.0,1.0,1.0,1.0
1407,980db9371e6b52de,True,1.0,1.0,0.9785247590229283,1.0,1.0,1.0,0.9910519829262201
1408,a6c24c9ca7335016,True,1.0,1.0,1.0,1.0,1.0,1.0,1.0
1409,ef7089ecfb0c5028,True,0.5,0.0,0.0,0.0,1.0,1.0,0.0
1410,06279fdb46815c6c,True,1.0,1.0,1.0,1.0,1.0,0.5,1.0
1411,d719f6e5de715f5a,True,0.0,1.0,0.0,0.0,1.0,1.0,0.0
1412,4a62cc0027965e10,True,1.0,1.0,0.9546661172402113,1.0,1.0,1.0,0.9811108821834215
1413,e3ce6f2ef9765b9a,True,1.0,1.0,0.961873733346848,1.0,1.0,1.0,0.9841140555611867
1414,8d7c5f26b9775cce,True,1.0,1.0,0.5776628174367424,1.0,1.0,0.5,0.824026173931976
1415,08b1894421c455ed,True,1.0,1.0,1.0,1.0,1.0,1.0,1.0
1416,026e7b1e0e335625,True,1.0,1.0,1.0,1.0,1.0,1.0,1.0
1417,3bf245d895b25ec0,True,1.0,1.0,0.9995874078434427,1.0,1.0,1.0,0.9998280866014344
1418,b27bfe84cc545daa,True,1.0,1.0,0.9867170452609105,1.0,1.0,1.0,0.9944654355253794
1419,7444ae8aea51554e,True,1.0,0.0,0.0,0.0,1.0,1.0,0.0
1420,a5ed322a79205030,True,1.0,1.0,1.0,1.0,1.0,1.0,1.0
1421,396c599d06e65f68,True,0.0,0.0,0.0,0.0,1.0,1.0,0.0
1422,6469176632cf52a0,True,1.0,1.0,0.9475948769884093,1.0,1.0,1.0,0.9781645320785038
1423,00185dab0ba153b9,True,1.0,1.0,0.8719949532829966,1.0,1.0,1.0,0.9466645638679152
1424,1f5144778210505c,True,1.0,1.0,1.0,1.0,1.0,1.0,1.0
1425,26ba80ad72205a03,True,1.0,1.0,0.9818915402627637,1.0,1.0,1.0,0.9924548084428183
1426,465d879f0b205c8f,True,1.0,1.0,1.0,1.0,1.0,1.0,1.0
1427,d2f121776fd05b4b,True,1.0,1.0,0.1037309492244272,1.0,1.0,1.0,0.6265545621768447
1428,480325e1f5085385,True,1.0,1.0,1.0,1.0,1.0,1.0,1.0
1429,d81c4398a40b52b9,True,1.0,1.0,0.9712819141794454,1.0,1.0,1.0,0.9880341309081023
1430,3984225e4458525b,True,1.0,1.0,0.7873790257429465,1.0,1.0,1.0,0.9114079273928944
1431,1c62222c7c0b522f,True,1.0,1.0,1.0,1.0,1.0,1.0,1.0
1432,d395fa715d3e58c7,True,1.0,1.0,1.0,1.0,1.0,1.0,1.0
1433,f1d33f8016b153ef,True,1.0,1.0,1.0,1.0,1.0,1.0,1.0
1434,a96abad3a09753c5,True,1.0,1.0,0.020947381490827626,1.0,1.0,1.0,0.5920614089545115
1435,617ceb438e0d5324,True,1.0,1.0,1.0,1.0,1.0,1.0,1.0
1436,0038810163a05e09,True,1.0,1.0,1.0,1.0,1.0,1.0,1.0
1437,b4d8ee8da1c153f9,True,1.0,1.0,1.0,0.0,1.0,1.0,0.5833333333333334
1438,24a09c3c8a985e8e,True,1.0,1.0,1.0,0.0,1.0,1.0,0.5833333333333334
1439,8fb6a2364e0c53f9,True,1.0,1.0,0.9594641430783185,1.0,1.0,1.0,0.983110059615966
1440,d1d1cb2c2a5b5a29,True,1.0,1.0,0.8065109097758457,1.0,1.0,1.0,0.9193795457399357
1441,f205efb84def5cc8,True,1.0,1.0,0.8133184430802416,1.0,1.0,1.0,0.9222160179501007
1442,6a66294fe97f54db,True,1.0,0.0,0.0,1.0,1.0,1.0,0.0
1443,288ea364ec115f46,True,1.0,1.0,1.0,1.0,1.0,1.0,1.0
1444,7e7480ffa3aa55a4,True,1.0,1.0,0.8655724992171993,0.0,1.0,1.0,0.527321874673833
1445,708d081d555a5aa7,True,1.0,1.0,0.5811323790255073,1.0,1.0,1.0,0.8254718245939614
1446,b5271c19eef859ed,True,0.0,1.0,0.0,0.0,1.0,1.0,0.0
1447,be6f90f06bc35be3,True,1.0,1.0,0.6363357086677919,1.0,1.0,1.0,0.8484732119449133
1448,a2cbf7c347a45c6e,True,1.0,1.0,1.0,1.0,1.0,1.0,1.0
1449,f1b8c54a906f525e,True,1.0,1.0,1.0,1.0,1.0,1.0,1.0
1450,7287189737c85540,True,1.0,0.0,0.0,0.0,1.0,1.0,0.0
1451,81935f2cb7d45945,True,1.0,1.0,0.9366817320604246,1.0,1.0,1.0,0.9736173883585103
1452,cd0fd62195e552da,True,1.0,1.0,0.7654640094063695,1.0,1.0,1.0,0.9022766705859873
1453,2cd1545c4c835ead,True,1.0,1.0,0.7567995600576851,1.0,1.0,1.0,0.8986664833573688
1454,324b5f24fb0c5f3f,True,1.0,1.0,0.6805518738662873,1.0,1.0,1.0,0.866896614110953
1455,39752b75d70d5458,True,1.0,1.0,1.0,1.0,1.0,1.0,1.0
1456,008144fe47ac5f74,True,1.0,1.0,0.8273389216421649,1.0,1.0,1.0,0.9280578840175687
1457,aace7a7aeaf75f2c,True,1.0,1.0,0.9519933235670073,1.0,1.0,1.0,0.9799972181529197
1458,f1cc8f05115d5db6,True,1.0,1.0,1.0,1.0,1.0,1.0,1.0
1459,312c0f2f981d51c3,True,1.0,1.0,0.7838273841229937,1.0,1.0,1.0,0.909928076717914
1460,afe269451bc757e1,True,1.0,1.0,0.5954659989257637,1.0,1.0,1.0,0.8314441662190681
1461,540ec2943ea050c9,True,1.0,1.0,1.0,1.0,1.0,1.0,1.0
1462,3d2f4a8fb8b55572,True,1.0,1.0,0.8283064578061833,1.0,1.0,1.0,0.9284610240859097
1463,e6e4e254f1c55405,True,1.0,1.0,0.7415931837463614,1.0,1.0,1.0,0.8923304932276506
1464,3fe4d3672285579c,True,1.0,1.0,0.9670797735269114,1.0,1.0,1.0,0.9862832389695465
1465,b5f57f5a6b5b5244,True,1.0,1.0,0.5707429108813084,1.0,1.0,1.0,0.8211428795338785
1466,a7f15e4638b352c4,True,1.0,1.0,0.8667089559344502,1.0,1.0,1.0,0.9444620649726877
1467,fd7c51a15e5b54a6,True,1.0,1.0,0.7332087725779,1.0,1.0,1.0,0.8888369885741249
1468,6f0e15842e1b5924,True,1.0,1.0,0.7833383304691036,1.0,1.0,1.0,0.9097243043621265
1469,cc54b0f77c84506d,True,1.0,1.0,0.8689440801630982,1.0,1.0,1.0,0.9453933667346242
1470,9360bfdb65d153cd,True,1.0,1.0,0.8465289479534643,1.0,1.0,1.0,0.9360537283139435
1471,13e6cd945bf95a1f,True,1.0,1.0,0.8736457294141883,1.0,1.0,1.0,0.9473523872559118
1472,7a3e0625f3c751ce,True,1.0,1.0,0.7943516183344939,1.0,1.0,1.0,0.9143131743060392
1473,247ae110b0c454cb,True,1.0,1.0,1.0,1.0,1.0,1.0,1.0
1474,33c1e6fe4ce650bf,True,1.0,1.0,0.8758129913987347,1.0,1.0,1.0,0.9482554130828061
1475,50209c502bd157c8,True,1.0,1.0,0.4657604843109659,1.0,1.0,1.0,0.7774002017962358
1476,4417a92b5b1956b8,True,1.0,1.0,0.8656667262133604,1.0,1.0,1.0,0.9440278025889001
1477,9a24a904a324581d,True,1.0,1.0,1.0,1.0,1.0,1.0,1.0
1478,e77360b1bf605f87,True,1.0,1.0,1.0,1.0,1.0,1.0,1.0
1479,bf1064685f045d97,True,1.0,1.0,0.786053047278074,1.0,1.0,1.0,0.9108554363658641
1480,77f45b5536f854bf,True,1.0,1.0,1.0,1.0,1.0,1.0,1.0
1481,ddfadfe2f0385b3b,True,1.0,1.0,0.980253484094714,1.0,1.0,1.0,0.9917722850394641
1482,02ff5ce64ad75584,True,1.0,1.0,0.8329999228607472,1.0,1.0,1.0,0.9304166345253112
1483,366c7e46b0415253,True,1.0,1.0,0.7322465588058875,1.0,1.0,1.0,0.8884360661691199
1484,8e9f743d92c05d10,True,1.0,1.0,1.0,1.0,1.0,1.0,1.0
1485,70ce3fce14785ae5,True,1.0,1.0,1.0,1.0,1.0,1.0,1.0
1486,277758d55617567b,True,1.0,1.0,0.649088454709746,1.0,1.0,1.0,0.8537868561290608
1487,cd67b6a868ed5745,True,1.0,1.0,1.0,1.0,1.0,1.0,1.0
1488,398010cdaac05adc,True,1.0,1.0,0.9666927275799412,1.0,1.0,1.0,0.9861219698249754
1489,ef4e7ef102395420,True,1.0,1.0,1.0,1.0,1.0,1.0,1.0
1490,2113dcf1e88b598e,True,1.0,1.0,1.0,1.0,1.0,1.0,1.0
1491,e85416da86d4567f,True,1.0,1.0,0.7061894936259254,1.0,1.0,1.0,0.8775789556774689
1492,ee6d63d4e8b35518,True,1.0,1.0,0.8558342638093218,1.0,1.0,1.0,0.9399309432538842
1493,ec1dd3d02f035d78,True,0.0,1.0,0.0,0.0,1.0,1.0,0.0
1494,748a5531d6415e0c,True,1.0,1.0,1.0,1.0,1.0,1.0,1.0
1495,86db4cfb30b55a5e,True,1.0,1.0,1.0,1.0,1.0,1.0,1.0
1496,4a4bf6e11a875f33,True,1.0,1.0,0.814232461554328,1.0,1.0,1.0,0.92259685898097
1497,df2ff4c2c9785df6,True,1.0,1.0,0.8109648395903203,1.0,1.0,1.0,0.9212353498293001
1498,97b1ea53fad65625,True,1.0,1.0,0.9786386190481406,1.0,1.0,1.0,0.9910994246033921
1499,777c2c183e49504e,True,1.0,1.0,0.9807145688473005,1.0,1.0,1.0,0.9919644036863753
1500,b5ee0c4a00765073,True,1.0,1.0,0.8263014200822473,1.0,1.0,1.0,0.9276255917009365
1501,5444d6dfc06559c3,True,1.0,1.0,1.0,1.0,1.0,1.0,1.0
1502,282855be37635ecc,True,1.0,1.0,1.0,1.0,1.0,1.0,1.0
1503,927222aceeaa52bb,True,1.0,0.0,0.0,0.0,1.0,1.0,0.0
1504,ff76d319bd9558f9,True,1.0,1.0,1.0,1.0,1.0,1.0,1.0
1505,424cdafd92f25209,True,1.0,1.0,1.0,1.0,1.0,1.0,1.0
1506,61421159b240530d,True,1.0,1.0,1.0,0.0,1.0,1.0,0.5833333333333334
1507,cc9f9924e6f25e64,True,1.0,0.0,0.0,1.0,1.0,1.0,0.0
1508,72779ff1ead25f44,True,1.0,1.0,0.7530205671375086,1.0,1.0,1.0,0.8970919029739619
1509,024d012881be5995,True,1.0,1.0,0.7068069183093019,1.0,1.0,1.0,0.8778362159622092
1510,abba9d81ee9054ec,True,1.0,1.0,0.9228027641836283,1.0,1.0,1.0,0.9678344850765118
1511,1fb997ffe1de58f8,True,1.0,1.0,0.8119308851705787,1.0,1.0,1.0,0.9216378688210746
1512,460c1bc090365d1b,True,1.0,1.0,1.0,1.0,1.0,0.0,1.0
1513,f8b8b8ee49205def,True,1.0,0.0,0.0,1.0,1.0,1.0,0.0
1514,f9b3a9c625905d77,True,1.0,1.0,0.9782930993992217,1.0,1.0,1.0,0.990955458083009
1515,354ac12e8832565a,True,1.0,1.0,1.0,1.0,1.0,1.0,1.0
1516,6b5a3fa1663e5a8d,True,1.0,1.0,0.6895388401207321,1.0,1.0,1.0,0.8706411833836384
1517,aa58dfcb46765181,True,1.0,1.0,1.0,1.0,1.0,1.0,1.0
1518,02379e524f105926,True,1.0,1.0,1.0,1.0,1.0,1.0,1.0
1519,3338ad25c2cc59d1,True,1.0,1.0,0.5777705701279072,1.0,1.0,1.0,0.824071070886628
1520,43ef28a235035eac,True,1.0,1.0,1.0,1.0,1.0,1.0,1.0
1521,2e037aeeebce56df,True,1.0,1.0,0.716195764629194,1.0,1.0,1.0,0.8817482352621641
1522,6919975cab1c5345,True,1.0,1.0,0.6204262095880729,1.0,1.0,1.0,0.8418442539950304
1523,c06c4ffcf72653a5,True,1.0,1.0,1.0,1.0,1.0,1.0,1.0
1524,4631b80af7fb5f2f,True,1.0,1.0,1.0,1.0,1.0,1.0,1.0
1525,d2937fdb8d605a73,True,1.0,1.0,0.792926017813533,0.0,1.0,1.0,0.4970525074223054
1526,e02f26d0eb0152e3,True,1.0,1.0,0.9296845141198721,1.0,1.0,1.0,0.9707018808832801
1527,896f25f6f25e52e0,True,1.0,1.0,0.9667797264373962,1.0,1.0,1.0,0.986158219348915
1528,5a454b4d1c535366,True,0.0,1.0,0.0,0.0,1.0,1.0,0.0
1529,9a15d775514e5018,True,1.0,1.0,0.7061193241250765,1.0,1.0,1.0,0.8775497183854485
1530,299e19fc72e65ac5,True,1.0,1.0,1.0,1.0,1.0,0.0,1.0
1531,121b6c8a61d85945,True,1.0,1.0,0.6310612539214931,1.0,1.0,1.0,0.8462755224672888
1532,b9c124bdb19956b7,True,1.0,1.0,0.6612784835561989,1.0,1.0,1.0,0.8588660348150828
1533,3b34e3fd5b9e5767,True,1.0,1.0,0.6739066989306088,1.0,1.0,1.0,0.8641277912210871
1534,e7daf964463c530b,True,1.0,1.0,1.0,1.0,1.0,0.0,1.0
1535,e92c94f8bdcc54c6,True,1.0,1.0,0.8490165308923848,1.0,1.0,1.0,0.9370902212051604
1536,e0a645315de658bc,True,1.0,1.0,0.8635431496327636,1.0,1.0,1.0,0.9431429790136514
1537,c962887d22e95f88,True,1.0,1.0,1.0,1.0,1.0,1.0,1.0
1538,6e821a856fe45177,True,1.0,1.0,1.0,1.0,1.0,0.5,1.0
1539,9313777d021e5255,True,1.0,1.0,1.0,1.0,1.0,1.0,1.0
1540,659d1e0ce6cd5c97,True,1.0,1.0,0.9162134816133335,1.0,1.0,1.0,0.9650889506722223
1541,4fbe9cf1d64d58ef,True,1.0,1.0,1.0,1.0,1.0,1.0,1.0
1542,b1e1c1a12339588a,True,1.0,1.0,1.0,1.0,1.0,1.0,1.0
1543,2de3f6af0a69509d,True,1.0,1.0,0.7983719971988672,1.0,1.0,1.0,0.9159883321661946
1544,a04628cdd3f25947,True,1.0,1.0,0.8698474569316724,1.0,1.0,1.0,0.9457697737215301
1545,bf896d504b4356c7,True,1.0,1.0,0.1872459476330084,1.0,1.0,1.0,0.6613524781804202
1546,385b1aa4b84c56bf,True,1.0,1.0,0.9240079517830757,1.0,1.0,1.0,0.9683366465762816
1547,8611c130815150a7,True,1.0,1.0,1.0,1.0,1.0,1.0,1.0
1548,77e9812a54d05caf,True,1.0,1.0,1.0,1.0,1.0,0.0,1.0
1549,741d60ca8b7b5cb4,True,0.0,1.0,0.0,0.0,1.0,1.0,0.0
1550,87fa0c79b31c563a,True,1.0,0.0,0.0,1.0,1.0,1.0,0.0
1551,245bcbae35595474,True,1.0,1.0,1.0,1.0,1.0,1.0,1.0
1552,c45fc2b353c655af,True,1.0,1.0,0.8944062382409071,1.0,1.0,1.0,0.9560025992670447
1553,239e3ed3199d5ae6,True,1.0,1.0,0.9527014624083915,1.0,1.0,1.0,0.9802922760034964
1554,f2508193ac0c5f27,True,1.0,1.0,0.36634499325702086,1.0,1.0,1.0,0.7359770805237588
1555,f879fd3edf21506a,True,1.0,1.0,0.8057546074109857,1.0,1.0,1.0,0.9190644197545774
1556,69d75ac905035187,True,1.0,1.0,0.8252548954351174,1.0,1.0,1.0,0.9271895397646324
1557,236914bd075052ca,True,1.0,1.0,0.8087136307409467,1.0,1.0,1.0,0.920297346142061
1558,aef33fdade585ab3,True,1.0,1.0,0.873425437192284,1.0,1.0,1.0,0.9472605988301184
1559,028613e11f415422,True,1.0,1.0,0.8886401686097416,1.0,1.0,1.0,0.9536000702540589
1560,626b5dc253965ecb,True,1.0,1.0,0.9400912714327456,1.0,1.0,1.0,0.975038029763644
1561,16a2c04634ab5112,True,1.0,1.0,0.9989402581462404,1.0,1.0,1.0,0.9995584408942668
1562,5955c4ef15c75350,True,1.0,1.0,0.9778636261808111,1.0,1.0,1.0,0.9907765109086712
1563,66f8bdd077ff5fc3,True,1.0,1.0,0.8204307114621985,1.0,1.0,1.0,0.9251794631092493
1564,1a1f73871bea5afa,True,1.0,1.0,0.7312835125289824,1.0,1.0,1.0,0.888034796887076
1565,0ee0eabadd125c7b,True,1.0,1.0,0.9587867746141309,1.0,1.0,1.0,0.9828278227558878
1566,a8afec520f035a68,True,1.0,1.0,0.8007201458749561,1.0,1.0,1.0,0.9169667274478984
1567,a30baeb5294658b3,True,1.0,1.0,0.8357017135437966,1.0,1.0,1.0,0.9315423806432485
1568,8cba6cacb16d5acc,True,1.0,1.0,1.0,1.0,1.0,1.0,1.0
1569,569187407cd3517c,True,1.0,1.0,1.0,1.0,1.0,1.0,1.0
1570,28b94453e1cd578f,True,1.0,1.0,0.806808469070874,1.0,1.0,1.0,0.9195035287795309
1571,ad517de61e355d8d,True,1.0,1.0,0.7266826692431966,1.0,1.0,1.0,0.8861177788513319
1572,fbc9981c30745684,True,0.5,0.0,0.0,0.0,1.0,1.0,0.0
1573,0d9243e74a1a501a,True,1.0,1.0,0.13539619219846036,1.0,1.0,1.0,0.6397484134160252
1574,ade646d3c19b5bb0,True,1.0,1.0,1.0,1.0,1.0,0.5,1.0
1575,de4facce62b05f57,True,1.0,1.0,0.894652533661938,1.0,1.0,1.0,0.9561052223591409
1576,3ce72ef7e80855e2,True,1.0,1.0,0.7961208131645059,1.0,1.0,1.0,0.9150503388185441
1577,ea1302023ad258ff,True,1.0,1.0,0.7746089227660254,1.0,1.0,1.0,0.9060870511525106
1578,5303407715805679,True,1.0,1.0,1.0,1.0,1.0,1.0,1.0
1579,2f1edc1ab2b55b05,True,1.0,1.0,0.8787678795166256,1.0,1.0,1.0,0.9494866164652608
1580,b0070f55eda95848,True,1.0,1.0,0.844252353972681,1.0,1.0,1.0,0.9351051474886171
1581,81e5ddc060675e0b,True,1.0,1.0,0.886698190306734,1.0,1.0,1.0,0.9527909126278059
1582,1eff566e627f56b9,True,1.0,1.0,0.9100610174405553,1.0,1.0,1.0,0.9625254239335647
1583,92d21bb7692b5664,True,1.0,1.0,0.9453981926491181,1.0,1.0,1.0,0.9772492469371326
1584,90a14e5bd7cb5f47,True,1.0,1.0,1.0,1.0,1.0,1.0,1.0
1585,828b1011212253c6,True,1.0,1.0,1.0,1.0,1.0,1.0,1.0
1586,6c8a49ddb7435fbf,True,0.0,1.0,0.0,0.0,1.0,0.0,0.0
1587,eb7ed87b4ef65273,True,1.0,1.0,1.0,1.0,1.0,1.0,1.0
1588,1f57ce2072e25edb,True,1.0,1.0,0.9032520114282532,1.0,1.0,1.0,0.9596883380951056
1589,4899341a782f5409,True,1.0,1.0,1.0,1.0,1.0,1.0,1.0
1590,cc6022c226c15d80,True,1.0,0.0,0.0,1.0,1.0,1.0,0.0
1591,929fe68adaef5ee7,True,1.0,1.0,0.6924088884077877,1.0,1.0,1.0,0.8718370368365781
1592,b677a8a95c395ad2,True,1.0,1.0,0.7346240753425232,1.0,1.0,1.0,0.8894266980593847
1593,d2361c07df2f51c2,True,1.0,1.0,0.7296472240524527,1.0,1.0,1.0,0.8873530100218554
1594,5380625bddba59a2,True,1.0,1.0,1.0,1.0,1.0,1.0,1.0
1595,536e9526257a57f2,True,1.0,1.0,0.9238979283270147,1.0,1.0,1.0,0.9682908034695895
1596,f55c530f3875533f,True,1.0,1.0,0.8440383611895259,1.0,1.0,1.0,0.935015983828969
1597,562f38636f975be4,True,1.0,1.0,1.0,1.0,1.0,1.0,1.0
1598,0da1e53d70565ba4,True,1.0,1.0,0.9003451154387613,1.0,1.0,1.0,0.9584771314328172
1599,23d0ae8aedf8537b,True,1.0,1.0,0.9996863989248403,0.0,1.0,1.0,0.5832026662186834
1600,5a4811a0bde955b3,True,1.0,0.0,0.0,1.0,1.0,1.0,0.0
1601,d6396ef1c0c55d33,True,1.0,1.0,0.8469817582634244,1.0,1.0,1.0,0.9362423992764267
1602,21b54e6d58985ae3,True,1.0,1.0,1.0,1.0,1.0,1.0,1.0
1603,4ac7a80ebf915458,True,1.0,1.0,0.8930377179047988,1.0,1.0,1.0,0.9554323824603328
1604,9ecb100495a5584e,True,1.0,1.0,1.0,1.0,1.0,1.0,1.0
1605,c73914d4fedc513f,True,1.0,1.0,0.8341058964373018,1.0,1.0,1.0,0.9308774568488758
1606,9b3eda2685e75099,True,1.0,1.0,1.0,1.0,1.0,1.0,1.0
1607,9b0b6d3472465b35,True,1.0,1.0,1.0,1.0,1.0,1.0,1.0
1608,2a49de57fddb59bc,True,1.0,1.0,1.0,0.0,1.0,1.0,0.5833333333333334
1609,a9f07bb60bd75461,True,1.0,1.0,0.8314835481674802,1.0,1.0,1.0,0.9297848117364501
1610,7d423cc4c7b9541a,True,1.0,1.0,1.0,1.0,1.0,1.0,1.0
1611,b411a654aa215f1b,True,1.0,1.0,0.7585033284410484,1.0,1.0,1.0,0.8993763868504369
1612,07d1a751018a526f,True,1.0,1.0,0.8851088603018727,1.0,1.0,1.0,0.952128691792447
1613,7fcc4151553a50e8,True,1.0,1.0,1.0,1.0,1.0,1.0,1.0
1614,11811a7320ab58db,True,1.0,1.0,0.9742426705024542,0.0,1.0,1.0,0.5726011127093559
1615,071d69045acb5971,True,1.0,0.0,0.0,1.0,1.0,0.5,0.0
1616,ffe848c5ab4e5b30,True,1.0,0.0,0.0,1.0,1.0,1.0,0.0
1617,8d62f19202505230,True,1.0,0.0,0.0,1.0,1.0,1.0,0.0
1618,7015bc44f34252f4,True,1.0,1.0,1.0,1.0,0.0,1.0,0.8333333333333334
1619,1a5f614c9b815e92,True,1.0,1.0,1.0,1.0,1.0,1.0,1.0
1620,f2e1685f07675799,True,1.0,1.0,0.8418218960680867,1.0,1.0,1.0,0.9340924566950362
1621,eb5989e21dc35a47,True,1.0,1.0,0.7995557049948459,1.0,1.0,1.0,0.9164815437478525
1622,24429c08a8375061,True,1.0,1.0,0.8323414047659308,1.0,1.0,1.0,0.9301422519858044
1623,c01c5d45b97154d4,True,1.0,1.0,0.572080360589557,1.0,1.0,1.0,0.8217001502456487
1624,d3322747793a5dda,True,1.0,1.0,1.0,1.0,1.0,1.0,1.0
1625,488dd191f7dc59a8,True,1.0,1.0,0.8391229323894026,1.0,1.0,1.0,0.9329678884955843
1626,9aadb4c8a77d5849,True,1.0,1.0,0.9205122551565282,1.0,1.0,1.0,0.96688010631522
1627,f740386a50c45238,True,1.0,1.0,0.8612616014338825,1.0,1.0,1.0,0.9421923339307844
1628,49ee466685265a80,True,1.0,1.0,1.0,0.0,1.0,1.0,0.5833333333333334
1629,e97ba617b7c059a7,True,1.0,1.0,1.0,1.0,1.0,0.0,1.0
1630,7cdcc814be255d9f,True,1.0,1.0,0.9749342365696032,0.0,1.0,1.0,0.5728892652373346
1631,34cc387cf0335f28,True,1.0,1.0,0.8580495665190732,1.0,1.0,1.0,0.9408539860496138
1632,4554dbd136da53b8,True,1.0,1.0,0.9616610549599072,1.0,1.0,1.0,0.984025439566628
1633,9666a4125db25507,True,1.0,1.0,0.7306102858075109,1.0,1.0,1.0,0.8877542857531294
1634,4109b79d84ea5053,True,1.0,1.0,0.9750005573074596,1.0,1.0,1.0,0.9895835655447748
1635,a0801105ad8b5ad3,True,1.0,1.0,0.7988907578848269,1.0,1.0,1.0,0.9162044824520112
1636,0ed2cf016ddc5f90,True,1.0,1.0,0.7749290272676332,1.0,1.0,1.0,0.9062204280281806
1637,abdc7a57df4a56cd,True,1.0,1.0,1.0,1.0,1.0,1.0,1.0
1638,d21b22d6c0405ad7,True,1.0,1.0,0.7560346178061655,1.0,1.0,1.0,0.8983477574192357
1639,b4176d2246d452ea,True,1.0,1.0,1.0,1.0,1.0,1.0,1.0
1640,8d83f07bed9d5f6a,True,1.0,1.0,1.0,1.0,1.0,1.0,1.0
1641,f6df3f934bdb598d,True,1.0,1.0,0.9309509174550815,1.0,1.0,1.0,0.9712295489396173
1642,efb87bb3ff675f08,True,1.0,1.0,0.7674174295320911,1.0,1.0,0.0,0.9030905956383712
1643,e9a26f1753a85a88,True,1.0,1.0,1.0,1.0,1.0,1.0,1.0
1644,9ce9ec5a49b1568d,True,1.0,1.0,0.8246171597750074,1.0,1.0,1.0,0.9269238165729198
1645,05d0a1a763fc5334,True,1.0,1.0,1.0,1.0,1.0,1.0,1.0
1646,9ca89d773ed651ab,True,1.0,1.0,0.7729660538966957,1.0,1.0,1.0,0.9054025224569565
1647,0748764d9de454ea,True,1.0,1.0,1.0,1.0,1.0,1.0,1.0
1648,810b73ca95975db9,True,1.0,1.0,0.9930261404914277,1.0,1.0,1.0,0.9970942252047615
1649,01ce9c82de0d5539,True,1.0,1.0,0.7589996741524698,1.0,1.0,1.0,0.8995831975635292
1650,caa3170f8c3b5cfe,True,1.0,1.0,0.7234562777926647,1.0,1.0,1.0,0.884773449080277
1651,ecc5d9051f445174,True,1.0,1.0,1.0,1.0,1.0,1.0,1.0
1652,3af1019a97d959fa,True,1.0,1.0,1.0,1.0,1.0,1.0,1.0
1653,6d66b095f93750f7,True,1.0,1.0,1.0,1.0,1.0,1.0,1.0
1654,e6e40103bfcb539e,True,1.0,1.0,0.7315195210083969,1.0,1.0,1.0,0.8881331337534988
1655,406564d5dc7358f6,True,1.0,1.0,1.0,1.0,1.0,1.0,1.0
1656,4bdff78fdccd5f6d,True,1.0,1.0,0.7264329253717314,1.0,1.0,1.0,0.8860137189048881
1657,23d70775af9754e8,True,1.0,1.0,1.0,1.0,1.0,1.0,1.0
1658,ef7822ee7fa35042,True,1.0,1.0,0.8105404945207045,1.0,1.0,1.0,0.9210585393836269
1659,f4f1692fee475afa,True,1.0,1.0,0.8879188460372338,1.0,1.0,1.0,0.9532995191821808
1660,16125101defb5b51,True,1.0,1.0,1.0,1.0,1.0,1.0,1.0
1661,bc3d973c3543556c,True,1.0,1.0,0.8170207787705466,1.0,1.0,1.0,0.923758657821061
1662,2d4d48a048615f9a,True,1.0,1.0,1.0,1.0,1.0,1.0,1.0
1663,b1520b6af9705191,True,1.0,1.0,1.0,1.0,1.0,1.0,1.0
1664,9c63a8a78f3251d3,True,1.0,0.0,0.0,1.0,1.0,1.0,0.0
1665,d20a475e7b1956bf,True,1.0,1.0,1.0,1.0,1.0,1.0,1.0
1666,806b0f2b2ade5454,True,1.0,1.0,1.0,1.0,1.0,1.0,1.0
1667,be33fb4e1b435f1d,True,1.0,1.0,0.9118601585191901,1.0,1.0,1.0,0.9632750660496625
1668,accb5d206fd05911,True,1.0,1.0,0.7846219920768104,1.0,1.0,1.0,0.9102591633653376
1669,3748f0fadf395c8a,True,1.0,1.0,0.8420494713127071,1.0,1.0,0.0,0.9341872797136279
1670,c404e4b4b7a455d3,True,0.0,1.0,0.0,0.0,1.0,1.0,0.0
1671,ce2f1ac423965b7a,True,1.0,1.0,1.0,1.0,1.0,1.0,1.0
1672,41c7edfd989451cf,True,1.0,1.0,1.0,1.0,1.0,1.0,1.0
1673,0706e8bf25805e91,True,1.0,1.0,1.0,1.0,1.0,1.0,1.0
1674,4300f964edbd5ce4,True,1.0,1.0,1.0,1.0,1.0,1.0,1.0
1675,0ba42ee3c2555502,True,1.0,1.0,0.7990187509721024,1.0,1.0,1.0,0.9162578129050427
1676,191dc35423a85d10,True,1.0,1.0,0.9934624655141131,1.0,1.0,1.0,0.9972760272975472
1677,5a90354cbaa45cc2,True,1.0,1.0,0.7745672566188955,1.0,1.0,1.0,0.9060696902578731
1678,9fc5098e21355c6e,True,1.0,1.0,0.8587675841682443,1.0,1.0,1.0,0.9411531600701019
1679,c2b5ebf8ace851ea,True,1.0,1.0,1.0,1.0,1.0,1.0,1.0
1680,4a35a95ee57f5572,True,1.0,1.0,1.0,1.0,1.0,1.0,1.0
1681,b2c0a19be09f5b76,True,1.0,1.0,0.7195551200700631,1.0,1.0,1.0,0.8831479666958596
1682,77c3cf2f4a1a5f31,True,1.0,1.0,0.89048596107398,1.0,1.0,1.0,0.9543691504474916
1683,25cdf7dee0d25a66,True,1.0,1.0,1.0,1.0,1.0,1.0,1.0
1684,06b2df49f0455bd0,True,1.0,1.0,0.6839134566798291,1.0,1.0,1.0,0.8682972736165954
1685,70f3a3d098bf5381,True,1.0,1.0,1.0,1.0,1.0,1.0,1.0
1686,963324efc6715315,True,1.0,1.0,1.0,1.0,1.0,1.0,1.0
1687,35aa38c73e9251a7,True,1.0,1.0,0.9729482682587642,1.0,1.0,1.0,0.9887284451078185
1688,8b8b41a9d00e5e32,True,1.0,1.0,0.8448602627815883,1.0,1.0,1.0,0.9353584428256618
1689,2c5ed5662dfb5ee9,True,1.0,1.0,0.9535203734132482,1.0,1.0,1.0,0.9806334889221867
1690,78e8eab14d8e5d65,True,1.0,1.0,0.8322223459353281,1.0,1.0,1.0,0.93009264413972
1691,84b69613f5e6551c,True,1.0,1.0,0.6391749053278855,1.0,1.0,1.0,0.8496562105532856
1692,f750e0c7f8375bae,True,1.0,1.0,0.7257213488401442,1.0,1.0,1.0,0.8857172286833933
1693,3f269e7b5ced51fa,True,1.0,1.0,1.0,1.0,1.0,1.0,1.0
1694,9e04987475e85dd5,True,1.0,1.0,0.8114815455731402,1.0,1.0,1.0,0.9214506439888085
1695,1ab2fedfbb4b5c2f,True,1.0,1.0,0.747049054109536,1.0,1.0,1.0,0.8946037725456399
1696,edd24f4c0a295030,True,1.0,1.0,0.9435212032683434,1.0,1.0,1.0,0.9764671680284764
1697,8f60912c624e5f5f,True,1.0,1.0,1.0,1.0,1.0,1.0,1.0
1698,66a924c7d02159cf,True,1.0,1.0,0.7037152598296176,1.0,1.0,1.0,0.8765480249290073
1699,a08bb182c3d558da,True,1.0,1.0,0.7591314546318022,1.0,1.0,1.0,0.8996381060965843
1700,b22ea864484d514f,True,1.0,1.0,1.0,0.0,1.0,1.0,0.5833333333333334
1701,caee3d86c00351e6,True,1.0,1.0,1.0,1.0,1.0,1.0,1.0
1702,c418551cd6285092,True,1.0,1.0,0.7330632348060409,1.0,1.0,1.0,0.8887763478358504
1703,a66477a84cc05f05,True,1.0,1.0,1.0,1.0,1.0,1.0,1.0
1704,e16f6f634adf50d3,True,1.0,0.0,0.0,1.0,1.0,1.0,0.0
1705,f0cdcc3967335c01,True,1.0,1.0,1.0,1.0,1.0,1.0,1.0
1706,39bbb12794ca56a3,True,1.0,1.0,0.6510116985430329,1.0,1.0,1.0,0.8545882077262638
1707,63a80bcca90b5dec,True,1.0,1.0,0.763253547512274,1.0,1.0,1.0,0.9013556447967809
1708,9b7ffde4ab9c53a5,True,1.0,1.0,1.0,1.0,1.0,1.0,1.0
1709,ff9058bacb845910,True,1.0,1.0,1.0,1.0,1.0,1.0,1.0
1710,912bc19c43a15d8d,True,1.0,1.0,0.8251284765592698,1.0,1.0,1.0,0.9271368652330292
1711,484b6d9a28f350bd,True,1.0,1.0,0.8358701044130066,1.0,1.0,1.0,0.9316125435054193
1712,61d7fbf592275c75,True,1.0,1.0,0.7022269630330904,1.0,1.0,1.0,0.8759279012637876
1713,7a1b61727c255889,True,1.0,1.0,0.66801768839744,1.0,1.0,1.0,0.8616740368322667
1714,ee4ca385da5d5778,True,1.0,1.0,0.7601361624121433,1.0,1.0,1.0,0.9000567343383931
1715,46ee8e2727455a9f,True,1.0,1.0,0.9799227690242154,1.0,1.0,1.0,0.9916344870934232
1716,116aacf9868e5e4e,True,1.0,1.0,0.9108187923627675,1.0,1.0,1.0,0.9628411634844865
1717,2fb12c4c2eec5b8d,True,1.0,1.0,1.0,1.0,1.0,1.0,1.0
1718,b15572e37ce95d98,True,1.0,1.0,1.0,1.0,1.0,1.0,1.0
1719,535e19c081ec5c28,True,1.0,1.0,0.8564672443360511,1.0,1.0,1.0,0.9401946851400212
1720,df30f32cd2ee5633,True,1.0,1.0,1.0,1.0,1.0,1.0,1.0
1721,053895d2bfc754f3,True,1.0,1.0,0.8042507756877515,1.0,1.0,1.0,0.9184378232032299
1722,a27875deccc151e0,True,1.0,1.0,0.7750062718857313,1.0,1.0,1.0,0.9062526132857215
1723,ab1fd108d5885b58,True,1.0,1.0,1.0,1.0,1.0,0.0,1.0
1724,efe7a294e40e5508,True,1.0,1.0,0.8875880587874354,1.0,1.0,1.0,0.9531616911614315
1725,c810620e645e53b8,True,1.0,1.0,1.0,1.0,1.0,1.0,1.0
1726,1ebc0b5378ab5caa,True,1.0,1.0,1.0,1.0,1.0,1.0,1.0
1727,02e3e6d3ecfc5240,True,1.0,1.0,0.6557880085174309,1.0,1.0,1.0,0.8565783368822629
1728,30765e467f6c5947,True,1.0,1.0,0.9582300265287229,1.0,1.0,1.0,0.9825958443869679
1729,abe4fa26de85552d,True,1.0,1.0,1.0,1.0,1.0,1.0,1.0
1730,2aade0b3987d5366,True,0.5,0.0,0.0,0.0,1.0,0.5,0.0
1731,eba929a6772254e4,True,1.0,1.0,0.5600984033690691,1.0,1.0,1.0,0.8167076680704456
1732,3f3d9b32f2fa53ef,True,1.0,1.0,1.0,1.0,1.0,1.0,1.0
1733,13b9787d163b5072,True,1.0,1.0,0.499722690902014,1.0,1.0,1.0,0.7915511212091725
1734,aacc2ed7ba2859c5,True,1.0,1.0,0.7284761709186708,1.0,1.0,1.0,0.8868650712161128
1735,5be861ae85a75b45,True,1.0,1.0,0.8705413062092996,1.0,1.0,1.0,0.9460588775872081
1736,5c9d51dc830453c5,True,1.0,1.0,0.8083553324634914,1.0,1.0,1.0,0.9201480551931214
1737,73872fdc28995ad6,True,1.0,1.0,0.7574218883044198,1.0,1.0,1.0,0.8989257867935082
1738,4c24c3efe0e4519d,True,1.0,1.0,0.7933779286881477,1.0,1.0,1.0,0.9139074702867283
1739,e1950bc54da65383,True,1.0,1.0,1.0,1.0,1.0,1.0,1.0
1740,7427658d61b55fb8,True,1.0,0.0,0.0,1.0,1.0,1.0,0.0
1741,56af8eae4788597f,True,1.0,1.0,1.0,1.0,1.0,1.0,1.0
1742,60991b5c52d85113,True,1.0,1.0,1.0,1.0,1.0,1.0,1.0
1743,ba392de83daf5bf3,True,1.0,1.0,0.8999696606320512,1.0,1.0,1.0,0.9583206919300213
1744,49a747ca28cd5d5f,True,1.0,0.0,0.0,1.0,1.0,1.0,0.0
1745,2189449ddbf65bff,True,1.0,1.0,0.8547662709402013,1.0,1.0,1.0,0.9394859462250839
1746,8651cc01649b5d5b,True,1.0,1.0,0.7244997007949433,1.0,1.0,1.0,0.8852082086645597
1747,14f16328a6c0551e,True,1.0,1.0,0.7386225124357374,1.0,1.0,1.0,0.8910927135148906
1748,70b8c89829d05f30,True,1.0,1.0,0.9495711424568847,1.0,1.0,1.0,0.9789879760237019
1749,e0e85d4fc9545225,True,1.0,1.0,0.6101324861439319,1.0,1.0,1.0,0.8375552025599716
1750,e6c8f0c4aaea52d7,True,1.0,1.0,1.0,1.0,1.0,1.0,1.0
1751,aa2962e446b45e1f,True,1.0,1.0,0.7439268203651811,1.0,1.0,1.0,0.8933028418188255
1752,5ea36cebd2575b16,True,1.0,1.0,1.0,1.0,1.0,1.0,1.0
1753,0feb5eb464bc52b0,True,1.0,1.0,0.8956878080821906,1.0,1.0,1.0,0.9565365867009127
1754,55a63ecf2e985abe,True,1.0,1.0,0.541797386806905,1.0,1.0,1.0,0.8090822445028771
1755,ee526f78f4ce5d75,True,1.0,1.0,1.0,1.0,1.0,1.0,1.0
1756,f6b9867069845fd2,True,1.0,1.0,0.5305731413326913,1.0,1.0,1.0,0.8044054755552881
1757,2743a2f96269577c,True,1.0,1.0,0.8975529241144123,1.0,1.0,1.0,0.9573137183810051
1758,0c8b9f08bfa25dc2,True,1.0,1.0,1.0,1.0,0.0,1.0,0.8333333333333334
1759,a589b9ccbe3e5d1c,True,1.0,1.0,0.615189742655906,1.0,1.0,1.0,0.8396623927732941
1760,c9a74fd5fd9e57c8,True,1.0,1.0,0.7389190599303435,1.0,1.0,1.0,0.8912162749709763
1761,216d5205e9745145,True,1.0,1.0,0.7449762294524762,1.0,1.0,1.0,0.8937400956051983
1762,9157afe90f035621,True,1.0,1.0,1.0,1.0,1.0,1.0,1.0
1763,ac0f18be77bd585c,True,1.0,1.0,0.725620598113581,1.0,1.0,1.0,0.8856752492139921
1764,3ffbf8596e7655ec,True,1.0,1.0,1.0,1.0,1.0,1.0,1.0
1765,9873c047e9155996,True,1.0,1.0,0.7637702508028018,1.0,1.0,1.0,0.9015709378345007
1766,1e4f2f231ac0540e,True,1.0,1.0,0.8127321803720905,1.0,1.0,1.0,0.9219717418217043
1767,94ae12c4703950be,True,1.0,1.0,0.8239890109865062,1.0,1.0,1.0,0.9266620879110442
1768,483bb60b0a0451e6,True,1.0,1.0,0.7534256573511792,1.0,1.0,1.0,0.8972606905629913
1769,2c14c850f6645147,True,0.0,1.0,0.0,0.0,1.0,0.0,0.0
1770,cfc9186dc53b5d4a,True,1.0,1.0,0.7534072754152392,1.0,1.0,1.0,0.8972530314230163
1771,bf4d95ea76b75de7,True,1.0,1.0,0.9199620440994009,1.0,1.0,1.0,0.9666508517080837
1772,b133316a0e795993,True,1.0,1.0,0.7888917110249472,1.0,1.0,1.0,0.9120382129270613
1773,fae990c38c515aa9,True,1.0,1.0,0.8387732261464196,0.0,1.0,1.0,0.5161555108943415
1774,367ee5f18e345a72,True,1.0,1.0,0.8448241390887241,1.0,1.0,1.0,0.9353433912869683
1775,6de81a38cd7655dd,True,1.0,1.0,1.0,1.0,1.0,1.0,1.0
1776,f7e52770089e5230,True,1.0,1.0,0.7767263913137582,1.0,1.0,1.0,0.906969329714066
1777,bee76fa92b735b00,True,1.0,1.0,0.8263500419601479,1.0,1.0,1.0,0.9276458508167282
1778,622867ce25805447,True,1.0,1.0,0.8414607369449625,1.0,1.0,1.0,0.9339419737270678
1779,ae7fdaafe2c250e6,True,0.0,0.0,0.0,0.0,0.0,0.0,0.0
1780,a2ef4eeb9dd45505,True,1.0,1.0,0.928297587984265,1.0,1.0,1.0,0.9701239949934437
1781,8792fb68a0b2586a,True,1.0,1.0,0.5626164404951045,1.0,1.0,1.0,0.8177568502062935
1782,b7f1861bff9c514e,True,1.0,1.0,0.8883992536940111,1.0,1.0,1.0,0.9534996890391714
1783,be7331d3f05e5d16,True,1.0,1.0,1.0,1.0,1.0,1.0,1.0
1784,62eac0a6b7e05fbf,True,1.0,1.0,1.0,0.0,1.0,1.0,0.5833333333333334
1785,0451b850addd591c,True,1.0,1.0,0.7283665524203651,1.0,1.0,1.0,0.8868193968418187
1786,4826c59b43f6568a,True,1.0,1.0,0.8277104347841692,1.0,1.0,1.0,0.9282126811600705
1787,c5fb72e3a0855c1b,True,1.0,1.0,0.6567287141662896,1.0,1.0,1.0,0.8569702975692873
1788,97f7a14f8a835f59,True,1.0,1.0,1.0,1.0,1.0,1.0,1.0
1789,977f40bd144b59e9,True,1.0,1.0,0.8004160101085709,1.0,1.0,1.0,0.9168400042119046
1790,d218ff87bdc25c55,True,1.0,1.0,0.813623239520234,1.0,1.0,1.0,0.9223430164667642
1791,e1398b3ecf3f520d,True,0.0,1.0,0.0,0.0,1.0,1.0,0.0
1792,eb5ef679c80959fe,True,1.0,1.0,1.0,1.0,1.0,1.0,1.0
1793,8bb7091fe0d959fc,True,1.0,1.0,1.0,1.0,1.0,1.0,1.0
1794,2184b01d59d4550c,True,1.0,1.0,1.0,1.0,1.0,1.0,1.0
1795,4d8b083f00675de2,True,1.0,1.0,1.0,1.0,1.0,1.0,1.0
1796,f6082f18c392582f,True,1.0,1.0,0.6878537915754351,1.0,1.0,0.5,0.8699390798230979
1797,5a8a6c9d92935076,True,1.0,0.0,0.0,1.0,1.0,1.0,0.0
1798,8af2a66435ea565a,True,1.0,1.0,0.9403295621346954,1.0,1.0,1.0,0.9751373175561232
1799,8cbe3bf8cf9c5718,True,1.0,1.0,1.0,1.0,1.0,1.0,1.0
1800,efc8eef1e7b551d9,True,0.0,1.0,0.0,0.0,1.0,1.0,0.0
1801,1cddfddca0bd560a,True,1.0,1.0,1.0,1.0,1.0,1.0,1.0
1802,7ebca95e877a557b,True,1.0,1.0,0.9244084929202848,1.0,1.0,1.0,0.9685035387167854
1803,0e74f7b5b7c45c1b,True,0.0,1.0,0.0,0.0,1.0,1.0,0.0
1804,4eaf35cea96d5dd9,True,1.0,1.0,0.8459087700245352,1.0,1.0,1.0,0.9357953208435563
1805,614cdeb09cc25923,True,1.0,1.0,0.8964725324385758,1.0,1.0,1.0,0.95686355518274
1806,54e57dfcbf295398,True,1.0,1.0,0.9826581270072291,1.0,1.0,1.0,0.9927742195863454
1807,9d74f6f9b0a25c90,True,0.0,1.0,0.0,0.0,1.0,1.0,0.0
1808,ecce119989c25ae9,True,1.0,1.0,0.9323014074892216,1.0,1.0,1.0,0.9717922531205089
1809,b022550645ac5dbf,True,1.0,1.0,0.774223316920927,1.0,1.0,0.5,0.9059263820503863
1810,3f2cec87b5ad5d96,True,1.0,1.0,0.9937131640405696,0.0,1.0,1.0,0.5807138183502373
1811,cebdeff85ac65185,True,1.0,1.0,1.0,1.0,1.0,1.0,1.0
1812,11482ead31545f3a,True,1.0,1.0,1.0,1.0,1.0,1.0,1.0
1813,043839beb58a5dad,True,1.0,1.0,0.8599790000389069,1.0,1.0,1.0,0.9416579166828779
1814,0d2403a8031f540c,True,1.0,1.0,1.0,1.0,1.0,1.0,1.0
1815,bd646d9caaef57d8,True,1.0,1.0,1.0,1.0,1.0,1.0,1.0
1816,4f67484c73e2503a,True,1.0,1.0,0.8869760217040435,1.0,1.0,1.0,0.9529066757100182
1817,96dd879c7e365dc9,True,1.0,1.0,0.775515814529971,1.0,1.0,1.0,0.9064649227208212
1818,5992423b009757f2,True,1.0,1.0,0.8432608536791568,1.0,1.0,1.0,0.9346920223663154
1819,d113b39be843564f,True,1.0,1.0,0.8557775838435232,1.0,1.0,1.0,0.939907326601468
1820,bcf76bb937d35be9,True,1.0,1.0,1.0,1.0,1.0,1.0,1.0
1821,5fd68bb785b258ef,True,1.0,1.0,0.8033809704255818,1.0,1.0,1.0,0.9180754043439924
1822,c5727dc4f8665554,True,1.0,1.0,0.9896994118493183,1.0,1.0,1.0,0.9957080882705492
1823,b934233d0ea6536b,True,1.0,1.0,1.0,1.0,1.0,1.0,1.0
1824,a916c0c016825703,True,1.0,1.0,1.0,1.0,1.0,1.0,1.0
1825,ca58b2e039305479,True,1.0,0.0,0.0,1.0,1.0,1.0,0.0
1826,6aaf052582e35b0c,True,1.0,1.0,1.0,1.0,1.0,1.0,1.0
1827,a4f4a240e54e56b2,True,1.0,0.0,0.0,1.0,1.0,1.0,0.0
1828,2b5dabfa534156c0,True,1.0,1.0,0.8558075151259236,1.0,1.0,1.0,0.9399197979691348
1829,8898650e43665faf,True,1.0,1.0,0.7050172405304417,1.0,1.0,1.0,0.877090516887684
1830,59b4bb47cf6656cf,True,0.0,1.0,0.0,0.0,1.0,1.0,0.0
1831,29a576f5351a5162,True,1.0,1.0,0.7760454897295581,1.0,1.0,1.0,0.9066856207206492
1832,5757a661eb0f54d2,True,1.0,1.0,1.0,1.0,1.0,1.0,1.0
1833,8df6c22946e5526d,True,1.0,1.0,1.0,1.0,1.0,1.0,1.0
1834,0093ff0188ea5b90,True,1.0,1.0,1.0,1.0,1.0,1.0,1.0
1835,8a540001f3f0514d,True,1.0,1.0,0.944976644073067,1.0,1.0,1.0,0.9770736016971112
1836,89e02236312d5038,True,1.0,0.0,0.0,1.0,1.0,1.0,0.0
1837,1809a28a46465129,True,1.0,1.0,1.0,1.0,1.0,1.0,1.0
1838,7bf4d5a2cad05f50,True,1.0,1.0,0.7333280929698441,1.0,1.0,1.0,0.8888867054041016
1839,2919cd502115582a,True,1.0,1.0,1.0,1.0,1.0,1.0,1.0
1840,efcc43b333075098,True,1.0,1.0,0.8774499979417388,1.0,1.0,1.0,0.9489374991423912
1841,4102a6399acf528b,True,1.0,1.0,0.7692912052258893,1.0,1.0,1.0,0.9038713355107872
1842,e805310ff3055efa,True,1.0,1.0,1.0,1.0,1.0,1.0,1.0
1843,f51a75fadd695f06,True,1.0,1.0,0.7163342757970685,1.0,1.0,1.0,0.8818059482487786
1844,e952dd35343958d8,True,1.0,1.0,0.7097487353694311,1.0,1.0,1.0,0.8790619730705963
1845,96f19d920d5558e9,True,1.0,1.0,0.9740005477127073,1.0,1.0,1.0,0.9891668948802946
1846,bbd85b27fa465894,True,1.0,1.0,0.9116014323092385,0.0,1.0,1.0,0.546500596795516
1847,2a5fea3ae25e5cdd,True,1.0,1.0,1.0,1.0,1.0,1.0,1.0
1848,3789d42ea83f569d,True,1.0,1.0,0.6377515070054187,1.0,1.0,1.0,0.8490631279189245
1849,b664ff6d2c185e31,True,1.0,1.0,1.0,1.0,1.0,1.0,1.0
1850,e27b4628314951bb,True,1.0,1.0,0.7852850908719166,1.0,1.0,1.0,0.9105354545299652
1851,79d36fbd8d115f06,True,1.0,1.0,0.7710116031151032,1.0,1.0,0.0,0.9045881679646263
1852,be3551ae467a579e,True,1.0,1.0,0.9035385393696703,1.0,1.0,1.0,0.9598077247373626
1853,ae01be6a753e5f98,True,1.0,1.0,0.8104708091368769,1.0,1.0,1.0,0.9210295038070321
1854,34b812e4de1a536b,True,1.0,1.0,0.6825712391349705,1.0,1.0,1.0,0.8677380163062377
1855,bcf92cdb596a5fa2,True,1.0,1.0,0.8371732978045521,1.0,1.0,1.0,0.9321555407518968
1856,846863e9cd7059c5,True,1.0,1.0,1.0,1.0,1.0,1.0,1.0
1857,1082d34008e05df4,True,1.0,1.0,1.0,1.0,1.0,1.0,1.0
1858,ae46065dc9ce55b1,True,1.0,1.0,1.0,1.0,1.0,1.0,1.0
1859,b6b0722747565854,True,1.0,1.0,0.7789853832266017,1.0,1.0,1.0,0.9079105763444174
1860,132ea05c88d355ca,True,1.0,1.0,0.8092420783151658,1.0,1.0,1.0,0.9205175326313192
1861,bc2fe3314b345c63,True,0.0,1.0,0.0,0.0,1.0,1.0,0.0
1862,196cb93444b35dd7,True,1.0,1.0,0.6545353574163979,1.0,1.0,1.0,0.8560563989234992
1863,8364af67153a5193,True,1.0,1.0,0.9065390986259251,1.0,1.0,1.0,0.9610579577608022
1864,356738fb8224508b,True,1.0,1.0,1.0,1.0,1.0,1.0,1.0
1865,b4ec906c4dbe5735,True,1.0,1.0,0.9762085512549612,1.0,1.0,1.0,0.9900868963562338
1866,6578cf959d7f52a7,True,1.0,1.0,0.5359388685292652,1.0,1.0,1.0,0.8066411952205271
1867,7346e23546d15b29,True,1.0,1.0,0.6845507074158554,1.0,1.0,1.0,0.8685627947566065
1868,d1af94a471135add,True,1.0,1.0,0.8370075414827824,1.0,1.0,1.0,0.932086475617826
1869,192e92b5db4754a6,True,1.0,1.0,0.8477179728498946,1.0,1.0,0.0,0.9365491553541228
1870,e59a5171c33c5af9,True,0.0,1.0,0.0,0.0,1.0,1.0,0.0
1871,ba9d1824bc8c5e7d,True,1.0,1.0,0.8368543734458599,1.0,1.0,1.0,0.9320226556024416
1872,6dd2d5f52cc55546,True,1.0,1.0,0.9857981387135863,1.0,1.0,1.0,0.9940825577973277
1873,4e0667aa6ead5e7d,True,1.0,1.0,0.9533511677313325,1.0,1.0,1.0,0.980562986554722
1874,53834451cfa75fd0,True,1.0,1.0,0.782419524171885,1.0,1.0,1.0,0.9093414684049521
1875,8b93118c77d25b5d,True,1.0,1.0,1.0,1.0,0.0,1.0,0.8333333333333334
1876,2f4117000a605404,True,1.0,1.0,0.9334484569485392,1.0,1.0,1.0,0.9722701903952246
1877,e3ef42c62ba2595b,True,1.0,1.0,1.0,1.0,1.0,1.0,1.0
1878,66225fc71bd35554,True,1.0,1.0,1.0,1.0,1.0,1.0,1.0
1879,9b09b277214d5623,True,1.0,1.0,1.0,1.0,1.0,0.0,1.0
1880,52ed9777731d5ba8,True,1.0,1.0,0.91226299421525,1.0,1.0,1.0,0.9634429142563542
1881,bcb48691833d5afe,True,1.0,1.0,1.0,1.0,1.0,1.0,1.0
1882,9016f4b84afb5913,True,1.0,1.0,1.0,1.0,1.0,1.0,1.0
1883,6f1be4d182475bc8,True,1.0,1.0,1.0,1.0,1.0,1.0,1.0
1884,eab63019e1825aea,True,1.0,1.0,1.0,1.0,1.0,1.0,1.0
1885,f874757c4b46591b,True,1.0,1.0,0.9303785976755798,1.0,1.0,1.0,0.9709910823648249
1886,927aa2c8ef7d5b5c,True,1.0,1.0,1.0,1.0,1.0,1.0,1.0
1887,d8f68111f5145cc9,True,1.0,1.0,0.9363804524947098,1.0,1.0,1.0,0.9734918552061291
1888,4a46ef99ddf55b8d,True,1.0,1.0,1.0,1.0,1.0,1.0,1.0
1889,71246cbb6de459d6,True,1.0,1.0,0.891450281579063,1.0,1.0,1.0,0.9547709506579429
1890,5dbf07df40a55d2e,True,1.0,1.0,0.9890903925586514,1.0,1.0,1.0,0.9954543302327714
1891,d07c624bab3d5a61,True,1.0,1.0,0.8926499865904375,1.0,1.0,1.0,0.9552708277460157
1892,82b1cb7113515dfb,True,1.0,1.0,1.0,1.0,1.0,1.0,1.0
1893,1893fb783df95146,True,1.0,1.0,1.0,0.0,0.0,0.5,0.4166666666666667
1894,36e3e0f9a589578d,True,1.0,1.0,0.7066300069654033,1.0,1.0,1.0,0.8777625029022514
1895,3c90de2a12a558b2,True,1.0,1.0,0.7382545385683703,1.0,1.0,1.0,0.8909393910701543
1896,8790ecedb8ac580e,True,1.0,1.0,1.0,0.0,1.0,1.0,0.5833333333333334
1897,1537a74401845849,True,1.0,1.0,0.6591776093111805,1.0,1.0,1.0,0.8579906705463252
1898,fbc91394092b5dbb,True,1.0,1.0,0.7739080394941643,1.0,1.0,1.0,0.9057950164559019
1899,619d1afc63c35621,True,1.0,0.0,0.0,1.0,1.0,1.0,0.0
1900,99e3b8d3211f53d7,True,1.0,1.0,0.7405737301001664,1.0,1.0,1.0,0.8919057208750694
1901,565e485cbedb506f,True,1.0,1.0,0.8808696166835155,1.0,1.0,1.0,0.9503623402847982
1902,373707159e77583c,True,1.0,1.0,0.9003493603379059,1.0,1.0,1.0,0.9584789001407942
1903,cbd04a396e145288,True,1.0,1.0,1.0,1.0,1.0,1.0,1.0
1904,f11cf1d1b58454d8,True,1.0,1.0,0.849245191048248,1.0,1.0,1.0,0.9371854962701033
1905,a164681774715cea,True,1.0,1.0,0.7629303276593319,1.0,1.0,1.0,0.901220969858055
1906,f05325ffb9425a4b,True,1.0,1.0,1.0,1.0,1.0,1.0,1.0
1907,276396e455bb57b5,True,1.0,1.0,0.6298110975674269,1.0,1.0,1.0,0.8457546239864279
1908,e69f96075afb5d86,True,1.0,1.0,0.9243797748654043,1.0,1.0,1.0,0.9684915728605851
1909,26af85cbc2d15e05,True,1.0,1.0,0.9910904396592412,1.0,1.0,1.0,0.9962876831913504
1910,6828c3caaaca56e1,True,1.0,1.0,0.8721017902108046,1.0,1.0,1.0,0.9467090792545019
1911,0e27333e64a45dfb,True,1.0,1.0,0.802218650304862,1.0,1.0,1.0,0.9175911042936925
1912,ef81756601bc569f,True,1.0,1.0,0.9192990190355187,1.0,1.0,1.0,0.9663745912647995
1913,1a1aa689c53951ba,True,1.0,1.0,1.0,0.0,1.0,1.0,0.5833333333333334
1914,2087ff145dae502d,True,1.0,1.0,1.0,1.0,1.0,1.0,1.0
1915,2f1f5a4351e15458,True,1.0,1.0,0.867682732163486,1.0,1.0,1.0,0.9448678050681192
1916,6c00b2782d3b5f6e,True,1.0,1.0,0.8197947488330365,1.0,1.0,1.0,0.9249144786804319
1917,342953cadb9f57b2,True,1.0,1.0,0.9133216691154907,1.0,1.0,1.0,0.9638840287981211
1918,291d82d04ec359e0,True,1.0,1.0,0.7499189015404895,1.0,1.0,1.0,0.8957995423085373
1919,a1e8639c17ac5089,True,1.0,1.0,1.0,1.0,1.0,1.0,1.0
1920,c2116c7a0b15556d,True,1.0,1.0,0.8962131898756405,1.0,1.0,1.0,0.9567554957815169
1921,d1ac97f2f57553d0,True,1.0,1.0,0.7790056164463969,1.0,1.0,1.0,0.9079190068526654
1922,5237b49651b35ffb,True,1.0,1.0,1.0,1.0,1.0,1.0,1.0
1923,c86e7d3c0dfb57bd,True,1.0,1.0,1.0,1.0,1.0,1.0,1.0
1924,32648fe3eaa45ed1,True,1.0,1.0,0.9101617427250833,1.0,1.0,1.0,0.962567392802118
1925,b4c9294d8e3952b8,True,1.0,1.0,0.5999815422371376,1.0,1.0,1.0,0.8333256425988074
1926,8d06ea883e7853a9,True,1.0,1.0,0.7737517978472069,1.0,1.0,1.0,0.9057299157696695
1927,4581d95a873c5679,True,1.0,0.0,0.0,0.0,1.0,0.0,0.0
1928,7f890846214d583a,True,1.0,1.0,0.7273627604803832,1.0,1.0,1.0,0.8864011502001596
1929,755461a5329554de,True,1.0,1.0,0.8641727754322699,1.0,1.0,1.0,0.943405323096779
1930,08ebfd6fbc145517,True,1.0,1.0,0.9068725734123086,1.0,1.0,1.0,0.9611969055884618
1931,c3bb1d6556d95d40,True,1.0,1.0,0.8826011601605959,1.0,1.0,1.0,0.9510838167335817
1932,be027cd33b835419,True,1.0,1.0,0.8648423048449628,1.0,1.0,1.0,0.9436842936854012
1933,83dd1484eb265a3c,True,1.0,1.0,1.0,1.0,1.0,1.0,1.0
1934,3d86e3fc3499578f,True,1.0,1.0,1.0,1.0,1.0,1.0,1.0
1935,b4f6a0719d2a5670,True,1.0,1.0,0.8753670549564178,1.0,1.0,1.0,0.9480696062318407
1936,1e6597b57a335949,True,1.0,1.0,1.0,1.0,1.0,1.0,1.0
1937,4543b41a1fec5a97,True,1.0,1.0,0.8639149030572072,1.0,1.0,1.0,0.9432978762738363
1938,2ee44628526e524c,True,1.0,1.0,0.7797606587213383,1.0,1.0,1.0,0.9082336078005576
1939,ba8e8393326d5652,True,1.0,1.0,0.9533842997389553,1.0,1.0,1.0,0.9805767915578981
1940,af335d636f4c516e,True,1.0,1.0,0.9243270039609276,1.0,1.0,1.0,0.9684695849837199
1941,7bcc91de36385afe,True,1.0,1.0,0.835228483780491,1.0,1.0,0.0,0.9313452015752045
1942,81286af2aa9c5e17,True,1.0,1.0,0.5244874591189218,1.0,1.0,1.0,0.801869774632884
1943,222a07b15e165f6f,True,1.0,1.0,1.0,1.0,1.0,1.0,1.0
1944,ac808bd1bfac5425,True,1.0,1.0,0.9543100671353896,1.0,1.0,1.0,0.980962527973079
1945,1407c7f0f32a5738,True,1.0,1.0,1.0,1.0,1.0,1.0,1.0
1946,ab6e020759565f9f,True,1.0,1.0,0.768199641660142,1.0,1.0,1.0,0.9034165173583926
1947,4a29aee6f5bd5073,True,1.0,1.0,0.6019157476526491,1.0,1.0,1.0,0.8341315615219371
1948,be87511d69ba58e7,True,1.0,1.0,0.917609177123981,1.0,1.0,1.0,0.9656704904683254
1949,143989e6ed115458,True,1.0,1.0,0.8373058798964764,1.0,1.0,1.0,0.9322107832901985
1950,dfb6fbca92bb5183,True,1.0,1.0,0.8256379049048419,1.0,1.0,1.0,0.9273491270436841
1951,41f3712a30b956e6,True,1.0,1.0,0.8541329885460425,1.0,1.0,1.0,0.939222078560851
1952,1f55063084fd593c,True,1.0,1.0,1.0,1.0,1.0,1.0,1.0
1953,b5cb26f114e3558e,True,0.0,1.0,0.0,0.0,1.0,1.0,0.0
1954,8d90099a801d5682,True,1.0,1.0,1.0,1.0,1.0,1.0,1.0
1955,dc4b44d8961e538a,True,1.0,1.0,0.7668047433703967,1.0,1.0,1.0,0.9028353097376653
1956,2ee0fbae6edc5e0d,True,1.0,1.0,1.0,1.0,1.0,1.0,1.0
1957,d46f1077421c5c75,True,1.0,1.0,1.0,0.0,1.0,1.0,0.5833333333333334
1958,e54d150b34215b84,True,1.0,1.0,0.6523701106506884,1.0,1.0,1.0,0.8551542127711201
1959,5517642e588e59d0,True,1.0,1.0,0.622448772850845,1.0,1.0,1.0,0.8426869886878521
1960,a4f2f32aa59f53b9,True,1.0,1.0,0.9396069476192623,1.0,1.0,1.0,0.9748362281746926
1961,184ad79fb6555bf0,True,1.0,1.0,0.8641622715902259,1.0,1.0,1.0,0.9434009464959274
1962,feb90d2112ec57cf,True,1.0,1.0,0.657220473823412,1.0,1.0,1.0,0.8571751974264217
1963,c169cf799b165800,True,1.0,1.0,0.5926861205337013,1.0,1.0,1.0,0.8302858835557089
1964,7ed4005bb9385a16,True,1.0,1.0,0.8733988508787723,1.0,1.0,1.0,0.9472495211994886
1965,08e2e519ac1e5226,True,1.0,1.0,1.0,1.0,1.0,1.0,1.0
1966,095042ae1f985c39,True,1.0,1.0,0.624400177487765,1.0,1.0,1.0,0.8435000739532353
1967,31cdd1b336305b1a,True,1.0,1.0,0.8001132795492402,1.0,1.0,1.0,0.9167138664788501
1968,b389efc36b545908,True,1.0,1.0,0.998915919916346,1.0,1.0,0.5,0.9995482999651442
1969,d42d0a93b7185161,True,1.0,1.0,0.7302198415552404,1.0,1.0,1.0,0.8875916006480168
1970,3d4616d64a4c5f53,True,1.0,1.0,0.9920088837742511,1.0,1.0,1.0,0.9966703682392714
1971,a25c025ea58d5409,True,1.0,1.0,0.9698568964544492,1.0,1.0,1.0,0.9874403735226872
1972,0f622aef14545f59,True,1.0,1.0,0.7745159412023025,1.0,1.0,1.0,0.9060483088342927
1973,a32383d18e5351cc,True,1.0,1.0,0.15576945359287506,1.0,1.0,1.0,0.6482372723303645
1974,87100d8379c158cc,True,1.0,1.0,1.0,1.0,1.0,1.0,1.0
1975,3a36b098acee53b9,True,1.0,1.0,1.0,1.0,1.0,1.0,1.0
1976,b2f320b5d94753f9,True,1.0,1.0,0.6949149109081109,1.0,1.0,1.0,0.8728812128783795
1977,4024c1a4953e57a7,True,1.0,1.0,0.9753645255316594,1.0,1.0,1.0,0.9897352189715248
1978,5d5d1442b83d5c5c,True,1.0,1.0,0.728269706800329,1.0,1.0,1.0,0.8867790445001371
1979,96c8893a610b51ba,True,1.0,1.0,0.7583475886875576,1.0,1.0,1.0,0.8993114952864824
1980,03aa8a0576a25b63,True,1.0,1.0,0.6932593352267707,1.0,1.0,1.0,0.8721913896778212
1981,38f4eed7d2cb5cc0,True,1.0,1.0,1.0,1.0,1.0,1.0,1.0
1982,236c1e1f86ec5e98,True,1.0,1.0,0.9676634848418272,1.0,1.0,1.0,0.9865264520174281
1983,b3b8544db9025d6a,True,1.0,1.0,1.0,1.0,1.0,1.0,1.0
1984,7766bcc52078528c,True,1.0,1.0,1.0,1.0,1.0,1.0,1.0
1985,1a8da8e47d235dbe,True,1.0,1.0,0.938411455677258,1.0,1.0,1.0,0.9743381065321909
1986,69f27d25f8a45de1,True,1.0,1.0,1.0,1.0,1.0,1.0,1.0
1987,613770d7f39051be,True,1.0,1.0,0.9795114071389066,1.0,1.0,1.0,0.9914630863078777
1988,33e37f9d760a56b1,True,1.0,1.0,0.8740327325182197,1.0,1.0,1.0,0.9475136385492582
1989,163c9ec0110e5384,True,1.0,1.0,0.7101391481564355,1.0,1.0,1.0,0.8792246450651815
1990,b77b106f469055bd,True,1.0,1.0,0.8076797685461701,1.0,1.0,1.0,0.9198665702275708
1991,6e49f2f1c4e456f1,True,1.0,1.0,0.6468053547213047,1.0,1.0,1.0,0.8528355644672102
1992,5fadffd02da256e5,True,1.0,1.0,0.7790993287872637,1.0,1.0,1.0,0.90795805366136
1993,0cdeb48fac9d5292,True,1.0,1.0,0.7756649001935779,1.0,1.0,1.0,0.906527041747324
1994,2e5997dafce45eb2,True,1.0,1.0,0.7052182214948793,1.0,1.0,1.0,0.8771742589561997
1995,7fcd3691c57b5f49,True,1.0,1.0,0.8895520758649366,1.0,1.0,1.0,0.9539800316103902
1996,cdae0433bb5d5b9e,True,1.0,1.0,1.0,1.0,1.0,1.0,1.0
1997,2cbf505c735c5c34,True,1.0,1.0,0.838548154433684,1.0,1.0,1.0,0.9327283976807017
1998,cc8b8b4ae726592a,True,1.0,1.0,1.0,1.0,1.0,1.0,1.0
1999,fbf2eaa61abb5a2f,True,1.0,1.0,0.9248239974905198,1.0,1.0,1.0,0.9686766656210498
2000,1693d395bec753ae,True,1.0,1.0,1.0,1.0,1.0,1.0,1.0
2001,cb1d400e9da85f43,True,1.0,1.0,1.0,1.0,1.0,1.0,1.0
2002,f1494fd9840c5014,True,1.0,1.0,1.0,1.0,1.0,1.0,1.0
2003,08e03654c0ca5151,True,1.0,1.0,0.9370784557823016,1.0,1.0,1.0,0.9737826899092923
2004,52c6827af61d5b87,True,0.0,1.0,0.0,0.0,1.0,1.0,0.0
2005,8a43e10749585b21,True,1.0,1.0,0.8346139725269809,1.0,1.0,1.0,0.9310891552195754
2006,2805fe41d7d9543a,True,1.0,1.0,0.7206269158609496,1.0,1.0,1.0,0.8835945482753956
2007,7900996a42f35f67,True,1.0,1.0,1.0,1.0,1.0,1.0,1.0
2008,b845e97a49a75cd0,True,1.0,1.0,0.7384576475674447,1.0,1.0,1.0,0.8910240198197686
2009,ad2ceb40a046543c,True,1.0,1.0,1.0,1.0,1.0,1.0,1.0
2010,20ec6765e35d5cd1,True,1.0,1.0,1.0,1.0,1.0,1.0,1.0
2011,b30e51044c885122,True,1.0,1.0,1.0,1.0,1.0,1.0,1.0
2012,d577027e9c295bde,True,0.0,1.0,0.0,0.0,1.0,1.0,0.0
2013,dd72153f54fa59e7,True,1.0,1.0,0.7240731988460268,1.0,1.0,1.0,0.8850304995191779
2014,d8952813d8de574d,True,1.0,1.0,0.9155355849691241,1.0,1.0,1.0,0.964806493737135
2015,1935e5d682ff5981,True,1.0,1.0,0.7825033405116073,1.0,1.0,1.0,0.9093763918798364
2016,b6589175626f5510,True,1.0,1.0,0.7045018052256495,1.0,1.0,1.0,0.8768757521773539
2017,2a04d84433e6576f,True,1.0,1.0,0.9148860902524134,1.0,1.0,1.0,0.9645358709385056
2018,f7d2b771e8425c20,True,1.0,1.0,0.7226512984411231,1.0,1.0,1.0,0.8844380410171345
2019,2a30c259f67c561d,True,1.0,1.0,0.6641335845471664,1.0,1.0,1.0,0.8600556602279861
2020,c13f0e8db9b15c69,True,1.0,1.0,1.0,1.0,1.0,1.0,1.0
2021,963ea50b7eb2554b,True,1.0,1.0,1.0,1.0,1.0,1.0,1.0
2022,1eed252c6ca25157,True,1.0,1.0,0.5529537826753945,1.0,1.0,1.0,0.8137307427814143
2023,8781cde1032354cb,True,1.0,1.0,1.0,1.0,1.0,1.0,1.0
2024,ccfe1da323ed53a9,True,1.0,1.0,0.7275355746109923,1.0,1.0,1.0,0.8864731560879134
2025,5379d354b9b95048,True,1.0,0.0,0.0,1.0,1.0,1.0,0.0
2026,b0a7f01e57205fb4,True,1.0,1.0,0.4475127198771951,1.0,1.0,1.0,0.7697969666154979
2027,9fe07284cb3f5e0a,True,1.0,1.0,0.8334670130954718,1.0,1.0,1.0,0.9306112554564466
2028,90c6b53ec4a252bc,True,1.0,1.0,1.0,1.0,1.0,1.0,1.0
2029,ef9b600e65ac5391,True,1.0,1.0,0.7512872062643677,1.0,1.0,1.0,0.8963696692768198
2030,08dfae1bbef35bdc,True,1.0,1.0,0.789428677831279,1.0,1.0,1.0,0.9122619490963663
2031,cb61b4237ad25a7c,True,1.0,1.0,0.8609965978233268,1.0,1.0,1.0,0.9420819157597196
2032,67c138fc9ac459b5,True,1.0,0.0,0.0,1.0,1.0,1.0,0.0
2033,28ecbec6051d5527,True,1.0,0.0,0.0,1.0,1.0,1.0,0.0
2034,0d2ff90baf395430,True,1.0,1.0,1.0,1.0,1.0,1.0,1.0
2035,d5f845d28a5e513f,True,1.0,1.0,0.7892529324622188,1.0,1.0,1.0,0.9121887218592578
2036,9248ce20618c5513,True,1.0,1.0,0.932697064117291,1.0,1.0,1.0,0.9719571100488712
2037,f3c6560a01e55c94,True,1.0,1.0,1.0,1.0,1.0,1.0,1.0
2038,55eed45c895852b9,True,1.0,1.0,1.0,1.0,1.0,1.0,1.0
2039,7022b42a3743507a,True,1.0,1.0,1.0,1.0,1.0,1.0,1.0
2040,e71bd2560b255f76,True,1.0,0.0,0.0,1.0,1.0,1.0,0.0
2041,1270261ff182534f,True,1.0,1.0,0.773388266737077,1.0,1.0,1.0,0.9055784444737821
2042,c4fbbd685a1953c5,True,1.0,1.0,0.9346096521493739,1.0,1.0,1.0,0.9727540217289058
2043,e7b780eed68e5ce3,True,1.0,0.0,0.0,1.0,1.0,1.0,0.0
2044,f14a3d3672035597,True,1.0,1.0,1.0,1.0,1.0,1.0,1.0
2045,20ffc5c3de7c591a,True,1.0,1.0,0.7647786615293014,1.0,1.0,1.0,0.9019911089705422
2046,d12c5ba59acf55a0,True,1.0,1.0,0.9470998254601526,1.0,1.0,1.0,0.9779582606083969
2047,3d11d1a35e8f500d,True,1.0,1.0,0.992384608385059,0.0,1.0,1.0,0.5801602534937745
2048,8b794f146fda58da,True,1.0,1.0,0.8486867870362734,1.0,1.0,1.0,0.9369528279317807
2049,8676d43a96795310,True,1.0,1.0,0.8727268569838604,1.0,1.0,1.0,0.9469695237432751
2050,4763f30d505c5ea6,True,1.0,1.0,0.6400757268079664,1.0,1.0,0.5,0.8500315528366528
2051,111cb2c23a325817,True,1.0,1.0,0.703157485772419,1.0,1.0,1.0,0.8763156190718412
2052,581a74871330567f,True,1.0,1.0,1.0,1.0,1.0,1.0,1.0
2053,269e03fbbb4c5856,True,1.0,1.0,1.0,1.0,1.0,1.0,1.0
2054,71f883f1ec8f5e37,True,1.0,1.0,1.0,1.0,1.0,1.0,1.0
2055,c68108211dfa57e0,True,1.0,1.0,0.6129825581709256,1.0,1.0,1.0,0.838742732571219
2056,b12faa3892185d8f,True,1.0,1.0,0.5380412365258483,1.0,1.0,1.0,0.8075171818857702
2057,5004df3161065742,True,1.0,1.0,0.6836167840510059,1.0,1.0,1.0,0.8681736600212524
2058,f3738f5be59d5d10,True,1.0,1.0,1.0,1.0,1.0,1.0,1.0
2059,cd1234d5b4b2570d,True,1.0,1.0,0.6453054801971364,1.0,1.0,1.0,0.8522106167488067
2060,38d08753fa4651c2,True,0.0,1.0,0.0,0.0,1.0,1.0,0.0
2061,0d09772186295ff0,True,1.0,1.0,0.9509760847682308,1.0,1.0,1.0,0.9795733686534295
2062,d22135cc2a13514f,True,1.0,1.0,1.0,1.0,1.0,1.0,1.0
2063,2eb015a011ac5fa2,True,1.0,1.0,0.9996285602444406,1.0,1.0,1.0,0.9998452334351836
2064,ba7d6b30a3a15384,True,1.0,1.0,0.7975393381053646,1.0,1.0,1.0,0.9156413908772353
2065,45d6c16000b75270,True,1.0,1.0,1.0,1.0,1.0,1.0,1.0
2066,6d5f5983c8eb5615,True,1.0,1.0,0.7936737170142931,1.0,1.0,1.0,0.9140307154226223
2067,56587c89d25856b7,True,1.0,0.0,0.0,1.0,1.0,0.5,0.0
2068,4ae7296f92115e83,True,1.0,1.0,0.8460439769698631,1.0,1.0,1.0,0.9358516570707763
2069,dc05b41a768b5015,True,1.0,1.0,0.6524403872482157,1.0,1.0,1.0,0.8551834946867566
2070,82c913dd14e05a84,True,1.0,1.0,1.0,1.0,1.0,1.0,1.0
2071,5e5b6eaacd3f5bdd,True,0.0,1.0,0.0,0.0,1.0,1.0,0.0
2072,6410f5684be757b5,True,1.0,1.0,1.0,0.0,1.0,1.0,0.5833333333333334
2073,46320fa2dc795a5a,True,1.0,1.0,0.9852266299315621,1.0,1.0,1.0,0.993844429138151
2074,51259bf89422548a,True,1.0,1.0,0.8441686763463168,1.0,1.0,1.0,0.9350702818109653
2075,16ac515a3ba45d76,True,1.0,1.0,0.6999360594814431,1.0,1.0,1.0,0.874973358117268
2076,e55bd804e572502a,True,1.0,1.0,0.9913060595786276,1.0,1.0,1.0,0.9963775248244282
2077,6ed328b05b54553e,True,1.0,1.0,0.6293147002896639,1.0,1.0,1.0,0.84554779178736
2078,39c08e30ff9255ef,True,1.0,1.0,1.0,1.0,1.0,1.0,1.0
2079,026e84581e0f5044,True,1.0,1.0,0.8006787819606139,1.0,1.0,1.0,0.9169494924835891
2080,505e82147a375933,True,0.0,1.0,0.0,0.0,1.0,1.0,0.0
2081,b87c15c9f6cf54eb,True,1.0,1.0,1.0,1.0,1.0,1.0,1.0
2082,3bae0e44f3095a9c,True,1.0,1.0,0.6533069525802355,1.0,1.0,1.0,0.8555445635750981
2083,3047f87f67555d16,True,1.0,1.0,1.0,1.0,1.0,1.0,1.0
2084,c195a8cb7ccb59fd,True,1.0,0.0,0.0,1.0,1.0,1.0,0.0
2085,23f357c023c2584f,True,1.0,1.0,0.6697328195342145,1.0,1.0,1.0,0.8623886748059227
2086,517e199220ca522b,True,1.0,1.0,0.9589156002372599,1.0,1.0,1.0,0.9828815000988582
2087,578a5ef598b9521f,True,1.0,1.0,1.0,1.0,1.0,1.0,1.0
2088,98c7a48dd75052ab,True,0.0,1.0,0.0,0.0,1.0,0.5,0.0
2089,f9a9b5ee707e501e,True,0.0,1.0,0.0,0.0,1.0,0.5,0.0
2090,27b5c3ce868856a2,True,1.0,1.0,0.8978852682310381,1.0,1.0,1.0,0.9574521950962659
2091,ed1a1174e6aa5270,True,1.0,1.0,1.0,1.0,1.0,1.0,1.0
2092,20c8f9038443596e,True,1.0,1.0,0.8049819550787575,1.0,1.0,1.0,0.9187424812828157
2093,d4187db8dc625207,True,1.0,1.0,0.9338896152720496,1.0,1.0,1.0,0.9724540063633539
2094,40d51aff75a85ab9,True,1.0,1.0,0.7257534933995107,1.0,1.0,1.0,0.8857306222497962
2095,f5d8dc03a0555cdc,True,1.0,1.0,0.9855039959940348,1.0,1.0,1.0,0.9939599983308479
2096,e05b464c21d0597d,True,1.0,1.0,1.0,1.0,1.0,1.0,1.0
2097,2ba3f7adca335912,True,1.0,1.0,1.0,1.0,0.0,0.5,0.8333333333333334
2098,ad7d51bd1b7055ca,True,1.0,1.0,0.7275168178979793,1.0,1.0,1.0,0.8864653407908247
2099,4755336a0e225d97,True,1.0,1.0,1.0,1.0,1.0,1.0,1.0
2100,faf6d9be89f0538c,True,1.0,1.0,0.7120444193270398,1.0,1.0,1.0,0.8800185080529332
2101,28123c233d33567e,True,1.0,1.0,0.8848722260570111,1.0,1.0,1.0,0.9520300941904214
2102,239cb4818dc458fd,True,1.0,1.0,1.0,1.0,1.0,1.0,1.0
2103,5d5cef2e5d6b5d6b,True,1.0,1.0,0.7718867599758624,0.0,1.0,1.0,0.4882861499899427
2104,dcd3886f044a5e29,True,1.0,1.0,0.7550365607229041,1.0,1.0,1.0,0.89793190030121
2105,748779bcdb5b5a49,True,1.0,1.0,0.9702422681993186,1.0,1.0,1.0,0.9876009450830493
2106,8b1d45137881582a,True,1.0,1.0,0.5693089934962913,1.0,1.0,1.0,0.820545413956788
2107,cbe2fffee4105dbf,True,1.0,1.0,0.7803883242640842,1.0,1.0,1.0,0.9084951351100351
2108,690fef019ad25dd6,True,1.0,1.0,1.0,1.0,1.0,1.0,1.0
2109,9aea5cdc656458a0,True,1.0,1.0,1.0,1.0,1.0,1.0,1.0
2110,4b9627827aff5013,True,1.0,1.0,1.0,1.0,1.0,1.0,1.0
2111,4c5c196977b255f5,True,1.0,1.0,0.8679851237350389,1.0,1.0,1.0,0.9449938015562663
2112,6004740a8a8052f8,True,1.0,1.0,0.9372429684851478,1.0,1.0,1.0,0.9738512368688115
2113,62515ff6d52a5e89,True,1.0,1.0,0.8174505867198019,1.0,1.0,1.0,0.923937744466584
2114,3baa70a146f055d2,True,1.0,1.0,0.8024288353535076,1.0,1.0,1.0,0.9176786813972949
2115,eb2304df049d5ce3,True,1.0,1.0,1.0,1.0,1.0,1.0,1.0
2116,f5cf721a02df5ba1,True,1.0,1.0,0.826547355393256,1.0,1.0,1.0,0.9277280647471899
2117,dd9b1479609c5c59,True,1.0,0.0,0.0,1.0,1.0,1.0,0.0
2118,3ff5c9a5bd155bb2,True,1.0,1.0,1.0,1.0,1.0,1.0,1.0
2119,3cf6bf2e7992584c,True,1.0,1.0,1.0,1.0,1.0,1.0,1.0
2120,6871543e963f5bdf,True,1.0,1.0,0.6905089000579078,1.0,1.0,1.0,0.8710453750241283
2121,6d2178f2992f5d22,True,1.0,1.0,0.6010702836013662,1.0,1.0,1.0,0.8337792848339026
2122,6e49c17c51db5a5c,True,1.0,1.0,0.596088067337239,1.0,1.0,1.0,0.8317033613905163
2123,ca4f746c0a4f5396,True,1.0,1.0,0.7033751144259002,1.0,1.0,1.0,0.8764062976774584
2124,02f75336f9f55e4f,True,1.0,1.0,0.652536664018316,1.0,1.0,0.5,0.8552236100076316
2125,d8d39177bd96593d,True,1.0,1.0,0.783709069309613,1.0,1.0,1.0,0.9098787788790054
2126,8b06db3e6e4355d3,True,0.0,1.0,0.0,0.0,1.0,1.0,0.0
2127,fc1b6762387f5209,True,1.0,1.0,0.8996347318493281,1.0,1.0,1.0,0.9581811382705534
2128,ad3d0b30c78355d4,True,1.0,1.0,0.8891415744052928,1.0,1.0,1.0,0.9538089893355387
2129,babd01c3694d5e18,True,1.0,1.0,0.9320242248603812,1.0,1.0,1.0,0.9716767603584922
2130,7eab8efaacef55bb,True,1.0,1.0,1.0,1.0,1.0,1.0,1.0
2131,cc063cc1396551a6,True,1.0,1.0,0.7901998935638326,1.0,1.0,1.0,0.9125832889849302
2132,c8d4707fcc465f8b,True,1.0,1.0,0.9374244636170397,1.0,1.0,1.0,0.9739268598404331
2133,c9395d7ca7f75410,True,1.0,1.0,1.0,1.0,1.0,1.0,1.0
2134,5d7eedc503ef575c,True,1.0,1.0,1.0,1.0,1.0,1.0,1.0
2135,85ab290d4e535060,True,1.0,1.0,1.0,1.0,1.0,1.0,1.0
2136,55e018d3bd3d5abc,True,1.0,1.0,0.9622417244992844,1.0,1.0,1.0,0.9842673852080353
2137,4cd806a126f85b23,True,1.0,1.0,0.9001409685384167,1.0,1.0,1.0,0.9583920702243404
2138,a4ba9521736a59f9,True,1.0,1.0,0.9292390421068399,1.0,1.0,1.0,0.9705162675445166
2139,f41cf739059453a4,True,1.0,1.0,0.5256901310989593,1.0,1.0,1.0,0.8023708879578998
2140,819d34b59e6159ad,True,1.0,1.0,1.0,1.0,1.0,1.0,1.0
2141,7f54c08f50ef5ace,True,1.0,1.0,0.5627474394435358,1.0,1.0,1.0,0.8178114331014732
2142,c41b4666b98e5b92,True,1.0,1.0,1.0,1.0,1.0,1.0,1.0
2143,699a6c3e2fc4597e,True,1.0,1.0,0.8694327956510395,1.0,1.0,1.0,0.9455969981879332
2144,155c42ad43525252,True,1.0,1.0,0.6521773570510052,1.0,1.0,1.0,0.8550738987712522
2145,92a263b537fd5b72,True,1.0,1.0,0.8652847468604662,1.0,1.0,1.0,0.9438686445251943
2146,91aeae3843455c34,True,1.0,1.0,1.0,1.0,1.0,1.0,1.0
2147,62c5045db3c159aa,True,1.0,1.0,1.0,1.0,1.0,1.0,1.0
2148,69bcdc8c577252f4,True,1.0,1.0,1.0,1.0,1.0,1.0,1.0
2149,7dd9388d605c50a1,True,1.0,1.0,0.9114990931569085,1.0,1.0,1.0,0.9631246221487119
2150,19611832f7595b10,True,1.0,1.0,0.6347101160413633,1.0,1.0,0.0,0.8477958816839014
2151,a20beaedf66b59f3,True,1.0,1.0,0.7389018546685125,1.0,1.0,1.0,0.8912091061118802
2152,d1408323ef2357be,True,1.0,1.0,0.8368549717920224,1.0,1.0,1.0,0.9320229049133427
2153,62d4c8dfdef65bc5,True,1.0,1.0,0.8615479635599151,1.0,1.0,1.0,0.942311651483298
2154,0b4a7c2ba59e5a8c,True,1.0,1.0,0.733622555741837,1.0,1.0,1.0,0.8890093982257654
2155,f9f97f2e6d435822,True,1.0,1.0,0.7707565024960377,1.0,1.0,1.0,0.9044818760400157
2156,5a907598a1985222,True,1.0,1.0,0.8714728802180378,1.0,1.0,1.0,0.9464470334241825
2157,d745bef1cebc52e7,True,1.0,1.0,1.0,1.0,1.0,1.0,1.0
2158,8f1247f8436c5208,True,1.0,1.0,0.878787177964526,1.0,1.0,1.0,0.9494946574852191
2159,ff83944cb2845479,True,1.0,1.0,0.7379526328059194,1.0,1.0,1.0,0.8908135970024663
2160,7b263d7980f55503,True,1.0,1.0,0.973156387450756,1.0,1.0,1.0,0.988815161437815
2161,daf715295e7d576b,True,1.0,1.0,1.0,1.0,1.0,1.0,1.0
2162,9dc5a17094e0569d,True,1.0,1.0,1.0,1.0,1.0,1.0,1.0
2163,1a3c8066b86857b5,True,1.0,0.0,0.0,1.0,1.0,1.0,0.0
2164,43b78800618758d9,True,1.0,1.0,0.8729051326858547,1.0,1.0,1.0,0.9470438052857727
2165,25226305bdff5efd,True,0.0,1.0,0.0,0.0,1.0,1.0,0.0
2166,6e190fde9f8958f1,True,1.0,1.0,0.785636671939172,1.0,1.0,1.0,0.9106819466413216
2167,a9c27d1fdee5599e,True,1.0,1.0,0.9319821790365873,1.0,1.0,1.0,0.9716592412652446
2168,4ac092ec1bee5e7a,True,0.0,1.0,0.0,0.0,1.0,1.0,0.0
2169,d34d0398de585e6c,True,1.0,1.0,0.7365672156383781,1.0,1.0,1.0,0.8902363398493242
2170,21ce6f815188587a,True,1.0,1.0,0.7192002949685662,1.0,1.0,1.0,0.8830001229035692
2171,765dacfed4925185,True,1.0,1.0,1.0,1.0,1.0,1.0,1.0
2172,a8ee480d197e56dd,True,1.0,1.0,1.0,1.0,1.0,1.0,1.0
2173,71031bf46f1b5cb8,True,0.0,1.0,0.0,0.0,1.0,1.0,0.0
2174,10b9d1b254f35a74,True,1.0,1.0,0.6165969040834738,1.0,1.0,1.0,0.8402487100347807
2175,b96ea08d168f5a3d,True,1.0,1.0,0.7928919161141573,1.0,1.0,1.0,0.9137049650475655
2176,580b253c853c5ef9,True,1.0,0.0,0.0,0.0,1.0,1.0,0.0
2177,96c3433ef79a5478,True,1.0,1.0,0.7339802347427303,1.0,1.0,1.0,0.8891584311428042
2178,043524c9126f5893,True,1.0,1.0,0.6996223936864584,1.0,1.0,1.0,0.8748426640360244
2179,8436ac812af859df,True,1.0,1.0,1.0,1.0,1.0,1.0,1.0
2180,3d6cbc2a95885eef,True,1.0,1.0,0.9910615179492499,0.0,1.0,1.0,0.5796089658121875
2181,048eb7efa08354e3,True,1.0,1.0,0.8347830154335156,1.0,1.0,1.0,0.9311595897639648
2182,92ebb72e83325bb1,True,1.0,0.0,0.0,1.0,1.0,1.0,0.0
2183,476ad53b78325ef2,True,1.0,1.0,0.4444735209595558,1.0,1.0,0.5,0.7685306337331482
2184,40ce7057faae541e,True,1.0,1.0,0.8017022336976244,1.0,1.0,1.0,0.9173759307073435
2185,5ad705654fd3547d,True,1.0,1.0,0.8097499439091882,1.0,1.0,1.0,0.9207291432954952
2186,bb249c2d0c8a568c,True,1.0,1.0,0.8558376510897088,1.0,1.0,1.0,0.939932354620712
2187,cfb755b8d37458ac,True,1.0,1.0,0.7992269581380458,0.0,1.0,0.5,0.49967789922418576
2188,9d55692d15dc5155,True,1.0,1.0,1.0,1.0,1.0,1.0,1.0
2189,8912a46529c059a1,True,1.0,1.0,0.8593063614817107,1.0,1.0,1.0,0.9413776506173793
2190,00fcad6d092c5e8e,True,0.0,1.0,0.0,0.0,1.0,0.0,0.0
2191,76b708c365e45536,True,1.0,1.0,0.519935217420507,1.0,1.0,1.0,0.7999730072585445
2192,e2c14ab1fbe350b1,True,1.0,1.0,0.6823785592319407,1.0,1.0,0.5,0.8676577330133086
2193,5ab14dca42a058d9,True,1.0,1.0,0.8787822603464556,1.0,1.0,1.0,0.9494926084776898
2194,90fa31af769c5e8d,True,1.0,1.0,0.9452032121109211,1.0,1.0,1.0,0.9771680050462171
2195,2f525b2a3cf35331,True,1.0,1.0,0.8948947347097829,1.0,1.0,1.0,0.9562061394624095
2196,0e713cce7ce35df0,True,1.0,1.0,1.0,1.0,1.0,1.0,1.0
2197,f77c053616475084,True,1.0,1.0,0.6329465469577623,1.0,1.0,1.0,0.847061061232401
2198,8abfcd61303b52df,True,1.0,1.0,0.7211981394823365,1.0,1.0,1.0,0.8838325581176402
2199,078bc1027dde5d1a,True,1.0,1.0,0.7313315145827445,1.0,1.0,1.0,0.8880547977428103
2200,409ed084cde5554b,True,1.0,1.0,0.8214811912685024,1.0,1.0,1.0,0.9256171630285426
2201,0b6912dfdcf450c1,True,1.0,1.0,1.0,0.0,1.0,1.0,0.5833333333333334
2202,dd43c6087aca5206,True,1.0,1.0,0.7149117065511111,1.0,1.0,1.0,0.881213211062963
2203,27bcec96f13c5426,True,1.0,1.0,0.9415390236255166,1.0,1.0,1.0,0.9756412598439651
2204,5590042a1aaa5f92,True,1.0,1.0,0.984128770018165,1.0,1.0,1.0,0.9933869875075688
2205,2ad9640eb724590d,True,1.0,1.0,0.7633416798841686,1.0,1.0,1.0,0.9013923666184036
2206,190c8d0cece45af1,True,1.0,1.0,1.0,1.0,1.0,1.0,1.0
2207,695beb73604159b7,True,1.0,1.0,1.0,0.0,1.0,1.0,0.5833333333333334
2208,76a0c83f0b6453a0,True,1.0,1.0,1.0,1.0,1.0,1.0,1.0
2209,3266d9113ede5f3c,True,1.0,1.0,0.8477295504839294,1.0,1.0,1.0,0.9365539793683039
2210,71629f355b5e5b19,True,1.0,0.0,0.0,1.0,1.0,1.0,0.0
2211,578adc6dc97d510f,True,1.0,1.0,0.9099951646613155,1.0,1.0,1.0,0.9624979852755482
2212,43cfa12f279355aa,True,1.0,1.0,0.773113218952351,1.0,1.0,1.0,0.9054638412301462
2213,b99d20a078a958b9,True,1.0,1.0,0.8696668838546382,1.0,1.0,1.0,0.9456945349394325
2214,ce6eb4e00dac5ae3,True,1.0,1.0,0.7831771448707362,1.0,1.0,1.0,0.90965714369614
2215,a988872adfe45a71,True,1.0,1.0,1.0,1.0,1.0,1.0,1.0
2216,3b6fb25a1e725f29,True,1.0,1.0,1.0,1.0,1.0,1.0,1.0
2217,0a21cbc65e5b514f,True,1.0,1.0,0.751210274809612,1.0,1.0,1.0,0.896337614504005
2218,b3f47592bf415aa3,True,1.0,1.0,0.7882115736768093,1.0,1.0,1.0,0.9117548223653372
2219,f36dbc258c8b5e17,True,1.0,1.0,1.0,1.0,1.0,1.0,1.0
2220,1423dcf83efa5241,True,1.0,1.0,0.6804980682447194,1.0,1.0,1.0,0.8668741951019664
2221,96eed7e55d4c5f8b,True,1.0,1.0,0.8345420473919207,1.0,1.0,1.0,0.9310591864133002
2222,5cdf559f99b859a4,True,0.0,1.0,0.0,0.0,1.0,1.0,0.0
2223,e3ee2f8d1057557d,True,1.0,1.0,0.7847274687229727,1.0,1.0,1.0,0.9103031119679054
2224,3e7237c8a7815648,True,1.0,1.0,1.0,1.0,1.0,1.0,1.0
2225,002a52b0ed5650da,True,1.0,1.0,0.8071717878689503,1.0,1.0,1.0,0.9196549116120627
2226,e9bfb4821bfd5801,True,1.0,1.0,1.0,1.0,1.0,1.0,1.0
2227,71405d414236553c,True,1.0,1.0,0.7804360578855256,1.0,1.0,1.0,0.908515024118969
2228,c62dafe55b9d538d,True,1.0,1.0,1.0,1.0,1.0,1.0,1.0
2229,8c1e2438ad5f514a,True,1.0,1.0,1.0,1.0,1.0,1.0,1.0
2230,674ebcb39a4d528f,True,1.0,1.0,0.7562910044021356,1.0,1.0,1.0,0.8984545851675566
2231,774006a654915196,True,1.0,1.0,0.7613927900007688,1.0,1.0,1.0,0.900580329166987
2232,406f8b299de35ce2,True,1.0,1.0,0.651939497304238,1.0,1.0,1.0,0.8549747905434325
2233,66e559e29cca52e0,True,1.0,1.0,0.25590296042827626,1.0,1.0,1.0,0.6899595668451152
2234,33fcb42a03535525,True,1.0,1.0,0.7322789282577911,1.0,1.0,1.0,0.8884495534407463
2235,b3b8a7989ba5519f,True,1.0,1.0,1.0,1.0,1.0,1.0,1.0
2236,553c80b72cdc5c04,True,1.0,1.0,0.8132467306002076,1.0,1.0,1.0,0.9221861377500865
2237,431840d399445a32,True,1.0,1.0,0.8009909166912597,1.0,1.0,1.0,0.9170795486213582
2238,03d4ec82e7ac5804,True,1.0,1.0,0.8469469068992285,1.0,1.0,1.0,0.9362278778746784
2239,e045d3abc4e95f52,True,1.0,1.0,0.800529701673578,1.0,1.0,1.0,0.9168873756973243
2240,768ae2e06b1e5d90,True,1.0,1.0,0.8585369238708446,1.0,1.0,1.0,0.9410570516128519
2241,038e954a77a95537,True,1.0,1.0,1.0,1.0,1.0,1.0,1.0
2242,cb8b1f36617c50d4,True,1.0,0.0,0.0,1.0,1.0,1.0,0.0
2243,b3a00387265a5cdc,True,1.0,1.0,1.0,1.0,1.0,1.0,1.0
2244,39b4d546300958ad,True,1.0,1.0,1.0,1.0,1.0,1.0,1.0
2245,4f8d9bfa869553bb,True,1.0,1.0,1.0,1.0,1.0,1.0,1.0
2246,54c208abe15c56e5,True,1.0,1.0,1.0,1.0,1.0,1.0,1.0
2247,e4c83b8feafe5cb4,True,1.0,1.0,0.9836729279854599,0.0,1.0,1.0,0.5765303866606083
2248,ee86c71bc0765fd0,True,1.0,1.0,1.0,1.0,1.0,1.0,1.0
2249,cbd14310b3885779,True,1.0,1.0,0.8175814260367658,1.0,1.0,1.0,0.9239922608486525
2250,1bdfacbfcff75c27,True,1.0,1.0,0.7953193664237805,1.0,1.0,0.5,0.9147164026765752
2251,2818ed317df9550a,True,1.0,1.0,0.6925118129808229,1.0,1.0,1.0,0.8718799220753429
2252,cd828def214c571e,True,1.0,1.0,0.8844496192898953,1.0,1.0,1.0,0.9518540080374563
2253,e1f6c044f4235462,True,1.0,1.0,0.5585758209282341,1.0,1.0,1.0,0.8160732587200975
2254,79c024b87e175129,True,1.0,1.0,0.9817273832693204,1.0,1.0,1.0,0.9923864096955501
2255,a756084987b256e5,True,1.0,1.0,0.768684719546268,1.0,1.0,1.0,0.9036186331442785
2256,798f1981bb285b09,True,1.0,1.0,0.6284443275432573,1.0,1.0,1.0,0.8451851364763572
2257,9933a1df50ff5919,True,1.0,1.0,1.0,1.0,1.0,1.0,1.0
2258,e8d7197f07635cfb,True,1.0,1.0,1.0,1.0,1.0,1.0,1.0
2259,960d5334ae8f54a5,True,1.0,1.0,1.0,1.0,1.0,1.0,1.0
2260,c09d506d3891507c,True,1.0,1.0,0.921730136404672,1.0,1.0,1.0,0.96738755683528
2261,5f2d040ee3bf5c6e,True,1.0,1.0,0.9348033373043684,0.0,1.0,1.0,0.5561680572101535
2262,ab66df989bcc56aa,True,1.0,1.0,0.9336221917672806,1.0,1.0,1.0,0.9723425799030335
2263,b826ee4aedc95b0c,True,1.0,1.0,0.8371482901279477,1.0,1.0,1.0,0.9321451208866449
2264,76375396b08e5143,True,1.0,1.0,1.0,1.0,1.0,1.0,1.0
2265,3b4f49412be55b80,True,1.0,1.0,0.8321768716323542,1.0,1.0,1.0,0.9300736965134808
2266,7d664c7260d45737,True,1.0,1.0,0.9430570456143641,1.0,1.0,1.0,0.9762737690059851
2267,cb50b764d69557b9,True,1.0,1.0,0.992630447372032,1.0,1.0,1.0,0.9969293530716801
2268,c239a3efe5df5739,True,1.0,1.0,0.9085072848092959,1.0,1.0,1.0,0.9618780353372066
2269,5138bac9ac59508f,True,1.0,1.0,0.7589262783098085,1.0,1.0,1.0,0.8995526159624202
2270,6d7754fdda3a50a6,True,1.0,1.0,0.8490238418882019,1.0,1.0,1.0,0.9370932674534175
2271,dc97241b7037592b,True,1.0,1.0,0.9755622580348206,1.0,1.0,1.0,0.9898176075145085
2272,747f309bac56509f,True,1.0,1.0,0.9121801587133721,1.0,1.0,1.0,0.963408399463905
2273,a452d968db965d77,True,1.0,1.0,0.8910418711620149,1.0,1.0,1.0,0.9546007796508396
2274,07c46d77aba054ec,True,1.0,1.0,1.0,1.0,1.0,0.5,1.0
2275,e36762528cdb5e37,True,1.0,1.0,0.879458073760966,1.0,1.0,1.0,0.9497741974004025
2276,2bc2525a4ee95ef4,True,1.0,1.0,1.0,1.0,1.0,1.0,1.0
2277,994c2c1c459b5cc8,True,1.0,1.0,0.688362337780921,1.0,1.0,1.0,0.8701509740753838
2278,54fbe498c745542e,True,1.0,1.0,1.0,1.0,1.0,1.0,1.0
2279,0722adecc3d45ac4,True,1.0,1.0,0.9771941018786103,1.0,1.0,1.0,0.9904975424494209
2280,4d0df74bfb035f8a,True,1.0,1.0,0.6283044719245896,1.0,1.0,1.0,0.8451268633019123
2281,82e565141eb55f88,True,1.0,1.0,0.99254085821124,1.0,1.0,1.0,0.9968920242546834
2282,cdc8b2ccd20f5c80,True,1.0,1.0,0.8578010116246637,1.0,1.0,1.0,0.9407504215102765
2283,50d6986491d3510a,True,0.0,1.0,0.0,0.0,1.0,1.0,0.0
2284,2ef107f7be2351a5,True,1.0,1.0,0.9406831799274294,1.0,1.0,1.0,0.9752846583030955
2285,b4afab5329e95368,True,1.0,1.0,0.9300415276774707,1.0,1.0,1.0,0.9708506365322794
2286,9c100482944751b3,True,1.0,1.0,0.9083710197861441,1.0,1.0,1.0,0.9618212582442268
2287,748d7e95687d5d26,True,1.0,1.0,1.0,0.0,1.0,1.0,0.5833333333333334
2288,ae02e969e8595cca,True,1.0,1.0,0.7947758669363406,1.0,1.0,1.0,0.9144899445568085
2289,b156e8110afb5efd,True,1.0,1.0,0.8526143066029124,1.0,1.0,1.0,0.9385892944178802
2290,435eadb0f1fe5b49,True,1.0,1.0,1.0,1.0,1.0,1.0,1.0
2291,55b7f0c50f4a5157,True,1.0,1.0,1.0,1.0,1.0,1.0,1.0
2292,078f05d9e9c05230,True,1.0,1.0,0.7772860892410908,1.0,1.0,1.0,0.9072025371837878
2293,ad0701a39edd5c5a,True,1.0,1.0,0.9203894608880948,1.0,1.0,1.0,0.9668289420367061
2294,071b435a4f4057e0,True,1.0,1.0,0.8772200955290897,1.0,1.0,1.0,0.9488417064704541
2295,c84475f2d8475f9d,True,1.0,1.0,0.8918504809382293,1.0,1.0,1.0,0.9549377003909288
2296,502fadfdde3554b2,True,1.0,1.0,0.9291394543437104,1.0,1.0,1.0,0.9704747726432127
2297,dd2b5010e1d25d72,True,1.0,1.0,0.8732747618604753,1.0,1.0,1.0,0.9471978174418648
2298,943c308c85d25ee5,True,1.0,1.0,0.7655426119327291,1.0,1.0,1.0,0.9023094216386371
2299,0ebdf3a905ba522f,True,1.0,1.0,0.8632857239320315,1.0,1.0,1.0,0.9430357183050132
2300,cedd32ec31e45cd9,True,1.0,1.0,0.7501070083092952,1.0,1.0,1.0,0.895877920128873
2301,fd9b66480e895706,True,1.0,1.0,0.7144608598216287,1.0,1.0,1.0,0.881025358259012
2302,fc4bdb76d30553b0,True,1.0,1.0,0.9405444542527825,1.0,1.0,1.0,0.9752268559386593
2303,4fbfc7dc71db50e2,True,1.0,1.0,0.8036542774982957,1.0,1.0,1.0,0.9181892822909564
2304,8e274784672a514b,True,1.0,1.0,1.0,1.0,1.0,1.0,1.0
2305,d7ff11915cdf538e,True,1.0,1.0,1.0,1.0,1.0,1.0,1.0
2306,352fabb819b95d6c,True,1.0,1.0,0.5634803222232273,1.0,1.0,1.0,0.8181168009263446
2307,85164858b3e55841,True,1.0,1.0,0.8774367259601489,1.0,1.0,1.0,0.9489319691500621
2308,6387e5c4dd2f5e2a,True,1.0,1.0,0.7656418810633097,1.0,1.0,1.0,0.9023507837763791
2309,b961186653e45dc2,True,1.0,1.0,0.8563368187324738,1.0,1.0,1.0,0.9401403411385307
2310,b3de01e79b725ae4,True,1.0,1.0,0.9384991105300846,1.0,1.0,1.0,0.9743746293875354
2311,79bba6381fb85a36,True,1.0,1.0,0.9261355041354957,1.0,1.0,1.0,0.9692231267231232
2312,b81c602d68a25e90,True,1.0,1.0,0.9052318594406997,1.0,1.0,1.0,0.9605132747669582
2313,257d737fc3865fd1,True,1.0,1.0,0.42224267812996114,1.0,1.0,1.0,0.7592677825541504
2314,ae643fddc1195062,True,1.0,1.0,1.0,1.0,1.0,1.0,1.0
2315,667360ba7d595e46,True,1.0,1.0,0.6920892458532679,1.0,1.0,1.0,0.8717038524388615
2316,471869e791085ef6,True,1.0,1.0,0.9244248375269776,1.0,1.0,1.0,0.968510348969574
2317,f15b772180455c2f,True,1.0,1.0,0.7152712767967804,1.0,1.0,1.0,0.8813630319986586
2318,98c050c637ca5909,True,1.0,1.0,0.7154071065881747,1.0,1.0,1.0,0.8814196277450729
2319,906d7e590245576a,True,1.0,1.0,0.5285059352065203,1.0,1.0,1.0,0.8035441396693835
2320,24e06c38547d5976,True,1.0,1.0,1.0,1.0,1.0,1.0,1.0
2321,d32f8367252b53b1,True,1.0,1.0,1.0,1.0,1.0,1.0,1.0
2322,402ec186b8ea545e,True,1.0,1.0,0.984084882913843,1.0,1.0,1.0,0.9933687012141013
2323,959a7f2070f551e9,True,1.0,1.0,0.6717080153438064,1.0,1.0,1.0,0.8632116730599194
2324,32a409f974555830,True,1.0,1.0,1.0,1.0,1.0,1.0,1.0
2325,cba43d02cf795a0f,True,1.0,1.0,1.0,1.0,1.0,1.0,1.0
2326,8237f47b224952b4,True,1.0,1.0,0.9920820418272411,1.0,1.0,1.0,0.9967008507613505
2327,b8554777b68750e7,True,1.0,1.0,0.7858832691555301,1.0,1.0,1.0,0.9107846954814708
2328,48f9e483baaf58a0,True,1.0,1.0,0.7372770050766932,1.0,1.0,1.0,0.8905320854486222
2329,ed77d7ff214f53aa,True,1.0,1.0,0.9393087938221621,1.0,1.0,1.0,0.9747119974259008
2330,30d90432ffb357cf,True,1.0,1.0,0.9039497879727318,1.0,1.0,1.0,0.9599790783219716
2331,355dadd64723531e,True,1.0,1.0,0.9383274931531542,1.0,1.0,1.0,0.9743031221471475
2332,67c2aef1f35a523e,True,1.0,1.0,1.0,1.0,1.0,1.0,1.0
2333,f3f0ebe8d9185b69,True,1.0,1.0,0.8055301065417123,1.0,1.0,1.0,0.9189708777257134
2334,4d9c7a900c6c5081,True,1.0,1.0,0.7588527546505369,1.0,1.0,1.0,0.8995219811043903
2335,01d3726e5bc2576b,True,1.0,1.0,1.0,1.0,1.0,1.0,1.0
2336,14b839d065b358d0,True,1.0,1.0,1.0,1.0,1.0,1.0,1.0
2337,6dfba05513f05909,True,1.0,1.0,0.6109031015238117,1.0,1.0,1.0,0.8378762923015882
2338,68d4846662cd53c3,True,1.0,1.0,0.7637656648022673,1.0,1.0,1.0,0.9015690270009448
2339,75811dfc02ce59f7,True,1.0,1.0,0.7358255389471986,1.0,1.0,1.0,0.889927307894666
2340,3befac537db85c6c,True,1.0,1.0,1.0,1.0,1.0,1.0,1.0
2341,59c00098b95d53b8,True,1.0,1.0,0.6663066687061083,1.0,1.0,1.0,0.8609611119608784
2342,06753f6c597f512b,True,1.0,1.0,1.0,1.0,1.0,1.0,1.0
2343,79bdb6b499245d65,True,1.0,0.0,0.0,1.0,1.0,1.0,0.0
2344,1e921882661b5a6b,True,1.0,1.0,0.7460861970331123,1.0,1.0,1.0,0.8942025820971301
2345,35fa5481e4de5703,True,1.0,1.0,0.8094161661695342,1.0,1.0,1.0,0.9205900692373059
2346,70297f5b95955dce,True,1.0,1.0,0.830414055593325,1.0,1.0,1.0,0.9293391898305522
2347,8777c80c80ad53e8,True,1.0,1.0,1.0,1.0,1.0,1.0,1.0
2348,7f3ebea7b3415f87,True,1.0,1.0,0.8746329302601342,1.0,1.0,1.0,0.9477637209417226
2349,0b4c7130090c5e85,True,1.0,1.0,1.0,1.0,1.0,1.0,1.0
2350,d01d51c26594547c,True,1.0,1.0,1.0,1.0,1.0,1.0,1.0
2351,7272f8ee7e64591e,True,1.0,1.0,0.8804734155394323,1.0,1.0,1.0,0.9501972564747634
2352,9d864c15bf7d5414,True,1.0,0.0,0.0,1.0,1.0,1.0,0.0
2353,9e77d9cf35e05d55,True,1.0,1.0,0.8672274815764144,1.0,1.0,1.0,0.944678117323506
2354,0a8c2aac609d5a04,True,1.0,1.0,0.740847009356085,1.0,1.0,1.0,0.8920195872317022
2355,f264f464b21753de,True,1.0,1.0,0.9044604315827631,1.0,1.0,1.0,0.960191846492818
2356,7780e502545a5df7,True,1.0,1.0,0.7339106852014334,1.0,1.0,1.0,0.8891294521672638
2357,de62001a07db556c,True,1.0,1.0,0.9220925201282135,1.0,1.0,1.0,0.9675385500534223
2358,0670d0c81a5550c4,True,1.0,1.0,0.8173252351210127,1.0,1.0,1.0,0.9238855146337553
2359,46a9bf6f100c5e0a,True,1.0,1.0,0.9591098387170874,1.0,1.0,1.0,0.9829624327987864
2360,997fb38ac5d75864,True,1.0,0.0,0.0,1.0,1.0,1.0,0.0
2361,4dde36d102a4526b,True,1.0,1.0,1.0,1.0,1.0,1.0,1.0
2362,6f0538a6ba9c5b7f,True,0.0,1.0,0.0,0.0,1.0,1.0,0.0
2363,3e0511dc69b85b75,True,1.0,1.0,0.8599166488984997,1.0,1.0,1.0,0.9416319370410416
2364,13c555e68671524f,True,1.0,0.0,0.0,1.0,1.0,1.0,0.0
2365,09babda49aa659a1,True,1.0,1.0,1.0,1.0,1.0,1.0,1.0
2366,513a97511d135ebd,True,1.0,0.0,0.0,1.0,1.0,1.0,0.0
2367,74d0c56b12f25f92,True,1.0,1.0,0.8516017695073598,1.0,1.0,1.0,0.9381674039614
2368,8ac66bedd6d057d2,True,1.0,1.0,0.5752779040579268,1.0,1.0,1.0,0.8230324600241362
2369,2836705e16ba5691,True,1.0,1.0,0.9346338952907154,1.0,1.0,1.0,0.972764123037798
2370,82ee38a271b15bb1,True,1.0,0.0,0.0,1.0,1.0,1.0,0.0
2371,e80df2a74bfd5a22,True,1.0,1.0,0.9188197180417313,1.0,1.0,1.0,0.966174882517388
2372,71ed3e4fcadc5322,True,1.0,1.0,0.757002675338976,1.0,1.0,1.0,0.8987511147245734
2373,fcb45b2aa29356d9,True,1.0,1.0,1.0,1.0,1.0,1.0,1.0
2374,782f0fff66145718,True,1.0,1.0,0.9796939849760651,1.0,1.0,1.0,0.9915391604066938
2375,822d92ab3f13502b,True,1.0,1.0,1.0,1.0,1.0,1.0,1.0
2376,d94aa4b0e05e5be9,True,1.0,1.0,1.0,1.0,1.0,1.0,1.0
2377,a305b24487775cfc,True,1.0,0.0,0.0,0.0,1.0,1.0,0.0
2378,2752876d0e005d74,True,1.0,1.0,0.8665478375075698,1.0,1.0,1.0,0.9443949322948209
2379,b26b54b014205d5c,True,1.0,1.0,0.8034719071106325,1.0,1.0,1.0,0.9181132946294301
2380,5ff5c54200fe53fb,True,1.0,1.0,0.7956042006413369,1.0,1.0,1.0,0.9148350836005571
2381,d0de8d6a350d55d9,True,1.0,1.0,1.0,1.0,1.0,1.0,1.0
2382,86feb30b850f5ff2,True,1.0,1.0,0.7706073528964811,1.0,1.0,1.0,0.9044197303735338
2383,c680cd635f095d1c,True,1.0,1.0,0.9834865536601732,1.0,1.0,1.0,0.9931193973584055
2384,b841de24ffcb5c87,True,1.0,1.0,0.8624038300845863,1.0,1.0,1.0,0.9426682625352442
2385,5099c20d468f5cf4,True,1.0,1.0,0.9152575297807571,1.0,1.0,1.0,0.9646906374086489
2386,66cd30f395c45537,True,1.0,1.0,0.7438337211692166,1.0,1.0,1.0,0.8932640504871735
2387,ac07a96cae965e88,True,1.0,1.0,1.0,1.0,1.0,1.0,1.0
2388,d978a6878e7b5e8b,True,1.0,1.0,1.0,1.0,1.0,1.0,1.0
2389,4b6430ca30c45a3c,True,1.0,1.0,0.9398440812083992,1.0,1.0,1.0,0.9749350338368329
2390,330166def5a35f4d,True,1.0,1.0,1.0,1.0,1.0,1.0,1.0
2391,734ef653644c55b9,True,1.0,1.0,0.9209656071293084,0.0,1.0,0.0,0.5504023363038785
2392,53d3787367c75240,True,1.0,1.0,1.0,1.0,1.0,1.0,1.0
2393,196375ae13835990,True,1.0,1.0,0.9845423379553376,1.0,1.0,1.0,0.9935593074813905
2394,8a249b6f42f35ca2,True,1.0,1.0,1.0,1.0,1.0,1.0,1.0
2395,7d40448fd04e5e28,True,1.0,1.0,1.0,1.0,1.0,1.0,1.0
2396,fbe0e54ef79254bb,True,1.0,1.0,0.7314574378414906,1.0,1.0,1.0,0.8881072657672878
2397,8f41958d23a65c48,True,1.0,0.0,0.0,1.0,1.0,1.0,0.0
2398,9b16e4fea2c25446,True,1.0,1.0,0.8924022998321374,1.0,1.0,1.0,0.9551676249300572
2399,d37e71f395695c6f,True,1.0,1.0,0.8459415984114632,1.0,1.0,1.0,0.9358089993381097
2400,03eef9b11774564f,True,1.0,1.0,1.0,1.0,1.0,1.0,1.0
2401,c23c39c3fedd5bfa,True,1.0,1.0,0.9315546952489091,1.0,1.0,1.0,0.9714811230203789
2402,701eca801b6f5ba9,True,1.0,1.0,1.0,1.0,1.0,1.0,1.0
2403,cd7568df56095ff2,True,1.0,0.0,0.0,1.0,1.0,1.0,0.0
2404,317f5b44a4615e30,True,1.0,1.0,0.9694537405205709,1.0,1.0,1.0,0.9872723918835712
2405,c054f473288d5515,True,1.0,1.0,0.7889567217158717,1.0,1.0,1.0,0.9120653007149465
2406,789af91cd1755b7e,True,1.0,1.0,0.7508714066126255,1.0,1.0,1.0,0.8961964194219273
2407,639c2678cce95d68,True,1.0,1.0,0.8870823430943526,1.0,1.0,1.0,0.9529509762893135
2408,9300251ea784552f,True,1.0,1.0,0.8092735348768839,1.0,1.0,1.0,0.9205306395320351
2409,0b5b1309df2f5627,True,1.0,1.0,0.6694053262461114,1.0,1.0,1.0,0.8622522192692131
2410,2ccebcdb0da25be5,True,1.0,1.0,1.0,1.0,1.0,1.0,1.0
2411,deae4b3cac52513c,True,1.0,1.0,0.8572826352955986,1.0,1.0,1.0,0.9405344313731661
2412,fa937665dc4a5d08,True,1.0,1.0,1.0,1.0,1.0,1.0,1.0
2413,b528a0aa02695437,True,1.0,1.0,0.8569479364729754,1.0,1.0,1.0,0.9403949735304064
2414,0ba54149d1575f95,True,1.0,1.0,1.0,1.0,1.0,1.0,1.0
2415,7a90cd45ef505058,True,1.0,1.0,1.0,1.0,1.0,1.0,1.0
2416,5795e118157f528f,True,1.0,1.0,0.592435627275382,1.0,1.0,1.0,0.8301815113647425
2417,3a161e0999b15823,True,1.0,1.0,0.7662146213184897,1.0,1.0,1.0,0.9025894255493707
2418,d3fe95784a34578f,True,1.0,1.0,0.8683660972868901,1.0,1.0,1.0,0.9451525405362041
2419,53c908f42e685998,True,1.0,1.0,1.0,1.0,1.0,1.0,1.0
2420,b657fb1afb7c54f3,True,1.0,1.0,0.860779942271158,1.0,1.0,1.0,0.9419916426129825
2421,cb7ce9515c495674,True,1.0,1.0,0.7690700139671318,1.0,1.0,1.0,0.9037791724863049
2422,b999dd3826b058a7,True,1.0,1.0,0.6217424393994875,1.0,1.0,1.0,0.8423926830831198
2423,3260b9e0a6ac5b8b,True,1.0,1.0,0.6820616315708458,1.0,1.0,1.0,0.8675256798211857
2424,c38eb1a738745b1e,True,1.0,1.0,1.0,1.0,1.0,1.0,1.0
2425,18f8562c9bb55561,True,1.0,1.0,1.0,1.0,1.0,1.0,1.0
2426,c4e94b7583555176,True,1.0,1.0,1.0,1.0,1.0,1.0,1.0
2427,e38aa05b9c8b5e32,True,1.0,1.0,0.8490945781865392,1.0,1.0,1.0,0.937122740911058
2428,97b9989fa3675cab,True,1.0,1.0,1.0,1.0,1.0,1.0,1.0
2429,ea91c9a3a75f514c,True,1.0,1.0,0.7923518386768468,1.0,1.0,1.0,0.9134799327820194
2430,595596a88cce5c9d,True,1.0,1.0,0.7539556516261302,1.0,1.0,1.0,0.8974815215108877
2431,a3c54d0e80375911,True,1.0,1.0,1.0,1.0,1.0,1.0,1.0
2432,b04c892043a352d3,True,1.0,1.0,1.0,1.0,1.0,1.0,1.0
2433,4332fab190e05b95,True,1.0,1.0,1.0,1.0,1.0,1.0,1.0
2434,77a891db719c5273,True,1.0,1.0,0.8509030334327363,1.0,1.0,1.0,0.9378762639303068
2435,15b0967d1dab53f8,True,1.0,1.0,1.0,1.0,1.0,1.0,1.0
2436,9334f5a33c07587a,True,1.0,1.0,0.7404298944251038,1.0,1.0,1.0,0.8918457893437933
2437,0334cae9f1ef56ae,True,1.0,1.0,0.7547721727325141,1.0,1.0,1.0,0.8978217386385475
2438,d12fdbd7f3265051,True,1.0,1.0,0.8536287624313011,1.0,1.0,1.0,0.9390119843463755
2439,90314b74c92954d6,True,1.0,1.0,0.8294042168897992,1.0,1.0,1.0,0.928918423704083
2440,e67c2879271350c1,True,1.0,1.0,0.8462818188578014,1.0,1.0,0.5,0.9359507578574172
2441,110bec4c6d2153d7,True,1.0,1.0,0.8562767023582909,1.0,1.0,1.0,0.9401152926492878
2442,f33a23766bcb55a6,True,1.0,1.0,0.5659908077990737,1.0,1.0,1.0,0.8191628365829473
2443,0eb6987fdc9b5213,True,1.0,1.0,1.0,0.0,1.0,1.0,0.5833333333333334
2444,1b3ed6f1e9b8574d,True,1.0,1.0,0.5696558276785112,1.0,1.0,1.0,0.8206899281993797
2445,d792515ce4b257a4,True,1.0,0.0,0.0,1.0,1.0,1.0,0.0
2446,ae5377e5ebf65f45,True,1.0,1.0,0.8134551832685236,1.0,1.0,1.0,0.9222729930285515
2447,30b35ae958ee5bae,True,1.0,1.0,0.791692489400927,1.0,1.0,1.0,0.913205203917053
2448,2783db04f9b05383,True,1.0,1.0,0.9718535786412642,1.0,1.0,1.0,0.9882723244338601
2449,88e453ca4644586f,True,1.0,0.0,0.0,1.0,1.0,1.0,0.0
2450,4f5e535c78385629,True,1.0,1.0,1.0,1.0,1.0,1.0,1.0
2451,013ec5b715635a66,True,1.0,1.0,1.0,1.0,1.0,1.0,1.0
2452,8635c0dd984c51f3,True,1.0,1.0,1.0,1.0,1.0,1.0,1.0
2453,d54e58ba5e575ac0,True,1.0,1.0,1.0,1.0,1.0,1.0,1.0
2454,238955ab60075940,True,1.0,1.0,0.818515799528601,1.0,1.0,1.0,0.9243815831369172
2455,f1f463892f3d5bb7,True,1.0,0.0,0.0,1.0,1.0,1.0,0.0
2456,b0c4bad4c4fa5060,True,1.0,1.0,1.0,1.0,1.0,1.0,1.0
2457,674e6f0f529a51f7,True,1.0,1.0,0.5450276497594805,1.0,1.0,1.0,0.8104281873997836
2458,b9f3b69b160e5ad0,True,1.0,0.0,0.0,1.0,1.0,1.0,0.0
2459,43ce8a5ddf8f5541,True,1.0,0.0,0.0,1.0,1.0,1.0,0.0
2460,070b688b49225760,True,1.0,1.0,1.0,1.0,1.0,1.0,1.0
2461,65cf19209dc55631,True,1.0,1.0,0.0708431979582769,1.0,1.0,1.0,0.6128513324826154
2462,1cf4270132e35206,True,1.0,1.0,0.8782874539267891,1.0,1.0,1.0,0.9492864391361621
2463,d25b6512a43f5e54,True,1.0,1.0,0.7535407371133199,1.0,1.0,1.0,0.8973086404638834
2464,7c75567759e15900,True,1.0,1.0,1.0,1.0,1.0,1.0,1.0
2465,2d578825c3a8565f,True,1.0,1.0,0.9141231798625192,1.0,1.0,1.0,0.964217991609383
2466,537935a8e7b653f2,True,1.0,1.0,0.5308678201869631,0.0,1.0,0.5,0.38786159174456797
2467,7328fe7f857051ea,True,1.0,1.0,1.0,1.0,1.0,1.0,1.0
2468,98a1233e3db75a8a,True,1.0,1.0,0.9445438407855339,1.0,1.0,1.0,0.9768932669939724
2469,c4fad4d040a75b90,True,1.0,0.0,0.0,1.0,1.0,1.0,0.0
2470,1c044069a36c5d4b,True,1.0,1.0,0.7905293007330573,1.0,1.0,0.0,0.9127205419721073
2471,4742cf16ab0f515b,True,1.0,1.0,1.0,1.0,1.0,1.0,1.0
2472,6dfed7a32cf45d59,True,1.0,1.0,1.0,0.0,1.0,1.0,0.5833333333333334
2473,2c337eb368fb54ca,True,1.0,0.0,0.0,1.0,1.0,0.5,0.0
2474,a61b9afbe5d857b1,True,1.0,1.0,0.7644844596473415,1.0,1.0,1.0,0.901868524853059
2475,aa74d194063c5d0b,True,1.0,1.0,0.6347535077151115,1.0,1.0,1.0,0.8478139615479631
2476,37b96c1d86665204,True,1.0,1.0,0.8126740931848748,1.0,1.0,1.0,0.9219475388270312
2477,490475b585895e0e,True,1.0,1.0,0.9660661385585018,1.0,1.0,1.0,0.9858608910660424
2478,32a73ed06daa5b0e,True,1.0,1.0,0.8623358640985591,1.0,1.0,1.0,0.9426399433743997
2479,9fe281ced54b55b2,True,1.0,1.0,0.958251998684575,1.0,1.0,1.0,0.9826049994519063
2480,5b3db54a43ca52ed,True,1.0,1.0,0.9687695456874192,1.0,1.0,1.0,0.9869873107030913
2481,3bb3a8f506bf5980,True,1.0,1.0,1.0,1.0,1.0,0.0,1.0
2482,31ffaa640cf85134,True,1.0,1.0,1.0,1.0,1.0,1.0,1.0
2483,6c76134176255a21,True,1.0,1.0,0.904307607437524,1.0,1.0,1.0,0.960128169765635
2484,3ea2b59016145c63,True,1.0,1.0,1.0,1.0,1.0,1.0,1.0
2485,99ebd32df2f453f8,True,1.0,1.0,1.0,1.0,1.0,1.0,1.0
2486,008d66a74c275479,True,1.0,1.0,1.0,1.0,1.0,1.0,1.0
2487,7b8d8487706f501e,True,1.0,1.0,1.0,0.0,1.0,1.0,0.5833333333333334
2488,0defa8939c9851ea,True,1.0,0.0,0.0,1.0,1.0,1.0,0.0
2489,5fb039973cf85b11,True,1.0,1.0,0.9057243512498103,1.0,1.0,1.0,0.960718479687421
2490,03b33d7830ba522b,True,1.0,1.0,0.5891076699047616,1.0,1.0,1.0,0.8287948624603173
2491,ffe92084016a5795,True,1.0,1.0,0.5087679641954382,1.0,1.0,1.0,0.7953199850814325
2492,169528411ca85ba4,True,1.0,1.0,0.9243571393654009,1.0,1.0,1.0,0.9684821414022503
2493,f40843145ae35cd8,True,1.0,1.0,0.6245534638954869,1.0,1.0,1.0,0.8435639432897862
2494,f7a9f82f17b256e2,True,1.0,1.0,0.9094583712096945,1.0,1.0,1.0,0.9622743213373727
2495,8fc41f783d475448,True,1.0,1.0,1.0,1.0,1.0,1.0,1.0
2496,e6ff5e16c5f25533,True,1.0,1.0,0.917771974032701,1.0,1.0,1.0,0.9657383225136255
2497,1a3569d56fbf5521,True,1.0,1.0,0.6826881561367891,1.0,1.0,1.0,0.8677867317236622
2498,ec8a3deaeb1a53ac,True,1.0,1.0,0.7753404648368541,1.0,1.0,1.0,0.9063918603486892
2499,650d84864184549e,True,1.0,1.0,0.6015815902430719,1.0,1.0,1.0,0.8339923292679465
2500,089e8e85fb9b5f6c,True,1.0,1.0,0.6713411300309292,1.0,1.0,1.0,0.8630588041795538
2501,65caa24efb4556af,True,1.0,1.0,0.7609743937586632,1.0,1.0,1.0,0.900405997399443
2502,45e6bebee4305fb6,True,1.0,1.0,0.6809997107751076,1.0,1.0,1.0,0.8670832128229615
2503,34a92bb4ef51562b,True,1.0,1.0,0.8380518992229268,1.0,1.0,1.0,0.9325216246762196
2504,c9a4d6a0295f5142,True,1.0,1.0,1.0,1.0,1.0,1.0,1.0
2505,14a11185124a508b,True,1.0,1.0,0.8378973322023756,1.0,1.0,1.0,0.9324572217509898
2506,5975a1af11e25fe4,True,1.0,1.0,1.0,1.0,1.0,1.0,1.0
2507,9e991901a49a55ea,True,1.0,1.0,1.0,1.0,1.0,1.0,1.0
2508,d57dda19866556c3,True,1.0,1.0,0.7922450014979382,1.0,1.0,1.0,0.9134354172908076
2509,65f236a74a3d53a4,True,1.0,1.0,0.8998489440537183,1.0,1.0,1.0,0.9582703933557161
2510,6891e8163e4d5e58,True,0.0,1.0,0.0,0.0,1.0,1.0,0.0
2511,342982275eb15441,True,1.0,1.0,0.8165055237398002,1.0,1.0,1.0,0.9235439682249167
2512,970cfee3bc7d5e3d,True,1.0,1.0,0.9583138219573661,0.0,1.0,1.0,0.5659640924822359
2513,1666152446cc5da7,True,1.0,1.0,0.7877012871063888,1.0,1.0,1.0,0.9115422029609953
2514,785a51e5263b5bec,True,1.0,1.0,0.8359863219754992,1.0,1.0,1.0,0.9316609674897913
2515,ddc904ff3be05595,True,1.0,1.0,0.8958644735085101,1.0,1.0,1.0,0.9566101972952126
2516,10ae805f0be95c1f,True,1.0,1.0,0.9179632039545321,1.0,1.0,1.0,0.9658180016477217
2517,e1e4395724c05092,True,1.0,1.0,0.8511877969205583,1.0,1.0,1.0,0.937994915383566
2518,283f39e817575b93,True,1.0,0.0,0.0,0.0,1.0,1.0,0.0
2519,6fee6df4d64b5d9d,True,1.0,1.0,0.8393871855324369,1.0,1.0,1.0,0.9330779939718488
2520,624b5f7f1f4a503e,True,1.0,1.0,0.6007071372087852,1.0,1.0,1.0,0.8336279738369937
2521,cb70f332bc5f5bcf,True,1.0,0.0,0.0,0.0,1.0,1.0,0.0
2522,bb30019d8f645e62,True,1.0,1.0,0.9111083938698596,1.0,1.0,1.0,0.9629618307791082
2523,c0fb4281da785582,True,1.0,0.0,0.0,1.0,1.0,1.0,0.0
2524,e2080118123b5cc8,True,1.0,1.0,0.653624227074859,1.0,1.0,1.0,0.8556767612811913
2525,81d893bd99de519b,True,1.0,0.0,0.0,1.0,1.0,1.0,0.0
2526,16d4141f073d52f1,True,1.0,0.0,0.0,1.0,1.0,1.0,0.0
2527,c79b2a28285f5e11,True,1.0,0.0,0.0,1.0,1.0,1.0,0.0
2528,4acd373578e357d1,True,1.0,1.0,0.6252716982925218,1.0,1.0,1.0,0.843863207621884
2529,090d6a17e77d59b5,True,1.0,1.0,0.9662049046115384,1.0,1.0,1.0,0.9859187102548077
2530,3067f3d3d5a75989,True,1.0,1.0,0.9296673568327998,1.0,1.0,1.0,0.9706947320136665
2531,a4bc6340456351af,True,1.0,1.0,1.0,1.0,1.0,1.0,1.0
2532,32e457e686675618,True,1.0,1.0,0.8185430530858068,1.0,1.0,1.0,0.9243929387857528
2533,7d70562315ff5bc1,True,1.0,1.0,1.0,1.0,1.0,1.0,1.0
2534,355835bced0c591f,True,1.0,0.0,0.0,1.0,1.0,1.0,0.0
2535,a9c9765a005351b9,True,1.0,1.0,1.0,1.0,1.0,1.0,1.0
2536,b24954d56c155570,True,1.0,1.0,1.0,1.0,1.0,1.0,1.0
2537,52b428b6ff135845,True,1.0,1.0,1.0,1.0,1.0,1.0,1.0
2538,3debd3d86b5850dd,True,1.0,1.0,1.0,1.0,1.0,1.0,1.0
2539,00685a5276625b57,True,1.0,1.0,0.7556333345591403,1.0,1.0,1.0,0.8981805560663085
2540,d10c269610375646,True,1.0,1.0,1.0,1.0,1.0,1.0,1.0
2541,afbbcee34f1850fd,True,1.0,1.0,0.7494760462638501,1.0,1.0,1.0,0.8956150192766043
2542,deb16bb9771a582a,True,1.0,1.0,1.0,1.0,1.0,1.0,1.0
2543,0c330f8c6d6658ee,True,1.0,1.0,0.7763091838804297,1.0,1.0,1.0,0.9067954932835124
2544,9f528c7bfca6509b,True,1.0,0.0,0.0,1.0,1.0,1.0,0.0
2545,d987180f18155985,True,1.0,1.0,1.0,1.0,1.0,1.0,1.0
2546,4a7fd1bd37ed5463,True,1.0,1.0,0.7289485926060669,1.0,1.0,1.0,0.8870619135858613
2547,584c0bd68dbb55e9,True,1.0,1.0,0.7525702351051842,1.0,1.0,1.0,0.89690426462716
2548,0f4984d978155b23,True,1.0,1.0,0.9141747808707371,1.0,1.0,1.0,0.9642394920294738
2549,a5f5f03bc998578d,True,1.0,1.0,0.9803864610579025,1.0,1.0,1.0,0.9918276921074595
2550,2541de938ff15eee,True,1.0,1.0,0.8019431769510422,1.0,1.0,1.0,0.917476323729601
2551,0df6533b550c58c1,True,1.0,1.0,1.0,0.0,1.0,1.0,0.5833333333333334
2552,449baff4aece5ab3,True,1.0,1.0,0.8665347955518217,1.0,1.0,1.0,0.9443894981465922
2553,e7c778d603885f57,True,1.0,1.0,0.4335273932545002,1.0,1.0,1.0,0.763969747189375
2554,0e198cad33c65494,True,1.0,1.0,0.7615515376314119,1.0,1.0,1.0,0.9006464740130884
2555,1de80c2e4aca5f33,True,1.0,1.0,0.7427258494134105,1.0,1.0,1.0,0.8928024372555877
2556,16f3b92e5d56573a,True,1.0,1.0,0.9720842329795789,1.0,1.0,1.0,0.9883684304081579
2557,ad84af7b33615884,True,1.0,1.0,1.0,1.0,1.0,0.0,1.0
2558,c2cfb091173a5ca2,True,1.0,1.0,1.0,1.0,1.0,1.0,1.0
2559,ed98d12e4c99536d,True,1.0,1.0,1.0,1.0,1.0,0.5,1.0
2560,4b04d67c77455726,True,1.0,1.0,0.8295336735324698,1.0,1.0,1.0,0.9289723639718623
2561,9900336c08095d0f,True,1.0,1.0,0.7657154232118578,1.0,1.0,1.0,0.9023814263382741
2562,0dc3dee5c8815a90,True,1.0,1.0,0.12180570751737416,1.0,1.0,1.0,0.6340857114655726
2563,6561633171e75bb6,True,1.0,1.0,1.0,1.0,1.0,1.0,1.0
2564,79e011726ebe5aa0,True,1.0,1.0,1.0,1.0,1.0,1.0,1.0
2565,3e96578a903d59d8,True,1.0,1.0,0.9764730717257302,1.0,1.0,1.0,0.9901971132190542
2566,9861c0473b505895,True,1.0,1.0,1.0,1.0,1.0,1.0,1.0
2567,8c554c3017d05e9b,True,1.0,1.0,0.8706513708439887,1.0,1.0,1.0,0.9461047378516619
2568,7c150adbe5225f20,True,1.0,1.0,0.979865424676117,1.0,1.0,1.0,0.9916105936150488
2569,cd72b9f6b03f5f41,True,1.0,1.0,0.8973106564628683,1.0,1.0,1.0,0.9572127735261952
2570,e5b0b2c83a395163,True,0.0,1.0,0.0,0.0,1.0,1.0,0.0
2571,b94fd2088a4f5688,True,1.0,1.0,0.7862745370711698,1.0,1.0,1.0,0.9109477237796542
2572,fffbe416ae85553b,True,1.0,1.0,0.5775166518934923,1.0,1.0,1.0,0.8239652716222885
2573,bc667a4fc0f454d7,True,1.0,1.0,0.8795593244473782,1.0,1.0,1.0,0.9498163851864075
2574,f897914e6f0c52e5,True,1.0,1.0,1.0,1.0,1.0,1.0,1.0
2575,45408d0676b7570c,True,1.0,1.0,1.0,1.0,1.0,1.0,1.0
2576,661d0a5bf2735f03,True,1.0,1.0,0.8542762974027046,1.0,1.0,1.0,0.9392817905844603
2577,353988b87d995f68,True,1.0,1.0,0.8394553490181956,1.0,1.0,1.0,0.9331063954242481
2578,d496c44726c35e33,True,1.0,1.0,1.0,1.0,1.0,1.0,1.0
2579,f6855b72b0aa57e2,True,1.0,1.0,0.8938501650534654,1.0,1.0,1.0,0.9557709021056106
2580,430589fe41235469,True,1.0,1.0,0.7198091781173122,1.0,1.0,1.0,0.8832538242155468
2581,4b3c6a95987c552d,True,1.0,1.0,0.968836062274064,0.0,1.0,1.0,0.57034835928086
2582,22a3a112a0485c4c,True,1.0,1.0,1.0,1.0,1.0,1.0,1.0
2583,2497a4b846f25d99,True,1.0,1.0,0.7290285879146059,1.0,1.0,1.0,0.887095244964419
2584,627ed4c9950753e9,True,1.0,1.0,1.0,1.0,1.0,1.0,1.0
2585,71a5ed00dbe85089,True,1.0,1.0,0.6595726791285185,1.0,1.0,1.0,0.858155282970216
2586,dcb6ca8a732551eb,True,1.0,1.0,0.6235235121328611,1.0,1.0,1.0,0.8431347967220254
2587,fd30fae9e4f35fa8,True,1.0,1.0,0.6435555988349231,1.0,1.0,1.0,0.8514814995145512
2588,4cc7fc580fe45bd1,True,1.0,1.0,1.0,1.0,1.0,1.0,1.0
2589,096d823b664e5972,True,1.0,1.0,0.6467807513122876,1.0,1.0,1.0,0.8528253130467865
2590,40ffdefe6d2f541a,True,1.0,1.0,0.8584548650255984,1.0,1.0,1.0,0.9410228604273326
2591,559c83269c035643,True,1.0,1.0,1.0,1.0,1.0,1.0,1.0
2592,f8191af1aab95906,True,0.0,1.0,0.0,0.0,1.0,1.0,0.0
2593,92471a550d745af1,True,1.0,1.0,1.0,1.0,1.0,1.0,1.0
2594,5ae0b5e6a95f5335,True,1.0,1.0,1.0,1.0,1.0,1.0,1.0
2595,ec3c0587b1775b7c,True,1.0,1.0,0.8060090618187469,1.0,1.0,1.0,0.9191704424244778
2596,51c2558524435a31,True,1.0,1.0,0.8900085744864128,1.0,1.0,1.0,0.9541702393693386
2597,9326163d4c9c5d16,True,1.0,1.0,0.8780871536678697,1.0,1.0,0.0,0.9492029806949457
2598,9389ef5de0935e29,True,1.0,1.0,0.6084156444639385,1.0,1.0,1.0,0.8368398518599743
2599,40d24af6505f50c9,True,1.0,1.0,0.5736990546469828,1.0,1.0,1.0,0.8223746061029095
2600,f71f0d4ca6db5d40,True,1.0,1.0,0.7375611568269325,1.0,1.0,1.0,0.8906504820112219
2601,b0bd81048c07524f,True,1.0,1.0,0.8058455957540998,1.0,1.0,1.0,0.9191023315642083
2602,4ed6b1b83e0c5bbe,True,1.0,1.0,0.5873196835668589,1.0,1.0,1.0,0.828049868152858
2603,0c5365f52bac5785,True,1.0,1.0,1.0,1.0,1.0,1.0,1.0
2604,93ff1c769e6f5507,True,1.0,1.0,0.8799950569297268,1.0,1.0,1.0,0.949997940387386
2605,a04f86a92daf50ba,True,1.0,1.0,1.0,1.0,1.0,1.0,1.0
2606,47e005481cf0579d,True,1.0,1.0,0.8895613346177009,1.0,1.0,1.0,0.953983889424042
2607,2bc38f766c8851fa,True,1.0,1.0,0.8728787054311359,1.0,1.0,0.0,0.94703279392964
2608,b691d77ef9ff5d5e,True,1.0,1.0,1.0,0.0,1.0,1.0,0.5833333333333334
2609,ddddd9e7e4925db9,True,1.0,1.0,0.7035550735799737,1.0,1.0,1.0,0.8764812806583224
2610,c2072dd6a3f85da0,True,1.0,1.0,0.5562498590270784,1.0,1.0,1.0,0.8151041079279494
2611,1dbaa3f0d0345e61,True,1.0,1.0,1.0,1.0,1.0,1.0,1.0
2612,a99280d8424c55b2,True,1.0,1.0,1.0,1.0,1.0,1.0,1.0
2613,b4eb56fcd01857bb,True,1.0,1.0,0.6659943876502784,1.0,1.0,1.0,0.8608309948542826
2614,06f604b0d4835371,True,1.0,1.0,0.840460234193365,1.0,1.0,1.0,0.9335250975805688
2615,c07f609f83b85dd6,True,1.0,1.0,0.8684005546247385,1.0,1.0,1.0,0.9451668977603077
2616,96f6cde1205e5865,True,1.0,1.0,0.7328982628730557,1.0,1.0,1.0,0.8887076095304399
2617,87a5fd24e88d5e0a,True,1.0,1.0,0.790382818039607,1.0,1.0,1.0,0.9126595075165028
2618,ac55c7f072c6528d,True,1.0,0.0,0.0,0.0,1.0,0.0,0.0
2619,1288b2d19d695376,True,1.0,1.0,1.0,1.0,1.0,1.0,1.0
2620,ad5284a6be715f10,True,1.0,1.0,0.8057279450869945,0.0,1.0,0.5,0.5023866437862478
2621,7fc551e4e0375d00,True,1.0,1.0,0.8176357612751664,1.0,1.0,1.0,0.9240149005313194
2622,d9422fc7065e5b62,True,1.0,1.0,0.6310910064360149,1.0,1.0,1.0,0.8462879193483396
2623,11cad3355c7b55dd,True,1.0,1.0,0.8220938667242765,1.0,1.0,1.0,0.9258724444684486
2624,0f422a003dab525e,True,1.0,1.0,0.8042894849664628,1.0,1.0,1.0,0.9184539520693594
2625,26e8589d8c485726,True,1.0,1.0,0.9995198420627625,1.0,1.0,1.0,0.9997999341928177
2626,1e1878076a0b52d6,True,1.0,1.0,0.8688299895318548,1.0,1.0,1.0,0.9453458289716061
2627,fc0a59dcf9d75219,True,1.0,1.0,0.6260958183542596,1.0,1.0,1.0,0.8442065909809416
2628,f16fe36eef2b5157,True,1.0,1.0,1.0,1.0,1.0,1.0,1.0
2629,4175cdc49ec759f5,True,1.0,1.0,0.8942917066606938,1.0,1.0,1.0,0.9559548777752891
2630,6f61120208385a02,True,1.0,0.0,0.0,1.0,1.0,1.0,0.0
2631,cc9a87182a05533d,True,1.0,1.0,0.7848195060599041,1.0,1.0,1.0,0.9103414608582933
2632,a1f35d4460345de8,True,1.0,1.0,1.0,1.0,1.0,1.0,1.0
2633,30187e714d065b0b,True,1.0,1.0,0.8654094942919182,1.0,1.0,1.0,0.9439206226216325
2634,4e496bfdb6b95697,True,1.0,1.0,0.9666974120738652,1.0,1.0,1.0,0.9861239216974438
2635,3e8b81f8eb205311,True,1.0,1.0,0.7885625980125721,1.0,1.0,1.0,0.9119010825052384
2636,482989b8df6550b5,True,0.0,1.0,0.0,1.0,1.0,1.0,0.0
2637,d68dba02509b50a3,True,1.0,1.0,0.8471900737537172,1.0,1.0,0.5,0.9363291973973822
2638,2b65a8a29c455d00,True,1.0,1.0,0.7454352704023589,1.0,1.0,1.0,0.8939313626676495
2639,c9f0c60627ba5237,True,1.0,1.0,0.9316813956321789,1.0,1.0,1.0,0.9715339148467411
2640,388181311ef25756,True,1.0,1.0,1.0,0.0,1.0,1.0,0.5833333333333334
2641,45102df6530d59e8,True,1.0,1.0,0.9997362869597433,1.0,1.0,1.0,0.9998901195665596
2642,159ec1accaf55d3f,True,1.0,1.0,1.0,1.0,1.0,1.0,1.0
2643,654f6079561e5cdb,True,1.0,1.0,0.9904615520250156,1.0,1.0,1.0,0.9960256466770897
2644,dcdacf7509ed5062,True,1.0,1.0,0.7930003389701614,1.0,1.0,1.0,0.9137501412375673
2645,5b14b00087b051e3,True,1.0,0.0,0.0,1.0,1.0,1.0,0.0
2646,dbbe5d5671495f13,True,1.0,1.0,0.6030715180073992,1.0,1.0,1.0,0.8346131325030829
2647,77f0818999145e8f,True,1.0,0.0,0.0,0.0,1.0,1.0,0.0
2648,702320a088cf5d53,True,1.0,0.0,0.0,1.0,1.0,1.0,0.0
2649,f980b34746d45868,True,0.5,0.0,0.0,0.0,0.0,0.0,0.0
2650,feff00cef4985d6b,True,1.0,1.0,0.8594287855779367,1.0,1.0,1.0,0.9414286606574737
2651,3e634fa2ea715bb1,True,1.0,1.0,1.0,1.0,1.0,1.0,1.0
2652,e2e2578cd6b6505f,True,1.0,1.0,0.7107000064600056,1.0,1.0,1.0,0.8794583360250025
2653,d39ff27c54d55ef1,True,1.0,1.0,0.9643427583347425,1.0,1.0,1.0,0.9851428159728094
2654,ba190b181dc85a2b,True,1.0,1.0,0.8774385923815357,1.0,1.0,1.0,0.94893274682564
2655,9b0a5826d2d357d8,True,1.0,1.0,0.7238134005326374,1.0,1.0,1.0,0.8849222502219322
2656,12177b43d67d51a7,True,1.0,1.0,1.0,1.0,1.0,1.0,1.0
2657,e704fb7745a75fd7,True,1.0,1.0,0.6396166109097791,1.0,1.0,1.0,0.8498402545457413
2658,9d87610ffed85509,True,1.0,0.0,0.0,0.0,1.0,1.0,0.0
2659,2403645ef4fe5b10,True,1.0,1.0,0.8332238244804282,1.0,1.0,1.0,0.930509926866845
2660,efd90f7518445bef,True,1.0,1.0,1.0,1.0,1.0,1.0,1.0
2661,0573408e3cfb5130,True,1.0,1.0,0.8476443564618092,1.0,1.0,1.0,0.9365184818590873
2662,8b7d99b5ae2a5219,True,1.0,1.0,1.0,1.0,1.0,1.0,1.0
2663,3c3991ec8d7a5507,True,1.0,1.0,0.7390814129745074,1.0,1.0,1.0,0.8912839220727115
2664,99f3a7ec61305307,True,1.0,1.0,0.7308702717669113,1.0,1.0,1.0,0.8878626132362131
2665,602c93fe201356c2,True,1.0,1.0,1.0,1.0,1.0,1.0,1.0
2666,fda70850d06c51a1,True,1.0,1.0,1.0,1.0,1.0,1.0,1.0
2667,d781ee7dce4a5351,True,1.0,1.0,1.0,1.0,1.0,1.0,1.0
2668,f9b16eaee3b956a3,True,1.0,1.0,1.0,1.0,1.0,1.0,1.0
2669,6d2b59f78d995d9c,True,1.0,1.0,1.0,1.0,1.0,1.0,1.0
2670,815153cb27f95a7c,True,1.0,1.0,0.7713404055902495,1.0,1.0,1.0,0.9047251689959372
2671,359f62a656b9586d,True,1.0,1.0,0.894829105429783,1.0,1.0,1.0,0.9561787939290762
2672,be0ea3126c955eae,True,1.0,1.0,0.7297305309785176,1.0,1.0,1.0,0.887387721241049
2673,501de4adcf415443,True,1.0,1.0,0.8890985460324623,1.0,1.0,1.0,0.9537910608468593
2674,c4cb19209497505a,True,1.0,1.0,1.0,1.0,1.0,1.0,1.0
2675,a523d2a173855e96,True,1.0,1.0,1.0,1.0,1.0,1.0,1.0
2676,3ba5c2d842785d59,True,1.0,1.0,0.9414464053486395,1.0,1.0,1.0,0.9756026688952665
2677,70b9e5ded0b057d7,True,1.0,1.0,0.7213282282792789,1.0,1.0,1.0,0.8838867617830329
2678,5085749584aa5377,True,1.0,1.0,0.5826339581726673,1.0,1.0,1.0,0.8260974825719446
2679,9243ca15a76e552f,True,1.0,1.0,0.9045997469269125,1.0,1.0,1.0,0.9602498945528802
2680,23bd3a02e2855a28,True,1.0,1.0,0.4805072811574816,1.0,1.0,1.0,0.7835447004822841
2681,5fed3ec5ed1351c1,True,1.0,1.0,1.0,1.0,1.0,1.0,1.0
2682,692bea45f3de5fd0,True,1.0,1.0,0.7753048646238939,0.0,1.0,1.0,0.4897103602599558
2683,125839faad9a5f7d,True,1.0,1.0,1.0,1.0,1.0,1.0,1.0
2684,3fa9c77540225eae,True,1.0,1.0,1.0,1.0,1.0,1.0,1.0
2685,b0a3bbfe213a507b,True,1.0,1.0,0.9692936388636696,1.0,1.0,1.0,0.9872056828598623
2686,f2d4e4b013a3579e,True,1.0,0.0,0.0,1.0,1.0,1.0,0.0
2687,b0598da891205aa3,True,1.0,1.0,0.8214046687157729,1.0,1.0,1.0,0.925585278631572
2688,1c8804a52fc0553c,True,1.0,1.0,1.0,1.0,1.0,1.0,1.0
2689,da0aac1f6c225eca,True,1.0,1.0,0.6265541532333672,1.0,1.0,1.0,0.8443975638472363
2690,2e586c7da7c55eb3,True,1.0,1.0,1.0,0.0,1.0,0.5,0.5833333333333334
2691,7d10959013575b2d,True,1.0,1.0,0.7685332357585167,1.0,1.0,1.0,0.903555514899382
2692,065ec41ed01d59ca,True,1.0,1.0,1.0,1.0,1.0,1.0,1.0
2693,6c321000d6c0527a,True,1.0,1.0,0.986103230079773,1.0,1.0,1.0,0.9942096791999054
2694,a1325310017c5057,True,1.0,1.0,1.0,0.0,1.0,1.0,0.5833333333333334
2695,647a42b4e5075f16,True,1.0,1.0,0.22617522449160068,1.0,1.0,1.0,0.6775730102048336
2696,19f3e77fcd3353c5,True,1.0,1.0,1.0,1.0,1.0,1.0,1.0
2697,f7544894729252f5,True,1.0,1.0,0.7228433162493685,1.0,1.0,1.0,0.8845180484372369
2698,2cde4f39412a556d,True,1.0,1.0,0.8948155190428082,1.0,1.0,1.0,0.9561731329345035
2699,7fa739c174a55eaa,True,1.0,1.0,0.8787700446324883,1.0,1.0,1.0,0.9494875185968702
2700,e360cb69b8a55a47,True,1.0,1.0,0.8626486447366192,1.0,1.0,1.0,0.9427702686402579
2701,8c8694effde754e6,True,1.0,1.0,0.7392751963665365,1.0,1.0,1.0,0.8913646651527235
2702,63ab092351905a60,True,1.0,1.0,1.0,1.0,1.0,1.0,1.0
2703,9f4c04b7214b52a8,True,1.0,1.0,1.0,0.0,1.0,1.0,0.5833333333333334
2704,3d400bec249a5f88,True,1.0,1.0,0.816946268320623,1.0,1.0,1.0,0.9237276118002596
2705,d3f00196d11c563c,True,1.0,1.0,0.8935922800249138,1.0,1.0,1.0,0.9556634500103808
2706,61c5308743b35db2,True,1.0,1.0,0.6683191977323765,1.0,1.0,1.0,0.8617996657218235
2707,d71f89f4f6e350b8,True,1.0,1.0,1.0,1.0,1.0,1.0,1.0
2708,0ac3823481f15815,True,1.0,1.0,0.7224516430344042,1.0,1.0,1.0,0.8843548512643351
2709,72c1d1069773561d,True,1.0,0.0,0.0,1.0,1.0,0.5,0.0
2710,fe9e76e6cac35fba,True,1.0,1.0,1.0,1.0,1.0,1.0,1.0
2711,42dc421e37c154e5,True,1.0,1.0,1.0,1.0,1.0,1.0,1.0
2712,ca62812a55ce5f0b,True,1.0,1.0,0.8032209643393545,1.0,1.0,1.0,0.9180087351413976
2713,b19f226d281e588a,True,1.0,1.0,0.8027654135587265,1.0,1.0,1.0,0.917818922316136
2714,508511fd38a15d52,True,1.0,1.0,1.0,1.0,1.0,1.0,1.0
2715,6136d15f12905f36,True,1.0,1.0,1.0,1.0,1.0,1.0,1.0
2716,83f9ceae9dad56d9,True,1.0,1.0,0.6130994383011418,1.0,1.0,1.0,0.8387914326254758
2717,63c145828c3b5fd8,True,1.0,1.0,0.5831929718479221,1.0,1.0,1.0,0.8263304049366341
2718,3b3f3faf6778593f,True,1.0,1.0,1.0,1.0,1.0,1.0,1.0
2719,7c7ce7ea08b15930,True,1.0,1.0,0.7881135902644917,1.0,1.0,1.0,0.9117139959435382
2720,b2e27f20100b54ba,True,1.0,1.0,0.8478257752528867,1.0,1.0,1.0,0.9365940730220362
2721,2a3ab48ae28f5e90,True,1.0,1.0,1.0,1.0,1.0,1.0,1.0
2722,263367576c285a2a,True,1.0,1.0,1.0,1.0,1.0,1.0,1.0
2723,23d647e77f2d515e,True,1.0,1.0,0.7763066021534033,1.0,1.0,1.0,0.9067944175639181
2724,2318ebb3b64554fc,True,1.0,1.0,1.0,1.0,1.0,1.0,1.0
2725,373abe824b3052a0,True,1.0,1.0,0.8974501208129922,1.0,1.0,1.0,0.9572708836720801
2726,2833a305300f5394,True,1.0,1.0,1.0,1.0,1.0,1.0,1.0
2727,4c3547b853675e66,True,1.0,0.0,0.0,1.0,1.0,1.0,0.0
2728,ad2bbc4542205912,True,1.0,1.0,0.9221282669496071,1.0,1.0,1.0,0.9675534445623363
2729,71ae69a9499e559c,True,1.0,1.0,0.7175915571650031,1.0,1.0,1.0,0.8823298154854179
2730,e6b7dddf4ae95fea,True,1.0,1.0,0.9562576846432275,1.0,1.0,1.0,0.9817740352680114
2731,ef886d0dee3e534c,True,1.0,1.0,0.8079669461530591,1.0,1.0,1.0,0.9199862275637747
2732,5eef9aece027548e,True,1.0,1.0,1.0,1.0,1.0,1.0,1.0
2733,de64687e89f25285,True,1.0,0.0,0.0,1.0,1.0,1.0,0.0
2734,5ca7353cbe4a5cf7,True,1.0,1.0,1.0,1.0,1.0,1.0,1.0
2735,d45f18da371a5fe5,True,1.0,1.0,0.8773347969461505,1.0,1.0,1.0,0.9488894987275627
2736,5155241fdbbf57b3,True,1.0,1.0,1.0,1.0,1.0,1.0,1.0
2737,551afc276a1a5ab3,True,1.0,1.0,0.7463002319606111,1.0,1.0,1.0,0.8942917633169213
2738,95ba88fe9c385123,True,1.0,1.0,1.0,1.0,1.0,1.0,1.0
2739,e82216ae03b05bd4,True,1.0,1.0,1.0,1.0,1.0,1.0,1.0
2740,df534bbfbbba5b0c,True,1.0,1.0,1.0,1.0,0.0,1.0,0.8333333333333334
2741,ada62613f2ce5a33,True,1.0,1.0,0.6294670350721282,1.0,1.0,1.0,0.8456112646133868
2742,0558c7a64ef157b1,True,1.0,1.0,0.9984258315204267,1.0,1.0,1.0,0.9993440964668444
2743,b8104b69b2d9509b,True,1.0,1.0,0.7225949980466778,1.0,1.0,1.0,0.8844145825194492
2744,008d6e3394a65c1f,True,1.0,1.0,1.0,1.0,1.0,1.0,1.0
2745,9c62f0bf33fd542d,True,1.0,1.0,0.8683276299089611,1.0,1.0,1.0,0.9451365124620672
2746,95005e9d60b05d1d,True,1.0,1.0,0.8937903542744783,1.0,1.0,1.0,0.9557459809476994
2747,7b13f467f23c5a2b,True,1.0,1.0,0.9606203984749058,1.0,1.0,1.0,0.9835918326978774
2748,4cac9f6cd85a5b47,True,1.0,1.0,0.8842893869870083,1.0,1.0,1.0,0.9517872445779201
2749,c763328b4b3855b6,True,1.0,1.0,0.9731948373694201,1.0,1.0,1.0,0.9888311822372584
2750,bb6cb09beb1e5e3f,True,1.0,1.0,1.0,0.0,1.0,1.0,0.5833333333333334
2751,9a00d37375a95d7e,True,1.0,1.0,0.5486756439269491,1.0,1.0,1.0,0.8119481849695621
2752,deb455f53c805643,True,1.0,1.0,0.7602559878173152,1.0,1.0,1.0,0.9001066615905481
2753,7e2dc290d51f5137,True,1.0,1.0,0.7296038207862685,1.0,1.0,1.0,0.8873349253276119
2754,a3c4e4bf10d65ddb,True,1.0,1.0,0.7152647292599292,1.0,1.0,1.0,0.8813603038583038
2755,36419e8c59275f61,True,1.0,1.0,1.0,1.0,1.0,1.0,1.0
2756,86db74cc909e5437,True,1.0,0.0,0.0,0.0,1.0,1.0,0.0
2757,7291b74b016d5672,True,1.0,1.0,1.0,1.0,1.0,1.0,1.0
2758,e367d7a3c3b55302,True,1.0,1.0,1.0,1.0,1.0,1.0,1.0
2759,55bb551a2aa85849,True,1.0,1.0,0.8636150384546991,1.0,1.0,1.0,0.9431729326894579
2760,b3899f957ebe5684,True,0.5,1.0,0.4481644511298342,0.0,1.0,1.0,0.17670092731871545
2761,dadda73214d15baf,True,1.0,1.0,0.9046670940086248,1.0,1.0,1.0,0.960277955836927
2762,0fc626b8de655cc7,True,1.0,1.0,0.7372104641416934,1.0,1.0,1.0,0.8905043600590389
2763,f9720f622fd4511b,True,1.0,1.0,0.6498815885629116,1.0,1.0,1.0,0.8541173285678797
2764,75151361dbe658bb,True,1.0,1.0,1.0,1.0,1.0,1.0,1.0
2765,1766fa78fd10576e,True,1.0,1.0,1.0,1.0,1.0,1.0,1.0
2766,6239cdb801bc51c2,True,1.0,1.0,0.6950557508162147,1.0,1.0,1.0,0.8729398961734228
2767,8937c2f7a7ac5507,True,1.0,1.0,0.7201173164356077,1.0,1.0,1.0,0.8833822151815033
2768,664106f910475a53,True,1.0,1.0,0.6103559084528837,1.0,1.0,1.0,0.8376482951887015
2769,001d444661b45635,True,1.0,1.0,0.8206173396607909,1.0,1.0,1.0,0.9252572248586629
2770,09d424ddf3a558b3,True,1.0,1.0,1.0,1.0,1.0,1.0,1.0
2771,c75331b9d30957a1,True,1.0,1.0,1.0,0.0,1.0,1.0,0.5833333333333334
2772,a4ab5ff4ba7259f9,True,1.0,1.0,0.5688574929569876,1.0,1.0,1.0,0.8203572887320781
2773,c056dcf1096258a4,True,1.0,1.0,1.0,1.0,1.0,1.0,1.0
2774,39b5d00781925b16,True,1.0,1.0,0.9972969163217485,1.0,1.0,1.0,0.9988737151340619
2775,2002780575295bdc,True,1.0,1.0,1.0,1.0,1.0,1.0,1.0
2776,47fae9a1708b5101,True,1.0,1.0,0.9757441066309606,1.0,1.0,1.0,0.9898933777629001
2777,208247acd8ca5e2c,True,1.0,1.0,0.20703793559198286,1.0,1.0,1.0,0.6695991398299929
2778,569f53e485335820,True,1.0,1.0,0.8419291435068367,1.0,1.0,1.0,0.9341371431278486
2779,8ec53979117552c7,True,1.0,1.0,0.7268615277873796,1.0,1.0,1.0,0.8861923032447415
2780,9ffd8ba0c7f75398,True,1.0,1.0,0.8097681531151598,1.0,1.0,1.0,0.92073673046465
2781,2a5a7c87bce352a7,True,1.0,1.0,0.8617565953881122,1.0,1.0,1.0,0.9423985814117134
2782,35b810aad36b553a,True,1.0,0.0,0.0,1.0,1.0,1.0,0.0
2783,93512ae1de725307,True,1.0,1.0,1.0,1.0,1.0,1.0,1.0
2784,a815da9bf45d5b15,True,1.0,1.0,0.8501633456559373,1.0,1.0,1.0,0.937568060689974
2785,f211c8127aff5246,True,1.0,1.0,0.9819630884405118,1.0,1.0,1.0,0.9924846201835466
2786,84b38cdaa93e5dcd,True,1.0,1.0,0.7747209991439327,1.0,1.0,1.0,0.9061337496433053
2787,b42d7dc2a3975573,True,1.0,1.0,0.8062041159557716,1.0,1.0,1.0,0.9192517149815714
2788,9e032298e808528a,True,1.0,1.0,0.5995269266754342,1.0,1.0,1.0,0.8331362194480976
2789,01e3dbb4fbcd5781,True,1.0,1.0,1.0,1.0,1.0,1.0,1.0
2790,571bb034360052d9,True,1.0,1.0,1.0,1.0,1.0,1.0,1.0
2791,f860a73be2cd5fe5,True,1.0,1.0,0.9009021346573726,1.0,1.0,1.0,0.9587092227739052
2792,305634c7b587567f,True,1.0,1.0,0.7585602519842888,1.0,1.0,1.0,0.8994001049934536
2793,ddf3383ec8965d9b,True,1.0,1.0,0.806439739042648,1.0,1.0,1.0,0.9193498912677699
2794,40280e58e4d45fde,True,1.0,1.0,1.0,1.0,1.0,1.0,1.0
2795,d20659149c14557c,True,1.0,1.0,1.0,1.0,1.0,1.0,1.0
2796,e90b4ad6e7905adf,True,1.0,0.0,0.0,1.0,1.0,1.0,0.0
2797,7ba76233a35553c2,True,0.0,1.0,0.0,1.0,1.0,1.0,0.0
2798,62108a4000e85dae,True,1.0,1.0,1.0,1.0,1.0,1.0,1.0
2799,125a155883e55be7,True,1.0,1.0,0.6644093857352991,1.0,1.0,1.0,0.860170577389708
2800,7be2f6436ce95042,True,1.0,1.0,1.0,1.0,1.0,1.0,1.0
2801,5396af8f09455852,True,1.0,1.0,0.6019954335251886,1.0,1.0,1.0,0.8341647639688285
2802,b5a8b9b436b05bad,True,1.0,1.0,1.0,1.0,1.0,1.0,1.0
2803,3ea43d5abad05188,True,1.0,1.0,0.8381893756104821,1.0,1.0,1.0,0.9325789065043676
2804,3d6703caa0c951a8,True,1.0,1.0,0.8961639559798871,1.0,1.0,1.0,0.9567349816582862
2805,0ef7ecd9c0035467,True,1.0,1.0,0.7936525968509249,1.0,1.0,1.0,0.9140219153545521
2806,01e6276eff385ea8,True,1.0,1.0,0.8012776845012235,1.0,1.0,0.0,0.917199035208843
2807,667afe1f010351c5,True,0.0,1.0,0.0,0.0,1.0,1.0,0.0
2808,7af63267db5c5415,True,1.0,1.0,0.8474953079052248,1.0,1.0,1.0,0.9364563782938436
2809,1801a3d3fffc57f5,True,1.0,1.0,0.7567278674789596,1.0,1.0,1.0,0.8986366114495664
2810,9d02128f653455a3,True,1.0,1.0,0.9543829720839963,1.0,1.0,1.0,0.9809929050349985
2811,446dbb38653a51a8,True,1.0,1.0,1.0,1.0,1.0,1.0,1.0
2812,735587b14e39568c,True,1.0,1.0,0.7103484665089893,1.0,1.0,1.0,0.8793118610454123
2813,d4849a52aaa55a9f,True,1.0,1.0,1.0,1.0,1.0,1.0,1.0
2814,5ee1455d53695e5b,True,1.0,0.0,0.0,1.0,1.0,1.0,0.0
2815,9a1d23e8ed1b5837,True,1.0,1.0,1.0,0.0,1.0,1.0,0.5833333333333334
2816,c35f0df7bfdb5140,True,1.0,1.0,1.0,1.0,1.0,1.0,1.0
2817,1712f51cf5df564a,True,1.0,1.0,0.8948797573338647,1.0,1.0,1.0,0.9561998988891102
2818,57fa478b9b1e5de3,True,1.0,1.0,1.0,1.0,1.0,1.0,1.0
2819,5f4945f6b9b45024,True,1.0,1.0,1.0,1.0,1.0,1.0,1.0
2820,47ece51118f95d1d,True,1.0,1.0,1.0,1.0,1.0,1.0,1.0
2821,52d6d6f0e4305a44,True,1.0,1.0,1.0,1.0,1.0,1.0,1.0
2822,cbadd750cbd6581b,True,1.0,1.0,0.7679964238527504,1.0,1.0,1.0,0.9033318432719794
2823,11182a0af9c95c8c,True,1.0,1.0,0.6947124327068175,1.0,1.0,1.0,0.8727968469611739
2824,2ee34c8975525f5c,True,1.0,0.0,0.0,1.0,1.0,1.0,0.0
2825,21146ac996365854,True,1.0,1.0,0.7738953908136823,1.0,1.0,1.0,0.9057897461723675
2826,1682c020a94054fa,True,1.0,1.0,0.8941814369700424,1.0,1.0,1.0,0.955908932070851
2827,eb4bbe69b80d5f12,True,1.0,1.0,0.8747748478731966,1.0,1.0,1.0,0.9478228532804985
2828,ba62104a517e5a9b,True,1.0,1.0,0.9346213953657786,1.0,1.0,1.0,0.9727589147357412
2829,0b2839db08ae5ed6,True,1.0,1.0,0.7583626392004074,1.0,1.0,1.0,0.8993177663335031
2830,3ef16d00a16b5c94,True,1.0,1.0,0.7734372916657876,1.0,1.0,1.0,0.9055988715274115
2831,88152114a47d5175,True,1.0,1.0,1.0,0.0,1.0,1.0,0.5833333333333334
2832,e9597ce7a5a7589b,True,1.0,1.0,1.0,1.0,1.0,1.0,1.0
2833,808e5edcddce51c3,True,1.0,1.0,0.8268620342985659,1.0,1.0,1.0,0.9278591809577357
2834,83c72c93de355a6b,True,1.0,1.0,1.0,1.0,1.0,1.0,1.0
2835,4256146a0b765876,True,1.0,1.0,1.0,1.0,1.0,1.0,1.0
2836,1ecea4b911675b72,True,1.0,1.0,0.7661354280530598,1.0,1.0,1.0,0.9025564283554416
2837,61573a0820cc553a,True,1.0,1.0,0.7254829814783116,1.0,1.0,1.0,0.8856179089492965
2838,650ed02359615f58,True,1.0,1.0,0.7147278636671187,1.0,1.0,1.0,0.8811366098612995
2839,baf1301534ea54d6,True,1.0,1.0,0.830749879248167,1.0,1.0,1.0,0.929479116353403
2840,fd63045289ac5df7,True,1.0,1.0,0.984220968168566,1.0,1.0,1.0,0.9934254034035691
2841,56b80cb2ca2c5983,True,1.0,1.0,0.5956826360077826,1.0,1.0,1.0,0.8315344316699095
2842,0ee0c8c2556c506a,True,1.0,1.0,1.0,1.0,1.0,1.0,1.0
2843,e68ddf5be41355dc,True,1.0,1.0,0.8591240869536078,1.0,1.0,1.0,0.9413017028973366
2844,87da3996575459a8,True,1.0,1.0,0.6203499811798893,1.0,1.0,1.0,0.8418124921582871
2845,4711d15a356a54e9,True,1.0,1.0,0.8690164703132739,1.0,1.0,1.0,0.9454235292971974
2846,9b58f5bd4e995a93,True,1.0,1.0,1.0,1.0,1.0,1.0,1.0
2847,63f4362f90ef55a1,True,1.0,1.0,0.8656899513723689,1.0,1.0,1.0,0.944037479738487
2848,55d6a50a401f52f7,True,1.0,1.0,0.8933547984919701,1.0,1.0,1.0,0.9555644993716541
2849,b5c2d13e8d5c517a,True,1.0,1.0,0.8043910855452924,1.0,1.0,1.0,0.9184962856438718
2850,e0164d976037592c,True,1.0,1.0,0.8356007798749683,1.0,1.0,1.0,0.9315003249479035
2851,77919997d5c352d8,True,1.0,1.0,1.0,1.0,1.0,1.0,1.0
2852,74deabca4e1259f5,True,1.0,1.0,1.0,1.0,1.0,1.0,1.0
2853,65130561cbfb567a,True,1.0,1.0,0.7704648099637617,1.0,1.0,1.0,0.9043603374849006
2854,a4fb656f624e5458,True,1.0,1.0,0.7883700294598601,1.0,1.0,1.0,0.911820845608275
2855,6c81fef5b490580a,True,1.0,1.0,1.0,1.0,0.0,0.0,0.8333333333333334
2856,ffd429cac51751d9,True,1.0,1.0,1.0,1.0,1.0,1.0,1.0
2857,59c3714116c25a7c,True,1.0,0.0,0.0,1.0,1.0,1.0,0.0
2858,e3caf69e02f857ba,True,1.0,1.0,0.8838823707657993,1.0,1.0,1.0,0.9516176544857498
2859,f5f55c1132d75fa7,True,1.0,1.0,1.0,1.0,1.0,1.0,1.0
2860,0c4f97d3255155e4,True,1.0,1.0,0.7437099822616198,1.0,1.0,1.0,0.8932124926090083
2861,c29fb70bf1d056ca,True,1.0,1.0,1.0,1.0,1.0,1.0,1.0
2862,9a4575e2dfd75ffb,True,1.0,1.0,0.8980519818057,1.0,1.0,1.0,0.9575216590857084
2863,019667e138b95ff0,True,1.0,1.0,1.0,1.0,1.0,1.0,1.0
2864,cd177406e5b056d6,True,1.0,1.0,0.8280737862150468,1.0,1.0,1.0,0.9283640775896028
2865,847ac59d6cce5bc4,True,1.0,1.0,0.8267270009548993,1.0,1.0,1.0,0.9278029170645414
2866,0855e09733fe5445,True,1.0,1.0,0.2171412949154551,1.0,1.0,1.0,0.6738088728814396
2867,ed5defe615515789,True,1.0,1.0,0.9080178773853919,1.0,1.0,0.5,0.9616741155772465
2868,c20652fc6a78529b,True,1.0,1.0,0.6719764149468725,1.0,1.0,1.0,0.8633235062278635
2869,77f9c895af8b59f3,True,1.0,1.0,1.0,1.0,1.0,1.0,1.0
2870,1fc3acd944ba540e,True,1.0,1.0,0.8682544016461492,1.0,1.0,1.0,0.9451060006858955
2871,908f696abf7c5a26,True,1.0,1.0,0.8140450604376195,1.0,1.0,1.0,0.9225187751823415
2872,88862af321ce5c8f,True,1.0,1.0,1.0,1.0,1.0,1.0,1.0
2873,c8bf5f09438e5507,True,1.0,1.0,1.0,1.0,1.0,1.0,1.0
2874,e706a9c88e625828,True,1.0,1.0,0.8950053975025963,1.0,1.0,1.0,0.9562522489594151
2875,4f8fc653ac98588e,True,1.0,1.0,1.0,1.0,1.0,1.0,1.0
2876,04605629ea8a50cc,True,1.0,1.0,1.0,1.0,1.0,1.0,1.0
2877,b7e7604c72e051da,True,1.0,1.0,1.0,1.0,1.0,1.0,1.0
2878,f29d6171f46b551d,True,1.0,1.0,0.7974390695002848,1.0,1.0,1.0,0.9155996122917852
2879,7ce6c5c094c55055,True,1.0,1.0,0.7508299304841238,1.0,1.0,1.0,0.8961791377017182
2880,bc1a3b9fa4ca5000,True,1.0,1.0,0.9217928421868745,1.0,1.0,1.0,0.967413684244531
2881,e22c42694be05703,True,1.0,1.0,0.7910566806482027,1.0,1.0,1.0,0.9129402836034178
2882,ac73220f793d522e,True,1.0,1.0,0.8489014439751146,1.0,1.0,1.0,0.9370422683229643
2883,59c19d828f665a79,True,1.0,1.0,0.7199970260773798,1.0,1.0,1.0,0.8833320941989081
2884,ba09d23c78b95a66,True,1.0,1.0,0.956895896741175,1.0,1.0,1.0,0.9820399569754897
2885,54b1308d42085066,True,1.0,1.0,0.892297633089758,1.0,1.0,1.0,0.9551240137873992
2886,676880c7e31252c0,True,1.0,1.0,0.6115439754030666,1.0,1.0,1.0,0.8381433230846111
2887,ed98a4566ea95092,True,0.0,1.0,0.0,0.0,1.0,1.0,0.0
2888,7d1fdeb7e341522d,True,1.0,1.0,1.0,1.0,1.0,1.0,1.0
2889,7f9c22da74d35642,True,1.0,1.0,0.8684057398395316,1.0,1.0,1.0,0.9451690582664716
2890,4d55f6c3a3dc58fe,True,1.0,1.0,1.0,1.0,1.0,1.0,1.0
2891,e35a803202875fa0,True,1.0,1.0,0.8483008500760797,1.0,1.0,1.0,0.9367920208650332
2892,fd3606c29f3f57fb,True,1.0,1.0,0.8181843849418452,1.0,1.0,1.0,0.9242434937257689
2893,ff7bf9054f4a5a4a,True,1.0,1.0,0.10664834655901259,1.0,1.0,1.0,0.6277701443995886
2894,0c318d7923d15b78,True,1.0,1.0,1.0,1.0,1.0,1.0,1.0
2895,dd9efbb06b495921,True,1.0,1.0,0.613476205424139,1.0,1.0,1.0,0.8389484189267247
2896,6ffc117437175255,True,1.0,1.0,0.7296228924000556,1.0,1.0,1.0,0.8873428718333565
2897,07064359a6215354,True,1.0,1.0,0.9292845933077172,1.0,1.0,1.0,0.9705352472115488
2898,248a920cf01751f1,True,1.0,1.0,1.0,1.0,1.0,1.0,1.0
2899,615329a491785c3a,True,1.0,1.0,1.0,1.0,1.0,1.0,1.0
2900,2313aa310e16503d,True,1.0,1.0,1.0,1.0,1.0,1.0,1.0
2901,86e394f2cb345082,True,1.0,1.0,1.0,1.0,1.0,1.0,1.0
2902,ef7fb2d0c7bf52a4,True,1.0,1.0,0.8752097032051831,1.0,1.0,1.0,0.9480040430021596
2903,93d5e0dd29bc5e7c,True,1.0,1.0,1.0,1.0,1.0,1.0,1.0
2904,b27841ee318f5d92,True,1.0,1.0,0.97008292317857,1.0,1.0,1.0,0.9875345513244042
2905,04daf401ec185f96,True,0.0,1.0,0.0,1.0,1.0,1.0,0.0
2906,7ceb065003f25449,True,1.0,0.0,0.0,1.0,1.0,1.0,0.0
2907,006e2728d7115fa7,True,1.0,1.0,0.8468411899072579,1.0,1.0,1.0,0.9361838291280241
2908,19a595ad0fe35941,True,0.0,1.0,0.0,0.0,1.0,0.5,0.0
2909,8a2c1d34f9df5213,True,1.0,1.0,1.0,1.0,1.0,1.0,1.0
2910,f24100a519ef5940,True,1.0,1.0,0.8174341725168557,1.0,1.0,1.0,0.9239309052153565
2911,8d8f238bb7315004,True,1.0,1.0,0.7647012223118893,1.0,1.0,1.0,0.9019588426299538
2912,9d0ff46ac79e5e0b,True,1.0,1.0,0.7886682523785633,1.0,1.0,1.0,0.9119451051577347
2913,0a7ed373b7de5037,True,1.0,0.0,0.0,1.0,1.0,1.0,0.0
2914,14d171fcb9295596,True,1.0,1.0,1.0,1.0,1.0,1.0,1.0
2915,4fabf8c780005e4f,True,1.0,1.0,0.8112919803440723,1.0,1.0,1.0,0.9213716584766969
2916,2908ea54e9955267,True,1.0,0.0,0.0,1.0,1.0,1.0,0.0
2917,086e4501de295946,True,1.0,1.0,1.0,1.0,1.0,1.0,1.0
2918,7b281124be57507a,True,1.0,1.0,0.7624913562290819,1.0,1.0,1.0,0.9010380650954509
2919,e516528c577453a7,True,1.0,1.0,1.0,1.0,1.0,1.0,1.0
2920,8dac96b2393f5de9,True,1.0,1.0,0.9190508268644801,1.0,1.0,1.0,0.9662711778602001
2921,20403b65d87d5e5a,True,1.0,1.0,1.0,1.0,1.0,1.0,1.0
2922,3f6732f66f695405,True,1.0,0.0,0.0,0.0,1.0,1.0,0.0
2923,80ea2a91b1845071,True,1.0,1.0,1.0,1.0,1.0,1.0,1.0
2924,5f548f26b9a7572f,True,1.0,1.0,1.0,0.0,1.0,1.0,0.5833333333333334
2925,df2ed02abeba57fe,True,1.0,1.0,0.9881830779510336,1.0,1.0,1.0,0.9950762824795975
2926,9116e9726a6f59cb,True,1.0,1.0,0.8677475495053515,1.0,1.0,1.0,0.9448948122938964
2927,8733d5cc8ae956df,True,1.0,1.0,0.8344994569136366,1.0,1.0,1.0,0.931041440380682
2928,b76b03503cf95c02,True,1.0,1.0,1.0,1.0,1.0,1.0,1.0
2929,c93a302d2fb2508f,True,1.0,1.0,0.7323019774624064,1.0,1.0,1.0,0.8884591572760027
2930,ec60244b07ad5466,True,1.0,1.0,1.0,1.0,1.0,1.0,1.0
2931,018ba0bc5f145074,True,1.0,1.0,0.8308331076867759,1.0,1.0,1.0,0.9295137948694899
2932,95612e81595b568f,True,1.0,1.0,0.9426925421080411,1.0,1.0,1.0,0.9761218925450171
2933,5af27ca0b8135d9d,True,1.0,1.0,0.9136897311223916,1.0,1.0,1.0,0.9640373879676631
2934,62013ac84b3a57e5,True,1.0,1.0,0.8436275376972722,1.0,1.0,1.0,0.9348448073738634
2935,9b88dfaff2615c83,True,1.0,1.0,0.7838807867134217,1.0,1.0,1.0,0.9099503277972589
2936,6ecc4586af155c50,True,1.0,1.0,1.0,1.0,1.0,1.0,1.0
2937,3ec484ccad125e99,True,1.0,1.0,0.9802043929058984,1.0,1.0,1.0,0.9917518303774576
2938,0994517bde3c5188,True,1.0,1.0,0.5272336483994131,1.0,1.0,1.0,0.8030140201664221
2939,cf0aec572cdd543e,True,1.0,1.0,0.9543415496222027,1.0,1.0,1.0,0.9809756456759179
2940,515fefed28a65a88,True,1.0,1.0,0.7849723282654749,1.0,1.0,1.0,0.9104051367772813
2941,3e053f89d1c55a7e,True,1.0,1.0,0.8779709152649267,1.0,1.0,1.0,0.9491545480270528
2942,8e9c1bb8232c5a14,True,1.0,1.0,0.15241327913959948,1.0,1.0,1.0,0.6468388663081664
2943,607fd9c5903d5376,True,0.0,1.0,0.0,0.0,1.0,0.5,0.0
2944,bc73190196b358f6,True,1.0,1.0,1.0,1.0,1.0,1.0,1.0
2945,68ea9d09300c5886,True,1.0,1.0,1.0,1.0,1.0,1.0,1.0
2946,29d982d97d135311,True,1.0,1.0,0.9962897670762825,1.0,1.0,1.0,0.9984540696151177
2947,4eb5bcde81245591,True,1.0,0.0,0.0,1.0,1.0,1.0,0.0
2948,02e3c13aa3975b02,True,1.0,1.0,0.8164894140187079,1.0,1.0,1.0,0.9235372558411283
2949,average,True,0.972363513055273,0.9426924381146151,0.7941006589157495,0.9345540861308919,0.9955917260088165,0.9698202780603594,0.8528567255732142
