,token,valid,no_at_fault_collisions,drivable_area_compliance,ego_progress,time_to_collision_within_bound,comfort,driving_direction_compliance,score
0,f512480c969a5eab,True,0.0,1.0,0.0,0.0,1.0,1.0,0.0
1,b9238f564f875dfc,True,1.0,1.0,0.8505710278256308,1.0,1.0,1.0,0.9377379282606796
2,6e9027bc59c857a9,True,1.0,1.0,0.6051645283100964,1.0,1.0,1.0,0.8354852201292068
3,3efebf87894a552e,True,1.0,1.0,0.8341472133120306,1.0,1.0,1.0,0.9308946722133461
4,7f5f77992cd859ef,True,1.0,1.0,0.5861500039673191,1.0,1.0,1.0,0.8275625016530496
5,a1fa084b258b5672,True,1.0,1.0,0.8723591115330204,1.0,1.0,1.0,0.9468162964720918
6,d07fa319e6045a3d,True,1.0,1.0,0.8777038499130065,1.0,1.0,1.0,0.9490432707970861
7,f5e6e24328fd5e7c,True,1.0,1.0,0.8748287741262626,1.0,1.0,1.0,0.9478453225526094
8,a41a728fda515594,True,1.0,1.0,0.7033465850682825,1.0,1.0,1.0,0.8763944104451177
9,fec541917e3f5029,True,1.0,1.0,0.656443296863116,1.0,1.0,1.0,0.8568513736929649
10,e658c60a7b705bea,True,1.0,1.0,0.8756120568906142,1.0,1.0,1.0,0.9481716903710892
11,d1e9fac71909545f,True,1.0,1.0,1.0,1.0,1.0,1.0,1.0
12,a0be9e4c6cc15ec7,True,1.0,1.0,0.6211229004944304,1.0,1.0,1.0,0.8421345418726793
13,10ee9a1679d759e4,True,1.0,1.0,0.784086547324996,1.0,1.0,1.0,0.9100360613854152
14,9a38ba16ae8d57be,True,1.0,1.0,1.0,1.0,1.0,1.0,1.0
15,1cac49b248b05705,True,1.0,1.0,0.7950567543123661,1.0,1.0,1.0,0.9146069809634859
16,9276407219215151,True,1.0,1.0,0.9406469356396288,1.0,1.0,1.0,0.9752695565165119
17,7777f9476f1e5bb0,True,1.0,1.0,0.8403197393573903,1.0,1.0,1.0,0.9334665580655793
18,ab74b3b32d8c5006,True,1.0,1.0,0.921090226048213,1.0,1.0,1.0,0.9671209275200887
19,d11fc492a41e5279,True,1.0,1.0,0.7474076938246808,1.0,1.0,1.0,0.8947532057602836
20,8f4e4b81b2b15283,True,1.0,1.0,1.0,1.0,1.0,1.0,1.0
21,f1940c1eca9857cb,True,1.0,1.0,1.0,1.0,1.0,1.0,1.0
22,0225c61734025867,True,1.0,1.0,0.9518728991935687,1.0,1.0,1.0,0.9799470413306537
23,7b2758fa57ef54b7,True,1.0,1.0,0.6141960346869225,1.0,1.0,1.0,0.8392483477862177
24,d858b7c7e6105207,True,1.0,1.0,0.8779453631443397,1.0,1.0,1.0,0.9491439013101415
25,22ff5ba619a250b0,True,1.0,0.0,0.0,1.0,1.0,1.0,0.0
26,ddaf241c401e560a,True,1.0,1.0,0.6577188253182864,1.0,1.0,1.0,0.8573828438826193
27,4d50c69f430850a0,True,1.0,1.0,1.0,1.0,1.0,1.0,1.0
28,2ba94c9278825a74,True,1.0,1.0,0.960507658774864,1.0,1.0,1.0,0.98354485782286
29,5fe951e403f25012,True,1.0,1.0,0.7713863739732164,1.0,1.0,1.0,0.9047443224888402
30,a0d88b07304b5398,True,1.0,1.0,1.0,1.0,1.0,1.0,1.0
31,d2789ec30aaa5d6a,True,1.0,1.0,1.0,1.0,1.0,1.0,1.0
32,8b3bd35b8b945918,True,1.0,1.0,0.7600623880495753,1.0,1.0,1.0,0.9000259950206564
33,b805c900794c53f5,True,1.0,1.0,0.7894822004513408,1.0,1.0,1.0,0.9122842501880587
34,137f854539c45fe1,True,1.0,0.0,0.0,1.0,1.0,1.0,0.0
35,f79931e74df250f7,True,1.0,1.0,0.8202793377648787,1.0,1.0,1.0,0.9251163907353662
36,38cce6a01e6753ea,True,1.0,1.0,0.887964644708825,1.0,1.0,1.0,0.9533186019620103
37,870886385ca15345,True,1.0,1.0,1.0,1.0,1.0,1.0,1.0
38,95effa16c4bb5c12,True,1.0,1.0,0.8475841195880519,0.0,1.0,0.5,0.5198267164950217
39,0490beca807c5e9f,True,1.0,1.0,0.8424570123103698,1.0,1.0,1.0,0.9343570884626541
40,08fc5ba619bc535c,True,1.0,1.0,1.0,1.0,1.0,1.0,1.0
41,b5674c9c6c735d57,True,1.0,1.0,0.9132437539698339,1.0,1.0,1.0,0.9638515641540973
42,ae06592110305073,True,1.0,1.0,0.8320408805714085,1.0,1.0,1.0,0.9300170335714202
43,e377a0a97c895d9c,True,1.0,1.0,0.9948227296502413,1.0,1.0,1.0,0.9978428040209338
44,19d7afdb02055502,True,1.0,1.0,0.7997379331253407,1.0,1.0,1.0,0.9165574721355586
45,9b25bbac0aac5357,True,1.0,1.0,1.0,1.0,1.0,1.0,1.0
46,b7215e8a4eb6552a,True,1.0,1.0,0.7225536409117529,1.0,1.0,1.0,0.8843973503798971
47,a6b457a7eb6a5cde,True,1.0,1.0,0.8168564262690083,1.0,1.0,1.0,0.9236901776120868
48,15bc35249e5656b6,True,0.0,1.0,0.0,0.0,1.0,1.0,0.0
49,95165bfbaadf5a64,True,1.0,1.0,1.0,1.0,1.0,1.0,1.0
50,3296651e2cf0547d,True,1.0,1.0,0.6869235281527007,1.0,1.0,1.0,0.8695514700636253
51,14c2bb3737ab519c,True,1.0,1.0,0.604889623847696,1.0,1.0,1.0,0.8353706766032066
52,5feede5c5a3c5116,True,0.5,0.0,0.0,0.0,1.0,1.0,0.0
53,29b743b5bdd1527e,True,1.0,1.0,0.727516654546639,1.0,1.0,1.0,0.8864652727277663
54,88fb8b083a2d56c7,True,1.0,1.0,1.0,1.0,1.0,1.0,1.0
55,84ec7e450e205d8f,True,1.0,1.0,0.8762402726769167,1.0,1.0,1.0,0.9484334469487153
56,d151becf4b395f13,True,1.0,1.0,1.0,1.0,1.0,1.0,1.0
57,6c9e40634f705f56,True,1.0,1.0,0.6871991388634343,1.0,1.0,1.0,0.8696663078597643
58,e7dc959cb4745b66,True,1.0,1.0,0.7297757033965184,1.0,1.0,1.0,0.8874065430818826
59,d2d30ecb18db52f9,True,1.0,1.0,0.7433958394178675,1.0,1.0,1.0,0.8930815997574447
60,b63793ec1e0350e6,True,1.0,1.0,0.9523996831440559,1.0,1.0,1.0,0.9801665346433567
61,26cae32c50095246,True,1.0,1.0,0.58638961114627,1.0,1.0,1.0,0.8276623379776126
62,fa8c164985255698,True,1.0,1.0,0.5507564330678798,1.0,1.0,1.0,0.8128151804449498
63,dc145331696d5400,True,1.0,1.0,1.0,1.0,1.0,1.0,1.0
64,40df19739f215995,True,1.0,1.0,0.6539999843804735,1.0,1.0,1.0,0.8558333268251973
65,c2f9c48979255481,True,1.0,1.0,1.0,1.0,1.0,1.0,1.0
66,3d04f4c65587562b,True,1.0,1.0,0.8814462863480454,1.0,1.0,1.0,0.9506026193116855
67,63980d0b4c9352c4,True,1.0,1.0,0.8316094089917333,1.0,1.0,1.0,0.9298372537465557
68,8612b2c9d3875ac2,True,1.0,1.0,1.0,0.0,1.0,1.0,0.5833333333333334
69,10f15e844ab15831,True,1.0,1.0,0.8632214690182205,1.0,1.0,1.0,0.9430089454242586
70,d14ccafb937a543a,True,1.0,1.0,0.7884086736044892,1.0,1.0,1.0,0.9118369473352038
71,5ac5a4a182b859f7,True,1.0,1.0,0.5214624260415432,1.0,1.0,1.0,0.8006093441839764
72,e87ffda7f5655c3c,True,1.0,1.0,0.9514874522639505,1.0,1.0,1.0,0.9797864384433127
73,737920796b595b0f,True,1.0,1.0,0.5167483192052743,1.0,1.0,1.0,0.7986451330021976
74,6a8a6b3a7d5f55cd,True,1.0,1.0,0.6860770497730794,1.0,1.0,1.0,0.869198770738783
75,f8e2454674f75e0f,True,1.0,1.0,1.0,1.0,1.0,1.0,1.0
76,90831b78d185503a,True,1.0,1.0,0.7643588403929614,1.0,1.0,1.0,0.9018161834970672
77,ea408ea92ea9549b,True,1.0,0.0,0.0,1.0,1.0,1.0,0.0
78,d01e896e6c325436,True,1.0,1.0,1.0,1.0,1.0,1.0,1.0
79,e0dd84d2357d5ed8,True,1.0,1.0,0.8217974285785622,1.0,1.0,1.0,0.9257489285744009
80,cb84621ac42a5df2,True,1.0,1.0,0.9200738806663556,0.0,1.0,1.0,0.5500307836109816
81,aea962fd9c025957,True,1.0,1.0,0.9334457934757332,1.0,1.0,1.0,0.9722690806148888
82,05929f9dc5d152a7,True,1.0,1.0,1.0,1.0,1.0,1.0,1.0
83,a9c1456b9deb5184,True,1.0,0.0,0.0,1.0,1.0,0.5,0.0
84,150c33d5cd005743,True,1.0,1.0,1.0,1.0,1.0,1.0,1.0
85,c240593c969a5cfc,True,1.0,1.0,1.0,1.0,1.0,1.0,1.0
86,afa37504b1da59bf,True,1.0,1.0,1.0,1.0,1.0,1.0,1.0
87,6907c80d73775279,True,1.0,1.0,0.8408831342462373,1.0,1.0,1.0,0.9337013059359321
88,ddd3fc0cf919567b,True,1.0,1.0,1.0,1.0,1.0,1.0,1.0
89,9b0f5a2f65e45867,True,1.0,0.0,0.0,1.0,1.0,0.5,0.0
90,bb7aca330b2c5ac2,True,1.0,1.0,0.7360513380425102,1.0,1.0,1.0,0.890021390851046
91,4b09402394995325,True,1.0,1.0,0.7089914338193087,1.0,1.0,1.0,0.8787464307580453
92,e66d21ee45e65dac,True,1.0,1.0,0.7365335516464481,1.0,1.0,1.0,0.89022231318602
93,ae90dd8267ce57a0,True,1.0,0.0,0.0,1.0,1.0,1.0,0.0
94,233cd84fc1c35f3f,True,1.0,1.0,0.8365936527729406,1.0,1.0,1.0,0.9319140219887253
95,9f1d535f158c5758,True,1.0,1.0,1.0,1.0,1.0,1.0,1.0
96,5593d7326b9c59aa,True,1.0,1.0,1.0,1.0,1.0,1.0,1.0
97,635eb3ecbf415418,True,1.0,1.0,0.9374219569494249,1.0,1.0,1.0,0.9739258153955938
98,d1d48a8f642b5874,True,1.0,0.0,0.0,1.0,1.0,1.0,0.0
99,844da9644e225af5,True,1.0,1.0,0.9721821105885922,1.0,1.0,1.0,0.9884092127452467
100,6b0a15391789599e,True,1.0,1.0,0.10799823647664698,1.0,1.0,1.0,0.6283325985319362
101,ce516bdfc6e45d5b,True,1.0,1.0,0.9501864585250778,0.0,1.0,1.0,0.5625776910521157
102,9cf612ff6e4f5bd5,True,1.0,1.0,1.0,1.0,1.0,1.0,1.0
103,389bfba2e25f581b,True,1.0,1.0,0.8722332427599775,1.0,1.0,1.0,0.9467638511499906
104,1fe885bcdf8d53de,True,1.0,1.0,0.8635098214730107,1.0,1.0,1.0,0.9431290922804211
105,d9f878bd57425c2c,True,1.0,1.0,0.9582597541470282,1.0,1.0,1.0,0.982608230894595
106,53b9b277e6305400,True,1.0,1.0,0.8493963555996826,1.0,1.0,1.0,0.9372484814998678
107,7bb715f6c245555e,True,1.0,1.0,0.2772642714604625,1.0,1.0,1.0,0.698860113108526
108,969198fbd19d59b1,True,1.0,1.0,0.7636962210815267,1.0,1.0,1.0,0.9015400921173028
109,41bf372d03d95267,True,1.0,1.0,1.0,1.0,1.0,1.0,1.0
110,28926b7190705b82,True,1.0,1.0,0.7296307832957191,1.0,1.0,1.0,0.8873461597065496
111,1b96821ba3425e3b,True,1.0,1.0,0.8440184227777942,0.0,1.0,0.5,0.5183410094907476
112,bf8fcd79b7fa532d,True,1.0,1.0,0.8047588478113717,1.0,1.0,1.0,0.9186495199214049
113,03af0c992a5a5ffc,True,1.0,1.0,1.0,0.0,1.0,1.0,0.5833333333333334
114,c06773e2267b568e,True,1.0,1.0,0.8666618776247568,1.0,1.0,1.0,0.9444424490103153
115,8dee25a9bcb35544,True,1.0,1.0,0.6914486096051846,1.0,1.0,1.0,0.8714369206688269
116,059912706b0758dc,True,1.0,1.0,0.9289407865370436,1.0,1.0,1.0,0.9703919943904348
117,1ec7ff5bb8cf5477,True,1.0,0.0,0.0,0.0,1.0,1.0,0.0
118,8d6e4249496b504c,True,1.0,1.0,0.8547412608594182,1.0,1.0,1.0,0.9394755253580908
119,02ecdf935f895a86,True,1.0,1.0,0.7684670761244051,1.0,1.0,1.0,0.9035279483851687
120,cc4a4dc2afc75aed,True,1.0,1.0,1.0,1.0,1.0,1.0,1.0
121,612827ed516257e8,True,1.0,1.0,1.0,1.0,1.0,1.0,1.0
122,ff32fea658445802,True,1.0,1.0,0.8518576557315194,1.0,1.0,1.0,0.9382740232214664
123,fd8299e81b435b94,True,1.0,1.0,0.8370037048878168,1.0,1.0,1.0,0.9320848770365903
124,3fa1e0c2313358ba,True,1.0,1.0,0.572903513837241,1.0,1.0,1.0,0.822043130765517
125,b2eba34ff4c359cc,True,1.0,1.0,0.9031417284090587,1.0,1.0,1.0,0.9596423868371078
126,43c74ea303715baf,True,1.0,1.0,0.9385897492621885,1.0,1.0,1.0,0.974412395525912
127,cde6be1eb8f85b3c,True,1.0,1.0,0.9012596135200198,1.0,1.0,1.0,0.9588581723000082
128,0b1250020ea95539,True,1.0,1.0,0.9170222144066169,1.0,1.0,1.0,0.9654259226694237
129,bcd38d9246695d74,True,1.0,1.0,0.9001740764587008,1.0,1.0,1.0,0.9584058651911254
130,cd9db9ad41d35989,True,1.0,1.0,0.9552205823083446,0.0,1.0,1.0,0.5646752426284769
131,3c31377fc8f65160,True,1.0,1.0,0.9703554876160813,1.0,1.0,1.0,0.9876481198400339
132,ffcbf5f098625d83,True,1.0,1.0,0.6219575638492199,1.0,1.0,1.0,0.8424823182705082
133,ca4be8d422eb5f56,True,1.0,1.0,1.0,1.0,1.0,1.0,1.0
134,cc65333a2182508c,True,1.0,1.0,0.5228006380878139,1.0,1.0,1.0,0.8011669325365891
135,ac2046c2652451fc,True,1.0,1.0,0.9238003565016385,1.0,1.0,1.0,0.9682501485423494
136,aca9ba55e052575b,True,1.0,1.0,0.7755868018738203,1.0,1.0,1.0,0.9064945007807585
137,f674a05cc42b5d4a,True,1.0,1.0,0.9225141669536594,1.0,1.0,1.0,0.9677142362306914
138,a0c719046be7530e,True,1.0,1.0,0.94165827649979,1.0,1.0,1.0,0.9756909485415791
139,6d4f69f0aabc5c4e,True,1.0,0.0,0.0,1.0,1.0,0.5,0.0
140,8b57a471e74e573f,True,1.0,1.0,1.0,1.0,1.0,1.0,1.0
141,65858c2fe6b5501f,True,1.0,0.0,0.0,1.0,1.0,1.0,0.0
142,fda0145d54065b7c,True,1.0,1.0,1.0,1.0,1.0,1.0,1.0
143,26101d0a7f79587c,True,1.0,1.0,1.0,1.0,1.0,1.0,1.0
144,c4bacbfebba15b26,True,1.0,1.0,0.7350305790861921,1.0,1.0,0.5,0.8895960746192467
145,66ccc68c8f755683,True,1.0,1.0,1.0,1.0,1.0,0.0,1.0
146,0b3a16034cc35dc0,True,1.0,1.0,0.7488944230828325,1.0,1.0,1.0,0.8953726762845134
147,2af5b66260bf5795,True,1.0,1.0,0.8519304136478482,1.0,1.0,1.0,0.9383043390199367
148,f561d19a11375418,True,1.0,1.0,0.9990107046615955,1.0,1.0,1.0,0.9995877936089981
149,8f0f0f9061b35356,True,1.0,1.0,0.7866230529052288,1.0,1.0,1.0,0.911092938710512
150,f8fd766eb013577f,True,1.0,1.0,0.9596615737611027,1.0,1.0,1.0,0.9831923224004595
151,fe8eddd5ec8654cd,True,1.0,0.0,0.0,1.0,1.0,1.0,0.0
152,ef6e61a4a7ed550a,True,1.0,1.0,0.8538618351950895,1.0,1.0,1.0,0.939109097997954
153,c74dd20cc31755b0,True,1.0,1.0,0.920315235608533,1.0,1.0,1.0,0.9667980148368888
154,e3418fb50fa55320,True,1.0,1.0,1.0,0.0,1.0,1.0,0.5833333333333334
155,3bcb5a54eca95746,True,1.0,1.0,1.0,1.0,1.0,1.0,1.0
156,77ee60147e0e55b7,True,1.0,1.0,0.9898825465774393,1.0,1.0,1.0,0.9957843944072664
157,7404939e443458cc,True,1.0,1.0,1.0,1.0,1.0,1.0,1.0
158,d471c0c48cb05f04,True,1.0,1.0,0.6760689221951471,1.0,1.0,1.0,0.8650287175813114
159,66e75a9c2da75db6,True,1.0,1.0,0.870660416590835,1.0,1.0,1.0,0.946108506912848
160,090af86f693c507b,True,1.0,1.0,0.6020495044550942,1.0,1.0,1.0,0.8341872935229558
161,e0aee9e955b35c08,True,1.0,1.0,0.6290060769059012,1.0,1.0,1.0,0.8454191987107921
162,3dcc0fdcb0395855,True,1.0,1.0,1.0,1.0,1.0,1.0,1.0
163,37d818085d0f56e8,True,1.0,1.0,0.81441135915546,1.0,1.0,1.0,0.9226713996481083
164,57f2781030b25387,True,1.0,1.0,0.8375710434335292,1.0,1.0,1.0,0.9323212680973038
165,56886aeb0f685bea,True,1.0,1.0,0.9469963567203732,1.0,1.0,1.0,0.9779151486334888
166,aa41c7c6037e5950,True,1.0,1.0,0.6292224800859431,1.0,1.0,1.0,0.8455093667024762
167,351f4333f34258b6,True,1.0,1.0,0.9367008269331438,1.0,1.0,1.0,0.9736253445554767
168,882a63bc231e5987,True,1.0,1.0,1.0,1.0,1.0,1.0,1.0
169,bff29edb43425586,True,1.0,1.0,0.8840104137052196,1.0,1.0,1.0,0.9516710057105081
170,e241e150a9c157b8,True,1.0,1.0,0.642289043625955,1.0,1.0,1.0,0.8509537681774813
171,0a571473239f5c89,True,1.0,1.0,0.9300198530304056,0.0,1.0,1.0,0.554174938762669
172,9f62394830d05091,True,1.0,1.0,0.8910707699494471,1.0,1.0,1.0,0.9546128208122697
173,9b4cfcda4a755b05,True,1.0,1.0,0.9321475208447293,1.0,1.0,1.0,0.9717281336853039
174,06bdef9a9bbc5aaf,True,1.0,1.0,0.7854490004914036,1.0,1.0,1.0,0.9106037502047516
175,218b80dbcd8551b8,True,1.0,1.0,0.7583278828910479,1.0,1.0,1.0,0.8993032845379366
176,2647308c0cbe519c,True,1.0,1.0,0.9817765056114316,1.0,1.0,1.0,0.9924068773380966
177,ad47566ea29a57bf,True,1.0,1.0,0.6499065401596588,0.0,1.0,1.0,0.4374610583998579
178,8ea6783a7b195706,True,1.0,1.0,0.8346103794786918,1.0,1.0,1.0,0.9310876581161217
179,36c9f5ba92385cee,True,1.0,1.0,0.8144637252141059,1.0,1.0,1.0,0.9226932188392108
180,6bd6995e2a275d91,True,1.0,1.0,0.7997326752776637,1.0,1.0,1.0,0.9165552813656932
181,542304e2baf25357,True,1.0,1.0,0.9720326074435309,1.0,1.0,1.0,0.9883469197681379
182,5491f2f619e25dfb,True,1.0,1.0,0.8246197798667305,1.0,1.0,1.0,0.9269249082778043
183,25d6781d5063561a,True,1.0,0.0,0.0,1.0,1.0,0.5,0.0
184,0d93c2f3442752d9,True,1.0,0.0,0.0,1.0,1.0,1.0,0.0
185,454e63f98e365a3a,True,1.0,0.0,0.0,1.0,1.0,1.0,0.0
186,9a1b945bf0125d1d,True,1.0,1.0,1.0,1.0,1.0,1.0,1.0
187,0af18cfd826c5086,True,1.0,1.0,0.7799592836255276,1.0,1.0,1.0,0.9083163681773031
188,1bc892186af15042,True,1.0,1.0,0.8148110749665344,1.0,1.0,1.0,0.9228379479027226
189,61be266ee38a5891,True,1.0,1.0,0.8269927312240449,1.0,1.0,1.0,0.9279136380100187
190,85da27c3381e5e63,True,1.0,1.0,0.8930126186802361,1.0,1.0,1.0,0.9554219244500984
191,687dc7e79cf65570,True,1.0,1.0,1.0,1.0,1.0,1.0,1.0
192,8cc8fe63227d5c07,True,1.0,1.0,1.0,1.0,1.0,1.0,1.0
193,549af9d2e33d5996,True,1.0,1.0,0.910567658405154,1.0,1.0,1.0,0.9627365243354808
194,9387d5660fcf5d98,True,1.0,1.0,0.7935231683335707,1.0,1.0,1.0,0.9139679868056545
195,63873e2afca95e70,True,1.0,1.0,0.9361585061435774,1.0,1.0,1.0,0.973399377559824
196,2d723f3d7b9458b8,True,1.0,1.0,0.8058308119355134,1.0,1.0,1.0,0.9190961716397972
197,e76c53ede9205ba9,True,1.0,1.0,0.7435627331680139,1.0,1.0,1.0,0.8931511388200057
198,f407714273645434,True,1.0,1.0,0.8393524017270848,1.0,1.0,1.0,0.9330635007196187
199,b1a1b2a18fa4504f,True,1.0,1.0,0.8259134409343143,1.0,1.0,1.0,0.927463933722631
200,8693307093e0553b,True,1.0,1.0,0.7043595806081256,1.0,1.0,1.0,0.8768164919200524
201,b2b49c0ddec25abc,True,1.0,1.0,1.0,1.0,1.0,1.0,1.0
202,d55a7602f48e582b,True,1.0,1.0,0.6252154616340602,1.0,1.0,1.0,0.8438397756808583
203,d9d93568b27e5649,True,1.0,1.0,0.6532912802358468,1.0,1.0,1.0,0.8555380334316028
204,4db7ecab510656e1,True,1.0,1.0,0.8651316674219979,1.0,1.0,1.0,0.9438048614258324
205,6edc8f2bcb3054be,True,1.0,1.0,0.8084625736943954,1.0,1.0,1.0,0.9201927390393315
206,bb8497b5cf575e3a,True,1.0,1.0,1.0,0.0,1.0,1.0,0.5833333333333334
207,749ac04eaa475981,True,1.0,1.0,1.0,1.0,1.0,1.0,1.0
208,c8b9b19008605f76,True,1.0,1.0,0.8371832452145224,1.0,1.0,1.0,0.932159685506051
209,653ebb370df45ca5,True,1.0,1.0,0.9921735089769158,0.0,1.0,1.0,0.5800722954070482
210,0fa0e8a25eec5e1e,True,1.0,1.0,0.8807763417229162,1.0,1.0,1.0,0.9503234757178817
211,fad5349c0f7c501a,True,1.0,1.0,0.6948659386999857,1.0,1.0,1.0,0.8728608077916608
212,cc3ebf79ba985643,True,1.0,1.0,0.7446490163984829,1.0,1.0,1.0,0.8936037568327012
213,e80197fe19435d28,True,1.0,1.0,0.9187650224249951,1.0,1.0,1.0,0.9661520926770812
214,d9d78961c83a5acb,True,1.0,1.0,0.6958795122511264,1.0,1.0,1.0,0.8732831301046361
215,815565a62f775c7c,True,1.0,1.0,0.7295510457206791,1.0,1.0,1.0,0.8873129357169497
216,9215943615c45afd,True,1.0,1.0,0.7487653012052874,1.0,1.0,1.0,0.8953188755022031
217,10ffaee1fe81544d,True,1.0,1.0,1.0,1.0,1.0,1.0,1.0
218,a37ac5585e74546d,True,1.0,1.0,1.0,1.0,1.0,1.0,1.0
219,722ad5b3698c52c6,True,1.0,1.0,1.0,1.0,1.0,1.0,1.0
220,5ce3b2260be35a1e,True,1.0,1.0,1.0,1.0,1.0,1.0,1.0
221,78adf1b8ed315c4f,True,1.0,1.0,0.8523724412525719,1.0,1.0,1.0,0.9384885171885716
222,e39a79ae2ceb5829,True,1.0,1.0,0.7488878118390329,1.0,1.0,1.0,0.895369921599597
223,ae33fa122ac45a10,True,1.0,1.0,0.6049159989320755,1.0,1.0,1.0,0.8353816662216982
224,d6f66c51d98a5db6,True,1.0,1.0,0.9010579454671644,1.0,1.0,1.0,0.9587741439446518
225,6a3518e83ad751f6,True,1.0,1.0,1.0,1.0,1.0,1.0,1.0
226,dac84d4f931e54ab,True,0.0,0.0,0.0,0.0,1.0,1.0,0.0
227,6fa0a76b37b558bd,True,1.0,1.0,0.892941583249983,1.0,1.0,1.0,0.9553923263541595
228,e5e0c85236f95d91,True,1.0,1.0,0.6326917453421701,1.0,1.0,1.0,0.8469548938925708
229,b5823453f7875542,True,1.0,1.0,1.0,1.0,1.0,1.0,1.0
230,d3193f2f5983500f,True,1.0,1.0,0.7654599504955547,1.0,1.0,1.0,0.9022749793731478
231,805fed6cba8c5fd3,True,1.0,1.0,1.0,1.0,1.0,1.0,1.0
232,f9cfac7b9f30506d,True,1.0,1.0,0.7950968774441951,1.0,1.0,0.5,0.9146236989350812
233,83d8368f99cb5470,True,1.0,1.0,0.6916366716648507,1.0,1.0,1.0,0.8715152798603545
234,490f4995542058fc,True,1.0,1.0,0.6991475627532442,1.0,1.0,1.0,0.8746448178138517
235,65ae67808d1f5de5,True,1.0,1.0,0.8851549501775456,1.0,1.0,1.0,0.9521478959073107
236,69c991e96f74541f,True,1.0,1.0,0.8213547145806653,1.0,1.0,1.0,0.9255644644086106
237,f6e9ee0b3a81575b,True,1.0,1.0,0.9111183106374736,1.0,1.0,1.0,0.962965962765614
238,c7b679fb61655f22,True,1.0,1.0,1.0,1.0,1.0,1.0,1.0
239,a62cc53f0187532a,True,1.0,1.0,0.9197992208113759,1.0,1.0,1.0,0.9665830086714067
240,8e958f3833835138,True,1.0,1.0,0.9814675344512117,1.0,1.0,1.0,0.9922781393546716
241,da848499bd6759c9,True,1.0,1.0,0.9038814748137227,1.0,1.0,1.0,0.9599506145057178
242,9696c1f82bc05ffc,True,1.0,1.0,0.8577153163349414,1.0,1.0,1.0,0.940714715139559
243,55644491cba35aad,True,1.0,1.0,0.7664309782852314,1.0,1.0,1.0,0.902679574285513
244,25b719c231d85e56,True,1.0,0.0,0.0,0.0,1.0,1.0,0.0
245,f033f87821135704,True,1.0,1.0,1.0,1.0,1.0,1.0,1.0
246,702b40dba11550ae,True,1.0,1.0,0.7462230844600638,1.0,1.0,1.0,0.8942596185250267
247,ed69e15d85ab50a6,True,0.0,1.0,0.0,0.0,1.0,1.0,0.0
248,690e07e19bf55c7c,True,1.0,1.0,0.730720211208127,1.0,1.0,1.0,0.8878000880033863
249,d70f8a8eeeeb5e82,True,1.0,1.0,0.8310677849732413,1.0,1.0,1.0,0.9296115770721839
250,689ed7a2ee4b583d,True,1.0,0.0,0.0,0.0,1.0,1.0,0.0
251,934f7ab607405431,True,1.0,1.0,1.0,1.0,1.0,1.0,1.0
252,c768a604b14e5956,True,1.0,1.0,0.8354353314881777,1.0,1.0,1.0,0.9314313881200741
253,8b3423345f3657b0,True,1.0,1.0,1.0,1.0,1.0,1.0,1.0
254,910198c6086a5a34,True,1.0,1.0,0.7525481047275021,1.0,1.0,1.0,0.8968950436364592
255,d715fbc6ea0551f8,True,1.0,1.0,1.0,1.0,1.0,1.0,1.0
256,ea57966419605846,True,1.0,1.0,0.7480859777648602,1.0,1.0,1.0,0.8950358240686919
257,47f29dad0bec52d2,True,1.0,1.0,0.6634574348421796,1.0,1.0,1.0,0.8597739311842414
258,07fb7a73409e53cf,True,1.0,1.0,1.0,1.0,1.0,1.0,1.0
259,0802a51b0a1d512c,True,1.0,1.0,0.5443281643177746,1.0,1.0,1.0,0.8101367351324061
260,2d264d513abb5a7d,True,1.0,0.0,0.0,0.0,1.0,1.0,0.0
261,5f3da1e584905c8e,True,1.0,1.0,1.0,1.0,1.0,1.0,1.0
262,34336b5c8ad1562e,True,1.0,0.0,0.0,1.0,1.0,1.0,0.0
263,0924309bada05ea6,True,1.0,1.0,0.8051191648868757,1.0,1.0,1.0,0.9187996520361983
264,74abadad5fd65d44,True,1.0,1.0,0.7072505696555937,1.0,1.0,1.0,0.8780210706898307
265,22f1319717ec58f0,True,1.0,1.0,0.8020667060857198,1.0,1.0,1.0,0.9175277942023833
266,39640455f50c544c,True,0.0,1.0,0.0,0.0,1.0,1.0,0.0
267,1aabc43f2a7453f1,True,1.0,1.0,0.9601330781234956,1.0,1.0,1.0,0.9833887825514566
268,d08ae5bc8a435f97,True,1.0,1.0,1.0,1.0,1.0,1.0,1.0
269,20728d3e677b593d,True,1.0,1.0,0.6318186815211714,1.0,1.0,1.0,0.8465911173004881
270,e34d17f003a052f5,True,1.0,1.0,1.0,1.0,1.0,1.0,1.0
271,46e5a6cf37de5493,True,1.0,1.0,1.0,1.0,1.0,1.0,1.0
272,81e7354de4e35a97,True,1.0,1.0,0.7273993706537663,1.0,1.0,1.0,0.8864164044390693
273,934c8ac938ad5dca,True,1.0,1.0,0.7917367113245934,1.0,1.0,1.0,0.9132236297185806
274,bca002ce93bd5997,True,1.0,1.0,1.0,1.0,1.0,1.0,1.0
275,ed9a6ef4e38b58ec,True,1.0,1.0,0.8513868722112031,1.0,1.0,1.0,0.9380778634213346
276,d90cd23a434f5c55,True,1.0,1.0,1.0,0.0,1.0,1.0,0.5833333333333334
277,f2280f25f98852c0,True,1.0,1.0,0.8999264653040646,1.0,1.0,1.0,0.9583026938766936
278,b61a78b163d654e0,True,1.0,1.0,0.7032186771449002,1.0,1.0,1.0,0.8763411154770417
279,5594163f2d8751f6,True,1.0,1.0,1.0,1.0,1.0,1.0,1.0
280,761985c4330555f2,True,1.0,1.0,0.9800832573708489,1.0,1.0,1.0,0.9917013572378538
281,62c0730b5f435548,True,1.0,1.0,0.8141607090768278,1.0,1.0,1.0,0.922566962115345
282,b04bbf1d4ecf5f56,True,1.0,1.0,0.923161217386182,1.0,1.0,1.0,0.9679838405775758
283,035db9ac34715b07,True,1.0,1.0,0.8216922363559599,1.0,1.0,1.0,0.9257050984816498
284,d7d57d8fb3b6589a,True,1.0,1.0,0.8690490756629469,1.0,1.0,1.0,0.9454371148595612
285,569a63e20e845d44,True,1.0,1.0,0.7340510263019292,1.0,1.0,1.0,0.8891879276258038
286,c7979a062bff5710,True,1.0,1.0,1.0,1.0,1.0,1.0,1.0
287,2b3383daa2175aa8,True,1.0,1.0,0.9006934629035469,1.0,1.0,1.0,0.9586222762098112
288,16e4bd114af157a4,True,1.0,1.0,1.0,1.0,1.0,1.0,1.0
289,8b6aa9462f5157b3,True,1.0,1.0,1.0,1.0,1.0,1.0,1.0
290,dd282698a1cf543e,True,1.0,1.0,1.0,1.0,1.0,1.0,1.0
291,54ae4b189e79541b,True,1.0,0.0,0.0,1.0,1.0,0.5,0.0
292,66ba432a760c586c,True,1.0,1.0,0.7145600199871496,1.0,1.0,1.0,0.8810666749946456
293,8fccd42a7937508a,True,1.0,1.0,1.0,1.0,1.0,1.0,1.0
294,3fb200a0fddb5c8e,True,1.0,1.0,1.0,1.0,1.0,1.0,1.0
295,5a06f03022ec5b67,True,1.0,1.0,0.6173867924775639,1.0,1.0,1.0,0.8405778301989849
296,003a1fdca9505c09,True,1.0,0.0,0.0,1.0,1.0,1.0,0.0
297,6162cfa976a1521f,True,1.0,1.0,1.0,1.0,1.0,1.0,1.0
298,0a3caedd4a7c5394,True,1.0,1.0,0.9207721168164495,1.0,1.0,1.0,0.966988382006854
299,2b052ebbd7ec543b,True,1.0,1.0,1.0,1.0,1.0,0.0,1.0
300,774aad2507f75660,True,1.0,1.0,0.7014118394322939,1.0,1.0,1.0,0.8755882664301224
301,00f20c2762515d09,True,1.0,1.0,0.9884024067128746,1.0,1.0,1.0,0.9951676694636977
302,419ff14e34c45d7f,True,1.0,1.0,0.6855609191183059,1.0,1.0,1.0,0.868983716299294
303,e1b645135dae5fe9,True,1.0,1.0,1.0,1.0,1.0,1.0,1.0
304,003ead1914c051d7,True,1.0,1.0,0.8709002391551205,1.0,1.0,1.0,0.9462084329813002
305,a9ffe9bb174851e6,True,1.0,1.0,0.8590975626259388,0.0,1.0,1.0,0.5246239844274745
306,9bafc41b5ee0547c,True,1.0,1.0,1.0,1.0,1.0,1.0,1.0
307,144116b6c1e35d3e,True,1.0,1.0,0.6425593129779601,1.0,1.0,1.0,0.8510663804074833
308,a44bb178ec7d5c6a,True,1.0,1.0,0.9667422051057593,1.0,1.0,1.0,0.986142585460733
309,23d71fb39b0456f5,True,1.0,0.0,0.0,0.0,1.0,0.5,0.0
310,cba63a3ef5bc51b3,True,1.0,1.0,1.0,1.0,1.0,1.0,1.0
311,15bd04021cc75727,True,1.0,1.0,0.9277232851548247,1.0,1.0,1.0,0.9698847021478437
312,1ce148cba6f35d51,True,1.0,1.0,1.0,1.0,1.0,1.0,1.0
313,200bc08880505a6e,True,1.0,1.0,1.0,1.0,1.0,1.0,1.0
314,562019740aeb5d7e,True,1.0,1.0,1.0,1.0,1.0,1.0,1.0
315,c672f1584cb75697,True,1.0,1.0,0.7587214737086809,1.0,1.0,1.0,0.8994672807119505
316,0727a3cccad352d7,True,1.0,1.0,1.0,1.0,1.0,1.0,1.0
317,55368b53e7ba5dda,True,1.0,1.0,0.7725089142806039,1.0,1.0,1.0,0.9052120476169182
318,090a482cb7335520,True,1.0,1.0,0.9383393077352392,1.0,1.0,1.0,0.9743080448896831
319,93092fbeb57f5e9a,True,0.5,0.0,0.0,0.0,1.0,0.5,0.0
320,1484455d33b85a75,True,1.0,1.0,1.0,0.0,1.0,1.0,0.5833333333333334
321,8d0d984d4e2a5363,True,1.0,1.0,0.6014704345504096,1.0,1.0,1.0,0.833946014396004
322,91081d9b9b0452b9,True,1.0,1.0,1.0,1.0,1.0,1.0,1.0
323,2e393fad09985c87,True,1.0,0.0,0.0,1.0,1.0,1.0,0.0
324,6a5a73243cbe5f1d,True,1.0,1.0,1.0,1.0,1.0,1.0,1.0
325,5d7e99b7eea65475,True,1.0,0.0,0.0,1.0,1.0,1.0,0.0
326,312d2bf03023521a,True,1.0,1.0,0.7399056760427687,1.0,1.0,1.0,0.8916273650178203
327,262333f372975eef,True,1.0,1.0,1.0,1.0,1.0,1.0,1.0
328,6b19d4325f075ad0,True,1.0,1.0,0.8872103488455934,1.0,1.0,1.0,0.9530043120189973
329,dcfc13ba3a4150a6,True,1.0,1.0,1.0,1.0,1.0,1.0,1.0
330,6cc1bbadf8f25f7c,True,1.0,1.0,0.8214380709371263,1.0,1.0,1.0,0.9255991962238026
331,2564ab331db05cb9,True,1.0,1.0,1.0,1.0,1.0,1.0,1.0
332,1c542cec168557e3,True,1.0,1.0,0.7034067954678276,1.0,1.0,1.0,0.8764194981115949
333,563fd35940785c61,True,1.0,1.0,0.8876773808540601,1.0,1.0,1.0,0.9531989086891918
334,0f71d72c3b415be6,True,1.0,1.0,0.6518920730302507,1.0,1.0,1.0,0.854955030429271
335,d31c6e5e85b95aea,True,1.0,1.0,0.6527492383713881,1.0,1.0,1.0,0.8553121826547451
336,d1fdb156118a52ae,True,1.0,1.0,0.7341627801296358,1.0,1.0,1.0,0.8892344917206816
337,b8434dfe0fbf56f0,True,1.0,1.0,0.5549821444879568,1.0,1.0,1.0,0.8145758935366487
338,2adba5d32c3a560f,True,1.0,1.0,0.7375309167445618,1.0,1.0,1.0,0.8906378819769007
339,179ea24426e95029,True,1.0,1.0,1.0,1.0,1.0,1.0,1.0
340,1a4d88c3ccc6586d,True,1.0,1.0,0.8936892176473269,1.0,1.0,1.0,0.9557038406863861
341,9ed85925d375504b,True,1.0,1.0,1.0,1.0,1.0,1.0,1.0
342,495a149c042a5636,True,1.0,1.0,1.0,1.0,1.0,1.0,1.0
343,20ae5f5df50a5865,True,1.0,1.0,0.8208706845835583,1.0,1.0,1.0,0.9253627852431493
344,c28b41c8410f5465,True,1.0,1.0,0.8651948363349168,1.0,1.0,1.0,0.9438311818062154
345,c678ab21b707538f,True,1.0,1.0,0.815222220269783,1.0,1.0,1.0,0.9230092584457429
346,c460ec097ed958a2,True,1.0,1.0,1.0,1.0,1.0,1.0,1.0
347,134c369c82f05262,True,1.0,1.0,0.9944303764702987,1.0,1.0,1.0,0.9976793235292911
348,9284ea4dbd0c52ff,True,1.0,1.0,0.8072467114754432,1.0,1.0,1.0,0.9196861297814346
349,0a2a71c0b34c5f10,True,1.0,1.0,0.7839364066806837,1.0,1.0,1.0,0.9099735027836182
350,2e67ddf209365112,True,1.0,1.0,0.6501399580249406,1.0,1.0,1.0,0.8542249825103919
351,a1ecc6a16c2f5b5e,True,1.0,1.0,0.8274385443386023,1.0,1.0,1.0,0.9280993934744176
352,295e5c491ca35642,True,1.0,1.0,1.0,1.0,1.0,1.0,1.0
353,9f699a1331785e57,True,1.0,1.0,0.8484653117205933,1.0,1.0,1.0,0.9368605465502471
354,3e543e1eac325854,True,1.0,1.0,0.6090994599801519,1.0,1.0,1.0,0.83712477499173
355,dd79f9aa92105761,True,1.0,1.0,0.7740334273790391,1.0,1.0,1.0,0.905847261407933
356,61c675d850d75cd1,True,1.0,1.0,0.808942225444829,1.0,1.0,1.0,0.9203925939353453
357,92da1e3c12fa54b6,True,1.0,1.0,0.7381776904814286,1.0,1.0,1.0,0.8909073710339287
358,94500c64b0e457bb,True,1.0,1.0,0.9079955752964657,1.0,1.0,1.0,0.9616648230401941
359,af0e2b61cba953de,True,1.0,1.0,0.5859415528164286,1.0,1.0,1.0,0.8274756470068452
360,1bea55e75a9b593b,True,1.0,1.0,0.939047489542097,1.0,1.0,1.0,0.9746031206425405
361,e2209d1558d75150,True,1.0,1.0,0.8793806294566752,1.0,1.0,1.0,0.9497419289402812
362,840f4e28181e53d9,True,1.0,1.0,0.985569512575435,1.0,1.0,1.0,0.9939872969064313
363,9f521d00c3ef55b7,True,1.0,1.0,0.8379928542524017,1.0,1.0,1.0,0.9324970226051673
364,c7ce79ec4bf956c4,True,1.0,1.0,0.9941425588072288,1.0,1.0,1.0,0.997559399503012
365,9a4e8cacd6095527,True,1.0,1.0,0.6237474477262044,1.0,1.0,1.0,0.8432281032192518
366,56c652d4f2715e43,True,1.0,1.0,0.6392228714643028,1.0,1.0,1.0,0.8496761964434595
367,76473ec469ed5a65,True,1.0,1.0,0.9173517159907865,1.0,1.0,1.0,0.9655632149961612
368,d7b1349fb4775cc1,True,1.0,1.0,0.507316446797345,1.0,1.0,1.0,0.7947151861655604
369,dddf76663455527f,True,1.0,1.0,0.9659288770099256,1.0,1.0,1.0,0.9858036987541356
370,045044cb9f21527e,True,1.0,1.0,1.0,1.0,1.0,1.0,1.0
371,44a82a16cdbc5813,True,1.0,1.0,0.9784069079004486,1.0,1.0,1.0,0.9910028782918535
372,434f74e0c3e25cdd,True,1.0,1.0,0.9069470247333742,1.0,1.0,1.0,0.9612279269722391
373,db5d96563dcb5427,True,1.0,1.0,1.0,1.0,1.0,1.0,1.0
374,65612a858cc756b3,True,0.0,1.0,0.0,0.0,1.0,1.0,0.0
375,d2a2e2498d505b76,True,1.0,1.0,0.7565573154987056,1.0,1.0,1.0,0.8985655481244607
376,a2652d512cf35d1e,True,1.0,1.0,0.7826988174296386,1.0,1.0,1.0,0.9094578405956827
377,2e1c1db92800578d,True,1.0,1.0,1.0,1.0,1.0,1.0,1.0
378,947518978dcd5005,True,1.0,1.0,0.725925472693242,1.0,1.0,1.0,0.8858022802888508
379,fec68cb4b42a5b30,True,1.0,1.0,0.8052530778998697,1.0,1.0,1.0,0.9188554491249458
380,9d213c7b9ab4550d,True,1.0,1.0,0.9198673888378169,1.0,1.0,1.0,0.966611412015757
381,016d8cf09d875f57,True,1.0,1.0,0.8000472803347015,1.0,1.0,1.0,0.9166863668061257
382,7f02ca014f7253db,True,1.0,1.0,0.8062281448905855,1.0,1.0,1.0,0.919261727037744
383,03f248caa9c35a98,True,1.0,1.0,1.0,1.0,1.0,1.0,1.0
384,e6e99834855a5f10,True,1.0,1.0,0.7272526802717055,1.0,1.0,1.0,0.886355283446544
385,ff4f691f82915561,True,1.0,0.0,0.0,1.0,1.0,1.0,0.0
386,e773519a60035714,True,1.0,1.0,1.0,1.0,1.0,1.0,1.0
387,1709553afe405eb4,True,1.0,1.0,1.0,0.0,1.0,1.0,0.5833333333333334
388,2fdb40cf92e75107,True,1.0,0.0,0.0,1.0,1.0,1.0,0.0
389,17c882b28a195c3d,True,1.0,1.0,0.776141226615206,1.0,1.0,1.0,0.9067255110896691
390,52ab5e0a4e075cad,True,1.0,1.0,0.7986342104780224,1.0,1.0,1.0,0.916097587699176
391,5671f9e107965dc3,True,1.0,1.0,0.8335663544478489,1.0,1.0,1.0,0.9306526476866037
392,95c5cd4c17d9594a,True,1.0,1.0,0.8298566420308275,1.0,1.0,1.0,0.9291069341795115
393,2e21fba9a22851ae,True,1.0,1.0,0.6587168431579147,1.0,1.0,1.0,0.8577986846491311
394,2d1f929350f65cdc,True,1.0,1.0,0.908239995330298,1.0,1.0,1.0,0.9617666647209576
395,62b620262e1b5b25,True,1.0,1.0,1.0,1.0,1.0,1.0,1.0
396,21bd985c9d7155e5,True,1.0,1.0,0.7908666095042534,1.0,1.0,1.0,0.912861087293439
397,2be07b9c94db5de7,True,1.0,1.0,0.8495724680177572,1.0,1.0,1.0,0.9373218616740656
398,49454db3d9ef54a1,True,1.0,1.0,0.7557277464067537,1.0,1.0,1.0,0.8982198943361474
399,3761f5d0d74d55eb,True,1.0,1.0,0.8460294638029752,1.0,1.0,1.0,0.9358456099179063
400,8b54e86cb8b05114,True,1.0,1.0,0.5751110640611623,1.0,1.0,1.0,0.8229629433588176
401,86dfdf03f928570a,True,1.0,1.0,0.8959486685291037,1.0,1.0,1.0,0.9566452785537932
402,8fc0b7212263588f,True,1.0,1.0,0.9193366421338693,1.0,1.0,1.0,0.966390267555779
403,a479822714c6558b,True,1.0,1.0,0.7413751589820395,1.0,1.0,1.0,0.8922396495758499
404,0a5780be84565110,True,1.0,1.0,1.0,1.0,1.0,1.0,1.0
405,ff89c9bf77dc58ce,True,1.0,1.0,1.0,1.0,1.0,1.0,1.0
406,302803d07e7059dc,True,1.0,1.0,1.0,1.0,1.0,1.0,1.0
407,b899b71cf6c95ff2,True,1.0,1.0,0.866001424274675,1.0,1.0,1.0,0.9441672601144478
408,adccdafdfc3d5e0c,True,1.0,1.0,0.8378688480685365,1.0,1.0,1.0,0.93244535336189
409,7d32ec3f13b9525b,True,1.0,1.0,1.0,1.0,1.0,1.0,1.0
410,56af844c0e0a53ce,True,1.0,1.0,0.7623036868251102,1.0,1.0,1.0,0.9009598695104626
411,9c7fe79bcaed5bae,True,1.0,1.0,1.0,1.0,1.0,1.0,1.0
412,8b83388ca9005cf1,True,1.0,1.0,0.7927166726543325,1.0,1.0,1.0,0.9136319469393053
413,8d6afa56bbb95f18,True,1.0,1.0,0.7430669016623593,1.0,1.0,1.0,0.8929445423593164
414,a8a743157c605bfe,True,1.0,1.0,0.8055559668139017,1.0,1.0,1.0,0.9189816528391258
415,eb81d53204735bcc,True,1.0,1.0,1.0,1.0,1.0,1.0,1.0
416,46b79218b0195050,True,1.0,1.0,1.0,1.0,1.0,1.0,1.0
417,0efc84a20a7d5b07,True,1.0,1.0,0.5728812037669617,1.0,1.0,1.0,0.8220338349029007
418,4e811c006997541d,True,1.0,1.0,1.0,1.0,1.0,1.0,1.0
419,01a58976a2e45a3d,True,1.0,1.0,1.0,1.0,1.0,1.0,1.0
420,c2331abea9b5551f,True,1.0,0.0,0.0,1.0,1.0,1.0,0.0
421,04715723caea505e,True,1.0,1.0,0.972841532673521,1.0,1.0,1.0,0.9886839719473004
422,2a12546539045e5b,True,1.0,1.0,1.0,1.0,1.0,1.0,1.0
423,7a6d3719323a5188,True,1.0,0.0,0.0,1.0,1.0,1.0,0.0
424,76d34ae8c95156b2,True,1.0,1.0,0.7890087550647337,1.0,1.0,1.0,0.9120869812769724
425,c7fe7790d2225990,True,1.0,1.0,1.0,1.0,1.0,1.0,1.0
426,cd59c2696d01521a,True,1.0,0.0,0.0,1.0,1.0,1.0,0.0
427,ef97c6e9f11b59a7,True,1.0,1.0,0.7357311786738214,1.0,1.0,1.0,0.8898879911140923
428,f1ae86b9b6a75893,True,1.0,1.0,1.0,1.0,1.0,1.0,1.0
429,7dfe5f8b766b5893,True,1.0,0.0,0.0,0.0,1.0,1.0,0.0
430,1647fbd477655958,True,1.0,1.0,0.7895449739209708,1.0,1.0,1.0,0.9123104058004046
431,4e60581353585fdc,True,1.0,1.0,0.5199218164563391,1.0,1.0,1.0,0.7999674235234746
432,7fb1c845280a55aa,True,1.0,1.0,0.7983915154329477,1.0,1.0,1.0,0.9159964647637282
433,dc7dda8b400157ef,True,1.0,1.0,0.59449066111186,1.0,1.0,1.0,0.8310377754632751
434,153dfbd3d4355809,True,1.0,1.0,0.6579275828754683,1.0,1.0,1.0,0.8574698261981117
435,616382bea2ff5853,True,1.0,0.0,0.0,1.0,1.0,1.0,0.0
436,7dd7ec944ff15821,True,1.0,1.0,1.0,1.0,1.0,1.0,1.0
437,991972800a895109,True,1.0,1.0,1.0,1.0,1.0,1.0,1.0
438,25cbb9887e5d5752,True,1.0,1.0,1.0,1.0,1.0,1.0,1.0
439,8a8bf2275db85432,True,1.0,1.0,0.7457145042116327,1.0,1.0,1.0,0.8940477100881803
440,1fe2f21f53c05378,True,1.0,1.0,0.7934203423932882,1.0,1.0,1.0,0.91392514266387
441,8220631d2c6a52f4,True,1.0,1.0,1.0,1.0,1.0,1.0,1.0
442,a7d3e71b8ca456a9,True,0.0,1.0,0.0,0.0,1.0,1.0,0.0
443,41c548e7d8aa5f1a,True,1.0,1.0,0.7106348128447797,1.0,1.0,1.0,0.8794311720186583
444,f583323fe0215871,True,1.0,1.0,0.9245155422979475,1.0,1.0,1.0,0.9685481426241448
445,e49e37e5fed25c9a,True,1.0,1.0,0.742140339746771,1.0,1.0,1.0,0.8925584748944879
446,a091a6a6033c559f,True,1.0,1.0,0.6762243650274301,1.0,1.0,1.0,0.8650934854280958
447,f322d71f14a35cfa,True,1.0,1.0,1.0,1.0,1.0,1.0,1.0
448,5aafc350fc705533,True,1.0,1.0,0.8386566483560404,1.0,1.0,1.0,0.9327736034816835
449,0b1a626ef31150b3,True,1.0,1.0,0.6228402627366885,1.0,1.0,1.0,0.8428501094736202
450,58e19769184c5f43,True,1.0,1.0,1.0,1.0,1.0,1.0,1.0
451,769a27bde35050d1,True,1.0,1.0,0.8540013585349866,1.0,1.0,1.0,0.9391672327229111
452,616fa9b07f5653ef,True,1.0,1.0,0.816302748742562,1.0,1.0,1.0,0.9234594786427341
453,adccb045b1495f50,True,1.0,1.0,0.9298497624512198,1.0,1.0,1.0,0.9707707343546749
454,41d7b533797c5209,True,1.0,1.0,0.9997617317032769,1.0,1.0,1.0,0.9999007215430321
455,3acfdef9ef305e77,True,1.0,1.0,1.0,1.0,1.0,1.0,1.0
456,6e7339e7dc70532a,True,1.0,1.0,1.0,1.0,1.0,1.0,1.0
457,2125a58a235f5e11,True,1.0,1.0,0.805358570204368,1.0,1.0,1.0,0.91889940425182
458,a03faf9254a55468,True,1.0,1.0,0.899911475221354,1.0,1.0,1.0,0.9582964480088975
459,66d5ea23c45c51c4,True,1.0,1.0,0.8457901325494901,1.0,1.0,1.0,0.9357458885622876
460,75a8be89195651aa,True,1.0,1.0,1.0,1.0,1.0,1.0,1.0
461,dcff89b03b925c41,True,1.0,1.0,0.4895602327697819,1.0,1.0,1.0,0.7873167636540758
462,6ce3e4a1792651a8,True,1.0,1.0,0.7031787128405783,1.0,1.0,1.0,0.8763244636835742
463,01b78ea52da8595a,True,1.0,1.0,0.7720054851570243,1.0,1.0,1.0,0.9050022854820935
464,da6d3b6810995466,True,1.0,0.0,0.0,1.0,1.0,1.0,0.0
465,6840e07af4275492,True,1.0,1.0,0.9788054320624314,1.0,1.0,1.0,0.991168930026013
466,cf7d3181a516574a,True,1.0,1.0,0.8062405936417859,1.0,1.0,1.0,0.9192669140174109
467,16aa734bed8a5f81,True,1.0,1.0,0.7613641193620306,1.0,1.0,1.0,0.9005683830675127
468,7ffaa3cf8bf45474,True,1.0,1.0,0.6771831237777566,1.0,1.0,1.0,0.8654929682407319
469,bf1db71f1cc35b98,True,1.0,1.0,0.7334756551336975,1.0,1.0,1.0,0.8889481896390405
470,39dba8a42eaa5ea0,True,1.0,1.0,1.0,1.0,1.0,1.0,1.0
471,ae821f2ac8d55180,True,1.0,1.0,0.9900737068013924,1.0,1.0,1.0,0.9958640445005802
472,ebd940b0039e5cd1,True,1.0,1.0,1.0,1.0,1.0,1.0,1.0
473,e8dd949cee3c5f30,True,1.0,1.0,0.9860777381042757,0.0,1.0,1.0,0.5775323908767815
474,d89e9c599cf5571b,True,1.0,1.0,0.8670311940858835,1.0,1.0,1.0,0.9445963308691181
475,dadfddb20a29587d,True,1.0,1.0,0.961073790272029,1.0,1.0,1.0,0.9837807459466786
476,21cef59c18245d4c,True,1.0,1.0,1.0,1.0,1.0,1.0,1.0
477,5aa4b6dc8f0759b5,True,1.0,0.0,0.0,1.0,1.0,1.0,0.0
478,f23d4a49b1c753bc,True,1.0,1.0,0.8429515820316129,1.0,1.0,1.0,0.9345631591798388
479,972fa3a96b9f5301,True,1.0,1.0,0.8814210342462176,1.0,1.0,1.0,0.9505920976025907
480,a48a9d9bb413549a,True,1.0,1.0,0.7744127020288752,1.0,1.0,1.0,0.9060052925120313
481,40660dbe143d52c1,True,1.0,1.0,0.8119810361415429,1.0,1.0,1.0,0.9216587650589761
482,795696bd00095944,True,1.0,0.0,0.0,0.0,1.0,1.0,0.0
483,0bf5bbbd53fe5ea6,True,1.0,0.0,0.0,1.0,1.0,1.0,0.0
484,0e6cae45fdd5536b,True,1.0,1.0,0.9360539096936488,1.0,1.0,1.0,0.973355795705687
485,fd391501d37752ba,True,1.0,1.0,1.0,1.0,1.0,0.5,1.0
486,0a177b48593d521c,True,1.0,1.0,1.0,1.0,1.0,1.0,1.0
487,3ad6a3f7a0f155f8,True,1.0,0.0,0.0,1.0,1.0,1.0,0.0
488,55d102de4d6150f8,True,1.0,1.0,0.8575571028033615,1.0,1.0,1.0,0.9406487928347339
489,d655411faf595661,True,1.0,1.0,1.0,1.0,1.0,1.0,1.0
490,a25711b4fdcc50df,True,1.0,1.0,1.0,1.0,1.0,1.0,1.0
491,2f8e10ba1a8f5672,True,1.0,0.0,0.0,1.0,1.0,1.0,0.0
492,0c91824ce1e65b6e,True,1.0,1.0,0.6764936251683977,1.0,1.0,1.0,0.865205677153499
493,ec398c5c12055eed,True,1.0,1.0,0.9723801978543989,1.0,1.0,1.0,0.9884917491059996
494,aa22b810e3395182,True,1.0,1.0,0.9306122324129446,1.0,1.0,1.0,0.9710884301720603
495,e000d4f7fdfb5f6b,True,1.0,0.0,0.0,1.0,1.0,1.0,0.0
496,ed8294474bc35b6c,True,1.0,1.0,0.913050578021518,1.0,1.0,1.0,0.9637710741756326
497,171ac85821875613,True,1.0,1.0,0.7613701971407393,1.0,1.0,1.0,0.9005709154753081
498,ec7125e961205a2d,True,1.0,1.0,0.9555220085956974,1.0,1.0,1.0,0.9814675035815407
499,13625214a30e5005,True,1.0,1.0,0.9079359934709664,1.0,1.0,1.0,0.9616399972795694
500,54580876ee835959,True,1.0,1.0,0.8064428591399294,1.0,1.0,1.0,0.9193511913083038
501,d637ce98fc5353be,True,1.0,1.0,1.0,1.0,1.0,1.0,1.0
502,0cb51b0d4e285c55,True,1.0,1.0,1.0,1.0,1.0,1.0,1.0
503,11714a81e1c45a54,True,1.0,1.0,1.0,1.0,1.0,1.0,1.0
504,11d702a710115591,True,1.0,1.0,0.9639151379969472,1.0,1.0,1.0,0.9849646408320613
505,015593741e7050f7,True,1.0,1.0,0.6822064850091131,1.0,1.0,1.0,0.8675860354204638
506,e61cc4ac32d7538a,True,1.0,1.0,0.6424457512518311,1.0,1.0,1.0,0.8510190630215962
507,07b814bfc2fb565d,True,1.0,0.0,0.0,1.0,1.0,1.0,0.0
508,f55fd99d0cd65b58,True,1.0,0.0,0.0,1.0,1.0,1.0,0.0
509,28345af8c4505291,True,1.0,1.0,0.8824261658763188,1.0,1.0,1.0,0.9510109024484662
510,b5025be9867f503e,True,1.0,1.0,0.6112113479040149,1.0,1.0,1.0,0.8380047282933395
511,1fd4a838b258571f,True,1.0,1.0,0.9366206381907209,1.0,1.0,1.0,0.9735919325794672
512,a2b2f9572f3a5b05,True,1.0,1.0,0.8475961337419833,1.0,1.0,1.0,0.9364983890591597
513,18e40fd61be753b9,True,0.5,0.0,0.0,0.0,1.0,1.0,0.0
514,0393e11b085a5cc2,True,1.0,1.0,1.0,1.0,1.0,1.0,1.0
515,6a947d290fe257ce,True,1.0,1.0,0.8482098907630994,1.0,1.0,1.0,0.9367541211512913
516,e3ed22f3bc385b45,True,1.0,1.0,1.0,1.0,1.0,0.0,1.0
517,03986e48fa5e5f90,True,1.0,1.0,0.7969359634980329,1.0,1.0,1.0,0.915389984790847
518,4e021aea953652b9,True,1.0,1.0,0.5387394069116381,1.0,1.0,1.0,0.8078080862131826
519,fad0701870e750a5,True,1.0,0.0,0.0,0.0,1.0,1.0,0.0
520,63c1254fe8ef5145,True,1.0,1.0,1.0,1.0,1.0,1.0,1.0
521,210e056a17d1522d,True,1.0,1.0,0.8562137367540817,1.0,1.0,1.0,0.9400890569808674
522,472472b9f03a5b8f,True,1.0,1.0,0.9897173868685302,1.0,1.0,1.0,0.9957155778618875
523,7383ddb2fac255cb,True,1.0,1.0,0.6292371467556157,1.0,1.0,1.0,0.8455154778148399
524,b32ef3cb010c5903,True,1.0,1.0,0.9301976754911282,1.0,1.0,1.0,0.9709156981213033
525,06737d2244bd53cc,True,1.0,1.0,0.6158242196988009,1.0,1.0,1.0,0.8399267582078337
526,cfd47fe44d355d32,True,1.0,1.0,0.8881937492641981,1.0,1.0,1.0,0.9534140621934158
527,48f6a3bdc0bf5d64,True,1.0,1.0,0.7795698325879785,1.0,1.0,1.0,0.9081540969116576
528,c823f9a693a05d93,True,1.0,1.0,0.8713606490645532,1.0,1.0,1.0,0.9464002704435638
529,690efce01f2054a7,True,1.0,1.0,0.802449758335342,1.0,1.0,1.0,0.9176873993063926
530,dd182f5d47495d7f,True,1.0,1.0,0.8307968345962341,1.0,1.0,1.0,0.9294986810817641
531,ead04653ed0c5545,True,1.0,1.0,1.0,1.0,1.0,1.0,1.0
532,4b4c7883539d5eb9,True,1.0,1.0,1.0,1.0,1.0,1.0,1.0
533,43c9ac6f2bf95da0,True,1.0,1.0,1.0,1.0,1.0,1.0,1.0
534,584d2d7503175ef5,True,1.0,1.0,0.8568227299780137,1.0,1.0,1.0,0.9403428041575057
535,72781f1cbd405769,True,1.0,1.0,0.5147908893821515,1.0,1.0,1.0,0.7978295372425631
536,e036ba13ad4d5784,True,1.0,1.0,1.0,1.0,1.0,1.0,1.0
537,646244aaa99d5c9c,True,1.0,1.0,0.9202172254922051,1.0,1.0,1.0,0.9667571772884188
538,06d348162e80510a,True,1.0,1.0,0.8854746720875943,1.0,1.0,1.0,0.952281113369831
539,e7c485c237b352cd,True,1.0,1.0,0.9238187669625921,1.0,1.0,0.0,0.9682578195677468
540,7648e7b33ecf55d5,True,1.0,1.0,1.0,1.0,1.0,1.0,1.0
541,da2fb85306b2560c,True,1.0,1.0,0.7244996231308422,1.0,1.0,1.0,0.8852081763045175
542,5111244533fb5d1f,True,1.0,1.0,0.994330376832606,1.0,1.0,1.0,0.9976376570135859
543,c6ad08c8eca55275,True,1.0,1.0,0.9272019179035492,1.0,1.0,1.0,0.9696674657931456
544,1ea152f7056659a9,True,1.0,0.0,0.0,1.0,1.0,1.0,0.0
545,4d7fd20d02ae5ed4,True,1.0,1.0,0.6866964353036368,1.0,1.0,1.0,0.8694568480431819
546,bdbb9d4559ec5bd1,True,1.0,1.0,0.7712960638130879,1.0,1.0,1.0,0.9047066932554534
547,76a494d09cd75446,True,1.0,1.0,0.7759178693984424,1.0,1.0,1.0,0.9066324455826843
548,a3e0421d08d25e5b,True,1.0,1.0,0.6522183613833279,1.0,1.0,1.0,0.8550909839097199
549,1ceec301ab6552b1,True,1.0,1.0,1.0,1.0,1.0,1.0,1.0
550,6af6e8242e045406,True,1.0,1.0,0.8758706256359003,1.0,1.0,1.0,0.9482794273482918
551,1517632ca5a8577b,True,1.0,1.0,1.0,1.0,1.0,1.0,1.0
552,86bc41537b2e5bb5,True,1.0,1.0,0.7331497272600209,1.0,1.0,1.0,0.888812386358342
553,277c41e4b5d858f1,True,1.0,1.0,0.8735056510625646,1.0,1.0,1.0,0.9472940212760687
554,93574a28917b5395,True,1.0,1.0,0.7330598025271529,1.0,1.0,1.0,0.888774917719647
555,2914f532ca9e56ce,True,1.0,1.0,1.0,1.0,1.0,1.0,1.0
556,4f5b00e0de115593,True,1.0,1.0,0.637881454978063,0.0,1.0,1.0,0.43245060624085957
557,6b580c6ff00b511f,True,1.0,1.0,0.7415290507576139,1.0,1.0,1.0,0.8923037711490057
558,64a8b055818c5bef,True,1.0,1.0,0.7360895918147555,1.0,1.0,1.0,0.8900373299228148
559,918d03455301591b,True,1.0,0.0,0.0,1.0,1.0,1.0,0.0
560,a61ba5902ded5c56,True,1.0,1.0,0.8225574228547793,1.0,1.0,1.0,0.926065592856158
561,86f80cbf4c6b5e50,True,1.0,1.0,0.7536385337590561,1.0,1.0,1.0,0.8973493890662733
562,b60ecc0b221751d7,True,1.0,1.0,1.0,1.0,1.0,1.0,1.0
563,60e8f2447c205324,True,1.0,1.0,0.8850735392263573,1.0,1.0,1.0,0.9521139746776489
564,6f790c3c333058b2,True,1.0,1.0,0.7639262611823032,1.0,1.0,1.0,0.901635942159293
565,e776468d9bf65a8a,True,1.0,1.0,0.9261100363100462,1.0,1.0,1.0,0.9692125151291858
566,dbfc9f81daf956a9,True,1.0,1.0,1.0,1.0,1.0,1.0,1.0
567,d56e3d307eb8525a,True,1.0,1.0,1.0,1.0,1.0,1.0,1.0
568,43c3a96bede25b1c,True,1.0,0.0,0.0,0.0,1.0,0.5,0.0
569,f25881a0f78f5aa9,True,1.0,1.0,0.922389872333567,1.0,1.0,1.0,0.9676624468056528
570,f0e0408bae9b5037,True,1.0,1.0,1.0,1.0,1.0,1.0,1.0
571,099ff4835ee45eb6,True,1.0,1.0,0.9757089524117784,1.0,1.0,1.0,0.9898787301715744
572,f669f89b3272514c,True,1.0,1.0,0.8954588059901282,1.0,1.0,1.0,0.9564411691625535
573,b5d0bfdf09375423,True,1.0,1.0,1.0,1.0,1.0,1.0,1.0
574,e56402797d665711,True,1.0,0.0,0.0,1.0,1.0,1.0,0.0
575,749a9bb4860f5cc1,True,1.0,1.0,0.8392261476850763,1.0,1.0,1.0,0.9330108948687817
576,fc1800501fa157a7,True,1.0,1.0,0.9277798035524906,1.0,1.0,1.0,0.9699082514802044
577,8072e0c324205e72,True,1.0,1.0,1.0,1.0,1.0,1.0,1.0
578,f5c9c516bf7a5ce8,True,1.0,1.0,1.0,1.0,1.0,1.0,1.0
579,111191a59b9c53c2,True,1.0,1.0,0.7687299309257424,1.0,1.0,1.0,0.9036374712190592
580,70633315e71a5979,True,1.0,1.0,0.957940000277523,1.0,1.0,1.0,0.9824750001156346
581,b7922416f6935fc4,True,1.0,1.0,0.9748820471019399,1.0,1.0,1.0,0.989534186292475
582,9a8acc75f4c05ace,True,1.0,1.0,0.7878429895690566,1.0,1.0,1.0,0.9116012456537735
583,530df64bb4b5533f,True,1.0,1.0,1.0,0.0,1.0,1.0,0.5833333333333334
584,3b0c5c39455b5d00,True,1.0,1.0,0.7710829849741099,1.0,1.0,1.0,0.9046179104058791
585,8a88b869e2ca552d,True,1.0,1.0,1.0,1.0,1.0,1.0,1.0
586,81de41d688185082,True,1.0,1.0,0.8874621226770566,1.0,1.0,1.0,0.9531092177821069
587,cfaa12a747e45fb4,True,1.0,1.0,0.6688708531608456,1.0,1.0,1.0,0.8620295221503523
588,5361459e4c1b5899,True,1.0,1.0,0.9553824519853596,1.0,1.0,1.0,0.9814093549938999
589,df4dfd432ba25781,True,1.0,1.0,1.0,1.0,1.0,1.0,1.0
590,47c8c3903f245f96,True,1.0,1.0,1.0,1.0,1.0,1.0,1.0
591,2751f9eb641455c9,True,1.0,1.0,0.5882417897505021,1.0,1.0,1.0,0.8284340790627093
592,c2cf2b10f7e953c4,True,1.0,1.0,1.0,1.0,1.0,1.0,1.0
593,ab807bda4fdd5274,True,1.0,1.0,1.0,1.0,1.0,1.0,1.0
594,826112ca75e750af,True,1.0,1.0,0.5819559411279644,1.0,1.0,1.0,0.8258149754699852
595,866f7eb093ac5244,True,1.0,1.0,0.7260347337149926,1.0,1.0,1.0,0.8858478057145803
596,a93fa981f60d50af,True,0.0,1.0,0.0,0.0,1.0,1.0,0.0
597,98042465f30c589d,True,1.0,1.0,1.0,1.0,1.0,1.0,1.0
598,4d0c174b077e5603,True,1.0,1.0,1.0,1.0,1.0,1.0,1.0
599,7db2c53b0e9e5971,True,1.0,1.0,0.5158764400639663,1.0,1.0,1.0,0.7982818500266525
600,b1e0acd51fbf5895,True,1.0,1.0,0.6207665566509076,1.0,1.0,1.0,0.8419860652712116
601,d060c613969b5092,True,1.0,1.0,0.8365477120314915,1.0,1.0,1.0,0.9318948800131214
602,b13f0b445e605951,True,1.0,1.0,1.0,1.0,1.0,1.0,1.0
603,1c5019f2bc6052d6,True,1.0,1.0,1.0,1.0,1.0,1.0,1.0
604,96af2f9a0f9352ab,True,1.0,1.0,1.0,1.0,1.0,1.0,1.0
605,1aa15402bceb5743,True,1.0,1.0,0.704806331669683,1.0,1.0,1.0,0.8770026381957012
606,1786ef7edac65502,True,1.0,1.0,0.5474292205083041,1.0,1.0,1.0,0.8114288418784601
607,c052a8877f7f5d37,True,1.0,1.0,0.924255212962127,1.0,1.0,1.0,0.9684396720675529
608,039cc112267b5d97,True,1.0,1.0,0.6633803262500573,1.0,1.0,1.0,0.8597418026041904
609,3eaee893ba995c48,True,1.0,1.0,1.0,1.0,1.0,1.0,1.0
610,77868241ec115a11,True,1.0,1.0,0.7713871983749675,1.0,1.0,1.0,0.9047446659895698
611,d68ae36caae15586,True,1.0,1.0,0.8378235758215733,1.0,1.0,1.0,0.9324264899256556
612,d81e608168615b51,True,1.0,1.0,1.0,1.0,1.0,1.0,1.0
613,a7cf529d15425b63,True,0.0,1.0,0.0,0.0,1.0,1.0,0.0
614,0ceeda78f4745942,True,1.0,1.0,0.7319216096657257,1.0,1.0,1.0,0.8883006706940524
615,fd89a82cf20e5632,True,1.0,1.0,0.8252749928476958,1.0,1.0,1.0,0.9271979136865399
616,6fe374eabe7b5dea,True,1.0,1.0,0.9830315629143298,1.0,1.0,1.0,0.9929298178809708
617,65871def84015af2,True,1.0,1.0,0.9063199526103654,1.0,1.0,1.0,0.9609666469209855
618,3a84cbdfcbf554a6,True,1.0,1.0,0.5721464096902548,1.0,1.0,1.0,0.8217276707042728
619,975c802f6f175888,True,1.0,1.0,0.8021079564421352,1.0,1.0,1.0,0.9175449818508897
620,151436bbacb858b5,True,1.0,1.0,1.0,1.0,1.0,1.0,1.0
621,b0902109adea5e0f,True,1.0,1.0,0.8541646075100976,1.0,1.0,1.0,0.9392352531292074
622,ae07b0ef14e25e47,True,1.0,1.0,1.0,1.0,1.0,1.0,1.0
623,01f3a4a21dc2582f,True,1.0,1.0,0.6596028896648704,1.0,1.0,1.0,0.858167870693696
624,3c8a95ec33f45af6,True,1.0,1.0,0.6879305454631415,1.0,1.0,1.0,0.8699710606096422
625,0751ef23000050f8,True,1.0,1.0,1.0,1.0,1.0,1.0,1.0
626,398b056b300955e1,True,1.0,1.0,1.0,1.0,1.0,1.0,1.0
627,14b4283d229a5e3d,True,1.0,1.0,0.6673791975591756,1.0,1.0,1.0,0.8614079989829898
628,216b31d31f085114,True,1.0,1.0,0.8247136780353561,1.0,1.0,1.0,0.9269640325147317
629,4e3fb4e28014505e,True,1.0,1.0,1.0,1.0,1.0,1.0,1.0
630,1486e66f72ee562f,True,1.0,1.0,0.8773030889977703,1.0,1.0,1.0,0.9488762870824043
631,315673fa4e595935,True,1.0,1.0,0.48099730336249674,1.0,1.0,1.0,0.7837488764010403
632,314f25442fd753b4,True,1.0,1.0,0.5932160605585339,1.0,1.0,1.0,0.8305066918993891
633,b53158c719675897,True,1.0,1.0,0.5836248300971341,1.0,1.0,1.0,0.8265103458738059
634,582d1109ddf75e76,True,1.0,1.0,1.0,1.0,1.0,1.0,1.0
635,91c479d90ccb521a,True,1.0,1.0,0.6846139280853347,1.0,1.0,1.0,0.8685891367022228
636,51e697d3f5255ac3,True,1.0,1.0,1.0,1.0,1.0,1.0,1.0
637,30d639fe2d5057e3,True,1.0,1.0,1.0,1.0,1.0,1.0,1.0
638,bbf8fd8a87565e05,True,1.0,1.0,1.0,1.0,1.0,1.0,1.0
639,36a229f658875a2e,True,1.0,1.0,0.9169100124302915,1.0,1.0,1.0,0.9653791718459548
640,51ed8d0e57055ed3,True,1.0,1.0,0.7800598088101869,1.0,1.0,1.0,0.9083582536709112
641,639352b63c715c1f,True,1.0,1.0,0.8358827876461189,1.0,1.0,1.0,0.931617828185883
642,d70c87fa9c59524a,True,1.0,1.0,0.9451590604072581,1.0,1.0,1.0,0.9771496085030241
643,ec75cc0ff5825fb9,True,1.0,1.0,0.6513168184464493,1.0,1.0,1.0,0.8547153410193539
644,9e76720cbd565595,True,1.0,1.0,0.7570411044923187,1.0,1.0,1.0,0.8987671268717995
645,83a9fe7e03fd5755,True,1.0,1.0,0.6764712662981022,1.0,1.0,1.0,0.8651963609575426
646,94d74f87c8435b61,True,1.0,1.0,0.5788946784521333,1.0,1.0,1.0,0.8245394493550555
647,60c9aabf696a5756,True,1.0,1.0,1.0,1.0,1.0,1.0,1.0
648,86c5b7af4b47513d,True,1.0,1.0,0.5236283932298332,1.0,1.0,1.0,0.8015118305124305
649,3b6f7096a2cf5621,True,1.0,1.0,0.9205199835908503,1.0,1.0,1.0,0.9668833264961876
650,1b25edea36205814,True,1.0,1.0,0.4456281111136156,1.0,1.0,1.0,0.7690117129640065
651,7e97cc0349b4590b,True,1.0,1.0,0.9217818030861941,1.0,1.0,1.0,0.9674090846192476
652,906ad81ffb6953a5,True,1.0,1.0,0.7197376500282928,1.0,1.0,1.0,0.883224020845122
653,9b20027801905b4c,True,1.0,1.0,1.0,1.0,1.0,1.0,1.0
654,6cec94a1d70c5cf4,True,1.0,1.0,0.7819448154211283,1.0,1.0,1.0,0.9091436730921368
655,c8649af783035c0f,True,1.0,1.0,0.6810368755661168,1.0,1.0,1.0,0.8670986981525486
656,dd16377ecfa45fe0,True,0.5,0.0,0.0,0.0,1.0,0.5,0.0
657,850f844463075fb3,True,1.0,1.0,1.0,1.0,1.0,1.0,1.0
658,91795d835c905882,True,1.0,1.0,0.8970919934873287,1.0,1.0,1.0,0.9571216639530536
659,9e10e31698a650a1,True,0.5,0.0,0.0,0.0,1.0,1.0,0.0
660,37e2bc0cb5a053a5,True,1.0,1.0,0.8005007824658782,1.0,1.0,1.0,0.9168753260274493
661,c4e83619721455b0,True,1.0,1.0,0.5620205656324729,1.0,1.0,1.0,0.8175085690135303
662,7b29ee091c295f7a,True,1.0,1.0,1.0,1.0,1.0,1.0,1.0
663,76615d386ce6519e,True,1.0,1.0,0.4883151722057591,1.0,1.0,1.0,0.7867979884190662
664,f75560fb13f25476,True,1.0,1.0,1.0,1.0,1.0,0.5,1.0
665,0beacadfbc4553ea,True,1.0,1.0,0.8366408629432524,1.0,1.0,1.0,0.9319336928930219
666,1972837deb725c63,True,1.0,1.0,0.7619849313948314,1.0,1.0,1.0,0.9008270547478464
667,73f2ce543024548e,True,1.0,1.0,0.8815429546463092,1.0,1.0,1.0,0.9506428977692956
668,985e562ded345da4,True,1.0,1.0,1.0,1.0,1.0,1.0,1.0
669,e13e38532130514b,True,1.0,1.0,1.0,1.0,1.0,1.0,1.0
670,09ce454826895686,True,1.0,1.0,0.8127940301334557,1.0,1.0,1.0,0.9219975125556066
671,69e0bc4a585d504a,True,1.0,1.0,0.7103108036764587,1.0,1.0,1.0,0.8792961681985245
672,909655c780e152ac,True,1.0,1.0,1.0,1.0,1.0,1.0,1.0
673,a4213d4e327c5b6e,True,1.0,1.0,1.0,1.0,1.0,1.0,1.0
674,86c6c03a41a057d6,True,1.0,1.0,1.0,1.0,1.0,1.0,1.0
675,e2116f0f33b25eb5,True,1.0,1.0,0.8523144362531501,1.0,1.0,1.0,0.9384643484388125
676,23f10a2b432555b9,True,1.0,1.0,1.0,1.0,1.0,1.0,1.0
677,12c01b203ea85b41,True,1.0,1.0,0.9503140985093347,1.0,1.0,1.0,0.9792975410455561
678,2a34f4d0aefc5039,True,1.0,1.0,0.5681330805087723,1.0,1.0,1.0,0.8200554502119886
679,7b4383b378035cb7,True,1.0,1.0,0.6157184981097044,1.0,1.0,1.0,0.8398827075457101
680,9a1762340f11542c,True,1.0,1.0,0.9159838199599142,1.0,1.0,1.0,0.964993258316631
681,10d0706cdc655c9f,True,1.0,1.0,0.819746556779291,1.0,1.0,1.0,0.9248943986580379
682,f9c41d66eb3c5d86,True,1.0,1.0,0.5627755429757039,1.0,1.0,1.0,0.8178231429065432
683,58c61cbce5825c91,True,1.0,1.0,0.7195332174085654,1.0,1.0,1.0,0.8831388405869022
684,facbbc93a1925184,True,1.0,1.0,0.7495320671022796,1.0,1.0,1.0,0.8956383612926165
685,c7215f0ccee350f8,True,1.0,1.0,0.7894785468817089,1.0,1.0,1.0,0.9122827278673787
686,572e6c81e32958f2,True,1.0,1.0,0.8186826267435181,1.0,1.0,1.0,0.9244510944764658
687,687fa6fce3ab5f91,True,1.0,1.0,0.7688748945234758,1.0,1.0,1.0,0.9036978727181149
688,b24575ef9d575fb4,True,1.0,1.0,1.0,0.0,1.0,1.0,0.5833333333333334
689,f6c528f78bdf593c,True,1.0,1.0,0.7838717771284524,1.0,1.0,1.0,0.9099465738035217
690,614a0b6a482455af,True,1.0,1.0,0.9012048025511483,1.0,1.0,1.0,0.9588353343963117
691,807f6b90b60d5685,True,1.0,1.0,0.709622400438475,0.0,1.0,1.0,0.4623426668493646
692,fb43d35afc375bb2,True,1.0,1.0,1.0,1.0,1.0,1.0,1.0
693,0185fc1c73c759a7,True,1.0,1.0,1.0,1.0,1.0,1.0,1.0
694,59504d2ffda35a72,True,1.0,1.0,1.0,1.0,1.0,1.0,1.0
695,47b8a869ffed5965,True,1.0,1.0,1.0,1.0,1.0,1.0,1.0
696,5a3a4277dc785511,True,1.0,1.0,0.6369926503584533,1.0,1.0,1.0,0.8487469376493556
697,04f569ff8cb3504d,True,0.0,1.0,0.0,0.0,1.0,1.0,0.0
698,3f56f99e2cf15355,True,1.0,1.0,0.8777691162581769,1.0,1.0,1.0,0.9490704651075736
699,eefe691a7cbb55c8,True,1.0,1.0,1.0,1.0,1.0,1.0,1.0
700,8afbc18a03e2572f,True,1.0,1.0,0.8906779807960713,1.0,1.0,1.0,0.9544491586650298
701,9f03709a3c1e5725,True,1.0,1.0,0.6008246771812553,1.0,1.0,1.0,0.833676948825523
702,a92bb2331b0e5485,True,1.0,1.0,0.762802665197618,1.0,1.0,1.0,0.9011677771656741
703,005fcf3e9a125706,True,1.0,1.0,0.7065832781168979,1.0,1.0,1.0,0.8777430325487074
704,78c26c7e63c3534c,True,1.0,1.0,0.5158200452067184,1.0,1.0,1.0,0.7982583521694661
705,96587a61c6c05d71,True,1.0,0.0,0.0,1.0,1.0,1.0,0.0
706,4cc916aa782854a6,True,1.0,1.0,0.8189285474006998,1.0,1.0,1.0,0.9245535614169582
707,d3e3c4998ad25800,True,1.0,1.0,0.9133273445409168,1.0,1.0,1.0,0.9638863935587153
708,b435be7b7b1b5dd4,True,1.0,1.0,0.842337384387724,1.0,1.0,1.0,0.934307243494885
709,f2909a9ad9cb552e,True,1.0,1.0,0.5934707920505873,1.0,1.0,1.0,0.830612830021078
710,65271f4c14985330,True,1.0,1.0,1.0,1.0,1.0,1.0,1.0
711,4f6fb990b8875e5f,True,1.0,1.0,1.0,1.0,1.0,1.0,1.0
712,6c903f55bc7650e1,True,1.0,1.0,0.8818319687251759,1.0,1.0,1.0,0.9507633203021566
713,afd632f043e35a49,True,1.0,0.0,0.0,1.0,1.0,1.0,0.0
714,04f5b9e8203c5a92,True,1.0,1.0,0.6455409895263875,1.0,1.0,1.0,0.8523087456359949
715,1661876892b952e5,True,1.0,1.0,0.8332379279313715,1.0,1.0,1.0,0.930515803304738
716,b04b5637f4e05625,True,1.0,1.0,0.9478063355926306,1.0,1.0,1.0,0.9782526398302628
717,725cc9599c3455ad,True,1.0,1.0,1.0,1.0,1.0,1.0,1.0
718,df36523fdaeb5882,True,1.0,1.0,0.8695509763844571,1.0,1.0,1.0,0.9456462401601904
719,69124bf1a9185f06,True,1.0,1.0,0.6358687657345233,1.0,1.0,1.0,0.8482786523893847
720,c41d82a41da35d8d,True,1.0,0.0,0.0,1.0,1.0,1.0,0.0
721,f18158051cc457d8,True,1.0,1.0,1.0,1.0,1.0,1.0,1.0
722,148188e5281e53cd,True,1.0,1.0,0.9311902015966765,1.0,1.0,1.0,0.9713292506652819
723,f70c1fa8bbfc5d77,True,1.0,1.0,0.6459208566798063,1.0,1.0,1.0,0.8524670236165859
724,8d64d2c9f19c57c5,True,1.0,1.0,0.8372555612465243,1.0,1.0,1.0,0.9321898171860518
725,4b000a2bc6fe5305,True,1.0,1.0,0.7403376650537226,1.0,1.0,1.0,0.8918073604390511
726,e2442187de045407,True,1.0,1.0,0.8681300335048852,1.0,1.0,1.0,0.9450541806270355
727,5c0a94addace52e2,True,1.0,1.0,0.8077581222414071,1.0,1.0,1.0,0.9198992176005863
728,d51f75f9ae88529a,True,1.0,1.0,0.9512149777030643,1.0,1.0,1.0,0.9796729073762768
729,78a98ffdcd4b558a,True,1.0,1.0,1.0,1.0,1.0,1.0,1.0
730,e09425a247f752e5,True,1.0,1.0,0.9538862424529105,1.0,1.0,1.0,0.9807859343553794
731,1cff6bb966075bc7,True,1.0,1.0,1.0,1.0,1.0,1.0,1.0
732,58a10d0c924050cf,True,0.0,1.0,0.0,0.0,1.0,1.0,0.0
733,8be5c83488ff5980,True,1.0,1.0,0.7472932766675997,1.0,1.0,1.0,0.8947055319448332
734,43e42cf1a2175b88,True,1.0,1.0,0.8625744625625775,1.0,1.0,1.0,0.9427393594010739
735,38aff0f1a2f357f6,True,1.0,1.0,0.9537884118404004,1.0,1.0,1.0,0.9807451716001668
736,ce27f725951058f3,True,1.0,1.0,1.0,1.0,1.0,1.0,1.0
737,2a7b12a784c351c3,True,1.0,1.0,0.5222976890611521,1.0,1.0,1.0,0.8009573704421467
738,1947a9758e045ce9,True,1.0,1.0,1.0,1.0,1.0,1.0,1.0
739,1028df4fc9055ed8,True,1.0,1.0,0.8841666013677308,1.0,1.0,1.0,0.9517360839032212
740,1e04c6a2644f5c2b,True,1.0,1.0,1.0,1.0,1.0,1.0,1.0
741,1fedc5971443588d,True,1.0,1.0,1.0,1.0,1.0,1.0,1.0
742,ab40048b88b257c3,True,1.0,1.0,1.0,0.0,1.0,1.0,0.5833333333333334
743,1c7bdbbc34c853bf,True,1.0,1.0,1.0,1.0,1.0,1.0,1.0
744,afb6f330e8665731,True,1.0,0.0,0.0,1.0,1.0,1.0,0.0
745,a227effbc53d5fda,True,1.0,1.0,0.9372542970289667,0.0,1.0,1.0,0.5571892904287361
746,aaf949be7f2150df,True,1.0,1.0,0.7814338371459106,1.0,1.0,1.0,0.9089307654774629
747,41b4a4440a3e59fc,True,1.0,1.0,1.0,1.0,1.0,1.0,1.0
748,b0b461ce7bd959ec,True,1.0,1.0,0.8645782637519603,1.0,1.0,1.0,0.9435742765633167
749,170ea72e455e5e57,True,1.0,1.0,1.0,1.0,1.0,1.0,1.0
750,4de72cf1449b51c8,True,1.0,1.0,0.9323397063103729,1.0,1.0,1.0,0.9718082109626552
751,514964ba4d115d35,True,1.0,1.0,0.6042506303532358,1.0,1.0,1.0,0.8351044293138482
752,1ed8702288c15895,True,1.0,1.0,0.8868723830672199,1.0,1.0,1.0,0.952863492944675
753,54e1372d95955eaa,True,1.0,1.0,1.0,1.0,1.0,1.0,1.0
754,1b471d7f756a5c7f,True,1.0,1.0,1.0,1.0,1.0,1.0,1.0
755,f94d84bd174d59ce,True,1.0,1.0,1.0,1.0,1.0,1.0,1.0
756,c7440ee97f0b5e75,True,1.0,0.0,0.0,1.0,1.0,1.0,0.0
757,517530489c455086,True,1.0,1.0,0.8996737626255198,1.0,1.0,1.0,0.9581974010939666
758,3f85ed22ffdf5683,True,1.0,1.0,0.7438084635505371,1.0,1.0,1.0,0.8932535264793904
759,a1a8c4053bc7577e,True,1.0,1.0,0.8980292602063107,1.0,1.0,1.0,0.9575121917526296
760,48f70b92d6895a39,True,1.0,1.0,0.786717668458771,1.0,1.0,0.5,0.9111323618578213
761,d4e9c2fa89c55897,True,1.0,1.0,1.0,1.0,1.0,1.0,1.0
762,fd676fd01e475e33,True,1.0,1.0,1.0,1.0,1.0,1.0,1.0
763,b1a5c303ca3f5607,True,1.0,1.0,0.9500825556930214,0.0,1.0,1.0,0.5625343982054255
764,c1b38e62a97d590d,True,1.0,1.0,0.7471281738620557,1.0,1.0,1.0,0.8946367391091897
765,cdf6bdc01f055c77,True,1.0,1.0,0.7490791135243388,1.0,1.0,1.0,0.8954496306351412
766,f9f4354a1d12565d,True,1.0,1.0,1.0,1.0,1.0,1.0,1.0
767,60fa28b4cd8a57fb,True,1.0,1.0,0.788967642443732,1.0,1.0,1.0,0.9120698510182216
768,53ed75baf8ef5022,True,1.0,1.0,0.9170753056434302,1.0,1.0,1.0,0.9654480440180958
769,ba13a6004a0c5f8d,True,1.0,1.0,0.716342971308637,1.0,1.0,1.0,0.8818095713785987
770,9cd4b5f3bbf85357,True,1.0,1.0,0.813753281669717,1.0,1.0,1.0,0.9223972006957154
771,e5e21bbf8d665374,True,1.0,1.0,1.0,1.0,1.0,1.0,1.0
772,b66db24cee7957a2,True,1.0,1.0,0.9052415427296274,1.0,1.0,1.0,0.9605173094706781
773,629ad0d696ed5a25,True,1.0,1.0,0.7818632558346195,1.0,1.0,1.0,0.9091096899310914
774,76dd2e9ad6f753b8,True,1.0,1.0,1.0,1.0,1.0,1.0,1.0
775,a541237b06645d49,True,1.0,1.0,0.39737043894797924,1.0,0.0,1.0,0.5822376828949913
776,8470627d628e55f6,True,1.0,1.0,0.7918185060174406,1.0,1.0,1.0,0.9132577108406003
777,efe0cf18491855e6,True,0.0,1.0,0.0,0.0,1.0,1.0,0.0
778,ba69db6d6eb15ceb,True,1.0,1.0,0.6556939258967314,1.0,1.0,1.0,0.8565391357903046
779,1c7ccdd40a3f505a,True,1.0,1.0,1.0,1.0,1.0,1.0,1.0
780,671dcd0d1c86592c,True,1.0,1.0,0.6798555773651802,1.0,1.0,1.0,0.8666064905688251
781,acd37cf126fa5a59,True,1.0,1.0,1.0,1.0,1.0,1.0,1.0
782,e779c1cc4ae45a84,True,1.0,1.0,1.0,1.0,1.0,1.0,1.0
783,77b99279c5265bab,True,1.0,0.0,0.0,1.0,1.0,1.0,0.0
784,d4bbe6333e6356b5,True,1.0,1.0,0.8736507895087501,1.0,1.0,1.0,0.9473544956286458
785,171e0bea742d52d0,True,1.0,1.0,0.9126928650389179,1.0,1.0,1.0,0.9636220270995491
786,21128a317e82595f,True,1.0,1.0,0.7510858163839501,1.0,1.0,1.0,0.8962857568266459
787,0a51eb8adf8e5391,True,1.0,1.0,0.6419751843522044,1.0,1.0,1.0,0.8508229934800852
788,84a763e08d2c5ac6,True,1.0,1.0,1.0,1.0,1.0,1.0,1.0
789,70f72122f1605fa1,True,1.0,1.0,0.8582864339334004,1.0,1.0,1.0,0.9409526808055836
790,2d357ffc1fdd5c89,True,1.0,0.0,0.0,0.0,1.0,1.0,0.0
791,cea6c267a5a05b3c,True,1.0,1.0,0.9727807535925143,1.0,1.0,0.0,0.9886586473302144
792,06a1f481118057b2,True,1.0,1.0,0.5766211362833965,1.0,1.0,1.0,0.8235921401180818
793,d5d0d0797e4a5d5b,True,0.0,1.0,0.0,1.0,1.0,1.0,0.0
794,e694a2cdf01e52b8,True,1.0,1.0,0.8703808205732516,1.0,1.0,1.0,0.9459920085721881
795,f754138d3e3e5fd5,True,1.0,1.0,0.8807482924752564,1.0,1.0,1.0,0.9503117885313568
796,2fa0f34bd2da5b39,True,1.0,1.0,0.9670621377190429,1.0,1.0,1.0,0.9862758907162679
797,78cfb731b49c5aed,True,1.0,0.0,0.0,1.0,1.0,1.0,0.0
798,3cfa3f1b82885efa,True,0.0,1.0,0.0,0.0,1.0,1.0,0.0
799,e28e57068b0b5cf3,True,1.0,1.0,0.8221048760291437,1.0,1.0,1.0,0.92587703167881
800,2a2cb941f34b5bc4,True,1.0,0.0,0.0,1.0,1.0,1.0,0.0
801,0a51eebaccc95c36,True,1.0,1.0,0.9118225166759263,1.0,1.0,1.0,0.9632593819483026
802,6c7142e6f9435ab6,True,1.0,1.0,1.0,1.0,1.0,1.0,1.0
803,86d70bab6f1b598c,True,1.0,1.0,0.7232456445424523,1.0,1.0,1.0,0.8846856852260219
804,8a843c4264a35d16,True,1.0,1.0,0.8885256086684844,1.0,1.0,1.0,0.9535523369452018
805,f93c0db62e075508,True,1.0,1.0,0.7183258616827417,1.0,1.0,1.0,0.8826357757011424
806,fbf9670a3e82519c,True,1.0,1.0,1.0,1.0,1.0,1.0,1.0
807,fe469d42385259e2,True,1.0,1.0,0.9321338421787597,1.0,1.0,1.0,0.9717224342411499
808,76e72a3b44205ec0,True,1.0,1.0,1.0,1.0,1.0,1.0,1.0
809,1e1f35531c5856bb,True,1.0,1.0,0.6479468702760185,1.0,1.0,1.0,0.8533111959483412
810,e6db7be94a175aec,True,1.0,1.0,0.8291473382033425,1.0,1.0,1.0,0.9288113909180593
811,0e479a9039ef5c10,True,1.0,1.0,0.8662750601865086,1.0,1.0,1.0,0.9442812750777119
812,e4054a16eede5400,True,1.0,1.0,1.0,0.0,1.0,1.0,0.5833333333333334
813,11e7fdeb883b5381,True,1.0,1.0,0.5466351395294642,1.0,1.0,1.0,0.8110979748039434
814,e5f2eb158bc65167,True,1.0,1.0,0.609642307327604,1.0,1.0,1.0,0.8373509613865018
815,d9bb15db6f025acb,True,1.0,1.0,0.7830694032608001,1.0,1.0,1.0,0.9096122513586667
816,40dcc0a979075ffd,True,1.0,1.0,0.5616391029898355,1.0,1.0,1.0,0.8173496262457648
817,b441db826d515eb7,True,1.0,1.0,0.7759361548545262,1.0,1.0,1.0,0.9066400645227192
818,1212ba4b68e95583,True,0.0,1.0,0.0,0.0,1.0,1.0,0.0
819,fd513762a5ea5dd4,True,1.0,1.0,1.0,0.0,1.0,1.0,0.5833333333333334
820,4dad8cf0704c5c43,True,1.0,1.0,1.0,1.0,1.0,1.0,1.0
821,752255614d7f569a,True,1.0,1.0,0.6833735685375558,1.0,1.0,1.0,0.8680723202239816
822,4e5e09ac14395d70,True,1.0,1.0,0.8104437317999702,1.0,1.0,1.0,0.921018221583321
823,c62b532b8f355b16,True,1.0,1.0,0.8549376229691023,1.0,1.0,1.0,0.9395573429037926
824,2d0517c112625a09,True,1.0,1.0,0.9860360931981093,1.0,1.0,1.0,0.9941817054992121
825,abb9477dd3305951,True,1.0,1.0,1.0,1.0,1.0,1.0,1.0
826,05afd4630a525f78,True,1.0,1.0,0.7086601819002246,1.0,1.0,1.0,0.8786084091250936
827,e7d1a48359b65c2d,True,1.0,1.0,0.7575549672330871,1.0,1.0,1.0,0.8989812363471197
828,7e5bb23808a850ca,True,1.0,1.0,1.0,1.0,1.0,1.0,1.0
829,a8a72fb28dc6592b,True,1.0,1.0,1.0,1.0,1.0,1.0,1.0
830,301f483843535f89,True,1.0,1.0,1.0,1.0,1.0,1.0,1.0
831,4f50d7c22352505e,True,1.0,1.0,0.85262861719647,1.0,1.0,1.0,0.9385952571651958
832,861805c4ff585f84,True,1.0,0.0,0.0,1.0,1.0,0.0,0.0
833,4907817195ff5d6f,True,1.0,1.0,1.0,1.0,1.0,1.0,1.0
834,6e983b745cb9535b,True,1.0,1.0,1.0,1.0,1.0,1.0,1.0
835,e05cdac678ea503c,True,1.0,1.0,0.8115314798480566,1.0,1.0,1.0,0.9214714499366904
836,7ac6ec682a515136,True,1.0,1.0,1.0,1.0,1.0,0.5,1.0
837,566f63e4108c5d48,True,1.0,1.0,0.9307836609279176,1.0,1.0,1.0,0.9711598587199658
838,f93a7b7a8fe95c6f,True,1.0,0.0,0.0,1.0,1.0,1.0,0.0
839,c5510354351d5d5e,True,1.0,1.0,1.0,1.0,1.0,1.0,1.0
840,ee88f3dfa73a5f65,True,1.0,1.0,0.9440549042484614,0.0,1.0,1.0,0.5600228767701922
841,be0ac32b1590510e,True,1.0,1.0,0.4834316139376336,1.0,1.0,1.0,0.7847631724740141
842,e758a9ddb8a85469,True,1.0,1.0,1.0,1.0,1.0,1.0,1.0
843,5f42f18776195578,True,1.0,1.0,0.9104720342250737,1.0,1.0,1.0,0.962696680927114
844,bd0f9349cc1053a3,True,1.0,1.0,1.0,1.0,1.0,1.0,1.0
845,51467056c4f35555,True,1.0,1.0,0.8047940756781934,1.0,1.0,1.0,0.9186641981992473
846,9963c72e34ae5101,True,1.0,1.0,0.710091917223275,1.0,1.0,1.0,0.879204965509698
847,dfd27e2c5d7f50fb,True,1.0,1.0,0.7833178619904924,1.0,1.0,1.0,0.9097157758293718
848,36610114f460541b,True,1.0,1.0,0.8936365465098438,1.0,1.0,1.0,0.9556818943791017
849,973043f273bc5940,True,1.0,1.0,0.8864763547701799,1.0,1.0,1.0,0.9526984811542416
850,a175a8b7f4c55cf6,True,1.0,1.0,0.8092082220640363,1.0,1.0,1.0,0.9205034258600152
851,05c6edc5f05c5932,True,0.0,1.0,0.0,0.0,1.0,1.0,0.0
852,ad702ac65d8754bb,True,1.0,1.0,1.0,1.0,1.0,1.0,1.0
853,14f10a29b9235b38,True,1.0,1.0,0.91328111467638,1.0,1.0,1.0,0.9638671311151583
854,b197862351735b60,True,1.0,1.0,0.9314902319371398,1.0,1.0,1.0,0.9714542633071416
855,4c8d222d98115a86,True,1.0,1.0,1.0,1.0,1.0,1.0,1.0
856,454446c80b625c47,True,1.0,1.0,0.8810669472621452,1.0,1.0,1.0,0.9504445613592272
857,d497c1998ba75bb9,True,1.0,1.0,0.7095234893482446,1.0,1.0,1.0,0.8789681205617685
858,a5ee1632a31556a1,True,1.0,1.0,0.818446127835869,1.0,1.0,1.0,0.9243525532649454
859,94c7ef641e1c5dd7,True,1.0,1.0,0.8331180696372614,1.0,1.0,1.0,0.9304658623488589
860,67fee242b1a35834,True,1.0,1.0,0.7803071255935705,1.0,1.0,1.0,0.9084613023306544
861,ea4d19ff25ac52f6,True,1.0,1.0,1.0,0.0,1.0,1.0,0.5833333333333334
862,c05d72324d015584,True,1.0,1.0,0.7950904899083323,1.0,1.0,1.0,0.9146210374618051
863,c20397c103e65d12,True,1.0,0.0,0.0,1.0,1.0,1.0,0.0
864,f38d4f3f7e425c91,True,1.0,1.0,0.7633206220220297,1.0,1.0,1.0,0.901383592509179
865,a81fbf9466e05120,True,1.0,1.0,0.7354840223792561,1.0,1.0,1.0,0.8897850093246901
866,885aa5c90eb9554c,True,1.0,1.0,0.8838981437363773,1.0,1.0,1.0,0.9516242265568239
867,e6e2b0d2f0495557,True,1.0,1.0,0.7895105386790401,1.0,1.0,1.0,0.9122960577829334
868,58dd10abb9ba5388,True,1.0,0.0,0.0,1.0,1.0,0.5,0.0
869,c84e6787935b5483,True,1.0,1.0,0.826326706051774,1.0,1.0,0.0,0.9276361275215725
870,dd8ac2f25ac75478,True,1.0,1.0,0.7069836866417404,1.0,1.0,1.0,0.8779098694340585
871,ac45c0d29f1e5d76,True,1.0,1.0,0.9534692988293045,1.0,1.0,1.0,0.9806122078455436
872,a1592a3b82bb5060,True,1.0,1.0,1.0,1.0,1.0,1.0,1.0
873,ec04801554fb518f,True,1.0,1.0,1.0,0.0,1.0,1.0,0.5833333333333334
874,22ec7d1614785b35,True,1.0,1.0,0.5799277511152668,1.0,1.0,1.0,0.8249698962980277
875,a3b663577f605feb,True,1.0,1.0,0.9206845785940195,1.0,1.0,1.0,0.9669519077475082
876,08b6a130aaa35629,True,1.0,1.0,1.0,1.0,1.0,1.0,1.0
877,9b7be67193ae5772,True,1.0,0.0,0.0,1.0,1.0,1.0,0.0
878,402b6ac9448a58d7,True,1.0,1.0,0.6417348895136551,1.0,1.0,1.0,0.8507228706306896
879,f641cb06f2175d36,True,1.0,1.0,0.8324317271291035,1.0,1.0,1.0,0.9301798863037932
880,ae312bf769445e43,True,1.0,0.0,0.0,1.0,1.0,1.0,0.0
881,1b203e7299655c9c,True,1.0,1.0,0.8822528547417161,1.0,1.0,1.0,0.950938689475715
882,8430e9ba6d395dd2,True,1.0,1.0,0.8118126248374773,1.0,1.0,1.0,0.9215885936822822
883,e8ae48e9ca4a58fc,True,1.0,1.0,0.9032483770883981,1.0,1.0,1.0,0.9596868237868326
884,5f88affe449253a9,True,1.0,1.0,0.8885341626413529,1.0,1.0,1.0,0.9535559011005637
885,6bcfc8d05b4c5d96,True,1.0,1.0,1.0,1.0,1.0,1.0,1.0
886,62aefe5efb00563f,True,1.0,1.0,0.7869721854566261,1.0,1.0,1.0,0.9112384106069276
887,eb822e0610545fd6,True,1.0,1.0,0.6776563833482734,1.0,1.0,1.0,0.8656901597284472
888,0cf1a04807e1505b,True,1.0,1.0,1.0,1.0,1.0,1.0,1.0
889,c497ee89b6205eb8,True,1.0,1.0,0.97487488462559,1.0,1.0,1.0,0.9895312019273291
890,e343f38ae86a57fd,True,1.0,1.0,1.0,1.0,1.0,1.0,1.0
891,0d3dd11b84c8518e,True,1.0,1.0,0.6978881541918197,1.0,1.0,1.0,0.8741200642465916
892,c2ed826b31065c66,True,1.0,1.0,0.7382545263761957,1.0,1.0,1.0,0.8909393859900815
893,a978cd72e68155b1,True,1.0,1.0,1.0,1.0,1.0,1.0,1.0
894,52bffad1e6895ff1,True,1.0,0.0,0.0,1.0,1.0,1.0,0.0
895,41bddf65c8155bd5,True,1.0,1.0,0.7339415540185072,1.0,1.0,1.0,0.8891423141743781
896,55e7ff380d7e5491,True,1.0,1.0,1.0,1.0,1.0,1.0,1.0
897,93a5e1de2d185374,True,1.0,1.0,1.0,1.0,1.0,1.0,1.0
898,1bf45a481f1d52e3,True,1.0,1.0,0.878773025435431,1.0,1.0,1.0,0.9494887605980962
899,583f7d0d8b27513c,True,1.0,1.0,1.0,1.0,1.0,0.5,1.0
900,e463ad284c0d595c,True,1.0,1.0,0.8364281834173601,1.0,1.0,1.0,0.9318450764239001
901,9a23e7bc52e657c3,True,1.0,0.0,0.0,0.0,1.0,1.0,0.0
902,bca16f667139563e,True,1.0,1.0,0.8480532517389439,1.0,1.0,1.0,0.9366888548912266
903,8f105ffb008c5801,True,1.0,1.0,0.9877051661123398,1.0,1.0,1.0,0.9948771525468082
904,5009bb0ce61b5921,True,1.0,1.0,0.9152626394740828,1.0,1.0,1.0,0.9646927664475345
905,07dd30b182de5fa5,True,1.0,1.0,0.5955430834074481,1.0,1.0,1.0,0.8314762847531033
906,4c7c3a0a401d5f38,True,1.0,1.0,0.7825393598384739,1.0,1.0,1.0,0.9093913999326975
907,0cf908f72d885124,True,1.0,1.0,1.0,1.0,1.0,1.0,1.0
908,a992bba6c1d054f3,True,1.0,1.0,0.8292905756566062,1.0,1.0,1.0,0.9288710731902526
909,72928620ac2a55a0,True,1.0,0.0,0.0,1.0,1.0,1.0,0.0
910,d4b29b90b8af5f81,True,1.0,1.0,1.0,1.0,1.0,1.0,1.0
911,14618f22bb605676,True,1.0,1.0,0.8879394751611729,1.0,1.0,1.0,0.9533081146504886
912,453be1f585b1589f,True,1.0,1.0,0.9073315558592875,1.0,1.0,1.0,0.9613881482747031
913,471d0206688f5e3b,True,1.0,1.0,0.6712653683848311,1.0,1.0,1.0,0.8630272368270129
914,e56891a5170256f1,True,1.0,1.0,1.0,1.0,1.0,1.0,1.0
915,7964bed69f7e597e,True,1.0,1.0,1.0,1.0,1.0,1.0,1.0
916,1e4df42d4cea5416,True,1.0,1.0,1.0,1.0,1.0,1.0,1.0
917,fff973197a795e6a,True,1.0,1.0,0.8762576377499115,1.0,1.0,1.0,0.9484406823957965
918,80fb7c16b92856a3,True,1.0,1.0,0.8617700518171634,1.0,1.0,1.0,0.9424041882571514
919,1ebcf2ddce325598,True,1.0,1.0,1.0,1.0,1.0,1.0,1.0
920,7857a22b3bc85bb4,True,1.0,1.0,0.9275514729998104,1.0,1.0,1.0,0.969813113749921
921,27cf243155ac526c,True,1.0,1.0,0.6926684014336049,1.0,1.0,1.0,0.871945167264002
922,406d4391f1205862,True,1.0,1.0,0.8497191394231863,1.0,1.0,1.0,0.9373829747596609
923,b8e377d0f7b95014,True,1.0,1.0,0.720340691895878,1.0,1.0,1.0,0.8834752882899491
924,fb2289e9d46258f2,True,1.0,1.0,0.9221405346319435,1.0,1.0,1.0,0.9675585560966432
925,b17966d55b335270,True,1.0,1.0,0.7460483434311469,1.0,1.0,0.5,0.8941868097629779
926,36f34c9e02a15801,True,1.0,1.0,1.0,1.0,1.0,1.0,1.0
927,91416eb4bba85377,True,1.0,1.0,0.8838955512810317,1.0,1.0,1.0,0.9516231463670964
928,f42c66a9b7a456f7,True,1.0,1.0,0.9685879207198498,1.0,1.0,1.0,0.9869116336332707
929,823f87e2960853d9,True,1.0,1.0,0.0836757898447569,1.0,1.0,1.0,0.6181982457686487
930,684ac2e9651d5e63,True,1.0,1.0,0.8945127568740309,1.0,1.0,1.0,0.9560469820308463
931,3ec88bf115c95f69,True,1.0,1.0,0.5167451140663851,1.0,1.0,1.0,0.7986437975276605
932,77519294678a5fed,True,1.0,1.0,0.7009884839800201,1.0,1.0,1.0,0.8754118683250084
933,7819725bfb845e82,True,1.0,1.0,1.0,1.0,1.0,1.0,1.0
934,da53dac7558e563d,True,1.0,1.0,0.950212031143796,1.0,1.0,1.0,0.9792550129765817
935,a8a34f54618050f6,True,1.0,1.0,0.7047463288833116,1.0,1.0,0.0,0.8769776370347131
936,9164913b818a58b1,True,1.0,0.0,0.0,1.0,1.0,1.0,0.0
937,b474c79361415cb0,True,1.0,1.0,0.5382445725734529,1.0,1.0,1.0,0.8076019052389386
938,e1540b19efec5d97,True,1.0,1.0,0.8005573641086036,1.0,1.0,1.0,0.9168989017119182
939,3dcb4ddd8afe598d,True,1.0,1.0,0.8552191547707988,1.0,1.0,1.0,0.9396746478211662
940,1be3fd906c435f85,True,1.0,1.0,0.9892818978219495,1.0,1.0,1.0,0.995534124092479
941,b30ee22eca0a57ef,True,1.0,1.0,0.8162138348236649,1.0,1.0,1.0,0.923422431176527
942,13fcbcdacbe35755,True,1.0,1.0,0.8850417422780907,1.0,1.0,1.0,0.9521007259492045
943,0d857e82084e56be,True,1.0,1.0,0.6988683543022853,1.0,1.0,1.0,0.8745284809592855
944,0b4dfcb47cb85e89,True,1.0,1.0,0.8258672235596398,1.0,1.0,1.0,0.9274446764831833
945,666573b1628a5475,True,1.0,1.0,0.7937686133775788,1.0,1.0,1.0,0.9140702555739911
946,68559679a9bd5d3c,True,1.0,1.0,0.8422812537714713,1.0,1.0,1.0,0.934283855738113
947,92bbb17b853a5aa2,True,1.0,1.0,1.0,1.0,1.0,1.0,1.0
948,2c7e5f987d5752c7,True,1.0,1.0,1.0,1.0,1.0,1.0,1.0
949,8fe203611a555812,True,1.0,1.0,0.5346765936573602,1.0,1.0,1.0,0.8061152473572335
950,41d8a2d6fa6853c5,True,1.0,1.0,0.8685020405407434,1.0,1.0,1.0,0.9452091835586431
951,d6daa3b927f45168,True,1.0,1.0,1.0,1.0,1.0,1.0,1.0
952,33f9db8342475213,True,1.0,1.0,0.7690312779156954,1.0,1.0,1.0,0.9037630324648731
953,d30c567171635154,True,0.0,1.0,0.0,0.0,1.0,1.0,0.0
954,08e8092f5e66571f,True,1.0,1.0,0.8047629073057713,1.0,1.0,1.0,0.9186512113774047
955,4413dc9f17ab56b0,True,1.0,1.0,0.7789151085518227,1.0,1.0,1.0,0.9078812952299261
956,cf696c3ba1995fd8,True,1.0,1.0,0.7038946593868202,1.0,1.0,1.0,0.8766227747445084
957,5c4d8dfcb0aa5541,True,1.0,0.0,0.0,1.0,1.0,1.0,0.0
958,aab517c2e5e75245,True,1.0,1.0,0.435846149544649,1.0,1.0,1.0,0.7649358956436038
959,44699d8556a1519e,True,1.0,1.0,0.7364276924436284,1.0,1.0,1.0,0.8901782051848451
960,758cc7a721c2546d,True,1.0,1.0,0.8385797277885637,1.0,1.0,1.0,0.9327415532452349
961,0fc28fe43e5d5693,True,1.0,1.0,1.0,1.0,1.0,1.0,1.0
962,52dac3f651ae5950,True,1.0,1.0,0.8171139195531121,1.0,1.0,1.0,0.9237974664804632
963,96d8920289b55395,True,1.0,1.0,0.8063520912026506,1.0,1.0,1.0,0.9193133713344377
964,81410acd84c0516a,True,1.0,1.0,1.0,1.0,1.0,1.0,1.0
965,3fd7c487c29f53bc,True,1.0,1.0,0.8904451561562587,1.0,1.0,1.0,0.9543521483984412
966,9c0b17fc7987544e,True,1.0,1.0,0.714323104895868,1.0,1.0,1.0,0.8809679603732784
967,3f87b5859c3c525a,True,1.0,1.0,1.0,1.0,1.0,1.0,1.0
968,c8bf35e6c9065d83,True,1.0,1.0,0.8117095777817733,1.0,1.0,1.0,0.9215456574090721
969,8429a35187bb5c08,True,1.0,1.0,1.0,1.0,1.0,1.0,1.0
970,28ef9307f6035143,True,1.0,0.0,0.0,0.0,1.0,1.0,0.0
971,360b5fec28655626,True,1.0,1.0,0.94236078096501,1.0,1.0,1.0,0.9759836587354208
972,9de4d5414a4a50c4,True,1.0,1.0,0.8532692207955583,1.0,1.0,1.0,0.9388621753314826
973,0ef0e20c09865753,True,1.0,1.0,0.9893921193054582,1.0,1.0,1.0,0.9955800497106075
974,651f88b4c46e50a2,True,1.0,1.0,0.9922800506670725,1.0,1.0,1.0,0.9967833544446135
975,8128635441b358c4,True,1.0,1.0,0.6822464933718907,1.0,1.0,1.0,0.867602705571621
976,61046515c9885bf5,True,1.0,1.0,0.7907298349489107,1.0,1.0,1.0,0.9128040978953794
977,e2ae96f479935b31,True,1.0,1.0,1.0,1.0,1.0,1.0,1.0
978,38b3c670b2ad55c7,True,1.0,1.0,0.8716350582302059,1.0,1.0,1.0,0.9465146075959191
979,1a2027db44a350ff,True,1.0,0.0,0.0,1.0,1.0,1.0,0.0
980,333ba3fb0fc85da9,True,1.0,1.0,0.8400674199205631,1.0,1.0,1.0,0.9333614249669013
981,43fe2321124251d3,True,1.0,1.0,1.0,1.0,1.0,1.0,1.0
982,6123057c78785150,True,1.0,1.0,1.0,1.0,1.0,1.0,1.0
983,7c7e92d50f92564b,True,1.0,1.0,0.8549873132643312,1.0,1.0,1.0,0.9395780471934714
984,e16c585e12445a60,True,1.0,1.0,1.0,1.0,1.0,1.0,1.0
985,0d8754f6d53d5968,True,1.0,1.0,0.684337790813719,1.0,1.0,1.0,0.8684740795057163
986,9a594a58c8125976,True,1.0,1.0,0.9398171091588007,1.0,1.0,1.0,0.9749237954828335
987,3466b16cf2c95855,True,1.0,0.0,0.0,1.0,1.0,1.0,0.0
988,90797642e4065c3c,True,1.0,1.0,0.6219107049493605,1.0,1.0,1.0,0.8424627937289002
989,939be40082d9515a,True,1.0,1.0,0.8713606329649589,1.0,1.0,0.0,0.9464002637353995
990,14fe69db03425780,True,1.0,0.0,0.0,1.0,1.0,1.0,0.0
991,551cf39c34f75b25,True,1.0,1.0,0.676688259398183,1.0,1.0,1.0,0.8652867747492429
992,32a9021303f65743,True,1.0,0.0,0.0,1.0,1.0,1.0,0.0
993,eee59dd716c05e1b,True,1.0,1.0,1.0,1.0,1.0,1.0,1.0
994,ac24fb00e61a5da2,True,1.0,1.0,1.0,0.0,1.0,1.0,0.5833333333333334
995,1379782dce4751e4,True,1.0,1.0,1.0,1.0,1.0,1.0,1.0
996,4de864abe4f255bd,True,1.0,1.0,1.0,1.0,1.0,1.0,1.0
997,9ba306d42ab75911,True,1.0,1.0,0.7964842739609067,1.0,1.0,1.0,0.9152017808170445
998,6a8087fb9f3e5751,True,1.0,1.0,0.7631927825461569,1.0,1.0,1.0,0.9013303260608986
999,c55b4a959c2d5b8e,True,1.0,1.0,1.0,1.0,1.0,1.0,1.0
1000,e83a3108893753f0,True,1.0,1.0,0.68615509939882,1.0,1.0,1.0,0.869231291416175
1001,e797167404675bfa,True,1.0,1.0,0.7331460595768571,1.0,1.0,1.0,0.8888108581570237
1002,8b80580ff95254e8,True,1.0,1.0,0.9710507089704736,1.0,1.0,1.0,0.9879377954043639
1003,7e052b9f5ca25531,True,1.0,0.0,0.0,1.0,1.0,1.0,0.0
1004,1ef49bbbadd55818,True,1.0,1.0,0.8677043318062365,1.0,1.0,1.0,0.9448768049192653
1005,eb872b2d7e7c52bf,True,1.0,1.0,1.0,1.0,1.0,1.0,1.0
1006,8172f888cc1f5c0f,True,1.0,1.0,0.6167359188854918,1.0,1.0,1.0,0.8403066328689549
1007,cd9e6c1924c35b85,True,1.0,1.0,0.87758202942029,1.0,1.0,1.0,0.9489925122584543
1008,83291306454c5e84,True,1.0,1.0,0.8037969425054832,1.0,1.0,1.0,0.9182487260439514
1009,b8acb965678c5953,True,1.0,1.0,0.7846192979118464,1.0,1.0,1.0,0.9102580407966027
1010,7084e524e59c50ab,True,1.0,1.0,0.9230440239731019,1.0,1.0,1.0,0.9679350099887923
1011,b15b2d36b1ea51cc,True,0.0,1.0,0.0,1.0,1.0,1.0,0.0
1012,320446eca62c59fe,True,1.0,1.0,0.7546034315071832,1.0,1.0,1.0,0.8977514297946597
1013,0498b27fee425645,True,1.0,1.0,0.6134612183085458,1.0,1.0,1.0,0.8389421742952274
1014,ec68f8027f415301,True,1.0,1.0,0.8207619065474141,1.0,1.0,1.0,0.9253174610614225
1015,33bfb486ff965e4b,True,1.0,1.0,0.5578092762618035,0.0,1.0,1.0,0.3990871984424181
1016,7e8ca7a00f83587d,True,1.0,1.0,0.7719289773831519,1.0,1.0,1.0,0.90497040724298
1017,80722f66bc3b54c0,True,1.0,1.0,0.7645394779208847,1.0,1.0,1.0,0.9018914491337019
1018,f742c7490c2d5b98,True,1.0,1.0,0.8959283493113649,1.0,1.0,1.0,0.9566368122130687
1019,918a76140b9a5f92,True,1.0,1.0,1.0,0.0,1.0,1.0,0.5833333333333334
1020,2ccb0b6871c9515c,True,1.0,1.0,0.9297518301806347,1.0,1.0,1.0,0.9707299292419312
1021,3aa165d52c2051e1,True,1.0,1.0,1.0,0.0,1.0,1.0,0.5833333333333334
1022,330e7ebc96d05251,True,1.0,1.0,0.9482978032894227,1.0,1.0,1.0,0.9784574180372595
1023,8e711b3a85205804,True,1.0,1.0,0.9613890852608016,1.0,1.0,1.0,0.9839121188586674
1024,a631fec170525388,True,1.0,1.0,0.7715190422983635,1.0,1.0,1.0,0.9047996009576514
1025,8eb6e6b220755d3b,True,1.0,1.0,0.8646016470133836,1.0,1.0,1.0,0.9435840195889099
1026,84876bb274165ade,True,1.0,1.0,0.97784187420672,1.0,1.0,1.0,0.9907674475861333
1027,8fe49f5c68d65801,True,1.0,1.0,0.9116510880931372,1.0,1.0,1.0,0.9631879533721405
1028,4a25aaca58b85ea5,True,1.0,1.0,0.8716918075055469,1.0,1.0,1.0,0.9465382531273111
1029,b72ed3ae0ad551a8,True,1.0,1.0,0.8627357286643025,1.0,1.0,1.0,0.9428065536101261
1030,2f9b9537ea1c5018,True,1.0,1.0,0.8999562885145389,1.0,1.0,1.0,0.9583151202143911
1031,c16d549602375cc0,True,1.0,1.0,0.8776086060293015,1.0,1.0,1.0,0.9490035858455422
1032,d08c7fa247395729,True,1.0,1.0,0.9964106863909362,1.0,1.0,1.0,0.9985044526628902
1033,5ad18b7f7b2a52c7,True,1.0,1.0,1.0,1.0,1.0,1.0,1.0
1034,5b4cbfe57b9b524b,True,1.0,1.0,0.7583279439311452,1.0,1.0,1.0,0.8993033099713106
1035,529d2e20dc615c3b,True,1.0,1.0,1.0,1.0,1.0,1.0,1.0
1036,eed801b1cd035275,True,1.0,1.0,1.0,1.0,1.0,1.0,1.0
1037,7956fe13f69e53dc,True,1.0,1.0,0.8470698723013793,1.0,1.0,1.0,0.936279113458908
1038,6239683a6e0d556d,True,1.0,1.0,1.0,1.0,1.0,1.0,1.0
1039,198bc5f3280e52cd,True,0.0,1.0,0.0,0.0,1.0,1.0,0.0
1040,b11eb5c328075b94,True,1.0,1.0,0.7045788662655196,1.0,1.0,1.0,0.8769078609439664
1041,ec64154dcf525edb,True,1.0,1.0,1.0,0.0,1.0,1.0,0.5833333333333334
1042,1e2e250cbb555fe6,True,1.0,1.0,0.8702536476923937,1.0,1.0,1.0,0.9459390198718308
1043,542bec9a7d6e5c52,True,1.0,1.0,0.9978908587053475,1.0,1.0,1.0,0.9991211911272281
1044,c69051fe82a95f3c,True,1.0,1.0,1.0,1.0,1.0,1.0,1.0
1045,b619e01b47775ec5,True,1.0,1.0,0.7047715038656419,1.0,1.0,1.0,0.8769881266106841
1046,af4a7d40819b5870,True,1.0,1.0,1.0,0.0,1.0,1.0,0.5833333333333334
1047,184e4aef7e095f7a,True,1.0,1.0,1.0,1.0,1.0,1.0,1.0
1048,9dd982b0637453c2,True,1.0,1.0,0.6201890607576647,1.0,1.0,1.0,0.8417454419823603
1049,7077e840fef95b8f,True,1.0,1.0,0.9280249591929491,1.0,1.0,1.0,0.9700103996637287
1050,a2737c768a335e27,True,1.0,1.0,0.7714259527628818,1.0,1.0,1.0,0.9047608136512008
1051,2f05406bcdd55a21,True,1.0,1.0,1.0,1.0,1.0,1.0,1.0
1052,7231c4ecc0395010,True,1.0,1.0,0.6993117427833054,1.0,1.0,1.0,0.8747132261597107
1053,42c8571d47305166,True,1.0,1.0,0.9471865395017267,1.0,1.0,1.0,0.9779943914590529
1054,cf50ffa22c81555d,True,1.0,1.0,0.8260907507769599,1.0,1.0,1.0,0.9275378128237333
1055,eb2797d76e3b5384,True,1.0,1.0,1.0,1.0,1.0,1.0,1.0
1056,598d8ce13c2e5452,True,1.0,1.0,0.9625737754684663,1.0,1.0,1.0,0.9844057397785276
1057,eabbb4546a145980,True,1.0,1.0,1.0,1.0,1.0,1.0,1.0
1058,6fb754e903985d44,True,1.0,1.0,0.9096177010938464,1.0,1.0,1.0,0.9623407087891027
1059,4d94decfbcd35ae6,True,1.0,1.0,0.8326079852386219,0.0,1.0,1.0,0.5135866605160925
1060,3a8cbc5f12e25e1f,True,1.0,1.0,0.9369933714296578,1.0,1.0,1.0,0.9737472380956907
1061,ca8a417f32d859ba,True,1.0,1.0,1.0,0.0,1.0,1.0,0.5833333333333334
1062,96dc22c0224255ca,True,1.0,1.0,1.0,1.0,1.0,1.0,1.0
1063,def47af8d5a35090,True,1.0,1.0,0.8543179129359612,1.0,1.0,1.0,0.9392991303899838
1064,750b8c926ffd5895,True,1.0,1.0,1.0,1.0,1.0,1.0,1.0
1065,e61e8cbd0df957f0,True,1.0,1.0,1.0,1.0,1.0,1.0,1.0
1066,52a92230f3245182,True,1.0,1.0,0.8942881153401694,1.0,1.0,1.0,0.9559533813917372
1067,218ebafd6210550e,True,1.0,1.0,0.9073661239533413,1.0,1.0,1.0,0.9614025516472257
1068,52bc37cb7789510b,True,1.0,1.0,0.6217124006663354,1.0,1.0,1.0,0.8423801669443064
1069,65dbd10f84db5a53,True,1.0,1.0,0.6319649693714912,1.0,1.0,1.0,0.8466520705714546
1070,b5e3abde704b54c8,True,1.0,1.0,0.5632673307793986,1.0,1.0,1.0,0.8180280544914161
1071,76df9fb807c9580a,True,1.0,1.0,0.7345875658223275,1.0,1.0,1.0,0.8894114857593031
1072,d64b2da8ffb65c16,True,1.0,1.0,0.9622353725649494,1.0,1.0,0.5,0.984264738568729
1073,4cb4fba2908b5dbb,True,1.0,1.0,0.9509534696650459,1.0,1.0,1.0,0.9795639456937691
1074,b61a73309da75ac3,True,1.0,1.0,1.0,1.0,1.0,1.0,1.0
1075,f038fc7ffdab5bad,True,1.0,1.0,1.0,1.0,1.0,1.0,1.0
1076,ac2f5c84d6fc5cdf,True,1.0,1.0,0.7701726937549265,1.0,1.0,1.0,0.904238622397886
1077,29143e2319415eec,True,1.0,1.0,1.0,1.0,1.0,1.0,1.0
1078,dd2546a068da5ffe,True,1.0,1.0,0.7834020704655332,1.0,1.0,1.0,0.9097508626939721
1079,c4d87486264d508a,True,1.0,1.0,0.9067470885984275,1.0,1.0,1.0,0.9611446202493448
1080,de18caace4a351b6,True,1.0,1.0,1.0,1.0,1.0,1.0,1.0
1081,ab8034dd8873524b,True,1.0,1.0,0.8748056573501243,1.0,1.0,1.0,0.9478356905625519
1082,d42e15faa6375e18,True,0.0,1.0,0.0,0.0,1.0,1.0,0.0
1083,f18efb3a137b529a,True,1.0,1.0,0.7618751692132577,1.0,1.0,1.0,0.9007813205055241
1084,7595830169065d37,True,1.0,1.0,0.576536945751356,1.0,1.0,1.0,0.8235570607297316
1085,4f85a2301691525a,True,1.0,1.0,0.8029511564316621,1.0,1.0,1.0,0.9178963151798593
1086,74da64c81fe1552e,True,1.0,1.0,0.7583327223338826,1.0,1.0,1.0,0.8993053009724511
1087,6cfeeb3aab5b5681,True,1.0,1.0,1.0,1.0,1.0,1.0,1.0
1088,f2acd82c43fd5490,True,1.0,1.0,1.0,0.0,1.0,1.0,0.5833333333333334
1089,4e7cd1f8ab6353ff,True,1.0,1.0,0.8174365946486779,1.0,1.0,1.0,0.9239319144369492
1090,926d8c9ced715a42,True,1.0,1.0,1.0,1.0,1.0,1.0,1.0
1091,d99e2e84c46f577d,True,1.0,1.0,0.5209909182797279,1.0,1.0,1.0,0.8004128826165533
1092,e26d9a5288165f2a,True,1.0,0.0,0.0,1.0,1.0,1.0,0.0
1093,1ed9f27f63645f09,True,1.0,1.0,1.0,1.0,1.0,1.0,1.0
1094,ebc294355ca753b0,True,1.0,1.0,0.6708478341268206,1.0,1.0,1.0,0.8628532642195085
1095,546c6d1bfc455f77,True,1.0,1.0,1.0,0.0,1.0,1.0,0.5833333333333334
1096,01167513b5b55ca1,True,1.0,1.0,0.5883179081909231,1.0,1.0,1.0,0.8284657950795514
1097,3b2f051d7b9553e9,True,1.0,1.0,0.832448070043414,1.0,1.0,1.0,0.9301866958514226
1098,8b2b4c67ddcf5c36,True,1.0,1.0,1.0,1.0,1.0,1.0,1.0
1099,85865789fb545e3c,True,1.0,0.0,0.0,1.0,1.0,1.0,0.0
1100,9c4e60dd8e9959d8,True,1.0,1.0,1.0,1.0,1.0,1.0,1.0
1101,d192ad1c7fa95445,True,1.0,1.0,0.8273527747223425,1.0,1.0,1.0,0.9280636561343094
1102,611576c7588c543b,True,1.0,1.0,0.9133661006915752,1.0,1.0,1.0,0.963902541954823
1103,8f224f01713a5376,True,1.0,1.0,1.0,1.0,1.0,1.0,1.0
1104,5d78f0d383a95860,True,1.0,1.0,0.6346044923119818,1.0,1.0,1.0,0.8477518717966591
1105,2e194d0e7a675b51,True,1.0,1.0,0.8261760960793302,1.0,1.0,1.0,0.9275733733663877
1106,3379515437535154,True,1.0,1.0,1.0,1.0,1.0,1.0,1.0
1107,fe6105aa925d5621,True,1.0,1.0,1.0,1.0,1.0,0.0,1.0
1108,7e134ea5ffa259f2,True,1.0,1.0,0.9365855681280489,1.0,1.0,1.0,0.9735773200533537
1109,fa40f1c24ced584f,True,1.0,1.0,0.9337399137405809,1.0,1.0,1.0,0.9723916307252422
1110,b657c9d393895b93,True,1.0,1.0,0.9059416832635924,1.0,1.0,1.0,0.9608090346931636
1111,21b0b3ef9d2e59ed,True,1.0,1.0,1.0,1.0,1.0,1.0,1.0
1112,8a46ac0d50d4505e,True,1.0,0.0,0.0,1.0,1.0,0.5,0.0
1113,11b9e3f204815f4a,True,1.0,1.0,0.891438984143663,1.0,1.0,0.5,0.9547662433931929
1114,50dac69523a15131,True,1.0,1.0,1.0,1.0,1.0,1.0,1.0
1115,8322121dbb82511f,True,1.0,1.0,0.9326409691910054,1.0,1.0,1.0,0.971933737162919
1116,d7d752a4a8b95a59,True,1.0,1.0,0.8345458790169966,1.0,1.0,1.0,0.9310607829237485
1117,46adda2ea05a50a4,True,1.0,1.0,0.9176984485645577,1.0,1.0,1.0,0.965707686901899
1118,8551466c8066505e,True,1.0,1.0,0.8341056167903856,1.0,1.0,1.0,0.9308773403293275
1119,e6fd7389cbfb5943,True,0.0,0.0,0.0,0.0,1.0,1.0,0.0
1120,038948dd9db85d2a,True,1.0,1.0,1.0,1.0,1.0,1.0,1.0
1121,cfb1ab3fe0185b20,True,1.0,1.0,1.0,1.0,1.0,1.0,1.0
1122,6fbe0e06902e5304,True,1.0,1.0,0.9037279504093777,1.0,1.0,1.0,0.9598866460039073
1123,da01de71bce95578,True,1.0,1.0,1.0,1.0,1.0,1.0,1.0
1124,9e4c1639be465a8a,True,1.0,1.0,0.8025515221318921,1.0,1.0,1.0,0.9177298008882883
1125,b8b9e355618b58cd,True,1.0,1.0,0.5955769966431919,1.0,1.0,1.0,0.8314904152679966
1126,f6ce545dcc975501,True,1.0,1.0,1.0,1.0,1.0,1.0,1.0
1127,dbb26055ea9351dc,True,1.0,1.0,0.7544214255653261,1.0,1.0,1.0,0.8976755939855524
1128,8954aa7e05085876,True,1.0,1.0,0.8731116468796714,1.0,1.0,1.0,0.9471298528665297
1129,469dfe790903577a,True,1.0,1.0,0.854577983481041,1.0,1.0,1.0,0.9394074931171005
1130,0dc54a8c8203567b,True,1.0,1.0,0.7217489031781489,1.0,1.0,1.0,0.8840620429908954
1131,eeee7091fa995250,True,1.0,1.0,0.8453534606961433,0.0,1.0,1.0,0.5188972752900597
1132,85adece1f9d55cc6,True,1.0,1.0,0.7548276191325832,1.0,1.0,1.0,0.897844841305243
1133,f2695c7680505b79,True,1.0,1.0,0.9456542237636595,1.0,1.0,1.0,0.9773559265681916
1134,490463fd7e9e5769,True,1.0,1.0,0.6375922186214882,1.0,1.0,1.0,0.8489967577589534
1135,6c84b52f0d155cac,True,1.0,1.0,0.9881308745063436,1.0,1.0,1.0,0.9950545310443099
1136,49d613966f25569b,True,1.0,1.0,0.9516514708849861,1.0,1.0,1.0,0.9798547795354109
1137,43a759f57b1d51e4,True,1.0,1.0,0.8045472566291062,1.0,1.0,1.0,0.9185613569287941
1138,be0e8eae708f5d4b,True,1.0,1.0,0.8925030282263726,0.0,1.0,1.0,0.5385429284276553
1139,c296ded44f9a509a,True,1.0,0.0,0.0,1.0,1.0,1.0,0.0
1140,74df9f9decc45b84,True,1.0,1.0,1.0,1.0,1.0,1.0,1.0
1141,83fd1c194c0c5441,True,1.0,1.0,0.7964636615939069,1.0,1.0,1.0,0.9151931923307947
1142,6250b1bc5d735d1a,True,1.0,1.0,0.5168356086715682,1.0,1.0,1.0,0.7986815036131535
1143,cbc1c1f392825ad6,True,1.0,0.0,0.0,1.0,1.0,1.0,0.0
1144,6cd97f45067e5bea,True,1.0,1.0,0.8789872498850068,1.0,1.0,1.0,0.9495780207854194
1145,3e941f8f03c1512d,True,1.0,1.0,0.9022198457093376,1.0,1.0,1.0,0.9592582690455572
1146,0f6d159f5f0c52d0,True,1.0,1.0,0.8886263854722533,1.0,1.0,1.0,0.9535943272801055
1147,f5c6f00966f152ec,True,1.0,1.0,0.8075612112030701,1.0,1.0,1.0,0.9198171713346125
1148,524695a4857859fe,True,1.0,1.0,1.0,1.0,1.0,1.0,1.0
1149,c89f33e9f07d5aa8,True,1.0,1.0,0.5138875930404737,1.0,1.0,1.0,0.797453163766864
1150,50cf8d1fd8c250a5,True,1.0,0.0,0.0,0.0,1.0,1.0,0.0
1151,fb643a2514195bfa,True,1.0,1.0,1.0,0.0,1.0,1.0,0.5833333333333334
1152,4b6b5bac92ae5f56,True,1.0,1.0,0.7092308895500897,1.0,1.0,1.0,0.8788462039792041
1153,7d6a50d3acb55383,True,1.0,1.0,0.9339105052911706,1.0,1.0,1.0,0.9724627105379877
1154,689abfdd66235378,True,1.0,0.0,0.0,1.0,1.0,1.0,0.0
1155,2352aa62dbbe58d2,True,1.0,1.0,0.6308009171640212,1.0,1.0,1.0,0.8461670488183421
1156,9db7131f4c8d57dd,True,1.0,1.0,1.0,1.0,1.0,1.0,1.0
1157,06eaba80b0bf50f0,True,1.0,1.0,1.0,1.0,1.0,1.0,1.0
1158,78c1a7b545cf5592,True,1.0,1.0,1.0,1.0,1.0,1.0,1.0
1159,ffe87d190cd358c8,True,1.0,1.0,1.0,1.0,1.0,1.0,1.0
1160,35f448c5566658be,True,1.0,1.0,0.882339304214876,1.0,1.0,1.0,0.9509747100895316
1161,6c9959c7421b59a0,True,0.0,1.0,0.0,0.0,0.0,1.0,0.0
1162,3ae2ab1099d65c2a,True,1.0,1.0,0.999024200550828,1.0,1.0,1.0,0.9995934168961783
1163,17ea7a2cc29957fa,True,1.0,1.0,1.0,1.0,1.0,1.0,1.0
1164,18236bb0b875582d,True,1.0,1.0,1.0,1.0,1.0,1.0,1.0
1165,4f37ec7f0ac75960,True,1.0,1.0,0.8115363662559558,1.0,1.0,1.0,0.9214734859399817
1166,a6862e7424815856,True,1.0,1.0,1.0,1.0,1.0,1.0,1.0
1167,2114e7e213c45fc0,True,1.0,1.0,1.0,1.0,1.0,1.0,1.0
1168,2ef80fbe7233514a,True,1.0,1.0,0.8803226252635058,1.0,1.0,1.0,0.9501344271931274
1169,3a2b28ef68385d75,True,1.0,1.0,1.0,1.0,1.0,1.0,1.0
1170,a572393e361e5b6c,True,1.0,1.0,0.6323435787361513,1.0,1.0,1.0,0.8468098244733963
1171,a0b3a3b623235a49,True,1.0,1.0,1.0,1.0,1.0,1.0,1.0
1172,dce07c446c7955aa,True,1.0,1.0,1.0,1.0,1.0,1.0,1.0
1173,82ef8b099fb55f0c,True,1.0,1.0,1.0,1.0,1.0,1.0,1.0
1174,b6247a5245a5554f,True,1.0,0.0,0.0,0.0,1.0,1.0,0.0
1175,511ba067a1835f86,True,1.0,1.0,1.0,1.0,1.0,1.0,1.0
1176,16c1e641b6d350b1,True,1.0,1.0,1.0,1.0,1.0,1.0,1.0
1177,89ad209b83755848,True,1.0,1.0,0.9203596346390428,1.0,1.0,1.0,0.9668165144329345
1178,ca68dbc018a35aa3,True,1.0,1.0,0.984922930453157,1.0,1.0,1.0,0.9937178876888154
1179,b7bd6325ead95dd8,True,1.0,1.0,0.8787394639230888,1.0,1.0,1.0,0.9494747766346204
1180,0a4cf95e90d45770,True,1.0,1.0,1.0,1.0,1.0,1.0,1.0
1181,afc395b46c2c5d7b,True,1.0,1.0,0.7701399912110254,1.0,1.0,1.0,0.9042249963379273
1182,cb3bbfd7864d53f5,True,1.0,1.0,1.0,1.0,1.0,1.0,1.0
1183,f2291b8766215c41,True,1.0,1.0,0.6690069994619807,1.0,1.0,1.0,0.8620862497758254
1184,45c3a52706c555df,True,1.0,1.0,0.7367576018981172,1.0,1.0,1.0,0.8903156674575489
1185,3adebc0f04ed5311,True,1.0,1.0,1.0,1.0,1.0,1.0,1.0
1186,8d068ed41e335268,True,1.0,1.0,0.7857867590052074,1.0,1.0,1.0,0.9107444829188364
1187,4849a426de8e5d24,True,1.0,1.0,0.957425209560347,1.0,1.0,1.0,0.9822605039834779
1188,ae2c1faedb3356f9,True,1.0,0.0,0.0,1.0,1.0,1.0,0.0
1189,bb6cf07ad4a350f6,True,1.0,1.0,0.6993254594944507,1.0,1.0,1.0,0.8747189414560211
1190,3495be9149e0537d,True,1.0,1.0,0.6684306056134861,1.0,1.0,1.0,0.8618460856722859
1191,6e0bfaa448c5587d,True,1.0,1.0,0.8377550742095631,1.0,1.0,1.0,0.9323979475873179
1192,1d3dfbbe8a0a54f6,True,1.0,1.0,0.8800329826877169,1.0,1.0,1.0,0.9500137427865486
1193,3296619ed0855e31,True,1.0,1.0,1.0,1.0,1.0,1.0,1.0
1194,55237cf0b8c45ec9,True,1.0,1.0,0.8264065047550117,1.0,1.0,1.0,0.927669376981255
1195,74693ae387e752fa,True,1.0,1.0,0.8611341252235876,1.0,1.0,1.0,0.9421392188431614
1196,ebe1b48a47f356a4,True,1.0,1.0,0.7919989510371255,1.0,1.0,1.0,0.913332896265469
1197,c0d4412fa9f15f5b,True,1.0,1.0,0.8561382809446527,1.0,1.0,1.0,0.940057617060272
1198,e11f2ff7ffba5b45,True,1.0,1.0,1.0,1.0,1.0,1.0,1.0
1199,d37afaf062ea5835,True,1.0,1.0,0.7177040064832503,1.0,1.0,1.0,0.882376669368021
1200,982671de6e755ca0,True,1.0,1.0,0.7253913106304689,1.0,1.0,1.0,0.8855797127626954
1201,16c38196f44751bd,True,1.0,1.0,0.7735434177435832,1.0,1.0,1.0,0.905643090726493
1202,c9ddc670b1195efd,True,1.0,1.0,0.803751126843638,1.0,1.0,1.0,0.9182296361848493
1203,bfbc82c4f65a5208,True,1.0,1.0,1.0,1.0,1.0,1.0,1.0
1204,33c925ac7b905e8f,True,1.0,1.0,1.0,1.0,1.0,1.0,1.0
1205,68513836ad24543b,True,1.0,1.0,1.0,1.0,1.0,1.0,1.0
1206,213870b088245664,True,1.0,1.0,0.6710240278608608,1.0,1.0,1.0,0.8629266782753587
1207,c8dc1e0c85f75036,True,1.0,1.0,1.0,1.0,1.0,1.0,1.0
1208,961138ed0ca9525b,True,1.0,1.0,0.8045405008440963,1.0,1.0,1.0,0.9185585420183736
1209,de7b87d6624754cf,True,1.0,1.0,0.8999626603025158,1.0,1.0,1.0,0.9583177751260482
1210,f4af3907bb665bf7,True,1.0,1.0,1.0,1.0,1.0,1.0,1.0
1211,9edf148b1ed05a22,True,1.0,1.0,1.0,1.0,1.0,1.0,1.0
1212,931c9ec2bfa55d47,True,1.0,1.0,0.5688281270205136,1.0,1.0,1.0,0.820345052925214
1213,29560d02d4615d4c,True,0.5,0.0,0.0,0.0,1.0,0.5,0.0
1214,b9ef517f054450b7,True,1.0,1.0,1.0,1.0,1.0,1.0,1.0
1215,7c0a753f5a2f5230,True,1.0,1.0,1.0,1.0,1.0,1.0,1.0
1216,ccdb8ab156ba5b06,True,1.0,1.0,0.7854472896744897,1.0,1.0,1.0,0.9106030373643708
1217,86641ef36dfc5c16,True,1.0,1.0,1.0,1.0,1.0,1.0,1.0
1218,a44db880afe95be7,True,1.0,1.0,0.61291917234387,1.0,1.0,1.0,0.8387163218099459
1219,4386a0ba98f95bb3,True,1.0,1.0,0.910446731432345,1.0,1.0,1.0,0.9626861380968105
1220,6782b9c3686f58f3,True,1.0,1.0,0.4279155763655841,1.0,1.0,0.5,0.7616314901523267
1221,431869f33ace51a0,True,1.0,1.0,0.8536639790333973,1.0,1.0,1.0,0.9390266579305822
1222,cccd69e7a6ff5be3,True,1.0,1.0,1.0,1.0,1.0,1.0,1.0
1223,faba362f85a95b6c,True,1.0,1.0,0.9041736876992109,1.0,1.0,1.0,0.9600723698746713
1224,a8fd739baf0a5935,True,1.0,1.0,0.7998233462878291,1.0,1.0,1.0,0.9165930609532621
1225,1844ec136eb05d57,True,1.0,1.0,0.8019005462403456,1.0,1.0,1.0,0.9174585609334773
1226,396eba48b9c5529d,True,1.0,1.0,0.8054092846969458,1.0,1.0,1.0,0.9189205352903942
1227,7d635921b94555f6,True,1.0,1.0,1.0,1.0,1.0,1.0,1.0
1228,f5e28113983e54bd,True,1.0,1.0,0.8754474082083366,1.0,1.0,1.0,0.9481030867534735
1229,72a9c8aa9d1a580c,True,1.0,1.0,0.8948076965587196,1.0,1.0,1.0,0.9561698735661333
1230,a5c89cf130d858a4,True,1.0,1.0,1.0,1.0,1.0,1.0,1.0
1231,0057ce5b81c35a81,True,1.0,1.0,0.9414570148229582,1.0,1.0,1.0,0.975607089509566
1232,0503cc398e2656be,True,1.0,1.0,0.9581267761770522,0.0,1.0,1.0,0.5658861567404384
1233,805158120d1c552e,True,1.0,1.0,1.0,1.0,1.0,1.0,1.0
1234,922b13fe723c505a,True,1.0,1.0,0.8004708451540067,1.0,1.0,1.0,0.9168628521475028
1235,771b7e7196585f07,True,1.0,1.0,1.0,1.0,1.0,1.0,1.0
1236,d09bb687e7e15b97,True,1.0,1.0,1.0,1.0,1.0,1.0,1.0
1237,0663f1541eeb58b6,True,1.0,1.0,1.0,1.0,1.0,0.5,1.0
1238,22b526a96ad65c88,True,1.0,1.0,0.7732226572947462,1.0,1.0,1.0,0.9055094405394776
1239,c6be203c41a155e4,True,1.0,0.0,0.0,1.0,1.0,1.0,0.0
1240,859dea9ce9215b47,True,1.0,1.0,0.8143874647664229,1.0,1.0,1.0,0.9226614436526761
1241,95a4b51d1d865ba0,True,1.0,1.0,0.5435087094460842,1.0,1.0,1.0,0.809795295602535
1242,dc472958283b57cc,True,1.0,1.0,0.9922995489289762,1.0,1.0,1.0,0.9967914787204067
1243,790e0f5c7fce5627,True,1.0,1.0,1.0,1.0,1.0,1.0,1.0
1244,d37242b32b51586b,True,1.0,1.0,0.7782969691702303,1.0,1.0,1.0,0.9076237371542626
1245,1d2710d5bcfd52a7,True,1.0,1.0,0.7916611402221294,1.0,1.0,1.0,0.9131921417592205
1246,1f2b81cc64b45658,True,1.0,1.0,0.9476898668688792,1.0,1.0,1.0,0.9782041111953662
1247,fc2a5f9f60965ab9,True,1.0,1.0,1.0,1.0,1.0,1.0,1.0
1248,f65f43d44343500b,True,1.0,1.0,0.7313348789913559,1.0,1.0,1.0,0.8880561995797316
1249,c65fbb9cff2a59e5,True,1.0,1.0,0.7627927230202858,1.0,1.0,1.0,0.9011636345917857
1250,9fdd329b72e85179,True,1.0,1.0,0.5870494064823525,1.0,1.0,1.0,0.8279372527009802
1251,db4bcafb6d775b4f,True,1.0,0.0,0.0,1.0,1.0,1.0,0.0
1252,81e0cc64152b5264,True,1.0,1.0,1.0,1.0,1.0,1.0,1.0
1253,2c58e549903354fc,True,1.0,1.0,0.6453408324054566,1.0,1.0,1.0,0.8522253468356068
1254,012ca60989175c54,True,1.0,1.0,1.0,1.0,1.0,1.0,1.0
1255,d0fc0e92a9e4552f,True,1.0,1.0,0.7836978643405149,1.0,1.0,1.0,0.9098741101418812
1256,dd2bc3e6bb8353b8,True,1.0,1.0,0.9533046486208935,1.0,1.0,1.0,0.980543603592039
1257,43f586c2ca4b5929,True,1.0,1.0,0.7330760572773677,1.0,1.0,1.0,0.8887816905322365
1258,69dec5959d7d53a9,True,1.0,1.0,0.6133184109891083,1.0,1.0,1.0,0.8388826712454618
1259,85185d3ba8b35890,True,1.0,1.0,1.0,1.0,1.0,1.0,1.0
1260,8ba84ea2cc4a5ead,True,1.0,0.0,0.0,1.0,1.0,1.0,0.0
1261,f001f00535065622,True,1.0,1.0,0.941000909922327,0.0,1.0,1.0,0.5587503791343029
1262,4db50b60ca1f57f1,True,1.0,1.0,0.8727897013595131,0.0,1.0,1.0,0.5303290422331305
1263,16d4835b75b05efb,True,1.0,1.0,0.7773227926758598,1.0,1.0,1.0,0.9072178302816082
1264,03ec8e118cb0541d,True,1.0,1.0,1.0,1.0,1.0,1.0,1.0
1265,60021a9f6c585c16,True,1.0,1.0,0.8653297952086747,1.0,1.0,1.0,0.943887414670281
1266,e6206364da5b51f3,True,1.0,1.0,1.0,1.0,1.0,1.0,1.0
1267,a31780d642695a21,True,1.0,1.0,1.0,1.0,1.0,1.0,1.0
1268,01e4bff700f15523,True,1.0,1.0,0.8377488482686574,1.0,1.0,1.0,0.9323953534452739
1269,4d6f4dbf01c2567c,True,1.0,1.0,1.0,1.0,1.0,1.0,1.0
1270,63b69a3c54e95277,True,1.0,1.0,0.6698893487453638,1.0,1.0,1.0,0.8624538953105683
1271,7a9225f5c4355f92,True,1.0,1.0,0.9842763948027363,1.0,1.0,1.0,0.9934484978344734
1272,80386d2e9c215d3b,True,1.0,1.0,0.8284519022832286,1.0,1.0,1.0,0.9285216259513452
1273,6e6c19ea921f550d,True,1.0,1.0,0.8091474455652415,1.0,1.0,1.0,0.9204781023188507
1274,599e006109385ae5,True,1.0,1.0,0.8097273073953419,1.0,1.0,1.0,0.9207197114147257
1275,de03efda68e65021,True,1.0,0.0,0.0,1.0,1.0,1.0,0.0
1276,4b5fd21bc8bd5a8b,True,1.0,1.0,0.7999985057752682,1.0,1.0,1.0,0.9166660440730284
1277,230f2d1902125696,True,1.0,1.0,1.0,1.0,1.0,1.0,1.0
1278,d51cd13cfbe35a4b,True,1.0,1.0,1.0,1.0,1.0,1.0,1.0
1279,cde748c5a6905684,True,1.0,1.0,0.7632247729970526,0.0,1.0,1.0,0.4846769887487719
1280,79ea7fb311c4574a,True,1.0,1.0,0.8465509731174942,1.0,1.0,1.0,0.9360629054656225
1281,90ed1fb3861c56d7,True,1.0,1.0,1.0,1.0,1.0,1.0,1.0
1282,64859d25f1b555dd,True,1.0,1.0,0.8342236057733283,1.0,1.0,1.0,0.9309265024055534
1283,7fdfa29d75525f46,True,1.0,1.0,1.0,1.0,1.0,1.0,1.0
1284,2e1835a7c6445310,True,1.0,1.0,0.9362891594593774,1.0,1.0,1.0,0.9734538164414074
1285,47d7aecedea25a0b,True,1.0,1.0,0.9434716757091819,1.0,1.0,1.0,0.9764465315454925
1286,bc253d8424935910,True,1.0,1.0,0.8636567141021515,1.0,1.0,1.0,0.9431902975425631
1287,d67eda0cf1305a71,True,1.0,1.0,0.7350962620755854,1.0,1.0,1.0,0.889623442531494
1288,78b4153a6d3e5b33,True,1.0,1.0,0.9271948901013572,1.0,1.0,1.0,0.9696645375422323
1289,62fc6bfdfba650ed,True,1.0,1.0,1.0,1.0,1.0,1.0,1.0
1290,fe746b45992f5a69,True,1.0,1.0,1.0,1.0,1.0,0.0,1.0
1291,d74f4eda6af854c4,True,1.0,1.0,0.7990298241978473,1.0,1.0,1.0,0.916262426749103
1292,4b6b3a81cc235dbf,True,1.0,1.0,1.0,1.0,1.0,1.0,1.0
1293,c87dc623a8b3564d,True,1.0,1.0,0.7350748400761777,1.0,1.0,1.0,0.8896145166984074
1294,14f724bc59705bb4,True,1.0,1.0,0.8009908962499844,1.0,1.0,1.0,0.9170795401041602
1295,6292d2ef6730548d,True,1.0,1.0,0.9026978151403112,1.0,1.0,1.0,0.9594574229751297
1296,a7fa8bccce9253cb,True,1.0,1.0,0.6782421820153246,1.0,1.0,1.0,0.8659342425063853
1297,9ad434ec99685d35,True,1.0,1.0,0.8192666803765792,1.0,1.0,1.0,0.924694450156908
1298,f93751942d4e5c48,True,0.0,1.0,0.0,0.0,1.0,1.0,0.0
1299,89652dfe12165def,True,1.0,1.0,1.0,1.0,1.0,1.0,1.0
1300,45b4f09799295069,True,1.0,1.0,0.8658445960848459,1.0,1.0,1.0,0.9441019150353526
1301,0a4752bc6c8b5174,True,1.0,1.0,0.875243810967934,1.0,1.0,1.0,0.9480182545699725
1302,0166f867762a56e1,True,1.0,1.0,0.9719719543578008,1.0,1.0,1.0,0.9883216476490837
1303,11cadec88a8e547d,True,1.0,1.0,0.6748228650055811,1.0,1.0,0.5,0.8645095270856588
1304,b4bcd9085faf5842,True,1.0,1.0,0.8258067293563306,1.0,1.0,1.0,0.9274194705651378
1305,f1f69cb418a05b54,True,0.0,1.0,0.0,0.0,1.0,1.0,0.0
1306,01ace31ecf365cbb,True,1.0,1.0,0.75262581628774,1.0,1.0,1.0,0.8969274234532248
1307,2fd95381df705415,True,1.0,1.0,0.792185749837558,1.0,1.0,1.0,0.9134107290989825
1308,cc5e04be1f105d15,True,1.0,1.0,0.6940688626774509,1.0,1.0,1.0,0.8725286927822712
1309,bdff1d80a75e5307,True,1.0,1.0,0.7504939390475893,1.0,1.0,1.0,0.8960391412698289
1310,3d17efc5625f5c4f,True,1.0,1.0,0.8329613220593078,1.0,1.0,1.0,0.930400550858045
1311,75f5cc1f425c501d,True,1.0,1.0,1.0,1.0,1.0,1.0,1.0
1312,bcf787cdb66453f0,True,1.0,1.0,0.9219416297160752,1.0,1.0,1.0,0.9674756790483646
1313,3e11d77a9aca5bb7,True,1.0,1.0,0.753239117817974,1.0,1.0,1.0,0.8971829657574891
1314,de2c2bde3a615d75,True,1.0,0.0,0.0,1.0,1.0,1.0,0.0
1315,db3833e656c256dd,True,1.0,1.0,0.8550926607942048,1.0,1.0,1.0,0.9396219419975852
1316,cc853dd8697f51b3,True,1.0,1.0,0.6340840700826659,1.0,1.0,1.0,0.8475350292011109
1317,fdee882945885aa7,True,1.0,1.0,0.9188825023694136,1.0,1.0,1.0,0.9662010426539224
1318,e38dd745e363544c,True,1.0,1.0,0.8812908952917687,1.0,1.0,1.0,0.950537873038237
1319,a2b2c80a9db75f5f,True,1.0,1.0,1.0,1.0,1.0,1.0,1.0
1320,a15d7c93c85e5505,True,1.0,0.0,0.0,1.0,1.0,1.0,0.0
1321,397a31d685fc5af7,True,1.0,1.0,0.7984257765469003,1.0,1.0,1.0,0.9160107402278751
1322,e90d6c211deb5f05,True,1.0,1.0,1.0,1.0,1.0,1.0,1.0
1323,cf9b7b96f5a057d0,True,1.0,1.0,0.5419833536621035,1.0,1.0,1.0,0.8091597306925431
1324,e53fc4a1bbe0568b,True,1.0,1.0,1.0,1.0,1.0,1.0,1.0
1325,dca6a613dc2c5051,True,1.0,1.0,0.7231106029173947,1.0,1.0,1.0,0.8846294178822478
1326,fd8d10736c675232,True,1.0,1.0,0.853726992965746,1.0,1.0,1.0,0.9390529137357274
1327,aa7cf4712b635bb0,True,1.0,1.0,1.0,1.0,1.0,1.0,1.0
1328,3978c2d5fb6e5f5a,True,1.0,1.0,0.7623591550813096,1.0,1.0,1.0,0.900982981283879
1329,c038901b4a0259ab,True,1.0,1.0,0.9114740011828337,1.0,1.0,1.0,0.9631141671595141
1330,e9799c219eb25a48,True,1.0,1.0,1.0,1.0,1.0,1.0,1.0
1331,d68e0b255e055d35,True,1.0,1.0,1.0,1.0,1.0,1.0,1.0
1332,400a99ae89275e4d,True,1.0,1.0,0.8906864182926936,1.0,1.0,1.0,0.9544526742886225
1333,e775640dbaf45c91,True,1.0,1.0,1.0,1.0,1.0,1.0,1.0
1334,cc9e361d27725cb7,True,1.0,1.0,0.9461423368520784,1.0,1.0,1.0,0.9775593070216994
1335,bf7e92340c6454a2,True,1.0,1.0,0.785923976835566,0.0,1.0,1.0,0.4941349903481525
1336,0809e84efac053e6,True,1.0,1.0,1.0,1.0,1.0,1.0,1.0
1337,580524859b485a1b,True,1.0,1.0,0.5389467267609248,1.0,1.0,1.0,0.8078944694837187
1338,eeae24d38eb15e0a,True,1.0,0.0,0.0,1.0,1.0,1.0,0.0
1339,7fb88e704c1a5cca,True,1.0,1.0,0.9631561026605909,1.0,1.0,1.0,0.9846483761085795
1340,4c684da98f405857,True,1.0,1.0,0.960467993302127,1.0,1.0,1.0,0.983528330542553
1341,c7a1cded8d4652e2,True,1.0,1.0,0.7670016476075576,1.0,1.0,1.0,0.9029173531698156
1342,50a5b2cbb4515594,True,1.0,1.0,0.7007744842589751,1.0,1.0,1.0,0.8753227017745729
1343,75ffe77189e95d43,True,1.0,1.0,0.7349446559113455,1.0,1.0,1.0,0.8895602732963939
1344,7d296a6ef0955155,True,1.0,1.0,0.9339164638121963,1.0,1.0,1.0,0.9724651932550819
1345,fb311858e737556d,True,1.0,1.0,0.6471815394848903,1.0,1.0,1.0,0.8529923081187043
1346,dc2d59ce7b1258cf,True,1.0,1.0,1.0,1.0,1.0,1.0,1.0
1347,32a19a2ab50f563d,True,1.0,0.0,0.0,1.0,1.0,1.0,0.0
1348,087df0996ade50d3,True,1.0,1.0,0.8738457677811861,1.0,1.0,1.0,0.9474357365754941
1349,c0a14b9e841a5aee,True,1.0,1.0,1.0,1.0,1.0,1.0,1.0
1350,704527beccac5701,True,1.0,1.0,0.7683474732391296,1.0,1.0,1.0,0.9034781138496374
1351,77e18238b9d55c97,True,1.0,1.0,0.9694770348473917,1.0,1.0,1.0,0.9872820978530799
1352,13c76ba40a5e5987,True,1.0,1.0,0.7124117451236456,1.0,1.0,1.0,0.8801715604681858
1353,28f3ee6207ae50d6,True,1.0,1.0,0.8215528790766526,1.0,1.0,1.0,0.9256470329486053
1354,0e7f0228aa865b5c,True,1.0,1.0,1.0,1.0,1.0,1.0,1.0
1355,d7bf550698b55562,True,1.0,1.0,0.7094773608809877,1.0,1.0,1.0,0.8789489003670782
1356,69fab78920a55a7a,True,1.0,1.0,0.5965657188422506,1.0,1.0,1.0,0.8319023828509376
1357,e1c0081536575390,True,1.0,1.0,1.0,1.0,1.0,1.0,1.0
1358,575317389c085760,True,1.0,1.0,0.8031079253278984,1.0,1.0,1.0,0.9179616355532909
1359,5167871fd80b575d,True,1.0,1.0,0.6261976449391902,1.0,1.0,1.0,0.8442490187246626
1360,581b5ae61b1c569d,True,1.0,1.0,1.0,1.0,1.0,1.0,1.0
1361,0f24ec666e145cab,True,1.0,1.0,1.0,1.0,1.0,1.0,1.0
1362,8f8ccbd6ffcb54b9,True,1.0,1.0,0.8521514899554619,1.0,1.0,1.0,0.938396454148109
1363,508cd663b9a85228,True,1.0,1.0,0.6590301073720259,1.0,1.0,1.0,0.8579292114050108
1364,1eade5af9ee65696,True,1.0,1.0,0.9247449707491481,1.0,1.0,1.0,0.968643737812145
1365,bc85f0c7a2305ef5,True,1.0,1.0,0.8911272524300975,1.0,1.0,0.0,0.9546363551792073
1366,ed02d0df47ca55e7,True,1.0,1.0,1.0,1.0,1.0,1.0,1.0
1367,eaba7fd433c45e20,True,1.0,1.0,0.8647500699378584,1.0,1.0,1.0,0.9436458624741076
1368,6771ec6dba275364,True,1.0,1.0,1.0,1.0,1.0,1.0,1.0
1369,c126718a51d85fbd,True,1.0,1.0,0.9866331480529825,1.0,1.0,1.0,0.9944304783554093
1370,d73cabbfed045bf2,True,1.0,1.0,1.0,1.0,1.0,1.0,1.0
1371,0df213c579225af6,True,1.0,1.0,0.8651382639783082,1.0,1.0,1.0,0.9438076099909617
1372,1f2f210163c358f8,True,1.0,1.0,0.8772914663845554,1.0,1.0,1.0,0.9488714443268981
1373,36716a89eb9c5ef9,True,1.0,1.0,1.0,1.0,1.0,1.0,1.0
1374,3931a353a1f6520d,True,1.0,1.0,0.8789140304836454,1.0,1.0,1.0,0.9495475127015189
1375,e44b9b8654a15bfd,True,1.0,1.0,0.8586557283984639,1.0,1.0,1.0,0.94110655349936
1376,b97a9b788ef8540c,True,1.0,1.0,0.7810830118531235,1.0,1.0,1.0,0.9087845882721348
1377,53e360156fe05050,True,1.0,1.0,0.44345371035460945,1.0,1.0,1.0,0.768105712647754
1378,68c666c7045f5609,True,1.0,1.0,0.8664492967410437,1.0,1.0,1.0,0.9443538736421017
1379,8c4218fc392a52be,True,1.0,1.0,1.0,1.0,1.0,1.0,1.0
1380,20f0988b6050572a,True,1.0,1.0,1.0,0.0,1.0,1.0,0.5833333333333334
1381,6bea22b0ee0e5929,True,1.0,0.0,0.0,1.0,1.0,1.0,0.0
1382,9a9b75516db85d76,True,1.0,1.0,0.8847810945957041,1.0,1.0,1.0,0.9519921227482101
1383,f68fcc74e570541d,True,1.0,0.0,0.0,1.0,1.0,1.0,0.0
1384,5bbd26efb97658ec,True,1.0,1.0,0.880468588176136,1.0,1.0,0.0,0.9501952450733899
1385,b14d21a164615e3e,True,1.0,1.0,1.0,1.0,1.0,1.0,1.0
1386,520e72270acb562a,True,1.0,1.0,0.9094512659426923,1.0,1.0,1.0,0.9622713608094552
1387,f03f53f19c6254b8,True,1.0,1.0,0.7606709683628228,1.0,1.0,1.0,0.9002795701511762
1388,38f555fbc07f5185,True,1.0,1.0,0.9648607174551481,1.0,1.0,1.0,0.9853586322729783
1389,b55cc20818705801,True,1.0,1.0,0.9165259956292601,1.0,1.0,1.0,0.9652191648455251
1390,31960634eefb5d47,True,1.0,1.0,0.7868798102890209,1.0,1.0,1.0,0.9111999209537588
1391,90c51d90c33b5cef,True,1.0,1.0,0.9580978342210803,1.0,1.0,1.0,0.9825407642587836
1392,1b301e5f9ede59d7,True,1.0,0.0,0.0,1.0,1.0,1.0,0.0
1393,e31131deed6656ea,True,1.0,1.0,1.0,1.0,1.0,1.0,1.0
1394,515b2946ba2457b5,True,1.0,0.0,0.0,1.0,1.0,1.0,0.0
1395,e91f2da06b8e517f,True,1.0,1.0,0.7225168643144798,1.0,1.0,1.0,0.8843820267977
1396,41f275bfd30e514a,True,1.0,1.0,1.0,1.0,1.0,1.0,1.0
1397,82fd7dab2b6b5101,True,1.0,1.0,0.9645987536494508,1.0,1.0,1.0,0.9852494806872713
1398,31c26928703053d2,True,1.0,1.0,1.0,1.0,1.0,1.0,1.0
1399,277f191c94b952f3,True,1.0,1.0,0.8584839858186682,1.0,1.0,1.0,0.9410349940911118
1400,db1794b15b1a54b4,True,1.0,1.0,0.868502069768743,1.0,1.0,1.0,0.9452091957369761
1401,4bbc76cff4355b53,True,1.0,1.0,0.8283836607753291,1.0,1.0,1.0,0.9284931919897205
1402,87b468bcdad158c2,True,1.0,1.0,1.0,1.0,1.0,1.0,1.0
1403,08e025b8ab6253bc,True,1.0,1.0,0.753490887477558,1.0,1.0,1.0,0.8972878697823159
1404,375d03a139615179,True,1.0,0.0,0.0,1.0,1.0,1.0,0.0
1405,7580af9b56085218,True,1.0,1.0,0.9709424432316287,1.0,1.0,1.0,0.9878926846798453
1406,e4007492f3d55374,True,1.0,1.0,0.9790205672801665,1.0,1.0,1.0,0.9912585697000694
1407,5ebe40763ac05b5c,True,1.0,1.0,0.33763291328043477,1.0,1.0,0.5,0.7240137138668478
1408,83f2ecc101925a5d,True,1.0,1.0,1.0,1.0,1.0,1.0,1.0
1409,84c2b46556315af6,True,1.0,1.0,0.7354933295808788,1.0,1.0,1.0,0.8897888873253662
1410,bc089c23e7f95250,True,1.0,1.0,0.9263913613580804,1.0,1.0,1.0,0.9693297338992002
1411,b39406677030585e,True,1.0,1.0,0.8309846290775801,1.0,1.0,1.0,0.9295769287823251
1412,2462c21ce2bb5f2d,True,1.0,0.0,0.0,1.0,1.0,0.0,0.0
1413,b3055bb6f80d5167,True,1.0,1.0,1.0,1.0,1.0,1.0,1.0
1414,308908fd6d9a5631,True,1.0,1.0,0.6771036357131316,1.0,1.0,1.0,0.8654598482138048
1415,b83f5bd6726e5996,True,1.0,1.0,0.9446783162920461,1.0,1.0,1.0,0.9769492984550192
1416,6e3c7a34388e5ae3,True,1.0,0.0,0.0,1.0,1.0,1.0,0.0
1417,05ee09cb75205555,True,1.0,1.0,1.0,1.0,1.0,1.0,1.0
1418,f409dfb714ed539c,True,1.0,1.0,0.9119715610071688,1.0,1.0,1.0,0.963321483752987
1419,03388b830f975734,True,1.0,1.0,1.0,1.0,1.0,1.0,1.0
1420,5f3fbfc334c0579c,True,1.0,1.0,1.0,1.0,1.0,1.0,1.0
1421,f154d2accd365815,True,1.0,1.0,0.7686436576641643,1.0,1.0,1.0,0.9036015240267351
1422,45441aede44b5547,True,1.0,1.0,0.7886627183961568,1.0,1.0,1.0,0.9119427993317321
1423,770c714d82535180,True,1.0,1.0,0.9591949610725954,1.0,1.0,1.0,0.9829979004469148
1424,efbd7ea4d97c5cb9,True,1.0,1.0,1.0,1.0,1.0,1.0,1.0
1425,52248a6939af5fd6,True,1.0,1.0,0.8011909131568715,1.0,1.0,1.0,0.9171628804820298
1426,447650d1d57c58b7,True,1.0,1.0,0.6476944185813479,1.0,1.0,1.0,0.8532060077422283
1427,92135b7bae0b5259,True,1.0,1.0,0.8051542388846107,1.0,1.0,1.0,0.9188142662019212
1428,105e820419e05224,True,1.0,1.0,0.8722668561803991,1.0,1.0,1.0,0.946777856741833
1429,5474ade2411457f3,True,1.0,1.0,1.0,1.0,1.0,1.0,1.0
1430,9e0633fbdeac55bb,True,1.0,1.0,0.8613662507025222,1.0,1.0,1.0,0.9422359377927175
1431,eb0095eae628560d,True,1.0,1.0,0.9805615258468006,1.0,1.0,1.0,0.9919006357695003
1432,834a7c22e2c55c71,True,1.0,1.0,0.6456267161081269,1.0,1.0,1.0,0.852344465045053
1433,f3c165d6e31f524d,True,0.0,1.0,0.0,0.0,1.0,1.0,0.0
1434,8db7275969855f22,True,1.0,1.0,1.0,1.0,1.0,1.0,1.0
1435,c1f91d06e8285351,True,1.0,1.0,0.7594051897408614,1.0,1.0,1.0,0.8997521623920255
1436,850551ecc7a35ebf,True,0.0,1.0,0.0,0.0,1.0,1.0,0.0
1437,36ee69ae43b85587,True,1.0,1.0,1.0,1.0,1.0,1.0,1.0
1438,701c95bcdaa65c14,True,1.0,1.0,0.6910707200000215,1.0,1.0,1.0,0.8712794666666756
1439,4925a678992c5726,True,1.0,1.0,0.6431544384432779,1.0,1.0,1.0,0.8513143493513659
1440,5d003b19e1a25253,True,1.0,1.0,0.7800649400391122,1.0,1.0,1.0,0.9083603916829635
1441,6360aa4dd01151c3,True,1.0,0.0,0.0,1.0,1.0,1.0,0.0
1442,86536c24d4805ac7,True,1.0,1.0,0.6675003171783965,1.0,1.0,1.0,0.8614584654909985
1443,4f099d4882445433,True,1.0,1.0,1.0,1.0,1.0,1.0,1.0
1444,581e219460ef5789,True,1.0,1.0,0.8208886734144065,1.0,1.0,1.0,0.9253702805893361
1445,d360ce59cdc15efc,True,1.0,0.0,0.0,1.0,1.0,1.0,0.0
1446,11356a48a75c5e31,True,1.0,0.0,0.0,0.0,1.0,1.0,0.0
1447,871164a7e40652b5,True,1.0,1.0,0.767865716748686,1.0,1.0,1.0,0.9032773819786192
1448,38878741cbee5e88,True,1.0,1.0,0.9248256524645296,1.0,1.0,1.0,0.968677355193554
1449,5be85314d55654f1,True,1.0,1.0,1.0,1.0,1.0,1.0,1.0
1450,20f1de62f5795dab,True,1.0,1.0,1.0,1.0,1.0,1.0,1.0
1451,533c27383d335f4f,True,1.0,1.0,1.0,1.0,1.0,1.0,1.0
1452,c2466f5ae7a25ad8,True,1.0,1.0,0.7309849960631344,1.0,1.0,1.0,0.887910415026306
1453,38dd6b1bb76e5301,True,1.0,1.0,1.0,1.0,1.0,1.0,1.0
1454,eb19160d56255b73,True,1.0,1.0,0.9328975230283267,1.0,1.0,1.0,0.9720406345951362
1455,e0657b3fd2ac5c55,True,1.0,1.0,0.810450792210287,1.0,1.0,1.0,0.9210211634209529
1456,48ee746b1bfb5e7a,True,1.0,1.0,1.0,1.0,1.0,1.0,1.0
1457,a76f3192f58250c2,True,1.0,1.0,0.893867717381761,1.0,1.0,1.0,0.9557782155757337
1458,5930f153954b5060,True,1.0,1.0,0.6862290104159876,1.0,1.0,1.0,0.8692620876733281
1459,c932b69d2fed5f3c,True,1.0,1.0,0.859214606430022,1.0,1.0,1.0,0.9413394193458425
1460,dfa220d6e64f5d84,True,1.0,1.0,1.0,1.0,1.0,1.0,1.0
1461,0578756b879c55d0,True,1.0,1.0,0.15535224258658256,1.0,1.0,1.0,0.6480634344110761
1462,e69feea0fa7953e0,True,1.0,1.0,0.7940666894059192,1.0,1.0,1.0,0.914194453919133
1463,0c5feb2794e9579c,True,1.0,1.0,0.6739916179339206,1.0,1.0,1.0,0.8641631741391335
1464,677d8d1e838b5793,True,1.0,1.0,0.7562271652184623,1.0,1.0,1.0,0.8984279855076927
1465,1dd4683469e457c5,True,1.0,0.0,0.0,0.0,1.0,1.0,0.0
1466,be0064dac5f85957,True,1.0,1.0,0.7897440745324105,1.0,1.0,1.0,0.9123933643885044
1467,60e9369e91da5d9c,True,1.0,1.0,0.771332862895926,1.0,1.0,1.0,0.9047220262066359
1468,c3976331b5e456d4,True,1.0,0.0,0.0,1.0,1.0,1.0,0.0
1469,229e86f19e7d5ced,True,1.0,1.0,1.0,1.0,1.0,1.0,1.0
1470,bae48b8677205cad,True,1.0,1.0,1.0,1.0,1.0,1.0,1.0
1471,2695738230ce5ad0,True,1.0,1.0,0.5154013326221879,1.0,1.0,1.0,0.7980838885925783
1472,fda9b858e7e4588f,True,1.0,1.0,1.0,1.0,1.0,1.0,1.0
1473,cd9d029138325c2c,True,1.0,1.0,0.8224425646796059,1.0,1.0,1.0,0.926017735283169
1474,8cd8d1a23e4351f8,True,1.0,1.0,1.0,1.0,1.0,1.0,1.0
1475,b72c6ad506465ebb,True,1.0,1.0,1.0,1.0,1.0,1.0,1.0
1476,1835975eaaf65843,True,1.0,1.0,1.0,1.0,1.0,1.0,1.0
1477,0145102e6c2f5803,True,1.0,1.0,0.8731644407519843,1.0,1.0,1.0,0.9471518503133268
1478,50a0fd7b031e5ca6,True,1.0,1.0,1.0,1.0,1.0,1.0,1.0
1479,134221cd9f46577f,True,1.0,1.0,0.9073891315842687,1.0,1.0,1.0,0.961412138160112
1480,fdfad1317cd75455,True,1.0,1.0,1.0,1.0,1.0,1.0,1.0
1481,0033fc4b187a5f1f,True,1.0,1.0,0.877561596740184,1.0,1.0,1.0,0.9489839986417433
1482,c447b75808ee5ea6,True,1.0,1.0,1.0,1.0,1.0,1.0,1.0
1483,c844ccab55295a05,True,1.0,1.0,1.0,1.0,1.0,1.0,1.0
1484,feff7ece85635a65,True,1.0,1.0,0.9925284750155146,1.0,1.0,1.0,0.9968868645897978
1485,431ae29947e95c26,True,1.0,1.0,1.0,1.0,1.0,1.0,1.0
1486,659373708e8e5a4f,True,1.0,1.0,0.9292090109548999,1.0,1.0,1.0,0.9705037545645417
1487,c10c52fd674f5277,True,1.0,1.0,0.830489078981049,1.0,1.0,1.0,0.929370449575437
1488,7868ce187ae55819,True,1.0,1.0,1.0,1.0,1.0,1.0,1.0
1489,cc9afc95afab5758,True,1.0,1.0,0.680237332763743,1.0,1.0,1.0,0.8667655553182262
1490,9cd4479e1a9355a1,True,1.0,1.0,1.0,1.0,1.0,1.0,1.0
1491,84d0b82110465b43,True,1.0,1.0,1.0,1.0,1.0,1.0,1.0
1492,cac5deee337257e1,True,1.0,0.0,0.0,1.0,1.0,1.0,0.0
1493,05987b88b7be5bea,True,1.0,1.0,1.0,1.0,1.0,0.5,1.0
1494,0c3c5692dcdd5bdc,True,1.0,1.0,0.8802529801265081,1.0,1.0,1.0,0.9501054083860451
1495,5a2e2da8e6b75138,True,1.0,0.0,0.0,1.0,1.0,1.0,0.0
1496,6157148c5fa25838,True,1.0,1.0,0.9769988980766018,1.0,1.0,1.0,0.9904162075319173
1497,f7b170baa6bd5b95,True,1.0,1.0,1.0,1.0,1.0,1.0,1.0
1498,baff37ac37675490,True,1.0,1.0,0.8288937903930436,1.0,1.0,1.0,0.9287057459971014
1499,8f741adb793f51c9,True,1.0,1.0,0.8265089834779374,1.0,1.0,0.5,0.9277120764491406
1500,5ab779b8a0995778,True,1.0,1.0,1.0,1.0,1.0,1.0,1.0
1501,32399e644e53534a,True,1.0,1.0,0.5970962648739755,1.0,1.0,1.0,0.8321234436974899
1502,055dff3e32835333,True,1.0,1.0,0.7027154895924296,1.0,1.0,1.0,0.8761314539968458
1503,9cc2069263cc5e4a,True,1.0,1.0,1.0,1.0,1.0,1.0,1.0
1504,098c8aa8816b5805,True,0.0,1.0,0.0,0.0,1.0,1.0,0.0
1505,f6a5c2b1f50d5afc,True,1.0,1.0,0.8928151205357951,1.0,1.0,1.0,0.9553396335565812
1506,2d24100bcb1e57e2,True,1.0,1.0,1.0,1.0,1.0,1.0,1.0
1507,d35a0c5da0c55970,True,1.0,1.0,0.9745014302260794,1.0,1.0,1.0,0.989375595927533
1508,6919cfa3396a52ff,True,1.0,1.0,1.0,1.0,1.0,1.0,1.0
1509,054743e97abd5b9c,True,1.0,1.0,0.8958379337648559,1.0,1.0,1.0,0.95659913906869
1510,a84816a320d450a6,True,1.0,1.0,0.8984339419137519,1.0,1.0,1.0,0.95768080913073
1511,85c5f81a8dec5628,True,1.0,0.0,0.0,1.0,1.0,1.0,0.0
1512,83e895f722575452,True,1.0,1.0,0.2856871408651844,1.0,1.0,1.0,0.7023696420271602
1513,580dac44fa305877,True,1.0,1.0,0.6315416076531937,1.0,1.0,1.0,0.8464756698554975
1514,350ef3908a9c5db6,True,1.0,1.0,1.0,1.0,1.0,1.0,1.0
1515,9f4bf4a979835749,True,1.0,1.0,0.7678285494865043,1.0,1.0,1.0,0.9032618956193769
1516,8bacfc35148b5dad,True,1.0,1.0,0.5344417816536075,1.0,1.0,1.0,0.8060174090223363
1517,8e8b2b62eff65719,True,1.0,1.0,1.0,1.0,1.0,1.0,1.0
1518,afd8795214205519,True,1.0,1.0,1.0,1.0,1.0,1.0,1.0
1519,eaa64f296ff85b61,True,1.0,1.0,1.0,1.0,1.0,1.0,1.0
1520,0165d0814e905c1c,True,1.0,1.0,1.0,1.0,1.0,1.0,1.0
1521,8166c5e0f62a5a19,True,1.0,1.0,0.6701120368285718,1.0,1.0,1.0,0.8625466820119049
1522,0122ce98b2735558,True,1.0,0.0,0.0,1.0,1.0,1.0,0.0
1523,43493f9be4735732,True,1.0,1.0,1.0,1.0,1.0,1.0,1.0
1524,0371700bf65b51e0,True,1.0,1.0,0.9649490175198436,1.0,1.0,1.0,0.9853954239666015
1525,c543bad7f8ff5eae,True,1.0,1.0,0.7013239893122154,1.0,1.0,1.0,0.8755516622134231
1526,986ebb8642ae5b64,True,1.0,1.0,0.7987699064164707,1.0,1.0,1.0,0.9161541276735296
1527,184f5d3c75275c6e,True,1.0,1.0,1.0,1.0,1.0,1.0,1.0
1528,79d3720b23b6533e,True,1.0,1.0,0.781461910505354,1.0,1.0,1.0,0.9089424627105641
1529,dbff1141343a5736,True,1.0,1.0,0.8977228770190863,1.0,1.0,1.0,0.9573845320912859
1530,223d02be29c65e81,True,1.0,0.0,0.0,1.0,1.0,1.0,0.0
1531,f79b805ec2435c98,True,1.0,1.0,0.9822701577090829,1.0,1.0,1.0,0.9926125657121179
1532,150f1c76c75352cf,True,1.0,1.0,0.7273092903083149,1.0,1.0,1.0,0.8863788709617979
1533,35e4b04bab1058d5,True,1.0,1.0,0.8681509076887954,1.0,1.0,1.0,0.9450628782036649
1534,96b5b1c350745a73,True,1.0,1.0,0.955167844341654,1.0,1.0,1.0,0.9813199351423559
1535,af67221644ad5bd3,True,1.0,1.0,0.7185958954265134,1.0,1.0,1.0,0.8827482897610471
1536,305d73038ef35efe,True,1.0,1.0,1.0,1.0,1.0,1.0,1.0
1537,0b97850e408e5a95,True,1.0,1.0,0.2910824929688213,1.0,1.0,1.0,0.7046177054036756
1538,940becbbb9d05594,True,1.0,1.0,1.0,1.0,1.0,1.0,1.0
1539,bd218550d4d35e5c,True,1.0,1.0,0.7979106643855332,1.0,1.0,1.0,0.9157961101606388
1540,49d0c7d110f15c0e,True,1.0,1.0,1.0,0.0,1.0,1.0,0.5833333333333334
1541,43e7125800a6532c,True,1.0,1.0,0.8181933188041702,1.0,1.0,1.0,0.9242472161684043
1542,58ad6156b5895541,True,1.0,0.0,0.0,1.0,1.0,1.0,0.0
1543,41c18772e7ac5696,True,1.0,1.0,0.6544521921169737,1.0,1.0,1.0,0.8560217467154058
1544,b11d39291cd55ed7,True,1.0,1.0,0.9264297834871477,1.0,1.0,1.0,0.9693457431196449
1545,b1f641fdea505c99,True,1.0,1.0,0.9497761716833724,1.0,1.0,1.0,0.9790734048680717
1546,54a48973672c5352,True,1.0,1.0,1.0,1.0,1.0,1.0,1.0
1547,2f03781e3fd05c28,True,1.0,1.0,0.9013400042448048,1.0,1.0,1.0,0.9588916684353354
1548,2efcd18376fb51b7,True,1.0,1.0,0.7766531475830583,1.0,1.0,1.0,0.906938811492941
1549,a35847734fc65508,True,1.0,1.0,1.0,1.0,1.0,1.0,1.0
1550,c5ae8b49dc6b54f6,True,1.0,1.0,0.8207296370345363,1.0,1.0,1.0,0.9253040154310567
1551,7ed9d0ca20ac5e2c,True,1.0,1.0,1.0,0.0,1.0,1.0,0.5833333333333334
1552,dadc8dc029e15f0f,True,1.0,1.0,0.7712654641721546,1.0,1.0,1.0,0.9046939434050644
1553,099ba96d3bca51c3,True,1.0,1.0,0.5896069031010778,1.0,1.0,1.0,0.8290028762921158
1554,7feaf6410f1854a8,True,1.0,1.0,0.8156742350131134,1.0,1.0,1.0,0.9231975979221305
1555,9bb9ee9f03525ac0,True,1.0,1.0,0.7765682903948098,1.0,1.0,1.0,0.9069034543311707
1556,9b91401bbfad5a3e,True,1.0,1.0,0.8671736449054531,1.0,1.0,1.0,0.9446556853772722
1557,f4cc7553b85f5fb0,True,1.0,1.0,0.9544036789120098,1.0,1.0,1.0,0.9810015328800041
1558,9952eefa82585b83,True,1.0,1.0,0.9077505368573129,1.0,1.0,1.0,0.961562723690547
1559,153733002b5a5d25,True,1.0,1.0,1.0,1.0,1.0,1.0,1.0
1560,58366177d30259f5,True,1.0,1.0,0.8127241791016273,1.0,1.0,1.0,0.9219684079590115
1561,7eaba7fa332d55cd,True,1.0,1.0,0.7746661877925883,1.0,1.0,1.0,0.9061109115802451
1562,36037c6abc0558dc,True,1.0,1.0,0.7827604110407943,1.0,1.0,1.0,0.909483504600331
1563,dac176e7b40c5671,True,1.0,1.0,0.7347274879011583,1.0,1.0,1.0,0.8894697866254826
1564,db07a6d7eacd57d1,True,1.0,1.0,1.0,1.0,1.0,1.0,1.0
1565,128e9fbd01125cc7,True,1.0,1.0,1.0,1.0,1.0,1.0,1.0
1566,866e7ca97d3c5548,True,1.0,1.0,0.8270406083491855,1.0,1.0,1.0,0.9279335868121606
1567,cc0668b663b25703,True,1.0,1.0,0.6746246297149716,1.0,1.0,1.0,0.8644269290479049
1568,d8acd89d5cc95e9a,True,1.0,1.0,0.9326294987865742,1.0,1.0,1.0,0.9719289578277394
1569,9c32ba9f42f75187,True,1.0,1.0,1.0,1.0,1.0,1.0,1.0
1570,9020d65504e554b3,True,1.0,0.0,0.0,1.0,1.0,1.0,0.0
1571,511741d6df93540d,True,1.0,1.0,1.0,1.0,1.0,1.0,1.0
1572,984c4c329ba05bd2,True,1.0,1.0,1.0,1.0,1.0,1.0,1.0
1573,bee7eebe90dd5285,True,1.0,1.0,0.9944311493341269,1.0,1.0,1.0,0.9976796455558862
1574,4f663e3f821e5c85,True,1.0,1.0,0.9075897997083086,1.0,1.0,1.0,0.9614957498784619
1575,6011fd3aa3a85fa1,True,1.0,1.0,0.8363632233704353,1.0,1.0,1.0,0.9318180097376813
1576,d112a49d72925b06,True,1.0,1.0,0.9605617557713934,1.0,1.0,1.0,0.9835673982380806
1577,6162470f2d0c5e13,True,1.0,1.0,0.7013608178909715,1.0,1.0,1.0,0.8755670074545714
1578,b770bd5be66d5339,True,1.0,1.0,0.7483695046220641,0.0,1.0,1.0,0.4784872935925267
1579,f749ff64838c5664,True,1.0,0.0,0.0,1.0,1.0,1.0,0.0
1580,c2ddfc9b18815c97,True,1.0,1.0,0.6909700126761184,1.0,1.0,1.0,0.871237505281716
1581,5777bfe33e865897,True,1.0,1.0,0.7058475647538216,1.0,1.0,1.0,0.8774364853140924
1582,7e9f20074e1b5e68,True,1.0,1.0,0.8867663836735923,1.0,1.0,1.0,0.9528193265306634
1583,61b15ca533845a97,True,1.0,1.0,0.9474880002411147,1.0,1.0,1.0,0.9781200001004645
1584,0dfdaa7ed7445e7c,True,1.0,1.0,0.7444965325527357,1.0,1.0,1.0,0.8935402218969731
1585,1d1dde59c417522f,True,1.0,0.0,0.0,1.0,1.0,1.0,0.0
1586,56a5e83ad14c558a,True,1.0,1.0,0.8044171862279096,1.0,1.0,1.0,0.9185071609282957
1587,3c448f4385bf58e1,True,1.0,1.0,1.0,1.0,1.0,1.0,1.0
1588,9f461cae559d5e15,True,1.0,1.0,0.9152413441053634,1.0,1.0,1.0,0.9646838933772347
1589,fdc126183c355692,True,1.0,1.0,1.0,1.0,1.0,1.0,1.0
1590,b9148aabf55250e9,True,1.0,1.0,0.6991837771881859,0.0,1.0,0.5,0.45799324049507745
1591,4299796c2c845718,True,1.0,1.0,0.7808960008233679,1.0,1.0,1.0,0.9087066670097367
1592,fb188ed7e53552c5,True,1.0,1.0,1.0,1.0,1.0,1.0,1.0
1593,202d0026e8ff5a3c,True,1.0,1.0,1.0,1.0,1.0,1.0,1.0
1594,d74329969d1155bf,True,1.0,1.0,0.9933358669972799,0.0,1.0,1.0,0.5805566112488666
1595,f313a28be30f5bd8,True,1.0,1.0,1.0,1.0,1.0,1.0,1.0
1596,253adcf13a3f5c15,True,0.0,1.0,0.0,1.0,1.0,1.0,0.0
1597,42160b555f2a5aa0,True,1.0,1.0,0.8228937787846201,1.0,1.0,1.0,0.9262057411602583
1598,b2f8e3b0a7a1565e,True,1.0,1.0,0.776321357274345,1.0,1.0,1.0,0.9068005655309771
1599,5c8f6ebe705d5013,True,1.0,1.0,0.12274249427676165,1.0,1.0,1.0,0.634476039281984
1600,90dbd48d165958cc,True,1.0,1.0,0.9467893065888262,1.0,1.0,1.0,0.9778288777453442
1601,847432a116d35db0,True,1.0,1.0,0.758203884705647,1.0,1.0,1.0,0.8992516186273529
1602,9e290b24dff55dff,True,1.0,1.0,0.6467672042040921,1.0,1.0,1.0,0.8528196684183716
1603,13fcb47bb63951e7,True,1.0,1.0,0.5364779571374034,1.0,1.0,1.0,0.8068658154739182
1604,a862b4e7cbc05869,True,1.0,1.0,1.0,1.0,1.0,1.0,1.0
1605,2649eb9e1a445b29,True,1.0,1.0,0.6117560371102708,1.0,1.0,1.0,0.8382316821292796
1606,e0e1551b09f15a74,True,1.0,1.0,0.6796512143297795,1.0,1.0,1.0,0.8665213393040748
1607,f4e2ec6e37535056,True,1.0,1.0,1.0,1.0,1.0,1.0,1.0
1608,9320c42b53b052f0,True,1.0,1.0,0.9221389397382752,1.0,1.0,1.0,0.9675578915576146
1609,9972c06c954b5770,True,1.0,1.0,1.0,0.0,1.0,1.0,0.5833333333333334
1610,0c38a8ace1f5548e,True,1.0,1.0,0.8712863785551247,1.0,1.0,1.0,0.9463693243979687
1611,fe55e4c568a753a9,True,1.0,1.0,0.9098272016338909,1.0,1.0,1.0,0.9624280006807879
1612,1b5521472b795718,True,1.0,1.0,1.0,0.0,1.0,1.0,0.5833333333333334
1613,1a0ce53e0a4755e5,True,1.0,1.0,0.8439794915029198,1.0,1.0,1.0,0.9349914547928831
1614,65e41bd322a25dd1,True,1.0,1.0,0.5502101881051394,1.0,1.0,1.0,0.8125875783771415
1615,fa9e58947ab65890,True,1.0,1.0,0.8615930460582182,1.0,1.0,1.0,0.9423304358575909
1616,550045c2be39530a,True,1.0,1.0,1.0,1.0,1.0,1.0,1.0
1617,2f260b8b9dee5b0c,True,1.0,1.0,1.0,1.0,1.0,1.0,1.0
1618,4bc122716deb519f,True,1.0,1.0,1.0,1.0,1.0,1.0,1.0
1619,19d9dc5184675c50,True,1.0,1.0,0.7089266248353193,1.0,1.0,1.0,0.8787194270147164
1620,2e7d8157798851f3,True,1.0,1.0,0.7905421886448303,1.0,1.0,1.0,0.9127259119353459
1621,36a7254be1af5120,True,1.0,1.0,0.9387777677651229,1.0,1.0,1.0,0.9744907365688013
1622,112cdade50865f4e,True,1.0,1.0,0.7411885014797752,1.0,1.0,1.0,0.8921618756165731
1623,5c883441084d58d7,True,1.0,0.0,0.0,0.0,1.0,1.0,0.0
1624,d4358e3962b758ce,True,1.0,1.0,0.8905082022217498,1.0,1.0,0.0,0.9543784175923958
1625,33ee6f1f594d50ca,True,1.0,1.0,1.0,1.0,1.0,1.0,1.0
1626,9f105aba36355fe1,True,1.0,1.0,0.81921183629954,1.0,1.0,1.0,0.9246715984581417
1627,1a243b05959f5787,True,1.0,1.0,0.7704391815975457,1.0,1.0,1.0,0.9043496589989773
1628,6cc0563c1a0d5c3a,True,1.0,1.0,0.7971504960182156,1.0,1.0,0.5,0.9154793733409231
1629,4dca385d371c57fb,True,1.0,1.0,0.7556993580737802,1.0,1.0,1.0,0.8982080658640751
1630,f33eaf7a7ddc5891,True,1.0,1.0,0.804994996478504,1.0,1.0,1.0,0.9187479151993768
1631,73c897c7de1454af,True,1.0,1.0,0.617977937386353,1.0,1.0,1.0,0.8408241405776472
1632,b1e09de4af085129,True,1.0,1.0,0.8011805421142272,1.0,1.0,1.0,0.9171585592142613
1633,11650e6f32715f8f,True,1.0,1.0,1.0,1.0,1.0,1.0,1.0
1634,434a1b5995365a33,True,1.0,1.0,0.797268871983764,1.0,1.0,1.0,0.9155286966599018
1635,53f1331b9dd45ffa,True,1.0,1.0,1.0,1.0,1.0,1.0,1.0
1636,6dca7faa6d145d77,True,1.0,1.0,0.9026484365594128,1.0,1.0,1.0,0.9594368485664221
1637,f064ef8fafcf5528,True,1.0,1.0,0.905849515466764,1.0,1.0,1.0,0.9607706314444849
1638,ac2da3da332b5a04,True,1.0,1.0,0.630929291650051,1.0,1.0,1.0,0.8462205381875213
1639,ead55e845b5f561d,True,1.0,1.0,1.0,1.0,1.0,1.0,1.0
1640,9bb20085732d5f8d,True,1.0,1.0,1.0,1.0,1.0,1.0,1.0
1641,b711cfd42ac55706,True,1.0,1.0,0.6362851362500705,1.0,1.0,1.0,0.8484521401041961
1642,24f29711e1a05cb5,True,1.0,1.0,1.0,1.0,1.0,1.0,1.0
1643,571c1c28470e5dcc,True,1.0,1.0,0.8731303143085897,1.0,1.0,1.0,0.9471376309619123
1644,e726c3ae361058c1,True,1.0,1.0,1.0,1.0,1.0,1.0,1.0
1645,dc2675fb11d6540d,True,1.0,1.0,0.8625371268356723,1.0,1.0,1.0,0.9427238028481968
1646,7d66b9b9d4df5fe8,True,1.0,1.0,0.6983138327730954,1.0,1.0,1.0,0.8742974303221231
1647,47a8cb60d2275feb,True,1.0,1.0,0.9459748709747449,1.0,1.0,1.0,0.9774895295728103
1648,e6a27e83c6025b68,True,1.0,1.0,0.8362278364906898,1.0,1.0,1.0,0.9317615985377875
1649,4b563d8a22145ed6,True,1.0,1.0,1.0,1.0,1.0,1.0,1.0
1650,3190b058710b520b,True,1.0,1.0,0.8790492476813309,1.0,1.0,1.0,0.9496038532005545
1651,f618df9b13b75f68,True,1.0,1.0,0.9593648162443994,1.0,1.0,1.0,0.9830686734351665
1652,b762ea96cfa75157,True,1.0,1.0,1.0,1.0,1.0,1.0,1.0
1653,5aae47691f185a21,True,1.0,1.0,0.8433739863379737,1.0,1.0,1.0,0.9347391609741557
1654,f8f7f1ebe2fc5bda,True,1.0,1.0,1.0,1.0,1.0,1.0,1.0
1655,3078139bae8e592d,True,1.0,1.0,0.9395246543850423,1.0,1.0,1.0,0.9748019393271009
1656,59b5e5a171965609,True,1.0,1.0,0.8939825797760461,1.0,1.0,1.0,0.9558260749066859
1657,995f8bcf61f95fad,True,1.0,1.0,0.9725413482236207,1.0,1.0,1.0,0.9885588950931753
1658,c6ef6a6fcd2c5466,True,1.0,1.0,0.9807239044870285,1.0,1.0,1.0,0.9919682935362619
1659,48a6621d92dd5be3,True,1.0,1.0,0.7995755762876139,1.0,1.0,1.0,0.9164898234531725
1660,b42b3012c31c5b03,True,1.0,1.0,1.0,1.0,1.0,1.0,1.0
1661,d69b6aacdd0459e3,True,1.0,1.0,1.0,1.0,1.0,1.0,1.0
1662,5f2aad4e03625d30,True,1.0,1.0,1.0,1.0,1.0,1.0,1.0
1663,f99992756cbb5adb,True,1.0,0.0,0.0,1.0,1.0,1.0,0.0
1664,eb527d130d8d5e33,True,1.0,1.0,0.8527751713372936,1.0,1.0,1.0,0.938656321390539
1665,87929fb304eb5bcc,True,1.0,1.0,0.8890502757859232,1.0,1.0,1.0,0.9537709482441347
1666,afe83cb6c0ae5f67,True,1.0,1.0,0.9542778425056693,1.0,1.0,1.0,0.9809491010440289
1667,b0b850e74a1e5bc7,True,1.0,1.0,1.0,1.0,1.0,1.0,1.0
1668,e4673b6cec6b521a,True,1.0,1.0,0.9846366476228567,1.0,1.0,1.0,0.9935986031761903
1669,4af64a41372d564f,True,1.0,1.0,0.804679903327055,1.0,1.0,1.0,0.9186166263862728
1670,2754e05ff9d35719,True,1.0,1.0,0.7619435345445725,1.0,1.0,1.0,0.9008098060602386
1671,368cb65e8fef57b7,True,1.0,1.0,0.6637983922894444,1.0,1.0,1.0,0.8599159967872684
1672,5d87c059eba15807,True,1.0,1.0,0.9037086583202385,1.0,1.0,1.0,0.9598786076334327
1673,1afdce6720e45022,True,1.0,0.0,0.0,1.0,1.0,1.0,0.0
1674,4196ab00e95e532d,True,1.0,1.0,0.8144471633573135,1.0,1.0,1.0,0.9226863180655472
1675,d2a40dbaca5750e4,True,1.0,1.0,0.6047142482687994,1.0,1.0,1.0,0.8352976034453331
1676,016d6a913efa5ff1,True,1.0,1.0,0.7898671049677317,1.0,1.0,1.0,0.9124446270698883
1677,f10d0ad9103c5495,True,1.0,1.0,0.9969379195011933,1.0,1.0,1.0,0.9987241331254971
1678,ab872f589011527d,True,0.0,1.0,0.0,0.0,1.0,1.0,0.0
1679,fe5bd33f199d5a64,True,1.0,1.0,0.8637551242198123,1.0,1.0,1.0,0.9432313017582551
1680,19a718729d3a5e37,True,1.0,1.0,1.0,1.0,1.0,1.0,1.0
1681,ea8ce810e307587d,True,1.0,1.0,0.8557428051326734,1.0,1.0,1.0,0.9398928354719472
1682,0d40059cfdf75e7a,True,1.0,1.0,0.9701774851032362,1.0,1.0,1.0,0.9875739521263484
1683,9482776d16a6551d,True,1.0,1.0,0.616500610752857,1.0,1.0,1.0,0.8402085878136903
1684,742456f4f1c65425,True,0.0,0.0,0.0,0.0,1.0,1.0,0.0
1685,41f86f5fb97d505c,True,1.0,1.0,0.7419176369423659,1.0,1.0,1.0,0.8924656820593192
1686,a08215e27d775f96,True,1.0,1.0,0.8899586185043556,1.0,1.0,1.0,0.9541494243768148
1687,3c3cc389d4ee512b,True,1.0,1.0,0.607370881252061,1.0,1.0,1.0,0.8364045338550254
1688,c63b3d251ef85a13,True,1.0,1.0,0.821798335848212,1.0,1.0,1.0,0.9257493066034218
1689,9e9e33077f375062,True,1.0,0.0,0.0,1.0,1.0,1.0,0.0
1690,629a5819ea0a55b8,True,1.0,1.0,0.7696300812039917,1.0,1.0,1.0,0.9040125338349965
1691,5a7acfd6f26553f9,True,1.0,1.0,1.0,1.0,1.0,1.0,1.0
1692,cdeb1bce85c45cb2,True,1.0,1.0,0.8928097221371475,1.0,1.0,1.0,0.9553373842238114
1693,566bd5e6d09153e0,True,1.0,1.0,1.0,1.0,1.0,1.0,1.0
1694,b641f849bdd55fd7,True,1.0,1.0,0.8716484253434527,1.0,1.0,1.0,0.9465201772264386
1695,9e898d5e24c1537e,True,1.0,1.0,0.7638040331609163,1.0,1.0,1.0,0.9015850138170484
1696,57af94e8290254bb,True,1.0,1.0,1.0,1.0,1.0,1.0,1.0
1697,ecf10edba55e5595,True,1.0,1.0,0.8854060995441011,1.0,1.0,1.0,0.9522525414767088
1698,4a6ab6e35934543a,True,1.0,1.0,0.9340301850270297,1.0,1.0,1.0,0.9725125770945957
1699,5dea796da1ce5b02,True,1.0,1.0,0.5230766571004758,1.0,1.0,1.0,0.8012819404585315
1700,cfc12b02334c5a15,True,1.0,1.0,0.8339078073649375,1.0,1.0,1.0,0.9307949197353906
1701,85159c024a355d8d,True,1.0,1.0,0.9499055049137605,1.0,1.0,1.0,0.9791272937140668
1702,bcbe67b78b825aec,True,1.0,1.0,1.0,1.0,1.0,1.0,1.0
1703,88ac42d0eaca5c57,True,1.0,1.0,1.0,1.0,1.0,1.0,1.0
1704,ac3411f9c2b8530e,True,1.0,1.0,1.0,1.0,1.0,1.0,1.0
1705,367967cea49c5dda,True,1.0,1.0,1.0,0.0,1.0,0.5,0.5833333333333334
1706,b8f2f60346035cb0,True,1.0,1.0,0.8039642942532538,1.0,1.0,1.0,0.9183184559388557
1707,789c2205e7865e94,True,1.0,1.0,0.8902160151210978,1.0,1.0,1.0,0.9542566729671241
1708,bf2a9740fda85514,True,1.0,1.0,0.7709288427207754,1.0,1.0,1.0,0.9045536844669897
1709,72e48f99d8265b71,True,1.0,0.0,0.0,1.0,1.0,0.0,0.0
1710,a8245437ee3d5dd7,True,1.0,0.0,0.0,1.0,1.0,1.0,0.0
1711,09832085301555df,True,1.0,1.0,1.0,1.0,1.0,1.0,1.0
1712,b2229456008c518d,True,1.0,1.0,0.60662287677705,1.0,1.0,1.0,0.8360928653237708
1713,b72042b4093250c8,True,1.0,1.0,1.0,1.0,1.0,1.0,1.0
1714,44c39701a6d65696,True,1.0,1.0,1.0,1.0,1.0,1.0,1.0
1715,1c064ec24fa15900,True,1.0,1.0,0.8530196835191441,1.0,1.0,1.0,0.93875820146631
1716,99213b077bdf516b,True,1.0,1.0,0.5076427623767692,1.0,1.0,1.0,0.7948511509903206
1717,bae779013dfe5537,True,1.0,1.0,0.7300001913722763,1.0,1.0,1.0,0.8875000797384485
1718,b1e78f926612520e,True,1.0,1.0,0.6708515586540827,1.0,1.0,1.0,0.8628548161058678
1719,988cf241460c557e,True,1.0,1.0,0.8278296205365059,1.0,1.0,1.0,0.9282623418902108
1720,c70cfaf737215fca,True,1.0,1.0,1.0,1.0,1.0,1.0,1.0
1721,fa5edfd430ba550d,True,1.0,1.0,0.8140495852622792,0.0,1.0,1.0,0.505853993859283
1722,1ff55a9fd29a5bf5,True,1.0,1.0,0.9277834446833002,1.0,1.0,1.0,0.9699097686180417
1723,ed896606c8d658fc,True,1.0,1.0,0.8817811352098432,1.0,1.0,1.0,0.9507421396707679
1724,c0c3f6eb7f445755,True,1.0,1.0,0.7883125263356593,1.0,1.0,1.0,0.9117968859731914
1725,a0ce26a6f335530d,True,1.0,1.0,1.0,1.0,1.0,1.0,1.0
1726,96a0bbef8c335c3e,True,1.0,1.0,1.0,1.0,1.0,1.0,1.0
1727,c719960a45715a9c,True,1.0,1.0,0.9988239352942607,1.0,1.0,1.0,0.9995099730392752
1728,4668c53b54255008,True,1.0,1.0,0.787534432127965,1.0,1.0,1.0,0.9114726800533187
1729,d016df0950fc5e69,True,1.0,1.0,0.7665524485068802,1.0,1.0,1.0,0.9027301868778667
1730,4d1e72e6a45853c3,True,1.0,1.0,0.9659123671469496,1.0,1.0,1.0,0.9857968196445622
1731,23fb1660b6985e05,True,1.0,1.0,0.8489625192170407,1.0,1.0,1.0,0.9370677163404336
1732,9215555823945665,True,1.0,1.0,0.8961886731287136,1.0,1.0,1.0,0.9567452804702974
1733,3c24bf88e9b150dd,True,1.0,1.0,0.9496540843091386,1.0,1.0,1.0,0.9790225351288077
1734,86877e183c4e5864,True,1.0,1.0,1.0,1.0,1.0,1.0,1.0
1735,b9db0f40e33853b3,True,1.0,1.0,0.7566594989423526,1.0,1.0,1.0,0.8986081245593137
1736,4e252b23d8935563,True,1.0,1.0,0.985374421496046,1.0,1.0,1.0,0.9939060089566859
1737,2e6dbcea86d555f4,True,1.0,1.0,0.8667949597011757,1.0,1.0,1.0,0.9444978998754898
1738,9bbf6e2211fb56d9,True,1.0,1.0,1.0,1.0,1.0,1.0,1.0
1739,08a8fc71ab1b57c2,True,1.0,1.0,1.0,0.0,1.0,1.0,0.5833333333333334
1740,7bfd8ff8489158cc,True,1.0,1.0,0.9383168026357827,1.0,1.0,1.0,0.9742986677649094
1741,37c816fee82753e3,True,0.0,1.0,0.0,0.0,1.0,1.0,0.0
1742,5fffee1a19495dc6,True,1.0,1.0,0.5763748813533902,1.0,1.0,1.0,0.8234895338972459
1743,07bc26f4b1735347,True,1.0,1.0,0.8002404881883045,1.0,1.0,1.0,0.9167668700784602
1744,2cce988d410654e2,True,1.0,1.0,0.8926641737564783,1.0,1.0,1.0,0.9552767390651993
1745,2c3e04a929b85f30,True,1.0,1.0,0.913169014424465,1.0,1.0,1.0,0.9638204226768604
1746,fc0a5277292352d9,True,1.0,1.0,0.9048003534885868,0.0,1.0,1.0,0.5436668139535779
1747,0f337f2c23215a9e,True,1.0,1.0,1.0,1.0,1.0,1.0,1.0
1748,cf3b2b1199045e08,True,1.0,0.0,0.0,1.0,1.0,0.5,0.0
1749,58857855de47556e,True,1.0,1.0,0.6482549079792604,1.0,1.0,1.0,0.8534395449913585
1750,0f3d66a03c5e500b,True,1.0,1.0,0.9951174208790045,1.0,1.0,1.0,0.9979655920329185
1751,0c3f741051575a36,True,1.0,1.0,0.8106804828126648,1.0,1.0,1.0,0.9211168678386104
1752,beb963305ad75bb3,True,1.0,1.0,1.0,1.0,1.0,1.0,1.0
1753,364dd4c7c4cf55cb,True,1.0,1.0,0.4996927391517011,1.0,1.0,1.0,0.7915386413132088
1754,976107b532bb5301,True,1.0,1.0,0.9512187251685736,1.0,1.0,1.0,0.9796744688202391
1755,a06eec37a0f058b2,True,1.0,1.0,0.8208684865363273,1.0,1.0,1.0,0.9253618693901364
1756,2d88ea430674513d,True,1.0,1.0,0.6229218191300011,1.0,1.0,1.0,0.8428840913041671
1757,1f54430427975391,True,1.0,1.0,0.5802341665012287,1.0,1.0,1.0,0.8250975693755119
1758,44f758bf2bee53ce,True,1.0,1.0,0.9882544444296368,1.0,1.0,1.0,0.9951060185123487
1759,989a085ea31e50ba,True,1.0,1.0,0.9055272565921509,1.0,1.0,1.0,0.9606363569133962
1760,d0afb786443a5659,True,1.0,1.0,0.775872811881482,1.0,1.0,1.0,0.9066136716172842
1761,173b456bbf29598f,True,1.0,1.0,0.840475745849805,1.0,1.0,1.0,0.9335315607707521
1762,52cb0688ae7c5bed,True,1.0,1.0,1.0,1.0,1.0,1.0,1.0
1763,ff60c00aba8b554e,True,1.0,1.0,0.720006370304096,1.0,1.0,1.0,0.8833359876267067
1764,0e2ed241aa315929,True,1.0,1.0,0.7829740199468173,1.0,1.0,1.0,0.9095725083111739
1765,254dee7f5f1f5f17,True,1.0,1.0,0.7613477011939784,1.0,1.0,1.0,0.9005615421641577
1766,1b6ca45027e3531c,True,1.0,1.0,0.8643831285879445,1.0,1.0,1.0,0.9434929702449768
1767,5a41a7f756c551ce,True,1.0,1.0,0.95264710416775,1.0,1.0,1.0,0.9802696267365625
1768,c41c11cf85b751e2,True,1.0,1.0,0.8758232311904216,1.0,1.0,1.0,0.9482596796626757
1769,ddc62293e7875556,True,1.0,1.0,1.0,1.0,1.0,1.0,1.0
1770,695cc61845975896,True,1.0,1.0,1.0,1.0,1.0,1.0,1.0
1771,d59310a4fd6e5fde,True,1.0,1.0,1.0,1.0,1.0,1.0,1.0
1772,a1e689b17ca65053,True,1.0,1.0,0.7205623029231095,1.0,1.0,1.0,0.8835676262179623
1773,cb71a934523a5d4a,True,1.0,1.0,0.905625820882409,1.0,1.0,1.0,0.9606774253676704
1774,f631a836a63855e0,True,1.0,1.0,0.8813053884280633,1.0,1.0,1.0,0.9505439118450264
1775,8feb2ae5cc2451c3,True,1.0,1.0,1.0,1.0,1.0,1.0,1.0
1776,082dba79a46d57b2,True,1.0,1.0,1.0,1.0,1.0,1.0,1.0
1777,402c9312982a5488,True,1.0,1.0,0.7813997001749056,1.0,1.0,1.0,0.908916541739544
1778,e04d45a55abd5fd5,True,1.0,1.0,1.0,1.0,1.0,1.0,1.0
1779,9c26c2cea984590f,True,1.0,1.0,0.9854451676830432,1.0,1.0,1.0,0.9939354865346014
1780,d849d3813e3052d0,True,1.0,1.0,0.8128664744604838,1.0,1.0,1.0,0.9220276976918682
1781,27a8d6913e5b557b,True,1.0,1.0,0.9332322168051611,1.0,1.0,1.0,0.9721800903354838
1782,c3e80fd14bce51a0,True,0.0,1.0,0.0,0.0,1.0,1.0,0.0
1783,09df1da0af885ddd,True,1.0,1.0,0.760198913571392,1.0,1.0,1.0,0.9000828806547467
1784,f35c6a6f6a1157b3,True,1.0,1.0,1.0,1.0,1.0,1.0,1.0
1785,4b7b765455d1517c,True,1.0,1.0,1.0,1.0,1.0,1.0,1.0
1786,455fdf27af915de2,True,1.0,1.0,1.0,1.0,1.0,1.0,1.0
1787,190808cc16cc53af,True,1.0,1.0,0.831792110776753,1.0,1.0,1.0,0.9299133794903138
1788,ab845dd1ff3c522d,True,1.0,1.0,0.8538214008450599,1.0,1.0,1.0,0.9390922503521083
1789,771a9923745f59c5,True,1.0,1.0,0.9840458818244502,1.0,1.0,1.0,0.9933524507601875
1790,310fcecd57a95e06,True,1.0,1.0,0.9010710301984969,1.0,1.0,1.0,0.9587795959160403
1791,abbfc957d5545f53,True,1.0,1.0,0.6934756090087402,1.0,1.0,1.0,0.8722815037536417
1792,d484aff53cd1589f,True,1.0,1.0,1.0,1.0,1.0,1.0,1.0
1793,8486dcafaee75d76,True,1.0,1.0,1.0,1.0,1.0,1.0,1.0
1794,7aaa1817f97e5e5e,True,1.0,1.0,1.0,1.0,1.0,1.0,1.0
1795,2601ffe0d2a056be,True,1.0,1.0,1.0,1.0,1.0,1.0,1.0
1796,6801df96fcdd5bd9,True,1.0,1.0,0.6906530810556479,1.0,1.0,1.0,0.8711054504398533
1797,bc93e095f13c54b2,True,1.0,1.0,1.0,1.0,1.0,1.0,1.0
1798,bf6e5d04e0d7576e,True,1.0,1.0,0.8564602483080812,1.0,1.0,1.0,0.9401917701283672
1799,33baec8b94e15a39,True,1.0,1.0,0.8625129286803316,1.0,1.0,1.0,0.9427137202834714
1800,249dd85ebaa65b9f,True,1.0,1.0,0.9397494627200746,1.0,1.0,1.0,0.9748956094666977
1801,ca18572aeb9755ba,True,1.0,1.0,0.680966832430605,1.0,1.0,1.0,0.8670695135127521
1802,40348970451a52e3,True,1.0,1.0,0.8813628197239828,1.0,1.0,1.0,0.9505678415516595
1803,fe8efa6c8dc4573e,True,1.0,1.0,0.8681451775954155,1.0,1.0,1.0,0.9450604906647565
1804,aaf90b3acdce5063,True,1.0,1.0,1.0,1.0,1.0,1.0,1.0
1805,69966a921d43544d,True,1.0,1.0,0.9977611811081979,0.0,1.0,1.0,0.5824004921284157
1806,b7205dc330035bf4,True,1.0,1.0,1.0,1.0,1.0,1.0,1.0
1807,b090f02ef43f5d41,True,1.0,1.0,0.6076467720781001,1.0,1.0,1.0,0.836519488365875
1808,0f186e17ed445c5a,True,1.0,1.0,0.8271049248723624,1.0,1.0,1.0,0.9279603853634844
1809,b09d0393d8095685,True,1.0,1.0,0.6938672075609849,1.0,1.0,1.0,0.872444669817077
1810,4c53f29ce2365ef1,True,1.0,1.0,1.0,1.0,1.0,1.0,1.0
1811,209069959e1d5531,True,1.0,1.0,0.8899223149981634,0.0,1.0,1.0,0.5374676312492347
1812,851ef663a5775acd,True,0.0,1.0,0.0,0.0,1.0,1.0,0.0
1813,fd4b31afd0915f92,True,1.0,0.0,0.0,1.0,1.0,1.0,0.0
1814,055417b420d5598f,True,1.0,1.0,0.7484061229353398,1.0,1.0,1.0,0.8951692178897249
1815,0c931f9db55e5fcc,True,1.0,1.0,0.09171860300836607,1.0,1.0,1.0,0.6215494179201525
1816,01d53ccf583c5a49,True,1.0,1.0,1.0,1.0,1.0,1.0,1.0
1817,2b4e72f733d35e89,True,1.0,1.0,1.0,1.0,1.0,1.0,1.0
1818,082988f40658562c,True,1.0,1.0,0.9887051443553607,1.0,1.0,1.0,0.9952938101480671
1819,3e09a3c33726545c,True,1.0,1.0,1.0,1.0,1.0,1.0,1.0
1820,6e5a14ce293c5ae8,True,1.0,1.0,1.0,1.0,1.0,1.0,1.0
1821,2302da9c486d5e3b,True,1.0,1.0,0.8235556660434799,1.0,1.0,1.0,0.9264815275181166
1822,2daa400892ce5a95,True,1.0,1.0,0.5506721029319,1.0,1.0,1.0,0.8127800428882916
1823,684a977a365b5e73,True,1.0,1.0,1.0,1.0,1.0,1.0,1.0
1824,46c94b5d7c89561c,True,1.0,1.0,0.8774574950605841,1.0,1.0,1.0,0.94894062294191
1825,09e2eda76fde54ae,True,1.0,1.0,0.9707105592457715,1.0,1.0,1.0,0.9877960663524048
1826,3ece2b5bbf095290,True,1.0,1.0,0.7916377397076171,1.0,1.0,1.0,0.9131823915448405
1827,790a5a0973815ab3,True,1.0,1.0,0.8687161715398029,1.0,1.0,1.0,0.9452984048082511
1828,507c91dd2444555e,True,1.0,1.0,0.8314250565998164,1.0,1.0,1.0,0.9297604402499235
1829,52d4fbbe8bd551dc,True,1.0,1.0,0.9093349337615435,1.0,1.0,1.0,0.9622228890673098
1830,4310513b861550dc,True,1.0,1.0,1.0,1.0,1.0,1.0,1.0
1831,5db9d1088a615a4b,True,1.0,1.0,1.0,1.0,1.0,1.0,1.0
1832,f07e9b76d6e0503d,True,1.0,0.0,0.0,1.0,1.0,1.0,0.0
1833,97d06e94283a5a65,True,1.0,1.0,0.7179705796980115,1.0,1.0,1.0,0.8824877415408382
1834,c65ad538a2275dd8,True,1.0,1.0,0.8891681943203906,1.0,1.0,1.0,0.9538200809668295
1835,3b10bf025bd65e4b,True,1.0,1.0,1.0,1.0,1.0,1.0,1.0
1836,ccf5fed938d95a04,True,1.0,1.0,1.0,1.0,1.0,1.0,1.0
1837,ab226645ee6f54aa,True,1.0,1.0,0.7645491570626397,1.0,1.0,0.5,0.9018954821094333
1838,53259c7d4d8952eb,True,1.0,0.0,0.0,1.0,1.0,0.5,0.0
1839,34a6eb93916e5962,True,1.0,1.0,0.8139954458727042,1.0,1.0,1.0,0.92249810244696
1840,0a06f8a3204d5e11,True,1.0,1.0,0.975196392463485,1.0,1.0,1.0,0.9896651635264521
1841,6a13232f3c97575a,True,1.0,0.0,0.0,1.0,1.0,1.0,0.0
1842,a247fa5eb7b454a4,True,1.0,1.0,0.9491070681863678,1.0,1.0,1.0,0.9787946117443199
1843,9bbdfa78ebc85eec,True,1.0,1.0,1.0,0.0,1.0,1.0,0.5833333333333334
1844,5016d5a7a87a538d,True,1.0,1.0,0.832496535087762,1.0,1.0,1.0,0.9302068896199008
1845,447e7b334e165460,True,1.0,1.0,0.9580821703003727,1.0,1.0,1.0,0.9825342376251553
1846,cb163ff9424a5aee,True,1.0,1.0,1.0,1.0,1.0,1.0,1.0
1847,98b99d5d44c05a5b,True,1.0,1.0,0.9833370294147018,1.0,1.0,1.0,0.993057095589459
1848,49e3bfda06d45f7e,True,1.0,1.0,0.9362839323242637,1.0,1.0,1.0,0.9734516384684433
1849,3953e2236a735999,True,1.0,1.0,0.6541348237792282,1.0,1.0,1.0,0.8558895099080117
1850,402f952c89ae550c,True,1.0,1.0,0.7118434908449461,1.0,1.0,1.0,0.8799347878520609
1851,cbec1eda814e5065,True,1.0,1.0,1.0,1.0,1.0,1.0,1.0
1852,60b3c9715d995c1d,True,1.0,1.0,0.9652803794928616,1.0,1.0,1.0,0.985533491455359
1853,ac0fb7997f4e5106,True,1.0,1.0,1.0,1.0,1.0,1.0,1.0
1854,aab1c6b4ac3d57a4,True,1.0,1.0,1.0,1.0,1.0,1.0,1.0
1855,96a228d4d055523a,True,1.0,0.0,0.0,1.0,1.0,1.0,0.0
1856,ef65f88fc1a55fdc,True,1.0,1.0,1.0,1.0,1.0,1.0,1.0
1857,bbde51f27b4455c2,True,1.0,1.0,0.8119604358968759,1.0,1.0,1.0,0.9216501816236983
1858,69575edb6db5507f,True,1.0,1.0,0.957583686805116,1.0,1.0,1.0,0.9823265361687983
1859,f19a48878cfe5bb0,True,1.0,1.0,0.7266018713127383,1.0,1.0,1.0,0.8860841130469743
1860,1ca03ed089925396,True,1.0,1.0,0.8943812542706981,1.0,1.0,1.0,0.9559921892794575
1861,f9df92352a5f53f2,True,1.0,1.0,1.0,1.0,1.0,1.0,1.0
1862,c21ec33e15b458a1,True,1.0,1.0,0.8230265514375824,1.0,1.0,1.0,0.9262610630989926
1863,a4bf921a024f551e,True,1.0,1.0,0.8159845272425559,1.0,1.0,1.0,0.9233268863510649
1864,994ab680895a55d2,True,1.0,1.0,0.9364996906185806,0.0,1.0,0.0,0.5568748710910753
1865,9b3a284d78f458f3,True,1.0,1.0,0.8261811967962672,1.0,1.0,1.0,0.9275754986651114
1866,5cfbf7afa66458c3,True,1.0,1.0,1.0,1.0,1.0,1.0,1.0
1867,ba63a9cd4e3f5129,True,1.0,0.0,0.0,1.0,1.0,1.0,0.0
1868,63c33ef5af265f74,True,1.0,1.0,0.6663153492573928,1.0,1.0,1.0,0.860964728857247
1869,552fd48bfce35a20,True,1.0,1.0,1.0,1.0,1.0,1.0,1.0
1870,aed9613a27115d52,True,1.0,1.0,0.8408457038778362,1.0,1.0,1.0,0.9336857099490984
1871,33cef4cafef9503b,True,1.0,1.0,0.6539570935498704,1.0,1.0,1.0,0.8558154556457792
1872,7cead15dfaab593e,True,1.0,1.0,0.7348574513744974,1.0,1.0,1.0,0.8895239380727072
1873,10db4b6fe64b5c10,True,0.0,0.0,0.0,0.0,1.0,0.5,0.0
1874,4abc4549b6d45891,True,1.0,1.0,1.0,1.0,1.0,1.0,1.0
1875,0b12ac5676875ade,True,1.0,1.0,0.8541748463742067,1.0,1.0,1.0,0.9392395193225861
1876,93b93c0235375b93,True,1.0,1.0,1.0,1.0,1.0,1.0,1.0
1877,dd6f3d80501c5026,True,1.0,0.0,0.0,1.0,1.0,0.0,0.0
1878,cde38b08b4a157f5,True,1.0,1.0,1.0,1.0,1.0,1.0,1.0
1879,b50b8f11d75a5cb0,True,1.0,1.0,1.0,1.0,1.0,1.0,1.0
1880,a0b0528663735dbd,True,0.0,1.0,0.0,0.0,1.0,1.0,0.0
1881,93ca181d363358eb,True,1.0,1.0,0.7194672420928967,1.0,1.0,1.0,0.8831113508720403
1882,2942d4fb604d5b5f,True,1.0,1.0,0.7374415376608073,1.0,1.0,1.0,0.8906006406920031
1883,f4544174530b5715,True,1.0,1.0,0.6239656072666472,1.0,1.0,1.0,0.8433190030277696
1884,0df6f24a95e75544,True,1.0,1.0,0.9158819646842007,1.0,1.0,1.0,0.9649508186184169
1885,64185eb977005752,True,1.0,1.0,1.0,1.0,1.0,1.0,1.0
1886,6704953640e55b83,True,1.0,0.0,0.0,1.0,1.0,1.0,0.0
1887,334c241ababf57ae,True,1.0,1.0,0.9455405737354773,1.0,1.0,1.0,0.9773085723897822
1888,af7ef7050e425cb9,True,1.0,0.0,0.0,1.0,1.0,1.0,0.0
1889,1dcac8bb6872533b,True,1.0,1.0,0.8199219663609318,1.0,1.0,1.0,0.9249674859837217
1890,c4d424c8f74e5b70,True,1.0,1.0,1.0,1.0,1.0,1.0,1.0
1891,50142143082f5c0e,True,1.0,1.0,1.0,1.0,1.0,1.0,1.0
1892,d93832e29afa5f8b,True,1.0,1.0,0.8425070483119318,1.0,1.0,1.0,0.9343779367966384
1893,c6c1dab6af9858f9,True,1.0,1.0,0.7956823738823734,1.0,1.0,1.0,0.9148676557843222
1894,0d7f280bf979592b,True,1.0,1.0,0.5746993641867898,1.0,1.0,1.0,0.8227914017444958
1895,132d1ec43fc058e1,True,1.0,1.0,0.9659214090630895,1.0,1.0,1.0,0.9858005871096207
1896,f9c8ec6aefc05be4,True,1.0,0.0,0.0,1.0,1.0,1.0,0.0
1897,31042b6e5c455b82,True,1.0,1.0,0.8774959232762743,1.0,1.0,1.0,0.9489566346984476
1898,fae7a01d5d815f04,True,1.0,1.0,0.9869955659848311,1.0,1.0,1.0,0.9945814858270129
1899,40c362dd278b5280,True,0.0,1.0,0.0,0.0,1.0,1.0,0.0
1900,74df22cda10a5cf9,True,1.0,1.0,1.0,1.0,1.0,1.0,1.0
1901,1013821ba47c55b3,True,1.0,1.0,0.9188115400167899,1.0,1.0,1.0,0.9661714750069957
1902,b31417a335cf5955,True,1.0,1.0,1.0,1.0,1.0,1.0,1.0
1903,da1a3756e4465c03,True,1.0,0.0,0.0,1.0,1.0,1.0,0.0
1904,8e9d920cd8595185,True,1.0,1.0,0.8201913569206253,1.0,1.0,1.0,0.9250797320502606
1905,6376b9b848385361,True,1.0,1.0,1.0,1.0,1.0,1.0,1.0
1906,b84c079a32635d34,True,1.0,1.0,0.7383105582222061,1.0,1.0,1.0,0.8909627325925858
1907,c0475666b2a55982,True,1.0,1.0,1.0,1.0,1.0,1.0,1.0
1908,09a859498436512e,True,1.0,1.0,1.0,1.0,1.0,1.0,1.0
1909,4511645a5e9a5bcd,True,1.0,0.0,0.0,1.0,1.0,0.5,0.0
1910,a159a54ad01d5f4f,True,1.0,1.0,0.8249550870578043,1.0,1.0,1.0,0.9270646196074184
1911,7db6a3bd77405292,True,1.0,1.0,1.0,1.0,1.0,1.0,1.0
1912,a681a147f3375cac,True,1.0,1.0,0.870991848383026,1.0,1.0,1.0,0.9462466034929274
1913,b7e9b4a46b9a5533,True,1.0,1.0,1.0,1.0,1.0,1.0,1.0
1914,4a9901b941be5695,True,1.0,1.0,0.8058357129228357,1.0,1.0,1.0,0.9190982137178482
1915,3e42abec9c495419,True,1.0,1.0,0.9234803826640848,1.0,1.0,1.0,0.9681168261100354
1916,09c56525e8e853a8,True,1.0,1.0,0.8652134537014794,1.0,1.0,1.0,0.9438389390422831
1917,cdd72f4a568a55a0,True,1.0,1.0,1.0,1.0,1.0,1.0,1.0
1918,3de31c78c86c52b7,True,1.0,1.0,0.9340274291153345,1.0,1.0,1.0,0.9725114287980561
1919,e973ce0e5d605df5,True,1.0,1.0,1.0,1.0,1.0,1.0,1.0
1920,4cf809416df6527e,True,1.0,1.0,1.0,1.0,1.0,1.0,1.0
1921,f5ebfa68c2315d0c,True,1.0,1.0,1.0,1.0,1.0,1.0,1.0
1922,42a04da3bc0351e1,True,1.0,1.0,0.7535361884705065,1.0,1.0,1.0,0.8973067451960444
1923,bfb583c3969950ba,True,1.0,1.0,0.7888046988386354,1.0,1.0,1.0,0.9120019578494314
1924,1b35b775c4a95647,True,1.0,1.0,1.0,1.0,1.0,1.0,1.0
1925,6316ea076a0e597f,True,1.0,1.0,0.8202661904955645,1.0,1.0,1.0,0.9251109127064853
1926,462ba3dea9fb590b,True,1.0,1.0,0.669176424416062,1.0,1.0,1.0,0.8621568435066925
1927,8636c755aabe5792,True,1.0,1.0,0.8131603767573768,1.0,1.0,1.0,0.9221501569822403
1928,889aac2576295c91,True,0.0,1.0,0.0,0.0,1.0,1.0,0.0
1929,71357a4fc5c65199,True,1.0,1.0,0.9739996085485235,1.0,1.0,1.0,0.9891665035618847
1930,68b64b027ed2512a,True,1.0,1.0,0.628885404736318,1.0,1.0,1.0,0.8453689186401325
1931,703aa650ece25a02,True,1.0,1.0,0.9878112483916631,1.0,1.0,1.0,0.9949213534965263
1932,abf38de966305279,True,1.0,1.0,0.8884050081288793,1.0,1.0,1.0,0.9535020867203663
1933,cbc6f9e782c950ad,True,1.0,1.0,1.0,1.0,1.0,1.0,1.0
1934,85005d733df9577f,True,1.0,1.0,1.0,1.0,1.0,1.0,1.0
1935,b65dbda85d085330,True,1.0,1.0,0.8371877593328809,1.0,1.0,1.0,0.9321615663887005
1936,7bbacd116bd75f85,True,1.0,1.0,0.916264613864327,1.0,1.0,1.0,0.9651102557768029
1937,b86df9a9f50e525a,True,1.0,1.0,0.6297374117025777,1.0,1.0,1.0,0.8457239215427407
1938,092e56d3db8b5e24,True,1.0,1.0,0.7100122521982427,1.0,1.0,1.0,0.8791717717492679
1939,803569f800575929,True,1.0,1.0,0.8140185402559613,1.0,1.0,1.0,0.9225077251066506
1940,68e2e4227c355dd9,True,1.0,1.0,0.6858663152899401,1.0,1.0,0.5,0.8691109647041418
1941,e7d1f889fc4d5309,True,1.0,1.0,1.0,1.0,1.0,1.0,1.0
1942,4e1e5dfc07e459cd,True,1.0,1.0,0.8485788204264527,1.0,1.0,1.0,0.9369078418443553
1943,71729b03a1e95896,True,1.0,1.0,0.7075250987609463,1.0,1.0,1.0,0.878135457817061
1944,81b8a8b98a655f0f,True,1.0,1.0,1.0,1.0,1.0,1.0,1.0
1945,12821eee232458b8,True,1.0,1.0,0.6684470473006126,1.0,1.0,1.0,0.8618529363752553
1946,3154180ecf9a5e67,True,1.0,1.0,0.8130325937525115,1.0,1.0,1.0,0.9220969140635464
1947,b2b73ef16f0a5a9f,True,1.0,1.0,1.0,1.0,1.0,1.0,1.0
1948,ff86cfb959e1545e,True,1.0,1.0,0.7441989641231004,1.0,1.0,1.0,0.8934162350512919
1949,fd9ae566c34f5acd,True,1.0,1.0,1.0,1.0,1.0,1.0,1.0
1950,15454d7562d45fe6,True,1.0,1.0,1.0,1.0,1.0,1.0,1.0
1951,015ef5e7f5a55db8,True,1.0,1.0,1.0,1.0,1.0,1.0,1.0
1952,75b0adddd02558ba,True,1.0,1.0,0.8854431710533018,1.0,1.0,1.0,0.9522679879388759
1953,442b2cf63c6f570a,True,1.0,1.0,0.6812044527336683,1.0,1.0,1.0,0.8671685219723617
1954,6e944f00e04c5f1c,True,1.0,1.0,0.8219055404578337,1.0,1.0,1.0,0.9257939751907641
1955,fa1a3ccade2e50bf,True,1.0,1.0,0.5136694217038194,1.0,1.0,1.0,0.7973622590432581
1956,2774b2c338a3500c,True,1.0,1.0,0.7759712081978442,1.0,1.0,1.0,0.906654670082435
1957,21fb4d702ea85f63,True,1.0,1.0,0.80106421614711,1.0,1.0,1.0,0.9171100900612958
1958,6058f9d8998e5a95,True,1.0,1.0,0.5612993027512531,1.0,1.0,1.0,0.8172080428130221
1959,d05f1fb1af98505d,True,1.0,1.0,0.6271449353287681,1.0,1.0,1.0,0.8446437230536534
1960,8723bbb08b8e5cc8,True,0.0,1.0,0.0,0.0,1.0,1.0,0.0
1961,87b8587f94c5549a,True,1.0,1.0,1.0,1.0,1.0,1.0,1.0
1962,826b4daba60a5648,True,1.0,1.0,0.6332120587125769,1.0,1.0,1.0,0.8471716911302404
1963,4b0be4847dd45b5c,True,1.0,1.0,0.6450978361960532,1.0,1.0,1.0,0.8521240984150221
1964,07d45fff78625de2,True,1.0,1.0,1.0,1.0,1.0,1.0,1.0
1965,a9c6cd5519815308,True,1.0,1.0,1.0,1.0,1.0,1.0,1.0
1966,18b76ccc45d25f5c,True,1.0,1.0,0.8709606446050621,1.0,1.0,0.0,0.9462336019187759
1967,8084b4b0d97b5d93,True,1.0,1.0,1.0,1.0,1.0,1.0,1.0
1968,ccb2ae93b23b5826,True,1.0,1.0,0.6779155692406539,1.0,1.0,1.0,0.8657981538502725
1969,dfb437fd895b5e96,True,1.0,1.0,1.0,1.0,1.0,1.0,1.0
1970,0c9105d8ad6a5f52,True,1.0,1.0,1.0,1.0,1.0,1.0,1.0
1971,c262c31769935486,True,0.5,0.0,0.0,0.0,1.0,1.0,0.0
1972,a071167fdae35f84,True,1.0,1.0,0.9370133973662921,1.0,1.0,1.0,0.973755582235955
1973,bb4f37403cea5b0e,True,1.0,1.0,0.6803784957791165,1.0,1.0,1.0,0.8668243732412986
1974,192220ae5c0a54a6,True,1.0,1.0,1.0,1.0,1.0,1.0,1.0
1975,3b5ea54bfd575d68,True,1.0,1.0,0.7768371647087241,1.0,1.0,1.0,0.9070154852953017
1976,f12f96257dce5e91,True,1.0,1.0,0.6913852967726918,1.0,1.0,1.0,0.8714105403219549
1977,7385c74727eb53b5,True,1.0,1.0,0.8945571234187326,1.0,1.0,1.0,0.9560654680911386
1978,a18d2b32f8415373,True,1.0,1.0,0.4745330052412068,1.0,1.0,1.0,0.7810554188505029
1979,d3cd01aa67de516f,True,1.0,1.0,0.7368910574823497,1.0,1.0,1.0,0.8903712739509789
1980,1559a9e324d6519d,True,1.0,1.0,0.9913953537045576,1.0,1.0,1.0,0.9964147307102323
1981,116a7c91c85d5b5d,True,1.0,1.0,0.9618988608881063,1.0,1.0,1.0,0.9841245253700442
1982,b7c9a2a8db7d5b48,True,1.0,1.0,0.8501905570117632,1.0,1.0,1.0,0.9375793987549014
1983,3af98cdf0bc35f44,True,1.0,1.0,0.6711009975259955,1.0,1.0,1.0,0.8629587489691648
1984,5b7d7e1a42c95cd7,True,1.0,0.0,0.0,1.0,1.0,1.0,0.0
1985,a425dd8a1b5552db,True,1.0,0.0,0.0,1.0,1.0,1.0,0.0
1986,4b98bb0bbbc75b1f,True,1.0,1.0,0.7687682060195736,1.0,1.0,1.0,0.9036534191748223
1987,d8d27319eb585277,True,1.0,1.0,1.0,1.0,1.0,1.0,1.0
1988,8de4253bc36f54df,True,1.0,0.0,0.0,1.0,1.0,0.0,0.0
1989,e727c1d090125d64,True,1.0,1.0,1.0,1.0,1.0,1.0,1.0
1990,e429babc45b05f4e,True,1.0,1.0,0.8980375085786496,1.0,1.0,1.0,0.9575156285744374
1991,c5972dc8ab5c5f70,True,1.0,1.0,1.0,1.0,1.0,1.0,1.0
1992,7ef36a2139b45d9a,True,1.0,1.0,1.0,1.0,1.0,1.0,1.0
1993,620f272061ea5f3a,True,1.0,1.0,1.0,1.0,1.0,1.0,1.0
1994,956bda5985a559f1,True,1.0,0.0,0.0,1.0,1.0,1.0,0.0
1995,835d02f9df8d5117,True,1.0,1.0,1.0,1.0,1.0,1.0,1.0
1996,ef300f8a9cf254bc,True,1.0,1.0,0.8566549172610536,1.0,1.0,1.0,0.9402728821921057
1997,225eb6e22af55972,True,1.0,1.0,1.0,1.0,1.0,1.0,1.0
1998,5b1954a42c2455e7,True,1.0,1.0,0.7507211720444643,1.0,1.0,1.0,0.8961338216851935
1999,fd9b227cec3d5c3f,True,1.0,1.0,0.9760278254603016,1.0,1.0,1.0,0.9900115939417923
2000,1f248c6b5f2f5234,True,1.0,1.0,1.0,1.0,1.0,1.0,1.0
2001,e0c6e5c235ed5b7b,True,1.0,1.0,0.8049050773827218,1.0,1.0,1.0,0.9187104489094674
2002,01226863089b5e1d,True,1.0,1.0,0.8956746296095679,1.0,1.0,1.0,0.9565310956706533
2003,a62a20e735805039,True,1.0,1.0,1.0,1.0,1.0,1.0,1.0
2004,7fded53ec049537a,True,1.0,1.0,1.0,1.0,1.0,1.0,1.0
2005,baef20f6b33e594e,True,1.0,1.0,1.0,1.0,1.0,1.0,1.0
2006,167063f69e8357d8,True,1.0,1.0,1.0,1.0,1.0,1.0,1.0
2007,7da9641127dd514b,True,1.0,1.0,0.5680024537981075,1.0,1.0,1.0,0.8200010224158781
2008,2a6936d84bda531f,True,1.0,1.0,1.0,1.0,1.0,1.0,1.0
2009,111174636b57539b,True,1.0,0.0,0.0,1.0,1.0,1.0,0.0
2010,1ed850327b905ebd,True,1.0,1.0,0.7091470809673728,1.0,1.0,1.0,0.8788112837364054
2011,78e3ba9d36dc59a0,True,1.0,1.0,0.9134521712629389,1.0,1.0,1.0,0.9639384046928913
2012,d6a60e406ebc5b01,True,1.0,1.0,1.0,1.0,1.0,1.0,1.0
2013,0a746c037a905da7,True,1.0,1.0,0.8075907863733756,1.0,1.0,1.0,0.9198294943222397
2014,d5ec09025a1e5a0d,True,1.0,1.0,1.0,1.0,1.0,1.0,1.0
2015,52c1d14554bb51f5,True,1.0,1.0,0.7034827425853853,1.0,1.0,1.0,0.8764511427439107
2016,d91edafc567a5fcc,True,1.0,1.0,0.8609576572035214,1.0,1.0,1.0,0.9420656905014672
2017,6e6d55e69a6a5d18,True,1.0,1.0,0.5476195119060748,1.0,1.0,1.0,0.8115081299608645
2018,c77bcde9378b551c,True,1.0,0.0,0.0,1.0,1.0,0.0,0.0
2019,e7a838e8611f56b0,True,1.0,1.0,0.8178565927269853,1.0,1.0,1.0,0.9241069136362438
2020,7c49f7aca6c05e2a,True,1.0,1.0,0.533027947101285,1.0,1.0,1.0,0.8054283112922022
2021,f35e97504024530b,True,1.0,1.0,1.0,1.0,1.0,1.0,1.0
2022,60b2a90a21b15e4a,True,1.0,1.0,1.0,1.0,1.0,1.0,1.0
2023,c16d0c6076ab5a85,True,1.0,1.0,1.0,1.0,1.0,1.0,1.0
2024,16ee6602bb5c5e99,True,1.0,1.0,1.0,1.0,1.0,1.0,1.0
2025,f33405d075755825,True,1.0,1.0,0.5405753029967161,1.0,1.0,1.0,0.8085730429152984
2026,226f50441ff35772,True,1.0,1.0,1.0,1.0,1.0,0.5,1.0
2027,db36572d530a5ed3,True,1.0,1.0,0.6884213069118574,1.0,1.0,1.0,0.8701755445466072
2028,63b91b18f46a5a96,True,1.0,1.0,1.0,1.0,1.0,1.0,1.0
2029,801f4878074a5a59,True,1.0,1.0,0.5710363660517159,1.0,1.0,1.0,0.8212651525215483
2030,e941bb5a630f58ae,True,1.0,1.0,0.6368183273032303,1.0,1.0,1.0,0.8486743030430125
2031,a38cf6735cfc5f54,True,1.0,1.0,0.7621245765598321,1.0,1.0,1.0,0.9008852402332633
2032,b4d40a7532c05cd0,True,1.0,1.0,0.5836821488474258,1.0,1.0,1.0,0.8265342286864273
2033,2352a994954555ba,True,1.0,1.0,1.0,1.0,1.0,1.0,1.0
2034,859b85899c105afc,True,1.0,1.0,1.0,1.0,1.0,1.0,1.0
2035,01b9125ad835592f,True,1.0,1.0,1.0,1.0,1.0,1.0,1.0
2036,9be9c9c84b625515,True,1.0,1.0,0.8241388667833548,1.0,1.0,1.0,0.9267245278263978
2037,229de058ec7b59bd,True,1.0,1.0,1.0,0.0,1.0,1.0,0.5833333333333334
2038,508209397e8f5714,True,1.0,1.0,0.7373978116057198,1.0,1.0,1.0,0.8905824215023833
2039,eb74b3c99b175bc1,True,1.0,1.0,0.9059199102643324,1.0,1.0,1.0,0.9607999626101386
2040,a75469eea7815984,True,1.0,1.0,1.0,1.0,1.0,1.0,1.0
2041,160d02b02f4d5f77,True,1.0,1.0,1.0,1.0,1.0,1.0,1.0
2042,31134bc6685c57ae,True,1.0,1.0,1.0,1.0,1.0,1.0,1.0
2043,1cddf5eb97425ac1,True,1.0,1.0,1.0,1.0,1.0,0.5,1.0
2044,e56f85ee56395a99,True,1.0,1.0,1.0,1.0,1.0,1.0,1.0
2045,88f3df2443c55e59,True,1.0,1.0,0.7963828049656152,1.0,1.0,1.0,0.9151595020690063
2046,2c79b7300d3a5219,True,1.0,1.0,1.0,1.0,1.0,1.0,1.0
2047,c5d626fc4b6c5efb,True,1.0,1.0,1.0,1.0,1.0,1.0,1.0
2048,f1106b0f8f745eae,True,1.0,1.0,0.7760699912409018,1.0,1.0,1.0,0.906695829683709
2049,2360cd7b0fd85480,True,1.0,1.0,1.0,1.0,1.0,1.0,1.0
2050,49f0872dbe1958e6,True,1.0,1.0,0.9445031730034062,1.0,1.0,1.0,0.9768763220847525
2051,4ef621a8318b5085,True,1.0,1.0,0.9629955771498696,1.0,1.0,0.5,0.9845814904791124
2052,50708f973eec5e38,True,1.0,1.0,0.7347213276309642,1.0,1.0,1.0,0.8894672198462351
2053,eb1315c4860c5189,True,1.0,0.0,0.0,1.0,1.0,1.0,0.0
2054,570967c07a8251a2,True,1.0,1.0,0.7573455006664324,1.0,1.0,1.0,0.8988939586110135
2055,7900d1167dfe5c24,True,1.0,0.0,0.0,1.0,1.0,0.5,0.0
2056,68ca75d95a615a5d,True,1.0,1.0,0.8717584051662313,1.0,1.0,1.0,0.9465660021525965
2057,cc7afdc5a1e95b5a,True,1.0,1.0,0.9748551615297659,1.0,1.0,1.0,0.9895229839707357
2058,e8d9bf10ffc95001,True,1.0,1.0,0.9762998922531331,1.0,1.0,1.0,0.9901249551054722
2059,2dca181fa97153a0,True,1.0,1.0,0.7540962074584162,1.0,1.0,1.0,0.8975400864410067
2060,01add9e74d3c5053,True,1.0,1.0,0.6272600614079066,1.0,1.0,1.0,0.8446916922532944
2061,2f6ef141a25657e5,True,1.0,1.0,0.8129140827625935,1.0,1.0,1.0,0.922047534484414
2062,64d046ec9cee51d4,True,1.0,1.0,0.6481388379865771,1.0,1.0,1.0,0.853391182494407
2063,0d63314a528159c9,True,1.0,0.0,0.0,1.0,1.0,1.0,0.0
2064,8b7722d516e553ba,True,1.0,1.0,1.0,1.0,1.0,1.0,1.0
2065,3e4c9c9e67545b03,True,1.0,1.0,0.6259426840082548,1.0,1.0,1.0,0.8441427850034394
2066,1c1086a1254c5c9e,True,1.0,1.0,0.8206842712365671,1.0,1.0,1.0,0.9252851130152363
2067,aaf9003e92855b6c,True,1.0,1.0,0.8638890036002618,1.0,1.0,1.0,0.9432870848334424
2068,19227b35432f567e,True,1.0,1.0,0.830014592885734,1.0,1.0,1.0,0.9291727470357225
2069,9fd28a8f6fd85254,True,1.0,1.0,0.7813848892181422,1.0,1.0,0.0,0.9089103705075593
2070,0cf22b3901945e24,True,1.0,1.0,0.7842394185931412,1.0,1.0,1.0,0.9100997577471421
2071,2150cda2905d51ca,True,1.0,1.0,1.0,1.0,1.0,1.0,1.0
2072,6f2459c4df665173,True,1.0,1.0,0.9679969407259643,1.0,1.0,0.5,0.9866653919691517
2073,b669576d14655afc,True,1.0,1.0,0.8127602908708265,1.0,1.0,1.0,0.921983454529511
2074,af6ce3c064fa5a56,True,1.0,0.0,0.0,1.0,1.0,0.5,0.0
2075,13cbee7dbb4853ec,True,1.0,1.0,1.0,1.0,1.0,1.0,1.0
2076,6ddd79643130526d,True,1.0,1.0,1.0,1.0,1.0,1.0,1.0
2077,f3f9b7c1f6e95b82,True,0.0,1.0,0.0,0.0,1.0,1.0,0.0
2078,381a23cb547c53fd,True,1.0,1.0,0.9433209699396402,1.0,1.0,1.0,0.97638373747485
2079,2335928f0e065bca,True,1.0,1.0,1.0,1.0,1.0,1.0,1.0
2080,d9b28b3ee70e57f2,True,1.0,1.0,1.0,1.0,1.0,1.0,1.0
2081,67bb26a522b45b5a,True,0.0,1.0,0.0,0.0,0.0,1.0,0.0
2082,3fb360a01b775e07,True,1.0,1.0,0.6534529214419671,1.0,1.0,1.0,0.855605383934153
2083,0aa18dd2372d5e11,True,1.0,1.0,1.0,1.0,1.0,1.0,1.0
2084,fe37acae391d507c,True,1.0,1.0,0.8625542310041733,1.0,1.0,1.0,0.9427309295850721
2085,a6229e66c0e656d8,True,1.0,1.0,0.900049523246488,1.0,1.0,1.0,0.9583539680193699
2086,aac7679545c75aed,True,1.0,1.0,0.909312477150118,1.0,1.0,1.0,0.9622135321458826
2087,48109ecc22f65d58,True,1.0,1.0,1.0,1.0,1.0,1.0,1.0
2088,19cee80b71525f86,True,1.0,1.0,0.8226028599555368,1.0,1.0,1.0,0.9260845249814738
2089,f17ee11904385731,True,1.0,1.0,0.8294880562147321,1.0,1.0,1.0,0.9289533567561383
2090,73ce0b2145845c71,True,1.0,1.0,0.5831476018672106,1.0,1.0,1.0,0.8263115007780044
2091,76031bb4f8f7566d,True,1.0,1.0,1.0,1.0,1.0,1.0,1.0
2092,de41a196a12e56d0,True,1.0,1.0,1.0,1.0,1.0,1.0,1.0
2093,82b3e6e3bfa15ecf,True,1.0,1.0,0.6835170780703593,1.0,1.0,1.0,0.8681321158626497
2094,a5851164f3ee5b71,True,1.0,1.0,0.8210618550581087,1.0,1.0,1.0,0.9254424396075454
2095,cf3b00d5d2b953d3,True,1.0,1.0,1.0,1.0,1.0,1.0,1.0
2096,33b5a72931215b30,True,1.0,1.0,1.0,1.0,1.0,1.0,1.0
2097,7686d88b5ae4513e,True,1.0,1.0,1.0,0.0,1.0,1.0,0.5833333333333334
2098,6743ebcc6f5259b8,True,1.0,1.0,0.6604045276689042,1.0,1.0,1.0,0.8585018865287101
2099,a41bdf91223654f7,True,1.0,1.0,0.981026586483402,1.0,1.0,1.0,0.9920944110347509
2100,15165972946050eb,True,1.0,1.0,0.905933490014556,1.0,1.0,1.0,0.9608056208393982
2101,ef91e3538f775238,True,1.0,1.0,0.9125312247250684,1.0,1.0,1.0,0.9635546769687785
2102,0fde069313a35062,True,1.0,0.0,0.0,1.0,1.0,1.0,0.0
2103,0abc30416c5a59cd,True,1.0,1.0,0.8462949007058089,1.0,1.0,1.0,0.9359562086274203
2104,5d5dfc678c9759a1,True,1.0,1.0,0.7620720206379484,1.0,1.0,1.0,0.9008633419324785
2105,23f0187033d658d9,True,1.0,1.0,0.958134891642289,1.0,1.0,1.0,0.9825562048509537
2106,7c33d9bd65e956e1,True,1.0,1.0,1.0,1.0,1.0,1.0,1.0
2107,da668c88a6ef562c,True,1.0,1.0,0.7989780130103764,1.0,1.0,1.0,0.9162408387543235
2108,38afc409029551e0,True,1.0,1.0,0.8467031183579439,1.0,1.0,1.0,0.9361262993158098
2109,cecd27d3ba0e54fd,True,1.0,1.0,0.7975895673719182,1.0,1.0,1.0,0.9156623197382993
2110,c6281b21b9015448,True,1.0,1.0,0.5512585571065692,1.0,1.0,1.0,0.8130243987944038
2111,7a146021c3485224,True,1.0,1.0,1.0,1.0,1.0,1.0,1.0
2112,8d0697930b5e5df0,True,1.0,1.0,0.6832397531888262,1.0,1.0,1.0,0.8680165638286775
2113,dd443a8a8d805e57,True,1.0,1.0,1.0,1.0,1.0,1.0,1.0
2114,fb62cea889d654ec,True,1.0,1.0,0.8521198498382921,1.0,1.0,1.0,0.9383832707659551
2115,c0be0cb86f2c5cf1,True,1.0,1.0,0.8617607521377773,1.0,1.0,1.0,0.9424003133907405
2116,f28cb1d6c0cf568f,True,1.0,1.0,0.8447037296045377,1.0,1.0,1.0,0.9352932206685574
2117,557fe4dc6b2a5c76,True,1.0,1.0,1.0,1.0,1.0,1.0,1.0
2118,9e79198b9fd559a1,True,1.0,1.0,1.0,1.0,1.0,1.0,1.0
2119,1f9d4228103950f8,True,1.0,1.0,0.6504343003743378,1.0,1.0,1.0,0.8543476251559742
2120,5655270788dc5fa3,True,1.0,1.0,0.6505768360735137,1.0,1.0,1.0,0.8544070150306307
2121,295b050f45615ad6,True,1.0,1.0,0.859229154907429,1.0,1.0,1.0,0.9413454812114287
2122,71c1fef0966d5df4,True,1.0,1.0,0.896161155338778,1.0,1.0,1.0,0.9567338147244908
2123,89ca9afebf9b5229,True,1.0,0.0,0.0,1.0,1.0,1.0,0.0
2124,5b707d3c85dd5ff0,True,1.0,0.0,0.0,1.0,1.0,1.0,0.0
2125,b989e46aae3a5332,True,1.0,1.0,1.0,1.0,1.0,1.0,1.0
2126,c653006470bf521f,True,1.0,1.0,1.0,1.0,1.0,1.0,1.0
2127,dbd898b3533f5ac5,True,1.0,1.0,0.7507150401169346,1.0,1.0,1.0,0.8961312667153895
2128,8d4601efa6b6581e,True,1.0,1.0,1.0,1.0,1.0,1.0,1.0
2129,60af77348f6257b6,True,1.0,1.0,0.5541012936624656,1.0,1.0,1.0,0.8142088723593607
2130,4c111cf640f258b4,True,1.0,1.0,0.9967915305692333,1.0,1.0,1.0,0.9986631377371805
2131,87339a4d32305504,True,1.0,1.0,0.8822576499625239,1.0,1.0,1.0,0.950940687484385
2132,5576401890e55a6e,True,1.0,1.0,1.0,1.0,1.0,1.0,1.0
2133,0ffe6d569128598a,True,1.0,1.0,0.8011535752362777,1.0,1.0,1.0,0.9171473230151156
2134,26eeb11cbcd9593b,True,1.0,1.0,1.0,1.0,1.0,1.0,1.0
2135,48ef77409741520d,True,1.0,1.0,0.9479001363538744,1.0,1.0,1.0,0.978291723480781
2136,e51779c52d7956bd,True,1.0,0.0,0.0,0.0,1.0,1.0,0.0
2137,a294ae1045875e02,True,1.0,1.0,0.9093268508277874,1.0,1.0,1.0,0.9622195211782447
2138,4543fc207fbb553e,True,1.0,1.0,0.7819018275154116,1.0,1.0,1.0,0.9091257614647548
2139,0324b2d1ca2e5b6e,True,1.0,1.0,1.0,1.0,1.0,1.0,1.0
2140,57960c0eaa6b554b,True,1.0,1.0,0.9313146667006311,1.0,1.0,1.0,0.9713811111252629
2141,fce6a1ea8fce5644,True,1.0,1.0,0.6453043377580836,1.0,1.0,1.0,0.8522101407325349
2142,945dafbf488554b7,True,1.0,1.0,0.859221594072865,1.0,1.0,1.0,0.9413423308636938
2143,3256f37c21915104,True,1.0,1.0,1.0,1.0,1.0,1.0,1.0
2144,7f396948993153fe,True,1.0,1.0,1.0,1.0,1.0,1.0,1.0
2145,958677976f9c5b0a,True,1.0,1.0,0.6829341865317153,1.0,1.0,1.0,0.8678892443882148
2146,83158ad924fc506c,True,1.0,1.0,1.0,1.0,1.0,1.0,1.0
2147,ed534c3b8d86515e,True,1.0,1.0,0.8606200851727773,1.0,1.0,1.0,0.9419250354886572
2148,83a4e663032f5c9a,True,1.0,1.0,0.5348383051767533,1.0,1.0,1.0,0.8061826271569806
2149,81c5dc6459f75000,True,1.0,1.0,0.8803914165498988,1.0,1.0,1.0,0.9501630902291245
2150,b683672d37cc5001,True,1.0,1.0,0.6944209212641697,1.0,1.0,1.0,0.8726753838600706
2151,2030d3a5ed675084,True,1.0,0.0,0.0,1.0,1.0,0.5,0.0
2152,b4aeb4bbd9035964,True,1.0,1.0,1.0,1.0,1.0,1.0,1.0
2153,ef11e35afed25326,True,1.0,1.0,0.7731853215257651,1.0,1.0,1.0,0.9054938839690688
2154,b3e8baac7b4d5e4a,True,1.0,0.0,0.0,1.0,1.0,1.0,0.0
2155,032ae6630661521a,True,1.0,1.0,1.0,0.0,1.0,1.0,0.5833333333333334
2156,314e2f70ce905b5e,True,1.0,1.0,1.0,1.0,1.0,1.0,1.0
2157,2d0334f7e7d75853,True,1.0,1.0,0.630523926609539,1.0,1.0,1.0,0.8460516360873079
2158,e244b2ddf97a57d6,True,1.0,1.0,0.7198885453434581,1.0,1.0,1.0,0.8832868938931075
2159,499f1df141b05d36,True,1.0,1.0,0.6829175198785744,1.0,1.0,1.0,0.867882299949406
2160,613c91adcbe55cd5,True,1.0,1.0,0.4873714216739842,1.0,1.0,0.5,0.7864047590308267
2161,330ca2e9aa935a3a,True,1.0,1.0,1.0,1.0,1.0,1.0,1.0
2162,d2853234152359b3,True,1.0,1.0,0.7458103250172401,1.0,1.0,1.0,0.89408763542385
2163,9aad3780bef85c98,True,1.0,1.0,1.0,1.0,1.0,1.0,1.0
2164,5f8eb8f944eb596c,True,1.0,1.0,1.0,1.0,1.0,1.0,1.0
2165,9d4e4e721d77503e,True,1.0,1.0,0.8516756935630833,1.0,1.0,1.0,0.9381982056512846
2166,3f80c1a045a056e4,True,1.0,1.0,0.7749542859276214,1.0,1.0,1.0,0.9062309524698423
2167,e443a0e9bbc75c69,True,1.0,1.0,0.7245685347942428,1.0,1.0,1.0,0.8852368894976012
2168,10d172af1ba359a2,True,1.0,1.0,0.8189016309205599,1.0,1.0,1.0,0.9245423462168999
2169,79efd3e82ef059b6,True,1.0,1.0,1.0,1.0,1.0,1.0,1.0
2170,792d9ff087745f33,True,1.0,1.0,1.0,1.0,1.0,1.0,1.0
2171,e46bb2932c0452b2,True,1.0,1.0,0.7258011408870488,1.0,1.0,1.0,0.8857504753696036
2172,3a31f6e6819d5ab2,True,1.0,1.0,0.9899450632704304,1.0,1.0,1.0,0.9958104430293461
2173,614c50b897445f89,True,1.0,1.0,0.8987978369179092,1.0,1.0,1.0,0.9578324320491287
2174,1623cbaee7295b13,True,1.0,1.0,1.0,1.0,1.0,1.0,1.0
2175,8926a4661fd05f7e,True,1.0,1.0,0.8009344829198638,1.0,1.0,1.0,0.9170560345499433
2176,75c7777c6f415535,True,1.0,0.0,0.0,1.0,1.0,1.0,0.0
2177,6b258d7ddf7d53f3,True,1.0,1.0,0.9452629133653122,1.0,1.0,1.0,0.9771928805688801
2178,3fb1b622b5e155cc,True,1.0,1.0,1.0,1.0,1.0,1.0,1.0
2179,c54227acd96156e1,True,1.0,1.0,0.8618804333466591,1.0,1.0,1.0,0.942450180561108
2180,4f61c0897822586c,True,1.0,1.0,1.0,1.0,1.0,1.0,1.0
2181,d5110a9cb2b352d5,True,1.0,1.0,0.6868391831682685,1.0,1.0,1.0,0.8695163263201119
2182,a0e9cbedca0a56b7,True,1.0,1.0,1.0,1.0,1.0,1.0,1.0
2183,ee380d59f0f450c6,True,1.0,1.0,0.8136960198098441,1.0,1.0,1.0,0.9223733415874351
2184,b541b6d67bad546d,True,1.0,1.0,1.0,1.0,1.0,1.0,1.0
2185,d78ce77ffdf75554,True,1.0,1.0,0.6962325694810719,1.0,1.0,1.0,0.87343023728378
2186,61b6aabef76153af,True,1.0,1.0,0.9095065832813802,1.0,1.0,1.0,0.9622944097005751
2187,36d7d1e453cf5158,True,1.0,1.0,1.0,1.0,1.0,1.0,1.0
2188,779852a1160f56f9,True,1.0,1.0,0.791407400708282,1.0,1.0,1.0,0.9130864169617842
2189,f86adcbec849574a,True,1.0,1.0,1.0,1.0,1.0,1.0,1.0
2190,1e92a7ac3d645cdd,True,0.0,1.0,0.0,0.0,1.0,1.0,0.0
2191,83ec4461559c5388,True,1.0,1.0,1.0,1.0,1.0,1.0,1.0
2192,dd2d7e23754e58d3,True,1.0,1.0,0.7946337478324585,1.0,1.0,1.0,0.9144307282635245
2193,410171a43ce453c2,True,1.0,1.0,1.0,1.0,1.0,1.0,1.0
2194,11c5f66a6657545d,True,1.0,1.0,0.8913342792641339,1.0,1.0,1.0,0.9547226163600557
2195,dac744da64d35664,True,1.0,1.0,0.8314109625201102,1.0,1.0,1.0,0.9297545677167126
2196,fcdc1e7c917e5283,True,1.0,1.0,0.803718787529441,1.0,1.0,1.0,0.9182161614706005
2197,dd6549a070e25b02,True,1.0,1.0,0.8572360463881996,1.0,1.0,1.0,0.9405150193284165
2198,fa39ec6686705dac,True,1.0,1.0,0.9307142369019414,1.0,1.0,1.0,0.9711309320424757
2199,8c7db74b9aef5a9e,True,1.0,1.0,1.0,1.0,1.0,1.0,1.0
2200,9cdaa8f652bf5a27,True,1.0,1.0,0.6963456882202838,1.0,1.0,1.0,0.8734773700917849
2201,e1e4717862d25d42,True,1.0,1.0,0.7116290306838766,1.0,1.0,1.0,0.8798454294516153
2202,bebbdf5c01b85cf1,True,1.0,1.0,0.8023063511074587,1.0,1.0,1.0,0.9176276462947746
2203,4b5fc0f1425c5288,True,1.0,1.0,1.0,1.0,1.0,1.0,1.0
2204,cd96f8a73c7a5d07,True,1.0,1.0,0.7139683340845974,1.0,1.0,1.0,0.8808201392019156
2205,639ed89313465584,True,1.0,1.0,1.0,1.0,1.0,1.0,1.0
2206,05f1c7e44f74538c,True,1.0,1.0,1.0,0.0,1.0,1.0,0.5833333333333334
2207,4b499c985f02545f,True,1.0,1.0,0.9192854585558751,1.0,1.0,1.0,0.9663689410649479
2208,9a1b2cdfbe7d56c0,True,1.0,1.0,0.750688723091064,1.0,1.0,1.0,0.8961203012879434
2209,a1d53677e05456b3,True,1.0,1.0,1.0,1.0,1.0,1.0,1.0
2210,875d89dc1f225205,True,1.0,0.0,0.0,1.0,1.0,1.0,0.0
2211,dda361f4db52537a,True,1.0,1.0,1.0,1.0,1.0,0.5,1.0
2212,83e42a2487695ac5,True,1.0,1.0,0.8634136280460837,1.0,1.0,1.0,0.9430890116858682
2213,5816a23cfee25d4e,True,1.0,1.0,1.0,1.0,1.0,1.0,1.0
2214,bf1fbbbc7f5d5c5d,True,1.0,1.0,0.8372727764177491,1.0,1.0,1.0,0.9321969901740621
2215,c04b59204ebe55f9,True,1.0,1.0,0.7209908422050483,1.0,1.0,1.0,0.8837461842521034
2216,c2cf3991e2e65486,True,1.0,1.0,1.0,1.0,1.0,1.0,1.0
2217,51d961409a285653,True,1.0,1.0,1.0,1.0,1.0,1.0,1.0
2218,dc3b040ef45c5094,True,0.5,1.0,0.4247425874043325,0.0,1.0,1.0,0.17182137237590264
2219,48183678cb965e68,True,1.0,1.0,0.6010852356789578,1.0,1.0,1.0,0.8337855148662324
2220,d2d63c8eb7545fc1,True,0.0,1.0,0.0,0.0,1.0,1.0,0.0
2221,ce3ff067f10b526b,True,0.0,1.0,0.0,0.0,1.0,0.5,0.0
2222,eefc84cb86d45529,True,1.0,1.0,0.8398415026352269,1.0,1.0,1.0,0.9332672927646778
2223,fe4e5fdf88195cfa,True,1.0,1.0,0.8382467433247645,1.0,1.0,1.0,0.9326028097186518
2224,4f7b03242ab05a2d,True,1.0,1.0,0.9369194589801765,1.0,1.0,1.0,0.9737164412417402
2225,4f21925f1a7c5983,True,1.0,1.0,0.7670140030199387,1.0,1.0,1.0,0.9029225012583079
2226,fdba4d15c05554e1,True,1.0,1.0,0.9041441949526691,1.0,1.0,1.0,0.9600600812302789
2227,608f33b279a15cfc,True,1.0,1.0,0.8660793414625482,1.0,1.0,1.0,0.944199725609395
2228,23ee5a5b9a1a550c,True,1.0,1.0,1.0,1.0,1.0,0.0,1.0
2229,6b8daf3b57175e70,True,1.0,1.0,1.0,1.0,1.0,1.0,1.0
2230,1678ddd4a18b5fd8,True,1.0,1.0,1.0,1.0,1.0,0.5,1.0
2231,3c3dfd5b93dc5f54,True,1.0,1.0,0.7696674141018719,1.0,1.0,1.0,0.9040280892091133
2232,e44a31dd99af5556,True,1.0,1.0,0.7608869159709545,1.0,1.0,1.0,0.9003695483212311
2233,e058b97f439c51c7,True,1.0,1.0,1.0,0.0,1.0,1.0,0.5833333333333334
2234,77761cd0edf15867,True,1.0,1.0,1.0,1.0,1.0,1.0,1.0
2235,34787bf8b0d95f31,True,1.0,1.0,1.0,1.0,1.0,1.0,1.0
2236,34ac200e359653b5,True,1.0,1.0,0.9240353832159719,1.0,1.0,1.0,0.9683480763399883
2237,cee52329bc8855af,True,1.0,1.0,0.8511044886925477,1.0,1.0,1.0,0.9379602036218948
2238,88518b03093d5036,True,1.0,1.0,1.0,1.0,1.0,1.0,1.0
2239,8c6aed532f8555cd,True,1.0,1.0,0.8658591295939595,1.0,1.0,1.0,0.9441079706641498
2240,8f9712da66485b70,True,1.0,1.0,0.8402150830925903,1.0,1.0,1.0,0.9334229512885793
2241,1e09c94f9cfb5fc9,True,1.0,1.0,1.0,1.0,1.0,1.0,1.0
2242,00c489998dd4555c,True,1.0,1.0,1.0,1.0,1.0,1.0,1.0
2243,5005f44bd2135f3b,True,1.0,1.0,0.8336095124445394,1.0,1.0,1.0,0.9306706301852247
2244,d6ec2a0b9fe25a58,True,1.0,1.0,1.0,1.0,1.0,1.0,1.0
2245,8b8466eb334f5957,True,1.0,1.0,0.8459129451085604,1.0,1.0,1.0,0.9357970604619
2246,971af37715285683,True,1.0,1.0,1.0,1.0,1.0,1.0,1.0
2247,14976ab056005044,True,1.0,1.0,0.8168187688050189,1.0,1.0,1.0,0.9236744870020912
2248,337a46b592e654da,True,1.0,1.0,0.9425679306930305,1.0,1.0,1.0,0.976069971122096
2249,7b2f3235b4cb5374,True,1.0,1.0,0.6488582814882033,1.0,1.0,1.0,0.8536909506200847
2250,6e79ddf19ead53f1,True,1.0,1.0,0.6366829918414869,1.0,1.0,1.0,0.8486179132672862
2251,de235386b6c65ebd,True,0.0,1.0,0.0,0.0,1.0,1.0,0.0
2252,eed926191448591a,True,1.0,1.0,1.0,1.0,1.0,1.0,1.0
2253,eb0a89861a32518e,True,1.0,1.0,0.9868547418760029,1.0,1.0,1.0,0.9945228091150012
2254,cf34e1f8d98f56ee,True,1.0,1.0,1.0,1.0,1.0,1.0,1.0
2255,82e6bac5509d5471,True,1.0,1.0,0.829033903817925,1.0,1.0,1.0,0.928764126590802
2256,3a243db0d1d15fcf,True,1.0,1.0,0.6713565117682934,1.0,1.0,1.0,0.8630652132367889
2257,335576eae9705bfc,True,1.0,1.0,0.7911464649464864,1.0,1.0,1.0,0.9129776937277027
2258,567469e556cf5e6b,True,1.0,1.0,0.744502576444722,1.0,1.0,1.0,0.8935427401853008
2259,90482225be14588c,True,1.0,1.0,0.9634502795778722,1.0,1.0,1.0,0.9847709498241134
2260,0aa8c67f04b75a41,True,1.0,1.0,0.9189687731343027,1.0,1.0,1.0,0.9662369888059595
2261,e6ff81ab83355450,True,1.0,1.0,0.9592353280894318,1.0,1.0,1.0,0.9830147200372633
2262,3b8cbe3ce6465e62,True,1.0,1.0,1.0,1.0,1.0,1.0,1.0
2263,5a5e81f1432a51a1,True,1.0,1.0,0.5342967061478322,1.0,1.0,1.0,0.8059569608949301
2264,2653ecf542e259fc,True,1.0,1.0,1.0,1.0,1.0,1.0,1.0
2265,160e6592389759c5,True,1.0,1.0,1.0,0.0,1.0,1.0,0.5833333333333334
2266,0e272e003af65a71,True,1.0,1.0,0.6149135919338818,1.0,1.0,1.0,0.8395473299724507
2267,e485bc6cdd285588,True,1.0,1.0,0.615898687386367,1.0,1.0,1.0,0.8399577864109862
2268,9c13995a8a285f90,True,1.0,1.0,1.0,1.0,1.0,1.0,1.0
2269,75a1c2654839522e,True,1.0,1.0,0.8825386033724346,1.0,1.0,1.0,0.9510577514051811
2270,67e6aea894f0568f,True,1.0,1.0,0.9392140554941193,1.0,1.0,1.0,0.9746725231225497
2271,342ae335113257f6,True,1.0,1.0,0.9112829443558235,1.0,1.0,1.0,0.9630345601482597
2272,7eb910e54ef55811,True,1.0,1.0,1.0,1.0,1.0,1.0,1.0
2273,33c321ae43da54c6,True,1.0,1.0,0.6991559278953193,1.0,1.0,1.0,0.8746483032897164
2274,d4278d63cd605813,True,1.0,1.0,0.8045526077947904,1.0,1.0,1.0,0.9185635865811627
2275,c159f0c331075464,True,1.0,1.0,1.0,1.0,1.0,1.0,1.0
2276,b94c811448e75d1c,True,1.0,1.0,1.0,1.0,1.0,1.0,1.0
2277,e7295df63d0751d2,True,1.0,1.0,1.0,1.0,1.0,1.0,1.0
2278,584a741051cd523f,True,1.0,1.0,0.7270944768327712,1.0,1.0,1.0,0.886289365346988
2279,4495218e41b35f25,True,1.0,1.0,1.0,1.0,1.0,1.0,1.0
2280,771c4e378bef58e4,True,1.0,1.0,1.0,1.0,1.0,1.0,1.0
2281,4865eea1e54c5a8e,True,1.0,1.0,0.8680391689008898,1.0,1.0,1.0,0.9450163203753709
2282,b60f0f172ace5051,True,1.0,1.0,0.7650674853970142,1.0,1.0,1.0,0.9021114522487559
2283,350a93fe67645bf1,True,1.0,1.0,0.740035963499804,1.0,1.0,1.0,0.8916816514582516
2284,143420292ce554f6,True,1.0,1.0,1.0,1.0,1.0,1.0,1.0
2285,0d145fab90475c8f,True,1.0,1.0,0.8395337586785971,1.0,1.0,1.0,0.9331390661160821
2286,13d1fc5b0ccd5abb,True,1.0,1.0,0.9091650262411793,1.0,1.0,1.0,0.9621520942671581
2287,268ed4d63bb85cae,True,1.0,1.0,0.9613176654302149,1.0,1.0,1.0,0.9838823605959229
2288,df4bfb41bc3b5ded,True,1.0,0.0,0.0,1.0,1.0,1.0,0.0
2289,ca7c752bcdfa5e4d,True,1.0,1.0,1.0,1.0,1.0,1.0,1.0
2290,f36969fd00f15050,True,1.0,1.0,1.0,1.0,1.0,1.0,1.0
2291,f233f263a7e75621,True,1.0,1.0,1.0,1.0,1.0,1.0,1.0
2292,802ea08c7ae1530a,True,1.0,1.0,1.0,1.0,1.0,1.0,1.0
2293,ed2103838dae5993,True,1.0,1.0,0.8548889836129872,1.0,1.0,1.0,0.9395370765054114
2294,893455c02e16508b,True,1.0,1.0,0.9397383653242848,1.0,1.0,1.0,0.9748909855517853
2295,43a4f01072795345,True,1.0,1.0,1.0,1.0,1.0,1.0,1.0
2296,b8d4a8d9b16859d4,True,1.0,1.0,0.91979227370118,1.0,1.0,1.0,0.9665801140421584
2297,9147a0ae2bf751c8,True,1.0,1.0,0.767214850314527,1.0,1.0,1.0,0.9030061876310529
2298,e49a1ec4a5af596b,True,1.0,1.0,0.7705289230841786,1.0,1.0,1.0,0.9043870512850744
2299,5a03ac06c53d5b19,True,1.0,1.0,1.0,1.0,1.0,1.0,1.0
2300,a5be642219735a49,True,1.0,1.0,0.9082508463425857,1.0,1.0,1.0,0.9617711859760774
2301,cfb9e8d047515e4c,True,1.0,1.0,0.7129284471428158,1.0,1.0,1.0,0.8803868529761733
2302,f9de30ccbddd50dc,True,1.0,1.0,1.0,1.0,1.0,1.0,1.0
2303,6104f0887cc25767,True,1.0,1.0,1.0,1.0,1.0,1.0,1.0
2304,f863be1a4d1d5e96,True,1.0,1.0,0.8312812953373294,1.0,1.0,1.0,0.9297005397238873
2305,9369b11c1f5857e8,True,1.0,1.0,0.6766026653338347,1.0,1.0,1.0,0.8652511105557644
2306,603d4a913f315a41,True,1.0,1.0,1.0,1.0,1.0,1.0,1.0
2307,0370ac4af44a5bfc,True,1.0,1.0,0.5348622643385688,1.0,1.0,1.0,0.8061926101410704
2308,d232efb9cc535426,True,1.0,1.0,0.6092528474660026,1.0,1.0,1.0,0.8371886864441679
2309,055c41d3c8e75bdc,True,1.0,1.0,0.8151334738619228,1.0,1.0,1.0,0.9229722807758011
2310,ceea7304846852b9,True,1.0,1.0,0.8153210478609895,1.0,1.0,1.0,0.9230504366087455
2311,69e3344606a55c73,True,1.0,1.0,0.9963284162572299,1.0,1.0,1.0,0.9984701734405125
2312,9e7ae0e0f04255fa,True,0.0,1.0,0.0,0.0,1.0,0.0,0.0
2313,3f54d4297dc459c3,True,1.0,1.0,1.0,1.0,1.0,1.0,1.0
2314,a87eceb632f253c7,True,1.0,1.0,0.8922899756695376,1.0,1.0,1.0,0.9551208231956406
2315,9b79840e85be5c10,True,1.0,1.0,1.0,1.0,1.0,1.0,1.0
2316,2cc526803c3250c9,True,1.0,1.0,0.8780356412203595,1.0,1.0,1.0,0.9491815171751498
2317,2fb759c52be35681,True,1.0,1.0,0.8476488346616359,1.0,1.0,1.0,0.9365203477756815
2318,2115792748a75f88,True,1.0,1.0,1.0,0.0,1.0,1.0,0.5833333333333334
2319,1633456bc3ec569d,True,1.0,1.0,1.0,1.0,1.0,1.0,1.0
2320,dd30198e0e6b5bd8,True,1.0,1.0,1.0,1.0,1.0,1.0,1.0
2321,95448c5ace9e5a22,True,1.0,1.0,1.0,1.0,1.0,1.0,1.0
2322,346f28fb35365c73,True,1.0,1.0,0.8036129457143165,1.0,1.0,1.0,0.9181720607142986
2323,795d49f6b8ec5f69,True,1.0,1.0,0.8560494224720923,1.0,1.0,1.0,0.9400205926967051
2324,e9c2b75226b85cfe,True,1.0,1.0,1.0,1.0,1.0,1.0,1.0
2325,31013d67978e5284,True,1.0,1.0,0.8066776487342083,1.0,1.0,1.0,0.9194490203059201
2326,ff6f020133855f6a,True,1.0,1.0,1.0,1.0,1.0,0.5,1.0
2327,1faa10d7c34553d2,True,1.0,1.0,0.8285401733186607,1.0,1.0,1.0,0.9285584055494419
2328,a19a97133a285e39,True,1.0,1.0,1.0,1.0,1.0,1.0,1.0
2329,7f47c3fca9075a31,True,1.0,1.0,0.803683616139472,1.0,1.0,1.0,0.9182015067247801
2330,4cfe4dc173bb5e2e,True,0.0,0.0,0.0,0.0,1.0,0.0,0.0
2331,a38bd3c8068d5ebb,True,1.0,1.0,1.0,1.0,1.0,1.0,1.0
2332,58dcca6583f6599e,True,1.0,1.0,0.8585803712819216,1.0,1.0,1.0,0.9410751547008006
2333,71adcc94aa6856a6,True,1.0,1.0,0.16237444089577402,1.0,1.0,1.0,0.6509893503732392
2334,b66f066aad62515e,True,1.0,1.0,0.8590530415101397,1.0,1.0,1.0,0.941272100629225
2335,60a62673dd78534c,True,1.0,1.0,0.7940684703316693,1.0,1.0,1.0,0.9141951959715288
2336,1a0f27ced7e056f6,True,1.0,1.0,1.0,1.0,1.0,1.0,1.0
2337,c16f84d1251552af,True,1.0,0.0,0.0,1.0,1.0,1.0,0.0
2338,ade979d99d51517f,True,1.0,1.0,1.0,1.0,1.0,1.0,1.0
2339,17d8604b0bc65ce5,True,1.0,1.0,0.11249664080565804,1.0,1.0,1.0,0.6302069336690242
2340,c538fa98187053d8,True,1.0,1.0,1.0,1.0,1.0,1.0,1.0
2341,ddc25b8617cb5aa0,True,1.0,1.0,0.9606822614368199,1.0,1.0,1.0,0.9836176089320082
2342,f8331125139c53d2,True,1.0,1.0,0.9364542055968313,1.0,1.0,1.0,0.9735225856653464
2343,7a754395c711541c,True,1.0,1.0,0.7811423189114107,1.0,1.0,1.0,0.9088092995464212
2344,40884b7d89be5e0b,True,1.0,1.0,0.7713097267712239,1.0,1.0,1.0,0.9047123861546766
2345,80ae852346955098,True,1.0,1.0,0.7238114915514491,1.0,1.0,1.0,0.8849214548131038
2346,9ab5654cfc9f5724,True,1.0,1.0,1.0,0.0,1.0,1.0,0.5833333333333334
2347,c2156c6760fd55b5,True,1.0,1.0,1.0,1.0,1.0,0.5,1.0
2348,2a3a3e232e86560b,True,1.0,1.0,0.8699189402456767,1.0,1.0,1.0,0.9457995584356986
2349,e993f3cb1dd051df,True,1.0,1.0,1.0,1.0,1.0,1.0,1.0
2350,c33832506a165cd3,True,1.0,1.0,0.7378759755334479,1.0,1.0,1.0,0.8907816564722699
2351,a83d8c6015e85622,True,1.0,1.0,0.7871135078795191,1.0,1.0,1.0,0.9112972949497996
2352,4e3f39fa6dfc5d12,True,1.0,1.0,0.8993351896531447,1.0,1.0,1.0,0.9580563290221437
2353,94f5959417f75349,True,1.0,1.0,0.8447370836544629,1.0,1.0,1.0,0.9353071181893595
2354,5b6e0702773c5bdb,True,1.0,1.0,0.8024120815898828,1.0,1.0,1.0,0.9176717006624511
2355,597f506bb5fd5a83,True,1.0,1.0,1.0,1.0,1.0,1.0,1.0
2356,e0b9f01f36d75552,True,1.0,1.0,0.7289829983352534,1.0,1.0,1.0,0.8870762493063555
2357,990d981b1366595b,True,1.0,1.0,0.7229615465209851,1.0,1.0,1.0,0.8845673110504104
2358,d14f03fdfc1d5d54,True,1.0,1.0,0.8563447683234359,1.0,1.0,1.0,0.9401436534680983
2359,7af0e9b8a12056e8,True,1.0,0.0,0.0,1.0,1.0,1.0,0.0
2360,35234d714b5d5da9,True,1.0,0.0,0.0,1.0,1.0,1.0,0.0
2361,5e2b839cccb95921,True,1.0,1.0,0.9829618520736864,1.0,1.0,0.5,0.9929007716973693
2362,43768792861e5c7e,True,1.0,1.0,0.7848377820093327,1.0,1.0,1.0,0.9103490758372219
2363,8b53a14edf305638,True,1.0,1.0,1.0,1.0,1.0,1.0,1.0
2364,7288ac3781fd51a8,True,1.0,1.0,1.0,1.0,1.0,1.0,1.0
2365,ec3969afeb945ddb,True,1.0,1.0,0.7499833900507696,0.0,1.0,0.5,0.47915974585448734
2366,059ce0fdfc67544c,True,1.0,1.0,0.8276430486427272,1.0,1.0,1.0,0.9281846036011364
2367,18a85f2812b45525,True,1.0,1.0,1.0,1.0,1.0,1.0,1.0
2368,b7d52a0a64825b14,True,1.0,1.0,1.0,1.0,1.0,1.0,1.0
2369,09be81c492625fd5,True,1.0,1.0,0.7195619040213724,1.0,1.0,1.0,0.8831507933422386
2370,fb4a03d7f9395b9a,True,1.0,1.0,0.7497901093610503,1.0,1.0,1.0,0.8957458789004376
2371,e95b2a30d9f456e2,True,1.0,1.0,1.0,1.0,1.0,1.0,1.0
2372,7ed454741a7f54d5,True,1.0,1.0,0.8867856463078269,1.0,1.0,1.0,0.9528273526282612
2373,a1ac8820c36e51c3,True,1.0,1.0,1.0,1.0,1.0,1.0,1.0
2374,34c872c16eb0577c,True,1.0,1.0,1.0,1.0,1.0,1.0,1.0
2375,cbf41000a2105ca1,True,1.0,1.0,0.6844049171543544,1.0,1.0,1.0,0.8685020488143144
2376,7fa02fbd7287526f,True,1.0,1.0,0.8669645602920197,1.0,1.0,1.0,0.9445685667883416
2377,d382617fe91a5c5d,True,1.0,1.0,0.5683676715441863,1.0,1.0,1.0,0.8201531964767442
2378,c2aa6f44aad45549,True,0.5,0.0,0.0,0.0,1.0,0.0,0.0
2379,b83ed953a4105ddc,True,1.0,1.0,1.0,1.0,1.0,1.0,1.0
2380,3361cb5b061556d0,True,1.0,1.0,0.6359514450343879,1.0,1.0,1.0,0.8483131020976616
2381,9c42f5a9d56c5ebf,True,1.0,1.0,0.7918331965199891,1.0,1.0,1.0,0.9132638318833287
2382,6bf9b9cf5ae25aba,True,1.0,1.0,0.7073684874070437,1.0,1.0,1.0,0.8780702030862683
2383,6d540c863075575c,True,1.0,1.0,0.979131287560126,1.0,1.0,1.0,0.9913047031500525
2384,61768c493892576d,True,1.0,1.0,0.6318422118976028,1.0,1.0,1.0,0.8466009216240011
2385,0b4617cb0ac15035,True,1.0,1.0,0.8483613308960677,1.0,1.0,1.0,0.9368172212066949
2386,652e91c4f9b1505a,True,1.0,0.0,0.0,0.0,1.0,1.0,0.0
2387,40e9f6044a485b14,True,1.0,1.0,1.0,1.0,1.0,0.5,1.0
2388,2d7a04e2df2d5bd3,True,1.0,1.0,0.8669062127933546,1.0,1.0,1.0,0.9445442553305643
2389,a0e0603db4105ad9,True,1.0,1.0,1.0,1.0,1.0,1.0,1.0
2390,cf12097663665430,True,1.0,1.0,0.5398120163721888,1.0,1.0,1.0,0.8082550068217453
2391,fa0f2e54ad7259b0,True,1.0,1.0,0.9641275724537636,1.0,1.0,1.0,0.9850531551890681
2392,d9fac9fdd2bd5036,True,1.0,1.0,1.0,0.0,1.0,1.0,0.5833333333333334
2393,1e15c5256da5549a,True,1.0,1.0,1.0,1.0,1.0,1.0,1.0
2394,37d8b3ca81905645,True,1.0,1.0,1.0,1.0,1.0,1.0,1.0
2395,0ad9939a6b875bf8,True,1.0,1.0,0.6341318951895388,1.0,1.0,1.0,0.8475549563289745
2396,616439dd808d57f1,True,1.0,1.0,1.0,1.0,1.0,1.0,1.0
2397,6d83f0adc26e5ee5,True,1.0,1.0,0.5575485618774724,1.0,1.0,1.0,0.8156452341156135
2398,e7b0fe1f4b13597c,True,1.0,1.0,1.0,1.0,1.0,1.0,1.0
2399,ac140df715d5573b,True,1.0,1.0,0.8326572653402508,1.0,1.0,1.0,0.9302738605584379
2400,3ce3c32cb4655d3d,True,1.0,1.0,1.0,1.0,1.0,1.0,1.0
2401,326bf8cbf6375f03,True,1.0,1.0,0.9572319079641456,1.0,1.0,1.0,0.9821799616517274
2402,068a26b124475a4a,True,1.0,1.0,1.0,1.0,1.0,1.0,1.0
2403,c3d78ec633fa57be,True,1.0,1.0,1.0,1.0,1.0,1.0,1.0
2404,49b32cb088ae53fe,True,1.0,1.0,0.5728422952369465,1.0,1.0,1.0,0.8220176230153943
2405,bd06d301fe645a28,True,1.0,1.0,0.8188182045745459,1.0,1.0,1.0,0.924507585239394
2406,82521f61cf965167,True,1.0,1.0,0.7750935342681564,1.0,1.0,1.0,0.9062889726117319
2407,08dad3e5005658df,True,1.0,1.0,0.6019790103910257,1.0,1.0,1.0,0.8341579209962607
2408,3486294123695bed,True,1.0,1.0,0.7951616934511379,1.0,1.0,1.0,0.9146507056046408
2409,6389fb6f9d675e3b,True,1.0,1.0,0.7600696262744664,1.0,1.0,1.0,0.9000290109476943
2410,28c5e10661025e5f,True,1.0,1.0,0.8818285841143457,1.0,1.0,1.0,0.950761910047644
2411,fa4e4826f5585647,True,1.0,1.0,0.7827156926219231,1.0,1.0,1.0,0.9094648719258013
2412,ee9615c4b10d5ec9,True,1.0,1.0,1.0,1.0,1.0,1.0,1.0
2413,3cd95c48caa05aaa,True,1.0,1.0,0.7372568241330197,1.0,1.0,1.0,0.8905236767220917
2414,1e73524ff61b5a70,True,1.0,1.0,0.9627777929267579,1.0,1.0,1.0,0.9844907470528158
2415,28e28842e3d759da,True,1.0,1.0,0.9564613125250727,1.0,1.0,1.0,0.9818588802187803
2416,551ce60633b65fd0,True,1.0,1.0,0.8773838602298001,1.0,1.0,1.0,0.9489099417624166
2417,f8c4bf250c1c512c,True,1.0,1.0,0.8878041889098605,1.0,1.0,1.0,0.9532517453791085
2418,61e104b6c5d35dc6,True,1.0,1.0,0.7499204304851667,1.0,1.0,1.0,0.8958001793688194
2419,16d3b353ffe650de,True,1.0,1.0,0.6335117010181537,1.0,1.0,1.0,0.8472965420908974
2420,d4ac0a1865ac5c25,True,1.0,1.0,1.0,1.0,1.0,1.0,1.0
2421,baa0c0c3397d5ed5,True,1.0,1.0,0.8661603011399187,1.0,1.0,1.0,0.9442334588082995
2422,7d399fe8e4335fc3,True,1.0,1.0,0.7783308616638147,1.0,1.0,1.0,0.9076378590265893
2423,8dda399c53aa5be8,True,1.0,1.0,0.9647155132917493,1.0,1.0,1.0,0.9852981305382289
2424,227d62f5dfd95624,True,1.0,1.0,1.0,1.0,1.0,0.5,1.0
2425,cb02d1e1315a5e67,True,1.0,1.0,0.9571634836317892,0.0,1.0,1.0,0.5654847848465788
2426,9e522849163c53b8,True,1.0,1.0,0.7157980881074559,1.0,1.0,1.0,0.8815825367114399
2427,cc2587bf27c75cc2,True,1.0,1.0,1.0,1.0,1.0,1.0,1.0
2428,9e20b3d7da855668,True,1.0,1.0,0.9390954819162733,1.0,1.0,1.0,0.9746231174651139
2429,5b0d99a97ff55fa5,True,1.0,1.0,1.0,1.0,1.0,1.0,1.0
2430,a60202554bf55ef1,True,1.0,1.0,1.0,1.0,1.0,1.0,1.0
2431,1b736bfe747b5987,True,1.0,1.0,1.0,1.0,1.0,1.0,1.0
2432,71220ef085f459fc,True,1.0,1.0,1.0,1.0,1.0,1.0,1.0
2433,12f5053055935463,True,1.0,1.0,1.0,1.0,1.0,1.0,1.0
2434,3d20913330f152ee,True,1.0,1.0,0.5784294045016988,1.0,1.0,1.0,0.8243455852090412
2435,2f7190c1da685537,True,1.0,1.0,1.0,1.0,1.0,1.0,1.0
2436,fd1e4ae4c102553c,True,1.0,1.0,1.0,1.0,1.0,1.0,1.0
2437,a8455a10df085d45,True,1.0,1.0,0.6467552670383846,1.0,1.0,1.0,0.8528146945993269
2438,e132b016eee85b16,True,1.0,1.0,0.9468185624802806,1.0,1.0,1.0,0.9778410677001169
2439,228dbe4bb59c537b,True,1.0,1.0,0.8993471736445244,1.0,1.0,1.0,0.9580613223518851
2440,79ecc8e6e5fa5dd5,True,1.0,1.0,0.856729022389307,1.0,1.0,1.0,0.940303759328878
2441,6de13c6c9af05cac,True,1.0,1.0,0.8487511708699137,0.0,1.0,1.0,0.520312987862464
2442,4f466c389dce58e4,True,1.0,1.0,0.6934894701977106,1.0,1.0,1.0,0.8722872792490461
2443,44cedd469129548d,True,1.0,1.0,0.8428843103549503,1.0,1.0,1.0,0.9345351293145626
2444,02c173ffafdd5be5,True,1.0,1.0,0.588840240113743,1.0,1.0,1.0,0.8286834333807263
2445,79bb6b3243f151a6,True,1.0,1.0,0.35644077267870083,1.0,1.0,1.0,0.7318503219494588
2446,af2b5213e6895680,True,1.0,1.0,1.0,1.0,1.0,1.0,1.0
2447,bd1e37aab1c7530f,True,0.0,1.0,0.0,0.0,1.0,1.0,0.0
2448,3166dd05c45f59e8,True,1.0,1.0,1.0,1.0,1.0,1.0,1.0
2449,21f64c6cfe835cbe,True,1.0,1.0,0.8849912191473067,1.0,1.0,1.0,0.9520796746447111
2450,f253fd0891d3562a,True,1.0,1.0,1.0,1.0,1.0,1.0,1.0
2451,21d65485fa3c55e7,True,1.0,0.0,0.0,1.0,1.0,1.0,0.0
2452,868e70f831cb551c,True,1.0,1.0,0.7603765734020295,1.0,1.0,1.0,0.9001569055841788
2453,c0afed32320d53ec,True,1.0,1.0,1.0,1.0,1.0,1.0,1.0
2454,3968adecd59c551e,True,1.0,1.0,0.965170690837471,1.0,1.0,1.0,0.9854877878489462
2455,326a8c0625d856cc,True,1.0,1.0,0.6916208961117554,1.0,1.0,1.0,0.8715087067132314
2456,7229dee5d2685deb,True,1.0,1.0,0.7757482285211103,1.0,1.0,1.0,0.906561761883796
2457,9d1bd4fa169c5ebe,True,1.0,1.0,0.6413838225003266,1.0,1.0,0.5,0.8505765927084695
2458,135899b9eb4f543e,True,1.0,1.0,1.0,1.0,1.0,1.0,1.0
2459,b86152f6ab29580e,True,1.0,1.0,0.7906510288021856,1.0,1.0,1.0,0.9127712620009106
2460,f5d967a1fedb5e3b,True,1.0,1.0,0.7760976385759822,1.0,1.0,1.0,0.9067073494066592
2461,d8699a1844cc5541,True,1.0,1.0,1.0,1.0,1.0,1.0,1.0
2462,9ef1d618435d5e53,True,0.0,1.0,0.0,0.0,1.0,1.0,0.0
2463,26a1ceab4d455a77,True,1.0,0.0,0.0,1.0,1.0,1.0,0.0
2464,c1d95d8a3260541c,True,1.0,1.0,0.8238290160469843,1.0,1.0,1.0,0.9265954233529102
2465,48271cdeceb35236,True,1.0,1.0,1.0,1.0,1.0,1.0,1.0
2466,324f93888ec35bb2,True,1.0,1.0,0.7783568572354903,1.0,1.0,1.0,0.9076486905147876
2467,eea52ed765aa5977,True,1.0,1.0,0.726004187964105,1.0,1.0,1.0,0.8858350783183772
2468,2d2b781181f156dc,True,1.0,0.0,0.0,1.0,1.0,1.0,0.0
2469,8b31009bc5115cb5,True,1.0,1.0,1.0,1.0,1.0,0.0,1.0
2470,fe61cae0e4ae5f1a,True,1.0,1.0,0.6916831368369638,1.0,1.0,1.0,0.871534640348735
2471,d7928caf300452e2,True,1.0,1.0,0.7526829922520065,1.0,1.0,1.0,0.8969512467716694
2472,926ea834d8f256d5,True,1.0,1.0,0.8151977391392701,1.0,1.0,1.0,0.9229990579746957
2473,8cac1b4a21585010,True,1.0,1.0,0.8524384850436417,1.0,1.0,1.0,0.9385160354348508
2474,95193473b1cb5434,True,1.0,1.0,0.8152520694299955,1.0,1.0,1.0,0.9230216955958315
2475,ae07a1ea49135359,True,1.0,1.0,0.8179232689406607,1.0,1.0,1.0,0.9241346953919419
2476,f71e5dcd9df85d97,True,1.0,0.0,0.0,1.0,1.0,1.0,0.0
2477,4509bc830bbc5fbd,True,1.0,0.0,0.0,0.0,1.0,1.0,0.0
2478,307fee530f99569a,True,1.0,1.0,0.9553173164680965,1.0,1.0,1.0,0.9813822151950401
2479,585a681f4ad95682,True,1.0,1.0,0.6892519124422529,1.0,1.0,1.0,0.870521630184272
2480,93b2aee4f638552e,True,1.0,1.0,1.0,1.0,1.0,1.0,1.0
2481,81f1c631c7325b0f,True,1.0,0.0,0.0,1.0,1.0,1.0,0.0
2482,1cd73301d5745314,True,1.0,1.0,0.9895629059788963,1.0,1.0,1.0,0.9956512108245401
2483,d24706485f0452eb,True,1.0,1.0,0.8737948018580414,1.0,1.0,1.0,0.9474145007741838
2484,3f67051b121a5e43,True,1.0,1.0,0.8591515516458837,1.0,1.0,1.0,0.9413131465191182
2485,d551f73a1e4251aa,True,1.0,1.0,0.7813402612230652,1.0,1.0,0.5,0.9088917755096105
2486,4501554f824e59fc,True,1.0,1.0,0.6923559359356948,1.0,1.0,1.0,0.8718149733065395
2487,80767d5d26ef52bf,True,1.0,1.0,1.0,1.0,1.0,1.0,1.0
2488,4dd4ae3362325296,True,1.0,1.0,1.0,1.0,1.0,1.0,1.0
2489,02799c5e8bf35595,True,1.0,1.0,0.7833895876600911,1.0,1.0,1.0,0.909745661525038
2490,185dd0f2003e5d35,True,1.0,1.0,1.0,1.0,1.0,1.0,1.0
2491,16e5aafc056f5e1e,True,1.0,1.0,1.0,1.0,1.0,1.0,1.0
2492,5da61ef9efda5191,True,1.0,1.0,0.7716869445904522,1.0,1.0,1.0,0.9048695602460217
2493,ba7553f511f653b3,True,1.0,1.0,0.6087735396041479,1.0,1.0,1.0,0.8369889748350617
2494,3bdecfdccc335eda,True,1.0,1.0,0.8685061510972493,1.0,1.0,1.0,0.9452108962905205
2495,5cb436b6276f59ae,True,1.0,1.0,1.0,0.0,1.0,1.0,0.5833333333333334
2496,0b66f76610bc5f63,True,1.0,1.0,0.7687076898987658,1.0,1.0,1.0,0.9036282041244857
2497,6050bcf9baab54f6,True,1.0,1.0,0.559231067087451,1.0,1.0,1.0,0.8163462779531047
2498,9b9aa93df6b15de7,True,1.0,1.0,0.8995410050223239,1.0,1.0,1.0,0.9581420854259682
2499,2b52c607f324583e,True,1.0,1.0,0.8881301403682914,1.0,1.0,1.0,0.953387558486788
2500,de80647014f35dbb,True,1.0,1.0,0.7836913682983563,1.0,1.0,1.0,0.9098714034576485
2501,1074509550cc5bf8,True,1.0,1.0,0.6797523287725056,1.0,1.0,1.0,0.8665634703218773
2502,93bbe5e3e6cd5411,True,1.0,1.0,0.7869208596263076,1.0,1.0,1.0,0.9112170248442949
2503,7be8784c329456b4,True,1.0,1.0,1.0,1.0,1.0,1.0,1.0
2504,df7662125da1513f,True,1.0,1.0,1.0,1.0,1.0,1.0,1.0
2505,cdb1d43f01565d9c,True,1.0,1.0,0.8512650695120688,1.0,1.0,1.0,0.9380271122966954
2506,d16db4733f1e5524,True,1.0,1.0,1.0,1.0,1.0,1.0,1.0
2507,3328705b7cf0517a,True,1.0,1.0,0.7529120611201126,1.0,1.0,1.0,0.8970466921333803
2508,29c3b3019c9e535a,True,1.0,1.0,0.7369613361516792,1.0,1.0,1.0,0.8904005567298663
2509,53f8bc4012fe5f29,True,1.0,1.0,0.5143083846287435,1.0,1.0,1.0,0.7976284935953099
2510,fe132c4b31ff5fc7,True,1.0,1.0,0.673581007759232,1.0,1.0,1.0,0.8639920865663466
2511,b27f68fe02b059ca,True,1.0,1.0,0.9229999063791966,1.0,1.0,1.0,0.9679166276579986
2512,e5fb0daef05956f0,True,1.0,1.0,0.8771410448958691,1.0,1.0,1.0,0.9488087687066121
2513,a49be33c358b5cb4,True,1.0,1.0,0.5583414404488112,1.0,1.0,1.0,0.8159756001870045
2514,304be364cb4050ce,True,1.0,1.0,1.0,1.0,1.0,1.0,1.0
2515,7684ff2627555f4e,True,1.0,1.0,0.9977065177295906,1.0,1.0,1.0,0.9990443823873294
2516,a6b34e50b7995664,True,0.0,1.0,0.0,0.0,1.0,1.0,0.0
2517,3012e1628f7d5d3a,True,1.0,1.0,0.7470385959744391,1.0,1.0,1.0,0.8945994149893496
2518,1d3cf448005f56c1,True,1.0,1.0,1.0,1.0,1.0,1.0,1.0
2519,8b477eda939951d6,True,1.0,0.0,0.0,1.0,1.0,1.0,0.0
2520,2567ec8e92d05eb6,True,1.0,1.0,0.9695445098096268,1.0,1.0,1.0,0.9873102124206778
2521,d5eca47b1fc25d20,True,1.0,1.0,0.7957552043981062,1.0,1.0,1.0,0.9148980018325442
2522,2a799223058c5ed7,True,1.0,1.0,0.6711225603160698,1.0,1.0,1.0,0.8629677334650291
2523,523ab1ffcace56f6,True,1.0,1.0,0.7046676763991216,1.0,1.0,1.0,0.8769448651663007
2524,4c53b20bf0925c0c,True,1.0,1.0,0.8469724144944865,1.0,1.0,1.0,0.9362385060393693
2525,0d35a8e6a98a5759,True,1.0,1.0,1.0,1.0,1.0,1.0,1.0
2526,aa4272ed1b785b94,True,1.0,1.0,0.912299412841139,1.0,1.0,1.0,0.963458088683808
2527,86c622a3ec1255ee,True,1.0,1.0,0.7804983744417201,1.0,1.0,1.0,0.9085409893507167
2528,7e35bd1fea5b50da,True,1.0,1.0,1.0,1.0,1.0,1.0,1.0
2529,b2f5adcdf3dd5227,True,1.0,1.0,1.0,1.0,1.0,1.0,1.0
2530,422a764bf2dc593c,True,1.0,1.0,0.8521658921660221,1.0,1.0,1.0,0.9384024550691757
2531,bc23c66181b15e25,True,1.0,1.0,0.9096310305204137,1.0,1.0,1.0,0.962346262716839
2532,dce06ee8c9fc572f,True,1.0,1.0,0.7214898776513163,1.0,1.0,1.0,0.8839541156880485
2533,d9b79e606e595700,True,1.0,1.0,0.8668928795424704,1.0,1.0,1.0,0.9445386998093627
2534,c5af9333bf63510d,True,1.0,1.0,0.7722391150745412,1.0,1.0,1.0,0.9050996312810589
2535,7f92403d0c6e5b5d,True,1.0,1.0,1.0,1.0,1.0,1.0,1.0
2536,b7bcc88d87ba59ae,True,1.0,1.0,1.0,1.0,1.0,1.0,1.0
2537,6bd234c45e885cb2,True,1.0,1.0,1.0,1.0,1.0,1.0,1.0
2538,8eeeb7c3d5b158d8,True,1.0,1.0,1.0,1.0,1.0,1.0,1.0
2539,32454d817bcb5305,True,1.0,1.0,1.0,1.0,1.0,1.0,1.0
2540,2615f45588965f4c,True,1.0,1.0,1.0,1.0,1.0,0.5,1.0
2541,53400e82ca375c5f,True,1.0,1.0,0.7779506168401541,1.0,1.0,1.0,0.9074794236833975
2542,582ac6cc2a1758a3,True,1.0,1.0,0.8178960278522281,1.0,1.0,1.0,0.9241233449384284
2543,bdf99b84030a5a0f,True,1.0,1.0,0.923535048117157,1.0,1.0,1.0,0.9681396033821489
2544,642a177df62954ad,True,0.5,1.0,0.5482454940752647,1.0,1.0,1.0,0.4058844779323468
2545,bc842040229c5e52,True,1.0,1.0,0.8565895380396793,1.0,1.0,1.0,0.9402456408498664
2546,63f6c401c24557e1,True,1.0,1.0,0.8935315029077734,1.0,1.0,1.0,0.9556381262115723
2547,6545ea70cb285327,True,1.0,1.0,1.0,1.0,1.0,1.0,1.0
2548,8060b1342b775188,True,1.0,1.0,0.9311819324036067,1.0,1.0,1.0,0.9713258051681694
2549,5ee6f86b7dec5484,True,1.0,1.0,1.0,1.0,1.0,1.0,1.0
2550,b4c5bd35a81f517e,True,1.0,1.0,0.8791164121521479,1.0,1.0,1.0,0.9496318383967283
2551,9b5772aa3a955db1,True,1.0,1.0,0.7479785529991556,1.0,1.0,1.0,0.8949910637496482
2552,d926deb799a65bea,True,1.0,1.0,1.0,0.0,1.0,1.0,0.5833333333333334
2553,6adef8f2b0795473,True,1.0,1.0,0.7527302038313062,1.0,1.0,1.0,0.8969709182630442
2554,cbcd554895c75231,True,1.0,1.0,0.7662485127895744,1.0,1.0,1.0,0.9026035469956559
2555,4161016e65df5b37,True,1.0,0.0,0.0,1.0,1.0,0.5,0.0
2556,b77b4b6eb149553f,True,1.0,1.0,1.0,1.0,1.0,1.0,1.0
2557,f0fb575adb8a5171,True,1.0,1.0,0.8641939922700408,1.0,1.0,1.0,0.9434141634458504
2558,58ba738c8dd15d55,True,1.0,1.0,0.942994031694867,1.0,1.0,1.0,0.9762475132061946
2559,8127022f9d745e8c,True,1.0,1.0,0.08973339903483646,1.0,1.0,1.0,0.6207222495978485
2560,a2d180a344d15054,True,1.0,1.0,0.7231800606436565,1.0,1.0,1.0,0.8846583586015235
2561,44a4f1048fcc57ea,True,1.0,1.0,0.7414912392884255,1.0,1.0,1.0,0.8922880163701773
2562,cb22383a26cf594e,True,1.0,1.0,1.0,1.0,1.0,1.0,1.0
2563,3493d0184aea5ee8,True,1.0,1.0,0.8738998935776094,1.0,1.0,1.0,0.9474582889906706
2564,34a2cb9790ae53f3,True,1.0,1.0,1.0,1.0,1.0,1.0,1.0
2565,518221a430885093,True,1.0,1.0,0.8269326389310533,1.0,1.0,1.0,0.9278885995546057
2566,3bf2974c80c55503,True,1.0,1.0,0.5760975566678542,1.0,1.0,1.0,0.8233739819449393
2567,fc8de9b657805f00,True,1.0,1.0,0.8355256136483897,1.0,1.0,1.0,0.931469005686829
2568,85aaf087e6fe54ee,True,1.0,1.0,0.7886688499754613,1.0,1.0,1.0,0.9119453541564422
2569,d26771df718251d1,True,1.0,1.0,1.0,1.0,1.0,1.0,1.0
2570,3b2fc0d01dbc50ce,True,1.0,1.0,1.0,1.0,1.0,1.0,1.0
2571,fb259f736cd55252,True,1.0,1.0,0.8500522138336907,1.0,1.0,1.0,0.9375217557640377
2572,db180d0c665454aa,True,1.0,1.0,0.7779079148312646,1.0,1.0,1.0,0.9074616311796936
2573,ff137d1eea555686,True,1.0,1.0,0.8571574306634292,1.0,1.0,1.0,0.9404822627764288
2574,71e2924dcf525bc7,True,1.0,1.0,0.6064496868981881,1.0,1.0,1.0,0.836020702874245
2575,69610203b8c35c96,True,1.0,1.0,1.0,1.0,1.0,1.0,1.0
2576,28d8f3699547568b,True,1.0,1.0,0.8486533676954504,1.0,1.0,1.0,0.9369389032064377
2577,492a64b807da5cfb,True,1.0,0.0,0.0,1.0,1.0,1.0,0.0
2578,4ccda56c15a55d57,True,1.0,1.0,0.942874588594434,1.0,1.0,1.0,0.9761977452476808
2579,350b10a4761e5c11,True,1.0,1.0,1.0,1.0,1.0,1.0,1.0
2580,a7ca0cd746e7551e,True,1.0,0.0,0.0,1.0,1.0,1.0,0.0
2581,cbc996c2f68c541c,True,1.0,1.0,0.8172363215824086,1.0,1.0,1.0,0.9238484673260036
2582,c9c7f9354f935514,True,1.0,1.0,0.8930136986226146,1.0,1.0,1.0,0.9554223744260893
2583,92e3a80a8f775ce2,True,1.0,1.0,0.6406376868039999,1.0,1.0,1.0,0.8502657028349999
2584,9de91fbb8b275885,True,1.0,1.0,0.914225062603686,1.0,1.0,1.0,0.9642604427515359
2585,e91c1fdb29a858f3,True,1.0,1.0,0.9524597921580045,1.0,1.0,1.0,0.9801915800658353
2586,63070010ae7159f2,True,1.0,1.0,0.2335939313692655,1.0,1.0,1.0,0.6806641380705273
2587,29b6c8cc1e055352,True,1.0,1.0,0.7809153562036577,1.0,1.0,1.0,0.9087147317515241
2588,84aa4100e3cc59c4,True,1.0,1.0,0.6019150066725824,1.0,1.0,1.0,0.8341312527802427
2589,1e91e4b9af695706,True,1.0,1.0,1.0,1.0,1.0,1.0,1.0
2590,4c3718ea056c5656,True,1.0,1.0,1.0,1.0,1.0,0.5,1.0
2591,c9ecfe02b17a5c40,True,1.0,1.0,0.7695540261748436,1.0,1.0,1.0,0.9039808442395181
2592,4d6e0b4cf60f5e98,True,1.0,1.0,1.0,1.0,1.0,1.0,1.0
2593,b3c7b9fbf4655722,True,1.0,1.0,0.9853024765934256,1.0,1.0,1.0,0.9938760319139274
2594,7e862e783690532d,True,1.0,1.0,0.811192543362785,1.0,1.0,1.0,0.9213302264011604
2595,aa2c4edb15d45c84,True,1.0,0.0,0.0,1.0,1.0,1.0,0.0
2596,4749d401a5a95254,True,1.0,1.0,0.7466725176932695,1.0,1.0,1.0,0.8944468823721956
2597,2c9ea4fc0e8e5ef2,True,1.0,1.0,0.9761703955698099,1.0,1.0,1.0,0.9900709981540875
2598,d4daf5d0fd355401,True,1.0,1.0,0.983503226072324,1.0,1.0,1.0,0.9931263441968016
2599,cf05c9f4f6e55af3,True,1.0,1.0,0.7933858562889657,0.0,1.0,1.0,0.49724410678706904
2600,b9013028b5d45eee,True,1.0,1.0,0.10454180460914238,1.0,1.0,1.0,0.6268924185871426
2601,c2736d03415f515b,True,1.0,1.0,1.0,1.0,1.0,1.0,1.0
2602,afbde7335ad05055,True,1.0,1.0,1.0,1.0,1.0,1.0,1.0
2603,680e24fa0952531b,True,1.0,1.0,0.9212326111479641,1.0,1.0,1.0,0.967180254644985
2604,9587d6ea0a8e518f,True,1.0,1.0,0.7997481245103202,1.0,1.0,1.0,0.9165617185459668
2605,470d0eceeaf75102,True,1.0,1.0,0.9058423977058487,1.0,1.0,1.0,0.9607676657107703
2606,303e7dd5717f54cd,True,1.0,0.0,0.0,1.0,1.0,0.5,0.0
2607,6f7a20c618a9573e,True,1.0,1.0,0.9833234234174928,1.0,1.0,1.0,0.9930514264239553
2608,559e3fe66db15d66,True,1.0,1.0,1.0,1.0,1.0,1.0,1.0
2609,193b39b2ec4f53af,True,1.0,1.0,0.921717283203056,1.0,1.0,1.0,0.9673822013346066
2610,90e387c7930d56de,True,1.0,1.0,0.8254528936633576,1.0,1.0,1.0,0.927272039026399
2611,85b599a5e238576a,True,1.0,1.0,0.8512157307554069,1.0,1.0,1.0,0.9380065544814196
2612,850fd96a46b25445,True,1.0,1.0,0.8656619170978731,1.0,1.0,1.0,0.9440257987907804
2613,fccd90b794b15d6a,True,1.0,1.0,1.0,1.0,1.0,1.0,1.0
2614,3123935b28265c80,True,1.0,1.0,1.0,1.0,1.0,1.0,1.0
2615,dc2a5d567a8e5f17,True,1.0,1.0,0.7762511226350014,1.0,1.0,1.0,0.9067713010979173
2616,814c6b482fd850ab,True,1.0,1.0,0.9628757818832903,1.0,1.0,1.0,0.9845315757847043
2617,70679dba8428549e,True,1.0,1.0,0.9111389170596698,1.0,1.0,1.0,0.9629745487748624
2618,3866b4b85a135f66,True,1.0,1.0,0.9509936726825738,1.0,1.0,1.0,0.9795806969510724
2619,7683c293a5a55dce,True,1.0,0.0,0.0,1.0,1.0,1.0,0.0
2620,bc7ae4f9eced56c9,True,1.0,1.0,0.7543813545583511,1.0,1.0,1.0,0.8976588977326463
2621,c49e7550cee75722,True,1.0,1.0,1.0,1.0,1.0,1.0,1.0
2622,6280a12d79b4518a,True,1.0,1.0,0.9774128791060954,1.0,1.0,1.0,0.9905886996275397
2623,f9d9a2a2e2d25a8c,True,1.0,1.0,0.6963564892612276,1.0,1.0,1.0,0.8734818705255115
2624,6c64511810415244,True,1.0,1.0,0.8850005740962384,1.0,1.0,1.0,0.9520835725400993
2625,6482eb343a2b5329,True,1.0,1.0,0.8569883408964223,1.0,1.0,1.0,0.9404118087068426
2626,f2a54a0461005d6c,True,1.0,1.0,0.15589555623113266,1.0,1.0,1.0,0.6482898150963052
2627,4355d2853ef15044,True,1.0,1.0,1.0,1.0,1.0,1.0,1.0
2628,bc8aad9d72385289,True,1.0,1.0,1.0,1.0,1.0,1.0,1.0
2629,0928c39f05db52c5,True,1.0,1.0,0.8714797170627712,1.0,1.0,1.0,0.946449882109488
2630,1b056ac7f7995a8a,True,1.0,1.0,0.8670420374171933,1.0,1.0,1.0,0.9446008489238306
2631,4b5f475a2afc5ed0,True,1.0,1.0,1.0,1.0,1.0,1.0,1.0
2632,74831c9ae5a15f99,True,1.0,1.0,0.5997065442414181,1.0,1.0,1.0,0.833211060100591
2633,fbe786c417ca5245,True,1.0,1.0,1.0,1.0,1.0,1.0,1.0
2634,7f572219da4e5fd4,True,1.0,1.0,1.0,1.0,1.0,1.0,1.0
2635,98527843384f5f43,True,1.0,1.0,0.8869092212664014,1.0,1.0,1.0,0.9528788421943339
2636,f0135d40a8f05feb,True,1.0,1.0,0.9758718788652629,1.0,1.0,1.0,0.9899466161938596
2637,7effab69ce785772,True,1.0,1.0,1.0,0.0,1.0,1.0,0.5833333333333334
2638,1ff00d6929bb5569,True,1.0,1.0,0.9739252751843684,1.0,1.0,1.0,0.9891355313268203
2639,02f1ad081f41550e,True,0.0,1.0,0.0,1.0,1.0,1.0,0.0
2640,93e2a76b34b559fc,True,1.0,1.0,0.9646224694207219,1.0,1.0,1.0,0.9852593622586342
2641,0e9d524cb7ab5e2a,True,1.0,1.0,1.0,1.0,1.0,1.0,1.0
2642,4203da2e7a8b518d,True,1.0,1.0,0.7800790764492042,1.0,1.0,1.0,0.9083662818538351
2643,fc14b78a566f5620,True,1.0,1.0,0.7842502286092616,1.0,1.0,1.0,0.9101042619205257
2644,669bad5f20bd5256,True,1.0,1.0,0.8455680105062469,1.0,1.0,1.0,0.9356533377109363
2645,fc58a8b4d619577d,True,1.0,0.0,0.0,1.0,1.0,1.0,0.0
2646,3f64ff364b585a3b,True,1.0,1.0,0.8806408551750301,1.0,1.0,0.5,0.9502670229895959
2647,98a0d06140945295,True,1.0,1.0,0.888925547529173,1.0,1.0,1.0,0.9537189781371554
2648,08977ce458945f04,True,1.0,1.0,0.9569987241735892,1.0,1.0,1.0,0.9820828017389956
2649,9d423dea34235b41,True,1.0,1.0,1.0,1.0,1.0,1.0,1.0
2650,3fd20b372fd15206,True,1.0,1.0,0.9719549211590742,1.0,1.0,1.0,0.9883145504829476
2651,3e1c321be4295fc7,True,1.0,0.0,0.0,1.0,1.0,0.0,0.0
2652,4ac1bcffb2bb5010,True,1.0,1.0,1.0,0.0,1.0,1.0,0.5833333333333334
2653,9bd3994107ba52bc,True,1.0,1.0,0.8407788604557694,1.0,1.0,1.0,0.9336578585232372
2654,5c3080b50d365629,True,1.0,1.0,0.7317784801725589,1.0,1.0,1.0,0.8882410334052327
2655,beee170c9d8159ad,True,1.0,1.0,0.6981493633024376,1.0,1.0,1.0,0.8742289013760157
2656,831a14b3c0bb5c50,True,1.0,1.0,0.8481564364542061,1.0,1.0,1.0,0.9367318485225858
2657,0a91b3a6e4ae56fe,True,1.0,1.0,0.8442026373981087,1.0,1.0,1.0,0.9350844322492119
2658,1d359a03436458f0,True,1.0,1.0,0.6667360297556082,1.0,1.0,1.0,0.86114001239817
2659,b0ec3fbe5d07514d,True,1.0,1.0,0.6319078364857829,1.0,1.0,1.0,0.8466282652024096
2660,6247bc8d9df7529d,True,1.0,1.0,1.0,1.0,1.0,1.0,1.0
2661,f70c8122d2a65847,True,1.0,1.0,0.9478965287910691,1.0,1.0,1.0,0.9782902203296121
2662,d99103d5b5025654,True,1.0,1.0,0.5384483877801438,1.0,1.0,1.0,0.8076868282417266
2663,4566a3d9b5e95d9b,True,1.0,1.0,1.0,1.0,1.0,1.0,1.0
2664,54220704df92547d,True,1.0,1.0,0.9361026535131548,1.0,1.0,1.0,0.9733761056304813
2665,412e722526585e4a,True,1.0,1.0,0.8506238443846077,1.0,1.0,1.0,0.9377599351602531
2666,67dff3c1993f57a5,True,1.0,1.0,0.6890735716816337,1.0,1.0,0.0,0.870447321534014
2667,578d2af2c3625ace,True,1.0,1.0,1.0,1.0,1.0,1.0,1.0
2668,d8bbb945380d5d78,True,1.0,1.0,1.0,1.0,1.0,1.0,1.0
2669,a1493423e0d1521c,True,1.0,1.0,1.0,0.0,1.0,1.0,0.5833333333333334
2670,4b7a9aaecd8b5c5e,True,1.0,1.0,0.9717854416516984,1.0,1.0,1.0,0.9882439340215411
2671,62c59eb9ece45d86,True,1.0,1.0,0.7688135686254216,1.0,1.0,1.0,0.9036723202605924
2672,dd157f14e18f5a1a,True,1.0,1.0,1.0,1.0,1.0,1.0,1.0
2673,e3ddabf456b155a9,True,1.0,1.0,0.899037536236748,1.0,1.0,1.0,0.9579323067653117
2674,c284f9a1803f585f,True,1.0,0.0,0.0,1.0,1.0,1.0,0.0
2675,5e96a7620956567a,True,1.0,1.0,0.9102896616491101,1.0,1.0,1.0,0.9626206923537959
2676,60a560bfff6f528b,True,1.0,0.0,0.0,1.0,1.0,1.0,0.0
2677,2e405d459d8b5d9c,True,1.0,1.0,0.7265798322672427,1.0,1.0,1.0,0.8860749301113512
2678,befdd4140e4252e5,True,1.0,1.0,1.0,1.0,1.0,1.0,1.0
2679,22f98151a771573a,True,1.0,1.0,0.8251944451947554,1.0,1.0,1.0,0.9271643521644813
2680,3d776c43acfd5327,True,1.0,1.0,0.841570884593297,1.0,1.0,1.0,0.9339878685805404
2681,cbb9f6ff18285688,True,1.0,1.0,0.8023581304348325,1.0,1.0,1.0,0.9176492210145136
2682,12800b02eb685132,True,1.0,1.0,0.5619258480251963,1.0,1.0,1.0,0.8174691033438318
2683,68f10c13166b592b,True,1.0,1.0,0.9505432929644165,1.0,1.0,1.0,0.9793930387351736
2684,189654afe9465b09,True,1.0,1.0,0.8104759453016994,1.0,1.0,1.0,0.9210316438757081
2685,b172a207771456f1,True,1.0,1.0,0.9872364682451507,1.0,1.0,1.0,0.9946818617688127
2686,cdab92d3f2d955db,True,1.0,1.0,1.0,1.0,1.0,1.0,1.0
2687,9a22009eaa1250fe,True,1.0,1.0,0.7948432457959417,1.0,1.0,1.0,0.9145180190816423
2688,ae472d675a965aca,True,1.0,1.0,0.7239047661276508,1.0,1.0,1.0,0.8849603192198545
2689,82b8033d05e355f1,True,1.0,1.0,1.0,1.0,1.0,1.0,1.0
2690,8c384d60912b5f73,True,1.0,1.0,0.6860922960959447,1.0,1.0,1.0,0.8692051233733102
2691,de56fef875ac5a5e,True,1.0,1.0,0.6187047424155593,1.0,1.0,1.0,0.8411269760064831
2692,f24730f3bb525e73,True,1.0,1.0,0.8959978402200101,1.0,1.0,1.0,0.9566657667583375
2693,8719c1b8087d5590,True,1.0,1.0,0.12357942395811729,1.0,1.0,1.0,0.6348247599825488
2694,e970702e97ea50b2,True,1.0,1.0,1.0,1.0,1.0,1.0,1.0
2695,b20a2f0ea9135457,True,1.0,1.0,0.8423047455682393,1.0,1.0,1.0,0.9342936439867664
2696,e59fd69b1be85258,True,1.0,1.0,0.7584147914463841,1.0,1.0,1.0,0.8993394964359934
2697,65fc12f7836f58ed,True,1.0,1.0,1.0,1.0,1.0,1.0,1.0
2698,961cd53fde9a5c3d,True,1.0,1.0,1.0,1.0,1.0,1.0,1.0
2699,d928098371595be7,True,1.0,1.0,0.9695161780189847,1.0,1.0,1.0,0.9872984075079104
2700,88d08f76270d5e37,True,0.0,1.0,0.0,0.0,1.0,1.0,0.0
2701,bc281591c2165d73,True,1.0,1.0,0.5011113619170307,1.0,1.0,1.0,0.7921297341320961
2702,5368a45f74ed5f66,True,1.0,1.0,1.0,1.0,1.0,1.0,1.0
2703,9bdf0d338d625e2a,True,1.0,1.0,1.0,1.0,1.0,1.0,1.0
2704,108fd8b55b1952af,True,1.0,1.0,1.0,1.0,1.0,1.0,1.0
2705,ec921ad4a3d05806,True,1.0,1.0,1.0,1.0,1.0,1.0,1.0
2706,718ebae5b23855f7,True,1.0,1.0,1.0,1.0,1.0,1.0,1.0
2707,e3194cb3328b512f,True,1.0,1.0,1.0,1.0,1.0,1.0,1.0
2708,44f736cbb0365616,True,1.0,1.0,1.0,1.0,1.0,1.0,1.0
2709,3265e31c65705a5f,True,1.0,1.0,1.0,1.0,1.0,1.0,1.0
2710,c0d51ca7b8af5414,True,1.0,1.0,0.7399389340037179,1.0,1.0,1.0,0.8916412225015491
2711,54169f6efe825b79,True,1.0,1.0,1.0,1.0,1.0,1.0,1.0
2712,d2cac33c80f45434,True,1.0,1.0,1.0,1.0,1.0,1.0,1.0
2713,20a276a12f2150c5,True,1.0,1.0,1.0,1.0,1.0,1.0,1.0
2714,ef1c8f5af4525791,True,1.0,0.0,0.0,1.0,1.0,1.0,0.0
2715,2d0c8a7a065e5995,True,1.0,1.0,0.7838183204169419,1.0,1.0,1.0,0.9099243001737257
2716,f47841466d835000,True,1.0,1.0,1.0,1.0,1.0,1.0,1.0
2717,987f5dced605588a,True,1.0,1.0,0.9681050691234757,0.0,1.0,1.0,0.5700437788014482
2718,7d99843a72555dd3,True,1.0,1.0,1.0,1.0,1.0,1.0,1.0
2719,8a1fa33cd5d45d48,True,1.0,1.0,0.9195438729554235,1.0,1.0,1.0,0.9664766137314263
2720,a7ce8d99f16150ac,True,1.0,1.0,0.7994962817825457,1.0,1.0,1.0,0.9164567840760607
2721,ad8f9de7692d5f59,True,1.0,1.0,0.9184861582355462,1.0,1.0,1.0,0.9660358992648109
2722,a760f4373fd751e4,True,1.0,1.0,0.812763374865457,1.0,1.0,1.0,0.9219847395272738
2723,e073c9ed32975c17,True,1.0,1.0,1.0,1.0,1.0,1.0,1.0
2724,e7b269e3a51c5713,True,1.0,1.0,1.0,0.0,1.0,1.0,0.5833333333333334
2725,538ed1acbf145c8b,True,1.0,1.0,0.736748875859335,1.0,1.0,1.0,0.8903120316080563
2726,5d004fb36ca95fa0,True,1.0,1.0,1.0,1.0,1.0,1.0,1.0
2727,92d2f07fc6075f5d,True,1.0,1.0,1.0,0.0,1.0,1.0,0.5833333333333334
2728,e99744bcd703522c,True,1.0,1.0,0.7112141750409179,1.0,1.0,1.0,0.8796725729337158
2729,4c22cdcc527e5a36,True,1.0,1.0,0.9038149080895248,1.0,1.0,1.0,0.9599228783706354
2730,f0f77f6f5cb4562c,True,1.0,1.0,1.0,0.0,1.0,1.0,0.5833333333333334
2731,816c515aa3dc5462,True,1.0,1.0,0.9747152862573786,1.0,1.0,1.0,0.9894647026072411
2732,9690846adfb751cc,True,1.0,1.0,0.8611943723122969,1.0,1.0,1.0,0.9421643217967904
2733,94652fa0c64d5846,True,1.0,1.0,0.8640314197197841,1.0,1.0,1.0,0.9433464248832434
2734,152679f2edce5c73,True,1.0,1.0,1.0,0.0,1.0,1.0,0.5833333333333334
2735,9337165de94b5a40,True,1.0,1.0,1.0,1.0,1.0,1.0,1.0
2736,0497454a0d735bc1,True,1.0,1.0,0.6899715569432704,1.0,1.0,1.0,0.870821482059696
2737,bdf6ce6385325a58,True,1.0,1.0,0.7937074544206877,1.0,1.0,1.0,0.9140447726752865
2738,02e3c48291855ae8,True,1.0,1.0,0.6948076656925126,1.0,1.0,1.0,0.8728365273718802
2739,cf07d06219ef5cd4,True,1.0,1.0,1.0,1.0,1.0,1.0,1.0
2740,fcbc81e3caa75186,True,1.0,1.0,0.7792417516394888,1.0,1.0,1.0,0.9080173965164536
2741,bf23bdc36a8050f5,True,1.0,0.0,0.0,1.0,1.0,1.0,0.0
2742,8cf86f67f10f574a,True,1.0,1.0,0.7734597217138647,1.0,1.0,1.0,0.9056082173807769
2743,c28f3febaf635777,True,1.0,1.0,0.8509902708138124,1.0,1.0,1.0,0.9379126128390886
2744,129c4e6b058a5f6d,True,1.0,0.0,0.0,1.0,1.0,1.0,0.0
2745,da137494751e500f,True,1.0,1.0,0.7638631044501982,1.0,1.0,1.0,0.9016096268542494
2746,1ded576bc1325cae,True,1.0,1.0,1.0,1.0,1.0,1.0,1.0
2747,6c3bb8f40a9a533c,True,1.0,1.0,1.0,1.0,1.0,1.0,1.0
2748,f377405106115a34,True,1.0,1.0,0.5156514015867019,1.0,1.0,0.5,0.7981880839944591
2749,1c7a7a95bc3354b8,True,1.0,1.0,1.0,1.0,1.0,1.0,1.0
2750,706a6c85e65858c8,True,1.0,1.0,0.903612192630927,1.0,1.0,1.0,0.9598384135962196
2751,3cf9c200e3485696,True,1.0,1.0,0.979320195918101,1.0,1.0,1.0,0.9913834149658755
2752,d6f52d0bbaf5523c,True,1.0,1.0,0.7766333486025141,1.0,1.0,1.0,0.9069305619177142
2753,ea32cdfc9478501d,True,1.0,1.0,0.7412503039086772,1.0,1.0,1.0,0.8921876266286155
2754,d26170a35d1c5e33,True,1.0,1.0,0.7775870350628877,1.0,1.0,1.0,0.9073279312762033
2755,19d546524016560f,True,1.0,1.0,0.7513941852897457,1.0,1.0,1.0,0.8964142438707273
2756,49365bdfac13581d,True,1.0,1.0,1.0,0.0,1.0,1.0,0.5833333333333334
2757,ae09c3f715ed58c7,True,1.0,1.0,1.0,1.0,1.0,1.0,1.0
2758,051b3ee34e3b59ec,True,1.0,1.0,0.8450054933638094,1.0,1.0,1.0,0.9354189555682538
2759,0614c017a1f65b80,True,1.0,1.0,0.5795155949361951,1.0,1.0,1.0,0.824798164556748
2760,53a22c2f65fd57d5,True,1.0,1.0,0.6544870489928111,1.0,1.0,1.0,0.8560362704136714
2761,742119ab3b9753a7,True,1.0,1.0,0.9710017051806438,1.0,1.0,1.0,0.9879173771586016
2762,11936935515f5daa,True,1.0,1.0,1.0,1.0,1.0,1.0,1.0
2763,38b7b1afe2bf516b,True,1.0,0.0,0.0,0.0,0.0,0.0,0.0
2764,27d74807a89a5268,True,1.0,1.0,1.0,1.0,1.0,1.0,1.0
2765,cf4d1288c560569f,True,1.0,1.0,0.7762013280194274,1.0,1.0,1.0,0.9067505533414281
2766,b8ca1857a0f75fb4,True,1.0,1.0,0.5884029540831643,1.0,1.0,1.0,0.8285012308679852
2767,a2336870ff485514,True,1.0,1.0,1.0,1.0,1.0,1.0,1.0
2768,1825640c9ed75a4b,True,1.0,1.0,0.8611411630804634,1.0,1.0,1.0,0.9421421512835263
2769,5d7c7edca69d5e73,True,1.0,1.0,1.0,1.0,1.0,1.0,1.0
2770,1d7fd5ffc1e3571c,True,1.0,1.0,1.0,1.0,1.0,1.0,1.0
2771,e10fd359f695575f,True,1.0,1.0,0.8463258003100338,1.0,1.0,1.0,0.935969083462514
2772,718c914ede2f5229,True,1.0,1.0,0.8259752803055765,1.0,1.0,1.0,0.9274897001273236
2773,5c786c10eb7f57da,True,1.0,1.0,0.9048877775496018,1.0,1.0,1.0,0.9603699073123341
2774,13b137cecf4b57e9,True,1.0,1.0,1.0,0.0,1.0,1.0,0.5833333333333334
2775,103ac69be43f55b5,True,1.0,1.0,0.7260830107307457,1.0,1.0,1.0,0.8858679211378107
2776,01f2481a8cfc5803,True,1.0,1.0,0.9218295537334175,1.0,1.0,1.0,0.9674289807222572
2777,dae9ebb7c5ff5c6a,True,1.0,1.0,0.9748190964062764,1.0,1.0,1.0,0.9895079568359485
2778,bd4adf326a205d51,True,1.0,1.0,0.8283850056632737,1.0,1.0,1.0,0.9284937523596973
2779,c8629b9dd63e56ad,True,1.0,1.0,1.0,1.0,1.0,1.0,1.0
2780,c2ae8e85ce2052ff,True,1.0,1.0,1.0,1.0,1.0,1.0,1.0
2781,fc9b5914f47e58fe,True,1.0,1.0,0.7000008504099321,1.0,1.0,1.0,0.8750003543374717
2782,9f191d1313c95362,True,1.0,1.0,1.0,1.0,1.0,1.0,1.0
2783,68ece717ce6553e7,True,1.0,1.0,0.964213986838135,1.0,1.0,1.0,0.9850891611825562
2784,d70f77951917593a,True,1.0,1.0,0.6625999981965359,1.0,1.0,1.0,0.8594166659152233
2785,a7d3076a7b7b58b2,True,1.0,1.0,0.971280165073612,1.0,1.0,1.0,0.9880334021140049
2786,340f9f95b1e459ab,True,1.0,1.0,0.8371061369218206,1.0,1.0,1.0,0.9321275570507584
2787,fb54b190735e579f,True,1.0,1.0,1.0,0.0,1.0,1.0,0.5833333333333334
2788,6f5b0bae72eb5307,True,1.0,1.0,0.8870422597266819,1.0,1.0,1.0,0.9529342748861174
2789,f748ff8ee5be533a,True,1.0,1.0,0.7133746823859287,1.0,1.0,1.0,0.8805727843274703
2790,3580cf9f59395963,True,1.0,1.0,1.0,1.0,0.0,1.0,0.8333333333333334
2791,9d21f2742b1a5b27,True,1.0,1.0,1.0,1.0,1.0,1.0,1.0
2792,da924c882e6e52d0,True,1.0,1.0,1.0,1.0,1.0,1.0,1.0
2793,c5408aef4f3a538b,True,1.0,1.0,1.0,1.0,1.0,1.0,1.0
2794,0456452c8a13546c,True,1.0,1.0,0.8721608297456281,1.0,1.0,1.0,0.9467336790606784
2795,14d112b14e9a5d5c,True,1.0,1.0,0.8995186818947994,1.0,1.0,1.0,0.958132784122833
2796,average,True,0.9799713876967096,0.9341917024320457,0.7920899894837476,0.9406294706723891,0.998211731044349,0.9778254649499285,0.8516477581896487
