,token,valid,no_at_fault_collisions,drivable_area_compliance,ego_progress,time_to_collision_within_bound,comfort,driving_direction_compliance,score
0,2bc2525a4ee95ef4,True,1.0,1.0,1.0,1.0,1.0,1.0,1.0
1,ef5dcc2415915678,True,1.0,0.0,0.0,1.0,1.0,1.0,0.0
2,667360ba7d595e46,True,1.0,1.0,0.6682420942786849,1.0,1.0,1.0,0.8617675392827854
3,32a73ed06daa5b0e,True,1.0,1.0,0.8899342490415839,1.0,1.0,1.0,0.9541392704339934
4,ade00f93385b5d14,True,1.0,1.0,1.0,1.0,1.0,1.0,1.0
5,82ee38a271b15bb1,True,1.0,0.0,0.0,1.0,1.0,1.0,0.0
6,bf72d4d6b25f5b27,True,1.0,1.0,0.9722291803777536,1.0,1.0,1.0,0.9884288251573974
7,cfc9186dc53b5d4a,True,1.0,0.0,0.0,1.0,1.0,0.0,0.0
8,f6eec3b743985122,True,1.0,1.0,0.8605221683968235,1.0,1.0,1.0,0.9418842368320098
9,979fc47b4f245a9c,True,1.0,0.0,0.0,1.0,1.0,1.0,0.0
10,866edd106b555de6,True,1.0,1.0,0.7723246053896228,1.0,1.0,1.0,0.905135252245676
11,dee481365b265a2d,True,1.0,1.0,0.6461095036585399,1.0,1.0,1.0,0.8525456265243916
12,dff44219172a5f99,True,1.0,1.0,1.0,1.0,1.0,1.0,1.0
13,5a7633ce22365440,True,0.0,1.0,0.0,0.0,1.0,1.0,0.0
14,98a1233e3db75a8a,True,0.0,1.0,0.0,0.0,1.0,0.0,0.0
15,03e24d87e7315809,True,1.0,1.0,0.9180369228315989,1.0,1.0,1.0,0.9658487178464995
16,2087ff145dae502d,True,1.0,1.0,1.0,1.0,1.0,1.0,1.0
17,f1494fd9840c5014,True,0.0,1.0,0.0,0.0,1.0,0.0,0.0
18,27b5c3ce868856a2,True,1.0,1.0,0.8986910492572904,1.0,1.0,1.0,0.9577879371905377
19,8659bfccd4195fb6,True,1.0,1.0,0.7134837693176355,0.0,1.0,1.0,0.46395157054901476
20,9e77d9cf35e05d55,True,1.0,1.0,0.795060191483474,1.0,1.0,1.0,0.9146084131181141
21,ba8e8393326d5652,True,1.0,0.0,0.0,1.0,1.0,0.0,0.0
22,9b7ffde4ab9c53a5,True,1.0,1.0,1.0,1.0,1.0,1.0,1.0
23,87423b239de058c9,True,1.0,1.0,0.8905933828823808,1.0,1.0,1.0,0.9544139095343253
24,50613cf56a8d5a38,True,1.0,0.0,0.0,0.0,1.0,0.0,0.0
25,f2dd261c41755967,True,1.0,0.0,0.0,1.0,1.0,1.0,0.0
26,2631b349e0ce5b83,True,1.0,1.0,0.8700819361006082,1.0,1.0,1.0,0.9458674733752535
27,30a0f5cf9ab95eee,True,1.0,0.0,0.0,1.0,1.0,1.0,0.0
28,ffe92084016a5795,True,1.0,1.0,0.48168308338920457,1.0,1.0,0.0,0.7840346180788352
29,dd07f89bea6f5147,True,1.0,1.0,0.9278863989430786,1.0,1.0,0.0,0.9699526662262827
30,e1950bc54da65383,True,1.0,1.0,1.0,1.0,1.0,1.0,1.0
31,3346340e1c275766,True,1.0,0.0,0.0,1.0,1.0,1.0,0.0
32,431840d399445a32,True,1.0,0.0,0.0,1.0,1.0,1.0,0.0
33,1b01f89fe48355b6,True,1.0,1.0,0.6532396139518534,1.0,1.0,1.0,0.8555165058132722
34,9c62f0bf33fd542d,True,1.0,1.0,0.919665072378307,1.0,1.0,1.0,0.9665271134909612
35,a9c27d1fdee5599e,True,1.0,1.0,0.757808303004751,1.0,1.0,1.0,0.8990867929186462
36,67d74f48ba2a548e,True,0.0,1.0,0.0,0.0,1.0,1.0,0.0
37,43ef28a235035eac,True,1.0,1.0,0.786102305704441,1.0,1.0,1.0,0.9108759607101837
38,53ab46d6ca9d5b68,True,1.0,1.0,1.0,1.0,1.0,1.0,1.0
39,aa4897ec11395ec8,True,1.0,1.0,0.8880853572747002,1.0,1.0,1.0,0.9533688988644583
40,f191de4360a35ad8,True,1.0,1.0,0.5043733449601285,1.0,1.0,1.0,0.7934888937333868
41,6f1be4d182475bc8,True,1.0,1.0,1.0,1.0,1.0,1.0,1.0
42,f6082f18c392582f,True,1.0,0.0,0.0,1.0,1.0,0.5,0.0
43,ff76d319bd9558f9,True,1.0,1.0,1.0,1.0,1.0,1.0,1.0
44,cdc8b2ccd20f5c80,True,0.0,1.0,0.0,0.0,1.0,0.5,0.0
45,b841de24ffcb5c87,True,1.0,0.0,0.0,1.0,1.0,1.0,0.0
46,5955c4ef15c75350,True,1.0,1.0,0.9794278954118946,1.0,1.0,1.0,0.991428289754956
47,c4b1d4fabd315035,True,1.0,1.0,1.0,1.0,1.0,1.0,1.0
48,53f754a75b955383,True,1.0,1.0,1.0,1.0,1.0,1.0,1.0
49,4d55f6c3a3dc58fe,True,1.0,1.0,1.0,1.0,1.0,1.0,1.0
50,2b5dabfa534156c0,True,1.0,1.0,0.8558075151259236,1.0,1.0,1.0,0.9399197979691348
51,73872fdc28995ad6,True,1.0,1.0,0.7090338962625707,1.0,1.0,1.0,0.8787641234427378
52,54ab49005da25b3e,True,1.0,0.0,0.0,1.0,1.0,1.0,0.0
53,aa84169dd1f3538d,True,1.0,1.0,1.0,1.0,1.0,1.0,1.0
54,3d400bec249a5f88,True,1.0,1.0,0.7789967364497038,1.0,1.0,1.0,0.9079153068540432
55,de64687e89f25285,True,1.0,1.0,0.7522840213462448,1.0,1.0,1.0,0.8967850088942687
56,82b1cb7113515dfb,True,1.0,1.0,1.0,1.0,1.0,1.0,1.0
57,67a6bdeb096350ec,True,1.0,1.0,0.8086117358994662,1.0,1.0,1.0,0.920254889958111
58,bf5be5d94ffa52f8,True,1.0,1.0,1.0,1.0,1.0,1.0,1.0
59,b7e7604c72e051da,True,1.0,1.0,1.0,1.0,1.0,1.0,1.0
60,24e06c38547d5976,True,1.0,1.0,1.0,0.0,1.0,1.0,0.5833333333333334
61,878665ca715b53d3,True,1.0,1.0,0.9607319004298145,1.0,1.0,1.0,0.983638291845756
62,963a72ef9c615033,True,1.0,1.0,0.8922890120858357,0.0,1.0,1.0,0.5384537550357649
63,61421159b240530d,True,1.0,1.0,1.0,0.0,1.0,1.0,0.5833333333333334
64,2113dcf1e88b598e,True,1.0,1.0,1.0,1.0,1.0,1.0,1.0
65,3f664a7d5f5e5bba,True,1.0,1.0,1.0,1.0,1.0,1.0,1.0
66,f51a75fadd695f06,True,1.0,1.0,0.7122832195483167,1.0,1.0,1.0,0.880118008145132
67,d5cf4595a3435917,True,0.0,1.0,0.0,0.0,1.0,1.0,0.0
68,a3f82403e6945aa7,True,1.0,0.0,0.0,0.0,1.0,0.5,0.0
69,30dafbb048775d29,True,1.0,1.0,0.768521658819367,1.0,1.0,1.0,0.9035506911747362
70,bf4c97f6024b5029,True,1.0,1.0,0.9360638441555236,1.0,1.0,1.0,0.9733599350648015
71,f11cf1d1b58454d8,True,0.0,1.0,0.0,0.0,1.0,1.0,0.0
72,df284ad97ad55a31,True,1.0,1.0,0.8426592718747518,1.0,1.0,1.0,0.9344413632811466
73,6871543e963f5bdf,True,1.0,1.0,0.9246000658196775,1.0,1.0,1.0,0.968583360758199
74,6561633171e75bb6,True,1.0,1.0,1.0,1.0,1.0,1.0,1.0
75,6326d00e52115da4,True,1.0,1.0,1.0,1.0,1.0,1.0,1.0
76,34b812e4de1a536b,True,1.0,1.0,0.8070339224235348,1.0,1.0,0.5,0.9195974676764728
77,5517642e588e59d0,True,0.0,1.0,0.0,0.0,1.0,1.0,0.0
78,66cd30f395c45537,True,1.0,1.0,0.9312644015042614,0.0,1.0,1.0,0.5546935006267756
79,384def2e3f9657f6,True,0.0,0.0,0.0,0.0,1.0,1.0,0.0
80,21f55c28bb945892,True,1.0,1.0,0.6626661935178703,1.0,1.0,1.0,0.8594442472991126
81,dcdacf7509ed5062,True,1.0,1.0,0.781963717822978,1.0,1.0,1.0,0.9091515490929075
82,31a522ae1ee151bf,True,0.0,0.0,0.0,0.0,1.0,0.5,0.0
83,2381f042c0855f20,True,1.0,1.0,1.0,1.0,1.0,1.0,1.0
84,b425ed76adfb5351,True,1.0,1.0,0.8611166407888249,1.0,1.0,1.0,0.9421319336620103
85,607b63930d2855da,True,1.0,0.0,0.0,1.0,1.0,0.0,0.0
86,eda3453c6d5355e0,True,1.0,0.0,0.0,0.0,1.0,1.0,0.0
87,81ac4c9af9ea5562,True,1.0,1.0,1.0,1.0,1.0,1.0,1.0
88,d68601dbb9d45f6b,True,1.0,0.0,0.0,1.0,1.0,0.5,0.0
89,8d7e4421c3e45c99,True,1.0,1.0,0.8155693964181047,1.0,1.0,1.0,0.9231539151742103
90,f335a11369685b08,True,1.0,1.0,0.6287818574421359,1.0,1.0,1.0,0.8453257739342233
91,a523d2a173855e96,True,0.0,1.0,0.0,0.0,1.0,1.0,0.0
92,2f421d857f32510e,True,1.0,0.0,0.0,1.0,1.0,0.0,0.0
93,f34d9948bdc257ab,True,1.0,1.0,1.0,1.0,1.0,1.0,1.0
94,d4f972826d645ca8,True,1.0,1.0,0.6819779658688315,1.0,1.0,1.0,0.8674908191120131
95,97fcdcd35af7563b,True,1.0,1.0,1.0,1.0,1.0,1.0,1.0
96,7d59e0ea1e0d524b,True,1.0,1.0,0.5574818778699941,1.0,1.0,1.0,0.8156174491124976
97,70297f5b95955dce,True,1.0,1.0,0.830414055593325,1.0,1.0,1.0,0.9293391898305522
98,ae5377e5ebf65f45,True,1.0,1.0,0.8134551832685236,1.0,1.0,1.0,0.9222729930285515
99,7a1b61727c255889,True,1.0,1.0,0.7866064556708579,1.0,1.0,1.0,0.9110860231961908
100,57730912486a5853,True,1.0,1.0,0.8610738320256981,1.0,1.0,1.0,0.9421140966773742
101,ccc2b2377fea5191,True,1.0,1.0,1.0,1.0,1.0,1.0,1.0
102,302d9a7758625a37,True,1.0,1.0,1.0,1.0,1.0,1.0,1.0
103,9b5cb743a4a4590b,True,1.0,1.0,1.0,1.0,1.0,0.0,1.0
104,faa12c2adc7c521f,True,1.0,0.0,0.0,1.0,1.0,0.5,0.0
105,6d72d039fb9a551b,True,1.0,1.0,0.6340776980819267,1.0,1.0,1.0,0.8475323742008029
106,a25c025ea58d5409,True,1.0,0.0,0.0,1.0,1.0,0.0,0.0
107,dc0c3446973f56b3,True,1.0,1.0,1.0,1.0,1.0,1.0,1.0
108,2cd1545c4c835ead,True,1.0,1.0,0.7656910830819155,1.0,1.0,1.0,0.9023712846174647
109,cd1234d5b4b2570d,True,1.0,1.0,0.6335650937546154,1.0,1.0,1.0,0.8473187890644232
110,236914bd075052ca,True,1.0,1.0,0.8095962279632356,1.0,1.0,1.0,0.9206650949846815
111,b5ca533bca505ceb,True,1.0,0.0,0.0,1.0,1.0,1.0,0.0
112,626b5dc253965ecb,True,1.0,1.0,0.9294886742478221,1.0,1.0,1.0,0.9706202809365925
113,be33fb4e1b435f1d,True,1.0,1.0,0.8591886188635003,1.0,1.0,1.0,0.9413285911931251
114,9b88dfaff2615c83,True,1.0,1.0,0.7118042087147896,0.0,1.0,0.0,0.4632517536311623
115,88538f4b41cc5d4a,True,1.0,1.0,0.9913657032980825,0.0,1.0,1.0,0.5797357097075344
116,41c7edfd989451cf,True,0.0,1.0,0.0,0.0,1.0,1.0,0.0
117,6a090fe8d71a5f38,True,1.0,1.0,0.9205630442665118,1.0,1.0,1.0,0.96690126844438
118,f52211f2dec85537,True,1.0,0.0,0.0,1.0,1.0,1.0,0.0
119,e0a645315de658bc,True,1.0,1.0,0.7498238658215735,1.0,1.0,1.0,0.8957599440923222
120,765dacfed4925185,True,1.0,1.0,1.0,1.0,1.0,1.0,1.0
121,e952dd35343958d8,True,1.0,1.0,0.7097487353694311,1.0,1.0,1.0,0.8790619730705963
122,26710ebfab6d528c,True,1.0,1.0,1.0,0.0,1.0,0.5,0.5833333333333334
123,bd70654aee0f54a6,True,1.0,0.0,0.0,1.0,1.0,1.0,0.0
124,d2361c07df2f51c2,True,1.0,1.0,0.6858354192788817,1.0,1.0,1.0,0.8690980913662006
125,bdb0947d0c835022,True,1.0,1.0,1.0,1.0,1.0,1.0,1.0
126,a4ed82240b64533a,True,1.0,1.0,0.7856628344653946,1.0,1.0,1.0,0.9106928476939146
127,3ce814811e5252dc,True,1.0,0.0,0.0,1.0,1.0,1.0,0.0
128,01ce9c82de0d5539,True,1.0,1.0,0.7589996741524698,1.0,1.0,1.0,0.8995831975635292
129,517e199220ca522b,True,1.0,1.0,0.9765792998077136,1.0,1.0,1.0,0.9902413749198807
130,9a1d23e8ed1b5837,True,0.5,1.0,1.0,0.0,1.0,1.0,0.2916666666666667
131,7d10959013575b2d,True,1.0,1.0,0.7503887787338159,1.0,1.0,1.0,0.8959953244724232
132,96dd879c7e365dc9,True,1.0,0.0,0.0,1.0,1.0,0.0,0.0
133,3bb3a8f506bf5980,True,1.0,1.0,1.0,1.0,1.0,0.0,1.0
134,955af39177fe5ba1,True,1.0,1.0,0.8800262602977833,1.0,1.0,1.0,0.950010941790743
135,919fcdbcf46f58d1,True,1.0,1.0,0.9247097970097818,1.0,1.0,1.0,0.9686290820874092
136,2ccebcdb0da25be5,True,1.0,1.0,0.9631913894451428,1.0,1.0,0.5,0.9846630789354762
137,043839beb58a5dad,True,1.0,1.0,0.7985042686082726,1.0,1.0,1.0,0.916043445253447
138,ef81756601bc569f,True,1.0,1.0,0.9696907819074168,1.0,1.0,1.0,0.9873711591280904
139,49ee466685265a80,True,1.0,0.0,0.0,1.0,1.0,0.0,0.0
140,7fc46d2957805648,True,1.0,1.0,1.0,1.0,1.0,1.0,1.0
141,9873c047e9155996,True,1.0,1.0,0.7637702508028018,1.0,1.0,1.0,0.9015709378345007
142,71ed3e4fcadc5322,True,1.0,1.0,0.7610573908913197,1.0,1.0,1.0,0.9004405795380498
143,215c38293c335e25,True,1.0,1.0,1.0,0.0,1.0,1.0,0.5833333333333334
144,9c63a8a78f3251d3,True,1.0,1.0,1.0,1.0,1.0,1.0,1.0
145,245bcbae35595474,True,1.0,1.0,1.0,0.0,1.0,1.0,0.5833333333333334
146,210fa74895dc5f52,True,1.0,0.0,0.0,1.0,1.0,1.0,0.0
147,b23be6b0d9765878,True,1.0,1.0,0.850169731323608,1.0,1.0,1.0,0.9375707213848367
148,6ba5ed2f323f53e2,True,1.0,1.0,1.0,1.0,1.0,1.0,1.0
149,26af85cbc2d15e05,True,1.0,1.0,1.0,1.0,1.0,1.0,1.0
150,9ecb100495a5584e,True,1.0,1.0,1.0,1.0,1.0,1.0,1.0
151,96eed7e55d4c5f8b,True,1.0,1.0,0.7759548754258999,1.0,1.0,1.0,0.9066478647607917
152,8c1e2438ad5f514a,True,1.0,1.0,1.0,1.0,1.0,1.0,1.0
153,4826c59b43f6568a,True,1.0,1.0,0.8259629929063174,1.0,1.0,1.0,0.9274845803776323
154,2189449ddbf65bff,True,1.0,0.0,0.0,0.0,1.0,1.0,0.0
155,f49e8b1837cd5b23,True,1.0,0.0,0.0,1.0,1.0,1.0,0.0
156,e6e4e254f1c55405,True,1.0,1.0,0.7345846070043679,1.0,1.0,1.0,0.8894102529184865
157,f1041299a1a059f5,True,1.0,1.0,0.6218153661129282,1.0,1.0,1.0,0.8424230692137201
158,4543b41a1fec5a97,True,1.0,0.0,0.0,1.0,1.0,0.5,0.0
159,f5f55c1132d75fa7,True,1.0,0.0,0.0,0.0,1.0,0.0,0.0
160,b3b8a7989ba5519f,True,1.0,1.0,1.0,1.0,1.0,1.0,1.0
161,29c5b3febc2f5704,True,1.0,1.0,0.8345558173691906,1.0,1.0,1.0,0.9310649239038294
162,d9b577262eed5ceb,True,1.0,0.0,0.0,1.0,1.0,1.0,0.0
163,e2ae05340dba502d,True,0.0,0.0,0.0,0.0,1.0,0.5,0.0
164,7346e23546d15b29,True,1.0,1.0,0.6593281737704378,1.0,1.0,1.0,0.8580534057376825
165,19a595ad0fe35941,True,0.0,1.0,0.0,0.0,1.0,0.5,0.0
166,4109b79d84ea5053,True,1.0,1.0,0.9348328054194619,1.0,1.0,1.0,0.972847002258109
167,0e81b2ebbb30575e,True,1.0,1.0,0.6935034832367885,1.0,1.0,1.0,0.8722931180153285
168,e7b780eed68e5ce3,True,1.0,0.0,0.0,1.0,1.0,1.0,0.0
169,9707c6cbc83556f6,True,1.0,1.0,1.0,1.0,1.0,1.0,1.0
170,1ec907a74cbb54cd,True,1.0,1.0,0.7160781309368043,1.0,1.0,1.0,0.8816992212236684
171,a4fb656f624e5458,True,1.0,1.0,0.8184858704736669,1.0,1.0,1.0,0.9243691126973612
172,12d426c6727d507a,True,1.0,1.0,0.699878814340588,1.0,1.0,1.0,0.8749495059752449
173,0ae7ba2fd0f95d17,True,1.0,1.0,0.8604814970515167,1.0,1.0,1.0,0.9418672904381319
174,a2cbf7c347a45c6e,True,1.0,1.0,1.0,0.0,1.0,1.0,0.5833333333333334
175,33c58e00f5805824,True,1.0,1.0,0.8630855364294615,1.0,1.0,0.5,0.9429523068456089
176,6e395976280452e1,True,1.0,1.0,1.0,1.0,1.0,1.0,1.0
177,70b8c89829d05f30,True,1.0,0.0,0.0,1.0,1.0,1.0,0.0
178,b4f6a0719d2a5670,True,1.0,1.0,0.8753670549564178,1.0,1.0,1.0,0.9480696062318407
179,35dbc03efb3c5f00,True,1.0,1.0,1.0,1.0,1.0,1.0,1.0
180,baf1301534ea54d6,True,0.5,1.0,0.4728618343889235,0.0,1.0,1.0,0.1818462154976924
181,56da58294b3d53c5,True,1.0,1.0,0.784271377824144,1.0,1.0,1.0,0.9101130740933933
182,ed5defe615515789,True,1.0,0.0,0.0,1.0,1.0,1.0,0.0
183,45c4158a235e514a,True,1.0,1.0,1.0,1.0,1.0,1.0,1.0
184,aa2918eb684351bd,True,1.0,1.0,0.7647383127057856,1.0,1.0,1.0,0.901974296960744
185,8b1193abd0b75de0,True,1.0,1.0,0.9171327853473589,1.0,1.0,1.0,0.9654719938947328
186,367ee5f18e345a72,True,1.0,1.0,0.8354645026851332,1.0,1.0,1.0,0.931443542785472
187,901b2d48b2ce5bf1,True,0.0,1.0,0.0,0.0,1.0,1.0,0.0
188,b826ee4aedc95b0c,True,1.0,1.0,0.7912494067141085,1.0,1.0,1.0,0.9130205861308784
189,c86e7d3c0dfb57bd,True,1.0,1.0,1.0,1.0,1.0,1.0,1.0
190,00a757f8d4e45f8c,True,0.5,0.0,0.0,0.0,1.0,0.5,0.0
191,da365ed766db5a6a,True,1.0,1.0,1.0,1.0,1.0,1.0,1.0
192,9c100482944751b3,True,1.0,1.0,0.9365237545064433,1.0,1.0,1.0,0.9735515643776846
193,caa3170f8c3b5cfe,True,1.0,1.0,0.7230482465935232,1.0,1.0,1.0,0.8846034360806346
194,5ee1455d53695e5b,True,1.0,1.0,0.9444615124668666,1.0,1.0,1.0,0.9768589635278611
195,684dc9c8167b5189,True,1.0,1.0,0.5412977645079963,1.0,1.0,1.0,0.8088740685449984
196,bc68d211a62d5c19,True,1.0,1.0,1.0,1.0,1.0,1.0,1.0
197,1e9a42ef8f4057a6,True,1.0,1.0,0.899322468322773,1.0,1.0,1.0,0.9580510284678221
198,e704fb7745a75fd7,True,1.0,1.0,0.6003795258463265,1.0,1.0,1.0,0.8334914691026359
199,25aab48e050659be,True,1.0,1.0,0.7713194778735125,1.0,1.0,1.0,0.9047164491139635
200,aed7c50719f959a1,True,1.0,1.0,1.0,1.0,1.0,1.0,1.0
201,5b1a620dcd675298,True,1.0,1.0,1.0,1.0,1.0,1.0,1.0
202,b4afab5329e95368,True,1.0,1.0,0.923149640121227,1.0,1.0,1.0,0.9679790167171779
203,13b9787d163b5072,True,1.0,1.0,0.4002392571035338,1.0,1.0,0.5,0.7500996904598057
204,bcf92cdb596a5fa2,True,1.0,1.0,0.8284486364226588,1.0,1.0,1.0,0.9285202651761079
205,b04064e074f55bb0,True,1.0,1.0,0.6821760963872484,1.0,1.0,1.0,0.8675733734946869
206,b5f57f5a6b5b5244,True,1.0,1.0,0.6214252345081642,1.0,1.0,1.0,0.8422605143784018
207,69a4cff1f35655ff,True,1.0,1.0,0.42798342355532043,1.0,1.0,1.0,0.7616597598147168
208,b5a8b9b436b05bad,True,0.0,1.0,0.0,0.0,1.0,1.0,0.0
209,7021139b47cf5370,True,1.0,1.0,0.9258584991422282,1.0,1.0,1.0,0.9691077079759284
210,73939fc4dcdf57c4,True,0.0,1.0,0.0,0.0,1.0,0.0,0.0
211,31811172f43c5188,True,1.0,1.0,1.0,1.0,1.0,1.0,1.0
212,c35f0df7bfdb5140,True,0.0,1.0,0.0,0.0,1.0,1.0,0.0
213,697882c22eb65ca7,True,0.5,0.0,0.0,0.0,1.0,0.0,0.0
214,26e8589d8c485726,True,1.0,1.0,0.9293361967336262,1.0,1.0,1.0,0.9705567486390109
215,f63a2f8e05115d52,True,1.0,1.0,1.0,1.0,1.0,1.0,1.0
216,d20a475e7b1956bf,True,0.0,1.0,0.0,0.0,1.0,1.0,0.0
217,fcbe2ed045225b79,True,1.0,0.0,0.0,1.0,1.0,0.0,0.0
218,5ab14dca42a058d9,True,1.0,1.0,0.7694013649056288,1.0,1.0,0.5,0.9039172353773454
219,02325da26296565c,True,1.0,1.0,1.0,1.0,1.0,1.0,1.0
220,66908680155c550a,True,1.0,1.0,1.0,1.0,1.0,1.0,1.0
221,706cc8e44dbd557d,True,1.0,0.0,0.0,1.0,1.0,1.0,0.0
222,f2e2e64000445230,True,1.0,1.0,0.9896848105324006,0.0,1.0,1.0,0.5790353377218336
223,7e2dc290d51f5137,True,1.0,1.0,0.7160985945547306,1.0,1.0,1.0,0.8817077477311378
224,fb5265ab37085422,True,1.0,1.0,1.0,0.0,1.0,1.0,0.5833333333333334
225,959a7f2070f551e9,True,1.0,1.0,0.730401035507842,1.0,1.0,1.0,0.8876670981282674
226,650ed02359615f58,True,1.0,1.0,0.7147278636671187,1.0,1.0,1.0,0.8811366098612995
227,d84b338d48335e67,True,1.0,1.0,0.8998019324094468,1.0,1.0,0.0,0.9582508051706028
228,14b25ce243865457,True,1.0,1.0,0.9364188532305585,1.0,1.0,1.0,0.9735078555127327
229,024d012881be5995,True,1.0,1.0,0.7008310178098894,1.0,1.0,1.0,0.8753462574207873
230,40c06c252a275c50,True,1.0,0.0,0.0,1.0,1.0,1.0,0.0
231,b8554777b68750e7,True,1.0,1.0,0.868288120595972,1.0,1.0,1.0,0.9451200502483217
232,d1af94a471135add,True,1.0,1.0,0.7286263086122894,1.0,1.0,1.0,0.8869276285884539
233,b56a66ac853c56e9,True,1.0,1.0,1.0,0.0,1.0,1.0,0.5833333333333334
234,f47f7733a11d51a1,True,1.0,1.0,1.0,1.0,1.0,1.0,1.0
235,1a707ed0d7ba541d,True,1.0,0.0,0.0,0.0,1.0,1.0,0.0
236,82e565141eb55f88,True,1.0,1.0,0.9955614785774273,1.0,1.0,1.0,0.9981506160739281
237,32e457e686675618,True,1.0,1.0,0.8604796036919973,1.0,1.0,1.0,0.9418665015383322
238,e668948b1c0f5b82,True,1.0,0.0,0.0,1.0,1.0,1.0,0.0
239,956e3aa8415b5712,True,1.0,1.0,0.5314148844993759,1.0,1.0,1.0,0.80475620187474
240,6bd5888420e851a1,True,1.0,1.0,1.0,1.0,1.0,1.0,1.0
241,82c913dd14e05a84,True,0.0,0.0,0.0,0.0,1.0,1.0,0.0
242,02e3e6d3ecfc5240,True,1.0,1.0,0.5490009309968086,1.0,1.0,1.0,0.8120837212486703
243,93bdcee4c814567c,True,1.0,1.0,0.7069351348848897,1.0,1.0,1.0,0.8778896395353707
244,02379e524f105926,True,1.0,1.0,0.9979983376771304,1.0,1.0,1.0,0.9991659740321377
245,88862af321ce5c8f,True,1.0,1.0,1.0,1.0,1.0,1.0,1.0
246,940ba87d553456c3,True,1.0,1.0,0.5955267820596711,1.0,1.0,1.0,0.8314694925248629
247,7dd9388d605c50a1,True,0.0,1.0,0.0,0.0,1.0,0.0,0.0
248,602c93fe201356c2,True,1.0,1.0,1.0,1.0,1.0,1.0,1.0
249,13fe271547945a97,True,1.0,1.0,1.0,1.0,1.0,1.0,1.0
250,dc6df220730c599a,True,1.0,1.0,1.0,0.0,1.0,1.0,0.5833333333333334
251,513a97511d135ebd,True,1.0,0.0,0.0,0.0,1.0,0.5,0.0
252,2cbf505c735c5c34,True,1.0,1.0,0.831325684005772,1.0,1.0,1.0,0.9297190350024049
253,055e7b577c645e2e,True,1.0,1.0,0.9405016835920493,1.0,1.0,1.0,0.9752090348300205
254,0b5b1309df2f5627,True,1.0,1.0,0.669164070200004,1.0,1.0,1.0,0.8621516959166683
255,cfbf3f55398f5fc6,True,1.0,1.0,0.09081651086626154,1.0,1.0,1.0,0.6211735461942757
256,4b3a1e85619e557f,True,1.0,1.0,1.0,1.0,1.0,1.0,1.0
257,49a747ca28cd5d5f,True,1.0,0.0,0.0,1.0,1.0,0.0,0.0
258,465d879f0b205c8f,True,1.0,1.0,1.0,1.0,1.0,1.0,1.0
259,08e03654c0ca5151,True,1.0,1.0,0.8905466172168478,1.0,1.0,1.0,0.9543944238403532
260,e5b0b2c83a395163,True,1.0,0.0,0.0,0.0,1.0,1.0,0.0
261,6c81fef5b490580a,True,1.0,1.0,0.7827969019762024,0.0,1.0,0.0,0.49283204249008433
262,222a07b15e165f6f,True,1.0,1.0,1.0,1.0,1.0,1.0,1.0
263,f72d2f080fe35910,True,1.0,1.0,1.0,0.0,1.0,1.0,0.5833333333333334
264,eb5989e21dc35a47,True,0.0,1.0,0.0,0.0,1.0,1.0,0.0
265,1b4499d988b052ce,True,1.0,1.0,1.0,0.0,1.0,1.0,0.5833333333333334
266,4a0ba18cefc05c63,True,1.0,1.0,1.0,1.0,1.0,1.0,1.0
267,83be5aa78f7652de,True,1.0,1.0,0.11297427588896396,1.0,1.0,1.0,0.6304059482870683
268,806b014bc8c15160,True,1.0,1.0,1.0,1.0,1.0,1.0,1.0
269,e7ae612e880e5d5f,True,1.0,0.0,0.0,1.0,1.0,1.0,0.0
270,2243d4e976fb5b77,True,1.0,1.0,1.0,1.0,1.0,1.0,1.0
271,4cd806a126f85b23,True,1.0,1.0,0.8261301006169408,1.0,1.0,0.0,0.927554208590392
272,a2978bba82bd5751,True,1.0,1.0,1.0,0.0,1.0,0.5,0.5833333333333334
273,c9968e9ec0135b9d,True,0.0,1.0,0.0,0.0,1.0,1.0,0.0
274,e54d6de2e70157b0,True,1.0,1.0,1.0,1.0,1.0,1.0,1.0
275,5a907598a1985222,True,1.0,1.0,0.8705404114451153,1.0,1.0,1.0,0.946058504768798
276,bbc93f086726531e,True,1.0,1.0,0.9743315943035012,1.0,1.0,1.0,0.9893048309597923
277,6828c3caaaca56e1,True,1.0,1.0,0.8090972226112256,1.0,1.0,0.0,0.9204571760880107
278,f211c8127aff5246,True,1.0,0.0,0.0,1.0,1.0,1.0,0.0
279,87da3996575459a8,True,1.0,1.0,0.619422021429903,1.0,1.0,1.0,0.8414258422624595
280,7caa2336614b5ad3,True,0.0,0.0,0.0,0.0,1.0,1.0,0.0
281,dac5a6aa183b5e73,True,1.0,0.0,0.0,1.0,1.0,1.0,0.0
282,0855e09733fe5445,True,1.0,1.0,0.7086060195771021,1.0,1.0,1.0,0.8785858414904593
283,d1065c7c84e054ae,True,1.0,1.0,1.0,1.0,1.0,1.0,1.0
284,a7a7c9782f3951a1,True,1.0,1.0,1.0,1.0,1.0,1.0,1.0
285,4e12d62c42575ac3,True,1.0,1.0,0.7582395706270347,1.0,1.0,1.0,0.8992664877612645
286,a452d968db965d77,True,0.0,0.0,0.0,0.0,1.0,0.0,0.0
287,0038810163a05e09,True,1.0,1.0,1.0,1.0,1.0,1.0,1.0
288,5cdf559f99b859a4,True,0.0,0.0,0.0,0.0,1.0,0.5,0.0
289,0e0e30877d725664,True,1.0,1.0,0.9500207036114516,1.0,1.0,1.0,0.9791752931714383
290,354ac12e8832565a,True,0.0,1.0,0.0,0.0,1.0,1.0,0.0
291,3137903199f35224,True,1.0,0.0,0.0,1.0,1.0,1.0,0.0
292,b58a12e346235cd0,True,0.5,0.0,0.0,0.0,1.0,0.5,0.0
293,f9bd532e790f53ea,True,1.0,1.0,0.9202389559797403,1.0,1.0,1.0,0.9667662316582252
294,18d63cca5ad554d2,True,1.0,1.0,0.8753065832739049,1.0,1.0,1.0,0.9480444096974603
295,a3c4e4bf10d65ddb,True,1.0,1.0,0.8505320198035697,1.0,1.0,1.0,0.9377216749181541
296,8cd3d83dd4825865,True,1.0,1.0,0.8451969702736213,1.0,1.0,1.0,0.9354987376140089
297,df7e2f19b3cc5ba6,True,1.0,1.0,1.0,1.0,1.0,1.0,1.0
298,e805310ff3055efa,True,1.0,1.0,1.0,1.0,1.0,1.0,1.0
299,1ea920764abe5dcb,True,1.0,0.0,0.0,1.0,1.0,0.5,0.0
300,c763328b4b3855b6,True,1.0,1.0,0.9838748351043182,1.0,1.0,1.0,0.9932811812934658
301,569f53e485335820,True,0.0,1.0,0.0,0.0,1.0,1.0,0.0
302,d5fc95fa66025d7a,True,1.0,1.0,0.7247568625219734,1.0,1.0,1.0,0.8853153593841556
303,2f1f5a4351e15458,True,1.0,1.0,0.8552337045606285,1.0,1.0,1.0,0.9396807102335952
304,e36762528cdb5e37,True,1.0,1.0,1.0,1.0,1.0,1.0,1.0
305,b3899f957ebe5684,True,0.5,1.0,0.4721459958185256,0.0,1.0,1.0,0.18169708246219285
306,a3f2ea7187975b13,True,1.0,0.0,0.0,1.0,1.0,1.0,0.0
307,4827434c5d3659cd,True,1.0,1.0,0.9864756750203605,1.0,1.0,1.0,0.9943648645918168
308,288ea364ec115f46,True,1.0,1.0,1.0,1.0,1.0,1.0,1.0
309,c5fb72e3a0855c1b,True,1.0,0.0,0.0,1.0,1.0,1.0,0.0
310,ea1302023ad258ff,True,1.0,0.0,0.0,1.0,1.0,1.0,0.0
311,8d7c5f26b9775cce,True,1.0,1.0,0.7546889443068777,1.0,1.0,1.0,0.8977870601278658
312,a589b9ccbe3e5d1c,True,1.0,1.0,0.6054359895103756,1.0,1.0,1.0,0.8355983289626566
313,0f622aef14545f59,True,1.0,1.0,0.8375019643384779,1.0,1.0,1.0,0.9322924851410325
314,e4c83b8feafe5cb4,True,0.0,1.0,0.0,0.0,1.0,0.0,0.0
315,cc9a87182a05533d,True,1.0,1.0,0.7828216576514825,1.0,1.0,1.0,0.9095090240214511
316,013ec5b715635a66,True,1.0,1.0,1.0,1.0,1.0,1.0,1.0
317,69ed5efe731251d0,True,1.0,1.0,0.7981968483014283,1.0,1.0,1.0,0.9159153534589285
318,975e6554112f5a46,True,1.0,1.0,1.0,1.0,1.0,1.0,1.0
319,169528411ca85ba4,True,1.0,1.0,0.9297443201099377,1.0,1.0,1.0,0.9707268000458074
320,e3f62a1acf9d565e,True,1.0,1.0,1.0,1.0,1.0,1.0,1.0
321,38f4eed7d2cb5cc0,True,1.0,1.0,1.0,1.0,1.0,1.0,1.0
322,e62e904da0695956,True,1.0,1.0,0.8874828052463508,1.0,1.0,1.0,0.9531178355193127
323,3c3991ec8d7a5507,True,1.0,1.0,0.7415921566423525,1.0,1.0,0.5,0.8923300652676468
324,e375b42cd83a5bf3,True,1.0,1.0,1.0,1.0,1.0,1.0,1.0
325,13e6cd945bf95a1f,True,1.0,1.0,0.8736457294141883,1.0,1.0,1.0,0.9473523872559118
326,10b9d1b254f35a74,True,1.0,1.0,0.5970238062239708,1.0,1.0,1.0,0.8320932525933212
327,50209c502bd157c8,True,1.0,0.0,0.0,1.0,1.0,0.5,0.0
328,f9a9b5ee707e501e,True,0.0,1.0,0.0,0.0,1.0,0.0,0.0
329,4cdd4e33b01a52a8,True,1.0,1.0,0.8851541030477221,1.0,1.0,1.0,0.9521475429365509
330,d01fec804cd45644,True,1.0,1.0,0.593910297822044,1.0,1.0,1.0,0.8307959574258517
331,734ef653644c55b9,True,1.0,1.0,0.9936612514695736,0.0,1.0,0.0,0.5806921881123224
332,747f309bac56509f,True,1.0,1.0,0.9133133201712283,1.0,1.0,1.0,0.9638805500713451
333,19f93eaa916d5528,True,1.0,1.0,0.9928969150106541,1.0,1.0,1.0,0.9970403812544392
334,5ca7353cbe4a5cf7,True,1.0,1.0,1.0,1.0,1.0,1.0,1.0
335,c1f712e1aed35216,True,1.0,0.0,0.0,1.0,1.0,0.0,0.0
336,ea789512f1be5a47,True,1.0,1.0,1.0,1.0,1.0,1.0,1.0
337,4763f30d505c5ea6,True,1.0,1.0,0.6400757268079664,1.0,1.0,0.5,0.8500315528366528
338,5be861ae85a75b45,True,1.0,1.0,0.8895633638246175,0.0,1.0,1.0,0.5373180682602573
339,1a3c8066b86857b5,True,1.0,1.0,0.9543881446008023,1.0,1.0,1.0,0.9809950602503342
340,2a49de57fddb59bc,True,1.0,1.0,1.0,0.0,1.0,1.0,0.5833333333333334
341,502fadfdde3554b2,True,1.0,1.0,0.7138847630304267,0.0,1.0,0.5,0.46411865126267776
342,6919975cab1c5345,True,0.0,0.0,0.0,0.0,1.0,0.5,0.0
343,c46b2546f3565375,True,1.0,0.0,0.0,1.0,1.0,1.0,0.0
344,6c76134176255a21,True,1.0,1.0,0.7927133288175312,1.0,1.0,1.0,0.9136305536739714
345,c680cd635f095d1c,True,1.0,1.0,0.9312907325134216,1.0,1.0,1.0,0.971371138547259
346,24429c08a8375061,True,1.0,1.0,0.9543802946922496,0.0,1.0,1.0,0.5643251227884373
347,54c208abe15c56e5,True,1.0,1.0,1.0,1.0,1.0,1.0,1.0
348,a48870c447ef5fe5,True,1.0,1.0,0.6406451636515437,1.0,1.0,1.0,0.8502688181881431
349,522894525b4e5168,True,1.0,0.0,0.0,1.0,1.0,0.5,0.0
350,7f0cb33eb150567e,True,1.0,1.0,1.0,1.0,1.0,1.0,1.0
351,93141bb128bd5a34,True,1.0,1.0,0.8483110836906531,1.0,1.0,1.0,0.9367962848711056
352,64883fdea50b5b8c,True,1.0,1.0,0.9306001207886858,1.0,1.0,1.0,0.9710833836619525
353,0027db600afe56ca,True,1.0,1.0,1.0,1.0,1.0,1.0,1.0
354,4b22a759c31a52c5,True,1.0,1.0,0.8743462772893513,1.0,1.0,1.0,0.9476442822038965
355,54b1308d42085066,True,1.0,1.0,0.8957068507071962,1.0,1.0,1.0,0.9565445211279985
356,c45fc2b353c655af,True,1.0,1.0,0.929114265504705,1.0,1.0,1.0,0.970464277293627
357,9d72593884a757a3,True,1.0,1.0,1.0,1.0,1.0,1.0,1.0
358,071b435a4f4057e0,True,1.0,1.0,0.9497028744913248,1.0,1.0,1.0,0.9790428643713853
359,a8ee480d197e56dd,True,1.0,1.0,1.0,1.0,1.0,1.0,1.0
360,873e300af5a95bf2,True,1.0,1.0,0.969747643533809,1.0,1.0,1.0,0.9873948514724203
361,0de3f9728fc651a6,True,1.0,1.0,0.7711716059260048,1.0,1.0,1.0,0.904654835802502
362,610271d0c1515c8c,True,1.0,1.0,0.7931936187255465,1.0,1.0,1.0,0.9138306744689778
363,f750e0c7f8375bae,True,0.0,1.0,0.0,1.0,1.0,1.0,0.0
364,65fd7014a79b5cba,True,1.0,1.0,0.8371672821169552,1.0,1.0,1.0,0.9321530342153981
365,92ebb72e83325bb1,True,1.0,1.0,0.6014330242008715,1.0,1.0,1.0,0.8339304267503631
366,39a769c19105586e,True,1.0,1.0,0.6197447328297547,1.0,1.0,1.0,0.8415603053457312
367,feff00cef4985d6b,True,1.0,1.0,0.6472578489571993,0.0,0.0,1.0,0.26969077039883305
368,356738fb8224508b,True,0.0,0.0,0.0,0.0,1.0,1.0,0.0
369,92d21bb7692b5664,True,1.0,1.0,0.9531677454706391,1.0,1.0,1.0,0.9804865606127663
370,90c6b53ec4a252bc,True,1.0,1.0,1.0,1.0,1.0,1.0,1.0
371,647c05f9fa725528,True,1.0,1.0,0.572090364874974,1.0,1.0,1.0,0.8217043186979058
372,ea85208e83eb57b6,True,1.0,1.0,1.0,0.0,1.0,0.0,0.5833333333333334
373,c3ace87d2f985eaa,True,1.0,1.0,0.6083226037573363,1.0,1.0,1.0,0.83680108489889
374,5b4f392698d35a5f,True,1.0,0.0,0.0,1.0,1.0,0.5,0.0
375,7ffee2481b68517c,True,1.0,1.0,1.0,1.0,1.0,0.0,1.0
376,4768080b04d5530e,True,1.0,1.0,0.8841951063289226,1.0,1.0,1.0,0.9517479609703844
377,a2e0d4dc100159a5,True,1.0,1.0,0.6119902259455634,1.0,1.0,1.0,0.8383292608106515
378,34cc387cf0335f28,True,1.0,1.0,0.8232706261606876,1.0,1.0,1.0,0.9263627609002865
379,065ec41ed01d59ca,True,1.0,1.0,1.0,1.0,1.0,1.0,1.0
380,910c4dd3f1ec51b1,True,1.0,0.0,0.0,1.0,1.0,1.0,0.0
381,ad781cbf672a5485,True,1.0,1.0,0.6902302495629457,1.0,1.0,1.0,0.8709292706512274
382,7ce6c5c094c55055,True,1.0,1.0,0.7560439282506246,1.0,1.0,1.0,0.8983516367710935
383,0715626fc800527e,True,0.0,1.0,0.0,0.0,1.0,1.0,0.0
384,b3a00387265a5cdc,True,1.0,1.0,1.0,1.0,1.0,1.0,1.0
385,f1f463892f3d5bb7,True,0.0,1.0,0.0,0.0,1.0,0.0,0.0
386,df2b37f4a1b85a4e,True,1.0,1.0,0.8941127887824097,1.0,1.0,1.0,0.9558803286593373
387,f096ff143e815978,True,0.0,1.0,0.0,0.0,1.0,1.0,0.0
388,a96abad3a09753c5,True,1.0,1.0,0.3955804373001455,1.0,1.0,1.0,0.7481585155417273
389,008d66a74c275479,True,1.0,1.0,1.0,1.0,1.0,1.0,1.0
390,355dadd64723531e,True,1.0,1.0,1.0,1.0,1.0,1.0,1.0
391,02bfb6340c185b97,True,1.0,1.0,0.6735544217579946,1.0,1.0,1.0,0.8639810090658311
392,d113b39be843564f,True,1.0,1.0,0.8674813569846248,1.0,1.0,1.0,0.9447838987435938
393,cd828def214c571e,True,1.0,1.0,0.8717619726385083,1.0,1.0,1.0,0.9465674885993783
394,81917c1e1a9b5cdc,True,1.0,1.0,1.0,1.0,1.0,1.0,1.0
395,1cddfddca0bd560a,True,1.0,1.0,1.0,1.0,1.0,1.0,1.0
396,6477d5ad590955ba,True,0.0,1.0,0.0,0.0,1.0,1.0,0.0
397,243480f0f2545b3b,True,1.0,1.0,1.0,0.0,1.0,1.0,0.5833333333333334
398,4e1193a7697853ba,True,1.0,1.0,0.8452200861601846,1.0,1.0,1.0,0.9355083692334102
399,07d1a751018a526f,True,0.0,0.0,0.0,0.0,1.0,0.0,0.0
400,3befac537db85c6c,True,1.0,1.0,1.0,1.0,1.0,1.0,1.0
401,2e037aeeebce56df,True,1.0,1.0,0.7652575559668017,1.0,1.0,1.0,0.9021906483195007
402,4126aeb4289c593c,True,1.0,1.0,1.0,1.0,1.0,1.0,1.0
403,680f4753a59c5a24,True,1.0,1.0,1.0,0.0,1.0,1.0,0.5833333333333334
404,8898650e43665faf,True,1.0,0.0,0.0,0.0,1.0,1.0,0.0
405,74c77891a7d45a15,True,1.0,1.0,1.0,1.0,1.0,1.0,1.0
406,2802831d87ba5a55,True,1.0,1.0,0.4751066395455042,1.0,1.0,1.0,0.7812944331439601
407,aafbe79abf625492,True,1.0,1.0,0.5862839377066785,1.0,1.0,1.0,0.8276183073777826
408,ce09ed938df353d1,True,1.0,1.0,1.0,1.0,1.0,1.0,1.0
409,1f5144778210505c,True,1.0,1.0,1.0,0.0,1.0,1.0,0.5833333333333334
410,d38070017e4e53c3,True,1.0,1.0,0.8919326211845331,1.0,1.0,0.0,0.9549719254935555
411,2073f76964735ff7,True,1.0,1.0,0.8365620117251575,1.0,1.0,0.5,0.9319008382188155
412,74deabca4e1259f5,True,1.0,1.0,1.0,1.0,1.0,1.0,1.0
413,5af27ca0b8135d9d,True,1.0,1.0,0.9136897311223916,1.0,1.0,1.0,0.9640373879676631
414,b4eb56fcd01857bb,True,1.0,1.0,0.7393124312404591,1.0,1.0,1.0,0.8913801796835247
415,f53ece8c1cb9562c,True,1.0,1.0,0.9983481146218552,1.0,1.0,1.0,0.9993117144257729
416,e0164d976037592c,True,1.0,1.0,0.8356962034259866,1.0,1.0,1.0,0.9315400847608277
417,8ee3467219fc5c8a,True,0.0,1.0,0.0,0.0,1.0,1.0,0.0
418,af5f095a4d815525,True,0.0,1.0,0.0,0.0,1.0,1.0,0.0
419,0b2839db08ae5ed6,True,0.0,0.0,0.0,0.0,1.0,0.0,0.0
420,10f5795252265ff3,True,0.0,1.0,0.0,0.0,1.0,0.5,0.0
421,ad84af7b33615884,True,1.0,1.0,1.0,1.0,1.0,0.0,1.0
422,ccd1908db4765e03,True,0.5,0.0,0.0,0.0,1.0,0.0,0.0
423,5f4ad64db9ac5419,True,1.0,1.0,1.0,1.0,1.0,1.0,1.0
424,a916c0c016825703,True,1.0,1.0,1.0,1.0,1.0,1.0,1.0
425,e14d9a1990535a29,True,1.0,0.0,0.0,1.0,1.0,1.0,0.0
426,7766bcc52078528c,True,1.0,1.0,1.0,1.0,1.0,1.0,1.0
427,e59a5171c33c5af9,True,0.0,1.0,0.0,0.0,1.0,1.0,0.0
428,906ffee6860e524a,True,0.0,1.0,0.0,0.0,1.0,1.0,0.0
429,ec3a67acceec55cc,True,1.0,1.0,1.0,1.0,1.0,1.0,1.0
430,a9f07bb60bd75461,True,1.0,1.0,0.807630198885332,1.0,1.0,1.0,0.9198459162022217
431,345fc96fdf4c572b,True,1.0,1.0,1.0,0.0,1.0,1.0,0.5833333333333334
432,ad5284a6be715f10,True,1.0,1.0,0.6461563789848881,1.0,1.0,0.0,0.85256515791037
433,a99280d8424c55b2,True,1.0,1.0,1.0,1.0,1.0,1.0,1.0
434,0da1e53d70565ba4,True,0.0,1.0,0.0,0.0,1.0,1.0,0.0
435,4a4bf6e11a875f33,True,1.0,1.0,0.8306693362684423,1.0,1.0,1.0,0.9294455567785177
436,12177b43d67d51a7,True,1.0,1.0,1.0,1.0,1.0,1.0,1.0
437,cbdda157b6705786,True,1.0,1.0,0.6139539648316222,1.0,1.0,1.0,0.8391474853465093
438,4a4316b978495bba,True,1.0,1.0,1.0,1.0,1.0,1.0,1.0
439,3c303aa231e65a53,True,1.0,1.0,0.9324987646914652,1.0,1.0,1.0,0.9718744852881104
440,3e96578a903d59d8,True,1.0,1.0,1.0,1.0,1.0,1.0,1.0
441,570a5855539b5c7e,True,1.0,1.0,0.8493634425872842,1.0,1.0,1.0,0.9372347677447017
442,059ce9cd10135396,True,1.0,1.0,0.9207495670590209,1.0,1.0,1.0,0.966978986274592
443,33c1e6fe4ce650bf,True,1.0,1.0,0.8758129913987347,1.0,1.0,1.0,0.9482554130828061
444,d94860755c1f5594,True,0.0,0.0,0.0,0.0,1.0,1.0,0.0
445,4bc95052d6d8547e,True,1.0,1.0,0.8234043371750392,1.0,1.0,1.0,0.926418473822933
446,1d037ee2ffda5d69,True,1.0,1.0,1.0,1.0,1.0,1.0,1.0
447,b5c2d13e8d5c517a,True,0.0,1.0,0.0,0.0,1.0,1.0,0.0
448,2b006c0fae365892,True,1.0,1.0,1.0,1.0,1.0,1.0,1.0
449,4f5e535c78385629,True,1.0,1.0,1.0,1.0,1.0,1.0,1.0
450,ae46065dc9ce55b1,True,0.0,1.0,0.0,0.0,1.0,1.0,0.0
451,e367d7a3c3b55302,True,0.0,0.0,0.0,0.0,1.0,1.0,0.0
452,15b25b99cf2d5965,True,1.0,1.0,1.0,1.0,1.0,1.0,1.0
453,f3c7dc93e3bc57c1,True,1.0,1.0,0.966931415781569,0.0,1.0,1.0,0.5695547565756538
454,580b253c853c5ef9,True,1.0,0.0,0.0,1.0,1.0,1.0,0.0
455,6dfba05513f05909,True,1.0,0.0,0.0,1.0,1.0,1.0,0.0
456,fc4bdb76d30553b0,True,1.0,1.0,0.5533527964314202,1.0,1.0,1.0,0.8138969985130918
457,e85416da86d4567f,True,1.0,1.0,0.8102889721627338,1.0,1.0,1.0,0.9209537384011391
458,be7331d3f05e5d16,True,1.0,1.0,1.0,1.0,1.0,1.0,1.0
459,c12b3554dcd655c0,True,1.0,1.0,0.8981011572457815,1.0,1.0,1.0,0.9575421488524091
460,ccd53fdd1b6e51b8,True,1.0,1.0,0.6662635479287706,1.0,1.0,1.0,0.8609431449703212
461,c48cfa7c240d5808,True,1.0,1.0,0.9507868250526452,1.0,1.0,1.0,0.9794945104386023
462,0e27333e64a45dfb,True,1.0,1.0,0.8719894872392744,1.0,1.0,1.0,0.9466622863496976
463,056c6ca971b355b4,True,1.0,1.0,0.8416180085491491,1.0,1.0,1.0,0.9340075035621455
464,f55c530f3875533f,True,1.0,1.0,0.9689478112591559,1.0,1.0,1.0,0.9870615880246483
465,0774f845fe6b5de3,True,1.0,0.0,0.0,1.0,1.0,1.0,0.0
466,71dedbc865b25faf,True,1.0,0.0,0.0,1.0,1.0,1.0,0.0
467,2ff39958d9f35279,True,1.0,1.0,0.80294879223404,1.0,1.0,1.0,0.9178953300975167
468,dd43c6087aca5206,True,1.0,1.0,0.7149117065511111,1.0,1.0,1.0,0.881213211062963
469,5c9063357a725208,True,1.0,1.0,1.0,1.0,1.0,1.0,1.0
470,b81c602d68a25e90,True,1.0,0.0,0.0,1.0,1.0,1.0,0.0
471,b50cf2a689a55433,True,1.0,1.0,0.9111012648931248,1.0,1.0,1.0,0.9629588603721354
472,f2508193ac0c5f27,True,1.0,1.0,0.41410593223489994,1.0,1.0,1.0,0.7558774717645417
473,c07f609f83b85dd6,True,1.0,1.0,0.8693225812154776,1.0,1.0,1.0,0.945551075506449
474,5b61b9072cad5dbc,True,1.0,0.0,0.0,1.0,1.0,0.5,0.0
475,46c8d578ddb55784,True,1.0,1.0,0.8399646046453924,1.0,1.0,1.0,0.9333185852689135
476,053895d2bfc754f3,True,1.0,1.0,0.9038802723405239,0.0,1.0,1.0,0.5432834468085517
477,ad0beea498f15978,True,1.0,1.0,0.7623680463387237,1.0,1.0,1.0,0.9009866859744683
478,47fae9a1708b5101,True,1.0,1.0,1.0,1.0,1.0,1.0,1.0
479,ddf3383ec8965d9b,True,1.0,0.0,0.0,0.0,1.0,0.5,0.0
480,f3e32c06633756e9,True,1.0,1.0,0.812065410288945,1.0,1.0,1.0,0.921693920953727
481,08dfae1bbef35bdc,True,1.0,1.0,0.8257400433579766,1.0,1.0,1.0,0.9273916847324903
482,21d4990a6b4f597a,True,1.0,1.0,0.7147549167538609,1.0,1.0,1.0,0.8811478819807754
483,55e018d3bd3d5abc,True,1.0,1.0,0.960668858495523,1.0,1.0,1.0,0.9836120243731346
484,b0c4bad4c4fa5060,True,1.0,1.0,1.0,1.0,1.0,1.0,1.0
485,2b04c510144e5545,True,1.0,0.0,0.0,1.0,1.0,1.0,0.0
486,3fe4d3672285579c,True,1.0,1.0,0.9369160299869953,1.0,1.0,1.0,0.9737150124945814
487,674ebcb39a4d528f,True,1.0,1.0,0.7466950793549446,1.0,1.0,1.0,0.8944562830645603
488,7d80c95c24645b06,True,1.0,1.0,1.0,1.0,1.0,1.0,1.0
489,2ad9640eb724590d,True,0.5,0.0,0.0,0.0,1.0,0.0,0.0
490,406f8b299de35ce2,True,1.0,1.0,0.3172388885356611,1.0,1.0,0.5,0.7155162035565255
491,8179a26d74615228,True,1.0,1.0,0.8949731285589105,1.0,1.0,1.0,0.9562388035662127
492,6ed328b05b54553e,True,1.0,1.0,0.6231040988788009,1.0,1.0,1.0,0.8429600411995004
493,47359dd210e254ea,True,1.0,1.0,0.7631862790153344,1.0,1.0,0.5,0.9013276162563894
494,1d3a143cf41f5d16,True,1.0,1.0,0.7653592889008768,1.0,1.0,1.0,0.902233037042032
495,33c738c5f199510e,True,1.0,1.0,0.9661050612568025,1.0,1.0,1.0,0.9858771088570011
496,b30e51044c885122,True,1.0,1.0,1.0,1.0,1.0,1.0,1.0
497,05965158ab845b47,True,1.0,0.0,0.0,1.0,1.0,1.0,0.0
498,04703c86cf5b5a20,True,1.0,0.0,0.0,1.0,1.0,0.0,0.0
499,b94fd2088a4f5688,True,1.0,1.0,0.7777428276366503,0.0,1.0,1.0,0.49072617818193764
500,bb0d850edd125bbe,True,0.0,1.0,0.0,0.0,1.0,0.0,0.0
501,43cfa12f279355aa,True,1.0,1.0,0.778597191684427,1.0,1.0,1.0,0.9077488298685111
502,e001c497823c5154,True,1.0,1.0,1.0,1.0,1.0,1.0,1.0
503,81a473b817565cb9,True,1.0,1.0,0.7170113638721872,1.0,1.0,1.0,0.882088068280078
504,134cbee5a9635cd7,True,1.0,1.0,1.0,1.0,1.0,1.0,1.0
505,c239a3efe5df5739,True,1.0,0.0,0.0,1.0,1.0,1.0,0.0
506,2d305230053e5e19,True,1.0,1.0,1.0,0.0,1.0,1.0,0.5833333333333334
507,e82216ae03b05bd4,True,1.0,1.0,1.0,1.0,1.0,1.0,1.0
508,6074e965781b510e,True,1.0,0.0,0.0,1.0,1.0,1.0,0.0
509,f54559dd98e75d83,True,1.0,1.0,0.8389640630147075,1.0,1.0,1.0,0.9329016929227948
510,6debfcfccc75589c,True,1.0,1.0,0.8537961744885382,1.0,1.0,1.0,0.9390817393702241
511,9900336c08095d0f,True,1.0,0.0,0.0,1.0,1.0,1.0,0.0
512,4d0df74bfb035f8a,True,1.0,0.0,0.0,0.0,1.0,0.0,0.0
513,7aeb6cedbf4353ef,True,1.0,1.0,0.8253323911893714,1.0,1.0,1.0,0.9272218296622382
514,3260b9e0a6ac5b8b,True,1.0,1.0,0.6873510590881202,1.0,1.0,1.0,0.8697296079533835
515,c056dcf1096258a4,True,1.0,1.0,1.0,1.0,1.0,1.0,1.0
516,977f40bd144b59e9,True,1.0,1.0,0.7876763895183396,1.0,1.0,1.0,0.9115318289659747
517,435eadb0f1fe5b49,True,1.0,1.0,1.0,1.0,1.0,1.0,1.0
518,c41b4666b98e5b92,True,1.0,1.0,1.0,1.0,1.0,1.0,1.0
519,d31d38e1a2305147,True,0.5,1.0,0.38026087625607924,0.0,1.0,1.0,0.16255434922001652
520,a5de46cebb7d5260,True,1.0,0.0,0.0,1.0,1.0,1.0,0.0
521,963ea50b7eb2554b,True,1.0,1.0,1.0,1.0,1.0,1.0,1.0
522,20ec6765e35d5cd1,True,0.0,1.0,0.0,0.0,1.0,1.0,0.0
523,4334739a7f4e554e,True,1.0,1.0,1.0,1.0,1.0,1.0,1.0
524,b637b5849b475a18,True,1.0,1.0,0.8009519198476224,1.0,1.0,1.0,0.9170632999365093
525,23ca661f3d7754c7,True,1.0,1.0,0.8747501443382062,1.0,1.0,1.0,0.9478125601409193
526,d745bef1cebc52e7,True,1.0,1.0,1.0,1.0,1.0,1.0,1.0
527,ceb9332b03d3577b,True,1.0,1.0,0.7544325370640423,1.0,1.0,1.0,0.8976802237766842
528,94ae12c4703950be,True,1.0,1.0,0.8364978739238135,1.0,1.0,1.0,0.9318741141349222
529,2c14c850f6645147,True,0.0,1.0,0.0,0.0,1.0,0.0,0.0
530,0ba42ee3c2555502,True,1.0,1.0,0.7406224756032871,1.0,1.0,1.0,0.8919260315013696
531,6884907db45c5cad,True,1.0,1.0,0.97378816200655,1.0,1.0,1.0,0.9890784008360626
532,b87c15c9f6cf54eb,True,1.0,0.0,0.0,1.0,1.0,0.5,0.0
533,5138bac9ac59508f,True,1.0,1.0,0.7597365712556555,1.0,1.0,1.0,0.8998902380231898
534,01e6276eff385ea8,True,1.0,0.0,0.0,1.0,1.0,1.0,0.0
535,50b72b9404da516c,True,1.0,1.0,1.0,1.0,1.0,1.0,1.0
536,64ee149f402a5601,True,1.0,1.0,1.0,1.0,1.0,1.0,1.0
537,1288b2d19d695376,True,1.0,1.0,1.0,0.0,1.0,1.0,0.5833333333333334
538,7b7ce3374d1e51dc,True,0.5,0.0,0.0,0.0,1.0,0.5,0.0
539,0c330f8c6d6658ee,True,1.0,0.0,0.0,1.0,1.0,1.0,0.0
540,6f07313e88ab56fd,True,1.0,0.0,0.0,1.0,1.0,1.0,0.0
541,875f14a6967d5192,True,1.0,1.0,0.9062219585798106,1.0,1.0,1.0,0.960925816074921
542,45f13336bbd35146,True,1.0,0.0,0.0,1.0,1.0,0.0,0.0
543,5795e118157f528f,True,1.0,1.0,1.0,1.0,1.0,1.0,1.0
544,cc7d3c360c345a4b,True,0.0,1.0,0.0,0.0,1.0,1.0,0.0
545,51e74fb3d9945768,True,1.0,1.0,0.8636587814063416,1.0,1.0,1.0,0.943191158919309
546,1935e5d682ff5981,True,1.0,1.0,0.9069112574285396,1.0,1.0,1.0,0.9612130239285582
547,bb6cb09beb1e5e3f,True,1.0,1.0,1.0,0.0,1.0,1.0,0.5833333333333334
548,070b688b49225760,True,1.0,1.0,1.0,1.0,1.0,1.0,1.0
549,de16c26b38425a6b,True,1.0,1.0,1.0,1.0,1.0,1.0,1.0
550,4cac9f6cd85a5b47,True,1.0,1.0,0.8842893869870083,1.0,1.0,1.0,0.9517872445779201
551,1693d395bec753ae,True,1.0,1.0,1.0,1.0,1.0,1.0,1.0
552,cd7568df56095ff2,True,1.0,1.0,1.0,1.0,1.0,1.0,1.0
553,a6c24c9ca7335016,True,1.0,1.0,1.0,1.0,1.0,1.0,1.0
554,e360cb69b8a55a47,True,1.0,1.0,0.9624975798047081,1.0,1.0,1.0,0.984373991585295
555,70a70a9054d75d9f,True,1.0,1.0,1.0,1.0,1.0,1.0,1.0
556,2f525b2a3cf35331,True,1.0,1.0,1.0,1.0,1.0,1.0,1.0
557,51e7c560a43d5a25,True,1.0,1.0,0.9212403189811936,1.0,1.0,1.0,0.967183466242164
558,b9aa102f4d7b5751,True,1.0,1.0,1.0,0.0,1.0,1.0,0.5833333333333334
559,16d4141f073d52f1,True,1.0,0.0,0.0,1.0,1.0,0.0,0.0
560,8c7e28b482935cd8,True,0.0,1.0,0.0,0.0,1.0,1.0,0.0
561,1eb474de58ca5d6f,True,1.0,1.0,0.901222668346585,1.0,1.0,1.0,0.9588427784777438
562,b6589175626f5510,True,1.0,1.0,0.613841122738761,1.0,1.0,1.0,0.8391004678078171
563,908f696abf7c5a26,True,1.0,1.0,0.8462449307407577,1.0,1.0,1.0,0.9359353878086489
564,8872d388cf435f07,True,1.0,1.0,0.9880003343152628,1.0,1.0,1.0,0.9950001392980262
565,ac0f18be77bd585c,True,1.0,1.0,0.6641956603239887,1.0,1.0,1.0,0.8600815251349953
566,3ffbf8596e7655ec,True,0.0,1.0,0.0,0.0,1.0,1.0,0.0
567,dd23e66ff660575e,True,1.0,1.0,0.7227499086125821,1.0,1.0,0.5,0.8844791285885759
568,c2ce362b9cf95fee,True,0.0,0.0,0.0,0.0,1.0,1.0,0.0
569,816a869e91ae5d17,True,1.0,0.0,0.0,1.0,1.0,1.0,0.0
570,71405d414236553c,True,1.0,1.0,0.6862963325822664,1.0,1.0,1.0,0.8692901385759443
571,ae01be6a753e5f98,True,1.0,1.0,0.8103310614638778,1.0,1.0,1.0,0.9209712756099492
572,8869a2f03bbd5570,True,1.0,1.0,1.0,1.0,1.0,1.0,1.0
573,b4aa2f58df795a92,True,1.0,1.0,0.9262426162880875,1.0,1.0,1.0,0.9692677567867031
574,6891e8163e4d5e58,True,0.0,1.0,0.0,0.0,1.0,1.0,0.0
575,c4e94b7583555176,True,1.0,1.0,1.0,0.0,1.0,1.0,0.5833333333333334
576,774006a654915196,True,1.0,1.0,0.759820774023602,1.0,1.0,1.0,0.8999253225098341
577,63d80f7499fc5784,True,1.0,1.0,1.0,0.0,1.0,1.0,0.5833333333333334
578,8fb6a2364e0c53f9,True,1.0,1.0,0.9789175807240414,1.0,1.0,1.0,0.9912156586350173
579,6ac603d43fbb57ef,True,0.0,1.0,0.0,0.0,1.0,1.0,0.0
580,a5d3eca1660f5855,True,1.0,1.0,0.834925864548206,1.0,1.0,1.0,0.9312191102284192
581,7fb4ab2c7e8c527f,True,1.0,1.0,1.0,1.0,1.0,1.0,1.0
582,2d4d907377f35695,True,1.0,1.0,0.7808049263854542,1.0,1.0,1.0,0.9086687193272726
583,0ebdf3a905ba522f,True,1.0,1.0,0.8632857239320315,1.0,1.0,1.0,0.9430357183050132
584,d3719519c1f95276,True,0.0,1.0,0.0,0.0,1.0,0.5,0.0
585,018ba0bc5f145074,True,1.0,1.0,0.7293729560566091,1.0,1.0,1.0,0.8872387316902538
586,ee526f78f4ce5d75,True,1.0,1.0,1.0,1.0,1.0,1.0,1.0
587,db1f0ea31f525bdb,True,1.0,1.0,0.9627080342459551,1.0,1.0,1.0,0.9844616809358145
588,b5bdef8a05605164,True,0.0,0.0,0.0,0.0,1.0,0.0,0.0
589,45408d0676b7570c,True,1.0,1.0,0.8516380387102327,1.0,1.0,1.0,0.9381825161292636
590,9360bfdb65d153cd,True,1.0,1.0,0.8213293678675797,1.0,1.0,1.0,0.9255539032781582
591,ce9ee9a68a4c5e93,True,1.0,1.0,1.0,1.0,1.0,1.0,1.0
592,7d423cc4c7b9541a,True,0.0,1.0,0.0,0.0,1.0,1.0,0.0
593,3e053f89d1c55a7e,True,1.0,1.0,0.8013204028484477,1.0,1.0,1.0,0.9172168345201865
594,c06d7badaabb5a9f,True,1.0,1.0,0.8939262327680858,1.0,1.0,1.0,0.9558025969867024
595,2ee0fbae6edc5e0d,True,1.0,0.0,0.0,1.0,1.0,1.0,0.0
596,2070f12707d95924,True,1.0,0.0,0.0,1.0,1.0,0.5,0.0
597,3e8b81f8eb205311,True,1.0,1.0,0.7908990533982994,1.0,1.0,1.0,0.9128746055826248
598,446dbb38653a51a8,True,1.0,1.0,1.0,1.0,1.0,1.0,1.0
599,b19f226d281e588a,True,1.0,0.0,0.0,1.0,1.0,1.0,0.0
600,e009079e2dc25bbf,True,1.0,1.0,0.9126139509407385,1.0,1.0,1.0,0.9635891462253077
601,535e19c081ec5c28,True,1.0,1.0,1.0,0.0,1.0,1.0,0.5833333333333334
602,2908ea54e9955267,True,1.0,0.0,0.0,1.0,1.0,1.0,0.0
603,e1f6c044f4235462,True,1.0,1.0,0.5650952583156151,1.0,1.0,1.0,0.8187896909648397
604,4e27d27410c85f81,True,1.0,1.0,0.8349395699752357,1.0,1.0,1.0,0.9312248208230148
605,e4eebb1bdcdf5ae6,True,1.0,1.0,0.9893156846122781,1.0,1.0,1.0,0.9955482019217826
606,9b16e4fea2c25446,True,0.0,1.0,0.0,0.0,1.0,1.0,0.0
607,87a5fd24e88d5e0a,True,1.0,1.0,0.790382818039607,1.0,1.0,1.0,0.9126595075165028
608,89766121ee605be0,True,0.0,1.0,0.0,0.0,1.0,0.0,0.0
609,b5b0ab149f9055db,True,1.0,1.0,0.6591129614560711,1.0,1.0,1.0,0.8579637339400296
610,f5f7d39ffe625dda,True,1.0,1.0,0.9765498867083697,1.0,1.0,1.0,0.9902291194618207
611,f6855b72b0aa57e2,True,1.0,1.0,0.890271932647337,1.0,1.0,1.0,0.9542799719363905
612,667afe1f010351c5,True,0.0,1.0,0.0,0.0,1.0,0.5,0.0
613,3067f3d3d5a75989,True,1.0,1.0,1.0,1.0,1.0,1.0,1.0
614,eadc0f19b54352ae,True,1.0,1.0,0.7997828442897469,1.0,1.0,1.0,0.9165761851207278
615,1eff566e627f56b9,True,0.0,1.0,0.0,0.0,1.0,1.0,0.0
616,b528a0aa02695437,True,1.0,1.0,0.8508889141018082,0.0,1.0,1.0,0.5212037142090867
617,2f8dd3404f375ed8,True,0.5,1.0,0.41501761694979,0.0,1.0,1.0,0.1697953368645396
618,6da3bcc544be52d3,True,1.0,1.0,0.6194980535321227,1.0,1.0,1.0,0.8414575223050512
619,9baf3c1d42b25070,True,1.0,1.0,0.9990103982281896,1.0,1.0,1.0,0.9995876659284123
620,90a14e5bd7cb5f47,True,1.0,0.0,0.0,1.0,1.0,1.0,0.0
621,0695553567185c3c,True,1.0,1.0,1.0,1.0,1.0,1.0,1.0
622,f8f02729d1ee5c16,True,0.0,1.0,0.0,0.0,1.0,1.0,0.0
623,0d50bb8976e45ea7,True,1.0,1.0,1.0,1.0,1.0,1.0,1.0
624,97f7a14f8a835f59,True,1.0,1.0,1.0,1.0,1.0,1.0,1.0
625,38d08753fa4651c2,True,0.0,1.0,0.0,0.0,1.0,1.0,0.0
626,d218ff87bdc25c55,True,0.5,1.0,0.5094578247475068,0.0,1.0,0.0,0.1894703801557306
627,01e3dbb4fbcd5781,True,1.0,1.0,1.0,1.0,1.0,1.0,1.0
628,8b1aea091a6f5a16,True,0.0,1.0,0.0,0.0,1.0,1.0,0.0
629,62108a4000e85dae,True,1.0,1.0,1.0,1.0,1.0,1.0,1.0
630,26e5c3fb8af15012,True,1.0,1.0,0.5373463095457781,1.0,1.0,1.0,0.8072276289774075
631,a2ed8d7503b85e2d,True,1.0,1.0,1.0,1.0,1.0,1.0,1.0
632,fbc9981c30745684,True,0.5,0.0,0.0,0.0,1.0,1.0,0.0
633,8c8694effde754e6,True,1.0,0.0,0.0,1.0,1.0,1.0,0.0
634,7af63267db5c5415,True,1.0,1.0,0.8480389977157828,1.0,1.0,1.0,0.9366829157149095
635,ad3d0b30c78355d4,True,1.0,1.0,0.8891879078830536,1.0,1.0,1.0,0.9538282949512723
636,3dc04b54c3515f56,True,1.0,1.0,0.864217715318147,1.0,1.0,1.0,0.943424048049228
637,69d75ac905035187,True,0.5,0.0,0.0,0.0,1.0,1.0,0.0
638,61c5308743b35db2,True,1.0,1.0,0.8457031898033804,1.0,1.0,1.0,0.9357096624180752
639,3e8c8729205850ab,True,1.0,1.0,0.7438702108573468,1.0,1.0,1.0,0.8932792545238946
640,5806eb348e3250d9,True,1.0,1.0,0.7992100770181559,1.0,1.0,0.5,0.9163375320908983
641,701eca801b6f5ba9,True,1.0,1.0,1.0,1.0,1.0,1.0,1.0
642,1370cea130165b51,True,1.0,1.0,0.6947324955307571,1.0,1.0,1.0,0.8728052064711488
643,bd646d9caaef57d8,True,1.0,1.0,1.0,1.0,1.0,1.0,1.0
644,a366d90f10ca5866,True,1.0,0.0,0.0,1.0,1.0,0.0,0.0
645,c51ec68aa4fe5f05,True,1.0,1.0,1.0,1.0,1.0,1.0,1.0
646,52d6d6f0e4305a44,True,0.0,1.0,0.0,0.0,1.0,1.0,0.0
647,cda41068b4b65ae0,True,1.0,0.0,0.0,1.0,1.0,1.0,0.0
648,2f4117000a605404,True,1.0,1.0,0.9334484569485392,1.0,1.0,1.0,0.9722701903952246
649,c6c94bd6691c5008,True,1.0,1.0,0.45528579338430253,1.0,1.0,1.0,0.7730357472434594
650,3dfa374651035868,True,1.0,1.0,1.0,1.0,1.0,1.0,1.0
651,c665621fe4e455cb,True,1.0,1.0,0.5507024551937622,1.0,1.0,1.0,0.8127926896640676
652,96f6cde1205e5865,True,1.0,1.0,0.7205988967098481,1.0,1.0,1.0,0.8835828736291034
653,0cbeffce57295a2b,True,1.0,1.0,1.0,0.0,1.0,1.0,0.5833333333333334
654,ba190b181dc85a2b,True,1.0,1.0,1.0,1.0,1.0,0.5,1.0
655,d4f5976a6d615330,True,1.0,1.0,0.9809440224326056,1.0,1.0,1.0,0.9920600093469191
656,cb50b764d69557b9,True,1.0,1.0,1.0,1.0,1.0,1.0,1.0
657,cb1d400e9da85f43,True,1.0,1.0,1.0,1.0,1.0,1.0,1.0
658,a27875deccc151e0,True,1.0,1.0,0.770262240753167,1.0,1.0,1.0,0.904275933647153
659,3b6fb25a1e725f29,True,1.0,1.0,1.0,1.0,1.0,1.0,1.0
660,0d7d0361dc665d25,True,1.0,1.0,1.0,1.0,1.0,1.0,1.0
661,239cb4818dc458fd,True,1.0,1.0,1.0,1.0,1.0,1.0,1.0
662,ed98a4566ea95092,True,0.0,1.0,0.0,0.0,1.0,1.0,0.0
663,de354f243fa157ec,True,1.0,1.0,0.921365761463953,1.0,1.0,1.0,0.9672357339433137
664,c5b585ddf50d5f1f,True,1.0,0.0,0.0,1.0,1.0,1.0,0.0
665,c9395d7ca7f75410,True,1.0,1.0,0.8019240051469089,0.0,0.0,1.0,0.33413500214454533
666,e1209ca7050c5033,True,1.0,0.0,0.0,1.0,1.0,1.0,0.0
667,028613e11f415422,True,1.0,1.0,1.0,0.0,1.0,1.0,0.5833333333333334
668,95bd905e3f685a28,True,1.0,1.0,0.7712781355221583,1.0,1.0,1.0,0.9046992231342327
669,b657fb1afb7c54f3,True,1.0,1.0,0.811921452704179,1.0,1.0,1.0,0.9216339386267413
670,4302a0a4b9f05b61,True,1.0,1.0,0.6233277045188258,1.0,1.0,1.0,0.8430532102161775
671,9116e9726a6f59cb,True,1.0,1.0,0.867177829650949,1.0,1.0,1.0,0.9446574290212287
672,6136d15f12905f36,True,1.0,1.0,1.0,1.0,1.0,1.0,1.0
673,929fe68adaef5ee7,True,1.0,1.0,0.4372004645153507,1.0,1.0,1.0,0.7655001935480628
674,a756084987b256e5,True,1.0,0.0,0.0,1.0,1.0,1.0,0.0
675,2c337eb368fb54ca,True,1.0,0.0,0.0,0.0,1.0,0.5,0.0
676,dfb6fbca92bb5183,True,1.0,1.0,0.8013797321016084,1.0,1.0,1.0,0.9172415550423368
677,70e6f01ee485510a,True,1.0,1.0,0.8955731311169933,1.0,1.0,1.0,0.9564888046320806
678,85a89a122095548d,True,1.0,1.0,1.0,1.0,1.0,1.0,1.0
679,fae990c38c515aa9,True,1.0,1.0,0.854498454461764,0.0,1.0,1.0,0.5227076893590683
680,a4ab5ff4ba7259f9,True,1.0,1.0,0.6965442109917468,1.0,1.0,1.0,0.8735600879132278
681,f606d0e6eda7549a,True,1.0,1.0,0.9899398613899244,1.0,1.0,1.0,0.9958082755791352
682,613770d7f39051be,True,0.5,1.0,0.6012775809589245,0.0,1.0,1.0,0.20859949603310926
683,f57f56e799be599f,True,1.0,1.0,0.6913563374439452,1.0,1.0,1.0,0.8713984739349772
684,5e80270349cb530c,True,1.0,1.0,0.934566967977677,1.0,1.0,1.0,0.9727362366573654
685,d42d0a93b7185161,True,1.0,1.0,0.5943705947510359,1.0,1.0,1.0,0.8309877478129316
686,feb7748995f55bdd,True,1.0,1.0,1.0,0.0,1.0,1.0,0.5833333333333334
687,b2f320b5d94753f9,True,1.0,1.0,0.8194799590941394,1.0,1.0,1.0,0.9247833162892247
688,1fc3acd944ba540e,True,1.0,1.0,0.874519870418843,1.0,1.0,1.0,0.947716612674518
689,f9ed38d9ddfa531e,True,1.0,0.0,0.0,1.0,1.0,1.0,0.0
690,02f75336f9f55e4f,True,1.0,1.0,0.5548818134586829,0.0,1.0,0.5,0.3978674222744512
691,7c150adbe5225f20,True,1.0,1.0,0.9180063271438735,1.0,1.0,1.0,0.9658359696432806
692,d3484ba53e775a66,True,1.0,1.0,1.0,1.0,1.0,1.0,1.0
693,24edcd5e5b7f546a,True,1.0,1.0,0.9435129862273771,1.0,1.0,1.0,0.976463744261407
694,a2e2a360029f508f,True,1.0,1.0,0.8531379459520806,1.0,1.0,1.0,0.9388074774800336
695,2002780575295bdc,True,1.0,1.0,1.0,1.0,1.0,1.0,1.0
696,0a21cbc65e5b514f,True,1.0,1.0,0.8163815788137683,1.0,1.0,1.0,0.9234923245057368
697,8704f4971e305ed3,True,1.0,1.0,0.7675288072203924,1.0,1.0,1.0,0.9031370030084968
698,8a43e10749585b21,True,1.0,1.0,0.5613160739115552,1.0,1.0,1.0,0.8172150307964814
699,755461a5329554de,True,1.0,1.0,0.5389714845484875,0.0,1.0,1.0,0.3912381185618698
700,2783db04f9b05383,True,1.0,1.0,0.9718535786412642,1.0,1.0,1.0,0.9882723244338601
701,1b3ed6f1e9b8574d,True,1.0,0.0,0.0,1.0,1.0,1.0,0.0
702,7ba76233a35553c2,True,1.0,1.0,1.0,1.0,1.0,1.0,1.0
703,a04628cdd3f25947,True,1.0,1.0,0.8937602663642297,0.0,1.0,0.5,0.5390667776517624
704,4d718caa6ebc5b37,True,1.0,0.0,0.0,1.0,1.0,1.0,0.0
705,0616f9723c60524d,True,1.0,1.0,0.8550141142231495,1.0,1.0,1.0,0.9395892142596457
706,815153cb27f95a7c,True,1.0,1.0,0.6877786962614832,1.0,1.0,1.0,0.8699077901089515
707,ec8a3deaeb1a53ac,True,1.0,1.0,0.8630845110061812,1.0,1.0,1.0,0.9429518795859089
708,76a0c83f0b6453a0,True,0.0,1.0,0.0,0.0,1.0,1.0,0.0
709,5d5cef2e5d6b5d6b,True,1.0,1.0,0.8444805989376147,1.0,1.0,0.5,0.9352002495573396
710,f7d2b771e8425c20,True,1.0,1.0,0.7771812866150569,1.0,1.0,1.0,0.9071588694229403
711,eab63019e1825aea,True,1.0,1.0,1.0,1.0,1.0,1.0,1.0
712,a988872adfe45a71,True,0.0,1.0,0.0,0.0,1.0,1.0,0.0
713,07a369a8e34d541e,True,0.0,1.0,0.0,0.0,1.0,1.0,0.0
714,7bcc91de36385afe,True,1.0,0.0,0.0,1.0,1.0,0.5,0.0
715,efcc43b333075098,True,1.0,1.0,0.8930434033509357,1.0,1.0,1.0,0.9554347513962232
716,45845be1b56d59c7,True,1.0,1.0,1.0,1.0,1.0,1.0,1.0
717,e36edd3aedf05e30,True,1.0,1.0,0.7294084967370531,1.0,1.0,1.0,0.8872535403071055
718,7ebca95e877a557b,True,1.0,1.0,0.9276782394825414,1.0,1.0,1.0,0.9698659331177256
719,5c934edce20758e5,True,1.0,1.0,0.9329311676015654,1.0,1.0,1.0,0.9720546531673189
720,68188bae28595f7c,True,1.0,1.0,1.0,1.0,1.0,1.0,1.0
721,b3f47592bf415aa3,True,1.0,1.0,0.7882115736768093,1.0,1.0,1.0,0.9117548223653372
722,7f1f382094685881,True,1.0,1.0,1.0,1.0,1.0,1.0,1.0
723,113d448b6ea8555c,True,1.0,1.0,1.0,1.0,1.0,1.0,1.0
724,1981a85eb4ba5001,True,0.0,1.0,0.0,0.0,1.0,0.0,0.0
725,ba9d1824bc8c5e7d,True,1.0,1.0,0.7890706768397071,1.0,1.0,1.0,0.9121127820165446
726,2fb12c4c2eec5b8d,True,1.0,1.0,1.0,1.0,1.0,1.0,1.0
727,693ca321449e5a83,True,1.0,0.0,0.0,1.0,1.0,0.0,0.0
728,49a0d29c7058501c,True,1.0,1.0,0.6065765565803453,1.0,1.0,1.0,0.8360735652418105
729,65caa24efb4556af,True,0.0,1.0,0.0,0.0,1.0,1.0,0.0
730,c02bb4d7993e5bbb,True,0.0,1.0,0.0,0.0,1.0,1.0,0.0
731,95fa228136aa55d1,True,1.0,0.0,0.0,1.0,1.0,1.0,0.0
732,1ecea4b911675b72,True,1.0,0.0,0.0,1.0,1.0,1.0,0.0
733,59c19d828f665a79,True,1.0,1.0,0.6835699131874117,1.0,1.0,0.5,0.8681541304947548
734,13848a5be84f5a4a,True,1.0,1.0,0.9078849290390294,1.0,1.0,1.0,0.961618720432929
735,85ab290d4e535060,True,1.0,1.0,1.0,1.0,1.0,1.0,1.0
736,6498149e85ef5b8d,True,1.0,1.0,1.0,1.0,1.0,1.0,1.0
737,72808a9b1e7f5f15,True,1.0,1.0,1.0,1.0,1.0,1.0,1.0
738,b3c1a2ac292d5e3f,True,1.0,1.0,1.0,1.0,1.0,1.0,1.0
739,fbe0e54ef79254bb,True,1.0,1.0,0.7336264816309305,1.0,1.0,1.0,0.8890110340128876
740,9f8f670a268550e5,True,1.0,1.0,0.99854589958988,1.0,1.0,1.0,0.9993941248291168
741,874ce413a47e5c30,True,0.0,1.0,0.0,0.0,1.0,1.0,0.0
742,0972cf3a4c5d5a39,True,1.0,1.0,0.7775751903478577,1.0,1.0,1.0,0.9073229959782741
743,9d69a0f2f73f5035,True,1.0,1.0,1.0,0.0,1.0,1.0,0.5833333333333334
744,4a62cc0027965e10,True,1.0,0.0,0.0,1.0,1.0,1.0,0.0
745,cc6022c226c15d80,True,1.0,0.0,0.0,0.0,1.0,1.0,0.0
746,3d11d1a35e8f500d,True,1.0,1.0,0.9581855536353933,0.0,1.0,1.0,0.5659106473480805
747,6d08dce7cfaa5035,True,1.0,1.0,1.0,1.0,1.0,1.0,1.0
748,449baff4aece5ab3,True,1.0,1.0,1.0,1.0,1.0,1.0,1.0
749,5975a1af11e25fe4,True,1.0,1.0,1.0,1.0,1.0,1.0,1.0
750,c72c3c003bc95aab,True,1.0,1.0,1.0,0.0,1.0,1.0,0.5833333333333334
751,2ef107f7be2351a5,True,1.0,1.0,0.9217322640192116,1.0,1.0,1.0,0.9673884433413381
752,64a52073ea395752,True,1.0,1.0,0.7569294097484256,1.0,1.0,1.0,0.8987205873951774
753,eabdad9a669b5739,True,1.0,1.0,1.0,1.0,1.0,1.0,1.0
754,5396af8f09455852,True,1.0,0.0,0.0,1.0,1.0,1.0,0.0
755,56b80cb2ca2c5983,True,1.0,1.0,0.5820928513996771,1.0,1.0,1.0,0.8258720214165322
756,654f6079561e5cdb,True,1.0,1.0,0.9792134632514192,1.0,1.0,1.0,0.9913389430214247
757,5c55fbcddea45f87,True,1.0,1.0,1.0,1.0,1.0,1.0,1.0
758,19f8a93df08452b5,True,1.0,1.0,0.7605658622884711,1.0,1.0,1.0,0.9002357759535297
759,bb4ca2b147d35b62,True,1.0,0.0,0.0,1.0,1.0,1.0,0.0
760,39752b75d70d5458,True,1.0,1.0,1.0,1.0,1.0,1.0,1.0
761,3bae0e44f3095a9c,True,1.0,1.0,0.6693453811362944,1.0,1.0,1.0,0.8622272421401226
762,aacc2ed7ba2859c5,True,1.0,0.0,0.0,1.0,1.0,0.0,0.0
763,b5271c19eef859ed,True,0.0,1.0,0.0,0.0,1.0,1.0,0.0
764,402ec186b8ea545e,True,1.0,0.0,0.0,1.0,1.0,0.5,0.0
765,75f91ced021c543e,True,1.0,1.0,0.8041842476985556,1.0,1.0,1.0,0.9184101032077315
766,a59bd481d324594a,True,1.0,1.0,0.8144420942816388,1.0,1.0,1.0,0.9226842059506829
767,806b0f2b2ade5454,True,1.0,1.0,1.0,1.0,1.0,1.0,1.0
768,8d8f238bb7315004,True,1.0,1.0,0.7551912241403255,1.0,1.0,1.0,0.8979963433918022
769,970cfee3bc7d5e3d,True,1.0,1.0,0.8808545281635282,1.0,1.0,0.5,0.9503560534014701
770,551afc276a1a5ab3,True,1.0,1.0,0.7288643387318271,1.0,1.0,1.0,0.8870268078049279
771,650d84864184549e,True,1.0,1.0,0.6924529447584654,1.0,1.0,1.0,0.8718553936493606
772,cbe7b4e464235ca6,True,1.0,0.0,0.0,1.0,1.0,1.0,0.0
773,1636385aa7ce5995,True,1.0,1.0,0.5934968348883103,0.0,1.0,1.0,0.41395701453679595
774,3623f8c74e7a5d1d,True,1.0,1.0,1.0,1.0,1.0,1.0,1.0
775,d3d9e16508ae5756,True,1.0,0.0,0.0,1.0,1.0,1.0,0.0
776,c388df5240dd5f6c,True,1.0,1.0,0.8123830020059615,1.0,1.0,1.0,0.9218262508358173
777,9e032298e808528a,True,1.0,1.0,0.8270800335782483,1.0,1.0,1.0,0.9279500139909368
778,430f1f445caf5b3e,True,1.0,0.0,0.0,1.0,1.0,1.0,0.0
779,a82f1c8ad27d53cc,True,0.0,1.0,0.0,0.0,1.0,1.0,0.0
780,5218653349a6502a,True,1.0,0.0,0.0,1.0,1.0,0.5,0.0
781,fffbe416ae85553b,True,1.0,1.0,0.9003629019127539,1.0,1.0,1.0,0.9584845424636473
782,aace7a7aeaf75f2c,True,1.0,1.0,0.9519933235670073,1.0,1.0,1.0,0.9799972181529197
783,8e9f743d92c05d10,True,1.0,1.0,1.0,1.0,1.0,1.0,1.0
784,42b065f7e76d50ed,True,1.0,1.0,1.0,1.0,1.0,1.0,1.0
785,b2c0a19be09f5b76,True,1.0,1.0,0.758619914291902,1.0,1.0,1.0,0.8994249642882925
786,2d4b17f8d7585219,True,1.0,1.0,1.0,1.0,1.0,1.0,1.0
787,8ac66bedd6d057d2,True,1.0,0.0,0.0,1.0,1.0,1.0,0.0
788,664106f910475a53,True,1.0,1.0,1.0,1.0,1.0,0.0,1.0
789,622867ce25805447,True,1.0,1.0,0.724673222346043,1.0,1.0,1.0,0.8852805093108512
790,a77872c55f1b52a1,True,1.0,1.0,0.8126817052956911,1.0,1.0,1.0,0.9219507105398712
791,77f0818999145e8f,True,1.0,1.0,0.8783623216986194,0.0,1.0,1.0,0.5326509673744247
792,2743a2f96269577c,True,1.0,0.0,0.0,1.0,1.0,0.0,0.0
793,68d4846662cd53c3,True,1.0,1.0,0.7666235120606159,1.0,1.0,1.0,0.9027597966919233
794,b9ddc4b10ef751a5,True,0.0,1.0,0.0,0.0,1.0,1.0,0.0
795,1218b6a218b750d8,True,1.0,1.0,1.0,0.0,1.0,1.0,0.5833333333333334
796,110bec4c6d2153d7,True,1.0,1.0,0.8435624598524165,1.0,1.0,0.5,0.9348176916051735
797,81d893bd99de519b,True,1.0,1.0,1.0,1.0,1.0,1.0,1.0
798,f35274c7a16657d7,True,1.0,1.0,0.9724651822595842,1.0,1.0,0.5,0.9885271592748267
799,dc5bfa6f51225853,True,1.0,1.0,0.8968698247596898,1.0,1.0,1.0,0.9570290936498708
800,57076e49ca7c5570,True,1.0,1.0,0.8589949409733094,1.0,1.0,1.0,0.9412478920722123
801,d978a6878e7b5e8b,True,1.0,1.0,1.0,1.0,1.0,1.0,1.0
802,06b2df49f0455bd0,True,1.0,1.0,0.6364366503689617,1.0,1.0,1.0,0.8485152709870674
803,1f55063084fd593c,True,1.0,1.0,1.0,1.0,1.0,1.0,1.0
804,10ae805f0be95c1f,True,1.0,1.0,0.8550843374777631,1.0,1.0,1.0,0.939618473949068
805,757fb1d7679c5dc2,True,1.0,1.0,0.8007000831793801,1.0,1.0,1.0,0.9169583679914085
806,e8e01645fcde5b8e,True,1.0,1.0,0.9019848858610517,1.0,1.0,1.0,0.9591603691087714
807,7a90cd45ef505058,True,1.0,1.0,1.0,1.0,1.0,1.0,1.0
808,62735179d4f258ea,True,1.0,0.0,0.0,1.0,1.0,1.0,0.0
809,fbc91394092b5dbb,True,1.0,1.0,0.7797569214414333,1.0,1.0,1.0,0.9082320506005971
810,10779d3fd7815d2f,True,1.0,1.0,0.8077090809972454,1.0,1.0,1.0,0.9198787837488522
811,6fa01275a4525b26,True,1.0,1.0,1.0,1.0,1.0,1.0,1.0
812,ca6a8cc7012a5fac,True,1.0,0.0,0.0,1.0,1.0,1.0,0.0
813,ecce119989c25ae9,True,1.0,1.0,0.9332920607291245,1.0,1.0,1.0,0.9722050253038018
814,a4f4a240e54e56b2,True,1.0,1.0,1.0,1.0,1.0,1.0,1.0
815,82b415fbbc725562,True,1.0,1.0,1.0,1.0,1.0,1.0,1.0
816,48f9e483baaf58a0,True,1.0,1.0,0.5487911301382912,1.0,1.0,1.0,0.811996304224288
817,ae73a52a1a5d54ac,True,1.0,1.0,1.0,1.0,1.0,1.0,1.0
818,df044fb9c65c5d52,True,0.0,1.0,0.0,0.0,1.0,1.0,0.0
819,7ac633604a3c572d,True,1.0,1.0,1.0,1.0,1.0,1.0,1.0
820,ffe848c5ab4e5b30,True,1.0,1.0,0.9103857986364478,1.0,1.0,0.0,0.9626607494318532
821,8c2841e7cecf5047,True,1.0,1.0,0.82326984450897,1.0,1.0,1.0,0.9263624352120708
822,decc2e4c0f445afc,True,1.0,1.0,0.8257838596510673,1.0,1.0,1.0,0.9274099415212781
823,66a0abcb3eac57df,True,1.0,1.0,0.6831013290155669,1.0,1.0,1.0,0.8679588870898195
824,094551eaba7351f5,True,1.0,0.0,0.0,1.0,1.0,1.0,0.0
825,20a6e330d8f1571b,True,1.0,1.0,1.0,1.0,1.0,0.0,1.0
826,df2ed02abeba57fe,True,1.0,0.0,0.0,1.0,1.0,1.0,0.0
827,bcb48691833d5afe,True,1.0,0.0,0.0,0.0,1.0,1.0,0.0
828,aba3b771ef0054c6,True,1.0,1.0,0.8859040290853745,1.0,1.0,1.0,0.9524600121189061
829,bf0a29ccead65750,True,1.0,0.0,0.0,1.0,1.0,0.5,0.0
830,277758d55617567b,True,1.0,1.0,0.649088454709746,1.0,1.0,1.0,0.8537868561290608
831,4554dbd136da53b8,True,1.0,1.0,0.9685115870997908,1.0,1.0,1.0,0.9868798279582461
832,086e4501de295946,True,1.0,0.0,0.0,1.0,1.0,0.0,0.0
833,76d3db995c9e5946,True,1.0,1.0,0.8127100319603934,1.0,1.0,1.0,0.9219625133168305
834,6a9642ab1a745aac,True,1.0,1.0,0.607584067523444,1.0,1.0,1.0,0.8364933614681016
835,1537a74401845849,True,1.0,1.0,0.5302376433839758,1.0,1.0,1.0,0.8042656847433233
836,eb4bbe69b80d5f12,True,1.0,1.0,1.0,1.0,1.0,1.0,1.0
837,c8d4707fcc465f8b,True,1.0,1.0,0.9392761894211242,1.0,1.0,1.0,0.9746984122588017
838,4b58ef9360555bac,True,0.0,1.0,0.0,0.0,1.0,1.0,0.0
839,c2cfb091173a5ca2,True,1.0,1.0,1.0,1.0,1.0,1.0,1.0
840,6d93bbdab42255a9,True,1.0,1.0,1.0,1.0,1.0,1.0,1.0
841,f3a61425920f57a7,True,0.0,0.0,0.0,0.0,1.0,0.0,0.0
842,075cf94c3db15021,True,1.0,0.0,0.0,1.0,1.0,0.5,0.0
843,1e921882661b5a6b,True,0.0,1.0,0.0,0.0,1.0,1.0,0.0
844,cdf234c4f4c35156,True,1.0,0.0,0.0,1.0,1.0,0.0,0.0
845,40ce7057faae541e,True,1.0,1.0,0.8402807140884772,1.0,1.0,1.0,0.9334502975368655
846,35cf51dd13d559c0,True,1.0,0.0,0.0,1.0,1.0,0.0,0.0
847,4c24c3efe0e4519d,True,1.0,1.0,0.8387019359486322,1.0,1.0,1.0,0.9327924733119302
848,cbadd750cbd6581b,True,1.0,1.0,0.7679964238527504,1.0,1.0,1.0,0.9033318432719794
849,9fe07284cb3f5e0a,True,1.0,1.0,1.0,0.0,1.0,1.0,0.5833333333333334
850,53414ba6577d5923,True,1.0,1.0,0.6201543360664844,1.0,1.0,1.0,0.8417309733610351
851,614d5297c1a05a46,True,1.0,1.0,0.9726176235821773,1.0,1.0,1.0,0.9885906764925739
852,471869e791085ef6,True,1.0,1.0,0.9244248375269776,1.0,1.0,1.0,0.968510348969574
853,a7f15e4638b352c4,True,1.0,1.0,0.8667089559344502,1.0,1.0,1.0,0.9444620649726877
854,93ff1c769e6f5507,True,1.0,1.0,0.8799950569297268,1.0,1.0,1.0,0.949997940387386
855,d22135cc2a13514f,True,1.0,0.0,0.0,0.0,1.0,1.0,0.0
856,508511fd38a15d52,True,1.0,1.0,0.9747573611374103,1.0,1.0,1.0,0.9894822338072542
857,aec02ec2aec85c06,True,1.0,1.0,0.5666377939799268,1.0,1.0,0.5,0.8194324141583028
858,4dde36d102a4526b,True,1.0,1.0,1.0,1.0,1.0,1.0,1.0
859,6c08755130155f96,True,1.0,1.0,1.0,1.0,1.0,1.0,1.0
860,8b93118c77d25b5d,True,1.0,1.0,1.0,1.0,0.0,1.0,0.8333333333333334
861,564bb94f846e5fe1,True,1.0,1.0,0.5911500094332256,1.0,1.0,1.0,0.8296458372638439
862,e0b92501aa5051b1,True,1.0,1.0,1.0,0.0,1.0,1.0,0.5833333333333334
863,0fc626b8de655cc7,True,1.0,1.0,0.717081511494796,1.0,1.0,1.0,0.882117296456165
864,fe0c83d70ca456ae,True,1.0,1.0,0.860677671214481,1.0,1.0,1.0,0.9419490296727004
865,cf0aec572cdd543e,True,1.0,1.0,0.9543415496222027,1.0,1.0,1.0,0.9809756456759179
866,515fefed28a65a88,True,1.0,1.0,0.7557427325242967,1.0,1.0,1.0,0.8982261385517903
867,9a357640ddd453d2,True,0.0,1.0,0.0,0.0,1.0,1.0,0.0
868,6e190fde9f8958f1,True,1.0,1.0,0.9250238517994842,1.0,1.0,1.0,0.968759938249785
869,8733d5cc8ae956df,True,1.0,1.0,0.7732086211336818,0.0,1.0,1.0,0.4888369254723674
870,b96ea08d168f5a3d,True,1.0,1.0,0.7496393252887633,1.0,1.0,1.0,0.8956830522036513
871,66f8bdd077ff5fc3,True,1.0,1.0,0.9144486664626376,1.0,1.0,1.0,0.9643536110260991
872,6eac1c0e2bbd57bb,True,1.0,1.0,0.6848425880624219,1.0,1.0,0.5,0.8686844116926759
873,6d088615a8c05649,True,1.0,1.0,0.7922824395270962,1.0,1.0,1.0,0.9134510164696233
874,c13f0e8db9b15c69,True,1.0,1.0,1.0,1.0,1.0,1.0,1.0
875,f16fe36eef2b5157,True,1.0,1.0,1.0,1.0,1.0,1.0,1.0
876,019667e138b95ff0,True,1.0,1.0,0.8090459633400446,1.0,1.0,1.0,0.920435818058352
877,4d9c7a900c6c5081,True,1.0,1.0,0.7588527546505369,1.0,1.0,1.0,0.8995219811043903
878,35b84fa433f0583f,True,1.0,1.0,0.5719681595456635,1.0,1.0,1.0,0.8216533998106931
879,4a919f7ea2f65200,True,1.0,0.0,0.0,1.0,1.0,1.0,0.0
880,30187e714d065b0b,True,1.0,1.0,0.8798393980664645,1.0,1.0,1.0,0.9499330825276936
881,768ae2e06b1e5d90,True,1.0,1.0,0.860109218526886,1.0,1.0,1.0,0.9417121743862026
882,98e3abe2a38c5156,True,1.0,0.0,0.0,1.0,1.0,1.0,0.0
883,00b838c358175255,True,1.0,1.0,0.7481092694529522,1.0,1.0,1.0,0.8950455289387301
884,9483bda6b31259bd,True,1.0,0.0,0.0,1.0,1.0,1.0,0.0
885,0dc3dee5c8815a90,True,1.0,1.0,1.0,1.0,1.0,1.0,1.0
886,81935f2cb7d45945,True,1.0,1.0,0.9319780075995343,1.0,1.0,1.0,0.9716575031664726
887,0dff39153a005f4f,True,1.0,1.0,0.8219381538374378,1.0,1.0,1.0,0.9258075640989324
888,bc2fe3314b345c63,True,0.0,1.0,0.0,0.0,1.0,1.0,0.0
889,2c1f43c6b93c5952,True,1.0,0.0,0.0,1.0,1.0,0.0,0.0
890,789af91cd1755b7e,True,1.0,1.0,0.7378706931108285,1.0,1.0,1.0,0.8907794554628451
891,be87511d69ba58e7,True,1.0,1.0,0.8403141037734071,1.0,1.0,1.0,0.9334642099055864
892,1d612d6783845a87,True,1.0,1.0,0.9614471715581919,1.0,1.0,1.0,0.98393632148258
893,df534bbfbbba5b0c,True,1.0,1.0,1.0,1.0,1.0,1.0,1.0
894,b814c5b773165d87,True,1.0,1.0,0.8787883542055157,1.0,1.0,0.0,0.9494951475856315
895,0d77009a20f25175,True,1.0,1.0,0.800326708727708,1.0,1.0,1.0,0.9168027953032117
896,a815da9bf45d5b15,True,1.0,1.0,1.0,0.0,1.0,1.0,0.5833333333333334
897,e36e9da57e1e5e32,True,1.0,1.0,0.6084639899020541,1.0,1.0,1.0,0.8368599957925226
898,4f6abcc897955dfd,True,1.0,0.0,0.0,1.0,1.0,0.0,0.0
899,559c83269c035643,True,1.0,1.0,1.0,1.0,1.0,1.0,1.0
900,88904a762b5f5793,True,1.0,1.0,1.0,1.0,1.0,1.0,1.0
901,dcf89e4b93ba5fbe,True,0.0,1.0,0.0,0.0,1.0,1.0,0.0
902,1cb96199b6a45732,True,1.0,1.0,0.7858572433518434,1.0,1.0,1.0,0.9107738513966014
903,0b4c7130090c5e85,True,1.0,1.0,1.0,1.0,1.0,1.0,1.0
904,e9597ce7a5a7589b,True,1.0,0.0,0.0,1.0,1.0,1.0,0.0
905,e6025eb182885adb,True,1.0,1.0,0.9796155454627637,1.0,1.0,1.0,0.9915064772761516
906,bc63d7f1ab7759ee,True,1.0,1.0,0.8606655240728354,1.0,1.0,1.0,0.9419439683636814
907,be43454e5a4f5a2a,True,1.0,0.0,0.0,1.0,1.0,0.5,0.0
908,a259460cd13f55c2,True,1.0,0.0,0.0,1.0,1.0,1.0,0.0
909,66a924c7d02159cf,True,1.0,1.0,0.6313006421188354,1.0,1.0,1.0,0.8463752675495148
910,a305b24487775cfc,True,1.0,1.0,1.0,0.0,1.0,1.0,0.5833333333333334
911,618902d469b5516e,True,1.0,1.0,0.7982958928769376,1.0,1.0,1.0,0.9159566220320574
912,f419cea88ed9500b,True,1.0,1.0,0.9266591697566314,1.0,1.0,1.0,0.9694413207319297
913,b0b25b314843551d,True,1.0,1.0,1.0,1.0,1.0,1.0,1.0
914,8ff8246f69f75f6a,True,1.0,1.0,0.8492529700022021,1.0,1.0,1.0,0.9371887375009176
915,2cde4f39412a556d,True,1.0,1.0,0.7707773312942987,1.0,1.0,1.0,0.9044905547059577
916,35aa38c73e9251a7,True,1.0,1.0,0.9729482682587642,1.0,1.0,1.0,0.9887284451078185
917,1712f51cf5df564a,True,1.0,1.0,0.8983884239007687,1.0,1.0,1.0,0.9576618432919869
918,bd4dac2ccde55c08,True,1.0,1.0,0.8841664198006113,1.0,1.0,1.0,0.9517360082502547
919,b639f9aef8055d40,True,1.0,0.0,0.0,1.0,1.0,1.0,0.0
920,0ee0c8c2556c506a,True,1.0,1.0,1.0,1.0,1.0,1.0,1.0
921,621a9591a97758b8,True,1.0,0.0,0.0,1.0,1.0,0.0,0.0
922,2f1edc1ab2b55b05,True,1.0,1.0,0.8767052229388793,1.0,1.0,1.0,0.9486271762245332
923,844760894a04505a,True,0.0,1.0,0.0,0.0,1.0,1.0,0.0
924,ee7be0b111a85c25,True,1.0,1.0,1.0,1.0,1.0,1.0,1.0
925,8d62f19202505230,True,1.0,0.0,0.0,1.0,1.0,0.0,0.0
926,def5763ef93655ae,True,1.0,1.0,0.8766937339767021,1.0,1.0,1.0,0.9486223891569593
927,192e92b5db4754a6,True,1.0,1.0,0.820238032053913,1.0,1.0,0.0,0.9250991800224636
928,b9e84e372b3958ac,True,0.0,1.0,0.0,0.0,1.0,1.0,0.0
929,5d3fbc3605fb5bb9,True,0.0,0.0,0.0,0.0,1.0,1.0,0.0
930,6b977574e52a5f1b,True,1.0,1.0,1.0,1.0,1.0,1.0,1.0
931,3ea2b59016145c63,True,1.0,0.0,0.0,1.0,1.0,1.0,0.0
932,34a92bb4ef51562b,True,1.0,1.0,0.9012245276967326,0.0,1.0,1.0,0.5421768865403053
933,3ce72ef7e80855e2,True,1.0,0.0,0.0,0.0,1.0,1.0,0.0
934,4899341a782f5409,True,1.0,1.0,1.0,1.0,1.0,1.0,1.0
935,1cf4270132e35206,True,1.0,1.0,0.887917697263552,1.0,1.0,1.0,0.95329904052648
936,0a954cc695e751ab,True,1.0,1.0,0.7028217322242046,1.0,1.0,1.0,0.8761757217600853
937,d3322747793a5dda,True,0.0,1.0,0.0,0.0,1.0,1.0,0.0
938,695beb73604159b7,True,1.0,1.0,1.0,1.0,1.0,1.0,1.0
939,f9720f622fd4511b,True,0.0,1.0,0.0,0.0,1.0,1.0,0.0
940,b51815625ee05f75,True,1.0,1.0,1.0,1.0,1.0,1.0,1.0
941,99e3b8d3211f53d7,True,1.0,1.0,0.6292032234242956,1.0,1.0,1.0,0.8455013430934565
942,c354c8cf3c975581,True,1.0,0.0,0.0,1.0,1.0,0.0,0.0
943,482601c870805c11,True,0.0,1.0,0.0,0.0,1.0,1.0,0.0
944,76375396b08e5143,True,1.0,1.0,0.785293583514936,1.0,1.0,1.0,0.9105389931312233
945,77f9c895af8b59f3,True,1.0,1.0,1.0,1.0,1.0,1.0,1.0
946,676880c7e31252c0,True,1.0,1.0,0.6983964687509181,1.0,1.0,1.0,0.8743318619795492
947,9243ca15a76e552f,True,1.0,0.0,0.0,0.0,1.0,0.0,0.0
948,d395fa715d3e58c7,True,1.0,0.0,0.0,1.0,1.0,1.0,0.0
949,9b3eda2685e75099,True,1.0,1.0,1.0,1.0,1.0,1.0,1.0
950,d577027e9c295bde,True,1.0,1.0,0.8070185453227355,0.0,1.0,0.5,0.5029243938844731
951,34e7c93be2465f25,True,0.0,1.0,0.0,0.0,1.0,1.0,0.0
952,cea4eb2a60da5354,True,1.0,1.0,1.0,1.0,1.0,1.0,1.0
953,fcdcb2e456bf5360,True,1.0,0.0,0.0,1.0,1.0,0.5,0.0
954,a27fe5d9685c5795,True,1.0,1.0,0.7436216697472002,1.0,1.0,1.0,0.893175695728
955,199a2738284e52c9,True,1.0,0.0,0.0,1.0,1.0,0.0,0.0
956,742ac4ddb9d7557d,True,0.0,1.0,0.0,0.0,1.0,1.0,0.0
957,0b177a1d821055ea,True,1.0,1.0,0.8844651832333174,1.0,1.0,1.0,0.9518604930138822
958,43ce8a5ddf8f5541,True,1.0,1.0,1.0,1.0,1.0,1.0,1.0
959,9b0b6d3472465b35,True,1.0,1.0,1.0,1.0,1.0,1.0,1.0
960,217307a367fd551a,True,0.0,1.0,0.0,0.0,1.0,1.0,0.0
961,5444d6dfc06559c3,True,1.0,1.0,1.0,1.0,1.0,1.0,1.0
962,3f19f97d980754f7,True,1.0,1.0,0.8462504605344506,1.0,1.0,1.0,0.9359376918893544
963,71246cbb6de459d6,True,1.0,1.0,0.8415265207361645,1.0,1.0,1.0,0.9339693836400685
964,3d34ef81b357566e,True,0.0,1.0,0.0,0.0,1.0,1.0,0.0
965,d8f68111f5145cc9,True,1.0,1.0,0.9418524330000393,1.0,1.0,1.0,0.9757718470833497
966,537935a8e7b653f2,True,1.0,1.0,0.5787183978966407,1.0,1.0,0.5,0.8244659991236003
967,4b347fca93c65596,True,1.0,0.0,0.0,1.0,1.0,1.0,0.0
968,23d0ae8aedf8537b,True,1.0,1.0,0.9534325843262782,1.0,1.0,1.0,0.9805969101359492
969,39b5d00781925b16,True,1.0,1.0,1.0,1.0,1.0,1.0,1.0
970,116aacf9868e5e4e,True,1.0,1.0,0.7115618200984869,1.0,1.0,1.0,0.8798174250410362
971,490475b585895e0e,True,0.0,1.0,0.0,0.0,1.0,1.0,0.0
972,bc949c2045ca5537,True,1.0,1.0,0.8001594920592711,1.0,1.0,1.0,0.9167331216913629
973,fd63045289ac5df7,True,1.0,1.0,0.9820434302365694,1.0,1.0,1.0,0.9925180959319039
974,05d6f076bdc855d1,True,0.0,1.0,0.0,0.0,1.0,0.5,0.0
975,fa937665dc4a5d08,True,1.0,1.0,1.0,1.0,1.0,1.0,1.0
976,126fd1a0d1675f57,True,1.0,1.0,0.7305265540469901,1.0,1.0,1.0,0.8877193975195792
977,0e08da5fbc735956,True,1.0,1.0,0.5633091088617272,1.0,1.0,1.0,0.8180454620257196
978,f40843145ae35cd8,True,1.0,1.0,0.5112001489941984,1.0,1.0,0.5,0.7963333954142494
979,424cdafd92f25209,True,1.0,1.0,1.0,1.0,1.0,1.0,1.0
980,5487bbfde69354cb,True,1.0,1.0,0.8589215004497737,1.0,1.0,1.0,0.9412172918540724
981,bbb7e4525bd05d3d,True,1.0,1.0,1.0,1.0,1.0,1.0,1.0
982,dc4b44d8961e538a,True,0.5,0.0,0.0,0.0,1.0,1.0,0.0
983,6370add5182e51b7,True,1.0,1.0,1.0,1.0,1.0,1.0,1.0
984,030c27139f7d57a4,True,1.0,1.0,0.6858324785757064,1.0,1.0,1.0,0.8690968660732109
985,569187407cd3517c,True,1.0,1.0,1.0,1.0,1.0,1.0,1.0
986,0df6533b550c58c1,True,1.0,1.0,1.0,0.0,1.0,1.0,0.5833333333333334
987,1407c7f0f32a5738,True,1.0,1.0,1.0,1.0,1.0,1.0,1.0
988,2de709220e34507e,True,1.0,1.0,0.8521887312755102,1.0,1.0,1.0,0.9384119713647959
989,f8191af1aab95906,True,0.0,0.0,0.0,0.0,1.0,1.0,0.0
990,5cd75b90a44e5a65,True,1.0,1.0,1.0,1.0,1.0,1.0,1.0
991,84409129e8075bca,True,1.0,0.0,0.0,1.0,1.0,1.0,0.0
992,3fa9c77540225eae,True,1.0,1.0,1.0,1.0,1.0,1.0,1.0
993,0ed2cf016ddc5f90,True,0.0,1.0,0.0,0.0,1.0,1.0,0.0
994,4b9627827aff5013,True,1.0,1.0,1.0,1.0,1.0,1.0,1.0
995,7d5f417c01fb5a87,True,1.0,1.0,0.5253921826621455,1.0,1.0,1.0,0.8022467427758939
996,e90b4ad6e7905adf,True,1.0,0.0,0.0,1.0,1.0,1.0,0.0
997,7e7480ffa3aa55a4,True,1.0,1.0,0.8776373306200363,0.0,1.0,1.0,0.5323488877583485
998,c810620e645e53b8,True,1.0,1.0,1.0,1.0,1.0,1.0,1.0
999,1f90968aaeb55128,True,0.0,1.0,0.0,0.0,1.0,1.0,0.0
1000,04605629ea8a50cc,True,1.0,1.0,1.0,1.0,1.0,1.0,1.0
1001,096d823b664e5972,True,1.0,0.0,0.0,1.0,1.0,1.0,0.0
1002,73e3a1a2ed275417,True,1.0,1.0,0.6191333008601418,1.0,1.0,1.0,0.8413055420250591
1003,d0de8d6a350d55d9,True,1.0,0.0,0.0,0.0,1.0,0.5,0.0
1004,8a4a0c6823cd5e33,True,1.0,1.0,0.9431013291546548,1.0,1.0,1.0,0.9762922204811062
1005,b9c124bdb19956b7,True,1.0,1.0,0.6612784835561989,1.0,1.0,1.0,0.8588660348150828
1006,089e3eac4f7e5c5c,True,1.0,1.0,0.9081844023041773,1.0,1.0,1.0,0.961743500960074
1007,02c8da231eb15ed2,True,1.0,1.0,1.0,1.0,1.0,1.0,1.0
1008,dc97241b7037592b,True,1.0,1.0,1.0,1.0,1.0,1.0,1.0
1009,9170b75b8a3f527f,True,1.0,0.0,0.0,1.0,1.0,0.5,0.0
1010,026e7b1e0e335625,True,1.0,1.0,1.0,1.0,1.0,1.0,1.0
1011,7fcd3691c57b5f49,True,1.0,0.0,0.0,1.0,1.0,1.0,0.0
1012,f15b772180455c2f,True,1.0,1.0,0.7441036055957803,1.0,1.0,1.0,0.8933765023315751
1013,7ceb065003f25449,True,1.0,1.0,1.0,1.0,1.0,1.0,1.0
1014,ef7822ee7fa35042,True,1.0,1.0,0.8105404945207045,1.0,1.0,1.0,0.9210585393836269
1015,ab0c43fd9f2c5481,True,1.0,1.0,1.0,1.0,1.0,1.0,1.0
1016,d6396ef1c0c55d33,True,1.0,1.0,0.8469817582634244,1.0,1.0,1.0,0.9362423992764267
1017,f897914e6f0c52e5,True,1.0,1.0,1.0,1.0,1.0,1.0,1.0
1018,15a50c88ab0255ca,True,1.0,1.0,1.0,1.0,1.0,1.0,1.0
1019,a763369e30305f95,True,1.0,1.0,1.0,1.0,1.0,1.0,1.0
1020,563ef3c44a5a528e,True,1.0,1.0,0.7102485022996968,1.0,1.0,1.0,0.8792702092915404
1021,905ab0794c235f69,True,1.0,0.0,0.0,0.0,1.0,0.0,0.0
1022,ee86c71bc0765fd0,True,1.0,1.0,1.0,1.0,1.0,1.0,1.0
1023,49bdbf5ee25c5024,True,1.0,0.0,0.0,1.0,1.0,1.0,0.0
1024,2dad1998a320527d,True,1.0,1.0,0.8916051678344502,1.0,1.0,1.0,0.9548354865976876
1025,2e5e4be9579d568d,True,1.0,1.0,0.9005282170383013,1.0,1.0,1.0,0.9585534237659589
1026,4b55193d36c35e4a,True,1.0,1.0,1.0,0.0,1.0,0.5,0.5833333333333334
1027,9897a102ee075dee,True,1.0,1.0,0.9748491175783411,1.0,1.0,1.0,0.9895204656576421
1028,1d7a96e116735b6c,True,1.0,1.0,0.7398952648374788,1.0,1.0,1.0,0.8916230270156161
1029,8d90099a801d5682,True,1.0,1.0,1.0,1.0,1.0,1.0,1.0
1030,79bdb6b499245d65,True,1.0,0.0,0.0,1.0,1.0,0.5,0.0
1031,abd6e8c330ea5694,True,1.0,0.0,0.0,1.0,1.0,0.5,0.0
1032,615329a491785c3a,True,1.0,1.0,1.0,1.0,1.0,1.0,1.0
1033,111cb2c23a325817,True,1.0,1.0,0.7605528419552969,1.0,1.0,1.0,0.900230350814707
1034,a20beaedf66b59f3,True,1.0,1.0,0.6354878734553292,1.0,1.0,1.0,0.8481199472730538
1035,0f83bb5cecbe56df,True,1.0,1.0,0.7984537350373002,1.0,1.0,1.0,0.9160223895988752
1036,6a66294fe97f54db,True,1.0,0.0,0.0,1.0,1.0,1.0,0.0
1037,ddfadfe2f0385b3b,True,1.0,0.0,0.0,1.0,1.0,0.0,0.0
1038,4606b66d9fe75354,True,1.0,1.0,0.9186689354258306,1.0,1.0,1.0,0.9661120564274294
1039,daa3dbcfc784564c,True,1.0,1.0,0.9456012787941647,1.0,1.0,1.0,0.9773338661642352
1040,a0801105ad8b5ad3,True,1.0,1.0,0.7970736696894981,1.0,1.0,1.0,0.9154473623706242
1041,6fe1f4f8dbcd57b5,True,1.0,1.0,0.7182193708895693,1.0,1.0,1.0,0.8825914045373205
1042,5eef9aece027548e,True,1.0,1.0,1.0,1.0,1.0,1.0,1.0
1043,d5b21176c2e1526c,True,1.0,1.0,1.0,1.0,1.0,0.5,1.0
1044,2497a4b846f25d99,True,1.0,1.0,0.7512672969709572,1.0,1.0,1.0,0.8963613737378987
1045,2a5a7c87bce352a7,True,1.0,1.0,0.8445524593905935,1.0,1.0,1.0,0.9352301914127473
1046,ad2bbc4542205912,True,1.0,1.0,0.9255161538426115,1.0,1.0,1.0,0.9689650641010882
1047,b27bfe84cc545daa,True,1.0,1.0,0.8755992703274582,1.0,1.0,1.0,0.9481663626364409
1048,5f70e91ff9d250f5,True,1.0,1.0,0.7710332640629552,1.0,1.0,1.0,0.9045971933595647
1049,23d70775af9754e8,True,1.0,1.0,1.0,1.0,1.0,1.0,1.0
1050,d9560f4ad686510f,True,1.0,0.0,0.0,1.0,1.0,1.0,0.0
1051,a30baeb5294658b3,True,1.0,0.0,0.0,1.0,1.0,1.0,0.0
1052,f6038d685a4d55b4,True,1.0,1.0,0.7973741182109009,1.0,1.0,0.5,0.915572549254542
1053,7f3ebea7b3415f87,True,1.0,1.0,0.8600074159300337,1.0,1.0,1.0,0.9416697566375141
1054,ed8384b107d95d89,True,1.0,1.0,0.7583664736679367,1.0,1.0,1.0,0.8993193640283069
1055,d12fdbd7f3265051,True,1.0,1.0,0.8555668761828618,1.0,1.0,1.0,0.939819531742859
1056,8d06ea883e7853a9,True,1.0,1.0,0.7638416090836134,1.0,1.0,1.0,0.9016006704515056
1057,0cdeb48fac9d5292,True,1.0,0.0,0.0,1.0,1.0,0.5,0.0
1058,6914bcabdeec5e0f,True,1.0,1.0,0.8823503800604329,1.0,1.0,1.0,0.9509793250251803
1059,608913faecb959b4,True,1.0,1.0,1.0,1.0,1.0,1.0,1.0
1060,1c62222c7c0b522f,True,1.0,1.0,0.9337482810843181,1.0,1.0,1.0,0.9723951171184658
1061,b6b0722747565854,True,1.0,1.0,0.7769477409377991,1.0,1.0,1.0,0.907061558724083
1062,953b60711663549b,True,1.0,1.0,0.8508661762379975,1.0,1.0,1.0,0.9378609067658323
1063,a93fa498bfbf5fb8,True,1.0,1.0,0.7526460458069614,1.0,1.0,1.0,0.8969358524195673
1064,994db6ebee835fbd,True,1.0,1.0,0.9633509880493244,1.0,1.0,1.0,0.9847295783538851
1065,e6e40103bfcb539e,True,1.0,1.0,0.8421382582862184,1.0,1.0,1.0,0.9342242742859242
1066,b4d8ee8da1c153f9,True,1.0,1.0,1.0,0.0,1.0,1.0,0.5833333333333334
1067,a9af1e73c9575428,True,1.0,0.0,0.0,1.0,1.0,0.5,0.0
1068,9d02128f653455a3,True,1.0,1.0,1.0,0.0,1.0,1.0,0.5833333333333334
1069,3f2cec87b5ad5d96,True,1.0,0.0,0.0,0.0,1.0,1.0,0.0
1070,8c9e3fd944c051e3,True,1.0,1.0,1.0,1.0,1.0,1.0,1.0
1071,8c554c3017d05e9b,True,1.0,1.0,0.8712770893934575,1.0,1.0,1.0,0.9463654539139407
1072,db951dbc3e595c29,True,1.0,1.0,0.9398921559601249,1.0,1.0,1.0,0.9749550649833854
1073,1e1878076a0b52d6,True,1.0,0.0,0.0,1.0,1.0,1.0,0.0
1074,08e2e519ac1e5226,True,0.0,1.0,0.0,0.0,1.0,1.0,0.0
1075,6ec2148215205936,True,1.0,1.0,0.5693890402559897,1.0,1.0,1.0,0.8205787667733291
1076,dd9b1479609c5c59,True,1.0,1.0,1.0,1.0,1.0,1.0,1.0
1077,8781cde1032354cb,True,1.0,1.0,1.0,1.0,1.0,1.0,1.0
1078,e6be0f4d0dc351d0,True,1.0,1.0,1.0,1.0,1.0,1.0,1.0
1079,28ecbec6051d5527,True,1.0,1.0,0.8886256125243401,1.0,1.0,0.5,0.9535940052184749
1080,2ee44628526e524c,True,1.0,1.0,0.7797606587213383,1.0,1.0,1.0,0.9082336078005576
1081,4b721ff0b7025f21,True,1.0,1.0,1.0,1.0,1.0,1.0,1.0
1082,6578cf959d7f52a7,True,1.0,1.0,0.5359388685292652,1.0,1.0,1.0,0.8066411952205271
1083,5239e2cfe006568b,True,1.0,1.0,0.6284160111967698,1.0,1.0,1.0,0.845173337998654
1084,40688677dc5e5d16,True,1.0,1.0,0.7666401036812356,1.0,1.0,1.0,0.9027667098671815
1085,415b05ca44da5fbb,True,1.0,1.0,1.0,1.0,1.0,1.0,1.0
1086,0ba54149d1575f95,True,0.0,1.0,0.0,0.0,1.0,1.0,0.0
1087,f71f0d4ca6db5d40,True,1.0,0.0,0.0,1.0,1.0,1.0,0.0
1088,cdae0433bb5d5b9e,True,1.0,1.0,1.0,1.0,1.0,1.0,1.0
1089,98045d12586d50b6,True,0.0,0.0,0.0,0.0,1.0,1.0,0.0
1090,9ca89d773ed651ab,True,1.0,1.0,0.8227294493161519,1.0,1.0,1.0,0.9261372705483967
1091,d8d39177bd96593d,True,1.0,0.0,0.0,1.0,1.0,1.0,0.0
1092,ff7bf9054f4a5a4a,True,1.0,1.0,1.0,1.0,1.0,1.0,1.0
1093,fb4ac387cd285171,True,1.0,1.0,1.0,1.0,1.0,1.0,1.0
1094,7d40448fd04e5e28,True,1.0,1.0,0.9471988058709176,1.0,1.0,1.0,0.9779995024462157
1095,98c050c637ca5909,True,1.0,1.0,0.6372532182398009,1.0,1.0,1.0,0.848855507599917
1096,24a09c3c8a985e8e,True,1.0,1.0,1.0,1.0,1.0,1.0,1.0
1097,4a71a24c376f5388,True,1.0,1.0,1.0,1.0,1.0,1.0,1.0
1098,85b2b3fc929a5800,True,1.0,1.0,0.8530258828626834,1.0,1.0,1.0,0.9387607845261181
1099,47ece51118f95d1d,True,1.0,1.0,0.9816104215868747,0.0,1.0,1.0,0.5756710089945312
1100,24108688ab4856ab,True,1.0,0.0,0.0,1.0,1.0,0.5,0.0
1101,02e3c13aa3975b02,True,1.0,1.0,0.8143776497201504,1.0,1.0,1.0,0.9226573540500627
1102,bb249c2d0c8a568c,True,1.0,1.0,0.8558376510897088,1.0,1.0,1.0,0.939932354620712
1103,c772799eaf1f5ad1,True,1.0,0.0,0.0,1.0,1.0,0.5,0.0
1104,be0ea3126c955eae,True,1.0,1.0,0.6495008846992562,1.0,1.0,1.0,0.8539587019580234
1105,79cfc07ef4645c81,True,1.0,1.0,0.72761054150158,1.0,1.0,0.5,0.8865043922923249
1106,2eb2bc9d3b35584f,True,1.0,1.0,1.0,1.0,1.0,1.0,1.0
1107,3a3297d21e905b02,True,1.0,0.0,0.0,1.0,1.0,1.0,0.0
1108,03aa8a0576a25b63,True,1.0,0.0,0.0,1.0,1.0,1.0,0.0
1109,a32383d18e5351cc,True,1.0,1.0,1.0,1.0,1.0,1.0,1.0
1110,86db74cc909e5437,True,1.0,0.0,0.0,0.0,1.0,1.0,0.0
1111,166d08e80654527d,True,1.0,1.0,1.0,1.0,1.0,1.0,1.0
1112,0c4f97d3255155e4,True,1.0,0.0,0.0,1.0,1.0,0.5,0.0
1113,7427658d61b55fb8,True,1.0,0.0,0.0,1.0,1.0,1.0,0.0
1114,bc3d973c3543556c,True,0.5,1.0,0.38740585240215497,0.0,1.0,1.0,0.1640428859171156
1115,45b494315ca85268,True,0.0,1.0,0.0,0.0,1.0,1.0,0.0
1116,1c044069a36c5d4b,True,1.0,1.0,0.7177162910295082,1.0,1.0,1.0,0.8823817879289617
1117,ad970e7cae1a5ead,True,1.0,1.0,1.0,1.0,1.0,1.0,1.0
1118,9861c0473b505895,True,1.0,1.0,1.0,1.0,1.0,1.0,1.0
1119,da0aac1f6c225eca,True,1.0,1.0,0.6009621534443984,1.0,1.0,1.0,0.8337342306018326
1120,026e84581e0f5044,True,1.0,1.0,0.784865516016383,1.0,1.0,1.0,0.9103606316734929
1121,1a5f614c9b815e92,True,1.0,1.0,1.0,1.0,1.0,1.0,1.0
1122,1b88b298d405518e,True,1.0,1.0,0.7207231538799895,1.0,1.0,1.0,0.8836346474499956
1123,b42d7dc2a3975573,True,1.0,0.0,0.0,1.0,1.0,1.0,0.0
1124,32e38b7677e15f69,True,1.0,1.0,1.0,1.0,1.0,1.0,1.0
1125,87ecb477e85b5a58,True,1.0,1.0,0.9569968900411838,1.0,1.0,1.0,0.9820820375171598
1126,b133316a0e795993,True,1.0,1.0,0.7566371772508225,1.0,1.0,1.0,0.8985988238545094
1127,6e59104beb995339,True,1.0,0.0,0.0,1.0,1.0,1.0,0.0
1128,a4ba9521736a59f9,True,1.0,0.0,0.0,1.0,1.0,1.0,0.0
1129,578a5ef598b9521f,True,0.0,1.0,0.0,0.0,1.0,1.0,0.0
1130,e0522da7328d5c9e,True,0.0,1.0,0.0,0.0,1.0,1.0,0.0
1131,bc73190196b358f6,True,0.0,1.0,0.0,0.0,1.0,1.0,0.0
1132,c195a8cb7ccb59fd,True,1.0,0.0,0.0,1.0,1.0,1.0,0.0
1133,353988b87d995f68,True,0.5,0.0,0.0,0.0,1.0,0.5,0.0
1134,48321ca34be254e5,True,1.0,1.0,0.9273317286632958,1.0,1.0,1.0,0.9697215536097067
1135,32013abf6afd5d2e,True,1.0,1.0,0.7653809019071776,1.0,1.0,1.0,0.902242042461324
1136,a3c54d0e80375911,True,1.0,1.0,1.0,0.0,1.0,0.5,0.5833333333333334
1137,491a9b7a44225a75,True,0.0,1.0,0.0,0.0,1.0,1.0,0.0
1138,e9645135a4fe5739,True,1.0,1.0,0.8143058998521177,1.0,1.0,1.0,0.9226274582717157
1139,cbe2fffee4105dbf,True,1.0,1.0,0.8169260092876697,1.0,1.0,1.0,0.9237191705365291
1140,ec097e80d5565caa,True,1.0,1.0,0.9750663338562191,1.0,1.0,1.0,0.9896109724400913
1141,70322003ab525a2e,True,1.0,1.0,1.0,1.0,1.0,1.0,1.0
1142,777c2c183e49504e,True,1.0,1.0,0.979654054344702,1.0,1.0,1.0,0.9915225226436258
1143,ad0701a39edd5c5a,True,1.0,1.0,0.9289455134751514,1.0,1.0,1.0,0.9703939639479797
1144,faf6d9be89f0538c,True,1.0,1.0,0.7743972411791742,1.0,1.0,1.0,0.9059988504913226
1145,a4bc6340456351af,True,1.0,1.0,1.0,1.0,1.0,1.0,1.0
1146,9157902936a456bf,True,1.0,1.0,1.0,1.0,1.0,1.0,1.0
1147,824cd4fff1e25cb4,True,1.0,0.0,0.0,1.0,1.0,0.5,0.0
1148,d3d7a91aff375fc5,True,1.0,0.0,0.0,1.0,1.0,1.0,0.0
1149,b3b8544db9025d6a,True,0.0,1.0,0.0,0.0,1.0,1.0,0.0
1150,26ba80ad72205a03,True,1.0,1.0,0.9818915402627637,1.0,1.0,1.0,0.9924548084428183
1151,9a3778686fd058d2,True,1.0,0.0,0.0,1.0,1.0,1.0,0.0
1152,b628faa4178d5eaf,True,1.0,1.0,0.6671908073159377,1.0,1.0,1.0,0.8613295030483075
1153,4e496bfdb6b95697,True,1.0,1.0,0.9434381983163577,1.0,1.0,1.0,0.9764325826318156
1154,9334f5a33c07587a,True,1.0,1.0,0.7420856292658492,1.0,1.0,1.0,0.8925356788607705
1155,2752876d0e005d74,True,1.0,1.0,0.8456236161506344,1.0,1.0,1.0,0.9356765067294311
1156,5379d354b9b95048,True,1.0,0.0,0.0,1.0,1.0,1.0,0.0
1157,14f16328a6c0551e,True,1.0,1.0,0.6632205437424646,1.0,1.0,1.0,0.8596752265593602
1158,bbc8e4799fe85548,True,1.0,1.0,0.8126300819847007,1.0,1.0,1.0,0.9219292008269586
1159,6f0e15842e1b5924,True,1.0,1.0,0.7747150486831779,1.0,1.0,1.0,0.9061312702846575
1160,8a92561fdd0750ad,True,1.0,1.0,0.8354772865948038,1.0,1.0,1.0,0.9314488694145014
1161,52b428b6ff135845,True,1.0,1.0,1.0,1.0,1.0,1.0,1.0
1162,614cdeb09cc25923,True,1.0,1.0,0.9468804073932133,1.0,1.0,1.0,0.9778668364138389
1163,83c72c93de355a6b,True,0.0,1.0,0.0,0.0,1.0,1.0,0.0
1164,3f3d9b32f2fa53ef,True,1.0,1.0,1.0,1.0,1.0,1.0,1.0
1165,3748f0fadf395c8a,True,1.0,1.0,0.7142782295568723,0.0,1.0,1.0,0.4642825956486967
1166,69f27d25f8a45de1,True,1.0,1.0,1.0,1.0,1.0,1.0,1.0
1167,038e954a77a95537,True,0.5,0.0,0.0,0.0,1.0,0.5,0.0
1168,2d55129330045d3f,True,0.0,1.0,0.0,0.0,1.0,1.0,0.0
1169,0d74b112df715917,True,1.0,0.0,0.0,1.0,1.0,0.0,0.0
1170,388391c4b8d45c36,True,1.0,1.0,0.8823272251276912,1.0,1.0,1.0,0.950969677136538
1171,dcb6ca8a732551eb,True,1.0,0.0,0.0,1.0,1.0,0.5,0.0
1172,0372bb63e704555a,True,0.0,0.0,0.0,0.0,1.0,0.0,0.0
1173,efca142f8d93518b,True,1.0,0.0,0.0,1.0,1.0,1.0,0.0
1174,62515ff6d52a5e89,True,1.0,1.0,0.8053205233908141,1.0,1.0,1.0,0.9188835514128392
1175,d68dba02509b50a3,True,1.0,1.0,0.8505193729677275,1.0,1.0,0.0,0.9377164054032198
1176,3882f317a3f55e29,True,1.0,0.0,0.0,1.0,1.0,1.0,0.0
1177,ec5e157a5222534d,True,1.0,1.0,0.614256392717182,1.0,1.0,1.0,0.8392734969654926
1178,b4175792b94a5cf2,True,1.0,1.0,0.10609854235446298,1.0,1.0,1.0,0.6275410593143596
1179,04676f5bccee5447,True,1.0,1.0,0.6657158662615503,1.0,1.0,1.0,0.8607149442756459
1180,dd951db716735c82,True,1.0,1.0,0.5768154868698918,1.0,1.0,1.0,0.8236731195291216
1181,b845e97a49a75cd0,True,1.0,1.0,0.7384576475674447,1.0,1.0,1.0,0.8910240198197686
1182,7fcc4151553a50e8,True,0.0,1.0,0.0,0.0,1.0,1.0,0.0
1183,47c92818d9005eea,True,1.0,1.0,1.0,1.0,1.0,1.0,1.0
1184,480325e1f5085385,True,1.0,1.0,1.0,1.0,1.0,1.0,1.0
1185,0c318d7923d15b78,True,1.0,1.0,1.0,1.0,1.0,1.0,1.0
1186,1a3569d56fbf5521,True,1.0,1.0,0.6826881561367891,1.0,1.0,1.0,0.8677867317236622
1187,93494257467c5e97,True,1.0,1.0,0.7440614711307556,1.0,1.0,1.0,0.8933589463044815
1188,20ffc5c3de7c591a,True,1.0,1.0,0.7005374892864967,1.0,1.0,1.0,0.8752239538693737
1189,a5ed322a79205030,True,1.0,1.0,1.0,1.0,1.0,1.0,1.0
1190,6ff86f7f95cb502a,True,1.0,1.0,0.9966848100599126,1.0,1.0,1.0,0.9986186708582969
1191,ed77d7ff214f53aa,True,1.0,1.0,0.9386992112192775,1.0,1.0,1.0,0.974458004674699
1192,be3551ae467a579e,True,1.0,0.0,0.0,1.0,1.0,1.0,0.0
1193,6fee6df4d64b5d9d,True,1.0,1.0,0.9135379255055471,1.0,1.0,1.0,0.9639741356273114
1194,f874757c4b46591b,True,1.0,1.0,0.8417995970243976,1.0,1.0,1.0,0.9340831654268323
1195,cebdeff85ac65185,True,1.0,1.0,1.0,1.0,1.0,1.0,1.0
1196,a90317c305c3505a,True,1.0,1.0,0.9500966328298969,0.0,1.0,1.0,0.5625402636791237
1197,2a68e10c7d305af4,True,1.0,1.0,0.9247464702107265,1.0,1.0,1.0,0.9686443625878027
1198,54fbe498c745542e,True,1.0,1.0,1.0,1.0,1.0,1.0,1.0
1199,9fc5098e21355c6e,True,1.0,0.0,0.0,1.0,1.0,1.0,0.0
1200,cd7e9823f2b15e0f,True,0.0,1.0,0.0,0.0,1.0,1.0,0.0
1201,aef33fdade585ab3,True,1.0,1.0,0.9695212814018391,1.0,1.0,1.0,0.9873005339174329
1202,213494be2acb5c68,True,1.0,1.0,0.7811014618059583,1.0,1.0,1.0,0.9087922757524827
1203,11bf2d4580ab5bc2,True,1.0,1.0,0.8064255438511537,1.0,1.0,1.0,0.9193439766046474
1204,239e3ed3199d5ae6,True,1.0,1.0,0.9671019851577248,0.0,1.0,1.0,0.5696258271490521
1205,30827c8c62c55b46,True,1.0,1.0,0.9001249556190675,1.0,1.0,1.0,0.9583853981746114
1206,fca1702dec8a50c6,True,1.0,1.0,1.0,1.0,1.0,1.0,1.0
1207,2a04d84433e6576f,True,1.0,1.0,0.9148860902524134,1.0,1.0,1.0,0.9645358709385056
1208,dd72153f54fa59e7,True,1.0,1.0,0.8944855426568447,1.0,1.0,1.0,0.9560356427736852
1209,2ee34c8975525f5c,True,0.0,0.0,0.0,0.0,1.0,0.0,0.0
1210,ac73220f793d522e,True,1.0,1.0,0.8501075303553338,1.0,1.0,1.0,0.9375448043147224
1211,6469176632cf52a0,True,1.0,1.0,0.9424468418274436,1.0,1.0,1.0,0.9760195174281016
1212,8a540001f3f0514d,True,1.0,0.0,0.0,0.0,1.0,1.0,0.0
1213,263367576c285a2a,True,1.0,1.0,1.0,1.0,1.0,1.0,1.0
1214,d83c3b7416f3577e,True,1.0,1.0,0.855587180277699,1.0,1.0,1.0,0.9398279917823746
1215,071d69045acb5971,True,1.0,1.0,0.8476903275529212,1.0,1.0,1.0,0.9365376364803838
1216,47e96fba9c115fe7,True,1.0,1.0,1.0,1.0,1.0,1.0,1.0
1217,11482ead31545f3a,True,1.0,1.0,1.0,1.0,1.0,1.0,1.0
1218,6f8c03f8038757cc,True,0.0,1.0,0.0,0.0,1.0,1.0,0.0
1219,b5ee0c4a00765073,True,1.0,1.0,0.8509379912772578,1.0,1.0,1.0,0.9378908296988575
1220,1175b3b9d27252ef,True,1.0,1.0,0.8045038994071299,1.0,1.0,1.0,0.9185432914196374
1221,19b1cc462216591a,True,1.0,1.0,1.0,0.0,1.0,1.0,0.5833333333333334
1222,eaf08861a02351a5,True,1.0,1.0,0.876309826740044,1.0,1.0,1.0,0.9484624278083517
1223,9b0a5826d2d357d8,True,1.0,1.0,0.7272138129899458,1.0,1.0,1.0,0.8863390887458108
1224,d7ff11915cdf538e,True,1.0,0.0,0.0,1.0,1.0,1.0,0.0
1225,c8bf5f09438e5507,True,0.0,1.0,0.0,0.0,1.0,1.0,0.0
1226,20403b65d87d5e5a,True,1.0,1.0,1.0,1.0,1.0,1.0,1.0
1227,ef0b044d86855ffe,True,1.0,1.0,1.0,1.0,1.0,1.0,1.0
1228,7be2f6436ce95042,True,1.0,1.0,1.0,1.0,1.0,1.0,1.0
1229,b6a62a2356885962,True,1.0,1.0,0.9479310109632576,1.0,1.0,1.0,0.9783045879013574
1230,4fbfc7dc71db50e2,True,1.0,1.0,0.8008185096963288,1.0,1.0,1.0,0.9170077123734703
1231,e8d7197f07635cfb,True,1.0,1.0,1.0,1.0,1.0,1.0,1.0
1232,49d00c5507175e01,True,1.0,1.0,0.8372753053896436,1.0,1.0,1.0,0.9321980439123515
1233,0d2403a8031f540c,True,0.0,1.0,0.0,0.0,1.0,0.5,0.0
1234,ab51ce190cca5673,True,1.0,0.0,0.0,1.0,1.0,1.0,0.0
1235,819d34b59e6159ad,True,1.0,1.0,1.0,0.0,1.0,1.0,0.5833333333333334
1236,7328fe7f857051ea,True,1.0,1.0,1.0,1.0,1.0,1.0,1.0
1237,7d1fdeb7e341522d,True,1.0,1.0,1.0,1.0,1.0,1.0,1.0
1238,814a2807af5f51f7,True,1.0,1.0,1.0,0.0,1.0,1.0,0.5833333333333334
1239,b4914b3d729357d1,True,1.0,0.0,0.0,1.0,1.0,1.0,0.0
1240,2184b01d59d4550c,True,1.0,1.0,1.0,1.0,1.0,1.0,1.0
1241,38d4aa43f5f25eeb,True,1.0,1.0,1.0,1.0,1.0,1.0,1.0
1242,ad2ceb40a046543c,True,1.0,1.0,1.0,1.0,1.0,1.0,1.0
1243,fe71d216396c5ab3,True,1.0,1.0,1.0,1.0,1.0,1.0,1.0
1244,f6df3f934bdb598d,True,1.0,1.0,0.9309509174550815,1.0,1.0,1.0,0.9712295489396173
1245,e26de26a56dd5d21,True,1.0,1.0,0.9550608305706004,1.0,1.0,1.0,0.9812753460710836
1246,79596c3c8ac45e5e,True,1.0,1.0,1.0,1.0,1.0,1.0,1.0
1247,6e8b9e53215c58a3,True,1.0,1.0,0.8186337852629293,1.0,1.0,1.0,0.9244307438595539
1248,9d32436291335261,True,1.0,1.0,1.0,1.0,1.0,1.0,1.0
1249,b76b03503cf95c02,True,1.0,1.0,1.0,1.0,1.0,1.0,1.0
1250,b8104b69b2d9509b,True,1.0,1.0,0.7584501605755405,1.0,1.0,1.0,0.8993542335731419
1251,92106b8512315c03,True,0.0,0.0,0.0,0.0,1.0,0.5,0.0
1252,a28e921b642a5936,True,1.0,1.0,0.7536992385671843,1.0,1.0,1.0,0.8973746827363268
1253,e22c42694be05703,True,0.0,0.0,0.0,0.0,1.0,1.0,0.0
1254,e849e6a954285f60,True,1.0,0.0,0.0,1.0,1.0,0.5,0.0
1255,0e713cce7ce35df0,True,1.0,1.0,1.0,1.0,1.0,1.0,1.0
1256,4cc7fc580fe45bd1,True,1.0,1.0,1.0,1.0,1.0,1.0,1.0
1257,1f2bbc5cb66b523a,True,0.0,1.0,0.0,0.0,1.0,1.0,0.0
1258,c418551cd6285092,True,1.0,0.0,0.0,1.0,1.0,0.5,0.0
1259,5085749584aa5377,True,1.0,1.0,0.6049879651543087,1.0,1.0,1.0,0.8354116521476286
1260,93b0ff5c4c5c507e,True,1.0,1.0,1.0,1.0,1.0,1.0,1.0
1261,443b9c514efc5829,True,1.0,1.0,0.7828756109422265,1.0,1.0,1.0,0.909531504559261
1262,00eb3a4e0f8052e9,True,1.0,1.0,0.7910239060384615,1.0,1.0,1.0,0.9129266275160256
1263,c4cb19209497505a,True,1.0,1.0,1.0,1.0,1.0,1.0,1.0
1264,97628f2e9ee55826,True,1.0,1.0,0.8070299878652885,1.0,1.0,1.0,0.9195958282772034
1265,3c7319cc63ab58c9,True,0.0,1.0,0.0,0.0,1.0,1.0,0.0
1266,8de5173c05ee56f5,True,1.0,1.0,0.8957868026789881,1.0,1.0,1.0,0.9565778344495784
1267,6b52f2b62f215cb4,True,1.0,1.0,1.0,1.0,1.0,1.0,1.0
1268,184ad79fb6555bf0,True,1.0,1.0,0.8634436028086575,1.0,1.0,1.0,0.943101501170274
1269,37430d1c47995fdd,True,1.0,1.0,0.8166021458759436,1.0,1.0,1.0,0.9235842274483099
1270,0093ff0188ea5b90,True,1.0,1.0,1.0,1.0,1.0,1.0,1.0
1271,31ac916bb888562a,True,1.0,0.0,0.0,1.0,1.0,1.0,0.0
1272,17329d8654895534,True,0.0,1.0,0.0,0.0,1.0,1.0,0.0
1273,8937c2f7a7ac5507,True,1.0,1.0,0.732212364755398,1.0,1.0,1.0,0.8884218186480825
1274,0f422a003dab525e,True,1.0,1.0,0.7926672879349053,0.0,1.0,1.0,0.4969447033062105
1275,d5f845d28a5e513f,True,1.0,1.0,0.7919645313595874,1.0,1.0,1.0,0.9133185547331615
1276,9666a4125db25507,True,1.0,1.0,0.7616464465910762,1.0,1.0,1.0,0.9006860194129483
1277,56587c89d25856b7,True,1.0,1.0,0.8999446910733462,1.0,1.0,1.0,0.9583102879472275
1278,121b6c8a61d85945,True,1.0,1.0,0.5958461237433975,1.0,1.0,1.0,0.831602551559749
1279,cd67b6a868ed5745,True,1.0,1.0,1.0,1.0,1.0,1.0,1.0
1280,312c0f2f981d51c3,True,1.0,1.0,0.7694251355684996,1.0,1.0,1.0,0.9039271398202082
1281,0208ed2202af56b2,True,1.0,1.0,0.8260220340318609,1.0,1.0,1.0,0.9275091808466088
1282,949a5f17807b5aac,True,0.0,0.0,0.0,0.0,1.0,1.0,0.0
1283,963324efc6715315,True,1.0,0.0,0.0,0.0,1.0,1.0,0.0
1284,56b0ed5018c25d3f,True,1.0,1.0,1.0,1.0,1.0,0.0,1.0
1285,55a63ecf2e985abe,True,1.0,1.0,0.5017320691528875,1.0,1.0,1.0,0.7923883621470363
1286,e76e7c89a8935276,True,1.0,0.0,0.0,1.0,1.0,0.0,0.0
1287,e2c14ab1fbe350b1,True,1.0,1.0,0.6853266663484943,1.0,1.0,0.5,0.8688861109785394
1288,b6765fe7ee17596e,True,0.0,1.0,0.0,0.0,1.0,0.5,0.0
1289,96cb1a2412095a90,True,1.0,1.0,0.9298821158926034,1.0,1.0,1.0,0.9707842149552514
1290,4201a91014c852a8,True,1.0,1.0,0.8313625944004795,1.0,1.0,1.0,0.9297344143335332
1291,6d66b095f93750f7,True,1.0,0.0,0.0,0.0,1.0,1.0,0.0
1292,ac28e0768c6a5821,True,1.0,1.0,1.0,1.0,1.0,1.0,1.0
1293,9933a1df50ff5919,True,1.0,1.0,1.0,1.0,1.0,1.0,1.0
1294,883bb02a4f7c5f0a,True,1.0,1.0,0.9568152815846729,1.0,1.0,1.0,0.9820063673269471
1295,342953cadb9f57b2,True,0.0,1.0,0.0,0.0,1.0,1.0,0.0
1296,62c5045db3c159aa,True,1.0,1.0,1.0,1.0,1.0,1.0,1.0
1297,a924bf802fe25fa6,True,1.0,1.0,1.0,1.0,1.0,0.5,1.0
1298,371d154a89425165,True,1.0,1.0,0.8703513728570463,0.0,1.0,1.0,0.5293130720237693
1299,c9614cfb18a953ae,True,1.0,1.0,1.0,0.0,1.0,1.0,0.5833333333333334
1300,892f8a0d37dd5af3,True,1.0,1.0,0.9859528934537852,1.0,1.0,1.0,0.9941470389390772
1301,f8f1d3aa1a30553d,True,1.0,0.0,0.0,1.0,1.0,1.0,0.0
1302,571bb034360052d9,True,1.0,1.0,1.0,1.0,1.0,1.0,1.0
1303,483bb60b0a0451e6,True,1.0,1.0,0.6737778088390991,1.0,1.0,1.0,0.8640740870162912
1304,c6319bbc03fb57d0,True,1.0,1.0,1.0,1.0,1.0,1.0,1.0
1305,5b78dd344203528e,True,1.0,1.0,0.6717944727189008,1.0,1.0,1.0,0.8632476969662086
1306,8bebc6662b36505f,True,1.0,1.0,0.7894439968270853,0.0,1.0,1.0,0.49560166534461886
1307,002a52b0ed5650da,True,1.0,1.0,0.8098493064444793,1.0,1.0,1.0,0.9207705443518663
1308,d8952813d8de574d,True,1.0,1.0,1.0,1.0,1.0,1.0,1.0
1309,255be1c4910b506e,True,1.0,1.0,0.8684547405786672,1.0,1.0,1.0,0.9451894752411114
1310,40d24af6505f50c9,True,1.0,1.0,0.5736990546469828,1.0,1.0,1.0,0.8223746061029095
1311,9a00d37375a95d7e,True,1.0,0.0,0.0,1.0,1.0,1.0,0.0
1312,9313777d021e5255,True,0.0,1.0,0.0,0.0,1.0,1.0,0.0
1313,dd414d3d7d5452f1,True,1.0,1.0,0.8357312671828435,1.0,1.0,1.0,0.9315546946595181
1314,b3de01e79b725ae4,True,1.0,1.0,0.8654361940743066,1.0,1.0,1.0,0.9439317475309611
1315,c4fad4d040a75b90,True,1.0,0.0,0.0,1.0,1.0,0.5,0.0
1316,ae7fdaafe2c250e6,True,1.0,1.0,1.0,1.0,1.0,1.0,1.0
1317,150bfebecc525d57,True,0.0,0.0,0.0,0.0,1.0,0.0,0.0
1318,d6fc32608ecc581c,True,1.0,1.0,0.910335627974909,1.0,1.0,1.0,0.9626398449895454
1319,4a55d9d08b7752e8,True,1.0,1.0,0.32234763624666685,1.0,1.0,1.0,0.7176448484361112
1320,8f1247f8436c5208,True,1.0,1.0,0.9218492887273837,1.0,1.0,1.0,0.9674372036364098
1321,de664d2cb249576d,True,1.0,0.0,0.0,0.0,1.0,1.0,0.0
1322,592f9e4317dd52e2,True,1.0,1.0,0.9699992357846265,1.0,1.0,1.0,0.9874996815769278
1323,089e8e85fb9b5f6c,True,1.0,0.0,0.0,1.0,1.0,0.0,0.0
1324,e7b5da2135fc5303,True,1.0,1.0,1.0,1.0,1.0,1.0,1.0
1325,ee82b0fc7b2a5208,True,1.0,1.0,0.7043113332936497,1.0,1.0,1.0,0.876796388872354
1326,ba09d23c78b95a66,True,1.0,0.0,0.0,0.0,1.0,1.0,0.0
1327,a1e8639c17ac5089,True,1.0,1.0,1.0,1.0,1.0,1.0,1.0
1328,8067c4f48fe45421,True,1.0,1.0,0.9634955977831092,1.0,1.0,1.0,0.9847898324096288
1329,54e57dfcbf295398,True,1.0,1.0,1.0,0.0,1.0,1.0,0.5833333333333334
1330,aa1b434771cb52d0,True,1.0,1.0,0.27988758181474954,1.0,1.0,1.0,0.6999531590894789
1331,a04f86a92daf50ba,True,1.0,1.0,0.7083558758289847,1.0,1.0,1.0,0.8784816149287437
1332,50fef67a5a9a5a4b,True,1.0,1.0,0.7188606750149322,1.0,1.0,1.0,0.8828586145895551
1333,b2e27f20100b54ba,True,1.0,1.0,1.0,1.0,1.0,1.0,1.0
1334,74707039ce5550d1,True,1.0,1.0,0.7770122914019173,1.0,1.0,1.0,0.9070884547507988
1335,e024bd23594b5a13,True,1.0,1.0,1.0,1.0,1.0,1.0,1.0
1336,92838ad73bf95b3a,True,1.0,1.0,1.0,1.0,1.0,1.0,1.0
1337,960d5334ae8f54a5,True,1.0,1.0,1.0,1.0,1.0,1.0,1.0
1338,2e6b78be8c9e5e0c,True,1.0,1.0,1.0,1.0,1.0,1.0,1.0
1339,d9c700e9e21b50ba,True,1.0,1.0,1.0,1.0,1.0,1.0,1.0
1340,485b3e83878255b2,True,0.0,1.0,0.0,0.0,1.0,1.0,0.0
1341,624b5f7f1f4a503e,True,1.0,1.0,0.6007071372087852,1.0,1.0,1.0,0.8336279738369937
1342,f004b5e4838455f3,True,1.0,1.0,0.7625976263062201,1.0,1.0,1.0,0.9010823442942583
1343,b9f3b69b160e5ad0,True,1.0,0.0,0.0,1.0,1.0,1.0,0.0
1344,0000548db87959c2,True,1.0,1.0,0.6351273611668219,1.0,1.0,1.0,0.8479697338195091
1345,88152114a47d5175,True,0.0,1.0,0.0,0.0,1.0,1.0,0.0
1346,69742b86e6b25ecc,True,1.0,1.0,0.5366539760430226,1.0,1.0,1.0,0.8069391566845927
1347,7cdcc814be255d9f,True,1.0,1.0,0.9802516269500638,1.0,1.0,1.0,0.9917715112291933
1348,cd0b91f235e25b76,True,0.0,0.0,0.0,0.0,1.0,0.5,0.0
1349,8a3c6c3502035e11,True,1.0,0.0,0.0,1.0,1.0,0.5,0.0
1350,1fc5ab19306f5a47,True,1.0,1.0,0.8318944697831226,1.0,1.0,1.0,0.9299560290763011
1351,54511f27d12e5a58,True,1.0,1.0,0.7869924124537764,1.0,1.0,1.0,0.9112468385224068
1352,9aadb4c8a77d5849,True,1.0,1.0,1.0,1.0,1.0,1.0,1.0
1353,25e2cda283355b76,True,1.0,1.0,0.5691198724110467,1.0,1.0,1.0,0.8204666135046028
1354,68ea9d09300c5886,True,1.0,1.0,1.0,1.0,1.0,1.0,1.0
1355,2403645ef4fe5b10,True,1.0,1.0,0.9515046678181636,1.0,1.0,1.0,0.9797936115909014
1356,e92c94f8bdcc54c6,True,1.0,1.0,0.8327114923924003,1.0,1.0,1.0,0.9302964551635
1357,2b65a8a29c455d00,True,1.0,1.0,0.7454352704023589,1.0,1.0,1.0,0.8939313626676495
1358,9fb8affb5c295640,True,0.5,0.0,0.0,0.0,1.0,1.0,0.0
1359,86db4cfb30b55a5e,True,1.0,1.0,1.0,1.0,1.0,1.0,1.0
1360,ae05160436d45a62,True,1.0,0.0,0.0,1.0,1.0,1.0,0.0
1361,7edfabe116e25844,True,1.0,1.0,0.9023126289198756,1.0,1.0,1.0,0.9592969287166149
1362,4ac092ec1bee5e7a,True,1.0,1.0,1.0,1.0,1.0,1.0,1.0
1363,6de81a38cd7655dd,True,1.0,0.0,0.0,0.0,1.0,1.0,0.0
1364,0b6912dfdcf450c1,True,1.0,0.0,0.0,0.0,1.0,0.0,0.0
1365,a1adc0fae78f5a3f,True,1.0,0.0,0.0,1.0,1.0,0.0,0.0
1366,078f05d9e9c05230,True,1.0,1.0,0.8019495242520391,1.0,1.0,1.0,0.9174789684383496
1367,00fcad6d092c5e8e,True,0.0,1.0,0.0,0.0,1.0,0.0,0.0
1368,3d43337c0e6b5910,True,1.0,1.0,0.6229425340355954,1.0,1.0,1.0,0.8428927225148314
1369,b24954d56c155570,True,1.0,1.0,1.0,1.0,1.0,1.0,1.0
1370,14c000d2a271534a,True,0.0,0.0,0.0,0.0,1.0,0.5,0.0
1371,ed98d12e4c99536d,True,1.0,0.0,0.0,1.0,1.0,0.5,0.0
1372,71057ab084a75ce6,True,0.0,1.0,0.0,0.0,1.0,1.0,0.0
1373,5691c7c24fdd5e16,True,1.0,0.0,0.0,1.0,1.0,1.0,0.0
1374,87fa0c79b31c563a,True,1.0,1.0,1.0,1.0,1.0,1.0,1.0
1375,d07c624bab3d5a61,True,1.0,1.0,0.8329810792010071,1.0,1.0,1.0,0.9304087830004196
1376,3b34e3fd5b9e5767,True,1.0,1.0,0.7034372028551905,1.0,1.0,1.0,0.8764321678563295
1377,f3c6560a01e55c94,True,0.0,1.0,0.0,0.0,1.0,1.0,0.0
1378,ce2f1ac423965b7a,True,1.0,1.0,1.0,1.0,1.0,1.0,1.0
1379,b0a6370d836a59ed,True,1.0,1.0,1.0,0.0,1.0,1.0,0.5833333333333334
1380,6239cdb801bc51c2,True,1.0,1.0,0.6621862137268467,1.0,1.0,1.0,0.8592442557195193
1381,16125101defb5b51,True,1.0,1.0,1.0,1.0,1.0,1.0,1.0
1382,03d4ec82e7ac5804,True,1.0,1.0,0.8295685643996349,1.0,1.0,1.0,0.9289869018331812
1383,f29d6171f46b551d,True,1.0,0.0,0.0,1.0,1.0,1.0,0.0
1384,61d8eb4fd2395520,True,1.0,1.0,0.7041609001144755,1.0,1.0,1.0,0.8767337083810315
1385,8bb7091fe0d959fc,True,1.0,1.0,1.0,1.0,1.0,1.0,1.0
1386,125a155883e55be7,True,1.0,1.0,0.787878094150104,1.0,1.0,1.0,0.9116158725625434
1387,b191eb9b8de25005,True,1.0,1.0,1.0,1.0,1.0,1.0,1.0
1388,5b14b00087b051e3,True,1.0,0.0,0.0,0.0,1.0,1.0,0.0
1389,4014296da6f75079,True,1.0,0.0,0.0,1.0,1.0,0.0,0.0
1390,7900996a42f35f67,True,1.0,1.0,1.0,1.0,1.0,1.0,1.0
1391,6e0a467af0205f04,True,1.0,1.0,0.7733097722834655,1.0,1.0,1.0,0.905545738451444
1392,a66477a84cc05f05,True,1.0,1.0,1.0,1.0,1.0,1.0,1.0
1393,d9435ec2640f586f,True,1.0,0.0,0.0,1.0,1.0,1.0,0.0
1394,9389ef5de0935e29,True,1.0,1.0,0.605657431312966,1.0,1.0,1.0,0.8356905963804024
1395,e36f096910ed562a,True,1.0,0.0,0.0,1.0,1.0,1.0,0.0
1396,36be99da12575896,True,1.0,0.0,0.0,1.0,1.0,1.0,0.0
1397,4fbdc88ce3f75540,True,1.0,1.0,0.8663842618070271,1.0,1.0,1.0,0.9443267757529279
1398,23b4e574c41a57bd,True,1.0,1.0,0.5533221585181969,1.0,1.0,1.0,0.8138842327159154
1399,e2efd574ab0b56a2,True,1.0,1.0,1.0,1.0,1.0,1.0,1.0
1400,94693a54967757f6,True,0.0,1.0,0.0,0.0,1.0,1.0,0.0
1401,9dc5a17094e0569d,True,1.0,1.0,1.0,1.0,1.0,1.0,1.0
1402,48762908e4705b55,True,1.0,1.0,0.9236899761787276,1.0,1.0,1.0,0.9682041567411366
1403,8912a46529c059a1,True,1.0,1.0,0.8990342664547447,1.0,1.0,1.0,0.9579309443561437
1404,c09d506d3891507c,True,1.0,1.0,0.921730136404672,1.0,1.0,1.0,0.96738755683528
1405,5004df3161065742,True,1.0,1.0,0.6836167840510059,1.0,1.0,1.0,0.8681736600212524
1406,cd284af1ade75426,True,1.0,0.0,0.0,1.0,1.0,0.5,0.0
1407,ca4f746c0a4f5396,True,1.0,0.0,0.0,1.0,1.0,0.5,0.0
1408,52a632acca085891,True,1.0,1.0,0.8856639324274369,1.0,1.0,1.0,0.9523599718447654
1409,92471a550d745af1,True,1.0,1.0,1.0,1.0,1.0,1.0,1.0
1410,e6ff5e16c5f25533,True,1.0,0.0,0.0,1.0,1.0,0.0,0.0
1411,1a25d6503c075cc8,True,1.0,1.0,1.0,1.0,1.0,1.0,1.0
1412,3a36b098acee53b9,True,1.0,1.0,1.0,1.0,1.0,1.0,1.0
1413,299e19fc72e65ac5,True,1.0,1.0,1.0,1.0,1.0,0.0,1.0
1414,798f1981bb285b09,True,1.0,1.0,0.7252833237260636,1.0,1.0,1.0,0.8855347182191933
1415,56a45baf2fb55951,True,1.0,1.0,0.9936736085862322,1.0,1.0,1.0,0.9973640035775967
1416,6c8a49ddb7435fbf,True,1.0,1.0,1.0,0.0,1.0,0.0,0.5833333333333334
1417,66ca1ffcef4354e9,True,1.0,1.0,0.6877763168963382,1.0,1.0,1.0,0.8699067987068076
1418,76f053cb2f8851c7,True,1.0,1.0,1.0,1.0,1.0,1.0,1.0
1419,fdb658e4941855a3,True,0.0,1.0,0.0,0.0,1.0,1.0,0.0
1420,7f890846214d583a,True,1.0,1.0,0.8519046190885905,1.0,1.0,1.0,0.9382935912869127
1421,a4f2f32aa59f53b9,True,1.0,1.0,0.9175271747857259,1.0,1.0,1.0,0.9656363228273858
1422,b0070f55eda95848,True,1.0,1.0,0.735004721997333,1.0,1.0,1.0,0.8895853008322221
1423,1c3c37eeacd15c92,True,1.0,1.0,1.0,1.0,1.0,1.0,1.0
1424,167d6bc7be735e55,True,1.0,1.0,0.9895022876609569,1.0,1.0,1.0,0.9956259531920654
1425,d852a7b32d6c5448,True,1.0,1.0,0.7917497050202484,0.0,1.0,1.0,0.4965623770917702
1426,79c024b87e175129,True,1.0,1.0,0.9438675127521442,1.0,1.0,1.0,0.9766114636467268
1427,b14ac3255b3b520b,True,1.0,1.0,1.0,1.0,1.0,1.0,1.0
1428,ff9d7c14934b541e,True,1.0,1.0,0.7582029244842308,1.0,1.0,1.0,0.8992512185350962
1429,9d87610ffed85509,True,0.0,0.0,0.0,0.0,1.0,0.0,0.0
1430,134699ce1ce455c4,True,1.0,1.0,0.8851395080476708,1.0,1.0,1.0,0.9521414616865295
1431,257d737fc3865fd1,True,1.0,1.0,0.5203834551991697,1.0,1.0,1.0,0.800159772999654
1432,0f7854f951905e69,True,1.0,1.0,0.6913611094563603,1.0,1.0,1.0,0.8714004622734834
1433,06279fdb46815c6c,True,1.0,1.0,1.0,1.0,1.0,0.5,1.0
1434,a460a03aab635f35,True,1.0,0.0,0.0,1.0,1.0,1.0,0.0
1435,19e90f2757b25f38,True,1.0,1.0,1.0,0.0,1.0,1.0,0.5833333333333334
1436,247ae110b0c454cb,True,0.0,1.0,0.0,0.0,1.0,1.0,0.0
1437,de62001a07db556c,True,1.0,0.0,0.0,1.0,1.0,0.0,0.0
1438,39b4d546300958ad,True,1.0,1.0,1.0,1.0,1.0,1.0,1.0
1439,11d091d0bd985e5e,True,0.0,1.0,0.0,0.0,1.0,1.0,0.0
1440,c9f0c60627ba5237,True,1.0,1.0,1.0,1.0,1.0,1.0,1.0
1441,0b232677746253a0,True,1.0,1.0,1.0,1.0,1.0,1.0,1.0
1442,64a417561b53530f,True,1.0,1.0,1.0,1.0,1.0,1.0,1.0
1443,9f3b77fe8cd3541c,True,1.0,1.0,1.0,1.0,1.0,1.0,1.0
1444,efd90f7518445bef,True,1.0,0.0,0.0,0.0,1.0,1.0,0.0
1445,d1408323ef2357be,True,1.0,1.0,0.8418683056170908,1.0,1.0,1.0,0.9341117940071211
1446,cd72b9f6b03f5f41,True,1.0,1.0,0.9111925750936646,1.0,1.0,1.0,0.9629969062890269
1447,26c48df074d151c6,True,0.0,1.0,0.0,0.0,1.0,1.0,0.0
1448,e706a9c88e625828,True,1.0,1.0,0.9166338612239581,1.0,1.0,1.0,0.9652641088433159
1449,5c1b8e332d105b79,True,1.0,0.0,0.0,1.0,1.0,1.0,0.0
1450,6fbdacdf660253b6,True,1.0,1.0,0.8855886798613631,1.0,1.0,1.0,0.9523286166089013
1451,a0f499d0aab45bab,True,1.0,1.0,1.0,1.0,1.0,1.0,1.0
1452,f3738f5be59d5d10,True,0.0,0.0,0.0,0.0,1.0,0.5,0.0
1453,09a81436114951ab,True,1.0,1.0,0.929521798948229,1.0,1.0,1.0,0.9706340828950953
1454,1ebc0b5378ab5caa,True,1.0,1.0,1.0,1.0,1.0,1.0,1.0
1455,14a11185124a508b,True,1.0,1.0,0.9736023312082963,1.0,1.0,1.0,0.9890009713367901
1456,16a2c04634ab5112,True,1.0,1.0,0.8966686408405117,1.0,1.0,1.0,0.9569452670168799
1457,1de80c2e4aca5f33,True,1.0,0.0,0.0,1.0,1.0,0.0,0.0
1458,e18ca78f3c5f5a04,True,1.0,1.0,1.0,1.0,1.0,1.0,1.0
1459,3af1019a97d959fa,True,1.0,1.0,1.0,1.0,1.0,1.0,1.0
1460,71a5ed00dbe85089,True,1.0,1.0,0.6688738795215554,1.0,1.0,1.0,0.8620307831339815
1461,9ffd8ba0c7f75398,True,1.0,1.0,0.8353395731767381,1.0,1.0,1.0,0.9313914888236409
1462,9a03bf441e615cd6,True,1.0,1.0,0.3193477149969183,1.0,1.0,1.0,0.716394881248716
1463,6f0538a6ba9c5b7f,True,0.0,1.0,0.0,0.0,1.0,1.0,0.0
1464,31cdd1b336305b1a,True,1.0,1.0,0.9649874688471495,1.0,1.0,0.5,0.985411445352979
1465,fd9dc4abc0d357a1,True,1.0,1.0,0.8401440605810987,1.0,1.0,1.0,0.9333933585754578
1466,babd01c3694d5e18,True,1.0,1.0,0.8700664403531077,1.0,1.0,0.0,0.945861016813795
1467,8651cc01649b5d5b,True,1.0,1.0,0.6042797476275271,1.0,1.0,1.0,0.8351165615114696
1468,e97ba617b7c059a7,True,1.0,1.0,1.0,0.0,1.0,0.0,0.5833333333333334
1469,8683f3b4797f56e0,True,1.0,1.0,0.6917777635726017,0.0,1.0,1.0,0.45490740148858405
1470,f93bfd9479fd52ee,True,1.0,1.0,0.8147317420095832,1.0,1.0,1.0,0.922804892503993
1471,bf8b8714f63d5642,True,0.0,1.0,0.0,0.0,1.0,1.0,0.0
1472,5d7eedc503ef575c,True,1.0,1.0,1.0,1.0,1.0,1.0,1.0
1473,52ed9777731d5ba8,True,1.0,1.0,0.8793757766579068,1.0,1.0,1.0,0.9497399069407946
1474,2d4d48a048615f9a,True,1.0,1.0,1.0,1.0,1.0,1.0,1.0
1475,f1002f2d240c514e,True,1.0,1.0,0.7324882000823396,1.0,1.0,1.0,0.8885367500343082
1476,11182a0af9c95c8c,True,1.0,0.0,0.0,1.0,1.0,1.0,0.0
1477,e38aa05b9c8b5e32,True,1.0,1.0,0.9845177327209383,1.0,1.0,1.0,0.9935490553003911
1478,b2e0a5dfbb575ce1,True,1.0,1.0,0.43431487109156436,1.0,1.0,1.0,0.7642978629548184
1479,f79916e26eef5b74,True,1.0,1.0,0.9539780489919113,1.0,1.0,1.0,0.9808241870799631
1480,3cfcca572cdc5b75,True,1.0,0.0,0.0,1.0,1.0,1.0,0.0
1481,fb2ff1ed5e1b529f,True,1.0,1.0,1.0,1.0,1.0,0.5,1.0
1482,008d6e3394a65c1f,True,1.0,1.0,1.0,1.0,1.0,1.0,1.0
1483,980db9371e6b52de,True,1.0,1.0,1.0,0.0,1.0,0.5,0.5833333333333334
1484,d0785c050c1350e7,True,1.0,1.0,1.0,1.0,1.0,1.0,1.0
1485,6b183b48b7175f38,True,1.0,1.0,0.8339625952287226,1.0,1.0,1.0,0.9308177480119678
1486,d66a4334c9625c4a,True,1.0,1.0,0.8009928219597995,1.0,1.0,1.0,0.9170803424832498
1487,ee53e7213c995a0b,True,1.0,1.0,0.9438476005090776,1.0,1.0,1.0,0.9766031668787823
1488,9d7030a6966b54cd,True,1.0,1.0,1.0,1.0,1.0,1.0,1.0
1489,ef7089ecfb0c5028,True,0.5,0.0,0.0,0.0,1.0,0.0,0.0
1490,e68ddf5be41355dc,True,1.0,0.0,0.0,1.0,1.0,0.5,0.0
1491,e9a26f1753a85a88,True,1.0,0.0,0.0,1.0,1.0,1.0,0.0
1492,03ca1900f09b5d20,True,1.0,1.0,0.7924838829412054,1.0,1.0,1.0,0.9135349512255022
1493,41f3712a30b956e6,True,1.0,0.0,0.0,0.0,1.0,0.0,0.0
1494,ab9a263dea175465,True,1.0,1.0,0.8816999425552193,0.0,1.0,1.0,0.5340416427313414
1495,c3c6442b2f525269,True,1.0,1.0,1.0,1.0,1.0,1.0,1.0
1496,8a6717a888fe55f9,True,1.0,0.0,0.0,1.0,1.0,1.0,0.0
1497,03b33d7830ba522b,True,1.0,1.0,0.6118159792700959,1.0,1.0,1.0,0.8382566580292066
1498,6d3bb2ecca3e54b4,True,1.0,0.0,0.0,1.0,1.0,1.0,0.0
1499,fe0a33d7599a59b3,True,1.0,1.0,0.8603726652591324,1.0,1.0,1.0,0.9418219438579718
1500,2aade0b3987d5366,True,0.5,0.0,0.0,0.0,1.0,0.5,0.0
1501,5d5d1442b83d5c5c,True,1.0,1.0,0.5999322226310758,1.0,1.0,1.0,0.8333050927629483
1502,1b3ae7a2d38d5c6c,True,0.0,1.0,0.0,0.0,1.0,1.0,0.0
1503,c75331b9d30957a1,True,0.0,1.0,0.0,0.0,1.0,1.0,0.0
1504,0d9243e74a1a501a,True,1.0,1.0,1.0,1.0,1.0,1.0,1.0
1505,190c8d0cece45af1,True,1.0,1.0,1.0,1.0,1.0,1.0,1.0
1506,5237b49651b35ffb,True,1.0,1.0,1.0,1.0,1.0,1.0,1.0
1507,c62dafe55b9d538d,True,1.0,1.0,1.0,1.0,1.0,1.0,1.0
1508,dcd3886f044a5e29,True,1.0,1.0,0.8906995070198288,1.0,1.0,1.0,0.9544581279249287
1509,2541de938ff15eee,True,1.0,1.0,0.8136307638042044,1.0,1.0,1.0,0.9223461515850851
1510,b2abc819ebf45c11,True,1.0,1.0,0.6174632342924441,1.0,1.0,1.0,0.840609680955185
1511,31222d2fc6f95e0d,True,1.0,1.0,0.9418213812240838,1.0,1.0,1.0,0.9757589088433681
1512,3ae409424da65443,True,1.0,1.0,1.0,1.0,1.0,1.0,1.0
1513,46ee8e2727455a9f,True,1.0,1.0,0.9770654380975556,1.0,1.0,1.0,0.9904439325406482
1514,9af711dfa6eb5952,True,1.0,1.0,1.0,1.0,1.0,1.0,1.0
1515,accb5d206fd05911,True,1.0,1.0,0.6973036787899975,1.0,1.0,1.0,0.8738765328291657
1516,906d7e590245576a,True,1.0,1.0,0.7930573297294016,1.0,1.0,1.0,0.9137738873872507
1517,9b4e0723f48755fb,True,1.0,1.0,0.9384591879582173,1.0,1.0,0.0,0.9743579949825906
1518,39fde97003dd540e,True,1.0,1.0,0.6810602584699786,1.0,1.0,1.0,0.8671084410291577
1519,1677503060a95d4a,True,1.0,1.0,0.7966655066427211,1.0,1.0,1.0,0.9152772944344671
1520,5022f5d01ba85e74,True,1.0,0.0,0.0,1.0,1.0,1.0,0.0
1521,d496c44726c35e33,True,0.0,1.0,0.0,0.0,1.0,1.0,0.0
1522,3ff5c9a5bd155bb2,True,1.0,1.0,0.9687131251469455,1.0,1.0,1.0,0.9869638021445607
1523,4d8b083f00675de2,True,1.0,1.0,1.0,1.0,1.0,1.0,1.0
1524,c3bb1d6556d95d40,True,1.0,1.0,0.7951145780616845,1.0,1.0,1.0,0.9146310741923686
1525,d9422fc7065e5b62,True,1.0,1.0,0.6190053000160081,1.0,1.0,1.0,0.8412522083400034
1526,85164858b3e55841,True,1.0,1.0,0.8471173820467717,1.0,1.0,1.0,0.936298909186155
1527,bbd85b27fa465894,True,1.0,1.0,0.926181332131806,1.0,1.0,1.0,0.9692422217215858
1528,7f0309b4cbb85029,True,1.0,1.0,0.761481542348979,1.0,1.0,1.0,0.9006173093120746
1529,77a891db719c5273,True,1.0,1.0,0.842852350409649,1.0,1.0,1.0,0.934521812670687
1530,157c6c5b1b9d5608,True,0.0,1.0,0.0,0.0,1.0,1.0,0.0
1531,55bb551a2aa85849,True,1.0,0.0,0.0,1.0,1.0,0.5,0.0
1532,4e0667aa6ead5e7d,True,1.0,1.0,0.9398089004767979,1.0,1.0,1.0,0.9749203751986658
1533,2ec48f094e475d85,True,1.0,1.0,1.0,1.0,1.0,1.0,1.0
1534,40c083a3c4ff5b45,True,1.0,1.0,0.8471270423396425,1.0,1.0,1.0,0.9363029343081845
1535,7fc551e4e0375d00,True,0.0,1.0,0.0,0.0,1.0,1.0,0.0
1536,ad34e2d0d3865530,True,1.0,1.0,0.6922611831816784,1.0,1.0,1.0,0.871775492992366
1537,5233faf7f9935f97,True,1.0,1.0,0.8128870970018548,1.0,1.0,1.0,0.9220362904174394
1538,9b58f5bd4e995a93,True,1.0,1.0,0.9270072733474389,1.0,1.0,1.0,0.9695863638947663
1539,72be63ed04f15f97,True,0.0,1.0,0.0,0.0,1.0,0.0,0.0
1540,36b4b6d6e4745071,True,1.0,0.0,0.0,1.0,1.0,0.0,0.0
1541,2805fe41d7d9543a,True,1.0,1.0,0.846624212053081,1.0,1.0,1.0,0.9360934216887836
1542,8390620a5e745bfa,True,1.0,0.0,0.0,1.0,1.0,1.0,0.0
1543,69976d75e3a5521e,True,1.0,1.0,1.0,1.0,1.0,1.0,1.0
1544,13da814cde3a525b,True,1.0,1.0,0.9421677052712443,1.0,1.0,1.0,0.9759032105296851
1545,4dd817ed8b515ab1,True,1.0,1.0,1.0,1.0,1.0,1.0,1.0
1546,7c7ce7ea08b15930,True,1.0,1.0,0.8271386920917172,1.0,1.0,1.0,0.9279744550382155
1547,0f4984d978155b23,True,1.0,1.0,0.9726279330573249,0.0,1.0,1.0,0.5719283054405521
1548,1b0f2e4276945f9a,True,0.0,1.0,0.0,0.0,1.0,1.0,0.0
1549,cd177406e5b056d6,True,1.0,1.0,0.8280737862150468,1.0,1.0,1.0,0.9283640775896028
1550,00185dab0ba153b9,True,1.0,1.0,0.9553342044433292,1.0,1.0,1.0,0.9813892518513873
1551,8611c130815150a7,True,1.0,1.0,0.8994546790427242,1.0,1.0,1.0,0.9581061162678018
1552,4ae7296f92115e83,True,1.0,1.0,0.8460439769698631,1.0,1.0,1.0,0.9358516570707763
1553,9d0ff46ac79e5e0b,True,1.0,1.0,0.8211817846984012,1.0,1.0,1.0,0.9254924102910005
1554,5a4811a0bde955b3,True,1.0,0.0,0.0,1.0,1.0,1.0,0.0
1555,e2080118123b5cc8,True,1.0,1.0,0.8024934394745211,1.0,1.0,1.0,0.9177055997810504
1556,4581d95a873c5679,True,1.0,1.0,0.9423879592399468,1.0,1.0,0.5,0.9759949830166444
1557,cbd04a396e145288,True,1.0,1.0,1.0,1.0,1.0,1.0,1.0
1558,5ea36cebd2575b16,True,1.0,1.0,1.0,1.0,1.0,1.0,1.0
1559,9949b537feb55564,True,1.0,1.0,0.9084985811059322,1.0,1.0,1.0,0.9618744087941384
1560,f1042fb26da2534a,True,1.0,1.0,0.9791754570000748,1.0,1.0,1.0,0.9913231070833645
1561,83b935eff1815935,True,1.0,1.0,0.9128824235383339,1.0,1.0,1.0,0.9637010098076392
1562,a698a93fec1e57fa,True,1.0,1.0,1.0,1.0,1.0,1.0,1.0
1563,b7784f3cdf6b5991,True,1.0,1.0,0.631827241559544,1.0,1.0,1.0,0.8465946839831432
1564,15b0967d1dab53f8,True,0.5,0.0,0.0,0.0,1.0,0.0,0.0
1565,ac7167da1d1a5342,True,0.0,0.0,0.0,0.0,1.0,1.0,0.0
1566,9d74f6f9b0a25c90,True,0.0,1.0,0.0,0.0,1.0,1.0,0.0
1567,f7d40806c7045d54,True,1.0,1.0,0.7754334271357912,0.0,1.0,1.0,0.48976392797324636
1568,8f60912c624e5f5f,True,0.0,0.0,0.0,0.0,1.0,0.0,0.0
1569,f3a327d6e0e45d9a,True,1.0,1.0,1.0,1.0,1.0,0.0,1.0
1570,d39ff27c54d55ef1,True,1.0,1.0,0.9557659087984147,1.0,1.0,1.0,0.9815691286660062
1571,078bc1027dde5d1a,True,1.0,0.0,0.0,1.0,1.0,1.0,0.0
1572,30e29966db9156ee,True,1.0,1.0,0.6423393460320344,1.0,1.0,0.5,0.8509747275133477
1573,134a3394c9b756d9,True,1.0,1.0,0.7541438110422524,1.0,1.0,1.0,0.8975599212676052
1574,8f5cefce0c0259d9,True,0.0,0.0,0.0,0.0,1.0,0.0,0.0
1575,36e98388f7a35159,True,1.0,1.0,1.0,1.0,1.0,1.0,1.0
1576,c2072dd6a3f85da0,True,0.0,1.0,0.0,0.0,1.0,1.0,0.0
1577,5ca8a2941e3f56c2,True,1.0,1.0,1.0,0.0,1.0,1.0,0.5833333333333334
1578,97b1ea53fad65625,True,1.0,1.0,0.9790750730162981,1.0,1.0,1.0,0.9912812804234576
1579,d781ee7dce4a5351,True,1.0,1.0,0.4779923394117853,1.0,1.0,1.0,0.7824968080882438
1580,002672a228395a16,True,1.0,1.0,1.0,1.0,1.0,0.5,1.0
1581,d4849a52aaa55a9f,True,1.0,1.0,1.0,1.0,1.0,1.0,1.0
1582,06f604b0d4835371,True,1.0,1.0,0.840460234193365,1.0,1.0,1.0,0.9335250975805688
1583,4c3547b853675e66,True,1.0,0.0,0.0,1.0,1.0,0.5,0.0
1584,cec165c3246d5529,True,1.0,0.0,0.0,1.0,1.0,1.0,0.0
1585,659d1e0ce6cd5c97,True,1.0,1.0,0.46415260775991984,1.0,1.0,1.0,0.7767302532332999
1586,94683fc69ce4599c,True,1.0,1.0,0.5458164388506276,1.0,1.0,1.0,0.8107568495210948
1587,4024c1a4953e57a7,True,1.0,1.0,0.9840781454530043,1.0,1.0,1.0,0.9933658939387519
1588,6410f5684be757b5,True,1.0,1.0,0.7395891060348875,1.0,1.0,1.0,0.8914954608478697
1589,9c45919236c051c0,True,1.0,1.0,0.6718041816089236,1.0,1.0,1.0,0.8632517423370515
1590,bd5e1c226cca5d3e,True,0.0,1.0,0.0,0.0,1.0,0.0,0.0
1591,683e518fbfa650d5,True,1.0,1.0,1.0,1.0,1.0,1.0,1.0
1592,ef4cd07fc8245457,True,1.0,1.0,1.0,1.0,1.0,1.0,1.0
1593,aa74d194063c5d0b,True,1.0,1.0,0.6397634174887575,1.0,1.0,1.0,0.849901423953649
1594,75811dfc02ce59f7,True,1.0,1.0,0.8337555000290233,1.0,1.0,1.0,0.9307314583454264
1595,76b708c365e45536,True,1.0,1.0,0.6937476534974946,1.0,1.0,1.0,0.872394855623956
1596,1893fb783df95146,True,1.0,1.0,1.0,1.0,1.0,1.0,1.0
1597,34bdecafedff5fdf,True,1.0,1.0,0.9083521339025619,1.0,1.0,1.0,0.9618133891260675
1598,f62e6cb228dc50e1,True,1.0,1.0,0.7933181587060321,1.0,1.0,1.0,0.9138825661275134
1599,8364af67153a5193,True,1.0,0.0,0.0,1.0,1.0,1.0,0.0
1600,0bc64fd1b3ff5d1a,True,0.0,1.0,0.0,0.0,1.0,1.0,0.0
1601,584c0bd68dbb55e9,True,1.0,1.0,0.7630103996868772,1.0,1.0,1.0,0.9012543332028655
1602,5cffd130ff2c510a,True,1.0,0.0,0.0,1.0,1.0,1.0,0.0
1603,305634c7b587567f,True,1.0,1.0,0.8126380319689313,1.0,1.0,1.0,0.921932513320388
1604,13c555e68671524f,True,1.0,1.0,0.8072883976816236,1.0,1.0,1.0,0.9197034990340098
1605,c65a7b2b6f8c527e,True,1.0,1.0,0.9725087000905384,1.0,1.0,1.0,0.988545291704391
1606,28ecaf0359ee5029,True,1.0,1.0,0.9237920507348553,1.0,1.0,1.0,0.9682466878061898
1607,d1abb12015175373,True,1.0,1.0,1.0,1.0,1.0,1.0,1.0
1608,edd24f4c0a295030,True,1.0,1.0,1.0,1.0,1.0,1.0,1.0
1609,406564d5dc7358f6,True,1.0,1.0,1.0,1.0,1.0,1.0,1.0
1610,ff9058bacb845910,True,0.0,1.0,0.0,0.0,1.0,1.0,0.0
1611,61e3a4acbdf55ffe,True,1.0,1.0,0.4847111193644134,1.0,1.0,0.5,0.7852962997351723
1612,7b8d8487706f501e,True,0.0,1.0,0.0,0.0,1.0,1.0,0.0
1613,6b7e5348100b5572,True,1.0,1.0,1.0,1.0,1.0,1.0,1.0
1614,11811a7320ab58db,True,1.0,1.0,0.9763142352999864,0.0,1.0,1.0,0.5734642647083277
1615,50d6986491d3510a,True,1.0,1.0,0.8558058367285287,0.0,1.0,1.0,0.5232524319702203
1616,748a5531d6415e0c,True,1.0,1.0,1.0,1.0,1.0,1.0,1.0
1617,7f9c22da74d35642,True,1.0,1.0,0.9168506417461645,1.0,1.0,1.0,0.9653544340609018
1618,63f4362f90ef55a1,True,1.0,1.0,0.9393054062666033,0.0,1.0,1.0,0.5580439192777514
1619,36e3e0f9a589578d,True,1.0,1.0,0.5686448331892034,1.0,1.0,1.0,0.8202686804955014
1620,0769a262b53b589e,True,1.0,1.0,0.952964458129614,1.0,1.0,1.0,0.9804018575540058
1621,b4c9294d8e3952b8,True,1.0,1.0,1.0,1.0,1.0,1.0,1.0
1622,3c90de2a12a558b2,True,1.0,1.0,0.7418223724787758,1.0,1.0,1.0,0.8924259885328233
1623,7fa739c174a55eaa,True,1.0,1.0,0.9065123638280231,1.0,1.0,1.0,0.9610468182616764
1624,acd0bceedc6852c2,True,1.0,0.0,0.0,1.0,1.0,0.5,0.0
1625,45d6c16000b75270,True,1.0,0.0,0.0,1.0,1.0,1.0,0.0
1626,14b839d065b358d0,True,1.0,1.0,1.0,0.0,1.0,1.0,0.5833333333333334
1627,b7bbef1569ca526e,True,1.0,1.0,1.0,1.0,1.0,1.0,1.0
1628,0feb5eb464bc52b0,True,1.0,0.0,0.0,1.0,1.0,1.0,0.0
1629,54bf100910bc5b10,True,0.0,0.0,0.0,0.0,1.0,0.0,0.0
1630,89df824d0cfd525e,True,1.0,1.0,0.6951238163853443,1.0,1.0,1.0,0.8729682568272268
1631,30d90432ffb357cf,True,1.0,1.0,0.8729531769561085,1.0,1.0,1.0,0.9470638237317118
1632,534e6a7d7e8c528b,True,1.0,1.0,0.8317564902381284,1.0,1.0,1.0,0.9298985375992203
1633,e80df2a74bfd5a22,True,1.0,1.0,1.0,1.0,1.0,1.0,1.0
1634,6de8e1962fc4559a,True,1.0,1.0,0.8744024413011215,1.0,1.0,1.0,0.9476676838754674
1635,e516528c577453a7,True,1.0,1.0,1.0,1.0,1.0,1.0,1.0
1636,ee6d63d4e8b35518,True,0.0,1.0,0.0,0.0,1.0,1.0,0.0
1637,2c21ad85949653a6,True,1.0,1.0,1.0,1.0,1.0,1.0,1.0
1638,0558c7a64ef157b1,True,1.0,1.0,0.9984258315204267,1.0,1.0,1.0,0.9993440964668444
1639,81286af2aa9c5e17,True,1.0,0.0,0.0,1.0,1.0,1.0,0.0
1640,3b3e36e9d816563c,True,1.0,1.0,1.0,1.0,1.0,1.0,1.0
1641,36650ce9087150de,True,1.0,1.0,1.0,1.0,1.0,1.0,1.0
1642,ba62104a517e5a9b,True,1.0,0.0,0.0,1.0,1.0,1.0,0.0
1643,159972aee8265c33,True,0.0,0.0,0.0,0.0,1.0,0.5,0.0
1644,3a161e0999b15823,True,1.0,0.0,0.0,1.0,1.0,1.0,0.0
1645,f3532c4c4ad95b27,True,1.0,1.0,0.9713214928109156,1.0,1.0,1.0,0.9880506220045482
1646,c30e5bb7e0595851,True,1.0,1.0,0.7429131000190379,1.0,1.0,1.0,0.8928804583412658
1647,460c1bc090365d1b,True,1.0,1.0,1.0,1.0,1.0,0.0,1.0
1648,208247acd8ca5e2c,True,1.0,1.0,1.0,1.0,1.0,1.0,1.0
1649,960b735b1eac5dab,True,1.0,1.0,1.0,1.0,1.0,1.0,1.0
1650,1e6597b57a335949,True,1.0,1.0,1.0,1.0,1.0,1.0,1.0
1651,3d6cbc2a95885eef,True,1.0,1.0,0.7123968307873624,1.0,1.0,1.0,0.8801653461614011
1652,df020b6bdc1b59c0,True,1.0,1.0,1.0,1.0,1.0,1.0,1.0
1653,1b5a55897d2950f9,True,1.0,1.0,0.7253025669663481,1.0,1.0,0.5,0.8855427362359783
1654,d0dcc4b5cf6a53ab,True,0.0,1.0,0.0,0.0,1.0,1.0,0.0
1655,23d647e77f2d515e,True,1.0,1.0,0.6624138168746864,1.0,1.0,0.5,0.8593390903644527
1656,283f39e817575b93,True,0.5,0.0,0.0,0.0,1.0,0.0,0.0
1657,578adc6dc97d510f,True,0.0,0.0,0.0,0.0,1.0,0.5,0.0
1658,090d6a17e77d59b5,True,0.0,1.0,0.0,0.0,1.0,1.0,0.0
1659,f6b9867069845fd2,True,1.0,1.0,0.9093236383925691,1.0,1.0,0.0,0.9622181826635705
1660,582a4716d1bd55bc,True,1.0,0.0,0.0,1.0,1.0,1.0,0.0
1661,cb70f332bc5f5bcf,True,1.0,0.0,0.0,0.0,1.0,1.0,0.0
1662,1270261ff182534f,True,1.0,1.0,1.0,0.0,0.0,1.0,0.4166666666666667
1663,f7c57baf089e561b,True,1.0,0.0,0.0,1.0,1.0,1.0,0.0
1664,5e81fdb02c275b17,True,1.0,1.0,0.5464542692143328,1.0,1.0,1.0,0.8110226121726387
1665,cb7ce9515c495674,True,1.0,1.0,0.7680052913154043,1.0,1.0,1.0,0.9033355380480851
1666,6dfed7a32cf45d59,True,0.0,1.0,0.0,0.0,1.0,1.0,0.0
1667,4631b80af7fb5f2f,True,0.0,1.0,0.0,0.0,1.0,1.0,0.0
1668,1dc437ce152e55fa,True,0.0,1.0,0.0,0.0,1.0,1.0,0.0
1669,d4d21ecb8e4058e8,True,1.0,1.0,1.0,1.0,1.0,1.0,1.0
1670,e5bb04b7c6695184,True,1.0,1.0,1.0,1.0,1.0,1.0,1.0
1671,83dd1484eb265a3c,True,1.0,1.0,1.0,1.0,1.0,1.0,1.0
1672,748779bcdb5b5a49,True,1.0,1.0,0.9730667778652209,1.0,1.0,1.0,0.9887778241105086
1673,842d40cd41cf56e8,True,1.0,1.0,0.7861166672915827,1.0,1.0,1.0,0.9108819447048262
1674,7ed4005bb9385a16,True,1.0,0.0,0.0,1.0,1.0,1.0,0.0
1675,f94a9ce36b8e5516,True,1.0,1.0,1.0,1.0,1.0,1.0,1.0
1676,f9b3a9c625905d77,True,1.0,0.0,0.0,0.0,1.0,0.0,0.0
1677,c2b5ebf8ace851ea,True,0.0,0.0,0.0,0.0,1.0,0.0,0.0
1678,c32ae6a1954651ec,True,0.0,1.0,0.0,0.0,1.0,1.0,0.0
1679,60991b5c52d85113,True,1.0,1.0,1.0,1.0,1.0,1.0,1.0
1680,cf62911d4c7c541c,True,1.0,1.0,0.8627447908247586,1.0,1.0,1.0,0.9428103295103161
1681,283ae14565b85cc3,True,1.0,1.0,0.8147328969031956,1.0,1.0,0.0,0.9228053737096649
1682,4efe0ad78b655ecd,True,1.0,0.0,0.0,1.0,1.0,1.0,0.0
1683,064018bfafb05f56,True,1.0,1.0,0.9395550272894008,1.0,1.0,1.0,0.974814594703917
1684,77072386dfbb5af8,True,0.0,1.0,0.0,0.0,1.0,0.0,0.0
1685,e3b8bfc261ac5969,True,0.5,0.0,0.0,0.0,1.0,0.5,0.0
1686,1fd8eed8897a5667,True,1.0,1.0,1.0,1.0,1.0,1.0,1.0
1687,9184d994aedd50b1,True,1.0,1.0,0.6184215732958275,1.0,1.0,1.0,0.8410089888732615
1688,51ab6f367130574d,True,0.0,1.0,0.0,0.0,1.0,1.0,0.0
1689,abb5501b10e65b19,True,1.0,1.0,1.0,1.0,1.0,1.0,1.0
1690,c054f473288d5515,True,1.0,0.0,0.0,0.0,1.0,1.0,0.0
1691,260f5d5245015db6,True,1.0,1.0,0.7560703241113146,0.0,1.0,1.0,0.4816959683797144
1692,93c82496dc8e59c5,True,0.0,0.0,0.0,0.0,1.0,1.0,0.0
1693,d71f89f4f6e350b8,True,1.0,1.0,0.9189916853040944,1.0,1.0,1.0,0.9662465355433726
1694,adb5cfe871c55445,True,1.0,1.0,1.0,1.0,1.0,1.0,1.0
1695,317f5b44a4615e30,True,0.0,0.0,0.0,0.0,1.0,0.5,0.0
1696,54a9fe6636755234,True,1.0,1.0,1.0,0.0,1.0,1.0,0.5833333333333334
1697,3b3f3faf6778593f,True,1.0,1.0,1.0,1.0,1.0,1.0,1.0
1698,3770407dcc67520c,True,1.0,0.0,0.0,1.0,1.0,0.0,0.0
1699,4fbe9cf1d64d58ef,True,1.0,1.0,1.0,1.0,1.0,1.0,1.0
1700,1abf52a927025259,True,1.0,1.0,0.844665099249605,1.0,1.0,1.0,0.9352771246873354
1701,02b68b9cc51f506a,True,1.0,0.0,0.0,1.0,1.0,1.0,0.0
1702,51c2558524435a31,True,1.0,1.0,0.8513558005736065,1.0,1.0,1.0,0.9380649169056694
1703,0ee0eabadd125c7b,True,1.0,1.0,0.9494617446883001,1.0,1.0,1.0,0.978942393620125
1704,2a3ab48ae28f5e90,True,1.0,1.0,1.0,1.0,1.0,1.0,1.0
1705,4ad7866306895cca,True,1.0,1.0,0.606417000253459,1.0,1.0,1.0,0.8360070834389411
1706,25cdf7dee0d25a66,True,1.0,1.0,1.0,1.0,1.0,1.0,1.0
1707,d1ac97f2f57553d0,True,1.0,1.0,0.7792101820636235,1.0,1.0,1.0,0.9080042425265097
1708,355835bced0c591f,True,1.0,0.0,0.0,1.0,1.0,0.5,0.0
1709,4bc54773ae245d10,True,1.0,1.0,1.0,1.0,1.0,1.0,1.0
1710,5dbf07df40a55d2e,True,1.0,1.0,1.0,1.0,1.0,1.0,1.0
1711,f7e52770089e5230,True,1.0,1.0,0.7767263913137582,1.0,1.0,1.0,0.906969329714066
1712,8cba6cacb16d5acc,True,1.0,1.0,1.0,1.0,1.0,1.0,1.0
1713,4314c162a57f568e,True,0.0,1.0,0.0,0.0,1.0,1.0,0.0
1714,86cb3350b50b570b,True,1.0,1.0,0.8009942611258064,1.0,1.0,1.0,0.9170809421357525
1715,ef7fb2d0c7bf52a4,True,1.0,0.0,0.0,1.0,1.0,0.5,0.0
1716,d94aa4b0e05e5be9,True,1.0,1.0,1.0,0.0,1.0,1.0,0.5833333333333334
1717,ba2973ad6189568b,True,1.0,1.0,0.7912851876193645,1.0,1.0,1.0,0.9130354948414019
1718,b15572e37ce95d98,True,1.0,1.0,1.0,1.0,1.0,1.0,1.0
1719,d792515ce4b257a4,True,1.0,0.0,0.0,1.0,1.0,0.5,0.0
1720,7444ae8aea51554e,True,1.0,0.0,0.0,1.0,1.0,0.0,0.0
1721,d2098ab3fc1953b3,True,1.0,1.0,1.0,1.0,1.0,1.0,1.0
1722,5027a61161365407,True,1.0,1.0,0.9443546128911767,1.0,1.0,1.0,0.9768144220379904
1723,6abe0ed266f258d9,True,1.0,1.0,1.0,1.0,1.0,1.0,1.0
1724,05d0a1a763fc5334,True,1.0,1.0,0.9953134292065848,1.0,1.0,1.0,0.9980472621694103
1725,2ba3f7adca335912,True,1.0,1.0,0.9198980222135446,1.0,1.0,0.5,0.9666241759223103
1726,b12faa3892185d8f,True,1.0,1.0,0.5181336488476802,1.0,1.0,1.0,0.7992223536865334
1727,692bea45f3de5fd0,True,1.0,0.0,0.0,1.0,1.0,1.0,0.0
1728,ddddd9e7e4925db9,True,1.0,1.0,0.7804225872903706,1.0,1.0,1.0,0.9085094113709878
1729,6e821a856fe45177,True,1.0,1.0,1.0,1.0,1.0,0.5,1.0
1730,ad8e3279524854c3,True,1.0,1.0,0.8417798435425194,1.0,1.0,1.0,0.9340749348093831
1731,4a29aee6f5bd5073,True,1.0,1.0,0.6021593118959687,1.0,1.0,1.0,0.8342330466233202
1732,aa2962e446b45e1f,True,1.0,1.0,0.9679920405350289,1.0,1.0,1.0,0.9866633502229286
1733,b22ea864484d514f,True,1.0,1.0,0.9738703902860081,1.0,1.0,1.0,0.9891126626191701
1734,7ae0a03be0c357d2,True,1.0,1.0,0.5283393455026322,1.0,1.0,0.5,0.8034747272927634
1735,e61adc75d7da50c3,True,1.0,1.0,1.0,1.0,1.0,0.0,1.0
1736,af335d636f4c516e,True,1.0,0.0,0.0,1.0,1.0,1.0,0.0
1737,26de9e2da40c5b0c,True,1.0,0.0,0.0,1.0,1.0,0.5,0.0
1738,409ed084cde5554b,True,1.0,1.0,0.8214811912685024,1.0,1.0,1.0,0.9256171630285426
1739,c38eb1a738745b1e,True,1.0,1.0,1.0,1.0,1.0,1.0,1.0
1740,70e50d9b18305fa4,True,1.0,1.0,0.6959372136556013,1.0,1.0,1.0,0.8733071723565006
1741,3e0511dc69b85b75,True,1.0,1.0,0.8599166488984997,1.0,1.0,1.0,0.9416319370410416
1742,3a76a6ab17535552,True,1.0,1.0,0.9081705652809511,1.0,1.0,1.0,0.9617377355337297
1743,19a52017c000548c,True,1.0,1.0,0.9430155067156395,1.0,1.0,0.0,0.9762564611315164
1744,fb3e4b836ab758db,True,1.0,0.0,0.0,1.0,1.0,1.0,0.0
1745,e3caf69e02f857ba,True,1.0,1.0,0.9976826375951622,0.0,1.0,1.0,0.5823677656646509
1746,70e6b8db27e55b53,True,1.0,1.0,1.0,1.0,1.0,1.0,1.0
1747,80b61a3a73f55af9,True,1.0,1.0,1.0,1.0,1.0,1.0,1.0
1748,8b794f146fda58da,True,1.0,1.0,0.8496899053027834,1.0,1.0,1.0,0.9373707938761596
1749,54d1762cf973535b,True,1.0,1.0,0.9342928719718696,1.0,1.0,1.0,0.972622029988279
1750,6d7754fdda3a50a6,True,1.0,1.0,0.8724496419891441,1.0,1.0,1.0,0.9468540174954767
1751,5590042a1aaa5f92,True,1.0,1.0,0.9743923045521644,1.0,1.0,1.0,0.9893301268967352
1752,8aa8e3e16c035d5e,True,0.0,1.0,0.0,0.0,1.0,1.0,0.0
1753,e77360b1bf605f87,True,0.0,1.0,0.0,0.0,1.0,1.0,0.0
1754,0573408e3cfb5130,True,1.0,1.0,0.7961424558047224,1.0,1.0,1.0,0.915059356585301
1755,84aade0568085ba5,True,0.0,1.0,0.0,0.0,1.0,1.0,0.0
1756,95329718628e5f7f,True,1.0,1.0,1.0,0.0,1.0,1.0,0.5833333333333334
1757,1a1aa689c53951ba,True,0.0,1.0,0.0,0.0,1.0,1.0,0.0
1758,ada62613f2ce5a33,True,1.0,1.0,0.6715064266964328,1.0,1.0,1.0,0.8631276777901803
1759,a164681774715cea,True,1.0,1.0,0.8064284458017156,1.0,1.0,1.0,0.9193451857507148
1760,ba69be06341d5b2b,True,1.0,1.0,0.967648220639124,1.0,1.0,1.0,0.9865200919329684
1761,282855be37635ecc,True,1.0,1.0,1.0,1.0,1.0,1.0,1.0
1762,d46f1077421c5c75,True,0.0,1.0,0.0,0.0,1.0,0.5,0.0
1763,e1398b3ecf3f520d,True,0.0,1.0,0.0,0.0,1.0,1.0,0.0
1764,095042ae1f985c39,True,1.0,1.0,0.5866860983219258,0.0,1.0,0.5,0.41111920763413573
1765,4bdff78fdccd5f6d,True,1.0,0.0,0.0,1.0,1.0,1.0,0.0
1766,331a4a4334df5c34,True,1.0,1.0,0.44771515035482,1.0,1.0,1.0,0.7698813126478417
1767,21b54e6d58985ae3,True,1.0,1.0,1.0,1.0,1.0,1.0,1.0
1768,00685a5276625b57,True,1.0,1.0,0.7556333345591403,1.0,1.0,1.0,0.8981805560663085
1769,bdb32e2af06e5bc9,True,1.0,1.0,1.0,1.0,1.0,1.0,1.0
1770,e5e1dbb69578517b,True,1.0,1.0,0.6594044162954068,1.0,1.0,1.0,0.8580851734564195
1771,8d83f07bed9d5f6a,True,0.0,1.0,0.0,0.0,1.0,1.0,0.0
1772,4742cf16ab0f515b,True,1.0,1.0,1.0,1.0,1.0,1.0,1.0
1773,f33a23766bcb55a6,True,1.0,1.0,0.5855845411255376,1.0,1.0,1.0,0.8273268921356407
1774,4874da28248a5026,True,1.0,1.0,1.0,1.0,1.0,1.0,1.0
1775,4d5c4013a6db5819,True,1.0,1.0,1.0,1.0,1.0,1.0,1.0
1776,7ff27f83a8995932,True,1.0,1.0,1.0,1.0,1.0,1.0,1.0
1777,7b281124be57507a,True,1.0,1.0,0.7613321686234672,1.0,1.0,1.0,0.9005550702597779
1778,67dbad26dd165f16,True,1.0,1.0,0.6545543131953395,1.0,1.0,1.0,0.8560642971647248
1779,a51ed55eaa9c54c9,True,1.0,1.0,0.8372063781943282,1.0,1.0,1.0,0.9321693242476368
1780,2abac20522fb5014,True,1.0,1.0,0.9775535611829109,1.0,1.0,1.0,0.9906473171595462
1781,d54e58ba5e575ac0,True,1.0,1.0,1.0,1.0,1.0,1.0,1.0
1782,84b69613f5e6551c,True,1.0,1.0,0.6438406094151754,1.0,1.0,1.0,0.8516002539229897
1783,8396adcdedb55337,True,1.0,1.0,0.4756002728258546,1.0,1.0,1.0,0.7815001136774393
1784,9790b7cbcd1a5203,True,1.0,1.0,0.7143825342422935,1.0,1.0,1.0,0.8809927226009556
1785,b26b54b014205d5c,True,1.0,1.0,0.782145372244651,1.0,1.0,1.0,0.9092272384352712
1786,ce3a4f649e23590d,True,1.0,1.0,0.8621108888492162,1.0,1.0,1.0,0.9425462036871733
1787,fd9b66480e895706,True,1.0,1.0,0.6413820117863107,1.0,1.0,1.0,0.8505758382442962
1788,1f211666d4465388,True,1.0,1.0,0.7938286500212596,1.0,1.0,1.0,0.9140952708421914
1789,373abe824b3052a0,True,1.0,1.0,0.8686635462737274,1.0,1.0,1.0,0.9452764776140531
1790,afe269451bc757e1,True,1.0,1.0,0.8475479935429429,1.0,1.0,1.0,0.9364783306428928
1791,5f2d040ee3bf5c6e,True,1.0,1.0,0.9315156816568266,0.0,1.0,1.0,0.5547982006903444
1792,d6b5646287065fa8,True,1.0,1.0,0.6973429106247061,1.0,1.0,1.0,0.8738928794269608
1793,37b96c1d86665204,True,1.0,1.0,0.8126740931848748,1.0,1.0,1.0,0.9219475388270312
1794,71017c020a0b5a75,True,1.0,1.0,1.0,1.0,1.0,1.0,1.0
1795,18ca4d6e9c0a576b,True,1.0,1.0,1.0,1.0,1.0,1.0,1.0
1796,c68108211dfa57e0,True,1.0,1.0,0.6369572133124458,1.0,1.0,1.0,0.848732172213519
1797,7c75567759e15900,True,1.0,1.0,1.0,1.0,1.0,1.0,1.0
1798,661d0a5bf2735f03,True,1.0,1.0,0.8301007445268588,1.0,1.0,1.0,0.9292086435528578
1799,037b976caae85af5,True,1.0,0.0,0.0,1.0,1.0,1.0,0.0
1800,699a6c3e2fc4597e,True,1.0,1.0,0.8165039624321262,1.0,1.0,1.0,0.9235433176800525
1801,d3f00196d11c563c,True,1.0,1.0,0.9328078741798203,1.0,1.0,1.0,0.9720032809082584
1802,21ce6f815188587a,True,1.0,1.0,0.7581457890594963,1.0,1.0,1.0,0.8992274121081234
1803,70da6b21101d555f,True,1.0,0.0,0.0,1.0,1.0,0.0,0.0
1804,44324a7aa04f5501,True,1.0,1.0,0.9054516287047637,1.0,1.0,1.0,0.9606048452936515
1805,834cf95826ec5c73,True,1.0,1.0,0.7784615383485802,1.0,1.0,1.0,0.9076923076452417
1806,358d973661955d68,True,1.0,1.0,1.0,1.0,1.0,0.0,1.0
1807,15cd405711fa54f8,True,1.0,1.0,0.9723176920496401,1.0,1.0,0.5,0.9884657050206833
1808,8fe72476d10c552a,True,1.0,1.0,0.9025412495344884,1.0,1.0,1.0,0.9593921873060368
1809,51259bf89422548a,True,1.0,1.0,0.8382994228277354,1.0,1.0,1.0,0.9326247595115564
1810,f8d3738f77c05163,True,1.0,1.0,0.8984548768473691,1.0,1.0,1.0,0.9576895320197373
1811,594e39f9024a5835,True,1.0,1.0,0.8345078303270432,1.0,1.0,1.0,0.9310449293029347
1812,84ed0a5827f656d8,True,1.0,1.0,0.8533204627688351,1.0,1.0,1.0,0.9388835261536812
1813,25a3a5bc491d521b,True,1.0,1.0,0.7948712941503185,1.0,1.0,1.0,0.914529705895966
1814,59b4bb47cf6656cf,True,1.0,0.0,0.0,1.0,1.0,1.0,0.0
1815,de4facce62b05f57,True,1.0,1.0,0.8802388274419989,1.0,1.0,1.0,0.9500995114341663
1816,e9ed7dbcb6365ea2,True,1.0,1.0,1.0,1.0,1.0,1.0,1.0
1817,ca58b2e039305479,True,1.0,1.0,0.8357748301275261,1.0,1.0,1.0,0.9315728458864693
1818,580004d79c9b53b8,True,0.0,1.0,0.0,0.0,1.0,1.0,0.0
1819,191dc35423a85d10,True,1.0,1.0,1.0,1.0,1.0,1.0,1.0
1820,9e04987475e85dd5,True,1.0,1.0,0.8114815455731402,1.0,1.0,1.0,0.9214506439888085
1821,2bce4431c5da5d1f,True,1.0,1.0,1.0,1.0,1.0,1.0,1.0
1822,427ee2e0d1c05699,True,1.0,1.0,1.0,0.0,1.0,0.5,0.5833333333333334
1823,c52f491ebd5b521a,True,1.0,1.0,0.8439925627933157,1.0,1.0,1.0,0.9349969011638816
1824,8cbe3bf8cf9c5718,True,1.0,1.0,0.9720268210550357,1.0,1.0,1.0,0.9883445087729316
1825,708d081d555a5aa7,True,1.0,1.0,0.9709181918958487,1.0,1.0,0.0,0.9878825799566036
1826,16d3bf2e9bf75eb4,True,1.0,0.0,0.0,1.0,1.0,1.0,0.0
1827,cd9330daeec55224,True,1.0,1.0,0.5505911242892759,1.0,1.0,1.0,0.8127463017871982
1828,65f236a74a3d53a4,True,0.5,0.0,0.0,0.0,1.0,0.5,0.0
1829,2e508e23f47d5f96,True,1.0,1.0,1.0,1.0,1.0,1.0,1.0
1830,ed7a0f74484d58a8,True,1.0,1.0,1.0,1.0,1.0,1.0,1.0
1831,5e8d717cc46a5988,True,1.0,1.0,0.9598691693025603,0.0,1.0,1.0,0.5666121538760668
1832,78beb0eba954535e,True,0.0,1.0,0.0,0.0,1.0,1.0,0.0
1833,8af2a66435ea565a,True,1.0,1.0,0.9862665054408667,1.0,1.0,1.0,0.9942777106003611
1834,20c8f9038443596e,True,1.0,0.0,0.0,1.0,1.0,1.0,0.0
1835,a42cc34c8a985b67,True,1.0,1.0,0.786592392258001,1.0,1.0,0.0,0.9110801634408338
1836,47e005481cf0579d,True,1.0,1.0,1.0,0.0,1.0,1.0,0.5833333333333334
1837,00c6aecefec9576c,True,0.0,1.0,0.0,0.0,1.0,1.0,0.0
1838,d5116f0d75b4549d,True,1.0,1.0,1.0,1.0,1.0,1.0,1.0
1839,f39db68736425365,True,1.0,0.0,0.0,1.0,1.0,1.0,0.0
1840,0b4a7c2ba59e5a8c,True,1.0,1.0,0.8289171583581985,1.0,1.0,1.0,0.9287154826492493
1841,ade646d3c19b5bb0,True,1.0,1.0,1.0,1.0,1.0,0.5,1.0
1842,e7c778d603885f57,True,1.0,1.0,0.4320600615327274,1.0,1.0,1.0,0.7633583589719697
1843,6ecc4586af155c50,True,1.0,1.0,1.0,1.0,1.0,1.0,1.0
1844,876aec35f98a5280,True,1.0,1.0,1.0,1.0,1.0,1.0,1.0
1845,48e14ad3c65c5156,True,1.0,1.0,0.878968175058077,1.0,1.0,1.0,0.9495700729408654
1846,72779ff1ead25f44,True,1.0,1.0,0.7393623101551298,1.0,1.0,1.0,0.8914009625646374
1847,52cad7d83eb65e75,True,1.0,1.0,0.9092174840325944,1.0,1.0,0.5,0.9621739516802478
1848,86e394f2cb345082,True,1.0,1.0,1.0,1.0,1.0,1.0,1.0
1849,9a24a904a324581d,True,1.0,1.0,1.0,1.0,1.0,1.0,1.0
1850,80752a827b8253fe,True,1.0,1.0,0.8875980128264866,1.0,1.0,1.0,0.9531658386777028
1851,8c36f77fe7215dd7,True,0.0,1.0,0.0,0.0,1.0,1.0,0.0
1852,4ed6b1b83e0c5bbe,True,1.0,1.0,0.6652628060987035,1.0,1.0,1.0,0.8605261692077931
1853,55d6a50a401f52f7,True,1.0,1.0,0.8933547984919701,1.0,1.0,1.0,0.9555644993716541
1854,8a249b6f42f35ca2,True,1.0,1.0,1.0,1.0,1.0,1.0,1.0
1855,6062e3ace278511a,True,1.0,1.0,0.6859482380223414,1.0,1.0,1.0,0.8691450991759755
1856,7272f8ee7e64591e,True,1.0,1.0,1.0,0.0,1.0,1.0,0.5833333333333334
1857,6ea198f259b85e49,True,1.0,1.0,1.0,1.0,1.0,1.0,1.0
1858,fe4b2cf4e9ad5b37,True,0.0,1.0,0.0,0.0,1.0,1.0,0.0
1859,512b6941e1335e0f,True,1.0,0.0,0.0,1.0,1.0,0.5,0.0
1860,262c4400163e5d8e,True,1.0,1.0,0.8072954894749331,1.0,1.0,1.0,0.9197064539478887
1861,c93a302d2fb2508f,True,1.0,0.0,0.0,1.0,1.0,1.0,0.0
1862,7c68734f0453501c,True,1.0,1.0,1.0,1.0,1.0,1.0,1.0
1863,2e90da117016561c,True,0.0,1.0,0.0,0.0,1.0,1.0,0.0
1864,5ff5c54200fe53fb,True,1.0,1.0,0.7743571031095249,1.0,1.0,1.0,0.9059821262956355
1865,e40bf2ac511950c4,True,1.0,1.0,0.9641918700075714,1.0,1.0,1.0,0.9850799458364881
1866,92c6df44cf055882,True,1.0,1.0,0.5645236969601001,1.0,1.0,1.0,0.8185515404000417
1867,077031ef7dcb5ab4,True,1.0,1.0,1.0,1.0,1.0,1.0,1.0
1868,dad96574decb5a68,True,1.0,1.0,0.35405112691883117,1.0,1.0,1.0,0.7308546362161796
1869,b8873bb7c3f35d15,True,0.0,1.0,0.0,0.0,1.0,1.0,0.0
1870,e29b049a9bf3509c,True,1.0,1.0,1.0,1.0,1.0,1.0,1.0
1871,4eb5bcde81245591,True,1.0,0.0,0.0,1.0,1.0,1.0,0.0
1872,2a30c259f67c561d,True,1.0,1.0,0.648224143863798,1.0,1.0,1.0,0.8534267266099159
1873,63c145828c3b5fd8,True,1.0,1.0,0.5240255131573142,1.0,1.0,1.0,0.8016772971488809
1874,0af3e039185d57f3,True,0.0,1.0,0.0,0.0,1.0,1.0,0.0
1875,b99d20a078a958b9,True,1.0,0.0,0.0,1.0,1.0,0.0,0.0
1876,fc0a59dcf9d75219,True,1.0,0.0,0.0,1.0,1.0,1.0,0.0
1877,9300251ea784552f,True,1.0,1.0,0.8092735348768839,1.0,1.0,1.0,0.9205306395320351
1878,fda70850d06c51a1,True,1.0,1.0,1.0,1.0,1.0,1.0,1.0
1879,a0b9c3ee286454cb,True,1.0,1.0,0.9913523302363897,1.0,1.0,1.0,0.9963968042651624
1880,d12c5ba59acf55a0,True,1.0,0.0,0.0,1.0,1.0,1.0,0.0
1881,69dcc80901db5a29,True,0.0,1.0,0.0,0.0,1.0,1.0,0.0
1882,02ff5ce64ad75584,True,1.0,1.0,0.7865059900457194,1.0,1.0,1.0,0.9110441625190497
1883,66dd7339f01b58c2,True,1.0,1.0,0.734857332670428,1.0,1.0,1.0,0.8895238886126783
1884,994c2c1c459b5cc8,True,1.0,1.0,0.7460937206340749,1.0,1.0,1.0,0.8942057169308645
1885,c0e14f1288ca5066,True,1.0,0.0,0.0,1.0,1.0,0.0,0.0
1886,0eb6987fdc9b5213,True,1.0,1.0,1.0,0.0,1.0,1.0,0.5833333333333334
1887,4bc96604c1c85606,True,0.0,1.0,0.0,0.0,1.0,0.0,0.0
1888,79d36fbd8d115f06,True,0.0,0.0,0.0,0.0,1.0,1.0,0.0
1889,498c6f15e5c856bb,True,1.0,1.0,0.6629019407577126,1.0,1.0,1.0,0.8595424753157136
1890,eb6c8a396bb75a89,True,1.0,1.0,1.0,1.0,1.0,1.0,1.0
1891,3047f87f67555d16,True,1.0,1.0,1.0,0.0,1.0,1.0,0.5833333333333334
1892,2c439b29049252a7,True,1.0,1.0,1.0,1.0,1.0,1.0,1.0
1893,e3ee2f8d1057557d,True,1.0,0.0,0.0,1.0,1.0,1.0,0.0
1894,d91f0c28683e52da,True,0.0,1.0,0.0,0.0,1.0,1.0,0.0
1895,21146ac996365854,True,1.0,1.0,0.7757372230103726,1.0,1.0,1.0,0.906557176254322
1896,b1bcfdce40d5572e,True,0.5,0.0,0.0,0.0,1.0,0.5,0.0
1897,bf4d95ea76b75de7,True,1.0,1.0,0.8834562169690401,1.0,1.0,1.0,0.9514400904037666
1898,afbbcee34f1850fd,True,1.0,1.0,0.582211643342233,1.0,1.0,1.0,0.8259215180592637
1899,7eb33ecbb32d5a60,True,1.0,1.0,1.0,1.0,1.0,1.0,1.0
1900,ee95e29e1aec53e1,True,1.0,1.0,0.8640113763159137,1.0,1.0,1.0,0.943338073464964
1901,501de4adcf415443,True,1.0,0.0,0.0,1.0,1.0,1.0,0.0
1902,6ad6e6d54e845206,True,1.0,1.0,1.0,1.0,1.0,1.0,1.0
1903,4fabf8c780005e4f,True,1.0,1.0,1.0,1.0,1.0,1.0,1.0
1904,bf8c5276f9a6539d,True,1.0,1.0,0.7660701386976827,1.0,1.0,1.0,0.9025292244573677
1905,c887e4bc08f85aa5,True,1.0,1.0,0.8640535228970411,1.0,1.0,1.0,0.9433556345404338
1906,6347553d03555ffa,True,1.0,1.0,1.0,1.0,1.0,1.0,1.0
1907,396a8c19c4ac58f3,True,0.0,1.0,0.0,0.0,1.0,1.0,0.0
1908,39f91a002193578a,True,1.0,1.0,1.0,1.0,1.0,1.0,1.0
1909,84d10a502c1b5a74,True,0.0,1.0,0.0,0.0,1.0,1.0,0.0
1910,3c46be05cd7a5cdf,True,1.0,1.0,0.7110106485070321,1.0,1.0,1.0,0.8795877702112634
1911,0c0044f312655c94,True,1.0,1.0,0.7805285697810281,1.0,1.0,1.0,0.908553570742095
1912,c093d999a01c5e92,True,1.0,1.0,0.9061191528243044,1.0,1.0,1.0,0.9608829803434601
1913,5099c20d468f5cf4,True,1.0,1.0,0.9150902240636779,1.0,1.0,1.0,0.9646209266931991
1914,ff4125f507e35f9b,True,1.0,0.0,0.0,1.0,1.0,0.5,0.0
1915,dd4483f390725319,True,0.0,1.0,0.0,0.0,1.0,1.0,0.0
1916,33fcb42a03535525,True,1.0,0.0,0.0,1.0,1.0,1.0,0.0
1917,4f67484c73e2503a,True,1.0,1.0,0.866515298197645,1.0,1.0,0.5,0.9443813742490187
1918,62e8d8891ff45c7b,True,1.0,1.0,0.7445036797581288,1.0,1.0,1.0,0.8935431998992204
1919,09fda519bc395630,True,1.0,1.0,0.1023764711172064,1.0,1.0,1.0,0.625990196298836
1920,cd78333fa2c45328,True,1.0,1.0,0.9061257943776113,1.0,1.0,1.0,0.960885747657338
1921,5303407715805679,True,1.0,1.0,1.0,1.0,1.0,1.0,1.0
1922,9940f912e66a5918,True,1.0,1.0,1.0,1.0,1.0,1.0,1.0
1923,ccdb6840a0445870,True,1.0,0.0,0.0,1.0,1.0,1.0,0.0
1924,9a94341d994d5ec9,True,1.0,1.0,0.7238942842232015,1.0,1.0,1.0,0.8849559517596672
1925,58b0a1db2a145780,True,1.0,0.0,0.0,1.0,1.0,1.0,0.0
1926,e3ce6f2ef9765b9a,True,1.0,0.0,0.0,1.0,1.0,1.0,0.0
1927,0a0d98c22d765e1e,True,0.0,1.0,0.0,0.0,1.0,1.0,0.0
1928,927b73fea33f5218,True,1.0,1.0,0.7795364496444994,1.0,1.0,1.0,0.9081401873518749
1929,d57dda19866556c3,True,1.0,1.0,0.9068562698962084,1.0,1.0,1.0,0.9611901124567535
1930,8f41958d23a65c48,True,1.0,0.0,0.0,1.0,1.0,0.5,0.0
1931,5380625bddba59a2,True,1.0,1.0,1.0,1.0,1.0,1.0,1.0
1932,dbbe5d5671495f13,True,1.0,1.0,0.6678897039318511,1.0,1.0,1.0,0.8616207099716046
1933,4711d15a356a54e9,True,0.0,1.0,0.0,0.0,1.0,1.0,0.0
1934,f1def9ef86125c39,True,1.0,1.0,1.0,1.0,1.0,1.0,1.0
1935,8b8b41a9d00e5e32,True,0.5,0.0,0.0,0.0,1.0,1.0,0.0
1936,60826aa0bcfc5225,True,1.0,0.0,0.0,1.0,1.0,0.0,0.0
1937,163c9ec0110e5384,True,1.0,1.0,0.6890749289171982,1.0,1.0,1.0,0.8704478870488326
1938,cbd14310b3885779,True,1.0,0.0,0.0,1.0,1.0,0.0,0.0
1939,bee76fa92b735b00,True,1.0,1.0,0.8171496002620621,1.0,1.0,1.0,0.9238123334425259
1940,782f0fff66145718,True,1.0,1.0,0.8363718926255924,0.0,1.0,1.0,0.5151549552606635
1941,d88f286835b95ff3,True,1.0,1.0,1.0,1.0,1.0,1.0,1.0
1942,ee8e4ad158ef5a8d,True,1.0,1.0,1.0,1.0,1.0,1.0,1.0
1943,4cc1186b46d85ec4,True,0.0,1.0,0.0,0.0,1.0,1.0,0.0
1944,8b0d50e645eb5ac7,True,1.0,1.0,1.0,1.0,1.0,1.0,1.0
1945,f51778edd8ea5ee5,True,1.0,0.0,0.0,1.0,1.0,0.0,0.0
1946,2620b03dcfcc567b,True,1.0,1.0,0.8156273625147509,1.0,1.0,1.0,0.9231780677144795
1947,95ba88fe9c385123,True,1.0,1.0,1.0,1.0,1.0,1.0,1.0
1948,39c08e30ff9255ef,True,0.0,1.0,0.0,0.0,1.0,1.0,0.0
1949,dd1ab5d48c6358ef,True,1.0,1.0,0.8318128752341547,0.0,1.0,1.0,0.5132553646808978
1950,352fabb819b95d6c,True,1.0,1.0,0.5848161018122244,1.0,1.0,1.0,0.8270067090884269
1951,df2ff4c2c9785df6,True,1.0,1.0,0.7650104041433152,1.0,1.0,1.0,0.902087668393048
1952,f7f7750b2dc2548e,True,0.0,1.0,0.0,0.0,1.0,1.0,0.0
1953,e0e85d4fc9545225,True,1.0,1.0,0.5188729738862106,1.0,1.0,1.0,0.7995304057859212
1954,bfb373d958725fc8,True,1.0,1.0,1.0,1.0,1.0,1.0,1.0
1955,1eed252c6ca25157,True,0.0,1.0,0.0,0.0,1.0,1.0,0.0
1956,e3aa32e033635c8d,True,1.0,1.0,0.8542095873141982,1.0,1.0,0.5,0.9392539947142492
1957,f7544894729252f5,True,1.0,1.0,0.7436684261289231,1.0,1.0,1.0,0.8931951775537179
1958,8e04fd5e1613597a,True,1.0,1.0,1.0,0.0,1.0,1.0,0.5833333333333334
1959,f7103dfe59a959be,True,1.0,1.0,1.0,1.0,1.0,1.0,1.0
1960,2f23d31a3ddf5de9,True,1.0,1.0,1.0,1.0,1.0,1.0,1.0
1961,1dbaa3f0d0345e61,True,1.0,1.0,1.0,1.0,1.0,1.0,1.0
1962,65cf19209dc55631,True,1.0,1.0,0.06982380757365039,1.0,1.0,1.0,0.6124265864890209
1963,f790e64181a15f5a,True,1.0,1.0,1.0,1.0,1.0,1.0,1.0
1964,45102df6530d59e8,True,1.0,1.0,0.9997362869597433,1.0,1.0,1.0,0.9998901195665596
1965,ed1a1174e6aa5270,True,0.0,1.0,0.0,0.0,1.0,1.0,0.0
1966,2223b290d60556d5,True,1.0,0.0,0.0,0.0,1.0,0.0,0.0
1967,c2eecf5cfe46536f,True,1.0,1.0,1.0,1.0,1.0,1.0,1.0
1968,e9cb16355c1f5d9b,True,1.0,1.0,0.8286367131319368,1.0,1.0,1.0,0.9285986304716403
1969,3338ad25c2cc59d1,True,1.0,1.0,0.6238670601989988,1.0,1.0,1.0,0.8432779417495828
1970,ed95bd64d5a555c8,True,0.0,0.0,0.0,0.0,1.0,1.0,0.0
1971,ecdc079932755e4e,True,1.0,1.0,1.0,1.0,1.0,1.0,1.0
1972,8d8f5c8c6c29525c,True,1.0,1.0,0.7609756301957137,1.0,1.0,1.0,0.9004065125815474
1973,dadda73214d15baf,True,1.0,1.0,0.9435700042858027,1.0,1.0,1.0,0.9764875017857512
1974,03143ef8f2f65a2f,True,1.0,1.0,0.4889930759866656,1.0,1.0,1.0,0.7870804483277772
1975,7b263d7980f55503,True,1.0,1.0,0.9996447317913613,1.0,1.0,1.0,0.9998519715797339
1976,fd7c51a15e5b54a6,True,1.0,1.0,0.724082843127689,1.0,1.0,1.0,0.8850345179698703
1977,8b7d99b5ae2a5219,True,1.0,1.0,1.0,0.0,1.0,1.0,0.5833333333333334
1978,46320fa2dc795a5a,True,1.0,1.0,1.0,1.0,1.0,1.0,1.0
1979,888913e0978f559b,True,1.0,1.0,0.549892365121968,1.0,1.0,1.0,0.8124551521341533
1980,7e9101f6d01a53e0,True,1.0,1.0,0.3740532762523529,1.0,1.0,1.0,0.739188865105147
1981,0706e8bf25805e91,True,1.0,1.0,1.0,1.0,1.0,0.5,1.0
1982,b7f1861bff9c514e,True,1.0,1.0,1.0,0.0,1.0,1.0,0.5833333333333334
1983,5f4945f6b9b45024,True,1.0,1.0,1.0,1.0,1.0,1.0,1.0
1984,9fe281ced54b55b2,True,1.0,1.0,0.9869910002518355,1.0,1.0,1.0,0.9945795834382647
1985,95612e81595b568f,True,1.0,1.0,0.7732254880197252,1.0,1.0,1.0,0.9055106200082189
1986,a1ff2db262ab5db7,True,1.0,1.0,0.8488423691041274,1.0,1.0,1.0,0.9370176537933864
1987,ba392de83daf5bf3,True,1.0,0.0,0.0,1.0,1.0,1.0,0.0
1988,c1ea7d700faa5fee,True,1.0,1.0,1.0,0.0,1.0,1.0,0.5833333333333334
1989,1d538fa6a8825de1,True,1.0,1.0,1.0,1.0,1.0,1.0,1.0
1990,ab1fd108d5885b58,True,1.0,0.0,0.0,1.0,1.0,0.0,0.0
1991,c9459a7641335bba,True,1.0,1.0,1.0,1.0,1.0,1.0,1.0
1992,09a0456056555b0a,True,1.0,1.0,1.0,1.0,1.0,1.0,1.0
1993,dc95b5731cc359f3,True,1.0,1.0,0.7603426115031677,1.0,1.0,1.0,0.9001427547929866
1994,b77b106f469055bd,True,1.0,1.0,0.7922999434692959,1.0,1.0,1.0,0.9134583097788732
1995,c5ee24aa8f5059d6,True,0.0,1.0,0.0,0.0,1.0,1.0,0.0
1996,ecb0765ba5c05fa3,True,1.0,1.0,0.9547068745710074,1.0,1.0,1.0,0.9811278644045864
1997,ec1dd3d02f035d78,True,0.0,1.0,0.0,0.0,1.0,1.0,0.0
1998,b0a3bbfe213a507b,True,0.0,1.0,0.0,0.0,1.0,0.5,0.0
1999,c40e41ba1a285e0d,True,1.0,1.0,1.0,1.0,1.0,1.0,1.0
2000,735587b14e39568c,True,1.0,1.0,0.7169788108861376,1.0,1.0,1.0,0.8820745045358906
2001,5e74b6a61b715f47,True,0.0,1.0,0.0,0.0,1.0,0.5,0.0
2002,a5b6e054384c586c,True,1.0,1.0,0.5263293445054466,1.0,1.0,1.0,0.8026372268772693
2003,540ec2943ea050c9,True,1.0,1.0,1.0,1.0,1.0,1.0,1.0
2004,581a74871330567f,True,1.0,0.0,0.0,1.0,1.0,0.0,0.0
2005,4755336a0e225d97,True,1.0,1.0,1.0,1.0,1.0,1.0,1.0
2006,fd3606c29f3f57fb,True,1.0,1.0,0.8621995172298208,1.0,1.0,1.0,0.942583132179092
2007,4064f2ec7a2f56ef,True,1.0,1.0,1.0,1.0,1.0,1.0,1.0
2008,6e163d828a555eee,True,1.0,1.0,1.0,1.0,1.0,1.0,1.0
2009,077c80ecaed0548f,True,0.0,1.0,0.0,0.0,1.0,1.0,0.0
2010,e71bd2560b255f76,True,1.0,0.0,0.0,1.0,1.0,0.0,0.0
2011,b04c892043a352d3,True,0.0,1.0,0.0,0.0,1.0,1.0,0.0
2012,2bc38f766c8851fa,True,1.0,1.0,0.930946930424364,0.0,1.0,0.0,0.5545612210101517
2013,deb455f53c805643,True,1.0,0.0,0.0,1.0,1.0,0.0,0.0
2014,812a8e70ad07507d,True,1.0,1.0,0.8896887697306852,1.0,1.0,1.0,0.9540369873877855
2015,b751857996975e6c,True,1.0,1.0,0.8098750000341548,1.0,1.0,1.0,0.9207812500142311
2016,8237f47b224952b4,True,1.0,1.0,0.9805809728781799,1.0,1.0,1.0,0.9919087386992417
2017,810b73ca95975db9,True,1.0,0.0,0.0,1.0,1.0,1.0,0.0
2018,5fde0c8c8f4b5ecb,True,1.0,1.0,0.5957409447589982,1.0,1.0,0.0,0.8315587269829159
2019,5fed3ec5ed1351c1,True,1.0,1.0,0.9648906850062285,0.0,1.0,1.0,0.5687044520859286
2020,6c321000d6c0527a,True,1.0,1.0,0.986103230079773,1.0,1.0,1.0,0.9942096791999054
2021,e3ef42c62ba2595b,True,1.0,1.0,1.0,1.0,1.0,1.0,1.0
2022,006e2728d7115fa7,True,1.0,1.0,0.5830155084177183,1.0,1.0,1.0,0.8262564618407159
2023,9cb247f1ef445fb9,True,1.0,1.0,0.9030031267023355,1.0,1.0,1.0,0.9595846361259731
2024,d796c1764d575153,True,0.0,1.0,0.0,0.0,1.0,1.0,0.0
2025,e0190f0059145fc6,True,1.0,1.0,0.8283589199100134,0.0,1.0,0.5,0.5118162166291723
2026,ee4ca385da5d5778,True,1.0,1.0,0.709545806268155,1.0,1.0,1.0,0.878977419278398
2027,1682c020a94054fa,True,1.0,1.0,0.9256194414983302,1.0,1.0,1.0,0.9690081006243042
2028,0ef7ecd9c0035467,True,1.0,1.0,0.7999930398301965,1.0,1.0,1.0,0.9166637665959153
2029,632a1b53a6875b22,True,1.0,0.0,0.0,1.0,1.0,1.0,0.0
2030,313a7548b23b5b8f,True,1.0,0.0,0.0,1.0,1.0,0.0,0.0
2031,b662afef6f935725,True,1.0,1.0,0.5843314799119127,1.0,1.0,1.0,0.8268047832966303
2032,a6b518a433065727,True,1.0,0.0,0.0,1.0,1.0,1.0,0.0
2033,74d0c56b12f25f92,True,1.0,1.0,0.8115158264628218,1.0,1.0,1.0,0.9214649276928425
2034,fbf2eaa61abb5a2f,True,1.0,1.0,0.9240373697769618,1.0,1.0,1.0,0.9683489040737342
2035,c90097f9ce775eab,True,1.0,1.0,0.9202343294538242,1.0,1.0,1.0,0.9667643039390934
2036,9695a17335715894,True,1.0,1.0,0.8053154340806887,1.0,1.0,1.0,0.9188814308669536
2037,ec60244b07ad5466,True,1.0,1.0,0.9419399577957734,1.0,1.0,1.0,0.9758083157482389
2038,236c1e1f86ec5e98,True,1.0,1.0,0.9665227812311155,1.0,1.0,1.0,0.9860511588462981
2039,33ecaddeb5735faf,True,1.0,0.0,0.0,1.0,1.0,1.0,0.0
2040,e2e2578cd6b6505f,True,1.0,1.0,0.7004229448702695,1.0,1.0,1.0,0.875176227029279
2041,d9fdaff6c17659bc,True,1.0,1.0,0.8044927057026048,1.0,1.0,1.0,0.9185386273760853
2042,81f49ac925aa5781,True,1.0,1.0,1.0,1.0,1.0,1.0,1.0
2043,553c80b72cdc5c04,True,1.0,1.0,0.8792515850943758,1.0,1.0,1.0,0.9496881604559899
2044,1719439969a55cc6,True,1.0,1.0,0.9447601441587935,1.0,1.0,1.0,0.9769833933994972
2045,ec3c0587b1775b7c,True,0.5,0.0,0.0,0.0,1.0,0.5,0.0
2046,b043b68462d7540c,True,1.0,1.0,1.0,1.0,1.0,1.0,1.0
2047,efeac78f0da05463,True,1.0,0.0,0.0,1.0,1.0,1.0,0.0
2048,5a90354cbaa45cc2,True,0.0,1.0,0.0,0.0,1.0,1.0,0.0
2049,c3a9557ccfb5517c,True,0.0,0.0,0.0,0.0,1.0,0.5,0.0
2050,5992423b009757f2,True,1.0,1.0,0.8735884238280957,1.0,1.0,1.0,0.9473285099283731
2051,30d60ce25f4d552e,True,1.0,1.0,0.8721820483411018,1.0,1.0,1.0,0.9467425201421258
2052,55eed45c895852b9,True,0.0,0.0,0.0,0.0,1.0,0.5,0.0
2053,1e01550fc9d656d8,True,1.0,1.0,0.8200394150384204,1.0,1.0,1.0,0.9250164229326753
2054,42dc421e37c154e5,True,1.0,1.0,1.0,1.0,1.0,1.0,1.0
2055,f5a9eba40a9055f3,True,1.0,1.0,0.7565100285177982,1.0,1.0,1.0,0.8985458452157493
2056,9d9aced6d8da5f28,True,0.5,0.0,0.0,0.0,1.0,1.0,0.0
2057,e1e4395724c05092,True,1.0,1.0,0.867402763098389,1.0,1.0,1.0,0.9447511512909954
2058,c2116c7a0b15556d,True,1.0,1.0,0.8648702099214559,1.0,1.0,1.0,0.9436959208006067
2059,b961186653e45dc2,True,0.0,1.0,0.0,0.0,0.0,1.0,0.0
2060,dd54db98a83b5714,True,1.0,1.0,0.7047338029256568,1.0,1.0,1.0,0.8769724178856904
2061,526a568a22795441,True,0.0,0.0,0.0,0.0,1.0,0.0,0.0
2062,0e198cad33c65494,True,1.0,1.0,0.6570663682251652,1.0,1.0,1.0,0.8571109867604855
2063,77c3cf2f4a1a5f31,True,1.0,1.0,0.9273264464552077,1.0,1.0,1.0,0.9697193526896699
2064,ab66df989bcc56aa,True,1.0,1.0,0.9704059621541244,1.0,1.0,1.0,0.9876691508975518
2065,72720a5350e75184,True,1.0,1.0,0.9180699621110784,1.0,1.0,1.0,0.9658624842129493
2066,359f62a656b9586d,True,1.0,0.0,0.0,1.0,1.0,1.0,0.0
2067,1f57ce2072e25edb,True,1.0,1.0,0.8971864722399461,1.0,1.0,1.0,0.9571610300999774
2068,e26d616b5c4b5642,True,1.0,1.0,1.0,1.0,1.0,1.0,1.0
2069,54fbc5743190519c,True,1.0,1.0,0.9419146766293195,1.0,1.0,0.5,0.9757977819288831
2070,9406203fdb815e58,True,1.0,1.0,0.7295591714247712,1.0,1.0,1.0,0.887316321426988
2071,7c4757c2c9675f2b,True,1.0,1.0,0.7215445391107571,1.0,1.0,1.0,0.8839768912961489
2072,5be54baed8b35bd7,True,1.0,1.0,1.0,1.0,1.0,1.0,1.0
2073,269e03fbbb4c5856,True,1.0,1.0,1.0,0.0,1.0,1.0,0.5833333333333334
2074,b691d77ef9ff5d5e,True,0.0,1.0,0.0,1.0,1.0,1.0,0.0
2075,2376e90f1bf85c50,True,1.0,1.0,0.8740551954025159,1.0,1.0,1.0,0.9475229980843816
2076,2f9c4ea0c97450c6,True,1.0,1.0,0.991580151502979,1.0,1.0,1.0,0.996491729792908
2077,df30f32cd2ee5633,True,1.0,1.0,1.0,1.0,1.0,1.0,1.0
2078,9c9b62965da75764,True,1.0,1.0,0.9683769098668648,1.0,1.0,1.0,0.986823712444527
2079,9f309ebf66645913,True,1.0,1.0,0.9207926115866459,1.0,1.0,1.0,0.9669969214944358
2080,8673d97f94ae5700,True,1.0,1.0,0.8555892971862787,1.0,1.0,1.0,0.9398288738276163
2081,1766fa78fd10576e,True,0.0,1.0,0.0,0.0,1.0,1.0,0.0
2082,f879fd3edf21506a,True,1.0,1.0,0.8082221791746206,1.0,1.0,1.0,0.920092574656092
2083,a4f950bf8f9b590b,True,1.0,1.0,0.8589862730358715,1.0,1.0,1.0,0.9412442804316131
2084,a8dacf347a605f0d,True,1.0,1.0,0.8033909846846944,1.0,1.0,1.0,0.9180795769519561
2085,0d602f62f3ad5c65,True,1.0,1.0,0.8390587816811634,1.0,1.0,1.0,0.9329411590338181
2086,2eb015a011ac5fa2,True,1.0,1.0,1.0,1.0,1.0,1.0,1.0
2087,7a3e5ab8218e550f,True,1.0,0.0,0.0,1.0,1.0,0.0,0.0
2088,6c00b2782d3b5f6e,True,1.0,1.0,0.8416591337884362,1.0,1.0,1.0,0.9340246390785151
2089,f1ef98a6ff94525c,True,1.0,1.0,0.9850753129708747,1.0,1.0,1.0,0.9937813804045311
2090,540098f126795a8c,True,1.0,1.0,0.7631827078872239,1.0,1.0,1.0,0.9013261282863433
2091,f5cf721a02df5ba1,True,1.0,0.0,0.0,1.0,1.0,1.0,0.0
2092,a9c9765a005351b9,True,1.0,1.0,1.0,1.0,1.0,1.0,1.0
2093,62eac0a6b7e05fbf,True,0.0,1.0,0.0,0.0,1.0,0.5,0.0
2094,91e06c22962d53bb,True,1.0,1.0,0.8421284034038098,1.0,1.0,1.0,0.9342201680849208
2095,cc54b0f77c84506d,True,0.0,1.0,0.0,0.0,1.0,1.0,0.0
2096,565e485cbedb506f,True,1.0,1.0,0.6444086777827976,1.0,1.0,1.0,0.8518369490761657
2097,09babda49aa659a1,True,1.0,1.0,1.0,1.0,1.0,1.0,1.0
2098,f01212b1c5b25520,True,1.0,1.0,0.9211144806546633,1.0,1.0,1.0,0.9671310336061097
2099,3984225e4458525b,True,1.0,1.0,0.7521541032796766,1.0,1.0,1.0,0.8967308763665319
2100,bb30019d8f645e62,True,0.0,0.0,0.0,0.0,1.0,0.5,0.0
2101,ce6eb4e00dac5ae3,True,1.0,1.0,0.9755631030289935,1.0,1.0,1.0,0.9898179595954139
2102,fccef3d0f5cc5d8e,True,1.0,1.0,1.0,1.0,1.0,1.0,1.0
2103,d2937fdb8d605a73,True,1.0,1.0,0.7923788554862934,1.0,1.0,1.0,0.9134911897859556
2104,7a3e0625f3c751ce,True,1.0,1.0,0.7947571007029153,1.0,1.0,1.0,0.9144821252928814
2105,f07e680e53135311,True,0.0,1.0,0.0,0.0,1.0,1.0,0.0
2106,0a7ed373b7de5037,True,1.0,0.0,0.0,1.0,1.0,1.0,0.0
2107,7edc6539f71a5a79,True,1.0,1.0,0.9605356971555866,1.0,1.0,1.0,0.9835565404814943
2108,c06c4ffcf72653a5,True,1.0,1.0,1.0,1.0,1.0,1.0,1.0
2109,943c308c85d25ee5,True,1.0,0.0,0.0,1.0,1.0,1.0,0.0
2110,d1ef1e42fa15573d,True,1.0,1.0,0.17011721758605727,1.0,1.0,1.0,0.6542155073275239
2111,76e0272a57f55674,True,1.0,1.0,0.8022257350901775,1.0,1.0,1.0,0.917594056287574
2112,e05b464c21d0597d,True,1.0,1.0,1.0,1.0,1.0,1.0,1.0
2113,828b1011212253c6,True,1.0,1.0,1.0,1.0,1.0,1.0,1.0
2114,f727c5fa1e735d2d,True,1.0,1.0,0.9930253498736884,1.0,1.0,1.0,0.9970938957807034
2115,40280e58e4d45fde,True,0.5,0.0,0.0,0.0,1.0,0.5,0.0
2116,b411a654aa215f1b,True,1.0,1.0,1.0,1.0,1.0,1.0,1.0
2117,154d0d1b363f5501,True,1.0,0.0,0.0,1.0,1.0,0.5,0.0
2118,0e74f7b5b7c45c1b,True,0.0,1.0,0.0,0.0,1.0,1.0,0.0
2119,5a454b4d1c535366,True,1.0,1.0,0.9090863854436676,1.0,1.0,1.0,0.9621193272681948
2120,9248ce20618c5513,True,1.0,1.0,0.8847661343274434,1.0,1.0,1.0,0.9519858893031015
2121,a75ca6ddabc1541b,True,1.0,1.0,1.0,1.0,1.0,1.0,1.0
2122,96bc4f4e46f752f4,True,1.0,1.0,1.0,1.0,1.0,1.0,1.0
2123,01d3726e5bc2576b,True,1.0,1.0,0.9980316475318486,1.0,1.0,1.0,0.9991798531382702
2124,196cb93444b35dd7,True,1.0,0.0,0.0,1.0,1.0,0.0,0.0
2125,c6e9b00edaa454da,True,1.0,1.0,1.0,1.0,1.0,1.0,1.0
2126,be6f90f06bc35be3,True,1.0,1.0,0.6575815537250501,1.0,1.0,1.0,0.8573256473854376
2127,2aa414aa9a9057fb,True,1.0,1.0,0.703016879047594,1.0,1.0,1.0,0.8762570329364975
2128,3eaf6c916382509b,True,1.0,1.0,0.7470427074565228,1.0,1.0,1.0,0.8946011281068845
2129,daf715295e7d576b,True,1.0,1.0,1.0,1.0,1.0,1.0,1.0
2130,f1b8c54a906f525e,True,1.0,1.0,1.0,1.0,1.0,1.0,1.0
2131,ae643fddc1195062,True,1.0,1.0,1.0,1.0,1.0,1.0,1.0
2132,d34d0398de585e6c,True,1.0,1.0,0.7711191451016556,1.0,1.0,1.0,0.9046329771256899
2133,dd2b5010e1d25d72,True,1.0,1.0,0.8732747618604753,1.0,1.0,1.0,0.9471978174418648
2134,5b834475a09a531c,True,1.0,1.0,0.9718772822564904,1.0,1.0,1.0,0.9882822009402044
2135,6fc4fc2702305dfa,True,1.0,1.0,1.0,1.0,1.0,1.0,1.0
2136,30638699ab8e575c,True,1.0,0.0,0.0,0.0,1.0,1.0,0.0
2137,a312f24a197d530c,True,1.0,0.0,0.0,1.0,1.0,1.0,0.0
2138,0d2ff90baf395430,True,1.0,1.0,1.0,1.0,1.0,1.0,1.0
2139,d5b37b79dde85eb1,True,1.0,1.0,0.7216235822271039,1.0,1.0,1.0,0.88400982592796
2140,96f19d920d5558e9,True,1.0,1.0,1.0,1.0,1.0,1.0,1.0
2141,8d3c8a698ac65342,True,1.0,1.0,0.574503419315085,1.0,1.0,1.0,0.8227097580479521
2142,be027cd33b835419,True,1.0,1.0,0.8320621845386091,1.0,1.0,1.0,0.9300259102244205
2143,2d578825c3a8565f,True,0.0,1.0,0.0,0.0,1.0,0.0,0.0
2144,75151361dbe658bb,True,1.0,1.0,1.0,1.0,1.0,1.0,1.0
2145,143989e6ed115458,True,1.0,1.0,0.8366095132563447,1.0,1.0,1.0,0.931920630523477
2146,476ad53b78325ef2,True,1.0,0.0,0.0,1.0,1.0,0.5,0.0
2147,595596a88cce5c9d,True,1.0,1.0,0.6970761118457733,1.0,1.0,1.0,0.8737817132690723
2148,001d444661b45635,True,1.0,1.0,0.8194370142689685,1.0,1.0,1.0,0.9247654226120702
2149,e6b7dddf4ae95fea,True,0.0,0.0,0.0,0.0,1.0,0.0,0.0
2150,5fb039973cf85b11,True,1.0,1.0,0.9115473629552564,1.0,1.0,1.0,0.9631447345646902
2151,a2ef4eeb9dd45505,True,1.0,1.0,0.928297587984265,1.0,1.0,1.0,0.9701239949934437
2152,bf1064685f045d97,True,1.0,1.0,0.7728989769225864,1.0,1.0,1.0,0.9053745737177442
2153,b4899f9464d058f2,True,1.0,1.0,0.810676477123136,1.0,1.0,1.0,0.9211151988013068
2154,342982275eb15441,True,1.0,1.0,0.7448301666732235,1.0,1.0,1.0,0.8936792361138431
2155,f7a9f82f17b256e2,True,1.0,0.0,0.0,1.0,1.0,1.0,0.0
2156,03eef9b11774564f,True,1.0,1.0,1.0,1.0,1.0,1.0,1.0
2157,159b8a11bd775e91,True,0.0,1.0,0.0,0.0,1.0,1.0,0.0
2158,1fb997ffe1de58f8,True,1.0,1.0,0.7791369855883349,1.0,1.0,1.0,0.9079737439951395
2159,4175cdc49ec759f5,True,1.0,1.0,0.8902639772467195,1.0,1.0,1.0,0.9542766571861332
2160,5e4f0ddf24da5f97,True,1.0,1.0,0.761617215004157,1.0,1.0,1.0,0.9006738395850654
2161,5624b4732b135079,True,1.0,1.0,0.7207773198899521,1.0,1.0,1.0,0.8836572166208133
2162,ffd429cac51751d9,True,0.0,1.0,0.0,0.0,1.0,1.0,0.0
2163,3febbde773f15b51,True,1.0,1.0,1.0,1.0,1.0,1.0,1.0
2164,f0cdcc3967335c01,True,1.0,1.0,1.0,1.0,1.0,1.0,1.0
2165,6321c384f59c5265,True,0.0,1.0,0.0,0.0,1.0,1.0,0.0
2166,f8b8b8ee49205def,True,1.0,0.0,0.0,1.0,1.0,1.0,0.0
2167,388181311ef25756,True,1.0,1.0,1.0,0.0,1.0,1.0,0.5833333333333334
2168,4eaf35cea96d5dd9,True,1.0,1.0,0.8428098317584358,1.0,1.0,1.0,0.9345040965660149
2169,3ea43d5abad05188,True,1.0,1.0,0.8601510098654631,1.0,1.0,1.0,0.9417295874439429
2170,557690c1c31357b1,True,1.0,1.0,0.9912450798540569,1.0,1.0,1.0,0.996352116605857
2171,1bdfacbfcff75c27,True,1.0,1.0,0.678052537965208,1.0,1.0,0.5,0.86585522415217
2172,e35a803202875fa0,True,1.0,0.0,0.0,1.0,1.0,1.0,0.0
2173,71031bf46f1b5cb8,True,1.0,1.0,1.0,0.0,1.0,1.0,0.5833333333333334
2174,f2d4e4b013a3579e,True,1.0,0.0,0.0,1.0,1.0,1.0,0.0
2175,660e14c77a1c550b,True,1.0,0.0,0.0,1.0,1.0,1.0,0.0
2176,0f31cc38f9f55c9a,True,1.0,1.0,0.787130966107418,1.0,1.0,1.0,0.9113045692114241
2177,b5cb26f114e3558e,True,0.0,1.0,0.0,0.0,1.0,1.0,0.0
2178,d58fe7e3c5575f27,True,1.0,1.0,1.0,1.0,1.0,1.0,1.0
2179,f49f94b388d8561d,True,1.0,1.0,1.0,1.0,1.0,1.0,1.0
2180,9d55692d15dc5155,True,1.0,1.0,1.0,1.0,1.0,1.0,1.0
2181,695d7450eb3958c1,True,1.0,1.0,0.6709968766942371,1.0,1.0,1.0,0.8629153652892655
2182,a33054c645ce5643,True,1.0,1.0,1.0,1.0,1.0,1.0,1.0
2183,9016f4b84afb5913,True,1.0,1.0,1.0,1.0,1.0,1.0,1.0
2184,90314b74c92954d6,True,1.0,1.0,0.8341118891103907,1.0,1.0,1.0,0.9308799537959961
2185,2b5d551f5466530e,True,1.0,1.0,0.8390673597778135,1.0,1.0,1.0,0.9329447332407557
2186,d4187db8dc625207,True,1.0,0.0,0.0,1.0,1.0,1.0,0.0
2187,9ba2570d6743526a,True,1.0,1.0,0.9890778045812554,1.0,1.0,1.0,0.9954490852421897
2188,c01c5d45b97154d4,True,1.0,0.0,0.0,1.0,1.0,1.0,0.0
2189,c23c39c3fedd5bfa,True,1.0,1.0,0.9315726185238186,1.0,1.0,1.0,0.971488591051591
2190,6b68c09f87b85dc8,True,1.0,1.0,1.0,1.0,1.0,1.0,1.0
2191,e69f96075afb5d86,True,1.0,1.0,0.9243797748654043,1.0,1.0,1.0,0.9684915728605851
2192,11cad3355c7b55dd,True,1.0,1.0,0.8908396977149355,1.0,1.0,1.0,0.9545165407145565
2193,bed7a2c445315bb7,True,1.0,1.0,0.717594340799982,1.0,1.0,1.0,0.8823309753333258
2194,d2f121776fd05b4b,True,1.0,1.0,0.09858784898873751,1.0,1.0,1.0,0.6244116037453072
2195,d3fe95784a34578f,True,1.0,0.0,0.0,1.0,1.0,1.0,0.0
2196,944a55f58a59597f,True,1.0,1.0,1.0,1.0,1.0,1.0,1.0
2197,44cd06a315635c09,True,1.0,1.0,0.8094512223333264,1.0,1.0,1.0,0.9206046759722194
2198,2818ed317df9550a,True,1.0,1.0,0.7142051759303097,1.0,1.0,1.0,0.8809188233042957
2199,1108eba0b4415340,True,1.0,1.0,0.8217314378948518,1.0,1.0,1.0,0.9257214324561883
2200,67c2aef1f35a523e,True,1.0,1.0,1.0,1.0,1.0,1.0,1.0
2201,f3512ae175b45844,True,1.0,1.0,1.0,1.0,1.0,1.0,1.0
2202,df8bff51c1d95e09,True,0.0,1.0,0.0,0.0,1.0,1.0,0.0
2203,18f8562c9bb55561,True,1.0,1.0,0.8475545946550461,1.0,1.0,1.0,0.9364810811062693
2204,54e1cb577c0a5f7e,True,1.0,1.0,0.862045050438114,1.0,1.0,1.0,0.9425187710158808
2205,4da3c27db2495e9e,True,1.0,1.0,0.57910710147354,1.0,1.0,1.0,0.8246279589473083
2206,f3fc5020ecbd537f,True,1.0,1.0,0.7513480108833932,1.0,1.0,1.0,0.8963950045347472
2207,63ab092351905a60,True,1.0,1.0,0.9189365901762495,1.0,1.0,1.0,0.9662235792401038
2208,f77c053616475084,True,1.0,1.0,0.6303887050358161,1.0,1.0,1.0,0.8459952937649234
2209,6004740a8a8052f8,True,0.0,1.0,0.0,0.0,1.0,0.5,0.0
2210,b7453f77be5b53df,True,1.0,1.0,0.7635251865091581,0.0,1.0,1.0,0.4848021610454825
2211,4ac7a80ebf915458,True,1.0,1.0,0.9918058704415686,1.0,1.0,1.0,0.9965857793506535
2212,69ddc43178e9572a,True,1.0,0.0,0.0,1.0,1.0,0.5,0.0
2213,564b7ca4f210501e,True,1.0,1.0,0.5534110319309085,1.0,1.0,1.0,0.8139212633045453
2214,a15ed2f3e39c5c0d,True,1.0,1.0,1.0,1.0,1.0,1.0,1.0
2215,b999dd3826b058a7,True,1.0,0.0,0.0,1.0,1.0,1.0,0.0
2216,0334cae9f1ef56ae,True,1.0,1.0,1.0,1.0,1.0,1.0,1.0
2217,366c7e46b0415253,True,1.0,1.0,0.5191842516326508,1.0,1.0,1.0,0.799660104846938
2218,54718dd05cad553a,True,1.0,1.0,0.7567503659579021,1.0,1.0,1.0,0.8986459858157926
2219,e16f6f634adf50d3,True,0.0,0.0,0.0,0.0,1.0,0.0,0.0
2220,5f548f26b9a7572f,True,0.0,1.0,0.0,0.0,1.0,1.0,0.0
2221,c29fb70bf1d056ca,True,1.0,1.0,1.0,1.0,1.0,1.0,1.0
2222,f1992f61c13e5998,True,1.0,1.0,0.9516454370975147,1.0,1.0,1.0,0.9798522654572978
2223,3e53e34cb63f5d05,True,1.0,0.0,0.0,1.0,1.0,1.0,0.0
2224,5757a661eb0f54d2,True,1.0,1.0,1.0,1.0,1.0,1.0,1.0
2225,5155241fdbbf57b3,True,1.0,1.0,1.0,1.0,1.0,1.0,1.0
2226,3aff98e018195468,True,1.0,1.0,1.0,0.0,1.0,1.0,0.5833333333333334
2227,3cf6bf2e7992584c,True,1.0,1.0,1.0,1.0,1.0,1.0,1.0
2228,6f525eba8afc547c,True,1.0,0.0,0.0,1.0,1.0,1.0,0.0
2229,f1ceb70bd72a5048,True,1.0,1.0,0.6723250852128262,1.0,1.0,1.0,0.8634687855053441
2230,948e3c9e26805b86,True,1.0,1.0,1.0,1.0,1.0,1.0,1.0
2231,e699fb1c75b95e57,True,1.0,1.0,1.0,1.0,1.0,1.0,1.0
2232,0bcebe354a715163,True,1.0,1.0,0.8302142072357992,1.0,1.0,1.0,0.9292559196815829
2233,32a409f974555830,True,1.0,1.0,0.1265431895605685,1.0,1.0,1.0,0.6360596623169036
2234,a58d5374dae0552a,True,1.0,1.0,0.7610007614736252,1.0,1.0,1.0,0.9004169839473438
2235,f34af4dbbbd35a23,True,1.0,1.0,0.9869226800990577,1.0,1.0,1.0,0.9945511167079406
2236,f4458a9c09795afa,True,1.0,1.0,1.0,1.0,1.0,0.5,1.0
2237,6d2178f2992f5d22,True,1.0,1.0,0.5719766636366805,1.0,1.0,1.0,0.8216569431819503
2238,abe4fa26de85552d,True,1.0,0.0,0.0,1.0,1.0,1.0,0.0
2239,6012210b020c53a9,True,1.0,1.0,0.6206351219706367,1.0,1.0,0.0,0.8419313008210986
2240,cedd32ec31e45cd9,True,1.0,1.0,0.7596000994663604,1.0,1.0,1.0,0.8998333747776502
2241,ec02f065af405039,True,1.0,1.0,0.9525286339996193,1.0,1.0,1.0,0.980220264166508
2242,2be2e48e80985bee,True,1.0,1.0,1.0,0.0,1.0,0.0,0.5833333333333334
2243,80ea2a91b1845071,True,0.0,1.0,0.0,0.0,1.0,0.0,0.0
2244,f3f9f7a6f8f15f49,True,1.0,1.0,1.0,1.0,1.0,1.0,1.0
2245,7bf4d5a2cad05f50,True,1.0,1.0,0.8401085245371296,1.0,1.0,1.0,0.9333785518904706
2246,ca62812a55ce5f0b,True,1.0,1.0,0.8032209643393545,1.0,1.0,1.0,0.9180087351413976
2247,6f61120208385a02,True,1.0,0.0,0.0,1.0,1.0,1.0,0.0
2248,dbba0a418817539e,True,1.0,1.0,0.6980200693275551,1.0,1.0,1.0,0.8741750288864812
2249,81e5ddc060675e0b,True,1.0,1.0,0.9568433783225705,1.0,1.0,1.0,0.9820180743010711
2250,abba9d81ee9054ec,True,1.0,1.0,0.8790972097569095,1.0,1.0,1.0,0.9496238373987124
2251,6894aab92b0058dd,True,1.0,1.0,1.0,1.0,1.0,1.0,1.0
2252,9326163d4c9c5d16,True,1.0,1.0,0.9421989657915982,0.0,1.0,0.0,0.5592495690798326
2253,c169cf799b165800,True,1.0,1.0,0.5926861205337013,1.0,1.0,1.0,0.8302858835557089
2254,5fadffd02da256e5,True,1.0,1.0,0.7620076049149006,1.0,1.0,1.0,0.9008365020478752
2255,d21b22d6c0405ad7,True,1.0,1.0,0.790171866234135,1.0,1.0,0.5,0.9125716109308897
2256,260c9a75f6e05785,True,0.0,1.0,0.0,0.0,1.0,1.0,0.0
2257,9d7ec713a2fb5e44,True,1.0,1.0,0.5845307592883389,1.0,1.0,0.5,0.8268878163701411
2258,d20659149c14557c,True,0.5,1.0,0.9102933455755873,0.0,1.0,1.0,0.2729777803282473
2259,04daf401ec185f96,True,1.0,1.0,1.0,1.0,1.0,1.0,1.0
2260,15959d7a3d3a53f5,True,1.0,1.0,0.5020428286218317,1.0,1.0,1.0,0.7925178452590966
2261,89ae8d041c145f8f,True,1.0,1.0,1.0,1.0,1.0,1.0,1.0
2262,53c908f42e685998,True,1.0,1.0,1.0,0.0,1.0,0.5,0.5833333333333334
2263,44230a68f8305c14,True,1.0,1.0,0.9368009501603493,1.0,1.0,1.0,0.9736670625668121
2264,04e3f71d6bc15d1e,True,0.0,1.0,0.0,0.0,1.0,1.0,0.0
2265,7287189737c85540,True,1.0,0.0,0.0,1.0,1.0,1.0,0.0
2266,62013ac84b3a57e5,True,1.0,1.0,0.8798831231495543,1.0,1.0,1.0,0.9499513013123142
2267,8e9c1bb8232c5a14,True,1.0,0.0,0.0,1.0,1.0,1.0,0.0
2268,b47df4a21c515394,True,1.0,1.0,0.5815860376362527,1.0,1.0,1.0,0.8256608490151054
2269,4b3c6a95987c552d,True,1.0,1.0,0.9266614637705329,0.0,1.0,1.0,0.5527756099043887
2270,70ee383e3b335c16,True,1.0,1.0,0.8297727361965244,1.0,1.0,1.0,0.9290719734152185
2271,b389efc36b545908,True,1.0,1.0,0.8823843625785455,1.0,1.0,0.5,0.9509934844077272
2272,79bba6381fb85a36,True,1.0,1.0,0.928866097742458,1.0,1.0,1.0,0.9703608740593576
2273,8fc41f783d475448,True,1.0,1.0,1.0,1.0,1.0,1.0,1.0
2274,8b369f66349d550a,True,1.0,1.0,1.0,1.0,1.0,1.0,1.0
2275,d01d51c26594547c,True,1.0,1.0,0.9587145755835995,1.0,1.0,1.0,0.9827977398264998
2276,87100d8379c158cc,True,1.0,1.0,1.0,1.0,1.0,1.0,1.0
2277,5403d4e6179a5354,True,1.0,0.0,0.0,1.0,1.0,0.0,0.0
2278,e27b4628314951bb,True,1.0,1.0,0.9069213492082622,1.0,1.0,1.0,0.9612172288367758
2279,e11b470ae6285663,True,1.0,1.0,0.7358197955477632,1.0,1.0,1.0,0.889924914811568
2280,3d2f4a8fb8b55572,True,1.0,1.0,0.8283064578061833,1.0,1.0,1.0,0.9284610240859097
2281,f3f0ebe8d9185b69,True,1.0,1.0,0.8199930278565325,1.0,1.0,1.0,0.9249970949402219
2282,6021973f81a75e0b,True,1.0,1.0,0.6476960660034189,1.0,1.0,1.0,0.8532066941680911
2283,c37a081992495a0e,True,1.0,1.0,1.0,1.0,1.0,1.0,1.0
2284,ac55c7f072c6528d,True,1.0,0.0,0.0,1.0,1.0,1.0,0.0
2285,e905f33735985cfe,True,1.0,1.0,1.0,1.0,1.0,1.0,1.0
2286,23bd3a02e2855a28,True,1.0,1.0,0.555028432251834,1.0,1.0,1.0,0.8145951801049308
2287,af052c91de0f5295,True,1.0,1.0,1.0,1.0,1.0,1.0,1.0
2288,64b99da814205341,True,1.0,0.0,0.0,1.0,1.0,1.0,0.0
2289,9b09b277214d5623,True,1.0,1.0,1.0,1.0,1.0,0.0,1.0
2290,19f3e77fcd3353c5,True,1.0,1.0,0.9331889065137653,1.0,1.0,1.0,0.9721620443807355
2291,7d70562315ff5bc1,True,1.0,1.0,1.0,0.0,1.0,1.0,0.5833333333333334
2292,30b35ae958ee5bae,True,1.0,1.0,0.5004001445468385,1.0,1.0,1.0,0.7918333935611827
2293,0df7b61597705cf2,True,1.0,1.0,0.702675227096034,1.0,1.0,1.0,0.8761146779566809
2294,c20652fc6a78529b,True,1.0,1.0,0.7198293804898995,1.0,1.0,1.0,0.8832622418707915
2295,63a80bcca90b5dec,True,1.0,0.0,0.0,1.0,1.0,1.0,0.0
2296,342596d95a475bed,True,1.0,1.0,0.943559893671967,1.0,1.0,1.0,0.9764832890299863
2297,c8b422346e1f5252,True,1.0,1.0,1.0,1.0,1.0,1.0,1.0
2298,8777c80c80ad53e8,True,0.0,1.0,0.0,0.0,1.0,1.0,0.0
2299,31ffaa640cf85134,True,1.0,1.0,1.0,1.0,1.0,1.0,1.0
2300,dcd5dc3f53d9533f,True,1.0,1.0,1.0,1.0,1.0,0.5,1.0
2301,2919cd502115582a,True,1.0,1.0,1.0,1.0,1.0,1.0,1.0
2302,7bbb4260e163517f,True,1.0,0.0,0.0,1.0,1.0,0.0,0.0
2303,25226305bdff5efd,True,1.0,1.0,1.0,0.0,1.0,1.0,0.5833333333333334
2304,7bbb6cfc4f135e50,True,1.0,1.0,0.9075411592100169,1.0,1.0,1.0,0.9614754830041736
2305,3099475cc5365074,True,1.0,1.0,0.9855990182192976,1.0,1.0,1.0,0.9939995909247074
2306,e5e00457df055e1a,True,1.0,1.0,1.0,1.0,1.0,1.0,1.0
2307,3f5c9cc5b40a5ff5,True,1.0,1.0,0.9127046494490302,1.0,1.0,1.0,0.9636269372704293
2308,1862fb50f5b0518a,True,1.0,1.0,0.979116886695949,0.0,1.0,0.5,0.574632036123312
2309,0451b850addd591c,True,1.0,0.0,0.0,1.0,1.0,1.0,0.0
2310,99f3a7ec61305307,True,1.0,1.0,0.6249059870221364,1.0,1.0,1.0,0.8437108279258902
2311,ffde3cc525b75021,True,1.0,0.0,0.0,1.0,1.0,1.0,0.0
2312,3266d9113ede5f3c,True,1.0,1.0,0.8477295504839294,1.0,1.0,1.0,0.9365539793683039
2313,290a914d4ef15443,True,1.0,1.0,0.88289129378043,1.0,1.0,1.0,0.9512047057418457
2314,53d3787367c75240,True,0.5,0.0,0.0,0.0,1.0,0.5,0.0
2315,d24604c7af87524f,True,0.0,1.0,0.0,0.0,1.0,1.0,0.0
2316,deb16bb9771a582a,True,1.0,1.0,0.898135893011934,1.0,1.0,1.0,0.9575566220883059
2317,51fd85d11ea75120,True,1.0,0.0,0.0,1.0,1.0,1.0,0.0
2318,f4f1692fee475afa,True,1.0,1.0,0.8879188460372338,1.0,1.0,1.0,0.9532995191821808
2319,1c8804a52fc0553c,True,1.0,1.0,1.0,1.0,1.0,1.0,1.0
2320,f2e1685f07675799,True,1.0,1.0,0.7197253368128784,1.0,1.0,1.0,0.8832188903386994
2321,56af8eae4788597f,True,1.0,1.0,1.0,1.0,1.0,1.0,1.0
2322,722ed88251d25420,True,1.0,1.0,0.727319388917026,1.0,1.0,1.0,0.8863830787154274
2323,ba7d6b30a3a15384,True,1.0,1.0,0.8002758418895594,1.0,1.0,1.0,0.9167816007873165
2324,52d9d533ca4e5980,True,1.0,1.0,0.43435907529817314,1.0,1.0,1.0,0.7643162813742389
2325,d45f18da371a5fe5,True,1.0,0.0,0.0,1.0,1.0,1.0,0.0
2326,fe2270288c1d5628,True,1.0,0.0,0.0,1.0,1.0,0.0,0.0
2327,84b38cdaa93e5dcd,True,1.0,1.0,0.7831484640008719,1.0,1.0,1.0,0.9096451933336965
2328,a8afec520f035a68,True,1.0,1.0,0.8388234739874189,1.0,1.0,1.0,0.9328431141614245
2329,4b04d67c77455726,True,1.0,1.0,0.6663893521765213,1.0,1.0,1.0,0.8609955634068839
2330,4750f239602d5627,True,1.0,1.0,0.8560226972483836,1.0,1.0,1.0,0.9400094571868265
2331,e54d150b34215b84,True,1.0,1.0,0.8734674806527354,1.0,1.0,1.0,0.9472781169386396
2332,3e7237c8a7815648,True,0.0,1.0,0.0,0.0,1.0,1.0,0.0
2333,179ca3af622e5e0d,True,0.0,1.0,0.0,0.0,1.0,1.0,0.0
2334,bed4ec62805f5790,True,1.0,1.0,1.0,0.0,1.0,1.0,0.5833333333333334
2335,e8850900bade58f6,True,1.0,1.0,1.0,1.0,1.0,1.0,1.0
2336,0c8b9f08bfa25dc2,True,1.0,1.0,1.0,1.0,1.0,1.0,1.0
2337,bf4fdfa51e215217,True,1.0,1.0,0.8615230406573005,1.0,1.0,1.0,0.9423012669405418
2338,398010cdaac05adc,True,1.0,1.0,0.8669185914859872,1.0,1.0,1.0,0.9445494131191614
2339,39cf3b9137615a6b,True,1.0,0.0,0.0,1.0,1.0,1.0,0.0
2340,f05325ffb9425a4b,True,1.0,1.0,1.0,1.0,1.0,1.0,1.0
2341,70d79606f745562e,True,1.0,1.0,1.0,1.0,1.0,1.0,1.0
2342,d2b3f402ba0f55c3,True,1.0,1.0,1.0,1.0,1.0,1.0,1.0
2343,784c48e2a44c5036,True,1.0,1.0,0.795182625400325,1.0,1.0,0.5,0.9146594272501355
2344,24567f5ad57455c4,True,1.0,1.0,1.0,1.0,1.0,1.0,1.0
2345,3ef16d00a16b5c94,True,1.0,1.0,0.7718247933584954,1.0,1.0,1.0,0.9049269972327064
2346,2d8b8e77af38568f,True,1.0,1.0,0.6220025098983729,1.0,1.0,1.0,0.8425010457909887
2347,2034e8ae11cc594e,True,1.0,0.0,0.0,1.0,1.0,0.0,0.0
2348,373707159e77583c,True,1.0,0.0,0.0,1.0,1.0,0.0,0.0
2349,a43d45f7369d5489,True,1.0,1.0,1.0,1.0,1.0,1.0,1.0
2350,d1d1cb2c2a5b5a29,True,1.0,1.0,0.8803232326830435,1.0,1.0,1.0,0.9501346802846014
2351,1666152446cc5da7,True,1.0,1.0,0.7877012871063888,1.0,1.0,1.0,0.9115422029609953
2352,0748764d9de454ea,True,1.0,1.0,1.0,1.0,1.0,1.0,1.0
2353,a73f7d7149c45478,True,1.0,1.0,0.6402305122084989,1.0,1.0,1.0,0.8500960467535412
2354,65107c981e1c568c,True,1.0,1.0,1.0,1.0,1.0,1.0,1.0
2355,8be468b729aa5f1e,True,1.0,1.0,0.8861007609128885,1.0,1.0,1.0,0.9525419837137035
2356,e45aa663bd0756d9,True,1.0,0.0,0.0,1.0,1.0,0.5,0.0
2357,2d7bc87644e85744,True,0.0,0.0,0.0,0.0,0.0,1.0,0.0
2358,29d982d97d135311,True,0.0,1.0,0.0,0.0,1.0,1.0,0.0
2359,c0fb4281da785582,True,1.0,0.0,0.0,1.0,1.0,1.0,0.0
2360,785a51e5263b5bec,True,1.0,0.0,0.0,0.0,1.0,0.5,0.0
2361,4102a6399acf528b,True,1.0,1.0,0.7765117787288133,1.0,1.0,1.0,0.9068799078036722
2362,0994517bde3c5188,True,1.0,0.0,0.0,1.0,1.0,1.0,0.0
2363,cc9f9924e6f25e64,True,1.0,1.0,0.790055278208138,1.0,1.0,1.0,0.9125230325867242
2364,89e02236312d5038,True,1.0,0.0,0.0,1.0,1.0,1.0,0.0
2365,748d7e95687d5d26,True,1.0,1.0,1.0,1.0,1.0,1.0,1.0
2366,77e9812a54d05caf,True,0.5,0.0,0.0,0.0,1.0,0.5,0.0
2367,c9903c96ff4153fe,True,1.0,1.0,0.9443670611084597,1.0,1.0,1.0,0.9768196087951916
2368,90fa31af769c5e8d,True,1.0,1.0,0.9546561961272907,1.0,1.0,1.0,0.9811067483863711
2369,2fc619c5acbe54b8,True,1.0,1.0,0.8572058647013155,1.0,1.0,1.0,0.9405024436255482
2370,61d847c3a95f5032,True,1.0,1.0,0.9651931901562211,1.0,1.0,1.0,0.9854971625650921
2371,16f3b92e5d56573a,True,0.0,1.0,0.0,0.0,1.0,1.0,0.0
2372,8dac96b2393f5de9,True,1.0,1.0,0.9174886656772925,1.0,1.0,1.0,0.9656202773655386
2373,dd9efbb06b495921,True,1.0,1.0,0.613476205424139,1.0,1.0,1.0,0.8389484189267247
2374,3e634fa2ea715bb1,True,1.0,1.0,1.0,1.0,1.0,1.0,1.0
2375,2cc421e9b3fd5c17,True,1.0,0.0,0.0,1.0,1.0,1.0,0.0
2376,4d8c41cf686957d1,True,1.0,1.0,1.0,1.0,1.0,1.0,1.0
2377,53834451cfa75fd0,True,1.0,1.0,0.6818051801671802,1.0,1.0,1.0,0.8674188250696583
2378,3f269e7b5ced51fa,True,1.0,1.0,1.0,1.0,1.0,1.0,1.0
2379,4a35a95ee57f5572,True,1.0,1.0,1.0,1.0,1.0,1.0,1.0
2380,6387e5c4dd2f5e2a,True,1.0,1.0,0.5489424491214939,1.0,1.0,1.0,0.8120593538006226
2381,f205efb84def5cc8,True,1.0,1.0,0.7541242771916736,1.0,1.0,1.0,0.8975517821631973
2382,f264f464b21753de,True,1.0,1.0,0.9243173156551655,1.0,1.0,1.0,0.9684655481896524
2383,3b4f49412be55b80,True,1.0,1.0,0.8989365884400724,1.0,1.0,0.5,0.9578902451833636
2384,a7b8ffecd36e5dbc,True,1.0,1.0,0.9021629702043048,1.0,1.0,1.0,0.9592345709184604
2385,34ed4880444350af,True,1.0,1.0,0.9779763490974743,0.0,1.0,1.0,0.5741568121239476
2386,8792fb68a0b2586a,True,1.0,1.0,0.8644713864037121,1.0,1.0,1.0,0.9435297443348801
2387,f9f97f2e6d435822,True,1.0,1.0,0.8174142151001105,1.0,1.0,1.0,0.9239225896250461
2388,1d4b518f1b175184,True,0.0,1.0,0.0,0.0,1.0,1.0,0.0
2389,f1cc8f05115d5db6,True,1.0,1.0,0.3256091779838577,1.0,1.0,1.0,0.7190038241599407
2390,257773cfd41d59d5,True,1.0,1.0,0.9051792748193273,1.0,1.0,1.0,0.960491364508053
2391,1b1a37c517e45fbd,True,1.0,1.0,1.0,1.0,1.0,1.0,1.0
2392,ec611f7d00d85b31,True,1.0,1.0,1.0,1.0,1.0,1.0,1.0
2393,3d86e3fc3499578f,True,1.0,1.0,1.0,0.0,1.0,1.0,0.5833333333333334
2394,40ffdefe6d2f541a,True,1.0,0.0,0.0,1.0,1.0,0.5,0.0
2395,ab9d0f7542805d20,True,0.0,1.0,0.0,0.0,1.0,1.0,0.0
2396,619d1afc63c35621,True,1.0,0.0,0.0,1.0,1.0,1.0,0.0
2397,c84475f2d8475f9d,True,1.0,1.0,0.9044661057411069,1.0,1.0,1.0,0.9601942107254612
2398,396c599d06e65f68,True,1.0,0.0,0.0,1.0,1.0,1.0,0.0
2399,330166def5a35f4d,True,1.0,1.0,1.0,0.0,1.0,1.0,0.5833333333333334
2400,0722adecc3d45ac4,True,1.0,1.0,0.9209769288795353,1.0,1.0,1.0,0.9670737203664731
2401,125839faad9a5f7d,True,1.0,1.0,1.0,1.0,1.0,0.5,1.0
2402,92a263b537fd5b72,True,1.0,1.0,0.8428782949783273,1.0,1.0,1.0,0.9345326229076364
2403,ecc5d9051f445174,True,1.0,1.0,1.0,1.0,1.0,1.0,1.0
2404,44e882ff27ec5566,True,1.0,0.0,0.0,1.0,1.0,1.0,0.0
2405,7a18ceb376d859c1,True,1.0,1.0,0.6007232858415581,1.0,1.0,1.0,0.8336347024339825
2406,a9152eadc70058ba,True,1.0,1.0,1.0,1.0,1.0,1.0,1.0
2407,72c1d1069773561d,True,1.0,0.0,0.0,1.0,1.0,0.5,0.0
2408,feb90d2112ec57cf,True,1.0,1.0,1.0,1.0,1.0,1.0,1.0
2409,f587b097f5f65db6,True,1.0,1.0,1.0,1.0,1.0,1.0,1.0
2410,c05f89f644505f4c,True,1.0,1.0,0.7934851716206651,1.0,1.0,1.0,0.9139521548419438
2411,d1e6f085af9b5199,True,1.0,0.0,0.0,0.0,1.0,0.5,0.0
2412,216d5205e9745145,True,1.0,1.0,0.7155642378269744,1.0,1.0,1.0,0.8814850990945727
2413,2833a305300f5394,True,0.0,1.0,0.0,0.0,1.0,1.0,0.0
2414,221199c4bcef5e62,True,1.0,1.0,1.0,1.0,1.0,1.0,1.0
2415,797606b9788852f2,True,1.0,1.0,1.0,1.0,1.0,1.0,1.0
2416,48b6d9fdf22d5a23,True,1.0,1.0,0.5811585321373086,1.0,1.0,1.0,0.8254827217238786
2417,a97ceb2edd0251f9,True,1.0,0.0,0.0,0.0,1.0,1.0,0.0
2418,36383c82194a543d,True,1.0,1.0,1.0,1.0,1.0,1.0,1.0
2419,f39952caeb2b5014,True,1.0,1.0,1.0,1.0,1.0,1.0,1.0
2420,967b41c4778d5aac,True,1.0,0.0,0.0,1.0,1.0,1.0,0.0
2421,2972c31a52275dc1,True,1.0,1.0,0.668158389288113,1.0,1.0,1.0,0.8617326622033804
2422,86feb30b850f5ff2,True,1.0,1.0,0.762506155940729,1.0,1.0,1.0,0.9010442316419703
2423,91fc00df56ae5aca,True,1.0,1.0,0.7396071672656653,1.0,1.0,1.0,0.8915029863606939
2424,4ccc9e33aa795ef1,True,1.0,1.0,1.0,1.0,1.0,1.0,1.0
2425,77f45b5536f854bf,True,1.0,1.0,1.0,1.0,1.0,1.0,1.0
2426,dd162898ecf351d4,True,0.0,1.0,0.0,0.0,1.0,1.0,0.0
2427,bc667a4fc0f454d7,True,1.0,1.0,0.8795593244473782,1.0,1.0,1.0,0.9498163851864075
2428,4dd55e4b78955eca,True,1.0,1.0,0.9919085833735708,1.0,1.0,1.0,0.9966285764056545
2429,1b5606e475d554f7,True,1.0,1.0,0.9250706075844832,1.0,1.0,1.0,0.968779419826868
2430,71bacc65bda2569c,True,1.0,1.0,0.8423364908468184,1.0,1.0,1.0,0.9343068711861743
2431,ae3496e6ce435e73,True,1.0,1.0,1.0,0.0,1.0,1.0,0.5833333333333334
2432,7eab8efaacef55bb,True,1.0,0.0,0.0,1.0,1.0,1.0,0.0
2433,0c5365f52bac5785,True,1.0,1.0,1.0,1.0,1.0,1.0,1.0
2434,ef886d0dee3e534c,True,1.0,1.0,0.5969778107125017,1.0,1.0,1.0,0.8320740877968756
2435,385b1aa4b84c56bf,True,1.0,1.0,0.7554688257905864,1.0,1.0,1.0,0.8981120107460777
2436,b0598da891205aa3,True,0.5,1.0,0.7190186179819165,0.0,1.0,1.0,0.2331288787462326
2437,69acf2f6a20454a0,True,1.0,1.0,0.6927839231550366,1.0,1.0,1.0,0.8719933013145985
2438,617ceb438e0d5324,True,1.0,1.0,1.0,0.0,1.0,1.0,0.5833333333333334
2439,7022b42a3743507a,True,1.0,1.0,1.0,1.0,1.0,1.0,1.0
2440,b0bd81048c07524f,True,1.0,1.0,0.8094504646690229,1.0,1.0,1.0,0.9206043602787596
2441,aa58dfcb46765181,True,1.0,1.0,1.0,1.0,1.0,1.0,1.0
2442,59c00098b95d53b8,True,1.0,1.0,0.6218257766509846,1.0,1.0,1.0,0.8424274069379103
2443,61d7fbf592275c75,True,1.0,0.0,0.0,1.0,1.0,1.0,0.0
2444,0d09772186295ff0,True,1.0,1.0,1.0,0.0,1.0,1.0,0.5833333333333334
2445,c8aeadf284a05f44,True,1.0,0.0,0.0,1.0,1.0,1.0,0.0
2446,e9bfb4821bfd5801,True,1.0,1.0,1.0,1.0,1.0,1.0,1.0
2447,1586b456d978588f,True,1.0,1.0,1.0,1.0,1.0,1.0,1.0
2448,e67c2879271350c1,True,1.0,1.0,0.8558775043438633,1.0,1.0,1.0,0.9399489601432763
2449,27bcec96f13c5426,True,1.0,1.0,0.9642828503224747,1.0,1.0,1.0,0.9851178543010312
2450,f9b16eaee3b956a3,True,1.0,0.0,0.0,1.0,1.0,0.0,0.0
2451,8436ac812af859df,True,1.0,1.0,1.0,1.0,1.0,1.0,1.0
2452,d243aa8117495932,True,0.0,1.0,0.0,0.0,1.0,1.0,0.0
2453,f740386a50c45238,True,1.0,1.0,0.8612616014338825,1.0,1.0,1.0,0.9421923339307844
2454,516c42e0454456b6,True,1.0,1.0,0.9748830775556276,1.0,1.0,1.0,0.9895346156481782
2455,e9fcec80707952c3,True,1.0,1.0,0.5872768141068057,1.0,1.0,1.0,0.8280320058778358
2456,e7daf964463c530b,True,1.0,0.0,0.0,1.0,1.0,0.0,0.0
2457,deae4b3cac52513c,True,0.5,0.0,0.0,0.0,1.0,1.0,0.0
2458,e55fc5c3ee36528b,True,1.0,1.0,0.89217515837666,1.0,1.0,1.0,0.9550729826569416
2459,b98d8c3330625df2,True,1.0,1.0,1.0,0.0,1.0,1.0,0.5833333333333334
2460,8aec77f33ddb5ac8,True,1.0,1.0,0.4675496923171169,1.0,1.0,1.0,0.778145705132132
2461,0bee5ed0a0a957fd,True,1.0,1.0,0.8230972000524533,1.0,1.0,1.0,0.9262905000218554
2462,8e274784672a514b,True,1.0,1.0,1.0,1.0,1.0,1.0,1.0
2463,1f381d3a242b54f0,True,1.0,1.0,0.7855528636128012,1.0,1.0,1.0,0.9106470265053339
2464,a7705685069f5979,True,1.0,0.0,0.0,1.0,1.0,1.0,0.0
2465,d5ea47f2ec1550b2,True,1.0,1.0,1.0,1.0,1.0,1.0,1.0
2466,2318ebb3b64554fc,True,1.0,1.0,1.0,1.0,1.0,1.0,1.0
2467,cb8b1f36617c50d4,True,1.0,1.0,0.8194071401359183,1.0,1.0,1.0,0.9247529750566326
2468,88454b0190ff551f,True,1.0,1.0,1.0,1.0,1.0,1.0,1.0
2469,a6706582212458bb,True,0.0,1.0,0.0,0.0,1.0,1.0,0.0
2470,ae878998fecb50a5,True,1.0,1.0,0.46897436724120684,1.0,1.0,1.0,0.7787393196838361
2471,e6c8f0c4aaea52d7,True,1.0,1.0,1.0,1.0,1.0,1.0,1.0
2472,043524c9126f5893,True,1.0,0.0,0.0,1.0,1.0,0.5,0.0
2473,c4fbbd685a1953c5,True,1.0,1.0,0.6426173428474453,1.0,1.0,1.0,0.8510905595197689
2474,b022550645ac5dbf,True,1.0,0.0,0.0,1.0,1.0,1.0,0.0
2475,eb5ef679c80959fe,True,1.0,1.0,1.0,1.0,1.0,1.0,1.0
2476,28b94453e1cd578f,True,1.0,1.0,0.8301426937403299,1.0,1.0,1.0,0.9292261223918041
2477,5fd68bb785b258ef,True,0.0,1.0,0.0,0.0,1.0,1.0,0.0
2478,71f883f1ec8f5e37,True,1.0,1.0,1.0,1.0,1.0,1.0,1.0
2479,210a1c9ce3725a53,True,1.0,1.0,0.9056600229785849,1.0,1.0,1.0,0.9606916762410771
2480,6e49c17c51db5a5c,True,0.0,1.0,0.0,0.0,1.0,1.0,0.0
2481,62d339c4086d51ba,True,0.0,1.0,0.0,0.0,1.0,1.0,0.0
2482,9aea5cdc656458a0,True,1.0,1.0,1.0,1.0,1.0,1.0,1.0
2483,82ab6983691a5599,True,1.0,1.0,1.0,1.0,1.0,1.0,1.0
2484,024fd1e792395805,True,1.0,1.0,0.8970377548861765,1.0,1.0,1.0,0.9570990645359069
2485,28123c233d33567e,True,1.0,1.0,0.8848722260570111,1.0,1.0,1.0,0.9520300941904214
2486,a22de94be8935752,True,1.0,1.0,0.43237758157477274,1.0,1.0,1.0,0.7634906589894886
2487,d1cf48dea57f5d2a,True,1.0,0.0,0.0,1.0,1.0,0.0,0.0
2488,32648fe3eaa45ed1,True,1.0,0.0,0.0,1.0,1.0,0.0,0.0
2489,9d864c15bf7d5414,True,1.0,1.0,0.8361685737396529,1.0,1.0,1.0,0.9317369057248553
2490,8abfcd61303b52df,True,1.0,0.0,0.0,1.0,1.0,1.0,0.0
2491,aab09057df0a515d,True,1.0,1.0,0.8134083865838697,1.0,1.0,1.0,0.9222534944099458
2492,6916caadd44a5806,True,0.5,0.0,0.0,0.0,1.0,1.0,0.0
2493,79e011726ebe5aa0,True,1.0,1.0,1.0,1.0,1.0,1.0,1.0
2494,cc934224447a5c86,True,1.0,0.0,0.0,1.0,1.0,0.0,0.0
2495,3ec484ccad125e99,True,1.0,1.0,1.0,1.0,1.0,1.0,1.0
2496,ea93b5b81d425814,True,0.0,1.0,0.0,0.0,1.0,1.0,0.0
2497,430589fe41235469,True,1.0,1.0,0.6892686426205776,1.0,1.0,1.0,0.8705286010919074
2498,4c5c196977b255f5,True,0.0,0.0,0.0,0.0,1.0,0.0,0.0
2499,3cb9b99bc4185d33,True,1.0,1.0,0.9024614449861298,1.0,1.0,1.0,0.9593589354108873
2500,6e778c30490d5f50,True,1.0,1.0,0.7280059701744881,1.0,1.0,1.0,0.8866691542393701
2501,c1c3bb73344c593a,True,1.0,1.0,0.7970880250570737,1.0,1.0,1.0,0.9154533437737807
2502,048eb7efa08354e3,True,1.0,1.0,0.9350348924409603,1.0,1.0,1.0,0.9729312051837334
2503,5bb6cc197a7455e4,True,1.0,0.0,0.0,1.0,1.0,1.0,0.0
2504,0c6772102cc550ef,True,1.0,1.0,0.918260011226986,1.0,1.0,0.5,0.9659416713445775
2505,ae02e969e8595cca,True,0.0,1.0,0.0,0.0,1.0,1.0,0.0
2506,6b5a3fa1663e5a8d,True,1.0,1.0,0.6171177083059378,1.0,1.0,1.0,0.8404657117941406
2507,d719f6e5de715f5a,True,1.0,1.0,1.0,0.0,1.0,1.0,0.5833333333333334
2508,c4a50f520ab75da6,True,0.0,1.0,0.0,0.0,1.0,1.0,0.0
2509,ca85e7b7b71559b3,True,1.0,0.0,0.0,1.0,1.0,1.0,0.0
2510,4f8fc653ac98588e,True,1.0,1.0,1.0,1.0,1.0,1.0,1.0
2511,7316c116f05d57a5,True,0.0,1.0,0.0,0.0,1.0,1.0,0.0
2512,fc529b3abdc65998,True,1.0,0.0,0.0,1.0,1.0,0.0,0.0
2513,39bbb12794ca56a3,True,1.0,0.0,0.0,1.0,1.0,0.5,0.0
2514,639b55d4b2b65d0a,True,1.0,1.0,0.8429456468218425,1.0,1.0,1.0,0.9345606861757677
2515,ab7d0c4a928e5ec9,True,1.0,0.0,0.0,1.0,1.0,1.0,0.0
2516,91aeae3843455c34,True,1.0,1.0,0.6532077443648757,0.0,1.0,0.5,0.4388365601520315
2517,0f78ffea52a85031,True,1.0,1.0,1.0,1.0,1.0,1.0,1.0
2518,e045d3abc4e95f52,True,1.0,1.0,0.8035324793746341,1.0,1.0,1.0,0.9181385330727642
2519,73c6bf15d3cc58e4,True,1.0,1.0,0.7850867487920544,1.0,1.0,1.0,0.9104528119966894
2520,c9a74fd5fd9e57c8,True,1.0,1.0,0.7394387207067729,1.0,1.0,1.0,0.8914328002944888
2521,c7b030a4025a5066,True,1.0,0.0,0.0,1.0,1.0,1.0,0.0
2522,a1f35d4460345de8,True,1.0,1.0,1.0,1.0,1.0,1.0,1.0
2523,6d7ca07eac51558e,True,1.0,1.0,1.0,1.0,1.0,1.0,1.0
2524,55b7f0c50f4a5157,True,1.0,1.0,1.0,1.0,1.0,1.0,1.0
2525,230ab732c0d65fb3,True,1.0,1.0,1.0,1.0,1.0,0.5,1.0
2526,b7e61e7b15265bb9,True,1.0,1.0,1.0,1.0,1.0,1.0,1.0
2527,09cd7b3746d65a79,True,1.0,1.0,0.9955854414545111,1.0,1.0,1.0,0.9981606006060463
2528,690fef019ad25dd6,True,1.0,1.0,1.0,1.0,1.0,1.0,1.0
2529,66e559e29cca52e0,True,1.0,1.0,1.0,1.0,1.0,1.0,1.0
2530,5abef8058afa529f,True,1.0,1.0,1.0,1.0,1.0,1.0,1.0
2531,16ac515a3ba45d76,True,1.0,0.0,0.0,1.0,1.0,0.5,0.0
2532,78e8eab14d8e5d65,True,1.0,1.0,0.8820226422934635,1.0,1.0,1.0,0.9508427676222765
2533,3010009fcb295507,True,0.0,1.0,0.0,0.0,1.0,1.0,0.0
2534,2035406a3a6955be,True,1.0,1.0,0.8743936810498683,1.0,1.0,1.0,0.9476640337707783
2535,607fd9c5903d5376,True,0.0,1.0,0.0,0.0,1.0,1.0,0.0
2536,30765e467f6c5947,True,1.0,1.0,1.0,0.0,1.0,0.5,0.5833333333333334
2537,e76cb8b17f8f51f3,True,1.0,1.0,1.0,1.0,1.0,1.0,1.0
2538,70f3a3d098bf5381,True,1.0,1.0,1.0,1.0,1.0,1.0,1.0
2539,fd30fae9e4f35fa8,True,0.0,0.0,0.0,0.0,1.0,0.0,0.0
2540,fb351801ac245053,True,1.0,1.0,0.9689747666212452,1.0,1.0,1.0,0.9870728194255188
2541,d987180f18155985,True,1.0,1.0,1.0,1.0,1.0,1.0,1.0
2542,0db4879927b35dc0,True,1.0,1.0,1.0,1.0,1.0,1.0,1.0
2543,aa34b08bfad85fac,True,1.0,1.0,0.8512105717031299,1.0,1.0,1.0,0.938004404876304
2544,702320a088cf5d53,True,0.0,0.0,0.0,0.0,1.0,1.0,0.0
2545,86d5685d21d15ee9,True,1.0,1.0,0.7272379775806321,1.0,1.0,1.0,0.8863491573252634
2546,4afad5f528f45dfe,True,1.0,0.0,0.0,1.0,1.0,1.0,0.0
2547,ab6e020759565f9f,True,1.0,1.0,0.7692565696069514,1.0,1.0,1.0,0.9038569040028964
2548,6aaf052582e35b0c,True,1.0,1.0,1.0,1.0,1.0,1.0,1.0
2549,6326e62f04625791,True,1.0,1.0,1.0,1.0,1.0,1.0,1.0
2550,f3872682944e5d13,True,1.0,1.0,0.8956612551719917,1.0,1.0,1.0,0.9565255229883299
2551,03269d4ad9e45809,True,1.0,0.0,0.0,1.0,1.0,0.0,0.0
2552,94c3ef5a3168570a,True,1.0,0.0,0.0,1.0,1.0,1.0,0.0
2553,47e0ff3bc36a5f69,True,1.0,1.0,0.6929525851733669,1.0,1.0,1.0,0.8720635771555695
2554,3ba5c2d842785d59,True,1.0,1.0,0.788959370856131,0.0,1.0,1.0,0.49539973785672126
2555,997fb38ac5d75864,True,1.0,0.0,0.0,0.0,1.0,0.0,0.0
2556,08a135d9245b50c2,True,1.0,1.0,0.9549676486857708,1.0,1.0,0.5,0.9812365202857377
2557,caee3d86c00351e6,True,1.0,1.0,0.7053946304948752,1.0,1.0,1.0,0.877247762706198
2558,9a5799ace9455841,True,1.0,1.0,1.0,0.0,1.0,1.0,0.5833333333333334
2559,6832568ebd835696,True,1.0,1.0,0.7706629511419146,1.0,1.0,1.0,0.904442896309131
2560,bde15534dcdc5933,True,1.0,1.0,1.0,1.0,1.0,1.0,1.0
2561,3461796610c15a0e,True,1.0,1.0,1.0,1.0,1.0,1.0,1.0
2562,541d2d0ac174524b,True,1.0,1.0,0.6841742043380984,1.0,1.0,1.0,0.8684059184742076
2563,f36dbc258c8b5e17,True,1.0,1.0,1.0,1.0,1.0,1.0,1.0
2564,ef90f66b5d465ebf,True,1.0,1.0,1.0,1.0,1.0,1.0,1.0
2565,662212c87d0d5b09,True,1.0,1.0,1.0,1.0,1.0,1.0,1.0
2566,e511376fdf3250e5,True,1.0,1.0,0.5663901626430903,1.0,1.0,1.0,0.8193292344346209
2567,c73914d4fedc513f,True,1.0,1.0,0.771753749718581,1.0,1.0,1.0,0.9048973957160754
2568,bdb0f78978cd5307,True,1.0,1.0,0.8798413645659536,1.0,1.0,1.0,0.9499339019024807
2569,dc05b41a768b5015,True,1.0,1.0,0.4910103516440966,1.0,1.0,1.0,0.787920979851707
2570,a1325310017c5057,True,1.0,1.0,1.0,1.0,1.0,1.0,1.0
2571,7eb19d771c975618,True,1.0,1.0,0.5896406195622421,1.0,1.0,1.0,0.8290169248176009
2572,9a15d775514e5018,True,1.0,1.0,0.6719172416385664,1.0,1.0,1.0,0.863298850682736
2573,8676d43a96795310,True,0.0,1.0,0.0,0.0,1.0,1.0,0.0
2574,846863e9cd7059c5,True,1.0,1.0,1.0,1.0,1.0,1.0,1.0
2575,1e4f2f231ac0540e,True,1.0,0.0,0.0,1.0,1.0,1.0,0.0
2576,5fe40d882c3b545f,True,0.0,1.0,0.0,0.0,1.0,1.0,0.0
2577,07064359a6215354,True,1.0,1.0,0.8710639060033369,1.0,1.0,1.0,0.9462766275013904
2578,822d92ab3f13502b,True,1.0,1.0,1.0,1.0,1.0,1.0,1.0
2579,dc952092ef6a5243,True,1.0,1.0,1.0,1.0,1.0,1.0,1.0
2580,c9a4d6a0295f5142,True,1.0,1.0,1.0,1.0,1.0,1.0,1.0
2581,7643b4b3f33d5910,True,1.0,1.0,0.764311562907218,1.0,1.0,1.0,0.9017964845446742
2582,62d4c8dfdef65bc5,True,1.0,1.0,0.8529674171584853,1.0,1.0,1.0,0.9387364238160355
2583,bf478a1422445c12,True,1.0,1.0,0.8131573622364806,1.0,1.0,1.0,0.9221489009318669
2584,06753f6c597f512b,True,1.0,1.0,1.0,1.0,1.0,1.0,1.0
2585,09d424ddf3a558b3,True,0.5,0.0,0.0,0.0,1.0,0.5,0.0
2586,fa545b09688957b8,True,1.0,1.0,0.8188003676757544,1.0,1.0,1.0,0.9245001531982311
2587,ac47687039a75848,True,1.0,1.0,0.9558662466665008,1.0,1.0,1.0,0.9816109361110419
2588,103c3ee1db23521d,True,1.0,0.0,0.0,1.0,1.0,1.0,0.0
2589,2f482e2df2565b82,True,0.0,1.0,0.0,0.0,1.0,1.0,0.0
2590,efe7a294e40e5508,True,1.0,1.0,0.9604294395711332,1.0,1.0,1.0,0.9835122664879722
2591,c79b2a28285f5e11,True,1.0,0.0,0.0,1.0,1.0,1.0,0.0
2592,e22b4bce822a51fb,True,1.0,0.0,0.0,1.0,1.0,0.0,0.0
2593,f0d6814d23245178,True,0.5,1.0,0.6980862210894608,0.0,1.0,1.0,0.228767962726971
2594,6d5f5983c8eb5615,True,1.0,1.0,0.8086079030209015,1.0,1.0,1.0,0.9202532929253756
2595,4256146a0b765876,True,1.0,1.0,1.0,1.0,1.0,1.0,1.0
2596,a9c368a110585b1a,True,0.5,0.0,0.0,0.0,1.0,0.5,0.0
2597,0670d0c81a5550c4,True,1.0,1.0,0.8173252351210127,1.0,1.0,1.0,0.9238855146337553
2598,0221ed2a1c495f23,True,1.0,0.0,0.0,1.0,1.0,1.0,0.0
2599,0defa8939c9851ea,True,1.0,0.0,0.0,1.0,1.0,0.0,0.0
2600,f14a3d3672035597,True,1.0,0.0,0.0,1.0,1.0,0.0,0.0
2601,b8d114f0304d5f87,True,1.0,1.0,1.0,1.0,1.0,1.0,1.0
2602,2c978eb63fec5d2a,True,1.0,1.0,0.8644726216620864,1.0,1.0,1.0,0.9435302590258693
2603,ea91c9a3a75f514c,True,1.0,1.0,0.7193641494543425,1.0,1.0,1.0,0.883068395605976
2604,f3493d3b23cd55c2,True,1.0,1.0,0.795756332624792,1.0,1.0,1.0,0.9148984719269967
2605,c71161b938af5b16,True,1.0,1.0,0.7218856296617413,1.0,1.0,1.0,0.8841190123590589
2606,1bf4bffb864f5379,True,1.0,1.0,1.0,1.0,1.0,1.0,1.0
2607,6ebf87c3da335680,True,1.0,1.0,1.0,1.0,1.0,1.0,1.0
2608,c840eac7d70e5877,True,0.0,0.0,0.0,0.0,1.0,1.0,0.0
2609,776069d80826529d,True,1.0,1.0,0.6758951769612446,1.0,1.0,1.0,0.8649563237338519
2610,43b78800618758d9,True,1.0,1.0,0.8729051326858547,1.0,1.0,1.0,0.9470438052857727
2611,a19a3d9b712751f6,True,1.0,1.0,0.7458575790399482,1.0,1.0,1.0,0.8941073245999784
2612,58911c0c8e3f5906,True,1.0,1.0,1.0,0.0,1.0,1.0,0.5833333333333334
2613,ea23b2bb8e5756b8,True,1.0,0.0,0.0,1.0,1.0,1.0,0.0
2614,14d171fcb9295596,True,1.0,1.0,1.0,1.0,1.0,1.0,1.0
2615,8df6c22946e5526d,True,1.0,1.0,1.0,1.0,1.0,1.0,1.0
2616,deb8de65573253b7,True,1.0,1.0,1.0,1.0,1.0,1.0,1.0
2617,b1e1c1a12339588a,True,1.0,1.0,1.0,1.0,1.0,1.0,1.0
2618,eec0bc4e1b185d67,True,1.0,0.0,0.0,1.0,1.0,0.5,0.0
2619,66225fc71bd35554,True,1.0,1.0,1.0,1.0,1.0,1.0,1.0
2620,627ed4c9950753e9,True,1.0,1.0,1.0,1.0,1.0,1.0,1.0
2621,b677a8a95c395ad2,True,1.0,1.0,0.7621258016464079,1.0,1.0,1.0,0.9008857506860033
2622,4127ff2cfd615955,True,1.0,1.0,0.934227569615037,1.0,1.0,1.0,0.9725948206729321
2623,96a252e16d1553e1,True,1.0,0.0,0.0,1.0,1.0,1.0,0.0
2624,5ae0b5e6a95f5335,True,1.0,1.0,1.0,1.0,1.0,1.0,1.0
2625,4417a92b5b1956b8,True,1.0,1.0,0.8141604683609965,1.0,1.0,1.0,0.9225668618170819
2626,36419e8c59275f61,True,0.5,0.0,0.0,0.0,1.0,0.5,0.0
2627,95528bd014555540,True,1.0,1.0,1.0,1.0,1.0,1.0,1.0
2628,f158576757e95c31,True,1.0,1.0,0.7765736851244623,1.0,1.0,1.0,0.9069057021351927
2629,488822d6447b5b58,True,1.0,1.0,0.773216552436267,1.0,1.0,1.0,0.9055068968484447
2630,d44d886053b15b23,True,1.0,0.0,0.0,0.0,1.0,0.0,0.0
2631,b4ec906c4dbe5735,True,1.0,1.0,0.984030705819916,1.0,1.0,1.0,0.993346127424965
2632,79a151c333745253,True,1.0,1.0,0.7467485483357177,1.0,1.0,1.0,0.894478561806549
2633,af682242313853cb,True,1.0,1.0,1.0,1.0,1.0,1.0,1.0
2634,e0416692bc5251ba,True,1.0,1.0,0.708891846606684,1.0,1.0,1.0,0.8787049360861183
2635,3d8f52b9bae25a90,True,1.0,1.0,0.5619838535745879,1.0,1.0,1.0,0.8174932723227449
2636,55a8886514eb5c1b,True,1.0,1.0,1.0,1.0,1.0,1.0,1.0
2637,d32f8367252b53b1,True,1.0,1.0,1.0,1.0,1.0,1.0,1.0
2638,f860a73be2cd5fe5,True,1.0,1.0,0.9643512172307204,1.0,1.0,1.0,0.9851463405128001
2639,008144fe47ac5f74,True,1.0,1.0,0.6895832136270592,1.0,1.0,1.0,0.870659672344608
2640,8b06db3e6e4355d3,True,0.0,1.0,0.0,0.0,1.0,0.5,0.0
2641,3baa70a146f055d2,True,1.0,1.0,0.7811317408971663,1.0,1.0,1.0,0.9088048920404859
2642,b1520b6af9705191,True,1.0,1.0,1.0,1.0,1.0,1.0,1.0
2643,35b810aad36b553a,True,1.0,0.0,0.0,1.0,1.0,1.0,0.0
2644,3be53588a286557f,True,1.0,1.0,0.950203517947849,1.0,1.0,1.0,0.9792514658116037
2645,70b9e5ded0b057d7,True,1.0,1.0,0.7598947793422162,1.0,1.0,1.0,0.8999561580592568
2646,8b1d45137881582a,True,1.0,1.0,0.5693089934962913,1.0,1.0,1.0,0.820545413956788
2647,07c46d77aba054ec,True,1.0,0.0,0.0,0.0,1.0,0.5,0.0
2648,1423dcf83efa5241,True,0.0,0.0,0.0,0.0,1.0,1.0,0.0
2649,3d0c780c0aba552e,True,1.0,1.0,1.0,1.0,1.0,1.0,1.0
2650,7f2edc964c6d5323,True,1.0,1.0,0.7951700264771135,1.0,1.0,1.0,0.9146541776987972
2651,808e5edcddce51c3,True,1.0,1.0,0.8569538841707477,1.0,1.0,1.0,0.9403974517378115
2652,482989b8df6550b5,True,0.0,1.0,0.0,1.0,1.0,1.0,0.0
2653,99ebd32df2f453f8,True,1.0,1.0,1.0,1.0,1.0,1.0,1.0
2654,3789d42ea83f569d,True,1.0,1.0,0.8301903236383003,1.0,1.0,1.0,0.9292459681826252
2655,db601036b2fb58d7,True,1.0,1.0,1.0,1.0,1.0,1.0,1.0
2656,40d51aff75a85ab9,True,1.0,1.0,0.7190559502769376,1.0,1.0,1.0,0.8829399792820573
2657,351226f263825b4b,True,1.0,1.0,1.0,1.0,1.0,1.0,1.0
2658,3a4e9626c9aa5fa0,True,1.0,1.0,0.9604340694446645,1.0,1.0,1.0,0.9835141956019435
2659,9e991901a49a55ea,True,1.0,1.0,1.0,1.0,1.0,1.0,1.0
2660,a5f5f03bc998578d,True,1.0,1.0,0.9804850518550758,1.0,1.0,1.0,0.9918687716062816
2661,324b5f24fb0c5f3f,True,0.0,1.0,0.0,0.0,1.0,1.0,0.0
2662,0a8c2aac609d5a04,True,1.0,1.0,0.7247762330592148,1.0,1.0,1.0,0.8853234304413395
2663,4a7fd1bd37ed5463,True,1.0,0.0,0.0,1.0,1.0,0.0,0.0
2664,18c781197c445d64,True,1.0,1.0,1.0,1.0,1.0,1.0,1.0
2665,910ce583575e5f8d,True,0.0,1.0,0.0,0.0,1.0,1.0,0.0
2666,83d9a73b7a3650c7,True,1.0,1.0,0.6200398002549554,1.0,1.0,1.0,0.8416832501062315
2667,29a576f5351a5162,True,1.0,1.0,0.7236900037842482,1.0,1.0,1.0,0.8848708349101034
2668,254290b4b4a35869,True,1.0,1.0,1.0,0.0,1.0,1.0,0.5833333333333334
2669,7015bc44f34252f4,True,1.0,1.0,1.0,1.0,1.0,1.0,1.0
2670,08ebfd6fbc145517,True,1.0,1.0,0.9002530900438336,1.0,1.0,1.0,0.9584387875182641
2671,4aa06b58da9a56f8,True,1.0,1.0,0.7496207204709575,1.0,1.0,1.0,0.8956753001962324
2672,96c3433ef79a5478,True,1.0,1.0,0.6805897212433683,1.0,1.0,1.0,0.8669123838514036
2673,fc39a399fd24554b,True,1.0,1.0,1.0,1.0,1.0,1.0,1.0
2674,ef9b600e65ac5391,True,1.0,0.0,0.0,1.0,1.0,0.5,0.0
2675,abe1ac610c3d5b82,True,1.0,1.0,0.9949525642753956,1.0,1.0,1.0,0.9978969017814148
2676,b0a7f01e57205fb4,True,1.0,1.0,0.6746155549253444,1.0,1.0,1.0,0.8644231478855602
2677,3eb063189dd15649,True,1.0,0.0,0.0,1.0,1.0,1.0,0.0
2678,fe6db2d0c7025b8a,True,1.0,1.0,1.0,1.0,1.0,1.0,1.0
2679,2c5ed5662dfb5ee9,True,0.0,1.0,0.0,0.0,1.0,1.0,0.0
2680,a03c5e53159f54c3,True,1.0,1.0,0.920785089042507,1.0,1.0,1.0,0.9669937871010447
2681,5b3db54a43ca52ed,True,1.0,1.0,0.8958723947053155,1.0,1.0,1.0,0.9566134977938815
2682,cd0fd62195e552da,True,1.0,1.0,0.7696313127871028,1.0,1.0,1.0,0.9040130469946263
2683,8635c0dd984c51f3,True,1.0,1.0,1.0,1.0,1.0,1.0,1.0
2684,f41cf739059453a4,True,1.0,1.0,0.5437516086503081,1.0,1.0,1.0,0.809896503604295
2685,6e49f2f1c4e456f1,True,1.0,1.0,0.7121138037226022,1.0,1.0,1.0,0.8800474182177509
2686,9ce9ec5a49b1568d,True,1.0,0.0,0.0,1.0,1.0,1.0,0.0
2687,1a775d7198a654e0,True,1.0,1.0,0.8111655355996011,1.0,1.0,1.0,0.9213189731665006
2688,d55aac327e4451ba,True,1.0,1.0,0.9391714944236575,0.0,1.0,1.0,0.557988122676524
2689,d3e99c65bb2a5d79,True,1.0,1.0,0.8802861120440295,1.0,1.0,1.0,0.9501192133516789
2690,ad517de61e355d8d,True,1.0,1.0,0.7106683411549674,1.0,1.0,1.0,0.8794451421479031
2691,19611832f7595b10,True,0.0,0.0,0.0,0.0,1.0,0.5,0.0
2692,69f50b1f6c4d5f4b,True,1.0,1.0,1.0,1.0,1.0,1.0,1.0
2693,927222aceeaa52bb,True,1.0,1.0,0.9243929260790958,1.0,1.0,1.0,0.9684970525329565
2694,10d9d6d0ad405b9d,True,1.0,1.0,0.8729243700678123,1.0,1.0,1.0,0.9470518208615886
2695,98c7a48dd75052ab,True,0.0,1.0,0.0,0.0,1.0,0.5,0.0
2696,9a4575e2dfd75ffb,True,1.0,1.0,0.9179904907894801,1.0,1.0,1.0,0.9658293711622834
2697,a08bb182c3d558da,True,1.0,1.0,0.8016513518503048,1.0,1.0,1.0,0.9173547299376269
2698,3d4616d64a4c5f53,True,0.0,0.0,0.0,0.0,1.0,1.0,0.0
2699,97b9989fa3675cab,True,1.0,1.0,1.0,1.0,1.0,1.0,1.0
2700,d618ac9cc53c573c,True,1.0,1.0,0.905737429766749,1.0,1.0,1.0,0.9607239290694788
2701,132ea05c88d355ca,True,1.0,1.0,0.8092420783151658,1.0,1.0,1.0,0.9205175326313192
2702,59a1d448fbdf53f6,True,1.0,1.0,1.0,1.0,1.0,1.0,1.0
2703,b156e8110afb5efd,True,1.0,0.0,0.0,1.0,1.0,0.0,0.0
2704,7d664c7260d45737,True,1.0,0.0,0.0,1.0,1.0,1.0,0.0
2705,c968e1d258265a2b,True,1.0,1.0,1.0,1.0,1.0,1.0,1.0
2706,2a5fea3ae25e5cdd,True,1.0,1.0,1.0,1.0,1.0,1.0,1.0
2707,5209e1f6a97e592a,True,0.0,1.0,0.0,0.0,1.0,1.0,0.0
2708,ccfe1da323ed53a9,True,1.0,0.0,0.0,1.0,1.0,1.0,0.0
2709,e02f26d0eb0152e3,True,1.0,1.0,0.984200887180332,1.0,1.0,1.0,0.9934170363251384
2710,cdfc50d75d0c56df,True,1.0,1.0,1.0,1.0,1.0,1.0,1.0
2711,1801a3d3fffc57f5,True,1.0,1.0,0.6402998628998069,1.0,1.0,1.0,0.8501249428749196
2712,f638ae3f35d25d55,True,1.0,1.0,1.0,0.0,1.0,1.0,0.5833333333333334
2713,d10c269610375646,True,1.0,1.0,1.0,1.0,1.0,1.0,1.0
2714,639c2678cce95d68,True,1.0,1.0,1.0,0.0,1.0,1.0,0.5833333333333334
2715,9f4c04b7214b52a8,True,1.0,1.0,1.0,0.0,1.0,1.0,0.5833333333333334
2716,8164612a623156ae,True,1.0,1.0,1.0,1.0,1.0,1.0,1.0
2717,3ef30aa787de56fa,True,1.0,1.0,1.0,1.0,1.0,1.0,1.0
2718,912bc19c43a15d8d,True,1.0,1.0,0.8251284765592698,1.0,1.0,1.0,0.9271368652330292
2719,9464277f29025ad8,True,1.0,0.0,0.0,1.0,1.0,1.0,0.0
2720,fa919203c245502d,True,1.0,1.0,0.8126926117195195,1.0,1.0,1.0,0.9219552548831332
2721,12f96c65436e56bf,True,1.0,1.0,0.7320357639330505,1.0,1.0,1.0,0.8883482349721042
2722,98b148d419725caa,True,1.0,1.0,0.5199791852137736,1.0,1.0,1.0,0.7999913271724056
2723,02d9591fc6de53c8,True,1.0,1.0,0.8708447054223846,1.0,1.0,1.0,0.9461852939259936
2724,1809a28a46465129,True,1.0,1.0,1.0,1.0,1.0,1.0,1.0
2725,f2e0d7e15fa253f0,True,1.0,1.0,0.8529847837476497,1.0,1.0,1.0,0.938743659894854
2726,35fa5481e4de5703,True,1.0,1.0,0.8094161661695342,1.0,1.0,1.0,0.9205900692373059
2727,83212ddd15375812,True,1.0,1.0,1.0,1.0,1.0,1.0,1.0
2728,051d26c01f3653ba,True,1.0,1.0,0.7561253695902037,1.0,1.0,1.0,0.898385570662585
2729,15715849d362599e,True,1.0,1.0,0.7537116777052871,1.0,1.0,1.0,0.8973798657105364
2730,5a8a6c9d92935076,True,1.0,1.0,1.0,1.0,1.0,1.0,1.0
2731,505e82147a375933,True,0.0,1.0,0.0,0.0,1.0,1.0,0.0
2732,238955ab60075940,True,1.0,1.0,0.859093563762897,1.0,1.0,1.0,0.941288984901207
2733,291d82d04ec359e0,True,1.0,1.0,0.7532372170232465,1.0,1.0,1.0,0.897182173759686
2734,944eece37ff15fa1,True,0.0,1.0,0.0,0.0,1.0,1.0,0.0
2735,bc1a3b9fa4ca5000,True,1.0,1.0,0.9928332601842265,1.0,1.0,1.0,0.9970138584100944
2736,7291b74b016d5672,True,1.0,1.0,1.0,1.0,1.0,1.0,1.0
2737,b318cf82212f5443,True,1.0,1.0,0.739115543568616,1.0,1.0,1.0,0.8912981431535899
2738,072471bece365f16,True,1.0,1.0,0.8487637252397583,1.0,1.0,1.0,0.936984885516566
2739,862e27b57f9d50ac,True,1.0,1.0,0.944313954487531,1.0,1.0,1.0,0.9767974810364711
2740,b934233d0ea6536b,True,1.0,1.0,1.0,1.0,1.0,1.0,1.0
2741,42b4245406ee5ab8,True,1.0,1.0,0.7932638691004601,0.0,1.0,1.0,0.49719327879185843
2742,2e883a72b2895d7c,True,1.0,1.0,1.0,1.0,1.0,1.0,1.0
2743,488dd191f7dc59a8,True,0.0,1.0,0.0,0.0,1.0,0.5,0.0
2744,6dd2d5f52cc55546,True,1.0,1.0,0.9873581519231043,1.0,1.0,1.0,0.9947325633012934
2745,847ac59d6cce5bc4,True,1.0,1.0,0.7940926832126134,1.0,1.0,1.0,0.9142052846719223
2746,61573a0820cc553a,True,1.0,1.0,0.7307194312495905,1.0,1.0,1.0,0.8877997630206628
2747,28113a97a08b5ff1,True,1.0,1.0,1.0,1.0,1.0,1.0,1.0
2748,9f528c7bfca6509b,True,1.0,0.0,0.0,1.0,1.0,0.5,0.0
2749,3e41024d080454b5,True,0.0,0.0,0.0,0.0,1.0,0.0,0.0
2750,2e586c7da7c55eb3,True,1.0,1.0,1.0,0.0,1.0,1.0,0.5833333333333334
2751,bf1370df23cf5118,True,1.0,1.0,0.8906694823580578,0.0,1.0,1.0,0.537778950982524
2752,436728a1202a5ae6,True,1.0,1.0,0.7992015066613513,1.0,1.0,1.0,0.9163339611088963
2753,ea9f070b56115301,True,1.0,1.0,0.9523829518334367,1.0,1.0,1.0,0.9801595632639319
2754,7752ef9225b65783,True,0.0,1.0,0.0,0.0,1.0,1.0,0.0
2755,5328fe5eba6e5d30,True,1.0,1.0,1.0,1.0,1.0,1.0,1.0
2756,83f9ceae9dad56d9,True,1.0,1.0,0.5647259008402031,1.0,1.0,1.0,0.8186357920167513
2757,5c9d51dc830453c5,True,1.0,1.0,0.8091004526145816,1.0,1.0,1.0,0.9204585219227424
2758,72a43a590e3758f8,True,1.0,0.0,0.0,1.0,1.0,1.0,0.0
2759,9157afe90f035621,True,1.0,1.0,1.0,1.0,1.0,1.0,1.0
2760,b462af5600bf5f88,True,1.0,1.0,1.0,1.0,1.0,1.0,1.0
2761,4d2d174465585abf,True,1.0,1.0,1.0,1.0,1.0,1.0,1.0
2762,52c6827af61d5b87,True,1.0,1.0,1.0,1.0,1.0,1.0,1.0
2763,3f6732f66f695405,True,1.0,0.0,0.0,1.0,1.0,1.0,0.0
2764,43c8e05e697f5abe,True,1.0,1.0,1.0,1.0,1.0,1.0,1.0
2765,b5e7acb62778580b,True,1.0,1.0,0.949655530212786,1.0,1.0,1.0,0.9790231375886608
2766,36e1ce5794595e73,True,0.0,1.0,0.0,0.0,1.0,1.0,0.0
2767,3bf245d895b25ec0,True,1.0,1.0,1.0,0.0,1.0,1.0,0.5833333333333334
2768,2836705e16ba5691,True,1.0,0.0,0.0,1.0,1.0,1.0,0.0
2769,d66904f908405550,True,1.0,1.0,1.0,1.0,1.0,1.0,1.0
2770,535d4220196452ed,True,1.0,0.0,0.0,1.0,1.0,0.5,0.0
2771,0b9a48e2b0d351b9,True,0.0,0.0,0.0,0.0,1.0,0.0,0.0
2772,95005e9d60b05d1d,True,1.0,1.0,0.9444596300693073,0.0,1.0,1.0,0.560191512528878
2773,1cffb22700735548,True,1.0,1.0,1.0,1.0,1.0,1.0,1.0
2774,00137a5ce92d591c,True,1.0,0.0,0.0,1.0,1.0,1.0,0.0
2775,a7f3d88fe5e5534e,True,1.0,1.0,0.9197878997143444,1.0,1.0,1.0,0.9665782915476435
2776,75f9d978b4d757a2,True,1.0,1.0,0.7370482172995518,1.0,1.0,1.0,0.8904367572081466
2777,7e238e859ebb5720,True,1.0,1.0,0.898041455109684,1.0,1.0,1.0,0.9575172729623684
2778,12ca80cc0d575578,True,1.0,1.0,1.0,1.0,1.0,1.0,1.0
2779,7755fb23f28f5b2f,True,1.0,0.0,0.0,1.0,1.0,0.0,0.0
2780,f980b34746d45868,True,1.0,1.0,0.9636578043519549,1.0,1.0,1.0,0.9848574184799812
2781,93512ae1de725307,True,1.0,1.0,1.0,1.0,1.0,1.0,1.0
2782,d7f6204c325d53fe,True,1.0,0.0,0.0,0.0,1.0,1.0,0.0
2783,276396e455bb57b5,True,1.0,0.0,0.0,1.0,1.0,1.0,0.0
2784,c928d5d9ddc25082,True,1.0,1.0,0.9756270239578163,1.0,1.0,1.0,0.9898445933157568
2785,8a02c25b58bb5a2b,True,1.0,1.0,1.0,1.0,1.0,1.0,1.0
2786,7c62648ff8a25812,True,1.0,1.0,0.8661726546324173,1.0,1.0,1.0,0.9442386060968406
2787,88e453ca4644586f,True,1.0,0.0,0.0,1.0,1.0,1.0,0.0
2788,f2644280215250cd,True,1.0,1.0,0.8615362509462613,1.0,1.0,1.0,0.9423067712276089
2789,bda5925fd37a5818,True,1.0,1.0,1.0,1.0,1.0,1.0,1.0
2790,94e8a92d53635c38,True,1.0,1.0,1.0,1.0,1.0,1.0,1.0
2791,c98ef0c5c89c51d6,True,1.0,0.0,0.0,1.0,1.0,0.0,0.0
2792,927aa2c8ef7d5b5c,True,0.0,1.0,0.0,0.0,1.0,1.0,0.0
2793,ddc904ff3be05595,True,1.0,1.0,0.896238441774238,1.0,1.0,1.0,0.9567660174059324
2794,70ce3fce14785ae5,True,1.0,1.0,0.9755262401325423,1.0,1.0,1.0,0.989802600055226
2795,ad7d51bd1b7055ca,True,1.0,1.0,0.7275168178979793,1.0,1.0,1.0,0.8864653407908247
2796,65130561cbfb567a,True,1.0,1.0,0.7759477020732964,1.0,1.0,1.0,0.9066448758638735
2797,1082d34008e05df4,True,0.0,0.0,0.0,0.0,1.0,1.0,0.0
2798,5e5b6eaacd3f5bdd,True,0.0,1.0,0.0,0.0,1.0,0.0,0.0
2799,69bcdc8c577252f4,True,0.0,1.0,0.0,0.0,1.0,1.0,0.0
2800,313a7a6feb1c5490,True,1.0,0.0,0.0,1.0,1.0,1.0,0.0
2801,248288deae795ad8,True,1.0,1.0,0.865921712905623,1.0,1.0,1.0,0.9441340470440096
2802,bc8d053770cf5449,True,0.0,1.0,0.0,0.0,1.0,1.0,0.0
2803,d94a8579682651b4,True,1.0,1.0,1.0,1.0,1.0,1.0,1.0
2804,7f54c08f50ef5ace,True,1.0,1.0,0.9162594441630494,1.0,1.0,1.0,0.965108101734604
2805,9a6489254d5f5577,True,1.0,1.0,0.8518424489820193,1.0,1.0,1.0,0.9382676870758413
2806,a7fb000f96b35f94,True,1.0,1.0,1.0,1.0,1.0,1.0,1.0
2807,7bb27993dd475c3d,True,1.0,1.0,1.0,1.0,1.0,1.0,1.0
2808,fcb45b2aa29356d9,True,1.0,1.0,1.0,1.0,1.0,1.0,1.0
2809,b4176d2246d452ea,True,1.0,1.0,1.0,1.0,1.0,1.0,1.0
2810,8ed81a3cabde5dcf,True,1.0,1.0,0.8432953056648876,1.0,1.0,1.0,0.9347063773603699
2811,fc1b6762387f5209,True,0.0,1.0,0.0,0.0,1.0,1.0,0.0
2812,15bfed200b0d570e,True,1.0,1.0,0.758146455716887,1.0,1.0,1.0,0.8992276898820363
2813,f42bdbb0a30c5854,True,1.0,1.0,1.0,1.0,1.0,1.0,1.0
2814,33e37f9d760a56b1,True,1.0,1.0,0.8641537956956873,1.0,1.0,1.0,0.943397414873203
2815,08b1894421c455ed,True,1.0,1.0,1.0,1.0,1.0,1.0,1.0
2816,2313aa310e16503d,True,1.0,1.0,1.0,1.0,1.0,1.0,1.0
2817,1a8da8e47d235dbe,True,1.0,1.0,0.937215757598091,1.0,1.0,1.0,0.9738398989992044
2818,1faa29a936cd5277,True,1.0,0.0,0.0,1.0,1.0,1.0,0.0
2819,4300f964edbd5ce4,True,1.0,1.0,1.0,1.0,1.0,1.0,1.0
2820,155c42ad43525252,True,1.0,1.0,0.7846382307315967,1.0,1.0,1.0,0.9102659294714986
2821,e4f34d35c8fd5fd2,True,1.0,1.0,0.6066158543883627,1.0,1.0,1.0,0.8360899393284845
2822,46a9bf6f100c5e0a,True,0.0,1.0,0.0,0.0,1.0,1.0,0.0
2823,fe9e76e6cac35fba,True,0.0,1.0,0.0,0.0,1.0,0.5,0.0
2824,b5be372c45f05a96,True,1.0,1.0,0.7417150294133896,1.0,1.0,1.0,0.892381262255579
2825,1a1f73871bea5afa,True,1.0,1.0,0.7264146141939108,1.0,1.0,1.0,0.8860060892474628
2826,896f25f6f25e52e0,True,1.0,1.0,0.9591774738668896,1.0,1.0,1.0,0.982990614111204
2827,f1d33f8016b153ef,True,0.0,1.0,0.0,0.0,1.0,0.5,0.0
2828,19488eb3301f5d26,True,1.0,1.0,0.781282683854695,1.0,1.0,1.0,0.9088677849394563
2829,223cdeaddc525446,True,0.0,0.0,0.0,0.0,1.0,0.5,0.0
2830,741d60ca8b7b5cb4,True,0.0,1.0,0.0,0.0,1.0,1.0,0.0
2831,78a50eb4d40e5ffa,True,1.0,1.0,0.6926881134932497,1.0,1.0,1.0,0.8719533806221874
2832,70428e7a613e55cc,True,1.0,1.0,0.9564226888656732,1.0,1.0,1.0,0.9818427870273639
2833,f5d8dc03a0555cdc,True,1.0,1.0,0.8702469074535026,1.0,1.0,0.5,0.9459362114389593
2834,50ab222cd07b5bcd,True,0.0,1.0,0.0,0.0,1.0,1.0,0.0
2835,b95ff3bc9cf45e47,True,1.0,1.0,0.7424119927330073,1.0,1.0,1.0,0.8926716636387532
2836,2de3f6af0a69509d,True,1.0,1.0,0.9128258386919073,1.0,1.0,1.0,0.9636774327882947
2837,de0726643f515304,True,1.0,1.0,0.8554262846228772,1.0,1.0,1.0,0.9397609519261989
2838,fa3c2377e39c52e3,True,1.0,1.0,0.9391097632036235,1.0,1.0,1.0,0.9746290680015098
2839,abdc7a57df4a56cd,True,1.0,1.0,1.0,1.0,1.0,1.0,1.0
2840,eba929a6772254e4,True,1.0,1.0,0.8859740569478546,1.0,1.0,0.0,0.9524891903949394
2841,6ffc117437175255,True,1.0,1.0,0.7428031723225517,1.0,1.0,1.0,0.8928346551343965
2842,cc8b8b4ae726592a,True,1.0,1.0,1.0,1.0,1.0,1.0,1.0
2843,e6a94b91b19f5315,True,1.0,1.0,1.0,1.0,1.0,1.0,1.0
2844,59c3714116c25a7c,True,1.0,0.0,0.0,0.0,1.0,1.0,0.0
2845,eb2304df049d5ce3,True,1.0,1.0,1.0,1.0,1.0,1.0,1.0
2846,ef4e7ef102395420,True,1.0,1.0,1.0,1.0,1.0,1.0,1.0
2847,c0a12f1497045322,True,1.0,1.0,0.8968296741637874,1.0,1.0,1.0,0.9570123642349114
2848,cc063cc1396551a6,True,1.0,1.0,0.8945469562249939,1.0,1.0,1.0,0.9560612317604141
2849,cba43d02cf795a0f,True,1.0,1.0,0.9387880490753434,1.0,1.0,1.0,0.9744950204480597
2850,159ec1accaf55d3f,True,1.0,1.0,0.9054346693314979,1.0,1.0,1.0,0.9605977788881241
2851,71629f355b5e5b19,True,1.0,0.0,0.0,1.0,1.0,1.0,0.0
2852,be63913f07ee5245,True,1.0,1.0,0.7495043099418658,1.0,1.0,0.5,0.8956267958091108
2853,4f8d9bfa869553bb,True,1.0,1.0,1.0,0.0,1.0,0.0,0.5833333333333334
2854,0eb28cf3dad95c46,True,1.0,1.0,1.0,1.0,1.0,1.0,1.0
2855,e2fe44045eac5b89,True,1.0,1.0,0.8879694625128979,1.0,1.0,1.0,0.953320609380374
2856,8a2c1d34f9df5213,True,1.0,1.0,1.0,1.0,1.0,1.0,1.0
2857,24e453c47f635ae2,True,1.0,1.0,0.7524961670476068,1.0,1.0,1.0,0.8968734029365028
2858,35e9a9cf7fb85962,True,1.0,1.0,0.7063925534182025,1.0,1.0,1.0,0.877663563924251
2859,db29291cd4ee5499,True,1.0,1.0,1.0,1.0,1.0,1.0,1.0
2860,c5727dc4f8665554,True,0.0,1.0,0.0,0.0,1.0,1.0,0.0
2861,c404e4b4b7a455d3,True,0.0,1.0,0.0,0.0,1.0,1.0,0.0
2862,2e2cc58c9aa450e7,True,1.0,1.0,0.7301109078975654,1.0,1.0,1.0,0.8875462116239855
2863,23f357c023c2584f,True,1.0,1.0,0.5530011858844139,1.0,1.0,1.0,0.8137504941185059
2864,b27841ee318f5d92,True,1.0,1.0,0.9751385442908678,1.0,1.0,1.0,0.9896410601211949
2865,866fab78f1da518b,True,1.0,1.0,0.7611374957418221,1.0,1.0,1.0,0.9004739565590926
2866,22642c0ae9605891,True,1.0,1.0,0.9189447626572159,1.0,1.0,1.0,0.9662269844405067
2867,4a46ef99ddf55b8d,True,1.0,0.0,0.0,1.0,1.0,1.0,0.0
2868,a8da6565d00e514a,True,1.0,1.0,0.7866262916983073,1.0,1.0,0.5,0.9110942882076282
2869,af58d13139de5d3f,True,1.0,1.0,0.8061880689681905,1.0,1.0,1.0,0.9192450287367461
2870,ea3b45489faf5c70,True,1.0,0.0,0.0,1.0,1.0,1.0,0.0
2871,196375ae13835990,True,1.0,1.0,1.0,1.0,1.0,1.0,1.0
2872,12d4637822bb5f19,True,1.0,1.0,0.8447791685775706,1.0,1.0,1.0,0.9353246535739878
2873,993d17cce2685b9a,True,1.0,0.0,0.0,1.0,1.0,1.0,0.0
2874,fac7dc214370509e,True,1.0,1.0,0.6243117234735185,1.0,1.0,1.0,0.843463218113966
2875,4332fab190e05b95,True,1.0,1.0,1.0,1.0,1.0,1.0,1.0
2876,d81c4398a40b52b9,True,1.0,1.0,0.9311853980068108,1.0,1.0,1.0,0.9713272491695045
2877,cfb755b8d37458ac,True,1.0,1.0,0.8653271530077529,0.0,1.0,0.5,0.5272196470865637
2878,71ae69a9499e559c,True,1.0,0.0,0.0,1.0,1.0,0.0,0.0
2879,773ae953dba953b4,True,1.0,0.0,0.0,0.0,1.0,0.5,0.0
2880,0ac3823481f15815,True,1.0,1.0,0.7108137007637718,1.0,1.0,1.0,0.8795057086515716
2881,14b270ee5a395ea9,True,1.0,1.0,0.8945892365008673,1.0,1.0,1.0,0.9560788485420281
2882,7780e502545a5df7,True,1.0,1.0,0.7827258822072224,1.0,1.0,1.0,0.9094691175863426
2883,11182f26946650bd,True,1.0,1.0,0.47792009558403026,1.0,1.0,1.0,0.7824667064933459
2884,9bfa838de21f5d25,True,1.0,1.0,0.5668807567847302,1.0,1.0,0.0,0.8195336486603043
2885,f7a474593242588b,True,1.0,1.0,0.9547254290434701,1.0,1.0,1.0,0.9811355954347792
2886,313756e5fc655c0e,True,1.0,1.0,1.0,0.0,1.0,1.0,0.5833333333333334
2887,3257b4f1ac7e5b62,True,0.0,1.0,0.0,0.0,1.0,1.0,0.0
2888,8ec53979117552c7,True,1.0,1.0,0.7489082354426894,1.0,1.0,1.0,0.895378431434454
2889,2e5997dafce45eb2,True,1.0,1.0,0.7052182214948793,1.0,1.0,1.0,0.8771742589561997
2890,45e6bebee4305fb6,True,1.0,1.0,0.8010138096805736,1.0,1.0,1.0,0.9170890873669056
2891,bcf76bb937d35be9,True,1.0,1.0,1.0,1.0,1.0,1.0,1.0
2892,bf896d504b4356c7,True,1.0,1.0,0.47723021124291315,1.0,1.0,1.0,0.7821792546845471
2893,ac808bd1bfac5425,True,1.0,1.0,0.9539622347325369,1.0,1.0,1.0,0.9808175978052237
2894,4acd373578e357d1,True,1.0,1.0,0.6420352351945835,1.0,1.0,1.0,0.8508480146644098
2895,d25b6512a43f5e54,True,1.0,1.0,0.8933821805467055,0.0,1.0,1.0,0.5389092418944607
2896,cd89b212efe9585a,True,1.0,1.0,1.0,1.0,1.0,1.0,1.0
2897,4b6430ca30c45a3c,True,1.0,1.0,0.7214882668976101,1.0,1.0,1.0,0.8839534445406709
2898,f24100a519ef5940,True,1.0,1.0,0.914038129104579,1.0,1.0,1.0,0.9641825537935746
2899,e83be8437b0c5862,True,1.0,1.0,1.0,1.0,1.0,1.0,1.0
2900,87a7a9f8aa325467,True,1.0,1.0,1.0,1.0,1.0,1.0,1.0
2901,b5b7e0338624532b,True,0.0,1.0,0.0,0.0,1.0,1.0,0.0
2902,536e9526257a57f2,True,1.0,1.0,0.9112995014459894,1.0,1.0,1.0,0.9630414589358289
2903,57fa478b9b1e5de3,True,1.0,1.0,1.0,1.0,1.0,1.0,1.0
2904,9104884bcb915c08,True,1.0,1.0,0.9149533173348836,1.0,1.0,1.0,0.9645638822228682
2905,b02be1e28abb59f1,True,1.0,1.0,0.7352509808861749,1.0,1.0,1.0,0.8896879087025727
2906,2ca33fd04f805478,True,0.0,1.0,0.0,0.0,1.0,1.0,0.0
2907,80d8679b8c215769,True,1.0,1.0,1.0,1.0,1.0,1.0,1.0
2908,31aa58748e2c5495,True,1.0,1.0,1.0,1.0,1.0,1.0,1.0
2909,67c138fc9ac459b5,True,1.0,0.0,0.0,1.0,1.0,1.0,0.0
2910,5ad705654fd3547d,True,1.0,1.0,0.8072525705478393,1.0,1.0,1.0,0.9196885710615996
2911,e55bd804e572502a,True,0.0,1.0,0.0,0.0,1.0,1.0,0.0
2912,b00afb2388cd5007,True,1.0,1.0,1.0,0.0,1.0,1.0,0.5833333333333334
2913,674e6f0f529a51f7,True,0.5,1.0,0.400205789215116,0.0,1.0,1.0,0.16670953941981584
2914,6d2b59f78d995d9c,True,1.0,1.0,1.0,1.0,1.0,1.0,1.0
2915,77919997d5c352d8,True,1.0,1.0,1.0,1.0,1.0,1.0,1.0
2916,b664ff6d2c185e31,True,1.0,1.0,1.0,1.0,1.0,1.0,1.0
2917,efc8eef1e7b551d9,True,0.0,1.0,0.0,0.0,1.0,1.0,0.0
2918,778219f3cac65d35,True,1.0,1.0,0.5206586838026668,1.0,1.0,1.0,0.8002744515844444
2919,7b13f467f23c5a2b,True,0.0,1.0,0.0,0.0,1.0,1.0,0.0
2920,3debd3d86b5850dd,True,1.0,1.0,1.0,1.0,1.0,1.0,1.0
2921,39147f08f4645365,True,1.0,1.0,0.9404500618771952,1.0,1.0,1.0,0.9751875257821646
2922,cb61b4237ad25a7c,True,1.0,1.0,0.8637764925926908,1.0,1.0,1.0,0.9432402052469545
2923,8790ecedb8ac580e,True,1.0,1.0,1.0,0.0,1.0,1.0,0.5833333333333334
2924,3e44ba1b6a675c54,True,1.0,1.0,0.7573124508018254,1.0,1.0,1.0,0.8988801878340938
2925,e67729beeaa95c34,True,1.0,1.0,1.0,1.0,1.0,1.0,1.0
2926,484b6d9a28f350bd,True,1.0,1.0,0.7917045891746427,1.0,1.0,1.0,0.9132102454894344
2927,9a524d13e6795a95,True,1.0,1.0,0.9125973399538937,1.0,1.0,1.0,0.9635822249807889
2928,eb890bda8eb75f6c,True,1.0,0.0,0.0,1.0,1.0,1.0,0.0
2929,647a42b4e5075f16,True,1.0,1.0,0.9778736491667487,1.0,1.0,1.0,0.990780687152812
2930,3d6703caa0c951a8,True,1.0,1.0,0.8697674677660159,1.0,1.0,1.0,0.9457364449025066
2931,93d5e0dd29bc5e7c,True,1.0,0.0,0.0,0.0,1.0,1.0,0.0
2932,eb7ed87b4ef65273,True,1.0,1.0,1.0,1.0,1.0,1.0,1.0
2933,a61b9afbe5d857b1,True,1.0,1.0,0.8814642530754331,1.0,1.0,1.0,0.9506101054480971
2934,55bd10ac74585a12,True,1.0,1.0,1.0,0.0,1.0,1.0,0.5833333333333334
2935,d532c0b3a43a52dc,True,1.0,1.0,0.9258830025296065,1.0,1.0,1.0,0.9691179177206694
2936,c962887d22e95f88,True,1.0,1.0,1.0,1.0,1.0,1.0,1.0
2937,22a3a112a0485c4c,True,1.0,1.0,1.0,1.0,1.0,1.0,1.0
2938,4faa4706a50958e2,True,1.0,1.0,0.42939113622098946,1.0,1.0,1.0,0.7622463067587456
2939,562f38636f975be4,True,1.0,1.0,1.0,1.0,1.0,1.0,1.0
2940,efb87bb3ff675f08,True,1.0,0.0,0.0,0.0,1.0,0.0,0.0
2941,ac07a96cae965e88,True,1.0,1.0,1.0,1.0,1.0,1.0,1.0
2942,85c0017516e95fdc,True,1.0,1.0,0.8973674809313849,1.0,1.0,1.0,0.957236450388077
2943,ff83944cb2845479,True,1.0,1.0,0.7675337853663682,1.0,1.0,1.0,0.9031390772359867
2944,1ab2fedfbb4b5c2f,True,1.0,1.0,1.0,0.0,1.0,1.0,0.5833333333333334
2945,d37e71f395695c6f,True,1.0,1.0,0.8148083114485678,1.0,1.0,1.0,0.9228367964369033
2946,248a920cf01751f1,True,1.0,1.0,1.0,1.0,1.0,1.0,1.0
2947,31cda9ad4b8257b9,True,1.0,1.0,0.8716074979506067,1.0,1.0,1.0,0.9465031241460862
2948,96c8893a610b51ba,True,1.0,1.0,0.8257232055295243,1.0,1.0,1.0,0.927384668970635
2949,average,True,0.8891149542217701,0.8280773143438453,0.6478120549623572,0.8121397083757206,0.9979654120040692,0.9075957951848084,0.6782687258825448
