,token,valid,no_at_fault_collisions,drivable_area_compliance,ego_progress,time_to_collision_within_bound,comfort,driving_direction_compliance,score
0,352fabb819b95d6c,True,1.0,1.0,0.5634803222232273,1.0,1.0,1.0,0.8181168009263446
1,3338ad25c2cc59d1,True,1.0,1.0,0.6147856140873696,1.0,1.0,1.0,0.8394940058697373
2,32e38b7677e15f69,True,1.0,1.0,0.902106877559902,1.0,1.0,1.0,0.9592111989832924
3,df044fb9c65c5d52,True,1.0,1.0,1.0,1.0,1.0,1.0,1.0
4,9d74f6f9b0a25c90,True,0.0,1.0,0.0,0.0,1.0,1.0,0.0
5,e704fb7745a75fd7,True,1.0,1.0,0.6003795258463265,1.0,1.0,1.0,0.8334914691026359
6,c169cf799b165800,True,1.0,1.0,0.5926861205337013,1.0,1.0,1.0,0.8302858835557089
7,701eca801b6f5ba9,True,1.0,1.0,1.0,1.0,1.0,1.0,1.0
8,179ca3af622e5e0d,True,1.0,1.0,0.8472078505703525,1.0,1.0,1.0,0.9363366044043135
9,f07e680e53135311,True,1.0,1.0,1.0,1.0,1.0,1.0,1.0
10,c8bf5f09438e5507,True,1.0,1.0,1.0,0.0,1.0,1.0,0.5833333333333334
11,a5f5f03bc998578d,True,1.0,1.0,0.982610572615271,1.0,1.0,1.0,0.9927544052563629
12,38d4aa43f5f25eeb,True,1.0,1.0,1.0,1.0,1.0,1.0,1.0
13,63ab092351905a60,True,1.0,1.0,0.9194607116040276,1.0,1.0,1.0,0.9664419631683449
14,ef7822ee7fa35042,True,1.0,1.0,0.8105404945207045,1.0,1.0,1.0,0.9210585393836269
15,bed7a2c445315bb7,True,1.0,0.0,0.0,1.0,1.0,1.0,0.0
16,8704f4971e305ed3,True,1.0,1.0,1.0,1.0,1.0,1.0,1.0
17,ed98d12e4c99536d,True,1.0,1.0,1.0,1.0,1.0,0.5,1.0
18,c0e14f1288ca5066,True,0.0,0.0,0.0,0.0,1.0,0.0,0.0
19,230ab732c0d65fb3,True,1.0,1.0,1.0,1.0,1.0,1.0,1.0
20,8e9f743d92c05d10,True,1.0,1.0,1.0,1.0,1.0,1.0,1.0
21,24567f5ad57455c4,True,1.0,1.0,1.0,1.0,1.0,1.0,1.0
22,10b9d1b254f35a74,True,1.0,1.0,0.6218022205322609,1.0,1.0,1.0,0.842417591888442
23,23d0ae8aedf8537b,True,1.0,1.0,0.9710287438821389,1.0,1.0,1.0,0.9879286432842246
24,b3a00387265a5cdc,True,1.0,1.0,1.0,1.0,1.0,1.0,1.0
25,f3512ae175b45844,True,1.0,1.0,1.0,1.0,1.0,1.0,1.0
26,05d0a1a763fc5334,True,1.0,1.0,1.0,1.0,1.0,1.0,1.0
27,862e27b57f9d50ac,True,1.0,1.0,0.9035897171695477,1.0,1.0,1.0,0.9598290488206449
28,f205efb84def5cc8,True,1.0,0.0,0.0,1.0,1.0,0.5,0.0
29,2b5dabfa534156c0,True,1.0,1.0,0.8558075151259236,1.0,1.0,1.0,0.9399197979691348
30,d20659149c14557c,True,0.5,1.0,0.9104380005419008,0.0,1.0,1.0,0.27300791677956265
31,7d664c7260d45737,True,1.0,0.0,0.0,1.0,1.0,1.0,0.0
32,f40843145ae35cd8,True,1.0,1.0,0.5126798334253042,1.0,1.0,0.5,0.7969499305938768
33,54c208abe15c56e5,True,1.0,1.0,1.0,1.0,1.0,1.0,1.0
34,0af3e039185d57f3,True,0.0,1.0,0.0,0.0,1.0,1.0,0.0
35,6d2b59f78d995d9c,True,1.0,1.0,1.0,1.0,1.0,1.0,1.0
36,a30baeb5294658b3,True,1.0,1.0,0.8357007987415477,1.0,1.0,1.0,0.931541999475645
37,113d448b6ea8555c,True,1.0,1.0,1.0,1.0,1.0,1.0,1.0
38,ab6e020759565f9f,True,1.0,1.0,0.768199641660142,1.0,1.0,1.0,0.9034165173583926
39,12177b43d67d51a7,True,1.0,1.0,1.0,1.0,1.0,1.0,1.0
40,55d6a50a401f52f7,True,1.0,1.0,0.8933547984919701,1.0,1.0,1.0,0.9555644993716541
41,02ff5ce64ad75584,True,1.0,1.0,0.8337660030174636,1.0,1.0,1.0,0.9307358345906098
42,be43454e5a4f5a2a,True,1.0,1.0,0.6789134333779557,1.0,1.0,1.0,0.8662139305741482
43,59c3714116c25a7c,True,1.0,0.0,0.0,1.0,1.0,1.0,0.0
44,4ed6b1b83e0c5bbe,True,1.0,1.0,0.5873196835668589,1.0,1.0,1.0,0.828049868152858
45,ad3d0b30c78355d4,True,1.0,1.0,0.8891415744052928,1.0,1.0,1.0,0.9538089893355387
46,f3e32c06633756e9,True,1.0,1.0,0.7515519588986006,1.0,1.0,1.0,0.8964799828744169
47,0a0d98c22d765e1e,True,1.0,1.0,0.5950762238349656,1.0,1.0,1.0,0.8312817599312355
48,e1209ca7050c5033,True,1.0,1.0,0.7299471474307142,1.0,1.0,1.0,0.8874779780961308
49,65caa24efb4556af,True,1.0,1.0,0.7609743937586632,1.0,1.0,1.0,0.900405997399443
50,222a07b15e165f6f,True,1.0,1.0,1.0,1.0,1.0,1.0,1.0
51,d22135cc2a13514f,True,1.0,1.0,1.0,1.0,1.0,1.0,1.0
52,d5b37b79dde85eb1,True,1.0,1.0,0.7178699454970063,1.0,1.0,1.0,0.8824458106237527
53,5ae0b5e6a95f5335,True,1.0,1.0,1.0,1.0,1.0,1.0,1.0
54,eab63019e1825aea,True,1.0,1.0,1.0,1.0,1.0,1.0,1.0
55,7c150adbe5225f20,True,1.0,1.0,0.9831641426450295,1.0,1.0,1.0,0.992985059435429
56,de0726643f515304,True,1.0,1.0,0.8317252650280412,1.0,1.0,1.0,0.9298855270950172
57,866edd106b555de6,True,1.0,1.0,0.7899652910204473,1.0,1.0,1.0,0.9124855379251864
58,a0f499d0aab45bab,True,1.0,1.0,1.0,1.0,1.0,1.0,1.0
59,a4ba9521736a59f9,True,1.0,0.0,0.0,1.0,1.0,1.0,0.0
60,d2f121776fd05b4b,True,1.0,1.0,1.0,1.0,1.0,1.0,1.0
61,1d3a143cf41f5d16,True,1.0,1.0,0.5972169169196031,1.0,1.0,1.0,0.8321737153831679
62,ba62104a517e5a9b,True,1.0,1.0,0.8647005593857352,1.0,1.0,1.0,0.9436252330773897
63,f51a75fadd695f06,True,1.0,1.0,0.7099363696601865,1.0,1.0,1.0,0.8791401540250776
64,4a55d9d08b7752e8,True,1.0,1.0,0.6394703557622837,1.0,1.0,1.0,0.8497793149009515
65,e849e6a954285f60,True,1.0,1.0,0.8967310841475731,1.0,1.0,1.0,0.9569712850614888
66,9157902936a456bf,True,1.0,1.0,1.0,1.0,1.0,1.0,1.0
67,aab09057df0a515d,True,1.0,1.0,0.8201524620430306,1.0,1.0,1.0,0.9250635258512627
68,be87511d69ba58e7,True,1.0,1.0,0.8614702476759436,1.0,1.0,1.0,0.9422792698649766
69,2d4b17f8d7585219,True,1.0,1.0,1.0,1.0,1.0,1.0,1.0
70,4bc96604c1c85606,True,1.0,1.0,1.0,1.0,1.0,0.5,1.0
71,34e7c93be2465f25,True,1.0,1.0,0.35262481975472476,1.0,1.0,1.0,0.7302603415644686
72,ddf3383ec8965d9b,True,1.0,1.0,0.806439739042648,1.0,1.0,1.0,0.9193498912677699
73,d25b6512a43f5e54,True,1.0,1.0,0.7905785573370528,1.0,1.0,1.0,0.9127410655571054
74,b1520b6af9705191,True,1.0,1.0,1.0,1.0,1.0,1.0,1.0
75,02b68b9cc51f506a,True,1.0,1.0,0.6820591570389766,1.0,1.0,1.0,0.8675246487662402
76,f1042fb26da2534a,True,1.0,1.0,0.8920461210201168,1.0,1.0,1.0,0.9550192170917153
77,b5c2d13e8d5c517a,True,1.0,1.0,0.8043910855452924,1.0,1.0,1.0,0.9184962856438718
78,956e3aa8415b5712,True,1.0,1.0,0.6074398876653488,1.0,1.0,1.0,0.8364332865272287
79,f34af4dbbbd35a23,True,1.0,1.0,0.9693999148752219,1.0,1.0,1.0,0.9872499645313425
80,9b0b6d3472465b35,True,1.0,1.0,1.0,1.0,1.0,1.0,1.0
81,8af2a66435ea565a,True,1.0,1.0,0.9324496090106622,1.0,1.0,1.0,0.9718540037544425
82,72779ff1ead25f44,True,1.0,1.0,0.7530205671375086,1.0,1.0,1.0,0.8970919029739619
83,b3de01e79b725ae4,True,1.0,1.0,0.917352883348143,1.0,1.0,1.0,0.9655637013950596
84,96f6cde1205e5865,True,1.0,1.0,0.7412357955821928,1.0,1.0,1.0,0.8921815814925803
85,e009079e2dc25bbf,True,1.0,1.0,0.9141678234666268,1.0,1.0,1.0,0.9642365931110946
86,f638ae3f35d25d55,True,0.0,1.0,0.0,0.0,1.0,1.0,0.0
87,7f0cb33eb150567e,True,1.0,1.0,1.0,1.0,1.0,1.0,1.0
88,5590042a1aaa5f92,True,1.0,1.0,0.984128770018165,1.0,1.0,1.0,0.9933869875075688
89,3ae409424da65443,True,1.0,1.0,1.0,1.0,1.0,1.0,1.0
90,f05325ffb9425a4b,True,1.0,1.0,1.0,1.0,1.0,1.0,1.0
91,25a3a5bc491d521b,True,1.0,1.0,0.8396439637796409,1.0,1.0,1.0,0.9331849849081837
92,14b270ee5a395ea9,True,1.0,1.0,0.9040266726896644,1.0,1.0,1.0,0.9600111136206935
93,134a3394c9b756d9,True,1.0,1.0,1.0,0.0,1.0,1.0,0.5833333333333334
94,e9a26f1753a85a88,True,1.0,1.0,1.0,1.0,1.0,1.0,1.0
95,39752b75d70d5458,True,1.0,1.0,1.0,1.0,1.0,1.0,1.0
96,45408d0676b7570c,True,1.0,1.0,1.0,1.0,1.0,1.0,1.0
97,8abfcd61303b52df,True,1.0,1.0,0.7211981394823365,1.0,1.0,1.0,0.8838325581176402
98,5a8a6c9d92935076,True,1.0,0.0,0.0,1.0,1.0,1.0,0.0
99,9b5cb743a4a4590b,True,1.0,1.0,1.0,1.0,1.0,0.0,1.0
100,708d081d555a5aa7,True,1.0,1.0,0.6891443446446133,1.0,1.0,1.0,0.8704768102685888
101,85c0017516e95fdc,True,1.0,1.0,0.9484258964438353,1.0,1.0,1.0,0.9785107901849314
102,6d7754fdda3a50a6,True,1.0,1.0,0.9747687580467912,1.0,1.0,1.0,0.9894869825194963
103,df7e2f19b3cc5ba6,True,1.0,1.0,1.0,1.0,1.0,1.0,1.0
104,342596d95a475bed,True,1.0,1.0,0.9921114372945641,1.0,1.0,0.5,0.9967130988727351
105,4201a91014c852a8,True,1.0,1.0,0.8313625944004795,1.0,1.0,1.0,0.9297344143335332
106,b814c5b773165d87,True,1.0,1.0,0.8939196329891456,1.0,1.0,1.0,0.9557998470788106
107,110bec4c6d2153d7,True,1.0,1.0,0.8639720477010848,1.0,1.0,1.0,0.9433216865421187
108,210a1c9ce3725a53,True,1.0,1.0,0.9337918530004043,1.0,1.0,1.0,0.9724132720835018
109,bf4fdfa51e215217,True,1.0,1.0,0.8359672100467512,1.0,1.0,1.0,0.9316530041861464
110,d4d21ecb8e4058e8,True,1.0,1.0,0.6075866162864575,1.0,1.0,1.0,0.8364944234526906
111,8d3c8a698ac65342,True,1.0,1.0,0.6634054066795936,1.0,1.0,1.0,0.859752252783164
112,b19f226d281e588a,True,1.0,0.0,0.0,1.0,1.0,1.0,0.0
113,deae4b3cac52513c,True,1.0,1.0,0.932260604107515,1.0,1.0,1.0,0.9717752517114646
114,fe0c83d70ca456ae,True,1.0,1.0,0.879919719206623,1.0,1.0,1.0,0.9499665496694263
115,a97ceb2edd0251f9,True,1.0,0.0,0.0,0.0,1.0,1.0,0.0
116,a1f35d4460345de8,True,1.0,1.0,1.0,1.0,1.0,1.0,1.0
117,c4fad4d040a75b90,True,1.0,0.0,0.0,1.0,1.0,1.0,0.0
118,ecb0765ba5c05fa3,True,1.0,1.0,0.9448038493444093,1.0,1.0,1.0,0.977001603893504
119,d39ff27c54d55ef1,True,1.0,1.0,0.9643427583347425,1.0,1.0,1.0,0.9851428159728094
120,c20652fc6a78529b,True,1.0,1.0,0.6739833715508833,1.0,1.0,1.0,0.8641597381462014
121,be63913f07ee5245,True,1.0,1.0,0.7648619645810943,1.0,1.0,0.5,0.9020258185754559
122,c3c6442b2f525269,True,1.0,1.0,0.9537911151369826,1.0,1.0,1.0,0.9807462979737428
123,1bdfacbfcff75c27,True,1.0,1.0,0.7288660434222968,1.0,1.0,1.0,0.8870275180926237
124,3a4e9626c9aa5fa0,True,1.0,1.0,0.960046758191137,1.0,1.0,1.0,0.9833528159129737
125,12ca80cc0d575578,True,1.0,1.0,1.0,1.0,1.0,1.0,1.0
126,659d1e0ce6cd5c97,True,1.0,1.0,0.397639743333652,1.0,1.0,1.0,0.7490165597223549
127,4efe0ad78b655ecd,True,1.0,0.0,0.0,1.0,1.0,1.0,0.0
128,a90317c305c3505a,True,1.0,1.0,0.8543452862175631,1.0,1.0,1.0,0.9393105359239846
129,cb1d400e9da85f43,True,1.0,1.0,1.0,1.0,1.0,1.0,1.0
130,53414ba6577d5923,True,1.0,1.0,0.7136745737595722,1.0,1.0,1.0,0.8806977390664885
131,9f528c7bfca6509b,True,1.0,0.0,0.0,1.0,1.0,0.5,0.0
132,617ceb438e0d5324,True,1.0,1.0,1.0,1.0,1.0,1.0,1.0
133,08e03654c0ca5151,True,1.0,1.0,0.9942968522647855,1.0,1.0,1.0,0.9976236884436606
134,ce9ee9a68a4c5e93,True,1.0,1.0,1.0,1.0,1.0,1.0,1.0
135,ff4125f507e35f9b,True,1.0,1.0,0.7846639575340545,1.0,1.0,1.0,0.9102766489725228
136,ff76d319bd9558f9,True,1.0,1.0,1.0,1.0,1.0,1.0,1.0
137,39147f08f4645365,True,1.0,1.0,0.9404500618771952,1.0,1.0,1.0,0.9751875257821646
138,163c9ec0110e5384,True,1.0,1.0,0.7309859709612685,1.0,1.0,1.0,0.8879108212338619
139,6d93bbdab42255a9,True,1.0,1.0,1.0,1.0,1.0,1.0,1.0
140,2ec48f094e475d85,True,1.0,1.0,1.0,1.0,1.0,1.0,1.0
141,7e238e859ebb5720,True,0.0,1.0,0.0,0.0,1.0,0.0,0.0
142,f790e64181a15f5a,True,1.0,1.0,1.0,1.0,1.0,1.0,1.0
143,df534bbfbbba5b0c,True,1.0,1.0,1.0,1.0,1.0,1.0,1.0
144,e6e4e254f1c55405,True,1.0,1.0,0.7415931837463614,1.0,1.0,1.0,0.8923304932276506
145,98b148d419725caa,True,1.0,1.0,0.5322668659194569,1.0,1.0,1.0,0.805111194133107
146,5cd75b90a44e5a65,True,1.0,1.0,1.0,1.0,1.0,1.0,1.0
147,83b935eff1815935,True,1.0,1.0,0.9128824235383339,1.0,1.0,1.0,0.9637010098076392
148,ec02f065af405039,True,1.0,1.0,0.7629977502777675,1.0,1.0,1.0,0.9012490626157365
149,c8aeadf284a05f44,True,1.0,1.0,0.7035235439793603,1.0,1.0,1.0,0.8764681433247334
150,c90097f9ce775eab,True,1.0,1.0,0.7845485034619546,1.0,1.0,1.0,0.9102285431091478
151,36e3e0f9a589578d,True,1.0,1.0,0.7066300069654033,1.0,1.0,1.0,0.8777625029022514
152,2bc2525a4ee95ef4,True,1.0,1.0,1.0,1.0,1.0,1.0,1.0
153,3ff5c9a5bd155bb2,True,1.0,1.0,1.0,1.0,1.0,1.0,1.0
154,79c024b87e175129,True,1.0,1.0,0.9478278497732807,1.0,1.0,1.0,0.9782616040722004
155,094551eaba7351f5,True,1.0,0.0,0.0,1.0,1.0,0.0,0.0
156,8c554c3017d05e9b,True,1.0,1.0,0.8706513708439887,1.0,1.0,1.0,0.9461047378516619
157,89df824d0cfd525e,True,1.0,1.0,0.6902132259225945,1.0,1.0,1.0,0.8709221774677477
158,4334739a7f4e554e,True,1.0,1.0,1.0,1.0,1.0,1.0,1.0
159,bf0a29ccead65750,True,1.0,0.0,0.0,1.0,1.0,0.5,0.0
160,5f70e91ff9d250f5,True,1.0,1.0,0.7829803464291328,1.0,1.0,1.0,0.9095751443454719
161,1b01f89fe48355b6,True,1.0,1.0,0.6857399303591083,1.0,1.0,1.0,0.8690583043162952
162,5691c7c24fdd5e16,True,1.0,1.0,1.0,1.0,1.0,1.0,1.0
163,4a4316b978495bba,True,1.0,1.0,0.6807513910949744,1.0,1.0,1.0,0.8669797462895726
164,87a5fd24e88d5e0a,True,1.0,1.0,0.790382818039607,1.0,1.0,1.0,0.9126595075165028
165,b96ea08d168f5a3d,True,1.0,1.0,0.4889097569428365,1.0,1.0,1.0,0.7870457320595152
166,36b4b6d6e4745071,True,1.0,1.0,0.886158814366588,1.0,1.0,1.0,0.952566172652745
167,d31d38e1a2305147,True,0.5,1.0,0.3827770620422602,0.0,1.0,1.0,0.16307855459213752
168,1586b456d978588f,True,1.0,1.0,1.0,1.0,1.0,0.5,1.0
169,c665621fe4e455cb,True,1.0,1.0,0.583942759293775,1.0,1.0,1.0,0.8266428163724062
170,77919997d5c352d8,True,1.0,1.0,1.0,1.0,1.0,1.0,1.0
171,184ad79fb6555bf0,True,0.0,1.0,0.0,0.0,1.0,0.5,0.0
172,cd177406e5b056d6,True,1.0,1.0,0.8280737862150468,1.0,1.0,1.0,0.9283640775896028
173,043524c9126f5893,True,1.0,1.0,0.7048382385723848,1.0,1.0,1.0,0.8770159327384937
174,a6c24c9ca7335016,True,1.0,1.0,1.0,1.0,1.0,1.0,1.0
175,53834451cfa75fd0,True,1.0,1.0,0.782419524171885,1.0,1.0,1.0,0.9093414684049521
176,13da814cde3a525b,True,1.0,1.0,0.9421677052712443,1.0,1.0,1.0,0.9759032105296851
177,595596a88cce5c9d,True,1.0,1.0,0.7278750775819192,1.0,1.0,1.0,0.8866146156591329
178,ff7bf9054f4a5a4a,True,1.0,1.0,1.0,1.0,1.0,1.0,1.0
179,342982275eb15441,True,1.0,1.0,0.8024630811885222,1.0,1.0,1.0,0.9176929504952177
180,6fc4fc2702305dfa,True,1.0,1.0,1.0,0.0,1.0,1.0,0.5833333333333334
181,25cdf7dee0d25a66,True,1.0,1.0,1.0,1.0,1.0,1.0,1.0
182,2f421d857f32510e,True,1.0,1.0,0.9331948058916248,1.0,1.0,1.0,0.9721645024548436
183,154d0d1b363f5501,True,1.0,1.0,1.0,1.0,1.0,1.0,1.0
184,331a4a4334df5c34,True,1.0,1.0,0.6230394534227066,1.0,1.0,1.0,0.8429331055927944
185,4ac7a80ebf915458,True,1.0,1.0,0.8927359075011543,1.0,1.0,1.0,0.9553066281254811
186,46c8d578ddb55784,True,1.0,1.0,0.9235355213406968,1.0,1.0,1.0,0.9681398005586237
187,d5ea47f2ec1550b2,True,1.0,1.0,1.0,0.0,1.0,1.0,0.5833333333333334
188,87100d8379c158cc,True,1.0,1.0,1.0,1.0,1.0,1.0,1.0
189,2d8b8e77af38568f,True,1.0,0.0,0.0,1.0,1.0,1.0,0.0
190,e516528c577453a7,True,1.0,1.0,1.0,1.0,1.0,1.0,1.0
191,8cba6cacb16d5acc,True,1.0,1.0,1.0,1.0,1.0,1.0,1.0
192,0ba54149d1575f95,True,1.0,1.0,1.0,1.0,1.0,1.0,1.0
193,409ed084cde5554b,True,1.0,1.0,0.8214811912685024,1.0,1.0,1.0,0.9256171630285426
194,8ee3467219fc5c8a,True,1.0,1.0,0.6393881975623236,1.0,1.0,1.0,0.8497450823176349
195,64883fdea50b5b8c,True,1.0,1.0,0.9306001207886858,1.0,1.0,1.0,0.9710833836619525
196,7f890846214d583a,True,1.0,1.0,0.7273627604803832,1.0,1.0,1.0,0.8864011502001596
197,373707159e77583c,True,1.0,1.0,0.8995878757080309,1.0,1.0,1.0,0.9581616148783462
198,5cffd130ff2c510a,True,1.0,1.0,0.8077935340990753,1.0,1.0,1.0,0.9199139725412814
199,9ffd8ba0c7f75398,True,1.0,1.0,0.8097681531151598,1.0,1.0,1.0,0.92073673046465
200,7b281124be57507a,True,1.0,0.0,0.0,1.0,1.0,1.0,0.0
201,f8d3738f77c05163,True,1.0,1.0,0.8835298660166673,1.0,1.0,1.0,0.9514707775069446
202,b5be372c45f05a96,True,1.0,1.0,0.8175784075074305,1.0,1.0,1.0,0.923991003128096
203,b5271c19eef859ed,True,0.0,1.0,0.0,0.0,1.0,1.0,0.0
204,16d4141f073d52f1,True,1.0,0.0,0.0,1.0,1.0,1.0,0.0
205,7316c116f05d57a5,True,1.0,1.0,0.8856300536659136,1.0,1.0,0.5,0.9523458556941305
206,a452d968db965d77,True,0.0,1.0,0.0,0.0,1.0,1.0,0.0
207,a8ee480d197e56dd,True,1.0,1.0,1.0,1.0,1.0,1.0,1.0
208,45102df6530d59e8,True,1.0,1.0,0.9997362869597433,1.0,1.0,1.0,0.9998901195665596
209,00685a5276625b57,True,1.0,1.0,0.7556333345591403,1.0,1.0,1.0,0.8981805560663085
210,ad5284a6be715f10,True,1.0,1.0,0.6191798718487672,0.0,1.0,0.5,0.4246582799369863
211,927b73fea33f5218,True,1.0,1.0,0.8368373717484616,1.0,1.0,0.5,0.932015571561859
212,85b2b3fc929a5800,True,1.0,1.0,0.8776484612192259,1.0,1.0,1.0,0.9490201921746775
213,3067f3d3d5a75989,True,1.0,1.0,0.9296673568327998,1.0,1.0,1.0,0.9706947320136665
214,aacc2ed7ba2859c5,True,1.0,0.0,0.0,1.0,1.0,0.5,0.0
215,ccc2b2377fea5191,True,1.0,1.0,1.0,1.0,1.0,1.0,1.0
216,53c908f42e685998,True,1.0,1.0,1.0,1.0,1.0,1.0,1.0
217,351226f263825b4b,True,1.0,1.0,0.26265082931673367,1.0,1.0,1.0,0.6927711788819724
218,580b253c853c5ef9,True,1.0,1.0,1.0,1.0,1.0,1.0,1.0
219,002a52b0ed5650da,True,1.0,1.0,0.8143094105795012,1.0,1.0,1.0,0.9226289210747921
220,34bdecafedff5fdf,True,1.0,1.0,0.8972949240941719,1.0,1.0,1.0,0.9572062183725717
221,aace7a7aeaf75f2c,True,1.0,1.0,0.9519933235670073,1.0,1.0,1.0,0.9799972181529197
222,7ac633604a3c572d,True,1.0,1.0,1.0,1.0,1.0,1.0,1.0
223,e024bd23594b5a13,True,1.0,1.0,1.0,1.0,1.0,1.0,1.0
224,8b794f146fda58da,True,1.0,1.0,0.8486867870362734,1.0,1.0,1.0,0.9369528279317807
225,33c58e00f5805824,True,1.0,1.0,0.9475508031029409,1.0,1.0,1.0,0.9781461679595588
226,8b93118c77d25b5d,True,1.0,1.0,1.0,1.0,0.0,1.0,0.8333333333333334
227,fc39a399fd24554b,True,1.0,1.0,0.9993643922530842,1.0,1.0,1.0,0.9997351634387851
228,9fb8affb5c295640,True,1.0,1.0,0.8992259900438768,1.0,1.0,1.0,0.9580108291849486
229,221199c4bcef5e62,True,1.0,1.0,1.0,1.0,1.0,1.0,1.0
230,008d6e3394a65c1f,True,1.0,1.0,1.0,1.0,1.0,1.0,1.0
231,47ece51118f95d1d,True,1.0,1.0,1.0,1.0,1.0,1.0,1.0
232,8c2841e7cecf5047,True,1.0,1.0,0.8660762064286778,1.0,1.0,1.0,0.9441984193452825
233,50b72b9404da516c,True,1.0,1.0,1.0,1.0,1.0,1.0,1.0
234,c41b4666b98e5b92,True,1.0,1.0,1.0,1.0,1.0,1.0,1.0
235,03aa8a0576a25b63,True,1.0,1.0,0.7057157424876884,1.0,1.0,1.0,0.8773815593698702
236,81ac4c9af9ea5562,True,1.0,1.0,0.6076448796419198,1.0,1.0,1.0,0.8365186998508
237,bf1064685f045d97,True,1.0,1.0,0.7899870727212326,1.0,1.0,1.0,0.9124946136338469
238,3e44ba1b6a675c54,True,1.0,1.0,0.711916120349036,1.0,1.0,1.0,0.8799650501454317
239,b27bfe84cc545daa,True,1.0,1.0,0.9544881007048109,1.0,1.0,1.0,0.9810367086270046
240,28ecbec6051d5527,True,1.0,0.0,0.0,1.0,1.0,0.0,0.0
241,f77c053616475084,True,1.0,1.0,0.6329465469577623,1.0,1.0,1.0,0.847061061232401
242,fa545b09688957b8,True,1.0,1.0,0.9933118163857051,1.0,1.0,1.0,0.9972132568273772
243,6477d5ad590955ba,True,1.0,1.0,1.0,0.0,1.0,1.0,0.5833333333333334
244,0c0044f312655c94,True,1.0,1.0,0.6736764008710561,1.0,1.0,1.0,0.8640318336962732
245,61d8eb4fd2395520,True,1.0,1.0,0.6696904810273514,1.0,1.0,1.0,0.8623710337613965
246,ed8384b107d95d89,True,1.0,1.0,0.7553114537103414,1.0,1.0,1.0,0.8980464390459755
247,d20a475e7b1956bf,True,0.0,1.0,0.0,0.0,1.0,1.0,0.0
248,2abac20522fb5014,True,1.0,1.0,0.9745931177280822,1.0,1.0,1.0,0.9894137990533677
249,39fde97003dd540e,True,1.0,1.0,0.6616272958179886,1.0,1.0,1.0,0.8590113732574952
250,d9fdaff6c17659bc,True,1.0,1.0,0.8020173015161789,1.0,1.0,1.0,0.9175072089650745
251,fa937665dc4a5d08,True,1.0,1.0,1.0,1.0,1.0,1.0,1.0
252,e4f34d35c8fd5fd2,True,1.0,1.0,1.0,1.0,1.0,1.0,1.0
253,94693a54967757f6,True,1.0,1.0,1.0,1.0,1.0,1.0,1.0
254,2ccebcdb0da25be5,True,1.0,1.0,1.0,1.0,1.0,1.0,1.0
255,b7f1861bff9c514e,True,1.0,1.0,0.8452377795124607,1.0,1.0,1.0,0.9355157414635252
256,cfbf3f55398f5fc6,True,1.0,1.0,0.09081651086626154,1.0,1.0,1.0,0.6211735461942757
257,abb5501b10e65b19,True,1.0,1.0,1.0,1.0,1.0,1.0,1.0
258,6919975cab1c5345,True,1.0,0.0,0.0,1.0,1.0,1.0,0.0
259,61573a0820cc553a,True,1.0,1.0,0.6684637713546681,1.0,1.0,1.0,0.8618599047311117
260,56af8eae4788597f,True,1.0,1.0,1.0,1.0,1.0,1.0,1.0
261,1f2bbc5cb66b523a,True,0.0,1.0,0.0,0.0,1.0,1.0,0.0
262,b51815625ee05f75,True,1.0,1.0,1.0,1.0,1.0,1.0,1.0
263,515fefed28a65a88,True,1.0,1.0,0.7632548866031533,1.0,1.0,1.0,0.9013562027513139
264,5be861ae85a75b45,True,1.0,1.0,0.8705413062092996,1.0,1.0,1.0,0.9460588775872081
265,927222aceeaa52bb,True,1.0,0.0,0.0,0.0,1.0,1.0,0.0
266,35cf51dd13d559c0,True,1.0,0.0,0.0,1.0,1.0,1.0,0.0
267,f1def9ef86125c39,True,1.0,1.0,1.0,1.0,1.0,1.0,1.0
268,dbba0a418817539e,True,1.0,1.0,0.7301145380212133,1.0,1.0,1.0,0.8875477241755055
269,d38070017e4e53c3,True,1.0,0.0,0.0,1.0,1.0,1.0,0.0
270,e1f6c044f4235462,True,1.0,1.0,0.738358663968687,1.0,1.0,1.0,0.8909827766536195
271,f53ece8c1cb9562c,True,1.0,1.0,0.810755497050494,1.0,1.0,1.0,0.9211481237710392
272,431840d399445a32,True,1.0,1.0,0.8107226386290627,1.0,1.0,1.0,0.9211344327621095
273,2f482e2df2565b82,True,1.0,1.0,0.8551396318856841,1.0,1.0,1.0,0.9396415132857018
274,b751857996975e6c,True,1.0,1.0,0.8446456249384924,1.0,1.0,1.0,0.9352690103910385
275,2087ff145dae502d,True,1.0,1.0,1.0,1.0,1.0,1.0,1.0
276,f15b772180455c2f,True,1.0,1.0,0.7063290012427413,1.0,1.0,1.0,0.8776370838511421
277,a73f7d7149c45478,True,1.0,1.0,0.7024756895387819,1.0,1.0,1.0,0.8760315373078257
278,f874757c4b46591b,True,1.0,1.0,0.9303785976755798,1.0,1.0,1.0,0.9709910823648249
279,48b6d9fdf22d5a23,True,1.0,1.0,0.5632591906514944,1.0,1.0,1.0,0.8180246627714561
280,070b688b49225760,True,1.0,1.0,1.0,1.0,1.0,1.0,1.0
281,9f309ebf66645913,True,1.0,1.0,0.8993841316272155,1.0,1.0,1.0,0.9580767215113397
282,1893fb783df95146,True,1.0,1.0,1.0,1.0,1.0,1.0,1.0
283,7d1fdeb7e341522d,True,1.0,1.0,1.0,1.0,1.0,1.0,1.0
284,0a954cc695e751ab,True,1.0,1.0,0.7699579125877182,1.0,1.0,1.0,0.9041491302448826
285,e9597ce7a5a7589b,True,1.0,1.0,1.0,1.0,1.0,1.0,1.0
286,37430d1c47995fdd,True,1.0,1.0,0.8173547570099464,1.0,1.0,1.0,0.9238978154208111
287,31aa58748e2c5495,True,1.0,1.0,1.0,1.0,1.0,1.0,1.0
288,a0b9c3ee286454cb,True,1.0,1.0,0.9633441286064313,1.0,1.0,1.0,0.9847267202526796
289,3d6703caa0c951a8,True,1.0,1.0,0.8824571561377621,1.0,1.0,1.0,0.9510238150574009
290,6062e3ace278511a,True,1.0,1.0,0.7827625013053575,1.0,1.0,1.0,0.909484375543899
291,9cb247f1ef445fb9,True,1.0,1.0,0.9001672751974452,1.0,1.0,1.0,0.9584030313322689
292,c9a4d6a0295f5142,True,1.0,1.0,1.0,1.0,1.0,1.0,1.0
293,1abf52a927025259,True,1.0,0.0,0.0,1.0,1.0,1.0,0.0
294,8e274784672a514b,True,1.0,1.0,1.0,1.0,1.0,1.0,1.0
295,be6f90f06bc35be3,True,1.0,1.0,0.6291095409895022,1.0,1.0,1.0,0.8454623087456259
296,25e2cda283355b76,True,1.0,1.0,0.5592242415251931,1.0,1.0,1.0,0.8163434339688305
297,80d8679b8c215769,True,1.0,1.0,1.0,1.0,1.0,1.0,1.0
298,40280e58e4d45fde,True,0.5,0.0,0.0,0.0,1.0,0.5,0.0
299,ad781cbf672a5485,True,1.0,1.0,0.6902302495629457,1.0,1.0,1.0,0.8709292706512274
300,93ff1c769e6f5507,True,1.0,1.0,0.8799950569297268,1.0,1.0,1.0,0.949997940387386
301,b5cb26f114e3558e,True,0.0,1.0,0.0,0.0,1.0,1.0,0.0
302,ae7fdaafe2c250e6,True,1.0,1.0,1.0,1.0,1.0,1.0,1.0
303,0f83bb5cecbe56df,True,1.0,1.0,0.7984537350373002,1.0,1.0,1.0,0.9160223895988752
304,3461796610c15a0e,True,1.0,1.0,1.0,1.0,1.0,1.0,1.0
305,15a50c88ab0255ca,True,1.0,1.0,1.0,1.0,1.0,1.0,1.0
306,74deabca4e1259f5,True,1.0,1.0,1.0,1.0,1.0,1.0,1.0
307,313a7548b23b5b8f,True,1.0,1.0,0.8296870760913021,1.0,1.0,1.0,0.9290362817047093
308,5c55fbcddea45f87,True,1.0,1.0,0.6423399650361291,1.0,1.0,1.0,0.8509749854317205
309,535d4220196452ed,True,1.0,0.0,0.0,1.0,1.0,0.5,0.0
310,0994517bde3c5188,True,1.0,1.0,0.5272336483994131,1.0,1.0,1.0,0.8030140201664221
311,b425ed76adfb5351,True,1.0,1.0,0.8804239073478343,1.0,1.0,1.0,0.9501766280615976
312,4f67484c73e2503a,True,1.0,1.0,0.8925872026383807,1.0,1.0,1.0,0.9552446677659919
313,785a51e5263b5bec,True,1.0,1.0,0.915861328100589,1.0,1.0,1.0,0.9649422200419121
314,2be2e48e80985bee,True,1.0,1.0,1.0,1.0,1.0,1.0,1.0
315,d3322747793a5dda,True,1.0,1.0,1.0,1.0,1.0,1.0,1.0
316,08ebfd6fbc145517,True,1.0,1.0,0.9082632672683849,1.0,1.0,1.0,0.9617763613618271
317,f7d40806c7045d54,True,1.0,1.0,0.7668311812416372,1.0,1.0,1.0,0.9028463255173488
318,53ab46d6ca9d5b68,True,1.0,1.0,1.0,1.0,1.0,1.0,1.0
319,4d0df74bfb035f8a,True,1.0,0.0,0.0,0.0,1.0,0.0,0.0
320,e80df2a74bfd5a22,True,1.0,1.0,0.986688034568778,1.0,1.0,1.0,0.9944533477369908
321,622867ce25805447,True,1.0,1.0,0.807537152118121,1.0,1.0,1.0,0.9198071467158838
322,b8554777b68750e7,True,1.0,1.0,0.7891397136988251,1.0,1.0,1.0,0.9121415473745104
323,2783db04f9b05383,True,1.0,1.0,0.9718535786412642,1.0,1.0,1.0,0.9882723244338601
324,fbc91394092b5dbb,True,1.0,1.0,0.7808225401354251,1.0,1.0,1.0,0.9086760583897604
325,6498149e85ef5b8d,True,1.0,1.0,1.0,1.0,1.0,1.0,1.0
326,955af39177fe5ba1,True,1.0,1.0,0.8854508961374129,1.0,1.0,1.0,0.9522712067239221
327,436728a1202a5ae6,True,1.0,1.0,0.8421350251011358,1.0,1.0,1.0,0.9342229271254733
328,f1002f2d240c514e,True,1.0,1.0,0.7324882000823396,1.0,1.0,1.0,0.8885367500343082
329,e22b4bce822a51fb,True,1.0,0.0,0.0,1.0,1.0,1.0,0.0
330,2e90da117016561c,True,1.0,1.0,1.0,1.0,1.0,1.0,1.0
331,563ef3c44a5a528e,True,1.0,1.0,1.0,1.0,1.0,1.0,1.0
332,7d80c95c24645b06,True,1.0,1.0,1.0,1.0,1.0,1.0,1.0
333,39b5d00781925b16,True,1.0,1.0,0.9972969163217485,1.0,1.0,1.0,0.9988737151340619
334,2752876d0e005d74,True,1.0,1.0,0.8620884892673213,1.0,1.0,1.0,0.9425368705280506
335,ad7d51bd1b7055ca,True,1.0,1.0,0.7275168178979793,1.0,1.0,1.0,0.8864653407908247
336,683e518fbfa650d5,True,1.0,1.0,1.0,1.0,1.0,1.0,1.0
337,7ae0a03be0c357d2,True,1.0,1.0,0.6776674600875672,1.0,1.0,1.0,0.8656947750364864
338,deb16bb9771a582a,True,1.0,1.0,0.898135893011934,1.0,1.0,1.0,0.9575566220883059
339,b99d20a078a958b9,True,1.0,1.0,0.8682779471453236,1.0,1.0,0.5,0.9451158113105516
340,95bd905e3f685a28,True,1.0,1.0,0.7768515927111375,1.0,1.0,1.0,0.9070214969629738
341,a3f2ea7187975b13,True,1.0,1.0,1.0,1.0,1.0,1.0,1.0
342,1801a3d3fffc57f5,True,1.0,0.0,0.0,1.0,1.0,1.0,0.0
343,c09d506d3891507c,True,1.0,1.0,0.921730136404672,1.0,1.0,1.0,0.96738755683528
344,1935e5d682ff5981,True,1.0,0.0,0.0,1.0,1.0,1.0,0.0
345,a9c9765a005351b9,True,1.0,1.0,1.0,0.0,1.0,1.0,0.5833333333333334
346,c51ec68aa4fe5f05,True,1.0,1.0,1.0,1.0,1.0,1.0,1.0
347,22a3a112a0485c4c,True,1.0,1.0,1.0,1.0,1.0,1.0,1.0
348,4826c59b43f6568a,True,1.0,1.0,0.825615458936083,1.0,1.0,1.0,0.9273397745567014
349,3b4f49412be55b80,True,1.0,1.0,1.0,1.0,1.0,1.0,1.0
350,c4b1d4fabd315035,True,1.0,1.0,1.0,1.0,1.0,1.0,1.0
351,45d6c16000b75270,True,1.0,1.0,1.0,1.0,1.0,1.0,1.0
352,844760894a04505a,True,1.0,1.0,1.0,1.0,1.0,1.0,1.0
353,f1992f61c13e5998,True,1.0,1.0,0.9501870601663789,1.0,1.0,1.0,0.9792446084026579
354,4a919f7ea2f65200,True,1.0,0.0,0.0,1.0,1.0,1.0,0.0
355,a5d3eca1660f5855,True,1.0,1.0,0.8357291866579676,1.0,1.0,1.0,0.9315538277741532
356,5c9063357a725208,True,1.0,1.0,1.0,1.0,1.0,1.0,1.0
357,10d9d6d0ad405b9d,True,1.0,1.0,0.8729243700678123,1.0,1.0,1.0,0.9470518208615886
358,c75331b9d30957a1,True,0.0,1.0,0.0,0.0,1.0,1.0,0.0
359,56587c89d25856b7,True,1.0,0.0,0.0,1.0,1.0,0.5,0.0
360,026e84581e0f5044,True,1.0,1.0,0.8006787819606139,1.0,1.0,1.0,0.9169494924835891
361,81917c1e1a9b5cdc,True,1.0,1.0,0.9590696724904214,1.0,1.0,1.0,0.9829456968710089
362,3748f0fadf395c8a,True,1.0,1.0,0.8209894399181299,1.0,1.0,1.0,0.925412266632554
363,0208ed2202af56b2,True,1.0,1.0,0.827080691741946,1.0,1.0,1.0,0.9279502882258108
364,30765e467f6c5947,True,1.0,1.0,0.9749890536348597,1.0,1.0,1.0,0.9895787723478581
365,bb30019d8f645e62,True,0.0,0.0,0.0,0.0,1.0,0.0,0.0
366,2631b349e0ce5b83,True,1.0,1.0,1.0,0.0,1.0,1.0,0.5833333333333334
367,4554dbd136da53b8,True,1.0,1.0,0.9677080883688075,1.0,1.0,1.0,0.9865450368203366
368,92ebb72e83325bb1,True,1.0,1.0,1.0,1.0,1.0,1.0,1.0
369,2972c31a52275dc1,True,1.0,1.0,0.6641440193534872,1.0,1.0,1.0,0.860060008063953
370,c48cfa7c240d5808,True,1.0,1.0,0.9281333179550251,1.0,1.0,1.0,0.9700555491479271
371,e3ce6f2ef9765b9a,True,1.0,1.0,0.9644585162135935,1.0,1.0,1.0,0.9851910484223305
372,9406203fdb815e58,True,1.0,1.0,0.7212929617985453,1.0,1.0,1.0,0.8838720674160605
373,06279fdb46815c6c,True,0.0,1.0,0.0,0.0,1.0,0.5,0.0
374,608913faecb959b4,True,1.0,1.0,0.8870697585877845,1.0,1.0,1.0,0.9529457327449102
375,de664d2cb249576d,True,1.0,1.0,0.8992076710707634,1.0,1.0,1.0,0.9580031962794848
376,037b976caae85af5,True,1.0,1.0,0.674986001200049,1.0,1.0,1.0,0.8645775005000204
377,3bf245d895b25ec0,True,1.0,1.0,1.0,1.0,1.0,1.0,1.0
378,4eaf35cea96d5dd9,True,1.0,1.0,0.6947937849151522,1.0,1.0,1.0,0.8728307437146468
379,680f4753a59c5a24,True,1.0,0.0,0.0,1.0,1.0,1.0,0.0
380,b0b25b314843551d,True,1.0,1.0,1.0,1.0,1.0,1.0,1.0
381,26e5c3fb8af15012,True,1.0,1.0,0.6147805217293351,1.0,1.0,1.0,0.8394918840538895
382,8179a26d74615228,True,1.0,1.0,0.8665729348572029,1.0,1.0,1.0,0.9444053895238346
383,e38aa05b9c8b5e32,True,1.0,1.0,0.9553316434680945,1.0,1.0,1.0,0.9813881847783726
384,c3ace87d2f985eaa,True,1.0,1.0,0.7512075158503821,1.0,1.0,1.0,0.8963364649376592
385,4417a92b5b1956b8,True,1.0,1.0,0.8762151735338207,1.0,1.0,1.0,0.9484229889724253
386,bf4c97f6024b5029,True,1.0,1.0,0.9446229674691625,1.0,1.0,1.0,0.9769262364454844
387,ec8a3deaeb1a53ac,True,1.0,1.0,0.8463152660349484,1.0,1.0,1.0,0.9359646941812286
388,8ff8246f69f75f6a,True,1.0,1.0,0.8321677452023668,1.0,1.0,1.0,0.9300698938343195
389,48762908e4705b55,True,1.0,1.0,0.8171719275998924,1.0,1.0,1.0,0.9238216364999552
390,71405d414236553c,True,1.0,1.0,0.7804360578855256,1.0,1.0,1.0,0.908515024118969
391,2919cd502115582a,True,1.0,1.0,1.0,1.0,1.0,1.0,1.0
392,f94a9ce36b8e5516,True,1.0,1.0,1.0,1.0,1.0,1.0,1.0
393,9e032298e808528a,True,1.0,1.0,0.5995269266754342,1.0,1.0,1.0,0.8331362194480976
394,aef33fdade585ab3,True,1.0,1.0,0.9141738314956916,1.0,1.0,1.0,0.9642390964565383
395,5b78dd344203528e,True,1.0,1.0,0.6848384966381286,1.0,1.0,1.0,0.8686827069325536
396,dd72153f54fa59e7,True,1.0,1.0,1.0,1.0,1.0,1.0,1.0
397,50209c502bd157c8,True,1.0,1.0,0.6809274359814784,1.0,1.0,1.0,0.8670530983256161
398,aed7c50719f959a1,True,1.0,1.0,1.0,1.0,1.0,1.0,1.0
399,6c321000d6c0527a,True,1.0,1.0,1.0,1.0,1.0,1.0,1.0
400,8a3c6c3502035e11,True,1.0,1.0,0.741829463687041,1.0,1.0,0.5,0.8924289432029338
401,6a090fe8d71a5f38,True,1.0,1.0,0.9558423838853357,1.0,1.0,1.0,0.9816009932855566
402,def5763ef93655ae,True,1.0,1.0,0.8753281662864706,1.0,1.0,1.0,0.9480534026193629
403,8a92561fdd0750ad,True,1.0,1.0,0.8354772865948038,1.0,1.0,1.0,0.9314488694145014
404,b4d8ee8da1c153f9,True,1.0,1.0,1.0,1.0,1.0,1.0,1.0
405,8790ecedb8ac580e,True,1.0,1.0,1.0,0.0,1.0,1.0,0.5833333333333334
406,6de8e1962fc4559a,True,1.0,1.0,0.8626882538467695,1.0,1.0,1.0,0.942786772436154
407,157c6c5b1b9d5608,True,1.0,1.0,0.9486338332786594,1.0,1.0,1.0,0.9785974305327748
408,96bc4f4e46f752f4,True,1.0,1.0,1.0,1.0,1.0,1.0,1.0
409,5e5b6eaacd3f5bdd,True,0.0,1.0,0.0,0.0,1.0,0.0,0.0
410,65130561cbfb567a,True,1.0,1.0,1.0,1.0,1.0,1.0,1.0
411,30187e714d065b0b,True,1.0,1.0,0.8654094942919182,1.0,1.0,1.0,0.9439206226216325
412,299e19fc72e65ac5,True,1.0,1.0,1.0,1.0,1.0,0.0,1.0
413,6ed328b05b54553e,True,1.0,1.0,0.5380705677798315,1.0,1.0,1.0,0.8075294032415964
414,d852a7b32d6c5448,True,1.0,1.0,0.7967853705809499,1.0,1.0,1.0,0.9153272377420625
415,3a161e0999b15823,True,1.0,1.0,0.7584152754373907,1.0,1.0,1.0,0.8993396980989128
416,5d5cef2e5d6b5d6b,True,1.0,1.0,0.8425615630758226,1.0,1.0,1.0,0.9344006512815928
417,5be54baed8b35bd7,True,1.0,1.0,1.0,1.0,1.0,1.0,1.0
418,4b721ff0b7025f21,True,1.0,1.0,1.0,0.0,1.0,1.0,0.5833333333333334
419,67c2aef1f35a523e,True,1.0,1.0,1.0,1.0,1.0,1.0,1.0
420,0de3f9728fc651a6,True,1.0,1.0,0.7639389439361581,1.0,1.0,1.0,0.9016412266400659
421,b2abc819ebf45c11,True,1.0,1.0,0.6157992039959176,1.0,1.0,1.0,0.839916334998299
422,513a97511d135ebd,True,1.0,1.0,0.870400965131617,1.0,1.0,1.0,0.9460004021381737
423,ccd1908db4765e03,True,1.0,1.0,1.0,1.0,1.0,0.0,1.0
424,6dfba05513f05909,True,1.0,1.0,0.6216046471201455,1.0,1.0,1.0,0.842335269633394
425,b8104b69b2d9509b,True,1.0,1.0,0.7272583297758337,1.0,1.0,1.0,0.8863576374065975
426,a7f3d88fe5e5534e,True,1.0,1.0,1.0,1.0,1.0,1.0,1.0
427,3882f317a3f55e29,True,1.0,1.0,0.7389605519794087,1.0,1.0,1.0,0.8912335633247537
428,b26b54b014205d5c,True,1.0,1.0,0.8060220526411619,1.0,1.0,1.0,0.9191758552671508
429,9d7ec713a2fb5e44,True,1.0,1.0,0.681917931948842,1.0,1.0,1.0,0.8674658049786842
430,ac7167da1d1a5342,True,1.0,1.0,1.0,1.0,1.0,1.0,1.0
431,594e39f9024a5835,True,1.0,1.0,0.8468230492934548,1.0,1.0,1.0,0.9361762705389395
432,d1abb12015175373,True,1.0,1.0,1.0,1.0,1.0,1.0,1.0
433,0451b850addd591c,True,1.0,1.0,0.7134046866873112,1.0,1.0,1.0,0.8805852861197131
434,b14ac3255b3b520b,True,1.0,1.0,1.0,1.0,1.0,1.0,1.0
435,2a30c259f67c561d,True,1.0,1.0,0.6471987921623664,1.0,1.0,1.0,0.8529994967343194
436,55a8886514eb5c1b,True,1.0,1.0,0.9286618294767802,1.0,1.0,1.0,0.9702757622819917
437,1e1878076a0b52d6,True,1.0,0.0,0.0,1.0,1.0,0.0,0.0
438,3d8f52b9bae25a90,True,1.0,1.0,0.607843463848294,1.0,1.0,1.0,0.8366014432701224
439,93d5e0dd29bc5e7c,True,1.0,1.0,1.0,1.0,1.0,1.0,1.0
440,15b25b99cf2d5965,True,1.0,1.0,1.0,1.0,1.0,1.0,1.0
441,3a3297d21e905b02,True,1.0,1.0,0.6558839683120385,1.0,1.0,1.0,0.856618320130016
442,8e04fd5e1613597a,True,1.0,1.0,0.9301366326663913,1.0,1.0,1.0,0.9708902636109964
443,090d6a17e77d59b5,True,1.0,1.0,0.9663458125587236,1.0,1.0,1.0,0.9859774218994682
444,e6ff5e16c5f25533,True,1.0,1.0,0.9199334656036016,1.0,1.0,1.0,0.9666389440015006
445,79d36fbd8d115f06,True,1.0,1.0,0.7913626643015211,1.0,1.0,0.0,0.9130677767923006
446,6da3bcc544be52d3,True,1.0,1.0,0.657200806502275,1.0,1.0,1.0,0.8571670027092813
447,008144fe47ac5f74,True,1.0,1.0,0.8212689808584892,1.0,1.0,1.0,0.9255287420243704
448,1082d34008e05df4,True,1.0,1.0,1.0,1.0,1.0,1.0,1.0
449,02c8da231eb15ed2,True,1.0,1.0,1.0,1.0,1.0,1.0,1.0
450,c5ee24aa8f5059d6,True,1.0,1.0,1.0,1.0,1.0,1.0,1.0
451,a61b9afbe5d857b1,True,1.0,1.0,0.8135227072446399,1.0,1.0,1.0,0.9223011280185999
452,e36edd3aedf05e30,True,1.0,1.0,0.7306135171396367,1.0,1.0,1.0,0.8877556321415153
453,0d09772186295ff0,True,1.0,1.0,0.9509760847682308,1.0,1.0,1.0,0.9795733686534295
454,4d55f6c3a3dc58fe,True,1.0,1.0,1.0,1.0,1.0,1.0,1.0
455,692bea45f3de5fd0,True,1.0,0.0,0.0,1.0,1.0,1.0,0.0
456,6d2178f2992f5d22,True,1.0,1.0,0.5643312151675378,1.0,1.0,1.0,0.8184713396531408
457,9a24a904a324581d,True,1.0,1.0,1.0,1.0,1.0,1.0,1.0
458,6c08755130155f96,True,1.0,1.0,1.0,1.0,1.0,1.0,1.0
459,98e3abe2a38c5156,True,1.0,0.0,0.0,1.0,1.0,1.0,0.0
460,c093d999a01c5e92,True,1.0,1.0,0.8900040199454979,1.0,1.0,1.0,0.9541683416439574
461,9fe07284cb3f5e0a,True,1.0,1.0,1.0,1.0,1.0,1.0,1.0
462,c4cb19209497505a,True,1.0,1.0,1.0,1.0,1.0,1.0,1.0
463,ea23b2bb8e5756b8,True,1.0,1.0,0.6939650133015247,1.0,1.0,1.0,0.8724854222089687
464,639c2678cce95d68,True,1.0,1.0,0.825437905654609,1.0,1.0,1.0,0.9272657940227537
465,b841de24ffcb5c87,True,1.0,0.0,0.0,1.0,1.0,0.0,0.0
466,d0785c050c1350e7,True,1.0,1.0,1.0,1.0,1.0,1.0,1.0
467,5f4945f6b9b45024,True,1.0,1.0,1.0,1.0,1.0,1.0,1.0
468,f158576757e95c31,True,1.0,1.0,0.7820350295920488,1.0,1.0,1.0,0.9091812623300203
469,c52f491ebd5b521a,True,1.0,1.0,0.7889635680145809,1.0,1.0,1.0,0.9120681533394087
470,9300251ea784552f,True,1.0,1.0,0.8092735348768839,1.0,1.0,1.0,0.9205306395320351
471,2223b290d60556d5,True,1.0,0.0,0.0,1.0,1.0,0.0,0.0
472,4b6430ca30c45a3c,True,1.0,1.0,0.7305827585736763,1.0,1.0,1.0,0.8877428160723652
473,8396adcdedb55337,True,1.0,1.0,0.732746330206427,1.0,1.0,1.0,0.8886443042526779
474,f587b097f5f65db6,True,1.0,1.0,1.0,1.0,1.0,1.0,1.0
475,342953cadb9f57b2,True,1.0,1.0,0.8677228468586432,1.0,1.0,1.0,0.9448845195244346
476,ef81756601bc569f,True,1.0,1.0,1.0,1.0,1.0,1.0,1.0
477,66e559e29cca52e0,True,1.0,1.0,1.0,1.0,1.0,1.0,1.0
478,35b810aad36b553a,True,1.0,1.0,1.0,1.0,1.0,1.0,1.0
479,6d088615a8c05649,True,1.0,1.0,0.7088382637684062,1.0,1.0,1.0,0.8786826099035027
480,25226305bdff5efd,True,1.0,1.0,1.0,0.0,1.0,1.0,0.5833333333333334
481,7900996a42f35f67,True,1.0,1.0,1.0,1.0,1.0,1.0,1.0
482,83d9a73b7a3650c7,True,1.0,1.0,0.7385475791924623,1.0,1.0,1.0,0.8910614913301926
483,9d55692d15dc5155,True,1.0,1.0,1.0,1.0,1.0,1.0,1.0
484,2de3f6af0a69509d,True,1.0,1.0,0.7983499170430999,1.0,1.0,1.0,0.9159791321012917
485,7021139b47cf5370,True,1.0,1.0,0.8811711739217646,1.0,1.0,1.0,0.9504879891340686
486,0558c7a64ef157b1,True,1.0,1.0,0.9984258315204267,1.0,1.0,1.0,0.9993440964668444
487,5b1a620dcd675298,True,1.0,1.0,1.0,1.0,1.0,1.0,1.0
488,4b3a1e85619e557f,True,1.0,1.0,1.0,1.0,1.0,1.0,1.0
489,34b812e4de1a536b,True,1.0,1.0,0.6733086748995175,1.0,1.0,0.5,0.8638786145414658
490,75151361dbe658bb,True,0.0,1.0,0.0,0.0,1.0,1.0,0.0
491,f3532c4c4ad95b27,True,1.0,1.0,0.9669537183914917,1.0,1.0,1.0,0.986230715996455
492,81f49ac925aa5781,True,1.0,1.0,1.0,1.0,1.0,1.0,1.0
493,cb8b1f36617c50d4,True,1.0,1.0,0.8295046007833262,1.0,1.0,1.0,0.928960250326386
494,3c90de2a12a558b2,True,1.0,1.0,0.7418362412462355,1.0,1.0,1.0,0.8924317671859314
495,6e778c30490d5f50,True,1.0,1.0,0.7669798011911657,1.0,1.0,1.0,0.9029082504963192
496,24e06c38547d5976,True,1.0,1.0,1.0,1.0,1.0,1.0,1.0
497,019667e138b95ff0,True,1.0,1.0,1.0,1.0,1.0,1.0,1.0
498,9ce9ec5a49b1568d,True,1.0,1.0,0.826162685304583,1.0,1.0,1.0,0.9275677855435763
499,24e453c47f635ae2,True,1.0,1.0,0.7598723928841775,1.0,1.0,1.0,0.8999468303684073
500,a4fb656f624e5458,True,1.0,1.0,0.7469730387295689,1.0,1.0,1.0,0.8945720994706537
501,cf62911d4c7c541c,True,1.0,1.0,0.8627447908247586,1.0,1.0,1.0,0.9428103295103161
502,3d4616d64a4c5f53,True,1.0,1.0,0.9952733537645502,1.0,1.0,1.0,0.9980305640685625
503,5444d6dfc06559c3,True,1.0,1.0,1.0,1.0,1.0,1.0,1.0
504,a25c025ea58d5409,True,1.0,0.0,0.0,1.0,1.0,0.5,0.0
505,9a357640ddd453d2,True,0.0,1.0,0.0,0.0,1.0,1.0,0.0
506,196375ae13835990,True,1.0,1.0,0.9871169769757914,1.0,1.0,1.0,0.994632073739913
507,784c48e2a44c5036,True,1.0,1.0,0.8378883748998536,1.0,1.0,0.0,0.9324534895416057
508,c9968e9ec0135b9d,True,1.0,1.0,1.0,1.0,1.0,1.0,1.0
509,3cf6bf2e7992584c,True,1.0,1.0,1.0,1.0,1.0,1.0,1.0
510,62d339c4086d51ba,True,1.0,1.0,0.7721372921892825,1.0,1.0,1.0,0.9050572050788678
511,cfb755b8d37458ac,True,0.0,1.0,0.0,0.0,1.0,0.5,0.0
512,6f8c03f8038757cc,True,0.0,1.0,0.0,0.0,1.0,1.0,0.0
513,6dfed7a32cf45d59,True,0.0,1.0,0.0,0.0,1.0,1.0,0.0
514,0d602f62f3ad5c65,True,1.0,1.0,0.8623265627270755,1.0,1.0,1.0,0.9426360678029481
515,9933a1df50ff5919,True,1.0,1.0,1.0,1.0,1.0,1.0,1.0
516,a2e0d4dc100159a5,True,1.0,1.0,0.6111334689468927,1.0,1.0,1.0,0.8379722787278719
517,7fb4ab2c7e8c527f,True,1.0,1.0,1.0,1.0,1.0,1.0,1.0
518,b0598da891205aa3,True,1.0,1.0,0.7237926926013336,1.0,1.0,1.0,0.8849136219172223
519,4a35a95ee57f5572,True,1.0,1.0,1.0,1.0,1.0,1.0,1.0
520,7caa2336614b5ad3,True,1.0,1.0,1.0,0.0,1.0,1.0,0.5833333333333334
521,8cd3d83dd4825865,True,1.0,1.0,0.8362830025036949,1.0,1.0,1.0,0.9317845843765395
522,ae46065dc9ce55b1,True,0.0,1.0,0.0,0.0,1.0,1.0,0.0
523,b0c4bad4c4fa5060,True,1.0,1.0,1.0,1.0,1.0,1.0,1.0
524,a1ff2db262ab5db7,True,1.0,1.0,0.9624957690207712,1.0,1.0,1.0,0.984373237091988
525,693ca321449e5a83,True,1.0,1.0,0.6965324234358996,1.0,1.0,1.0,0.8735551764316248
526,2184b01d59d4550c,True,1.0,1.0,1.0,1.0,1.0,1.0,1.0
527,5a454b4d1c535366,True,1.0,1.0,0.8750339434858138,1.0,1.0,1.0,0.9479308097857557
528,fc529b3abdc65998,True,1.0,1.0,1.0,1.0,1.0,1.0,1.0
529,697882c22eb65ca7,True,0.5,0.0,0.0,0.0,1.0,0.0,0.0
530,8611c130815150a7,True,1.0,1.0,1.0,1.0,1.0,1.0,1.0
531,f54559dd98e75d83,True,1.0,1.0,0.5241564835033717,1.0,1.0,1.0,0.8017318681264048
532,a988872adfe45a71,True,1.0,1.0,1.0,1.0,1.0,1.0,1.0
533,46a9bf6f100c5e0a,True,0.0,1.0,0.0,0.0,1.0,1.0,0.0
534,00eb3a4e0f8052e9,True,1.0,1.0,0.7966867715081822,1.0,1.0,1.0,0.9152861547950759
535,ac0f18be77bd585c,True,1.0,1.0,0.7259650151740299,1.0,1.0,1.0,0.8858187563225125
536,223cdeaddc525446,True,1.0,1.0,0.9403191539733484,1.0,1.0,1.0,0.9751329808222285
537,262c4400163e5d8e,True,1.0,1.0,0.8166455198484357,1.0,1.0,1.0,0.9236022999368482
538,150bfebecc525d57,True,1.0,1.0,1.0,0.0,1.0,1.0,0.5833333333333334
539,71ae69a9499e559c,True,1.0,0.0,0.0,1.0,1.0,1.0,0.0
540,98c050c637ca5909,True,1.0,1.0,0.6427394390150593,1.0,1.0,1.0,0.8511414329229413
541,c5b585ddf50d5f1f,True,1.0,1.0,1.0,1.0,1.0,1.0,1.0
542,7d70562315ff5bc1,True,1.0,1.0,1.0,1.0,1.0,1.0,1.0
543,9aadb4c8a77d5849,True,1.0,1.0,0.9111510637407776,1.0,1.0,1.0,0.9629796098919906
544,7b263d7980f55503,True,1.0,1.0,0.973156387450756,1.0,1.0,1.0,0.988815161437815
545,f740386a50c45238,True,1.0,1.0,0.8612616014338825,1.0,1.0,1.0,0.9421923339307844
546,1eff566e627f56b9,True,1.0,1.0,0.9119733292196888,1.0,1.0,1.0,0.9633222205082036
547,b9aa102f4d7b5751,True,1.0,1.0,1.0,1.0,1.0,1.0,1.0
548,ae3496e6ce435e73,True,1.0,1.0,1.0,1.0,1.0,1.0,1.0
549,2a04d84433e6576f,True,1.0,1.0,0.9148860902524134,1.0,1.0,1.0,0.9645358709385056
550,c9f0c60627ba5237,True,1.0,1.0,1.0,1.0,1.0,1.0,1.0
551,93bdcee4c814567c,True,1.0,1.0,0.7573251433374119,1.0,1.0,1.0,0.8988854763905882
552,7bbb4260e163517f,True,1.0,1.0,0.8389652252586209,1.0,1.0,0.5,0.932902177191092
553,d12c5ba59acf55a0,True,1.0,1.0,0.9554406876312163,1.0,1.0,1.0,0.9814336198463401
554,63d80f7499fc5784,True,1.0,1.0,0.8078900174355828,1.0,1.0,1.0,0.9199541739314928
555,f1041299a1a059f5,True,1.0,1.0,0.4554881745177005,1.0,1.0,1.0,0.7731200727157086
556,565e485cbedb506f,True,1.0,1.0,0.8955779325241705,1.0,1.0,1.0,0.9564908052184045
557,6b183b48b7175f38,True,1.0,1.0,0.8342581687381817,1.0,1.0,1.0,0.930940903640909
558,2c978eb63fec5d2a,True,1.0,1.0,0.8636223484379842,1.0,1.0,1.0,0.9431759785158267
559,29a576f5351a5162,True,1.0,1.0,0.786985700337164,1.0,1.0,1.0,0.9112440418071516
560,a4ab5ff4ba7259f9,True,1.0,1.0,0.6177618835471499,1.0,1.0,1.0,0.8407341181446458
561,39a769c19105586e,True,1.0,1.0,0.6197447328297547,1.0,1.0,1.0,0.8415603053457312
562,e905f33735985cfe,True,1.0,1.0,1.0,1.0,1.0,1.0,1.0
563,a2cbf7c347a45c6e,True,1.0,1.0,1.0,1.0,1.0,1.0,1.0
564,b00afb2388cd5007,True,1.0,1.0,1.0,1.0,1.0,1.0,1.0
565,905ab0794c235f69,True,1.0,1.0,0.8908544937538534,1.0,1.0,1.0,0.9545227057307722
566,1ab2fedfbb4b5c2f,True,1.0,1.0,0.7531947385187628,1.0,1.0,1.0,0.8971644743828179
567,49bdbf5ee25c5024,True,1.0,1.0,0.7641074432508896,1.0,1.0,1.0,0.9017114346878706
568,2f8dd3404f375ed8,True,1.0,1.0,0.860058022686839,1.0,1.0,1.0,0.9416908427861829
569,65fd7014a79b5cba,True,1.0,1.0,0.6360400654528807,1.0,1.0,1.0,0.8483500272720336
570,367ee5f18e345a72,True,1.0,1.0,0.9055333378972521,1.0,1.0,1.0,0.9606388907905217
571,3e96578a903d59d8,True,1.0,1.0,1.0,1.0,1.0,1.0,1.0
572,1cf4270132e35206,True,1.0,1.0,0.7589893229226541,1.0,1.0,0.0,0.8995788845511058
573,e0b92501aa5051b1,True,1.0,1.0,0.666532984088268,1.0,1.0,1.0,0.8610554100367783
574,6c00b2782d3b5f6e,True,1.0,1.0,0.9832765455821624,1.0,1.0,1.0,0.9930318939925676
575,ffe848c5ab4e5b30,True,1.0,1.0,0.8997134149393832,1.0,1.0,0.5,0.9582139228914096
576,ff9058bacb845910,True,1.0,1.0,1.0,1.0,1.0,1.0,1.0
577,2497a4b846f25d99,True,1.0,1.0,0.7033744405262949,1.0,1.0,1.0,0.8764060168859563
578,eb2304df049d5ce3,True,1.0,1.0,1.0,1.0,1.0,1.0,1.0
579,6916caadd44a5806,True,0.5,0.0,0.0,0.0,1.0,1.0,0.0
580,8cbe3bf8cf9c5718,True,1.0,1.0,1.0,1.0,1.0,1.0,1.0
581,a7fb000f96b35f94,True,1.0,1.0,1.0,1.0,1.0,1.0,1.0
582,74c77891a7d45a15,True,1.0,1.0,0.8225173198421786,1.0,1.0,1.0,0.9260488832675744
583,940ba87d553456c3,True,1.0,1.0,0.5955267820596711,1.0,1.0,1.0,0.8314694925248629
584,78beb0eba954535e,True,0.0,1.0,0.0,0.0,1.0,1.0,0.0
585,b318cf82212f5443,True,1.0,1.0,0.6585961485344999,1.0,1.0,1.0,0.8577483952227083
586,354ac12e8832565a,True,1.0,1.0,1.0,1.0,1.0,1.0,1.0
587,bf4d95ea76b75de7,True,1.0,1.0,0.8434770120004859,1.0,1.0,1.0,0.9347820883335357
588,e706a9c88e625828,True,1.0,1.0,0.8417137296871865,1.0,1.0,1.0,0.934047387369661
589,1b1a37c517e45fbd,True,1.0,1.0,1.0,1.0,1.0,1.0,1.0
590,8d8f5c8c6c29525c,True,1.0,1.0,0.7769038726112495,1.0,1.0,1.0,0.9070432802546873
591,b637b5849b475a18,True,1.0,1.0,0.746536662543021,1.0,1.0,1.0,0.8943902760595921
592,02e3e6d3ecfc5240,True,1.0,1.0,0.8764866985622668,1.0,1.0,1.0,0.9485361244009445
593,210fa74895dc5f52,True,1.0,0.0,0.0,1.0,1.0,1.0,0.0
594,59c00098b95d53b8,True,1.0,1.0,0.857459390526559,1.0,1.0,1.0,0.9406080793860662
595,4f6abcc897955dfd,True,1.0,1.0,1.0,1.0,1.0,0.0,1.0
596,9170b75b8a3f527f,True,1.0,0.0,0.0,1.0,1.0,0.5,0.0
597,993d17cce2685b9a,True,1.0,1.0,0.7189489191452261,1.0,1.0,1.0,0.8828953829771775
598,a366d90f10ca5866,True,1.0,1.0,0.9656356894791054,1.0,1.0,1.0,0.9856815372829605
599,2f9c4ea0c97450c6,True,1.0,0.0,0.0,1.0,1.0,1.0,0.0
600,e0522da7328d5c9e,True,1.0,1.0,0.7678895197712862,1.0,1.0,1.0,0.9032872999047026
601,356738fb8224508b,True,1.0,1.0,1.0,1.0,1.0,1.0,1.0
602,b5b0ab149f9055db,True,1.0,1.0,0.639870350283709,1.0,1.0,1.0,0.8499459792848788
603,23bd3a02e2855a28,True,1.0,1.0,0.5861023019101398,1.0,1.0,1.0,0.8275426257958917
604,248288deae795ad8,True,1.0,1.0,0.8765616529289266,1.0,1.0,1.0,0.9485673553870528
605,82e565141eb55f88,True,1.0,1.0,0.99254085821124,1.0,1.0,1.0,0.9968920242546834
606,9a94341d994d5ec9,True,1.0,1.0,0.7137260793780807,1.0,1.0,1.0,0.880719199740867
607,562f38636f975be4,True,1.0,1.0,1.0,1.0,1.0,1.0,1.0
608,ecc5d9051f445174,True,1.0,1.0,1.0,1.0,1.0,1.0,1.0
609,3e0511dc69b85b75,True,1.0,1.0,0.8599166488984997,1.0,1.0,1.0,0.9416319370410416
610,9f4c04b7214b52a8,True,1.0,1.0,0.8142914037815278,1.0,1.0,1.0,0.9226214182423033
611,b411a654aa215f1b,True,1.0,1.0,0.7585033284410484,1.0,1.0,1.0,0.8993763868504369
612,960b735b1eac5dab,True,1.0,1.0,0.9923316766892641,1.0,1.0,1.0,0.9968048652871934
613,238955ab60075940,True,1.0,1.0,0.7444270519423724,1.0,1.0,1.0,0.8935112716426552
614,4e0667aa6ead5e7d,True,1.0,1.0,0.9007055514459978,1.0,1.0,1.0,0.958627313102499
615,540ec2943ea050c9,True,1.0,1.0,1.0,1.0,1.0,1.0,1.0
616,e76e7c89a8935276,True,1.0,1.0,0.8560912110072081,1.0,1.0,1.0,0.9400380045863367
617,cdfc50d75d0c56df,True,1.0,1.0,1.0,1.0,1.0,1.0,1.0
618,99ebd32df2f453f8,True,1.0,1.0,1.0,1.0,1.0,1.0,1.0
619,6ad6e6d54e845206,True,1.0,1.0,0.9040364850440074,1.0,1.0,1.0,0.9600152021016698
620,10779d3fd7815d2f,True,1.0,1.0,0.8077090809972454,1.0,1.0,1.0,0.9198787837488522
621,2833a305300f5394,True,0.0,1.0,0.0,0.0,1.0,1.0,0.0
622,fdb658e4941855a3,True,0.0,1.0,0.0,0.0,1.0,1.0,0.0
623,1677503060a95d4a,True,1.0,1.0,0.8021461025730053,1.0,1.0,1.0,0.9175608760720856
624,96c8893a610b51ba,True,1.0,1.0,0.7608862401394854,1.0,1.0,1.0,0.9003692667247855
625,29d982d97d135311,True,1.0,1.0,0.6804787022085995,0.0,0.0,1.0,0.2835327925869165
626,484b6d9a28f350bd,True,1.0,1.0,0.7222343054221402,1.0,1.0,1.0,0.8842642939258917
627,3266d9113ede5f3c,True,1.0,1.0,0.8477295504839294,1.0,1.0,1.0,0.9365539793683039
628,245bcbae35595474,True,1.0,1.0,1.0,1.0,1.0,1.0,1.0
629,3befac537db85c6c,True,1.0,1.0,1.0,1.0,1.0,1.0,1.0
630,f1cc8f05115d5db6,True,1.0,1.0,0.3701524591912596,1.0,1.0,1.0,0.7375635246630248
631,2381f042c0855f20,True,1.0,1.0,0.9603351133454257,1.0,1.0,1.0,0.9834729638939274
632,23d647e77f2d515e,True,1.0,1.0,0.8519097629238935,1.0,1.0,1.0,0.9382957345516223
633,f750e0c7f8375bae,True,1.0,1.0,0.7143612099735323,1.0,1.0,1.0,0.8809838374889717
634,c6c94bd6691c5008,True,1.0,1.0,1.0,1.0,1.0,1.0,1.0
635,acd0bceedc6852c2,True,1.0,0.0,0.0,1.0,1.0,1.0,0.0
636,ddc904ff3be05595,True,1.0,1.0,0.8958644735085101,1.0,1.0,1.0,0.9566101972952126
637,c79b2a28285f5e11,True,1.0,1.0,0.8864455401490441,1.0,1.0,1.0,0.9526856417287682
638,2070f12707d95924,True,1.0,1.0,0.7331336901754028,1.0,1.0,1.0,0.8888057042397511
639,460c1bc090365d1b,True,1.0,1.0,1.0,1.0,1.0,0.0,1.0
640,3047f87f67555d16,True,1.0,1.0,1.0,1.0,1.0,1.0,1.0
641,a82f1c8ad27d53cc,True,1.0,1.0,0.8637463831578143,1.0,1.0,1.0,0.9432276596490893
642,0fc626b8de655cc7,True,1.0,1.0,0.7469099576851733,1.0,1.0,1.0,0.8945458157021555
643,d4849a52aaa55a9f,True,1.0,1.0,1.0,1.0,1.0,1.0,1.0
644,d57dda19866556c3,True,1.0,1.0,0.8137243395425067,1.0,1.0,1.0,0.9223851414760444
645,e16f6f634adf50d3,True,1.0,0.0,0.0,0.0,1.0,1.0,0.0
646,e05b464c21d0597d,True,1.0,1.0,1.0,1.0,1.0,1.0,1.0
647,f71f0d4ca6db5d40,True,1.0,1.0,0.7576714313993561,1.0,1.0,1.0,0.8990297630830651
648,ea93b5b81d425814,True,1.0,1.0,0.6086142213627734,1.0,1.0,1.0,0.836922592234489
649,c71161b938af5b16,True,1.0,1.0,1.0,1.0,1.0,1.0,1.0
650,1666152446cc5da7,True,1.0,1.0,0.7877012871063888,1.0,1.0,1.0,0.9115422029609953
651,7fa739c174a55eaa,True,1.0,1.0,0.9703777502562683,0.0,1.0,1.0,0.5709907292734452
652,4c24c3efe0e4519d,True,1.0,1.0,0.7969040996528407,1.0,1.0,1.0,0.9153767081886836
653,735587b14e39568c,True,1.0,1.0,0.7145230038911796,1.0,1.0,1.0,0.8810512516213249
654,4899341a782f5409,True,1.0,1.0,1.0,1.0,1.0,1.0,1.0
655,103c3ee1db23521d,True,1.0,1.0,0.8600226110277842,1.0,1.0,1.0,0.9416760879282434
656,d796c1764d575153,True,1.0,1.0,1.0,1.0,1.0,1.0,1.0
657,2836705e16ba5691,True,1.0,1.0,0.9346338952907154,1.0,1.0,1.0,0.972764123037798
658,4256146a0b765876,True,1.0,1.0,1.0,1.0,1.0,1.0,1.0
659,9ba2570d6743526a,True,1.0,1.0,0.9811991753330718,1.0,1.0,1.0,0.9921663230554465
660,74707039ce5550d1,True,1.0,1.0,0.7770122914019173,1.0,1.0,1.0,0.9070884547507988
661,4014296da6f75079,True,1.0,0.0,0.0,1.0,1.0,0.0,0.0
662,ec3c0587b1775b7c,True,1.0,1.0,0.8342487496818306,1.0,1.0,1.0,0.9309369790340961
663,6f1be4d182475bc8,True,1.0,1.0,1.0,1.0,1.0,1.0,1.0
664,534e6a7d7e8c528b,True,1.0,1.0,1.0,1.0,1.0,1.0,1.0
665,5cdf559f99b859a4,True,1.0,1.0,1.0,1.0,1.0,1.0,1.0
666,3770407dcc67520c,True,1.0,1.0,0.8498155217917562,1.0,1.0,0.0,0.9374231340798985
667,88454b0190ff551f,True,1.0,1.0,1.0,1.0,1.0,1.0,1.0
668,a1adc0fae78f5a3f,True,1.0,1.0,0.8877540597935923,1.0,1.0,1.0,0.9532308582473301
669,58b0a1db2a145780,True,1.0,1.0,0.9130588419760924,1.0,1.0,1.0,0.9637745174900386
670,86db74cc909e5437,True,1.0,0.0,0.0,0.0,1.0,1.0,0.0
671,58911c0c8e3f5906,True,1.0,1.0,1.0,0.0,1.0,1.0,0.5833333333333334
672,7b7ce3374d1e51dc,True,1.0,0.0,0.0,1.0,1.0,1.0,0.0
673,4dd55e4b78955eca,True,1.0,1.0,0.9919085833735708,1.0,1.0,1.0,0.9966285764056545
674,1fc3acd944ba540e,True,1.0,1.0,0.890603724093787,1.0,1.0,1.0,0.9544182183724113
675,c8b422346e1f5252,True,1.0,1.0,1.0,1.0,1.0,1.0,1.0
676,61e3a4acbdf55ffe,True,1.0,1.0,0.6310471462144055,1.0,1.0,1.0,0.8462696442560023
677,64b99da814205341,True,1.0,1.0,0.8440466802003048,1.0,1.0,1.0,0.9350194500834603
678,55eed45c895852b9,True,1.0,1.0,1.0,1.0,1.0,1.0,1.0
679,20ec6765e35d5cd1,True,0.0,1.0,0.0,0.0,1.0,1.0,0.0
680,7c62648ff8a25812,True,1.0,1.0,0.8551670330255373,1.0,1.0,1.0,0.9396529304273072
681,d2098ab3fc1953b3,True,1.0,1.0,1.0,1.0,1.0,1.0,1.0
682,f9ed38d9ddfa531e,True,1.0,0.0,0.0,1.0,1.0,1.0,0.0
683,b5b7e0338624532b,True,0.0,1.0,0.0,0.0,1.0,1.0,0.0
684,e7b780eed68e5ce3,True,1.0,1.0,1.0,1.0,1.0,1.0,1.0
685,557690c1c31357b1,True,1.0,1.0,0.9475828332538458,1.0,1.0,1.0,0.9781595138557692
686,fe71d216396c5ab3,True,1.0,1.0,1.0,1.0,1.0,1.0,1.0
687,c928d5d9ddc25082,True,1.0,1.0,1.0,1.0,1.0,1.0,1.0
688,3ea2b59016145c63,True,1.0,1.0,1.0,1.0,1.0,1.0,1.0
689,cc9f9924e6f25e64,True,1.0,1.0,0.7496537724628137,1.0,1.0,1.0,0.8956890718595057
690,be33fb4e1b435f1d,True,1.0,1.0,0.7902404724238268,1.0,1.0,1.0,0.9126001968432611
691,abba9d81ee9054ec,True,1.0,1.0,0.921973837656869,1.0,1.0,1.0,0.9674890990236955
692,9a15d775514e5018,True,1.0,1.0,0.6645184469657596,1.0,1.0,1.0,0.8602160195690666
693,7766bcc52078528c,True,1.0,1.0,1.0,1.0,1.0,1.0,1.0
694,cec165c3246d5529,True,1.0,0.0,0.0,1.0,1.0,1.0,0.0
695,3789d42ea83f569d,True,1.0,1.0,0.6262000534568422,1.0,1.0,1.0,0.8442500222736843
696,0b2839db08ae5ed6,True,1.0,1.0,0.7619152602879501,1.0,1.0,1.0,0.9007980251199793
697,87423b239de058c9,True,1.0,1.0,0.8721679362936707,1.0,1.0,1.0,0.9467366401223628
698,1719439969a55cc6,True,1.0,1.0,0.9450635402139766,1.0,1.0,1.0,0.9771098084224903
699,e61adc75d7da50c3,True,1.0,1.0,1.0,1.0,1.0,0.0,1.0
700,2f525b2a3cf35331,True,1.0,1.0,1.0,1.0,1.0,1.0,1.0
701,001d444661b45635,True,1.0,1.0,0.8206173396607909,1.0,1.0,1.0,0.9252572248586629
702,aa74d194063c5d0b,True,1.0,1.0,0.7565082009780534,1.0,1.0,1.0,0.8985450837408555
703,485b3e83878255b2,True,1.0,1.0,0.8488585744611651,1.0,1.0,1.0,0.9370244060254854
704,1809a28a46465129,True,1.0,1.0,1.0,1.0,1.0,1.0,1.0
705,f9f97f2e6d435822,True,1.0,1.0,0.7645567395749138,1.0,1.0,1.0,0.9018986414895475
706,18ca4d6e9c0a576b,True,1.0,1.0,1.0,1.0,1.0,1.0,1.0
707,9184d994aedd50b1,True,1.0,1.0,0.5718852447776589,1.0,1.0,1.0,0.8216188519906913
708,7af63267db5c5415,True,1.0,1.0,0.7737272390210724,1.0,1.0,1.0,0.9057196829254468
709,31cdd1b336305b1a,True,1.0,1.0,0.8001132795492402,1.0,1.0,1.0,0.9167138664788501
710,2a5a7c87bce352a7,True,1.0,1.0,0.8617565953881122,1.0,1.0,1.0,0.9423985814117134
711,2bce4431c5da5d1f,True,1.0,1.0,1.0,1.0,1.0,1.0,1.0
712,943c308c85d25ee5,True,1.0,1.0,0.7722993114794668,1.0,1.0,1.0,0.9051247131164445
713,39f91a002193578a,True,1.0,1.0,1.0,1.0,1.0,1.0,1.0
714,ea9f070b56115301,True,1.0,1.0,0.9370469925785653,1.0,1.0,1.0,0.9737695802410689
715,21b54e6d58985ae3,True,1.0,1.0,1.0,1.0,1.0,1.0,1.0
716,674ebcb39a4d528f,True,1.0,0.0,0.0,1.0,1.0,1.0,0.0
717,d3d9e16508ae5756,True,1.0,0.0,0.0,1.0,1.0,1.0,0.0
718,7287189737c85540,True,1.0,0.0,0.0,1.0,1.0,1.0,0.0
719,c0fb4281da785582,True,1.0,0.0,0.0,1.0,1.0,1.0,0.0
720,57fa478b9b1e5de3,True,1.0,1.0,1.0,1.0,1.0,1.0,1.0
721,27bcec96f13c5426,True,1.0,1.0,0.9582113572037645,1.0,1.0,1.0,0.9825880655015685
722,ee82b0fc7b2a5208,True,1.0,1.0,0.7043113332936497,1.0,1.0,1.0,0.876796388872354
723,650ed02359615f58,True,1.0,1.0,0.7147278636671187,1.0,1.0,1.0,0.8811366098612995
724,9aea5cdc656458a0,True,1.0,1.0,1.0,1.0,1.0,1.0,1.0
725,77f9c895af8b59f3,True,1.0,1.0,1.0,1.0,1.0,1.0,1.0
726,0774f845fe6b5de3,True,1.0,1.0,1.0,1.0,1.0,1.0,1.0
727,efcc43b333075098,True,1.0,1.0,0.8721427572015502,1.0,1.0,1.0,0.9467261488339792
728,47e0ff3bc36a5f69,True,1.0,1.0,0.832893434402246,1.0,1.0,1.0,0.930372264334269
729,fb4ac387cd285171,True,1.0,1.0,0.95434286178693,1.0,1.0,1.0,0.9809761924112208
730,26c48df074d151c6,True,1.0,1.0,0.6925868185033335,1.0,1.0,1.0,0.8719111743763889
731,5396af8f09455852,True,1.0,0.0,0.0,1.0,1.0,1.0,0.0
732,f72d2f080fe35910,True,1.0,1.0,0.8176139502207427,1.0,1.0,1.0,0.9240058125919761
733,876aec35f98a5280,True,1.0,1.0,1.0,1.0,1.0,1.0,1.0
734,ed95bd64d5a555c8,True,1.0,1.0,0.7944483325681599,1.0,1.0,1.0,0.9143534719034
735,6bd5888420e851a1,True,1.0,1.0,1.0,1.0,1.0,1.0,1.0
736,dc952092ef6a5243,True,1.0,1.0,1.0,1.0,1.0,1.0,1.0
737,bc73190196b358f6,True,1.0,1.0,1.0,1.0,1.0,1.0,1.0
738,582a4716d1bd55bc,True,1.0,1.0,0.8519629875757176,1.0,1.0,1.0,0.9383179114898823
739,53f754a75b955383,True,1.0,1.0,1.0,1.0,1.0,1.0,1.0
740,4a7fd1bd37ed5463,True,1.0,1.0,0.7289485926060669,1.0,1.0,1.0,0.8870619135858613
741,db1f0ea31f525bdb,True,1.0,1.0,1.0,1.0,1.0,1.0,1.0
742,d9422fc7065e5b62,True,1.0,1.0,0.6310910064360149,1.0,1.0,1.0,0.8462879193483396
743,5ca8a2941e3f56c2,True,1.0,1.0,1.0,1.0,1.0,1.0,1.0
744,94ae12c4703950be,True,1.0,1.0,0.8239890109865062,1.0,1.0,1.0,0.9266620879110442
745,35aa38c73e9251a7,True,1.0,1.0,0.9729482682587642,1.0,1.0,1.0,0.9887284451078185
746,e6b7dddf4ae95fea,True,0.0,1.0,0.0,0.0,1.0,0.0,0.0
747,ce6eb4e00dac5ae3,True,1.0,1.0,0.7831771448707362,1.0,1.0,1.0,0.90965714369614
748,18d63cca5ad554d2,True,1.0,1.0,0.875012797950528,1.0,1.0,1.0,0.9479219991460534
749,ef7089ecfb0c5028,True,0.5,0.0,0.0,0.0,1.0,0.5,0.0
750,52d6d6f0e4305a44,True,1.0,1.0,1.0,1.0,1.0,1.0,1.0
751,b81c602d68a25e90,True,1.0,1.0,0.9052318594406997,1.0,1.0,1.0,0.9605132747669582
752,d5b21176c2e1526c,True,1.0,1.0,1.0,1.0,1.0,0.5,1.0
753,9334f5a33c07587a,True,1.0,1.0,0.7404298944251038,1.0,1.0,1.0,0.8918457893437933
754,d395fa715d3e58c7,True,1.0,0.0,0.0,1.0,1.0,0.0,0.0
755,077031ef7dcb5ab4,True,1.0,1.0,1.0,1.0,1.0,1.0,1.0
756,9a03bf441e615cd6,True,1.0,0.0,0.0,1.0,1.0,0.5,0.0
757,ade646d3c19b5bb0,True,1.0,1.0,1.0,1.0,1.0,0.5,1.0
758,86d5685d21d15ee9,True,1.0,1.0,0.718239445396963,1.0,1.0,1.0,0.8825997689154012
759,667afe1f010351c5,True,0.0,1.0,0.0,0.0,1.0,1.0,0.0
760,af58d13139de5d3f,True,1.0,1.0,0.8334326433065162,1.0,1.0,1.0,0.9305969347110484
761,8673d97f94ae5700,True,1.0,1.0,0.8552153544953258,1.0,1.0,1.0,0.9396730643730523
762,f7544894729252f5,True,1.0,1.0,0.7834045962829922,1.0,1.0,1.0,0.9097519151179134
763,85164858b3e55841,True,1.0,1.0,0.8487067617066753,0.0,1.0,1.0,0.520294484044448
764,7d59e0ea1e0d524b,True,1.0,1.0,0.5695112960460078,1.0,1.0,1.0,0.8206297066858367
765,6410f5684be757b5,True,1.0,1.0,0.9737646392938832,0.0,1.0,1.0,0.572401933039118
766,d781ee7dce4a5351,True,1.0,1.0,1.0,1.0,1.0,1.0,1.0
767,a58d5374dae0552a,True,1.0,1.0,0.752237121111042,1.0,1.0,1.0,0.8967654671296009
768,fd9dc4abc0d357a1,True,1.0,1.0,0.9490970831411082,1.0,1.0,1.0,0.9787904513087952
769,208247acd8ca5e2c,True,1.0,1.0,1.0,0.0,1.0,1.0,0.5833333333333334
770,d45f18da371a5fe5,True,1.0,0.0,0.0,1.0,1.0,1.0,0.0
771,4bc95052d6d8547e,True,1.0,1.0,0.8084198974943309,1.0,1.0,1.0,0.9201749572893045
772,8898650e43665faf,True,1.0,1.0,0.7050172405304417,1.0,1.0,1.0,0.877090516887684
773,8fb6a2364e0c53f9,True,1.0,1.0,1.0,0.0,1.0,1.0,0.5833333333333334
774,2e5e4be9579d568d,True,1.0,1.0,0.9005282170383013,1.0,1.0,1.0,0.9585534237659589
775,31ffaa640cf85134,True,1.0,1.0,1.0,1.0,1.0,1.0,1.0
776,dac5a6aa183b5e73,True,1.0,0.0,0.0,1.0,1.0,1.0,0.0
777,88e453ca4644586f,True,1.0,1.0,0.8027280677648316,1.0,1.0,1.0,0.9178033615686799
778,19a52017c000548c,True,1.0,1.0,0.940792086402925,1.0,1.0,1.0,0.9753300360012188
779,1d037ee2ffda5d69,True,1.0,1.0,1.0,1.0,1.0,1.0,1.0
780,6fa01275a4525b26,True,1.0,1.0,0.8879766611367316,1.0,1.0,1.0,0.9533236088069715
781,e9fcec80707952c3,True,1.0,1.0,0.12171591707478809,1.0,1.0,1.0,0.6340482987811616
782,fbc9981c30745684,True,0.5,0.0,0.0,0.0,1.0,1.0,0.0
783,df2ed02abeba57fe,True,1.0,0.0,0.0,1.0,1.0,1.0,0.0
784,134699ce1ce455c4,True,1.0,1.0,0.8885096825016137,1.0,1.0,1.0,0.9535457010423389
785,c9614cfb18a953ae,True,1.0,1.0,1.0,1.0,1.0,1.0,1.0
786,e85416da86d4567f,True,1.0,1.0,0.7440082586652421,1.0,1.0,1.0,0.893336774443851
787,bb4ca2b147d35b62,True,1.0,0.0,0.0,1.0,1.0,1.0,0.0
788,dd951db716735c82,True,1.0,1.0,0.7023299479381591,1.0,1.0,1.0,0.8759708116408996
789,5757a661eb0f54d2,True,1.0,1.0,1.0,1.0,1.0,1.0,1.0
790,3fa9c77540225eae,True,1.0,1.0,1.0,1.0,1.0,1.0,1.0
791,70e6f01ee485510a,True,1.0,1.0,0.9030868746844515,1.0,1.0,1.0,0.9596195311185215
792,cd284af1ade75426,True,1.0,0.0,0.0,1.0,1.0,0.5,0.0
793,e9645135a4fe5739,True,1.0,1.0,0.7837757937134829,1.0,1.0,1.0,0.9099065807139511
794,feb90d2112ec57cf,True,1.0,1.0,0.6578289312970903,1.0,1.0,1.0,0.8574287213737876
795,324b5f24fb0c5f3f,True,1.0,1.0,0.679737222826416,1.0,1.0,1.0,0.8665571761776732
796,2c1f43c6b93c5952,True,1.0,0.0,0.0,1.0,1.0,0.0,0.0
797,e14d9a1990535a29,True,1.0,0.0,0.0,1.0,1.0,1.0,0.0
798,d6fc32608ecc581c,True,1.0,1.0,0.8795361977465893,1.0,1.0,1.0,0.949806749061079
799,af682242313853cb,True,1.0,1.0,1.0,1.0,1.0,1.0,1.0
800,90a14e5bd7cb5f47,True,1.0,1.0,1.0,1.0,1.0,1.0,1.0
801,51c2558524435a31,True,1.0,1.0,0.8900085744864128,1.0,1.0,1.0,0.9541702393693386
802,398010cdaac05adc,True,1.0,1.0,0.9666927275799412,1.0,1.0,1.0,0.9861219698249754
803,755461a5329554de,True,1.0,1.0,0.7916875658516275,1.0,1.0,1.0,0.9132031524381782
804,f7d2b771e8425c20,True,1.0,1.0,0.6709187489538648,1.0,1.0,1.0,0.8628828120641104
805,33c1e6fe4ce650bf,True,1.0,1.0,0.8758129913987347,1.0,1.0,1.0,0.9482554130828061
806,e54d6de2e70157b0,True,1.0,1.0,1.0,1.0,1.0,1.0,1.0
807,4f8d9bfa869553bb,True,1.0,1.0,1.0,1.0,1.0,1.0,1.0
808,9d32436291335261,True,1.0,1.0,1.0,1.0,1.0,1.0,1.0
809,3ba5c2d842785d59,True,1.0,1.0,0.9415398909220936,1.0,1.0,1.0,0.9756416212175391
810,d2361c07df2f51c2,True,1.0,1.0,0.6986245282722164,1.0,1.0,1.0,0.8744268867800903
811,7edc6539f71a5a79,True,1.0,1.0,0.9294623221704156,1.0,1.0,1.0,0.9706093009043398
812,8dac96b2393f5de9,True,1.0,1.0,0.9174886656772925,1.0,1.0,1.0,0.9656202773655386
813,847ac59d6cce5bc4,True,1.0,1.0,0.8267270009548993,1.0,1.0,1.0,0.9278029170645414
814,0f7854f951905e69,True,1.0,1.0,0.573723768249578,1.0,1.0,1.0,0.8223849034373242
815,dc05b41a768b5015,True,1.0,0.0,0.0,1.0,1.0,1.0,0.0
816,6f525eba8afc547c,True,1.0,1.0,0.8802256396821719,1.0,1.0,1.0,0.9500940165342383
817,b77b106f469055bd,True,1.0,1.0,0.8076797685461701,1.0,1.0,1.0,0.9198665702275708
818,7d10959013575b2d,True,1.0,1.0,0.7746813420236346,1.0,1.0,1.0,0.9061172258431811
819,627ed4c9950753e9,True,1.0,1.0,1.0,1.0,1.0,1.0,1.0
820,47359dd210e254ea,True,1.0,1.0,1.0,1.0,1.0,1.0,1.0
821,d54e58ba5e575ac0,True,1.0,1.0,1.0,1.0,1.0,1.0,1.0
822,1b5a55897d2950f9,True,1.0,0.0,0.0,1.0,1.0,0.0,0.0
823,734ef653644c55b9,True,1.0,1.0,0.9527521705823374,1.0,1.0,0.0,0.9803134044093073
824,e90b4ad6e7905adf,True,1.0,0.0,0.0,1.0,1.0,1.0,0.0
825,8b1aea091a6f5a16,True,0.0,1.0,0.0,0.0,1.0,1.0,0.0
826,ae878998fecb50a5,True,1.0,1.0,0.4970155390092989,1.0,1.0,1.0,0.7904231412538746
827,ad0701a39edd5c5a,True,1.0,1.0,0.9763773200650914,1.0,1.0,1.0,0.9901572166937881
828,b98d8c3330625df2,True,1.0,1.0,1.0,1.0,1.0,1.0,1.0
829,64a52073ea395752,True,1.0,1.0,0.7693752974972583,1.0,1.0,1.0,0.903906373957191
830,810b73ca95975db9,True,1.0,0.0,0.0,1.0,1.0,1.0,0.0
831,276396e455bb57b5,True,1.0,1.0,0.6427867635625918,1.0,1.0,1.0,0.8511611514844133
832,4d8b083f00675de2,True,1.0,1.0,1.0,1.0,1.0,1.0,1.0
833,660e14c77a1c550b,True,1.0,1.0,0.6415738168549507,1.0,1.0,1.0,0.8506557570228962
834,ec1dd3d02f035d78,True,0.0,1.0,0.0,0.0,1.0,1.0,0.0
835,1a5f614c9b815e92,True,1.0,1.0,1.0,1.0,1.0,1.0,1.0
836,e3aa32e033635c8d,True,1.0,1.0,0.6120736875078732,1.0,1.0,1.0,0.838364036461614
837,430589fe41235469,True,1.0,1.0,0.7249449156106874,1.0,1.0,1.0,0.8853937148377864
838,064018bfafb05f56,True,1.0,0.0,0.0,1.0,1.0,1.0,0.0
839,c404e4b4b7a455d3,True,0.0,1.0,0.0,0.0,1.0,1.0,0.0
840,d37e71f395695c6f,True,1.0,1.0,0.8185003272693185,1.0,1.0,1.0,0.9243751363622161
841,bcf76bb937d35be9,True,1.0,1.0,1.0,1.0,1.0,1.0,1.0
842,1cb96199b6a45732,True,1.0,1.0,0.8607282948616811,1.0,1.0,1.0,0.9419701228590339
843,6b52f2b62f215cb4,True,1.0,1.0,1.0,1.0,1.0,1.0,1.0
844,3d400bec249a5f88,True,1.0,1.0,0.8263697945825503,1.0,1.0,1.0,0.9276540810760627
845,fe0a33d7599a59b3,True,1.0,1.0,0.8468384529268274,1.0,1.0,1.0,0.9361826887195114
846,1e921882661b5a6b,True,1.0,1.0,0.7460861970331123,1.0,1.0,1.0,0.8942025820971301
847,9baf3c1d42b25070,True,1.0,1.0,1.0,1.0,1.0,1.0,1.0
848,bc949c2045ca5537,True,1.0,1.0,0.8243999459100055,1.0,1.0,1.0,0.9268333107958356
849,b6765fe7ee17596e,True,1.0,1.0,1.0,0.0,1.0,0.5,0.5833333333333334
850,239e3ed3199d5ae6,True,1.0,1.0,0.9376003345129655,1.0,1.0,1.0,0.9740001393804022
851,6469176632cf52a0,True,1.0,1.0,0.9458146758621377,1.0,1.0,1.0,0.9774227816092241
852,056c6ca971b355b4,True,1.0,1.0,0.7694166971588741,1.0,1.0,1.0,0.9039236238161976
853,618902d469b5516e,True,1.0,1.0,0.7853035898221181,1.0,1.0,1.0,0.9105431624258825
854,fca1702dec8a50c6,True,1.0,1.0,1.0,1.0,1.0,1.0,1.0
855,8f1247f8436c5208,True,1.0,1.0,0.8655605853786685,1.0,1.0,1.0,0.9439835772411119
856,88538f4b41cc5d4a,True,1.0,1.0,1.0,0.0,1.0,1.0,0.5833333333333334
857,1fb997ffe1de58f8,True,1.0,1.0,0.7875909921877695,1.0,1.0,1.0,0.911496246744904
858,7f2edc964c6d5323,True,1.0,1.0,0.5858799531513814,1.0,1.0,1.0,0.8274499804797423
859,be3551ae467a579e,True,1.0,0.0,0.0,1.0,1.0,0.5,0.0
860,312c0f2f981d51c3,True,1.0,1.0,0.7825447359172286,1.0,1.0,1.0,0.9093936399655119
861,06753f6c597f512b,True,1.0,1.0,1.0,1.0,1.0,1.0,1.0
862,b42d7dc2a3975573,True,1.0,0.0,0.0,1.0,1.0,1.0,0.0
863,82c913dd14e05a84,True,1.0,1.0,1.0,1.0,1.0,1.0,1.0
864,f7a474593242588b,True,1.0,1.0,0.9720790913407814,1.0,1.0,1.0,0.9883662880586589
865,04e3f71d6bc15d1e,True,0.0,1.0,0.0,0.0,1.0,1.0,0.0
866,6eac1c0e2bbd57bb,True,1.0,0.0,0.0,1.0,1.0,0.5,0.0
867,2743a2f96269577c,True,1.0,1.0,0.8910000257017395,1.0,1.0,0.5,0.9545833440423914
868,d58fe7e3c5575f27,True,1.0,1.0,1.0,1.0,1.0,1.0,1.0
869,44cd06a315635c09,True,1.0,1.0,0.7961964583517961,1.0,1.0,1.0,0.9150818576465817
870,f24100a519ef5940,True,1.0,1.0,0.8174341725168557,1.0,1.0,1.0,0.9239309052153565
871,1d7a96e116735b6c,True,1.0,1.0,0.7511002594274402,1.0,1.0,1.0,0.8962917747614334
872,4a29aee6f5bd5073,True,1.0,1.0,0.6019157476526491,1.0,1.0,1.0,0.8341315615219371
873,747f309bac56509f,True,1.0,1.0,0.9121801587133721,1.0,1.0,1.0,0.963408399463905
874,d7f6204c325d53fe,True,1.0,0.0,0.0,0.0,1.0,1.0,0.0
875,56a45baf2fb55951,True,1.0,1.0,0.9975842163733945,1.0,1.0,1.0,0.9989934234889143
876,3d34ef81b357566e,True,1.0,1.0,1.0,1.0,1.0,1.0,1.0
877,3984225e4458525b,True,1.0,1.0,0.7873790257429465,1.0,1.0,1.0,0.9114079273928944
878,36be99da12575896,True,1.0,0.0,0.0,1.0,1.0,1.0,0.0
879,4b347fca93c65596,True,1.0,0.0,0.0,1.0,1.0,0.5,0.0
880,fe6db2d0c7025b8a,True,1.0,1.0,1.0,1.0,1.0,1.0,1.0
881,fb5265ab37085422,True,1.0,1.0,0.9762304153045308,1.0,1.0,1.0,0.9900960063768878
882,6c81fef5b490580a,True,1.0,1.0,0.8390277585801472,1.0,1.0,0.0,0.932928232741728
883,2cbf505c735c5c34,True,1.0,1.0,0.838548154433684,1.0,1.0,1.0,0.9327283976807017
884,d3fe95784a34578f,True,1.0,1.0,0.8683660972868901,1.0,1.0,1.0,0.9451525405362041
885,8b8b41a9d00e5e32,True,1.0,1.0,0.8515672878816152,1.0,1.0,1.0,0.9381530366173396
886,944eece37ff15fa1,True,1.0,1.0,0.8604212680152761,1.0,1.0,1.0,0.9418421950063651
887,c968e1d258265a2b,True,1.0,1.0,0.8202775886223801,1.0,1.0,1.0,0.9251156619259917
888,ac808bd1bfac5425,True,1.0,0.0,0.0,1.0,1.0,1.0,0.0
889,92a263b537fd5b72,True,1.0,1.0,0.8592507703577038,1.0,1.0,1.0,0.9413544876490433
890,465d879f0b205c8f,True,1.0,1.0,1.0,1.0,1.0,1.0,1.0
891,fc1b6762387f5209,True,1.0,1.0,0.9481095046264408,1.0,1.0,1.0,0.978378960261017
892,df2b37f4a1b85a4e,True,1.0,1.0,0.8817104489144222,1.0,1.0,1.0,0.9507126870476759
893,28ecaf0359ee5029,True,1.0,1.0,0.980063216156688,1.0,1.0,1.0,0.9916930067319534
894,ed77d7ff214f53aa,True,1.0,1.0,0.9384486387361113,1.0,1.0,1.0,0.9743535994733797
895,85ab290d4e535060,True,1.0,1.0,1.0,1.0,1.0,1.0,1.0
896,dee481365b265a2d,True,1.0,1.0,0.5762023025077773,1.0,1.0,1.0,0.8234176260449072
897,f1d33f8016b153ef,True,1.0,1.0,1.0,1.0,1.0,1.0,1.0
898,155c42ad43525252,True,1.0,1.0,0.7608106704705284,1.0,1.0,1.0,0.9003377793627202
899,a523d2a173855e96,True,1.0,1.0,1.0,1.0,1.0,1.0,1.0
900,949a5f17807b5aac,True,1.0,1.0,0.7591638674424115,1.0,1.0,1.0,0.8996516114343381
901,912bc19c43a15d8d,True,1.0,1.0,0.8251284765592698,1.0,1.0,1.0,0.9271368652330292
902,ac28e0768c6a5821,True,1.0,1.0,1.0,1.0,1.0,1.0,1.0
903,c5727dc4f8665554,True,1.0,1.0,0.9832606923557804,1.0,1.0,1.0,0.9930252884815752
904,df2ff4c2c9785df6,True,1.0,1.0,0.8281582919776657,1.0,1.0,1.0,0.9283992883240274
905,dd23e66ff660575e,True,1.0,1.0,0.7540750684746355,0.0,1.0,0.5,0.48086461186443147
906,650d84864184549e,True,1.0,1.0,0.825561200829435,1.0,1.0,1.0,0.9273171670122645
907,166d08e80654527d,True,1.0,1.0,1.0,1.0,1.0,1.0,1.0
908,32e457e686675618,True,1.0,1.0,0.815179495296379,1.0,1.0,1.0,0.9229914563734912
909,b5f57f5a6b5b5244,True,1.0,1.0,0.5645018731202176,1.0,1.0,1.0,0.8185424471334241
910,82b415fbbc725562,True,1.0,1.0,1.0,1.0,1.0,1.0,1.0
911,97f7a14f8a835f59,True,1.0,1.0,1.0,1.0,1.0,1.0,1.0
912,8ec53979117552c7,True,1.0,1.0,0.7227927016267913,1.0,1.0,1.0,0.884496959011163
913,6d7ca07eac51558e,True,1.0,1.0,1.0,1.0,1.0,1.0,1.0
914,875f14a6967d5192,True,1.0,1.0,0.9065062767694715,1.0,1.0,1.0,0.9610442819872796
915,970cfee3bc7d5e3d,True,1.0,1.0,0.9367283511420426,0.0,1.0,1.0,0.5569701463091844
916,7291b74b016d5672,True,1.0,1.0,1.0,1.0,1.0,1.0,1.0
917,a2ef4eeb9dd45505,True,1.0,1.0,0.9245988665163802,1.0,1.0,1.0,0.9685828610484917
918,c68108211dfa57e0,True,1.0,1.0,0.6129825581709256,1.0,1.0,1.0,0.838742732571219
919,2035406a3a6955be,True,1.0,1.0,0.5465261757868483,1.0,1.0,1.0,0.8110525732445201
920,072471bece365f16,True,1.0,1.0,0.8201185738974963,1.0,1.0,1.0,0.9250494057906234
921,e3caf69e02f857ba,True,1.0,1.0,0.8431500230812645,1.0,1.0,1.0,0.9346458429505269
922,0bcebe354a715163,True,1.0,1.0,0.8490379679035772,1.0,1.0,1.0,0.9370991532931572
923,a7f15e4638b352c4,True,1.0,1.0,0.8667089559344502,1.0,1.0,1.0,0.9444620649726877
924,a96abad3a09753c5,True,1.0,1.0,0.01582969445985052,1.0,1.0,1.0,0.5899290393582711
925,71f883f1ec8f5e37,True,1.0,1.0,1.0,1.0,1.0,1.0,1.0
926,b23be6b0d9765878,True,1.0,1.0,0.8669784884820332,1.0,1.0,1.0,0.9445743702008471
927,fbe0e54ef79254bb,True,1.0,1.0,0.7322154197227144,1.0,1.0,1.0,0.888423091551131
928,2f1edc1ab2b55b05,True,1.0,1.0,0.8787678795166256,1.0,1.0,1.0,0.9494866164652608
929,daa3dbcfc784564c,True,1.0,1.0,1.0,1.0,1.0,1.0,1.0
930,7328fe7f857051ea,True,1.0,1.0,1.0,1.0,1.0,1.0,1.0
931,e2e2578cd6b6505f,True,1.0,1.0,0.5334630360417913,1.0,1.0,1.0,0.8056095983507463
932,38f4eed7d2cb5cc0,True,1.0,1.0,1.0,1.0,1.0,1.0,1.0
933,abe1ac610c3d5b82,True,1.0,1.0,0.9010119277564188,1.0,1.0,1.0,0.9587549698985077
934,8a02c25b58bb5a2b,True,1.0,1.0,1.0,1.0,1.0,1.0,1.0
935,482989b8df6550b5,True,0.0,1.0,0.0,1.0,1.0,1.0,0.0
936,8e9c1bb8232c5a14,True,1.0,0.0,0.0,1.0,1.0,1.0,0.0
937,6370add5182e51b7,True,1.0,1.0,1.0,1.0,1.0,1.0,1.0
938,54b1308d42085066,True,1.0,1.0,0.797104454320329,1.0,1.0,1.0,0.9154601893001372
939,b639f9aef8055d40,True,1.0,1.0,0.7587029436860712,1.0,1.0,1.0,0.8994595598691962
940,c2072dd6a3f85da0,True,1.0,1.0,0.46395723587661664,1.0,1.0,1.0,0.7766488482819236
941,43b78800618758d9,True,1.0,1.0,0.8729051326858547,1.0,1.0,1.0,0.9470438052857727
942,435eadb0f1fe5b49,True,1.0,1.0,0.8574660588184784,1.0,1.0,1.0,0.9406108578410327
943,ab7d0c4a928e5ec9,True,1.0,0.0,0.0,1.0,1.0,1.0,0.0
944,216d5205e9745145,True,1.0,1.0,0.7449762294524762,1.0,1.0,1.0,0.8937400956051983
945,19e90f2757b25f38,True,1.0,1.0,0.6461641990067397,1.0,1.0,1.0,0.8525684162528083
946,4c3547b853675e66,True,1.0,0.0,0.0,1.0,1.0,1.0,0.0
947,d745bef1cebc52e7,True,1.0,1.0,1.0,1.0,1.0,1.0,1.0
948,16f3b92e5d56573a,True,1.0,1.0,0.9818597131619302,1.0,1.0,1.0,0.9924415471508042
949,ee53e7213c995a0b,True,1.0,1.0,1.0,1.0,1.0,1.0,1.0
950,9016f4b84afb5913,True,1.0,1.0,1.0,0.0,1.0,1.0,0.5833333333333334
951,04605629ea8a50cc,True,1.0,1.0,0.6206940115881322,1.0,1.0,1.0,0.8419558381617218
952,00137a5ce92d591c,True,1.0,0.0,0.0,1.0,1.0,1.0,0.0
953,e1398b3ecf3f520d,True,1.0,1.0,0.886360429497655,1.0,1.0,1.0,0.9526501789573563
954,a7705685069f5979,True,1.0,1.0,0.9344951771071963,1.0,1.0,1.0,0.972706323794665
955,be0ea3126c955eae,True,1.0,1.0,0.622389040262981,1.0,1.0,1.0,0.8426621001095754
956,6d72d039fb9a551b,True,1.0,1.0,0.6340776980819267,1.0,1.0,1.0,0.8475323742008029
957,62013ac84b3a57e5,True,1.0,1.0,0.8586017689021634,1.0,1.0,1.0,0.9410840703759015
958,3d11d1a35e8f500d,True,1.0,1.0,0.916806436032182,1.0,1.0,1.0,0.9653360150134093
959,eec0bc4e1b185d67,True,1.0,1.0,0.9580114278435122,1.0,1.0,1.0,0.9825047616014634
960,8c9e3fd944c051e3,True,1.0,0.0,0.0,1.0,1.0,0.5,0.0
961,ae643fddc1195062,True,1.0,1.0,1.0,1.0,1.0,1.0,1.0
962,9a4575e2dfd75ffb,True,1.0,1.0,0.8667991134952294,1.0,1.0,1.0,0.9444996306230123
963,e92c94f8bdcc54c6,True,1.0,1.0,0.8490165308923848,1.0,1.0,1.0,0.9370902212051604
964,fccef3d0f5cc5d8e,True,1.0,1.0,1.0,1.0,1.0,1.0,1.0
965,446dbb38653a51a8,True,1.0,1.0,0.9544071384374233,1.0,1.0,1.0,0.9810029743489265
966,0df7b61597705cf2,True,1.0,1.0,0.702675227096034,1.0,1.0,1.0,0.8761146779566809
967,e36762528cdb5e37,True,1.0,1.0,0.4953418069287211,1.0,1.0,1.0,0.7897257528869671
968,33ecaddeb5735faf,True,1.0,0.0,0.0,1.0,1.0,1.0,0.0
969,621a9591a97758b8,True,1.0,1.0,0.6891174606351607,1.0,1.0,1.0,0.8704656085979835
970,9d9aced6d8da5f28,True,1.0,1.0,1.0,0.0,1.0,1.0,0.5833333333333334
971,84b38cdaa93e5dcd,True,1.0,1.0,0.7739508240966981,1.0,1.0,1.0,0.9058128433736242
972,f2e2e64000445230,True,1.0,1.0,0.9834859696532652,1.0,1.0,1.0,0.9931191540221939
973,e6c8f0c4aaea52d7,True,1.0,1.0,1.0,1.0,1.0,1.0,1.0
974,9a3778686fd058d2,True,1.0,1.0,0.7423621705623226,1.0,1.0,1.0,0.8926509044009677
975,0d50bb8976e45ea7,True,1.0,0.0,0.0,1.0,1.0,1.0,0.0
976,bbb7e4525bd05d3d,True,1.0,1.0,1.0,1.0,1.0,1.0,1.0
977,75f9d978b4d757a2,True,1.0,1.0,0.7834863984247744,1.0,1.0,1.0,0.909785999343656
978,0d2ff90baf395430,True,1.0,1.0,1.0,1.0,1.0,1.0,1.0
979,cb61b4237ad25a7c,True,1.0,1.0,0.8609965978233268,1.0,1.0,1.0,0.9420819157597196
980,ae02e969e8595cca,True,1.0,1.0,0.7947758669363406,1.0,1.0,1.0,0.9144899445568085
981,9104884bcb915c08,True,1.0,1.0,0.9093893668511007,1.0,1.0,1.0,0.962245569521292
982,9900336c08095d0f,True,1.0,1.0,0.7657154232118578,1.0,1.0,1.0,0.9023814263382741
983,b30e51044c885122,True,1.0,1.0,1.0,1.0,1.0,1.0,1.0
984,7e2dc290d51f5137,True,1.0,1.0,0.7296038207862685,1.0,1.0,1.0,0.8873349253276119
985,11cad3355c7b55dd,True,1.0,1.0,0.8934260245417457,1.0,1.0,1.0,0.955594176892394
986,7444ae8aea51554e,True,1.0,1.0,1.0,1.0,1.0,0.5,1.0
987,9b3eda2685e75099,True,1.0,1.0,1.0,1.0,1.0,1.0,1.0
988,269e03fbbb4c5856,True,1.0,1.0,1.0,1.0,1.0,1.0,1.0
989,3ffbf8596e7655ec,True,1.0,1.0,1.0,1.0,1.0,1.0,1.0
990,c1c3bb73344c593a,True,1.0,1.0,0.7929332385525175,1.0,1.0,1.0,0.9137221827302157
991,c1ea7d700faa5fee,True,1.0,1.0,1.0,0.0,1.0,1.0,0.5833333333333334
992,2805fe41d7d9543a,True,1.0,1.0,0.7206269158609496,1.0,1.0,1.0,0.8835945482753956
993,11182a0af9c95c8c,True,1.0,0.0,0.0,1.0,1.0,1.0,0.0
994,578adc6dc97d510f,True,1.0,1.0,0.9099951646613155,1.0,1.0,1.0,0.9624979852755482
995,19611832f7595b10,True,1.0,1.0,0.5553779150798616,1.0,1.0,0.5,0.8147407979499423
996,55bb551a2aa85849,True,1.0,1.0,0.8650764322627653,1.0,1.0,1.0,0.9437818467761522
997,8df6c22946e5526d,True,1.0,1.0,1.0,1.0,1.0,1.0,1.0
998,a2978bba82bd5751,True,1.0,0.0,0.0,1.0,1.0,1.0,0.0
999,71031bf46f1b5cb8,True,1.0,1.0,0.8706182693900019,1.0,1.0,1.0,0.9460909455791674
1000,cd0b91f235e25b76,True,0.0,0.0,0.0,0.0,1.0,0.5,0.0
1001,03143ef8f2f65a2f,True,1.0,1.0,0.5961356485039241,1.0,1.0,1.0,0.8317231868766349
1002,f727c5fa1e735d2d,True,1.0,1.0,0.9899595673026624,1.0,1.0,1.0,0.9958164863761093
1003,75811dfc02ce59f7,True,1.0,1.0,1.0,1.0,1.0,1.0,1.0
1004,f62e6cb228dc50e1,True,1.0,1.0,0.811758455808059,1.0,1.0,1.0,0.9215660232533579
1005,26e8589d8c485726,True,1.0,1.0,0.7829944146457763,1.0,1.0,1.0,0.9095810061024068
1006,12d426c6727d507a,True,1.0,1.0,0.7333395941922679,1.0,1.0,1.0,0.8888914975801115
1007,f29d6171f46b551d,True,1.0,1.0,0.7921315890998673,1.0,1.0,1.0,0.9133881621249446
1008,76a0c83f0b6453a0,True,0.0,1.0,0.0,0.0,1.0,1.0,0.0
1009,a3c4e4bf10d65ddb,True,1.0,1.0,0.8610271390362958,1.0,1.0,1.0,0.9420946412651232
1010,c887e4bc08f85aa5,True,1.0,1.0,1.0,0.0,1.0,1.0,0.5833333333333334
1011,6871543e963f5bdf,True,1.0,1.0,0.6403926802905952,1.0,1.0,1.0,0.8501636167877479
1012,cd67b6a868ed5745,True,1.0,1.0,1.0,1.0,1.0,1.0,1.0
1013,498c6f15e5c856bb,True,1.0,1.0,0.6629019407577126,1.0,1.0,1.0,0.8595424753157136
1014,bf8c5276f9a6539d,True,1.0,1.0,0.759146893998961,1.0,1.0,1.0,0.8996445391662338
1015,b0a7f01e57205fb4,True,1.0,1.0,0.5475188241948569,1.0,1.0,1.0,0.811466176747857
1016,706cc8e44dbd557d,True,1.0,1.0,0.8575507339396624,1.0,1.0,1.0,0.940646139141526
1017,d2937fdb8d605a73,True,1.0,1.0,0.7920575976749362,1.0,1.0,1.0,0.9133573323645567
1018,6fbdacdf660253b6,True,1.0,1.0,0.8562121963574851,1.0,1.0,1.0,0.9400884151489523
1019,f4f1692fee475afa,True,1.0,1.0,0.8879188460372338,1.0,1.0,1.0,0.9532995191821808
1020,d8f68111f5145cc9,True,1.0,1.0,0.9449348001436867,1.0,1.0,1.0,0.9770561667265362
1021,fda70850d06c51a1,True,1.0,1.0,1.0,1.0,1.0,1.0,1.0
1022,a6b518a433065727,True,1.0,0.0,0.0,1.0,1.0,1.0,0.0
1023,1b3ed6f1e9b8574d,True,1.0,1.0,0.5693061023355804,1.0,1.0,1.0,0.8205442093064917
1024,69d75ac905035187,True,1.0,1.0,0.8258080276656287,1.0,1.0,1.0,0.9274200115273453
1025,14d171fcb9295596,True,1.0,1.0,1.0,1.0,1.0,1.0,1.0
1026,e3f62a1acf9d565e,True,1.0,1.0,1.0,1.0,1.0,1.0,1.0
1027,b662afef6f935725,True,1.0,1.0,0.5775543316184153,1.0,1.0,1.0,0.8239809715076731
1028,66cd30f395c45537,True,1.0,1.0,0.7477947669583642,1.0,1.0,1.0,0.8949144862326518
1029,6f61120208385a02,True,1.0,0.0,0.0,1.0,1.0,1.0,0.0
1030,a43d45f7369d5489,True,1.0,1.0,1.0,1.0,1.0,1.0,1.0
1031,ddfadfe2f0385b3b,True,1.0,1.0,0.980743552144107,1.0,1.0,1.0,0.9919764800600447
1032,dc0c3446973f56b3,True,1.0,1.0,1.0,1.0,1.0,1.0,1.0
1033,5c1b8e332d105b79,True,0.0,1.0,0.0,0.0,1.0,0.0,0.0
1034,c45fc2b353c655af,True,1.0,1.0,0.9178819736543706,1.0,1.0,1.0,0.9657841556893212
1035,fd63045289ac5df7,True,1.0,1.0,0.9865026608859198,1.0,1.0,1.0,0.9943761087024665
1036,c86e7d3c0dfb57bd,True,1.0,1.0,1.0,1.0,1.0,1.0,1.0
1037,2f4117000a605404,True,1.0,1.0,0.9334484569485392,1.0,1.0,1.0,0.9722701903952246
1038,0e81b2ebbb30575e,True,1.0,1.0,0.6894506625732779,1.0,1.0,1.0,0.8706044427388658
1039,3099475cc5365074,True,1.0,1.0,0.9911109142275848,1.0,1.0,1.0,0.9962962142614936
1040,4dd817ed8b515ab1,True,1.0,1.0,0.9593618636377347,1.0,1.0,1.0,0.9830674431823895
1041,8733d5cc8ae956df,True,1.0,1.0,0.8393676073418788,1.0,1.0,1.0,0.9330698363924496
1042,68188bae28595f7c,True,1.0,1.0,1.0,1.0,1.0,1.0,1.0
1043,2376e90f1bf85c50,True,1.0,1.0,0.987063670137563,1.0,1.0,1.0,0.994609862557318
1044,1712f51cf5df564a,True,1.0,1.0,0.9002431550349332,1.0,1.0,1.0,0.9584346479312221
1045,ba69be06341d5b2b,True,1.0,1.0,0.9901256700006371,1.0,1.0,1.0,0.9958856958335988
1046,be7331d3f05e5d16,True,1.0,1.0,1.0,1.0,1.0,1.0,1.0
1047,8651cc01649b5d5b,True,1.0,1.0,0.5931234272568536,1.0,1.0,1.0,0.8304680946903558
1048,2bc38f766c8851fa,True,1.0,1.0,0.8745792298787118,1.0,1.0,0.0,0.9477413457827967
1049,c6e9b00edaa454da,True,1.0,1.0,1.0,1.0,1.0,1.0,1.0
1050,7edfabe116e25844,True,1.0,1.0,0.9101964350683655,1.0,1.0,1.0,0.9625818479451523
1051,82ee38a271b15bb1,True,1.0,0.0,0.0,1.0,1.0,1.0,0.0
1052,0b6912dfdcf450c1,True,1.0,0.0,0.0,0.0,1.0,1.0,0.0
1053,b2f320b5d94753f9,True,1.0,1.0,0.6986955388268813,1.0,1.0,1.0,0.8744564745112005
1054,f9b16eaee3b956a3,True,1.0,0.0,0.0,1.0,1.0,0.0,0.0
1055,8436ac812af859df,True,1.0,1.0,1.0,1.0,1.0,1.0,1.0
1056,d532c0b3a43a52dc,True,1.0,1.0,1.0,0.0,1.0,1.0,0.5833333333333334
1057,54fbc5743190519c,True,1.0,1.0,1.0,0.0,1.0,0.0,0.5833333333333334
1058,ed5defe615515789,True,1.0,0.0,0.0,1.0,1.0,0.0,0.0
1059,d66904f908405550,True,1.0,1.0,1.0,1.0,1.0,1.0,1.0
1060,bc2fe3314b345c63,True,1.0,1.0,0.9604732727370163,1.0,1.0,1.0,0.9835305303070901
1061,5b834475a09a531c,True,1.0,1.0,0.8639970230033912,1.0,1.0,1.0,0.9433320929180796
1062,ccd53fdd1b6e51b8,True,1.0,1.0,0.6436069013495352,1.0,1.0,1.0,0.8515028755623063
1063,65cf19209dc55631,True,1.0,1.0,0.6961564027862461,1.0,1.0,1.0,0.8733985011609359
1064,31ac916bb888562a,True,1.0,0.0,0.0,1.0,1.0,1.0,0.0
1065,77e9812a54d05caf,True,1.0,1.0,1.0,1.0,1.0,0.0,1.0
1066,08e2e519ac1e5226,True,1.0,1.0,1.0,1.0,1.0,1.0,1.0
1067,1faa29a936cd5277,True,1.0,0.0,0.0,1.0,1.0,1.0,0.0
1068,75f91ced021c543e,True,1.0,1.0,1.0,1.0,1.0,1.0,1.0
1069,e62e904da0695956,True,1.0,1.0,0.888495546045054,1.0,1.0,1.0,0.9535398108521059
1070,0769a262b53b589e,True,1.0,1.0,0.9742576859471453,1.0,1.0,1.0,0.9892740358113107
1071,ca6a8cc7012a5fac,True,1.0,1.0,0.7533893058711952,1.0,1.0,1.0,0.8972455441129981
1072,7d40448fd04e5e28,True,1.0,1.0,1.0,1.0,1.0,1.0,1.0
1073,a51ed55eaa9c54c9,True,1.0,1.0,0.8495149539507888,1.0,1.0,1.0,0.9372978974794953
1074,f191de4360a35ad8,True,1.0,1.0,0.44933664451060856,1.0,1.0,1.0,0.7705569352127535
1075,a1e8639c17ac5089,True,1.0,1.0,1.0,1.0,1.0,1.0,1.0
1076,6e0a467af0205f04,True,1.0,1.0,0.7733221708897904,1.0,1.0,1.0,0.9055509045374127
1077,45f13336bbd35146,True,1.0,0.0,0.0,1.0,1.0,1.0,0.0
1078,6ac603d43fbb57ef,True,0.0,1.0,0.0,0.0,1.0,1.0,0.0
1079,8781cde1032354cb,True,1.0,1.0,1.0,1.0,1.0,1.0,1.0
1080,e67c2879271350c1,True,1.0,1.0,0.8801622585813252,1.0,1.0,1.0,0.9500676077422189
1081,ba9d1824bc8c5e7d,True,1.0,1.0,0.7613289775354674,1.0,1.0,1.0,0.900553740639778
1082,6ecc4586af155c50,True,1.0,1.0,1.0,1.0,1.0,1.0,1.0
1083,d91f0c28683e52da,True,0.0,1.0,0.0,0.0,1.0,1.0,0.0
1084,d1065c7c84e054ae,True,1.0,1.0,1.0,1.0,1.0,1.0,1.0
1085,bd646d9caaef57d8,True,1.0,1.0,1.0,1.0,1.0,1.0,1.0
1086,1693d395bec753ae,True,1.0,1.0,1.0,1.0,1.0,1.0,1.0
1087,8d8f238bb7315004,True,1.0,1.0,0.7672899124453476,1.0,1.0,1.0,0.9030374635188948
1088,6debfcfccc75589c,True,1.0,1.0,0.8035845678837448,1.0,1.0,1.0,0.918160236618227
1089,8b7d99b5ae2a5219,True,0.0,1.0,0.0,0.0,1.0,1.0,0.0
1090,f49f94b388d8561d,True,1.0,1.0,1.0,1.0,1.0,1.0,1.0
1091,ff83944cb2845479,True,1.0,1.0,0.9515318510938454,1.0,1.0,1.0,0.9798049379557691
1092,977f40bd144b59e9,True,1.0,1.0,0.7831982589499992,1.0,1.0,1.0,0.9096659412291664
1093,4e1193a7697853ba,True,1.0,1.0,0.8507798639679566,1.0,1.0,1.0,0.9378249433199818
1094,ab1fd108d5885b58,True,1.0,0.0,0.0,1.0,1.0,0.0,0.0
1095,8a4a0c6823cd5e33,True,1.0,1.0,0.9851565878733508,1.0,1.0,1.0,0.9938152449472296
1096,1766fa78fd10576e,True,1.0,1.0,1.0,1.0,1.0,1.0,1.0
1097,a698a93fec1e57fa,True,1.0,1.0,1.0,1.0,1.0,1.0,1.0
1098,32a409f974555830,True,1.0,1.0,1.0,1.0,1.0,1.0,1.0
1099,6f0e15842e1b5924,True,1.0,1.0,0.7865786644621419,1.0,1.0,1.0,0.9110744435258925
1100,662212c87d0d5b09,True,1.0,1.0,0.8969578534469839,1.0,1.0,1.0,0.9570657722695767
1101,bbc93f086726531e,True,1.0,1.0,0.9733319925793892,1.0,1.0,1.0,0.9888883302414122
1102,e5b0b2c83a395163,True,0.5,1.0,1.0,1.0,1.0,1.0,0.5
1103,1ebc0b5378ab5caa,True,1.0,1.0,1.0,1.0,1.0,1.0,1.0
1104,47fae9a1708b5101,True,1.0,1.0,0.9757441066309606,1.0,1.0,1.0,0.9898933777629001
1105,ee95e29e1aec53e1,True,1.0,1.0,0.8740596378788249,1.0,1.0,1.0,0.947524849116177
1106,8d7e4421c3e45c99,True,1.0,1.0,0.7799141417907339,1.0,1.0,1.0,0.9082975590794725
1107,b02be1e28abb59f1,True,1.0,1.0,0.6851433265897245,1.0,1.0,1.0,0.8688097194123853
1108,7cdcc814be255d9f,True,0.0,1.0,0.0,0.0,1.0,1.0,0.0
1109,b3899f957ebe5684,True,0.5,1.0,0.46631723007712406,0.0,1.0,1.0,0.1804827562660675
1110,f7a9f82f17b256e2,True,1.0,0.0,0.0,1.0,1.0,1.0,0.0
1111,2cde4f39412a556d,True,1.0,1.0,0.9488614504355664,1.0,1.0,1.0,0.9786922710148193
1112,6f07313e88ab56fd,True,1.0,1.0,0.86709445453603,1.0,1.0,1.0,0.9446226893900125
1113,d01fec804cd45644,True,1.0,1.0,0.6238300739754458,1.0,1.0,1.0,0.8432625308231024
1114,ada62613f2ce5a33,True,1.0,1.0,0.5836320246213761,1.0,1.0,1.0,0.8265133435922399
1115,ade00f93385b5d14,True,1.0,1.0,1.0,1.0,1.0,1.0,1.0
1116,4d2d174465585abf,True,1.0,1.0,1.0,1.0,1.0,1.0,1.0
1117,0706e8bf25805e91,True,1.0,1.0,0.9766146357133891,1.0,1.0,1.0,0.9902560982139121
1118,0ef7ecd9c0035467,True,1.0,1.0,0.7936525968509249,1.0,1.0,1.0,0.9140219153545521
1119,243480f0f2545b3b,True,1.0,1.0,1.0,1.0,1.0,1.0,1.0
1120,79bba6381fb85a36,True,1.0,1.0,0.9261355041354957,1.0,1.0,1.0,0.9692231267231232
1121,874ce413a47e5c30,True,1.0,1.0,0.8935639251251064,1.0,1.0,1.0,0.9556516354687944
1122,81286af2aa9c5e17,True,1.0,1.0,0.5261278429614119,1.0,1.0,1.0,0.8025532679005883
1123,b76b03503cf95c02,True,1.0,1.0,1.0,1.0,1.0,1.0,1.0
1124,59b4bb47cf6656cf,True,1.0,0.0,0.0,1.0,1.0,1.0,0.0
1125,f0cdcc3967335c01,True,1.0,1.0,1.0,1.0,1.0,1.0,1.0
1126,1d4b518f1b175184,True,1.0,1.0,1.0,1.0,1.0,1.0,1.0
1127,0221ed2a1c495f23,True,1.0,0.0,0.0,1.0,1.0,1.0,0.0
1128,11482ead31545f3a,True,1.0,1.0,1.0,1.0,1.0,1.0,1.0
1129,cd0fd62195e552da,True,1.0,1.0,0.7654640094063695,1.0,1.0,1.0,0.9022766705859873
1130,51e74fb3d9945768,True,1.0,1.0,0.7977712041630931,1.0,1.0,1.0,0.915738001734622
1131,5abef8058afa529f,True,1.0,1.0,1.0,1.0,1.0,1.0,1.0
1132,b22ea864484d514f,True,1.0,1.0,0.9653503123228988,1.0,1.0,1.0,0.9855626301345412
1133,8237f47b224952b4,True,1.0,1.0,0.9932620116138691,1.0,1.0,1.0,0.997192504839112
1134,66908680155c550a,True,1.0,1.0,0.8944353838511515,1.0,1.0,1.0,0.9560147432713132
1135,1a3c8066b86857b5,True,1.0,1.0,0.9564698017773753,1.0,1.0,1.0,0.9818624174072396
1136,dff44219172a5f99,True,1.0,1.0,0.9198361619719269,1.0,1.0,1.0,0.9665984008216362
1137,7dd9388d605c50a1,True,1.0,1.0,0.9265003677531478,1.0,1.0,1.0,0.9693751532304783
1138,aa1b434771cb52d0,True,1.0,1.0,0.3189784385384557,1.0,1.0,1.0,0.7162410160576899
1139,24edcd5e5b7f546a,True,1.0,1.0,0.9435129862273771,1.0,1.0,1.0,0.976463744261407
1140,14f16328a6c0551e,True,1.0,1.0,0.6932305063770102,1.0,1.0,1.0,0.8721793776570875
1141,2ad9640eb724590d,True,1.0,1.0,0.7430661207360395,1.0,1.0,1.0,0.8929442169733498
1142,0000548db87959c2,True,1.0,1.0,0.62321707571152,1.0,1.0,1.0,0.8430071148798
1143,d71f89f4f6e350b8,True,1.0,1.0,1.0,1.0,1.0,1.0,1.0
1144,f11cf1d1b58454d8,True,1.0,1.0,0.848796148085524,1.0,1.0,1.0,0.936998395035635
1145,3ea43d5abad05188,True,1.0,1.0,0.9147925272002942,1.0,1.0,1.0,0.964496886333456
1146,f2508193ac0c5f27,True,1.0,1.0,0.6559611976552366,1.0,1.0,1.0,0.8566504990230154
1147,f49e8b1837cd5b23,True,1.0,1.0,0.7594336178215778,1.0,1.0,1.0,0.8997640074256573
1148,26de9e2da40c5b0c,True,1.0,1.0,0.6941941057030246,1.0,1.0,1.0,0.8725808773762602
1149,355835bced0c591f,True,1.0,0.0,0.0,1.0,1.0,1.0,0.0
1150,f3493d3b23cd55c2,True,1.0,1.0,0.7016886769008662,1.0,1.0,1.0,0.875703615375361
1151,774006a654915196,True,1.0,1.0,0.7688488386690397,1.0,1.0,1.0,0.9036870161120999
1152,5dbf07df40a55d2e,True,1.0,1.0,0.8285164526972262,1.0,1.0,1.0,0.9285485219571775
1153,eb6c8a396bb75a89,True,1.0,1.0,0.1280901998807472,1.0,1.0,1.0,0.6367042499503114
1154,e22c42694be05703,True,1.0,1.0,0.781502177578862,1.0,1.0,1.0,0.9089592406578592
1155,eabdad9a669b5739,True,1.0,1.0,1.0,1.0,1.0,1.0,1.0
1156,e59a5171c33c5af9,True,1.0,1.0,0.9875628097570734,1.0,1.0,1.0,0.9948178373987805
1157,f3fc5020ecbd537f,True,1.0,1.0,0.7969984466585434,1.0,1.0,1.0,0.9154160194410598
1158,44230a68f8305c14,True,1.0,1.0,0.9239245199729302,1.0,1.0,1.0,0.9683018833220544
1159,6ec2148215205936,True,1.0,1.0,0.5243447449918361,1.0,1.0,1.0,0.8018103104132651
1160,1d538fa6a8825de1,True,1.0,1.0,1.0,1.0,1.0,1.0,1.0
1161,20403b65d87d5e5a,True,1.0,1.0,1.0,1.0,1.0,1.0,1.0
1162,476ad53b78325ef2,True,1.0,1.0,0.3722060763525163,1.0,1.0,1.0,0.7384191984802152
1163,df020b6bdc1b59c0,True,1.0,1.0,1.0,1.0,1.0,1.0,1.0
1164,babd01c3694d5e18,True,1.0,1.0,0.9152831129591283,1.0,1.0,1.0,0.9647012970663035
1165,3257b4f1ac7e5b62,True,1.0,1.0,0.7900728273615844,1.0,1.0,1.0,0.9125303447339935
1166,483bb60b0a0451e6,True,1.0,1.0,0.7534256573511792,1.0,1.0,1.0,0.8972606905629913
1167,757fb1d7679c5dc2,True,1.0,1.0,0.7813741231126885,1.0,1.0,1.0,0.9089058846302868
1168,c06c4ffcf72653a5,True,1.0,1.0,1.0,1.0,1.0,1.0,1.0
1169,36e1ce5794595e73,True,1.0,1.0,1.0,1.0,1.0,1.0,1.0
1170,70f3a3d098bf5381,True,1.0,1.0,1.0,1.0,1.0,1.0,1.0
1171,a2e2a360029f508f,True,1.0,0.0,0.0,1.0,1.0,1.0,0.0
1172,536e9526257a57f2,True,1.0,1.0,0.9255051137326707,1.0,1.0,1.0,0.9689604640552796
1173,a0801105ad8b5ad3,True,1.0,1.0,0.7988907578848269,1.0,1.0,1.0,0.9162044824520112
1174,3aff98e018195468,True,1.0,1.0,1.0,0.0,1.0,1.0,0.5833333333333334
1175,91aeae3843455c34,True,1.0,1.0,1.0,1.0,1.0,1.0,1.0
1176,7f3ebea7b3415f87,True,1.0,1.0,0.8600074159300337,1.0,1.0,1.0,0.9416697566375141
1177,6e190fde9f8958f1,True,1.0,1.0,0.785636671939172,1.0,1.0,1.0,0.9106819466413216
1178,24429c08a8375061,True,1.0,1.0,0.8511400745652747,1.0,1.0,1.0,0.9379750310688645
1179,3f6732f66f695405,True,0.5,0.0,0.0,0.0,1.0,0.5,0.0
1180,31811172f43c5188,True,1.0,1.0,1.0,1.0,1.0,1.0,1.0
1181,4aa06b58da9a56f8,True,1.0,1.0,0.6413291825386501,1.0,1.0,1.0,0.8505538260577709
1182,92106b8512315c03,True,1.0,1.0,1.0,1.0,1.0,1.0,1.0
1183,a9c27d1fdee5599e,True,1.0,1.0,1.0,1.0,1.0,1.0,1.0
1184,91e06c22962d53bb,True,1.0,1.0,0.8421284034038098,1.0,1.0,1.0,0.9342201680849208
1185,7d5f417c01fb5a87,True,1.0,1.0,0.5499639566409068,1.0,1.0,1.0,0.8124849819337112
1186,e35a803202875fa0,True,1.0,1.0,0.847674388130393,1.0,1.0,1.0,0.9365309950543305
1187,8fc41f783d475448,True,1.0,1.0,1.0,1.0,1.0,1.0,1.0
1188,2e5997dafce45eb2,True,1.0,1.0,0.7052182214948793,1.0,1.0,1.0,0.8771742589561997
1189,92c6df44cf055882,True,1.0,1.0,0.669622185339193,1.0,1.0,1.0,0.8623425772246639
1190,4d718caa6ebc5b37,True,1.0,1.0,0.6459649289567683,1.0,1.0,1.0,0.8524853870653201
1191,7a90cd45ef505058,True,1.0,1.0,1.0,1.0,1.0,1.0,1.0
1192,0038810163a05e09,True,1.0,1.0,1.0,1.0,1.0,1.0,1.0
1193,74d0c56b12f25f92,True,1.0,1.0,0.8516017695073598,1.0,1.0,1.0,0.9381674039614
1194,488dd191f7dc59a8,True,0.0,1.0,0.0,0.0,1.0,1.0,0.0
1195,6e821a856fe45177,True,1.0,1.0,1.0,1.0,1.0,0.5,1.0
1196,eb5989e21dc35a47,True,1.0,1.0,0.7995557049948459,1.0,1.0,1.0,0.9164815437478525
1197,1f211666d4465388,True,1.0,1.0,0.7881938531839284,1.0,1.0,1.0,0.9117474388266369
1198,359f62a656b9586d,True,1.0,0.0,0.0,1.0,1.0,1.0,0.0
1199,e5bb04b7c6695184,True,1.0,1.0,1.0,1.0,1.0,1.0,1.0
1200,0f422a003dab525e,True,1.0,1.0,0.8042894849664628,1.0,1.0,1.0,0.9184539520693594
1201,72be63ed04f15f97,True,1.0,1.0,1.0,0.0,1.0,1.0,0.5833333333333334
1202,feb7748995f55bdd,True,1.0,1.0,1.0,1.0,1.0,1.0,1.0
1203,bf1370df23cf5118,True,1.0,1.0,0.8900643551251597,1.0,1.0,1.0,0.9541934813021499
1204,c4e94b7583555176,True,1.0,0.0,0.0,0.0,1.0,1.0,0.0
1205,05965158ab845b47,True,1.0,1.0,0.7704583760667073,1.0,1.0,1.0,0.9043576566944614
1206,2d305230053e5e19,True,1.0,1.0,0.9924179465352401,1.0,1.0,1.0,0.9968408110563501
1207,7eb33ecbb32d5a60,True,1.0,1.0,1.0,1.0,1.0,1.0,1.0
1208,e4c83b8feafe5cb4,True,1.0,1.0,0.8826301788493262,1.0,1.0,1.0,0.9510959078538859
1209,92d21bb7692b5664,True,1.0,1.0,0.9444547750800557,1.0,1.0,1.0,0.9768561562833566
1210,3137903199f35224,True,1.0,1.0,0.6424222978288889,1.0,1.0,1.0,0.851009290762037
1211,355dadd64723531e,True,1.0,1.0,0.9383274931531542,1.0,1.0,1.0,0.9743031221471475
1212,e001c497823c5154,True,1.0,1.0,1.0,1.0,1.0,1.0,1.0
1213,4bc54773ae245d10,True,1.0,1.0,1.0,1.0,1.0,1.0,1.0
1214,c418551cd6285092,True,1.0,1.0,0.7013440798310027,1.0,1.0,1.0,0.8755600332629179
1215,b191eb9b8de25005,True,1.0,1.0,1.0,1.0,1.0,1.0,1.0
1216,b389efc36b545908,True,1.0,1.0,0.9580433193917869,1.0,1.0,0.5,0.9825180497465779
1217,ca4f746c0a4f5396,True,1.0,1.0,0.774831057602962,1.0,1.0,1.0,0.9061796073345675
1218,2d578825c3a8565f,True,0.0,1.0,0.0,0.0,1.0,0.5,0.0
1219,efeac78f0da05463,True,1.0,1.0,0.7993927938252269,1.0,1.0,1.0,0.9164136640938446
1220,bdb32e2af06e5bc9,True,1.0,1.0,0.9256590446392127,1.0,1.0,1.0,0.9690246019330052
1221,247ae110b0c454cb,True,1.0,1.0,1.0,1.0,1.0,1.0,1.0
1222,9c62f0bf33fd542d,True,1.0,1.0,0.8683276299089611,1.0,1.0,1.0,0.9451365124620672
1223,9897a102ee075dee,True,1.0,1.0,0.7200654620921885,1.0,1.0,1.0,0.8833606092050785
1224,7a3e5ab8218e550f,True,1.0,0.0,0.0,1.0,1.0,0.0,0.0
1225,d9435ec2640f586f,True,1.0,0.0,0.0,1.0,1.0,1.0,0.0
1226,0b177a1d821055ea,True,1.0,1.0,0.9518445739652165,1.0,1.0,1.0,0.9799352391521735
1227,055e7b577c645e2e,True,1.0,0.0,0.0,1.0,1.0,0.0,0.0
1228,a924bf802fe25fa6,True,1.0,1.0,0.8939380451238654,1.0,1.0,1.0,0.9558075188016106
1229,ad84af7b33615884,True,1.0,1.0,1.0,1.0,1.0,0.0,1.0
1230,a27fe5d9685c5795,True,1.0,1.0,0.7947015819178724,1.0,1.0,1.0,0.9144589924657801
1231,f16fe36eef2b5157,True,1.0,1.0,0.5933795714615473,1.0,1.0,1.0,0.8305748214423113
1232,cd9330daeec55224,True,1.0,1.0,0.5587702291188724,1.0,1.0,1.0,0.8161542621328635
1233,3c46be05cd7a5cdf,True,1.0,1.0,0.7110106485070321,1.0,1.0,1.0,0.8795877702112634
1234,e045d3abc4e95f52,True,1.0,1.0,0.800529701673578,1.0,1.0,1.0,0.9168873756973243
1235,45845be1b56d59c7,True,1.0,1.0,1.0,1.0,1.0,1.0,1.0
1236,11811a7320ab58db,True,1.0,1.0,0.9763142352999864,0.0,1.0,1.0,0.5734642647083277
1237,d32f8367252b53b1,True,1.0,1.0,1.0,1.0,1.0,1.0,1.0
1238,778219f3cac65d35,True,1.0,1.0,0.5304324773874739,1.0,1.0,1.0,0.8043468655781142
1239,cebdeff85ac65185,True,1.0,1.0,1.0,1.0,1.0,1.0,1.0
1240,54718dd05cad553a,True,1.0,1.0,0.7712917989413504,1.0,1.0,1.0,0.9047049162255627
1241,5975a1af11e25fe4,True,1.0,1.0,1.0,1.0,1.0,1.0,1.0
1242,43c8e05e697f5abe,True,1.0,1.0,1.0,1.0,1.0,1.0,1.0
1243,14b25ce243865457,True,1.0,1.0,0.9326756877524695,1.0,1.0,1.0,0.9719482032301956
1244,3debd3d86b5850dd,True,1.0,1.0,1.0,1.0,1.0,1.0,1.0
1245,b6589175626f5510,True,1.0,1.0,0.6958157846702642,1.0,1.0,1.0,0.8732565769459434
1246,d1408323ef2357be,True,1.0,1.0,0.8368549717920224,1.0,1.0,1.0,0.9320229049133427
1247,cd7e9823f2b15e0f,True,1.0,1.0,1.0,0.0,1.0,1.0,0.5833333333333334
1248,291d82d04ec359e0,True,1.0,1.0,0.7499189015404895,1.0,1.0,1.0,0.8957995423085373
1249,e26de26a56dd5d21,True,1.0,1.0,0.7166260272576004,1.0,1.0,1.0,0.8819275113573335
1250,2b5d551f5466530e,True,1.0,1.0,0.8308310565707102,1.0,1.0,1.0,0.929512940237796
1251,3c7319cc63ab58c9,True,1.0,1.0,1.0,0.0,1.0,1.0,0.5833333333333334
1252,40d24af6505f50c9,True,1.0,1.0,0.5736990546469828,1.0,1.0,1.0,0.8223746061029095
1253,40d51aff75a85ab9,True,1.0,1.0,0.7278095473661398,1.0,1.0,1.0,0.8865873114025583
1254,26710ebfab6d528c,True,1.0,1.0,1.0,1.0,1.0,0.5,1.0
1255,d94a8579682651b4,True,1.0,1.0,0.9348491275965228,1.0,1.0,1.0,0.972853803165218
1256,de354f243fa157ec,True,1.0,1.0,0.9204676502878887,1.0,1.0,1.0,0.9668615209532869
1257,dfb6fbca92bb5183,True,1.0,1.0,0.8053101333539341,1.0,1.0,1.0,0.9188792222308059
1258,ffe92084016a5795,True,1.0,1.0,0.5087679641954382,1.0,1.0,1.0,0.7953199850814325
1259,cdc8b2ccd20f5c80,True,1.0,1.0,0.8343220002328242,1.0,1.0,1.0,0.93096750009701
1260,8b369f66349d550a,True,1.0,1.0,1.0,1.0,1.0,1.0,1.0
1261,159972aee8265c33,True,0.0,1.0,0.0,0.0,1.0,0.0,0.0
1262,35e9a9cf7fb85962,True,1.0,1.0,0.699165373385374,1.0,1.0,1.0,0.8746522389105724
1263,77f0818999145e8f,True,1.0,1.0,0.8563834947996375,0.0,1.0,1.0,0.5234931228331823
1264,61c5308743b35db2,True,1.0,1.0,0.6290627103829907,1.0,1.0,1.0,0.8454427959929127
1265,44324a7aa04f5501,True,1.0,1.0,0.911143994244933,1.0,1.0,1.0,0.9629766642687221
1266,6326e62f04625791,True,1.0,1.0,1.0,1.0,1.0,1.0,1.0
1267,086e4501de295946,True,1.0,0.0,0.0,1.0,1.0,0.0,0.0
1268,424cdafd92f25209,True,1.0,1.0,1.0,1.0,1.0,1.0,1.0
1269,cbdda157b6705786,True,1.0,1.0,0.6252252411089115,1.0,1.0,1.0,0.8438438504620466
1270,b9f3b69b160e5ad0,True,1.0,0.0,0.0,1.0,1.0,1.0,0.0
1271,559c83269c035643,True,1.0,1.0,1.0,1.0,1.0,1.0,1.0
1272,09a0456056555b0a,True,1.0,1.0,0.7581727079187374,1.0,1.0,1.0,0.8992386282994739
1273,afbbcee34f1850fd,True,1.0,1.0,0.7494760462638501,1.0,1.0,1.0,0.8956150192766043
1274,c388df5240dd5f6c,True,1.0,1.0,0.7688619920145012,1.0,1.0,1.0,0.9036924966727088
1275,4874da28248a5026,True,1.0,1.0,1.0,1.0,1.0,1.0,1.0
1276,c02bb4d7993e5bbb,True,1.0,1.0,0.9010887626325693,1.0,1.0,1.0,0.9587869844302372
1277,1682c020a94054fa,True,1.0,1.0,0.8941814369700424,1.0,1.0,1.0,0.955908932070851
1278,607b63930d2855da,True,1.0,0.0,0.0,1.0,1.0,0.0,0.0
1279,b462af5600bf5f88,True,1.0,1.0,1.0,1.0,1.0,1.0,1.0
1280,90314b74c92954d6,True,1.0,1.0,0.801503047724915,1.0,1.0,0.5,0.9172929365520478
1281,97b9989fa3675cab,True,1.0,0.0,0.0,1.0,1.0,1.0,0.0
1282,7ed4005bb9385a16,True,1.0,0.0,0.0,1.0,1.0,1.0,0.0
1283,65f236a74a3d53a4,True,1.0,1.0,0.8998489440537183,1.0,1.0,1.0,0.9582703933557161
1284,e8850900bade58f6,True,1.0,1.0,1.0,1.0,1.0,1.0,1.0
1285,883bb02a4f7c5f0a,True,1.0,1.0,1.0,1.0,1.0,1.0,1.0
1286,b3b8544db9025d6a,True,1.0,1.0,1.0,1.0,1.0,1.0,1.0
1287,9707c6cbc83556f6,True,1.0,1.0,1.0,1.0,1.0,1.0,1.0
1288,abe4fa26de85552d,True,1.0,1.0,1.0,1.0,1.0,1.0,1.0
1289,5a4811a0bde955b3,True,1.0,0.0,0.0,1.0,1.0,1.0,0.0
1290,a460a03aab635f35,True,1.0,0.0,0.0,1.0,1.0,1.0,0.0
1291,0a7ed373b7de5037,True,1.0,0.0,0.0,1.0,1.0,1.0,0.0
1292,c5fb72e3a0855c1b,True,1.0,1.0,0.6567287141662896,1.0,1.0,1.0,0.8569702975692873
1293,0ed2cf016ddc5f90,True,1.0,1.0,0.7749290272676332,1.0,1.0,1.0,0.9062204280281806
1294,9949b537feb55564,True,1.0,1.0,0.9084985811059322,1.0,1.0,1.0,0.9618744087941384
1295,4b55193d36c35e4a,True,1.0,1.0,1.0,1.0,1.0,1.0,1.0
1296,19488eb3301f5d26,True,1.0,1.0,0.7134426368459623,1.0,1.0,1.0,0.8806010986858176
1297,c9395d7ca7f75410,True,1.0,1.0,1.0,1.0,1.0,1.0,1.0
1298,8a249b6f42f35ca2,True,1.0,1.0,1.0,1.0,1.0,1.0,1.0
1299,768ae2e06b1e5d90,True,1.0,1.0,0.8585369238708446,1.0,1.0,1.0,0.9410570516128519
1300,c93a302d2fb2508f,True,1.0,1.0,0.7338050363020255,1.0,1.0,1.0,0.8890854317925106
1301,40c083a3c4ff5b45,True,1.0,0.0,0.0,0.0,1.0,1.0,0.0
1302,a259460cd13f55c2,True,1.0,1.0,0.9516320685272145,0.0,1.0,1.0,0.5631800285530061
1303,3dc04b54c3515f56,True,1.0,1.0,0.8523716680978073,1.0,1.0,1.0,0.938488195040753
1304,e36f096910ed562a,True,1.0,0.0,0.0,0.0,1.0,0.5,0.0
1305,613770d7f39051be,True,1.0,1.0,1.0,1.0,1.0,1.0,1.0
1306,b5bdef8a05605164,True,1.0,1.0,0.9424795432379109,0.0,1.0,1.0,0.5593664763491296
1307,789af91cd1755b7e,True,1.0,1.0,0.6187148056206697,1.0,1.0,1.0,0.8411311690086123
1308,c354c8cf3c975581,True,1.0,1.0,0.9245971554680413,1.0,1.0,0.0,0.9685821481116839
1309,21f55c28bb945892,True,1.0,1.0,0.6610120081865941,1.0,1.0,1.0,0.8587550034110808
1310,f41cf739059453a4,True,1.0,1.0,0.5291716827700821,1.0,1.0,1.0,0.8038215344875342
1311,a66477a84cc05f05,True,1.0,1.0,1.0,1.0,1.0,1.0,1.0
1312,0b4c7130090c5e85,True,1.0,1.0,1.0,1.0,1.0,1.0,1.0
1313,815153cb27f95a7c,True,1.0,1.0,0.6584901989684988,1.0,1.0,1.0,0.8577042495702077
1314,0bc64fd1b3ff5d1a,True,1.0,1.0,1.0,1.0,1.0,1.0,1.0
1315,7a3e0625f3c751ce,True,1.0,1.0,0.7943516183344939,1.0,1.0,1.0,0.9143131743060392
1316,95ba88fe9c385123,True,1.0,1.0,1.0,1.0,1.0,1.0,1.0
1317,317f5b44a4615e30,True,1.0,1.0,0.9694537405205709,1.0,1.0,1.0,0.9872723918835712
1318,f8191af1aab95906,True,1.0,1.0,1.0,1.0,1.0,1.0,1.0
1319,78a50eb4d40e5ffa,True,1.0,1.0,0.5997892111832273,1.0,1.0,1.0,0.833245504659678
1320,19f93eaa916d5528,True,1.0,1.0,0.9446580270057895,1.0,1.0,1.0,0.9769408445857456
1321,52c6827af61d5b87,True,1.0,1.0,1.0,1.0,1.0,1.0,1.0
1322,f5a9eba40a9055f3,True,1.0,1.0,1.0,1.0,1.0,1.0,1.0
1323,eb890bda8eb75f6c,True,1.0,1.0,0.8223653645051376,1.0,1.0,1.0,0.9259855685438074
1324,7bcc91de36385afe,True,1.0,1.0,0.8210025305325991,1.0,1.0,0.0,0.9254177210552497
1325,dcd5dc3f53d9533f,True,1.0,1.0,1.0,1.0,1.0,0.5,1.0
1326,76d3db995c9e5946,True,1.0,1.0,0.8022197539991238,1.0,1.0,1.0,0.9175915641663016
1327,8912a46529c059a1,True,1.0,1.0,0.8536571630951707,1.0,1.0,1.0,0.9390238179563211
1328,e67729beeaa95c34,True,1.0,1.0,1.0,1.0,1.0,1.0,1.0
1329,86db4cfb30b55a5e,True,1.0,1.0,1.0,1.0,1.0,1.0,1.0
1330,deb8de65573253b7,True,1.0,1.0,1.0,1.0,1.0,1.0,1.0
1331,a03c5e53159f54c3,True,1.0,1.0,0.9726039222277154,1.0,1.0,1.0,0.9885849675948815
1332,19a595ad0fe35941,True,0.0,1.0,0.0,0.0,1.0,0.5,0.0
1333,70297f5b95955dce,True,1.0,1.0,0.830414055593325,1.0,1.0,1.0,0.9293391898305522
1334,9b09b277214d5623,True,1.0,1.0,1.0,1.0,1.0,0.0,1.0
1335,b0a3bbfe213a507b,True,1.0,1.0,0.971431239252516,1.0,1.0,1.0,0.9880963496885483
1336,f6eec3b743985122,True,1.0,1.0,0.8605221683968235,1.0,1.0,1.0,0.9418842368320098
1337,5155241fdbbf57b3,True,1.0,1.0,1.0,1.0,1.0,1.0,1.0
1338,6b7e5348100b5572,True,1.0,1.0,1.0,1.0,1.0,1.0,1.0
1339,2243d4e976fb5b77,True,1.0,1.0,1.0,1.0,1.0,1.0,1.0
1340,93494257467c5e97,True,1.0,1.0,0.7560278819735766,1.0,1.0,1.0,0.8983449508223235
1341,9fc5098e21355c6e,True,1.0,1.0,0.8587675841682443,1.0,1.0,1.0,0.9411531600701019
1342,1d612d6783845a87,True,1.0,1.0,0.967599503638655,1.0,1.0,1.0,0.9864997931827729
1343,83be5aa78f7652de,True,1.0,1.0,0.11354608653406333,1.0,1.0,1.0,0.6306442027225264
1344,7643b4b3f33d5910,True,1.0,1.0,0.853143467702745,1.0,1.0,1.0,0.938809778209477
1345,ad34e2d0d3865530,True,1.0,1.0,0.6922611831816784,1.0,1.0,1.0,0.871775492992366
1346,fac7dc214370509e,True,1.0,1.0,0.626780177282767,1.0,1.0,1.0,0.8444917405344863
1347,71629f355b5e5b19,True,1.0,0.0,0.0,1.0,1.0,0.5,0.0
1348,e36e9da57e1e5e32,True,1.0,1.0,0.5314629066545005,1.0,1.0,1.0,0.8047762111060418
1349,38d08753fa4651c2,True,0.0,1.0,0.0,0.0,1.0,1.0,0.0
1350,7c75567759e15900,True,1.0,1.0,1.0,1.0,1.0,1.0,1.0
1351,a28e921b642a5936,True,1.0,1.0,0.8006785814718815,1.0,1.0,1.0,0.9169494089466174
1352,c239a3efe5df5739,True,1.0,1.0,0.9053018830961707,1.0,1.0,1.0,0.960542451290071
1353,af335d636f4c516e,True,1.0,0.0,0.0,1.0,1.0,1.0,0.0
1354,607fd9c5903d5376,True,0.0,0.0,0.0,0.0,1.0,0.5,0.0
1355,ec60244b07ad5466,True,1.0,1.0,1.0,1.0,1.0,1.0,1.0
1356,67c138fc9ac459b5,True,1.0,0.0,0.0,1.0,1.0,1.0,0.0
1357,8b1193abd0b75de0,True,1.0,1.0,0.8757576637622294,1.0,1.0,1.0,0.9482323599009289
1358,3b34e3fd5b9e5767,True,1.0,1.0,0.593743252014652,1.0,1.0,1.0,0.8307263550061049
1359,04daf401ec185f96,True,1.0,1.0,0.6989502810047747,1.0,1.0,1.0,0.8745626170853228
1360,11182f26946650bd,True,1.0,1.0,0.5263486219180279,1.0,1.0,1.0,0.8026452591325116
1361,f42bdbb0a30c5854,True,1.0,1.0,1.0,1.0,1.0,1.0,1.0
1362,e9bfb4821bfd5801,True,1.0,1.0,1.0,1.0,1.0,1.0,1.0
1363,93512ae1de725307,True,1.0,1.0,1.0,1.0,1.0,1.0,1.0
1364,34cc387cf0335f28,True,1.0,1.0,0.8340951641328649,1.0,1.0,1.0,0.9308729850553604
1365,bdb0f78978cd5307,True,1.0,1.0,0.8350171172594747,1.0,1.0,1.0,0.9312571321914479
1366,bc1a3b9fa4ca5000,True,1.0,1.0,0.9945311189066524,1.0,1.0,1.0,0.9977212995444384
1367,b5ca533bca505ceb,True,1.0,1.0,1.0,1.0,1.0,1.0,1.0
1368,72a43a590e3758f8,True,1.0,0.0,0.0,1.0,1.0,1.0,0.0
1369,2d4d907377f35695,True,1.0,1.0,0.7890881212139674,1.0,1.0,1.0,0.9121200505058198
1370,5237b49651b35ffb,True,1.0,1.0,1.0,1.0,1.0,1.0,1.0
1371,7015bc44f34252f4,True,1.0,1.0,1.0,1.0,0.0,1.0,0.8333333333333334
1372,9873c047e9155996,True,1.0,1.0,0.7637702508028018,1.0,1.0,1.0,0.9015709378345007
1373,bdb0947d0c835022,True,1.0,1.0,1.0,1.0,1.0,1.0,1.0
1374,b4aa2f58df795a92,True,1.0,1.0,0.8033036558232639,1.0,1.0,1.0,0.9180431899263599
1375,d496c44726c35e33,True,1.0,1.0,1.0,1.0,1.0,1.0,1.0
1376,125839faad9a5f7d,True,1.0,1.0,1.0,1.0,1.0,1.0,1.0
1377,0372bb63e704555a,True,0.0,0.0,0.0,0.0,1.0,0.0,0.0
1378,09fda519bc395630,True,1.0,1.0,0.6658667507404733,1.0,1.0,1.0,0.8607778128085305
1379,0ebdf3a905ba522f,True,1.0,1.0,0.8632857239320315,1.0,1.0,1.0,0.9430357183050132
1380,071b435a4f4057e0,True,1.0,1.0,1.0,0.0,1.0,1.0,0.5833333333333334
1381,3a76a6ab17535552,True,1.0,1.0,0.9151845780187964,1.0,1.0,1.0,0.9646602408411651
1382,d21b22d6c0405ad7,True,1.0,1.0,0.7135436366812182,1.0,1.0,0.5,0.8806431819505076
1383,9d87610ffed85509,True,1.0,1.0,0.9576637928242607,1.0,1.0,1.0,0.9823599136767753
1384,0dc3dee5c8815a90,True,1.0,1.0,0.12768204420095883,1.0,1.0,1.0,0.6365341850837328
1385,808e5edcddce51c3,True,1.0,1.0,0.904540309130494,1.0,1.0,1.0,0.9602251288043725
1386,95fa228136aa55d1,True,1.0,1.0,0.8149630008888277,1.0,1.0,1.0,0.9229012503703449
1387,e2080118123b5cc8,True,1.0,1.0,0.7983235461059012,1.0,1.0,1.0,0.9159681442107921
1388,72808a9b1e7f5f15,True,1.0,1.0,1.0,1.0,1.0,1.0,1.0
1389,2620b03dcfcc567b,True,1.0,1.0,0.8247812150527383,1.0,1.0,1.0,0.9269921729386409
1390,8ac66bedd6d057d2,True,1.0,1.0,0.5752779040579268,1.0,1.0,1.0,0.8230324600241362
1391,959a7f2070f551e9,True,1.0,1.0,0.6717080153438064,1.0,1.0,1.0,0.8632116730599194
1392,9b7ffde4ab9c53a5,True,1.0,1.0,1.0,1.0,1.0,1.0,1.0
1393,f33a23766bcb55a6,True,1.0,1.0,0.5676542463946201,1.0,1.0,1.0,0.8198559359977584
1394,70b9e5ded0b057d7,True,1.0,1.0,1.0,0.0,1.0,1.0,0.5833333333333334
1395,bda5925fd37a5818,True,1.0,1.0,1.0,1.0,1.0,1.0,1.0
1396,3fe4d3672285579c,True,1.0,1.0,0.9995349976245018,1.0,1.0,1.0,0.999806249010209
1397,1370cea130165b51,True,1.0,1.0,1.0,1.0,1.0,1.0,1.0
1398,7aeb6cedbf4353ef,True,1.0,1.0,0.9863912481908458,1.0,1.0,1.0,0.9943296867461857
1399,c962887d22e95f88,True,1.0,1.0,1.0,1.0,1.0,1.0,1.0
1400,d07c624bab3d5a61,True,1.0,1.0,0.9281579329674037,1.0,1.0,1.0,0.970065805403085
1401,ac07a96cae965e88,True,1.0,1.0,1.0,1.0,1.0,1.0,1.0
1402,a27875deccc151e0,True,1.0,1.0,0.7750062718857313,1.0,1.0,1.0,0.9062526132857215
1403,5099c20d468f5cf4,True,1.0,1.0,0.8641336782718931,1.0,1.0,1.0,0.9433890326132888
1404,997fb38ac5d75864,True,1.0,0.0,0.0,1.0,1.0,1.0,0.0
1405,88152114a47d5175,True,1.0,1.0,1.0,1.0,1.0,1.0,1.0
1406,4bdff78fdccd5f6d,True,1.0,1.0,1.0,1.0,1.0,1.0,1.0
1407,695d7450eb3958c1,True,1.0,1.0,0.7060343426910937,1.0,1.0,1.0,0.8775143094546224
1408,62d4c8dfdef65bc5,True,1.0,1.0,0.8504103306101731,1.0,1.0,1.0,0.9376709710875722
1409,013ec5b715635a66,True,1.0,1.0,1.0,1.0,1.0,1.0,1.0
1410,05d6f076bdc855d1,True,1.0,1.0,0.9462547883186351,1.0,1.0,1.0,0.9776061617994314
1411,963ea50b7eb2554b,True,1.0,1.0,1.0,1.0,1.0,1.0,1.0
1412,4768080b04d5530e,True,1.0,1.0,0.9440259710943539,1.0,1.0,1.0,0.9766774879559809
1413,ff9d7c14934b541e,True,1.0,1.0,0.786029082588379,1.0,1.0,1.0,0.9108454510784912
1414,93c82496dc8e59c5,True,1.0,1.0,1.0,1.0,1.0,1.0,1.0
1415,f8f1d3aa1a30553d,True,1.0,1.0,0.7429071344893499,1.0,1.0,1.0,0.8928779727038959
1416,bed4ec62805f5790,True,1.0,1.0,1.0,1.0,1.0,1.0,1.0
1417,fc0a59dcf9d75219,True,1.0,0.0,0.0,1.0,1.0,1.0,0.0
1418,10ae805f0be95c1f,True,1.0,1.0,0.9170851065869977,1.0,1.0,1.0,0.9654521277445823
1419,68d4846662cd53c3,True,1.0,1.0,0.8227316371184947,1.0,1.0,1.0,0.9261381821327062
1420,bc667a4fc0f454d7,True,1.0,1.0,0.8795593244473782,1.0,1.0,1.0,0.9498163851864075
1421,20ffc5c3de7c591a,True,1.0,1.0,0.74905806318003,1.0,1.0,1.0,0.8954408596583457
1422,a1325310017c5057,True,1.0,1.0,1.0,1.0,1.0,1.0,1.0
1423,fa919203c245502d,True,1.0,1.0,0.8730225353629113,1.0,1.0,1.0,0.9470927230678797
1424,0b232677746253a0,True,1.0,1.0,1.0,1.0,1.0,1.0,1.0
1425,f6038d685a4d55b4,True,0.0,0.0,0.0,0.0,1.0,0.0,0.0
1426,a8dacf347a605f0d,True,1.0,1.0,0.8033909846846944,1.0,1.0,1.0,0.9180795769519561
1427,8872d388cf435f07,True,1.0,1.0,1.0,1.0,1.0,1.0,1.0
1428,3bae0e44f3095a9c,True,1.0,1.0,0.6838680170570047,1.0,1.0,1.0,0.8682783404404186
1429,143989e6ed115458,True,1.0,1.0,0.8373058798964764,1.0,1.0,1.0,0.9322107832901985
1430,748779bcdb5b5a49,True,1.0,1.0,0.9730498159464891,1.0,1.0,1.0,0.9887707566443704
1431,0093ff0188ea5b90,True,1.0,1.0,1.0,1.0,1.0,1.0,1.0
1432,4a4bf6e11a875f33,True,1.0,1.0,0.8172124317602717,1.0,1.0,1.0,0.9238385132334465
1433,4b3c6a95987c552d,True,0.0,1.0,0.0,0.0,1.0,1.0,0.0
1434,30d60ce25f4d552e,True,1.0,1.0,0.8721820483411018,1.0,1.0,1.0,0.9467425201421258
1435,d1cf48dea57f5d2a,True,1.0,0.0,0.0,1.0,1.0,1.0,0.0
1436,3f5c9cc5b40a5ff5,True,1.0,1.0,1.0,1.0,1.0,1.0,1.0
1437,99f3a7ec61305307,True,1.0,1.0,0.7308702717669113,1.0,1.0,1.0,0.8878626132362131
1438,dc6df220730c599a,True,0.0,1.0,0.0,0.0,1.0,1.0,0.0
1439,e5e00457df055e1a,True,1.0,1.0,1.0,1.0,1.0,1.0,1.0
1440,8635c0dd984c51f3,True,1.0,1.0,1.0,1.0,1.0,1.0,1.0
1441,ad2bbc4542205912,True,1.0,1.0,0.9420723023612957,1.0,1.0,1.0,0.9758634593172065
1442,d81c4398a40b52b9,True,1.0,1.0,0.9665645398780763,1.0,1.0,1.0,0.9860685582825317
1443,6ff86f7f95cb502a,True,1.0,1.0,1.0,1.0,1.0,1.0,1.0
1444,61d847c3a95f5032,True,1.0,1.0,0.862057866144228,1.0,1.0,1.0,0.9425241108934284
1445,1e6597b57a335949,True,1.0,1.0,1.0,1.0,1.0,1.0,1.0
1446,dcdacf7509ed5062,True,1.0,1.0,0.7930003389701614,1.0,1.0,1.0,0.9137501412375673
1447,4314c162a57f568e,True,1.0,1.0,0.806016534611918,1.0,1.0,1.0,0.9191735560882992
1448,79cfc07ef4645c81,True,1.0,1.0,0.7981907966669246,1.0,1.0,1.0,0.915912831944552
1449,b1bcfdce40d5572e,True,1.0,1.0,0.7502852628836275,1.0,1.0,0.5,0.8959521928681782
1450,3a36b098acee53b9,True,1.0,1.0,1.0,1.0,1.0,1.0,1.0
1451,0f622aef14545f59,True,1.0,1.0,0.8253096190491018,1.0,1.0,1.0,0.927212341270459
1452,482601c870805c11,True,1.0,1.0,0.9350492014773918,1.0,1.0,1.0,0.9729371672822467
1453,3af1019a97d959fa,True,1.0,1.0,1.0,1.0,1.0,1.0,1.0
1454,c0a12f1497045322,True,1.0,1.0,0.8964036590001381,1.0,1.0,1.0,0.9568348579167242
1455,02bfb6340c185b97,True,1.0,1.0,0.685719650237852,1.0,1.0,1.0,0.8690498542657717
1456,1ecea4b911675b72,True,1.0,1.0,0.7661354280530598,1.0,1.0,1.0,0.9025564283554416
1457,3be53588a286557f,True,1.0,1.0,0.9011253393503733,1.0,1.0,1.0,0.9588022247293222
1458,5022f5d01ba85e74,True,1.0,0.0,0.0,1.0,1.0,1.0,0.0
1459,6004740a8a8052f8,True,1.0,1.0,0.7676212602598348,1.0,1.0,1.0,0.9031755251082645
1460,196cb93444b35dd7,True,1.0,1.0,0.6545353574163979,1.0,1.0,1.0,0.8560563989234992
1461,632a1b53a6875b22,True,1.0,1.0,0.8239938327081037,1.0,1.0,1.0,0.9266640969617098
1462,4dde36d102a4526b,True,1.0,1.0,1.0,1.0,1.0,1.0,1.0
1463,b94fd2088a4f5688,True,1.0,1.0,0.7862745370711698,1.0,1.0,1.0,0.9109477237796542
1464,0573408e3cfb5130,True,1.0,1.0,0.8476443564618092,1.0,1.0,1.0,0.9365184818590873
1465,a916c0c016825703,True,1.0,1.0,1.0,1.0,1.0,1.0,1.0
1466,f1ceb70bd72a5048,True,1.0,1.0,0.6747383943707898,1.0,1.0,1.0,0.8644743309878291
1467,a589b9ccbe3e5d1c,True,1.0,1.0,0.6140146817800424,1.0,1.0,1.0,0.8391727840750177
1468,1c62222c7c0b522f,True,1.0,1.0,1.0,1.0,1.0,1.0,1.0
1469,ef9b600e65ac5391,True,1.0,1.0,0.8141866840973667,1.0,1.0,1.0,0.9225777850405695
1470,7ba76233a35553c2,True,1.0,1.0,1.0,1.0,1.0,1.0,1.0
1471,5b61b9072cad5dbc,True,1.0,0.0,0.0,1.0,1.0,1.0,0.0
1472,581a74871330567f,True,1.0,1.0,1.0,1.0,1.0,1.0,1.0
1473,570a5855539b5c7e,True,1.0,1.0,0.8502660020172798,1.0,1.0,1.0,0.9376108341738666
1474,72720a5350e75184,True,1.0,1.0,0.91060295996021,1.0,1.0,1.0,0.9627512333167543
1475,0a21cbc65e5b514f,True,1.0,1.0,0.751210274809612,1.0,1.0,1.0,0.896337614504005
1476,ea1302023ad258ff,True,1.0,0.0,0.0,1.0,1.0,0.0,0.0
1477,2eb015a011ac5fa2,True,1.0,1.0,1.0,1.0,1.0,1.0,1.0
1478,f3f9f7a6f8f15f49,True,0.0,1.0,0.0,0.0,1.0,1.0,0.0
1479,8c1e2438ad5f514a,True,1.0,1.0,1.0,1.0,1.0,1.0,1.0
1480,95005e9d60b05d1d,True,1.0,1.0,0.8261516661607378,1.0,1.0,1.0,0.9275631942336408
1481,6884907db45c5cad,True,1.0,1.0,0.9803044431400442,1.0,1.0,1.0,0.9917935179750185
1482,c9459a7641335bba,True,1.0,1.0,1.0,1.0,1.0,1.0,1.0
1483,52cad7d83eb65e75,True,1.0,1.0,0.7823717133969017,1.0,1.0,1.0,0.9093215472487092
1484,5a90354cbaa45cc2,True,1.0,1.0,0.7562130124330886,1.0,1.0,1.0,0.8984220885137869
1485,255be1c4910b506e,True,1.0,1.0,0.7470740877222166,1.0,1.0,1.0,0.8946142032175902
1486,83f9ceae9dad56d9,True,1.0,1.0,0.6434106842102917,1.0,1.0,1.0,0.8514211184209549
1487,a4f2f32aa59f53b9,True,1.0,1.0,0.9310277177999079,1.0,1.0,1.0,0.971261549083295
1488,236c1e1f86ec5e98,True,1.0,1.0,0.9647161345063427,1.0,1.0,1.0,0.9852983893776428
1489,d44d886053b15b23,True,1.0,0.0,0.0,0.0,1.0,0.0,0.0
1490,fd9b66480e895706,True,1.0,1.0,0.6867624638173675,1.0,1.0,1.0,0.869484359923903
1491,96c3433ef79a5478,True,1.0,1.0,0.6428112153416283,1.0,1.0,1.0,0.8511713397256785
1492,353988b87d995f68,True,1.0,1.0,0.8424523612586974,1.0,1.0,1.0,0.9343551505244573
1493,a32383d18e5351cc,True,1.0,1.0,0.17815756630908464,1.0,1.0,1.0,0.6575656526287853
1494,cda41068b4b65ae0,True,1.0,0.0,0.0,1.0,1.0,1.0,0.0
1495,ecdc079932755e4e,True,1.0,1.0,0.8834354301309002,1.0,1.0,1.0,0.9514314292212084
1496,9a5799ace9455841,True,1.0,1.0,1.0,1.0,1.0,1.0,1.0
1497,4332fab190e05b95,True,1.0,1.0,1.0,1.0,1.0,1.0,1.0
1498,522894525b4e5168,True,1.0,0.0,0.0,1.0,1.0,1.0,0.0
1499,32a73ed06daa5b0e,True,1.0,1.0,0.8791973069332429,1.0,1.0,1.0,0.9496655445555179
1500,4631b80af7fb5f2f,True,1.0,1.0,1.0,1.0,1.0,1.0,1.0
1501,dd4483f390725319,True,0.0,1.0,0.0,0.0,1.0,1.0,0.0
1502,89766121ee605be0,True,1.0,1.0,0.9365398483881928,1.0,1.0,0.5,0.973558270161747
1503,345fc96fdf4c572b,True,1.0,1.0,0.8781655736132902,1.0,1.0,1.0,0.9492356556722042
1504,70322003ab525a2e,True,1.0,1.0,1.0,1.0,1.0,1.0,1.0
1505,35b84fa433f0583f,True,1.0,1.0,0.5902459864088346,1.0,1.0,1.0,0.8292691610036811
1506,026e7b1e0e335625,True,1.0,1.0,1.0,1.0,1.0,1.0,1.0
1507,ab66df989bcc56aa,True,1.0,1.0,0.9319307367171252,1.0,1.0,1.0,0.9716378069654689
1508,28113a97a08b5ff1,True,1.0,1.0,1.0,1.0,1.0,1.0,1.0
1509,6b5a3fa1663e5a8d,True,1.0,1.0,0.6811646230691377,1.0,1.0,1.0,0.8671519262788073
1510,98045d12586d50b6,True,0.0,0.0,0.0,0.0,1.0,1.0,0.0
1511,0c5365f52bac5785,True,1.0,1.0,1.0,1.0,1.0,1.0,1.0
1512,6891e8163e4d5e58,True,1.0,1.0,0.8391171773918527,1.0,1.0,1.0,0.9329654905799386
1513,699a6c3e2fc4597e,True,1.0,1.0,0.8506509150770194,1.0,1.0,1.0,0.9377712146154247
1514,7f1f382094685881,True,1.0,1.0,0.8849419901159727,1.0,1.0,1.0,0.952059162548322
1515,2aa414aa9a9057fb,True,1.0,1.0,0.703016879047594,1.0,1.0,1.0,0.8762570329364975
1516,2f1f5a4351e15458,True,1.0,1.0,0.867682732163486,1.0,1.0,1.0,0.9448678050681192
1517,84b69613f5e6551c,True,1.0,1.0,0.6443252762711528,1.0,1.0,1.0,0.8518021984463137
1518,927aa2c8ef7d5b5c,True,1.0,1.0,1.0,1.0,1.0,1.0,1.0
1519,accb5d206fd05911,True,1.0,0.0,0.0,1.0,1.0,1.0,0.0
1520,7fc551e4e0375d00,True,1.0,1.0,0.8176357612751664,1.0,1.0,1.0,0.9240149005313194
1521,33c738c5f199510e,True,1.0,1.0,0.9661050612568025,1.0,1.0,1.0,0.9858771088570011
1522,68ea9d09300c5886,True,1.0,1.0,1.0,1.0,1.0,1.0,1.0
1523,ba8e8393326d5652,True,1.0,1.0,0.9327149808423907,1.0,1.0,1.0,0.9719645753509961
1524,01ce9c82de0d5539,True,1.0,1.0,0.7589996741524698,1.0,1.0,1.0,0.8995831975635292
1525,e54d150b34215b84,True,1.0,1.0,0.8204350797238861,1.0,1.0,1.0,0.9251812832182859
1526,94c3ef5a3168570a,True,1.0,0.0,0.0,1.0,1.0,1.0,0.0
1527,5085749584aa5377,True,1.0,1.0,0.6238886867404506,1.0,1.0,1.0,0.8432869528085211
1528,624b5f7f1f4a503e,True,1.0,1.0,0.6007071372087852,1.0,1.0,1.0,0.8336279738369937
1529,4f5e535c78385629,True,1.0,1.0,1.0,1.0,1.0,1.0,1.0
1530,30b35ae958ee5bae,True,1.0,1.0,0.46797463336616646,1.0,1.0,1.0,0.7783227639025694
1531,ad2ceb40a046543c,True,1.0,1.0,1.0,1.0,1.0,1.0,1.0
1532,9e991901a49a55ea,True,1.0,1.0,1.0,1.0,1.0,1.0,1.0
1533,7022b42a3743507a,True,1.0,1.0,1.0,1.0,1.0,1.0,1.0
1534,5bb6cc197a7455e4,True,1.0,1.0,1.0,1.0,1.0,1.0,1.0
1535,4127ff2cfd615955,True,1.0,1.0,0.8798602828371674,1.0,1.0,1.0,0.9499417845154864
1536,36383c82194a543d,True,1.0,1.0,1.0,1.0,1.0,1.0,1.0
1537,d1af94a471135add,True,1.0,1.0,0.8698346244168612,1.0,1.0,1.0,0.9457644268403588
1538,4a0ba18cefc05c63,True,1.0,1.0,1.0,1.0,1.0,1.0,1.0
1539,277758d55617567b,True,1.0,1.0,0.649088454709746,1.0,1.0,1.0,0.8537868561290608
1540,c98ef0c5c89c51d6,True,1.0,0.0,0.0,1.0,1.0,1.0,0.0
1541,dc97241b7037592b,True,1.0,1.0,0.9755622580348206,1.0,1.0,1.0,0.9898176075145085
1542,873e300af5a95bf2,True,1.0,1.0,0.9377221370717094,1.0,1.0,1.0,0.9740508904465456
1543,e952dd35343958d8,True,1.0,1.0,0.7097487353694311,1.0,1.0,1.0,0.8790619730705963
1544,7b8d8487706f501e,True,0.0,1.0,0.0,0.0,1.0,1.0,0.0
1545,ea91c9a3a75f514c,True,1.0,1.0,0.7923518386768468,1.0,1.0,1.0,0.9134799327820194
1546,2313aa310e16503d,True,1.0,1.0,1.0,1.0,1.0,1.0,1.0
1547,ca85e7b7b71559b3,True,1.0,0.0,0.0,1.0,1.0,1.0,0.0
1548,ad8e3279524854c3,True,1.0,1.0,0.8490024555862773,1.0,1.0,1.0,0.9370843564942822
1549,f7f7750b2dc2548e,True,1.0,1.0,0.7125446184214351,1.0,1.0,1.0,0.8802269243422646
1550,bee76fa92b735b00,True,1.0,1.0,0.8290086841657378,1.0,1.0,1.0,0.9287536184023907
1551,bfb373d958725fc8,True,1.0,1.0,1.0,1.0,1.0,1.0,1.0
1552,f6b9867069845fd2,True,1.0,1.0,0.4828278000293182,1.0,1.0,1.0,0.7845115833455493
1553,ab51ce190cca5673,True,1.0,1.0,0.7821098315335968,1.0,1.0,1.0,0.9092124298056653
1554,c2ce362b9cf95fee,True,0.0,1.0,0.0,0.0,1.0,1.0,0.0
1555,31222d2fc6f95e0d,True,1.0,1.0,0.9869602157036708,1.0,1.0,1.0,0.9945667565431963
1556,d8952813d8de574d,True,1.0,1.0,0.9116146282395857,1.0,1.0,1.0,0.963172761766494
1557,f9bd532e790f53ea,True,1.0,1.0,0.6154987450817401,1.0,1.0,1.0,0.8397911437840584
1558,ffd429cac51751d9,True,1.0,1.0,1.0,1.0,1.0,1.0,1.0
1559,095042ae1f985c39,True,0.0,0.0,0.0,0.0,1.0,0.5,0.0
1560,0feb5eb464bc52b0,True,1.0,1.0,0.8736939841399795,1.0,1.0,1.0,0.9473724933916582
1561,a164681774715cea,True,1.0,1.0,0.8010000154089977,1.0,1.0,1.0,0.917083339753749
1562,e3ef42c62ba2595b,True,1.0,1.0,1.0,1.0,1.0,1.0,1.0
1563,fd3606c29f3f57fb,True,1.0,1.0,0.8681635362237871,1.0,1.0,1.0,0.9450681400932446
1564,571bb034360052d9,True,1.0,1.0,1.0,1.0,1.0,1.0,1.0
1565,11d091d0bd985e5e,True,1.0,1.0,0.8025521196488309,1.0,1.0,1.0,0.9177300498536796
1566,0d9243e74a1a501a,True,1.0,1.0,0.7267461380666771,1.0,1.0,1.0,0.8861442241944487
1567,121b6c8a61d85945,True,1.0,1.0,0.6310612539214931,1.0,1.0,1.0,0.8462755224672888
1568,443b9c514efc5829,True,1.0,1.0,0.9755054552384687,1.0,1.0,1.0,0.9897939396826952
1569,260c9a75f6e05785,True,1.0,1.0,1.0,1.0,1.0,1.0,1.0
1570,842d40cd41cf56e8,True,1.0,1.0,0.7869983045662593,1.0,1.0,1.0,0.9112492935692748
1571,3ce72ef7e80855e2,True,1.0,1.0,0.765783363930653,1.0,1.0,1.0,0.9024097349711054
1572,aa34b08bfad85fac,True,1.0,1.0,0.8478624453348785,1.0,1.0,1.0,0.9366093522228661
1573,366c7e46b0415253,True,1.0,1.0,0.7393534400977059,1.0,1.0,1.0,0.8913972667073775
1574,54fbe498c745542e,True,1.0,1.0,1.0,1.0,1.0,1.0,1.0
1575,4cd806a126f85b23,True,1.0,1.0,0.8088431189480669,1.0,1.0,0.0,0.9203512995616946
1576,d792515ce4b257a4,True,1.0,0.0,0.0,1.0,1.0,0.0,0.0
1577,48f9e483baaf58a0,True,1.0,1.0,0.8025022850658508,1.0,1.0,1.0,0.9177092854441046
1578,30a0f5cf9ab95eee,True,1.0,1.0,0.8691932737171448,1.0,1.0,1.0,0.9454971973821437
1579,00a757f8d4e45f8c,True,0.5,0.0,0.0,0.0,1.0,1.0,0.0
1580,116aacf9868e5e4e,True,1.0,1.0,0.9108187923627675,1.0,1.0,1.0,0.9628411634844865
1581,9483bda6b31259bd,True,1.0,1.0,0.7683734082350183,1.0,1.0,1.0,0.9034889200979244
1582,9c63a8a78f3251d3,True,1.0,1.0,1.0,1.0,1.0,1.0,1.0
1583,d8d39177bd96593d,True,1.0,1.0,0.784682141574239,1.0,1.0,1.0,0.9102842256559329
1584,4afad5f528f45dfe,True,1.0,0.0,0.0,1.0,1.0,1.0,0.0
1585,ee8e4ad158ef5a8d,True,1.0,1.0,1.0,1.0,1.0,1.0,1.0
1586,cc54b0f77c84506d,True,1.0,1.0,0.8563152320964088,1.0,1.0,1.0,0.940131346706837
1587,9243ca15a76e552f,True,1.0,1.0,0.9045997469269125,1.0,1.0,1.0,0.9602498945528802
1588,c07f609f83b85dd6,True,1.0,1.0,0.8696332780750259,1.0,1.0,1.0,0.9456805325312608
1589,028613e11f415422,True,1.0,1.0,0.8907136501055739,1.0,1.0,1.0,0.9544640208773224
1590,a7a7c9782f3951a1,True,1.0,1.0,1.0,1.0,1.0,1.0,1.0
1591,54e1cb577c0a5f7e,True,1.0,1.0,0.8649624422445075,1.0,1.0,1.0,0.9437343509352115
1592,5c9d51dc830453c5,True,1.0,1.0,0.811098499739866,1.0,1.0,1.0,0.9212910415582775
1593,d3484ba53e775a66,True,1.0,1.0,1.0,1.0,1.0,0.5,1.0
1594,54e57dfcbf295398,True,1.0,1.0,1.0,1.0,1.0,1.0,1.0
1595,e0190f0059145fc6,True,1.0,1.0,0.9471069263426373,0.0,1.0,0.5,0.5612945526427655
1596,5fe40d882c3b545f,True,1.0,1.0,1.0,1.0,1.0,1.0,1.0
1597,065ec41ed01d59ca,True,1.0,1.0,1.0,1.0,1.0,1.0,1.0
1598,24a09c3c8a985e8e,True,1.0,1.0,1.0,0.0,1.0,1.0,0.5833333333333334
1599,6f0538a6ba9c5b7f,True,1.0,1.0,1.0,0.0,1.0,1.0,0.5833333333333334
1600,cbadd750cbd6581b,True,1.0,1.0,0.7679964238527504,1.0,1.0,1.0,0.9033318432719794
1601,f5cf721a02df5ba1,True,1.0,1.0,0.826547355393256,1.0,1.0,1.0,0.9277280647471899
1602,e6be0f4d0dc351d0,True,1.0,1.0,1.0,1.0,1.0,1.0,1.0
1603,86feb30b850f5ff2,True,1.0,0.0,0.0,1.0,1.0,1.0,0.0
1604,2ee0fbae6edc5e0d,True,1.0,0.0,0.0,1.0,1.0,1.0,0.0
1605,aba3b771ef0054c6,True,1.0,1.0,0.8855138570991964,1.0,1.0,1.0,0.9522974404579984
1606,d5fc95fa66025d7a,True,1.0,1.0,0.7247568625219734,1.0,1.0,1.0,0.8853153593841556
1607,34a92bb4ef51562b,True,1.0,1.0,0.9414673592716066,0.0,1.0,1.0,0.5589447330298362
1608,9248ce20618c5513,True,1.0,1.0,0.7849311532217145,1.0,1.0,1.0,0.9103879805090477
1609,9af711dfa6eb5952,True,1.0,1.0,1.0,1.0,1.0,1.0,1.0
1610,2e6b78be8c9e5e0c,True,1.0,1.0,1.0,1.0,1.0,1.0,1.0
1611,910ce583575e5f8d,True,1.0,1.0,0.6938709608237961,1.0,1.0,1.0,0.8724462336765817
1612,bf478a1422445c12,True,1.0,1.0,0.7923638558767527,1.0,1.0,1.0,0.913484939948647
1613,5a907598a1985222,True,1.0,0.0,0.0,1.0,1.0,1.0,0.0
1614,ac55c7f072c6528d,True,1.0,0.0,0.0,1.0,1.0,1.0,0.0
1615,08a135d9245b50c2,True,1.0,1.0,0.9152953427496602,1.0,1.0,1.0,0.9647063928123584
1616,76e0272a57f55674,True,1.0,1.0,0.7934420168183448,0.0,1.0,1.0,0.4972675070076436
1617,866fab78f1da518b,True,1.0,1.0,1.0,1.0,1.0,1.0,1.0
1618,06f604b0d4835371,True,1.0,0.0,0.0,1.0,1.0,1.0,0.0
1619,16125101defb5b51,True,1.0,1.0,1.0,1.0,1.0,1.0,1.0
1620,95329718628e5f7f,True,1.0,1.0,0.9770180629015762,1.0,1.0,1.0,0.9904241928756568
1621,0d77009a20f25175,True,1.0,1.0,1.0,1.0,1.0,1.0,1.0
1622,1a25d6503c075cc8,True,1.0,1.0,1.0,1.0,1.0,1.0,1.0
1623,c054f473288d5515,True,1.0,1.0,0.7617979908494176,1.0,1.0,1.0,0.900749162853924
1624,a3f82403e6945aa7,True,1.0,1.0,0.9424461394336284,1.0,1.0,1.0,0.9760192247640118
1625,13b9787d163b5072,True,1.0,1.0,0.497790856799762,1.0,1.0,0.5,0.7907461903332341
1626,02325da26296565c,True,1.0,1.0,1.0,1.0,1.0,1.0,1.0
1627,812a8e70ad07507d,True,1.0,1.0,0.5793169291232544,1.0,1.0,1.0,0.8247153871346894
1628,a8da6565d00e514a,True,0.5,0.0,0.0,0.0,1.0,0.0,0.0
1629,d4187db8dc625207,True,1.0,1.0,0.9577163841671652,1.0,1.0,1.0,0.9823818267363188
1630,190c8d0cece45af1,True,1.0,1.0,1.0,1.0,1.0,1.0,1.0
1631,dcf89e4b93ba5fbe,True,1.0,1.0,1.0,0.0,1.0,1.0,0.5833333333333334
1632,00fcad6d092c5e8e,True,0.0,1.0,0.0,0.0,1.0,0.0,0.0
1633,76f053cb2f8851c7,True,1.0,1.0,1.0,1.0,1.0,1.0,1.0
1634,4fbfc7dc71db50e2,True,1.0,1.0,0.8031619414927125,1.0,1.0,1.0,0.9179841422886302
1635,0cbeffce57295a2b,True,1.0,1.0,1.0,1.0,1.0,1.0,1.0
1636,3f2cec87b5ad5d96,True,1.0,0.0,0.0,0.0,1.0,1.0,0.0
1637,c84475f2d8475f9d,True,1.0,1.0,0.89168925950057,1.0,1.0,1.0,0.9548705247919042
1638,b4914b3d729357d1,True,1.0,1.0,1.0,1.0,1.0,1.0,1.0
1639,b3f47592bf415aa3,True,1.0,1.0,0.7938890402158922,1.0,1.0,1.0,0.9141204334232884
1640,0f31cc38f9f55c9a,True,1.0,1.0,0.8138024673648501,1.0,1.0,1.0,0.9224176947353543
1641,ce3a4f649e23590d,True,1.0,1.0,0.8747352612319921,1.0,1.0,1.0,0.9478063588466634
1642,6ffc117437175255,True,1.0,1.0,0.7296228924000556,1.0,1.0,1.0,0.8873428718333565
1643,ea3b45489faf5c70,True,1.0,0.0,0.0,1.0,1.0,1.0,0.0
1644,1b4499d988b052ce,True,1.0,1.0,1.0,1.0,1.0,1.0,1.0
1645,eb7ed87b4ef65273,True,1.0,1.0,1.0,1.0,1.0,1.0,1.0
1646,96f19d920d5558e9,True,1.0,1.0,0.8317816491224249,1.0,1.0,1.0,0.9299090204676771
1647,cbd14310b3885779,True,1.0,0.0,0.0,1.0,1.0,0.0,0.0
1648,4581d95a873c5679,True,1.0,0.0,0.0,1.0,1.0,0.0,0.0
1649,cbe7b4e464235ca6,True,1.0,1.0,0.6967937755486285,1.0,1.0,1.0,0.873664073145262
1650,647c05f9fa725528,True,1.0,1.0,0.581497862580145,1.0,1.0,1.0,0.8256241094083938
1651,d4f972826d645ca8,True,1.0,1.0,0.559404706732541,1.0,1.0,1.0,0.8164186278052253
1652,994c2c1c459b5cc8,True,1.0,1.0,0.688362337780921,1.0,1.0,1.0,0.8701509740753838
1653,a8afec520f035a68,True,1.0,1.0,0.8007201458749561,1.0,1.0,1.0,0.9169667274478984
1654,e76cb8b17f8f51f3,True,1.0,1.0,1.0,1.0,1.0,1.0,1.0
1655,0b9a48e2b0d351b9,True,1.0,1.0,0.22469714329998297,1.0,1.0,1.0,0.6769571430416595
1656,615329a491785c3a,True,1.0,1.0,1.0,1.0,1.0,1.0,1.0
1657,96cb1a2412095a90,True,1.0,1.0,0.9164268847504361,1.0,1.0,1.0,0.965177868646015
1658,15959d7a3d3a53f5,True,1.0,1.0,0.8800814599106332,1.0,1.0,1.0,0.9500339416294304
1659,54a9fe6636755234,True,0.5,1.0,1.0,0.0,1.0,1.0,0.2916666666666667
1660,63c145828c3b5fd8,True,1.0,1.0,0.5831929718479221,1.0,1.0,1.0,0.8263304049366341
1661,c30e5bb7e0595851,True,1.0,1.0,0.6655700443948355,1.0,1.0,1.0,0.8606541851645148
1662,a42cc34c8a985b67,True,1.0,1.0,0.8660535717352481,0.0,1.0,0.0,0.5275223215563534
1663,e8d7197f07635cfb,True,1.0,1.0,1.0,1.0,1.0,1.0,1.0
1664,9d02128f653455a3,True,1.0,1.0,0.983431873103445,1.0,1.0,1.0,0.9930966137931021
1665,6d5f5983c8eb5615,True,1.0,1.0,0.8092972595907799,1.0,1.0,1.0,0.9205405248294917
1666,bc8d053770cf5449,True,1.0,1.0,1.0,1.0,1.0,1.0,1.0
1667,e0a645315de658bc,True,1.0,1.0,0.8600330739355782,1.0,1.0,1.0,0.9416804474731576
1668,b845e97a49a75cd0,True,1.0,1.0,0.7384576475674447,1.0,1.0,1.0,0.8910240198197686
1669,e2ae05340dba502d,True,1.0,1.0,0.5247079726449535,1.0,1.0,1.0,0.8019616552687306
1670,23ca661f3d7754c7,True,1.0,1.0,0.7742579804482472,1.0,1.0,1.0,0.9059408251867698
1671,dcd3886f044a5e29,True,1.0,1.0,0.8637658971550122,0.0,1.0,1.0,0.5265691238145884
1672,07c46d77aba054ec,True,1.0,1.0,1.0,1.0,1.0,0.5,1.0
1673,4a46ef99ddf55b8d,True,1.0,0.0,0.0,1.0,1.0,1.0,0.0
1674,2818ed317df9550a,True,1.0,1.0,0.7560801289664799,1.0,1.0,1.0,0.8983667204026999
1675,b628faa4178d5eaf,True,1.0,1.0,0.6738761203944035,1.0,1.0,1.0,0.8641150501643349
1676,564bb94f846e5fe1,True,1.0,1.0,0.8008093311382452,1.0,1.0,1.0,0.9170038879742689
1677,f52211f2dec85537,True,1.0,1.0,0.9313567976082405,1.0,1.0,1.0,0.9713986656701001
1678,2a49de57fddb59bc,True,1.0,1.0,0.8808437220874163,1.0,1.0,1.0,0.9503515508697568
1679,290a914d4ef15443,True,1.0,1.0,0.828620570376234,1.0,1.0,1.0,0.9285919043234309
1680,ddddd9e7e4925db9,True,1.0,1.0,0.7523080034332325,1.0,1.0,1.0,0.8967950014305135
1681,8ed81a3cabde5dcf,True,1.0,0.0,0.0,1.0,1.0,0.0,0.0
1682,7bb27993dd475c3d,True,1.0,1.0,1.0,1.0,1.0,1.0,1.0
1683,4c5c196977b255f5,True,0.0,0.0,0.0,0.0,1.0,0.5,0.0
1684,13c555e68671524f,True,1.0,0.0,0.0,1.0,1.0,1.0,0.0
1685,d12fdbd7f3265051,True,1.0,1.0,0.8536287624313011,1.0,1.0,1.0,0.9390119843463755
1686,e77360b1bf605f87,True,0.0,1.0,0.0,0.0,1.0,1.0,0.0
1687,3dfa374651035868,True,1.0,1.0,1.0,1.0,1.0,1.0,1.0
1688,65107c981e1c568c,True,1.0,1.0,1.0,1.0,1.0,1.0,1.0
1689,e29b049a9bf3509c,True,1.0,1.0,1.0,1.0,1.0,1.0,1.0
1690,cc934224447a5c86,True,1.0,0.0,0.0,1.0,1.0,0.0,0.0
1691,8390620a5e745bfa,True,1.0,1.0,0.591868715611133,1.0,1.0,1.0,0.8299452981713054
1692,fae990c38c515aa9,True,1.0,1.0,0.75722942898402,1.0,1.0,1.0,0.8988455954100084
1693,cbd04a396e145288,True,1.0,1.0,1.0,1.0,1.0,1.0,1.0
1694,9ca89d773ed651ab,True,1.0,1.0,0.8511315448688114,1.0,1.0,1.0,0.9379714770286715
1695,66a924c7d02159cf,True,1.0,1.0,0.7037152598296176,1.0,1.0,1.0,0.8765480249290073
1696,b528a0aa02695437,True,1.0,1.0,0.8698218625603875,1.0,1.0,1.0,0.9457591094001615
1697,602c93fe201356c2,True,1.0,1.0,1.0,1.0,1.0,1.0,1.0
1698,03b33d7830ba522b,True,1.0,1.0,0.6443136784585608,1.0,1.0,1.0,0.8517973660244004
1699,5fde0c8c8f4b5ecb,True,1.0,0.0,0.0,1.0,1.0,0.0,0.0
1700,83dd1484eb265a3c,True,1.0,1.0,1.0,1.0,1.0,1.0,1.0
1701,46ee8e2727455a9f,True,1.0,1.0,0.98103118571471,1.0,1.0,1.0,0.9920963273811291
1702,c01c5d45b97154d4,True,1.0,1.0,0.5704058140699741,1.0,1.0,1.0,0.821002422529156
1703,4cac9f6cd85a5b47,True,1.0,1.0,0.882955892759194,1.0,1.0,1.0,0.9512316219829975
1704,abdc7a57df4a56cd,True,1.0,1.0,1.0,1.0,1.0,1.0,1.0
1705,40ce7057faae541e,True,1.0,1.0,0.821872699386836,1.0,1.0,1.0,0.9257802914111816
1706,ae01be6a753e5f98,True,1.0,1.0,0.7546623145659797,1.0,1.0,1.0,0.8977759644024915
1707,2d55129330045d3f,True,1.0,1.0,1.0,1.0,1.0,1.0,1.0
1708,1dc437ce152e55fa,True,0.0,1.0,0.0,0.0,1.0,1.0,0.0
1709,97b1ea53fad65625,True,1.0,1.0,0.9796005412103694,1.0,1.0,1.0,0.9915002255043207
1710,491a9b7a44225a75,True,1.0,1.0,1.0,1.0,1.0,1.0,1.0
1711,9a00d37375a95d7e,True,1.0,1.0,0.5780701453176814,1.0,1.0,1.0,0.8241958938823672
1712,901b2d48b2ce5bf1,True,1.0,1.0,0.7024897566166165,1.0,1.0,1.0,0.8760373985902569
1713,c35f0df7bfdb5140,True,0.0,1.0,0.0,0.0,1.0,1.0,0.0
1714,975e6554112f5a46,True,1.0,1.0,1.0,1.0,1.0,1.0,1.0
1715,69ddc43178e9572a,True,1.0,1.0,1.0,1.0,1.0,1.0,1.0
1716,02379e524f105926,True,1.0,1.0,0.9986859942547743,1.0,1.0,1.0,0.9994524976061561
1717,db951dbc3e595c29,True,1.0,1.0,0.9466368686314321,1.0,1.0,1.0,0.9777653619297634
1718,239cb4818dc458fd,True,1.0,1.0,1.0,1.0,1.0,1.0,1.0
1719,9695a17335715894,True,1.0,1.0,0.8089881810990864,1.0,1.0,1.0,0.9204117421246193
1720,f2644280215250cd,True,1.0,1.0,0.9384746640734181,1.0,1.0,1.0,0.9743644433639241
1721,79e011726ebe5aa0,True,1.0,1.0,1.0,1.0,1.0,1.0,1.0
1722,b4899f9464d058f2,True,1.0,1.0,0.7768758157893694,1.0,1.0,1.0,0.9070315899122372
1723,5f548f26b9a7572f,True,1.0,1.0,1.0,1.0,1.0,1.0,1.0
1724,42dc421e37c154e5,True,1.0,1.0,1.0,1.0,1.0,1.0,1.0
1725,83c72c93de355a6b,True,1.0,1.0,1.0,1.0,1.0,1.0,1.0
1726,053895d2bfc754f3,True,1.0,1.0,0.8328329211831711,1.0,1.0,1.0,0.9303470504929879
1727,ecce119989c25ae9,True,1.0,1.0,0.8366424479326602,1.0,1.0,1.0,0.9319343533052752
1728,04703c86cf5b5a20,True,1.0,0.0,0.0,1.0,1.0,1.0,0.0
1729,517e199220ca522b,True,1.0,1.0,0.9589156002372599,1.0,1.0,1.0,0.9828815000988582
1730,03eef9b11774564f,True,1.0,1.0,1.0,1.0,1.0,1.0,1.0
1731,5d7eedc503ef575c,True,1.0,1.0,1.0,1.0,1.0,1.0,1.0
1732,5624b4732b135079,True,1.0,1.0,0.7670388287316537,1.0,1.0,1.0,0.9029328453048557
1733,b3c1a2ac292d5e3f,True,1.0,1.0,1.0,1.0,1.0,1.0,1.0
1734,5ff5c54200fe53fb,True,1.0,1.0,0.7715460224049312,1.0,1.0,1.0,0.9048108426687214
1735,4763f30d505c5ea6,True,1.0,1.0,0.6400757268079664,1.0,1.0,0.5,0.8500315528366528
1736,62eac0a6b7e05fbf,True,1.0,1.0,1.0,1.0,1.0,1.0,1.0
1737,896f25f6f25e52e0,True,1.0,1.0,0.9702783807293488,1.0,1.0,1.0,0.9876159919705619
1738,4175cdc49ec759f5,True,1.0,1.0,1.0,0.0,1.0,1.0,0.5833333333333334
1739,a77872c55f1b52a1,True,1.0,1.0,0.8037813576395026,1.0,1.0,1.0,0.9182422323497926
1740,69dcc80901db5a29,True,0.0,1.0,0.0,0.0,1.0,1.0,0.0
1741,dd9b1479609c5c59,True,1.0,0.0,0.0,1.0,1.0,1.0,0.0
1742,305634c7b587567f,True,1.0,1.0,0.760360186611614,1.0,1.0,1.0,0.9001500777548391
1743,ba190b181dc85a2b,True,1.0,1.0,0.8774385923815357,1.0,1.0,1.0,0.94893274682564
1744,53d3787367c75240,True,0.5,0.0,0.0,0.0,1.0,0.5,0.0
1745,963324efc6715315,True,1.0,1.0,1.0,1.0,1.0,1.0,1.0
1746,6c8a49ddb7435fbf,True,1.0,1.0,1.0,1.0,1.0,0.0,1.0
1747,e7daf964463c530b,True,1.0,0.0,0.0,1.0,1.0,0.0,0.0
1748,5eef9aece027548e,True,1.0,1.0,1.0,1.0,1.0,1.0,1.0
1749,5f4ad64db9ac5419,True,1.0,1.0,1.0,1.0,1.0,1.0,1.0
1750,8a2c1d34f9df5213,True,1.0,1.0,1.0,1.0,1.0,1.0,1.0
1751,76375396b08e5143,True,1.0,1.0,0.8339662720995414,1.0,1.0,1.0,0.9308192800414755
1752,4b22a759c31a52c5,True,1.0,1.0,0.8732589396081643,1.0,1.0,1.0,0.9471912248367351
1753,c05f89f644505f4c,True,1.0,1.0,0.7513296420040155,1.0,1.0,1.0,0.8963873508350065
1754,358d973661955d68,True,1.0,1.0,1.0,1.0,1.0,1.0,1.0
1755,024d012881be5995,True,1.0,1.0,0.7035008838648497,1.0,1.0,1.0,0.8764587016103541
1756,63f4362f90ef55a1,True,1.0,1.0,0.8620790058608903,1.0,1.0,1.0,0.9425329191087043
1757,5233faf7f9935f97,True,1.0,1.0,0.8128870970018548,1.0,1.0,1.0,0.9220362904174394
1758,bf896d504b4356c7,True,1.0,1.0,0.4378213979279467,1.0,1.0,1.0,0.765758915803311
1759,169528411ca85ba4,True,1.0,1.0,0.9243571393654009,1.0,1.0,1.0,0.9684821414022503
1760,b826ee4aedc95b0c,True,1.0,1.0,0.8668891848308417,1.0,1.0,1.0,0.944537160346184
1761,43ef28a235035eac,True,1.0,1.0,1.0,1.0,1.0,1.0,1.0
1762,2eb2bc9d3b35584f,True,1.0,1.0,1.0,1.0,1.0,1.0,1.0
1763,cc8b8b4ae726592a,True,1.0,1.0,1.0,1.0,1.0,1.0,1.0
1764,b934233d0ea6536b,True,1.0,1.0,1.0,1.0,1.0,1.0,1.0
1765,aa4897ec11395ec8,True,1.0,1.0,0.8859907895779441,1.0,1.0,1.0,0.9524961623241435
1766,664106f910475a53,True,1.0,1.0,0.5608596163750318,1.0,1.0,1.0,0.8170248401562632
1767,5b4f392698d35a5f,True,1.0,0.0,0.0,1.0,1.0,0.5,0.0
1768,4fbdc88ce3f75540,True,1.0,1.0,0.8920955557855015,1.0,1.0,1.0,0.9550398149106257
1769,1fd8eed8897a5667,True,1.0,1.0,1.0,1.0,1.0,1.0,1.0
1770,c680cd635f095d1c,True,1.0,1.0,0.9161545112597955,1.0,1.0,1.0,0.9650643796915815
1771,88862af321ce5c8f,True,1.0,1.0,1.0,1.0,1.0,1.0,1.0
1772,12f96c65436e56bf,True,1.0,1.0,0.9550955768571447,1.0,1.0,1.0,0.981289823690477
1773,faa12c2adc7c521f,True,1.0,0.0,0.0,1.0,1.0,0.5,0.0
1774,fd30fae9e4f35fa8,True,1.0,1.0,0.6435555988349231,1.0,1.0,1.0,0.8514814995145512
1775,4302a0a4b9f05b61,True,1.0,1.0,0.6233277045188258,1.0,1.0,1.0,0.8430532102161775
1776,c3a9557ccfb5517c,True,1.0,1.0,1.0,1.0,1.0,1.0,1.0
1777,d5116f0d75b4549d,True,1.0,1.0,1.0,1.0,1.0,1.0,1.0
1778,cd78333fa2c45328,True,1.0,1.0,0.8925584318882254,1.0,1.0,1.0,0.9552326799534273
1779,c12b3554dcd655c0,True,1.0,1.0,0.8973723014970267,1.0,1.0,1.0,0.9572384589570945
1780,e71bd2560b255f76,True,1.0,0.0,0.0,1.0,1.0,0.0,0.0
1781,4cc7fc580fe45bd1,True,1.0,1.0,1.0,1.0,1.0,1.0,1.0
1782,302d9a7758625a37,True,1.0,1.0,1.0,1.0,1.0,1.0,1.0
1783,eadc0f19b54352ae,True,1.0,1.0,0.7997828442897469,1.0,1.0,1.0,0.9165761851207278
1784,396c599d06e65f68,True,0.0,0.0,0.0,0.0,1.0,1.0,0.0
1785,3c3991ec8d7a5507,True,1.0,1.0,0.7390814129745074,1.0,1.0,1.0,0.8912839220727115
1786,da0aac1f6c225eca,True,1.0,1.0,0.6265541532333672,1.0,1.0,1.0,0.8443975638472363
1787,c2eecf5cfe46536f,True,1.0,1.0,1.0,1.0,1.0,1.0,1.0
1788,55a63ecf2e985abe,True,1.0,1.0,0.5571906348532443,1.0,1.0,1.0,0.8154960978555185
1789,2a5fea3ae25e5cdd,True,1.0,1.0,1.0,1.0,1.0,1.0,1.0
1790,bc3d973c3543556c,True,1.0,1.0,0.8875659091098729,1.0,1.0,1.0,0.9531524621291138
1791,f096ff143e815978,True,1.0,1.0,0.9455612926287192,1.0,1.0,1.0,0.9773172052619664
1792,0715626fc800527e,True,1.0,1.0,1.0,1.0,1.0,1.0,1.0
1793,d3719519c1f95276,True,0.0,1.0,0.0,0.0,1.0,0.5,0.0
1794,2a3ab48ae28f5e90,True,1.0,1.0,1.0,1.0,1.0,1.0,1.0
1795,3d86e3fc3499578f,True,1.0,1.0,1.0,1.0,1.0,1.0,1.0
1796,47e96fba9c115fe7,True,1.0,1.0,1.0,1.0,1.0,1.0,1.0
1797,508511fd38a15d52,True,1.0,1.0,0.9853419630412333,1.0,1.0,1.0,0.9938924846005138
1798,70ce3fce14785ae5,True,1.0,0.0,0.0,1.0,1.0,1.0,0.0
1799,97628f2e9ee55826,True,1.0,1.0,0.7962875710305126,1.0,1.0,1.0,0.9151198212627136
1800,c3bb1d6556d95d40,True,1.0,1.0,0.9240513509971298,1.0,1.0,1.0,0.9683547295821374
1801,ea85208e83eb57b6,True,1.0,1.0,1.0,1.0,1.0,1.0,1.0
1802,83212ddd15375812,True,1.0,1.0,1.0,1.0,1.0,1.0,1.0
1803,3eaf6c916382509b,True,1.0,1.0,0.8549391994012985,1.0,1.0,1.0,0.9395579997505411
1804,daf715295e7d576b,True,1.0,1.0,1.0,1.0,1.0,1.0,1.0
1805,7fcd3691c57b5f49,True,1.0,1.0,0.8895520758649366,1.0,1.0,1.0,0.9539800316103902
1806,2b04c510144e5545,True,1.0,1.0,1.0,1.0,1.0,1.0,1.0
1807,72c1d1069773561d,True,1.0,0.0,0.0,1.0,1.0,1.0,0.0
1808,f01212b1c5b25520,True,1.0,1.0,0.9231028981448208,1.0,1.0,1.0,0.9679595408936753
1809,834cf95826ec5c73,True,1.0,1.0,0.7753980124816985,1.0,1.0,1.0,0.906415838534041
1810,e83be8437b0c5862,True,1.0,1.0,1.0,1.0,1.0,1.0,1.0
1811,1fc5ab19306f5a47,True,1.0,1.0,0.822466340981407,1.0,1.0,1.0,0.9260276420755863
1812,e0416692bc5251ba,True,1.0,1.0,0.7130751129534677,1.0,1.0,1.0,0.8804479637306115
1813,449baff4aece5ab3,True,1.0,1.0,0.9489120073931567,1.0,1.0,1.0,0.9787133364138153
1814,126fd1a0d1675f57,True,1.0,1.0,0.7458608449669717,1.0,1.0,1.0,0.8941086854029049
1815,2ff39958d9f35279,True,1.0,1.0,0.7375769802262826,1.0,1.0,1.0,0.8906570750942845
1816,2002780575295bdc,True,1.0,1.0,1.0,1.0,1.0,1.0,1.0
1817,7272f8ee7e64591e,True,1.0,1.0,0.8211798444570958,1.0,1.0,1.0,0.9254916018571233
1818,e2fe44045eac5b89,True,1.0,1.0,1.0,1.0,1.0,1.0,1.0
1819,2de709220e34507e,True,1.0,1.0,1.0,1.0,1.0,1.0,1.0
1820,9fe281ced54b55b2,True,1.0,1.0,0.946955451805628,1.0,1.0,1.0,0.9778981049190117
1821,ec5e157a5222534d,True,1.0,1.0,0.594681925737318,1.0,1.0,1.0,0.8311174690572157
1822,d94860755c1f5594,True,1.0,1.0,0.941846611347572,1.0,1.0,1.0,0.9757694213948217
1823,b4eb56fcd01857bb,True,1.0,1.0,0.7393124312404591,1.0,1.0,1.0,0.8913801796835247
1824,488822d6447b5b58,True,1.0,1.0,0.751472754763187,1.0,1.0,1.0,0.8964469811513279
1825,0c8b9f08bfa25dc2,True,1.0,1.0,1.0,1.0,0.0,1.0,0.8333333333333334
1826,55bd10ac74585a12,True,1.0,1.0,1.0,1.0,1.0,1.0,1.0
1827,e7c778d603885f57,True,1.0,1.0,0.4335273932545002,1.0,1.0,1.0,0.763969747189375
1828,0f4984d978155b23,True,1.0,1.0,0.8381126134291901,1.0,1.0,1.0,0.9325469222621625
1829,1e4f2f231ac0540e,True,1.0,1.0,0.8111262288121958,1.0,1.0,1.0,0.9213025953384149
1830,a4ed82240b64533a,True,1.0,1.0,0.7934099042023897,1.0,1.0,1.0,0.9139207934176623
1831,024fd1e792395805,True,1.0,1.0,0.8970377548861765,1.0,1.0,1.0,0.9570990645359069
1832,7be2f6436ce95042,True,1.0,1.0,1.0,1.0,1.0,1.0,1.0
1833,dadda73214d15baf,True,1.0,1.0,0.8823197286253119,1.0,1.0,1.0,0.9509665535938799
1834,6b977574e52a5f1b,True,1.0,1.0,1.0,1.0,1.0,1.0,1.0
1835,e02f26d0eb0152e3,True,1.0,1.0,0.9257731592202777,1.0,1.0,1.0,0.9690721496751157
1836,e97ba617b7c059a7,True,1.0,1.0,1.0,1.0,1.0,0.0,1.0
1837,ab9d0f7542805d20,True,0.0,1.0,0.0,0.0,1.0,1.0,0.0
1838,d01d51c26594547c,True,1.0,1.0,1.0,1.0,1.0,0.5,1.0
1839,1ea920764abe5dcb,True,1.0,0.0,0.0,1.0,1.0,0.5,0.0
1840,a3c54d0e80375911,True,1.0,1.0,1.0,1.0,1.0,1.0,1.0
1841,690fef019ad25dd6,True,1.0,1.0,1.0,1.0,1.0,1.0,1.0
1842,57730912486a5853,True,1.0,1.0,0.8703752207518626,1.0,1.0,1.0,0.945989675313276
1843,cc063cc1396551a6,True,1.0,1.0,0.8367185148349471,1.0,1.0,1.0,0.9319660478478946
1844,70da6b21101d555f,True,1.0,0.0,0.0,1.0,1.0,0.0,0.0
1845,1175b3b9d27252ef,True,1.0,1.0,0.8335616489991357,1.0,1.0,1.0,0.9306506870829732
1846,3623f8c74e7a5d1d,True,1.0,1.0,1.0,1.0,1.0,1.0,1.0
1847,2b006c0fae365892,True,1.0,1.0,1.0,1.0,1.0,1.0,1.0
1848,00185dab0ba153b9,True,1.0,1.0,0.9718240378124389,1.0,1.0,1.0,0.9882600157551829
1849,ceb9332b03d3577b,True,1.0,1.0,0.764459309495291,1.0,1.0,1.0,0.901858045623038
1850,c73914d4fedc513f,True,1.0,1.0,0.782324245922469,1.0,1.0,1.0,0.9093017691343621
1851,e2efd574ab0b56a2,True,1.0,1.0,1.0,1.0,1.0,1.0,1.0
1852,c46b2546f3565375,True,1.0,1.0,0.5926620982370933,1.0,1.0,1.0,0.8302758742654556
1853,1de80c2e4aca5f33,True,1.0,0.0,0.0,1.0,1.0,1.0,0.0
1854,dd1ab5d48c6358ef,True,1.0,1.0,0.7575038370967796,1.0,1.0,1.0,0.8989599321236582
1855,8aa8e3e16c035d5e,True,1.0,1.0,1.0,1.0,1.0,1.0,1.0
1856,980db9371e6b52de,True,1.0,1.0,0.9785247590229283,1.0,1.0,1.0,0.9910519829262201
1857,8d62f19202505230,True,1.0,1.0,0.995573214502576,1.0,1.0,1.0,0.99815550604274
1858,e18ca78f3c5f5a04,True,1.0,1.0,1.0,1.0,1.0,1.0,1.0
1859,de62001a07db556c,True,1.0,1.0,0.9251220493937857,1.0,1.0,1.0,0.9688008539140774
1860,5992423b009757f2,True,1.0,1.0,0.819251391530733,1.0,1.0,1.0,0.9246880798044721
1861,66225fc71bd35554,True,0.0,1.0,0.0,0.0,1.0,1.0,0.0
1862,33fcb42a03535525,True,1.0,0.0,0.0,1.0,1.0,1.0,0.0
1863,b9c124bdb19956b7,True,1.0,1.0,0.6246468233270054,1.0,1.0,1.0,0.8436028430529189
1864,5487bbfde69354cb,True,1.0,1.0,0.8629089199103362,1.0,1.0,1.0,0.9428787166293068
1865,526a568a22795441,True,0.0,0.0,0.0,0.0,1.0,0.0,0.0
1866,564b7ca4f210501e,True,0.0,1.0,0.0,0.0,1.0,1.0,0.0
1867,6ea198f259b85e49,True,1.0,1.0,1.0,1.0,1.0,1.0,1.0
1868,6347553d03555ffa,True,1.0,1.0,1.0,1.0,1.0,1.0,1.0
1869,c40e41ba1a285e0d,True,1.0,1.0,1.0,1.0,1.0,1.0,1.0
1870,806b014bc8c15160,True,1.0,1.0,1.0,1.0,1.0,1.0,1.0
1871,39b4d546300958ad,True,1.0,1.0,1.0,1.0,1.0,1.0,1.0
1872,23f357c023c2584f,True,1.0,1.0,0.6560939074940058,1.0,1.0,1.0,0.8567057947891691
1873,fe2270288c1d5628,True,1.0,1.0,0.8856671845345137,1.0,1.0,1.0,0.9523613268893807
1874,2dad1998a320527d,True,1.0,1.0,0.90132495696162,1.0,1.0,1.0,0.9588853987340084
1875,fd7c51a15e5b54a6,True,1.0,1.0,0.7264962325513962,1.0,1.0,1.0,0.8860400968964152
1876,adb5cfe871c55445,True,1.0,1.0,1.0,1.0,1.0,1.0,1.0
1877,490475b585895e0e,True,1.0,1.0,0.9944533231671829,1.0,1.0,1.0,0.9976888846529929
1878,569187407cd3517c,True,1.0,1.0,1.0,1.0,1.0,1.0,1.0
1879,14b839d065b358d0,True,1.0,1.0,1.0,1.0,1.0,1.0,1.0
1880,3f664a7d5f5e5bba,True,1.0,1.0,1.0,1.0,1.0,1.0,1.0
1881,0e0e30877d725664,True,1.0,1.0,0.9160726388377735,1.0,1.0,1.0,0.9650302661824055
1882,f51778edd8ea5ee5,True,1.0,0.0,0.0,1.0,1.0,1.0,0.0
1883,66f8bdd077ff5fc3,True,1.0,1.0,0.9516110437422967,1.0,1.0,1.0,0.9798379348926236
1884,1a707ed0d7ba541d,True,1.0,0.0,0.0,0.0,1.0,1.0,0.0
1885,f211c8127aff5246,True,1.0,1.0,1.0,1.0,1.0,1.0,1.0
1886,2fc619c5acbe54b8,True,1.0,1.0,0.8993326260809885,1.0,1.0,1.0,0.9580552608670786
1887,dc4b44d8961e538a,True,1.0,1.0,0.7668047433703967,1.0,1.0,1.0,0.9028353097376653
1888,f0d6814d23245178,True,1.0,1.0,1.0,1.0,1.0,1.0,1.0
1889,6387e5c4dd2f5e2a,True,1.0,1.0,0.706078858711004,1.0,1.0,1.0,0.8775328577962517
1890,569f53e485335820,True,0.0,1.0,0.0,0.0,1.0,1.0,0.0
1891,df30f32cd2ee5633,True,1.0,1.0,1.0,1.0,1.0,1.0,1.0
1892,84d10a502c1b5a74,True,1.0,1.0,1.0,1.0,1.0,1.0,1.0
1893,6578cf959d7f52a7,True,1.0,1.0,0.5359388685292652,1.0,1.0,1.0,0.8066411952205271
1894,a75ca6ddabc1541b,True,1.0,1.0,1.0,1.0,1.0,1.0,1.0
1895,512b6941e1335e0f,True,1.0,0.0,0.0,1.0,1.0,1.0,0.0
1896,8aec77f33ddb5ac8,True,1.0,1.0,0.47267760453777913,1.0,1.0,1.0,0.7802823352240745
1897,3febbde773f15b51,True,1.0,1.0,1.0,1.0,1.0,1.0,1.0
1898,9157afe90f035621,True,1.0,1.0,1.0,1.0,1.0,1.0,1.0
1899,d113b39be843564f,True,1.0,1.0,0.8653158386078473,1.0,1.0,1.0,0.9438815994199364
1900,f9b3a9c625905d77,True,1.0,1.0,0.9756336044347474,1.0,1.0,1.0,0.9898473351811448
1901,f35274c7a16657d7,True,0.0,0.0,0.0,0.0,1.0,0.0,0.0
1902,f36dbc258c8b5e17,True,1.0,1.0,1.0,1.0,1.0,1.0,1.0
1903,56b0ed5018c25d3f,True,1.0,1.0,1.0,1.0,1.0,0.0,1.0
1904,505e82147a375933,True,1.0,1.0,1.0,0.0,1.0,1.0,0.5833333333333334
1905,cb50b764d69557b9,True,1.0,1.0,0.991488361948997,1.0,1.0,1.0,0.9964534841454155
1906,d46f1077421c5c75,True,1.0,1.0,0.971958971633746,1.0,1.0,1.0,0.9883162381807274
1907,e7ae612e880e5d5f,True,1.0,0.0,0.0,1.0,1.0,1.0,0.0
1908,7a1b61727c255889,True,1.0,1.0,0.66801768839744,1.0,1.0,1.0,0.8616740368322667
1909,fcb45b2aa29356d9,True,1.0,1.0,1.0,1.0,1.0,1.0,1.0
1910,6e59104beb995339,True,1.0,1.0,0.7582092128481078,1.0,1.0,1.0,0.8992538386867116
1911,e27b4628314951bb,True,1.0,1.0,0.7933477696691621,1.0,1.0,1.0,0.9138949040288176
1912,674e6f0f529a51f7,True,1.0,1.0,0.5265649260662973,1.0,1.0,1.0,0.8027353858609573
1913,7b13f467f23c5a2b,True,0.0,1.0,0.0,0.0,1.0,1.0,0.0
1914,008d66a74c275479,True,1.0,1.0,1.0,1.0,1.0,1.0,1.0
1915,e3ee2f8d1057557d,True,1.0,1.0,0.7889923096149124,1.0,1.0,1.0,0.9120801290062136
1916,f5d8dc03a0555cdc,True,1.0,1.0,0.9895379286895672,1.0,1.0,1.0,0.995640803620653
1917,12d4637822bb5f19,True,1.0,0.0,0.0,1.0,1.0,1.0,0.0
1918,1537a74401845849,True,1.0,0.0,0.0,1.0,1.0,0.5,0.0
1919,d7ff11915cdf538e,True,1.0,1.0,0.9811185107347644,1.0,1.0,1.0,0.9921327128061518
1920,0df6533b550c58c1,True,0.0,1.0,0.0,0.0,1.0,1.0,0.0
1921,b657fb1afb7c54f3,True,1.0,1.0,0.862036512129281,1.0,1.0,1.0,0.9425152133872005
1922,2ef107f7be2351a5,True,1.0,1.0,0.9290213213865418,1.0,1.0,1.0,0.9704255505777257
1923,260f5d5245015db6,True,1.0,1.0,1.0,1.0,1.0,1.0,1.0
1924,3e7237c8a7815648,True,1.0,1.0,1.0,1.0,1.0,1.0,1.0
1925,695beb73604159b7,True,1.0,1.0,1.0,0.0,1.0,1.0,0.5833333333333334
1926,45c4158a235e514a,True,1.0,1.0,1.0,1.0,1.0,1.0,1.0
1927,6561633171e75bb6,True,1.0,1.0,1.0,1.0,1.0,1.0,1.0
1928,b87c15c9f6cf54eb,True,1.0,0.0,0.0,1.0,1.0,0.0,0.0
1929,7c4757c2c9675f2b,True,1.0,0.0,0.0,1.0,1.0,0.0,0.0
1930,31a522ae1ee151bf,True,1.0,1.0,0.8300903457411125,1.0,1.0,1.0,0.9292043107254635
1931,f1ef98a6ff94525c,True,1.0,1.0,0.9562670247907966,1.0,1.0,1.0,0.9817779269961653
1932,a93fa498bfbf5fb8,True,1.0,1.0,0.7528600172148312,1.0,1.0,1.0,0.8970250071728464
1933,79596c3c8ac45e5e,True,1.0,1.0,1.0,1.0,1.0,1.0,1.0
1934,953b60711663549b,True,1.0,1.0,0.8508661762379975,1.0,1.0,1.0,0.9378609067658323
1935,a04628cdd3f25947,True,1.0,1.0,0.8540792212796591,1.0,1.0,1.0,0.9391996755331912
1936,db601036b2fb58d7,True,1.0,1.0,1.0,1.0,1.0,1.0,1.0
1937,b999dd3826b058a7,True,1.0,1.0,0.6291278701768949,1.0,1.0,1.0,0.8454699459070395
1938,bc68d211a62d5c19,True,1.0,1.0,1.0,1.0,1.0,1.0,1.0
1939,4e12d62c42575ac3,True,1.0,1.0,0.10280026976760756,1.0,1.0,1.0,0.6261667790698365
1940,ba09d23c78b95a66,True,1.0,1.0,0.9507109732285499,1.0,1.0,1.0,0.9794629055118959
1941,159b8a11bd775e91,True,0.0,1.0,0.0,0.0,1.0,1.0,0.0
1942,71dedbc865b25faf,True,1.0,1.0,0.8336185365857629,1.0,1.0,1.0,0.930674390244068
1943,a4bc6340456351af,True,1.0,1.0,0.7822742648787002,1.0,1.0,1.0,0.9092809436994584
1944,2e2cc58c9aa450e7,True,1.0,1.0,0.721879855398904,1.0,1.0,1.0,0.8841166064162099
1945,6832568ebd835696,True,1.0,1.0,0.7211229281060374,1.0,1.0,1.0,0.8838012200441824
1946,1c3c37eeacd15c92,True,1.0,1.0,0.7506276414658724,1.0,1.0,1.0,0.8960948506107801
1947,a4f950bf8f9b590b,True,1.0,1.0,0.8481732450725188,1.0,1.0,1.0,0.9367388521135496
1948,caee3d86c00351e6,True,1.0,1.0,0.8649335527232671,1.0,1.0,1.0,0.9437223136346947
1949,f8b8b8ee49205def,True,1.0,0.0,0.0,1.0,1.0,1.0,0.0
1950,0748764d9de454ea,True,1.0,1.0,1.0,1.0,1.0,1.0,1.0
1951,b4f6a0719d2a5670,True,1.0,1.0,0.8753670549564178,1.0,1.0,1.0,0.9480696062318407
1952,03e24d87e7315809,True,1.0,1.0,0.9180369228315989,1.0,1.0,1.0,0.9658487178464995
1953,824cd4fff1e25cb4,True,1.0,0.0,0.0,1.0,1.0,1.0,0.0
1954,5ab14dca42a058d9,True,1.0,1.0,0.8787544158620052,1.0,1.0,1.0,0.9494810066091688
1955,54ab49005da25b3e,True,1.0,1.0,0.5932594528628261,1.0,1.0,1.0,0.8305247720261776
1956,1407c7f0f32a5738,True,1.0,1.0,1.0,1.0,1.0,1.0,1.0
1957,2c14c850f6645147,True,0.0,1.0,0.0,0.0,1.0,0.0,0.0
1958,36650ce9087150de,True,1.0,1.0,1.0,1.0,1.0,1.0,1.0
1959,3cb9b99bc4185d33,True,1.0,1.0,0.881771536042542,1.0,1.0,1.0,0.9507381400177258
1960,62735179d4f258ea,True,1.0,1.0,0.7788209302201886,1.0,1.0,1.0,0.9078420542584119
1961,7ebca95e877a557b,True,1.0,1.0,0.9244084929202848,1.0,1.0,1.0,0.9685035387167854
1962,9940f912e66a5918,True,1.0,1.0,1.0,1.0,1.0,1.0,1.0
1963,d0dcc4b5cf6a53ab,True,1.0,1.0,1.0,1.0,1.0,1.0,1.0
1964,76b708c365e45536,True,1.0,1.0,0.519935217420507,1.0,1.0,1.0,0.7999730072585445
1965,1636385aa7ce5995,True,1.0,1.0,0.9966477237762167,1.0,1.0,1.0,0.9986032182400902
1966,d55aac327e4451ba,True,1.0,1.0,0.7854754766247048,1.0,1.0,1.0,0.9106147819269603
1967,614cdeb09cc25923,True,1.0,1.0,0.8865068485368366,1.0,1.0,1.0,0.9527111868903485
1968,e6e40103bfcb539e,True,1.0,1.0,0.7315195210083969,1.0,1.0,1.0,0.8881331337534988
1969,6074e965781b510e,True,1.0,1.0,1.0,1.0,1.0,1.0,1.0
1970,ce2f1ac423965b7a,True,1.0,0.0,0.0,1.0,1.0,1.0,0.0
1971,167d6bc7be735e55,True,1.0,1.0,0.997624643961328,1.0,1.0,1.0,0.9990102683172201
1972,a4f4a240e54e56b2,True,1.0,0.0,0.0,1.0,1.0,0.5,0.0
1973,ae5377e5ebf65f45,True,1.0,1.0,0.8134551832685236,1.0,1.0,1.0,0.9222729930285515
1974,9d0ff46ac79e5e0b,True,1.0,1.0,0.7886682523785633,1.0,1.0,1.0,0.9119451051577347
1975,0616f9723c60524d,True,1.0,1.0,0.8550141142231495,1.0,1.0,1.0,0.9395892142596457
1976,f879fd3edf21506a,True,1.0,1.0,0.8499060049132624,1.0,1.0,1.0,0.9374608353805259
1977,4300f964edbd5ce4,True,1.0,1.0,1.0,1.0,1.0,1.0,1.0
1978,42b065f7e76d50ed,True,1.0,1.0,1.0,1.0,1.0,1.0,1.0
1979,11bf2d4580ab5bc2,True,1.0,1.0,0.9913964482286651,1.0,1.0,1.0,0.9964151867619438
1980,6e395976280452e1,True,1.0,1.0,1.0,1.0,1.0,1.0,1.0
1981,a9f07bb60bd75461,True,1.0,1.0,0.8314835481674802,1.0,1.0,1.0,0.9297848117364501
1982,09d424ddf3a558b3,True,0.5,0.0,0.0,0.0,1.0,1.0,0.0
1983,2cc421e9b3fd5c17,True,1.0,1.0,0.947299450520341,1.0,1.0,1.0,0.9780414377168087
1984,da365ed766db5a6a,True,1.0,1.0,1.0,1.0,1.0,1.0,1.0
1985,89e02236312d5038,True,1.0,0.0,0.0,1.0,1.0,1.0,0.0
1986,52b428b6ff135845,True,1.0,1.0,1.0,1.0,1.0,1.0,1.0
1987,e55bd804e572502a,True,0.0,1.0,0.0,0.0,1.0,1.0,0.0
1988,c32ae6a1954651ec,True,1.0,1.0,0.852116841887067,1.0,1.0,1.0,0.9383820174529447
1989,a7b8ffecd36e5dbc,True,1.0,1.0,0.8781055140490976,1.0,1.0,0.5,0.9492106308537908
1990,125a155883e55be7,True,1.0,1.0,0.7259855960604638,1.0,1.0,1.0,0.88582733169186
1991,70a70a9054d75d9f,True,1.0,1.0,1.0,1.0,1.0,1.0,1.0
1992,0ac3823481f15815,True,1.0,1.0,0.7224516430344042,1.0,1.0,1.0,0.8843548512643351
1993,9c9b62965da75764,True,1.0,1.0,0.9683769098668648,1.0,1.0,1.0,0.986823712444527
1994,f335a11369685b08,True,1.0,1.0,0.6648655542989401,1.0,1.0,1.0,0.8603606476245584
1995,fffbe416ae85553b,True,1.0,1.0,0.5775166518934923,1.0,1.0,1.0,0.8239652716222885
1996,2e037aeeebce56df,True,1.0,1.0,0.7099408640928658,1.0,1.0,1.0,0.8791420267053608
1997,1b3ae7a2d38d5c6c,True,1.0,1.0,0.7976942416709438,1.0,1.0,1.0,0.9157059340295599
1998,4faa4706a50958e2,True,1.0,1.0,0.6169240549608985,1.0,1.0,1.0,0.8403850229003744
1999,c9a74fd5fd9e57c8,True,1.0,1.0,0.7293300581213975,1.0,1.0,1.0,0.8872208575505823
2000,6321c384f59c5265,True,1.0,1.0,0.6486201855164309,1.0,1.0,1.0,0.8535917439651796
2001,3f269e7b5ced51fa,True,1.0,1.0,1.0,1.0,1.0,1.0,1.0
2002,e1e4395724c05092,True,1.0,1.0,0.8511877969205583,1.0,1.0,1.0,0.937994915383566
2003,0855e09733fe5445,True,1.0,1.0,0.5887784086719977,1.0,1.0,0.5,0.8286576702799989
2004,0027db600afe56ca,True,1.0,1.0,1.0,1.0,1.0,1.0,1.0
2005,8c36f77fe7215dd7,True,1.0,1.0,1.0,0.0,1.0,1.0,0.5833333333333334
2006,15cd405711fa54f8,True,1.0,1.0,0.992887574818817,1.0,1.0,1.0,0.9970364895078404
2007,2ba3f7adca335912,True,1.0,1.0,0.8712331694241792,1.0,1.0,0.5,0.9463471539267413
2008,92838ad73bf95b3a,True,1.0,1.0,1.0,1.0,1.0,1.0,1.0
2009,71a5ed00dbe85089,True,1.0,1.0,0.6595726791285185,1.0,1.0,1.0,0.858155282970216
2010,626b5dc253965ecb,True,1.0,1.0,0.9400912714327456,1.0,1.0,1.0,0.975038029763644
2011,4064f2ec7a2f56ef,True,1.0,1.0,1.0,1.0,1.0,1.0,1.0
2012,df284ad97ad55a31,True,1.0,1.0,0.7379792322900076,1.0,1.0,1.0,0.8908246801208365
2013,c8d4707fcc465f8b,True,1.0,1.0,0.9485796633859759,1.0,1.0,1.0,0.9785748597441565
2014,d5f845d28a5e513f,True,1.0,0.0,0.0,0.0,1.0,1.0,0.0
2015,02f75336f9f55e4f,True,1.0,1.0,0.7726185279017961,1.0,1.0,0.5,0.9052577199590818
2016,263367576c285a2a,True,1.0,1.0,1.0,1.0,1.0,1.0,1.0
2017,b8d114f0304d5f87,True,1.0,1.0,1.0,1.0,1.0,1.0,1.0
2018,9e77d9cf35e05d55,True,1.0,1.0,0.8674848039070039,1.0,1.0,1.0,0.9447853349612516
2019,c4fbbd685a1953c5,True,1.0,1.0,0.7312368391943489,1.0,1.0,1.0,0.888015349664312
2020,a20beaedf66b59f3,True,1.0,1.0,0.741237602099436,1.0,1.0,1.0,0.8921823342080982
2021,71246cbb6de459d6,True,1.0,1.0,0.8598372172649074,1.0,1.0,1.0,0.9415988405270447
2022,8676d43a96795310,True,1.0,1.0,0.8702993240055387,1.0,1.0,1.0,0.9459580516689744
2023,81935f2cb7d45945,True,1.0,1.0,0.9298014424173215,1.0,1.0,1.0,0.9707506010072174
2024,bcf92cdb596a5fa2,True,1.0,1.0,0.8370559958287168,1.0,1.0,1.0,0.9321066649286319
2025,30d90432ffb357cf,True,1.0,1.0,0.8712081482886456,1.0,1.0,1.0,0.9463367284536023
2026,2b65a8a29c455d00,True,1.0,1.0,0.7452136182975551,1.0,1.0,1.0,0.8938390076239813
2027,910c4dd3f1ec51b1,True,1.0,1.0,1.0,1.0,1.0,1.0,1.0
2028,2c337eb368fb54ca,True,1.0,0.0,0.0,1.0,1.0,1.0,0.0
2029,0b5b1309df2f5627,True,1.0,1.0,0.669164070200004,1.0,1.0,1.0,0.8621516959166683
2030,979fc47b4f245a9c,True,1.0,1.0,1.0,1.0,1.0,1.0,1.0
2031,b022550645ac5dbf,True,1.0,1.0,0.7797170557404671,1.0,1.0,1.0,0.9082154398918613
2032,2403645ef4fe5b10,True,1.0,1.0,0.9027075270966222,1.0,1.0,1.0,0.9594614696235926
2033,1a3569d56fbf5521,True,1.0,1.0,0.6826881561367891,1.0,1.0,1.0,0.8677867317236622
2034,f14a3d3672035597,True,1.0,1.0,1.0,1.0,1.0,1.0,1.0
2035,614d5297c1a05a46,True,1.0,1.0,0.87026589286672,1.0,1.0,1.0,0.9459441220277999
2036,929fe68adaef5ee7,True,1.0,1.0,0.692412588503691,1.0,1.0,1.0,0.8718385785432047
2037,69742b86e6b25ecc,True,1.0,1.0,0.5178182142797689,1.0,1.0,1.0,0.7990909226165703
2038,d66a4334c9625c4a,True,1.0,1.0,0.8006326935430751,1.0,1.0,1.0,0.9169302889762813
2039,09a81436114951ab,True,1.0,1.0,0.8902930564845225,1.0,1.0,1.0,0.9542887735352177
2040,1423dcf83efa5241,True,1.0,1.0,0.8208524890270966,0.0,1.0,1.0,0.5086885370946236
2041,c2b5ebf8ace851ea,True,1.0,1.0,1.0,1.0,1.0,1.0,1.0
2042,56da58294b3d53c5,True,1.0,1.0,0.8273628679907858,1.0,1.0,1.0,0.9280678616628274
2043,50ab222cd07b5bcd,True,1.0,1.0,0.841411342166715,1.0,1.0,1.0,0.9339213925694646
2044,967b41c4778d5aac,True,1.0,1.0,0.8779857855026925,1.0,1.0,1.0,0.9491607439594553
2045,9f3b77fe8cd3541c,True,1.0,1.0,0.8736863286958974,1.0,1.0,1.0,0.9473693036232905
2046,ba2973ad6189568b,True,1.0,1.0,0.811409826496436,1.0,1.0,1.0,0.9214207610401818
2047,b4ec906c4dbe5735,True,1.0,1.0,0.9568779147473732,1.0,1.0,1.0,0.9820324644780722
2048,8364af67153a5193,True,1.0,1.0,0.8844536511109684,1.0,1.0,0.0,0.9518556879629035
2049,7eab8efaacef55bb,True,1.0,1.0,1.0,1.0,1.0,1.0,1.0
2050,d24604c7af87524f,True,1.0,1.0,0.800416181983162,1.0,1.0,1.0,0.9168400758263174
2051,2aade0b3987d5366,True,0.5,0.0,0.0,0.0,1.0,0.5,0.0
2052,dd2b5010e1d25d72,True,1.0,1.0,0.8732747618604753,1.0,1.0,1.0,0.9471978174418648
2053,ccdb6840a0445870,True,1.0,1.0,0.7653191489221258,1.0,1.0,1.0,0.9022163120508857
2054,e7b5da2135fc5303,True,1.0,1.0,1.0,1.0,1.0,1.0,1.0
2055,5403d4e6179a5354,True,1.0,1.0,0.7279067412865409,1.0,1.0,1.0,0.8866278088693921
2056,14a11185124a508b,True,1.0,1.0,0.9881275557229658,1.0,1.0,1.0,0.9950531482179024
2057,1f381d3a242b54f0,True,1.0,1.0,0.7722068125720297,1.0,1.0,1.0,0.9050861719050124
2058,dcb6ca8a732551eb,True,1.0,0.0,0.0,1.0,1.0,1.0,0.0
2059,006e2728d7115fa7,True,1.0,1.0,0.5603691199856915,1.0,1.0,1.0,0.8168204666607047
2060,748a5531d6415e0c,True,1.0,1.0,1.0,1.0,1.0,1.0,1.0
2061,d9b577262eed5ceb,True,1.0,1.0,1.0,1.0,1.0,1.0,1.0
2062,9c45919236c051c0,True,1.0,1.0,0.610127239157335,1.0,1.0,1.0,0.8375530163155562
2063,18f8562c9bb55561,True,1.0,1.0,1.0,1.0,1.0,1.0,1.0
2064,b664ff6d2c185e31,True,1.0,1.0,1.0,1.0,1.0,1.0,1.0
2065,20a6e330d8f1571b,True,1.0,1.0,1.0,1.0,1.0,0.0,1.0
2066,5379d354b9b95048,True,1.0,0.0,0.0,1.0,1.0,1.0,0.0
2067,19b1cc462216591a,True,1.0,1.0,0.931148983371029,1.0,1.0,1.0,0.9713120764045954
2068,089e8e85fb9b5f6c,True,1.0,1.0,0.6713411300309292,1.0,1.0,1.0,0.8630588041795538
2069,9790b7cbcd1a5203,True,1.0,1.0,0.7268717977644482,1.0,1.0,1.0,0.8861965824018534
2070,b043b68462d7540c,True,1.0,1.0,1.0,1.0,1.0,1.0,1.0
2071,8de5173c05ee56f5,True,1.0,1.0,0.9005137175914869,1.0,1.0,1.0,0.9585473823297862
2072,0defa8939c9851ea,True,1.0,0.0,0.0,1.0,1.0,1.0,0.0
2073,647a42b4e5075f16,True,1.0,1.0,0.991318690597209,1.0,1.0,1.0,0.996382787748837
2074,7e9101f6d01a53e0,True,1.0,1.0,0.3813131237651089,1.0,1.0,1.0,0.7422138015687954
2075,0722adecc3d45ac4,True,1.0,1.0,0.8555208525393462,1.0,1.0,1.0,0.9398003552247275
2076,d2b3f402ba0f55c3,True,1.0,1.0,1.0,1.0,1.0,1.0,1.0
2077,2ee34c8975525f5c,True,1.0,0.0,0.0,1.0,1.0,1.0,0.0
2078,213494be2acb5c68,True,1.0,1.0,0.7937529796061074,1.0,1.0,1.0,0.9140637415025448
2079,4fbe9cf1d64d58ef,True,1.0,1.0,1.0,1.0,1.0,1.0,1.0
2080,7755fb23f28f5b2f,True,1.0,0.0,0.0,1.0,1.0,0.0,0.0
2081,0a8c2aac609d5a04,True,1.0,1.0,0.7281265635791784,1.0,1.0,1.0,0.8867194014913243
2082,5fd68bb785b258ef,True,1.0,1.0,1.0,1.0,1.0,1.0,1.0
2083,765dacfed4925185,True,1.0,1.0,1.0,1.0,1.0,1.0,1.0
2084,eda3453c6d5355e0,True,1.0,1.0,0.7801757652288647,1.0,1.0,1.0,0.9084065688453603
2085,1cddfddca0bd560a,True,1.0,1.0,1.0,1.0,1.0,1.0,1.0
2086,748d7e95687d5d26,True,1.0,1.0,1.0,1.0,1.0,1.0,1.0
2087,1c044069a36c5d4b,True,1.0,1.0,0.7728095647995054,1.0,1.0,1.0,0.9053373186664606
2088,e2c14ab1fbe350b1,True,1.0,1.0,0.6777856298417109,1.0,1.0,0.5,0.8657440124340462
2089,16a2c04634ab5112,True,1.0,1.0,0.9432417060035654,1.0,1.0,1.0,0.976350710834819
2090,159ec1accaf55d3f,True,1.0,1.0,1.0,1.0,1.0,1.0,1.0
2091,d83c3b7416f3577e,True,1.0,1.0,0.8475057416777475,1.0,1.0,1.0,0.9364607256990615
2092,4109b79d84ea5053,True,1.0,1.0,1.0,1.0,1.0,1.0,1.0
2093,ee4ca385da5d5778,True,1.0,1.0,0.7572796341590233,1.0,1.0,1.0,0.8988665142329264
2094,71017c020a0b5a75,True,1.0,1.0,0.6371455339302305,1.0,1.0,1.0,0.848810639137596
2095,84ed0a5827f656d8,True,1.0,1.0,0.8521248271434473,1.0,1.0,1.0,0.9383853446431031
2096,88904a762b5f5793,True,1.0,1.0,1.0,1.0,1.0,1.0,1.0
2097,b677a8a95c395ad2,True,1.0,1.0,0.731382841253317,1.0,1.0,1.0,0.8880761838555488
2098,fc4bdb76d30553b0,True,1.0,1.0,0.6621459418859289,1.0,1.0,1.0,0.8592274757858037
2099,6914bcabdeec5e0f,True,1.0,1.0,0.8139633827986932,1.0,1.0,1.0,0.9224847428327889
2100,541d2d0ac174524b,True,1.0,1.0,0.6841742043380984,1.0,1.0,1.0,0.8684059184742076
2101,df8bff51c1d95e09,True,1.0,1.0,1.0,1.0,1.0,1.0,1.0
2102,bbd85b27fa465894,True,1.0,1.0,1.0,1.0,1.0,1.0,1.0
2103,1f5144778210505c,True,1.0,1.0,1.0,1.0,1.0,1.0,1.0
2104,4543b41a1fec5a97,True,1.0,1.0,0.8256803301461219,1.0,1.0,1.0,0.9273668042275508
2105,516c42e0454456b6,True,1.0,1.0,1.0,1.0,1.0,1.0,1.0
2106,d719f6e5de715f5a,True,1.0,1.0,1.0,1.0,1.0,1.0,1.0
2107,537935a8e7b653f2,True,1.0,1.0,0.41756953511617456,1.0,1.0,0.5,0.7573206396317395
2108,fb351801ac245053,True,1.0,1.0,1.0,1.0,1.0,1.0,1.0
2109,5209e1f6a97e592a,True,1.0,1.0,0.7610983223810752,1.0,1.0,1.0,0.900457634325448
2110,8a43e10749585b21,True,1.0,1.0,0.9267059321654894,1.0,1.0,1.0,0.9694608050689539
2111,6021973f81a75e0b,True,1.0,1.0,0.6100037983867456,1.0,1.0,1.0,0.8375015826611439
2112,373abe824b3052a0,True,1.0,1.0,0.8966895974382085,1.0,1.0,1.0,0.9569539989325868
2113,20c8f9038443596e,True,1.0,1.0,0.8126663688141558,1.0,1.0,1.0,0.9219443203392316
2114,9b58f5bd4e995a93,True,1.0,1.0,1.0,1.0,1.0,1.0,1.0
2115,55e018d3bd3d5abc,True,1.0,1.0,0.9622417244992844,1.0,1.0,1.0,0.9842673852080353
2116,99e3b8d3211f53d7,True,1.0,1.0,0.7378281388151664,1.0,1.0,1.0,0.8907617245063193
2117,52d9d533ca4e5980,True,1.0,1.0,0.4390132156618659,1.0,1.0,1.0,0.7662555065257775
2118,b5ee0c4a00765073,True,1.0,1.0,0.8604860154685996,1.0,1.0,1.0,0.9418691731119164
2119,8bb7091fe0d959fc,True,1.0,1.0,1.0,1.0,1.0,1.0,1.0
2120,13e6cd945bf95a1f,True,1.0,1.0,0.7008204690734833,1.0,1.0,1.0,0.8753418621139514
2121,2c5ed5662dfb5ee9,True,1.0,1.0,0.9535203734132482,1.0,1.0,1.0,0.9806334889221867
2122,4a62cc0027965e10,True,1.0,1.0,0.9546661172402113,1.0,1.0,1.0,0.9811108821834215
2123,49a747ca28cd5d5f,True,1.0,1.0,0.8020447727223636,1.0,1.0,1.0,0.9175186553009849
2124,51ab6f367130574d,True,1.0,1.0,0.8058813387576303,1.0,1.0,1.0,0.919117224482346
2125,9a6489254d5f5577,True,1.0,1.0,0.6237564867197601,1.0,1.0,1.0,0.8432318694665667
2126,e69f96075afb5d86,True,1.0,1.0,0.9243797748654043,1.0,1.0,1.0,0.9684915728605851
2127,2ee44628526e524c,True,1.0,1.0,0.7797606587213383,1.0,1.0,1.0,0.9082336078005576
2128,9326163d4c9c5d16,True,1.0,1.0,0.8780871536678697,1.0,1.0,0.0,0.9492029806949457
2129,b0bd81048c07524f,True,1.0,1.0,0.7959985820814244,1.0,1.0,1.0,0.9149994092005934
2130,878665ca715b53d3,True,1.0,1.0,0.9422089020935769,1.0,1.0,1.0,0.9759203758723237
2131,ee7be0b111a85c25,True,1.0,1.0,1.0,1.0,1.0,1.0,1.0
2132,23b4e574c41a57bd,True,1.0,1.0,0.5834443645234394,1.0,1.0,1.0,0.8264351518847665
2133,90fa31af769c5e8d,True,1.0,1.0,0.9232451847300798,1.0,1.0,1.0,0.9680188269708666
2134,5d3fbc3605fb5bb9,True,1.0,1.0,0.9817096318269033,1.0,1.0,1.0,0.9923790132612097
2135,078f05d9e9c05230,True,1.0,1.0,0.8031042503521961,1.0,1.0,1.0,0.917960104313415
2136,0c318d7923d15b78,True,1.0,1.0,0.9398648220922613,1.0,1.0,1.0,0.9749436758717756
2137,ac47687039a75848,True,1.0,1.0,0.7504646948009774,1.0,1.0,1.0,0.896026956167074
2138,048eb7efa08354e3,True,1.0,1.0,0.8347830154335156,1.0,1.0,1.0,0.9311595897639648
2139,ba392de83daf5bf3,True,1.0,0.0,0.0,1.0,1.0,1.0,0.0
2140,b3b8a7989ba5519f,True,1.0,1.0,1.0,1.0,1.0,1.0,1.0
2141,9d72593884a757a3,True,1.0,1.0,1.0,1.0,1.0,1.0,1.0
2142,e375b42cd83a5bf3,True,1.0,1.0,0.63661093945629,0.0,1.0,1.0,0.4319212247734541
2143,cd828def214c571e,True,1.0,1.0,0.8742112966998767,1.0,1.0,1.0,0.9475880402916154
2144,480325e1f5085385,True,1.0,1.0,1.0,1.0,1.0,1.0,1.0
2145,23d70775af9754e8,True,1.0,1.0,1.0,1.0,1.0,1.0,1.0
2146,abd6e8c330ea5694,True,1.0,1.0,0.5044724473398188,1.0,1.0,1.0,0.7935301863915911
2147,cd7568df56095ff2,True,1.0,1.0,1.0,1.0,1.0,1.0,1.0
2148,87ecb477e85b5a58,True,1.0,1.0,0.9569968900411838,1.0,1.0,1.0,0.9820820375171598
2149,9116e9726a6f59cb,True,1.0,1.0,0.867177829650949,1.0,1.0,1.0,0.9446574290212287
2150,dc5bfa6f51225853,True,1.0,1.0,0.8968698247596898,1.0,1.0,1.0,0.9570290936498708
2151,551afc276a1a5ab3,True,1.0,1.0,0.7455596387784579,1.0,1.0,1.0,0.8939831828243574
2152,ce09ed938df353d1,True,1.0,1.0,1.0,1.0,1.0,1.0,1.0
2153,1b88b298d405518e,True,1.0,0.0,0.0,1.0,1.0,0.5,0.0
2154,0db4879927b35dc0,True,1.0,1.0,0.9480520575450796,1.0,1.0,1.0,0.9783550239771165
2155,8f60912c624e5f5f,True,1.0,1.0,1.0,0.0,1.0,0.0,0.5833333333333334
2156,77c3cf2f4a1a5f31,True,1.0,1.0,0.6800439986827015,1.0,1.0,1.0,0.8666849994511256
2157,73939fc4dcdf57c4,True,1.0,1.0,1.0,1.0,1.0,1.0,1.0
2158,798f1981bb285b09,True,1.0,1.0,0.6284443275432573,1.0,1.0,1.0,0.8451851364763572
2159,78e8eab14d8e5d65,True,1.0,1.0,0.8858316040260092,1.0,1.0,1.0,0.9524298350108372
2160,ccfe1da323ed53a9,True,1.0,1.0,0.7275355746109923,1.0,1.0,1.0,0.8864731560879134
2161,822d92ab3f13502b,True,1.0,1.0,1.0,1.0,1.0,1.0,1.0
2162,578a5ef598b9521f,True,1.0,1.0,1.0,1.0,1.0,1.0,1.0
2163,6ebf87c3da335680,True,1.0,1.0,1.0,1.0,1.0,1.0,1.0
2164,2f23d31a3ddf5de9,True,1.0,1.0,1.0,1.0,1.0,1.0,1.0
2165,d84b338d48335e67,True,1.0,1.0,0.815184248802147,1.0,1.0,1.0,0.9229934370008946
2166,67d74f48ba2a548e,True,0.0,1.0,0.0,0.0,1.0,1.0,0.0
2167,dd414d3d7d5452f1,True,1.0,1.0,0.5726442610839805,1.0,1.0,0.0,0.8219351087849919
2168,089e3eac4f7e5c5c,True,1.0,1.0,0.9081844023041773,1.0,1.0,1.0,0.961743500960074
2169,ae73a52a1a5d54ac,True,1.0,1.0,1.0,1.0,1.0,1.0,1.0
2170,592f9e4317dd52e2,True,1.0,1.0,0.8306139350316486,0.0,1.0,1.0,0.5127558062631868
2171,93b0ff5c4c5c507e,True,1.0,1.0,1.0,1.0,1.0,1.0,1.0
2172,814a2807af5f51f7,True,1.0,1.0,1.0,1.0,1.0,1.0,1.0
2173,71057ab084a75ce6,True,1.0,1.0,0.9231639790856857,1.0,1.0,1.0,0.9679849912857024
2174,f6df3f934bdb598d,True,1.0,1.0,0.9309509174550815,1.0,1.0,1.0,0.9712295489396173
2175,018ba0bc5f145074,True,1.0,1.0,0.8308331076867759,1.0,1.0,1.0,0.9295137948694899
2176,d94aa4b0e05e5be9,True,1.0,1.0,1.0,0.0,1.0,1.0,0.5833333333333334
2177,e805310ff3055efa,True,1.0,1.0,1.0,1.0,1.0,1.0,1.0
2178,5af27ca0b8135d9d,True,1.0,1.0,0.8851110751986443,1.0,1.0,1.0,0.9521296146661018
2179,191dc35423a85d10,True,1.0,1.0,0.9936713627604249,1.0,1.0,1.0,0.9973630678168437
2180,d577027e9c295bde,True,1.0,1.0,0.8094167496733249,0.0,1.0,1.0,0.5039236456972187
2181,15715849d362599e,True,1.0,1.0,0.737374536409886,1.0,1.0,1.0,0.8905727235041191
2182,0d2403a8031f540c,True,1.0,1.0,1.0,1.0,1.0,1.0,1.0
2183,8f41958d23a65c48,True,1.0,0.0,0.0,1.0,1.0,0.0,0.0
2184,edd24f4c0a295030,True,1.0,1.0,0.9895963006104795,1.0,1.0,1.0,0.9956651252543663
2185,c2cfb091173a5ca2,True,1.0,1.0,1.0,1.0,1.0,1.0,1.0
2186,667360ba7d595e46,True,1.0,1.0,0.6920892458532679,1.0,1.0,1.0,0.8717038524388615
2187,86cb3350b50b570b,True,1.0,1.0,0.7931745036239168,1.0,1.0,1.0,0.9138227098432986
2188,b27841ee318f5d92,True,1.0,1.0,0.9697647257267759,1.0,1.0,1.0,0.9874019690528234
2189,2e508e23f47d5f96,True,1.0,1.0,0.6612198826230163,1.0,1.0,1.0,0.8588416177595901
2190,d1ac97f2f57553d0,True,1.0,1.0,0.7831634688576815,1.0,1.0,1.0,0.9096514453573673
2191,ef886d0dee3e534c,True,1.0,0.0,0.0,1.0,1.0,1.0,0.0
2192,1218b6a218b750d8,True,1.0,1.0,1.0,0.0,1.0,1.0,0.5833333333333334
2193,134cbee5a9635cd7,True,0.0,1.0,0.0,0.0,1.0,1.0,0.0
2194,69f50b1f6c4d5f4b,True,1.0,1.0,1.0,1.0,1.0,1.0,1.0
2195,34ed4880444350af,True,1.0,1.0,0.9453696522500136,1.0,1.0,1.0,0.9772373551041724
2196,9b4e0723f48755fb,True,1.0,1.0,0.9362883257636743,1.0,1.0,0.0,0.9734534690681976
2197,a08bb182c3d558da,True,1.0,1.0,0.6405938717725707,1.0,1.0,1.0,0.8502474465719044
2198,55b7f0c50f4a5157,True,1.0,1.0,1.0,1.0,1.0,1.0,1.0
2199,071d69045acb5971,True,1.0,0.0,0.0,1.0,1.0,0.0,0.0
2200,819d34b59e6159ad,True,1.0,1.0,1.0,1.0,1.0,1.0,1.0
2201,56b80cb2ca2c5983,True,1.0,1.0,0.6096888883531396,1.0,1.0,1.0,0.8373703701471414
2202,c13f0e8db9b15c69,True,1.0,1.0,1.0,1.0,1.0,1.0,1.0
2203,77f45b5536f854bf,True,1.0,1.0,1.0,1.0,1.0,1.0,1.0
2204,0ee0eabadd125c7b,True,1.0,1.0,0.9530594264392157,1.0,1.0,1.0,0.9804414276830066
2205,a33054c645ce5643,True,1.0,1.0,1.0,1.0,1.0,1.0,1.0
2206,43ce8a5ddf8f5541,True,1.0,0.0,0.0,1.0,1.0,1.0,0.0
2207,3baa70a146f055d2,True,1.0,1.0,0.7732991824255874,1.0,1.0,1.0,0.9055413260106614
2208,4cc1186b46d85ec4,True,1.0,1.0,0.8985823982820715,1.0,1.0,1.0,0.9577426659508631
2209,ef4e7ef102395420,True,1.0,1.0,0.9649401274679915,1.0,1.0,1.0,0.9853917197783298
2210,a815da9bf45d5b15,True,1.0,1.0,0.9941726762139267,0.0,1.0,1.0,0.5809052817558028
2211,d9c700e9e21b50ba,True,1.0,1.0,1.0,1.0,1.0,1.0,1.0
2212,e5e1dbb69578517b,True,1.0,1.0,0.6248385056062187,1.0,1.0,1.0,0.8436827106692578
2213,cfc9186dc53b5d4a,True,1.0,0.0,0.0,1.0,1.0,0.0,0.0
2214,b7784f3cdf6b5991,True,1.0,1.0,0.5961183045378199,1.0,1.0,1.0,0.8317159602240917
2215,6894aab92b0058dd,True,1.0,1.0,1.0,1.0,1.0,1.0,1.0
2216,42b4245406ee5ab8,True,1.0,1.0,0.9162252829672963,1.0,1.0,1.0,0.9650938679030402
2217,0ae7ba2fd0f95d17,True,1.0,1.0,0.810662061049259,1.0,1.0,1.0,0.921109192103858
2218,6d08dce7cfaa5035,True,1.0,1.0,1.0,1.0,1.0,1.0,1.0
2219,248a920cf01751f1,True,1.0,1.0,1.0,1.0,1.0,1.0,1.0
2220,5ad705654fd3547d,True,1.0,1.0,0.8097499439091882,1.0,1.0,1.0,0.9207291432954952
2221,f34d9948bdc257ab,True,1.0,1.0,1.0,1.0,1.0,1.0,1.0
2222,bbc8e4799fe85548,True,1.0,1.0,0.8118228673052492,1.0,1.0,1.0,0.9215928613771872
2223,efc8eef1e7b551d9,True,1.0,1.0,0.8644431520895021,1.0,1.0,1.0,0.9435179800372925
2224,71ed3e4fcadc5322,True,1.0,1.0,0.7700725091289269,1.0,1.0,1.0,0.9041968788037195
2225,51259bf89422548a,True,1.0,1.0,0.8495838698409883,1.0,1.0,1.0,0.9373266124337452
2226,9ecb100495a5584e,True,1.0,1.0,1.0,1.0,1.0,1.0,1.0
2227,f1b8c54a906f525e,True,1.0,1.0,1.0,1.0,1.0,1.0,1.0
2228,dad96574decb5a68,True,1.0,1.0,0.5390688845570323,1.0,1.0,1.0,0.8079453685654302
2229,0cdeb48fac9d5292,True,1.0,1.0,0.7756649001935779,1.0,1.0,1.0,0.906527041747324
2230,892f8a0d37dd5af3,True,1.0,1.0,0.9303581317064374,1.0,1.0,1.0,0.9709825548776823
2231,f897914e6f0c52e5,True,1.0,1.0,1.0,1.0,1.0,1.0,1.0
2232,8659bfccd4195fb6,True,1.0,1.0,0.7855253782591579,1.0,1.0,1.0,0.9106355742746491
2233,32648fe3eaa45ed1,True,1.0,0.0,0.0,1.0,1.0,0.0,0.0
2234,5e4f0ddf24da5f97,True,1.0,1.0,0.8072644454158203,1.0,1.0,1.0,0.9196935189232583
2235,52ed9777731d5ba8,True,1.0,1.0,0.8882818610094292,1.0,1.0,1.0,0.9534507754205954
2236,9c100482944751b3,True,1.0,1.0,0.9365237545064433,1.0,1.0,1.0,0.9735515643776846
2237,5d5d1442b83d5c5c,True,1.0,1.0,0.6803450669826433,1.0,1.0,1.0,0.8668104445761013
2238,dd54db98a83b5714,True,1.0,1.0,0.7047338029256568,1.0,1.0,1.0,0.8769724178856904
2239,4eb5bcde81245591,True,1.0,0.0,0.0,1.0,1.0,1.0,0.0
2240,b1e1c1a12339588a,True,1.0,1.0,1.0,1.0,1.0,1.0,1.0
2241,7f0309b4cbb85029,True,1.0,1.0,0.761481542348979,1.0,1.0,1.0,0.9006173093120746
2242,b8873bb7c3f35d15,True,1.0,1.0,0.9579348007334108,1.0,1.0,1.0,0.9824728336389211
2243,e9ed7dbcb6365ea2,True,1.0,1.0,0.8806682971177529,1.0,1.0,1.0,0.9502784571323971
2244,9d864c15bf7d5414,True,1.0,1.0,0.8529623709547,1.0,1.0,1.0,0.938734321231125
2245,dd162898ecf351d4,True,0.0,1.0,0.0,0.0,1.0,1.0,0.0
2246,283ae14565b85cc3,True,1.0,1.0,0.7542406942718873,1.0,1.0,1.0,0.8976002892799531
2247,59a1d448fbdf53f6,True,1.0,1.0,1.0,1.0,1.0,1.0,1.0
2248,610271d0c1515c8c,True,1.0,1.0,0.777521114351553,1.0,1.0,1.0,0.9073004643131471
2249,1a8da8e47d235dbe,True,1.0,1.0,0.938411455677258,1.0,1.0,1.0,0.9743381065321909
2250,cba43d02cf795a0f,True,1.0,1.0,1.0,0.0,1.0,1.0,0.5833333333333334
2251,d3d7a91aff375fc5,True,1.0,1.0,0.7408791826471227,1.0,1.0,1.0,0.8920329927696344
2252,51e7c560a43d5a25,True,1.0,1.0,0.9212133134666631,1.0,1.0,1.0,0.9671722139444429
2253,944a55f58a59597f,True,1.0,1.0,1.0,1.0,1.0,1.0,1.0
2254,6abe0ed266f258d9,True,1.0,1.0,1.0,1.0,1.0,1.0,1.0
2255,313756e5fc655c0e,True,1.0,1.0,1.0,1.0,1.0,1.0,1.0
2256,1a775d7198a654e0,True,1.0,1.0,0.8109717973710721,1.0,1.0,1.0,0.9212382489046135
2257,efd90f7518445bef,True,1.0,1.0,1.0,1.0,1.0,1.0,1.0
2258,3ef30aa787de56fa,True,1.0,1.0,1.0,1.0,1.0,1.0,1.0
2259,47e005481cf0579d,True,1.0,1.0,1.0,1.0,1.0,1.0,1.0
2260,6d66b095f93750f7,True,1.0,1.0,0.9819719033582401,0.0,1.0,1.0,0.5758216263992667
2261,1f57ce2072e25edb,True,1.0,1.0,0.8863122368077992,1.0,1.0,1.0,0.9526300986699163
2262,02e3c13aa3975b02,True,1.0,0.0,0.0,1.0,1.0,1.0,0.0
2263,430f1f445caf5b3e,True,1.0,0.0,0.0,1.0,1.0,1.0,0.0
2264,60991b5c52d85113,True,1.0,1.0,1.0,1.0,1.0,1.0,1.0
2265,0c4f97d3255155e4,True,1.0,1.0,0.7437099822616198,1.0,1.0,1.0,0.8932124926090083
2266,828b1011212253c6,True,1.0,1.0,1.0,1.0,1.0,1.0,1.0
2267,9bfa838de21f5d25,True,1.0,1.0,0.806187219865019,1.0,1.0,1.0,0.9192446749437578
2268,a9af1e73c9575428,True,1.0,0.0,0.0,1.0,1.0,0.5,0.0
2269,3d43337c0e6b5910,True,1.0,1.0,0.6798018986012109,1.0,1.0,1.0,0.8665841244171713
2270,2318ebb3b64554fc,True,1.0,1.0,1.0,1.0,1.0,1.0,1.0
2271,9d7030a6966b54cd,True,1.0,1.0,1.0,1.0,1.0,1.0,1.0
2272,1b5606e475d554f7,True,1.0,1.0,0.9196976938119968,1.0,1.0,1.0,0.9665407057549986
2273,8d7c5f26b9775cce,True,1.0,1.0,0.8171186367477358,1.0,1.0,1.0,0.9237994319782232
2274,0ee0c8c2556c506a,True,1.0,1.0,1.0,1.0,1.0,1.0,1.0
2275,d243aa8117495932,True,1.0,1.0,1.0,1.0,1.0,1.0,1.0
2276,e3b8bfc261ac5969,True,1.0,1.0,1.0,1.0,1.0,1.0,1.0
2277,782f0fff66145718,True,1.0,1.0,0.8998170312813422,1.0,1.0,1.0,0.9582570963672259
2278,a2ed8d7503b85e2d,True,1.0,1.0,0.8941804906601437,1.0,1.0,1.0,0.9559085377750599
2279,bf72d4d6b25f5b27,True,1.0,1.0,0.9886945288793726,1.0,1.0,1.0,0.9952893870330719
2280,50fef67a5a9a5a4b,True,1.0,0.0,0.0,1.0,1.0,1.0,0.0
2281,4606b66d9fe75354,True,1.0,1.0,0.7606268653648937,1.0,1.0,1.0,0.900261193902039
2282,cdae0433bb5d5b9e,True,1.0,1.0,1.0,1.0,1.0,1.0,1.0
2283,db29291cd4ee5499,True,1.0,1.0,1.0,1.0,1.0,1.0,1.0
2284,c23c39c3fedd5bfa,True,1.0,1.0,0.9242458435871745,1.0,1.0,1.0,0.9684357681613228
2285,3e8b81f8eb205311,True,1.0,1.0,0.7885625980125721,1.0,1.0,1.0,0.9119010825052384
2286,de64687e89f25285,True,1.0,1.0,0.8044751543795526,1.0,1.0,1.0,0.9185313143248136
2287,ec611f7d00d85b31,True,1.0,1.0,1.0,1.0,1.0,1.0,1.0
2288,ea789512f1be5a47,True,1.0,1.0,1.0,1.0,1.0,1.0,1.0
2289,e668948b1c0f5b82,True,1.0,1.0,1.0,1.0,1.0,1.0,1.0
2290,48e14ad3c65c5156,True,1.0,1.0,0.8815313395658307,1.0,1.0,1.0,0.9506380581524295
2291,654f6079561e5cdb,True,1.0,1.0,0.9747758053203043,0.0,1.0,1.0,0.5728232522167934
2292,994db6ebee835fbd,True,1.0,1.0,0.8758632199031859,1.0,1.0,1.0,0.9482763416263275
2293,406f8b299de35ce2,True,1.0,1.0,0.6458419291405905,1.0,1.0,0.5,0.8524341371419126
2294,0695553567185c3c,True,1.0,1.0,1.0,1.0,1.0,1.0,1.0
2295,2e586c7da7c55eb3,True,1.0,1.0,1.0,0.0,1.0,0.5,0.5833333333333334
2296,4ae7296f92115e83,True,1.0,1.0,0.8460439769698631,1.0,1.0,1.0,0.9358516570707763
2297,d1ef1e42fa15573d,True,1.0,1.0,0.39615373079246863,1.0,1.0,1.0,0.7483973878301953
2298,cd72b9f6b03f5f41,True,1.0,1.0,0.8921110598493311,1.0,1.0,1.0,0.9550462749372213
2299,e11b470ae6285663,True,1.0,1.0,0.7589577718343912,1.0,1.0,1.0,0.8995657382643296
2300,639b55d4b2b65d0a,True,1.0,1.0,0.7754254191708019,1.0,1.0,1.0,0.9064272579878341
2301,b7e61e7b15265bb9,True,1.0,1.0,1.0,1.0,1.0,1.0,1.0
2302,cb7ce9515c495674,True,1.0,1.0,0.7690726970448647,1.0,1.0,1.0,0.9037802904353603
2303,806b0f2b2ade5454,True,1.0,1.0,1.0,1.0,1.0,1.0,1.0
2304,d987180f18155985,True,1.0,1.0,1.0,1.0,1.0,1.0,1.0
2305,07d1a751018a526f,True,1.0,1.0,0.868174606061712,1.0,1.0,1.0,0.9450727525257134
2306,2c439b29049252a7,True,1.0,1.0,1.0,1.0,1.0,1.0,1.0
2307,236914bd075052ca,True,1.0,1.0,0.8087136307409467,1.0,1.0,1.0,0.920297346142061
2308,fa3c2377e39c52e3,True,1.0,1.0,0.9391097632036235,1.0,1.0,1.0,0.9746290680015098
2309,661d0a5bf2735f03,True,1.0,1.0,0.878401974309142,1.0,1.0,1.0,0.9493341559621425
2310,ca62812a55ce5f0b,True,1.0,1.0,0.8032209643393545,1.0,1.0,1.0,0.9180087351413976
2311,0c330f8c6d6658ee,True,1.0,1.0,0.7282465668184018,1.0,1.0,1.0,0.8867694028410007
2312,01d3726e5bc2576b,True,1.0,1.0,0.9704336153334496,1.0,1.0,1.0,0.9876806730556039
2313,d6b5646287065fa8,True,1.0,1.0,0.7109811600404478,1.0,1.0,1.0,0.8795754833501865
2314,8a6717a888fe55f9,True,1.0,1.0,0.7884672499750394,1.0,1.0,1.0,0.9118613541562665
2315,8164612a623156ae,True,1.0,1.0,1.0,1.0,1.0,1.0,1.0
2316,0972cf3a4c5d5a39,True,1.0,1.0,0.7775751903478577,1.0,1.0,1.0,0.9073229959782741
2317,43cfa12f279355aa,True,1.0,1.0,0.773113218952351,1.0,1.0,1.0,0.9054638412301462
2318,ffde3cc525b75021,True,1.0,1.0,1.0,1.0,1.0,1.0,1.0
2319,5b3db54a43ca52ed,True,1.0,1.0,1.0,1.0,1.0,1.0,1.0
2320,b4175792b94a5cf2,True,1.0,1.0,0.10609854235446298,1.0,1.0,1.0,0.6275410593143596
2321,8bebc6662b36505f,True,1.0,1.0,0.7893000100284535,1.0,1.0,1.0,0.9122083375118556
2322,9d69a0f2f73f5035,True,1.0,1.0,0.9672774960324431,1.0,1.0,1.0,0.9863656233468513
2323,ae05160436d45a62,True,1.0,0.0,0.0,1.0,1.0,1.0,0.0
2324,2189449ddbf65bff,True,1.0,1.0,0.8547662709402013,1.0,1.0,1.0,0.9394859462250839
2325,80ea2a91b1845071,True,0.0,1.0,0.0,0.0,1.0,1.0,0.0
2326,e9cb16355c1f5d9b,True,1.0,1.0,0.8286367131319368,1.0,1.0,1.0,0.9285986304716403
2327,1e9a42ef8f4057a6,True,1.0,1.0,0.9113192177882022,1.0,1.0,1.0,0.9630496740784175
2328,79a151c333745253,True,1.0,1.0,0.7100238056024051,0.0,1.0,1.0,0.4625099190010021
2329,5795e118157f528f,True,1.0,1.0,0.592435627275382,1.0,1.0,1.0,0.8301815113647425
2330,f3c7dc93e3bc57c1,True,1.0,1.0,0.7457430806138545,1.0,1.0,1.0,0.8940596169224394
2331,3d0c780c0aba552e,True,1.0,1.0,1.0,1.0,1.0,1.0,1.0
2332,98a1233e3db75a8a,True,1.0,1.0,1.0,1.0,1.0,1.0,1.0
2333,70b8c89829d05f30,True,1.0,1.0,0.8697165566693122,1.0,1.0,1.0,0.9457152319455467
2334,17329d8654895534,True,1.0,1.0,0.7360896288060887,1.0,1.0,1.0,0.8900373453358702
2335,6e49c17c51db5a5c,True,1.0,1.0,0.596088067337239,1.0,1.0,1.0,0.8317033613905163
2336,00c6aecefec9576c,True,1.0,1.0,0.9830873348251957,1.0,1.0,1.0,0.9929530561771648
2337,f6855b72b0aa57e2,True,1.0,1.0,0.8938501650534654,1.0,1.0,1.0,0.9557709021056106
2338,4711d15a356a54e9,True,1.0,1.0,0.8199461610757627,1.0,1.0,1.0,0.9249775671149011
2339,cea4eb2a60da5354,True,1.0,1.0,0.8432554308694992,1.0,1.0,1.0,0.9346897628622912
2340,254290b4b4a35869,True,1.0,1.0,1.0,1.0,1.0,1.0,1.0
2341,80b61a3a73f55af9,True,1.0,1.0,1.0,1.0,1.0,1.0,1.0
2342,257d737fc3865fd1,True,1.0,1.0,0.40487831076579384,1.0,1.0,1.0,0.7520326294857475
2343,406564d5dc7358f6,True,1.0,1.0,1.0,1.0,1.0,1.0,1.0
2344,4d5c4013a6db5819,True,1.0,1.0,1.0,1.0,1.0,1.0,1.0
2345,dd43c6087aca5206,True,1.0,1.0,0.7149117065511111,1.0,1.0,1.0,0.881213211062963
2346,b7e7604c72e051da,True,1.0,1.0,1.0,1.0,1.0,1.0,1.0
2347,388181311ef25756,True,1.0,1.0,1.0,1.0,1.0,1.0,1.0
2348,f63a2f8e05115d52,True,1.0,1.0,1.0,1.0,1.0,1.0,1.0
2349,6fe1f4f8dbcd57b5,True,1.0,1.0,0.77792565049826,1.0,1.0,1.0,0.9074690210409416
2350,3ef16d00a16b5c94,True,1.0,1.0,0.7718247933584954,1.0,1.0,1.0,0.9049269972327064
2351,8777c80c80ad53e8,True,1.0,1.0,1.0,1.0,1.0,1.0,1.0
2352,8067c4f48fe45421,True,1.0,1.0,1.0,0.0,1.0,1.0,0.5833333333333334
2353,ef90f66b5d465ebf,True,1.0,1.0,1.0,1.0,1.0,1.0,1.0
2354,70428e7a613e55cc,True,1.0,1.0,0.9537842540939714,1.0,1.0,1.0,0.9807434392058214
2355,69bcdc8c577252f4,True,1.0,1.0,1.0,1.0,1.0,1.0,1.0
2356,b7453f77be5b53df,True,1.0,1.0,0.775929202324651,1.0,1.0,1.0,0.9066371676352712
2357,1862fb50f5b0518a,True,1.0,1.0,0.9469081201418494,1.0,1.0,1.0,0.9778783833924373
2358,1288b2d19d695376,True,1.0,1.0,1.0,1.0,1.0,1.0,1.0
2359,3f19f97d980754f7,True,1.0,1.0,0.8895531341563715,1.0,1.0,1.0,0.9539804725651547
2360,5c934edce20758e5,True,1.0,1.0,0.7180612610521713,1.0,1.0,1.0,0.8825255254384047
2361,9f8f670a268550e5,True,1.0,1.0,1.0,1.0,1.0,1.0,1.0
2362,35dbc03efb3c5f00,True,1.0,1.0,1.0,1.0,1.0,1.0,1.0
2363,e6a94b91b19f5315,True,1.0,1.0,1.0,1.0,1.0,1.0,1.0
2364,26ba80ad72205a03,True,1.0,1.0,0.9818915402627637,1.0,1.0,1.0,0.9924548084428183
2365,3c303aa231e65a53,True,1.0,1.0,0.9821319449249514,1.0,1.0,1.0,0.9925549770520631
2366,002672a228395a16,True,1.0,1.0,1.0,1.0,1.0,1.0,1.0
2367,47c92818d9005eea,True,1.0,1.0,1.0,1.0,1.0,1.0,1.0
2368,6b68c09f87b85dc8,True,1.0,1.0,1.0,1.0,1.0,1.0,1.0
2369,36e98388f7a35159,True,1.0,1.0,1.0,1.0,1.0,1.0,1.0
2370,27b5c3ce868856a2,True,1.0,1.0,0.9193311907122979,1.0,1.0,1.0,0.9663879961301242
2371,fe4b2cf4e9ad5b37,True,1.0,1.0,0.9718092963540419,1.0,1.0,1.0,0.9882538734808509
2372,6012210b020c53a9,True,1.0,1.0,0.7878732463657737,1.0,1.0,0.5,0.9116138526524057
2373,30e29966db9156ee,True,1.0,1.0,0.5785089602772823,1.0,1.0,1.0,0.8243787334488676
2374,8d83f07bed9d5f6a,True,1.0,1.0,1.0,1.0,1.0,1.0,1.0
2375,a04f86a92daf50ba,True,1.0,1.0,0.6859548975488295,1.0,1.0,1.0,0.869147873978679
2376,e0e85d4fc9545225,True,1.0,1.0,0.6101324861439319,1.0,1.0,1.0,0.8375552025599716
2377,415b05ca44da5fbb,True,1.0,1.0,1.0,1.0,1.0,1.0,1.0
2378,46320fa2dc795a5a,True,1.0,1.0,1.0,1.0,1.0,1.0,1.0
2379,09babda49aa659a1,True,1.0,1.0,1.0,1.0,1.0,1.0,1.0
2380,61421159b240530d,True,1.0,1.0,1.0,1.0,1.0,1.0,1.0
2381,b2c0a19be09f5b76,True,1.0,1.0,0.7178743386993718,1.0,1.0,1.0,0.8824476411247382
2382,73e3a1a2ed275417,True,1.0,1.0,0.6191333008601418,1.0,1.0,1.0,0.8413055420250591
2383,54d1762cf973535b,True,1.0,1.0,0.9581643832379055,1.0,1.0,1.0,0.9825684930157941
2384,21ce6f815188587a,True,1.0,1.0,0.7569700005665004,1.0,1.0,1.0,0.8987375002360419
2385,5fed3ec5ed1351c1,True,1.0,1.0,1.0,1.0,1.0,1.0,1.0
2386,8f5cefce0c0259d9,True,1.0,1.0,0.768193708064031,1.0,1.0,1.0,0.9034140450266795
2387,384def2e3f9657f6,True,1.0,1.0,0.8244858624119487,1.0,1.0,1.0,0.926869109338312
2388,fb2ff1ed5e1b529f,True,1.0,1.0,1.0,1.0,1.0,0.5,1.0
2389,9666a4125db25507,True,1.0,1.0,0.7915511705181294,1.0,1.0,1.0,0.9131463210492207
2390,0c6772102cc550ef,True,1.0,1.0,0.5920062963147564,0.0,1.0,0.5,0.4133359567978152
2391,8683f3b4797f56e0,True,1.0,1.0,0.686635377991677,0.0,1.0,1.0,0.4527647408298654
2392,6a66294fe97f54db,True,1.0,0.0,0.0,0.0,1.0,1.0,0.0
2393,6aaf052582e35b0c,True,1.0,1.0,1.0,0.0,1.0,1.0,0.5833333333333334
2394,07a369a8e34d541e,True,1.0,1.0,1.0,1.0,1.0,1.0,1.0
2395,776069d80826529d,True,1.0,1.0,0.6803530857166519,1.0,1.0,1.0,0.8668137857152716
2396,6326d00e52115da4,True,1.0,1.0,1.0,1.0,1.0,1.0,1.0
2397,1270261ff182534f,True,1.0,1.0,0.9729778004686317,1.0,1.0,1.0,0.9887407501952632
2398,22642c0ae9605891,True,1.0,1.0,0.9134919096600689,1.0,1.0,1.0,0.9639549623583621
2399,a5de46cebb7d5260,True,1.0,0.0,0.0,1.0,1.0,1.0,0.0
2400,62c5045db3c159aa,True,1.0,1.0,1.0,1.0,1.0,1.0,1.0
2401,ee86c71bc0765fd0,True,1.0,1.0,1.0,1.0,1.0,1.0,1.0
2402,5955c4ef15c75350,True,1.0,1.0,0.9489096051608988,1.0,1.0,1.0,0.9787123354837078
2403,a9c368a110585b1a,True,1.0,1.0,1.0,1.0,1.0,0.5,1.0
2404,de16c26b38425a6b,True,1.0,1.0,1.0,1.0,1.0,1.0,1.0
2405,49a0d29c7058501c,True,1.0,0.0,0.0,1.0,1.0,0.5,0.0
2406,feff00cef4985d6b,True,1.0,1.0,0.8634052348157508,1.0,1.0,1.0,0.943085514506563
2407,1a1aa689c53951ba,True,1.0,1.0,1.0,0.0,1.0,1.0,0.5833333333333334
2408,5ea36cebd2575b16,True,1.0,1.0,1.0,1.0,1.0,1.0,1.0
2409,a756084987b256e5,True,1.0,1.0,0.7735034288870976,1.0,1.0,1.0,0.9056264287029574
2410,4e496bfdb6b95697,True,1.0,1.0,1.0,1.0,1.0,1.0,1.0
2411,02d9591fc6de53c8,True,1.0,1.0,0.8889568026341624,1.0,1.0,1.0,0.9537320010975677
2412,385b1aa4b84c56bf,True,1.0,1.0,0.9240079517830757,1.0,1.0,1.0,0.9683366465762816
2413,3e634fa2ea715bb1,True,1.0,1.0,1.0,1.0,1.0,1.0,1.0
2414,2fb12c4c2eec5b8d,True,1.0,1.0,1.0,1.0,1.0,1.0,1.0
2415,45b494315ca85268,True,1.0,1.0,0.8819133633077685,1.0,1.0,1.0,0.9507972347115702
2416,f47f7733a11d51a1,True,1.0,1.0,1.0,1.0,1.0,1.0,1.0
2417,0dff39153a005f4f,True,1.0,1.0,0.8060724318157588,1.0,1.0,1.0,0.9191968465898995
2418,6c76134176255a21,True,1.0,1.0,0.8198355872401255,1.0,1.0,1.0,0.9249314946833856
2419,f7c57baf089e561b,True,1.0,1.0,1.0,1.0,1.0,1.0,1.0
2420,efca142f8d93518b,True,1.0,0.0,0.0,1.0,1.0,1.0,0.0
2421,16ac515a3ba45d76,True,1.0,1.0,0.6942833660798694,1.0,1.0,1.0,0.8726180691999456
2422,075cf94c3db15021,True,1.0,1.0,1.0,1.0,1.0,1.0,1.0
2423,39c08e30ff9255ef,True,1.0,1.0,1.0,1.0,1.0,1.0,1.0
2424,773ae953dba953b4,True,1.0,1.0,0.863139409472848,1.0,1.0,1.0,0.9429747539470199
2425,91fc00df56ae5aca,True,1.0,0.0,0.0,1.0,1.0,1.0,0.0
2426,10f5795252265ff3,True,1.0,1.0,0.9636994781079933,1.0,1.0,1.0,0.9848747825449973
2427,37b96c1d86665204,True,1.0,1.0,0.8126740931848748,1.0,1.0,1.0,0.9219475388270312
2428,63a80bcca90b5dec,True,1.0,1.0,0.763253547512274,1.0,1.0,1.0,0.9013556447967809
2429,03d4ec82e7ac5804,True,1.0,1.0,0.8158327942709942,1.0,1.0,1.0,0.923263664279581
2430,6dd2d5f52cc55546,True,1.0,1.0,0.9853696709089105,1.0,1.0,1.0,0.9939040295453795
2431,f606d0e6eda7549a,True,1.0,1.0,1.0,1.0,1.0,1.0,1.0
2432,eb5ef679c80959fe,True,1.0,1.0,1.0,1.0,1.0,1.0,1.0
2433,a5ed322a79205030,True,1.0,1.0,1.0,1.0,1.0,1.0,1.0
2434,0ba42ee3c2555502,True,1.0,1.0,0.7822990994006026,1.0,1.0,1.0,0.9092912914169178
2435,8d06ea883e7853a9,True,1.0,1.0,0.7737517978472069,1.0,1.0,1.0,0.9057299157696695
2436,90c6b53ec4a252bc,True,1.0,1.0,1.0,1.0,1.0,1.0,1.0
2437,c37a081992495a0e,True,1.0,1.0,1.0,1.0,1.0,1.0,1.0
2438,39cf3b9137615a6b,True,1.0,1.0,0.8044291074439615,1.0,1.0,1.0,0.9185121281016505
2439,f3f0ebe8d9185b69,True,1.0,1.0,0.8057083607097486,1.0,1.0,1.0,0.9190451502957285
2440,7ffee2481b68517c,True,1.0,1.0,0.8318705930554242,1.0,1.0,0.5,0.92994608043976
2441,87a7a9f8aa325467,True,1.0,1.0,1.0,1.0,1.0,1.0,1.0
2442,9e04987475e85dd5,True,1.0,1.0,0.8114815455731402,1.0,1.0,1.0,0.9214506439888085
2443,b5e7acb62778580b,True,1.0,1.0,0.9743544672781771,1.0,1.0,1.0,0.9893143613659072
2444,d42d0a93b7185161,True,1.0,1.0,0.7266856763341143,1.0,1.0,1.0,0.8861190318058809
2445,44e882ff27ec5566,True,0.5,0.0,0.0,0.0,1.0,0.5,0.0
2446,077c80ecaed0548f,True,1.0,1.0,0.4152912035319479,1.0,1.0,1.0,0.7563713348049782
2447,6d3bb2ecca3e54b4,True,1.0,1.0,1.0,1.0,1.0,1.0,1.0
2448,01e6276eff385ea8,True,1.0,0.0,0.0,1.0,1.0,0.5,0.0
2449,0b4a7c2ba59e5a8c,True,1.0,1.0,0.4725192864121161,1.0,1.0,1.0,0.7802163693383818
2450,afe269451bc757e1,True,1.0,1.0,0.5954659989257637,1.0,1.0,1.0,0.8314441662190681
2451,d68601dbb9d45f6b,True,1.0,1.0,1.0,1.0,1.0,1.0,1.0
2452,7ce6c5c094c55055,True,1.0,1.0,0.7508299304841238,1.0,1.0,1.0,0.8961791377017182
2453,1a1f73871bea5afa,True,1.0,1.0,0.7264146141939108,1.0,1.0,1.0,0.8860060892474628
2454,288ea364ec115f46,True,1.0,1.0,1.0,1.0,1.0,1.0,1.0
2455,efb87bb3ff675f08,True,1.0,1.0,0.770167145467075,0.0,1.0,0.0,0.4875696439446146
2456,1ec907a74cbb54cd,True,1.0,1.0,0.6906362077436852,1.0,1.0,1.0,0.8710984198932022
2457,471869e791085ef6,True,1.0,1.0,0.9244248375269776,1.0,1.0,1.0,0.968510348969574
2458,13848a5be84f5a4a,True,1.0,1.0,0.8827330089488867,1.0,1.0,1.0,0.9511387537287028
2459,0e08da5fbc735956,True,1.0,1.0,0.6861413202358946,1.0,1.0,1.0,0.8692255500982894
2460,80752a827b8253fe,True,1.0,1.0,0.7688052084584074,1.0,1.0,1.0,0.9036688368576696
2461,f7e52770089e5230,True,1.0,1.0,0.7767263913137582,1.0,1.0,1.0,0.906969329714066
2462,40688677dc5e5d16,True,1.0,1.0,0.6752134116820263,1.0,1.0,1.0,0.8646722548675111
2463,73872fdc28995ad6,True,1.0,1.0,0.7026805542371662,1.0,1.0,1.0,0.8761168975988193
2464,8b06db3e6e4355d3,True,1.0,1.0,1.0,1.0,1.0,1.0,1.0
2465,b56a66ac853c56e9,True,1.0,1.0,0.7379523980782806,1.0,1.0,1.0,0.8908134991992837
2466,043839beb58a5dad,True,1.0,1.0,0.8336463776515348,1.0,1.0,1.0,0.9306859906881395
2467,0da1e53d70565ba4,True,1.0,1.0,0.8748796489038078,1.0,1.0,1.0,0.9478665203765866
2468,4755336a0e225d97,True,1.0,0.0,0.0,1.0,1.0,1.0,0.0
2469,bb249c2d0c8a568c,True,1.0,1.0,0.8558376510897088,1.0,1.0,1.0,0.939932354620712
2470,cc7d3c360c345a4b,True,1.0,1.0,0.6327286783038807,1.0,1.0,1.0,0.846970282626617
2471,cf0aec572cdd543e,True,1.0,1.0,0.9543415496222027,1.0,1.0,1.0,0.9809756456759179
2472,49d00c5507175e01,True,1.0,1.0,0.818156396967603,1.0,1.0,1.0,0.9242318320698346
2473,3e053f89d1c55a7e,True,1.0,1.0,0.8779709152649267,1.0,1.0,1.0,0.9491545480270528
2474,e360cb69b8a55a47,True,1.0,1.0,0.8783570014898541,1.0,1.0,1.0,0.9493154172874392
2475,decc2e4c0f445afc,True,1.0,1.0,0.8847048613841594,1.0,1.0,1.0,0.9519603589100664
2476,f1494fd9840c5014,True,1.0,1.0,1.0,1.0,1.0,1.0,1.0
2477,4b58ef9360555bac,True,0.0,1.0,0.0,0.0,1.0,1.0,0.0
2478,13fe271547945a97,True,1.0,1.0,1.0,1.0,1.0,1.0,1.0
2479,26af85cbc2d15e05,True,1.0,1.0,0.9677404931187561,1.0,1.0,1.0,0.9865585387994816
2480,c7b030a4025a5066,True,1.0,0.0,0.0,1.0,1.0,0.5,0.0
2481,e4eebb1bdcdf5ae6,True,1.0,1.0,0.9893156846122781,1.0,1.0,1.0,0.9955482019217826
2482,51fd85d11ea75120,True,1.0,0.0,0.0,1.0,1.0,1.0,0.0
2483,a15ed2f3e39c5c0d,True,1.0,1.0,1.0,1.0,1.0,1.0,1.0
2484,5ca7353cbe4a5cf7,True,1.0,1.0,1.0,1.0,1.0,1.0,1.0
2485,580004d79c9b53b8,True,1.0,1.0,0.8461643030459196,1.0,1.0,1.0,0.9359017929357999
2486,5380625bddba59a2,True,1.0,1.0,1.0,1.0,1.0,1.0,1.0
2487,e6025eb182885adb,True,1.0,1.0,0.8105050653203542,1.0,1.0,1.0,0.9210437772168142
2488,ef4cd07fc8245457,True,1.0,1.0,1.0,1.0,1.0,1.0,1.0
2489,9b88dfaff2615c83,True,1.0,1.0,0.7277261899126067,1.0,1.0,1.0,0.8865525791302528
2490,bde15534dcdc5933,True,1.0,1.0,1.0,1.0,1.0,1.0,1.0
2491,eba929a6772254e4,True,1.0,1.0,0.5600984033690691,1.0,1.0,1.0,0.8167076680704456
2492,e8e01645fcde5b8e,True,1.0,1.0,0.9231351149092881,1.0,1.0,1.0,0.9679729645455367
2493,f980b34746d45868,True,1.0,1.0,0.7059606829866749,1.0,1.0,1.0,0.8774836179111145
2494,ba7d6b30a3a15384,True,1.0,1.0,0.7104119023348775,1.0,1.0,1.0,0.8793382926395323
2495,ca58b2e039305479,True,1.0,0.0,0.0,1.0,1.0,1.0,0.0
2496,5517642e588e59d0,True,1.0,1.0,0.622448772850845,1.0,1.0,1.0,0.8426869886878521
2497,0eb28cf3dad95c46,True,1.0,1.0,1.0,1.0,1.0,1.0,1.0
2498,a9152eadc70058ba,True,1.0,1.0,1.0,1.0,1.0,1.0,1.0
2499,69a4cff1f35655ff,True,1.0,1.0,0.5241318281888442,1.0,1.0,1.0,0.8017215950786851
2500,67dbad26dd165f16,True,1.0,1.0,0.6701598960052024,1.0,1.0,1.0,0.862566623335501
2501,919fcdbcf46f58d1,True,1.0,1.0,0.9333689896673654,1.0,1.0,1.0,0.9722370790280689
2502,b04c892043a352d3,True,1.0,1.0,1.0,1.0,1.0,1.0,1.0
2503,95528bd014555540,True,1.0,1.0,1.0,1.0,1.0,1.0,1.0
2504,7427658d61b55fb8,True,1.0,0.0,0.0,1.0,1.0,1.0,0.0
2505,2073f76964735ff7,True,1.0,1.0,0.6866015086100528,1.0,1.0,1.0,0.8694172952541886
2506,0eb6987fdc9b5213,True,1.0,1.0,1.0,0.0,1.0,1.0,0.5833333333333334
2507,ac73220f793d522e,True,1.0,1.0,0.8489014439751146,1.0,1.0,1.0,0.9370422683229643
2508,a6706582212458bb,True,1.0,1.0,0.9607924451271161,1.0,1.0,1.0,0.983663518802965
2509,4742cf16ab0f515b,True,1.0,1.0,1.0,1.0,1.0,1.0,1.0
2510,62e8d8891ff45c7b,True,1.0,1.0,0.860868855485865,1.0,1.0,1.0,0.9420286897857771
2511,8c7e28b482935cd8,True,1.0,1.0,1.0,1.0,1.0,1.0,1.0
2512,4d9c7a900c6c5081,True,1.0,1.0,0.7588527546505369,1.0,1.0,1.0,0.8995219811043903
2513,7ff27f83a8995932,True,1.0,1.0,1.0,1.0,1.0,1.0,1.0
2514,b133316a0e795993,True,1.0,1.0,0.7499556400699765,1.0,1.0,1.0,0.895814850029157
2515,8792fb68a0b2586a,True,1.0,1.0,0.7539084123279725,1.0,1.0,1.0,0.8974618384699885
2516,4da3c27db2495e9e,True,1.0,1.0,0.6768988303260542,1.0,1.0,1.0,0.865374512635856
2517,2e883a72b2895d7c,True,1.0,1.0,0.9012429256699482,1.0,1.0,1.0,0.9588512190291452
2518,676880c7e31252c0,True,1.0,1.0,0.6710044970569702,1.0,1.0,1.0,0.8629185404404042
2519,4fabf8c780005e4f,True,1.0,1.0,0.9012764229054734,1.0,1.0,1.0,0.9588651762106138
2520,bb6cb09beb1e5e3f,True,1.0,1.0,1.0,0.0,1.0,1.0,0.5833333333333334
2521,54bf100910bc5b10,True,1.0,1.0,0.9689504786071762,1.0,1.0,1.0,0.9870626994196567
2522,bb0d850edd125bbe,True,1.0,1.0,0.7570423839926208,1.0,1.0,0.5,0.8987676599969253
2523,70e50d9b18305fa4,True,1.0,1.0,0.7036657333380835,1.0,1.0,1.0,0.8765273888908681
2524,baf1301534ea54d6,True,1.0,1.0,0.9555492280975587,1.0,1.0,1.0,0.9814788450406494
2525,7eb19d771c975618,True,1.0,1.0,0.5809747534246903,1.0,1.0,1.0,0.8254061472602876
2526,3e8c8729205850ab,True,1.0,1.0,0.8434595783195961,1.0,1.0,1.0,0.9347748242998316
2527,2908ea54e9955267,True,1.0,0.0,0.0,1.0,1.0,1.0,0.0
2528,c056dcf1096258a4,True,1.0,1.0,1.0,1.0,1.0,1.0,1.0
2529,584c0bd68dbb55e9,True,1.0,1.0,0.6216253479144135,1.0,1.0,1.0,0.842343894964339
2530,7d423cc4c7b9541a,True,0.0,1.0,0.0,0.0,1.0,1.0,0.0
2531,79bdb6b499245d65,True,1.0,0.0,0.0,1.0,1.0,0.0,0.0
2532,3b3e36e9d816563c,True,1.0,1.0,1.0,1.0,1.0,1.0,1.0
2533,ab9a263dea175465,True,1.0,1.0,0.7291861802741776,1.0,1.0,1.0,0.8871609084475741
2534,b2e27f20100b54ba,True,1.0,1.0,0.8724719913680653,1.0,1.0,1.0,0.9468633297366938
2535,62515ff6d52a5e89,True,1.0,1.0,0.8197394500400986,1.0,1.0,1.0,0.9248914375167078
2536,b9ddc4b10ef751a5,True,0.0,1.0,0.0,0.0,1.0,1.0,0.0
2537,f860a73be2cd5fe5,True,1.0,1.0,0.9009021346573726,1.0,1.0,1.0,0.9587092227739052
2538,2d4d48a048615f9a,True,1.0,1.0,1.0,1.0,1.0,1.0,1.0
2539,8869a2f03bbd5570,True,1.0,1.0,1.0,1.0,1.0,1.0,1.0
2540,a99280d8424c55b2,True,1.0,1.0,1.0,1.0,1.0,1.0,1.0
2541,deb455f53c805643,True,1.0,1.0,0.7444291329728939,1.0,1.0,1.0,0.8935121387387058
2542,84409129e8075bca,True,1.0,1.0,0.8647320860256396,1.0,1.0,1.0,0.9436383691773499
2543,21d4990a6b4f597a,True,1.0,1.0,0.7629612183861906,1.0,1.0,1.0,0.9012338409942461
2544,96eed7e55d4c5f8b,True,1.0,1.0,0.8345420473919207,1.0,1.0,1.0,0.9310591864133002
2545,a763369e30305f95,True,1.0,1.0,0.8182701487141106,1.0,1.0,1.0,0.9242792286308794
2546,b4176d2246d452ea,True,1.0,1.0,1.0,1.0,1.0,1.0,1.0
2547,f8f02729d1ee5c16,True,1.0,1.0,1.0,1.0,1.0,1.0,1.0
2548,9a524d13e6795a95,True,1.0,1.0,0.9169162198666214,1.0,1.0,1.0,0.965381758277759
2549,553c80b72cdc5c04,True,1.0,1.0,0.811271418585541,1.0,1.0,1.0,0.9213630910773087
2550,396a8c19c4ac58f3,True,1.0,1.0,1.0,1.0,1.0,1.0,1.0
2551,69acf2f6a20454a0,True,1.0,1.0,0.6630857683652179,1.0,1.0,1.0,0.8596190701521742
2552,d618ac9cc53c573c,True,1.0,0.0,0.0,1.0,1.0,1.0,0.0
2553,b961186653e45dc2,True,1.0,1.0,0.8563368187324738,1.0,1.0,1.0,0.9401403411385307
2554,d5cf4595a3435917,True,1.0,1.0,1.0,1.0,1.0,1.0,1.0
2555,9a1d23e8ed1b5837,True,1.0,1.0,1.0,0.0,1.0,1.0,0.5833333333333334
2556,777c2c183e49504e,True,1.0,1.0,0.979096625279186,1.0,1.0,1.0,0.9912902605329942
2557,ee526f78f4ce5d75,True,1.0,1.0,1.0,1.0,1.0,1.0,1.0
2558,9389ef5de0935e29,True,1.0,1.0,0.6015868554622614,1.0,1.0,1.0,0.8339945231092756
2559,bd5e1c226cca5d3e,True,0.0,0.0,0.0,0.0,1.0,0.0,0.0
2560,08dfae1bbef35bdc,True,1.0,1.0,0.7992889690987279,1.0,1.0,1.0,0.9163704037911367
2561,54511f27d12e5a58,True,1.0,1.0,0.6912191881112374,1.0,1.0,0.0,0.8713413283796823
2562,af5f095a4d815525,True,1.0,1.0,1.0,1.0,1.0,1.0,1.0
2563,f6082f18c392582f,True,1.0,1.0,0.9703846183644995,1.0,1.0,0.5,0.9876602576518748
2564,ad970e7cae1a5ead,True,1.0,1.0,1.0,1.0,1.0,1.0,1.0
2565,03269d4ad9e45809,True,1.0,1.0,0.7810653146440252,1.0,1.0,0.0,0.9087772144350105
2566,3bb3a8f506bf5980,True,1.0,1.0,1.0,1.0,1.0,0.0,1.0
2567,e40bf2ac511950c4,True,1.0,1.0,0.9637952327898317,1.0,1.0,1.0,0.9849146803290966
2568,41f3712a30b956e6,True,1.0,0.0,0.0,1.0,1.0,0.5,0.0
2569,af052c91de0f5295,True,1.0,1.0,1.0,1.0,1.0,1.0,1.0
2570,402ec186b8ea545e,True,1.0,1.0,1.0,1.0,1.0,1.0,1.0
2571,f2d4e4b013a3579e,True,1.0,0.0,0.0,1.0,1.0,1.0,0.0
2572,ed1a1174e6aa5270,True,1.0,1.0,1.0,1.0,1.0,1.0,1.0
2573,45e6bebee4305fb6,True,1.0,1.0,0.6809997107751076,1.0,1.0,1.0,0.8670832128229615
2574,5138bac9ac59508f,True,1.0,1.0,0.7126469844937594,1.0,1.0,1.0,0.8802695768723998
2575,c62dafe55b9d538d,True,1.0,1.0,1.0,1.0,1.0,1.0,1.0
2576,619d1afc63c35621,True,1.0,0.0,0.0,1.0,1.0,1.0,0.0
2577,77a891db719c5273,True,1.0,1.0,1.0,0.0,1.0,1.0,0.5833333333333334
2578,84aade0568085ba5,True,1.0,1.0,1.0,0.0,1.0,1.0,0.5833333333333334
2579,ad517de61e355d8d,True,1.0,1.0,0.7266826692431966,1.0,1.0,1.0,0.8861177788513319
2580,dc95b5731cc359f3,True,1.0,1.0,0.7885312088317574,1.0,1.0,1.0,0.911888003679899
2581,5239e2cfe006568b,True,1.0,1.0,0.8767099644544297,1.0,1.0,1.0,0.9486291518560123
2582,0bee5ed0a0a957fd,True,1.0,1.0,0.8230972000524533,1.0,1.0,1.0,0.9262905000218554
2583,4acd373578e357d1,True,1.0,1.0,0.6465714169111467,1.0,1.0,1.0,0.8527380903796445
2584,f39db68736425365,True,1.0,0.0,0.0,1.0,1.0,1.0,0.0
2585,4d8c41cf686957d1,True,1.0,1.0,1.0,1.0,1.0,1.0,1.0
2586,f57f56e799be599f,True,1.0,1.0,0.6860883215376373,1.0,1.0,1.0,0.8692034673073489
2587,908f696abf7c5a26,True,1.0,1.0,0.7931694824951412,1.0,1.0,1.0,0.913820617706309
2588,cd1234d5b4b2570d,True,1.0,1.0,0.6453054801971364,1.0,1.0,1.0,0.8522106167488067
2589,66ca1ffcef4354e9,True,1.0,1.0,0.6877763168963382,1.0,1.0,1.0,0.8699067987068076
2590,e55fc5c3ee36528b,True,1.0,1.0,1.0,1.0,1.0,1.0,1.0
2591,540098f126795a8c,True,1.0,1.0,0.7644656294292554,1.0,1.0,1.0,0.9018606789288564
2592,33e37f9d760a56b1,True,1.0,1.0,0.8165077532973594,1.0,1.0,1.0,0.9235448972072331
2593,6fee6df4d64b5d9d,True,1.0,1.0,0.8393871855324369,1.0,1.0,1.0,0.9330779939718488
2594,217307a367fd551a,True,1.0,1.0,0.7283111788058099,1.0,1.0,1.0,0.8867963245024209
2595,1eb474de58ca5d6f,True,1.0,1.0,0.9316080140886869,1.0,1.0,1.0,0.9715033392036195
2596,6e163d828a555eee,True,1.0,1.0,1.0,1.0,1.0,1.0,1.0
2597,40ffdefe6d2f541a,True,1.0,1.0,0.8317410459981784,1.0,1.0,1.0,0.9298921024992411
2598,f2dd261c41755967,True,1.0,1.0,0.7982358657556844,1.0,1.0,1.0,0.9159316107315352
2599,1dbaa3f0d0345e61,True,1.0,1.0,1.0,1.0,1.0,1.0,1.0
2600,41c7edfd989451cf,True,1.0,1.0,1.0,1.0,1.0,1.0,1.0
2601,f9a9b5ee707e501e,True,0.0,1.0,0.0,0.0,1.0,0.0,0.0
2602,d218ff87bdc25c55,True,1.0,1.0,0.7536160528737808,1.0,1.0,1.0,0.897340022030742
2603,30638699ab8e575c,True,1.0,1.0,1.0,1.0,1.0,1.0,1.0
2604,f004b5e4838455f3,True,1.0,1.0,0.6232963569748189,1.0,1.0,1.0,0.8430401487395079
2605,50613cf56a8d5a38,True,1.0,0.0,0.0,0.0,1.0,0.0,0.0
2606,d88f286835b95ff3,True,1.0,1.0,1.0,1.0,1.0,1.0,1.0
2607,66a0abcb3eac57df,True,1.0,1.0,0.6898596788105206,1.0,1.0,1.0,0.8707748661710503
2608,371d154a89425165,True,1.0,1.0,1.0,0.0,1.0,1.0,0.5833333333333334
2609,f3a61425920f57a7,True,0.5,0.0,0.0,0.0,1.0,1.0,0.0
2610,e82216ae03b05bd4,True,1.0,1.0,1.0,1.0,1.0,1.0,1.0
2611,5ee1455d53695e5b,True,1.0,1.0,0.8484682376750895,1.0,1.0,1.0,0.936861765697954
2612,95612e81595b568f,True,1.0,1.0,0.9426925421080411,1.0,1.0,1.0,0.9761218925450171
2613,c772799eaf1f5ad1,True,1.0,1.0,0.9283363553307946,1.0,1.0,1.0,0.9701401480544978
2614,b0070f55eda95848,True,1.0,1.0,0.844252353972681,1.0,1.0,1.0,0.9351051474886171
2615,2ca33fd04f805478,True,1.0,1.0,1.0,1.0,1.0,1.0,1.0
2616,2541de938ff15eee,True,1.0,1.0,0.8070042665110714,1.0,1.0,1.0,0.9195851110462797
2617,d34d0398de585e6c,True,1.0,1.0,0.609884864140961,1.0,1.0,1.0,0.8374520267254004
2618,7752ef9225b65783,True,1.0,1.0,1.0,1.0,1.0,1.0,1.0
2619,f4458a9c09795afa,True,1.0,1.0,1.0,1.0,1.0,0.5,1.0
2620,ee6d63d4e8b35518,True,1.0,1.0,0.8558342638093218,1.0,1.0,1.0,0.9399309432538842
2621,5218653349a6502a,True,1.0,0.0,0.0,1.0,1.0,0.5,0.0
2622,70e6b8db27e55b53,True,1.0,1.0,1.0,1.0,1.0,1.0,1.0
2623,330166def5a35f4d,True,1.0,1.0,1.0,1.0,1.0,1.0,1.0
2624,742ac4ddb9d7557d,True,1.0,1.0,1.0,1.0,1.0,1.0,1.0
2625,8d90099a801d5682,True,1.0,1.0,1.0,1.0,1.0,1.0,1.0
2626,d0de8d6a350d55d9,True,1.0,1.0,1.0,1.0,1.0,1.0,1.0
2627,051d26c01f3653ba,True,1.0,1.0,0.7005820411674453,1.0,1.0,1.0,0.8752425171531022
2628,fcbe2ed045225b79,True,1.0,1.0,0.8885367390081363,1.0,1.0,0.0,0.9535569745867235
2629,aa84169dd1f3538d,True,1.0,1.0,1.0,1.0,1.0,1.0,1.0
2630,5303407715805679,True,0.0,1.0,0.0,1.0,1.0,1.0,0.0
2631,01e3dbb4fbcd5781,True,1.0,1.0,1.0,1.0,1.0,1.0,1.0
2632,bd4dac2ccde55c08,True,1.0,0.0,0.0,1.0,1.0,1.0,0.0
2633,aafbe79abf625492,True,1.0,1.0,0.707745008351892,1.0,1.0,1.0,0.8782270868132883
2634,f419cea88ed9500b,True,1.0,1.0,0.8292110872035711,1.0,1.0,1.0,0.928837953001488
2635,eaf08861a02351a5,True,1.0,1.0,0.8472207336584574,1.0,1.0,1.0,0.9363419723576906
2636,18c781197c445d64,True,1.0,1.0,1.0,1.0,1.0,1.0,1.0
2637,f79916e26eef5b74,True,1.0,1.0,0.9500000834678647,1.0,1.0,1.0,0.9791667014449436
2638,f5f55c1132d75fa7,True,1.0,1.0,1.0,1.0,1.0,1.0,1.0
2639,ef0b044d86855ffe,True,1.0,1.0,1.0,1.0,1.0,1.0,1.0
2640,1e01550fc9d656d8,True,1.0,1.0,0.7878187358920111,1.0,1.0,1.0,0.9115911399550046
2641,cb70f332bc5f5bcf,True,0.5,0.0,0.0,0.0,1.0,0.5,0.0
2642,bf8b8714f63d5642,True,1.0,1.0,0.87751276761032,1.0,1.0,1.0,0.9489636531709666
2643,0670d0c81a5550c4,True,1.0,1.0,0.8173252351210127,1.0,1.0,1.0,0.9238855146337553
2644,b6b0722747565854,True,1.0,1.0,0.7789853832266017,1.0,1.0,1.0,0.9079105763444174
2645,b6a62a2356885962,True,1.0,1.0,0.7209152193304723,1.0,1.0,1.0,0.8837146747210302
2646,de4facce62b05f57,True,1.0,1.0,0.894652533661938,1.0,1.0,1.0,0.9561052223591409
2647,3e41024d080454b5,True,1.0,1.0,1.0,1.0,1.0,1.0,1.0
2648,29c5b3febc2f5704,True,1.0,1.0,0.8359596275719446,1.0,1.0,1.0,0.9316498448216436
2649,8b1d45137881582a,True,1.0,1.0,0.5693089934962913,1.0,1.0,1.0,0.820545413956788
2650,5328fe5eba6e5d30,True,1.0,1.0,1.0,1.0,1.0,1.0,1.0
2651,30dafbb048775d29,True,1.0,1.0,0.7683274718793832,1.0,1.0,1.0,0.903469779949743
2652,3d6cbc2a95885eef,True,1.0,1.0,1.0,0.0,1.0,1.0,0.5833333333333334
2653,0d74b112df715917,True,1.0,0.0,0.0,1.0,1.0,0.0,0.0
2654,15bfed200b0d570e,True,1.0,1.0,0.7585953600320713,1.0,1.0,1.0,0.8994147333466964
2655,d4f5976a6d615330,True,1.0,1.0,1.0,1.0,1.0,1.0,1.0
2656,c1f712e1aed35216,True,1.0,1.0,0.805799179255457,1.0,1.0,1.0,0.9190829913564403
2657,39bbb12794ca56a3,True,1.0,0.0,0.0,1.0,1.0,1.0,0.0
2658,0d7d0361dc665d25,True,1.0,1.0,1.0,1.0,1.0,1.0,1.0
2659,60826aa0bcfc5225,True,1.0,0.0,0.0,1.0,1.0,0.0,0.0
2660,e68ddf5be41355dc,True,1.0,1.0,0.8591240869536078,1.0,1.0,1.0,0.9413017028973366
2661,fb3e4b836ab758db,True,1.0,1.0,0.939299549745924,1.0,1.0,1.0,0.9747081457274683
2662,dd9efbb06b495921,True,1.0,1.0,0.6066904847034663,1.0,1.0,1.0,0.836121035293111
2663,ec097e80d5565caa,True,1.0,1.0,0.6099046487929899,1.0,1.0,1.0,0.8374602703304124
2664,9313777d021e5255,True,1.0,1.0,1.0,1.0,1.0,1.0,1.0
2665,9861c0473b505895,True,1.0,1.0,1.0,1.0,1.0,1.0,1.0
2666,25aab48e050659be,True,1.0,1.0,0.7991076426747106,1.0,1.0,1.0,0.9162948511144627
2667,ec3a67acceec55cc,True,1.0,1.0,1.0,1.0,1.0,1.0,1.0
2668,b156e8110afb5efd,True,0.0,0.0,0.0,0.0,1.0,1.0,0.0
2669,97fcdcd35af7563b,True,1.0,1.0,1.0,1.0,1.0,1.0,1.0
2670,846863e9cd7059c5,True,1.0,1.0,1.0,1.0,1.0,1.0,1.0
2671,77072386dfbb5af8,True,0.0,1.0,0.0,0.0,1.0,0.0,0.0
2672,741d60ca8b7b5cb4,True,1.0,1.0,0.7452990438933097,0.0,1.0,1.0,0.47720793495554564
2673,50d6986491d3510a,True,1.0,1.0,0.7406842744041382,0.0,1.0,1.0,0.4752851143350576
2674,82b1cb7113515dfb,True,1.0,1.0,1.0,1.0,1.0,1.0,1.0
2675,98c7a48dd75052ab,True,0.0,1.0,0.0,0.0,1.0,1.0,0.0
2676,9360bfdb65d153cd,True,1.0,1.0,0.8234362927657581,1.0,1.0,1.0,0.9264317886523993
2677,535e19c081ec5c28,True,1.0,1.0,0.9303096478720021,1.0,1.0,1.0,0.9709623532800009
2678,7780e502545a5df7,True,1.0,1.0,0.7339106852014334,1.0,1.0,1.0,0.8891294521672638
2679,1f55063084fd593c,True,1.0,1.0,1.0,1.0,1.0,1.0,1.0
2680,816a869e91ae5d17,True,1.0,0.0,0.0,1.0,1.0,1.0,0.0
2681,c72c3c003bc95aab,True,1.0,1.0,1.0,0.0,1.0,1.0,0.5833333333333334
2682,b9e84e372b3958ac,True,0.0,1.0,0.0,0.0,1.0,1.0,0.0
2683,fbf2eaa61abb5a2f,True,1.0,1.0,0.9248239974905198,1.0,1.0,1.0,0.9686766656210498
2684,85a89a122095548d,True,1.0,1.0,0.9313709754533579,1.0,1.0,1.0,0.9714045731055658
2685,2a68e10c7d305af4,True,1.0,1.0,0.9628794020121332,1.0,1.0,1.0,0.9845330841717223
2686,960d5334ae8f54a5,True,1.0,1.0,0.16837423678196595,1.0,1.0,1.0,0.6534892653258192
2687,82ab6983691a5599,True,1.0,1.0,1.0,1.0,1.0,1.0,1.0
2688,4b04d67c77455726,True,1.0,1.0,1.0,1.0,1.0,1.0,1.0
2689,906d7e590245576a,True,1.0,1.0,0.6080033864695348,1.0,1.0,1.0,0.8366680776956396
2690,b95ff3bc9cf45e47,True,1.0,1.0,0.7240820817977396,1.0,1.0,1.0,0.885034200749058
2691,6de81a38cd7655dd,True,1.0,1.0,1.0,1.0,1.0,1.0,1.0
2692,6e8b9e53215c58a3,True,1.0,1.0,0.8213543841452241,1.0,1.0,1.0,0.9255643267271768
2693,e0164d976037592c,True,1.0,1.0,0.8356007798749683,1.0,1.0,1.0,0.9315003249479035
2694,1bf4bffb864f5379,True,1.0,1.0,1.0,1.0,1.0,1.0,1.0
2695,94683fc69ce4599c,True,1.0,1.0,0.5255668566436509,1.0,1.0,1.0,0.8023195236015211
2696,c763328b4b3855b6,True,1.0,1.0,0.9735768524099991,1.0,1.0,1.0,0.988990355170833
2697,a48870c447ef5fe5,True,1.0,1.0,0.6858284243870242,1.0,1.0,1.0,0.8690951768279267
2698,4827434c5d3659cd,True,1.0,1.0,1.0,1.0,1.0,1.0,1.0
2699,6a9642ab1a745aac,True,1.0,1.0,0.5370436563210691,1.0,1.0,1.0,0.8071015234671122
2700,61d7fbf592275c75,True,1.0,0.0,0.0,1.0,1.0,0.0,0.0
2701,49ee466685265a80,True,1.0,1.0,0.9618774055321956,1.0,1.0,1.0,0.9841155856384148
2702,a305b24487775cfc,True,1.0,1.0,1.0,0.0,1.0,1.0,0.5833333333333334
2703,078bc1027dde5d1a,True,1.0,1.0,0.8014902195318134,1.0,1.0,1.0,0.917287591471589
2704,5e81fdb02c275b17,True,1.0,1.0,0.5472264615596156,1.0,1.0,1.0,0.8113443589831731
2705,4e27d27410c85f81,True,1.0,1.0,0.7707831427850397,1.0,1.0,1.0,0.9044929761604332
2706,7f54c08f50ef5ace,True,1.0,1.0,0.5545078108003918,1.0,1.0,1.0,0.8143782545001632
2707,096d823b664e5972,True,1.0,0.0,0.0,1.0,1.0,1.0,0.0
2708,0e713cce7ce35df0,True,1.0,1.0,0.999733051851949,1.0,1.0,1.0,0.9998887716049788
2709,f3a327d6e0e45d9a,True,1.0,1.0,1.0,1.0,1.0,0.0,1.0
2710,aa2962e446b45e1f,True,1.0,1.0,0.7802973032922678,1.0,1.0,1.0,0.9084572097051117
2711,bcb48691833d5afe,True,1.0,1.0,0.985728645452878,1.0,1.0,1.0,0.9940536022720324
2712,15b0967d1dab53f8,True,0.0,0.0,0.0,0.0,1.0,0.0,0.0
2713,c840eac7d70e5877,True,1.0,1.0,1.0,0.0,1.0,1.0,0.5833333333333334
2714,eb4bbe69b80d5f12,True,1.0,1.0,0.8747748478731966,1.0,1.0,1.0,0.9478228532804985
2715,4102a6399acf528b,True,1.0,1.0,0.7692912052258893,1.0,1.0,1.0,0.9038713355107872
2716,d10c269610375646,True,1.0,1.0,1.0,1.0,1.0,1.0,1.0
2717,7a18ceb376d859c1,True,1.0,1.0,0.6507246728788609,1.0,1.0,1.0,0.8544686136995253
2718,4b9627827aff5013,True,1.0,1.0,1.0,1.0,1.0,1.0,1.0
2719,906ffee6860e524a,True,1.0,1.0,1.0,1.0,1.0,1.0,1.0
2720,215c38293c335e25,True,1.0,1.0,0.8143755553618076,1.0,1.0,1.0,0.9226564814007533
2721,67a6bdeb096350ec,True,1.0,1.0,0.8505381834997873,1.0,1.0,1.0,0.9377242431249114
2722,81d893bd99de519b,True,1.0,0.0,0.0,1.0,1.0,1.0,0.0
2723,b47df4a21c515394,True,1.0,1.0,0.6715247567291078,1.0,1.0,1.0,0.863135315303795
2724,3260b9e0a6ac5b8b,True,1.0,1.0,0.6820616315708458,1.0,1.0,1.0,0.8675256798211857
2725,94e8a92d53635c38,True,1.0,1.0,0.963613603673637,1.0,1.0,1.0,0.9848390015306822
2726,ef7fb2d0c7bf52a4,True,1.0,0.0,0.0,1.0,1.0,0.5,0.0
2727,70d79606f745562e,True,1.0,1.0,1.0,1.0,1.0,1.0,1.0
2728,cbe2fffee4105dbf,True,1.0,1.0,0.7803883242640842,1.0,1.0,1.0,0.9084951351100351
2729,6ba5ed2f323f53e2,True,1.0,1.0,1.0,1.0,1.0,1.0,1.0
2730,d1e6f085af9b5199,True,1.0,1.0,0.8620252279503928,1.0,1.0,1.0,0.9425105116459971
2731,a5b6e054384c586c,True,1.0,1.0,0.5201328337129638,1.0,1.0,1.0,0.8000553473804016
2732,c65a7b2b6f8c527e,True,1.0,1.0,0.9725087000905384,1.0,1.0,1.0,0.988545291704391
2733,89ae8d041c145f8f,True,1.0,1.0,1.0,1.0,1.0,1.0,1.0
2734,4ccc9e33aa795ef1,True,1.0,1.0,1.0,1.0,1.0,1.0,1.0
2735,1981a85eb4ba5001,True,1.0,1.0,1.0,1.0,1.0,1.0,1.0
2736,36419e8c59275f61,True,0.5,0.0,0.0,0.0,1.0,1.0,0.0
2737,282855be37635ecc,True,1.0,1.0,1.0,1.0,1.0,1.0,1.0
2738,5fb039973cf85b11,True,1.0,1.0,0.9096937656772237,1.0,1.0,1.0,0.9623724023655099
2739,59c19d828f665a79,True,1.0,1.0,0.6910468727393376,1.0,1.0,0.5,0.8712695303080573
2740,92471a550d745af1,True,1.0,1.0,1.0,1.0,1.0,1.0,1.0
2741,388391c4b8d45c36,True,1.0,0.0,0.0,1.0,1.0,1.0,0.0
2742,ed7a0f74484d58a8,True,1.0,1.0,1.0,1.0,1.0,1.0,1.0
2743,5fadffd02da256e5,True,1.0,0.0,0.0,1.0,1.0,1.0,0.0
2744,4750f239602d5627,True,1.0,1.0,0.8550352770018558,1.0,1.0,1.0,0.9395980320841065
2745,70ee383e3b335c16,True,1.0,1.0,0.6832895930521409,1.0,1.0,1.0,0.868037330438392
2746,d1d1cb2c2a5b5a29,True,1.0,1.0,0.8065109097758457,1.0,1.0,1.0,0.9193795457399357
2747,2d7bc87644e85744,True,1.0,1.0,1.0,1.0,1.0,1.0,1.0
2748,32013abf6afd5d2e,True,1.0,1.0,0.7974427801709789,1.0,1.0,1.0,0.9156011584045745
2749,2802831d87ba5a55,True,1.0,1.0,0.6054156489744649,1.0,1.0,1.0,0.8355898537393603
2750,948e3c9e26805b86,True,1.0,1.0,1.0,1.0,1.0,1.0,1.0
2751,4ac092ec1bee5e7a,True,1.0,1.0,1.0,1.0,1.0,1.0,1.0
2752,bd70654aee0f54a6,True,1.0,1.0,1.0,1.0,1.0,1.0,1.0
2753,b5a8b9b436b05bad,True,1.0,1.0,1.0,1.0,1.0,1.0,1.0
2754,313a7a6feb1c5490,True,1.0,1.0,0.7518085857493284,1.0,1.0,1.0,0.8965869107288867
2755,09cd7b3746d65a79,True,1.0,1.0,0.9955854414545111,1.0,1.0,1.0,0.9981606006060463
2756,f2e1685f07675799,True,1.0,1.0,0.8418218960680867,1.0,1.0,1.0,0.9340924566950362
2757,888913e0978f559b,True,1.0,1.0,0.7036988238584596,1.0,1.0,1.0,0.8765411766076916
2758,86e394f2cb345082,True,1.0,1.0,1.0,1.0,1.0,1.0,1.0
2759,0334cae9f1ef56ae,True,1.0,1.0,0.8171970191386893,1.0,1.0,1.0,0.9238320913077871
2760,4ad7866306895cca,True,1.0,1.0,0.606417000253459,1.0,1.0,1.0,0.8360070834389411
2761,b15572e37ce95d98,True,1.0,1.0,1.0,1.0,1.0,1.0,1.0
2762,f39952caeb2b5014,True,1.0,1.0,1.0,1.0,1.0,1.0,1.0
2763,e26d616b5c4b5642,True,1.0,1.0,1.0,1.0,1.0,1.0,1.0
2764,5f2d040ee3bf5c6e,True,1.0,1.0,0.8792143301560179,1.0,1.0,0.0,0.9496726375650075
2765,1b0f2e4276945f9a,True,1.0,1.0,1.0,1.0,1.0,1.0,1.0
2766,e699fb1c75b95e57,True,1.0,1.0,0.7803086051681208,1.0,1.0,1.0,0.9084619188200503
2767,3e53e34cb63f5d05,True,1.0,0.0,0.0,1.0,1.0,1.0,0.0
2768,ad0beea498f15978,True,1.0,1.0,0.7623680463387237,1.0,1.0,1.0,0.9009866859744683
2769,a22de94be8935752,True,1.0,1.0,0.7080549689239687,1.0,1.0,1.0,0.8783562370516537
2770,19f3e77fcd3353c5,True,1.0,0.0,0.0,1.0,1.0,1.0,0.0
2771,3d2f4a8fb8b55572,True,1.0,1.0,0.8283064578061833,1.0,1.0,1.0,0.9284610240859097
2772,d9560f4ad686510f,True,1.0,1.0,0.6380134045136187,1.0,1.0,1.0,0.8491722518806745
2773,f3738f5be59d5d10,True,1.0,1.0,1.0,1.0,1.0,1.0,1.0
2774,f3c6560a01e55c94,True,1.0,1.0,1.0,1.0,1.0,1.0,1.0
2775,c810620e645e53b8,True,1.0,1.0,1.0,1.0,1.0,1.0,1.0
2776,cc6022c226c15d80,True,1.0,0.0,0.0,1.0,1.0,1.0,0.0
2777,b691d77ef9ff5d5e,True,1.0,1.0,1.0,1.0,1.0,1.0,1.0
2778,c06d7badaabb5a9f,True,1.0,1.0,0.9578118773270378,1.0,1.0,1.0,0.9824216155529323
2779,8b0d50e645eb5ac7,True,1.0,1.0,0.5227640704435308,1.0,1.0,1.0,0.8011516960181378
2780,502fadfdde3554b2,True,1.0,1.0,0.6472075997407757,1.0,1.0,1.0,0.8530031665586565
2781,2cd1545c4c835ead,True,1.0,1.0,0.7347785828903661,1.0,1.0,1.0,0.8894910762043192
2782,66dd7339f01b58c2,True,1.0,1.0,0.7711473710667233,1.0,1.0,1.0,0.904644737944468
2783,7c68734f0453501c,True,1.0,1.0,0.9900907288804687,1.0,1.0,1.0,0.9958711370335287
2784,c29fb70bf1d056ca,True,1.0,1.0,1.0,1.0,1.0,1.0,1.0
2785,2c21ad85949653a6,True,1.0,1.0,1.0,1.0,1.0,1.0,1.0
2786,b7bbef1569ca526e,True,1.0,1.0,1.0,1.0,1.0,1.0,1.0
2787,06b2df49f0455bd0,True,1.0,1.0,0.642048206363337,1.0,1.0,1.0,0.8508534193180571
2788,4f8fc653ac98588e,True,1.0,1.0,1.0,1.0,1.0,1.0,1.0
2789,be027cd33b835419,True,1.0,1.0,0.8736120963108716,1.0,1.0,1.0,0.9473383734628632
2790,3b3f3faf6778593f,True,1.0,1.0,1.0,1.0,1.0,1.0,1.0
2791,64a417561b53530f,True,1.0,1.0,1.0,1.0,1.0,1.0,1.0
2792,7bbb6cfc4f135e50,True,1.0,1.0,0.9107722499711763,1.0,1.0,1.0,0.9628217708213235
2793,16d3bf2e9bf75eb4,True,1.0,0.0,0.0,1.0,1.0,1.0,0.0
2794,c4a50f520ab75da6,True,1.0,1.0,1.0,1.0,1.0,1.0,1.0
2795,04676f5bccee5447,True,1.0,1.0,0.9608215687568734,1.0,1.0,1.0,0.9836756536486972
2796,52a632acca085891,True,1.0,1.0,0.8856639324274369,1.0,1.0,1.0,0.9523599718447654
2797,6828c3caaaca56e1,True,1.0,1.0,0.793738235590347,0.0,1.0,0.0,0.4973909314959779
2798,93141bb128bd5a34,True,1.0,1.0,0.7974509703357558,1.0,1.0,1.0,0.9156045709732316
2799,038e954a77a95537,True,1.0,1.0,1.0,1.0,1.0,1.0,1.0
2800,4126aeb4289c593c,True,1.0,1.0,0.743377748527205,1.0,1.0,1.0,0.8930740618863354
2801,6239cdb801bc51c2,True,1.0,1.0,0.7327645047256425,1.0,1.0,1.0,0.8886518769690177
2802,5e74b6a61b715f47,True,0.0,1.0,0.0,0.0,1.0,1.0,0.0
2803,f5f7d39ffe625dda,True,1.0,1.0,0.978333710125546,1.0,1.0,1.0,0.9909723792189776
2804,a312f24a197d530c,True,1.0,1.0,0.8797113139361251,1.0,1.0,1.0,0.9498797141400521
2805,14c000d2a271534a,True,1.0,1.0,1.0,0.0,1.0,1.0,0.5833333333333334
2806,1c8804a52fc0553c,True,1.0,1.0,1.0,1.0,1.0,1.0,1.0
2807,e367d7a3c3b55302,True,0.0,0.0,0.0,0.0,1.0,1.0,0.0
2808,73c6bf15d3cc58e4,True,1.0,1.0,0.7850867487920544,1.0,1.0,1.0,0.9104528119966894
2809,684dc9c8167b5189,True,1.0,1.0,0.5477813793292517,1.0,1.0,1.0,0.8115755747205217
2810,62108a4000e85dae,True,1.0,1.0,1.0,1.0,1.0,1.0,1.0
2811,7fc46d2957805648,True,1.0,1.0,1.0,1.0,1.0,1.0,1.0
2812,3cfcca572cdc5b75,True,1.0,0.0,0.0,1.0,1.0,1.0,0.0
2813,b04064e074f55bb0,True,1.0,0.0,0.0,1.0,1.0,0.5,0.0
2814,31cda9ad4b8257b9,True,1.0,1.0,0.9084747169284563,1.0,1.0,1.0,0.9618644653868568
2815,8fe72476d10c552a,True,1.0,1.0,0.8611159602527059,1.0,1.0,1.0,0.9421316501052942
2816,d3e99c65bb2a5d79,True,1.0,1.0,0.7776914727794704,1.0,1.0,1.0,0.907371446991446
2817,7c7ce7ea08b15930,True,1.0,1.0,0.8021329459273269,1.0,1.0,1.0,0.9175553941363862
2818,cd89b212efe9585a,True,1.0,1.0,1.0,1.0,1.0,1.0,1.0
2819,283f39e817575b93,True,1.0,1.0,0.6816669531654225,1.0,1.0,0.0,0.8673612304855927
2820,81e5ddc060675e0b,True,1.0,1.0,0.886698190306734,1.0,1.0,1.0,0.9527909126278059
2821,2113dcf1e88b598e,True,1.0,1.0,1.0,1.0,1.0,1.0,1.0
2822,b4afab5329e95368,True,1.0,1.0,0.9300415276774707,1.0,1.0,1.0,0.9708506365322794
2823,199a2738284e52c9,True,1.0,1.0,1.0,1.0,1.0,1.0,1.0
2824,fcdcb2e456bf5360,True,1.0,1.0,0.6241060458332569,1.0,1.0,1.0,0.8433775190971904
2825,aa58dfcb46765181,True,1.0,1.0,1.0,1.0,1.0,1.0,1.0
2826,c38eb1a738745b1e,True,1.0,1.0,1.0,1.0,1.0,1.0,1.0
2827,702320a088cf5d53,True,0.0,0.0,0.0,0.0,1.0,1.0,0.0
2828,3ce814811e5252dc,True,1.0,1.0,0.9639714616745187,1.0,1.0,1.0,0.9849881090310495
2829,5004df3161065742,True,1.0,1.0,0.6836167840510059,1.0,1.0,1.0,0.8681736600212524
2830,797606b9788852f2,True,1.0,1.0,1.0,1.0,1.0,1.0,1.0
2831,7346e23546d15b29,True,1.0,1.0,0.6843871662544349,1.0,1.0,1.0,0.8684946526060145
2832,4a71a24c376f5388,True,1.0,1.0,1.0,1.0,1.0,1.0,1.0
2833,28b94453e1cd578f,True,1.0,1.0,0.8105723758363265,1.0,1.0,1.0,0.921071823265136
2834,9464277f29025ad8,True,1.0,0.0,0.0,1.0,1.0,1.0,0.0
2835,f93bfd9479fd52ee,True,1.0,1.0,0.7701311898577803,1.0,1.0,1.0,0.9042213291074085
2836,4024c1a4953e57a7,True,1.0,1.0,1.0,1.0,1.0,1.0,1.0
2837,71bacc65bda2569c,True,1.0,1.0,0.8423364908468184,1.0,1.0,1.0,0.9343068711861743
2838,e1950bc54da65383,True,1.0,0.0,0.0,0.0,1.0,0.5,0.0
2839,1f90968aaeb55128,True,0.0,1.0,0.0,0.0,1.0,1.0,0.0
2840,9b0a5826d2d357d8,True,1.0,1.0,0.7238134005326374,1.0,1.0,1.0,0.8849222502219322
2841,f3872682944e5d13,True,1.0,1.0,0.8674310261293343,1.0,1.0,1.0,0.9447629275538892
2842,0e74f7b5b7c45c1b,True,0.0,1.0,0.0,0.0,1.0,1.0,0.0
2843,7fcc4151553a50e8,True,1.0,1.0,1.0,0.0,1.0,1.0,0.5833333333333334
2844,87da3996575459a8,True,1.0,1.0,0.621751082438447,1.0,1.0,1.0,0.8423962843493529
2845,21146ac996365854,True,1.0,1.0,0.8019344799548782,1.0,1.0,1.0,0.9174726999811993
2846,96dd879c7e365dc9,True,1.0,1.0,0.734883134470047,1.0,1.0,1.0,0.8895346393625196
2847,0e198cad33c65494,True,1.0,1.0,0.7615515376314119,1.0,1.0,1.0,0.9006464740130884
2848,132ea05c88d355ca,True,1.0,1.0,0.8092420783151658,1.0,1.0,1.0,0.9205175326313192
2849,c2116c7a0b15556d,True,1.0,1.0,0.9070582881758725,1.0,1.0,1.0,0.9612742867399469
2850,8c8694effde754e6,True,1.0,1.0,0.8029864425100511,1.0,1.0,1.0,0.9179110177125214
2851,69976d75e3a5521e,True,1.0,1.0,1.0,1.0,1.0,1.0,1.0
2852,192e92b5db4754a6,True,1.0,1.0,0.8434466574522603,1.0,1.0,0.0,0.9347694406051085
2853,96a252e16d1553e1,True,1.0,1.0,0.9709080910117331,1.0,1.0,1.0,0.9878783712548888
2854,08b1894421c455ed,True,1.0,1.0,0.9793219232491442,1.0,1.0,1.0,0.9913841346871434
2855,f1f463892f3d5bb7,True,1.0,1.0,0.9089910761056363,0.0,1.0,0.0,0.5454129483773484
2856,6136d15f12905f36,True,1.0,1.0,1.0,1.0,1.0,1.0,1.0
2857,dd07f89bea6f5147,True,1.0,1.0,0.9269734820700759,1.0,1.0,0.0,0.9695722841958649
2858,dbbe5d5671495f13,True,1.0,1.0,0.6313504167417883,1.0,1.0,1.0,0.8463960069757451
2859,9dc5a17094e0569d,True,1.0,1.0,1.0,1.0,1.0,1.0,1.0
2860,b58a12e346235cd0,True,1.0,0.0,0.0,1.0,1.0,1.0,0.0
2861,111cb2c23a325817,True,1.0,1.0,0.8012404319844122,1.0,1.0,1.0,0.9171835133268385
2862,aec02ec2aec85c06,True,1.0,1.0,0.5919805891358502,1.0,1.0,0.5,0.8299919121399375
2863,cc9a87182a05533d,True,1.0,1.0,0.8012967549962883,1.0,1.0,1.0,0.9172069812484533
2864,b24954d56c155570,True,1.0,1.0,1.0,1.0,1.0,1.0,1.0
2865,7ceb065003f25449,True,1.0,1.0,1.0,1.0,1.0,1.0,1.0
2866,f9720f622fd4511b,True,1.0,1.0,0.6611857054801704,1.0,1.0,1.0,0.8588273772834043
2867,3eb063189dd15649,True,1.0,0.0,0.0,1.0,1.0,1.0,0.0
2868,d6396ef1c0c55d33,True,1.0,1.0,0.8469817582634244,1.0,1.0,1.0,0.9362423992764267
2869,5b14b00087b051e3,True,1.0,0.0,0.0,1.0,1.0,1.0,0.0
2870,aa2918eb684351bd,True,1.0,1.0,1.0,1.0,1.0,1.0,1.0
2871,b4c9294d8e3952b8,True,1.0,1.0,1.0,1.0,1.0,1.0,1.0
2872,7e7480ffa3aa55a4,True,1.0,1.0,0.8648129931704148,1.0,1.0,1.0,0.9436720804876728
2873,b12faa3892185d8f,True,1.0,1.0,0.5097264032096092,1.0,1.0,1.0,0.7957193346706705
2874,7bf4d5a2cad05f50,True,1.0,1.0,0.7797645842757074,1.0,1.0,1.0,0.9082352434482114
2875,f7103dfe59a959be,True,1.0,1.0,1.0,1.0,1.0,1.0,1.0
2876,69f27d25f8a45de1,True,1.0,1.0,1.0,1.0,1.0,1.0,1.0
2877,427ee2e0d1c05699,True,1.0,1.0,1.0,1.0,1.0,0.5,1.0
2878,8be468b729aa5f1e,True,1.0,1.0,0.906582100448558,1.0,1.0,1.0,0.9610758751868991
2879,faf6d9be89f0538c,True,1.0,1.0,0.8525746729119168,1.0,1.0,1.0,0.9385727803799654
2880,722ed88251d25420,True,1.0,1.0,0.8935018937535325,1.0,1.0,1.0,0.9556257890639719
2881,ed98a4566ea95092,True,0.0,1.0,0.0,0.0,1.0,1.0,0.0
2882,40c06c252a275c50,True,1.0,1.0,0.6782102750422785,1.0,1.0,1.0,0.8659209479342828
2883,1108eba0b4415340,True,1.0,1.0,0.8334784791371286,1.0,1.0,1.0,0.9306160329738035
2884,8937c2f7a7ac5507,True,1.0,1.0,0.732576153292774,1.0,1.0,1.0,0.8885733972053225
2885,7f9c22da74d35642,True,1.0,1.0,0.87028540388066,1.0,1.0,1.0,0.9459522516169416
2886,30827c8c62c55b46,True,1.0,1.0,0.9159401949746123,1.0,1.0,1.0,0.9649750812394218
2887,ef5dcc2415915678,True,1.0,1.0,1.0,1.0,1.0,1.0,1.0
2888,00b838c358175255,True,1.0,1.0,0.8176426154096018,1.0,1.0,1.0,0.9240177564206675
2889,b0a6370d836a59ed,True,1.0,1.0,1.0,0.0,1.0,1.0,0.5833333333333334
2890,fe9e76e6cac35fba,True,0.0,1.0,0.0,0.0,1.0,1.0,0.0
2891,059ce9cd10135396,True,1.0,1.0,0.9207495670590209,1.0,1.0,1.0,0.966978986274592
2892,1cffb22700735548,True,1.0,1.0,1.0,1.0,1.0,1.0,1.0
2893,030c27139f7d57a4,True,1.0,1.0,0.7075586576937587,1.0,1.0,1.0,0.8781494407057329
2894,48321ca34be254e5,True,1.0,1.0,0.7565479663599635,1.0,1.0,1.0,0.8985616526499848
2895,24108688ab4856ab,True,1.0,1.0,0.5216330019104753,1.0,1.0,1.0,0.800680417462698
2896,d978a6878e7b5e8b,True,1.0,1.0,1.0,1.0,1.0,1.0,1.0
2897,ab0c43fd9f2c5481,True,1.0,1.0,1.0,1.0,1.0,1.0,1.0
2898,3b6fb25a1e725f29,True,1.0,1.0,1.0,1.0,1.0,1.0,1.0
2899,cdf234c4f4c35156,True,1.0,1.0,0.8319486140860616,1.0,1.0,1.0,0.9299785892025256
2900,87fa0c79b31c563a,True,1.0,1.0,1.0,1.0,1.0,1.0,1.0
2901,257773cfd41d59d5,True,1.0,1.0,0.5942211219593503,1.0,1.0,1.0,0.8309254674830626
2902,963a72ef9c615033,True,1.0,1.0,0.8836216892670959,0.0,1.0,1.0,0.5348423705279567
2903,d68dba02509b50a3,True,1.0,1.0,0.8621709205561217,1.0,1.0,0.0,0.9425712168983841
2904,c6319bbc03fb57d0,True,1.0,1.0,0.6448690631473325,1.0,1.0,1.0,0.8520287763113886
2905,57076e49ca7c5570,True,1.0,1.0,0.8603301219319809,1.0,1.0,1.0,0.9418042174716588
2906,3010009fcb295507,True,1.0,1.0,0.8808263667314117,1.0,1.0,1.0,0.9503443194714215
2907,35fa5481e4de5703,True,1.0,1.0,0.8094161661695342,1.0,1.0,1.0,0.9205900692373059
2908,efe7a294e40e5508,True,1.0,1.0,0.9604294395711332,1.0,1.0,1.0,0.9835122664879722
2909,07064359a6215354,True,1.0,1.0,0.9410067966182629,1.0,1.0,1.0,0.9754194985909429
2910,b50cf2a689a55433,True,1.0,1.0,0.870779889321402,1.0,1.0,1.0,0.9461582872172508
2911,3ec484ccad125e99,True,1.0,1.0,1.0,1.0,1.0,1.0,1.0
2912,69ed5efe731251d0,True,1.0,1.0,0.7981968483014283,1.0,1.0,1.0,0.9159153534589285
2913,d3f00196d11c563c,True,1.0,1.0,0.9230889967349091,1.0,1.0,1.0,0.9679537486395455
2914,c9903c96ff4153fe,True,1.0,1.0,0.9158054768174905,1.0,1.0,1.0,0.9649189486739544
2915,c195a8cb7ccb59fd,True,1.0,1.0,0.5634764364904092,1.0,1.0,1.0,0.8181151818710038
2916,e511376fdf3250e5,True,1.0,1.0,0.8744513948562571,1.0,1.0,1.0,0.9476880811901071
2917,bf5be5d94ffa52f8,True,1.0,1.0,1.0,1.0,1.0,1.0,1.0
2918,6e49f2f1c4e456f1,True,1.0,1.0,0.7177512725985311,1.0,1.0,1.0,0.8823963635827212
2919,4cdd4e33b01a52a8,True,1.0,1.0,0.8798517925254898,1.0,1.0,1.0,0.9499382468856208
2920,a59bd481d324594a,True,1.0,1.0,0.7991524056381215,1.0,1.0,1.0,0.9163135023492174
2921,f2e0d7e15fa253f0,True,1.0,1.0,0.8668124863058932,1.0,1.0,1.0,0.9445052026274555
2922,9b16e4fea2c25446,True,1.0,1.0,0.8924022998321374,1.0,1.0,1.0,0.9551676249300572
2923,f55c530f3875533f,True,1.0,1.0,0.8440383611895259,1.0,1.0,1.0,0.935015983828969
2924,e45aa663bd0756d9,True,1.0,1.0,0.7708757775881176,1.0,1.0,1.0,0.9045315739950489
2925,a19a3d9b712751f6,True,1.0,1.0,0.7078500191907791,1.0,1.0,1.0,0.8782708413294914
2926,caa3170f8c3b5cfe,True,1.0,1.0,0.808361243036177,1.0,1.0,1.0,0.9201505179317403
2927,f264f464b21753de,True,1.0,1.0,0.9501913865710013,1.0,1.0,1.0,0.9792464110712507
2928,5e80270349cb530c,True,1.0,1.0,0.924606822520868,1.0,1.0,1.0,0.9685861760503617
2929,5806eb348e3250d9,True,1.0,1.0,0.7992100770181559,1.0,1.0,0.5,0.9163375320908983
2930,3346340e1c275766,True,1.0,0.0,0.0,1.0,1.0,1.0,0.0
2931,0f78ffea52a85031,True,1.0,1.0,1.0,1.0,1.0,1.0,1.0
2932,19f8a93df08452b5,True,1.0,1.0,0.7491568485606673,1.0,1.0,1.0,0.8954820202336115
2933,81a473b817565cb9,True,1.0,1.0,0.7170113638721872,1.0,1.0,1.0,0.882088068280078
2934,5a7633ce22365440,True,1.0,1.0,0.6967914014686595,1.0,1.0,1.0,0.8736630839452748
2935,b2e0a5dfbb575ce1,True,1.0,1.0,0.8015721155654428,1.0,1.0,1.0,0.9173217148189345
2936,501de4adcf415443,True,1.0,1.0,0.8596446344162163,1.0,1.0,1.0,0.9415185976734235
2937,0e27333e64a45dfb,True,1.0,1.0,0.7701360574542223,1.0,1.0,1.0,0.9042233572725925
2938,8a540001f3f0514d,True,1.0,1.0,0.9428312991433138,1.0,1.0,1.0,0.9761797079763808
2939,64ee149f402a5601,True,1.0,1.0,1.0,1.0,1.0,1.0,1.0
2940,1eed252c6ca25157,True,1.0,1.0,0.5529537826753945,1.0,1.0,1.0,0.8137307427814143
2941,3f3d9b32f2fa53ef,True,1.0,1.0,1.0,1.0,1.0,1.0,1.0
2942,5027a61161365407,True,1.0,1.0,0.9501246097594267,1.0,1.0,1.0,0.9792185873997612
2943,03ca1900f09b5d20,True,1.0,1.0,0.7924838829412054,1.0,1.0,1.0,0.9135349512255022
2944,28123c233d33567e,True,1.0,1.0,0.8848722260570111,1.0,1.0,1.0,0.9520300941904214
2945,bc63d7f1ab7759ee,True,1.0,1.0,0.926157018282382,1.0,1.0,1.0,0.9692320909509924
2946,cedd32ec31e45cd9,True,1.0,0.0,0.0,1.0,1.0,0.5,0.0
2947,2034e8ae11cc594e,True,1.0,0.0,0.0,1.0,1.0,0.0,0.0
2948,5e8d717cc46a5988,True,1.0,1.0,1.0,1.0,1.0,1.0,1.0
2949,average,True,0.9633774160732451,0.9087826381824348,0.765292229240477,0.9250593421498813,0.9986436080027128,0.9474398101051204,0.8191289445410642
