,token,valid,no_at_fault_collisions,drivable_area_compliance,ego_progress,time_to_collision_within_bound,comfort,driving_direction_compliance,score
0,32e457e686675618,True,1.0,1.0,0.7863216302968675,1.0,1.0,1.0,0.9109673459570281
1,b5be372c45f05a96,True,1.0,1.0,0.8182422074595783,1.0,1.0,1.0,0.924267586441491
2,ef7822ee7fa35042,True,1.0,1.0,0.8548796943106488,1.0,1.0,1.0,0.9395332059627703
3,e8e01645fcde5b8e,True,1.0,1.0,1.0,0.0,1.0,1.0,0.5833333333333334
4,2073f76964735ff7,True,1.0,1.0,0.744411461506009,1.0,1.0,1.0,0.8935047756275037
5,03269d4ad9e45809,True,1.0,0.0,0.0,1.0,1.0,1.0,0.0
6,65107c981e1c568c,True,1.0,1.0,1.0,1.0,1.0,1.0,1.0
7,735587b14e39568c,True,1.0,1.0,0.710006346190468,1.0,1.0,1.0,0.8791693109126951
8,71246cbb6de459d6,True,1.0,1.0,0.8814130123485872,1.0,1.0,1.0,0.9505887551452447
9,4109b79d84ea5053,True,1.0,1.0,0.8521463560917604,0.0,1.0,0.0,0.5217276483715668
10,aa84169dd1f3538d,True,1.0,1.0,1.0,1.0,1.0,1.0,1.0
11,4742cf16ab0f515b,True,1.0,1.0,1.0,1.0,1.0,1.0,1.0
12,919fcdbcf46f58d1,True,1.0,1.0,0.9190770034950205,1.0,1.0,1.0,0.9662820847895919
13,47e96fba9c115fe7,True,1.0,1.0,1.0,1.0,1.0,1.0,1.0
14,54d1762cf973535b,True,1.0,1.0,1.0,1.0,1.0,1.0,1.0
15,71ae69a9499e559c,True,1.0,0.0,0.0,1.0,1.0,1.0,0.0
16,7287189737c85540,True,1.0,1.0,1.0,1.0,1.0,1.0,1.0
17,9248ce20618c5513,True,1.0,1.0,0.8281190479640888,1.0,1.0,1.0,0.9283829366517037
18,f790e64181a15f5a,True,1.0,1.0,1.0,1.0,1.0,1.0,1.0
19,72be63ed04f15f97,True,0.0,0.0,0.0,1.0,1.0,1.0,0.0
20,94c3ef5a3168570a,True,1.0,1.0,1.0,1.0,1.0,1.0,1.0
21,71a5ed00dbe85089,True,1.0,1.0,0.6194417420012921,1.0,1.0,1.0,0.841434059167205
22,b826ee4aedc95b0c,True,1.0,1.0,0.8400871150763942,1.0,1.0,1.0,0.9333696312818308
23,562f38636f975be4,True,1.0,1.0,0.9593801124024,1.0,1.0,1.0,0.9830750468343332
24,66a924c7d02159cf,True,1.0,1.0,0.7037152598296176,1.0,1.0,1.0,0.8765480249290073
25,30765e467f6c5947,True,1.0,1.0,0.9582300265287229,1.0,1.0,1.0,0.9825958443869679
26,eec0bc4e1b185d67,True,1.0,1.0,0.9669976175530823,1.0,1.0,1.0,0.9862490073137843
27,b5ca533bca505ceb,True,1.0,1.0,1.0,1.0,1.0,1.0,1.0
28,0d602f62f3ad5c65,True,1.0,0.0,0.0,1.0,1.0,1.0,0.0
29,d44d886053b15b23,True,0.0,0.0,0.0,0.0,1.0,0.0,0.0
30,df7e2f19b3cc5ba6,True,1.0,1.0,0.8569779895001155,1.0,1.0,1.0,0.9404074956250481
31,e67729beeaa95c34,True,1.0,1.0,1.0,1.0,1.0,1.0,1.0
32,6891e8163e4d5e58,True,1.0,1.0,0.8174365578302065,1.0,1.0,1.0,0.9239318990959194
33,4755336a0e225d97,True,1.0,1.0,1.0,1.0,1.0,1.0,1.0
34,fe0a33d7599a59b3,True,1.0,1.0,1.0,1.0,1.0,1.0,1.0
35,216d5205e9745145,True,1.0,1.0,0.7449762294524762,1.0,1.0,1.0,0.8937400956051983
36,814a2807af5f51f7,True,1.0,1.0,1.0,1.0,1.0,1.0,1.0
37,d243aa8117495932,True,1.0,1.0,1.0,1.0,1.0,1.0,1.0
38,dbba0a418817539e,True,1.0,1.0,0.7653306547829588,1.0,1.0,1.0,0.9022211061595661
39,7fcc4151553a50e8,True,1.0,1.0,0.8936807898449302,1.0,1.0,1.0,0.9557003291020543
40,778219f3cac65d35,True,1.0,1.0,0.716222818141081,1.0,1.0,1.0,0.8817595075587837
41,2b5d551f5466530e,True,1.0,1.0,0.7685073093906934,1.0,1.0,1.0,0.9035447122461223
42,9f4c04b7214b52a8,True,1.0,1.0,1.0,1.0,1.0,1.0,1.0
43,615329a491785c3a,True,1.0,1.0,1.0,1.0,1.0,1.0,1.0
44,b15572e37ce95d98,True,1.0,1.0,1.0,1.0,1.0,1.0,1.0
45,bd5e1c226cca5d3e,True,0.0,1.0,0.0,0.0,1.0,1.0,0.0
46,fd9dc4abc0d357a1,True,1.0,1.0,0.5352117181045863,1.0,1.0,1.0,0.8063382158769109
47,64b99da814205341,True,1.0,0.0,0.0,1.0,1.0,1.0,0.0
48,9e991901a49a55ea,True,1.0,1.0,1.0,1.0,1.0,1.0,1.0
49,b19f226d281e588a,True,1.0,1.0,0.810659605289186,1.0,1.0,1.0,0.9211081688704942
50,54fbc5743190519c,True,1.0,1.0,1.0,1.0,1.0,0.0,1.0
51,a3c4e4bf10d65ddb,True,1.0,1.0,0.8425154648546176,1.0,1.0,1.0,0.934381443689424
52,e367d7a3c3b55302,True,1.0,1.0,0.5544696601822916,1.0,0.0,1.0,0.6476956917426215
53,2f8dd3404f375ed8,True,1.0,1.0,0.8623994900802069,1.0,1.0,1.0,0.9426664542000861
54,8aec77f33ddb5ac8,True,1.0,1.0,0.6628736252286921,1.0,1.0,1.0,0.8595306771786216
55,3debd3d86b5850dd,True,1.0,1.0,1.0,1.0,1.0,1.0,1.0
56,1fb997ffe1de58f8,True,1.0,1.0,0.8119308851705787,1.0,1.0,1.0,0.9216378688210746
57,674ebcb39a4d528f,True,1.0,1.0,0.7852907316705391,1.0,1.0,1.0,0.9105378048627246
58,f39952caeb2b5014,True,1.0,1.0,1.0,1.0,1.0,1.0,1.0
59,fcdcb2e456bf5360,True,1.0,0.0,0.0,1.0,1.0,1.0,0.0
60,0db4879927b35dc0,True,1.0,1.0,0.9500549121091318,1.0,1.0,1.0,0.9791895467121382
61,5233faf7f9935f97,True,1.0,1.0,0.8481819711746896,1.0,1.0,1.0,0.9367424879894539
62,0bee5ed0a0a957fd,True,1.0,1.0,0.8220726593171427,1.0,1.0,1.0,0.9258636080488095
63,536e9526257a57f2,True,1.0,1.0,0.9247800205078622,1.0,1.0,1.0,0.9686583418782759
64,ca4f746c0a4f5396,True,1.0,1.0,0.7143707499611708,1.0,1.0,1.0,0.8809878124838212
65,7f54c08f50ef5ace,True,1.0,1.0,0.5657387379275148,1.0,1.0,1.0,0.819057807469798
66,83d9a73b7a3650c7,True,1.0,1.0,0.8750756251169415,1.0,1.0,1.0,0.9479481771320589
67,f7a9f82f17b256e2,True,1.0,1.0,0.8120619050485584,1.0,1.0,1.0,0.9216924604368993
68,4ac092ec1bee5e7a,True,1.0,1.0,1.0,1.0,1.0,1.0,1.0
69,54bf100910bc5b10,True,1.0,1.0,1.0,1.0,1.0,1.0,1.0
70,bc68d211a62d5c19,True,1.0,1.0,1.0,1.0,1.0,1.0,1.0
71,d3e99c65bb2a5d79,True,1.0,0.0,0.0,0.0,1.0,1.0,0.0
72,2d55129330045d3f,True,1.0,1.0,1.0,1.0,1.0,1.0,1.0
73,960b735b1eac5dab,True,1.0,1.0,0.9817975047079104,1.0,1.0,1.0,0.9924156269616292
74,11cad3355c7b55dd,True,1.0,1.0,0.8430888188491721,1.0,1.0,1.0,0.9346203411871551
75,08b1894421c455ed,True,1.0,1.0,1.0,1.0,1.0,1.0,1.0
76,6f61120208385a02,True,1.0,1.0,0.7378544202966136,1.0,1.0,1.0,0.890772675123589
77,9300251ea784552f,True,1.0,1.0,0.9587521092490346,0.0,1.0,1.0,0.5661467121870978
78,81917c1e1a9b5cdc,True,1.0,1.0,0.8904628987166086,1.0,1.0,1.0,0.9543595411319202
79,b637b5849b475a18,True,1.0,1.0,0.7782403101936668,1.0,1.0,1.0,0.9076001292473611
80,77a891db719c5273,True,1.0,1.0,0.9037734887425188,1.0,1.0,1.0,0.9599056203093829
81,1935e5d682ff5981,True,1.0,0.0,0.0,1.0,1.0,1.0,0.0
82,006e2728d7115fa7,True,1.0,1.0,0.625163721311555,1.0,1.0,1.0,0.843818217213148
83,fbf2eaa61abb5a2f,True,1.0,1.0,0.9340957715642509,1.0,1.0,1.0,0.9725399048184379
84,5303407715805679,True,1.0,1.0,0.8821236311147364,1.0,1.0,1.0,0.9508848462978068
85,76e0272a57f55674,True,1.0,1.0,0.7689197562750296,1.0,1.0,1.0,0.9037165651145956
86,f897914e6f0c52e5,True,1.0,1.0,1.0,1.0,1.0,1.0,1.0
87,e16f6f634adf50d3,True,1.0,1.0,1.0,1.0,1.0,1.0,1.0
88,6ed328b05b54553e,True,1.0,1.0,0.5624566872481251,1.0,1.0,1.0,0.8176902863533856
89,79a151c333745253,True,1.0,1.0,0.9521859198092908,1.0,1.0,1.0,0.9800774665872045
90,680f4753a59c5a24,True,0.0,0.0,0.0,0.0,1.0,1.0,0.0
91,5403d4e6179a5354,True,1.0,1.0,0.2982024314624683,1.0,1.0,1.0,0.7075843464426951
92,396a8c19c4ac58f3,True,0.0,1.0,0.0,0.0,1.0,1.0,0.0
93,1666152446cc5da7,True,1.0,0.0,0.0,1.0,1.0,1.0,0.0
94,b657fb1afb7c54f3,True,1.0,1.0,0.7532926384700387,1.0,1.0,1.0,0.8972052660291828
95,72808a9b1e7f5f15,True,1.0,1.0,1.0,1.0,1.0,1.0,1.0
96,18c781197c445d64,True,1.0,1.0,1.0,1.0,1.0,1.0,1.0
97,81a473b817565cb9,True,1.0,1.0,0.7233605256955482,1.0,1.0,1.0,0.8847335523731451
98,d5fc95fa66025d7a,True,1.0,1.0,0.6854330917406276,1.0,1.0,1.0,0.8689304548919282
99,ffd429cac51751d9,True,1.0,1.0,0.9328422267541957,1.0,1.0,1.0,0.9720175944809148
100,73c6bf15d3cc58e4,True,1.0,1.0,0.7685468212544884,1.0,1.0,1.0,0.9035611755227034
101,8d7c5f26b9775cce,True,1.0,1.0,0.7264964267010966,1.0,1.0,1.0,0.8860401777921236
102,faa12c2adc7c521f,True,1.0,0.0,0.0,1.0,1.0,0.5,0.0
103,02c8da231eb15ed2,True,1.0,1.0,1.0,1.0,1.0,1.0,1.0
104,7ae0a03be0c357d2,True,1.0,1.0,0.6806685685276279,1.0,1.0,1.0,0.8669452368865116
105,d68601dbb9d45f6b,True,1.0,1.0,1.0,1.0,1.0,1.0,1.0
106,929fe68adaef5ee7,True,1.0,1.0,0.6748549392346478,1.0,1.0,1.0,0.8645228913477698
107,6dd2d5f52cc55546,True,1.0,1.0,0.984393951879674,1.0,1.0,1.0,0.9934974799498643
108,83c72c93de355a6b,True,0.0,1.0,0.0,0.0,1.0,1.0,0.0
109,c98ef0c5c89c51d6,True,1.0,0.0,0.0,1.0,1.0,1.0,0.0
110,291d82d04ec359e0,True,1.0,1.0,0.7114848014432105,1.0,1.0,1.0,0.8797853339346711
111,23bd3a02e2855a28,True,0.0,1.0,0.0,0.0,1.0,1.0,0.0
112,1981a85eb4ba5001,True,0.0,1.0,0.0,0.0,1.0,0.0,0.0
113,decc2e4c0f445afc,True,1.0,1.0,0.9515923809097929,1.0,1.0,1.0,0.9798301587124136
114,8ff8246f69f75f6a,True,1.0,1.0,0.8317094827268401,1.0,1.0,1.0,0.9298789511361832
115,d7f6204c325d53fe,True,1.0,0.0,0.0,0.0,1.0,1.0,0.0
116,757fb1d7679c5dc2,True,1.0,0.0,0.0,1.0,1.0,1.0,0.0
117,ce9ee9a68a4c5e93,True,1.0,1.0,1.0,1.0,1.0,1.0,1.0
118,7d664c7260d45737,True,1.0,1.0,0.9368034948935416,1.0,1.0,1.0,0.9736681228723091
119,508511fd38a15d52,True,0.0,1.0,0.0,0.0,1.0,1.0,0.0
120,af682242313853cb,True,1.0,1.0,1.0,1.0,1.0,1.0,1.0
121,d3719519c1f95276,True,1.0,1.0,0.8720603020072324,1.0,1.0,1.0,0.9466917925030135
122,1586b456d978588f,True,1.0,1.0,1.0,1.0,1.0,1.0,1.0
123,5d7eedc503ef575c,True,1.0,1.0,1.0,1.0,1.0,1.0,1.0
124,66225fc71bd35554,True,1.0,1.0,0.9737400976585839,1.0,1.0,1.0,0.98905837402441
125,a0801105ad8b5ad3,True,1.0,1.0,0.7988907578848269,1.0,1.0,1.0,0.9162044824520112
126,8c1e2438ad5f514a,True,1.0,1.0,1.0,0.0,0.0,0.5,0.4166666666666667
127,e849e6a954285f60,True,1.0,1.0,0.9172910709800302,1.0,1.0,1.0,0.9655379462416792
128,7d80c95c24645b06,True,1.0,1.0,1.0,1.0,1.0,1.0,1.0
129,ffe92084016a5795,True,1.0,1.0,0.5087679641954382,1.0,1.0,1.0,0.7953199850814325
130,3ea2b59016145c63,True,1.0,1.0,1.0,1.0,1.0,1.0,1.0
131,6fe1f4f8dbcd57b5,True,1.0,1.0,0.7275109937295228,1.0,1.0,1.0,0.8864629140539678
132,d24604c7af87524f,True,1.0,1.0,0.9131606726279051,1.0,1.0,1.0,0.9638169469282939
133,f14a3d3672035597,True,1.0,1.0,1.0,1.0,1.0,1.0,1.0
134,4a29aee6f5bd5073,True,1.0,1.0,0.6321580164323936,1.0,1.0,1.0,0.8467325068468307
135,04605629ea8a50cc,True,1.0,1.0,1.0,1.0,1.0,1.0,1.0
136,65cf19209dc55631,True,1.0,1.0,0.2789129659549428,1.0,1.0,1.0,0.6995470691478928
137,e3aa32e033635c8d,True,1.0,0.0,0.0,1.0,1.0,1.0,0.0
138,f3fc5020ecbd537f,True,1.0,1.0,0.820171758190518,1.0,1.0,1.0,0.9250715659127158
139,51c2558524435a31,True,1.0,1.0,0.8583076721830966,1.0,1.0,1.0,0.9409615300762901
140,0d77009a20f25175,True,1.0,1.0,0.9013774186145457,1.0,1.0,1.0,0.9589072577560606
141,6136d15f12905f36,True,1.0,1.0,1.0,1.0,1.0,1.0,1.0
142,6a66294fe97f54db,True,1.0,1.0,0.8614168614731471,1.0,1.0,1.0,0.9422570256138112
143,a6c24c9ca7335016,True,1.0,1.0,1.0,1.0,1.0,1.0,1.0
144,a22de94be8935752,True,1.0,1.0,0.6120600770880268,1.0,1.0,1.0,0.8383583654533444
145,cb70f332bc5f5bcf,True,1.0,0.0,0.0,1.0,1.0,0.5,0.0
146,62e8d8891ff45c7b,True,1.0,1.0,0.8284257344604642,1.0,1.0,1.0,0.92851072269186
147,2ff39958d9f35279,True,1.0,1.0,0.7902762179663246,1.0,1.0,1.0,0.9126150908193019
148,077c80ecaed0548f,True,1.0,1.0,1.0,1.0,1.0,1.0,1.0
149,5f4945f6b9b45024,True,1.0,1.0,1.0,1.0,1.0,1.0,1.0
150,ade646d3c19b5bb0,True,1.0,1.0,1.0,1.0,1.0,0.5,1.0
151,b662afef6f935725,True,1.0,1.0,0.6833587577509576,1.0,1.0,1.0,0.868066149062899
152,c8bf5f09438e5507,True,1.0,1.0,1.0,0.0,1.0,1.0,0.5833333333333334
153,e704fb7745a75fd7,True,1.0,1.0,0.8133635157336424,1.0,1.0,1.0,0.922234798222351
154,002a52b0ed5650da,True,1.0,1.0,0.8295010955603702,1.0,1.0,1.0,0.9289587898168209
155,2c978eb63fec5d2a,True,1.0,0.0,0.0,1.0,1.0,1.0,0.0
156,1e9a42ef8f4057a6,True,1.0,1.0,0.9336309348730544,1.0,1.0,1.0,0.9723462228637727
157,352fabb819b95d6c,True,1.0,1.0,0.7399771012010765,1.0,1.0,1.0,0.8916571255004486
158,df30f32cd2ee5633,True,1.0,1.0,1.0,1.0,1.0,1.0,1.0
159,0706e8bf25805e91,True,1.0,1.0,1.0,1.0,1.0,0.5,1.0
160,7fcd3691c57b5f49,True,1.0,1.0,0.9313899233518634,1.0,1.0,1.0,0.9714124680632764
161,03ca1900f09b5d20,True,1.0,1.0,0.7804991398494161,1.0,1.0,1.0,0.90854130827059
162,73e3a1a2ed275417,True,1.0,1.0,0.6151324690628828,1.0,1.0,1.0,0.839638528776201
163,0e81b2ebbb30575e,True,1.0,1.0,0.6679781904690058,1.0,1.0,1.0,0.8616575793620856
164,086e4501de295946,True,1.0,0.0,0.0,1.0,1.0,1.0,0.0
165,f51778edd8ea5ee5,True,1.0,0.0,0.0,1.0,1.0,1.0,0.0
166,9ba2570d6743526a,True,1.0,1.0,0.9898312884519291,1.0,1.0,1.0,0.9957630368549705
167,722ed88251d25420,True,1.0,1.0,0.7319877197320379,1.0,1.0,1.0,0.8883282165550158
168,9a1d23e8ed1b5837,True,1.0,1.0,1.0,0.0,1.0,1.0,0.5833333333333334
169,f727c5fa1e735d2d,True,1.0,1.0,1.0,0.0,1.0,1.0,0.5833333333333334
170,a9c9765a005351b9,True,1.0,1.0,1.0,1.0,1.0,1.0,1.0
171,45c4158a235e514a,True,0.0,1.0,0.0,0.0,1.0,1.0,0.0
172,ab0c43fd9f2c5481,True,1.0,1.0,0.9889004512011391,1.0,1.0,1.0,0.9953751880004745
173,a5b6e054384c586c,True,1.0,1.0,0.529679436216249,1.0,1.0,1.0,0.8040330984234371
174,d2b3f402ba0f55c3,True,1.0,1.0,1.0,1.0,1.0,1.0,1.0
175,a7a7c9782f3951a1,True,1.0,1.0,1.0,0.0,1.0,1.0,0.5833333333333334
176,15bfed200b0d570e,True,1.0,1.0,0.7604508724467783,1.0,1.0,1.0,0.900187863519491
177,b961186653e45dc2,True,1.0,1.0,0.8563368187324738,1.0,1.0,1.0,0.9401403411385307
178,77e9812a54d05caf,True,1.0,1.0,1.0,1.0,1.0,0.0,1.0
179,16125101defb5b51,True,1.0,1.0,1.0,1.0,1.0,1.0,1.0
180,5b14b00087b051e3,True,1.0,1.0,1.0,1.0,1.0,1.0,1.0
181,8cba6cacb16d5acc,True,1.0,1.0,0.9489268096410926,1.0,1.0,1.0,0.9787195040171218
182,cd0fd62195e552da,True,1.0,1.0,0.7797993195669044,1.0,1.0,1.0,0.9082497164862101
183,c9395d7ca7f75410,True,1.0,1.0,1.0,1.0,1.0,1.0,1.0
184,0b177a1d821055ea,True,1.0,0.0,0.0,1.0,1.0,1.0,0.0
185,f1494fd9840c5014,True,1.0,1.0,1.0,1.0,1.0,1.0,1.0
186,6d93bbdab42255a9,True,1.0,1.0,1.0,1.0,1.0,1.0,1.0
187,8b8b41a9d00e5e32,True,1.0,1.0,0.8459071546636694,1.0,1.0,1.0,0.9357946477765289
188,28b94453e1cd578f,True,1.0,1.0,0.8737510110369643,1.0,1.0,1.0,0.947396254598735
189,3099475cc5365074,True,1.0,1.0,0.9851849858724929,1.0,1.0,1.0,0.993827077446872
190,67d74f48ba2a548e,True,0.0,1.0,0.0,0.0,1.0,1.0,0.0
191,3d6703caa0c951a8,True,1.0,1.0,0.7474485247682238,1.0,1.0,1.0,0.8947702186534267
192,c65a7b2b6f8c527e,True,1.0,1.0,0.9819035570899216,1.0,1.0,1.0,0.9924598154541341
193,82b415fbbc725562,True,1.0,0.0,0.0,1.0,1.0,1.0,0.0
194,e36edd3aedf05e30,True,1.0,1.0,0.7327801205153676,1.0,1.0,1.0,0.8886583835480698
195,248a920cf01751f1,True,1.0,1.0,1.0,1.0,1.0,1.0,1.0
196,6021973f81a75e0b,True,1.0,1.0,0.6595891832788927,1.0,1.0,1.0,0.8581621596995387
197,84b38cdaa93e5dcd,True,1.0,1.0,0.7750724618616763,1.0,1.0,1.0,0.9062801924423652
198,1d7a96e116735b6c,True,1.0,1.0,0.8132829965092051,1.0,1.0,1.0,0.9222012485455021
199,72c1d1069773561d,True,1.0,0.0,0.0,1.0,1.0,0.5,0.0
200,4b347fca93c65596,True,1.0,1.0,0.6923803349489479,1.0,1.0,1.0,0.8718251395620616
201,9f528c7bfca6509b,True,1.0,0.0,0.0,1.0,1.0,1.0,0.0
202,fffbe416ae85553b,True,1.0,1.0,0.9182501226495313,1.0,1.0,1.0,0.9659375511039713
203,79bdb6b499245d65,True,1.0,1.0,1.0,1.0,1.0,1.0,1.0
204,69d75ac905035187,True,1.0,1.0,0.8001291008759296,1.0,1.0,1.0,0.916720458698304
205,24567f5ad57455c4,True,1.0,1.0,1.0,1.0,1.0,1.0,1.0
206,08a135d9245b50c2,True,1.0,1.0,0.9152953427496602,1.0,1.0,1.0,0.9647063928123584
207,07c46d77aba054ec,True,1.0,1.0,1.0,1.0,1.0,0.5,1.0
208,51fd85d11ea75120,True,1.0,0.0,0.0,1.0,1.0,1.0,0.0
209,5cdf559f99b859a4,True,1.0,1.0,1.0,1.0,1.0,1.0,1.0
210,b639f9aef8055d40,True,1.0,1.0,0.9128199013821556,1.0,1.0,1.0,0.9636749589092316
211,b4899f9464d058f2,True,1.0,1.0,0.8057662325412722,1.0,1.0,1.0,0.9190692635588634
212,abd6e8c330ea5694,True,1.0,1.0,0.8104523106821226,1.0,1.0,1.0,0.9210217961175511
213,82ab6983691a5599,True,1.0,1.0,1.0,1.0,1.0,1.0,1.0
214,a99280d8424c55b2,True,1.0,1.0,1.0,1.0,1.0,1.0,1.0
215,5624b4732b135079,True,1.0,1.0,0.7689137629560259,1.0,1.0,1.0,0.9037140678983441
216,eb890bda8eb75f6c,True,1.0,1.0,0.8241134444409336,1.0,1.0,1.0,0.9267139351837224
217,708d081d555a5aa7,True,1.0,1.0,0.9418363838022451,0.0,1.0,0.0,0.5590984932509354
218,b1e1c1a12339588a,True,1.0,1.0,1.0,1.0,1.0,1.0,1.0
219,192e92b5db4754a6,True,1.0,1.0,0.8255818098568071,1.0,1.0,0.0,0.9273257541070029
220,742ac4ddb9d7557d,True,1.0,1.0,1.0,1.0,1.0,1.0,1.0
221,e9597ce7a5a7589b,True,1.0,1.0,1.0,1.0,1.0,1.0,1.0
222,0f78ffea52a85031,True,1.0,1.0,1.0,1.0,1.0,1.0,1.0
223,30b35ae958ee5bae,True,1.0,1.0,0.8216404410538704,1.0,1.0,1.0,0.9256835171057793
224,5d5d1442b83d5c5c,True,1.0,1.0,0.5245235007900648,1.0,1.0,1.0,0.8018847919958603
225,157c6c5b1b9d5608,True,1.0,1.0,1.0,0.0,1.0,1.0,0.5833333333333334
226,aec02ec2aec85c06,True,1.0,1.0,0.6939963468730302,1.0,1.0,0.5,0.8724984778637626
227,96f19d920d5558e9,True,1.0,1.0,0.9036701785774985,1.0,1.0,1.0,0.9598625744072912
228,782f0fff66145718,True,1.0,1.0,0.5925808579865428,1.0,1.0,1.0,0.8302420241610595
229,20a6e330d8f1571b,True,1.0,1.0,1.0,1.0,1.0,1.0,1.0
230,c0fb4281da785582,True,1.0,0.0,0.0,1.0,1.0,1.0,0.0
231,db1f0ea31f525bdb,True,1.0,1.0,0.9855686758040227,1.0,1.0,1.0,0.9939869482516762
232,ca58b2e039305479,True,1.0,1.0,0.8052623942324986,1.0,1.0,1.0,0.9188593309302077
233,ec1dd3d02f035d78,True,0.0,1.0,0.0,0.0,1.0,1.0,0.0
234,1b5606e475d554f7,True,1.0,1.0,0.9064688170221706,1.0,1.0,1.0,0.9610286737592378
235,1d4b518f1b175184,True,1.0,1.0,1.0,1.0,1.0,1.0,1.0
236,053895d2bfc754f3,True,1.0,1.0,0.8356708556409129,1.0,1.0,1.0,0.9315295231837138
237,dc5bfa6f51225853,True,1.0,1.0,0.8943192538513696,1.0,1.0,1.0,0.955966355771404
238,6c321000d6c0527a,True,1.0,1.0,1.0,1.0,1.0,1.0,1.0
239,6f0538a6ba9c5b7f,True,1.0,1.0,1.0,1.0,1.0,1.0,1.0
240,0027db600afe56ca,True,1.0,1.0,1.0,1.0,1.0,1.0,1.0
241,54e1cb577c0a5f7e,True,1.0,1.0,0.8201874691543323,1.0,1.0,1.0,0.9250781121476385
242,b9ddc4b10ef751a5,True,0.0,1.0,0.0,0.0,1.0,1.0,0.0
243,4d9c7a900c6c5081,True,1.0,1.0,0.7588527546505369,1.0,1.0,1.0,0.8995219811043903
244,7346e23546d15b29,True,1.0,1.0,0.684559625647428,1.0,1.0,1.0,0.8685665106864283
245,aa4897ec11395ec8,True,1.0,1.0,0.9002544319557536,1.0,1.0,1.0,0.9584393466482307
246,56b0ed5018c25d3f,True,0.0,1.0,0.0,0.0,1.0,0.0,0.0
247,e69f96075afb5d86,True,1.0,1.0,0.9243797748654043,1.0,1.0,1.0,0.9684915728605851
248,2c337eb368fb54ca,True,1.0,0.0,0.0,1.0,1.0,0.5,0.0
249,748779bcdb5b5a49,True,1.0,1.0,0.9624648253820115,1.0,1.0,1.0,0.9843603439091715
250,3befac537db85c6c,True,1.0,1.0,1.0,1.0,1.0,0.5,1.0
251,7ffee2481b68517c,True,0.0,1.0,0.0,0.0,1.0,0.5,0.0
252,0ae7ba2fd0f95d17,True,1.0,1.0,0.8470351630748054,1.0,1.0,1.0,0.936264651281169
253,540098f126795a8c,True,1.0,1.0,0.7985040313704095,1.0,1.0,1.0,0.9160433464043374
254,7edc6539f71a5a79,True,1.0,1.0,0.9476434912992286,1.0,1.0,1.0,0.9781847880413452
255,cba43d02cf795a0f,True,1.0,1.0,1.0,0.0,1.0,1.0,0.5833333333333334
256,522894525b4e5168,True,1.0,0.0,0.0,1.0,1.0,1.0,0.0
257,f49e8b1837cd5b23,True,1.0,0.0,0.0,1.0,1.0,1.0,0.0
258,ee4ca385da5d5778,True,1.0,1.0,0.6108298981887498,1.0,1.0,0.0,0.8378457909119791
259,e001c497823c5154,True,1.0,1.0,1.0,1.0,1.0,1.0,1.0
260,94693a54967757f6,True,1.0,1.0,1.0,1.0,1.0,1.0,1.0
261,d792515ce4b257a4,True,1.0,0.0,0.0,1.0,1.0,0.0,0.0
262,a5f5f03bc998578d,True,1.0,1.0,0.890811987477171,1.0,1.0,1.0,0.9545049947821546
263,a3f2ea7187975b13,True,1.0,1.0,0.6832461136296281,1.0,1.0,1.0,0.868019214012345
264,7643b4b3f33d5910,True,1.0,1.0,0.8946095483765386,1.0,1.0,1.0,0.9560873118235578
265,4a46ef99ddf55b8d,True,1.0,1.0,1.0,1.0,1.0,1.0,1.0
266,be0ea3126c955eae,True,1.0,1.0,0.5894223119777636,1.0,1.0,1.0,0.8289259633240681
267,95329718628e5f7f,True,1.0,1.0,0.9197789361191893,1.0,1.0,1.0,0.966574556716329
268,6d2178f2992f5d22,True,1.0,1.0,0.5338654808740891,1.0,1.0,1.0,0.8057772836975371
269,037b976caae85af5,True,1.0,1.0,0.6181938188640093,1.0,1.0,1.0,0.8409140911933372
270,b4afab5329e95368,True,1.0,1.0,0.9227392962726019,1.0,1.0,1.0,0.9678080401135841
271,92c6df44cf055882,True,1.0,1.0,0.6507039913913826,1.0,1.0,1.0,0.854459996413076
272,4cc1186b46d85ec4,True,0.0,1.0,0.0,0.0,1.0,1.0,0.0
273,8b93118c77d25b5d,True,1.0,1.0,1.0,1.0,1.0,1.0,1.0
274,ee53e7213c995a0b,True,1.0,1.0,1.0,1.0,1.0,1.0,1.0
275,a2e2a360029f508f,True,1.0,0.0,0.0,1.0,1.0,1.0,0.0
276,ed1a1174e6aa5270,True,1.0,1.0,1.0,1.0,1.0,1.0,1.0
277,9b4e0723f48755fb,True,1.0,1.0,0.9838371126103304,1.0,1.0,0.0,0.9932654635876377
278,dc0c3446973f56b3,True,1.0,1.0,1.0,1.0,1.0,1.0,1.0
279,785a51e5263b5bec,True,1.0,1.0,0.8367546177104502,1.0,1.0,1.0,0.9319810907126875
280,11182a0af9c95c8c,True,1.0,1.0,0.736939490119871,1.0,1.0,1.0,0.8903914542166129
281,75f91ced021c543e,True,1.0,1.0,1.0,1.0,1.0,1.0,1.0
282,5f548f26b9a7572f,True,0.0,1.0,0.0,0.0,1.0,1.0,0.0
283,8790ecedb8ac580e,True,1.0,1.0,1.0,1.0,1.0,1.0,1.0
284,70d79606f745562e,True,1.0,1.0,0.8761667075151355,1.0,1.0,1.0,0.9484027947979731
285,8651cc01649b5d5b,True,1.0,1.0,0.6661689372823617,1.0,1.0,1.0,0.8609037238676507
286,93d5e0dd29bc5e7c,True,1.0,1.0,1.0,0.0,1.0,1.0,0.5833333333333334
287,d34d0398de585e6c,True,1.0,1.0,0.6455887800041258,1.0,1.0,1.0,0.8523286583350523
288,618902d469b5516e,True,1.0,1.0,0.813452525979068,1.0,1.0,1.0,0.9222718858246116
289,ecc5d9051f445174,True,1.0,1.0,1.0,1.0,1.0,1.0,1.0
290,06f604b0d4835371,True,1.0,1.0,0.8655101466191152,1.0,1.0,1.0,0.943962561091298
291,a77872c55f1b52a1,True,1.0,1.0,0.7758619132853402,1.0,1.0,1.0,0.9066091305355584
292,0372bb63e704555a,True,1.0,1.0,0.8523222466964241,1.0,1.0,0.0,0.9384676027901767
293,26de9e2da40c5b0c,True,1.0,0.0,0.0,1.0,1.0,1.0,0.0
294,baf1301534ea54d6,True,1.0,1.0,0.922580582272667,1.0,1.0,1.0,0.9677419092802779
295,e699fb1c75b95e57,True,1.0,1.0,0.7455034736320383,1.0,1.0,1.0,0.8939597806800159
296,5218653349a6502a,True,1.0,1.0,0.8689636714041621,1.0,1.0,1.0,0.9454015297517341
297,b3f47592bf415aa3,True,1.0,1.0,0.7882115736768093,1.0,1.0,1.0,0.9117548223653372
298,31ffaa640cf85134,True,1.0,1.0,1.0,1.0,1.0,1.0,1.0
299,7d10959013575b2d,True,1.0,1.0,0.7710871123491846,1.0,1.0,1.0,0.9046196301454935
300,fc1b6762387f5209,True,1.0,1.0,0.8996347318493281,1.0,1.0,1.0,0.9581811382705534
301,ccd1908db4765e03,True,1.0,0.0,0.0,0.0,1.0,0.0,0.0
302,49d00c5507175e01,True,1.0,1.0,0.8367831149578547,1.0,1.0,1.0,0.9319929645657729
303,dcdacf7509ed5062,True,1.0,1.0,0.7986287832249997,1.0,1.0,1.0,0.91609532634375
304,e38aa05b9c8b5e32,True,1.0,1.0,0.968563406566012,1.0,1.0,1.0,0.9869014194025051
305,67c2aef1f35a523e,True,1.0,1.0,0.9577240611111624,1.0,1.0,1.0,0.9823850254629843
306,ceb9332b03d3577b,True,1.0,0.0,0.0,1.0,1.0,0.0,0.0
307,824cd4fff1e25cb4,True,0.0,1.0,0.0,0.0,1.0,1.0,0.0
308,9933a1df50ff5919,True,1.0,1.0,1.0,1.0,1.0,1.0,1.0
309,0715626fc800527e,True,1.0,1.0,1.0,1.0,1.0,1.0,1.0
310,0d74b112df715917,True,0.0,1.0,0.0,0.0,1.0,1.0,0.0
311,7f9c22da74d35642,True,1.0,1.0,0.8378491864433706,1.0,1.0,1.0,0.9324371610180711
312,0ba54149d1575f95,True,1.0,1.0,1.0,1.0,1.0,1.0,1.0
313,47fae9a1708b5101,True,1.0,1.0,1.0,1.0,1.0,1.0,1.0
314,31aa58748e2c5495,True,1.0,1.0,1.0,1.0,1.0,1.0,1.0
315,01e3dbb4fbcd5781,True,1.0,1.0,1.0,1.0,1.0,1.0,1.0
316,6e0a467af0205f04,True,1.0,1.0,0.773152662403824,1.0,1.0,1.0,0.9054802760015933
317,4a35a95ee57f5572,True,1.0,1.0,1.0,1.0,1.0,1.0,1.0
318,be43454e5a4f5a2a,True,1.0,1.0,0.6660139578476045,1.0,1.0,1.0,0.8608391491031685
319,5027a61161365407,True,1.0,1.0,0.9775079856822059,1.0,1.0,1.0,0.9906283273675859
320,a51ed55eaa9c54c9,True,1.0,1.0,0.6968556149651036,1.0,1.0,1.0,0.8736898395687932
321,8fe72476d10c552a,True,1.0,1.0,0.8611299760411822,1.0,1.0,1.0,0.9421374900171594
322,906ffee6860e524a,True,1.0,1.0,1.0,1.0,1.0,1.0,1.0
323,0c4f97d3255155e4,True,1.0,1.0,0.7408410227084335,1.0,1.0,1.0,0.8920170927951806
324,69f50b1f6c4d5f4b,True,1.0,1.0,1.0,1.0,1.0,1.0,1.0
325,28ecaf0359ee5029,True,1.0,1.0,0.881000678226066,1.0,1.0,1.0,0.9504169492608607
326,f3738f5be59d5d10,True,1.0,1.0,1.0,1.0,1.0,1.0,1.0
327,d5116f0d75b4549d,True,1.0,1.0,0.6941196739447101,0.0,1.0,1.0,0.45588319747696254
328,e0b92501aa5051b1,True,1.0,1.0,0.6651069140893379,1.0,1.0,1.0,0.8604612142038907
329,bc2fe3314b345c63,True,1.0,1.0,0.8874133727489548,1.0,1.0,1.0,0.9530889053120646
330,1682c020a94054fa,True,1.0,0.0,0.0,1.0,1.0,0.0,0.0
331,3f6732f66f695405,True,1.0,0.0,0.0,1.0,1.0,1.0,0.0
332,ee82b0fc7b2a5208,True,1.0,1.0,0.8077502229226117,1.0,1.0,1.0,0.9198959262177548
333,fb3e4b836ab758db,True,1.0,1.0,0.9289322076252066,1.0,1.0,1.0,0.9703884198438361
334,75f9d978b4d757a2,True,1.0,1.0,0.792407838603333,1.0,1.0,1.0,0.9135032660847221
335,cc7d3c360c345a4b,True,1.0,1.0,0.936083177668986,1.0,1.0,1.0,0.9733679906954108
336,9a3778686fd058d2,True,1.0,0.0,0.0,1.0,1.0,1.0,0.0
337,4f67484c73e2503a,True,1.0,1.0,0.7930203857733391,1.0,1.0,1.0,0.9137584940722245
338,5a454b4d1c535366,True,1.0,1.0,0.859635278176336,1.0,1.0,1.0,0.9415146992401399
339,04e3f71d6bc15d1e,True,1.0,1.0,0.8488018348912878,1.0,1.0,1.0,0.9370007645380366
340,f7d40806c7045d54,True,1.0,1.0,0.7781772743982648,0.0,1.0,1.0,0.49090719766594365
341,96a252e16d1553e1,True,1.0,1.0,1.0,1.0,1.0,1.0,1.0
342,257d737fc3865fd1,True,1.0,1.0,0.5190691940450801,1.0,1.0,1.0,0.79961216418545
343,2752876d0e005d74,True,1.0,1.0,0.9012797462571179,1.0,1.0,1.0,0.9588665609404657
344,3a76a6ab17535552,True,1.0,1.0,0.9851428854681004,1.0,1.0,1.0,0.9938095356117085
345,026e7b1e0e335625,True,1.0,1.0,1.0,1.0,1.0,1.0,1.0
346,366c7e46b0415253,True,1.0,1.0,0.7399071526288883,1.0,1.0,1.0,0.8916279802620367
347,66f8bdd077ff5fc3,True,1.0,1.0,0.8049187971578733,1.0,1.0,1.0,0.9187161654824472
348,52cad7d83eb65e75,True,1.0,1.0,0.9654602041569578,0.0,1.0,1.0,0.5689417517320657
349,e6e40103bfcb539e,True,1.0,1.0,0.7497008591749106,1.0,1.0,1.0,0.8957086913228794
350,56af8eae4788597f,True,1.0,1.0,1.0,1.0,1.0,1.0,1.0
351,9d55692d15dc5155,True,1.0,1.0,1.0,1.0,1.0,1.0,1.0
352,4acd373578e357d1,True,1.0,1.0,0.6465714169111467,1.0,1.0,1.0,0.8527380903796445
353,578a5ef598b9521f,True,1.0,1.0,1.0,1.0,1.0,1.0,1.0
354,8af2a66435ea565a,True,1.0,1.0,0.8020576559376513,1.0,1.0,1.0,0.9175240233073548
355,09a0456056555b0a,True,1.0,1.0,1.0,0.0,1.0,1.0,0.5833333333333334
356,6012210b020c53a9,True,1.0,1.0,0.8323733763214707,1.0,1.0,0.5,0.9301555734672794
357,f606d0e6eda7549a,True,1.0,1.0,0.8090311564024403,1.0,1.0,1.0,0.9204296485010168
358,b8d114f0304d5f87,True,1.0,1.0,1.0,1.0,1.0,1.0,1.0
359,4bc95052d6d8547e,True,1.0,1.0,0.7048486465641203,1.0,1.0,1.0,0.8770202694017168
360,4f5e535c78385629,True,1.0,1.0,1.0,1.0,1.0,1.0,1.0
361,607fd9c5903d5376,True,1.0,0.0,0.0,1.0,1.0,1.0,0.0
362,d37e71f395695c6f,True,1.0,0.0,0.0,1.0,1.0,1.0,0.0
363,48e14ad3c65c5156,True,1.0,1.0,0.8847473769676082,1.0,1.0,1.0,0.9519780737365034
364,d25b6512a43f5e54,True,1.0,1.0,0.8650019481714202,0.0,1.0,1.0,0.5270841450714251
365,24edcd5e5b7f546a,True,1.0,1.0,1.0,1.0,1.0,1.0,1.0
366,fbc91394092b5dbb,True,1.0,1.0,0.7696563608673521,1.0,1.0,1.0,0.9040234836947301
367,a9c27d1fdee5599e,True,1.0,1.0,1.0,1.0,1.0,1.0,1.0
368,2908ea54e9955267,True,1.0,0.0,0.0,1.0,1.0,1.0,0.0
369,443b9c514efc5829,True,1.0,1.0,1.0,1.0,1.0,1.0,1.0
370,5691c7c24fdd5e16,True,1.0,1.0,1.0,1.0,1.0,1.0,1.0
371,7c68734f0453501c,True,1.0,1.0,0.9975843087589232,1.0,1.0,1.0,0.9989934619828847
372,3fe4d3672285579c,True,1.0,1.0,0.9743950981635765,1.0,1.0,1.0,0.9893312909014901
373,312c0f2f981d51c3,True,1.0,1.0,0.7574855737710903,1.0,1.0,1.0,0.8989523224046209
374,93512ae1de725307,True,1.0,1.0,1.0,1.0,1.0,1.0,1.0
375,9e032298e808528a,True,1.0,1.0,0.5265101150401904,1.0,1.0,1.0,0.8027125479334126
376,dc05b41a768b5015,True,1.0,1.0,0.6057953600005815,1.0,1.0,1.0,0.835748066666909
377,20403b65d87d5e5a,True,1.0,1.0,1.0,1.0,1.0,1.0,1.0
378,5be54baed8b35bd7,True,1.0,1.0,1.0,1.0,1.0,1.0,1.0
379,c9614cfb18a953ae,True,1.0,1.0,1.0,1.0,1.0,1.0,1.0
380,a8da6565d00e514a,True,1.0,1.0,0.7928808076455711,1.0,1.0,1.0,0.9137003365189879
381,17329d8654895534,True,1.0,1.0,0.9712796882417197,1.0,1.0,1.0,0.9880332034340499
382,113d448b6ea8555c,True,1.0,1.0,1.0,1.0,1.0,1.0,1.0
383,c0a12f1497045322,True,1.0,1.0,0.8447240959127773,1.0,1.0,1.0,0.935301706630324
384,df2ff4c2c9785df6,True,1.0,1.0,0.8575986065634424,1.0,1.0,1.0,0.940666086068101
385,54ab49005da25b3e,True,1.0,1.0,0.6079035228887736,1.0,1.0,1.0,0.8366264678703224
386,2c5ed5662dfb5ee9,True,0.0,1.0,0.0,0.0,1.0,1.0,0.0
387,14b25ce243865457,True,1.0,1.0,0.9367546488621639,1.0,1.0,1.0,0.9736477703592349
388,fc0a59dcf9d75219,True,1.0,1.0,0.6532436008410247,1.0,1.0,1.0,0.8555181670170936
389,048eb7efa08354e3,True,1.0,1.0,0.9108088414983312,1.0,1.0,1.0,0.9628370172909714
390,4127ff2cfd615955,True,1.0,1.0,1.0,0.0,1.0,1.0,0.5833333333333334
391,e5b0b2c83a395163,True,1.0,1.0,1.0,0.0,1.0,1.0,0.5833333333333334
392,d88f286835b95ff3,True,1.0,1.0,1.0,1.0,1.0,1.0,1.0
393,e4f34d35c8fd5fd2,True,1.0,1.0,0.8737901874629228,0.0,1.0,1.0,0.5307459114428845
394,bf72d4d6b25f5b27,True,1.0,1.0,0.9789709385523504,1.0,1.0,1.0,0.9912378910634794
395,d39ff27c54d55ef1,True,1.0,1.0,0.9610505512774128,1.0,1.0,1.0,0.9837710630322554
396,a97ceb2edd0251f9,True,1.0,1.0,0.9024116428182688,1.0,1.0,1.0,0.959338184507612
397,14b839d065b358d0,True,0.5,1.0,0.752328503621014,0.0,1.0,1.0,0.24006843825437793
398,76f053cb2f8851c7,True,1.0,1.0,1.0,1.0,1.0,1.0,1.0
399,c5b585ddf50d5f1f,True,1.0,1.0,1.0,1.0,1.0,1.0,1.0
400,62735179d4f258ea,True,1.0,1.0,0.7561431063553267,1.0,1.0,1.0,0.898392960981386
401,62013ac84b3a57e5,True,1.0,1.0,0.8431719744612107,1.0,1.0,1.0,0.9346549893588377
402,f1cc8f05115d5db6,True,1.0,1.0,0.28842630330162816,1.0,1.0,1.0,0.7035109597090118
403,6884907db45c5cad,True,1.0,1.0,0.99682742923761,1.0,1.0,1.0,0.9986780955156709
404,e3ef42c62ba2595b,True,1.0,1.0,1.0,1.0,1.0,1.0,1.0
405,695beb73604159b7,True,1.0,1.0,1.0,1.0,1.0,1.0,1.0
406,660e14c77a1c550b,True,1.0,0.0,0.0,1.0,1.0,1.0,0.0
407,f51a75fadd695f06,True,1.0,1.0,0.7494593073307488,1.0,1.0,1.0,0.8956080447211453
408,4b04d67c77455726,True,1.0,1.0,0.15932026106585181,1.0,1.0,1.0,0.649716775444105
409,c2116c7a0b15556d,True,1.0,1.0,0.8799365784659644,1.0,1.0,1.0,0.9499735743608184
410,62eac0a6b7e05fbf,True,1.0,1.0,1.0,1.0,1.0,1.0,1.0
411,4c5c196977b255f5,True,1.0,0.0,0.0,0.0,1.0,1.0,0.0
412,a523d2a173855e96,True,1.0,1.0,1.0,1.0,1.0,1.0,1.0
413,87a5fd24e88d5e0a,True,1.0,1.0,0.7059939150997676,1.0,1.0,1.0,0.8774974646249033
414,a1ff2db262ab5db7,True,1.0,1.0,0.913236406203819,1.0,1.0,1.0,0.9638485025849245
415,3346340e1c275766,True,1.0,0.0,0.0,1.0,1.0,1.0,0.0
416,402ec186b8ea545e,True,1.0,0.0,0.0,1.0,1.0,1.0,0.0
417,bbc93f086726531e,True,1.0,1.0,0.9705214814681198,1.0,1.0,1.0,0.98771728394505
418,488dd191f7dc59a8,True,1.0,1.0,0.84567607667088,1.0,1.0,1.0,0.9356983652795333
419,d2098ab3fc1953b3,True,1.0,1.0,1.0,1.0,1.0,1.0,1.0
420,55a8886514eb5c1b,True,1.0,1.0,1.0,1.0,1.0,1.0,1.0
421,540ec2943ea050c9,True,0.0,1.0,0.0,0.0,1.0,1.0,0.0
422,d5ea47f2ec1550b2,True,1.0,1.0,0.8994232494281904,1.0,1.0,1.0,0.9580930205950793
423,08e03654c0ca5151,True,1.0,1.0,1.0,1.0,1.0,1.0,1.0
424,9d0ff46ac79e5e0b,True,1.0,1.0,0.7817946842286059,1.0,1.0,1.0,0.9090811184285857
425,3a4e9626c9aa5fa0,True,1.0,1.0,0.9609390434224416,1.0,1.0,1.0,0.9837246014260174
426,571bb034360052d9,True,1.0,1.0,1.0,1.0,1.0,1.0,1.0
427,11bf2d4580ab5bc2,True,1.0,1.0,0.7626465770058777,1.0,1.0,1.0,0.9011027404191158
428,b4914b3d729357d1,True,1.0,1.0,0.996543604331175,1.0,1.0,1.0,0.9985598351379895
429,53f754a75b955383,True,1.0,1.0,1.0,1.0,1.0,1.0,1.0
430,089e8e85fb9b5f6c,True,1.0,0.0,0.0,1.0,1.0,0.0,0.0
431,eb7ed87b4ef65273,True,1.0,1.0,1.0,1.0,1.0,1.0,1.0
432,121b6c8a61d85945,True,1.0,1.0,0.6310612539214931,1.0,1.0,1.0,0.8462755224672888
433,e3caf69e02f857ba,True,1.0,1.0,0.7532246730332743,1.0,1.0,1.0,0.8971769470971976
434,c84475f2d8475f9d,True,1.0,1.0,0.9013188880307921,1.0,1.0,1.0,0.9588828700128301
435,3ae409424da65443,True,1.0,1.0,1.0,1.0,1.0,1.0,1.0
436,52d9d533ca4e5980,True,1.0,1.0,0.5180493494634355,1.0,1.0,1.0,0.7991872289430981
437,9b58f5bd4e995a93,True,1.0,1.0,1.0,1.0,1.0,1.0,1.0
438,9326163d4c9c5d16,True,1.0,1.0,0.9759073999404364,1.0,1.0,0.0,0.9899614166418486
439,9b16e4fea2c25446,True,1.0,1.0,0.822291719756559,1.0,1.0,1.0,0.9259548832318996
440,ef4e7ef102395420,True,1.0,1.0,1.0,0.0,1.0,1.0,0.5833333333333334
441,2abac20522fb5014,True,1.0,1.0,0.9806661741864929,1.0,1.0,1.0,0.991944239244372
442,1e4f2f231ac0540e,True,1.0,1.0,0.8257822473911058,1.0,1.0,1.0,0.9274092697462941
443,7900996a42f35f67,True,1.0,0.0,0.0,1.0,1.0,0.5,0.0
444,16d4141f073d52f1,True,1.0,1.0,1.0,1.0,1.0,0.0,1.0
445,fccef3d0f5cc5d8e,True,1.0,1.0,1.0,1.0,1.0,1.0,1.0
446,bb30019d8f645e62,True,1.0,0.0,0.0,1.0,1.0,1.0,0.0
447,85164858b3e55841,True,1.0,1.0,0.8775305726373396,1.0,1.0,1.0,0.9489710719322249
448,0d50bb8976e45ea7,True,1.0,0.0,0.0,1.0,1.0,1.0,0.0
449,c1c3bb73344c593a,True,1.0,1.0,0.7767018490373498,1.0,1.0,1.0,0.9069591037655624
450,09a81436114951ab,True,1.0,1.0,0.9157596837414529,1.0,1.0,1.0,0.9648998682256055
451,488822d6447b5b58,True,1.0,1.0,0.7334525430564942,1.0,1.0,1.0,0.8889385596068725
452,cc063cc1396551a6,True,1.0,1.0,0.8439957009696454,1.0,1.0,1.0,0.9349982087373522
453,9170b75b8a3f527f,True,1.0,0.0,0.0,1.0,1.0,1.0,0.0
454,0855e09733fe5445,True,1.0,0.0,0.0,1.0,1.0,1.0,0.0
455,c887e4bc08f85aa5,True,1.0,1.0,1.0,0.0,1.0,1.0,0.5833333333333334
456,ee95e29e1aec53e1,True,1.0,1.0,0.8783936776434051,1.0,1.0,1.0,0.9493306990180855
457,cd89b212efe9585a,True,1.0,1.0,1.0,1.0,1.0,1.0,1.0
458,56b80cb2ca2c5983,True,1.0,1.0,0.6148679209763035,1.0,1.0,1.0,0.8395283004067932
459,610271d0c1515c8c,True,1.0,1.0,0.5431343177468071,1.0,1.0,1.0,0.8096392990611697
460,c62dafe55b9d538d,True,1.0,1.0,1.0,1.0,1.0,1.0,1.0
461,bed7a2c445315bb7,True,1.0,1.0,0.720812576847121,1.0,1.0,1.0,0.8836719070196337
462,9695a17335715894,True,1.0,1.0,0.8089881810990864,1.0,1.0,1.0,0.9204117421246193
463,7d40448fd04e5e28,True,1.0,1.0,1.0,1.0,1.0,1.0,1.0
464,b999dd3826b058a7,True,1.0,1.0,0.6217424393994875,1.0,1.0,1.0,0.8423926830831198
465,5a7633ce22365440,True,1.0,1.0,0.7156464612535892,1.0,1.0,1.0,0.8815193588556621
466,c06c4ffcf72653a5,True,1.0,1.0,1.0,1.0,1.0,1.0,1.0
467,3f2cec87b5ad5d96,True,1.0,0.0,0.0,0.0,1.0,1.0,0.0
468,bf4d95ea76b75de7,True,1.0,1.0,0.833662632873901,1.0,1.0,1.0,0.9306927636974587
469,541d2d0ac174524b,True,1.0,1.0,0.573399129630188,1.0,1.0,1.0,0.8222496373459117
470,9f3b77fe8cd3541c,True,1.0,1.0,0.8842418898272607,1.0,1.0,1.0,0.9517674540946919
471,b156e8110afb5efd,True,1.0,1.0,0.8652203178238171,1.0,1.0,1.0,0.9438417990932572
472,c6319bbc03fb57d0,True,1.0,1.0,0.6448690631473325,1.0,1.0,1.0,0.8520287763113886
473,4201a91014c852a8,True,1.0,1.0,0.9253665994988068,1.0,1.0,1.0,0.9689027497911695
474,1862fb50f5b0518a,True,1.0,1.0,1.0,0.0,1.0,0.0,0.5833333333333334
475,16ac515a3ba45d76,True,1.0,0.0,0.0,1.0,1.0,1.0,0.0
476,f874757c4b46591b,True,1.0,1.0,1.0,1.0,1.0,1.0,1.0
477,35b810aad36b553a,True,1.0,0.0,0.0,1.0,1.0,1.0,0.0
478,bf4c97f6024b5029,True,1.0,1.0,0.9446229674691625,1.0,1.0,1.0,0.9769262364454844
479,313a7a6feb1c5490,True,1.0,1.0,0.7532450652501348,1.0,1.0,1.0,0.8971854438542227
480,a3c54d0e80375911,True,1.0,1.0,1.0,1.0,1.0,1.0,1.0
481,7a1b61727c255889,True,1.0,1.0,0.7358593045851853,1.0,1.0,1.0,0.8899413769104939
482,d6fc32608ecc581c,True,1.0,1.0,0.7748360714879806,1.0,1.0,1.0,0.9061816964533252
483,fcb45b2aa29356d9,True,1.0,1.0,1.0,1.0,1.0,1.0,1.0
484,43b78800618758d9,True,1.0,1.0,0.8729051326858547,1.0,1.0,1.0,0.9470438052857727
485,695d7450eb3958c1,True,1.0,1.0,0.7387340268065076,1.0,1.0,1.0,0.8911391778360448
486,5380625bddba59a2,True,1.0,1.0,1.0,1.0,1.0,1.0,1.0
487,e2e2578cd6b6505f,True,1.0,1.0,0.7652068097707214,1.0,1.0,1.0,0.9021695040711339
488,a93fa498bfbf5fb8,True,1.0,1.0,0.7334739203728581,1.0,1.0,1.0,0.8889474668220242
489,8396adcdedb55337,True,1.0,1.0,0.5256023883591935,1.0,1.0,1.0,0.8023343284829973
490,86feb30b850f5ff2,True,1.0,0.0,0.0,0.0,1.0,1.0,0.0
491,cbdda157b6705786,True,1.0,1.0,0.6236184203989624,1.0,1.0,1.0,0.843174341832901
492,bf1370df23cf5118,True,1.0,1.0,0.8324598394569698,1.0,1.0,1.0,0.9301915997737374
493,ae73a52a1a5d54ac,True,1.0,1.0,1.0,1.0,1.0,1.0,1.0
494,4bc54773ae245d10,True,1.0,1.0,1.0,1.0,1.0,1.0,1.0
495,8a4a0c6823cd5e33,True,1.0,1.0,0.9787768378086553,1.0,1.0,0.5,0.9911570157536064
496,dd1ab5d48c6358ef,True,1.0,1.0,0.8408719851281956,0.0,1.0,1.0,0.5170299938034149
497,6b183b48b7175f38,True,1.0,1.0,0.7872980882198998,1.0,1.0,1.0,0.9113742034249582
498,d71f89f4f6e350b8,True,1.0,1.0,0.9864160696467094,1.0,1.0,1.0,0.9943400290194623
499,b30e51044c885122,True,1.0,1.0,1.0,1.0,1.0,1.0,1.0
500,cb1d400e9da85f43,True,1.0,1.0,1.0,1.0,1.0,1.0,1.0
501,23f357c023c2584f,True,1.0,1.0,0.600695287454271,1.0,1.0,1.0,0.8336230364392797
502,f9b3a9c625905d77,True,1.0,1.0,0.9782930993992217,1.0,1.0,1.0,0.990955458083009
503,7bcc91de36385afe,True,1.0,1.0,0.7786135728299439,1.0,1.0,1.0,0.9077556553458099
504,d1d1cb2c2a5b5a29,True,1.0,1.0,0.9411497845228161,0.0,1.0,1.0,0.55881241021784
505,c35f0df7bfdb5140,True,0.0,1.0,0.0,0.0,1.0,1.0,0.0
506,3febbde773f15b51,True,1.0,1.0,1.0,1.0,1.0,1.0,1.0
507,5e8d717cc46a5988,True,1.0,1.0,1.0,1.0,1.0,1.0,1.0
508,d9560f4ad686510f,True,1.0,1.0,0.6181898989258062,1.0,1.0,1.0,0.8409124578857526
509,9bfa838de21f5d25,True,1.0,1.0,0.8212721635177809,1.0,1.0,0.5,0.9255300681324087
510,b4176d2246d452ea,True,1.0,1.0,1.0,1.0,1.0,1.0,1.0
511,5975a1af11e25fe4,True,1.0,1.0,1.0,1.0,1.0,1.0,1.0
512,6b68c09f87b85dc8,True,1.0,1.0,1.0,1.0,1.0,1.0,1.0
513,7021139b47cf5370,True,1.0,1.0,0.8641668351052938,1.0,1.0,1.0,0.9434028479605391
514,5f4ad64db9ac5419,True,1.0,1.0,1.0,0.0,1.0,1.0,0.5833333333333334
515,86e394f2cb345082,True,0.0,1.0,0.0,0.0,1.0,1.0,0.0
516,30a0f5cf9ab95eee,True,1.0,1.0,0.8685856011997509,1.0,1.0,1.0,0.9452440004998962
517,83b935eff1815935,True,1.0,1.0,0.9021220684531674,1.0,1.0,1.0,0.959217528522153
518,9d7030a6966b54cd,True,1.0,1.0,1.0,1.0,1.0,1.0,1.0
519,89df824d0cfd525e,True,1.0,1.0,0.7169843267767398,1.0,1.0,1.0,0.8820768028236415
520,e36e9da57e1e5e32,True,1.0,1.0,0.6331658126621416,1.0,1.0,1.0,0.847152421942559
521,09d424ddf3a558b3,True,1.0,1.0,1.0,1.0,1.0,1.0,1.0
522,1faa29a936cd5277,True,1.0,0.0,0.0,1.0,1.0,1.0,0.0
523,94e8a92d53635c38,True,1.0,1.0,1.0,1.0,1.0,1.0,1.0
524,6d7ca07eac51558e,True,1.0,1.0,1.0,1.0,1.0,1.0,1.0
525,40ffdefe6d2f541a,True,1.0,1.0,0.8931033229381641,1.0,1.0,1.0,0.9554597178909017
526,88e453ca4644586f,True,1.0,0.0,0.0,1.0,1.0,1.0,0.0
527,5c934edce20758e5,True,1.0,1.0,0.8459982904420692,1.0,1.0,1.0,0.9358326210175288
528,2381f042c0855f20,True,1.0,1.0,0.8829913934935496,1.0,1.0,1.0,0.9512464139556457
529,11482ead31545f3a,True,1.0,1.0,1.0,1.0,1.0,1.0,1.0
530,92106b8512315c03,True,1.0,1.0,1.0,1.0,1.0,1.0,1.0
531,be7331d3f05e5d16,True,1.0,1.0,1.0,1.0,1.0,1.0,1.0
532,8cbe3bf8cf9c5718,True,1.0,1.0,0.9878382573456872,1.0,1.0,1.0,0.9949326072273696
533,a7b8ffecd36e5dbc,True,1.0,1.0,0.8774464246230994,1.0,1.0,1.0,0.9489360102596248
534,2818ed317df9550a,True,1.0,1.0,0.9101168921325536,1.0,1.0,1.0,0.9625487050552307
535,2b5dabfa534156c0,True,1.0,1.0,0.9094581830107678,1.0,1.0,1.0,0.9622742429211533
536,424cdafd92f25209,True,1.0,1.0,1.0,1.0,1.0,1.0,1.0
537,e516528c577453a7,True,1.0,1.0,1.0,1.0,1.0,1.0,1.0
538,608913faecb959b4,True,1.0,1.0,0.890197567482482,1.0,1.0,1.0,0.9542489864510341
539,639b55d4b2b65d0a,True,1.0,1.0,0.4765170516677915,1.0,1.0,1.0,0.7818821048615798
540,c5ee24aa8f5059d6,True,1.0,1.0,1.0,1.0,1.0,1.0,1.0
541,150bfebecc525d57,True,1.0,1.0,1.0,1.0,1.0,1.0,1.0
542,254290b4b4a35869,True,1.0,1.0,1.0,0.0,1.0,1.0,0.5833333333333334
543,93ff1c769e6f5507,True,1.0,0.0,0.0,1.0,1.0,0.0,0.0
544,431840d399445a32,True,1.0,1.0,0.7693121722989018,1.0,1.0,1.0,0.9038800717912091
545,b02be1e28abb59f1,True,1.0,1.0,0.7379479281856092,1.0,1.0,1.0,0.8908116367440039
546,747f309bac56509f,True,1.0,1.0,0.9094935623525745,1.0,1.0,1.0,0.9622889843135726
547,4334739a7f4e554e,True,1.0,1.0,1.0,1.0,1.0,1.0,1.0
548,bf8b8714f63d5642,True,1.0,1.0,0.8722318592501793,1.0,1.0,1.0,0.9467632746875747
549,02379e524f105926,True,1.0,1.0,1.0,1.0,1.0,1.0,1.0
550,3e0511dc69b85b75,True,1.0,1.0,0.9051167065055244,1.0,1.0,1.0,0.9604652943773019
551,69ddc43178e9572a,True,1.0,1.0,1.0,1.0,1.0,1.0,1.0
552,248288deae795ad8,True,1.0,1.0,0.9409732274312046,1.0,1.0,1.0,0.9754055114296686
553,2fb12c4c2eec5b8d,True,1.0,1.0,1.0,1.0,1.0,1.0,1.0
554,07064359a6215354,True,1.0,1.0,0.915402271793834,1.0,1.0,1.0,0.9647509465807641
555,2f1edc1ab2b55b05,True,1.0,1.0,0.8419405035469115,1.0,1.0,1.0,0.9341418764778798
556,9a00d37375a95d7e,True,1.0,1.0,0.5486756439269491,1.0,1.0,1.0,0.8119481849695621
557,cdfc50d75d0c56df,True,1.0,1.0,1.0,1.0,1.0,1.0,1.0
558,e9a26f1753a85a88,True,1.0,1.0,1.0,1.0,1.0,1.0,1.0
559,9d32436291335261,True,1.0,1.0,1.0,1.0,1.0,1.0,1.0
560,a30baeb5294658b3,True,1.0,0.0,0.0,1.0,1.0,1.0,0.0
561,6dfed7a32cf45d59,True,1.0,1.0,1.0,0.0,1.0,1.0,0.5833333333333334
562,7015bc44f34252f4,True,1.0,1.0,1.0,1.0,1.0,1.0,1.0
563,eaf08861a02351a5,True,1.0,1.0,1.0,1.0,1.0,1.0,1.0
564,008144fe47ac5f74,True,1.0,1.0,0.719686786226595,1.0,1.0,1.0,0.8832028275944146
565,b56a66ac853c56e9,True,1.0,1.0,0.6606590786428467,1.0,1.0,1.0,0.8586079494345195
566,111cb2c23a325817,True,1.0,1.0,0.7610376455626342,1.0,1.0,1.0,0.9004323523177643
567,230ab732c0d65fb3,True,1.0,1.0,1.0,1.0,1.0,0.5,1.0
568,516c42e0454456b6,True,1.0,1.0,0.9593818903400646,1.0,1.0,1.0,0.9830757876416936
569,8c554c3017d05e9b,True,1.0,1.0,0.8568962353566904,1.0,1.0,1.0,0.940373431398621
570,1537a74401845849,True,1.0,1.0,0.6103605408383951,1.0,1.0,1.0,0.8376502253493312
571,9a15d775514e5018,True,1.0,1.0,0.7127290465660588,1.0,1.0,1.0,0.8803037694025245
572,030c27139f7d57a4,True,1.0,1.0,0.723334464843079,1.0,1.0,1.0,0.8847226936846163
573,0208ed2202af56b2,True,1.0,1.0,0.8273750286107525,1.0,1.0,1.0,0.9280729285878135
574,abb5501b10e65b19,True,1.0,1.0,1.0,1.0,1.0,1.0,1.0
575,dd2b5010e1d25d72,True,1.0,1.0,0.8625798368503245,1.0,1.0,1.0,0.9427415986876353
576,f2dd261c41755967,True,1.0,1.0,0.7864101069188063,1.0,1.0,1.0,0.9110042112161693
577,d4d21ecb8e4058e8,True,1.0,1.0,1.0,1.0,1.0,1.0,1.0
578,67c138fc9ac459b5,True,1.0,1.0,0.7967859536653861,1.0,1.0,1.0,0.9153274806939109
579,342596d95a475bed,True,1.0,1.0,0.9834745490767468,1.0,1.0,0.5,0.9931143954486444
580,ae46065dc9ce55b1,True,0.0,1.0,0.0,0.0,1.0,1.0,0.0
581,959a7f2070f551e9,True,1.0,1.0,0.7785343831641646,1.0,1.0,1.0,0.9077226596517353
582,132ea05c88d355ca,True,1.0,1.0,0.8092420783151658,1.0,1.0,1.0,0.9205175326313192
583,d58fe7e3c5575f27,True,1.0,1.0,1.0,1.0,1.0,1.0,1.0
584,3e7237c8a7815648,True,1.0,1.0,1.0,1.0,1.0,1.0,1.0
585,0b9a48e2b0d351b9,True,1.0,1.0,1.0,1.0,1.0,1.0,1.0
586,580004d79c9b53b8,True,1.0,1.0,0.8470008146897909,1.0,1.0,1.0,0.9362503394540796
587,9ca89d773ed651ab,True,1.0,1.0,0.8004778017906802,1.0,1.0,1.0,0.9168657507461168
588,14c000d2a271534a,True,1.0,1.0,1.0,1.0,1.0,1.0,1.0
589,f3493d3b23cd55c2,True,1.0,1.0,0.7364076950790169,1.0,1.0,1.0,0.8901698729495905
590,f0cdcc3967335c01,True,1.0,1.0,1.0,1.0,1.0,1.0,1.0
591,8b0d50e645eb5ac7,True,1.0,1.0,0.6148557084372506,1.0,1.0,1.0,0.8395232118488544
592,84409129e8075bca,True,1.0,1.0,0.9752757866339462,1.0,1.0,1.0,0.9896982444308109
593,9873c047e9155996,True,1.0,1.0,0.7321349463704786,1.0,1.0,1.0,0.8883895609876994
594,d6b5646287065fa8,True,1.0,1.0,0.7085670983473479,1.0,1.0,1.0,0.8785696243113948
595,6f07313e88ab56fd,True,1.0,1.0,0.86709445453603,1.0,1.0,1.0,0.9446226893900125
596,ea789512f1be5a47,True,1.0,1.0,1.0,1.0,1.0,1.0,1.0
597,4631b80af7fb5f2f,True,1.0,1.0,1.0,1.0,1.0,1.0,1.0
598,65130561cbfb567a,True,1.0,1.0,1.0,1.0,1.0,1.0,1.0
599,d2f121776fd05b4b,True,1.0,1.0,1.0,1.0,1.0,1.0,1.0
600,3a161e0999b15823,True,1.0,1.0,0.7662146213184897,1.0,1.0,1.0,0.9025894255493707
601,c2eecf5cfe46536f,True,1.0,1.0,1.0,1.0,1.0,1.0,1.0
602,26af85cbc2d15e05,True,1.0,1.0,0.9547967752313541,1.0,1.0,1.0,0.9811653230130641
603,93c82496dc8e59c5,True,1.0,1.0,1.0,1.0,1.0,1.0,1.0
604,b841de24ffcb5c87,True,1.0,1.0,0.8624038300845863,1.0,1.0,1.0,0.9426682625352442
605,491a9b7a44225a75,True,0.0,1.0,0.0,0.0,1.0,1.0,0.0
606,f9bd532e790f53ea,True,1.0,1.0,0.9320288486759356,1.0,1.0,1.0,0.9716786869483065
607,c388df5240dd5f6c,True,1.0,1.0,0.7687670829936731,1.0,1.0,1.0,0.9036529512473638
608,0ba42ee3c2555502,True,1.0,1.0,0.7144525333661632,1.0,1.0,1.0,0.881021888902568
609,70da6b21101d555f,True,1.0,0.0,0.0,0.0,1.0,1.0,0.0
610,b9c124bdb19956b7,True,1.0,1.0,0.814349340500789,1.0,1.0,1.0,0.9226455585419954
611,2e508e23f47d5f96,True,1.0,1.0,0.9135201652185522,0.0,1.0,1.0,0.5473000688410634
612,d83c3b7416f3577e,True,1.0,1.0,0.8435522451955753,1.0,1.0,1.0,0.9348134354981563
613,873e300af5a95bf2,True,1.0,1.0,0.9562375937197782,1.0,1.0,1.0,0.9817656640499076
614,e3f62a1acf9d565e,True,1.0,1.0,1.0,1.0,1.0,1.0,1.0
615,48f9e483baaf58a0,True,1.0,1.0,0.5827395931041721,1.0,1.0,1.0,0.8261414971267383
616,846863e9cd7059c5,True,1.0,1.0,1.0,1.0,1.0,1.0,1.0
617,b12faa3892185d8f,True,1.0,1.0,0.5548265923929757,1.0,1.0,1.0,0.81451108016374
618,963a72ef9c615033,True,1.0,1.0,0.9596268585806265,0.0,1.0,1.0,0.566511191075261
619,134a3394c9b756d9,True,1.0,1.0,0.9961110130204215,1.0,1.0,1.0,0.998379588758509
620,3ff5c9a5bd155bb2,True,1.0,1.0,1.0,1.0,1.0,1.0,1.0
621,bc63d7f1ab7759ee,True,1.0,1.0,0.9254844916888539,1.0,1.0,1.0,0.9689518715370223
622,e83be8437b0c5862,True,1.0,1.0,1.0,1.0,1.0,1.0,1.0
623,8c2841e7cecf5047,True,1.0,1.0,0.7850403504339457,1.0,1.0,1.0,0.9104334793474774
624,324b5f24fb0c5f3f,True,1.0,1.0,0.7169088303553474,1.0,1.0,1.0,0.8820453459813947
625,7a3e5ab8218e550f,True,1.0,0.0,0.0,1.0,1.0,0.0,0.0
626,02e3e6d3ecfc5240,True,1.0,1.0,0.6558944583358861,1.0,1.0,1.0,0.8566226909732859
627,dcf89e4b93ba5fbe,True,0.0,1.0,0.0,0.0,1.0,1.0,0.0
628,00185dab0ba153b9,True,1.0,1.0,0.971046442248919,1.0,1.0,1.0,0.9879360176037162
629,388181311ef25756,True,1.0,1.0,1.0,1.0,1.0,1.0,1.0
630,15b25b99cf2d5965,True,1.0,1.0,1.0,1.0,1.0,1.0,1.0
631,bde15534dcdc5933,True,1.0,1.0,1.0,1.0,1.0,1.0,1.0
632,4b9627827aff5013,True,1.0,1.0,0.9538347279757622,1.0,1.0,1.0,0.980764469989901
633,bcb48691833d5afe,True,1.0,1.0,1.0,1.0,1.0,1.0,1.0
634,239cb4818dc458fd,True,1.0,1.0,1.0,1.0,1.0,1.0,1.0
635,7eb33ecbb32d5a60,True,1.0,1.0,1.0,1.0,1.0,1.0,1.0
636,2c21ad85949653a6,True,1.0,1.0,1.0,1.0,1.0,1.0,1.0
637,63c145828c3b5fd8,True,1.0,1.0,0.6797334894860567,1.0,1.0,1.0,0.8665556206191903
638,2ef107f7be2351a5,True,1.0,1.0,0.9278176591360892,1.0,1.0,1.0,0.969924024640037
639,8ed81a3cabde5dcf,True,1.0,1.0,0.8491150556019702,1.0,1.0,1.0,0.9371312731674877
640,e668948b1c0f5b82,True,1.0,1.0,1.0,1.0,1.0,1.0,1.0
641,f191de4360a35ad8,True,1.0,1.0,0.6284466098838218,1.0,1.0,1.0,0.8451860874515925
642,3d2f4a8fb8b55572,True,1.0,1.0,0.8251804249740959,1.0,1.0,1.0,0.9271585104058734
643,f4f1692fee475afa,True,1.0,1.0,0.8879188460372338,1.0,1.0,1.0,0.9532995191821808
644,2b006c0fae365892,True,1.0,1.0,1.0,1.0,1.0,1.0,1.0
645,24429c08a8375061,True,1.0,1.0,0.8216246000007229,1.0,1.0,1.0,0.9256769166669679
646,0d2403a8031f540c,True,1.0,1.0,1.0,1.0,1.0,1.0,1.0
647,34e7c93be2465f25,True,1.0,1.0,0.46843192697522823,1.0,1.0,1.0,0.7785133029063451
648,46320fa2dc795a5a,True,1.0,1.0,1.0,1.0,1.0,1.0,1.0
649,d12fdbd7f3265051,True,1.0,1.0,0.8833499053527911,1.0,1.0,1.0,0.9513957938969962
650,dc6df220730c599a,True,1.0,1.0,0.8689468587877838,1.0,1.0,1.0,0.9453945244949099
651,0573408e3cfb5130,True,1.0,1.0,1.0,0.0,1.0,1.0,0.5833333333333334
652,b50cf2a689a55433,True,1.0,1.0,0.9200216780739657,1.0,1.0,1.0,0.9666756991974857
653,2002780575295bdc,True,0.0,1.0,0.0,0.0,1.0,1.0,0.0
654,cb61b4237ad25a7c,True,1.0,1.0,0.9130333169418026,1.0,1.0,1.0,0.9637638820590845
655,8d06ea883e7853a9,True,1.0,1.0,0.7602348377585999,1.0,1.0,1.0,0.9000978490660833
656,d9c700e9e21b50ba,True,1.0,1.0,0.36460924352264246,1.0,1.0,1.0,0.7352538514677677
657,166d08e80654527d,True,1.0,1.0,1.0,1.0,1.0,1.0,1.0
658,4efe0ad78b655ecd,True,1.0,0.0,0.0,1.0,1.0,1.0,0.0
659,c23c39c3fedd5bfa,True,1.0,1.0,0.9307259264724739,1.0,1.0,1.0,0.9711358026968641
660,8d8f5c8c6c29525c,True,1.0,1.0,0.8086216426338608,1.0,1.0,1.0,0.9202590177641087
661,44324a7aa04f5501,True,1.0,1.0,0.8603015169689846,1.0,1.0,1.0,0.9417922987370769
662,8164612a623156ae,True,1.0,1.0,1.0,1.0,1.0,1.0,1.0
663,7766bcc52078528c,True,1.0,1.0,1.0,1.0,1.0,1.0,1.0
664,8df6c22946e5526d,True,1.0,1.0,1.0,1.0,1.0,1.0,1.0
665,5e5b6eaacd3f5bdd,True,0.0,1.0,0.0,0.0,1.0,1.0,0.0
666,f7103dfe59a959be,True,1.0,1.0,1.0,1.0,1.0,1.0,1.0
667,22642c0ae9605891,True,1.0,1.0,1.0,1.0,1.0,1.0,1.0
668,c9968e9ec0135b9d,True,1.0,1.0,1.0,1.0,1.0,1.0,1.0
669,cda41068b4b65ae0,True,1.0,0.0,0.0,1.0,1.0,1.0,0.0
670,8869a2f03bbd5570,True,1.0,1.0,1.0,1.0,1.0,1.0,1.0
671,b00afb2388cd5007,True,1.0,1.0,1.0,1.0,1.0,1.0,1.0
672,00b838c358175255,True,1.0,1.0,0.8648084581948722,1.0,1.0,1.0,0.9436701909145301
673,de664d2cb249576d,True,1.0,1.0,0.8992076710707634,1.0,1.0,1.0,0.9580031962794848
674,2e037aeeebce56df,True,1.0,1.0,0.716195764629194,1.0,1.0,1.0,0.8817482352621641
675,4dde36d102a4526b,True,1.0,1.0,1.0,1.0,1.0,1.0,1.0
676,18d63cca5ad554d2,True,1.0,1.0,0.8507358699684733,1.0,1.0,1.0,0.9378066124868639
677,de62001a07db556c,True,1.0,1.0,0.9220925201282135,1.0,1.0,1.0,0.9675385500534223
678,b5b7e0338624532b,True,1.0,1.0,1.0,1.0,1.0,1.0,1.0
679,3984225e4458525b,True,1.0,1.0,0.8458359263903203,1.0,1.0,1.0,0.9357649693293002
680,f860a73be2cd5fe5,True,1.0,1.0,0.22681520110218636,1.0,1.0,1.0,0.6778396671259109
681,cfb755b8d37458ac,True,1.0,1.0,0.8032698382201854,0.0,1.0,1.0,0.501362432591744
682,2620b03dcfcc567b,True,1.0,1.0,0.8247812150527383,1.0,1.0,1.0,0.9269921729386409
683,d9b577262eed5ceb,True,1.0,1.0,1.0,1.0,1.0,1.0,1.0
684,d46f1077421c5c75,True,1.0,1.0,0.8745944378359793,1.0,1.0,1.0,0.9477476824316581
685,ce6eb4e00dac5ae3,True,1.0,1.0,0.9343726033607507,1.0,1.0,1.0,0.9726552514003127
686,daf715295e7d576b,True,1.0,1.0,1.0,1.0,1.0,1.0,1.0
687,09cd7b3746d65a79,True,1.0,1.0,0.9955159939197729,1.0,1.0,1.0,0.9981316641332386
688,f3a61425920f57a7,True,1.0,1.0,1.0,0.0,1.0,1.0,0.5833333333333334
689,14b270ee5a395ea9,True,1.0,1.0,0.9072609920294683,1.0,1.0,1.0,0.961358746678945
690,ae878998fecb50a5,True,1.0,1.0,0.051463642084258084,1.0,1.0,1.0,0.6047765175351075
691,179ca3af622e5e0d,True,0.0,1.0,0.0,0.0,1.0,1.0,0.0
692,6dfba05513f05909,True,1.0,1.0,0.5907551072279389,1.0,1.0,1.0,0.8294812946783079
693,2e883a72b2895d7c,True,1.0,1.0,0.9085662012094582,1.0,1.0,1.0,0.9619025838372742
694,dcd3886f044a5e29,True,1.0,1.0,0.8941956814142896,1.0,1.0,1.0,0.9559148672559541
695,038e954a77a95537,True,1.0,1.0,1.0,1.0,1.0,1.0,1.0
696,43ef28a235035eac,True,1.0,1.0,1.0,1.0,1.0,1.0,1.0
697,4fbdc88ce3f75540,True,1.0,1.0,0.8698600683857091,1.0,1.0,1.0,0.9457750284940455
698,2e90da117016561c,True,1.0,1.0,1.0,1.0,1.0,1.0,1.0
699,535e19c081ec5c28,True,1.0,1.0,0.9099531883427842,0.0,1.0,1.0,0.5458138284761601
700,d68dba02509b50a3,True,1.0,1.0,0.8309130356558764,0.0,1.0,0.5,0.5128804315232819
701,76b708c365e45536,True,1.0,1.0,0.8320825374153172,1.0,1.0,1.0,0.9300343905897156
702,3af1019a97d959fa,True,1.0,1.0,1.0,1.0,1.0,1.0,1.0
703,0a21cbc65e5b514f,True,1.0,1.0,0.7529416960219655,1.0,1.0,1.0,0.8970590400091524
704,71017c020a0b5a75,True,1.0,1.0,0.6334886491471999,1.0,1.0,1.0,0.8472869371446666
705,2e5e4be9579d568d,True,1.0,1.0,0.8990107040308095,1.0,1.0,1.0,0.957921126679504
706,a4ed82240b64533a,True,0.0,1.0,0.0,0.0,1.0,1.0,0.0
707,dee481365b265a2d,True,1.0,1.0,0.7065827290255446,1.0,1.0,1.0,0.8777428037606437
708,30dafbb048775d29,True,1.0,1.0,0.7593494378332166,1.0,1.0,1.0,0.899728932430507
709,39f91a002193578a,True,1.0,1.0,1.0,1.0,1.0,1.0,1.0
710,a1adc0fae78f5a3f,True,1.0,1.0,0.8860911106937328,1.0,1.0,1.0,0.9525379627890554
711,25aab48e050659be,True,1.0,1.0,0.7910470492827619,1.0,1.0,1.0,0.9129362705344842
712,f72d2f080fe35910,True,1.0,1.0,0.9986482621786229,1.0,1.0,1.0,0.9994367759077596
713,b5e7acb62778580b,True,1.0,1.0,0.9949190553683562,1.0,1.0,1.0,0.9978829397368152
714,359f62a656b9586d,True,1.0,1.0,0.881304805090417,1.0,1.0,1.0,0.9505436687876738
715,125a155883e55be7,True,1.0,1.0,0.7942655041834652,1.0,1.0,1.0,0.9142772934097771
716,01e6276eff385ea8,True,1.0,1.0,0.7225668530430133,1.0,1.0,0.5,0.884402855434589
717,6e190fde9f8958f1,True,0.0,1.0,0.0,0.0,1.0,1.0,0.0
718,7af63267db5c5415,True,1.0,1.0,0.6244196628174257,1.0,1.0,1.0,0.8435081928405941
719,51ab6f367130574d,True,1.0,1.0,0.7409418540680468,1.0,1.0,1.0,0.8920591058616862
720,167d6bc7be735e55,True,1.0,1.0,0.997624643961328,1.0,1.0,1.0,0.9990102683172201
721,b0b25b314843551d,True,1.0,1.0,1.0,1.0,1.0,1.0,1.0
722,d1ef1e42fa15573d,True,1.0,1.0,0.7619370030691055,1.0,1.0,1.0,0.9008070846121273
723,8704f4971e305ed3,True,1.0,1.0,1.0,1.0,1.0,1.0,1.0
724,68188bae28595f7c,True,1.0,1.0,1.0,1.0,1.0,1.0,1.0
725,96c8893a610b51ba,True,0.0,1.0,0.0,0.0,1.0,1.0,0.0
726,6de81a38cd7655dd,True,1.0,1.0,1.0,1.0,1.0,1.0,1.0
727,d3d7a91aff375fc5,True,1.0,1.0,0.7464484044650549,1.0,1.0,1.0,0.8943535018604395
728,096d823b664e5972,True,1.0,0.0,0.0,1.0,1.0,1.0,0.0
729,0af3e039185d57f3,True,1.0,1.0,1.0,1.0,1.0,1.0,1.0
730,e82216ae03b05bd4,True,1.0,1.0,1.0,1.0,1.0,1.0,1.0
731,46c8d578ddb55784,True,1.0,1.0,0.8471761747746956,1.0,1.0,1.0,0.9363234061561232
732,d42d0a93b7185161,True,1.0,1.0,0.7213613095408037,1.0,1.0,1.0,0.8839005456420015
733,87da3996575459a8,True,1.0,1.0,0.8078469744298894,1.0,1.0,1.0,0.9199362393457872
734,878665ca715b53d3,True,1.0,1.0,1.0,1.0,1.0,1.0,1.0
735,c962887d22e95f88,True,1.0,1.0,1.0,1.0,1.0,1.0,1.0
736,b4c9294d8e3952b8,True,1.0,1.0,1.0,1.0,1.0,1.0,1.0
737,bb4ca2b147d35b62,True,1.0,0.0,0.0,1.0,1.0,1.0,0.0
738,a1f35d4460345de8,True,1.0,1.0,1.0,1.0,1.0,1.0,1.0
739,f57f56e799be599f,True,1.0,1.0,0.6807650768978846,1.0,1.0,1.0,0.8669854487074519
740,c79b2a28285f5e11,True,1.0,1.0,0.8955906517218769,1.0,1.0,1.0,0.9564961048841155
741,85c0017516e95fdc,True,1.0,1.0,0.9384757583154241,1.0,1.0,1.0,0.9743648992980933
742,1c044069a36c5d4b,True,1.0,1.0,0.7403659535144363,1.0,1.0,1.0,0.8918191472976819
743,5c9063357a725208,True,1.0,1.0,1.0,1.0,1.0,1.0,1.0
744,4e0667aa6ead5e7d,True,1.0,1.0,0.9365318657881966,1.0,1.0,1.0,0.9735549440784151
745,f096ff143e815978,True,1.0,1.0,0.8136514521310672,1.0,1.0,1.0,0.922354771721278
746,5cd75b90a44e5a65,True,0.0,1.0,0.0,0.0,1.0,1.0,0.0
747,e5e00457df055e1a,True,0.0,1.0,0.0,1.0,1.0,1.0,0.0
748,7d5f417c01fb5a87,True,1.0,1.0,0.5265922576037636,1.0,1.0,1.0,0.8027467740015681
749,263367576c285a2a,True,1.0,1.0,1.0,1.0,1.0,1.0,1.0
750,a9f07bb60bd75461,True,1.0,1.0,0.8388488618107353,1.0,1.0,1.0,0.9328536924211397
751,70f3a3d098bf5381,True,0.0,1.0,0.0,0.0,1.0,1.0,0.0
752,fa3c2377e39c52e3,True,1.0,0.0,0.0,1.0,1.0,1.0,0.0
753,68ea9d09300c5886,True,1.0,1.0,1.0,1.0,1.0,1.0,1.0
754,cd0b91f235e25b76,True,1.0,0.0,0.0,1.0,1.0,1.0,0.0
755,302d9a7758625a37,True,1.0,1.0,1.0,1.0,1.0,1.0,1.0
756,1e01550fc9d656d8,True,1.0,1.0,0.7479002819934855,1.0,1.0,1.0,0.894958450830619
757,476ad53b78325ef2,True,1.0,1.0,0.5699865811914147,1.0,1.0,1.0,0.8208277421630895
758,5fd68bb785b258ef,True,1.0,1.0,0.8180964458248127,1.0,1.0,1.0,0.9242068524270053
759,09fda519bc395630,True,1.0,1.0,0.9084879513092039,1.0,1.0,1.0,0.9618699797121684
760,667360ba7d595e46,True,1.0,1.0,0.6722643033610584,1.0,1.0,1.0,0.8634434597337743
761,33ecaddeb5735faf,True,1.0,1.0,0.8819865050758607,1.0,1.0,1.0,0.9508277104482753
762,822d92ab3f13502b,True,1.0,1.0,1.0,0.0,1.0,1.0,0.5833333333333334
763,2e2cc58c9aa450e7,True,1.0,1.0,0.7301109078975654,1.0,1.0,1.0,0.8875462116239855
764,b6765fe7ee17596e,True,1.0,1.0,1.0,1.0,1.0,0.5,1.0
765,d66904f908405550,True,1.0,1.0,1.0,1.0,1.0,1.0,1.0
766,d781ee7dce4a5351,True,1.0,1.0,0.8794693518544258,1.0,1.0,1.0,0.9497788966060107
767,e76e7c89a8935276,True,1.0,1.0,0.8556300904308247,1.0,1.0,1.0,0.9398458710128437
768,1cddfddca0bd560a,True,1.0,1.0,1.0,0.0,1.0,1.0,0.5833333333333334
769,7316c116f05d57a5,True,1.0,1.0,0.8113295128680558,1.0,1.0,1.0,0.9213872970283566
770,d01fec804cd45644,True,1.0,1.0,0.6492798526763192,1.0,1.0,1.0,0.8538666052817997
771,0a954cc695e751ab,True,1.0,1.0,0.7670535507200212,1.0,1.0,1.0,0.9029389794666756
772,e375b42cd83a5bf3,True,1.0,1.0,1.0,1.0,1.0,1.0,1.0
773,8bb7091fe0d959fc,True,1.0,1.0,1.0,1.0,1.0,1.0,1.0
774,b6589175626f5510,True,1.0,1.0,0.6207675235241691,1.0,1.0,1.0,0.8419864681350705
775,875f14a6967d5192,True,1.0,1.0,0.9123914113197991,1.0,1.0,1.0,0.9634964213832496
776,502fadfdde3554b2,True,1.0,1.0,0.6774606414763846,0.0,1.0,0.5,0.44894193394849363
777,dff44219172a5f99,True,1.0,1.0,1.0,1.0,1.0,1.0,1.0
778,090d6a17e77d59b5,True,1.0,1.0,0.9705022024056484,1.0,1.0,1.0,0.9877092510023534
779,0df7b61597705cf2,True,1.0,1.0,0.6084674617505451,1.0,1.0,1.0,0.8368614423960604
780,bf4fdfa51e215217,True,1.0,1.0,0.8608747682186607,1.0,1.0,1.0,0.942031153424442
781,e511376fdf3250e5,True,1.0,1.0,0.8799437308923508,1.0,1.0,1.0,0.9499765545384795
782,4a919f7ea2f65200,True,1.0,0.0,0.0,1.0,1.0,1.0,0.0
783,ea9f070b56115301,True,1.0,1.0,0.9734679077134105,0.0,1.0,1.0,0.5722782948805877
784,d852a7b32d6c5448,True,1.0,1.0,0.8054418697090437,0.0,1.0,1.0,0.5022674457121016
785,5237b49651b35ffb,True,1.0,1.0,1.0,1.0,1.0,1.0,1.0
786,f9ed38d9ddfa531e,True,1.0,0.0,0.0,1.0,1.0,1.0,0.0
787,3bb3a8f506bf5980,True,1.0,1.0,1.0,1.0,1.0,0.0,1.0
788,c4cb19209497505a,True,1.0,1.0,1.0,0.0,1.0,1.0,0.5833333333333334
789,1370cea130165b51,True,1.0,1.0,1.0,1.0,1.0,1.0,1.0
790,9d9aced6d8da5f28,True,1.0,1.0,1.0,0.0,1.0,1.0,0.5833333333333334
791,7d423cc4c7b9541a,True,1.0,1.0,0.682199749710084,1.0,1.0,1.0,0.8675832290458683
792,bc1a3b9fa4ca5000,True,1.0,1.0,1.0,1.0,1.0,1.0,1.0
793,994db6ebee835fbd,True,1.0,1.0,1.0,1.0,1.0,1.0,1.0
794,e18ca78f3c5f5a04,True,1.0,1.0,1.0,1.0,1.0,1.0,1.0
795,876aec35f98a5280,True,1.0,1.0,1.0,1.0,1.0,1.0,1.0
796,ad5284a6be715f10,True,1.0,1.0,0.7327825316522968,0.0,1.0,0.5,0.47199272152179034
797,71ed3e4fcadc5322,True,1.0,1.0,0.6204074965187301,1.0,1.0,1.0,0.8418364568828043
798,f0d6814d23245178,True,1.0,1.0,1.0,1.0,1.0,1.0,1.0
799,5e74b6a61b715f47,True,0.0,1.0,0.0,0.0,1.0,1.0,0.0
800,3e53e34cb63f5d05,True,1.0,1.0,0.7171504224074783,1.0,1.0,1.0,0.8821460093364492
801,cb50b764d69557b9,True,1.0,1.0,1.0,0.0,1.0,1.0,0.5833333333333334
802,f11cf1d1b58454d8,True,1.0,1.0,0.8544724981482583,1.0,1.0,1.0,0.9393635408951075
803,5004df3161065742,True,1.0,1.0,0.6741879720930972,1.0,1.0,1.0,0.8642449883721239
804,8937c2f7a7ac5507,True,1.0,1.0,1.0,1.0,1.0,1.0,1.0
805,e90b4ad6e7905adf,True,1.0,1.0,0.7980574686928573,1.0,1.0,1.0,0.9158572786220239
806,00fcad6d092c5e8e,True,0.0,1.0,0.0,0.0,1.0,0.0,0.0
807,5138bac9ac59508f,True,1.0,1.0,0.573528549074815,1.0,1.0,1.0,0.8223035621145063
808,ef7089ecfb0c5028,True,0.5,0.0,0.0,0.0,1.0,1.0,0.0
809,38d4aa43f5f25eeb,True,1.0,1.0,1.0,1.0,1.0,1.0,1.0
810,ec097e80d5565caa,True,1.0,1.0,0.8469155622905926,1.0,1.0,1.0,0.9362148176210803
811,748d7e95687d5d26,True,1.0,1.0,1.0,1.0,1.0,1.0,1.0
812,cec165c3246d5529,True,1.0,1.0,1.0,1.0,1.0,1.0,1.0
813,2bc38f766c8851fa,True,1.0,1.0,0.8769467457315183,1.0,1.0,0.0,0.948727810721466
814,98e3abe2a38c5156,True,1.0,0.0,0.0,1.0,1.0,1.0,0.0
815,fe9e76e6cac35fba,True,1.0,1.0,1.0,1.0,1.0,1.0,1.0
816,3d0c780c0aba552e,True,1.0,1.0,1.0,1.0,1.0,1.0,1.0
817,239e3ed3199d5ae6,True,1.0,1.0,0.9347998799886553,1.0,1.0,1.0,0.9728332833286064
818,88538f4b41cc5d4a,True,0.0,0.0,0.0,0.0,1.0,0.5,0.0
819,7f2edc964c6d5323,True,1.0,1.0,0.9096003182710748,1.0,1.0,1.0,0.9623334659462811
820,cf62911d4c7c541c,True,1.0,1.0,0.8631697936698822,1.0,1.0,1.0,0.9429874140291176
821,1270261ff182534f,True,1.0,1.0,0.7279526392525055,1.0,1.0,1.0,0.8866469330218774
822,331a4a4334df5c34,True,1.0,1.0,0.5987612341895362,1.0,1.0,1.0,0.8328171809123068
823,2184b01d59d4550c,True,1.0,1.0,1.0,1.0,1.0,1.0,1.0
824,5b4f392698d35a5f,True,1.0,1.0,0.5780489570424264,1.0,1.0,1.0,0.8241870654343444
825,c665621fe4e455cb,True,1.0,1.0,0.9452707871684045,1.0,1.0,1.0,0.9771961613201685
826,61d8eb4fd2395520,True,1.0,0.0,0.0,1.0,1.0,1.0,0.0
827,5d3fbc3605fb5bb9,True,1.0,1.0,0.9818063146369804,1.0,1.0,1.0,0.9924192977654084
828,ad2bbc4542205912,True,1.0,1.0,0.8832823968671908,1.0,1.0,1.0,0.9513676653613296
829,2bc2525a4ee95ef4,True,1.0,1.0,1.0,1.0,1.0,1.0,1.0
830,967b41c4778d5aac,True,1.0,1.0,0.910901949613029,1.0,1.0,1.0,0.962875812338762
831,24108688ab4856ab,True,1.0,1.0,0.4782256910939637,1.0,1.0,1.0,0.7825940379558182
832,b94fd2088a4f5688,True,1.0,1.0,0.7834037396411107,1.0,1.0,1.0,0.909751558183796
833,2b04c510144e5545,True,1.0,1.0,1.0,1.0,1.0,1.0,1.0
834,1175b3b9d27252ef,True,1.0,1.0,0.8762596262519514,1.0,1.0,1.0,0.9484415109383132
835,5fadffd02da256e5,True,1.0,1.0,0.7203733906642796,1.0,1.0,1.0,0.8834889127767832
836,5379d354b9b95048,True,1.0,0.0,0.0,1.0,1.0,1.0,0.0
837,fac7dc214370509e,True,1.0,1.0,0.625845320730515,1.0,1.0,1.0,0.844102216971048
838,784c48e2a44c5036,True,1.0,1.0,0.8560239066315926,1.0,1.0,0.5,0.9400099610964969
839,3c90de2a12a558b2,True,1.0,1.0,0.7447667295981664,1.0,1.0,1.0,0.893652803999236
840,a9af1e73c9575428,True,1.0,0.0,0.0,1.0,1.0,1.0,0.0
841,078bc1027dde5d1a,True,1.0,0.0,0.0,1.0,1.0,0.5,0.0
842,b5ee0c4a00765073,True,1.0,1.0,0.8091058223277874,1.0,1.0,1.0,0.9204607593032447
843,dd23e66ff660575e,True,0.0,1.0,0.0,0.0,1.0,0.5,0.0
844,71031bf46f1b5cb8,True,1.0,1.0,1.0,0.0,1.0,1.0,0.5833333333333334
845,7ac633604a3c572d,True,1.0,1.0,1.0,1.0,1.0,1.0,1.0
846,ae02e969e8595cca,True,1.0,1.0,0.9324303001585014,1.0,1.0,1.0,0.9718459583993756
847,30827c8c62c55b46,True,1.0,1.0,0.9124293855342056,1.0,1.0,1.0,0.9635122439725857
848,9b88dfaff2615c83,True,1.0,1.0,0.6471792032820696,1.0,1.0,1.0,0.8529913347008623
849,45d6c16000b75270,True,1.0,0.0,0.0,1.0,1.0,1.0,0.0
850,b318cf82212f5443,True,1.0,1.0,0.671791612174554,1.0,1.0,1.0,0.8632465050727308
851,f4458a9c09795afa,True,1.0,1.0,1.0,1.0,1.0,0.5,1.0
852,a259460cd13f55c2,True,1.0,1.0,0.978322964011655,1.0,1.0,1.0,0.990967901671523
853,8659bfccd4195fb6,True,0.0,1.0,0.0,0.0,1.0,1.0,0.0
854,f3532c4c4ad95b27,True,1.0,1.0,1.0,1.0,1.0,1.0,1.0
855,f42bdbb0a30c5854,True,1.0,1.0,1.0,1.0,1.0,1.0,1.0
856,6f1be4d182475bc8,True,1.0,1.0,1.0,0.0,1.0,0.5,0.5833333333333334
857,e4eebb1bdcdf5ae6,True,1.0,1.0,0.9588706515530171,1.0,1.0,1.0,0.9828627714804238
858,73939fc4dcdf57c4,True,1.0,0.0,0.0,1.0,1.0,1.0,0.0
859,8aa8e3e16c035d5e,True,1.0,1.0,1.0,1.0,1.0,1.0,1.0
860,9666a4125db25507,True,1.0,1.0,0.824842806794175,1.0,1.0,1.0,0.9270178361642397
861,2a04d84433e6576f,True,1.0,0.0,0.0,1.0,1.0,1.0,0.0
862,d8d39177bd96593d,True,1.0,0.0,0.0,1.0,1.0,1.0,0.0
863,2d8b8e77af38568f,True,1.0,1.0,0.6005438324710439,1.0,1.0,1.0,0.8335599301962683
864,563ef3c44a5a528e,True,1.0,1.0,0.5302086901133443,1.0,1.0,1.0,0.8042536208805601
865,69acf2f6a20454a0,True,1.0,1.0,0.6250854808401207,1.0,1.0,1.0,0.843785617016717
866,d66a4334c9625c4a,True,1.0,1.0,0.7734540698713271,1.0,1.0,1.0,0.9056058624463863
867,927222aceeaa52bb,True,1.0,1.0,0.9705905386145326,1.0,1.0,1.0,0.9877460577560552
868,7edfabe116e25844,True,1.0,1.0,0.9491040145791552,1.0,1.0,1.0,0.9787933394079813
869,fb4ac387cd285171,True,1.0,1.0,0.8674706753995535,1.0,1.0,1.0,0.9447794480831474
870,45845be1b56d59c7,True,1.0,1.0,1.0,1.0,1.0,1.0,1.0
871,28123c233d33567e,True,1.0,1.0,0.8881563221021467,1.0,1.0,1.0,0.9533984675425611
872,614d5297c1a05a46,True,1.0,1.0,0.8525581449916303,1.0,1.0,1.0,0.9385658937465126
873,d1408323ef2357be,True,1.0,1.0,0.8205901716236891,1.0,1.0,1.0,0.9252459048432038
874,23b4e574c41a57bd,True,1.0,1.0,0.5855926588752582,1.0,1.0,1.0,0.8273302745313575
875,6ec2148215205936,True,1.0,1.0,0.5210359439129281,1.0,1.0,1.0,0.8004316432970534
876,4fabf8c780005e4f,True,1.0,1.0,0.8136680604129247,1.0,1.0,1.0,0.9223616918387186
877,4a4316b978495bba,True,1.0,1.0,0.8241923499058861,1.0,1.0,1.0,0.9267468124607858
878,ae01be6a753e5f98,True,1.0,1.0,0.8300639169521888,1.0,1.0,1.0,0.9291932987300786
879,5444d6dfc06559c3,True,1.0,1.0,1.0,1.0,1.0,1.0,1.0
880,9313777d021e5255,True,1.0,1.0,1.0,1.0,1.0,1.0,1.0
881,36650ce9087150de,True,1.0,1.0,0.6753875487250546,1.0,1.0,1.0,0.8647448119687727
882,a32383d18e5351cc,True,1.0,1.0,0.15802941341959859,1.0,1.0,1.0,0.6491789222581661
883,238955ab60075940,True,1.0,1.0,0.7776614292603161,1.0,1.0,1.0,0.9073589288584651
884,1a25d6503c075cc8,True,1.0,1.0,1.0,1.0,1.0,1.0,1.0
885,960d5334ae8f54a5,True,1.0,1.0,1.0,0.0,1.0,1.0,0.5833333333333334
886,c680cd635f095d1c,True,1.0,1.0,0.9123954593175136,1.0,1.0,1.0,0.963498108048964
887,388391c4b8d45c36,True,1.0,0.0,0.0,1.0,1.0,1.0,0.0
888,ffde3cc525b75021,True,1.0,1.0,1.0,1.0,1.0,1.0,1.0
889,03e24d87e7315809,True,1.0,1.0,0.9180369228315989,1.0,1.0,1.0,0.9658487178464995
890,47c92818d9005eea,True,1.0,1.0,1.0,1.0,1.0,1.0,1.0
891,84b69613f5e6551c,True,1.0,1.0,0.6674467856131198,1.0,1.0,1.0,0.8614361606721332
892,d7ff11915cdf538e,True,1.0,1.0,1.0,1.0,1.0,1.0,1.0
893,05965158ab845b47,True,1.0,0.0,0.0,1.0,1.0,1.0,0.0
894,67dbad26dd165f16,True,1.0,1.0,0.6679530175380977,1.0,1.0,1.0,0.861647090640874
895,15b0967d1dab53f8,True,1.0,0.0,0.0,1.0,1.0,1.0,0.0
896,0038810163a05e09,True,1.0,1.0,1.0,1.0,1.0,1.0,1.0
897,7cdcc814be255d9f,True,1.0,1.0,0.9786701736542386,1.0,1.0,1.0,0.9911125723559326
898,cd7e9823f2b15e0f,True,0.0,1.0,0.0,0.0,1.0,1.0,0.0
899,39c08e30ff9255ef,True,1.0,1.0,1.0,1.0,1.0,1.0,1.0
900,3260b9e0a6ac5b8b,True,1.0,1.0,0.6822112028944057,1.0,1.0,1.0,0.8675880012060024
901,f01212b1c5b25520,True,1.0,1.0,0.9382978727623421,1.0,1.0,1.0,0.9742907803176425
902,66ca1ffcef4354e9,True,1.0,1.0,0.668653078945644,1.0,1.0,1.0,0.8619387828940184
903,810b73ca95975db9,True,1.0,0.0,0.0,1.0,1.0,1.0,0.0
904,ad3d0b30c78355d4,True,0.0,1.0,0.0,0.0,1.0,1.0,0.0
905,62c5045db3c159aa,True,1.0,1.0,1.0,1.0,1.0,1.0,1.0
906,3257b4f1ac7e5b62,True,1.0,1.0,0.5907249275085088,1.0,1.0,1.0,0.8294687197952121
907,26e5c3fb8af15012,True,1.0,1.0,0.5383747864555658,1.0,1.0,1.0,0.8076561610231524
908,4a71a24c376f5388,True,1.0,1.0,1.0,1.0,1.0,1.0,1.0
909,37430d1c47995fdd,True,1.0,1.0,0.8081060745814737,1.0,1.0,1.0,0.9200441977422807
910,9dc5a17094e0569d,True,1.0,1.0,0.11528568948601753,1.0,1.0,1.0,0.6313690372858406
911,95bd905e3f685a28,True,1.0,1.0,0.7868055950400701,1.0,1.0,1.0,0.9111689979333626
912,a19a3d9b712751f6,True,1.0,0.0,0.0,1.0,1.0,1.0,0.0
913,4fbe9cf1d64d58ef,True,1.0,1.0,1.0,1.0,1.0,1.0,1.0
914,36e98388f7a35159,True,1.0,1.0,1.0,1.0,1.0,1.0,1.0
915,d21b22d6c0405ad7,True,1.0,1.0,0.7754855306164421,1.0,1.0,1.0,0.9064523044235177
916,692bea45f3de5fd0,True,1.0,1.0,0.820105117074707,0.0,1.0,1.0,0.5083771321144612
917,7328fe7f857051ea,True,1.0,1.0,1.0,1.0,1.0,1.0,1.0
918,55b7f0c50f4a5157,True,1.0,1.0,1.0,1.0,1.0,1.0,1.0
919,fc39a399fd24554b,True,1.0,1.0,1.0,1.0,1.0,1.0,1.0
920,2497a4b846f25d99,True,1.0,1.0,0.7842522023618997,1.0,1.0,1.0,0.9101050843174582
921,dd9b1479609c5c59,True,1.0,0.0,0.0,1.0,1.0,1.0,0.0
922,356738fb8224508b,True,0.0,1.0,0.0,0.0,1.0,1.0,0.0
923,4e12d62c42575ac3,True,1.0,1.0,0.8040313897693799,1.0,1.0,1.0,0.9183464124039084
924,ddddd9e7e4925db9,True,1.0,1.0,0.7368778063788562,1.0,1.0,1.0,0.8903657526578567
925,6a9642ab1a745aac,True,1.0,1.0,0.5549966230041876,1.0,1.0,1.0,0.8145819262517447
926,5ff5c54200fe53fb,True,1.0,0.0,0.0,1.0,1.0,1.0,0.0
927,f35274c7a16657d7,True,1.0,1.0,0.6290412831068475,1.0,1.0,1.0,0.8454338679611864
928,ef90f66b5d465ebf,True,1.0,1.0,1.0,1.0,1.0,1.0,1.0
929,c06d7badaabb5a9f,True,1.0,1.0,0.9504039400160338,1.0,1.0,1.0,0.9793349750066808
930,ba190b181dc85a2b,True,1.0,1.0,0.9841990404347073,1.0,1.0,1.0,0.9934162668477947
931,90fa31af769c5e8d,True,1.0,1.0,1.0,0.0,1.0,1.0,0.5833333333333334
932,cd67b6a868ed5745,True,1.0,1.0,1.0,0.0,1.0,1.0,0.5833333333333334
933,3623f8c74e7a5d1d,True,1.0,1.0,1.0,1.0,1.0,1.0,1.0
934,3e41024d080454b5,True,0.0,1.0,0.0,0.0,1.0,1.0,0.0
935,d745bef1cebc52e7,True,1.0,1.0,1.0,1.0,1.0,1.0,1.0
936,e6025eb182885adb,True,1.0,1.0,0.8328764912434939,1.0,1.0,1.0,0.9303652046847892
937,896f25f6f25e52e0,True,1.0,1.0,0.9503608576050949,1.0,1.0,1.0,0.979317024002123
938,01d3726e5bc2576b,True,1.0,1.0,1.0,0.0,1.0,1.0,0.5833333333333334
939,8fb6a2364e0c53f9,True,1.0,1.0,0.9862028910827093,1.0,1.0,1.0,0.9942512046177955
940,505e82147a375933,True,1.0,1.0,1.0,0.0,1.0,1.0,0.5833333333333334
941,5ae0b5e6a95f5335,True,1.0,1.0,1.0,1.0,1.0,1.0,1.0
942,f53ece8c1cb9562c,True,1.0,1.0,0.810755497050494,1.0,1.0,1.0,0.9211481237710392
943,91e06c22962d53bb,True,1.0,1.0,0.9941640701212767,1.0,1.0,1.0,0.997568362550532
944,6de8e1962fc4559a,True,1.0,1.0,0.8362619229830347,1.0,1.0,1.0,0.9317758012429311
945,72a43a590e3758f8,True,1.0,1.0,0.6786210361458348,1.0,1.0,1.0,0.8660920983940978
946,96f6cde1205e5865,True,1.0,1.0,0.7131071275392517,1.0,1.0,1.0,0.8804613031413547
947,777c2c183e49504e,True,1.0,1.0,0.9791004313633285,1.0,1.0,1.0,0.9912918464013868
948,e3b8bfc261ac5969,True,1.0,1.0,1.0,1.0,1.0,1.0,1.0
949,ec02f065af405039,True,1.0,1.0,0.7700177388973319,1.0,1.0,1.0,0.9041740578738883
950,1407c7f0f32a5738,True,1.0,1.0,1.0,1.0,1.0,1.0,1.0
951,4763f30d505c5ea6,True,1.0,1.0,0.4626729233493962,1.0,1.0,0.5,0.7761137180622484
952,883bb02a4f7c5f0a,True,1.0,1.0,1.0,1.0,1.0,1.0,1.0
953,f7f7750b2dc2548e,True,1.0,1.0,0.6980355146348137,1.0,1.0,1.0,0.8741814644311724
954,9157afe90f035621,True,1.0,1.0,0.19820829737905885,1.0,1.0,1.0,0.6659201239079412
955,f62e6cb228dc50e1,True,1.0,1.0,0.8027703176975374,1.0,1.0,1.0,0.9178209657073072
956,26710ebfab6d528c,True,1.0,1.0,1.0,1.0,1.0,0.5,1.0
957,77072386dfbb5af8,True,0.0,1.0,0.0,0.0,1.0,0.0,0.0
958,2f9c4ea0c97450c6,True,1.0,1.0,1.0,1.0,1.0,1.0,1.0
959,f638ae3f35d25d55,True,0.0,1.0,0.0,0.0,1.0,1.0,0.0
960,f1041299a1a059f5,True,1.0,1.0,0.556993860655195,1.0,1.0,1.0,0.8154141086063312
961,9d74f6f9b0a25c90,True,0.0,1.0,0.0,0.0,1.0,1.0,0.0
962,6c00b2782d3b5f6e,True,1.0,1.0,0.8221522292492157,1.0,1.0,1.0,0.9258967621871732
963,cc6022c226c15d80,True,1.0,0.0,0.0,1.0,1.0,1.0,0.0
964,f7c57baf089e561b,True,1.0,1.0,1.0,1.0,1.0,1.0,1.0
965,c51ec68aa4fe5f05,True,1.0,1.0,1.0,1.0,1.0,1.0,1.0
966,b3899f957ebe5684,True,0.5,1.0,0.4551745327025439,0.0,1.0,1.0,0.17816136097969668
967,fe2270288c1d5628,True,1.0,1.0,0.8863543091312497,1.0,1.0,1.0,0.9526476288046873
968,1d037ee2ffda5d69,True,1.0,1.0,1.0,1.0,1.0,1.0,1.0
969,a4fb656f624e5458,True,1.0,1.0,0.7603556743391506,1.0,1.0,1.0,0.9001481976413128
970,81ac4c9af9ea5562,True,1.0,1.0,0.16392250856206045,1.0,1.0,1.0,0.6516343785675253
971,7eb19d771c975618,True,1.0,1.0,0.7361700114068481,1.0,1.0,1.0,0.8900708380861868
972,5e4f0ddf24da5f97,True,1.0,1.0,0.7926558376241001,1.0,1.0,1.0,0.9136065990100417
973,ff76d319bd9558f9,True,1.0,1.0,1.0,1.0,1.0,1.0,1.0
974,0bc64fd1b3ff5d1a,True,1.0,1.0,1.0,1.0,1.0,1.0,1.0
975,0722adecc3d45ac4,True,1.0,1.0,0.9111917938179329,1.0,1.0,1.0,0.9629965807574722
976,4b721ff0b7025f21,True,1.0,1.0,1.0,1.0,1.0,1.0,1.0
977,a20beaedf66b59f3,True,1.0,1.0,0.7482966673997813,1.0,1.0,1.0,0.8951236114165756
978,613770d7f39051be,True,1.0,1.0,0.9650323875257641,1.0,1.0,1.0,0.9854301614690684
979,99f3a7ec61305307,True,1.0,1.0,0.5607320219074755,1.0,1.0,1.0,0.8169716757947815
980,2403645ef4fe5b10,True,1.0,1.0,0.9757703502089681,1.0,1.0,1.0,0.9899043125870701
981,b8873bb7c3f35d15,True,1.0,1.0,1.0,0.0,1.0,1.0,0.5833333333333334
982,41c7edfd989451cf,True,0.0,1.0,0.0,0.0,1.0,1.0,0.0
983,2ba3f7adca335912,True,1.0,1.0,0.9090692095714399,1.0,1.0,0.5,0.9621121706547666
984,0d9243e74a1a501a,True,1.0,1.0,0.7935751412041229,1.0,1.0,1.0,0.9139896421683845
985,f54559dd98e75d83,True,1.0,1.0,1.0,1.0,1.0,1.0,1.0
986,6894aab92b0058dd,True,1.0,1.0,1.0,1.0,1.0,1.0,1.0
987,97b9989fa3675cab,True,1.0,0.0,0.0,1.0,1.0,1.0,0.0
988,056c6ca971b355b4,True,1.0,1.0,0.9078985898661628,1.0,1.0,1.0,0.9616244124442345
989,1f57ce2072e25edb,True,1.0,1.0,0.9032520114282532,1.0,1.0,1.0,0.9596883380951056
990,184ad79fb6555bf0,True,0.0,1.0,0.0,0.0,1.0,0.0,0.0
991,7eab8efaacef55bb,True,1.0,0.0,0.0,1.0,1.0,1.0,0.0
992,7f3ebea7b3415f87,True,1.0,1.0,0.8746329302601342,1.0,1.0,1.0,0.9477637209417226
993,002672a228395a16,True,1.0,1.0,1.0,1.0,1.0,1.0,1.0
994,eb5ef679c80959fe,True,1.0,1.0,1.0,1.0,1.0,1.0,1.0
995,2aa414aa9a9057fb,True,1.0,1.0,0.5865474709941111,1.0,1.0,0.0,0.827728112914213
996,1cf4270132e35206,True,1.0,1.0,0.87867784683437,1.0,1.0,1.0,0.949449102847654
997,2223b290d60556d5,True,1.0,1.0,1.0,1.0,1.0,0.5,1.0
998,07d1a751018a526f,True,1.0,0.0,0.0,1.0,1.0,0.0,0.0
999,702320a088cf5d53,True,0.0,0.0,0.0,0.0,1.0,1.0,0.0
1000,cc9a87182a05533d,True,1.0,1.0,0.8022590718292963,1.0,1.0,1.0,0.9176079465955401
1001,4bdff78fdccd5f6d,True,1.0,1.0,1.0,1.0,1.0,1.0,1.0
1002,66e559e29cca52e0,True,1.0,1.0,0.3415808604491985,1.0,1.0,1.0,0.7256586918538327
1003,5757a661eb0f54d2,True,1.0,1.0,1.0,1.0,1.0,1.0,1.0
1004,f419cea88ed9500b,True,1.0,1.0,0.8262702565460229,1.0,1.0,1.0,0.9276126068941762
1005,db29291cd4ee5499,True,1.0,1.0,1.0,1.0,1.0,1.0,1.0
1006,7d70562315ff5bc1,True,1.0,1.0,1.0,0.0,1.0,1.0,0.5833333333333334
1007,208247acd8ca5e2c,True,1.0,1.0,0.16627432641613193,1.0,1.0,1.0,0.6526143026733883
1008,31222d2fc6f95e0d,True,1.0,1.0,0.985175848496732,1.0,1.0,1.0,0.9938232702069717
1009,87ecb477e85b5a58,True,1.0,1.0,1.0,1.0,1.0,1.0,1.0
1010,cd284af1ade75426,True,1.0,1.0,0.7967167510879211,1.0,1.0,1.0,0.9152986462866338
1011,69742b86e6b25ecc,True,1.0,1.0,0.5244057099580356,1.0,1.0,1.0,0.8018357124825148
1012,abe4fa26de85552d,True,1.0,1.0,0.9785789082559804,1.0,1.0,1.0,0.9910745451066584
1013,d3f00196d11c563c,True,1.0,1.0,0.8952399087085158,1.0,1.0,1.0,0.9563499619618816
1014,a03c5e53159f54c3,True,1.0,1.0,1.0,1.0,1.0,1.0,1.0
1015,3ef16d00a16b5c94,True,1.0,1.0,0.9663854880914546,1.0,1.0,1.0,0.9859939533714394
1016,7e7480ffa3aa55a4,True,1.0,1.0,0.7444335993618224,1.0,1.0,1.0,0.8935139997340927
1017,6c08755130155f96,True,1.0,1.0,1.0,1.0,1.0,1.0,1.0
1018,0334cae9f1ef56ae,True,1.0,1.0,0.8492216052851782,1.0,1.0,1.0,0.9371756688688242
1019,cfbf3f55398f5fc6,True,1.0,1.0,0.6278662013108113,1.0,1.0,1.0,0.8449442505461713
1020,31811172f43c5188,True,0.0,1.0,0.0,1.0,1.0,1.0,0.0
1021,98c050c637ca5909,True,1.0,1.0,0.7156554335602876,1.0,1.0,1.0,0.8815230973167866
1022,ac73220f793d522e,True,1.0,1.0,0.8489014439751146,1.0,1.0,1.0,0.9370422683229643
1023,b425ed76adfb5351,True,1.0,1.0,0.8892972417308332,1.0,1.0,1.0,0.9538738507211805
1024,62d4c8dfdef65bc5,True,1.0,1.0,0.8874981211876031,1.0,1.0,1.0,0.9531242171615014
1025,3f5c9cc5b40a5ff5,True,1.0,1.0,0.6633582926658683,1.0,1.0,1.0,0.8597326219441118
1026,2d4d48a048615f9a,True,1.0,1.0,1.0,1.0,1.0,1.0,1.0
1027,62d339c4086d51ba,True,1.0,1.0,0.7775892602898401,1.0,1.0,1.0,0.9073288584541
1028,af58d13139de5d3f,True,1.0,1.0,0.7564030988913415,1.0,1.0,1.0,0.8985012912047257
1029,bc8d053770cf5449,True,0.0,1.0,0.0,0.0,1.0,1.0,0.0
1030,ba62104a517e5a9b,True,1.0,1.0,0.9288564918782013,1.0,1.0,1.0,0.9703568716159173
1031,3047f87f67555d16,True,1.0,1.0,1.0,1.0,1.0,1.0,1.0
1032,aa1b434771cb52d0,True,1.0,1.0,0.28289149245124184,1.0,1.0,1.0,0.7012047885213507
1033,eba929a6772254e4,True,1.0,1.0,0.9234799930996337,1.0,1.0,0.0,0.9681166637915141
1034,00685a5276625b57,True,1.0,1.0,0.7614838288590028,1.0,1.0,1.0,0.9006182620245845
1035,9184d994aedd50b1,True,1.0,1.0,0.6416555535959544,1.0,1.0,1.0,0.8506898139983144
1036,3d43337c0e6b5910,True,1.0,0.0,0.0,1.0,1.0,1.0,0.0
1037,d0dcc4b5cf6a53ab,True,1.0,1.0,1.0,1.0,1.0,1.0,1.0
1038,650ed02359615f58,True,1.0,1.0,0.7203820712689646,1.0,1.0,1.0,0.883492529695402
1039,92471a550d745af1,True,1.0,1.0,1.0,1.0,1.0,1.0,1.0
1040,5dbf07df40a55d2e,True,0.0,1.0,0.0,1.0,1.0,1.0,0.0
1041,2f421d857f32510e,True,1.0,1.0,0.946397682616379,1.0,1.0,1.0,0.9776657010901579
1042,78beb0eba954535e,True,1.0,1.0,1.0,1.0,1.0,1.0,1.0
1043,13da814cde3a525b,True,1.0,1.0,0.9767969120734563,1.0,1.0,1.0,0.9903320466972735
1044,ddc904ff3be05595,True,1.0,1.0,0.896222110621825,1.0,1.0,1.0,0.9567592127590938
1045,93494257467c5e97,True,1.0,1.0,0.6771159379582978,1.0,1.0,1.0,0.8654649741492908
1046,e22c42694be05703,True,1.0,0.0,0.0,0.0,1.0,1.0,0.0
1047,8b369f66349d550a,True,0.0,1.0,0.0,1.0,0.0,1.0,0.0
1048,07a369a8e34d541e,True,1.0,1.0,1.0,1.0,1.0,1.0,1.0
1049,627ed4c9950753e9,True,1.0,1.0,1.0,1.0,1.0,1.0,1.0
1050,283ae14565b85cc3,True,1.0,0.0,0.0,1.0,1.0,0.0,0.0
1051,45102df6530d59e8,True,1.0,1.0,0.9997362869597433,1.0,1.0,1.0,0.9998901195665596
1052,b14ac3255b3b520b,True,1.0,1.0,1.0,1.0,1.0,1.0,1.0
1053,35b84fa433f0583f,True,1.0,1.0,0.5918090520194654,1.0,1.0,1.0,0.8299204383414439
1054,6f525eba8afc547c,True,1.0,0.0,0.0,1.0,1.0,1.0,0.0
1055,8f60912c624e5f5f,True,1.0,1.0,1.0,0.0,1.0,1.0,0.5833333333333334
1056,789af91cd1755b7e,True,1.0,1.0,0.6983696231557299,1.0,1.0,1.0,0.8743206763148875
1057,706cc8e44dbd557d,True,1.0,0.0,0.0,1.0,1.0,1.0,0.0
1058,5022f5d01ba85e74,True,1.0,1.0,0.6575606205412117,1.0,1.0,1.0,0.8573169252255047
1059,70428e7a613e55cc,True,1.0,1.0,0.9424251186527377,1.0,1.0,1.0,0.9760104661053074
1060,cedd32ec31e45cd9,True,1.0,1.0,0.7597869127303232,1.0,1.0,1.0,0.8999112136376347
1061,eadc0f19b54352ae,True,1.0,1.0,0.8309005703736568,1.0,1.0,1.0,0.929541904322357
1062,3cf6bf2e7992584c,True,1.0,1.0,1.0,1.0,1.0,1.0,1.0
1063,565e485cbedb506f,True,1.0,1.0,0.8675256733108431,1.0,1.0,1.0,0.9448023638795179
1064,1677503060a95d4a,True,1.0,1.0,0.7945048428019402,1.0,1.0,1.0,0.9143770178341417
1065,6bd5888420e851a1,True,1.0,1.0,1.0,1.0,1.0,1.0,1.0
1066,2c439b29049252a7,True,1.0,1.0,1.0,1.0,1.0,1.0,1.0
1067,3b6fb25a1e725f29,True,1.0,1.0,1.0,1.0,1.0,1.0,1.0
1068,071b435a4f4057e0,True,1.0,1.0,1.0,1.0,1.0,1.0,1.0
1069,134699ce1ce455c4,True,1.0,1.0,0.8889111440028464,1.0,1.0,1.0,0.9537129766678527
1070,79cfc07ef4645c81,True,1.0,1.0,0.728720379814774,1.0,1.0,1.0,0.8869668249228225
1071,342953cadb9f57b2,True,1.0,1.0,0.8875494025986699,1.0,1.0,1.0,0.9531455844161124
1072,159b8a11bd775e91,True,0.0,1.0,0.0,0.0,1.0,1.0,0.0
1073,57076e49ca7c5570,True,1.0,1.0,0.8319185945692179,1.0,1.0,1.0,0.9299660810705075
1074,2ca33fd04f805478,True,1.0,1.0,1.0,1.0,1.0,1.0,1.0
1075,bc667a4fc0f454d7,True,1.0,1.0,1.0,0.0,1.0,1.0,0.5833333333333334
1076,52a632acca085891,True,1.0,1.0,0.8931424274255422,1.0,1.0,1.0,0.9554760114273092
1077,fb2ff1ed5e1b529f,True,1.0,1.0,1.0,1.0,1.0,0.5,1.0
1078,2d578825c3a8565f,True,1.0,1.0,0.9141231798625192,1.0,1.0,1.0,0.964217991609383
1079,da365ed766db5a6a,True,1.0,1.0,1.0,1.0,1.0,1.0,1.0
1080,f205efb84def5cc8,True,1.0,1.0,0.8143071773266406,1.0,1.0,1.0,0.9226279905527669
1081,de64687e89f25285,True,1.0,0.0,0.0,1.0,1.0,0.0,0.0
1082,4a62cc0027965e10,True,1.0,1.0,0.9546661172402113,1.0,1.0,1.0,0.9811108821834215
1083,f8b8b8ee49205def,True,1.0,0.0,0.0,1.0,1.0,1.0,0.0
1084,95ba88fe9c385123,True,1.0,1.0,1.0,1.0,1.0,1.0,1.0
1085,7780e502545a5df7,True,1.0,1.0,0.7285543810072761,1.0,1.0,1.0,0.8868976587530316
1086,c239a3efe5df5739,True,1.0,1.0,0.85453343109512,1.0,1.0,1.0,0.9393889296229667
1087,a763369e30305f95,True,1.0,1.0,1.0,1.0,1.0,1.0,1.0
1088,ff7bf9054f4a5a4a,True,1.0,1.0,1.0,1.0,1.0,1.0,1.0
1089,e6b7dddf4ae95fea,True,1.0,1.0,0.9270805750437415,1.0,1.0,1.0,0.9696169062682256
1090,a1325310017c5057,True,1.0,1.0,1.0,1.0,1.0,1.0,1.0
1091,d8952813d8de574d,True,1.0,1.0,0.9166390732120033,1.0,1.0,1.0,0.9652662805050015
1092,39752b75d70d5458,True,1.0,1.0,1.0,1.0,1.0,1.0,1.0
1093,0a0d98c22d765e1e,True,1.0,1.0,0.5826135097000088,1.0,1.0,1.0,0.8260889623750036
1094,c054f473288d5515,True,1.0,0.0,0.0,1.0,1.0,1.0,0.0
1095,c7b030a4025a5066,True,1.0,0.0,0.0,1.0,1.0,0.5,0.0
1096,c810620e645e53b8,True,1.0,1.0,1.0,1.0,1.0,1.0,1.0
1097,c01c5d45b97154d4,True,1.0,1.0,0.5917101725740131,1.0,1.0,1.0,0.8298792385725055
1098,41f3712a30b956e6,True,1.0,1.0,0.8524193401085448,1.0,1.0,1.0,0.9385080583785603
1099,9243ca15a76e552f,True,1.0,1.0,0.907023383928495,1.0,1.0,1.0,0.9612597433035397
1100,409ed084cde5554b,True,1.0,1.0,0.7773176679968765,1.0,1.0,1.0,0.9072156949986985
1101,bc73190196b358f6,True,0.0,1.0,0.0,0.0,1.0,1.0,0.0
1102,6d66b095f93750f7,True,1.0,1.0,1.0,1.0,1.0,1.0,1.0
1103,babd01c3694d5e18,True,1.0,1.0,0.9093078362529713,1.0,1.0,1.0,0.962211598438738
1104,6e49f2f1c4e456f1,True,1.0,1.0,0.7026591739589477,1.0,1.0,1.0,0.8761079891495616
1105,2bce4431c5da5d1f,True,1.0,1.0,1.0,1.0,1.0,1.0,1.0
1106,a4ab5ff4ba7259f9,True,1.0,1.0,0.5688574929569876,1.0,1.0,1.0,0.8203572887320781
1107,b8554777b68750e7,True,1.0,1.0,0.8149601599400487,1.0,1.0,1.0,0.922900066641687
1108,e35a803202875fa0,True,1.0,1.0,0.8600468969435422,1.0,1.0,1.0,0.9416862070598092
1109,52d6d6f0e4305a44,True,0.0,1.0,0.0,0.0,1.0,1.0,0.0
1110,701eca801b6f5ba9,True,1.0,1.0,1.0,1.0,1.0,1.0,1.0
1111,2d7bc87644e85744,True,1.0,1.0,1.0,1.0,1.0,1.0,1.0
1112,ab9d0f7542805d20,True,0.0,1.0,0.0,0.0,1.0,1.0,0.0
1113,5099c20d468f5cf4,True,1.0,1.0,0.8986537296091186,1.0,1.0,1.0,0.9577723873371328
1114,46a9bf6f100c5e0a,True,1.0,1.0,0.8560281026515295,1.0,1.0,1.0,0.9400117094381373
1115,3f19f97d980754f7,True,1.0,1.0,0.8998430154229695,1.0,1.0,1.0,0.958267923092904
1116,196cb93444b35dd7,True,1.0,0.0,0.0,1.0,1.0,0.0,0.0
1117,559c83269c035643,True,1.0,1.0,1.0,1.0,1.0,1.0,1.0
1118,d987180f18155985,True,1.0,1.0,1.0,1.0,1.0,1.0,1.0
1119,02f75336f9f55e4f,True,1.0,1.0,0.695247696267066,1.0,1.0,0.5,0.8730198734446107
1120,351226f263825b4b,True,1.0,1.0,1.0,1.0,1.0,1.0,1.0
1121,1eb474de58ca5d6f,True,1.0,1.0,0.9253942978992954,1.0,1.0,1.0,0.968914290791373
1122,b2f320b5d94753f9,True,1.0,1.0,0.6942803432852566,1.0,1.0,1.0,0.8726168097021901
1123,051d26c01f3653ba,True,1.0,1.0,0.6251328777790736,1.0,1.0,1.0,0.8438053657412806
1124,940ba87d553456c3,True,1.0,1.0,0.5955267820596711,1.0,1.0,1.0,0.8314694925248629
1125,fe71d216396c5ab3,True,1.0,1.0,1.0,1.0,1.0,1.0,1.0
1126,3b4f49412be55b80,True,1.0,1.0,0.7034738796109655,1.0,1.0,1.0,0.8764474498379023
1127,b7bbef1569ca526e,True,1.0,1.0,1.0,1.0,1.0,1.0,1.0
1128,36b4b6d6e4745071,True,1.0,1.0,0.886158814366588,1.0,1.0,1.0,0.952566172652745
1129,260c9a75f6e05785,True,1.0,1.0,1.0,1.0,1.0,1.0,1.0
1130,6fee6df4d64b5d9d,True,1.0,1.0,0.9135379255055471,1.0,1.0,1.0,0.9639741356273114
1131,8912a46529c059a1,True,1.0,1.0,0.8540456707905966,1.0,1.0,1.0,0.9391856961627486
1132,c9459a7641335bba,True,1.0,1.0,1.0,1.0,1.0,1.0,1.0
1133,9ecb100495a5584e,True,1.0,1.0,1.0,1.0,1.0,1.0,1.0
1134,46ee8e2727455a9f,True,1.0,1.0,0.9813664269043266,1.0,1.0,1.0,0.992236011210136
1135,70e50d9b18305fa4,True,1.0,1.0,0.7051851031772294,1.0,1.0,1.0,0.8771604596571789
1136,11811a7320ab58db,True,1.0,1.0,0.980106704331607,0.0,1.0,1.0,0.5750444601381696
1137,79596c3c8ac45e5e,True,1.0,1.0,1.0,1.0,1.0,1.0,1.0
1138,ea93b5b81d425814,True,1.0,1.0,0.668519054531105,1.0,1.0,1.0,0.8618829393879605
1139,04703c86cf5b5a20,True,1.0,1.0,0.8783838143037692,1.0,1.0,1.0,0.9493265892932371
1140,ca6a8cc7012a5fac,True,1.0,0.0,0.0,1.0,1.0,1.0,0.0
1141,1719439969a55cc6,True,1.0,1.0,0.944925065697652,1.0,1.0,1.0,0.977052110707355
1142,b7784f3cdf6b5991,True,1.0,1.0,0.5902627497956794,1.0,1.0,1.0,0.8292761457481997
1143,e3ee2f8d1057557d,True,1.0,1.0,0.7701037021909531,1.0,1.0,1.0,0.9042098759128971
1144,aba3b771ef0054c6,True,1.0,1.0,0.8881156095828383,1.0,1.0,1.0,0.9533815039928492
1145,277758d55617567b,True,1.0,1.0,0.649088454709746,1.0,1.0,1.0,0.8537868561290608
1146,e7c778d603885f57,True,1.0,1.0,0.4819157639107975,1.0,1.0,1.0,0.7841315682961656
1147,96bc4f4e46f752f4,True,1.0,1.0,1.0,1.0,1.0,1.0,1.0
1148,30638699ab8e575c,True,1.0,1.0,1.0,1.0,1.0,1.0,1.0
1149,305634c7b587567f,True,1.0,1.0,0.7910357986510494,1.0,1.0,1.0,0.9129315827712706
1150,a924bf802fe25fa6,True,1.0,1.0,1.0,1.0,1.0,1.0,1.0
1151,c40e41ba1a285e0d,True,0.0,1.0,0.0,0.0,1.0,1.0,0.0
1152,0b4a7c2ba59e5a8c,True,1.0,1.0,0.5246610938852656,1.0,1.0,1.0,0.801942122452194
1153,b3a00387265a5cdc,True,1.0,1.0,1.0,1.0,1.0,1.0,1.0
1154,5209e1f6a97e592a,True,1.0,1.0,0.7131928186417091,1.0,1.0,1.0,0.8804970077673788
1155,77f0818999145e8f,True,1.0,0.0,0.0,0.0,1.0,1.0,0.0
1156,773ae953dba953b4,True,1.0,1.0,0.8531306661107122,1.0,1.0,1.0,0.9388044442127969
1157,cbe2fffee4105dbf,True,1.0,1.0,0.7782113523586974,1.0,1.0,1.0,0.9075880634827906
1158,d978a6878e7b5e8b,True,1.0,1.0,1.0,1.0,1.0,1.0,1.0
1159,5abef8058afa529f,True,1.0,1.0,1.0,1.0,1.0,1.0,1.0
1160,95528bd014555540,True,1.0,1.0,1.0,1.0,1.0,1.0,1.0
1161,a5ed322a79205030,True,1.0,1.0,1.0,1.0,1.0,1.0,1.0
1162,345fc96fdf4c572b,True,1.0,1.0,0.8520591894591676,1.0,1.0,1.0,0.9383579956079865
1163,5a907598a1985222,True,1.0,1.0,0.8745166042367074,1.0,1.0,1.0,0.9477152517652948
1164,96dd879c7e365dc9,True,1.0,1.0,0.7098105630209887,1.0,1.0,1.0,0.8790877345920786
1165,690fef019ad25dd6,True,1.0,1.0,1.0,1.0,1.0,1.0,1.0
1166,1fc5ab19306f5a47,True,1.0,1.0,0.7933550720800889,1.0,1.0,1.0,0.913897946700037
1167,df044fb9c65c5d52,True,1.0,1.0,1.0,1.0,1.0,1.0,1.0
1168,741d60ca8b7b5cb4,True,1.0,1.0,0.47034868086227594,1.0,1.0,1.0,0.7793119503592817
1169,963ea50b7eb2554b,True,1.0,0.0,0.0,1.0,1.0,1.0,0.0
1170,37b96c1d86665204,True,1.0,1.0,0.8210338271311084,1.0,1.0,1.0,0.9254307613046285
1171,aa58dfcb46765181,True,1.0,1.0,1.0,1.0,1.0,1.0,1.0
1172,db601036b2fb58d7,True,1.0,1.0,1.0,1.0,1.0,1.0,1.0
1173,9e04987475e85dd5,True,1.0,1.0,0.8178699802072271,1.0,1.0,1.0,0.9241124917530114
1174,024d012881be5995,True,1.0,1.0,0.786285045319674,1.0,1.0,1.0,0.9109521022165309
1175,f740386a50c45238,True,1.0,1.0,0.8689016886042149,1.0,1.0,1.0,0.9453757035850895
1176,caee3d86c00351e6,True,1.0,1.0,0.8105618232344052,1.0,1.0,1.0,0.9210674263476687
1177,0bcebe354a715163,True,1.0,1.0,0.8277285618740549,1.0,1.0,1.0,0.9282202341141895
1178,ad970e7cae1a5ead,True,1.0,1.0,1.0,1.0,1.0,1.0,1.0
1179,2035406a3a6955be,True,1.0,1.0,0.5490024945969153,1.0,1.0,1.0,0.8120843727487147
1180,54718dd05cad553a,True,1.0,1.0,0.8780960899100331,1.0,1.0,1.0,0.9492067041291804
1181,f34af4dbbbd35a23,True,1.0,1.0,1.0,1.0,1.0,1.0,1.0
1182,697882c22eb65ca7,True,0.5,0.0,0.0,0.0,1.0,0.5,0.0
1183,dd414d3d7d5452f1,True,1.0,1.0,0.7429583225035565,1.0,1.0,1.0,0.8928993010431485
1184,484b6d9a28f350bd,True,1.0,1.0,0.8089590558929436,1.0,1.0,1.0,0.9203996066220599
1185,a4f950bf8f9b590b,True,1.0,1.0,0.8530590690920097,1.0,1.0,1.0,0.9387746121216707
1186,0dc3dee5c8815a90,True,1.0,1.0,0.9938280772934213,1.0,1.0,1.0,0.9974283655389256
1187,0cbeffce57295a2b,True,1.0,1.0,1.0,1.0,1.0,1.0,1.0
1188,cc934224447a5c86,True,1.0,1.0,0.8070773954925956,1.0,1.0,1.0,0.9196155814552481
1189,13848a5be84f5a4a,True,1.0,1.0,0.8509016113323453,1.0,1.0,1.0,0.9378756713884773
1190,f8f1d3aa1a30553d,True,1.0,0.0,0.0,1.0,1.0,1.0,0.0
1191,3f3d9b32f2fa53ef,True,1.0,1.0,1.0,1.0,1.0,1.0,1.0
1192,39a769c19105586e,True,1.0,1.0,0.6116425762892891,1.0,1.0,1.0,0.8381844067872039
1193,e1f6c044f4235462,True,1.0,1.0,0.7333983684228482,1.0,1.0,1.0,0.8889159868428534
1194,3b3f3faf6778593f,True,1.0,1.0,1.0,1.0,1.0,1.0,1.0
1195,4014296da6f75079,True,1.0,1.0,1.0,1.0,1.0,1.0,1.0
1196,1ebc0b5378ab5caa,True,1.0,1.0,1.0,1.0,1.0,1.0,1.0
1197,24e06c38547d5976,True,1.0,1.0,1.0,1.0,1.0,1.0,1.0
1198,c72c3c003bc95aab,True,1.0,0.0,0.0,0.0,1.0,1.0,0.0
1199,2e5997dafce45eb2,True,1.0,1.0,0.6748569925210657,1.0,1.0,1.0,0.8645237468837773
1200,99ebd32df2f453f8,True,1.0,0.0,0.0,1.0,1.0,1.0,0.0
1201,2ad9640eb724590d,True,1.0,1.0,0.7307444378283786,1.0,1.0,1.0,0.8878101824284911
1202,04676f5bccee5447,True,1.0,1.0,0.03282278412791845,1.0,1.0,1.0,0.5970094933866327
1203,c93a302d2fb2508f,True,1.0,0.0,0.0,1.0,1.0,0.0,0.0
1204,9f8f670a268550e5,True,1.0,1.0,0.9942658015352026,1.0,1.0,1.0,0.9976107506396678
1205,1fc3acd944ba540e,True,1.0,1.0,0.826988590342239,1.0,1.0,1.0,0.9279119126425996
1206,b462af5600bf5f88,True,1.0,1.0,1.0,1.0,1.0,1.0,1.0
1207,ae05160436d45a62,True,1.0,1.0,1.0,0.0,1.0,1.0,0.5833333333333334
1208,f47f7733a11d51a1,True,1.0,1.0,0.7359951152276489,1.0,1.0,1.0,0.8899979646781869
1209,f40843145ae35cd8,True,1.0,1.0,0.6245534638954869,1.0,1.0,1.0,0.8435639432897862
1210,460c1bc090365d1b,True,1.0,1.0,1.0,1.0,1.0,0.0,1.0
1211,c12b3554dcd655c0,True,1.0,0.0,0.0,1.0,1.0,1.0,0.0
1212,d395fa715d3e58c7,True,1.0,1.0,1.0,1.0,1.0,1.0,1.0
1213,e0a645315de658bc,True,1.0,1.0,0.8442231094923234,1.0,1.0,1.0,0.935092962288468
1214,c4b1d4fabd315035,True,1.0,1.0,1.0,1.0,1.0,1.0,1.0
1215,564b7ca4f210501e,True,1.0,1.0,0.7924155023039985,1.0,1.0,1.0,0.9135064592933327
1216,f3f9f7a6f8f15f49,True,1.0,1.0,1.0,1.0,1.0,1.0,1.0
1217,8872d388cf435f07,True,1.0,0.0,0.0,1.0,1.0,1.0,0.0
1218,e02f26d0eb0152e3,True,1.0,1.0,1.0,1.0,1.0,1.0,1.0
1219,a15ed2f3e39c5c0d,True,1.0,1.0,1.0,1.0,1.0,1.0,1.0
1220,7c62648ff8a25812,True,1.0,1.0,0.8477595777860412,0.0,1.0,1.0,0.5198998240775171
1221,54511f27d12e5a58,True,1.0,1.0,0.7602913375178628,1.0,1.0,1.0,0.9001213906324429
1222,a08bb182c3d558da,True,1.0,1.0,0.6289813158130436,1.0,1.0,1.0,0.8454088815887681
1223,1f55063084fd593c,True,1.0,1.0,1.0,1.0,1.0,1.0,1.0
1224,b4eb56fcd01857bb,True,1.0,1.0,0.6841177857525848,1.0,1.0,1.0,0.8683824107302437
1225,b133316a0e795993,True,1.0,1.0,0.7496953475705881,1.0,1.0,1.0,0.8957063948210783
1226,5c55fbcddea45f87,True,1.0,1.0,0.6268338859369282,1.0,1.0,1.0,0.8445141191403868
1227,191dc35423a85d10,True,1.0,1.0,0.9455857004800579,1.0,1.0,1.0,0.9773273752000241
1228,d5cf4595a3435917,True,1.0,1.0,1.0,1.0,1.0,1.0,1.0
1229,ad84af7b33615884,True,1.0,1.0,1.0,1.0,1.0,0.0,1.0
1230,944eece37ff15fa1,True,0.0,1.0,0.0,0.0,1.0,1.0,0.0
1231,54fbe498c745542e,True,1.0,1.0,1.0,1.0,1.0,1.0,1.0
1232,81935f2cb7d45945,True,1.0,1.0,0.9368897348771483,1.0,1.0,1.0,0.9737040561988118
1233,2ee34c8975525f5c,True,0.0,0.0,0.0,0.0,1.0,1.0,0.0
1234,31cda9ad4b8257b9,True,1.0,1.0,0.9068326053708617,1.0,1.0,1.0,0.9611802522378591
1235,dd72153f54fa59e7,True,1.0,1.0,0.8872590968988116,1.0,1.0,1.0,0.953024623707838
1236,cea4eb2a60da5354,True,1.0,1.0,1.0,1.0,1.0,1.0,1.0
1237,f3a327d6e0e45d9a,True,1.0,1.0,1.0,1.0,1.0,0.0,1.0
1238,15cd405711fa54f8,True,1.0,1.0,0.15822995199152495,1.0,1.0,1.0,0.6492624799964687
1239,6ba5ed2f323f53e2,True,1.0,1.0,1.0,1.0,1.0,1.0,1.0
1240,2a5a7c87bce352a7,True,1.0,1.0,0.8373874575600176,1.0,1.0,1.0,0.9322447739833407
1241,66cd30f395c45537,True,1.0,1.0,0.7782824557244019,1.0,1.0,1.0,0.9076176898851674
1242,aafbe79abf625492,True,1.0,1.0,0.8328866221074186,1.0,1.0,1.0,0.9303694258780911
1243,5795e118157f528f,True,1.0,1.0,1.0,0.0,1.0,1.0,0.5833333333333334
1244,e2080118123b5cc8,True,1.0,1.0,0.673430383714641,1.0,1.0,1.0,0.8639293265477671
1245,c3bb1d6556d95d40,True,1.0,1.0,0.8878342526113449,1.0,1.0,1.0,0.9532642719213937
1246,69ed5efe731251d0,True,1.0,1.0,0.8955940314212516,1.0,1.0,1.0,0.9564975130921881
1247,0ee0c8c2556c506a,True,1.0,1.0,1.0,1.0,1.0,1.0,1.0
1248,a33054c645ce5643,True,1.0,1.0,1.0,1.0,1.0,1.0,1.0
1249,1d538fa6a8825de1,True,1.0,1.0,0.46526770613820007,1.0,1.0,1.0,0.7771948775575833
1250,9a524d13e6795a95,True,1.0,1.0,0.9175793175360811,1.0,1.0,1.0,0.965658048973367
1251,dd07f89bea6f5147,True,1.0,0.0,0.0,1.0,1.0,0.0,0.0
1252,76375396b08e5143,True,1.0,1.0,0.7877581215144046,1.0,1.0,1.0,0.9115658839643354
1253,c3ace87d2f985eaa,True,1.0,1.0,0.8826338359571922,1.0,1.0,1.0,0.95109743164883
1254,9707c6cbc83556f6,True,1.0,1.0,1.0,1.0,1.0,1.0,1.0
1255,f2e2e64000445230,True,1.0,1.0,0.9333694862598858,1.0,1.0,1.0,0.9722372859416191
1256,7f0cb33eb150567e,True,1.0,1.0,1.0,1.0,1.0,1.0,1.0
1257,ee7be0b111a85c25,True,1.0,1.0,1.0,1.0,1.0,1.0,1.0
1258,ff83944cb2845479,True,1.0,1.0,0.6879542886104949,1.0,1.0,1.0,0.8699809535877062
1259,12f96c65436e56bf,True,1.0,1.0,0.7807641393585246,1.0,1.0,1.0,0.9086517247327186
1260,3a36b098acee53b9,True,1.0,1.0,1.0,1.0,1.0,1.0,1.0
1261,430f1f445caf5b3e,True,1.0,0.0,0.0,1.0,1.0,1.0,0.0
1262,901b2d48b2ce5bf1,True,1.0,1.0,0.7258057816998221,1.0,1.0,1.0,0.8857524090415926
1263,bcf76bb937d35be9,True,1.0,1.0,1.0,1.0,1.0,1.0,1.0
1264,ad34e2d0d3865530,True,1.0,1.0,0.7709307186358793,1.0,1.0,1.0,0.904554466098283
1265,210fa74895dc5f52,True,1.0,1.0,1.0,1.0,1.0,1.0,1.0
1266,dd54db98a83b5714,True,1.0,1.0,0.7161589136018923,1.0,1.0,1.0,0.8817328806674553
1267,4eaf35cea96d5dd9,True,1.0,1.0,0.6867883347139067,1.0,1.0,1.0,0.8694951394641278
1268,35dbc03efb3c5f00,True,1.0,1.0,1.0,1.0,1.0,1.0,1.0
1269,c68108211dfa57e0,True,1.0,1.0,0.6295696863208208,1.0,1.0,1.0,0.8456540359670086
1270,2f23d31a3ddf5de9,True,1.0,1.0,1.0,1.0,1.0,1.0,1.0
1271,e9ed7dbcb6365ea2,True,1.0,1.0,0.874869496409449,1.0,1.0,1.0,0.9478622901706037
1272,ea85208e83eb57b6,True,1.0,1.0,1.0,1.0,1.0,1.0,1.0
1273,e29b049a9bf3509c,True,1.0,1.0,1.0,1.0,1.0,1.0,1.0
1274,0c318d7923d15b78,True,1.0,1.0,1.0,0.0,1.0,1.0,0.5833333333333334
1275,84aade0568085ba5,True,1.0,1.0,1.0,1.0,1.0,1.0,1.0
1276,c418551cd6285092,True,1.0,0.0,0.0,1.0,1.0,1.0,0.0
1277,4750f239602d5627,True,1.0,1.0,0.8047436505155,1.0,1.0,1.0,0.9186431877147916
1278,4126aeb4289c593c,True,1.0,1.0,0.8351635493080743,1.0,1.0,1.0,0.9313181455450309
1279,4102a6399acf528b,True,1.0,1.0,0.772116754504458,1.0,1.0,1.0,0.9050486477101908
1280,3266d9113ede5f3c,True,1.0,0.0,0.0,1.0,1.0,1.0,0.0
1281,bd646d9caaef57d8,True,0.0,1.0,0.0,0.0,1.0,1.0,0.0
1282,1801a3d3fffc57f5,True,1.0,1.0,0.6804820743894884,1.0,1.0,1.0,0.8668675309956201
1283,a7f15e4638b352c4,True,1.0,0.0,0.0,1.0,1.0,1.0,0.0
1284,74deabca4e1259f5,True,1.0,1.0,1.0,1.0,1.0,1.0,1.0
1285,f33a23766bcb55a6,True,1.0,1.0,0.600381821748021,1.0,1.0,1.0,0.833492425728342
1286,5239e2cfe006568b,True,1.0,1.0,0.7427344924520065,1.0,1.0,1.0,0.8928060385216693
1287,f49f94b388d8561d,True,1.0,1.0,1.0,1.0,1.0,1.0,1.0
1288,2e6b78be8c9e5e0c,True,1.0,1.0,1.0,1.0,1.0,1.0,1.0
1289,4b3c6a95987c552d,True,1.0,1.0,0.9922774196002597,1.0,1.0,1.0,0.996782258166775
1290,eab63019e1825aea,True,1.0,1.0,1.0,1.0,1.0,1.0,1.0
1291,6347553d03555ffa,True,1.0,1.0,1.0,1.0,1.0,1.0,1.0
1292,844760894a04505a,True,1.0,1.0,1.0,1.0,1.0,1.0,1.0
1293,a0b9c3ee286454cb,True,1.0,1.0,0.1545743720512101,1.0,1.0,1.0,0.6477393216880042
1294,812a8e70ad07507d,True,1.0,1.0,0.6901420339253242,1.0,1.0,1.0,0.8708925141355518
1295,0ee0eabadd125c7b,True,1.0,1.0,0.9645961102081443,1.0,1.0,1.0,0.9852483792533935
1296,df534bbfbbba5b0c,True,1.0,1.0,1.0,1.0,1.0,1.0,1.0
1297,21146ac996365854,True,1.0,1.0,0.7275793717537885,1.0,1.0,1.0,0.886491404897412
1298,ae5377e5ebf65f45,True,1.0,1.0,0.6863134061021074,1.0,1.0,1.0,0.8692972525425448
1299,134cbee5a9635cd7,True,0.0,1.0,0.0,0.0,1.0,1.0,0.0
1300,ce3a4f649e23590d,True,1.0,1.0,0.8936406614872475,1.0,1.0,1.0,0.9556836089530197
1301,b9e84e372b3958ac,True,0.0,1.0,0.0,0.0,1.0,1.0,0.0
1302,196375ae13835990,True,1.0,1.0,0.8181867610612767,0.0,1.0,1.0,0.5075778171088653
1303,ffe848c5ab4e5b30,True,1.0,1.0,0.8174757321484629,1.0,1.0,1.0,0.9239482217285261
1304,80d8679b8c215769,True,1.0,1.0,1.0,1.0,1.0,1.0,1.0
1305,276396e455bb57b5,True,1.0,0.0,0.0,1.0,1.0,1.0,0.0
1306,396c599d06e65f68,True,1.0,1.0,0.8408257408731363,1.0,1.0,1.0,0.9336773920304734
1307,f2d4e4b013a3579e,True,1.0,0.0,0.0,1.0,1.0,1.0,0.0
1308,40d24af6505f50c9,True,1.0,1.0,0.4930313671049226,1.0,1.0,1.0,0.7887630696270511
1309,13c555e68671524f,True,1.0,0.0,0.0,1.0,1.0,1.0,0.0
1310,9a6489254d5f5577,True,1.0,1.0,0.6727270091675516,1.0,1.0,1.0,0.8636362538198131
1311,621a9591a97758b8,True,1.0,1.0,0.6903755854209299,1.0,1.0,1.0,0.8709898272587209
1312,d32f8367252b53b1,True,1.0,1.0,1.0,1.0,1.0,1.0,1.0
1313,09babda49aa659a1,True,1.0,1.0,1.0,1.0,1.0,1.0,1.0
1314,4d8b083f00675de2,True,0.0,1.0,0.0,0.0,1.0,1.0,0.0
1315,fda70850d06c51a1,True,1.0,1.0,1.0,1.0,1.0,1.0,1.0
1316,77f45b5536f854bf,True,1.0,1.0,1.0,1.0,1.0,1.0,1.0
1317,40280e58e4d45fde,True,1.0,1.0,1.0,1.0,1.0,1.0,1.0
1318,806b0f2b2ade5454,True,1.0,1.0,1.0,1.0,1.0,1.0,1.0
1319,d31d38e1a2305147,True,0.5,1.0,0.3861806047222402,0.0,1.0,1.0,0.16378762598380003
1320,371d154a89425165,True,1.0,1.0,1.0,1.0,1.0,1.0,1.0
1321,6e49c17c51db5a5c,True,1.0,1.0,0.596088067337239,1.0,1.0,1.0,0.8317033613905163
1322,e009079e2dc25bbf,True,1.0,1.0,0.9138118325575162,1.0,1.0,1.0,0.9640882635656318
1323,b76b03503cf95c02,True,1.0,1.0,1.0,1.0,1.0,1.0,1.0
1324,8f1247f8436c5208,True,1.0,1.0,0.8916074875760708,1.0,1.0,1.0,0.9548364531566961
1325,efc8eef1e7b551d9,True,1.0,1.0,0.8554544483770757,1.0,1.0,1.0,0.9397726868237815
1326,e71bd2560b255f76,True,1.0,1.0,1.0,1.0,1.0,1.0,1.0
1327,ad7d51bd1b7055ca,True,1.0,1.0,0.7275168178979793,1.0,1.0,1.0,0.8864653407908247
1328,d57dda19866556c3,True,1.0,1.0,0.7948838175631575,1.0,1.0,1.0,0.914534923984649
1329,82c913dd14e05a84,True,1.0,1.0,1.0,1.0,1.0,1.0,1.0
1330,4fbfc7dc71db50e2,True,0.0,1.0,0.0,0.0,1.0,1.0,0.0
1331,af052c91de0f5295,True,1.0,1.0,1.0,1.0,1.0,1.0,1.0
1332,83f9ceae9dad56d9,True,1.0,1.0,0.576587527116102,1.0,1.0,1.0,0.8235781362983757
1333,2b65a8a29c455d00,True,1.0,1.0,0.6823808854034762,1.0,1.0,1.0,0.8676587022514485
1334,53414ba6577d5923,True,1.0,1.0,0.5773440316156756,1.0,1.0,1.0,0.8238933465065315
1335,feb90d2112ec57cf,True,1.0,1.0,0.8055519201175533,1.0,1.0,1.0,0.9189799667156473
1336,b389efc36b545908,True,1.0,1.0,0.6285327998457404,1.0,1.0,0.5,0.8452219999357252
1337,be87511d69ba58e7,True,1.0,1.0,0.8157533528435299,1.0,1.0,1.0,0.923230563684804
1338,03d4ec82e7ac5804,True,1.0,1.0,0.8158327942709942,1.0,1.0,1.0,0.923263664279581
1339,765dacfed4925185,True,1.0,1.0,1.0,1.0,1.0,1.0,1.0
1340,3e634fa2ea715bb1,True,1.0,1.0,1.0,1.0,1.0,1.0,1.0
1341,0dff39153a005f4f,True,1.0,1.0,0.7884789574117451,1.0,1.0,1.0,0.9118662322548938
1342,ab9a263dea175465,True,1.0,1.0,0.917761782088594,0.0,1.0,1.0,0.5490674092035809
1343,50613cf56a8d5a38,True,1.0,1.0,0.9127820078486886,1.0,1.0,1.0,0.9636591699369536
1344,977f40bd144b59e9,True,1.0,1.0,0.8217293487163533,1.0,1.0,1.0,0.9257205619651471
1345,ed98a4566ea95092,True,0.0,1.0,0.0,0.0,1.0,1.0,0.0
1346,3ce814811e5252dc,True,1.0,1.0,0.9702487013164082,1.0,1.0,1.0,0.9876036255485033
1347,72720a5350e75184,True,1.0,1.0,0.918487910146253,1.0,1.0,1.0,0.9660366292276054
1348,6d7754fdda3a50a6,True,1.0,1.0,0.9793876689189372,1.0,1.0,1.0,0.991411528716224
1349,430589fe41235469,True,1.0,1.0,0.718397949654484,1.0,1.0,1.0,0.882665812356035
1350,b5c2d13e8d5c517a,True,1.0,1.0,0.7831699194385467,1.0,1.0,1.0,0.9096541330993945
1351,b0070f55eda95848,True,1.0,1.0,0.9008955721997114,1.0,1.0,1.0,0.9587064884165465
1352,90a14e5bd7cb5f47,True,1.0,1.0,1.0,1.0,1.0,1.0,1.0
1353,8e9f743d92c05d10,True,1.0,1.0,1.0,1.0,1.0,1.0,1.0
1354,87a7a9f8aa325467,True,1.0,1.0,1.0,1.0,1.0,1.0,1.0
1355,3d34ef81b357566e,True,1.0,1.0,1.0,1.0,1.0,1.0,1.0
1356,bc949c2045ca5537,True,1.0,1.0,0.8294655679838204,1.0,1.0,1.0,0.9289439866599252
1357,10ae805f0be95c1f,True,1.0,1.0,1.0,1.0,1.0,1.0,1.0
1358,aa34b08bfad85fac,True,1.0,1.0,0.8374502509092262,1.0,1.0,1.0,0.9322709378788442
1359,50fef67a5a9a5a4b,True,1.0,0.0,0.0,1.0,1.0,1.0,0.0
1360,b5271c19eef859ed,True,1.0,1.0,0.9311130938064399,0.0,1.0,1.0,0.5546304557526833
1361,e27b4628314951bb,True,1.0,1.0,0.7852850908719166,1.0,1.0,1.0,0.9105354545299652
1362,358d973661955d68,True,1.0,1.0,1.0,1.0,1.0,1.0,1.0
1363,ac0f18be77bd585c,True,1.0,1.0,0.6161038911811778,1.0,1.0,1.0,0.8400432879921574
1364,9016f4b84afb5913,True,1.0,1.0,1.0,1.0,1.0,1.0,1.0
1365,b27841ee318f5d92,True,1.0,1.0,0.9805518194953144,1.0,1.0,1.0,0.991896591456381
1366,862e27b57f9d50ac,True,1.0,1.0,0.8596855695487897,1.0,1.0,1.0,0.9415356539786623
1367,3d6cbc2a95885eef,True,1.0,1.0,0.8969901009157897,0.0,1.0,1.0,0.5404125420482457
1368,ac47687039a75848,True,1.0,1.0,1.0,1.0,1.0,1.0,1.0
1369,3eb063189dd15649,True,1.0,1.0,0.785326948677361,1.0,1.0,1.0,0.9105528952822337
1370,0fc626b8de655cc7,True,1.0,1.0,0.7220836566674356,1.0,1.0,1.0,0.8842015236114316
1371,943c308c85d25ee5,True,1.0,1.0,0.7917744467239317,1.0,1.0,1.0,0.9132393528016381
1372,e76cb8b17f8f51f3,True,0.0,1.0,0.0,1.0,1.0,1.0,0.0
1373,d0de8d6a350d55d9,True,0.0,0.0,0.0,0.0,1.0,0.5,0.0
1374,024fd1e792395805,True,1.0,1.0,0.8970377548861765,1.0,1.0,1.0,0.9570990645359069
1375,7291b74b016d5672,True,1.0,1.0,0.7966860320006616,1.0,1.0,0.5,0.9152858466669423
1376,78a50eb4d40e5ffa,True,1.0,1.0,0.7427690079425435,1.0,1.0,1.0,0.8928204199760598
1377,776069d80826529d,True,1.0,1.0,0.7990592977728421,1.0,1.0,1.0,0.9162747074053509
1378,4064f2ec7a2f56ef,True,1.0,1.0,1.0,1.0,1.0,1.0,1.0
1379,efeac78f0da05463,True,1.0,0.0,0.0,1.0,1.0,1.0,0.0
1380,755461a5329554de,True,1.0,0.0,0.0,1.0,1.0,0.5,0.0
1381,9157902936a456bf,True,1.0,1.0,1.0,1.0,1.0,1.0,1.0
1382,30187e714d065b0b,True,1.0,1.0,0.8654094942919182,1.0,1.0,1.0,0.9439206226216325
1383,f94a9ce36b8e5516,True,1.0,1.0,1.0,1.0,1.0,1.0,1.0
1384,2f482e2df2565b82,True,1.0,1.0,0.869133757986565,1.0,1.0,1.0,0.9454723991610687
1385,e9bfb4821bfd5801,True,1.0,1.0,1.0,1.0,1.0,1.0,1.0
1386,019667e138b95ff0,True,1.0,1.0,0.8854336383143996,1.0,1.0,1.0,0.9522640159643331
1387,cbe7b4e464235ca6,True,1.0,1.0,0.6967937755486285,1.0,1.0,1.0,0.873664073145262
1388,80752a827b8253fe,True,1.0,1.0,0.9578437928672269,0.0,1.0,0.5,0.5657682470280112
1389,9ffd8ba0c7f75398,True,1.0,1.0,0.8050613258091235,1.0,1.0,1.0,0.9187755524204682
1390,33e37f9d760a56b1,True,1.0,1.0,0.836573390663672,1.0,1.0,1.0,0.9319055794431966
1391,d3fe95784a34578f,True,1.0,1.0,1.0,1.0,1.0,1.0,1.0
1392,1b5a55897d2950f9,True,1.0,0.0,0.0,1.0,1.0,1.0,0.0
1393,a164681774715cea,True,1.0,1.0,0.7569953278660174,1.0,1.0,1.0,0.8987480532775072
1394,89ae8d041c145f8f,True,1.0,1.0,1.0,1.0,1.0,1.0,1.0
1395,feff00cef4985d6b,True,1.0,1.0,0.8662178874454733,1.0,1.0,1.0,0.9442574531022805
1396,36e1ce5794595e73,True,1.0,1.0,1.0,1.0,1.0,1.0,1.0
1397,d20659149c14557c,True,1.0,1.0,1.0,1.0,1.0,1.0,1.0
1398,56587c89d25856b7,True,1.0,0.0,0.0,1.0,1.0,0.0,0.0
1399,cd828def214c571e,True,1.0,1.0,0.87633958362361,1.0,1.0,1.0,0.9484748265098375
1400,12ca80cc0d575578,True,1.0,1.0,1.0,1.0,1.0,1.0,1.0
1401,7e9101f6d01a53e0,True,1.0,1.0,0.10058871240495919,1.0,1.0,1.0,0.6252452968353996
1402,8d62f19202505230,True,1.0,0.0,0.0,1.0,1.0,1.0,0.0
1403,51259bf89422548a,True,1.0,1.0,0.7838001819195284,1.0,1.0,1.0,0.9099167424664701
1404,373abe824b3052a0,True,0.0,1.0,0.0,0.0,1.0,1.0,0.0
1405,6e778c30490d5f50,True,1.0,1.0,0.5506819628344385,1.0,1.0,1.0,0.812784151181016
1406,4302a0a4b9f05b61,True,1.0,1.0,0.5191914708996108,1.0,1.0,1.0,0.7996631128748378
1407,255be1c4910b506e,True,1.0,1.0,0.7967801639076573,1.0,1.0,1.0,0.9153250682948572
1408,9f309ebf66645913,True,1.0,1.0,0.9379005466011022,1.0,1.0,1.0,0.9741252277504593
1409,0ebdf3a905ba522f,True,1.0,1.0,0.8632857239320315,1.0,1.0,1.0,0.9430357183050132
1410,3baa70a146f055d2,True,1.0,1.0,0.8039095931609838,1.0,1.0,1.0,0.9182956638170765
1411,b3b8a7989ba5519f,True,1.0,1.0,1.0,1.0,1.0,1.0,1.0
1412,9949b537feb55564,True,1.0,1.0,0.8895228942235729,1.0,1.0,1.0,0.9539678725931554
1413,80ea2a91b1845071,True,1.0,1.0,1.0,1.0,1.0,1.0,1.0
1414,1636385aa7ce5995,True,1.0,1.0,1.0,1.0,1.0,1.0,1.0
1415,ac7167da1d1a5342,True,0.0,0.0,0.0,0.0,1.0,1.0,0.0
1416,c9903c96ff4153fe,True,1.0,1.0,1.0,1.0,1.0,1.0,1.0
1417,b4f6a0719d2a5670,True,1.0,1.0,0.8438040394930341,1.0,1.0,1.0,0.9349183497887642
1418,b4175792b94a5cf2,True,1.0,1.0,1.0,1.0,1.0,1.0,1.0
1419,f7a474593242588b,True,1.0,1.0,0.9937693424450879,1.0,1.0,1.0,0.9974038926854533
1420,8364af67153a5193,True,1.0,0.0,0.0,1.0,1.0,1.0,0.0
1421,31cdd1b336305b1a,True,1.0,0.0,0.0,1.0,1.0,1.0,0.0
1422,05d0a1a763fc5334,True,1.0,1.0,1.0,1.0,1.0,1.0,1.0
1423,c3a9557ccfb5517c,True,1.0,1.0,0.9986321920686065,1.0,1.0,1.0,0.9994300800285861
1424,b42d7dc2a3975573,True,1.0,0.0,0.0,1.0,1.0,1.0,0.0
1425,3137903199f35224,True,1.0,1.0,0.6424222978288889,1.0,1.0,1.0,0.851009290762037
1426,08e2e519ac1e5226,True,1.0,1.0,1.0,1.0,1.0,1.0,1.0
1427,8673d97f94ae5700,True,1.0,1.0,0.9211313167916414,1.0,1.0,1.0,0.967138048663184
1428,efcc43b333075098,True,1.0,1.0,0.8800392343903718,1.0,1.0,1.0,0.9500163476626549
1429,e2c14ab1fbe350b1,True,1.0,1.0,0.5698867684724804,0.0,1.0,0.5,0.40411948686353355
1430,14a11185124a508b,True,1.0,1.0,0.8403595106529915,1.0,1.0,1.0,0.9334831294387463
1431,5cffd130ff2c510a,True,1.0,1.0,0.8471474594432656,1.0,1.0,1.0,0.936311441434694
1432,06753f6c597f512b,True,1.0,1.0,1.0,1.0,1.0,1.0,1.0
1433,33fcb42a03535525,True,1.0,1.0,0.7544045442985459,1.0,1.0,1.0,0.897668560124394
1434,0e08da5fbc735956,True,1.0,1.0,0.6934082404412589,1.0,1.0,1.0,0.8722534335171912
1435,a7fb000f96b35f94,True,1.0,1.0,1.0,1.0,1.0,1.0,1.0
1436,7b13f467f23c5a2b,True,1.0,1.0,1.0,0.0,1.0,1.0,0.5833333333333334
1437,be3551ae467a579e,True,1.0,0.0,0.0,1.0,1.0,0.0,0.0
1438,0f31cc38f9f55c9a,True,1.0,1.0,0.7418654878791131,1.0,1.0,0.5,0.8924439532829638
1439,19611832f7595b10,True,0.0,0.0,0.0,0.0,1.0,0.5,0.0
1440,f24100a519ef5940,True,1.0,1.0,0.9138178776339023,1.0,1.0,1.0,0.9640907823474594
1441,8fc41f783d475448,True,1.0,1.0,1.0,1.0,1.0,1.0,1.0
1442,74707039ce5550d1,True,1.0,1.0,0.7717174972162838,1.0,1.0,1.0,0.9048822905067849
1443,650d84864184549e,True,1.0,1.0,0.5608172969896722,1.0,1.0,1.0,0.8170072070790301
1444,317f5b44a4615e30,True,1.0,1.0,0.9694537405205709,1.0,1.0,1.0,0.9872723918835712
1445,4f6abcc897955dfd,True,1.0,1.0,1.0,1.0,1.0,0.0,1.0
1446,3aff98e018195468,True,1.0,1.0,0.9284281800563657,1.0,1.0,1.0,0.9701784083568191
1447,e45aa663bd0756d9,True,1.0,0.0,0.0,1.0,1.0,1.0,0.0
1448,69a4cff1f35655ff,True,1.0,1.0,0.356471797316524,1.0,1.0,1.0,0.731863248881885
1449,283f39e817575b93,True,1.0,1.0,0.7348208360515108,1.0,1.0,1.0,0.8895086816881296
1450,79d36fbd8d115f06,True,1.0,0.0,0.0,1.0,1.0,0.5,0.0
1451,2f1f5a4351e15458,True,1.0,1.0,0.8675477660227225,1.0,1.0,1.0,0.9448115691761343
1452,0b5b1309df2f5627,True,1.0,1.0,0.669164070200004,1.0,1.0,1.0,0.8621516959166683
1453,537935a8e7b653f2,True,1.0,1.0,0.5533843145310197,1.0,1.0,1.0,0.8139101310545915
1454,c73914d4fedc513f,True,1.0,1.0,0.8314182407644399,1.0,1.0,1.0,0.9297576003185166
1455,c05f89f644505f4c,True,1.0,1.0,0.7976320231139622,1.0,1.0,1.0,0.9156800096308176
1456,355dadd64723531e,True,1.0,1.0,0.9411619081858054,1.0,1.0,1.0,0.9754841284107522
1457,2a49de57fddb59bc,True,1.0,1.0,1.0,0.0,1.0,1.0,0.5833333333333334
1458,3a3297d21e905b02,True,1.0,1.0,0.6558839683120385,1.0,1.0,1.0,0.856618320130016
1459,e0190f0059145fc6,True,1.0,1.0,1.0,1.0,1.0,1.0,1.0
1460,2243d4e976fb5b77,True,1.0,1.0,1.0,1.0,1.0,1.0,1.0
1461,47e0ff3bc36a5f69,True,1.0,1.0,0.5870256518917838,1.0,1.0,1.0,0.8279273549549099
1462,81286af2aa9c5e17,True,1.0,1.0,0.5072653906711965,1.0,1.0,1.0,0.7946939127796652
1463,6d5f5983c8eb5615,True,1.0,1.0,0.7936737170142931,1.0,1.0,1.0,0.9140307154226223
1464,ba9d1824bc8c5e7d,True,1.0,1.0,0.6815086330156177,1.0,1.0,1.0,0.8672952637565073
1465,8de5173c05ee56f5,True,1.0,0.0,0.0,1.0,1.0,0.0,0.0
1466,ab6e020759565f9f,True,1.0,1.0,0.7697221364123354,1.0,1.0,1.0,0.9040508901718064
1467,b6a62a2356885962,True,1.0,1.0,0.6475877301364957,1.0,1.0,1.0,0.8531615542235399
1468,b1bcfdce40d5572e,True,1.0,1.0,0.7844115041184375,1.0,1.0,0.5,0.9101714600493489
1469,d07c624bab3d5a61,True,1.0,1.0,0.8926499865904375,1.0,1.0,1.0,0.9552708277460157
1470,a0f499d0aab45bab,True,0.0,1.0,0.0,0.0,1.0,1.0,0.0
1471,4256146a0b765876,True,1.0,1.0,1.0,1.0,1.0,1.0,1.0
1472,39fde97003dd540e,True,1.0,1.0,0.7296135412117782,1.0,1.0,1.0,0.8873389755049076
1473,8e9c1bb8232c5a14,True,1.0,0.0,0.0,1.0,1.0,1.0,0.0
1474,bdb0947d0c835022,True,1.0,1.0,1.0,1.0,1.0,1.0,1.0
1475,0b232677746253a0,True,1.0,1.0,1.0,1.0,1.0,0.5,1.0
1476,b26b54b014205d5c,True,1.0,0.0,0.0,1.0,1.0,1.0,0.0
1477,e3ce6f2ef9765b9a,True,1.0,1.0,0.9510513903791246,1.0,1.0,1.0,0.9796047459913019
1478,a73f7d7149c45478,True,1.0,1.0,0.6800629088240224,1.0,1.0,1.0,0.866692878676676
1479,8390620a5e745bfa,True,1.0,1.0,0.04619573093299549,1.0,1.0,1.0,0.6025815545554148
1480,21b54e6d58985ae3,True,1.0,1.0,1.0,1.0,1.0,1.0,1.0
1481,69bcdc8c577252f4,True,1.0,1.0,1.0,1.0,1.0,1.0,1.0
1482,4a55d9d08b7752e8,True,1.0,1.0,0.6394703557622837,1.0,1.0,1.0,0.8497793149009515
1483,a58d5374dae0552a,True,1.0,1.0,0.7666144597888667,1.0,1.0,1.0,0.9027560249120278
1484,deb8de65573253b7,True,1.0,1.0,1.0,1.0,1.0,1.0,1.0
1485,88152114a47d5175,True,1.0,1.0,1.0,1.0,1.0,1.0,1.0
1486,7e238e859ebb5720,True,0.0,1.0,0.0,0.0,1.0,0.0,0.0
1487,bf478a1422445c12,True,1.0,1.0,0.7981278908591604,1.0,1.0,1.0,0.9158866211913169
1488,8067c4f48fe45421,True,1.0,1.0,0.9642342386231293,1.0,1.0,1.0,0.9850975994263038
1489,03143ef8f2f65a2f,True,1.0,1.0,0.5615956677975389,1.0,1.0,1.0,0.8173315282489746
1490,84ed0a5827f656d8,True,1.0,1.0,0.852152211440218,1.0,1.0,1.0,0.9383967547667575
1491,816a869e91ae5d17,True,1.0,1.0,1.0,1.0,1.0,1.0,1.0
1492,24e453c47f635ae2,True,1.0,1.0,0.7555176400308007,1.0,1.0,1.0,0.8981323500128336
1493,dd9efbb06b495921,True,1.0,1.0,0.6230611643628424,1.0,1.0,1.0,0.842942151817851
1494,d38070017e4e53c3,True,1.0,0.0,0.0,1.0,1.0,1.0,0.0
1495,a4f2f32aa59f53b9,True,1.0,1.0,0.9216193536774522,1.0,1.0,1.0,0.9673413973656051
1496,f05325ffb9425a4b,True,1.0,1.0,1.0,1.0,1.0,1.0,1.0
1497,d5b21176c2e1526c,True,1.0,1.0,0.9893483345331543,1.0,1.0,1.0,0.995561806055481
1498,b7e7604c72e051da,True,1.0,1.0,1.0,1.0,1.0,1.0,1.0
1499,de0726643f515304,True,1.0,1.0,0.8339206819584579,1.0,1.0,1.0,0.9308002841493574
1500,4826c59b43f6568a,True,1.0,1.0,0.8277104347841692,1.0,1.0,1.0,0.9282126811600705
1501,d496c44726c35e33,True,1.0,1.0,1.0,1.0,1.0,1.0,1.0
1502,e5e1dbb69578517b,True,1.0,1.0,0.6248385056062187,1.0,1.0,1.0,0.8436827106692578
1503,ba7d6b30a3a15384,True,1.0,1.0,0.7965306537398994,1.0,1.0,1.0,0.9152211057249581
1504,54b1308d42085066,True,1.0,1.0,0.9136955408166813,1.0,1.0,1.0,0.9640398086736172
1505,d3d9e16508ae5756,True,1.0,0.0,0.0,1.0,1.0,1.0,0.0
1506,70322003ab525a2e,True,1.0,0.0,0.0,1.0,1.0,1.0,0.0
1507,2087ff145dae502d,True,1.0,1.0,1.0,1.0,1.0,1.0,1.0
1508,50209c502bd157c8,True,1.0,1.0,0.370305040328924,1.0,1.0,1.0,0.7376271001370517
1509,6d3bb2ecca3e54b4,True,1.0,0.0,0.0,1.0,1.0,1.0,0.0
1510,03eef9b11774564f,True,0.0,1.0,0.0,0.0,1.0,0.5,0.0
1511,02b68b9cc51f506a,True,1.0,1.0,0.6797047062603812,1.0,1.0,1.0,0.866543627608492
1512,0f622aef14545f59,True,1.0,1.0,0.8251001208212266,1.0,1.0,1.0,0.9271250503421777
1513,2376e90f1bf85c50,True,1.0,1.0,1.0,1.0,1.0,1.0,1.0
1514,c9f0c60627ba5237,True,1.0,1.0,0.8772945841119879,1.0,1.0,1.0,0.9488727433799949
1515,8a02c25b58bb5a2b,True,1.0,1.0,1.0,1.0,1.0,1.0,1.0
1516,c32ae6a1954651ec,True,1.0,1.0,0.865897116265356,1.0,1.0,1.0,0.9441237984438984
1517,d4f972826d645ca8,True,1.0,1.0,0.7074442371397006,1.0,1.0,1.0,0.8781017654748752
1518,cdae0433bb5d5b9e,True,1.0,1.0,1.0,1.0,1.0,1.0,1.0
1519,28113a97a08b5ff1,True,1.0,1.0,1.0,1.0,1.0,1.0,1.0
1520,63f4362f90ef55a1,True,1.0,1.0,0.8976011430345253,0.0,1.0,1.0,0.5406671429310522
1521,581a74871330567f,True,1.0,1.0,1.0,1.0,1.0,1.0,1.0
1522,cd72b9f6b03f5f41,True,0.0,1.0,0.0,0.0,1.0,1.0,0.0
1523,2d4d907377f35695,True,1.0,1.0,0.7795398044196888,1.0,1.0,1.0,0.9081415851748703
1524,c29fb70bf1d056ca,True,1.0,1.0,1.0,1.0,1.0,1.0,1.0
1525,143989e6ed115458,True,1.0,1.0,0.8528061951531851,1.0,1.0,1.0,0.9386692479804939
1526,c37a081992495a0e,True,1.0,1.0,0.9890413938021501,1.0,1.0,1.0,0.9954339140842293
1527,d2937fdb8d605a73,True,1.0,1.0,0.7464447051374584,1.0,1.0,1.0,0.894351960473941
1528,0e0e30877d725664,True,1.0,1.0,0.981255226860055,1.0,1.0,1.0,0.9921896778583562
1529,043524c9126f5893,True,1.0,1.0,0.699618967026114,1.0,1.0,1.0,0.8748412362608807
1530,c2cfb091173a5ca2,True,1.0,1.0,1.0,1.0,1.0,1.0,1.0
1531,1d612d6783845a87,True,1.0,1.0,0.9333097963312564,1.0,1.0,1.0,0.9722124151380235
1532,3770407dcc67520c,True,1.0,0.0,0.0,1.0,1.0,0.0,0.0
1533,e92c94f8bdcc54c6,True,1.0,1.0,0.911130603159882,1.0,1.0,1.0,0.962971084649951
1534,11d091d0bd985e5e,True,1.0,1.0,0.5833237131145921,1.0,1.0,1.0,0.8263848804644134
1535,4768080b04d5530e,True,1.0,1.0,0.9031243636298003,1.0,1.0,1.0,0.9596351515124167
1536,2f525b2a3cf35331,True,1.0,1.0,0.9811446521242245,1.0,1.0,1.0,0.9921436050517602
1537,7a18ceb376d859c1,True,1.0,1.0,0.7369066606497605,1.0,1.0,1.0,0.8903777752707335
1538,e59a5171c33c5af9,True,1.0,1.0,0.9813811161688663,1.0,1.0,1.0,0.9922421317370276
1539,10b9d1b254f35a74,True,1.0,1.0,0.6745084480288787,1.0,1.0,1.0,0.8643785200120329
1540,92838ad73bf95b3a,True,1.0,1.0,0.6435276525430267,1.0,1.0,1.0,0.8514698552262612
1541,4e27d27410c85f81,True,1.0,1.0,0.8079698766964805,1.0,1.0,1.0,0.9199874486235334
1542,ef5dcc2415915678,True,1.0,1.0,0.9778478739192669,1.0,1.0,1.0,0.9907699474663612
1543,08ebfd6fbc145517,True,1.0,1.0,0.9061519964445228,1.0,1.0,1.0,0.9608966651852179
1544,5f2d040ee3bf5c6e,True,1.0,1.0,0.8188069758793352,1.0,1.0,0.0,0.9245029066163898
1545,efe7a294e40e5508,True,1.0,1.0,1.0,0.0,1.0,1.0,0.5833333333333334
1546,fe6db2d0c7025b8a,True,1.0,1.0,1.0,1.0,1.0,1.0,1.0
1547,55bb551a2aa85849,True,1.0,1.0,0.877638990450551,1.0,1.0,1.0,0.9490162460210629
1548,8781cde1032354cb,True,1.0,1.0,1.0,1.0,1.0,1.0,1.0
1549,d1af94a471135add,True,1.0,1.0,0.741219851020774,1.0,1.0,1.0,0.8921749379253225
1550,25e2cda283355b76,True,1.0,1.0,0.9165190402687471,1.0,1.0,1.0,0.9652162667786447
1551,5fe40d882c3b545f,True,1.0,1.0,1.0,1.0,1.0,1.0,1.0
1552,415b05ca44da5fbb,True,1.0,1.0,1.0,1.0,1.0,1.0,1.0
1553,ae643fddc1195062,True,1.0,1.0,1.0,1.0,1.0,1.0,1.0
1554,4d718caa6ebc5b37,True,1.0,1.0,0.6868107087203974,1.0,1.0,1.0,0.8695044619668323
1555,36e3e0f9a589578d,True,1.0,1.0,0.5761432227278807,1.0,1.0,1.0,0.8233930094699503
1556,5ad705654fd3547d,True,1.0,1.0,0.8099808141217876,1.0,1.0,1.0,0.9208253392174116
1557,c13f0e8db9b15c69,True,1.0,1.0,1.0,1.0,1.0,1.0,1.0
1558,0769a262b53b589e,True,1.0,1.0,0.6862912097560983,1.0,1.0,1.0,0.8692880040650409
1559,45408d0676b7570c,True,1.0,1.0,0.8324671357716693,1.0,1.0,1.0,0.9301946399048622
1560,ec5e157a5222534d,True,1.0,0.0,0.0,1.0,1.0,1.0,0.0
1561,8f41958d23a65c48,True,1.0,0.0,0.0,1.0,1.0,0.0,0.0
1562,d94860755c1f5594,True,1.0,1.0,0.8815139420515022,1.0,1.0,1.0,0.950630809188126
1563,199a2738284e52c9,True,1.0,1.0,1.0,1.0,1.0,1.0,1.0
1564,e7daf964463c530b,True,1.0,1.0,1.0,1.0,1.0,0.0,1.0
1565,1f211666d4465388,True,1.0,1.0,0.7552800299203927,1.0,1.0,1.0,0.8980333458001636
1566,912bc19c43a15d8d,True,1.0,1.0,0.7443237062265275,1.0,1.0,1.0,0.8934682109277198
1567,683e518fbfa650d5,True,1.0,1.0,1.0,1.0,1.0,1.0,1.0
1568,1ab2fedfbb4b5c2f,True,1.0,1.0,0.7628271283461724,1.0,1.0,1.0,0.9011779701442385
1569,1e1878076a0b52d6,True,1.0,1.0,0.8697911085991304,1.0,1.0,1.0,0.9457462952496377
1570,77919997d5c352d8,True,1.0,1.0,1.0,1.0,1.0,1.0,1.0
1571,1cffb22700735548,True,1.0,1.0,1.0,1.0,1.0,1.0,1.0
1572,ec8a3deaeb1a53ac,True,1.0,1.0,0.8697325364143247,1.0,1.0,1.0,0.9457218901726353
1573,3ce72ef7e80855e2,True,1.0,1.0,0.8635123192412645,1.0,1.0,1.0,0.9431301330171934
1574,cfc9186dc53b5d4a,True,1.0,1.0,0.904338938388906,1.0,1.0,1.0,0.9601412243287109
1575,a2ed8d7503b85e2d,True,1.0,1.0,0.8151128657296101,1.0,1.0,1.0,0.9229636940540041
1576,55bd10ac74585a12,True,1.0,1.0,1.0,1.0,1.0,1.0,1.0
1577,a4ba9521736a59f9,True,0.5,0.0,0.0,0.0,1.0,0.5,0.0
1578,71dedbc865b25faf,True,1.0,0.0,0.0,1.0,1.0,1.0,0.0
1579,6ff86f7f95cb502a,True,1.0,1.0,1.0,1.0,1.0,1.0,1.0
1580,c6c94bd6691c5008,True,1.0,1.0,1.0,1.0,1.0,1.0,1.0
1581,2e586c7da7c55eb3,True,1.0,1.0,1.0,1.0,1.0,1.0,1.0
1582,9a24a904a324581d,True,1.0,1.0,1.0,1.0,1.0,1.0,1.0
1583,2de709220e34507e,True,1.0,1.0,0.7841139404482953,1.0,1.0,1.0,0.9100474751867896
1584,ae3496e6ce435e73,True,1.0,1.0,1.0,1.0,1.0,1.0,1.0
1585,02bfb6340c185b97,True,1.0,1.0,0.7357036213027038,1.0,1.0,1.0,0.8898765088761266
1586,8a540001f3f0514d,True,1.0,1.0,0.944976644073067,1.0,1.0,1.0,0.9770736016971112
1587,2189449ddbf65bff,True,1.0,1.0,0.8462758393536274,1.0,1.0,1.0,0.9359482663973447
1588,d8f68111f5145cc9,True,1.0,1.0,0.9076036320010348,1.0,1.0,1.0,0.9615015133337644
1589,ef7fb2d0c7bf52a4,True,1.0,0.0,0.0,1.0,1.0,1.0,0.0
1590,98045d12586d50b6,True,1.0,0.0,0.0,1.0,1.0,1.0,0.0
1591,602c93fe201356c2,True,1.0,1.0,1.0,1.0,1.0,1.0,1.0
1592,f55c530f3875533f,True,1.0,1.0,0.8387461565710342,1.0,1.0,1.0,0.9328108985712643
1593,1f5144778210505c,True,1.0,1.0,1.0,0.0,1.0,1.0,0.5833333333333334
1594,0c8b9f08bfa25dc2,True,1.0,1.0,1.0,1.0,0.0,1.0,0.8333333333333334
1595,4ed6b1b83e0c5bbe,True,1.0,0.0,0.0,1.0,1.0,1.0,0.0
1596,6f0e15842e1b5924,True,1.0,1.0,0.8358779356835672,1.0,1.0,1.0,0.9316158065348197
1597,7ba76233a35553c2,True,1.0,1.0,1.0,1.0,1.0,1.0,1.0
1598,c772799eaf1f5ad1,True,1.0,1.0,0.7314321785697137,1.0,1.0,1.0,0.888096741070714
1599,8179a26d74615228,True,1.0,1.0,0.8665729348572029,1.0,1.0,1.0,0.9444053895238346
1600,2743a2f96269577c,True,1.0,1.0,0.9003881636333088,1.0,1.0,1.0,0.9584950681805453
1601,3ffbf8596e7655ec,True,0.0,1.0,0.0,0.0,1.0,1.0,0.0
1602,a916c0c016825703,True,1.0,1.0,1.0,1.0,1.0,1.0,1.0
1603,7a3e0625f3c751ce,True,1.0,1.0,0.7943516183344939,1.0,1.0,1.0,0.9143131743060392
1604,9b0b6d3472465b35,True,1.0,1.0,1.0,1.0,1.0,1.0,1.0
1605,342982275eb15441,True,1.0,1.0,0.7145947995276263,1.0,1.0,1.0,0.8810811664698442
1606,22a3a112a0485c4c,True,1.0,1.0,1.0,1.0,1.0,1.0,1.0
1607,1108eba0b4415340,True,1.0,1.0,0.8514393400178376,1.0,1.0,1.0,0.9380997250074324
1608,b7453f77be5b53df,True,1.0,1.0,0.7740213081090993,1.0,1.0,1.0,0.9058422117121246
1609,12d426c6727d507a,True,1.0,1.0,0.6215892518641758,1.0,1.0,1.0,0.8423288549434066
1610,2541de938ff15eee,True,1.0,1.0,0.7367299424063509,1.0,1.0,1.0,0.8903041426693129
1611,a61b9afbe5d857b1,True,1.0,1.0,0.7917091357166217,1.0,1.0,1.0,0.9132121398819257
1612,354ac12e8832565a,True,0.0,1.0,0.0,0.0,1.0,1.0,0.0
1613,60826aa0bcfc5225,True,1.0,1.0,1.0,1.0,1.0,1.0,1.0
1614,a698a93fec1e57fa,True,1.0,1.0,0.8134686914208745,1.0,1.0,1.0,0.9222786214253643
1615,93bdcee4c814567c,True,1.0,1.0,0.7590730678539264,1.0,1.0,1.0,0.8996137782724692
1616,02ff5ce64ad75584,True,1.0,1.0,0.958423528589795,1.0,1.0,1.0,0.9826764702457479
1617,a7f3d88fe5e5534e,True,1.0,1.0,0.8601551076581248,1.0,1.0,1.0,0.9417312948575519
1618,98b148d419725caa,True,1.0,1.0,0.762214018530492,1.0,1.0,1.0,0.9009225077210384
1619,acd0bceedc6852c2,True,1.0,1.0,0.7754116028294279,1.0,1.0,1.0,0.9064215011789282
1620,50d6986491d3510a,True,1.0,1.0,0.5808525531234344,0.0,1.0,1.0,0.40868856380143104
1621,7aeb6cedbf4353ef,True,1.0,1.0,0.8542455812025019,1.0,1.0,1.0,0.9392689921677091
1622,64883fdea50b5b8c,True,1.0,1.0,0.9306001207886858,1.0,1.0,1.0,0.9710833836619525
1623,ee8e4ad158ef5a8d,True,1.0,1.0,1.0,1.0,1.0,1.0,1.0
1624,e952dd35343958d8,True,1.0,1.0,0.8060450605547391,1.0,1.0,1.0,0.9191854418978079
1625,f9a9b5ee707e501e,True,1.0,1.0,0.9209946583527606,0.0,1.0,1.0,0.550414440980317
1626,e8d7197f07635cfb,True,1.0,1.0,1.0,1.0,1.0,1.0,1.0
1627,96eed7e55d4c5f8b,True,1.0,0.0,0.0,1.0,1.0,1.0,0.0
1628,6410f5684be757b5,True,1.0,1.0,1.0,0.0,1.0,1.0,0.5833333333333334
1629,6b5a3fa1663e5a8d,True,1.0,1.0,0.6005768120817437,1.0,1.0,1.0,0.8335736717007265
1630,6d088615a8c05649,True,0.0,1.0,0.0,0.0,1.0,1.0,0.0
1631,582a4716d1bd55bc,True,1.0,1.0,0.8672872741858318,1.0,1.0,1.0,0.9447030309107634
1632,406564d5dc7358f6,True,1.0,1.0,1.0,1.0,1.0,1.0,1.0
1633,3d11d1a35e8f500d,True,1.0,1.0,0.7849663229982626,1.0,1.0,1.0,0.9104026345826094
1634,c2b5ebf8ace851ea,True,1.0,1.0,1.0,1.0,1.0,1.0,1.0
1635,c354c8cf3c975581,True,1.0,0.0,0.0,1.0,1.0,0.0,0.0
1636,32648fe3eaa45ed1,True,1.0,1.0,0.9168009323404683,1.0,1.0,1.0,0.9653337218085284
1637,aa2962e446b45e1f,True,1.0,1.0,0.8122930944073674,1.0,1.0,1.0,0.9217887893364031
1638,5955c4ef15c75350,True,1.0,1.0,0.9524030510396546,1.0,1.0,1.0,0.9801679379331895
1639,c404e4b4b7a455d3,True,1.0,1.0,1.0,1.0,1.0,1.0,1.0
1640,064018bfafb05f56,True,1.0,1.0,0.9856414920545596,1.0,1.0,1.0,0.9940172883560665
1641,a75ca6ddabc1541b,True,1.0,1.0,1.0,1.0,1.0,1.0,1.0
1642,3ef30aa787de56fa,True,1.0,1.0,1.0,1.0,1.0,1.0,1.0
1643,6919975cab1c5345,True,1.0,1.0,0.6100166797494025,1.0,1.0,1.0,0.8375069498955844
1644,d94a8579682651b4,True,1.0,1.0,0.6306967187972503,1.0,1.0,1.0,0.8461236328321876
1645,f07e680e53135311,True,1.0,1.0,1.0,0.0,1.0,1.0,0.5833333333333334
1646,e2efd574ab0b56a2,True,1.0,1.0,1.0,1.0,1.0,1.0,1.0
1647,243480f0f2545b3b,True,1.0,1.0,1.0,0.0,1.0,1.0,0.5833333333333334
1648,c45fc2b353c655af,True,1.0,1.0,0.9053466091252549,1.0,1.0,1.0,0.9605610871355229
1649,a25c025ea58d5409,True,1.0,0.0,0.0,1.0,1.0,1.0,0.0
1650,5c1b8e332d105b79,True,1.0,0.0,0.0,1.0,1.0,1.0,0.0
1651,f16fe36eef2b5157,True,1.0,1.0,1.0,1.0,1.0,1.0,1.0
1652,7f0309b4cbb85029,True,1.0,1.0,0.7606229893777663,1.0,1.0,1.0,0.9002595789074026
1653,abdc7a57df4a56cd,True,1.0,1.0,1.0,1.0,1.0,1.0,1.0
1654,e706a9c88e625828,True,1.0,1.0,0.8356240074546077,1.0,1.0,1.0,0.9315100031060867
1655,a5de46cebb7d5260,True,1.0,1.0,0.6099323830405953,1.0,1.0,1.0,0.8374718262669147
1656,8cd3d83dd4825865,True,1.0,1.0,0.8418955480026927,1.0,1.0,1.0,0.9341231450011219
1657,2fc619c5acbe54b8,True,1.0,1.0,0.8211361377700662,1.0,1.0,1.0,0.9254733907375275
1658,96cb1a2412095a90,True,0.0,1.0,0.0,0.0,1.0,0.5,0.0
1659,619d1afc63c35621,True,1.0,0.0,0.0,1.0,1.0,1.0,0.0
1660,d54e58ba5e575ac0,True,1.0,1.0,1.0,1.0,1.0,1.0,1.0
1661,44cd06a315635c09,True,1.0,1.0,0.8855199318872452,0.0,1.0,1.0,0.5356333049530189
1662,4ac7a80ebf915458,True,1.0,1.0,1.0,0.0,1.0,1.0,0.5833333333333334
1663,b47df4a21c515394,True,0.0,1.0,0.0,0.0,1.0,1.0,0.0
1664,f3c7dc93e3bc57c1,True,1.0,1.0,0.8357891068177081,1.0,1.0,1.0,0.9315787945073785
1665,d6396ef1c0c55d33,True,1.0,1.0,0.867408464144292,1.0,1.0,1.0,0.9447535267267883
1666,74c77891a7d45a15,True,1.0,1.0,0.8163411860055024,1.0,1.0,1.0,0.9234754941689594
1667,bee76fa92b735b00,True,1.0,1.0,0.9921451587370999,0.0,1.0,1.0,0.580060482807125
1668,a04f86a92daf50ba,True,1.0,1.0,0.9747098797664498,1.0,1.0,1.0,0.9894624499026875
1669,055e7b577c645e2e,True,0.0,1.0,0.0,0.0,1.0,1.0,0.0
1670,43cfa12f279355aa,True,1.0,1.0,0.773113218952351,1.0,1.0,1.0,0.9054638412301462
1671,39b5d00781925b16,True,1.0,1.0,1.0,0.0,1.0,1.0,0.5833333333333334
1672,d10c269610375646,True,1.0,1.0,1.0,1.0,1.0,1.0,1.0
1673,001d444661b45635,True,1.0,1.0,0.8211347238051218,1.0,1.0,1.0,0.9254728015854674
1674,480325e1f5085385,True,1.0,1.0,1.0,1.0,1.0,1.0,1.0
1675,ff4125f507e35f9b,True,1.0,1.0,0.7602396852873379,1.0,1.0,1.0,0.9000998688697242
1676,f9f97f2e6d435822,True,1.0,1.0,0.814750840692243,1.0,1.0,1.0,0.9228128502884346
1677,ec611f7d00d85b31,True,1.0,1.0,1.0,1.0,1.0,1.0,1.0
1678,c8d4707fcc465f8b,True,1.0,1.0,0.8100562383510308,1.0,1.0,1.0,0.9208567659795962
1679,e05b464c21d0597d,True,1.0,1.0,1.0,1.0,1.0,1.0,1.0
1680,1b0f2e4276945f9a,True,1.0,1.0,1.0,1.0,1.0,1.0,1.0
1681,f6855b72b0aa57e2,True,1.0,1.0,0.8892390887605659,1.0,1.0,1.0,0.9538496203169023
1682,d9fdaff6c17659bc,True,1.0,1.0,0.7899154498993921,1.0,1.0,1.0,0.9124647707914134
1683,d9422fc7065e5b62,True,1.0,1.0,0.6310910064360149,1.0,1.0,1.0,0.8462879193483396
1684,c2072dd6a3f85da0,True,0.0,1.0,0.0,0.0,1.0,1.0,0.0
1685,77c3cf2f4a1a5f31,True,1.0,1.0,0.9855027139214192,1.0,1.0,1.0,0.9939594641339248
1686,5a90354cbaa45cc2,True,1.0,1.0,0.7692930124200129,1.0,1.0,1.0,0.9038720885083387
1687,d3484ba53e775a66,True,1.0,1.0,1.0,1.0,1.0,1.0,1.0
1688,fbc9981c30745684,True,0.5,0.0,0.0,0.0,1.0,1.0,0.0
1689,5fde0c8c8f4b5ecb,True,1.0,1.0,0.6395153099785795,1.0,1.0,0.0,0.8497980458244081
1690,385b1aa4b84c56bf,True,1.0,1.0,0.9233219393256455,1.0,1.0,1.0,0.9680508080523523
1691,de4facce62b05f57,True,1.0,1.0,0.8973809631247406,1.0,1.0,1.0,0.9572420679686419
1692,5e80270349cb530c,True,1.0,1.0,0.9362637426270202,1.0,1.0,1.0,0.9734432260945917
1693,65fd7014a79b5cba,True,1.0,1.0,0.7219713372854212,1.0,1.0,1.0,0.8841547238689255
1694,190c8d0cece45af1,True,1.0,1.0,1.0,1.0,1.0,1.0,1.0
1695,d113b39be843564f,True,1.0,1.0,0.8545908961488204,1.0,1.0,1.0,0.9394128733953419
1696,30d60ce25f4d552e,True,1.0,1.0,0.9145521939298751,1.0,1.0,1.0,0.9643967474707814
1697,efca142f8d93518b,True,1.0,1.0,0.7670324778004668,1.0,1.0,1.0,0.9029301990835279
1698,3ea43d5abad05188,True,1.0,1.0,0.8342382112575953,1.0,1.0,1.0,0.9309325880239981
1699,e26d616b5c4b5642,True,1.0,1.0,1.0,1.0,1.0,1.0,1.0
1700,e1950bc54da65383,True,1.0,1.0,1.0,0.0,1.0,1.0,0.5833333333333334
1701,a82f1c8ad27d53cc,True,1.0,1.0,0.9758567585197974,0.0,1.0,1.0,0.5732736493832489
1702,ad2ceb40a046543c,True,1.0,1.0,1.0,1.0,1.0,1.0,1.0
1703,e54d6de2e70157b0,True,1.0,1.0,1.0,1.0,1.0,1.0,1.0
1704,21f55c28bb945892,True,1.0,1.0,0.673531914726788,1.0,1.0,1.0,0.8639716311361617
1705,b7f1861bff9c514e,True,0.0,1.0,0.0,0.0,1.0,0.0,0.0
1706,d55aac327e4451ba,True,1.0,1.0,0.9016595325183584,0.0,1.0,1.0,0.542358138549316
1707,c20652fc6a78529b,True,1.0,1.0,0.724016102118187,1.0,1.0,1.0,0.8850067092159112
1708,624b5f7f1f4a503e,True,0.0,0.0,0.0,0.0,1.0,0.0,0.0
1709,b2c0a19be09f5b76,True,1.0,1.0,0.8084509176470557,1.0,1.0,1.0,0.9201878823529398
1710,a9c368a110585b1a,True,1.0,1.0,1.0,1.0,1.0,0.5,1.0
1711,9406203fdb815e58,True,1.0,1.0,0.7196940259120691,1.0,1.0,1.0,0.8832058441300288
1712,534e6a7d7e8c528b,True,1.0,1.0,1.0,1.0,1.0,1.0,1.0
1713,7c150adbe5225f20,True,1.0,1.0,1.0,0.0,1.0,1.0,0.5833333333333334
1714,435eadb0f1fe5b49,True,1.0,1.0,0.8711511577461082,1.0,1.0,1.0,0.9463129823942117
1715,70ce3fce14785ae5,True,1.0,1.0,1.0,1.0,1.0,1.0,1.0
1716,a1e8639c17ac5089,True,0.0,1.0,0.0,0.0,1.0,1.0,0.0
1717,d20a475e7b1956bf,True,0.0,1.0,0.0,0.0,1.0,1.0,0.0
1718,9897a102ee075dee,True,1.0,1.0,1.0,1.0,1.0,1.0,1.0
1719,617ceb438e0d5324,True,1.0,1.0,1.0,0.0,1.0,1.0,0.5833333333333334
1720,3010009fcb295507,True,1.0,1.0,0.8436096506048483,1.0,1.0,1.0,0.9348373544186868
1721,ff9d7c14934b541e,True,1.0,1.0,0.7786659557457171,1.0,1.0,1.0,0.9077774815607155
1722,25a3a5bc491d521b,True,1.0,1.0,0.7007904778098526,1.0,1.0,1.0,0.8753293657541054
1723,7bf4d5a2cad05f50,True,1.0,1.0,0.7343646964485554,1.0,1.0,1.0,0.8893186235202314
1724,2dad1998a320527d,True,1.0,1.0,0.9207043155214779,1.0,1.0,1.0,0.9669601314672823
1725,2113dcf1e88b598e,True,1.0,1.0,1.0,1.0,1.0,1.0,1.0
1726,9389ef5de0935e29,True,1.0,1.0,0.5651786058378073,1.0,1.0,1.0,0.8188244190990863
1727,00c6aecefec9576c,True,1.0,1.0,0.6702742566055874,1.0,1.0,1.0,0.8626142735856615
1728,4554dbd136da53b8,True,1.0,1.0,0.9613652138589335,1.0,1.0,1.0,0.9839021724412222
1729,2c14c850f6645147,True,0.0,1.0,0.0,0.0,1.0,0.0,0.0
1730,c9a74fd5fd9e57c8,True,1.0,1.0,0.7389190599303435,1.0,1.0,1.0,0.8912162749709763
1731,16d3bf2e9bf75eb4,True,1.0,1.0,0.6183257526561299,1.0,1.0,1.0,0.8409690636067207
1732,4c24c3efe0e4519d,True,1.0,1.0,0.8215093283314472,1.0,1.0,1.0,0.9256288868047697
1733,1c3c37eeacd15c92,True,1.0,1.0,0.7477011089982656,1.0,1.0,1.0,0.8948754620826107
1734,3eaf6c916382509b,True,1.0,1.0,0.8786017727916827,1.0,1.0,1.0,0.9494174053298678
1735,42b065f7e76d50ed,True,1.0,1.0,1.0,1.0,1.0,1.0,1.0
1736,4d0df74bfb035f8a,True,1.0,1.0,0.6244850672060972,1.0,1.0,1.0,0.843535444669207
1737,bdb32e2af06e5bc9,True,1.0,1.0,1.0,1.0,1.0,1.0,1.0
1738,76a0c83f0b6453a0,True,0.0,1.0,0.0,0.0,1.0,1.0,0.0
1739,f211c8127aff5246,True,1.0,1.0,0.9795095935595911,1.0,1.0,1.0,0.9914623306498296
1740,222a07b15e165f6f,True,1.0,0.0,0.0,1.0,1.0,1.0,0.0
1741,19f8a93df08452b5,True,1.0,1.0,0.7899066057657229,1.0,1.0,1.0,0.9124610857357179
1742,0e74f7b5b7c45c1b,True,1.0,1.0,0.8060030773089722,1.0,1.0,1.0,0.9191679488787384
1743,9baf3c1d42b25070,True,1.0,1.0,1.0,1.0,1.0,1.0,1.0
1744,dc97241b7037592b,True,1.0,1.0,1.0,0.0,1.0,1.0,0.5833333333333334
1745,a460a03aab635f35,True,1.0,0.0,0.0,1.0,1.0,1.0,0.0
1746,deb455f53c805643,True,1.0,0.0,0.0,1.0,1.0,0.5,0.0
1747,02325da26296565c,True,1.0,1.0,1.0,0.0,1.0,1.0,0.5833333333333334
1748,0de3f9728fc651a6,True,1.0,1.0,0.9056344133972334,0.0,1.0,1.0,0.544014338915514
1749,693ca321449e5a83,True,1.0,1.0,0.7324292151499354,1.0,1.0,1.0,0.8885121729791398
1750,8d83f07bed9d5f6a,True,1.0,1.0,1.0,1.0,1.0,1.0,1.0
1751,2ec48f094e475d85,True,1.0,1.0,1.0,0.0,1.0,1.0,0.5833333333333334
1752,c5fb72e3a0855c1b,True,1.0,0.0,0.0,1.0,1.0,1.0,0.0
1753,398010cdaac05adc,True,1.0,1.0,0.9666927275799412,1.0,1.0,1.0,0.9861219698249754
1754,8ec53979117552c7,True,1.0,1.0,0.7315301929235395,1.0,1.0,1.0,0.8881375803848082
1755,15959d7a3d3a53f5,True,1.0,1.0,0.721591541900826,1.0,1.0,1.0,0.8839964757920109
1756,ade00f93385b5d14,True,1.0,1.0,1.0,1.0,1.0,1.0,1.0
1757,7ff27f83a8995932,True,1.0,1.0,1.0,1.0,1.0,1.0,1.0
1758,5fed3ec5ed1351c1,True,1.0,1.0,0.7034296104588468,0.0,1.0,1.0,0.45976233769118613
1759,4300f964edbd5ce4,True,1.0,1.0,1.0,1.0,1.0,1.0,1.0
1760,9b7ffde4ab9c53a5,True,1.0,1.0,1.0,1.0,1.0,1.0,1.0
1761,d796c1764d575153,True,0.0,1.0,0.0,0.0,1.0,1.0,0.0
1762,f3512ae175b45844,True,1.0,1.0,1.0,0.0,1.0,1.0,0.5833333333333334
1763,14d171fcb9295596,True,1.0,1.0,1.0,1.0,1.0,1.0,1.0
1764,7bb27993dd475c3d,True,1.0,1.0,1.0,1.0,1.0,1.0,1.0
1765,594e39f9024a5835,True,1.0,1.0,0.8463003779130995,1.0,1.0,1.0,0.9359584907971247
1766,1b3ed6f1e9b8574d,True,1.0,1.0,0.7542116997800948,1.0,1.0,1.0,0.8975882082417063
1767,a2978bba82bd5751,True,1.0,0.0,0.0,1.0,1.0,1.0,0.0
1768,9a03bf441e615cd6,True,1.0,1.0,0.8762180851632891,1.0,1.0,1.0,0.9484242021513705
1769,e6c8f0c4aaea52d7,True,1.0,1.0,1.0,1.0,1.0,1.0,1.0
1770,b528a0aa02695437,True,1.0,1.0,0.928920041855394,1.0,1.0,1.0,0.9703833507730808
1771,0c0044f312655c94,True,1.0,1.0,0.7504546895069676,1.0,1.0,1.0,0.8960227872945699
1772,580b253c853c5ef9,True,1.0,1.0,1.0,1.0,1.0,1.0,1.0
1773,c41b4666b98e5b92,True,1.0,1.0,0.8929393922607041,1.0,1.0,1.0,0.95539141344196
1774,a312f24a197d530c,True,1.0,1.0,0.8885807880251915,1.0,1.0,1.0,0.9535753283438297
1775,2805fe41d7d9543a,True,1.0,1.0,0.7073373630330642,1.0,1.0,1.0,0.8780572345971102
1776,bfb373d958725fc8,True,1.0,1.0,1.0,1.0,1.0,1.0,1.0
1777,8436ac812af859df,True,1.0,1.0,1.0,1.0,1.0,1.0,1.0
1778,5992423b009757f2,True,1.0,1.0,0.7676874343612505,1.0,1.0,1.0,0.903203097650521
1779,236914bd075052ca,True,1.0,1.0,0.7945689721024509,1.0,1.0,1.0,0.9144037383760212
1780,ab66df989bcc56aa,True,1.0,1.0,0.9517387753502642,1.0,1.0,1.0,0.9798911563959435
1781,1a1f73871bea5afa,True,1.0,1.0,0.7312835125289824,1.0,1.0,1.0,0.888034796887076
1782,125839faad9a5f7d,True,1.0,1.0,1.0,1.0,1.0,1.0,1.0
1783,6c81fef5b490580a,True,1.0,1.0,0.8364717352151085,1.0,1.0,0.0,0.9318632230062952
1784,d719f6e5de715f5a,True,1.0,1.0,1.0,0.0,1.0,1.0,0.5833333333333334
1785,af5f095a4d815525,True,1.0,1.0,1.0,1.0,1.0,1.0,1.0
1786,d5f845d28a5e513f,True,1.0,1.0,0.798086367490774,1.0,1.0,1.0,0.9158693197878224
1787,c4e94b7583555176,True,1.0,1.0,1.0,1.0,1.0,1.0,1.0
1788,fa919203c245502d,True,1.0,1.0,0.796712200285803,1.0,1.0,1.0,0.9152967501190846
1789,2972c31a52275dc1,True,1.0,1.0,0.7873128211264112,1.0,1.0,1.0,0.9113803421360047
1790,00137a5ce92d591c,True,1.0,0.0,0.0,1.0,1.0,1.0,0.0
1791,6eac1c0e2bbd57bb,True,1.0,1.0,0.7961735450489347,1.0,1.0,0.5,0.9150723104370561
1792,223cdeaddc525446,True,1.0,1.0,0.9966127925963288,1.0,1.0,1.0,0.9985886635818036
1793,e80df2a74bfd5a22,True,1.0,1.0,0.9766005955599495,1.0,1.0,1.0,0.990250248149979
1794,5b1a620dcd675298,True,1.0,1.0,1.0,1.0,1.0,1.0,1.0
1795,647c05f9fa725528,True,1.0,1.0,0.581497862580145,1.0,1.0,1.0,0.8256241094083938
1796,8dac96b2393f5de9,True,1.0,1.0,0.8651857532334934,1.0,1.0,1.0,0.9438273971806224
1797,0b4c7130090c5e85,True,1.0,1.0,1.0,1.0,1.0,1.0,1.0
1798,efd90f7518445bef,True,1.0,1.0,1.0,1.0,1.0,1.0,1.0
1799,fca1702dec8a50c6,True,1.0,1.0,1.0,1.0,1.0,1.0,1.0
1800,ca85e7b7b71559b3,True,1.0,1.0,0.7611489485042298,1.0,1.0,1.0,0.9004787285434291
1801,8d90099a801d5682,True,1.0,1.0,1.0,1.0,1.0,1.0,1.0
1802,69976d75e3a5521e,True,1.0,1.0,1.0,0.0,1.0,1.0,0.5833333333333334
1803,03b33d7830ba522b,True,1.0,1.0,0.5659562375964855,1.0,1.0,1.0,0.8191484323318688
1804,9b0a5826d2d357d8,True,1.0,1.0,0.7238134005326374,1.0,1.0,1.0,0.8849222502219322
1805,61421159b240530d,True,1.0,1.0,1.0,1.0,1.0,1.0,1.0
1806,e55bd804e572502a,True,1.0,1.0,0.8544648738680278,1.0,1.0,1.0,0.9393603641116783
1807,4eb5bcde81245591,True,1.0,0.0,0.0,1.0,1.0,1.0,0.0
1808,8b1aea091a6f5a16,True,1.0,1.0,1.0,1.0,1.0,1.0,1.0
1809,9334f5a33c07587a,True,1.0,1.0,0.7420856292658492,1.0,1.0,1.0,0.8925356788607705
1810,e6ff5e16c5f25533,True,1.0,1.0,0.92916877292453,1.0,1.0,1.0,0.9704869887185542
1811,fb5265ab37085422,True,1.0,1.0,1.0,0.0,1.0,1.0,0.5833333333333334
1812,367ee5f18e345a72,True,1.0,1.0,0.877047304967302,1.0,1.0,1.0,0.9487697104030426
1813,0000548db87959c2,True,1.0,1.0,0.62321707571152,1.0,1.0,1.0,0.8430071148798
1814,5af27ca0b8135d9d,True,1.0,1.0,0.9570703860934219,1.0,1.0,1.0,0.982112660872259
1815,eb4bbe69b80d5f12,True,1.0,1.0,0.9603173503690745,1.0,1.0,1.0,0.983465562653781
1816,d84b338d48335e67,True,1.0,0.0,0.0,1.0,1.0,0.0,0.0
1817,c48cfa7c240d5808,True,1.0,1.0,0.8983051704010001,1.0,1.0,1.0,0.9576271543337501
1818,1a5f614c9b815e92,True,1.0,1.0,1.0,1.0,1.0,1.0,1.0
1819,6ecc4586af155c50,True,1.0,1.0,1.0,1.0,1.0,1.0,1.0
1820,63d80f7499fc5784,True,1.0,1.0,0.8878092102022787,1.0,1.0,1.0,0.9532538375842828
1821,1dc437ce152e55fa,True,1.0,1.0,0.7433934302888718,1.0,1.0,1.0,0.8930805959536966
1822,169528411ca85ba4,True,1.0,1.0,0.9243571393654009,1.0,1.0,1.0,0.9684821414022503
1823,f52211f2dec85537,True,1.0,1.0,0.925667439038746,1.0,1.0,1.0,0.9690280995994774
1824,584c0bd68dbb55e9,True,1.0,1.0,0.7191829794444032,1.0,1.0,1.0,0.8829929081018347
1825,9aea5cdc656458a0,True,1.0,1.0,1.0,1.0,1.0,1.0,1.0
1826,3fa9c77540225eae,True,1.0,1.0,1.0,1.0,1.0,1.0,1.0
1827,f1002f2d240c514e,True,1.0,1.0,0.7603051704838949,1.0,1.0,1.0,0.9001271543682895
1828,ecb0765ba5c05fa3,True,1.0,1.0,0.8825350531686466,1.0,1.0,1.0,0.9510562721536028
1829,436728a1202a5ae6,True,1.0,1.0,0.7465276769652037,1.0,1.0,1.0,0.8943865320688348
1830,c0e14f1288ca5066,True,1.0,1.0,0.9176425098419566,1.0,1.0,1.0,0.9656843791008152
1831,3748f0fadf395c8a,True,1.0,1.0,0.8725680551466365,1.0,1.0,0.0,0.9469033563110986
1832,c763328b4b3855b6,True,1.0,1.0,0.9832230506754327,1.0,1.0,1.0,0.993009604448097
1833,8ee3467219fc5c8a,True,1.0,1.0,0.6752242211249241,1.0,1.0,1.0,0.8646767588020516
1834,e0522da7328d5c9e,True,1.0,1.0,0.8333496094404399,1.0,1.0,1.0,0.93056233726685
1835,d01d51c26594547c,True,1.0,1.0,1.0,1.0,1.0,0.5,1.0
1836,0defa8939c9851ea,True,1.0,0.0,0.0,1.0,1.0,1.0,0.0
1837,a2cbf7c347a45c6e,True,1.0,1.0,1.0,1.0,1.0,1.0,1.0
1838,ed7a0f74484d58a8,True,1.0,1.0,1.0,1.0,1.0,1.0,1.0
1839,2802831d87ba5a55,True,1.0,1.0,0.6678081615448123,1.0,1.0,1.0,0.861586733977005
1840,70ee383e3b335c16,True,1.0,1.0,0.6832895930521409,1.0,1.0,1.0,0.868037330438392
1841,1c62222c7c0b522f,True,1.0,1.0,0.9532043588814999,1.0,1.0,1.0,0.980501816200625
1842,8635c0dd984c51f3,True,1.0,1.0,1.0,1.0,1.0,1.0,1.0
1843,b664ff6d2c185e31,True,1.0,1.0,1.0,1.0,1.0,1.0,1.0
1844,ecce119989c25ae9,True,1.0,1.0,0.9723152601206635,1.0,1.0,1.0,0.9884646917169432
1845,247ae110b0c454cb,True,0.0,1.0,0.0,0.0,1.0,1.0,0.0
1846,9a5799ace9455841,True,1.0,1.0,1.0,1.0,1.0,1.0,1.0
1847,3c3991ec8d7a5507,True,1.0,1.0,0.7461397216156587,1.0,1.0,1.0,0.8942248840065244
1848,526a568a22795441,True,0.0,1.0,0.0,0.0,1.0,0.0,0.0
1849,8733d5cc8ae956df,True,1.0,1.0,0.8490684196323687,1.0,1.0,1.0,0.9371118415134868
1850,734ef653644c55b9,True,1.0,1.0,0.9071344320673508,1.0,1.0,0.0,0.9613060133613961
1851,9d87610ffed85509,True,1.0,1.0,0.9664596704757242,1.0,1.0,1.0,0.9860248626982185
1852,1693d395bec753ae,True,1.0,1.0,1.0,1.0,1.0,1.0,1.0
1853,0ef7ecd9c0035467,True,1.0,1.0,0.7746778803958871,1.0,1.0,1.0,0.9061157834982864
1854,0cdeb48fac9d5292,True,1.0,0.0,0.0,1.0,1.0,1.0,0.0
1855,7d1fdeb7e341522d,True,0.0,1.0,0.0,0.0,1.0,1.0,0.0
1856,77f9c895af8b59f3,True,1.0,1.0,1.0,1.0,1.0,1.0,1.0
1857,ecdc079932755e4e,True,1.0,1.0,0.9526573295341418,1.0,1.0,1.0,0.9802738873058924
1858,647a42b4e5075f16,True,1.0,1.0,0.9367105974055487,1.0,1.0,1.0,0.9736294155856453
1859,4bc96604c1c85606,True,1.0,1.0,1.0,1.0,1.0,1.0,1.0
1860,19e90f2757b25f38,True,1.0,1.0,0.603772321636805,1.0,1.0,1.0,0.8349051340153354
1861,21d4990a6b4f597a,True,1.0,1.0,0.7254028462630361,1.0,1.0,1.0,0.8855845192762649
1862,3cb9b99bc4185d33,True,1.0,1.0,0.8529033823273668,1.0,1.0,1.0,0.9387097426364028
1863,6832568ebd835696,True,1.0,1.0,0.7533015677483625,1.0,1.0,1.0,0.8972089865618177
1864,39bbb12794ca56a3,True,1.0,1.0,0.6546714186832903,1.0,1.0,1.0,0.8561130911180376
1865,028613e11f415422,True,1.0,1.0,0.8915417723636895,1.0,1.0,1.0,0.9548090718182038
1866,f1992f61c13e5998,True,0.0,1.0,0.0,0.0,1.0,1.0,0.0
1867,9b3eda2685e75099,True,0.0,1.0,0.0,0.0,1.0,1.0,0.0
1868,afe269451bc757e1,True,1.0,1.0,0.5954659989257637,1.0,1.0,1.0,0.8314441662190681
1869,a4bc6340456351af,True,1.0,1.0,1.0,1.0,1.0,1.0,1.0
1870,3bae0e44f3095a9c,True,1.0,1.0,0.6624251750962448,1.0,1.0,1.0,0.8593438229567686
1871,38d08753fa4651c2,True,0.0,1.0,0.0,0.0,1.0,1.0,0.0
1872,15715849d362599e,True,1.0,1.0,0.7148041182169804,1.0,1.0,1.0,0.8811683825904085
1873,f1f463892f3d5bb7,True,1.0,1.0,0.8961518977904251,1.0,1.0,1.0,0.9567299574126772
1874,0c330f8c6d6658ee,True,1.0,1.0,0.8361236280685185,1.0,1.0,1.0,0.9317181783618826
1875,662212c87d0d5b09,True,1.0,1.0,0.9183390900384334,1.0,1.0,1.0,0.9659746208493472
1876,ad0beea498f15978,True,1.0,1.0,0.7623680463387237,1.0,1.0,1.0,0.9009866859744683
1877,f9720f622fd4511b,True,1.0,1.0,0.6241924758105228,1.0,1.0,1.0,0.8434135315877178
1878,6a090fe8d71a5f38,True,1.0,1.0,0.9414955362792115,1.0,1.0,1.0,0.9756231401163381
1879,6ac603d43fbb57ef,True,1.0,1.0,0.9088643205820075,1.0,1.0,1.0,0.9620268002425032
1880,b5a8b9b436b05bad,True,1.0,1.0,1.0,1.0,1.0,1.0,1.0
1881,fd9b66480e895706,True,1.0,1.0,0.7057043158715136,1.0,1.0,1.0,0.8773767982797973
1882,a04628cdd3f25947,True,1.0,1.0,0.8930789938544551,1.0,1.0,1.0,0.9554495807726896
1883,1a775d7198a654e0,True,1.0,1.0,0.8190626953444801,1.0,1.0,1.0,0.9246094563935333
1884,20ffc5c3de7c591a,True,1.0,1.0,0.5599262022933085,0.0,1.0,1.0,0.3999692509555452
1885,3338ad25c2cc59d1,True,1.0,1.0,0.47275013986896003,1.0,1.0,1.0,0.7803125582787334
1886,0e713cce7ce35df0,True,1.0,1.0,1.0,1.0,1.0,1.0,1.0
1887,e7b5da2135fc5303,True,1.0,1.0,1.0,1.0,1.0,1.0,1.0
1888,564bb94f846e5fe1,True,1.0,1.0,0.7955105642013671,1.0,1.0,1.0,0.9147960684172363
1889,4874da28248a5026,True,1.0,1.0,1.0,1.0,1.0,1.0,1.0
1890,3e96578a903d59d8,True,1.0,1.0,1.0,1.0,1.0,1.0,1.0
1891,7ed4005bb9385a16,True,1.0,1.0,0.8679386896931889,1.0,1.0,1.0,0.9449744540388286
1892,70b9e5ded0b057d7,True,1.0,1.0,1.0,0.0,1.0,1.0,0.5833333333333334
1893,2a3ab48ae28f5e90,True,1.0,1.0,0.8386976101817235,1.0,1.0,1.0,0.9327906709090513
1894,27bcec96f13c5426,True,1.0,1.0,1.0,1.0,1.0,1.0,1.0
1895,5f70e91ff9d250f5,True,1.0,1.0,0.7641242816366253,1.0,1.0,1.0,0.9017184506819271
1896,ee6d63d4e8b35518,True,0.0,1.0,0.0,0.0,1.0,1.0,0.0
1897,45f13336bbd35146,True,1.0,0.0,0.0,1.0,1.0,1.0,0.0
1898,be6f90f06bc35be3,True,1.0,1.0,0.6747901456763351,1.0,1.0,1.0,0.8644958940318063
1899,c4a50f520ab75da6,True,1.0,1.0,1.0,1.0,1.0,1.0,1.0
1900,6c8a49ddb7435fbf,True,1.0,1.0,1.0,0.0,1.0,0.0,0.5833333333333334
1901,ae7fdaafe2c250e6,True,1.0,1.0,1.0,1.0,1.0,1.0,1.0
1902,8c9e3fd944c051e3,True,1.0,1.0,1.0,1.0,1.0,1.0,1.0
1903,ab1fd108d5885b58,True,1.0,0.0,0.0,1.0,1.0,0.0,0.0
1904,adb5cfe871c55445,True,1.0,1.0,1.0,1.0,1.0,1.0,1.0
1905,3f269e7b5ced51fa,True,1.0,1.0,1.0,1.0,1.0,1.0,1.0
1906,c928d5d9ddc25082,True,1.0,1.0,1.0,1.0,1.0,1.0,1.0
1907,c4fbbd685a1953c5,True,1.0,1.0,0.8203344721257518,1.0,1.0,1.0,0.92513936338573
1908,cc9f9924e6f25e64,True,0.5,0.0,0.0,0.0,1.0,0.5,0.0
1909,676880c7e31252c0,True,1.0,1.0,0.6217936144622607,1.0,1.0,1.0,0.8424140060259419
1910,482601c870805c11,True,0.0,1.0,0.0,0.0,1.0,1.0,0.0
1911,3882f317a3f55e29,True,1.0,1.0,0.7440131062266399,1.0,1.0,1.0,0.8933387942611
1912,1e6597b57a335949,True,1.0,1.0,1.0,1.0,1.0,1.0,1.0
1913,26e8589d8c485726,True,1.0,1.0,0.9757400469837145,1.0,1.0,1.0,0.9898916862432143
1914,34a92bb4ef51562b,True,1.0,1.0,0.893186176850123,1.0,1.0,1.0,0.9554942403542178
1915,8bebc6662b36505f,True,1.0,1.0,0.7893000100284535,1.0,1.0,1.0,0.9122083375118556
1916,87100d8379c158cc,True,1.0,1.0,1.0,1.0,1.0,1.0,1.0
1917,96c3433ef79a5478,True,1.0,1.0,0.7412333876566769,1.0,1.0,1.0,0.8921805781902821
1918,e97ba617b7c059a7,True,1.0,1.0,1.0,1.0,1.0,0.0,1.0
1919,b9f3b69b160e5ad0,True,1.0,1.0,1.0,1.0,1.0,1.0,1.0
1920,815153cb27f95a7c,True,1.0,1.0,0.7867219281387389,1.0,1.0,1.0,0.9111341367244745
1921,4cc7fc580fe45bd1,True,1.0,1.0,1.0,1.0,1.0,1.0,1.0
1922,1e921882661b5a6b,True,1.0,1.0,0.695892332900996,1.0,1.0,1.0,0.8732884720420816
1923,0e198cad33c65494,True,1.0,1.0,0.7501549318365603,1.0,1.0,1.0,0.8958978882652335
1924,4da3c27db2495e9e,True,1.0,1.0,0.6102385389670134,1.0,1.0,1.0,0.8375993912362555
1925,b77b106f469055bd,True,1.0,1.0,0.7981709303715737,1.0,1.0,1.0,0.9159045543214891
1926,3dc04b54c3515f56,True,1.0,1.0,0.9724512540458541,1.0,1.0,1.0,0.9885213558524392
1927,2836705e16ba5691,True,1.0,1.0,0.9346338952907154,1.0,1.0,1.0,0.972764123037798
1928,b022550645ac5dbf,True,1.0,1.0,0.7721853594996502,1.0,1.0,1.0,0.9050772331248543
1929,866edd106b555de6,True,1.0,1.0,0.7805584239294896,1.0,1.0,0.5,0.9085660099706206
1930,6b7e5348100b5572,True,1.0,1.0,1.0,1.0,1.0,1.0,1.0
1931,82ee38a271b15bb1,True,1.0,0.0,0.0,1.0,1.0,1.0,0.0
1932,32e38b7677e15f69,True,1.0,1.0,0.9342989009073335,1.0,1.0,1.0,0.9726245420447223
1933,7ce6c5c094c55055,True,1.0,1.0,0.9056511183637134,1.0,1.0,1.0,0.9606879659848806
1934,e805310ff3055efa,True,1.0,1.0,1.0,1.0,1.0,1.0,1.0
1935,8a3c6c3502035e11,True,1.0,1.0,0.3075472113600981,1.0,1.0,0.5,0.7114780047333742
1936,3e053f89d1c55a7e,True,1.0,1.0,0.8853758997811224,0.0,1.0,1.0,0.5355732915754677
1937,06279fdb46815c6c,True,1.0,1.0,1.0,1.0,1.0,0.5,1.0
1938,b0c4bad4c4fa5060,True,1.0,1.0,1.0,1.0,1.0,1.0,1.0
1939,74d0c56b12f25f92,True,1.0,1.0,0.728918220828151,1.0,1.0,1.0,0.8870492586783962
1940,79e011726ebe5aa0,True,1.0,0.0,0.0,1.0,1.0,0.5,0.0
1941,20c8f9038443596e,True,1.0,1.0,0.8774466266021238,1.0,1.0,1.0,0.9489360944175514
1942,384def2e3f9657f6,True,0.0,1.0,0.0,0.0,1.0,1.0,0.0
1943,8a6717a888fe55f9,True,1.0,1.0,0.7884672499750394,1.0,1.0,1.0,0.9118613541562665
1944,62108a4000e85dae,True,1.0,1.0,1.0,1.0,1.0,1.0,1.0
1945,a59bd481d324594a,True,1.0,1.0,0.7949991085099989,1.0,1.0,1.0,0.9145829618791662
1946,aa74d194063c5d0b,True,1.0,1.0,0.7245587283661841,1.0,1.0,1.0,0.88523280348591
1947,f3e32c06633756e9,True,1.0,1.0,0.8046964885855176,1.0,1.0,1.0,0.9186235369106323
1948,75811dfc02ce59f7,True,1.0,1.0,0.7162737012780174,1.0,1.0,1.0,0.8817807088658406
1949,3d400bec249a5f88,True,1.0,1.0,0.8099508053093305,1.0,1.0,1.0,0.9208128355455544
1950,32a409f974555830,True,1.0,1.0,0.12653450763424695,1.0,1.0,1.0,0.6360560448476029
1951,5ca7353cbe4a5cf7,True,1.0,1.0,1.0,1.0,1.0,1.0,1.0
1952,7f1f382094685881,True,0.0,1.0,0.0,0.0,1.0,1.0,0.0
1953,4d2d174465585abf,True,1.0,1.0,1.0,1.0,1.0,1.0,1.0
1954,4a0ba18cefc05c63,True,1.0,1.0,1.0,1.0,1.0,1.0,1.0
1955,6239cdb801bc51c2,True,1.0,1.0,0.5719272849368671,1.0,1.0,1.0,0.8216363687236946
1956,221199c4bcef5e62,True,1.0,1.0,1.0,1.0,1.0,1.0,1.0
1957,a8dacf347a605f0d,True,1.0,1.0,0.7980181975145683,1.0,1.0,1.0,0.9158409156310702
1958,d9435ec2640f586f,True,1.0,0.0,0.0,1.0,1.0,1.0,0.0
1959,2d305230053e5e19,True,1.0,1.0,1.0,1.0,1.0,1.0,1.0
1960,8898650e43665faf,True,1.0,1.0,0.7050172405304417,1.0,1.0,1.0,0.877090516887684
1961,56a45baf2fb55951,True,1.0,1.0,0.9881093830857469,1.0,1.0,1.0,0.9950455762857279
1962,0c5365f52bac5785,True,1.0,1.0,1.0,1.0,1.0,1.0,1.0
1963,97628f2e9ee55826,True,1.0,1.0,0.810345782242572,1.0,1.0,1.0,0.9209774092677384
1964,d4187db8dc625207,True,1.0,0.0,0.0,1.0,1.0,1.0,0.0
1965,8b06db3e6e4355d3,True,1.0,1.0,1.0,0.0,1.0,1.0,0.5833333333333334
1966,9861c0473b505895,True,1.0,1.0,1.0,1.0,1.0,1.0,1.0
1967,4f8d9bfa869553bb,True,1.0,1.0,1.0,1.0,1.0,1.0,1.0
1968,df8bff51c1d95e09,True,1.0,1.0,1.0,1.0,1.0,1.0,1.0
1969,bb249c2d0c8a568c,True,1.0,1.0,0.8438750425605203,1.0,1.0,1.0,0.9349479344002168
1970,8c7e28b482935cd8,True,1.0,1.0,1.0,1.0,1.0,1.0,1.0
1971,90314b74c92954d6,True,1.0,0.0,0.0,1.0,1.0,1.0,0.0
1972,9900336c08095d0f,True,1.0,1.0,0.760809841190705,1.0,1.0,1.0,0.9003374338294604
1973,3be53588a286557f,True,1.0,1.0,0.9539282670619277,1.0,1.0,1.0,0.9808034446091366
1974,f9b16eaee3b956a3,True,1.0,0.0,0.0,1.0,1.0,1.0,0.0
1975,095042ae1f985c39,True,1.0,1.0,0.6335693078242692,1.0,1.0,1.0,0.8473205449267788
1976,e54d150b34215b84,True,1.0,1.0,0.8408753134373881,1.0,1.0,1.0,0.9336980472655784
1977,fd63045289ac5df7,True,1.0,1.0,0.9853478360345846,1.0,1.0,1.0,0.9938949316810769
1978,1abf52a927025259,True,1.0,0.0,0.0,1.0,1.0,1.0,0.0
1979,52c6827af61d5b87,True,0.0,1.0,0.0,0.0,1.0,1.0,0.0
1980,dac5a6aa183b5e73,True,1.0,1.0,0.5698719113696848,1.0,1.0,1.0,0.8207799630707019
1981,f79916e26eef5b74,True,1.0,1.0,1.0,0.0,0.0,1.0,0.4166666666666667
1982,075cf94c3db15021,True,1.0,1.0,1.0,1.0,1.0,1.0,1.0
1983,e1e4395724c05092,True,1.0,1.0,0.9642639830468474,1.0,1.0,1.0,0.9851099929361865
1984,569f53e485335820,True,1.0,1.0,0.991452989818953,1.0,1.0,1.0,0.996438745757897
1985,38f4eed7d2cb5cc0,True,1.0,1.0,1.0,1.0,1.0,1.0,1.0
1986,61e3a4acbdf55ffe,True,1.0,1.0,0.6176381738456876,1.0,1.0,1.0,0.8406825724357031
1987,82b1cb7113515dfb,True,1.0,1.0,0.992677193470631,1.0,1.0,1.0,0.9969488306127628
1988,ccfe1da323ed53a9,True,1.0,0.0,0.0,1.0,1.0,1.0,0.0
1989,6469176632cf52a0,True,1.0,1.0,0.9377235984068465,1.0,1.0,1.0,0.974051499336186
1990,3c303aa231e65a53,True,0.0,1.0,0.0,0.0,1.0,1.0,0.0
1991,ba69be06341d5b2b,True,1.0,0.0,0.0,1.0,1.0,1.0,0.0
1992,949a5f17807b5aac,True,1.0,1.0,0.8643937164712108,1.0,1.0,1.0,0.9434973818630045
1993,bf8c5276f9a6539d,True,1.0,1.0,0.8078813323749662,1.0,1.0,1.0,0.919950555156236
1994,cd78333fa2c45328,True,1.0,1.0,0.9171803611075626,1.0,1.0,1.0,0.965491817128151
1995,95fa228136aa55d1,True,1.0,1.0,0.7378061210093704,1.0,1.0,1.0,0.890752550420571
1996,34bdecafedff5fdf,True,1.0,1.0,0.910776326089299,1.0,1.0,1.0,0.9628234692038746
1997,32a73ed06daa5b0e,True,1.0,0.0,0.0,1.0,1.0,1.0,0.0
1998,994c2c1c459b5cc8,True,1.0,1.0,0.6720475439935669,1.0,1.0,1.0,0.8633531433306528
1999,f5d8dc03a0555cdc,True,1.0,1.0,0.952573627676457,1.0,1.0,1.0,0.980239011531857
2000,88454b0190ff551f,True,1.0,1.0,1.0,1.0,1.0,1.0,1.0
2001,927aa2c8ef7d5b5c,True,0.0,1.0,0.0,0.0,1.0,1.0,0.0
2002,282855be37635ecc,True,1.0,1.0,1.0,1.0,1.0,1.0,1.0
2003,6914bcabdeec5e0f,True,1.0,1.0,0.7685271505323723,1.0,1.0,1.0,0.9035529793884884
2004,e2fe44045eac5b89,True,1.0,1.0,0.6868388527243088,1.0,1.0,1.0,0.8695161886351287
2005,dd951db716735c82,True,1.0,1.0,0.7421167932628434,1.0,1.0,1.0,0.8925486638595181
2006,0b6912dfdcf450c1,True,1.0,1.0,1.0,0.0,1.0,1.0,0.5833333333333334
2007,59c3714116c25a7c,True,1.0,0.0,0.0,1.0,1.0,1.0,0.0
2008,bcf92cdb596a5fa2,True,1.0,1.0,0.8284975870590834,1.0,1.0,1.0,0.9285406612746181
2009,b23be6b0d9765878,True,1.0,1.0,0.8428577733300451,1.0,1.0,0.0,0.9345240722208521
2010,88862af321ce5c8f,True,1.0,1.0,1.0,1.0,1.0,1.0,1.0
2011,e5bb04b7c6695184,True,1.0,1.0,1.0,1.0,1.0,1.0,1.0
2012,7e2dc290d51f5137,True,1.0,1.0,0.9585346354877222,1.0,1.0,1.0,0.982722764786551
2013,cb8b1f36617c50d4,True,1.0,1.0,0.8302337760271226,1.0,1.0,1.0,0.9292640733446343
2014,632a1b53a6875b22,True,1.0,1.0,0.8171697746421214,1.0,1.0,1.0,0.9238207394342172
2015,70e6f01ee485510a,True,1.0,1.0,0.7783236786891627,1.0,1.0,1.0,0.9076348661204845
2016,b81c602d68a25e90,True,1.0,1.0,0.9069380166237747,1.0,1.0,1.0,0.9612241735932395
2017,10779d3fd7815d2f,True,1.0,1.0,0.7822626200398782,1.0,1.0,1.0,0.9092760916832826
2018,0b2839db08ae5ed6,True,1.0,1.0,0.7594739664806769,1.0,1.0,1.0,0.8997808193669486
2019,018ba0bc5f145074,True,1.0,1.0,0.7455161757316688,1.0,1.0,1.0,0.8939650732215286
2020,f5f55c1132d75fa7,True,1.0,1.0,1.0,1.0,1.0,1.0,1.0
2021,b04064e074f55bb0,True,1.0,1.0,0.666751026543411,1.0,1.0,1.0,0.8611462610597546
2022,4f8fc653ac98588e,True,1.0,1.0,1.0,1.0,1.0,1.0,1.0
2023,e77360b1bf605f87,True,1.0,1.0,1.0,1.0,1.0,1.0,1.0
2024,6aaf052582e35b0c,True,0.0,1.0,0.0,0.0,1.0,1.0,0.0
2025,0972cf3a4c5d5a39,True,1.0,1.0,0.783170187526056,1.0,1.0,1.0,0.9096542448025233
2026,49a747ca28cd5d5f,True,1.0,0.0,0.0,1.0,1.0,1.0,0.0
2027,9fb8affb5c295640,True,1.0,1.0,0.49272245881054444,1.0,1.0,1.0,0.788634357837727
2028,e1209ca7050c5033,True,1.0,1.0,0.7825382736728421,1.0,1.0,1.0,0.9093909473636842
2029,d618ac9cc53c573c,True,1.0,0.0,0.0,1.0,1.0,0.0,0.0
2030,cdf234c4f4c35156,True,1.0,0.0,0.0,1.0,1.0,0.0,0.0
2031,dad96574decb5a68,True,1.0,1.0,0.4833887651646271,1.0,1.0,1.0,0.7847453188185947
2032,0eb6987fdc9b5213,True,1.0,1.0,1.0,0.0,1.0,1.0,0.5833333333333334
2033,070b688b49225760,True,1.0,1.0,1.0,1.0,1.0,1.0,1.0
2034,7c4757c2c9675f2b,True,1.0,0.0,0.0,1.0,1.0,0.0,0.0
2035,257773cfd41d59d5,True,1.0,1.0,0.8332627626398952,1.0,1.0,1.0,0.9305261510999564
2036,5fb039973cf85b11,True,1.0,1.0,0.901640377861129,1.0,1.0,1.0,0.9590168241088038
2037,b58a12e346235cd0,True,1.0,1.0,0.8961033207809982,1.0,1.0,1.0,0.9567097169920826
2038,449baff4aece5ab3,True,1.0,1.0,1.0,1.0,1.0,1.0,1.0
2039,fbe0e54ef79254bb,True,1.0,1.0,0.9804467871410244,0.0,1.0,1.0,0.5751861613087602
2040,c75331b9d30957a1,True,1.0,1.0,0.9875204585144601,0.0,1.0,1.0,0.578133524381025
2041,54e57dfcbf295398,True,1.0,1.0,0.9917424080642391,1.0,1.0,1.0,0.996559336693433
2042,97f7a14f8a835f59,True,1.0,1.0,1.0,1.0,1.0,1.0,1.0
2043,2aade0b3987d5366,True,1.0,1.0,0.966362787396623,1.0,1.0,1.0,0.9859844947485928
2044,a28e921b642a5936,True,1.0,1.0,0.7829684811198385,1.0,1.0,1.0,0.9095702004665993
2045,e4c83b8feafe5cb4,True,0.0,1.0,0.0,0.0,1.0,1.0,0.0
2046,0774f845fe6b5de3,True,1.0,1.0,1.0,1.0,1.0,1.0,1.0
2047,9b09b277214d5623,True,1.0,1.0,0.9068054091551154,1.0,0.0,0.0,0.7945022538146315
2048,e905f33735985cfe,True,1.0,1.0,0.9195381008715051,1.0,1.0,1.0,0.9664742086964605
2049,ab51ce190cca5673,True,1.0,1.0,0.7822003448263902,0.0,1.0,1.0,0.492583477010996
2050,2833a305300f5394,True,0.0,1.0,0.0,0.0,1.0,1.0,0.0
2051,ac808bd1bfac5425,True,1.0,1.0,0.9561621349060759,1.0,1.0,1.0,0.9817342228775315
2052,4b3a1e85619e557f,True,1.0,1.0,1.0,1.0,1.0,1.0,1.0
2053,e14d9a1990535a29,True,1.0,1.0,1.0,1.0,1.0,1.0,1.0
2054,bbc8e4799fe85548,True,1.0,1.0,0.7751435387931125,1.0,1.0,1.0,0.9063098078304636
2055,993d17cce2685b9a,True,1.0,1.0,0.7223118961119924,1.0,1.0,1.0,0.8842966233799968
2056,ff9058bacb845910,True,1.0,1.0,1.0,1.0,1.0,1.0,1.0
2057,2783db04f9b05383,True,1.0,1.0,0.9647715585046985,1.0,1.0,1.0,0.9853214827102911
2058,69dcc80901db5a29,True,0.0,1.0,0.0,0.0,1.0,1.0,0.0
2059,330166def5a35f4d,True,1.0,1.0,1.0,0.0,1.0,1.0,0.5833333333333334
2060,6b977574e52a5f1b,True,1.0,1.0,1.0,1.0,1.0,1.0,1.0
2061,ccc2b2377fea5191,True,1.0,1.0,1.0,0.0,1.0,1.0,0.5833333333333334
2062,290a914d4ef15443,True,1.0,1.0,0.8001720825185532,1.0,1.0,1.0,0.9167383677160639
2063,ac28e0768c6a5821,True,1.0,1.0,1.0,1.0,1.0,1.0,1.0
2064,ef9b600e65ac5391,True,1.0,1.0,0.7417250358872077,1.0,1.0,1.0,0.8923854316196699
2065,0616f9723c60524d,True,1.0,1.0,0.9499191737663852,0.0,1.0,1.0,0.5624663224026606
2066,2070f12707d95924,True,1.0,0.0,0.0,1.0,1.0,1.0,0.0
2067,1c8804a52fc0553c,True,1.0,1.0,1.0,1.0,1.0,1.0,1.0
2068,7dd9388d605c50a1,True,1.0,1.0,0.9088611786950209,1.0,1.0,1.0,0.9620254911229255
2069,116aacf9868e5e4e,True,1.0,0.0,0.0,1.0,1.0,1.0,0.0
2070,626b5dc253965ecb,True,1.0,1.0,0.9388568878219247,1.0,1.0,1.0,0.9745237032591353
2071,b411a654aa215f1b,True,1.0,1.0,0.7585033284410484,1.0,1.0,1.0,0.8993763868504369
2072,1b01f89fe48355b6,True,1.0,1.0,0.6800446480108571,1.0,1.0,1.0,0.8666852700045237
2073,6d08dce7cfaa5035,True,1.0,1.0,1.0,1.0,1.0,1.0,1.0
2074,35aa38c73e9251a7,True,1.0,1.0,0.9729482682587642,1.0,1.0,1.0,0.9887284451078185
2075,ac07a96cae965e88,True,1.0,1.0,1.0,1.0,1.0,1.0,1.0
2076,8e04fd5e1613597a,True,1.0,0.0,0.0,1.0,1.0,1.0,0.0
2077,483bb60b0a0451e6,True,1.0,1.0,0.7295994743109192,1.0,1.0,1.0,0.8873331142962163
2078,04daf401ec185f96,True,1.0,1.0,0.9208892128202586,1.0,1.0,1.0,0.9670371720084411
2079,2d4b17f8d7585219,True,1.0,1.0,1.0,1.0,1.0,1.0,1.0
2080,699a6c3e2fc4597e,True,1.0,1.0,0.8174179035299166,1.0,1.0,1.0,0.9239241264707987
2081,fdb658e4941855a3,True,1.0,1.0,1.0,1.0,1.0,1.0,1.0
2082,b0a3bbfe213a507b,True,1.0,1.0,0.9795215931141521,1.0,1.0,1.0,0.99146733046423
2083,7022b42a3743507a,True,0.0,1.0,0.0,0.0,1.0,1.0,0.0
2084,353988b87d995f68,True,1.0,1.0,0.7975652120769035,1.0,1.0,1.0,0.9156521716987097
2085,42b4245406ee5ab8,True,1.0,1.0,0.8933540851124394,1.0,1.0,1.0,0.9555642021301831
2086,fc529b3abdc65998,True,1.0,1.0,1.0,1.0,1.0,1.0,1.0
2087,75151361dbe658bb,True,1.0,1.0,1.0,1.0,1.0,1.0,1.0
2088,f5cf721a02df5ba1,True,1.0,1.0,0.8307111152669122,1.0,1.0,1.0,0.9294629646945468
2089,92ebb72e83325bb1,True,1.0,0.0,0.0,1.0,1.0,1.0,0.0
2090,ddfadfe2f0385b3b,True,1.0,1.0,0.9866204910280493,0.0,1.0,1.0,0.5777585379283539
2091,fd30fae9e4f35fa8,True,0.0,0.0,0.0,0.0,1.0,0.0,0.0
2092,b24954d56c155570,True,1.0,1.0,1.0,1.0,1.0,1.0,1.0
2093,c02bb4d7993e5bbb,True,1.0,1.0,0.8981060688575182,1.0,1.0,1.0,0.9575441953572993
2094,4d55f6c3a3dc58fe,True,1.0,1.0,1.0,1.0,1.0,1.0,1.0
2095,059ce9cd10135396,True,0.0,1.0,0.0,0.0,1.0,1.0,0.0
2096,dc4b44d8961e538a,True,1.0,1.0,0.7668047433703967,1.0,1.0,1.0,0.9028353097376653
2097,df284ad97ad55a31,True,1.0,1.0,0.73406291134798,1.0,1.0,1.0,0.889192879728325
2098,592f9e4317dd52e2,True,1.0,1.0,0.9280245871428232,0.0,1.0,1.0,0.5533435779761763
2099,8a92561fdd0750ad,True,1.0,1.0,0.9225795462433659,1.0,1.0,1.0,0.9677414776014025
2100,caa3170f8c3b5cfe,True,1.0,1.0,0.7846199783281017,1.0,1.0,1.0,0.9102583243033756
2101,5487bbfde69354cb,True,1.0,1.0,0.8872132081319053,1.0,1.0,1.0,0.9530055033882938
2102,34cc387cf0335f28,True,1.0,1.0,0.8556588810045639,1.0,1.0,1.0,0.939857867085235
2103,58911c0c8e3f5906,True,0.0,1.0,0.0,0.0,1.0,1.0,0.0
2104,40688677dc5e5d16,True,1.0,0.0,0.0,1.0,1.0,1.0,0.0
2105,23d70775af9754e8,True,1.0,1.0,1.0,1.0,1.0,1.0,1.0
2106,64a52073ea395752,True,1.0,1.0,0.7365021649872302,1.0,1.0,1.0,0.890209235411346
2107,d0785c050c1350e7,True,1.0,1.0,1.0,1.0,1.0,1.0,1.0
2108,69f27d25f8a45de1,True,1.0,1.0,1.0,1.0,1.0,1.0,1.0
2109,dc952092ef6a5243,True,1.0,1.0,0.5394893408164749,1.0,1.0,1.0,0.8081205586735312
2110,b5bdef8a05605164,True,1.0,1.0,0.9538693802118836,1.0,1.0,0.0,0.9807789084216182
2111,28ecbec6051d5527,True,1.0,0.0,0.0,1.0,1.0,1.0,0.0
2112,515fefed28a65a88,True,1.0,1.0,0.7779798073725107,1.0,1.0,1.0,0.9074915864052128
2113,7444ae8aea51554e,True,1.0,0.0,0.0,1.0,1.0,1.0,0.0
2114,cf0aec572cdd543e,True,0.0,1.0,0.0,0.0,1.0,1.0,0.0
2115,dd4483f390725319,True,1.0,1.0,1.0,1.0,1.0,1.0,1.0
2116,a589b9ccbe3e5d1c,True,1.0,1.0,0.6025193154707222,1.0,1.0,1.0,0.8343830481128011
2117,eabdad9a669b5739,True,1.0,0.0,0.0,1.0,1.0,1.0,0.0
2118,47e005481cf0579d,True,1.0,1.0,0.9813848771642537,1.0,1.0,1.0,0.992243698818439
2119,86db4cfb30b55a5e,True,1.0,1.0,0.8599418668776898,1.0,1.0,1.0,0.9416424445323708
2120,1bf4bffb864f5379,True,1.0,1.0,1.0,1.0,1.0,1.0,1.0
2121,948e3c9e26805b86,True,1.0,1.0,1.0,1.0,1.0,1.0,1.0
2122,c71161b938af5b16,True,1.0,1.0,1.0,0.0,1.0,1.0,0.5833333333333334
2123,13e6cd945bf95a1f,True,1.0,1.0,0.6709719384298392,1.0,1.0,1.0,0.8629049743457663
2124,e68ddf5be41355dc,True,1.0,1.0,0.939027636362088,1.0,1.0,1.0,0.9745948484842032
2125,b0a6370d836a59ed,True,1.0,1.0,1.0,0.0,1.0,1.0,0.5833333333333334
2126,8e274784672a514b,True,1.0,1.0,1.0,1.0,1.0,1.0,1.0
2127,4024c1a4953e57a7,True,1.0,1.0,0.9718070495947456,1.0,1.0,1.0,0.988252937331144
2128,18ca4d6e9c0a576b,True,1.0,1.0,1.0,1.0,1.0,1.0,1.0
2129,6561633171e75bb6,True,1.0,1.0,1.0,1.0,1.0,1.0,1.0
2130,8c36f77fe7215dd7,True,1.0,1.0,1.0,1.0,1.0,1.0,1.0
2131,eb6c8a396bb75a89,True,1.0,1.0,1.0,1.0,1.0,1.0,1.0
2132,6d72d039fb9a551b,True,1.0,1.0,0.6333175552129515,1.0,1.0,1.0,0.8472156480053964
2133,7b8d8487706f501e,True,0.0,1.0,0.0,0.0,1.0,1.0,0.0
2134,99e3b8d3211f53d7,True,1.0,1.0,0.8366442840803509,1.0,1.0,1.0,0.9319351183668129
2135,66908680155c550a,True,1.0,1.0,0.8879526170687536,1.0,1.0,1.0,0.9533135904453139
2136,ce2f1ac423965b7a,True,1.0,1.0,1.0,1.0,1.0,1.0,1.0
2137,ccdb6840a0445870,True,1.0,1.0,0.7687605985131613,1.0,1.0,1.0,0.9036502493804838
2138,501de4adcf415443,True,1.0,1.0,0.8719231446561152,1.0,1.0,1.0,0.9466346436067147
2139,e26de26a56dd5d21,True,1.0,1.0,0.9552984252773351,1.0,1.0,1.0,0.9813743438655562
2140,87423b239de058c9,True,1.0,1.0,0.8719827182635519,1.0,1.0,1.0,0.9466594659431466
2141,dd43c6087aca5206,True,1.0,0.0,0.0,1.0,1.0,1.0,0.0
2142,3ba5c2d842785d59,True,1.0,1.0,0.9415675764482834,1.0,1.0,1.0,0.9756531568534514
2143,7fa739c174a55eaa,True,1.0,1.0,0.8952048181926396,1.0,1.0,1.0,0.9563353409135998
2144,4314c162a57f568e,True,1.0,1.0,0.6990597762695392,1.0,1.0,1.0,0.8746082401123081
2145,dcd5dc3f53d9533f,True,1.0,0.0,0.0,1.0,1.0,1.0,0.0
2146,6e8b9e53215c58a3,True,1.0,1.0,0.7302899895548354,1.0,1.0,1.0,0.8876208289811814
2147,59a1d448fbdf53f6,True,1.0,1.0,1.0,1.0,1.0,1.0,1.0
2148,bf5be5d94ffa52f8,True,1.0,1.0,1.0,1.0,1.0,1.0,1.0
2149,f1b8c54a906f525e,True,1.0,1.0,1.0,1.0,1.0,1.0,1.0
2150,5b61b9072cad5dbc,True,1.0,0.0,0.0,1.0,1.0,1.0,0.0
2151,1cb96199b6a45732,True,1.0,1.0,0.8664775278562811,1.0,1.0,1.0,0.9443656366067837
2152,bbd85b27fa465894,True,1.0,1.0,1.0,0.0,1.0,1.0,0.5833333333333334
2153,f8d3738f77c05163,True,1.0,1.0,0.8745195907270766,1.0,1.0,1.0,0.947716496136282
2154,c3c6442b2f525269,True,1.0,1.0,0.9639010654305044,1.0,1.0,1.0,0.9849587772627101
2155,26c48df074d151c6,True,0.0,1.0,0.0,0.0,1.0,1.0,0.0
2156,9d7ec713a2fb5e44,True,1.0,1.0,0.6811539514461544,1.0,1.0,1.0,0.867147479769231
2157,0221ed2a1c495f23,True,1.0,0.0,0.0,1.0,1.0,1.0,0.0
2158,9c9b62965da75764,True,1.0,1.0,0.9784677492192998,1.0,1.0,1.0,0.9910282288413749
2159,7a90cd45ef505058,True,1.0,1.0,1.0,1.0,1.0,1.0,1.0
2160,4aa06b58da9a56f8,True,1.0,1.0,0.8143829310048288,1.0,1.0,1.0,0.9226595545853454
2161,f15b772180455c2f,True,1.0,1.0,0.7407388769178544,1.0,1.0,1.0,0.891974532049106
2162,103c3ee1db23521d,True,1.0,1.0,0.8617499433144402,1.0,1.0,1.0,0.9423958097143501
2163,54a9fe6636755234,True,1.0,1.0,1.0,1.0,1.0,1.0,1.0
2164,83be5aa78f7652de,True,1.0,1.0,0.8610957320653054,1.0,1.0,1.0,0.9421232216938772
2165,48762908e4705b55,True,1.0,1.0,0.8171719275998924,1.0,1.0,1.0,0.9238216364999552
2166,8a43e10749585b21,True,1.0,1.0,0.881660902759696,1.0,1.0,1.0,0.9506920428165401
2167,67a6bdeb096350ec,True,1.0,1.0,0.8786386023640987,1.0,1.0,1.0,0.9494327509850411
2168,874ce413a47e5c30,True,1.0,1.0,0.8935639251251064,1.0,1.0,1.0,0.9556516354687944
2169,7272f8ee7e64591e,True,1.0,1.0,0.766190808054717,1.0,1.0,1.0,0.9025795033561321
2170,cbadd750cbd6581b,True,1.0,1.0,0.7734449184657152,1.0,1.0,1.0,0.9056020493607146
2171,664106f910475a53,True,1.0,0.0,0.0,0.0,1.0,0.5,0.0
2172,bb6cb09beb1e5e3f,True,0.0,0.0,0.0,0.0,1.0,1.0,0.0
2173,a452d968db965d77,True,1.0,1.0,0.9426391543932366,1.0,1.0,1.0,0.9760996476638487
2174,fd7c51a15e5b54a6,True,1.0,1.0,0.6452293224743922,1.0,1.0,1.0,0.8521788843643301
2175,2eb015a011ac5fa2,True,1.0,1.0,1.0,1.0,1.0,1.0,1.0
2176,1b3ae7a2d38d5c6c,True,1.0,1.0,0.8409587447151384,1.0,1.0,1.0,0.9337328102979744
2177,b3de01e79b725ae4,True,1.0,1.0,0.9052340468341912,1.0,1.0,1.0,0.9605141861809129
2178,47ece51118f95d1d,True,1.0,1.0,0.9794541943005082,0.0,1.0,1.0,0.5747725809585451
2179,4899341a782f5409,True,1.0,1.0,1.0,1.0,1.0,1.0,1.0
2180,4b58ef9360555bac,True,0.0,1.0,0.0,0.0,1.0,1.0,0.0
2181,013ec5b715635a66,True,1.0,1.0,0.9872367121674268,1.0,1.0,1.0,0.9946819634030944
2182,0feb5eb464bc52b0,True,0.0,1.0,0.0,0.0,1.0,1.0,0.0
2183,4b22a759c31a52c5,True,1.0,1.0,0.8683201238037278,1.0,1.0,0.0,0.9451333849182199
2184,e024bd23594b5a13,True,1.0,1.0,1.0,1.0,1.0,1.0,1.0
2185,d1abb12015175373,True,1.0,1.0,1.0,1.0,1.0,1.0,1.0
2186,1f90968aaeb55128,True,0.0,1.0,0.0,0.0,1.0,1.0,0.0
2187,f6df3f934bdb598d,True,1.0,1.0,0.9309509174550815,1.0,1.0,1.0,0.9712295489396173
2188,159ec1accaf55d3f,True,1.0,1.0,1.0,1.0,1.0,1.0,1.0
2189,e2ae05340dba502d,True,1.0,1.0,0.5324754634726724,1.0,1.0,1.0,0.8051981097802802
2190,1a3c8066b86857b5,True,1.0,1.0,0.9693616423039261,1.0,1.0,1.0,0.9872340176266358
2191,979fc47b4f245a9c,True,1.0,1.0,1.0,1.0,1.0,1.0,1.0
2192,eb5989e21dc35a47,True,1.0,1.0,0.783074781921205,1.0,1.0,1.0,0.9096144924671687
2193,ad8e3279524854c3,True,1.0,1.0,0.8713109609722598,1.0,1.0,1.0,0.9463795670717748
2194,4d8c41cf686957d1,True,1.0,1.0,1.0,1.0,1.0,1.0,1.0
2195,6c76134176255a21,True,1.0,1.0,0.8198355872401255,1.0,1.0,1.0,0.9249314946833856
2196,e40bf2ac511950c4,True,1.0,1.0,0.9771138089021899,1.0,1.0,1.0,0.9904640870425792
2197,8777c80c80ad53e8,True,1.0,1.0,1.0,1.0,1.0,1.0,1.0
2198,1b4499d988b052ce,True,0.0,1.0,0.0,0.0,1.0,1.0,0.0
2199,1082d34008e05df4,True,1.0,1.0,1.0,1.0,1.0,1.0,1.0
2200,8a249b6f42f35ca2,True,1.0,1.0,1.0,1.0,1.0,1.0,1.0
2201,39b4d546300958ad,True,1.0,1.0,1.0,1.0,1.0,1.0,1.0
2202,639c2678cce95d68,True,1.0,1.0,0.8845306350861919,1.0,1.0,1.0,0.9518877646192466
2203,8d3c8a698ac65342,True,1.0,1.0,0.5537620045650118,1.0,1.0,1.0,0.8140675019020883
2204,7752ef9225b65783,True,1.0,1.0,1.0,1.0,1.0,1.0,1.0
2205,93141bb128bd5a34,True,1.0,1.0,0.7974509703357558,1.0,1.0,1.0,0.9156045709732316
2206,bc3d973c3543556c,True,1.0,1.0,0.8166618597236743,1.0,1.0,1.0,0.9236091082181975
2207,d91f0c28683e52da,True,0.0,1.0,0.0,0.0,1.0,1.0,0.0
2208,81e5ddc060675e0b,True,1.0,1.0,0.7652240095836993,1.0,1.0,1.0,0.9021766706598747
2209,ec3c0587b1775b7c,True,1.0,1.0,0.802892736133775,1.0,1.0,1.0,0.9178719733890729
2210,9a4575e2dfd75ffb,True,1.0,1.0,0.9311951933558653,1.0,1.0,1.0,0.9713313305649439
2211,44230a68f8305c14,True,1.0,1.0,0.9228486962761876,1.0,1.0,1.0,0.9678536234484115
2212,b0bd81048c07524f,True,1.0,1.0,0.8112045431195586,1.0,1.0,1.0,0.9213352262998161
2213,c38eb1a738745b1e,True,1.0,1.0,0.9565064790548995,1.0,1.0,0.5,0.9818776996062081
2214,ba09d23c78b95a66,True,1.0,1.0,0.9507109732285499,1.0,1.0,1.0,0.9794629055118959
2215,c8aeadf284a05f44,True,1.0,1.0,0.7035235439793603,1.0,1.0,1.0,0.8764681433247334
2216,70b8c89829d05f30,True,1.0,0.0,0.0,1.0,1.0,1.0,0.0
2217,b6b0722747565854,True,1.0,1.0,0.9046189949208853,1.0,1.0,1.0,0.9602579145503688
2218,043839beb58a5dad,True,1.0,1.0,0.8296674376448763,1.0,1.0,1.0,0.9290280990186984
2219,df2ed02abeba57fe,True,1.0,0.0,0.0,1.0,1.0,1.0,0.0
2220,5be861ae85a75b45,True,1.0,1.0,0.8705413062092996,1.0,1.0,1.0,0.9460588775872081
2221,6da3bcc544be52d3,True,1.0,1.0,0.4367546695773501,1.0,1.0,1.0,0.7653144456572293
2222,ea23b2bb8e5756b8,True,1.0,1.0,0.6869378230770516,1.0,1.0,1.0,0.8695574262821048
2223,a6b518a433065727,True,1.0,0.0,0.0,1.0,1.0,1.0,0.0
2224,bda5925fd37a5818,True,1.0,1.0,1.0,1.0,1.0,1.0,1.0
2225,23d0ae8aedf8537b,True,1.0,1.0,0.9448756218328384,1.0,1.0,1.0,0.977031509097016
2226,dfb6fbca92bb5183,True,1.0,1.0,0.815159728140284,1.0,1.0,1.0,0.9229832200584517
2227,3d4616d64a4c5f53,True,0.0,0.0,0.0,0.0,1.0,0.0,0.0
2228,c1f712e1aed35216,True,1.0,1.0,0.8257694874775517,1.0,1.0,1.0,0.9274039531156465
2229,ba2973ad6189568b,True,1.0,1.0,0.8093722037594445,1.0,1.0,1.0,0.9205717515664352
2230,20ec6765e35d5cd1,True,1.0,1.0,1.0,1.0,1.0,1.0,1.0
2231,a8ee480d197e56dd,True,1.0,1.0,1.0,1.0,1.0,1.0,1.0
2232,85a89a122095548d,True,1.0,1.0,0.8064591661272771,1.0,1.0,1.0,0.9193579858863655
2233,e0164d976037592c,True,1.0,1.0,0.8138051385626511,1.0,1.0,1.0,0.922418807734438
2234,847ac59d6cce5bc4,True,1.0,1.0,0.8036966965304005,1.0,1.0,1.0,0.9182069568876668
2235,1fd8eed8897a5667,True,0.0,1.0,0.0,0.0,1.0,1.0,0.0
2236,bf0a29ccead65750,True,1.0,1.0,0.7792796078522174,1.0,1.0,1.0,0.9080331699384239
2237,e9645135a4fe5739,True,0.5,0.0,0.0,0.0,1.0,1.0,0.0
2238,0e27333e64a45dfb,True,1.0,1.0,0.8265638050193653,1.0,1.0,1.0,0.9277349187580688
2239,2cd1545c4c835ead,True,1.0,1.0,0.7639817085797015,1.0,1.0,1.0,0.9016590452415422
2240,654f6079561e5cdb,True,1.0,1.0,0.9787963241376116,1.0,1.0,1.0,0.9911651350573383
2241,3ec484ccad125e99,True,1.0,1.0,0.8416667524611725,1.0,1.0,1.0,0.9340278135254886
2242,5b78dd344203528e,True,1.0,1.0,0.6740173388583853,1.0,1.0,1.0,0.864173891190994
2243,0670d0c81a5550c4,True,1.0,1.0,0.7784578680779352,1.0,1.0,1.0,0.9076907783658063
2244,997fb38ac5d75864,True,1.0,0.0,0.0,1.0,1.0,0.5,0.0
2245,64ee149f402a5601,True,1.0,1.0,1.0,1.0,1.0,1.0,1.0
2246,ed8384b107d95d89,True,1.0,1.0,0.7320531341277178,1.0,1.0,1.0,0.8883554725532158
2247,61d847c3a95f5032,True,1.0,1.0,0.8438567057342636,1.0,1.0,1.0,0.9349402940559433
2248,4b6430ca30c45a3c,True,1.0,1.0,0.7757380029372006,1.0,1.0,1.0,0.9065575012238337
2249,02e3c13aa3975b02,True,1.0,1.0,0.8151889540877933,1.0,1.0,1.0,0.9229953975365804
2250,81f49ac925aa5781,True,1.0,1.0,1.0,1.0,1.0,1.0,1.0
2251,a5d3eca1660f5855,True,1.0,1.0,0.834663901186934,1.0,1.0,1.0,0.9311099588278893
2252,0994517bde3c5188,True,1.0,1.0,0.6417372403812571,1.0,1.0,1.0,0.8507238501588571
2253,8792fb68a0b2586a,True,1.0,1.0,0.7256507252886356,1.0,1.0,1.0,0.8856878022035982
2254,06b2df49f0455bd0,True,1.0,1.0,0.6807441468194365,1.0,1.0,1.0,0.8669767278414319
2255,3c7319cc63ab58c9,True,0.0,1.0,0.0,0.0,1.0,1.0,0.0
2256,8683f3b4797f56e0,True,1.0,1.0,0.628515555688518,1.0,1.0,1.0,0.8452148148702158
2257,9483bda6b31259bd,True,1.0,1.0,0.7206338145352368,1.0,1.0,1.0,0.8835974227230153
2258,4cdd4e33b01a52a8,True,1.0,1.0,0.882889649122843,1.0,1.0,1.0,0.9512040204678511
2259,3b3e36e9d816563c,True,1.0,1.0,1.0,1.0,1.0,1.0,1.0
2260,b934233d0ea6536b,True,1.0,1.0,1.0,1.0,1.0,1.0,1.0
2261,9c100482944751b3,True,1.0,1.0,0.9266136943593133,1.0,1.0,1.0,0.9694223726497139
2262,30e29966db9156ee,True,1.0,1.0,0.8830656684881389,1.0,1.0,1.0,0.951277361870058
2263,ccd53fdd1b6e51b8,True,1.0,1.0,0.6436069013495352,1.0,1.0,1.0,0.8515028755623063
2264,fcbe2ed045225b79,True,1.0,1.0,0.8124129082575577,1.0,1.0,0.5,0.9218387117739825
2265,9c62f0bf33fd542d,True,1.0,1.0,0.8683276299089611,1.0,1.0,1.0,0.9451365124620672
2266,d532c0b3a43a52dc,True,1.0,1.0,0.9118516974496116,1.0,1.0,1.0,0.9632715406040049
2267,53c908f42e685998,True,1.0,1.0,1.0,1.0,1.0,1.0,1.0
2268,963324efc6715315,True,0.0,1.0,0.0,0.0,1.0,0.5,0.0
2269,23d647e77f2d515e,True,1.0,1.0,0.8536776171467246,1.0,1.0,1.0,0.9390323404778019
2270,ee86c71bc0765fd0,True,1.0,1.0,1.0,1.0,1.0,1.0,1.0
2271,bdb0f78978cd5307,True,1.0,1.0,0.8647383903504352,1.0,1.0,1.0,0.943640995979348
2272,7b263d7980f55503,True,1.0,1.0,0.967206958994671,1.0,1.0,1.0,0.9863362329144462
2273,be63913f07ee5245,True,1.0,0.0,0.0,1.0,1.0,1.0,0.0
2274,98c7a48dd75052ab,True,0.0,1.0,0.0,0.0,1.0,0.5,0.0
2275,35e9a9cf7fb85962,True,1.0,1.0,0.7244765216326189,1.0,1.0,1.0,0.8851985506802579
2276,fd3606c29f3f57fb,True,1.0,1.0,0.8575538652270529,1.0,1.0,1.0,0.9406474438446054
2277,df2b37f4a1b85a4e,True,1.0,1.0,0.8777004288505013,1.0,1.0,1.0,0.9490418453543755
2278,85b2b3fc929a5800,True,1.0,1.0,0.9507636778300204,1.0,1.0,1.0,0.9794848657625085
2279,f6082f18c392582f,True,1.0,1.0,1.0,1.0,1.0,0.5,1.0
2280,c968e1d258265a2b,True,0.0,1.0,0.0,0.0,1.0,1.0,0.0
2281,b5b0ab149f9055db,True,1.0,1.0,0.5094930012622819,1.0,1.0,1.0,0.7956220838592841
2282,159972aee8265c33,True,1.0,0.0,0.0,1.0,1.0,0.5,0.0
2283,ba8e8393326d5652,True,1.0,1.0,0.9019575713083198,1.0,1.0,1.0,0.9591489880451333
2284,ad0701a39edd5c5a,True,1.0,1.0,0.668710821106731,1.0,1.0,1.0,0.8619628421278046
2285,50ab222cd07b5bcd,True,1.0,1.0,0.8455102634221976,1.0,1.0,1.0,0.9356292764259156
2286,e6e4e254f1c55405,True,1.0,1.0,0.6953384933971776,1.0,1.0,1.0,0.8730577055821573
2287,f5a9eba40a9055f3,True,1.0,1.0,1.0,1.0,1.0,1.0,1.0
2288,48b6d9fdf22d5a23,True,1.0,1.0,0.526778105105114,1.0,1.0,1.0,0.8028242104604643
2289,78e8eab14d8e5d65,True,1.0,0.0,0.0,1.0,1.0,1.0,0.0
2290,f3c6560a01e55c94,True,1.0,1.0,1.0,1.0,1.0,1.0,1.0
2291,c52f491ebd5b521a,True,1.0,1.0,0.82143402345477,1.0,1.0,1.0,0.9255975097728207
2292,a96abad3a09753c5,True,1.0,1.0,0.4247715945923847,1.0,1.0,1.0,0.760321497746827
2293,d1065c7c84e054ae,True,1.0,1.0,1.0,1.0,1.0,1.0,1.0
2294,e1398b3ecf3f520d,True,1.0,1.0,0.9266144166712479,1.0,1.0,1.0,0.9694226736130199
2295,62515ff6d52a5e89,True,1.0,1.0,0.7869853960351545,1.0,1.0,1.0,0.9112439150146477
2296,4e496bfdb6b95697,True,1.0,1.0,1.0,1.0,1.0,1.0,1.0
2297,c86e7d3c0dfb57bd,True,1.0,0.0,0.0,1.0,1.0,1.0,0.0
2298,8be468b729aa5f1e,True,1.0,1.0,0.8883247549271741,1.0,1.0,1.0,0.9534686478863227
2299,82e565141eb55f88,True,1.0,1.0,0.9955614785774273,1.0,1.0,1.0,0.9981506160739281
2300,afbbcee34f1850fd,True,1.0,1.0,1.0,1.0,1.0,1.0,1.0
2301,40ce7057faae541e,True,1.0,1.0,0.8098536954686351,1.0,1.0,1.0,0.9207723731119314
2302,4c3547b853675e66,True,1.0,0.0,0.0,1.0,1.0,1.0,0.0
2303,2a5fea3ae25e5cdd,True,1.0,1.0,1.0,1.0,1.0,1.0,1.0
2304,4e1193a7697853ba,True,1.0,1.0,0.882649588384027,1.0,1.0,1.0,0.9511039951600112
2305,25cdf7dee0d25a66,True,1.0,1.0,1.0,1.0,1.0,1.0,1.0
2306,dcb6ca8a732551eb,True,1.0,0.0,0.0,1.0,1.0,0.5,0.0
2307,cd9330daeec55224,True,1.0,1.0,0.6765212844769087,1.0,1.0,1.0,0.8652172018653786
2308,10d9d6d0ad405b9d,True,1.0,1.0,0.8744524325465396,1.0,1.0,1.0,0.9476885135610581
2309,a42cc34c8a985b67,True,1.0,1.0,0.7980619451510587,1.0,1.0,0.0,0.915859143812941
2310,0f422a003dab525e,True,1.0,1.0,0.8042894849664628,1.0,1.0,1.0,0.9184539520693594
2311,9790b7cbcd1a5203,True,1.0,1.0,0.7505329867925987,1.0,1.0,1.0,0.8960554111635828
2312,cd177406e5b056d6,True,1.0,1.0,0.8275333452205901,1.0,1.0,1.0,0.9281388938419125
2313,465d879f0b205c8f,True,1.0,1.0,1.0,1.0,1.0,1.0,1.0
2314,0093ff0188ea5b90,True,1.0,1.0,1.0,1.0,1.0,1.0,1.0
2315,50b72b9404da516c,True,1.0,1.0,1.0,1.0,1.0,1.0,1.0
2316,f6b9867069845fd2,True,1.0,1.0,0.6245494503897685,1.0,1.0,1.0,0.8435622709957369
2317,6ad6e6d54e845206,True,1.0,1.0,0.9129378854185757,1.0,1.0,1.0,0.9637241189244065
2318,98a1233e3db75a8a,True,1.0,1.0,0.8726732419677258,1.0,1.0,1.0,0.9469471841532191
2319,5c9d51dc830453c5,True,1.0,1.0,0.812965850744777,1.0,1.0,1.0,0.9220691044769905
2320,953b60711663549b,True,1.0,1.0,0.8242690308855872,1.0,1.0,1.0,0.9267787628689946
2321,614cdeb09cc25923,True,1.0,1.0,0.8888075964161736,1.0,1.0,1.0,0.9536698318400724
2322,8f5cefce0c0259d9,True,1.0,1.0,0.7423077775775168,1.0,1.0,0.5,0.8926282406572987
2323,7caa2336614b5ad3,True,1.0,1.0,1.0,0.0,1.0,1.0,0.5833333333333334
2324,e0416692bc5251ba,True,1.0,1.0,0.682526742591839,1.0,1.0,1.0,0.8677194760799329
2325,b5cb26f114e3558e,True,1.0,1.0,0.8234367826090445,1.0,1.0,1.0,0.9264319927537685
2326,c90097f9ce775eab,True,1.0,1.0,0.6428463873643542,1.0,1.0,1.0,0.8511859947351477
2327,6ebf87c3da335680,True,1.0,1.0,1.0,1.0,1.0,1.0,1.0
2328,e6be0f4d0dc351d0,True,1.0,1.0,1.0,1.0,1.0,1.0,1.0
2329,c6e9b00edaa454da,True,1.0,1.0,0.7953269949211798,1.0,1.0,1.0,0.9147195812171582
2330,2cde4f39412a556d,True,1.0,1.0,0.8971699168403836,1.0,1.0,1.0,0.9571541320168265
2331,d5b37b79dde85eb1,True,1.0,1.0,0.7352727805945067,1.0,1.0,1.0,0.8896969919143777
2332,51e7c560a43d5a25,True,1.0,1.0,1.0,1.0,1.0,1.0,1.0
2333,f980b34746d45868,True,1.0,1.0,1.0,1.0,1.0,1.0,1.0
2334,ec60244b07ad5466,True,1.0,1.0,1.0,1.0,1.0,1.0,1.0
2335,55eed45c895852b9,True,0.0,1.0,0.0,0.0,1.0,1.0,0.0
2336,3bf245d895b25ec0,True,1.0,1.0,1.0,1.0,1.0,1.0,1.0
2337,10f5795252265ff3,True,1.0,1.0,0.9496716526192303,1.0,1.0,1.0,0.9790298552580126
2338,bed4ec62805f5790,True,1.0,1.0,1.0,1.0,1.0,1.0,1.0
2339,e11b470ae6285663,True,1.0,1.0,0.7589577718343912,1.0,1.0,1.0,0.8995657382643296
2340,cc54b0f77c84506d,True,1.0,1.0,1.0,1.0,1.0,1.0,1.0
2341,5396af8f09455852,True,1.0,0.0,0.0,1.0,1.0,1.0,0.0
2342,accb5d206fd05911,True,1.0,0.0,0.0,1.0,1.0,1.0,0.0
2343,b98d8c3330625df2,True,1.0,1.0,0.7380998402774719,1.0,1.0,1.0,0.8908749334489466
2344,29d982d97d135311,True,0.0,1.0,0.0,0.0,1.0,1.0,0.0
2345,7427658d61b55fb8,True,1.0,1.0,0.9416305940988552,1.0,1.0,1.0,0.9756794142078563
2346,b95ff3bc9cf45e47,True,1.0,1.0,0.7681527578792956,1.0,1.0,1.0,0.9033969824497065
2347,68d4846662cd53c3,True,1.0,1.0,0.7678065451804327,1.0,1.0,1.0,0.9032527271585136
2348,ea3b45489faf5c70,True,1.0,1.0,0.692555078991453,1.0,1.0,1.0,0.8718979495797722
2349,b043b68462d7540c,True,1.0,1.0,1.0,1.0,1.0,1.0,1.0
2350,9464277f29025ad8,True,1.0,0.0,0.0,1.0,1.0,1.0,0.0
2351,40d51aff75a85ab9,True,1.0,1.0,0.6956011810880668,1.0,1.0,1.0,0.8731671587866945
2352,b4d8ee8da1c153f9,True,1.0,1.0,1.0,1.0,1.0,1.0,1.0
2353,90c6b53ec4a252bc,True,1.0,1.0,1.0,1.0,1.0,1.0,1.0
2354,8a2c1d34f9df5213,True,1.0,1.0,1.0,1.0,1.0,1.0,1.0
2355,53ab46d6ca9d5b68,True,1.0,1.0,1.0,1.0,1.0,1.0,1.0
2356,be027cd33b835419,True,1.0,1.0,0.766882263883431,1.0,1.0,1.0,0.9028676099514296
2357,975e6554112f5a46,True,1.0,1.0,1.0,1.0,0.0,1.0,0.8333333333333334
2358,86cb3350b50b570b,True,1.0,1.0,0.7852810141183832,1.0,1.0,1.0,0.9105337558826596
2359,f7d2b771e8425c20,True,1.0,1.0,0.620730840634618,1.0,1.0,1.0,0.8419711835977575
2360,71405d414236553c,True,0.0,1.0,0.0,0.0,1.0,1.0,0.0
2361,01ce9c82de0d5539,True,1.0,1.0,0.7589996741524698,1.0,1.0,1.0,0.8995831975635292
2362,cbd14310b3885779,True,1.0,1.0,0.8163813108381506,1.0,1.0,1.0,0.9234922128492293
2363,1712f51cf5df564a,True,1.0,1.0,0.9394556595453637,1.0,1.0,1.0,0.9747731914772348
2364,71629f355b5e5b19,True,1.0,1.0,1.0,1.0,1.0,1.0,1.0
2365,d577027e9c295bde,True,1.0,1.0,0.8035323762650244,1.0,1.0,0.5,0.9181384901104268
2366,c30e5bb7e0595851,True,1.0,1.0,0.7829714673925854,1.0,1.0,1.0,0.9095714447469105
2367,9af711dfa6eb5952,True,1.0,1.0,1.0,1.0,1.0,1.0,1.0
2368,72779ff1ead25f44,True,1.0,1.0,0.7750448772219352,1.0,1.0,1.0,0.906268698842473
2369,39cf3b9137615a6b,True,1.0,1.0,0.8064828730329591,1.0,1.0,1.0,0.9193678637637329
2370,f34d9948bdc257ab,True,1.0,1.0,1.0,1.0,1.0,1.0,1.0
2371,6477d5ad590955ba,True,1.0,1.0,0.9265214054774636,1.0,1.0,1.0,0.9693839189489433
2372,92d21bb7692b5664,True,1.0,1.0,0.9453981926491181,1.0,1.0,1.0,0.9772492469371326
2373,7c75567759e15900,True,1.0,1.0,1.0,1.0,1.0,1.0,1.0
2374,83212ddd15375812,True,1.0,1.0,1.0,1.0,1.0,1.0,1.0
2375,ef81756601bc569f,True,1.0,1.0,1.0,1.0,1.0,1.0,1.0
2376,70a70a9054d75d9f,True,0.0,0.0,0.0,0.0,1.0,1.0,0.0
2377,607b63930d2855da,True,1.0,0.0,0.0,0.0,1.0,0.0,0.0
2378,59b4bb47cf6656cf,True,1.0,1.0,0.7506947858575539,1.0,1.0,1.0,0.8961228274406475
2379,81d893bd99de519b,True,1.0,0.0,0.0,1.0,1.0,1.0,0.0
2380,406f8b299de35ce2,True,1.0,1.0,0.6377619904231319,1.0,1.0,0.5,0.8490674960096382
2381,927b73fea33f5218,True,1.0,1.0,0.8780775420767821,1.0,1.0,1.0,0.9491989758653259
2382,57730912486a5853,True,1.0,1.0,0.9110894737981172,1.0,1.0,1.0,0.9629539474158822
2383,c056dcf1096258a4,True,1.0,1.0,1.0,1.0,1.0,1.0,1.0
2384,842d40cd41cf56e8,True,1.0,1.0,0.784021732376037,1.0,1.0,1.0,0.9100090551566821
2385,1f381d3a242b54f0,True,1.0,1.0,0.7903415180531735,1.0,1.0,1.0,0.9126422991888222
2386,6fc4fc2702305dfa,True,1.0,1.0,1.0,0.0,1.0,1.0,0.5833333333333334
2387,1288b2d19d695376,True,1.0,1.0,1.0,1.0,1.0,1.0,1.0
2388,4a4bf6e11a875f33,True,1.0,1.0,0.9008400091178798,1.0,1.0,1.0,0.95868333713245
2389,6ffc117437175255,True,1.0,1.0,0.7571889575828364,1.0,1.0,1.0,0.8988287323261819
2390,ac55c7f072c6528d,True,1.0,0.0,0.0,1.0,1.0,1.0,0.0
2391,ad781cbf672a5485,True,1.0,1.0,0.689144356063885,1.0,1.0,1.0,0.8704768150266187
2392,ea1302023ad258ff,True,1.0,0.0,0.0,1.0,1.0,0.0,0.0
2393,e0e85d4fc9545225,True,1.0,1.0,0.5079327205220945,1.0,1.0,1.0,0.794971966884206
2394,0ed2cf016ddc5f90,True,1.0,1.0,0.8919881612240987,1.0,1.0,1.0,0.9549950671767077
2395,2de3f6af0a69509d,True,1.0,1.0,0.7989921357499004,1.0,1.0,1.0,0.9162467232291251
2396,674e6f0f529a51f7,True,1.0,1.0,0.6351714028618861,1.0,1.0,1.0,0.8479880845257859
2397,36419e8c59275f61,True,1.0,1.0,1.0,1.0,1.0,1.0,1.0
2398,36383c82194a543d,True,1.0,1.0,1.0,1.0,1.0,1.0,1.0
2399,9fe281ced54b55b2,True,1.0,1.0,0.9821638155303252,1.0,1.0,1.0,0.9925682564709688
2400,7bbb4260e163517f,True,1.0,1.0,0.7891841207951293,1.0,1.0,0.5,0.912160050331304
2401,6ea198f259b85e49,True,1.0,1.0,1.0,1.0,1.0,1.0,1.0
2402,84d10a502c1b5a74,True,0.0,1.0,0.0,0.0,1.0,1.0,0.0
2403,d2361c07df2f51c2,True,1.0,1.0,0.8216384484308735,0.0,1.0,1.0,0.5090160201795306
2404,485b3e83878255b2,True,1.0,1.0,0.685323048975415,1.0,1.0,1.0,0.8688846037397563
2405,f587b097f5f65db6,True,1.0,1.0,1.0,1.0,1.0,1.0,1.0
2406,45b494315ca85268,True,1.0,1.0,0.8560408392462375,1.0,1.0,1.0,0.9400170163525989
2407,866fab78f1da518b,True,1.0,1.0,0.9976196864328843,1.0,1.0,1.0,0.9990082026803684
2408,9d72593884a757a3,True,1.0,1.0,1.0,1.0,1.0,1.0,1.0
2409,cd7568df56095ff2,True,1.0,1.0,1.0,1.0,1.0,1.0,1.0
2410,5806eb348e3250d9,True,1.0,1.0,1.0,1.0,1.0,0.0,1.0
2411,1893fb783df95146,True,1.0,1.0,1.0,1.0,1.0,1.0,1.0
2412,49ee466685265a80,True,1.0,1.0,0.9821414381511089,0.0,1.0,1.0,0.5758922658962954
2413,0a8c2aac609d5a04,True,1.0,1.0,0.7366167062622886,1.0,1.0,1.0,0.8902569609426202
2414,5155241fdbbf57b3,True,1.0,1.0,1.0,1.0,1.0,1.0,1.0
2415,86db74cc909e5437,True,1.0,0.0,0.0,0.0,1.0,1.0,0.0
2416,b814c5b773165d87,True,1.0,1.0,0.8974672368100644,1.0,1.0,1.0,0.9572780153375268
2417,f5f7d39ffe625dda,True,1.0,1.0,0.977940829503947,0.0,1.0,1.0,0.5741420122933113
2418,e7b780eed68e5ce3,True,1.0,1.0,1.0,1.0,1.0,1.0,1.0
2419,95612e81595b568f,True,1.0,1.0,0.9297988916917813,1.0,1.0,1.0,0.9707495382049088
2420,089e3eac4f7e5c5c,True,1.0,1.0,0.9081844023041773,1.0,1.0,1.0,0.961743500960074
2421,fc4bdb76d30553b0,True,1.0,1.0,0.7523511276954074,1.0,1.0,1.0,0.8968129698730865
2422,0d09772186295ff0,True,1.0,1.0,1.0,0.0,1.0,1.0,0.5833333333333334
2423,2c1f43c6b93c5952,True,1.0,1.0,0.8126927528604317,1.0,1.0,1.0,0.9219553136918467
2424,13b9787d163b5072,True,1.0,1.0,0.4732568474183791,1.0,1.0,0.5,0.7805236864243246
2425,6916caadd44a5806,True,0.5,1.0,0.40233524555206096,0.0,1.0,1.0,0.16715317615667935
2426,7ceb065003f25449,True,1.0,1.0,0.9959856970857398,1.0,1.0,1.0,0.9983273737857249
2427,aa2918eb684351bd,True,1.0,1.0,0.7731912156815962,1.0,1.0,1.0,0.9054963398673318
2428,2eb2bc9d3b35584f,True,1.0,1.0,1.0,1.0,1.0,1.0,1.0
2429,25226305bdff5efd,True,1.0,1.0,1.0,1.0,1.0,1.0,1.0
2430,4417a92b5b1956b8,True,1.0,1.0,0.8376931140050082,1.0,1.0,1.0,0.9323721308354201
2431,f6eec3b743985122,True,1.0,1.0,0.9496002694682889,1.0,1.0,1.0,0.9790001122784537
2432,210a1c9ce3725a53,True,1.0,1.0,0.9290556505979958,1.0,1.0,1.0,0.9704398544158316
2433,c46b2546f3565375,True,1.0,1.0,0.5926620982370933,1.0,1.0,1.0,0.8302758742654556
2434,6d2b59f78d995d9c,True,1.0,1.0,1.0,1.0,1.0,1.0,1.0
2435,471869e791085ef6,True,1.0,0.0,0.0,1.0,1.0,1.0,0.0
2436,b4ec906c4dbe5735,True,1.0,1.0,0.977874198215837,1.0,1.0,1.0,0.9907809159232653
2437,fae990c38c515aa9,True,1.0,1.0,0.8347935610341819,0.0,1.0,1.0,0.5144973170975758
2438,48321ca34be254e5,True,1.0,1.0,0.8740455323758395,1.0,1.0,1.0,0.9475189718232665
2439,7fc551e4e0375d00,True,1.0,1.0,0.7648464579841668,1.0,1.0,1.0,0.9020193574934029
2440,be33fb4e1b435f1d,True,1.0,1.0,0.8523607404611766,1.0,1.0,1.0,0.9384836418588236
2441,8b794f146fda58da,True,1.0,0.0,0.0,1.0,1.0,1.0,0.0
2442,808e5edcddce51c3,True,1.0,1.0,0.8612425336956592,1.0,1.0,1.0,0.9421843890398579
2443,94683fc69ce4599c,True,1.0,1.0,0.6018187994848846,1.0,1.0,1.0,0.8340911664520352
2444,daa3dbcfc784564c,True,1.0,1.0,0.7492216431540859,1.0,1.0,1.0,0.8955090179808692
2445,f8f02729d1ee5c16,True,1.0,1.0,1.0,1.0,1.0,1.0,1.0
2446,f6038d685a4d55b4,True,0.0,0.0,0.0,0.0,1.0,0.0,0.0
2447,6e163d828a555eee,True,1.0,1.0,1.0,1.0,1.0,1.0,1.0
2448,f93bfd9479fd52ee,True,1.0,1.0,0.8096377849990215,0.0,1.0,1.0,0.5040157437495923
2449,63ab092351905a60,True,1.0,1.0,0.8904269018624239,1.0,1.0,1.0,0.9543445424426767
2450,4ad7866306895cca,True,1.0,1.0,0.6557805626839803,1.0,1.0,1.0,0.8565752344516584
2451,d1cf48dea57f5d2a,True,1.0,0.0,0.0,1.0,1.0,0.5,0.0
2452,944a55f58a59597f,True,0.0,1.0,0.0,0.0,1.0,1.0,0.0
2453,49a0d29c7058501c,True,1.0,1.0,0.7464559744332434,1.0,1.0,1.0,0.8943566560138514
2454,9d02128f653455a3,True,1.0,1.0,0.9640504634067446,1.0,1.0,1.0,0.985021026419477
2455,6326e62f04625791,True,1.0,1.0,0.17702652639636401,1.0,1.0,1.0,0.657094385998485
2456,8d8f238bb7315004,True,1.0,1.0,0.7207077695899309,1.0,1.0,1.0,0.8836282373291379
2457,19f93eaa916d5528,True,1.0,1.0,1.0,1.0,1.0,1.0,1.0
2458,535d4220196452ed,True,1.0,1.0,1.0,1.0,1.0,1.0,1.0
2459,0d7d0361dc665d25,True,1.0,1.0,1.0,1.0,1.0,1.0,1.0
2460,806b014bc8c15160,True,1.0,1.0,1.0,1.0,1.0,1.0,1.0
2461,6074e965781b510e,True,1.0,1.0,1.0,1.0,1.0,1.0,1.0
2462,570a5855539b5c7e,True,1.0,1.0,0.8697188626529048,1.0,1.0,1.0,0.9457161927720437
2463,6321c384f59c5265,True,1.0,1.0,0.6486201855164309,1.0,1.0,1.0,0.8535917439651796
2464,ed77d7ff214f53aa,True,1.0,1.0,0.9376381442069461,1.0,1.0,1.0,0.974015893419561
2465,4581d95a873c5679,True,1.0,1.0,1.0,0.0,1.0,0.0,0.5833333333333334
2466,f1d33f8016b153ef,True,0.0,1.0,0.0,0.0,1.0,1.0,0.0
2467,e85416da86d4567f,True,1.0,1.0,0.8966077885233347,1.0,1.0,1.0,0.9569199118847228
2468,1766fa78fd10576e,True,0.0,1.0,0.0,0.0,1.0,1.0,0.0
2469,bd4dac2ccde55c08,True,1.0,1.0,0.9047763042627966,1.0,1.0,1.0,0.9603234601094987
2470,5ee1455d53695e5b,True,1.0,1.0,0.8530557480793888,1.0,1.0,1.0,0.938773228366412
2471,8d7e4421c3e45c99,True,1.0,1.0,0.7132684820864311,1.0,1.0,1.0,0.8805285342026797
2472,f71f0d4ca6db5d40,True,1.0,1.0,0.727006658196311,1.0,1.0,1.0,0.8862527742484629
2473,9116e9726a6f59cb,True,1.0,0.0,0.0,1.0,1.0,1.0,0.0
2474,c07f609f83b85dd6,True,1.0,1.0,0.8648697654150782,1.0,1.0,1.0,0.9436957355896158
2475,f29d6171f46b551d,True,1.0,1.0,0.8832884639982418,1.0,1.0,1.0,0.9513701933326008
2476,19488eb3301f5d26,True,1.0,1.0,0.6832215779234976,1.0,1.0,1.0,0.8680089908014573
2477,f158576757e95c31,True,1.0,1.0,0.8591429575072911,1.0,1.0,1.0,0.941309565628038
2478,76d3db995c9e5946,True,0.5,0.0,0.0,0.0,1.0,1.0,0.0
2479,15a50c88ab0255ca,True,0.0,1.0,0.0,0.0,1.0,1.0,0.0
2480,1809a28a46465129,True,1.0,1.0,1.0,1.0,1.0,1.0,1.0
2481,0eb28cf3dad95c46,True,1.0,1.0,1.0,1.0,1.0,1.0,1.0
2482,ef4cd07fc8245457,True,1.0,1.0,1.0,1.0,1.0,1.0,1.0
2483,5ab14dca42a058d9,True,1.0,1.0,0.8028513953153119,1.0,1.0,1.0,0.9178547480480467
2484,0df6533b550c58c1,True,1.0,1.0,1.0,0.0,1.0,1.0,0.5833333333333334
2485,313a7548b23b5b8f,True,1.0,0.0,0.0,1.0,1.0,0.0,0.0
2486,4543b41a1fec5a97,True,1.0,1.0,0.8647540327375401,1.0,1.0,1.0,0.9436475136406418
2487,65caa24efb4556af,True,1.0,1.0,0.7609743937586632,1.0,1.0,1.0,0.900405997399443
2488,9d864c15bf7d5414,True,1.0,0.0,0.0,1.0,1.0,1.0,0.0
2489,0da1e53d70565ba4,True,1.0,1.0,1.0,0.0,1.0,1.0,0.5833333333333334
2490,7755fb23f28f5b2f,True,1.0,0.0,0.0,1.0,1.0,0.0,0.0
2491,299e19fc72e65ac5,True,1.0,1.0,1.0,1.0,1.0,0.0,1.0
2492,3cfcca572cdc5b75,True,1.0,0.0,0.0,1.0,1.0,1.0,0.0
2493,fa545b09688957b8,True,1.0,1.0,0.9976934226729074,1.0,1.0,1.0,0.9990389261137115
2494,55d6a50a401f52f7,True,1.0,1.0,0.9600030163486635,1.0,1.0,1.0,0.9833345901452765
2495,d218ff87bdc25c55,True,1.0,1.0,1.0,0.0,1.0,1.0,0.5833333333333334
2496,b2e0a5dfbb575ce1,True,1.0,1.0,0.7648550851786425,1.0,1.0,1.0,0.9020229521577677
2497,16f3b92e5d56573a,True,1.0,1.0,1.0,0.0,1.0,1.0,0.5833333333333334
2498,798f1981bb285b09,True,1.0,1.0,0.5334785786051698,1.0,1.0,1.0,0.8056160744188207
2499,00a757f8d4e45f8c,True,1.0,1.0,0.9885729129410445,1.0,1.0,1.0,0.9952387137254353
2500,1a707ed0d7ba541d,True,1.0,0.0,0.0,1.0,1.0,1.0,0.0
2501,026e84581e0f5044,True,1.0,1.0,0.7783550076901751,1.0,1.0,1.0,0.9076479198709063
2502,43ce8a5ddf8f5541,True,1.0,1.0,1.0,1.0,1.0,1.0,1.0
2503,cd1234d5b4b2570d,True,1.0,1.0,0.5324667927203116,1.0,1.0,1.0,0.8051944969667965
2504,1a1aa689c53951ba,True,1.0,1.0,1.0,0.0,1.0,1.0,0.5833333333333334
2505,db951dbc3e595c29,True,1.0,1.0,0.9564280107594593,1.0,1.0,1.0,0.981845004483108
2506,262c4400163e5d8e,True,1.0,1.0,0.8146835931275115,1.0,1.0,1.0,0.9227848304697964
2507,89766121ee605be0,True,1.0,1.0,0.9365398483881928,1.0,1.0,0.5,0.973558270161747
2508,a756084987b256e5,True,1.0,1.0,0.7718981992253605,1.0,1.0,1.0,0.9049575830105668
2509,1423dcf83efa5241,True,1.0,1.0,0.6804980682447194,1.0,1.0,1.0,0.8668741951019664
2510,12177b43d67d51a7,True,1.0,1.0,1.0,1.0,1.0,1.0,1.0
2511,c5727dc4f8665554,True,1.0,1.0,0.9832606923557804,1.0,1.0,1.0,0.9930252884815752
2512,955af39177fe5ba1,True,1.0,1.0,0.8730997421677852,1.0,1.0,1.0,0.9471248925699105
2513,6004740a8a8052f8,True,1.0,0.0,0.0,1.0,1.0,1.0,0.0
2514,2cc421e9b3fd5c17,True,1.0,0.0,0.0,1.0,1.0,1.0,0.0
2515,513a97511d135ebd,True,1.0,1.0,0.8139800575968116,1.0,1.0,1.0,0.9224916906653382
2516,cebdeff85ac65185,True,1.0,1.0,1.0,1.0,1.0,1.0,1.0
2517,de354f243fa157ec,True,1.0,1.0,0.9800956663482085,1.0,1.0,1.0,0.9917065276450869
2518,df020b6bdc1b59c0,True,0.0,1.0,0.0,0.0,1.0,1.0,0.0
2519,ad517de61e355d8d,True,1.0,1.0,0.7152379027631849,1.0,1.0,1.0,0.881349126151327
2520,54c208abe15c56e5,True,1.0,1.0,1.0,1.0,1.0,1.0,1.0
2521,31ac916bb888562a,True,1.0,0.0,0.0,1.0,1.0,1.0,0.0
2522,6062e3ace278511a,True,1.0,1.0,0.8048191930994224,1.0,1.0,1.0,0.918674663791426
2523,9fc5098e21355c6e,True,1.0,1.0,0.858356310117132,1.0,1.0,1.0,0.9409817958821384
2524,1ecea4b911675b72,True,1.0,1.0,0.8126344498057617,1.0,1.0,1.0,0.9219310207524009
2525,9360bfdb65d153cd,True,0.5,0.0,0.0,0.0,1.0,1.0,0.0
2526,7d59e0ea1e0d524b,True,1.0,1.0,0.5563572918275466,1.0,1.0,1.0,0.8151488715948111
2527,58b0a1db2a145780,True,1.0,0.0,0.0,1.0,1.0,1.0,0.0
2528,70297f5b95955dce,True,1.0,1.0,0.8323122420801757,1.0,1.0,1.0,0.93013010086674
2529,24a09c3c8a985e8e,True,1.0,1.0,1.0,1.0,1.0,1.0,1.0
2530,aab09057df0a515d,True,1.0,1.0,0.8464718136308126,1.0,1.0,1.0,0.9360299223461719
2531,2a68e10c7d305af4,True,1.0,1.0,0.9610735624603975,1.0,1.0,1.0,0.9837806510251657
2532,a9152eadc70058ba,True,1.0,1.0,1.0,1.0,1.0,1.0,1.0
2533,f36dbc258c8b5e17,True,1.0,1.0,1.0,1.0,1.0,1.0,1.0
2534,feb7748995f55bdd,True,0.0,1.0,0.0,0.0,1.0,1.0,0.0
2535,4cd806a126f85b23,True,1.0,1.0,0.8040296003399904,1.0,1.0,0.0,0.9183456668083293
2536,ef886d0dee3e534c,True,1.0,1.0,0.8137337245017234,1.0,1.0,1.0,0.9223890518757182
2537,bf896d504b4356c7,True,1.0,1.0,0.4941565894281444,1.0,1.0,1.0,0.789231912261727
2538,b87c15c9f6cf54eb,True,1.0,1.0,1.0,1.0,1.0,1.0,1.0
2539,094551eaba7351f5,True,1.0,0.0,0.0,1.0,1.0,0.5,0.0
2540,0748764d9de454ea,True,1.0,1.0,1.0,1.0,1.0,1.0,1.0
2541,126fd1a0d1675f57,True,1.0,1.0,0.7375173098763841,1.0,1.0,1.0,0.8906322124484934
2542,236c1e1f86ec5e98,True,1.0,1.0,0.8187281529958361,1.0,1.0,1.0,0.9244700637482651
2543,6387e5c4dd2f5e2a,True,1.0,1.0,0.7658435148283752,1.0,1.0,1.0,0.9024347978451562
2544,748a5531d6415e0c,True,1.0,1.0,1.0,1.0,1.0,1.0,1.0
2545,66dd7339f01b58c2,True,1.0,1.0,0.7890716867217484,1.0,1.0,1.0,0.9121132028007285
2546,008d66a74c275479,True,1.0,1.0,1.0,1.0,1.0,1.0,1.0
2547,071d69045acb5971,True,1.0,0.0,0.0,1.0,1.0,0.5,0.0
2548,9aadb4c8a77d5849,True,1.0,1.0,0.9423259583969867,1.0,1.0,1.0,0.9759691493320778
2549,52b428b6ff135845,True,1.0,1.0,1.0,1.0,1.0,1.0,1.0
2550,6871543e963f5bdf,True,1.0,1.0,0.8566584242040172,1.0,1.0,1.0,0.9402743434183405
2551,13fe271547945a97,True,1.0,1.0,1.0,1.0,1.0,1.0,1.0
2552,2cbf505c735c5c34,True,1.0,1.0,0.8035512714107571,1.0,1.0,1.0,0.9181463630878155
2553,ea91c9a3a75f514c,True,1.0,1.0,0.6987419473020812,1.0,1.0,1.0,0.8744758113758672
2554,9e77d9cf35e05d55,True,1.0,1.0,0.8565818217336907,1.0,1.0,1.0,0.9402424257223712
2555,b2e27f20100b54ba,True,1.0,1.0,0.988755723784648,1.0,1.0,1.0,0.99531488491027
2556,bd70654aee0f54a6,True,0.0,1.0,0.0,1.0,1.0,1.0,0.0
2557,52ed9777731d5ba8,True,1.0,1.0,0.9107145378213544,1.0,1.0,1.0,0.9627977240922311
2558,d81c4398a40b52b9,True,1.0,0.0,0.0,1.0,1.0,1.0,0.0
2559,5eef9aece027548e,True,1.0,1.0,1.0,1.0,1.0,1.0,1.0
2560,f1042fb26da2534a,True,1.0,1.0,0.7599000303402071,1.0,1.0,1.0,0.8999583459750863
2561,5a4811a0bde955b3,True,1.0,0.0,0.0,1.0,1.0,1.0,0.0
2562,19f3e77fcd3353c5,True,1.0,1.0,0.8797815471591471,1.0,1.0,1.0,0.9499089779829779
2563,ca62812a55ce5f0b,True,1.0,1.0,0.8121726800954014,1.0,1.0,1.0,0.9217386167064173
2564,b0598da891205aa3,True,1.0,1.0,0.6313144809127419,1.0,1.0,1.0,0.8463810337136425
2565,31a522ae1ee151bf,True,1.0,1.0,0.8204028145612037,1.0,1.0,1.0,0.9251678394005015
2566,79bba6381fb85a36,True,1.0,1.0,0.849613868320505,1.0,1.0,1.0,0.9373391118002105
2567,3e8c8729205850ab,True,1.0,1.0,0.8291613698233038,1.0,1.0,1.0,0.9288172374263765
2568,517e199220ca522b,True,1.0,1.0,0.9490067509310962,0.0,1.0,1.0,0.56208614622129
2569,34b812e4de1a536b,True,1.0,1.0,0.8288933430723652,1.0,1.0,1.0,0.9287055596134856
2570,16a2c04634ab5112,True,1.0,1.0,1.0,1.0,1.0,1.0,1.0
2571,4332fab190e05b95,True,1.0,1.0,0.9465723762981099,1.0,1.0,1.0,0.9777384901242124
2572,4175cdc49ec759f5,True,1.0,1.0,0.9281803287629444,1.0,1.0,1.0,0.9700751369845602
2573,deae4b3cac52513c,True,1.0,1.0,0.8742750835765686,1.0,1.0,1.0,0.9476146181569035
2574,2919cd502115582a,True,1.0,1.0,1.0,1.0,1.0,1.0,1.0
2575,18f8562c9bb55561,True,1.0,1.0,0.798382597010209,1.0,1.0,1.0,0.9159927487542537
2576,57fa478b9b1e5de3,True,1.0,1.0,1.0,0.0,1.0,1.0,0.5833333333333334
2577,f335a11369685b08,True,1.0,1.0,0.7224699583234885,1.0,1.0,1.0,0.8843624826347868
2578,f1ef98a6ff94525c,True,1.0,1.0,0.9664724734854311,1.0,1.0,1.0,0.9860301972855963
2579,260f5d5245015db6,True,1.0,1.0,1.0,1.0,1.0,1.0,1.0
2580,a988872adfe45a71,True,0.0,1.0,0.0,0.0,1.0,1.0,0.0
2581,482989b8df6550b5,True,0.0,1.0,0.0,1.0,1.0,1.0,0.0
2582,355835bced0c591f,True,1.0,0.0,0.0,1.0,1.0,1.0,0.0
2583,e22b4bce822a51fb,True,0.5,0.0,0.0,0.0,1.0,0.0,0.0
2584,569187407cd3517c,True,1.0,1.0,1.0,1.0,1.0,1.0,1.0
2585,2ee44628526e524c,True,1.0,1.0,0.7870739268861441,1.0,1.0,1.0,0.9112808028692267
2586,4faa4706a50958e2,True,1.0,1.0,0.6204893312928814,1.0,1.0,1.0,0.8418705547053672
2587,2be2e48e80985bee,True,1.0,0.0,0.0,1.0,1.0,1.0,0.0
2588,4d5c4013a6db5819,True,1.0,1.0,1.0,1.0,1.0,1.0,1.0
2589,33c1e6fe4ce650bf,True,1.0,1.0,0.8747552028838022,1.0,1.0,1.0,0.947814667868251
2590,87fa0c79b31c563a,True,1.0,0.0,0.0,1.0,1.0,1.0,0.0
2591,980db9371e6b52de,True,1.0,1.0,1.0,1.0,1.0,1.0,1.0
2592,aef33fdade585ab3,True,1.0,1.0,0.9121714511675838,1.0,1.0,1.0,0.9634047713198267
2593,5b834475a09a531c,True,1.0,1.0,0.8638467419280681,1.0,1.0,1.0,0.9432694758033616
2594,3e44ba1b6a675c54,True,1.0,1.0,0.7120046398346528,1.0,1.0,1.0,0.8800019332644387
2595,47359dd210e254ea,True,1.0,1.0,1.0,1.0,1.0,1.0,1.0
2596,1eed252c6ca25157,True,1.0,1.0,0.4852814375801779,1.0,1.0,1.0,0.7855339323250741
2597,08dfae1bbef35bdc,True,1.0,1.0,0.7799050520944824,1.0,1.0,1.0,0.9082937717060343
2598,163c9ec0110e5384,True,1.0,1.0,0.7101391481564355,1.0,1.0,1.0,0.8792246450651815
2599,d45f18da371a5fe5,True,1.0,0.0,0.0,1.0,1.0,1.0,0.0
2600,73872fdc28995ad6,True,1.0,0.0,0.0,1.0,1.0,1.0,0.0
2601,36be99da12575896,True,1.0,0.0,0.0,1.0,1.0,1.0,0.0
2602,4ae7296f92115e83,True,1.0,0.0,0.0,1.0,1.0,1.0,0.0
2603,b191eb9b8de25005,True,1.0,1.0,1.0,1.0,1.0,1.0,1.0
2604,2ee0fbae6edc5e0d,True,1.0,0.0,0.0,1.0,1.0,1.0,0.0
2605,0c6772102cc550ef,True,1.0,1.0,1.0,1.0,1.0,1.0,1.0
2606,b99d20a078a958b9,True,1.0,1.0,0.7690388891896348,1.0,1.0,1.0,0.9037662038290145
2607,f750e0c7f8375bae,True,1.0,1.0,0.718461768711262,1.0,1.0,1.0,0.8826924036296925
2608,077031ef7dcb5ab4,True,1.0,1.0,1.0,1.0,1.0,1.0,1.0
2609,595596a88cce5c9d,True,1.0,1.0,0.7304957227969896,1.0,1.0,1.0,0.8877065511654124
2610,373707159e77583c,True,1.0,1.0,0.8947613679327006,1.0,1.0,1.0,0.9561505699719586
2611,2a30c259f67c561d,True,1.0,1.0,0.6976269306741666,1.0,1.0,1.0,0.8740112211142361
2612,ee526f78f4ce5d75,True,1.0,1.0,1.0,1.0,1.0,1.0,1.0
2613,b7e61e7b15265bb9,True,1.0,1.0,1.0,1.0,1.0,1.0,1.0
2614,89e02236312d5038,True,1.0,1.0,1.0,1.0,1.0,1.0,1.0
2615,b677a8a95c395ad2,True,1.0,1.0,0.6711407566550943,1.0,1.0,1.0,0.8629753152729559
2616,53d3787367c75240,True,1.0,1.0,1.0,1.0,1.0,1.0,1.0
2617,892f8a0d37dd5af3,True,1.0,1.0,0.9356535749029197,1.0,1.0,1.0,0.9731889895428832
2618,70e6b8db27e55b53,True,1.0,1.0,1.0,1.0,1.0,0.5,1.0
2619,abba9d81ee9054ec,True,1.0,1.0,0.9871549777107627,1.0,1.0,1.0,0.9946479073794844
2620,a27875deccc151e0,True,1.0,1.0,0.7731952497127115,1.0,1.0,1.0,0.9054980207136297
2621,19a595ad0fe35941,True,1.0,1.0,0.8516020650595885,0.0,1.0,0.5,0.5215008604414951
2622,6debfcfccc75589c,True,1.0,1.0,0.8285196891646662,1.0,1.0,1.0,0.9285498704852776
2623,f2e0d7e15fa253f0,True,1.0,1.0,0.8583166620703055,1.0,1.0,1.0,0.9409652758626272
2624,2318ebb3b64554fc,True,1.0,1.0,1.0,1.0,1.0,1.0,1.0
2625,1f2bbc5cb66b523a,True,1.0,1.0,0.8727505447599249,1.0,1.0,1.0,0.9469793936499687
2626,fe0c83d70ca456ae,True,0.0,1.0,0.0,0.0,1.0,1.0,0.0
2627,aacc2ed7ba2859c5,True,1.0,1.0,0.7284761709186708,1.0,1.0,1.0,0.8868650712161128
2628,f004b5e4838455f3,True,1.0,1.0,1.0,1.0,1.0,1.0,1.0
2629,71bacc65bda2569c,True,1.0,1.0,0.8423364908468184,1.0,1.0,1.0,0.9343068711861743
2630,8c8694effde754e6,True,1.0,1.0,0.7973174332048013,1.0,1.0,1.0,0.9155489305020006
2631,6e395976280452e1,True,1.0,1.0,1.0,1.0,1.0,1.0,1.0
2632,d1e6f085af9b5199,True,1.0,1.0,0.8539046017932781,1.0,1.0,1.0,0.939126917413866
2633,60991b5c52d85113,True,1.0,1.0,1.0,1.0,1.0,1.0,1.0
2634,4711d15a356a54e9,True,1.0,1.0,0.7865285412751027,1.0,1.0,1.0,0.9110535588646261
2635,6f8c03f8038757cc,True,0.0,1.0,0.0,0.0,1.0,1.0,0.0
2636,05d6f076bdc855d1,True,1.0,1.0,0.9156472785094356,1.0,1.0,1.0,0.964853032712265
2637,e9fcec80707952c3,True,1.0,1.0,0.12660455464836803,1.0,1.0,1.0,0.6360852311034867
2638,8676d43a96795310,True,1.0,1.0,1.0,0.0,1.0,1.0,0.5833333333333334
2639,3067f3d3d5a75989,True,1.0,1.0,1.0,1.0,1.0,1.0,1.0
2640,269e03fbbb4c5856,True,1.0,1.0,1.0,1.0,1.0,1.0,1.0
2641,b4aa2f58df795a92,True,0.0,1.0,0.0,0.0,1.0,1.0,0.0
2642,d4849a52aaa55a9f,True,1.0,1.0,1.0,1.0,1.0,1.0,1.0
2643,910c4dd3f1ec51b1,True,1.0,1.0,1.0,1.0,1.0,1.0,1.0
2644,dbbe5d5671495f13,True,1.0,1.0,0.649924195224056,1.0,1.0,1.0,0.8541350813433567
2645,eda3453c6d5355e0,True,1.0,1.0,0.7801757652288647,1.0,1.0,1.0,0.9084065688453603
2646,5e81fdb02c275b17,True,1.0,1.0,0.554338227025484,1.0,1.0,1.0,0.8143075945939516
2647,f41cf739059453a4,True,1.0,1.0,0.6337934455256409,1.0,1.0,1.0,0.8474139356356837
2648,905ab0794c235f69,True,1.0,1.0,0.8492443347870159,1.0,1.0,1.0,0.9371851394945899
2649,684dc9c8167b5189,True,1.0,1.0,0.5621692672684537,1.0,1.0,1.0,0.8175705280285225
2650,deb16bb9771a582a,True,1.0,1.0,0.7725414125751322,1.0,1.0,1.0,0.9052255885729718
2651,0a7ed373b7de5037,True,0.0,0.0,0.0,0.0,1.0,0.5,0.0
2652,b3b8544db9025d6a,True,0.0,1.0,0.0,0.0,1.0,1.0,0.0
2653,6828c3caaaca56e1,True,1.0,1.0,0.8161213708238335,1.0,1.0,1.0,0.9233839045099307
2654,7f890846214d583a,True,1.0,1.0,0.8847582133327606,1.0,1.0,1.0,0.9519825888886503
2655,c093d999a01c5e92,True,1.0,1.0,0.7078770959718771,1.0,1.0,1.0,0.8782821233216155
2656,59c00098b95d53b8,True,1.0,1.0,0.8813649494601288,1.0,1.0,1.0,0.9505687289417203
2657,6b52f2b62f215cb4,True,1.0,1.0,1.0,1.0,1.0,1.0,1.0
2658,f264f464b21753de,True,1.0,1.0,0.9511419835229414,1.0,1.0,1.0,0.979642493134559
2659,0451b850addd591c,True,1.0,1.0,0.7185991294031147,1.0,1.0,1.0,0.8827496372512978
2660,88904a762b5f5793,True,1.0,1.0,0.8548804066760411,1.0,1.0,1.0,0.9395335027816838
2661,cdc8b2ccd20f5c80,True,1.0,1.0,0.776698709900575,1.0,1.0,1.0,0.9069577957919063
2662,97fcdcd35af7563b,True,1.0,1.0,1.0,1.0,1.0,1.0,1.0
2663,5b3db54a43ca52ed,True,1.0,1.0,0.7088409793844659,1.0,1.0,1.0,0.8786837414101941
2664,834cf95826ec5c73,True,1.0,1.0,0.7753980124816985,1.0,1.0,1.0,0.906415838534041
2665,0558c7a64ef157b1,True,1.0,1.0,0.9692962679550828,1.0,1.0,1.0,0.9872067783146178
2666,03aa8a0576a25b63,True,1.0,1.0,0.6660007950791403,1.0,1.0,1.0,0.8608336646163085
2667,6326d00e52115da4,True,1.0,1.0,1.0,1.0,1.0,1.0,1.0
2668,dd162898ecf351d4,True,0.0,1.0,0.0,0.0,1.0,1.0,0.0
2669,f2e1685f07675799,True,1.0,1.0,0.9613677136970913,0.0,1.0,1.0,0.567236547373788
2670,6fbdacdf660253b6,True,1.0,1.0,1.0,0.0,1.0,1.0,0.5833333333333334
2671,f3f0ebe8d9185b69,True,1.0,1.0,0.7741023368510934,1.0,1.0,1.0,0.9058759736879556
2672,21ce6f815188587a,True,1.0,1.0,0.7209919683699803,1.0,1.0,1.0,0.8837466534874917
2673,39147f08f4645365,True,1.0,1.0,0.9404629938596587,1.0,1.0,1.0,0.9751929141081911
2674,768ae2e06b1e5d90,True,1.0,1.0,0.879352452461036,1.0,1.0,1.0,0.9497301885254318
2675,9fe07284cb3f5e0a,True,1.0,1.0,1.0,1.0,1.0,1.0,1.0
2676,4dd55e4b78955eca,True,1.0,1.0,0.9939247589045018,1.0,1.0,1.0,0.9974686495435424
2677,e6a94b91b19f5315,True,1.0,1.0,1.0,1.0,1.0,1.0,1.0
2678,ed98d12e4c99536d,True,1.0,1.0,1.0,1.0,1.0,0.5,1.0
2679,6498149e85ef5b8d,True,1.0,1.0,1.0,1.0,1.0,1.0,1.0
2680,42dc421e37c154e5,True,1.0,1.0,1.0,1.0,1.0,1.0,1.0
2681,29a576f5351a5162,True,1.0,1.0,0.758773689181577,1.0,1.0,1.0,0.8994890371589904
2682,ef0b044d86855ffe,True,1.0,1.0,1.0,1.0,1.0,1.0,1.0
2683,4a7fd1bd37ed5463,True,1.0,1.0,0.7289485926060669,1.0,1.0,1.0,0.8870619135858613
2684,b51815625ee05f75,True,1.0,1.0,1.0,1.0,1.0,1.0,1.0
2685,d4f5976a6d615330,True,0.0,1.0,0.0,0.0,1.0,1.0,0.0
2686,a43d45f7369d5489,True,1.0,1.0,1.0,1.0,1.0,1.0,1.0
2687,e62e904da0695956,True,1.0,1.0,0.8936275857546595,1.0,1.0,1.0,0.9556781607311082
2688,f1def9ef86125c39,True,1.0,1.0,1.0,1.0,1.0,0.5,1.0
2689,245bcbae35595474,True,0.0,1.0,0.0,0.0,1.0,0.0,0.0
2690,4afad5f528f45dfe,True,1.0,1.0,1.0,1.0,1.0,1.0,1.0
2691,908f696abf7c5a26,True,1.0,0.0,0.0,1.0,1.0,1.0,0.0
2692,af335d636f4c516e,True,1.0,0.0,0.0,1.0,1.0,1.0,0.0
2693,26ba80ad72205a03,True,1.0,1.0,0.9679416721565249,1.0,1.0,1.0,0.986642363398552
2694,dadda73214d15baf,True,1.0,1.0,0.9379407804520122,1.0,1.0,1.0,0.974141991855005
2695,2ccebcdb0da25be5,True,1.0,1.0,1.0,1.0,1.0,1.0,1.0
2696,9a94341d994d5ec9,True,1.0,1.0,0.7278638268510191,1.0,1.0,1.0,0.8866099278545914
2697,427ee2e0d1c05699,True,1.0,1.0,1.0,1.0,1.0,0.5,1.0
2698,888913e0978f559b,True,1.0,1.0,0.5473881075236315,1.0,1.0,1.0,0.8114117114681797
2699,0f83bb5cecbe56df,True,1.0,1.0,0.795810841253563,1.0,1.0,1.0,0.9149211838556512
2700,b27bfe84cc545daa,True,1.0,1.0,0.9756091345409152,1.0,1.0,1.0,0.9898371393920481
2701,078f05d9e9c05230,True,1.0,1.0,0.7780625526734901,1.0,1.0,1.0,0.9075260636139543
2702,94ae12c4703950be,True,1.0,1.0,0.8464829439587268,1.0,1.0,1.0,0.9360345599828029
2703,e045d3abc4e95f52,True,1.0,1.0,0.7688289933226227,0.0,1.0,1.0,0.48701208055109274
2704,8b7d99b5ae2a5219,True,0.0,1.0,0.0,0.0,1.0,1.0,0.0
2705,667afe1f010351c5,True,0.0,1.0,0.0,0.0,1.0,1.0,0.0
2706,661d0a5bf2735f03,True,1.0,1.0,0.8448579970278436,1.0,1.0,1.0,0.9353574987616016
2707,7be2f6436ce95042,True,1.0,1.0,1.0,1.0,1.0,1.0,1.0
2708,956e3aa8415b5712,True,1.0,1.0,0.6705814662960062,1.0,1.0,1.0,0.8627422776233359
2709,8b1193abd0b75de0,True,1.0,0.0,0.0,1.0,1.0,1.0,0.0
2710,490475b585895e0e,True,1.0,1.0,0.9518262571394994,1.0,1.0,1.0,0.979927607141458
2711,71057ab084a75ce6,True,1.0,1.0,0.791342270848128,1.0,1.0,1.0,0.9130592795200534
2712,1ea920764abe5dcb,True,1.0,1.0,0.7559631201079869,1.0,1.0,1.0,0.8983179667116613
2713,b8104b69b2d9509b,True,1.0,1.0,0.7282216035254916,1.0,1.0,1.0,0.8867590014689548
2714,a3f82403e6945aa7,True,1.0,1.0,0.9372798442043256,1.0,1.0,0.5,0.9738666017518023
2715,d22135cc2a13514f,True,1.0,1.0,0.954162092420399,1.0,1.0,1.0,0.9809008718418329
2716,5bb6cc197a7455e4,True,1.0,1.0,1.0,1.0,1.0,1.0,1.0
2717,30d90432ffb357cf,True,1.0,1.0,0.9951080051372291,0.0,1.0,1.0,0.5812950021405121
2718,f63a2f8e05115d52,True,1.0,1.0,1.0,0.0,1.0,1.0,0.5833333333333334
2719,bb0d850edd125bbe,True,1.0,1.0,0.7134937026315481,1.0,1.0,1.0,0.8806223760964783
2720,e61adc75d7da50c3,True,1.0,1.0,1.0,1.0,1.0,0.5,1.0
2721,b1520b6af9705191,True,1.0,1.0,1.0,1.0,1.0,1.0,1.0
2722,f7544894729252f5,True,1.0,1.0,0.7387702561720075,1.0,1.0,1.0,0.8911542734050032
2723,95005e9d60b05d1d,True,1.0,1.0,0.8390706513593085,1.0,1.0,1.0,0.9329461047330452
2724,ec3a67acceec55cc,True,1.0,1.0,1.0,1.0,1.0,1.0,1.0
2725,29c5b3febc2f5704,True,1.0,1.0,0.8470161705915804,1.0,1.0,1.0,0.9362567377464918
2726,5d5cef2e5d6b5d6b,True,1.0,1.0,0.7768341856239366,1.0,1.0,1.0,0.9070142440099737
2727,40c06c252a275c50,True,1.0,1.0,0.6682632198105555,1.0,1.0,1.0,0.8617763415877314
2728,5ea36cebd2575b16,True,1.0,1.0,1.0,1.0,1.0,1.0,1.0
2729,23ca661f3d7754c7,True,1.0,1.0,0.8089507183620055,1.0,1.0,1.0,0.9203961326508358
2730,0ac3823481f15815,True,1.0,1.0,0.7102792197843534,1.0,1.0,1.0,0.8792830082434806
2731,ddf3383ec8965d9b,True,1.0,1.0,0.8079034119954324,1.0,1.0,1.0,0.9199597549980968
2732,774006a654915196,True,1.0,1.0,0.7586415764779406,1.0,1.0,1.0,0.8994339901991419
2733,b04c892043a352d3,True,1.0,1.0,1.0,1.0,1.0,1.0,1.0
2734,cc8b8b4ae726592a,True,1.0,1.0,1.0,1.0,1.0,1.0,1.0
2735,8ac66bedd6d057d2,True,1.0,1.0,0.6179632172074825,1.0,1.0,1.0,0.8408180071697844
2736,f879fd3edf21506a,True,1.0,1.0,0.8024225138066644,1.0,1.0,1.0,0.9176760474194435
2737,906d7e590245576a,True,1.0,1.0,0.6346613527700534,1.0,1.0,1.0,0.8477755636541889
2738,efb87bb3ff675f08,True,1.0,1.0,0.770167145467075,0.0,1.0,0.0,0.4875696439446146
2739,446dbb38653a51a8,True,1.0,1.0,0.9672742312289828,1.0,1.0,1.0,0.9863642630120761
2740,1a8da8e47d235dbe,True,1.0,1.0,0.9357376223187305,1.0,1.0,1.0,0.9732240092994711
2741,19b1cc462216591a,True,1.0,1.0,1.0,0.0,1.0,1.0,0.5833333333333334
2742,e9cb16355c1f5d9b,True,1.0,1.0,0.8286367131319368,1.0,1.0,1.0,0.9285986304716403
2743,b845e97a49a75cd0,True,1.0,1.0,0.7384576475674447,1.0,1.0,1.0,0.8910240198197686
2744,7b281124be57507a,True,1.0,0.0,0.0,1.0,1.0,0.5,0.0
2745,288ea364ec115f46,True,1.0,1.0,1.0,1.0,1.0,1.0,1.0
2746,9b5cb743a4a4590b,True,1.0,1.0,1.0,1.0,1.0,0.0,1.0
2747,3789d42ea83f569d,True,1.0,1.0,0.6722023433538695,1.0,1.0,1.0,0.8634176430641123
2748,659d1e0ce6cd5c97,True,1.0,1.0,0.87576560535587,1.0,1.0,1.0,0.948235668898279
2749,eb2304df049d5ce3,True,1.0,1.0,1.0,1.0,1.0,1.0,1.0
2750,fa937665dc4a5d08,True,1.0,1.0,1.0,1.0,1.0,1.0,1.0
2751,b691d77ef9ff5d5e,True,1.0,1.0,1.0,1.0,1.0,1.0,1.0
2752,34ed4880444350af,True,1.0,1.0,0.9368603745071314,1.0,1.0,1.0,0.9736918227113048
2753,cb7ce9515c495674,True,1.0,1.0,0.7226168792897502,1.0,1.0,1.0,0.8844236997040626
2754,155c42ad43525252,True,1.0,1.0,0.668059538143011,1.0,1.0,1.0,0.8616914742262546
2755,c4fad4d040a75b90,True,1.0,0.0,0.0,1.0,1.0,1.0,0.0
2756,d3322747793a5dda,True,1.0,1.0,1.0,1.0,1.0,1.0,1.0
2757,c8b422346e1f5252,True,1.0,1.0,1.0,1.0,1.0,1.0,1.0
2758,e36762528cdb5e37,True,1.0,1.0,0.7774294848770557,1.0,1.0,1.0,0.9072622853654398
2759,5a8a6c9d92935076,True,1.0,0.0,0.0,1.0,1.0,1.0,0.0
2760,33c58e00f5805824,True,1.0,1.0,0.9337564779535122,1.0,1.0,1.0,0.97239853248063
2761,cbd04a396e145288,True,1.0,1.0,1.0,1.0,1.0,1.0,1.0
2762,def5763ef93655ae,True,1.0,1.0,0.8753281662864706,1.0,1.0,1.0,0.9480534026193629
2763,a90317c305c3505a,True,1.0,1.0,0.8789104238081975,1.0,1.0,1.0,0.9495460099200823
2764,1218b6a218b750d8,True,1.0,1.0,1.0,1.0,1.0,1.0,1.0
2765,19a52017c000548c,True,1.0,1.0,0.9434647970170802,1.0,1.0,1.0,0.9764436654237834
2766,fb351801ac245053,True,1.0,1.0,1.0,1.0,1.0,1.0,1.0
2767,2631b349e0ce5b83,True,1.0,1.0,0.9939691626958767,1.0,1.0,1.0,0.9974871511232819
2768,498c6f15e5c856bb,True,1.0,1.0,0.8115714986913576,0.0,1.0,1.0,0.5048214577880656
2769,bf1064685f045d97,True,1.0,0.0,0.0,1.0,1.0,1.0,0.0
2770,c195a8cb7ccb59fd,True,1.0,0.0,0.0,1.0,1.0,1.0,0.0
2771,55e018d3bd3d5abc,True,1.0,1.0,0.9378780520693432,1.0,1.0,1.0,0.974115855028893
2772,9ce9ec5a49b1568d,True,1.0,1.0,0.8214556977669315,1.0,1.0,1.0,0.9256065407362214
2773,65f236a74a3d53a4,True,1.0,1.0,0.8988332299717996,1.0,1.0,1.0,0.9578471791549165
2774,92a263b537fd5b72,True,1.0,1.0,0.886019526201777,1.0,1.0,1.0,0.952508135917407
2775,51e74fb3d9945768,True,1.0,1.0,0.856987929037039,1.0,1.0,1.0,0.9404116370987663
2776,45e6bebee4305fb6,True,1.0,1.0,0.6727283232868373,1.0,1.0,1.0,0.8636368013695156
2777,91fc00df56ae5aca,True,1.0,0.0,0.0,1.0,1.0,1.0,0.0
2778,1dbaa3f0d0345e61,True,1.0,1.0,1.0,1.0,1.0,1.0,1.0
2779,53834451cfa75fd0,True,1.0,1.0,0.9954245726205402,1.0,1.0,1.0,0.998093571925225
2780,3461796610c15a0e,True,1.0,1.0,1.0,1.0,1.0,1.0,1.0
2781,008d6e3394a65c1f,True,1.0,1.0,1.0,1.0,1.0,1.0,1.0
2782,27b5c3ce868856a2,True,1.0,1.0,0.9039769951191367,1.0,1.0,1.0,0.9599904146329736
2783,828b1011212253c6,True,1.0,1.0,1.0,1.0,1.0,1.0,1.0
2784,63a80bcca90b5dec,True,1.0,1.0,0.6850946419174575,1.0,1.0,1.0,0.868789434132274
2785,55a63ecf2e985abe,True,1.0,1.0,0.5297278157076194,1.0,1.0,1.0,0.8040532565448414
2786,d94aa4b0e05e5be9,True,1.0,1.0,1.0,0.0,1.0,1.0,0.5833333333333334
2787,6370add5182e51b7,True,1.0,1.0,1.0,1.0,1.0,1.0,1.0
2788,9cb247f1ef445fb9,True,1.0,1.0,0.8902695008825259,1.0,1.0,1.0,0.9542789587010524
2789,6abe0ed266f258d9,True,1.0,1.0,1.0,1.0,1.0,1.0,1.0
2790,9104884bcb915c08,True,1.0,0.0,0.0,1.0,1.0,1.0,0.0
2791,3d86e3fc3499578f,True,0.0,1.0,0.0,0.0,1.0,1.0,0.0
2792,59c19d828f665a79,True,1.0,1.0,0.7108941625931455,1.0,1.0,1.0,0.8795392344138108
2793,b96ea08d168f5a3d,True,1.0,1.0,0.7878230654742016,1.0,1.0,1.0,0.911592943947584
2794,b628faa4178d5eaf,True,1.0,0.0,0.0,1.0,1.0,1.0,0.0
2795,35cf51dd13d559c0,True,1.0,1.0,0.9188197971199159,0.0,1.0,0.0,0.549508248799965
2796,0695553567185c3c,True,1.0,1.0,1.0,1.0,1.0,1.0,1.0
2797,86d5685d21d15ee9,True,1.0,1.0,0.7129369555674663,1.0,1.0,1.0,0.880390398153111
2798,e8850900bade58f6,True,1.0,1.0,1.0,1.0,1.0,1.0,1.0
2799,9a357640ddd453d2,True,0.0,1.0,0.0,0.0,1.0,1.0,0.0
2800,44e882ff27ec5566,True,1.0,1.0,0.9196811722905788,1.0,1.0,1.0,0.966533821787741
2801,33c738c5f199510e,True,1.0,1.0,1.0,1.0,1.0,1.0,1.0
2802,c1ea7d700faa5fee,True,0.0,1.0,0.0,0.0,1.0,1.0,0.0
2803,f39db68736425365,True,1.0,1.0,1.0,1.0,1.0,1.0,1.0
2804,43c8e05e697f5abe,True,1.0,1.0,1.0,1.0,1.0,1.0,1.0
2805,a7705685069f5979,True,1.0,0.0,0.0,1.0,1.0,1.0,0.0
2806,4cac9f6cd85a5b47,True,1.0,1.0,0.8934354289816467,1.0,1.0,1.0,0.9555980954090195
2807,dc95b5731cc359f3,True,1.0,1.0,0.8424042381223317,1.0,1.0,1.0,0.9343350992176381
2808,f2508193ac0c5f27,True,1.0,1.0,0.6615274985741251,1.0,1.0,1.0,0.8589697910725521
2809,c9a4d6a0295f5142,True,1.0,1.0,1.0,1.0,1.0,1.0,1.0
2810,3d8f52b9bae25a90,True,1.0,1.0,0.830305408819635,1.0,1.0,1.0,0.9292939203415145
2811,b0a7f01e57205fb4,True,1.0,1.0,0.6456138918044474,1.0,1.0,1.0,0.8523391215851864
2812,de16c26b38425a6b,True,1.0,1.0,1.0,1.0,1.0,1.0,1.0
2813,80b61a3a73f55af9,True,1.0,1.0,1.0,1.0,1.0,1.0,1.0
2814,5590042a1aaa5f92,True,1.0,1.0,0.9843481065567687,1.0,1.0,1.0,0.993478377731987
2815,4dd817ed8b515ab1,True,1.0,1.0,0.8371003360938715,1.0,1.0,1.0,0.9321251400391132
2816,02d9591fc6de53c8,True,1.0,1.0,0.8889568026341624,1.0,1.0,1.0,0.9537320010975677
2817,ed5defe615515789,True,1.0,1.0,0.8774961212405418,1.0,1.0,0.0,0.948956717183559
2818,1b1a37c517e45fbd,True,1.0,1.0,1.0,1.0,1.0,1.0,1.0
2819,4606b66d9fe75354,True,1.0,1.0,0.6854142020578926,1.0,1.0,1.0,0.8689225841907886
2820,3b34e3fd5b9e5767,True,1.0,1.0,0.5342951386703113,1.0,1.0,1.0,0.8059563077792964
2821,ada62613f2ce5a33,True,1.0,1.0,0.8537171166449887,1.0,1.0,1.0,0.9390487986020787
2822,14f16328a6c0551e,True,1.0,1.0,0.8762049376220433,1.0,1.0,1.0,0.9484187240091847
2823,c09d506d3891507c,True,1.0,1.0,0.921730136404672,1.0,1.0,1.0,0.96738755683528
2824,d12c5ba59acf55a0,True,1.0,0.0,0.0,1.0,1.0,1.0,0.0
2825,f2644280215250cd,True,1.0,1.0,0.7071195501318244,1.0,1.0,1.0,0.8779664792215934
2826,6fa01275a4525b26,True,1.0,1.0,1.0,1.0,1.0,1.0,1.0
2827,49bdbf5ee25c5024,True,1.0,0.0,0.0,1.0,1.0,1.0,0.0
2828,bbb7e4525bd05d3d,True,1.0,1.0,1.0,1.0,1.0,1.0,1.0
2829,61d7fbf592275c75,True,1.0,1.0,0.6905276556361765,1.0,1.0,1.0,0.8710531898484067
2830,a8afec520f035a68,True,1.0,1.0,0.8593723515463643,1.0,1.0,1.0,0.9414051464776518
2831,85ab290d4e535060,True,1.0,1.0,1.0,1.0,0.0,1.0,0.8333333333333334
2832,970cfee3bc7d5e3d,True,1.0,1.0,0.8224977288200838,1.0,1.0,0.0,0.9260407203417017
2833,35fa5481e4de5703,True,1.0,1.0,0.7834827543115288,1.0,1.0,1.0,0.909784480963137
2834,f3872682944e5d13,True,1.0,1.0,0.8657492275050964,1.0,1.0,1.0,0.9440621781271235
2835,578adc6dc97d510f,True,1.0,1.0,0.9018591623198355,1.0,1.0,1.0,0.9591079842999314
2836,1a3569d56fbf5521,True,1.0,1.0,0.5158002168310791,1.0,1.0,1.0,0.7982500903462829
2837,f77c053616475084,True,1.0,1.0,0.6462051230463716,1.0,1.0,1.0,0.8525854679359881
2838,551afc276a1a5ab3,True,1.0,1.0,0.5741978455376557,1.0,1.0,1.0,0.8225824356406899
2839,abe1ac610c3d5b82,True,1.0,1.0,0.9153136082718492,1.0,1.0,1.0,0.9647140034466037
2840,71f883f1ec8f5e37,True,1.0,1.0,1.0,1.0,1.0,1.0,1.0
2841,a66477a84cc05f05,True,1.0,1.0,1.0,1.0,1.0,1.0,1.0
2842,7fc46d2957805648,True,1.0,1.0,1.0,1.0,1.0,1.0,1.0
2843,ab7d0c4a928e5ec9,True,1.0,0.0,0.0,0.0,1.0,0.5,0.0
2844,c2ce362b9cf95fee,True,1.0,1.0,0.5538262551156248,1.0,1.0,1.0,0.8140942729648436
2845,072471bece365f16,True,1.0,1.0,0.8766564306420671,1.0,1.0,1.0,0.9486068461008612
2846,12d4637822bb5f19,True,1.0,0.0,0.0,1.0,1.0,0.5,0.0
2847,11182f26946650bd,True,1.0,1.0,0.5428776676157036,1.0,1.0,1.0,0.8095323615065432
2848,6578cf959d7f52a7,True,1.0,1.0,0.5429071122112368,1.0,1.0,1.0,0.8095446300880154
2849,8b1d45137881582a,True,1.0,1.0,0.5693089934962913,1.0,1.0,1.0,0.820545413956788
2850,f8191af1aab95906,True,1.0,1.0,1.0,1.0,1.0,1.0,1.0
2851,e55fc5c3ee36528b,True,1.0,1.0,1.0,1.0,1.0,1.0,1.0
2852,b751857996975e6c,True,1.0,1.0,0.8008652683991755,1.0,1.0,1.0,0.9170271951663231
2853,64a417561b53530f,True,1.0,1.0,1.0,1.0,1.0,1.0,1.0
2854,1de80c2e4aca5f33,True,1.0,1.0,0.7932254865867507,1.0,1.0,1.0,0.9138439527444794
2855,91aeae3843455c34,True,1.0,1.0,1.0,1.0,1.0,1.0,1.0
2856,7ebca95e877a557b,True,1.0,1.0,0.7413615454891613,1.0,1.0,1.0,0.8922339772871505
2857,ed95bd64d5a555c8,True,1.0,0.0,0.0,0.0,1.0,1.0,0.0
2858,e360cb69b8a55a47,True,1.0,1.0,0.8519486644777887,1.0,1.0,1.0,0.9383119435324119
2859,b5f57f5a6b5b5244,True,1.0,1.0,0.5700400983900021,1.0,1.0,1.0,0.8208500409958343
2860,d1ac97f2f57553d0,True,1.0,1.0,0.7699851582961527,1.0,1.0,1.0,0.904160482623397
2861,61c5308743b35db2,True,1.0,1.0,0.18626139435122382,1.0,1.0,1.0,0.6609422476463432
2862,213494be2acb5c68,True,0.5,0.0,0.0,0.0,1.0,0.0,0.0
2863,a305b24487775cfc,True,1.0,1.0,1.0,0.0,1.0,1.0,0.5833333333333334
2864,7c7ce7ea08b15930,True,1.0,1.0,0.9812744404216257,1.0,1.0,1.0,0.9921976835090107
2865,3c46be05cd7a5cdf,True,1.0,1.0,0.7127037394835046,1.0,1.0,1.0,0.8802932247847935
2866,fe4b2cf4e9ad5b37,True,1.0,1.0,0.9718092963540419,1.0,1.0,1.0,0.9882538734808509
2867,7b7ce3374d1e51dc,True,1.0,1.0,1.0,1.0,1.0,1.0,1.0
2868,40c083a3c4ff5b45,True,1.0,0.0,0.0,0.0,1.0,1.0,0.0
2869,faf6d9be89f0538c,True,1.0,1.0,0.8026401110550759,1.0,1.0,1.0,0.9177667129396149
2870,edd24f4c0a295030,True,1.0,1.0,0.9655647976897378,1.0,1.0,1.0,0.9856519990373908
2871,797606b9788852f2,True,1.0,1.0,1.0,1.0,1.0,1.0,1.0
2872,622867ce25805447,True,1.0,1.0,0.6940496329860515,1.0,1.0,0.5,0.8725206804108548
2873,5328fe5eba6e5d30,True,1.0,1.0,0.14560376465370328,1.0,1.0,1.0,0.6440015686057097
2874,93b0ff5c4c5c507e,True,1.0,1.0,1.0,1.0,1.0,1.0,1.0
2875,a366d90f10ca5866,True,1.0,0.0,0.0,1.0,1.0,1.0,0.0
2876,910ce583575e5f8d,True,1.0,1.0,0.7937456483535513,1.0,1.0,1.0,0.9140606868139797
2877,1b88b298d405518e,True,1.0,0.0,0.0,1.0,1.0,1.0,0.0
2878,7fb4ab2c7e8c527f,True,1.0,1.0,1.0,1.0,1.0,1.0,1.0
2879,0f4984d978155b23,True,1.0,1.0,0.8167889663955357,1.0,1.0,1.0,0.9236620693314732
2880,32013abf6afd5d2e,True,1.0,1.0,0.7878893768555592,1.0,1.0,1.0,0.9116205736898163
2881,553c80b72cdc5c04,True,1.0,1.0,0.835600193175713,1.0,1.0,1.0,0.9315000804898803
2882,4827434c5d3659cd,True,1.0,1.0,1.0,1.0,1.0,1.0,1.0
2883,ce09ed938df353d1,True,1.0,1.0,1.0,1.0,1.0,1.0,1.0
2884,ba392de83daf5bf3,True,1.0,0.0,0.0,1.0,1.0,1.0,0.0
2885,83dd1484eb265a3c,True,1.0,1.0,1.0,1.0,1.0,1.0,1.0
2886,7bbb6cfc4f135e50,True,1.0,1.0,0.7886518158566865,1.0,1.0,1.0,0.9119382566069527
2887,215c38293c335e25,True,1.0,1.0,0.8251005179377975,1.0,1.0,1.0,0.9271252158074157
2888,4b55193d36c35e4a,True,1.0,0.0,0.0,1.0,1.0,1.0,0.0
2889,2313aa310e16503d,True,1.0,1.0,1.0,1.0,1.0,1.0,1.0
2890,5517642e588e59d0,True,1.0,1.0,0.622448772850845,1.0,1.0,1.0,0.8426869886878521
2891,00eb3a4e0f8052e9,True,1.0,1.0,0.8487437182204057,1.0,1.0,1.0,0.9369765492585024
2892,1ec907a74cbb54cd,True,1.0,1.0,1.0,1.0,1.0,1.0,1.0
2893,0f7854f951905e69,True,1.0,1.0,0.6174209740197286,1.0,1.0,1.0,0.8405920725082202
2894,2f4117000a605404,True,1.0,1.0,0.9334484569485392,1.0,1.0,1.0,0.9722701903952246
2895,1d3a143cf41f5d16,True,1.0,1.0,0.6252795169592127,1.0,1.0,1.0,0.8438664653996719
2896,3f664a7d5f5e5bba,True,1.0,1.0,1.0,1.0,1.0,1.0,1.0
2897,5ca8a2941e3f56c2,True,1.0,1.0,1.0,0.0,1.0,1.0,0.5833333333333334
2898,1bdfacbfcff75c27,True,1.0,1.0,0.7478316766202727,1.0,1.0,0.5,0.894929865258447
2899,aace7a7aeaf75f2c,True,1.0,1.0,0.8969472004248038,1.0,1.0,1.0,0.957061333510335
2900,065ec41ed01d59ca,True,1.0,1.0,1.0,1.0,1.0,1.0,1.0
2901,1eff566e627f56b9,True,1.0,1.0,0.8912731858344877,1.0,1.0,1.0,0.9546971607643698
2902,5085749584aa5377,True,1.0,1.0,0.5731302760705039,1.0,1.0,1.0,0.8221376150293768
2903,3dfa374651035868,True,1.0,1.0,1.0,1.0,1.0,1.0,1.0
2904,e36f096910ed562a,True,1.0,0.0,0.0,0.0,1.0,0.5,0.0
2905,8611c130815150a7,True,1.0,1.0,0.8591358535774889,1.0,1.0,1.0,0.941306605657287
2906,4ccc9e33aa795ef1,True,1.0,1.0,1.0,1.0,1.0,1.0,1.0
2907,6e821a856fe45177,True,1.0,1.0,1.0,1.0,1.0,0.5,1.0
2908,56da58294b3d53c5,True,1.0,1.0,0.7124919109807148,1.0,1.0,1.0,0.8802049629086311
2909,c169cf799b165800,True,1.0,1.0,0.5909471202715548,1.0,1.0,1.0,0.8295613001131478
2910,b9aa102f4d7b5751,True,1.0,1.0,1.0,1.0,1.0,1.0,1.0
2911,a48870c447ef5fe5,True,1.0,1.0,0.7426205526196872,1.0,1.0,1.0,0.8927585635915364
2912,8237f47b224952b4,True,1.0,1.0,0.995143664815669,1.0,1.0,1.0,0.9979765270065287
2913,a2e0d4dc100159a5,True,1.0,1.0,0.5869695248291485,1.0,1.0,1.0,0.8279039686788119
2914,0d2ff90baf395430,True,1.0,1.0,1.0,1.0,1.0,1.0,1.0
2915,8abfcd61303b52df,True,1.0,1.0,0.7345814574647915,1.0,1.0,1.0,0.8894089406103299
2916,a4f4a240e54e56b2,True,1.0,0.0,0.0,1.0,1.0,1.0,0.0
2917,154d0d1b363f5501,True,1.0,1.0,1.0,1.0,1.0,1.0,1.0
2918,f1ceb70bd72a5048,True,1.0,1.0,0.6662571307382607,1.0,1.0,1.0,0.860940471140942
2919,6e59104beb995339,True,1.0,1.0,0.8158368768194011,1.0,1.0,1.0,0.923265365341417
2920,b22ea864484d514f,True,0.0,1.0,0.0,0.0,1.0,1.0,0.0
2921,313756e5fc655c0e,True,1.0,1.0,1.0,0.0,1.0,1.0,0.5833333333333334
2922,e7ae612e880e5d5f,True,1.0,1.0,0.9640656467875888,1.0,1.0,1.0,0.9850273528281619
2923,79c024b87e175129,True,1.0,1.0,0.9446268936819306,1.0,1.0,1.0,0.9769278723674711
2924,512b6941e1335e0f,True,1.0,0.0,0.0,1.0,1.0,1.0,0.0
2925,9d69a0f2f73f5035,True,1.0,1.0,1.0,1.0,1.0,1.0,1.0
2926,c840eac7d70e5877,True,1.0,1.0,0.9334309047603381,1.0,1.0,1.0,0.9722628769834741
2927,3e8b81f8eb205311,True,1.0,1.0,0.87362152947377,1.0,1.0,1.0,0.9473423039474042
2928,66a0abcb3eac57df,True,1.0,1.0,0.6326425668325145,1.0,1.0,1.0,0.8469344028468809
2929,e67c2879271350c1,True,1.0,1.0,0.8538503415001761,1.0,1.0,0.0,0.9391043089584068
2930,b3c1a2ac292d5e3f,True,1.0,1.0,1.0,1.0,1.0,1.0,1.0
2931,2034e8ae11cc594e,True,1.0,1.0,0.7309938007580324,1.0,1.0,0.5,0.8879140836491802
2932,a2ef4eeb9dd45505,True,1.0,1.0,0.928297587984265,1.0,1.0,1.0,0.9701239949934437
2933,a6706582212458bb,True,1.0,0.0,0.0,1.0,1.0,0.5,0.0
2934,110bec4c6d2153d7,True,1.0,1.0,0.8509569571066828,1.0,1.0,1.0,0.9378987321277844
2935,9c63a8a78f3251d3,True,1.0,1.0,1.0,1.0,1.0,1.0,1.0
2936,a27fe5d9685c5795,True,1.0,1.0,0.801507885172602,1.0,1.0,1.0,0.9172949521552508
2937,b2abc819ebf45c11,True,1.0,1.0,0.7663796313136968,1.0,1.0,1.0,0.9026581797140404
2938,217307a367fd551a,True,1.0,1.0,0.7530099791303134,1.0,1.0,1.0,0.8970874913042972
2939,97b1ea53fad65625,True,1.0,0.0,0.0,1.0,1.0,1.0,0.0
2940,819d34b59e6159ad,True,1.0,1.0,1.0,1.0,1.0,1.0,1.0
2941,a815da9bf45d5b15,True,1.0,1.0,0.8357257533603923,1.0,1.0,1.0,0.9315523972334968
2942,61573a0820cc553a,True,1.0,1.0,0.6424873330531032,1.0,1.0,1.0,0.8510363887721263
2943,9c45919236c051c0,True,1.0,1.0,0.8173904418934564,1.0,1.0,1.0,0.9239126841222735
2944,aed7c50719f959a1,True,1.0,1.0,1.0,1.0,1.0,1.0,1.0
2945,da0aac1f6c225eca,True,1.0,1.0,0.6265541532333672,1.0,1.0,1.0,0.8443975638472363
2946,f7e52770089e5230,True,1.0,1.0,0.7859077278587874,1.0,1.0,1.0,0.9107948866078281
2947,557690c1c31357b1,True,1.0,1.0,0.9543894777020236,1.0,1.0,1.0,0.9809956157091765
2948,9940f912e66a5918,True,1.0,1.0,0.7667671436738116,1.0,1.0,1.0,0.9028196431974216
2949,average,True,0.9450661241098678,0.9053916581892166,0.7437654429228384,0.8901322482197355,0.9972872160054256,0.9545608680908783,0.7887089241743177
