,token,valid,no_at_fault_collisions,drivable_area_compliance,ego_progress,time_to_collision_within_bound,comfort,driving_direction_compliance,score
0,ea492662cb205db2,True,1.0,1.0,0.8197572590462779,1.0,1.0,1.0,0.9248988579359492
1,8d4dc358499159c9,True,1.0,1.0,0.6613296004034304,1.0,1.0,1.0,0.8588873335014293
2,5e279bb4bb105df9,True,1.0,0.0,0.0,1.0,1.0,1.0,0.0
3,f2655b7cd5d15a20,True,1.0,1.0,0.696379128132043,1.0,1.0,1.0,0.8734913033883512
4,77412f2abf325814,True,1.0,1.0,0.718242695800186,1.0,1.0,1.0,0.8826011232500774
5,2cd2afde48275675,True,1.0,1.0,0.8468468123215869,1.0,1.0,1.0,0.9361861718006613
6,95e6e7c4cfe15b91,True,1.0,1.0,0.6368007058035952,1.0,1.0,1.0,0.848666960751498
7,f2f5b666a04b53f8,True,1.0,1.0,0.6435429826130152,1.0,1.0,1.0,0.8514762427554231
8,0f42590c7ad65eb4,True,1.0,1.0,1.0,1.0,1.0,1.0,1.0
9,8c5518bf679458df,True,1.0,1.0,0.8507417355750866,0.0,1.0,1.0,0.5211423898229527
10,66dca10d8f315889,True,1.0,0.0,0.0,1.0,1.0,0.5,0.0
11,c9ab8a82cfa054ff,True,1.0,1.0,0.7166170390170434,1.0,1.0,1.0,0.8819237662571014
12,31e7be6258f35c5a,True,1.0,1.0,0.947916822462115,1.0,1.0,1.0,0.9782986760258812
13,218d9b0348fe5687,True,1.0,0.0,0.0,1.0,1.0,1.0,0.0
14,c84db99f6a4f51ae,True,1.0,1.0,0.791795435643067,1.0,1.0,1.0,0.9132480981846113
15,fab7cc2db66f5e63,True,1.0,1.0,1.0,1.0,1.0,1.0,1.0
16,c50b9b8950ba5347,True,1.0,1.0,1.0,1.0,1.0,1.0,1.0
17,4f68cdad89a65c7a,True,1.0,1.0,0.6035821646738305,1.0,1.0,1.0,0.8348259019474294
18,9bfe6fa481105f43,True,1.0,1.0,0.7926371608585092,1.0,1.0,1.0,0.9135988170243788
19,bfdb40b3dded57fd,True,1.0,1.0,0.7417785735694131,1.0,1.0,1.0,0.8924077389872554
20,e14f1ffbe6f856e8,True,1.0,1.0,0.91923419567083,1.0,1.0,1.0,0.9663475815295124
21,324cb0d226a45b91,True,1.0,1.0,0.5048961528436581,1.0,1.0,0.5,0.7937067303515243
22,5d3573d6da7952d3,True,1.0,0.0,0.0,1.0,1.0,1.0,0.0
23,59db265fc4cf5a41,True,1.0,1.0,0.9735030352080772,1.0,1.0,1.0,0.9889595980033654
24,06fbdeb141965cca,True,1.0,1.0,1.0,0.0,1.0,0.0,0.5833333333333334
25,b6a5d96d702a5ffd,True,1.0,1.0,1.0,1.0,1.0,1.0,1.0
26,6d3db8abd9ad52eb,True,1.0,1.0,1.0,1.0,1.0,1.0,1.0
27,2692d8b89688506f,True,0.0,1.0,0.0,1.0,1.0,1.0,0.0
28,9551ef5e14315cc0,True,1.0,1.0,1.0,1.0,1.0,0.0,1.0
29,bedf9db2d7b15abd,True,1.0,1.0,1.0,1.0,1.0,1.0,1.0
30,91afe72955de5b85,True,1.0,1.0,0.7471849489384428,1.0,1.0,1.0,0.8946603953910178
31,4cfa7ad13dc952b3,True,1.0,1.0,1.0,1.0,1.0,1.0,1.0
32,108b8b1ea5fd57ff,True,1.0,1.0,1.0,1.0,1.0,1.0,1.0
33,bd77aab92bda5261,True,1.0,1.0,1.0,1.0,1.0,1.0,1.0
34,0561ac957ffc5c4f,True,1.0,1.0,1.0,1.0,1.0,1.0,1.0
35,b6e039ab90075f16,True,1.0,1.0,1.0,1.0,1.0,1.0,1.0
36,467a4f14137a5910,True,1.0,0.0,0.0,1.0,1.0,0.0,0.0
37,453bdd4f77af5c90,True,1.0,1.0,0.6911595840375364,1.0,1.0,1.0,0.8713164933489734
38,95bb1e65b61b5e04,True,1.0,1.0,0.8269785987758222,1.0,1.0,1.0,0.9279077494899259
39,892904870078578a,True,1.0,1.0,0.8893652005017398,1.0,1.0,1.0,0.9539021668757249
40,57dceadaafe053ef,True,1.0,0.0,0.0,1.0,1.0,1.0,0.0
41,6394162caa7c5821,True,1.0,1.0,0.6923358320907341,1.0,1.0,1.0,0.8718065967044725
42,fc4811f1f2745645,True,1.0,1.0,0.8296757218198684,1.0,1.0,1.0,0.9290315507582786
43,47b1e103c4f1584a,True,1.0,1.0,0.9772743518855864,1.0,1.0,1.0,0.9905309799523278
44,fefe6361de855419,True,1.0,1.0,0.7843362684703427,1.0,1.0,1.0,0.9101401118626428
45,ec7ec2875d5f5fe9,True,1.0,1.0,0.7904851042796776,1.0,1.0,1.0,0.912702126783199
46,6f31e863bab65c62,True,1.0,1.0,0.8752028608455547,1.0,1.0,1.0,0.9480011920189811
47,014369205e025f0c,True,1.0,0.0,0.0,1.0,1.0,1.0,0.0
48,1a6595a6c7cb5531,True,1.0,0.0,0.0,1.0,1.0,0.5,0.0
49,feb4ce395d4d54fb,True,1.0,1.0,0.7876034308880365,1.0,1.0,1.0,0.9115014295366818
50,42545a072b1a5820,True,1.0,1.0,0.8413211717080389,1.0,1.0,1.0,0.9338838215450161
51,fd30ed65f94d51b2,True,1.0,1.0,0.5929406774791643,1.0,1.0,1.0,0.8303919489496518
52,aefbf6f8b9fe5824,True,1.0,1.0,1.0,1.0,1.0,1.0,1.0
53,8db638d42ddc59f2,True,0.0,1.0,0.0,0.0,1.0,1.0,0.0
54,e917a198bd9757a4,True,1.0,1.0,1.0,1.0,1.0,1.0,1.0
55,e7d6dc36775b52cc,True,1.0,1.0,0.8482811252131238,1.0,1.0,1.0,0.936783802172135
56,4d31d76919495557,True,1.0,1.0,1.0,1.0,1.0,1.0,1.0
57,33c84d1650d45e15,True,1.0,1.0,0.8551623469217725,1.0,1.0,1.0,0.9396509778840718
58,04377176d16d5a0f,True,1.0,1.0,0.9502807281024385,1.0,1.0,1.0,0.9792836367093494
59,5802564fbfb558f8,True,1.0,1.0,0.779213878002265,1.0,1.0,1.0,0.9080057825009438
60,4f2ac10c0fc1566a,True,1.0,1.0,0.7350024072203034,1.0,1.0,1.0,0.8895843363417931
61,684ff3674eeb54ea,True,1.0,0.0,0.0,1.0,1.0,1.0,0.0
62,a31e932f22d35521,True,1.0,1.0,0.833137982575056,1.0,1.0,1.0,0.9304741594062733
63,be7c407443f15fec,True,1.0,1.0,0.8788052924903197,1.0,1.0,1.0,0.9495022052043
64,620a34ec02795768,True,1.0,1.0,0.9730186301273395,1.0,1.0,1.0,0.9887577625530581
65,624602ce65455c07,True,1.0,1.0,1.0,1.0,1.0,0.5,1.0
66,c42697d5870e5dee,True,1.0,1.0,1.0,1.0,1.0,1.0,1.0
67,7145c064885a53c4,True,1.0,1.0,0.7891804117580238,1.0,1.0,1.0,0.9121585048991765
68,1edf90bb34fc5d3f,True,1.0,1.0,1.0,1.0,1.0,1.0,1.0
69,ed90bab84c475e4f,True,1.0,1.0,1.0,1.0,1.0,1.0,1.0
70,b0b98b1a4d1552c7,True,1.0,1.0,0.8864122953403544,1.0,1.0,1.0,0.9526717897251477
71,93eb75a6d0fc5db4,True,1.0,1.0,0.9329427975886148,1.0,1.0,1.0,0.9720594989952561
72,0dfcc232f8445d3f,True,1.0,1.0,0.9297113381689837,1.0,1.0,1.0,0.9707130575704098
73,804236dcfffa523e,True,1.0,1.0,0.7606473874007367,1.0,1.0,1.0,0.900269744750307
74,1d6a5273610a56e6,True,1.0,1.0,1.0,1.0,1.0,1.0,1.0
75,c61fe0459c4451ef,True,1.0,1.0,0.7970585535555379,1.0,1.0,1.0,0.9154410639814742
76,22af89102e0650b7,True,1.0,1.0,0.9065621254896473,1.0,1.0,1.0,0.9610675522873531
77,21d6b11a81755b6d,True,1.0,1.0,0.8644757729984647,1.0,1.0,1.0,0.9435315720826937
78,5f09264f730f5366,True,1.0,1.0,0.8359906581906178,1.0,1.0,1.0,0.9316627742460907
79,774ebe12eab151b6,True,1.0,1.0,0.9190896330961897,1.0,1.0,1.0,0.9662873471234125
80,06067b68f2655a55,True,1.0,1.0,0.5756780328958631,1.0,1.0,1.0,0.8231991803732762
81,01314f10793f5ad7,True,1.0,1.0,0.7782798797154494,1.0,1.0,1.0,0.907616616548104
82,ae145d614988581c,True,1.0,1.0,0.8095427264574887,1.0,1.0,1.0,0.9206428026906203
83,6303f880d5c05166,True,1.0,1.0,1.0,1.0,1.0,1.0,1.0
84,833545ff73da5eb5,True,1.0,1.0,1.0,1.0,1.0,0.0,1.0
85,97c09fe94495563a,True,1.0,0.0,0.0,1.0,1.0,0.5,0.0
86,75d9973be85e50f0,True,1.0,1.0,0.819026929940592,1.0,1.0,1.0,0.9245945541419133
87,cf31c5ada8c353bc,True,1.0,1.0,0.8269726289931939,1.0,1.0,1.0,0.9279052620804974
88,1b439c269a83590c,True,0.0,1.0,0.0,0.0,1.0,0.0,0.0
89,50202ba4b1b55f6b,True,1.0,1.0,1.0,1.0,1.0,1.0,1.0
90,3a7fa6d4bfb65f4b,True,1.0,1.0,1.0,1.0,1.0,1.0,1.0
91,bc958ef21282524c,True,1.0,1.0,1.0,1.0,1.0,1.0,1.0
92,5e9e03ce875059ed,True,1.0,1.0,0.7355057621994261,1.0,1.0,1.0,0.8897940675830943
93,7c7dc37236745d94,True,1.0,1.0,1.0,1.0,1.0,1.0,1.0
94,6d3f9d5ca5e05aa2,True,1.0,1.0,0.83797591940012,1.0,1.0,1.0,0.9324899664167167
95,c7c9121707745be3,True,1.0,0.0,0.0,0.0,1.0,0.0,0.0
96,80fc476837d9530d,True,1.0,1.0,0.9119521592456785,1.0,1.0,1.0,0.9633133996856994
97,0b0a92d14c3c508e,True,1.0,1.0,1.0,1.0,1.0,1.0,1.0
98,1615cf8bd43759c2,True,1.0,0.0,0.0,1.0,1.0,1.0,0.0
99,cb52442dd7165211,True,1.0,1.0,1.0,1.0,1.0,1.0,1.0
100,ab8af92e0bda5def,True,1.0,1.0,1.0,1.0,1.0,1.0,1.0
101,cbf53151339658cb,True,1.0,1.0,0.903027693527014,1.0,1.0,1.0,0.9595948723029224
102,a89b31979d265539,True,1.0,1.0,0.8412791679177992,1.0,1.0,1.0,0.9338663199657496
103,2eb7c4dc6ec65123,True,1.0,1.0,1.0,1.0,1.0,1.0,1.0
104,8cee2a96b57d58ba,True,1.0,1.0,1.0,1.0,1.0,1.0,1.0
105,80c267878c6a54fa,True,1.0,1.0,0.440525265577154,1.0,1.0,1.0,0.7668855273238142
106,29213c31b5895c5f,True,1.0,1.0,0.7617306871680952,1.0,1.0,1.0,0.900721119653373
107,13d2650251d25e83,True,1.0,1.0,1.0,1.0,1.0,1.0,1.0
108,130e977c13995170,True,1.0,1.0,1.0,1.0,1.0,1.0,1.0
109,cd7575ed015c5678,True,1.0,1.0,0.8594267996851485,1.0,1.0,1.0,0.9414278332021452
110,923b8c36b7995ade,True,1.0,0.0,0.0,1.0,1.0,1.0,0.0
111,c493172b908c5df9,True,1.0,1.0,0.6641373734315893,1.0,1.0,1.0,0.8600572389298288
112,f84819b5dc2a5130,True,1.0,1.0,0.7415728719252713,1.0,1.0,1.0,0.892322029968863
113,c81b474102d75351,True,1.0,1.0,1.0,1.0,1.0,1.0,1.0
114,9644977ff3b15622,True,1.0,1.0,1.0,1.0,1.0,0.5,1.0
115,2db824526e9458f2,True,1.0,1.0,1.0,1.0,1.0,1.0,1.0
116,0092e40a13ea52f4,True,1.0,1.0,1.0,1.0,1.0,1.0,1.0
117,b4d64308573f5bdf,True,1.0,1.0,1.0,1.0,1.0,1.0,1.0
118,f625dafc811b5c1f,True,1.0,1.0,0.7738738343611402,1.0,1.0,1.0,0.9057807643171417
119,d0672a5ab71d59fb,True,1.0,1.0,1.0,1.0,1.0,1.0,1.0
120,d2ce22d49c4c5166,True,1.0,1.0,1.0,1.0,1.0,1.0,1.0
121,f1b71a95642b5da2,True,1.0,1.0,0.7317369003842482,1.0,1.0,1.0,0.8882237084934368
122,b60afdbc7cc65971,True,1.0,0.0,0.0,1.0,1.0,1.0,0.0
123,cecce24905cb5641,True,1.0,0.0,0.0,1.0,1.0,1.0,0.0
124,ed7e9a246a01525d,True,1.0,1.0,1.0,1.0,1.0,1.0,1.0
125,f252e2d96f805926,True,1.0,1.0,1.0,1.0,1.0,1.0,1.0
126,c020f63dbf0d59a6,True,1.0,1.0,0.7663624969400602,1.0,1.0,1.0,0.9026510403916918
127,4cc313afb2665204,True,1.0,1.0,0.8071200825328435,1.0,1.0,1.0,0.9196333677220182
128,8deec95251e95c2d,True,1.0,1.0,0.6851290646651629,1.0,1.0,1.0,0.8688037769438178
129,d33c6db306f35ef9,True,1.0,1.0,1.0,1.0,1.0,0.5,1.0
130,05304817b887541e,True,1.0,1.0,0.8450103642985485,1.0,1.0,1.0,0.9354209851243952
131,a1665c3aeb8f551f,True,1.0,1.0,1.0,1.0,1.0,1.0,1.0
132,017e89f6f6a85d79,True,1.0,1.0,1.0,1.0,1.0,1.0,1.0
133,bd2591ae189c5a38,True,1.0,1.0,1.0,1.0,1.0,1.0,1.0
134,84e16f3286255759,True,1.0,1.0,0.7267265351997189,1.0,1.0,1.0,0.8861360563332162
135,4c721a83046651e4,True,1.0,1.0,1.0,1.0,1.0,1.0,1.0
136,33b379cc74255b15,True,1.0,1.0,0.9085096089798746,1.0,1.0,1.0,0.9618790037416144
137,16b6a51da6515191,True,1.0,1.0,1.0,1.0,1.0,1.0,1.0
138,3aa8e5d80d5d5d9b,True,1.0,1.0,0.675832900646435,1.0,1.0,1.0,0.8649303752693479
139,741ee8b9ea3059a5,True,1.0,1.0,1.0,1.0,1.0,1.0,1.0
140,67e27e4b89325f31,True,1.0,1.0,1.0,1.0,1.0,1.0,1.0
141,8a808765078856bf,True,1.0,1.0,0.8291441359236686,1.0,1.0,1.0,0.9288100566348619
142,eeb4b973450f50e9,True,1.0,1.0,1.0,1.0,1.0,1.0,1.0
143,3fca9a087e505470,True,1.0,1.0,0.8518954862415069,1.0,1.0,1.0,0.9382897859339612
144,9e24f7a402a85804,True,1.0,1.0,1.0,1.0,1.0,1.0,1.0
145,0dd9b379a2e3595f,True,1.0,1.0,0.634653847300066,1.0,1.0,1.0,0.8477724363750275
146,f84b6dbc1cd35f61,True,1.0,1.0,0.9563490555032248,1.0,1.0,1.0,0.9818121064596769
147,14476e3c036f5ec8,True,1.0,1.0,0.8597724684824396,1.0,1.0,1.0,0.9415718618676832
148,eda5fa80573953b8,True,1.0,1.0,0.8945119301423515,1.0,1.0,1.0,0.9560466375593132
149,2fec62bc2f325559,True,1.0,1.0,1.0,1.0,1.0,1.0,1.0
150,1814002af9f253c6,True,1.0,1.0,0.9270241169509564,1.0,1.0,1.0,0.9695933820628985
151,e074c5e6917e5f1d,True,1.0,1.0,0.8098167773482762,1.0,1.0,1.0,0.9207569905617818
152,0cb87152ed5e5ca1,True,1.0,1.0,0.802301105693676,1.0,1.0,1.0,0.9176254607056983
153,d6981f197dd555fd,True,1.0,1.0,0.841144770611676,1.0,1.0,1.0,0.9338103210881984
154,8c6c4c4b507c5eb1,True,1.0,1.0,0.7619924483985128,1.0,1.0,1.0,0.9008301868327137
155,14d53f85ccc65f23,True,1.0,1.0,0.982505752417646,1.0,1.0,1.0,0.9927107301740191
156,64b35b9f9f84585a,True,1.0,1.0,0.6767779431059859,1.0,1.0,1.0,0.8653241429608274
157,ced5e9f4d448524e,True,1.0,1.0,0.8952152557993425,1.0,1.0,1.0,0.9563396899163927
158,85482a4d20fd5eac,True,1.0,1.0,0.8912723988966689,1.0,1.0,1.0,0.9546968328736121
159,bde076eb186a52d5,True,1.0,1.0,1.0,1.0,1.0,1.0,1.0
160,069dab3272205ecb,True,1.0,1.0,1.0,1.0,1.0,1.0,1.0
161,0bdc177e43cf5df8,True,1.0,1.0,0.7585205819924973,1.0,1.0,1.0,0.8993835758302072
162,1bf819f13d1c562f,True,1.0,1.0,0.6897191760198111,1.0,1.0,1.0,0.870716323341588
163,784ddfd058865dcb,True,1.0,1.0,0.6425692991290538,0.0,1.0,0.5,0.4344038746371058
164,ef43bbb93f0d50eb,True,1.0,1.0,0.8485283159033941,1.0,1.0,1.0,0.9368867982930809
165,63fd66d1098f5c53,True,1.0,0.0,0.0,1.0,1.0,1.0,0.0
166,1b65613f0242544a,True,1.0,0.0,0.0,1.0,1.0,1.0,0.0
167,85b1968fa2fd5552,True,1.0,1.0,0.963459600355436,1.0,1.0,1.0,0.9847748334814317
168,653d8cea5acd5614,True,1.0,1.0,0.7899466690805417,1.0,1.0,1.0,0.9124777787835591
169,0278f1a2ae3b5ae5,True,1.0,0.0,0.0,1.0,1.0,1.0,0.0
170,87bf38cb3c39548d,True,1.0,1.0,0.936943740066209,1.0,1.0,1.0,0.9737265583609204
171,b7f26baef02d54ea,True,1.0,1.0,1.0,1.0,1.0,1.0,1.0
172,60a317c40ae656c0,True,1.0,1.0,1.0,1.0,1.0,1.0,1.0
173,599cd3d1986c5509,True,1.0,1.0,1.0,1.0,1.0,1.0,1.0
174,4972962184a75fa7,True,1.0,1.0,0.8356803580709391,1.0,1.0,1.0,0.9315334825295579
175,71e87d45fe895277,True,1.0,1.0,1.0,1.0,1.0,1.0,1.0
176,d6feccacc881504a,True,1.0,1.0,0.8241850205640616,1.0,1.0,1.0,0.926743758568359
177,5c838efd36805c92,True,1.0,1.0,0.9019843022233124,1.0,1.0,1.0,0.9591601259263802
178,1c2e4c20931858f2,True,1.0,0.0,0.0,1.0,1.0,1.0,0.0
179,6d593ca981fd56b8,True,1.0,1.0,0.9619173176852155,1.0,1.0,1.0,0.9841322157021731
180,e024d36bdd205a12,True,1.0,1.0,0.9783198323736769,1.0,1.0,1.0,0.9909665968223654
181,35ae50756b8952b9,True,1.0,1.0,0.9389258392495095,1.0,1.0,1.0,0.9745524330206289
182,3c93ac00b682563d,True,1.0,1.0,0.5936066285234897,1.0,1.0,1.0,0.8306694285514541
183,8d5d769b1f1e5802,True,1.0,1.0,0.8557047371350248,1.0,1.0,1.0,0.9398769738062603
184,9a2894f199095f96,True,1.0,1.0,0.8000219594724614,1.0,1.0,1.0,0.9166758164468588
185,0ddc071278375700,True,1.0,1.0,0.42216546846508757,1.0,1.0,1.0,0.7592356118604532
186,7984326209765d68,True,1.0,1.0,0.899278925358022,1.0,1.0,1.0,0.9580328855658425
187,ba83a36f96af5ceb,True,1.0,0.0,0.0,1.0,1.0,0.0,0.0
188,700237dffc2d5be7,True,1.0,1.0,1.0,1.0,1.0,1.0,1.0
189,08b29b05bc4650f8,True,1.0,1.0,0.6791221660729159,1.0,1.0,1.0,0.8663009025303815
190,b154733410575500,True,1.0,1.0,0.8919450369731498,1.0,1.0,1.0,0.9549770987388125
191,8bb939128dfd5f7d,True,1.0,1.0,0.8615129134082349,1.0,1.0,1.0,0.9422970472534312
192,16cd404f3eaa5cd0,True,1.0,1.0,0.943067344380279,1.0,1.0,1.0,0.9762780601584495
193,13cd1cf21a4f5acb,True,1.0,0.0,0.0,1.0,1.0,0.0,0.0
194,c0b730b08f685ef3,True,1.0,1.0,1.0,1.0,1.0,1.0,1.0
195,24a036d6f97d5a50,True,1.0,1.0,0.7065216992123481,1.0,1.0,1.0,0.8777173746718118
196,8354786ba35c5440,True,1.0,1.0,0.8620423383657106,1.0,1.0,1.0,0.9425176409857127
197,baff5b48a5c056ec,True,1.0,0.0,0.0,1.0,1.0,0.5,0.0
198,c8c9563dbe59572a,True,1.0,1.0,0.6331312726489594,1.0,1.0,1.0,0.8471380302703997
199,44f75400f3a15c14,True,1.0,1.0,0.9844745195247956,1.0,1.0,1.0,0.9935310498019981
200,1e3b603ccda457c5,True,1.0,1.0,1.0,1.0,1.0,1.0,1.0
201,82bebb2c1ca55736,True,1.0,0.0,0.0,1.0,1.0,1.0,0.0
202,5a12337425265ea1,True,1.0,1.0,0.8817093992263071,1.0,1.0,1.0,0.950712249677628
203,fdd02b27e20c515e,True,1.0,0.0,0.0,1.0,1.0,0.0,0.0
204,e81d82f764c853c0,True,1.0,1.0,0.8624840797970862,1.0,1.0,1.0,0.9427016999154526
205,68a3518b15a75c25,True,1.0,1.0,0.5576989881727826,1.0,1.0,1.0,0.8157079117386594
206,fefad5f7d3405512,True,1.0,1.0,1.0,1.0,1.0,1.0,1.0
207,4f12e3acfb125088,True,1.0,1.0,0.9047644646433185,1.0,1.0,1.0,0.960318526934716
208,4bf95781578b59ec,True,1.0,1.0,1.0,1.0,1.0,1.0,1.0
209,87751a071a7e50a4,True,1.0,1.0,0.9872980007811686,1.0,1.0,1.0,0.9947075003254868
210,c400f7664ba35555,True,1.0,1.0,0.7499814923055212,1.0,1.0,1.0,0.8958256217939672
211,90b8f3760e535ef6,True,1.0,1.0,0.9681361676454319,1.0,1.0,1.0,0.9867234031855966
212,4a7156af749e54fc,True,1.0,1.0,0.7741888840784151,1.0,1.0,1.0,0.9059120350326729
213,cf1c7170df175256,True,1.0,1.0,0.8531380093567367,1.0,1.0,1.0,0.9388075038986403
214,2cd54836815b5fb0,True,1.0,1.0,1.0,1.0,1.0,1.0,1.0
215,58b96e6ca9a95ff4,True,1.0,1.0,0.6641909911389913,1.0,1.0,1.0,0.8600795796412464
216,58788ce811c755b5,True,1.0,1.0,1.0,1.0,1.0,1.0,1.0
217,92aee2a7b815565f,True,1.0,1.0,0.8894012414285025,1.0,1.0,1.0,0.9539171839285427
218,37ebe75f19b1549a,True,1.0,1.0,0.7215395931058296,1.0,1.0,1.0,0.8839748304607623
219,c988ef2f076359de,True,1.0,1.0,1.0,1.0,1.0,1.0,1.0
220,0fa603b5789956f1,True,1.0,1.0,0.9250011119483529,1.0,1.0,1.0,0.9687504633118138
221,e16ed6e841ee58cd,True,1.0,1.0,1.0,1.0,1.0,1.0,1.0
222,fb21dbec77535015,True,1.0,0.0,0.0,1.0,1.0,1.0,0.0
223,3ba2c46a8d445efd,True,1.0,1.0,0.8901052196519857,1.0,1.0,1.0,0.9542105081883273
224,fab1993d5d4759da,True,1.0,1.0,0.8849276843745804,1.0,1.0,1.0,0.9520532018227419
225,e9c2ed7aa8275015,True,1.0,1.0,0.8595488423799275,1.0,1.0,1.0,0.9414786843249697
226,f3c9dcda27ba51a7,True,1.0,1.0,0.8499324190519663,1.0,1.0,1.0,0.9374718412716526
227,390cb416304c5d2a,True,1.0,1.0,0.5163010445825043,1.0,1.0,1.0,0.7984587685760435
228,a6e08764c0245823,True,0.5,0.0,0.0,0.0,1.0,0.0,0.0
229,5f2c3f928abe5f5b,True,1.0,1.0,0.7640604488436019,1.0,1.0,1.0,0.9016918536848341
230,fe4459e9f02052d3,True,1.0,1.0,0.9054848723853735,1.0,1.0,0.5,0.9606186968272389
231,9324eafb3ef25fdb,True,1.0,1.0,0.9821779475030332,1.0,1.0,1.0,0.9925741447929305
232,18023ea42fe95bdb,True,1.0,1.0,0.6993262400743606,1.0,1.0,1.0,0.8747192666976503
233,32dd24533788546c,True,1.0,1.0,0.9855621782399836,1.0,1.0,1.0,0.9939842409333265
234,61b99cf0e08d559a,True,1.0,1.0,1.0,1.0,1.0,1.0,1.0
235,5e119121956f52be,True,1.0,1.0,1.0,1.0,1.0,1.0,1.0
236,3739c038002f57ca,True,1.0,1.0,0.9342216096595536,1.0,1.0,1.0,0.9725923373581473
237,dabc9043dbb9560b,True,1.0,1.0,0.8154575459598882,1.0,1.0,1.0,0.92310731081662
238,d6015087928d57e8,True,1.0,1.0,0.7642631490949673,1.0,1.0,1.0,0.901776312122903
239,eef98aae7e42579d,True,1.0,1.0,1.0,1.0,1.0,1.0,1.0
240,d8d4f191f3bc5f34,True,1.0,1.0,0.9270534571583972,1.0,1.0,1.0,0.9696056071493322
241,49b8cbfbe63e5c09,True,1.0,1.0,0.6159340301637637,1.0,1.0,1.0,0.8399725125682349
242,3d5103c659255a72,True,1.0,1.0,1.0,1.0,1.0,1.0,1.0
243,eff63ffe642d5409,True,1.0,1.0,0.9728439507183878,0.0,1.0,1.0,0.5720183127993282
244,663c00bac2e05721,True,1.0,1.0,0.5195992716193697,1.0,1.0,1.0,0.799833029841404
245,f985ec5a35285901,True,1.0,0.0,0.0,1.0,1.0,0.0,0.0
246,0472df00162f5fc5,True,1.0,1.0,1.0,1.0,1.0,1.0,1.0
247,42052560d5925f35,True,1.0,1.0,1.0,1.0,1.0,1.0,1.0
248,1a31ffd5dc39532f,True,1.0,1.0,1.0,1.0,1.0,0.0,1.0
249,7053e82f2f1c5364,True,1.0,1.0,0.9447869156568155,1.0,1.0,1.0,0.9769945481903397
250,005f87dd980253a5,True,1.0,1.0,0.7415151315663782,1.0,1.0,1.0,0.8922979714859909
251,f68c27c86c235646,True,1.0,1.0,0.8590409550244463,1.0,1.0,1.0,0.9412670645935193
252,592f536375e755b6,True,1.0,1.0,0.1696863095416447,1.0,1.0,1.0,0.6540359623090186
253,1a442597212150c2,True,0.5,0.0,0.0,0.0,1.0,1.0,0.0
254,2133a31c391f5108,True,1.0,1.0,0.8740996674646204,1.0,1.0,1.0,0.9475415281102585
255,1f6d3d52a6685c15,True,1.0,1.0,0.8352097629189084,1.0,1.0,1.0,0.9313374012162118
256,d4f989ee320e52e9,True,1.0,1.0,1.0,0.0,1.0,1.0,0.5833333333333334
257,c6851e9ed6b95ab0,True,1.0,1.0,0.9524734167461772,1.0,1.0,1.0,0.9801972569775739
258,5997813b7cc55036,True,1.0,1.0,0.9963384618646689,1.0,1.0,1.0,0.9984743591102787
259,105ca02169f45519,True,1.0,1.0,0.9793208148083226,1.0,1.0,1.0,0.991383672836801
260,310d65ad9aee5366,True,1.0,1.0,1.0,1.0,1.0,1.0,1.0
261,5bc7217fee5c5fc5,True,1.0,1.0,0.9494115726002512,1.0,1.0,0.5,0.978921488583438
262,5971485918d155dd,True,1.0,0.0,0.0,1.0,1.0,1.0,0.0
263,3d523a73f2815ea4,True,1.0,1.0,0.9166141361680337,1.0,1.0,1.0,0.9652558900700141
264,16e645697d7559b3,True,1.0,0.0,0.0,1.0,1.0,0.5,0.0
265,4c629e2da77a50c7,True,1.0,1.0,0.9139726266315026,1.0,1.0,1.0,0.9641552610964594
266,4952a782e55057b7,True,1.0,1.0,0.9678006017459041,1.0,1.0,1.0,0.9865835840607934
267,a52bce0753d8563e,True,1.0,0.0,0.0,1.0,1.0,1.0,0.0
268,be1a32191a715329,True,1.0,1.0,0.9331253903969261,1.0,1.0,1.0,0.9721355793320526
269,759441833751576b,True,1.0,1.0,1.0,1.0,1.0,1.0,1.0
270,597d1cf34bcc5e53,True,1.0,1.0,0.8940958087862853,1.0,1.0,1.0,0.9558732536609522
271,534431abbbd75d4f,True,1.0,1.0,1.0,1.0,1.0,1.0,1.0
272,376450d3edc951fc,True,1.0,1.0,0.80003044696827,1.0,1.0,1.0,0.9166793529034458
273,c5e8daf69c6552a7,True,1.0,1.0,0.6997368801553503,1.0,1.0,1.0,0.874890366731396
274,27e100e5fd605194,True,1.0,1.0,0.8409146178279406,1.0,1.0,1.0,0.9337144240949753
275,6829197915d25514,True,1.0,1.0,1.0,1.0,1.0,1.0,1.0
276,d83802157d9858d5,True,1.0,1.0,0.7227329200750509,1.0,1.0,1.0,0.8844720500312713
277,a354ac8030d55e5e,True,1.0,1.0,1.0,1.0,1.0,1.0,1.0
278,14e8d439dd5a5da0,True,1.0,1.0,0.8254302264750119,1.0,1.0,1.0,0.9272625943645881
279,ba7da1b0100054f4,True,1.0,1.0,0.785098018164859,1.0,1.0,1.0,0.9104575075686913
280,3e1dd9067b365a42,True,1.0,1.0,1.0,1.0,1.0,1.0,1.0
281,6bb854e8312e5c30,True,1.0,1.0,0.8785783603286605,1.0,1.0,1.0,0.9494076501369418
282,0e5653822a7a56b3,True,1.0,1.0,0.8678819474061295,1.0,1.0,1.0,0.9449508114192205
283,84a6257839b65f93,True,1.0,0.0,0.0,1.0,1.0,0.0,0.0
284,fb42b4cbf6b95b6c,True,1.0,1.0,1.0,1.0,1.0,1.0,1.0
285,4b875117d12e5ef6,True,1.0,1.0,0.7719105783863996,1.0,1.0,1.0,0.9049627409943332
286,0fc0217e2dd05256,True,1.0,1.0,1.0,1.0,1.0,1.0,1.0
287,0d5b8da00d505be0,True,1.0,1.0,0.9862514230571521,1.0,1.0,1.0,0.9942714262738134
288,d3afcd1be60851a9,True,0.0,0.0,0.0,0.0,1.0,1.0,0.0
289,a67f68a6c9e85668,True,1.0,1.0,0.8320388518254126,1.0,1.0,1.0,0.9300161882605886
290,8c5a6a5b602859b2,True,1.0,1.0,0.7376330238005443,1.0,1.0,1.0,0.8906804265835602
291,3fa4c6924d3c55ab,True,1.0,1.0,0.5890624223859966,1.0,1.0,1.0,0.8287760093274986
292,33f04aa1460b5dc5,True,0.0,0.0,0.0,0.0,1.0,0.5,0.0
293,95d9b54f00325665,True,1.0,1.0,0.652900246094653,1.0,1.0,1.0,0.8553751025394387
294,5a7626d57d61594b,True,1.0,1.0,0.511059432744164,1.0,1.0,1.0,0.7962747636434017
295,f2722839a7ed50fe,True,0.0,1.0,0.0,1.0,1.0,1.0,0.0
296,44062179c5b350bc,True,1.0,1.0,1.0,1.0,1.0,1.0,1.0
297,44b1999e4b2551b8,True,1.0,1.0,0.785527834398166,1.0,1.0,1.0,0.9106365976659024
298,8794578fbb0e57f4,True,1.0,1.0,0.8131658059788881,1.0,1.0,1.0,0.9221524191578702
299,f769ef75631451c8,True,1.0,1.0,0.9618322968678515,1.0,1.0,1.0,0.9840967903616048
300,4257350828cf5e87,True,1.0,1.0,0.6821439690012178,1.0,1.0,1.0,0.8675599870838407
301,7631ace833c857ba,True,1.0,1.0,0.9134948709232393,1.0,1.0,1.0,0.9639561962180164
302,cfe730cbf7e55330,True,1.0,1.0,0.9240583915547987,0.0,1.0,1.0,0.5516909964811662
303,10657b4beeeb5461,True,0.0,1.0,0.0,0.0,1.0,0.5,0.0
304,4946bc8012cb5e83,True,1.0,1.0,0.8349694569889938,1.0,1.0,1.0,0.9312372737454141
305,f4da0138413c595a,True,1.0,1.0,1.0,1.0,1.0,1.0,1.0
306,a8ca647927f25ae9,True,1.0,1.0,0.8781977889009769,1.0,1.0,1.0,0.9492490787087403
307,94625815a7b351b5,True,1.0,1.0,0.8652434569056906,1.0,1.0,1.0,0.9438514403773711
308,abcbb3c7020550c5,True,1.0,1.0,0.8810948808206737,1.0,1.0,1.0,0.9504562003419474
309,bde1cb24aeb45289,True,1.0,1.0,0.7616003681460937,1.0,1.0,1.0,0.9006668200608724
310,11094634534c53fd,True,1.0,1.0,0.7164037147523934,1.0,1.0,1.0,0.8818348811468306
311,d0d1b5bd3b83551d,True,1.0,1.0,0.6306998486439634,1.0,1.0,1.0,0.8461249369349848
312,a34e53ca202b5fa3,True,1.0,1.0,0.8601101349633427,1.0,1.0,1.0,0.941712556234726
313,249478c83c155093,True,1.0,1.0,0.6574554577968597,0.0,1.0,0.5,0.44060644074869154
314,6f44533cf2965b47,True,1.0,1.0,0.6039792209621769,1.0,1.0,1.0,0.8349913420675737
315,4ffa52567be45f39,True,1.0,1.0,0.8597621481460115,1.0,1.0,1.0,0.9415675617275049
316,cbc47540cc665da4,True,1.0,1.0,0.27271823156363395,1.0,1.0,1.0,0.6969659298181808
317,0116de776d6b5d1b,True,1.0,1.0,1.0,1.0,1.0,1.0,1.0
318,773005dea0fc53ab,True,1.0,1.0,0.7876780598391994,1.0,1.0,1.0,0.9115325249329999
319,7d3779771cae5d94,True,1.0,1.0,1.0,1.0,1.0,1.0,1.0
320,465d43bf893d5e66,True,1.0,1.0,0.654261117586011,1.0,1.0,1.0,0.8559421323275046
321,ded4ce0e91b4596a,True,1.0,1.0,0.8281667299102007,1.0,1.0,1.0,0.9284028041292504
322,7defd0c32cd8546a,True,1.0,1.0,1.0,1.0,1.0,1.0,1.0
323,644b16fd65f956b8,True,1.0,1.0,1.0,1.0,1.0,1.0,1.0
324,61876d1f48505069,True,1.0,1.0,0.8286418734692725,1.0,1.0,1.0,0.9286007806121969
325,7582f7769dfb5d11,True,1.0,1.0,1.0,1.0,1.0,1.0,1.0
326,475a45837ca75030,True,1.0,1.0,0.6860188250734922,1.0,1.0,1.0,0.8691745104472884
327,14f07c5159ac566b,True,1.0,0.0,0.0,1.0,1.0,1.0,0.0
328,393eaed8070a5d2c,True,0.5,0.0,0.0,0.0,1.0,0.5,0.0
329,9191f3f8644d50cb,True,0.5,1.0,0.6706464518833128,0.0,1.0,1.0,0.22305134414235683
330,563cd0d9beb7563a,True,1.0,1.0,0.8242616247794237,1.0,1.0,1.0,0.9267756769914266
331,6d9c2a30a6435937,True,1.0,1.0,0.9949533577041548,1.0,1.0,1.0,0.9978972323767312
332,fa80f505766d50fa,True,1.0,1.0,1.0,1.0,1.0,1.0,1.0
333,8d63ae7a5eec54da,True,1.0,1.0,1.0,1.0,1.0,1.0,1.0
334,8379e27735535cc1,True,1.0,1.0,0.8987054997019592,1.0,1.0,1.0,0.9577939582091496
335,08ac82bf0eeb5661,True,1.0,1.0,1.0,0.0,1.0,1.0,0.5833333333333334
336,cdc469758f7c502b,True,1.0,1.0,1.0,1.0,1.0,1.0,1.0
337,ae28b46a42d051a4,True,1.0,1.0,1.0,1.0,1.0,1.0,1.0
338,ac944958cb6d5209,True,1.0,1.0,1.0,1.0,1.0,1.0,1.0
339,629368f516d85124,True,1.0,0.0,0.0,1.0,1.0,1.0,0.0
340,db747c98e01c5b42,True,1.0,1.0,1.0,1.0,1.0,1.0,1.0
341,97e2daddecd557a4,True,1.0,1.0,0.9264645903184672,1.0,1.0,1.0,0.969360245966028
342,d514826bdd045d68,True,1.0,1.0,1.0,1.0,1.0,1.0,1.0
343,4a07aac45fc35fcf,True,1.0,1.0,0.616279802150493,1.0,1.0,1.0,0.8401165842293721
344,37102588c8ac59ef,True,1.0,1.0,1.0,1.0,1.0,1.0,1.0
345,08226b91e42858de,True,1.0,1.0,1.0,1.0,1.0,1.0,1.0
346,3f4013b6af2d5850,True,1.0,1.0,0.7797328891904709,1.0,1.0,1.0,0.9082220371626962
347,3eef6c6972dd538f,True,1.0,1.0,0.8756939262589735,1.0,1.0,1.0,0.9482058026079055
348,a5f724194aaa55f7,True,1.0,1.0,0.8879564475381394,1.0,1.0,1.0,0.9533151864742248
349,9a179eb32481553e,True,1.0,1.0,1.0,1.0,1.0,1.0,1.0
350,e00c640657fb5895,True,1.0,0.0,0.0,1.0,1.0,1.0,0.0
351,ebfb953d479d5982,True,1.0,1.0,1.0,1.0,1.0,1.0,1.0
352,acfe9f2fe77c5b79,True,1.0,0.0,0.0,1.0,1.0,1.0,0.0
353,3e1daba01cbe5973,True,1.0,1.0,0.695674683823847,1.0,1.0,1.0,0.8731977849266029
354,8a2637d104fb5194,True,1.0,1.0,0.9059606092391342,1.0,1.0,1.0,0.9608169205163059
355,5d68790fd55c5e41,True,1.0,0.0,0.0,0.0,1.0,1.0,0.0
356,0088dd94bbb85394,True,1.0,1.0,0.8129242427014896,1.0,1.0,1.0,0.9220517677922873
357,2f1d36641ecb509a,True,1.0,1.0,1.0,1.0,1.0,1.0,1.0
358,1cb21a59cbf95e1e,True,1.0,1.0,0.9694698172387812,1.0,1.0,1.0,0.9872790905161589
359,29647b1293bf52b0,True,1.0,1.0,1.0,1.0,1.0,1.0,1.0
360,880d9918a2635d59,True,1.0,1.0,0.6213195631825603,1.0,1.0,1.0,0.8422164846594001
361,dc26fde28bc65ef6,True,1.0,1.0,0.5242289893788828,1.0,1.0,0.5,0.8017620789078679
362,47cdeda07aeb5b19,True,1.0,1.0,0.6986043790697422,1.0,1.0,1.0,0.8744184912790592
363,69bc8107e82b54db,True,1.0,1.0,0.728880672435319,1.0,1.0,1.0,0.8870336135147162
364,03ffae8f89f65f90,True,1.0,1.0,1.0,0.0,1.0,1.0,0.5833333333333334
365,83472e2adb545cd5,True,1.0,1.0,1.0,1.0,1.0,1.0,1.0
366,885f450f0b875861,True,1.0,1.0,1.0,1.0,1.0,1.0,1.0
367,b64b160540265465,True,1.0,1.0,0.9972637757146385,1.0,1.0,1.0,0.9988599065477661
368,79984c4826f653fd,True,1.0,1.0,1.0,1.0,1.0,1.0,1.0
369,d151cc1bccd958d3,True,1.0,1.0,0.7943145937068847,1.0,1.0,1.0,0.9142977473778687
370,8eca6838e7c75493,True,1.0,1.0,0.7891269485374193,1.0,1.0,1.0,0.912136228557258
371,9820fb92380b522b,True,1.0,1.0,0.7773899426262258,1.0,1.0,0.5,0.907245809427594
372,70ac542a408b5b93,True,1.0,1.0,0.8055170237665396,1.0,1.0,1.0,0.9189654265693914
373,c2f56a56716f55e3,True,1.0,1.0,0.7186692388465091,1.0,1.0,1.0,0.8827788495193788
374,14ee80bbba6b587a,True,1.0,1.0,0.6671292273407469,1.0,1.0,0.0,0.8613038447253111
375,33197ac2a7445bd7,True,1.0,1.0,0.8601978172900715,1.0,1.0,1.0,0.9417490905375298
376,79fab476b73a5d06,True,1.0,1.0,0.7268449711500591,1.0,1.0,1.0,0.8861854046458579
377,fba8aa5a1cb8583e,True,1.0,1.0,1.0,1.0,1.0,1.0,1.0
378,5d8677f177185a61,True,1.0,0.0,0.0,1.0,1.0,0.5,0.0
379,001b34b45b2f50e4,True,1.0,1.0,1.0,1.0,1.0,1.0,1.0
380,d25a0ab96d165b78,True,1.0,1.0,0.8591865170896377,1.0,1.0,1.0,0.9413277154540157
381,e9d7cc484394548f,True,1.0,1.0,1.0,1.0,1.0,1.0,1.0
382,d18b4bcf67b05c57,True,1.0,1.0,0.6106113928805056,1.0,1.0,1.0,0.8377547470335439
383,9a1a2dd68d9f5b10,True,1.0,1.0,0.5714324574167802,1.0,1.0,1.0,0.8214301905903251
384,5f78b2fcada85eef,True,1.0,1.0,0.9270243160095422,1.0,1.0,1.0,0.9695934650039759
385,9bd57127fa3b5d8d,True,1.0,1.0,0.6947979606799466,1.0,1.0,1.0,0.8728324836166443
386,34f30283d3bd53ec,True,0.0,0.0,0.0,0.0,1.0,1.0,0.0
387,e89ad5d8a66250f0,True,1.0,1.0,0.7728583168876431,1.0,1.0,1.0,0.9053576320365179
388,831e535bf528567d,True,1.0,1.0,0.9290879598302754,1.0,1.0,1.0,0.970453316595948
389,d6353a288d0b545d,True,1.0,1.0,0.588741667523603,1.0,1.0,1.0,0.828642361468168
390,f1ca8dd77f205599,True,0.0,1.0,0.0,0.0,1.0,0.0,0.0
391,fc844eb140035b27,True,1.0,1.0,1.0,1.0,1.0,1.0,1.0
392,fd99b81c7f2b5ed7,True,1.0,0.0,0.0,1.0,1.0,1.0,0.0
393,e49e9763e6ea5ffb,True,1.0,1.0,0.7775765378032207,1.0,1.0,1.0,0.9073235574180085
394,f5dccbabc2f95bbd,True,1.0,1.0,0.9630397326297211,1.0,1.0,1.0,0.9845998885957171
395,3d726e71b9925965,True,1.0,0.0,0.0,1.0,1.0,1.0,0.0
396,5ddfd1fe80af5ceb,True,1.0,1.0,0.7788108803154464,1.0,1.0,1.0,0.9078378667981027
397,aa1f80806fa35b9f,True,1.0,1.0,1.0,1.0,1.0,1.0,1.0
398,84a832f4cdbc5aef,True,1.0,1.0,1.0,1.0,1.0,1.0,1.0
399,fb6e02b5752e5754,True,0.0,1.0,0.0,0.0,1.0,1.0,0.0
400,daea2a5f018858f6,True,1.0,1.0,0.9511227313458074,1.0,1.0,1.0,0.9796344713940863
401,d8338aefbb73570f,True,1.0,1.0,0.9175827110433089,1.0,1.0,1.0,0.965659462934712
402,5d47863332065766,True,0.0,1.0,0.0,0.0,1.0,1.0,0.0
403,090594c37ce256a3,True,1.0,1.0,1.0,1.0,1.0,1.0,1.0
404,49119e0bd9335681,True,1.0,1.0,1.0,1.0,1.0,1.0,1.0
405,2f7f6af0b98354be,True,1.0,1.0,1.0,1.0,1.0,1.0,1.0
406,ea7d8f38a0a05149,True,1.0,1.0,0.598029963993984,1.0,1.0,1.0,0.8325124849974933
407,48a547f135595df8,True,1.0,1.0,0.6807562470767436,1.0,1.0,1.0,0.8669817696153098
408,e8e49013253b5e7c,True,1.0,1.0,0.6831726535510316,1.0,1.0,1.0,0.8679886056462632
409,21990e031d705957,True,1.0,0.0,0.0,1.0,1.0,1.0,0.0
410,e6a5ca65ce135d1c,True,1.0,1.0,0.9306356035097612,1.0,1.0,1.0,0.9710981681290671
411,47bfcc64021a518d,True,1.0,1.0,0.7525165355821332,1.0,1.0,1.0,0.8968818898258889
412,5098fc0bc21450f9,True,1.0,0.0,0.0,1.0,1.0,1.0,0.0
413,088cebb101bf5ed6,True,1.0,1.0,1.0,1.0,1.0,1.0,1.0
414,ccffd575a3fb5958,True,1.0,1.0,0.9989316164552344,1.0,1.0,1.0,0.9995548401896809
415,bc1b30ec654c5d78,True,1.0,0.0,0.0,1.0,1.0,1.0,0.0
416,81f6d1d0bc835cb3,True,1.0,1.0,0.9913182119733199,1.0,1.0,1.0,0.9963825883222167
417,47f8cc513134512b,True,1.0,1.0,0.9496132714473497,1.0,1.0,1.0,0.979005529769729
418,0bd98f90f42350a3,True,1.0,1.0,0.9472926208577114,1.0,1.0,1.0,0.9780385920240464
419,982bd8015c9352f5,True,1.0,1.0,0.8731628291072628,1.0,1.0,1.0,0.9471511787946928
420,8fdb21d863c5504b,True,1.0,0.0,0.0,1.0,1.0,0.5,0.0
421,8aaf40c869ca574f,True,1.0,1.0,0.9229400805986797,1.0,1.0,1.0,0.9678917002494499
422,778dc72ff2ec5e94,True,1.0,1.0,1.0,0.0,1.0,1.0,0.5833333333333334
423,b53b172e95895a12,True,1.0,0.0,0.0,1.0,1.0,0.0,0.0
424,0d2e670274c65f81,True,0.0,1.0,0.0,0.0,1.0,0.0,0.0
425,045f4ecec234564b,True,1.0,1.0,0.7569768156953322,1.0,1.0,1.0,0.8987403398730551
426,f42258b638fc5b64,True,1.0,1.0,0.7055926274666496,1.0,1.0,1.0,0.8773302614444374
427,1db88198fce854da,True,1.0,1.0,0.7863104425965863,1.0,1.0,1.0,0.9109626844152444
428,583113c5db20565d,True,1.0,1.0,0.8496470844050541,1.0,1.0,1.0,0.9373529518354392
429,d4af857a65825fc1,True,1.0,1.0,0.8842894688775357,1.0,1.0,1.0,0.9517872786989732
430,2df5fba355f65937,True,1.0,1.0,0.9296669585272302,1.0,1.0,1.0,0.9706945660530127
431,7e5925fce8df5e44,True,0.0,1.0,0.0,0.0,1.0,1.0,0.0
432,d0910fc41d785f46,True,1.0,1.0,1.0,1.0,1.0,1.0,1.0
433,8993f8b000855b17,True,1.0,1.0,0.873053206896625,1.0,1.0,1.0,0.9471055028735936
434,c43a415dd7d2585d,True,1.0,1.0,0.6185549381442663,1.0,1.0,0.5,0.8410645575601109
435,3d6f193fad315d97,True,1.0,1.0,0.972945843604255,1.0,1.0,1.0,0.9887274348351062
436,a9853ab9c01c53d2,True,1.0,1.0,1.0,1.0,1.0,1.0,1.0
437,a1d5046565c75d87,True,1.0,1.0,0.8251110403560412,1.0,1.0,1.0,0.9271296001483504
438,77c1bc7a68b55fb9,True,1.0,1.0,0.5126242540652275,1.0,1.0,1.0,0.7969267725271781
439,1526b1720d35559e,True,1.0,1.0,1.0,1.0,1.0,0.5,1.0
440,5b24b678ff67555d,True,1.0,1.0,0.9468675087428333,1.0,1.0,1.0,0.9778614619761806
441,053d94cd59495804,True,1.0,1.0,0.6002621655073958,1.0,1.0,1.0,0.833442568961415
442,c8deb087395357c3,True,1.0,1.0,0.850202259901591,1.0,1.0,1.0,0.9375842749589962
443,b7122fd86c855943,True,1.0,1.0,0.5566882379622727,1.0,1.0,1.0,0.8152867658176136
444,af194a8f1af65eb7,True,1.0,1.0,1.0,1.0,1.0,1.0,1.0
445,436da44562c95ac0,True,1.0,1.0,1.0,1.0,1.0,1.0,1.0
446,51754449a4dd5f27,True,0.0,1.0,0.0,0.0,1.0,0.0,0.0
447,f289e368449b517b,True,1.0,1.0,0.7419423481633496,1.0,1.0,1.0,0.8924759784013956
448,2be1cc28e5af523e,True,1.0,1.0,1.0,1.0,1.0,1.0,1.0
449,afa8102c20685ec5,True,1.0,1.0,0.8181306078425049,1.0,1.0,1.0,0.9242210866010437
450,2b7bf25209dd5705,True,1.0,1.0,0.7596040837272556,1.0,1.0,1.0,0.8998350348863565
451,602213f964f651c1,True,1.0,1.0,0.6165869537725016,1.0,1.0,1.0,0.8402445640718756
452,fd9dc6fb2e145ef4,True,1.0,1.0,1.0,1.0,1.0,1.0,1.0
453,942df6bcc0c65bf9,True,1.0,0.0,0.0,1.0,1.0,1.0,0.0
454,d61ff1ca160557e8,True,1.0,1.0,0.7988299489040563,1.0,1.0,1.0,0.9161791453766902
455,f9c0cc538bb457c8,True,1.0,1.0,1.0,0.0,1.0,1.0,0.5833333333333334
456,6856c3ad77315d3c,True,1.0,1.0,0.8824443278651897,1.0,1.0,1.0,0.9510184699438291
457,bedb83878e215e4e,True,1.0,1.0,1.0,1.0,1.0,1.0,1.0
458,b7febc4ae909501b,True,1.0,1.0,0.6883964349441681,1.0,1.0,1.0,0.8701651812267368
459,d64a3964875f5b41,True,1.0,0.0,0.0,0.0,1.0,1.0,0.0
460,70becaf36f845b1d,True,1.0,1.0,1.0,1.0,1.0,1.0,1.0
461,825663ce94fe5df1,True,1.0,1.0,0.5380672268129768,1.0,1.0,1.0,0.8075280111720736
462,4900cab7493059e2,True,1.0,1.0,0.9469959161124962,1.0,1.0,1.0,0.9779149650468734
463,a5725e330a565f84,True,1.0,1.0,0.8775796961064434,1.0,1.0,1.0,0.9489915400443514
464,986cc16cb2295630,True,1.0,1.0,0.436101239782323,1.0,1.0,1.0,0.7650421832426346
465,f0b762b8c08b5ff0,True,1.0,1.0,1.0,1.0,1.0,1.0,1.0
466,611bde5a2b585c9d,True,1.0,1.0,0.8746107474729773,1.0,1.0,1.0,0.9477544781137405
467,175f0101f12750b1,True,1.0,1.0,0.7493236977451017,1.0,1.0,1.0,0.8955515407271256
468,0fb815b347a359ca,True,1.0,1.0,0.9550214916282362,1.0,1.0,1.0,0.9812589548450985
469,2dbf2462b447576f,True,1.0,0.0,0.0,1.0,1.0,0.0,0.0
470,2472d00839f65c25,True,0.0,1.0,0.0,0.0,1.0,1.0,0.0
471,ed76cdcd1c6c5078,True,1.0,1.0,1.0,1.0,1.0,1.0,1.0
472,9ecb516bac035ce4,True,1.0,1.0,0.9381315781290235,1.0,1.0,1.0,0.9742214908870931
473,88642e4f16be55bd,True,1.0,1.0,1.0,1.0,1.0,1.0,1.0
474,04aa69f18d255c96,True,1.0,1.0,1.0,1.0,1.0,1.0,1.0
475,f6a8d6a5c5b355d0,True,1.0,1.0,0.9879838727564748,1.0,1.0,1.0,0.9949932803151977
476,1e78181bb1c150e4,True,0.0,1.0,0.0,0.0,1.0,1.0,0.0
477,2a79320a3e3b5239,True,1.0,1.0,0.7929634861792331,1.0,1.0,1.0,0.9137347859080137
478,359651aff6c55fc3,True,1.0,1.0,0.748262075102029,1.0,1.0,1.0,0.8951091979591789
479,667ad9e70e1d525c,True,1.0,1.0,0.6473553456058225,1.0,1.0,0.5,0.8530647273357594
480,d00c78600089543a,True,1.0,0.0,0.0,1.0,1.0,1.0,0.0
481,5f402207dd7d5977,True,1.0,1.0,0.5591203287250971,1.0,1.0,1.0,0.8163001369687904
482,131c6cc5af9c58b6,True,1.0,1.0,0.5383950353851361,1.0,1.0,0.5,0.8076645980771401
483,98867b3fc7a95c24,True,1.0,1.0,0.8693136564040279,1.0,1.0,1.0,0.9455473568350117
484,c2790319345a58cf,True,1.0,1.0,1.0,1.0,1.0,1.0,1.0
485,1727319cfd2b5661,True,1.0,1.0,0.9253631240644576,1.0,1.0,1.0,0.9689013016935241
486,277c6ebd67da5320,True,1.0,1.0,0.7921202872809866,1.0,1.0,1.0,0.9133834530337444
487,efd0435305f5532a,True,1.0,1.0,0.36330422745386143,1.0,1.0,1.0,0.7347100947724422
488,562e11865ef75220,True,1.0,1.0,0.986262678583635,1.0,1.0,1.0,0.9942761160765147
489,4fdf85786f785a83,True,1.0,1.0,0.8304293080644365,1.0,1.0,1.0,0.9293455450268485
490,14297ef551f652d3,True,1.0,1.0,1.0,1.0,1.0,1.0,1.0
491,b8d2227c06a351e4,True,1.0,1.0,0.2454164288357093,1.0,1.0,1.0,0.6855901786815455
492,4ba0a7c883e85b4f,True,1.0,1.0,1.0,1.0,1.0,1.0,1.0
493,f8e036dd79a954d6,True,1.0,1.0,1.0,1.0,1.0,1.0,1.0
494,49f37d1d50ef5873,True,1.0,1.0,1.0,1.0,1.0,1.0,1.0
495,b9182baaae3b5ab2,True,1.0,1.0,1.0,1.0,1.0,1.0,1.0
496,c1255801436851c4,True,1.0,1.0,0.8421389641113735,1.0,1.0,1.0,0.9342245683797389
497,ce124b0ef61757d1,True,1.0,1.0,0.9235143200930753,1.0,1.0,1.0,0.9681309667054481
498,52d3f15d6ca75701,True,1.0,1.0,0.3767379837381974,1.0,1.0,1.0,0.7403074932242489
499,b556cea74b125dfa,True,1.0,1.0,0.6778642695354867,1.0,1.0,1.0,0.8657767789731196
500,cf45427178d25b3d,True,1.0,1.0,0.7989270742170925,1.0,1.0,1.0,0.9162196142571218
501,04b80ae53fc5549e,True,1.0,1.0,1.0,1.0,1.0,1.0,1.0
502,a6f3c89c3d745a5b,True,1.0,1.0,0.7641268065144705,1.0,1.0,1.0,0.9017195027143626
503,5146509d64145fcc,True,1.0,1.0,0.8544711969884061,1.0,1.0,1.0,0.9393629987451693
504,b696510357665996,True,1.0,1.0,0.9829249289008088,1.0,1.0,1.0,0.9928853870420037
505,04352eb4cb195fde,True,1.0,1.0,0.8046103540731795,1.0,1.0,1.0,0.9185876475304915
506,648b875dc34259c2,True,1.0,1.0,1.0,1.0,1.0,1.0,1.0
507,81997d01d8f65c19,True,1.0,1.0,0.9042669717827904,1.0,1.0,1.0,0.9601112382428294
508,ddc7d737df1957cb,True,1.0,1.0,1.0,1.0,1.0,1.0,1.0
509,eac61acb69665f21,True,1.0,1.0,0.8038813906003801,1.0,1.0,1.0,0.9182839127501584
510,d97244a589ca587f,True,1.0,1.0,0.9633936656240255,1.0,1.0,1.0,0.9847473606766773
511,f07e9711c5285e75,True,1.0,1.0,0.9537582008219351,1.0,1.0,1.0,0.9807325836758064
512,58b6d3046d18508e,True,1.0,1.0,0.7821419043116425,1.0,1.0,1.0,0.9092257934631843
513,73bc1971e0735c22,True,1.0,1.0,0.8578971178293967,1.0,1.0,1.0,0.9407904657622487
514,18538a3ac6c45eef,True,1.0,1.0,0.5501580967586782,1.0,1.0,1.0,0.8125658736494493
515,0ae4ce0255695d31,True,1.0,1.0,0.6256805996967373,1.0,1.0,1.0,0.8440335832069739
516,30c52d38e4975fe7,True,1.0,1.0,0.8316215144866863,1.0,1.0,1.0,0.9298422977027859
517,2aa64c0ff1f059fd,True,1.0,1.0,1.0,1.0,1.0,1.0,1.0
518,8209b6700b535e8e,True,0.0,0.0,0.0,0.0,1.0,0.0,0.0
519,2db50cd1c1ea5837,True,1.0,1.0,0.994240365420649,1.0,1.0,1.0,0.9976001522586038
520,c65cb00fba005ab1,True,1.0,0.0,0.0,0.0,1.0,1.0,0.0
521,ef1f8e45b9f05e4f,True,1.0,1.0,0.9228842349764548,1.0,1.0,1.0,0.9678684312401895
522,8199bcc7c60a521c,True,1.0,1.0,0.9088591694733258,1.0,1.0,1.0,0.9620246539472191
523,8ea9276bf0ee55f5,True,1.0,1.0,0.8680054730800346,1.0,1.0,1.0,0.9450022804500144
524,3388246402ca591e,True,1.0,1.0,0.7581230066904714,1.0,1.0,1.0,0.8992179194543631
525,21c961133b0c52d5,True,1.0,1.0,0.8038528229077927,1.0,1.0,1.0,0.9182720095449136
526,87c6ef5053865368,True,0.0,0.0,0.0,0.0,1.0,0.5,0.0
527,83b2e42ed5eb568f,True,1.0,1.0,1.0,1.0,1.0,1.0,1.0
528,3545234b609d5f4a,True,1.0,1.0,0.5913265297069202,1.0,1.0,1.0,0.8297193873778834
529,a64a3e4f2048576d,True,1.0,1.0,0.7528447398464282,1.0,1.0,1.0,0.8970186416026783
530,252522eebf5e5dc1,True,1.0,1.0,1.0,1.0,1.0,1.0,1.0
531,2e8c4827d8c757a3,True,1.0,1.0,1.0,1.0,1.0,1.0,1.0
532,660451aead9653b7,True,1.0,1.0,0.9274903504816919,1.0,1.0,1.0,0.9697876460340383
533,76f952632729540f,True,1.0,0.0,0.0,1.0,1.0,1.0,0.0
534,851a15966923546b,True,1.0,1.0,1.0,1.0,1.0,1.0,1.0
535,440690fa94cb50d5,True,1.0,1.0,1.0,1.0,1.0,1.0,1.0
536,c26281cfd29f5c15,True,1.0,1.0,1.0,1.0,1.0,1.0,1.0
537,3aa2680fdc805d09,True,1.0,0.0,0.0,1.0,0.0,1.0,0.0
538,18d8181124185dfa,True,1.0,1.0,0.8404406103995704,1.0,1.0,1.0,0.933516920999821
539,ada396669cec56ef,True,1.0,1.0,0.6915952689831901,1.0,1.0,1.0,0.8714980287429959
540,b02bf210eda55579,True,1.0,0.0,0.0,0.0,1.0,1.0,0.0
541,fd75eff84fb15543,True,1.0,1.0,0.9280338914211264,1.0,1.0,1.0,0.9700141214254693
542,10ddf2c0942a5704,True,1.0,1.0,1.0,1.0,1.0,1.0,1.0
543,667fff5344295416,True,1.0,1.0,1.0,1.0,1.0,1.0,1.0
544,4885d99d4c3959b8,True,1.0,1.0,0.8061844330470374,1.0,1.0,1.0,0.9192435137695988
545,5e89299dadf05ad1,True,1.0,1.0,0.7743438561463473,1.0,1.0,0.5,0.9059766067276446
546,8867ae193b7a5ba8,True,1.0,1.0,1.0,1.0,1.0,1.0,1.0
547,6227e5b0f0d4592e,True,1.0,1.0,0.8035664820579878,1.0,1.0,1.0,0.9181527008574949
548,73298d57a59e5252,True,1.0,0.0,0.0,1.0,1.0,1.0,0.0
549,29c9d694a2a15357,True,1.0,1.0,1.0,1.0,1.0,1.0,1.0
550,64cdae0a751357ee,True,1.0,1.0,0.7274692050683744,1.0,1.0,1.0,0.8864455021118226
551,d0818bf765555782,True,1.0,1.0,0.9848300569595414,1.0,1.0,1.0,0.993679190399809
552,42ba77cc2fb05229,True,1.0,1.0,0.4785295055188726,1.0,1.0,1.0,0.7827206272995303
553,ee91209e45fe5141,True,1.0,0.0,0.0,1.0,1.0,0.5,0.0
554,63ec12363eef5e89,True,1.0,1.0,0.9107675868018482,1.0,1.0,1.0,0.9628198278341035
555,7cc683dca0155801,True,1.0,1.0,1.0,1.0,1.0,1.0,1.0
556,94e4d365aeec5cec,True,0.0,1.0,0.0,0.0,1.0,0.5,0.0
557,2c5cbab120595d79,True,1.0,0.0,0.0,1.0,1.0,0.0,0.0
558,9b1bea0cc0d75583,True,1.0,1.0,0.9597962658278016,0.0,1.0,1.0,0.5665817774282507
559,73e4db7c9a4d5076,True,1.0,1.0,0.5684449275813811,1.0,1.0,1.0,0.8201853864922422
560,7bacd3cec5df553f,True,1.0,1.0,1.0,1.0,1.0,1.0,1.0
561,450df2d719cb5c88,True,1.0,1.0,0.6061514853574024,1.0,1.0,1.0,0.8358964522322511
562,1295e8271e37569f,True,1.0,1.0,0.9041322243024195,1.0,1.0,1.0,0.9600550934593414
563,b0d77b56b10d5861,True,1.0,1.0,1.0,1.0,1.0,1.0,1.0
564,94a3b8d43f515d6e,True,1.0,1.0,0.864295599563054,1.0,1.0,0.0,0.9434564998179392
565,47f3a90709ad56ed,True,1.0,1.0,0.5155347644266394,1.0,1.0,1.0,0.7981394851777663
566,d025c5fb0df05ef7,True,1.0,0.0,0.0,1.0,1.0,1.0,0.0
567,4fd0583319865636,True,1.0,1.0,0.7089748932227892,1.0,1.0,1.0,0.8787395388428288
568,bf2bd235d7225732,True,1.0,0.0,0.0,1.0,1.0,1.0,0.0
569,214abdb588465704,True,1.0,1.0,0.6973591962288334,1.0,1.0,1.0,0.8738996650953471
570,d89b0ef5c58b5621,True,1.0,1.0,1.0,1.0,1.0,1.0,1.0
571,58cf6aaf126b5727,True,1.0,0.0,0.0,0.0,1.0,1.0,0.0
572,f8bec974b86952e9,True,1.0,1.0,0.7131488453372776,1.0,1.0,0.5,0.880478685557199
573,7fa812aae88d5752,True,1.0,1.0,0.7918364863321087,1.0,1.0,0.0,0.9132652026383786
574,b86c171d4a9d51e3,True,1.0,1.0,1.0,1.0,1.0,1.0,1.0
575,8fe72ff0763b5ba9,True,1.0,1.0,1.0,1.0,1.0,1.0,1.0
576,82cd87ad4f1d5969,True,1.0,1.0,1.0,1.0,1.0,1.0,1.0
577,729c7f95c12f5dd4,True,1.0,1.0,0.7872758074564824,1.0,1.0,1.0,0.9113649197735344
578,b5668089b793502b,True,1.0,1.0,0.9323220463259138,1.0,1.0,1.0,0.9718008526357974
579,d861e8c8589e5433,True,1.0,1.0,0.6386824882535281,1.0,1.0,1.0,0.8494510367723033
580,c95f789949355567,True,1.0,1.0,0.5782876341505239,1.0,1.0,1.0,0.8242865142293848
581,c6e62024ca7e5959,True,1.0,1.0,0.8646010655102906,1.0,1.0,1.0,0.9435837772959544
582,cc652b7870745fa5,True,1.0,0.0,0.0,1.0,1.0,1.0,0.0
583,8b5e10656ccb5269,True,1.0,1.0,0.7728280157125001,1.0,1.0,1.0,0.9053450065468751
584,e8858099d9b652f2,True,1.0,1.0,0.9776081797392816,1.0,1.0,1.0,0.9906700748913674
585,88466abb967954e5,True,1.0,1.0,0.10988611525496329,1.0,1.0,1.0,0.629119214689568
586,b42af31e8e9b596d,True,1.0,1.0,1.0,1.0,1.0,1.0,1.0
587,b3056d1269ae5df9,True,1.0,1.0,0.583993600151831,1.0,1.0,1.0,0.8266640000632629
588,673a88a4037f5b6b,True,1.0,1.0,0.0020760489362820437,1.0,1.0,1.0,0.5841983537234509
589,d06d8235012b56fe,True,0.5,0.0,0.0,0.0,1.0,1.0,0.0
590,71af26e14ba65545,True,1.0,0.0,0.0,1.0,1.0,0.0,0.0
591,a13d45e804265392,True,1.0,1.0,0.5391414292749349,1.0,1.0,1.0,0.8079755955312229
592,bbb5018d017754d0,True,1.0,1.0,0.9475836190126004,1.0,1.0,1.0,0.9781598412552501
593,b4a85f85ef7e532d,True,1.0,1.0,0.9385679391127155,1.0,1.0,1.0,0.9744033079636315
594,bb73caa6692856bf,True,1.0,1.0,0.982790977169845,1.0,1.0,1.0,0.9928295738207688
595,b87e9553091a5216,True,1.0,1.0,1.0,1.0,1.0,1.0,1.0
596,6154b9589f9553fa,True,1.0,1.0,1.0,1.0,1.0,1.0,1.0
597,9d18c2e4a9c35be7,True,1.0,1.0,1.0,1.0,1.0,1.0,1.0
598,a752896c43c2526e,True,1.0,1.0,0.17141039849693301,1.0,1.0,1.0,0.6547543327070554
599,4e2cc4b2c43055fe,True,1.0,1.0,0.6383568614392836,1.0,1.0,0.5,0.8493153589330348
600,93dab1bad99e58f7,True,1.0,1.0,0.6403601438508745,0.0,1.0,1.0,0.43348339327119767
601,6d72ae3e84185e81,True,1.0,1.0,0.8680001999457022,1.0,1.0,1.0,0.9450000833107093
602,bd6d465e3fe95e7c,True,1.0,1.0,0.6809818852289993,1.0,1.0,1.0,0.8670757855120831
603,e149babe2348549e,True,1.0,1.0,0.12009563268676626,1.0,1.0,1.0,0.6333731802861526
604,291e2af79c2258d5,True,1.0,1.0,1.0,1.0,1.0,1.0,1.0
605,b42ed6a1fecd5e91,True,1.0,1.0,0.9840752163866352,1.0,1.0,1.0,0.9933646734944314
606,13bae3f5ab31581d,True,1.0,1.0,1.0,0.0,1.0,1.0,0.5833333333333334
607,29be20efdac25f74,True,1.0,1.0,0.9362108273191143,1.0,1.0,1.0,0.973421178049631
608,7d22e4c9e8605ed2,True,1.0,1.0,0.8459998166745428,1.0,1.0,1.0,0.9358332569477262
609,cba2150084b1510a,True,1.0,1.0,0.9485651698398038,1.0,1.0,1.0,0.9785688207665849
610,450d66ced3175d35,True,1.0,1.0,1.0,1.0,1.0,1.0,1.0
611,9056de7dce5a50d3,True,1.0,1.0,0.7313497053547985,1.0,1.0,1.0,0.888062377231166
612,ba8af38306035c11,True,1.0,1.0,1.0,1.0,1.0,1.0,1.0
613,36471f2ea86a54ba,True,1.0,1.0,0.7605138087755038,1.0,1.0,1.0,0.9002140869897932
614,46e614a434b650e3,True,1.0,1.0,0.5979897489043894,1.0,1.0,1.0,0.8324957287101622
615,ebfd1e0fff105c51,True,1.0,1.0,1.0,1.0,1.0,1.0,1.0
616,1424caab55de5db7,True,1.0,0.0,0.0,1.0,1.0,1.0,0.0
617,bcd26bf1bf055164,True,1.0,1.0,1.0,0.0,1.0,1.0,0.5833333333333334
618,4986d2307c895bdb,True,1.0,0.0,0.0,1.0,1.0,1.0,0.0
619,cd2a694affd65d94,True,1.0,1.0,0.5848342264277684,1.0,1.0,1.0,0.8270142610115702
620,9726171368175cc6,True,1.0,1.0,1.0,1.0,1.0,1.0,1.0
621,5b265648c07a54b8,True,1.0,0.0,0.0,1.0,1.0,1.0,0.0
622,d663992c13fa5438,True,1.0,1.0,0.6403814602017992,1.0,1.0,1.0,0.8501589417507497
623,635495c0e2295c4d,True,1.0,1.0,1.0,1.0,1.0,1.0,1.0
624,d422c9b6689c52bf,True,1.0,1.0,0.9428527956599565,1.0,1.0,1.0,0.9761886648583152
625,f91647b196dd5180,True,1.0,1.0,0.8759027019841618,1.0,1.0,1.0,0.9482927924934007
626,adc1a3a3dd1c501e,True,1.0,1.0,1.0,1.0,1.0,1.0,1.0
627,5dca8b6e3d2a5c2d,True,1.0,1.0,1.0,1.0,1.0,1.0,1.0
628,11ef3e2ec35051d8,True,1.0,1.0,0.8642333950071643,1.0,1.0,1.0,0.9434305812529852
629,4bfb085c53cc522f,True,1.0,0.0,0.0,1.0,1.0,0.0,0.0
630,534942a69dea5054,True,1.0,1.0,0.7389355550027719,1.0,1.0,1.0,0.8912231479178216
631,85028441255156b3,True,1.0,1.0,0.8511016615595242,1.0,1.0,1.0,0.9379590256498017
632,6a064f6f4529550a,True,1.0,1.0,0.5686183206272851,1.0,1.0,1.0,0.8202576335947022
633,0687eed0cf265533,True,1.0,1.0,0.7566264103400999,1.0,1.0,1.0,0.8985943376417084
634,729b53c777da522e,True,1.0,1.0,0.8298170170792392,1.0,1.0,1.0,0.9290904237830163
635,f3047391e1f25aad,True,1.0,1.0,1.0,1.0,1.0,1.0,1.0
636,282d1f01eef856f5,True,1.0,1.0,1.0,1.0,1.0,1.0,1.0
637,984716e6e27e59ee,True,1.0,1.0,1.0,1.0,1.0,1.0,1.0
638,0c8e3fd67ae45324,True,1.0,1.0,0.9404605398071973,1.0,1.0,1.0,0.9751918915863321
639,ef27f4eeb34e5b83,True,1.0,1.0,0.6973255801393187,1.0,1.0,1.0,0.8738856583913828
640,b8de9baf9a155a1b,True,1.0,1.0,0.7690149521070494,1.0,1.0,1.0,0.9037562300446039
641,b80d3fb49fc858d1,True,1.0,1.0,0.6244359079421441,1.0,1.0,1.0,0.8435149616425601
642,7399b61d44ea592a,True,1.0,1.0,1.0,1.0,1.0,1.0,1.0
643,8113ea1b58245172,True,1.0,1.0,0.6146027070702,1.0,1.0,1.0,0.8394177946125834
644,92ec09fc760c5c4d,True,1.0,1.0,0.9839961354734509,1.0,1.0,1.0,0.9933317231139379
645,05da61a9928e5ec1,True,1.0,1.0,1.0,1.0,1.0,1.0,1.0
646,42559fd839fa54b2,True,1.0,1.0,0.6723164034741244,1.0,1.0,1.0,0.8634651681142186
647,ff1a305b2c1752af,True,1.0,1.0,0.8278805095976666,1.0,1.0,1.0,0.9282835456656944
648,d1225aaedc8a5d48,True,1.0,1.0,1.0,1.0,1.0,1.0,1.0
649,bd4be260be50516f,True,1.0,1.0,1.0,0.0,1.0,1.0,0.5833333333333334
650,b1cb5523e43b594a,True,1.0,1.0,0.7358906749055043,1.0,1.0,1.0,0.8899544478772935
651,c2a01dd3d1d45258,True,1.0,1.0,1.0,1.0,1.0,1.0,1.0
652,062255c18e275666,True,1.0,0.0,0.0,1.0,1.0,0.5,0.0
653,f75c8c639ded5924,True,1.0,1.0,0.8543956397741318,1.0,1.0,1.0,0.939331516572555
654,e2a0ac6a977b5c70,True,1.0,1.0,0.7613774720222786,1.0,1.0,1.0,0.9005739466759494
655,5593db2f64115fbf,True,1.0,1.0,0.9526927347339624,0.0,1.0,1.0,0.5636219728058177
656,7b48c1c9cf995c36,True,1.0,1.0,0.8627269538017954,1.0,1.0,1.0,0.9428028974174149
657,1d6b6b43809a50cf,True,1.0,1.0,1.0,1.0,1.0,1.0,1.0
658,6c62867b6d7a51fa,True,1.0,1.0,0.9201585622010438,1.0,1.0,1.0,0.9667327342504349
659,774160714b7e5ca4,True,1.0,1.0,1.0,1.0,1.0,1.0,1.0
660,a66018d8ad8f594d,True,1.0,1.0,0.8723937587479785,1.0,1.0,1.0,0.9468307328116577
661,6659724ab0a8566c,True,1.0,1.0,0.8032164662883763,1.0,1.0,1.0,0.91800686095349
662,74cdabf6dd8e5052,True,1.0,1.0,1.0,1.0,1.0,1.0,1.0
663,93a208914ea85781,True,1.0,1.0,0.7233690289475301,1.0,1.0,1.0,0.8847370953948043
664,214bd73e71715f2c,True,1.0,1.0,0.9830499132126387,1.0,1.0,1.0,0.9929374638385995
665,04f8f8b4cf0c52e7,True,1.0,1.0,1.0,1.0,1.0,0.5,1.0
666,ac6e1ca0ebe75e15,True,1.0,1.0,0.9358509304857251,1.0,1.0,1.0,0.9732712210357187
667,5a13ac37ca725a30,True,1.0,1.0,0.6400344754170205,1.0,1.0,1.0,0.8500143647570919
668,510e507046865b40,True,1.0,1.0,0.7170051248761142,1.0,1.0,1.0,0.8820854686983809
669,ae124de305ca5cb1,True,1.0,1.0,0.8359177395240804,1.0,1.0,1.0,0.931632391468367
670,7cbf7bab041151e1,True,1.0,1.0,0.8099708211621762,1.0,1.0,1.0,0.92082117548424
671,4745746f9a555951,True,1.0,1.0,1.0,1.0,1.0,1.0,1.0
672,8728071969cc5091,True,1.0,1.0,0.7118242265688123,1.0,1.0,1.0,0.8799267610703385
673,e6056b57c0515735,True,1.0,1.0,0.9146898029577112,1.0,1.0,1.0,0.964454084565713
674,9e2a2f6ba6705d0a,True,1.0,1.0,0.6975560888264123,1.0,1.0,1.0,0.8739817036776718
675,8fd10a64f7255d5c,True,0.0,1.0,0.0,0.0,1.0,0.0,0.0
676,8b1ba99df5d05f8b,True,1.0,1.0,0.8985455300001033,1.0,1.0,1.0,0.9577273041667097
677,09779eb483435cab,True,1.0,1.0,1.0,1.0,1.0,1.0,1.0
678,2d6a7d3813ef54e0,True,1.0,1.0,0.8643442020009884,1.0,1.0,1.0,0.9434767508337453
679,bd957829755e50cb,True,1.0,1.0,0.809578150217325,1.0,1.0,1.0,0.9206575625905522
680,be7004554c8750bc,True,1.0,1.0,1.0,1.0,1.0,0.5,1.0
681,38736da1e9dc51c8,True,1.0,1.0,0.8918437118396683,1.0,1.0,1.0,0.954934879933195
682,9ab7d16dd4a6551f,True,1.0,1.0,0.7244430150842404,1.0,1.0,1.0,0.8851845896184335
683,cd008a1ed571512f,True,1.0,1.0,0.8149707573586134,1.0,1.0,1.0,0.9229044822327556
684,7c8dfd86366157b2,True,1.0,1.0,0.16295560359350972,1.0,1.0,1.0,0.6512315014972957
685,6363aa6d3d715e03,True,1.0,1.0,0.6769891034818936,1.0,1.0,1.0,0.865412126450789
686,1457dddd3ea65845,True,1.0,1.0,1.0,1.0,1.0,1.0,1.0
687,6b9c0c971f9d5b9a,True,1.0,1.0,0.8299477922830176,1.0,1.0,1.0,0.9291449134512574
688,7f19b2fd14435b73,True,1.0,1.0,0.7647092758033416,1.0,1.0,1.0,0.9019621982513923
689,aee61beda170540c,True,1.0,1.0,0.7489655224265444,1.0,1.0,1.0,0.8954023010110602
690,d4e5d3e55e3751f9,True,1.0,1.0,0.9162436276082815,1.0,1.0,1.0,0.9651015115034506
691,ad8fec600a4c5ed7,True,1.0,1.0,0.7729213950687946,1.0,1.0,1.0,0.9053839146119977
692,7f00cbbc74695c32,True,1.0,1.0,0.9828308205701021,1.0,1.0,1.0,0.9928461752375425
693,d7fdaa2d555c5272,True,0.0,0.0,0.0,0.0,1.0,0.0,0.0
694,7d51b80c3aa25109,True,1.0,1.0,0.7422703623334228,1.0,1.0,1.0,0.8926126509722595
695,a0f695da4a815955,True,1.0,1.0,1.0,1.0,1.0,1.0,1.0
696,f205c912572b559e,True,1.0,1.0,0.8303375382628025,1.0,1.0,1.0,0.9293073076095011
697,ecaafd3b7f635e0d,True,1.0,1.0,0.9167841316460577,1.0,1.0,1.0,0.9653267215191906
698,c738206669ed589c,True,1.0,1.0,1.0,1.0,1.0,1.0,1.0
699,1a9a1f65b4cc5d1d,True,1.0,1.0,1.0,1.0,1.0,1.0,1.0
700,3a43a45778b85666,True,1.0,1.0,1.0,0.0,1.0,1.0,0.5833333333333334
701,fcb157cfb7785486,True,1.0,0.0,0.0,1.0,1.0,0.5,0.0
702,69792eb6a5415c5f,True,1.0,1.0,0.7968287126368125,1.0,1.0,1.0,0.9153452969320052
703,a0707360c69459d4,True,1.0,1.0,1.0,1.0,1.0,1.0,1.0
704,1550976459b45017,True,1.0,1.0,1.0,1.0,1.0,1.0,1.0
705,d7350c01eab55ed0,True,1.0,1.0,0.9932767818167988,1.0,1.0,1.0,0.9971986590903329
706,45ebc34cbe405c3e,True,1.0,1.0,0.964539973379812,1.0,1.0,1.0,0.985224988908255
707,0854af027e06530a,True,1.0,1.0,1.0,1.0,1.0,1.0,1.0
708,42e65d558a9c5813,True,1.0,1.0,0.9093063953219274,1.0,1.0,1.0,0.962210998050803
709,3756dc24f9e65fd7,True,1.0,0.0,0.0,1.0,1.0,0.5,0.0
710,c707d147a5655289,True,1.0,1.0,1.0,1.0,1.0,1.0,1.0
711,a1eab14904fc5807,True,1.0,1.0,0.6376923895382254,1.0,1.0,1.0,0.8490384956409273
712,d6aa1499d0be503a,True,1.0,1.0,0.8389556265811902,1.0,1.0,1.0,0.9328981777421625
713,612903ce91a2507c,True,1.0,1.0,1.0,1.0,1.0,1.0,1.0
714,9577987ee2e85304,True,1.0,1.0,1.0,1.0,1.0,1.0,1.0
715,94c6fd3f9ec85914,True,1.0,0.0,0.0,1.0,1.0,0.0,0.0
716,19c8d441cb445d87,True,1.0,1.0,0.7251765203799414,1.0,1.0,1.0,0.8854902168249756
717,d54047580ffb5dba,True,1.0,1.0,0.8172485670816616,1.0,1.0,0.0,0.923853569617359
718,817f460a4ad7577a,True,1.0,1.0,1.0,0.0,1.0,1.0,0.5833333333333334
719,155c340aae355cd4,True,1.0,1.0,0.9746996854840981,1.0,1.0,1.0,0.9894582022850408
720,e77441c822075f1b,True,1.0,1.0,0.5993330485417931,1.0,1.0,1.0,0.8330554368924138
721,3cbb6c030b1e5d19,True,1.0,0.0,0.0,1.0,1.0,1.0,0.0
722,242d17bd2af15992,True,1.0,1.0,0.8033534867468726,1.0,1.0,1.0,0.9180639528111968
723,92778c3bfcda566d,True,0.0,1.0,0.0,0.0,1.0,0.0,0.0
724,114a946faf305345,True,1.0,1.0,0.7351725904089498,1.0,1.0,1.0,0.8896552460037291
725,7ef3374d49a45a86,True,1.0,1.0,0.7600931206026891,1.0,1.0,1.0,0.9000388002511205
726,1c2eb038a9ea5caa,True,1.0,1.0,0.9058240367737287,1.0,1.0,1.0,0.960760015322387
727,37b3d87596685948,True,1.0,1.0,0.805181068377222,1.0,1.0,1.0,0.9188254451571759
728,29051d7805db50d0,True,1.0,1.0,0.5312539635696718,1.0,1.0,1.0,0.8046891514873632
729,52c337a436ab5362,True,1.0,1.0,0.6297932632884622,1.0,1.0,1.0,0.8457471930368593
730,2ec759b29e0155b5,True,1.0,1.0,0.6984326902802104,1.0,1.0,1.0,0.8743469542834209
731,7e3d6e037fbc506c,True,1.0,1.0,0.6605473728092521,1.0,1.0,1.0,0.8585614053371883
732,27725219ce8a55ff,True,1.0,1.0,0.8868263107914113,1.0,1.0,1.0,0.952844296163088
733,6c3a055d6ac15aa9,True,1.0,1.0,0.8347523496865346,1.0,1.0,1.0,0.9311468123693895
734,94d209006f485164,True,1.0,1.0,1.0,1.0,1.0,1.0,1.0
735,ff66468144595101,True,1.0,1.0,1.0,1.0,1.0,1.0,1.0
736,9311d9a2409c5224,True,1.0,1.0,0.8594891022683181,1.0,1.0,1.0,0.9414537926117991
737,51c83516a5d8585a,True,1.0,1.0,1.0,1.0,1.0,1.0,1.0
738,8cafe946e9c752fc,True,1.0,1.0,0.7591490173837911,1.0,1.0,1.0,0.899645423909913
739,ce567ba416055525,True,1.0,1.0,0.9082796844244766,1.0,1.0,1.0,0.961783201843532
740,a15cc20cfcc35d48,True,1.0,1.0,0.7879569445078587,1.0,1.0,1.0,0.9116487268782745
741,1b818742aecc51d0,True,1.0,1.0,0.6850533783934546,1.0,1.0,1.0,0.8687722409972727
742,1d33935825d8539f,True,1.0,1.0,0.8043735005055904,1.0,1.0,1.0,0.918488958543996
743,6ea317e632e850f5,True,1.0,1.0,1.0,1.0,1.0,1.0,1.0
744,012dc5d8043555ef,True,1.0,1.0,1.0,1.0,1.0,1.0,1.0
745,62e7b4eb1cc954ad,True,1.0,1.0,0.7443279836187987,1.0,1.0,1.0,0.8934699931744995
746,43c65ce08ad6564e,True,1.0,1.0,0.9260917903709038,1.0,1.0,1.0,0.9692049126545433
747,d6835050c97f528d,True,1.0,1.0,1.0,1.0,1.0,1.0,1.0
748,2d365fc1fbd35aab,True,1.0,1.0,0.794471553592476,1.0,1.0,1.0,0.9143631473301984
749,6c8af7c93b5751c4,True,1.0,1.0,0.7921576453599364,1.0,1.0,1.0,0.9133990188999735
750,b867b28707205c0b,True,1.0,1.0,0.8021531507629476,1.0,1.0,0.5,0.9175638128178948
751,1ad96f74e72750db,True,1.0,1.0,1.0,1.0,1.0,1.0,1.0
752,df11795878cb5419,True,1.0,1.0,0.5951500825087861,1.0,1.0,1.0,0.8313125343786609
753,7a7ff4cc1f1a501e,True,1.0,1.0,0.8656730399418444,1.0,1.0,1.0,0.9440304333091017
754,e2e83df1a791542b,True,1.0,1.0,0.9171505590075092,1.0,1.0,1.0,0.9654793995864622
755,f15b26c87a0e557d,True,1.0,1.0,0.8249828900667948,1.0,1.0,1.0,0.9270762041944979
756,22e43e5928b95b7a,True,1.0,1.0,1.0,1.0,1.0,1.0,1.0
757,073d05efa44b5241,True,1.0,1.0,1.0,1.0,1.0,0.0,1.0
758,21e98ee0ac165e2c,True,1.0,1.0,1.0,1.0,1.0,1.0,1.0
759,b966c10ea361593f,True,1.0,1.0,0.5836620699711361,0.0,1.0,0.5,0.4098591958213067
760,0577532eba755552,True,1.0,1.0,0.7815295235962343,1.0,1.0,1.0,0.9089706348317642
761,c6724cca6a1559a1,True,1.0,1.0,0.9194715706956936,1.0,1.0,1.0,0.9664464877898723
762,51586a8c23a4569a,True,1.0,1.0,1.0,1.0,1.0,1.0,1.0
763,74a397722f465751,True,1.0,1.0,1.0,1.0,1.0,1.0,1.0
764,7d930b1f5365521f,True,1.0,1.0,1.0,1.0,1.0,1.0,1.0
765,6bb2c2106e435a57,True,1.0,1.0,0.7128557175616773,1.0,1.0,1.0,0.8803565489840323
766,2b610cc56f635751,True,1.0,1.0,0.8789121803490704,1.0,1.0,1.0,0.9495467418121125
767,c73482934be65cec,True,1.0,0.0,0.0,0.0,1.0,1.0,0.0
768,26459a22067d556e,True,1.0,1.0,1.0,1.0,1.0,1.0,1.0
769,e83f4b6e1dd25c90,True,1.0,1.0,0.991802672204177,0.0,1.0,1.0,0.5799177800850738
770,008844070af456e3,True,1.0,1.0,0.5759746932069547,1.0,1.0,1.0,0.8233227888362311
771,a43337e3cf725ea6,True,1.0,1.0,0.9038723084355461,1.0,1.0,1.0,0.9599467951814775
772,90caeda16d835f42,True,1.0,1.0,0.6946175384664365,1.0,1.0,1.0,0.8727573076943486
773,ffcbea07e13e540d,True,1.0,1.0,1.0,1.0,1.0,1.0,1.0
774,82531fc4fe8f5a26,True,1.0,1.0,1.0,1.0,1.0,1.0,1.0
775,cf039efb320e55ec,True,1.0,1.0,0.6869187049375067,1.0,1.0,1.0,0.8695494603906279
776,9ca9d2ce60a35d66,True,1.0,1.0,0.5709801868219964,1.0,1.0,1.0,0.8212417445091651
777,a3df0f8925b251e0,True,1.0,1.0,1.0,1.0,1.0,1.0,1.0
778,c95d7e81eec75f65,True,1.0,1.0,0.9040763916300039,1.0,1.0,1.0,0.9600318298458349
779,07952d3dbf4550de,True,1.0,1.0,0.701692140993688,1.0,1.0,1.0,0.87570505874737
780,b4561c216e6c5e21,True,1.0,1.0,1.0,1.0,1.0,1.0,1.0
781,712475eda7975c99,True,1.0,1.0,0.6346127469922509,1.0,1.0,1.0,0.8477553112467712
782,fd2de60bf6745e9a,True,1.0,1.0,0.8364060083639089,1.0,1.0,1.0,0.9318358368182954
783,f590f07cbcc15388,True,1.0,1.0,0.8294620310935983,1.0,1.0,1.0,0.928942512955666
784,c3987ea376cb5a69,True,1.0,1.0,1.0,1.0,1.0,0.5,1.0
785,6d024ab27b8e517b,True,1.0,0.0,0.0,1.0,1.0,1.0,0.0
786,0e70c369a99157c3,True,1.0,1.0,0.7618369251907493,1.0,1.0,1.0,0.9007653854961456
787,4023fa59fcfd5671,True,1.0,1.0,0.5273120050770876,1.0,1.0,1.0,0.8030466687821199
788,230a57eaa1a25864,True,1.0,1.0,0.8674552695004804,1.0,1.0,1.0,0.9447730289585335
789,ce978770a87253c8,True,1.0,1.0,1.0,1.0,1.0,1.0,1.0
790,2f3cd5f3b7ee59cc,True,1.0,1.0,0.8692968116190269,1.0,1.0,1.0,0.9455403381745945
791,b1dd380dd5425b49,True,1.0,1.0,1.0,1.0,1.0,1.0,1.0
792,c5c7922b844d592f,True,1.0,1.0,0.9630113293828979,1.0,1.0,1.0,0.9845880539095407
793,56c64f7e47b15e0d,True,1.0,1.0,0.9670957877572879,1.0,1.0,1.0,0.9862899115655366
794,198b7ec55c3b5a5c,True,1.0,0.0,0.0,0.0,1.0,1.0,0.0
795,4999981a1cac596e,True,1.0,1.0,0.850344897562939,1.0,1.0,1.0,0.9376437073178913
796,d1d19175f88e5b2e,True,1.0,1.0,0.6604696614947562,1.0,1.0,1.0,0.8585290256228152
797,75c91bd683535274,True,1.0,1.0,0.5305982697629021,1.0,1.0,1.0,0.8044159457345424
798,fc09376fd45c509a,True,1.0,1.0,0.918514724377598,1.0,1.0,1.0,0.9660478018239992
799,a8d904be723d5ab9,True,1.0,0.0,0.0,1.0,1.0,1.0,0.0
800,f8b1bb7447c257dc,True,1.0,1.0,0.752533700379597,1.0,1.0,1.0,0.896889041824832
801,e96035d0292956f1,True,1.0,1.0,1.0,0.0,1.0,0.0,0.5833333333333334
802,8e501ed74f025c52,True,1.0,1.0,0.7386425233033908,1.0,1.0,1.0,0.8911010513764128
803,5b21d7acaa545a46,True,1.0,1.0,1.0,1.0,1.0,1.0,1.0
804,432dcd9a21c25043,True,1.0,1.0,0.5391398594802431,1.0,1.0,1.0,0.8079749414501013
805,fbb8f13bd26a5eee,True,1.0,1.0,0.8230087974778674,1.0,1.0,1.0,0.926253665615778
806,3a8a83bdb2c05a02,True,1.0,1.0,0.9311719129907864,1.0,1.0,1.0,0.9713216304128277
807,294335a3e5e45496,True,1.0,1.0,1.0,1.0,1.0,1.0,1.0
808,eb8fd3a2b08e5e52,True,1.0,1.0,0.8501546004901227,1.0,1.0,1.0,0.9375644168708845
809,8d1b3ba5749b5a76,True,1.0,1.0,0.7302455997981574,1.0,1.0,1.0,0.8876023332492323
810,21e13e3ac13856b1,True,1.0,1.0,0.715172336441254,1.0,1.0,1.0,0.8813218068505225
811,22343d7492d158bb,True,1.0,1.0,1.0,1.0,1.0,1.0,1.0
812,271bd521cc6c50ae,True,1.0,1.0,0.9045777126015978,1.0,1.0,1.0,0.9602407135839991
813,ad601a0f5b8350dd,True,1.0,1.0,0.6701046777824972,1.0,1.0,1.0,0.8625436157427071
814,9d8312bf37795d27,True,1.0,1.0,0.8776088068315174,1.0,1.0,1.0,0.9490036695131323
815,9f8764247caa5e71,True,1.0,1.0,0.9284276079663341,1.0,1.0,1.0,0.9701781699859726
816,e0094ac69a8955fb,True,1.0,1.0,1.0,1.0,1.0,1.0,1.0
817,b523d101fb0958c3,True,1.0,1.0,0.6712025758553513,1.0,1.0,1.0,0.863001073273063
818,f24ade1ee3ac51ce,True,1.0,1.0,1.0,1.0,1.0,1.0,1.0
819,6745b762c9df5f94,True,1.0,1.0,1.0,1.0,1.0,1.0,1.0
820,6cd0498ce2d857f3,True,1.0,1.0,0.8355059956535404,1.0,1.0,1.0,0.9314608315223086
821,297a54df537c5317,True,1.0,1.0,0.8957053863436061,1.0,1.0,1.0,0.9565439109765025
822,2fbf549d6aac59b9,True,1.0,1.0,0.6077142466585644,1.0,1.0,1.0,0.8365476027744019
823,8857612d0dad5e95,True,1.0,1.0,0.5948569554468843,1.0,1.0,1.0,0.8311903981028684
824,556283de632c5226,True,1.0,1.0,0.8457877416013371,1.0,1.0,1.0,0.9357448923338905
825,b5991c2d51f65715,True,0.5,0.0,0.0,0.0,1.0,1.0,0.0
826,1b613bcca44b5b29,True,0.0,0.0,0.0,0.0,1.0,0.0,0.0
827,4f8e1da188be5033,True,1.0,1.0,0.9501474484837357,1.0,1.0,1.0,0.9792281035348899
828,6aa2d225dc0d5b6e,True,1.0,1.0,1.0,1.0,1.0,1.0,1.0
829,ee9ddfe6625b5969,True,1.0,0.0,0.0,1.0,1.0,1.0,0.0
830,1a6043a86e7056a8,True,1.0,1.0,0.7949484869115266,1.0,1.0,1.0,0.9145618695464695
831,237b75204e495145,True,1.0,1.0,0.23900007275777035,1.0,1.0,1.0,0.6829166969824043
832,2e6e9e72249a5980,True,1.0,1.0,0.5427255066780701,1.0,1.0,1.0,0.8094689611158626
833,d697dea3ebba5047,True,1.0,0.0,0.0,1.0,1.0,1.0,0.0
834,0438474da1ac593d,True,1.0,1.0,1.0,1.0,1.0,1.0,1.0
835,a4581d8af5f755a9,True,1.0,1.0,0.8116171961336853,1.0,1.0,1.0,0.9215071650557022
836,de28290571ec523a,True,1.0,1.0,1.0,1.0,1.0,1.0,1.0
837,8b328af730c75e49,True,1.0,1.0,0.7910466554337585,1.0,1.0,1.0,0.9129361064307328
838,0f8b3b73fda650e4,True,1.0,1.0,0.7726052864807309,1.0,1.0,1.0,0.9052522027003045
839,91496ec9ca5f5d5f,True,1.0,1.0,0.8196974624693519,1.0,1.0,1.0,0.9248739426955632
840,06db90857b4e575d,True,1.0,1.0,0.8826226209409822,1.0,1.0,1.0,0.9510927587254092
841,f465e74f13e652ce,True,1.0,1.0,0.8315491789045201,1.0,1.0,0.0,0.9298121578768833
842,d1e46ac6cbe15c1e,True,1.0,1.0,1.0,0.0,1.0,1.0,0.5833333333333334
843,9858cb2db360536b,True,1.0,1.0,0.5398437970064086,1.0,1.0,1.0,0.8082682487526703
844,eb85aecce15f5e63,True,1.0,1.0,0.9173522119827763,1.0,1.0,1.0,0.96556342165949
845,d50b69bed8f2570c,True,1.0,1.0,0.700034020262461,1.0,1.0,0.5,0.8750141751093587
846,c08100986326547c,True,1.0,0.0,0.0,0.0,1.0,1.0,0.0
847,56780fc1a6bc53a8,True,1.0,1.0,1.0,1.0,1.0,1.0,1.0
848,70bd598e1c305d92,True,1.0,1.0,1.0,1.0,1.0,1.0,1.0
849,bc42935ebf1854f6,True,1.0,1.0,1.0,1.0,1.0,1.0,1.0
850,d345cd51380a5243,True,1.0,1.0,0.9049307943925028,1.0,1.0,1.0,0.9603878309968762
851,4ae996307c6d5733,True,1.0,1.0,0.6136194205993445,1.0,1.0,1.0,0.8390080919163935
852,4cca4c982f9855c5,True,1.0,1.0,1.0,1.0,1.0,1.0,1.0
853,ce01babf6dfb598e,True,1.0,1.0,0.6965059975363239,1.0,1.0,1.0,0.8735441656401349
854,09bfb9a8f83b5079,True,1.0,1.0,0.6503443697669146,1.0,1.0,1.0,0.8543101540695477
855,6097ef5cbbfd5dd9,True,1.0,1.0,0.9073688001309044,1.0,1.0,1.0,0.9614036667212101
856,cddadd26002959f4,True,1.0,1.0,0.8123740200071226,1.0,1.0,1.0,0.9218225083363011
857,e1cb9d3c53135bfa,True,1.0,1.0,0.9049135771230309,1.0,1.0,1.0,0.9603806571345963
858,47e64379df6b55b2,True,1.0,1.0,0.8798248916430949,1.0,1.0,1.0,0.9499270381846229
859,d33aaa347f795d0b,True,1.0,1.0,0.08984766618747307,1.0,1.0,1.0,0.6207698609114471
860,27ba50b0cfa75e8d,True,1.0,1.0,1.0,1.0,1.0,1.0,1.0
861,60f8e416f5f457b3,True,1.0,0.0,0.0,1.0,1.0,1.0,0.0
862,1f0f883695f05e6c,True,1.0,1.0,0.734279459152238,1.0,1.0,1.0,0.8892831079800992
863,c7cd4edb7b455e9f,True,1.0,1.0,0.8007641162642701,1.0,1.0,1.0,0.9169850484434457
864,323747032b285187,True,1.0,1.0,0.949319888823169,1.0,1.0,1.0,0.9788832870096537
865,e92a637d847e516c,True,1.0,1.0,0.9433306508536108,1.0,1.0,1.0,0.9763877711890044
866,b9633d9afd4356a8,True,1.0,1.0,1.0,1.0,1.0,1.0,1.0
867,8eae3eab30c95228,True,1.0,1.0,0.7587722942537076,1.0,1.0,1.0,0.8994884559390449
868,3c584e53042d5157,True,1.0,1.0,0.9492746543783964,1.0,1.0,1.0,0.9788644393243319
869,b958e6967993560f,True,1.0,0.0,0.0,1.0,1.0,1.0,0.0
870,c6cef2558e365e85,True,1.0,1.0,0.8863068447774554,1.0,1.0,1.0,0.9526278519906063
871,6fdea0636809523e,True,1.0,1.0,1.0,1.0,1.0,1.0,1.0
872,d61fe42422225edf,True,1.0,1.0,1.0,1.0,1.0,1.0,1.0
873,f3b3336807f8590b,True,1.0,1.0,0.8250767855861302,1.0,1.0,1.0,0.9271153273275542
874,87ab048362385059,True,1.0,1.0,0.8087561030128763,1.0,1.0,1.0,0.9203150429220317
875,c38319fd82be5bf0,True,1.0,1.0,0.573547535184954,1.0,1.0,1.0,0.8223114729937309
876,35d07990fee95985,True,1.0,1.0,1.0,1.0,1.0,1.0,1.0
877,e1d5cb7ac38f5038,True,1.0,1.0,1.0,0.0,1.0,1.0,0.5833333333333334
878,4ccdd6c153335a2b,True,1.0,0.0,0.0,1.0,1.0,1.0,0.0
879,6fed9368351f54d5,True,1.0,0.0,0.0,0.0,1.0,1.0,0.0
880,2380261642d25251,True,1.0,1.0,1.0,1.0,1.0,1.0,1.0
881,5445d4283a475bf6,True,1.0,1.0,0.8440112371414229,1.0,1.0,1.0,0.9350046821422596
882,09d33cf8b87c5ae3,True,1.0,1.0,0.6081081425442216,1.0,1.0,1.0,0.8367117260600923
883,6486c6ab411c5baf,True,1.0,1.0,0.8461974293199221,1.0,1.0,1.0,0.9359155955499675
884,669972d5c4c55872,True,1.0,1.0,0.49108869733296423,1.0,1.0,1.0,0.7879536238887351
885,f84498af5b4f55eb,True,1.0,1.0,1.0,1.0,1.0,0.5,1.0
886,a96c1b6145ca513e,True,1.0,1.0,0.7703921167733783,1.0,1.0,1.0,0.9043300486555742
887,29770ed8cd49511e,True,1.0,1.0,0.9073748546156213,1.0,1.0,1.0,0.9614061894231756
888,10193911d433540b,True,1.0,1.0,0.785355087896362,1.0,1.0,1.0,0.9105646199568175
889,41890b20b92953b4,True,1.0,1.0,1.0,1.0,1.0,1.0,1.0
890,f755005e289d5ccd,True,1.0,1.0,1.0,1.0,1.0,1.0,1.0
891,5282504f73a759b9,True,1.0,1.0,0.9905989455084848,1.0,1.0,1.0,0.9960828939618688
892,5325126716b45ac4,True,1.0,1.0,0.9197814575023543,1.0,1.0,1.0,0.9665756072926476
893,36c6d1ea21015e5f,True,1.0,1.0,0.8285770732402817,1.0,1.0,1.0,0.9285737805167841
894,a2047f9cb3865b75,True,1.0,1.0,0.10333322986341192,1.0,1.0,1.0,0.6263888457764216
895,685e5e9083185108,True,1.0,1.0,1.0,1.0,1.0,1.0,1.0
896,05741acd510e52f7,True,1.0,1.0,0.8417422956279903,1.0,1.0,1.0,0.934059289844996
897,a067cd2e442c5a4a,True,1.0,1.0,1.0,1.0,1.0,1.0,1.0
898,ab01e3ce19875471,True,1.0,1.0,1.0,1.0,1.0,1.0,1.0
899,5ee074d138be53d4,True,1.0,1.0,1.0,1.0,1.0,1.0,1.0
900,7b4a9abdf718584b,True,1.0,0.0,0.0,1.0,1.0,1.0,0.0
901,bb3926e0e90c5657,True,1.0,1.0,0.9161097993078638,1.0,1.0,1.0,0.96504574971161
902,ec372e5b0ad7504f,True,1.0,0.0,0.0,1.0,1.0,0.5,0.0
903,6740833c5f9d571a,True,1.0,1.0,0.8937892354318754,1.0,1.0,1.0,0.9557455147632815
904,cff12b59b73c537e,True,1.0,0.0,0.0,1.0,1.0,1.0,0.0
905,50a5cd7410e85782,True,1.0,1.0,0.6112755348802872,1.0,1.0,1.0,0.8380314728667863
906,cd2e3c6240d55147,True,1.0,1.0,0.7326905281840752,1.0,1.0,1.0,0.8886210534100313
907,65676c8917335c2c,True,1.0,1.0,0.9728264800034666,1.0,1.0,1.0,0.9886777000014444
908,cf081b6882d159f5,True,1.0,1.0,1.0,1.0,1.0,1.0,1.0
909,6d4a26f442705f49,True,1.0,1.0,0.871809156693991,1.0,1.0,1.0,0.9465871486224963
910,7515bed58abd5f21,True,1.0,1.0,0.9309259765104649,1.0,1.0,1.0,0.9712191568793603
911,d0884d449b2959fe,True,1.0,1.0,0.8584144019627943,1.0,1.0,1.0,0.9410060008178309
912,fa9a6007ed205fe7,True,1.0,1.0,0.9730448057142473,1.0,1.0,1.0,0.9887686690476031
913,10c1bbbe7d805eba,True,1.0,1.0,0.817756022182629,1.0,1.0,0.0,0.9240650092427621
914,24acfb08c5ef55f5,True,1.0,1.0,1.0,1.0,1.0,1.0,1.0
915,6350e3b4ec0a59dc,True,1.0,1.0,0.5869442171918762,1.0,1.0,1.0,0.8278934238299485
916,9149c990800952c0,True,1.0,1.0,1.0,1.0,1.0,1.0,1.0
917,a120ebfcfb775487,True,1.0,1.0,0.9580139750971507,1.0,1.0,1.0,0.9825058229571461
918,8cbb22946ab55633,True,1.0,0.0,0.0,1.0,1.0,1.0,0.0
919,a5f411a2c379503d,True,1.0,0.0,0.0,1.0,1.0,0.0,0.0
920,c28c7b29e80059d2,True,1.0,0.0,0.0,1.0,1.0,1.0,0.0
921,0749cf83cbbd5284,True,1.0,1.0,0.9055717274272582,1.0,1.0,1.0,0.9606548864280242
922,4bb645483bf4594a,True,1.0,1.0,1.0,1.0,1.0,1.0,1.0
923,702351f9d23159ad,True,1.0,1.0,0.8799935111052151,1.0,1.0,1.0,0.9499972962938396
924,963b4781dbe558de,True,1.0,1.0,1.0,1.0,1.0,1.0,1.0
925,32c74fb957e45651,True,1.0,0.0,0.0,1.0,1.0,1.0,0.0
926,1df82f9400b35ebb,True,1.0,1.0,1.0,1.0,1.0,1.0,1.0
927,cd41ee390afb5da7,True,1.0,1.0,0.3263468596330662,1.0,1.0,1.0,0.7193111915137775
928,1baf6c7677a95a6a,True,1.0,1.0,0.5250487473641394,1.0,1.0,1.0,0.802103644735058
929,f44600c092b959f4,True,1.0,0.0,0.0,1.0,1.0,1.0,0.0
930,868e873c94b75b38,True,1.0,1.0,0.6831822900940216,1.0,1.0,1.0,0.8679926208725091
931,68ba851239655c3a,True,1.0,1.0,0.5301022176048341,1.0,1.0,1.0,0.8042092573353475
932,3276f87a152651f0,True,1.0,1.0,0.8150180065204768,1.0,1.0,1.0,0.9229241693835321
933,a19dd8ff9c4e5fc7,True,1.0,1.0,0.9064263935171463,1.0,1.0,1.0,0.9610109972988109
934,3704fc999582536e,True,1.0,0.0,0.0,1.0,1.0,0.0,0.0
935,128ea9f2561d53d1,True,1.0,1.0,1.0,1.0,1.0,1.0,1.0
936,6a8571daa3445923,True,1.0,1.0,1.0,1.0,1.0,1.0,1.0
937,e747d6fdc59252f3,True,1.0,1.0,0.8614574453789953,1.0,1.0,1.0,0.9422739355745814
938,b387a02b67e45a4b,True,1.0,1.0,0.9052389949583615,1.0,1.0,1.0,0.9605162478993172
939,96d7b6bf87f45e33,True,1.0,1.0,0.9356297246864804,1.0,1.0,1.0,0.9731790519527003
940,c6b7a8d63fc95d3a,True,1.0,1.0,0.7655863676879918,1.0,1.0,1.0,0.9023276532033299
941,ac4c20c8dd0a5e68,True,1.0,1.0,1.0,1.0,1.0,1.0,1.0
942,03c0cf33d2105598,True,1.0,1.0,1.0,1.0,1.0,1.0,1.0
943,94a5491ee69d5e27,True,1.0,1.0,0.7432813865424018,1.0,1.0,1.0,0.893033911059334
944,0bd3bce35ed159be,True,1.0,1.0,0.7066361901230254,1.0,1.0,1.0,0.8777650792179271
945,ff91d9e01e4259b1,True,1.0,1.0,0.7991145409068351,1.0,1.0,1.0,0.916297725377848
946,9064ebbda4425d30,True,1.0,1.0,1.0,1.0,1.0,1.0,1.0
947,3f188244418552d9,True,1.0,1.0,0.4945922243331924,1.0,1.0,1.0,0.7894134268054969
948,ac7bd595b9a3544c,True,1.0,1.0,1.0,1.0,1.0,1.0,1.0
949,837ce609a8ec58e9,True,1.0,1.0,0.9074110452852941,1.0,1.0,1.0,0.9614212688688726
950,ab2b84d310be5bed,True,1.0,1.0,0.7204636673721083,1.0,1.0,1.0,0.8835265280717118
951,177b58cd935356f2,True,0.0,1.0,0.0,0.0,1.0,1.0,0.0
952,4f61422adb195d3c,True,1.0,1.0,0.782432983806792,1.0,1.0,1.0,0.9093470765861634
953,27b8eae78cf05c1e,True,1.0,1.0,0.3305540313204004,1.0,1.0,1.0,0.7210641797168336
954,0a649534cf715ba2,True,1.0,0.0,0.0,1.0,1.0,1.0,0.0
955,e3bfee2b093e5e35,True,1.0,1.0,1.0,1.0,1.0,1.0,1.0
956,aa2b8af510775368,True,1.0,1.0,0.7621664654104385,1.0,1.0,1.0,0.9009026939210161
957,afe2240435575a92,True,1.0,1.0,0.8563736300849445,1.0,1.0,1.0,0.9401556792020602
958,ba84537a483f508a,True,1.0,1.0,0.6880307272655952,1.0,1.0,1.0,0.8700128030273313
959,4cf1c34e608158a6,True,1.0,1.0,1.0,1.0,1.0,1.0,1.0
960,6bf0e7ba6477572b,True,1.0,1.0,0.9573388959344252,1.0,1.0,1.0,0.9822245399726771
961,c30bc48417bf5354,True,1.0,1.0,0.5871642492447505,1.0,1.0,1.0,0.8279851038519794
962,89ec780cbf965fba,True,1.0,1.0,0.93283876986758,1.0,1.0,1.0,0.9720161541114916
963,3458fad66b245ac3,True,1.0,1.0,0.786157263167958,1.0,1.0,1.0,0.9108988596533157
964,d961ad586b625f55,True,1.0,1.0,1.0,1.0,1.0,1.0,1.0
965,b7505d7478385be9,True,1.0,1.0,1.0,1.0,1.0,1.0,1.0
966,631115d8e54d58fc,True,1.0,1.0,0.8640928681388604,1.0,1.0,1.0,0.9433720283911918
967,e3e49101a8b45645,True,1.0,1.0,0.7755409769712686,1.0,1.0,1.0,0.9064754070713619
968,2bae2509df025832,True,1.0,1.0,0.8059932715553428,1.0,1.0,1.0,0.9191638631480595
969,8a2df3fb1632552a,True,1.0,1.0,1.0,1.0,1.0,1.0,1.0
970,9da553c408fb54ea,True,1.0,0.0,0.0,1.0,1.0,1.0,0.0
971,c672b42254b3556d,True,1.0,1.0,0.8216233269362957,1.0,1.0,1.0,0.9256763862234566
972,9c1e4098a32a5432,True,1.0,1.0,0.8253218278107177,1.0,1.0,1.0,0.9272174282544657
973,58f3f43098985e77,True,1.0,1.0,0.899851419477133,1.0,1.0,1.0,0.9582714247821388
974,c4808a6f1f7f5470,True,1.0,1.0,0.8611779189056741,1.0,1.0,1.0,0.9421574662106975
975,0b99739b06c455bf,True,1.0,1.0,0.8500193625491053,1.0,1.0,1.0,0.9375080677287938
976,cdc6e3f7dcb25376,True,1.0,1.0,1.0,1.0,1.0,1.0,1.0
977,1c6e6f287c2354f1,True,1.0,1.0,0.6330642118362292,1.0,1.0,1.0,0.8471100882650955
978,239d0568fc2250df,True,1.0,1.0,0.9128955330537265,1.0,1.0,1.0,0.9637064721057195
979,e0d14f6cb7df526e,True,1.0,1.0,1.0,1.0,1.0,1.0,1.0
980,9a50c3fce9d75d95,True,1.0,1.0,1.0,1.0,1.0,0.5,1.0
981,a566f9d36b5d5921,True,1.0,1.0,0.7750596106537834,1.0,1.0,1.0,0.9062748377724098
982,840de743ab1c50cc,True,0.0,1.0,0.0,0.0,1.0,1.0,0.0
983,6419172479825092,True,1.0,1.0,0.9604442479822374,1.0,1.0,1.0,0.9835184366592656
984,ea141bd5c40259de,True,1.0,1.0,1.0,1.0,1.0,1.0,1.0
985,e0cd66542e715685,True,1.0,1.0,0.6741632496784213,1.0,1.0,1.0,0.8642346873660088
986,cd5c67041095597b,True,1.0,1.0,1.0,1.0,1.0,1.0,1.0
987,34b8a3355a255f29,True,1.0,0.0,0.0,1.0,1.0,0.0,0.0
988,132cc1207858500c,True,1.0,1.0,0.5995625301479386,1.0,1.0,1.0,0.8331510542283077
989,00b2afbb751b59c6,True,1.0,1.0,1.0,1.0,1.0,1.0,1.0
990,8a5809217c605979,True,1.0,1.0,1.0,1.0,1.0,1.0,1.0
991,9bbaed3bac735053,True,1.0,0.0,0.0,1.0,1.0,1.0,0.0
992,ccce59bb3b3a5c29,True,1.0,1.0,1.0,1.0,1.0,1.0,1.0
993,a4a08c828e87562c,True,1.0,1.0,0.8081927353857017,1.0,1.0,1.0,0.9200803064107091
994,736e79c663bf5310,True,1.0,1.0,0.7603969191810386,1.0,1.0,1.0,0.9001653829920994
995,ffb972d89b065422,True,1.0,1.0,1.0,1.0,1.0,1.0,1.0
996,c2f911300954542a,True,0.5,0.0,0.0,0.0,1.0,1.0,0.0
997,8e785a7a6df95636,True,1.0,1.0,0.7501238838489332,1.0,1.0,1.0,0.8958849516037222
998,efe1222923b65833,True,1.0,1.0,1.0,1.0,1.0,1.0,1.0
999,aea14d7408d255bb,True,1.0,1.0,0.8454034347635552,1.0,1.0,1.0,0.9355847644848146
1000,d1b4625f7363548e,True,1.0,1.0,0.9207043189559608,1.0,1.0,1.0,0.966960132898317
1001,ad6af1cce80c5983,True,1.0,1.0,1.0,1.0,1.0,1.0,1.0
1002,17cac31ef9135faf,True,1.0,1.0,0.9435326497017719,1.0,1.0,1.0,0.9764719373757383
1003,cdba9f9589685289,True,1.0,1.0,0.943540462696735,1.0,1.0,1.0,0.9764751927903061
1004,7be1e4f2c85e50a8,True,1.0,1.0,0.7911147403548472,1.0,1.0,0.5,0.9129644751478531
1005,3b5422b60c4f5c4b,True,1.0,1.0,1.0,1.0,1.0,1.0,1.0
1006,a65896c3c7be51ca,True,1.0,0.0,0.0,1.0,1.0,1.0,0.0
1007,33423262feb656a3,True,1.0,0.0,0.0,1.0,1.0,1.0,0.0
1008,5659c2c128ec5db7,True,1.0,1.0,0.9767496825727396,1.0,1.0,1.0,0.9903123677386416
1009,cb0505ba89415347,True,1.0,1.0,1.0,1.0,1.0,1.0,1.0
1010,a584a676d2b859c7,True,1.0,0.0,0.0,0.0,1.0,1.0,0.0
1011,e1b3e5e086a05ff9,True,0.0,1.0,0.0,0.0,1.0,0.0,0.0
1012,fc0fc7649a335d27,True,1.0,1.0,1.0,1.0,1.0,1.0,1.0
1013,7251f2907bd952cb,True,1.0,1.0,0.9254177942485138,1.0,1.0,1.0,0.9689240809368806
1014,d6641a8596f25d47,True,1.0,1.0,1.0,1.0,1.0,1.0,1.0
1015,7c8cb841bdfd5c56,True,1.0,1.0,0.9885112170750304,1.0,1.0,1.0,0.995213007114596
1016,ca5969a1b0775849,True,1.0,1.0,1.0,1.0,1.0,1.0,1.0
1017,8e35889ee2cb559d,True,1.0,1.0,1.0,0.0,1.0,1.0,0.5833333333333334
1018,9c2063a3e137542a,True,1.0,1.0,0.7276779409646749,1.0,1.0,1.0,0.8865324754019479
1019,2bd04a0902095129,True,1.0,1.0,1.0,1.0,1.0,1.0,1.0
1020,c1019bca7cd95123,True,0.5,1.0,0.7287649210084398,0.0,1.0,1.0,0.23515935854342496
1021,e69be869445455c7,True,1.0,1.0,0.9844472212327611,1.0,1.0,1.0,0.9935196755136504
1022,dd671af93db454aa,True,1.0,1.0,1.0,1.0,1.0,1.0,1.0
1023,e1c80a4e90a1501d,True,1.0,1.0,0.8544152153274851,1.0,1.0,1.0,0.9393396730531188
1024,34ab6d35dfef5366,True,1.0,1.0,0.8850584290119552,1.0,1.0,1.0,0.9521076787549814
1025,025aab0da0e652b7,True,1.0,1.0,0.49573234731574084,1.0,1.0,1.0,0.7898884780482254
1026,2428ecd565d05b50,True,1.0,1.0,0.5817720213242983,1.0,1.0,1.0,0.8257383422184575
1027,cdc9eb7c7ddb5b08,True,1.0,1.0,0.5121823574519723,1.0,1.0,1.0,0.7967426489383218
1028,6afbce15383553d7,True,1.0,1.0,0.6132119040032831,1.0,1.0,1.0,0.8388382933347013
1029,97ade9e6fa5e5646,True,1.0,0.0,0.0,0.0,1.0,0.5,0.0
1030,61c31afab34d5e94,True,1.0,0.0,0.0,1.0,1.0,1.0,0.0
1031,a4717050e0c05d1e,True,1.0,1.0,0.571780977877039,1.0,1.0,1.0,0.8215754074487661
1032,4211afd0df14524c,True,1.0,1.0,1.0,1.0,1.0,1.0,1.0
1033,bc8d49758c6b5612,True,1.0,0.0,0.0,1.0,1.0,1.0,0.0
1034,2835dec909575f74,True,1.0,1.0,0.8653009252568885,1.0,1.0,1.0,0.9438753855237035
1035,bddb70b4743352ce,True,1.0,0.0,0.0,1.0,1.0,1.0,0.0
1036,6efb5186a9e55a68,True,1.0,1.0,1.0,1.0,1.0,1.0,1.0
1037,5ae3a0ab54a950d7,True,1.0,1.0,1.0,1.0,1.0,1.0,1.0
1038,eea2ca9965e35b7a,True,1.0,1.0,0.5090855580614282,1.0,1.0,1.0,0.7954523158589284
1039,94b9b31c975a5796,True,1.0,0.0,0.0,1.0,1.0,0.0,0.0
1040,b111bb8716b756d2,True,1.0,1.0,1.0,1.0,1.0,1.0,1.0
1041,3bd2edbc70605e87,True,1.0,0.0,0.0,1.0,1.0,0.5,0.0
1042,c5099436d08c5e1f,True,1.0,1.0,1.0,0.0,1.0,1.0,0.5833333333333334
1043,18b121dcc082591e,True,1.0,1.0,1.0,1.0,1.0,1.0,1.0
1044,fc0d202904585a6a,True,1.0,1.0,0.7407634856584051,1.0,1.0,1.0,0.8919847856910023
1045,86aae04a66c45970,True,1.0,1.0,0.6839536077746622,1.0,1.0,1.0,0.8683140032394426
1046,75b3192cd5825661,True,1.0,1.0,0.9479638490656257,1.0,1.0,1.0,0.9783182704440107
1047,c8fa1980b26e5f46,True,1.0,1.0,0.7988317867376249,1.0,1.0,1.0,0.9161799111406771
1048,bae8f15e2e5b5328,True,1.0,1.0,0.9602834389208204,1.0,1.0,1.0,0.9834514328836752
1049,77daa055e4ed5ae2,True,1.0,1.0,0.8237772932821245,1.0,1.0,1.0,0.9265738722008852
1050,625a015c1f7c5170,True,1.0,1.0,1.0,1.0,1.0,0.0,1.0
1051,1c5aaf9e884b5ce9,True,1.0,0.0,0.0,1.0,1.0,1.0,0.0
1052,200c447283ed50eb,True,1.0,1.0,1.0,1.0,1.0,1.0,1.0
1053,0192c3bca9ca5c67,True,1.0,1.0,1.0,1.0,1.0,1.0,1.0
1054,948e6a45c7cd5837,True,1.0,1.0,0.6364449274229896,1.0,1.0,1.0,0.848518719759579
1055,77f11643ced5562a,True,1.0,1.0,0.9270434113071829,1.0,1.0,1.0,0.9696014213779929
1056,dbadf83c8bc85324,True,1.0,0.0,0.0,1.0,1.0,0.5,0.0
1057,f3931b33198d5570,True,1.0,1.0,1.0,1.0,1.0,1.0,1.0
1058,513ac26c90be51d0,True,1.0,1.0,0.8746389476210553,1.0,1.0,1.0,0.9477662281754397
1059,cb2db72bfca85119,True,1.0,1.0,0.6583191429307613,1.0,1.0,1.0,0.8576329762211504
1060,c35a248a5941531d,True,1.0,1.0,1.0,1.0,1.0,1.0,1.0
1061,41598eaa4cef5f77,True,1.0,1.0,1.0,1.0,1.0,1.0,1.0
1062,cf2e8812889754b1,True,1.0,1.0,1.0,1.0,1.0,1.0,1.0
1063,6c1a4bb1d99b52a3,True,1.0,1.0,0.8085263620281782,1.0,1.0,1.0,0.9202193175117409
1064,b8de09ba44a054df,True,1.0,1.0,0.9365177330169963,1.0,1.0,1.0,0.9735490554237485
1065,93a4b61a25b0509f,True,1.0,1.0,1.0,1.0,1.0,1.0,1.0
1066,67286bba873e56f1,True,1.0,1.0,1.0,1.0,1.0,1.0,1.0
1067,e5d2a01ab5b0562a,True,1.0,1.0,0.8454688294245374,1.0,1.0,0.5,0.9356120122602238
1068,3b225aa246f35197,True,1.0,0.0,0.0,1.0,1.0,1.0,0.0
1069,f68aaf95d7825182,True,1.0,1.0,0.5634202627703224,1.0,1.0,1.0,0.8180917761543011
1070,db94e239ea1a5468,True,1.0,1.0,0.7240416135250013,1.0,1.0,1.0,0.8850173389687505
1071,ac328bbd087d5cf2,True,1.0,1.0,0.7738198954579761,1.0,1.0,1.0,0.9057582897741567
1072,781386f5659b5cdf,True,1.0,1.0,0.8491566179780279,1.0,1.0,1.0,0.9371485908241782
1073,c64ddb8e7b675aa3,True,1.0,1.0,0.6134187718945544,1.0,1.0,1.0,0.8389244882893977
1074,c227b95266d75371,True,1.0,1.0,0.6991579744883489,1.0,1.0,1.0,0.874649156036812
1075,a332b717471c5704,True,1.0,1.0,0.8263549024304897,1.0,1.0,1.0,0.927647876012704
1076,af0e1a3043ba51c6,True,1.0,1.0,0.7432351092290768,1.0,1.0,0.5,0.8930146288454486
1077,3a0e2f53c9585e94,True,1.0,1.0,0.9308752680926691,1.0,1.0,0.5,0.9711980283719455
1078,3043c8dc13aa548b,True,1.0,1.0,1.0,1.0,1.0,1.0,1.0
1079,d4e058ec6a795ef1,True,1.0,0.0,0.0,1.0,1.0,1.0,0.0
1080,c3ef435d900256c1,True,1.0,1.0,0.8184401508214673,1.0,1.0,1.0,0.924350062842278
1081,68643a176fcb5c7c,True,1.0,1.0,0.057040862609903466,1.0,1.0,1.0,0.6071003594207931
1082,1584747ded7f5564,True,1.0,1.0,0.6928436390319981,1.0,1.0,1.0,0.8720181829299992
1083,382c08ff59d5504b,True,1.0,1.0,1.0,1.0,1.0,1.0,1.0
1084,e0e228212a655d7f,True,1.0,1.0,0.7972273130427522,1.0,1.0,1.0,0.91551138043448
1085,9cab6ab13a3059de,True,1.0,1.0,0.7267894524385561,1.0,1.0,1.0,0.8861622718493983
1086,6770ba617cae540e,True,1.0,1.0,0.7453460524131249,1.0,1.0,1.0,0.8938941885054686
1087,36ea923bc32b5181,True,1.0,1.0,1.0,1.0,1.0,1.0,1.0
1088,8ab73218fe4a539e,True,1.0,1.0,0.531310680252569,1.0,1.0,1.0,0.8047127834385703
1089,f938c73be4165c7f,True,1.0,1.0,0.7635509675339699,1.0,1.0,1.0,0.9014795698058208
1090,57fc7e48f73a5218,True,1.0,1.0,0.6459581478364725,1.0,1.0,1.0,0.8524825615985302
1091,9d4e8eb54f555166,True,1.0,1.0,0.7496374384639566,1.0,1.0,1.0,0.8956822660266486
1092,604bdac2bba05309,True,1.0,1.0,1.0,1.0,1.0,1.0,1.0
1093,c574d461642f5deb,True,1.0,1.0,1.0,1.0,1.0,1.0,1.0
1094,3d00fb1cdc87515e,True,1.0,0.0,0.0,1.0,1.0,0.5,0.0
1095,cacf768cc27e5574,True,1.0,1.0,0.5502357379568167,1.0,1.0,1.0,0.8125982241486737
1096,47fdf7c04b155eac,True,1.0,1.0,0.7365180309641708,0.0,1.0,0.0,0.47354917956840453
1097,2cc43d98cfa55ab6,True,1.0,1.0,1.0,1.0,1.0,1.0,1.0
1098,656d501570ce5e54,True,1.0,1.0,0.7165285385854345,1.0,1.0,1.0,0.8818868910772645
1099,18dd0b3ef6b75b70,True,1.0,1.0,0.8816093640741165,1.0,1.0,1.0,0.9506705683642153
1100,80c159e90ae755f3,True,1.0,1.0,0.9132454457767575,1.0,1.0,1.0,0.9638522690736488
1101,c73dd42b15465858,True,1.0,1.0,0.6874522837468537,1.0,1.0,1.0,0.8697717848945224
1102,aa5f2769e03f5a8b,True,1.0,0.0,0.0,0.0,1.0,0.0,0.0
1103,330af4c06f715d2d,True,1.0,1.0,0.8896922403249291,1.0,1.0,1.0,0.9540384334687205
1104,9c8bbeb504c05892,True,1.0,0.0,0.0,1.0,1.0,1.0,0.0
1105,e5ab81a4896751e3,True,1.0,1.0,0.9363965091353411,1.0,1.0,1.0,0.9734985454730588
1106,03059436fa185bf8,True,1.0,1.0,0.8543301000717871,1.0,1.0,1.0,0.9393042083632447
1107,c93008394b945625,True,1.0,1.0,0.7034458266772327,1.0,1.0,1.0,0.8764357611155136
1108,451b114eef365ee0,True,1.0,1.0,0.7289978654286289,1.0,1.0,1.0,0.8870824439285953
1109,120ef06f3e0b5990,True,1.0,1.0,1.0,1.0,1.0,1.0,1.0
1110,e15cc5e1d2f85a26,True,1.0,1.0,0.9682239639054382,1.0,1.0,1.0,0.9867599849605991
1111,25e5bbbced86504c,True,1.0,1.0,0.6935249970075005,1.0,1.0,1.0,0.8723020820864585
1112,6b0d21782a3b5a22,True,1.0,1.0,0.6106636145373413,1.0,1.0,1.0,0.8377765060572256
1113,20f93aa93fe05157,True,1.0,1.0,0.8379714443496865,1.0,1.0,1.0,0.9324881018123694
1114,ec78d882433a50ca,True,1.0,1.0,0.732671905283243,1.0,1.0,1.0,0.8886132938680179
1115,bdfdf52ac60755a9,True,1.0,1.0,1.0,1.0,0.0,1.0,0.8333333333333334
1116,fd6c8bf8f80f5f53,True,1.0,1.0,0.6209010926577695,1.0,1.0,1.0,0.8420421219407372
1117,25d56d0a299a50fb,True,1.0,0.0,0.0,1.0,1.0,0.0,0.0
1118,ba86b1fc40075e26,True,1.0,0.0,0.0,1.0,1.0,1.0,0.0
1119,876278ea40b25284,True,1.0,1.0,1.0,1.0,1.0,1.0,1.0
1120,2fd7f2b6eaae5d04,True,1.0,1.0,0.9981083241011434,1.0,1.0,1.0,0.9992118017088097
1121,cce0795c7ff05129,True,1.0,1.0,0.8727531729573582,1.0,1.0,1.0,0.9469804887322327
1122,e57f09cee57d5ee1,True,1.0,1.0,0.8270379518378624,1.0,1.0,1.0,0.9279324799324428
1123,62053f814af95fce,True,1.0,1.0,0.9074541345177652,1.0,1.0,1.0,0.9614392227157355
1124,2ca1cea5e7bf5219,True,1.0,1.0,0.8066679579046123,1.0,1.0,1.0,0.9194449824602552
1125,d8320bd0be9a50b3,True,1.0,1.0,0.8880389432493203,1.0,1.0,1.0,0.9533495596872168
1126,a92ed51516c358dc,True,1.0,1.0,1.0,1.0,1.0,1.0,1.0
1127,6225b347244658c1,True,1.0,1.0,0.6458626561025846,1.0,1.0,1.0,0.8524427733760769
1128,750d0f9df6ef55a2,True,1.0,1.0,1.0,1.0,1.0,1.0,1.0
1129,e6e189b1aaa85d41,True,1.0,1.0,0.7426860331357847,1.0,1.0,1.0,0.8927858471399103
1130,426cc213a80352f9,True,1.0,1.0,0.8591717340693952,1.0,1.0,1.0,0.9413215558622481
1131,ac6472ee06855dd3,True,1.0,1.0,0.13240603464078773,1.0,1.0,1.0,0.6385025144336616
1132,e9a71ddab0055f99,True,1.0,1.0,0.5550230120033023,1.0,1.0,1.0,0.8145929216680425
1133,3c0e4d6b508d5e10,True,1.0,1.0,0.7895795683958783,1.0,1.0,1.0,0.9123248201649492
1134,c1553b5b161e5db1,True,1.0,1.0,0.7646909438769915,1.0,1.0,1.0,0.9019545599487465
1135,02328c7410405c5a,True,1.0,1.0,0.7989766315808812,1.0,1.0,1.0,0.9162402631587004
1136,b50b164056715968,True,1.0,1.0,0.6260321682325884,1.0,1.0,1.0,0.8441800700969119
1137,6a85f61bdde35d74,True,1.0,1.0,0.8479007108881927,1.0,1.0,1.0,0.9366252962034136
1138,55c604d608af594f,True,1.0,1.0,1.0,1.0,1.0,1.0,1.0
1139,a1065191d3525bb1,True,1.0,1.0,0.7767638326474181,1.0,1.0,1.0,0.9069849302697576
1140,4d4ed59397825822,True,1.0,1.0,1.0,1.0,1.0,1.0,1.0
1141,dc39ce9c251551bb,True,1.0,1.0,1.0,1.0,1.0,1.0,1.0
1142,50676507e4e2554f,True,1.0,1.0,0.540618209097423,1.0,1.0,0.0,0.8085909204572596
1143,ba72861df9725061,True,1.0,1.0,1.0,1.0,1.0,1.0,1.0
1144,5350e5a376c259f6,True,1.0,1.0,1.0,1.0,1.0,1.0,1.0
1145,9e4128df16395eb4,True,1.0,1.0,1.0,1.0,1.0,1.0,1.0
1146,d1dcd412f339598a,True,1.0,1.0,0.8333248319429198,1.0,1.0,1.0,0.93055201330955
1147,0ca7781c66ea5fc9,True,1.0,1.0,0.7684783715638371,1.0,1.0,1.0,0.9035326548182655
1148,33c7945f43795064,True,1.0,1.0,0.9803311880317171,1.0,1.0,1.0,0.9918046616798821
1149,1c45a4d22fcc5b2e,True,1.0,1.0,0.8094184050459182,1.0,1.0,1.0,0.920591002102466
1150,c520f76d99f359f2,True,1.0,0.0,0.0,0.0,1.0,0.5,0.0
1151,75aa8f2b9b6250e4,True,1.0,1.0,0.9246302389126555,1.0,1.0,1.0,0.9685959328802731
1152,f518d10b147c5398,True,1.0,1.0,0.7770292502762954,1.0,1.0,1.0,0.9070955209484565
1153,50cc657e2283511b,True,1.0,1.0,0.893530023457623,1.0,1.0,1.0,0.9556375097740096
1154,33aa90792d5855a7,True,1.0,1.0,1.0,1.0,1.0,1.0,1.0
1155,96bf2644106456f6,True,1.0,1.0,0.8575870439052095,1.0,1.0,1.0,0.9406612682938373
1156,263f5537c4f85b38,True,1.0,1.0,0.7632181997348441,1.0,1.0,1.0,0.901340916556185
1157,616812339ccb533e,True,1.0,1.0,1.0,1.0,1.0,1.0,1.0
1158,cb91b17626f85892,True,1.0,1.0,1.0,1.0,1.0,1.0,1.0
1159,e814805effdb5b56,True,1.0,1.0,0.5111074379966112,0.0,1.0,0.0,0.3796280991652547
1160,ea8e1b52032857e1,True,1.0,1.0,1.0,1.0,1.0,1.0,1.0
1161,ceedeccf36c35c11,True,1.0,1.0,0.9355926473760987,1.0,1.0,1.0,0.9731636030733745
1162,39f81c49a1ba5f41,True,0.0,1.0,0.0,1.0,1.0,1.0,0.0
1163,6b8774b008675f8d,True,1.0,1.0,0.8251780803836984,0.0,1.0,1.0,0.510490866826541
1164,fb2402a506065225,True,1.0,1.0,0.10868248422638323,1.0,1.0,1.0,0.628617701760993
1165,7e8b3ed18d295d9c,True,1.0,1.0,1.0,1.0,1.0,1.0,1.0
1166,9195f25b12bd56d9,True,1.0,1.0,0.8600674629573775,1.0,1.0,1.0,0.9416947762322406
1167,20472dd2ff805948,True,1.0,1.0,1.0,1.0,1.0,1.0,1.0
1168,d58c4ad27c525465,True,1.0,1.0,0.9067235814627723,1.0,1.0,1.0,0.9611348256094884
1169,e13b89a8813159df,True,1.0,1.0,0.6683833937679792,1.0,1.0,1.0,0.8618264140699914
1170,6f7c844cb6c0587a,True,1.0,1.0,0.8362797474901842,1.0,1.0,1.0,0.9317832281209101
1171,120ae6f1d60a5613,True,1.0,1.0,0.8302119463804178,1.0,1.0,1.0,0.9292549776585074
1172,e22c4b8440c759b7,True,1.0,1.0,1.0,1.0,1.0,1.0,1.0
1173,0bcae698fd905226,True,1.0,1.0,1.0,1.0,1.0,1.0,1.0
1174,3d84e6189fdd51bb,True,1.0,1.0,1.0,1.0,1.0,1.0,1.0
1175,757c23c6819c589c,True,1.0,1.0,0.7939828324489616,1.0,1.0,1.0,0.9141595135204007
1176,f5a6d648a71e5d47,True,1.0,1.0,0.8053068905911649,1.0,1.0,1.0,0.9188778710796521
1177,4e8e687d6fd55093,True,1.0,1.0,0.7839979581081032,1.0,1.0,1.0,0.9099991492117097
1178,f5edba52c4545fe3,True,1.0,0.0,0.0,1.0,1.0,1.0,0.0
1179,388e7bfc1d1957b4,True,1.0,0.0,0.0,1.0,1.0,1.0,0.0
1180,22dde440a0c35d31,True,1.0,0.0,0.0,1.0,1.0,0.0,0.0
1181,0590bd1f5b2057f2,True,1.0,1.0,1.0,1.0,1.0,1.0,1.0
1182,db740574ddc053f0,True,1.0,1.0,1.0,1.0,1.0,1.0,1.0
1183,a5977f7fb4fd5386,True,1.0,1.0,1.0,1.0,1.0,1.0,1.0
1184,da0d775d13c956be,True,1.0,1.0,0.6242704871846801,1.0,1.0,1.0,0.84344603632695
1185,fbe55fdc31135ad5,True,1.0,1.0,1.0,0.0,1.0,1.0,0.5833333333333334
1186,28871fc023c85fe6,True,1.0,1.0,0.709722020532629,1.0,1.0,1.0,0.8790508418885955
1187,b27212debb885706,True,1.0,1.0,0.9981779230983531,1.0,1.0,1.0,0.9992408012909805
1188,b2ec50201ac25ada,True,1.0,1.0,1.0,1.0,1.0,1.0,1.0
1189,af2f022a0d685312,True,1.0,1.0,0.7350304452555022,1.0,1.0,1.0,0.8895960188564592
1190,96704b3a6c235f12,True,1.0,1.0,0.9121365479779303,1.0,1.0,1.0,0.9633902283241377
1191,40f6df731aed5f6f,True,1.0,1.0,0.8381017789762987,1.0,1.0,1.0,0.9325424079067911
1192,e1886e081b945907,True,1.0,1.0,0.6757530176559362,1.0,1.0,1.0,0.8648970906899734
1193,e44b06b920d35486,True,1.0,1.0,0.9272232006102944,1.0,1.0,1.0,0.9696763335876227
1194,04fafb805d465314,True,1.0,1.0,0.876621027950671,1.0,1.0,1.0,0.9485920949794462
1195,2c120899a8d05979,True,1.0,1.0,0.9089965883247063,1.0,1.0,1.0,0.9620819118019609
1196,d1dd156bb9b1599d,True,1.0,1.0,0.7831566316378892,1.0,1.0,1.0,0.9096485965157871
1197,483042d5dc175e99,True,1.0,1.0,0.8815894185729,1.0,1.0,1.0,0.9506622577387084
1198,9b4a82c95856552f,True,1.0,1.0,0.381172706511479,1.0,1.0,1.0,0.7421552943797828
1199,df140a20f6b55c9b,True,1.0,1.0,0.8693522495295692,1.0,1.0,1.0,0.9455634373039872
1200,5785ba7017515a65,True,1.0,1.0,1.0,1.0,1.0,1.0,1.0
1201,8e7cc5d34d415b43,True,1.0,1.0,0.7041078900648888,1.0,1.0,1.0,0.8767116208603704
1202,2218fd73bd8d54da,True,1.0,1.0,1.0,1.0,1.0,1.0,1.0
1203,891fe2fc30c95109,True,1.0,1.0,1.0,1.0,1.0,1.0,1.0
1204,8a9ecc24c4f25c3c,True,1.0,1.0,1.0,1.0,1.0,1.0,1.0
1205,bdda68728bf157dd,True,1.0,0.0,0.0,0.0,1.0,0.0,0.0
1206,378f82a326bd5875,True,1.0,1.0,0.7107205848685255,1.0,1.0,1.0,0.8794669103618856
1207,bca2f135ebf4542c,True,1.0,1.0,0.7900684917721769,1.0,1.0,1.0,0.9125285382384071
1208,68505dcbf4fb5f32,True,1.0,1.0,0.8467169278893287,1.0,1.0,1.0,0.9361320532872203
1209,b4f05c1e42ea5aec,True,1.0,1.0,0.8301493939282999,1.0,1.0,1.0,0.9292289141367917
1210,854521fe3b945040,True,1.0,1.0,1.0,1.0,1.0,1.0,1.0
1211,c2fdffb4c2915577,True,1.0,1.0,0.6775422497565861,1.0,1.0,1.0,0.8656426040652442
1212,55a241ed2c5a553b,True,1.0,1.0,0.932406683192086,1.0,1.0,1.0,0.9718361179967024
1213,4e52fd2c46fa5a3f,True,1.0,1.0,1.0,1.0,1.0,1.0,1.0
1214,8b9afa7045785acc,True,1.0,1.0,1.0,1.0,1.0,1.0,1.0
1215,7dc47eb4f41e523d,True,1.0,1.0,1.0,1.0,1.0,1.0,1.0
1216,77fa15ffcefb580e,True,1.0,1.0,0.5125194929376552,1.0,1.0,1.0,0.7968831220573563
1217,da4d89151b245e0c,True,1.0,1.0,0.6729367234536041,0.0,1.0,1.0,0.4470569681056684
1218,602e1bc4f8575d4e,True,1.0,0.0,0.0,1.0,1.0,1.0,0.0
1219,0d49407b94b259e8,True,1.0,1.0,1.0,1.0,1.0,1.0,1.0
1220,754bdad5455f53ad,True,1.0,1.0,0.5851377995242797,1.0,1.0,1.0,0.8271407498017832
1221,b113e988ede45a4f,True,1.0,0.0,0.0,1.0,1.0,1.0,0.0
1222,66fff80a93805b34,True,1.0,1.0,1.0,1.0,1.0,1.0,1.0
1223,48f72313812d5f53,True,1.0,1.0,1.0,1.0,1.0,1.0,1.0
1224,a9fb1181686753ec,True,1.0,1.0,0.9169730868593138,1.0,1.0,1.0,0.9654054528580475
1225,69938a4507ba5419,True,1.0,1.0,0.8944375161460463,1.0,1.0,1.0,0.9560156317275194
1226,eeba0804c2645281,True,1.0,1.0,1.0,1.0,1.0,1.0,1.0
1227,0a672fa6dbb95d68,True,1.0,1.0,0.776958370378558,1.0,1.0,1.0,0.9070659876577324
1228,13cfa80cabf85b80,True,1.0,1.0,1.0,1.0,1.0,1.0,1.0
1229,85dd82b1048e5509,True,1.0,1.0,0.7329420545827976,1.0,1.0,1.0,0.8887258560761656
1230,050667565815536a,True,1.0,1.0,0.8715796256241112,1.0,1.0,1.0,0.946491510676713
1231,92729339932751f6,True,1.0,1.0,0.5602115900813583,1.0,1.0,1.0,0.816754829200566
1232,de51843c0c1a51d4,True,1.0,1.0,0.8421777603493653,1.0,1.0,1.0,0.9342407334789021
1233,4ee4ab24a93f5375,True,1.0,1.0,0.7672715847473096,1.0,1.0,1.0,0.9030298269780457
1234,8dc4430d96355057,True,1.0,1.0,1.0,1.0,1.0,1.0,1.0
1235,e1ea05ca230f5c42,True,1.0,1.0,0.8302407796598262,1.0,1.0,1.0,0.9292669915249275
1236,c39af88ae1be534a,True,1.0,1.0,1.0,0.0,1.0,1.0,0.5833333333333334
1237,082381ecf93c57d6,True,1.0,1.0,0.6857048781406663,1.0,1.0,1.0,0.8690436992252776
1238,2322850f71fa5c4d,True,1.0,1.0,0.5460191200299206,0.0,1.0,1.0,0.3941746333458003
1239,580a10ad9ad55a5d,True,1.0,0.0,0.0,1.0,1.0,1.0,0.0
1240,6f2baa8c8c8e5942,True,0.0,0.0,0.0,0.0,1.0,1.0,0.0
1241,983d04f21f6953f6,True,1.0,0.0,0.0,1.0,1.0,1.0,0.0
1242,ab052def6aec532e,True,1.0,1.0,0.7959754010652899,1.0,1.0,1.0,0.9149897504438708
1243,c12d0bb341fc59c0,True,1.0,1.0,0.9369504887581525,1.0,1.0,1.0,0.9737293703158968
1244,4b26762f1d5a509d,True,1.0,1.0,0.7879651768660866,1.0,1.0,1.0,0.911652157027536
1245,4d267b88562f52da,True,1.0,1.0,0.8427865167090289,1.0,1.0,1.0,0.9344943819620953
1246,8a7750196bc65a14,True,1.0,1.0,0.6934796676265657,1.0,1.0,1.0,0.8722831948444023
1247,5e9e8c31277d5edc,True,1.0,1.0,0.937078585491262,1.0,1.0,1.0,0.9737827439546924
1248,24179dca21ec5427,True,1.0,1.0,1.0,1.0,1.0,1.0,1.0
1249,10209c0e885f5162,True,1.0,1.0,0.7317564193425666,1.0,1.0,1.0,0.8882318413927361
1250,27967352b2a95cbe,True,1.0,1.0,1.0,1.0,1.0,1.0,1.0
1251,97eca45f93285d17,True,1.0,1.0,0.5485601132626479,1.0,1.0,1.0,0.8119000471927699
1252,c4ba306cfe4f59f6,True,1.0,1.0,1.0,1.0,1.0,1.0,1.0
1253,ba82b67601605dd3,True,1.0,1.0,0.8267979900110002,1.0,1.0,1.0,0.9278324958379166
1254,6ac3f5626d2b555b,True,1.0,1.0,1.0,1.0,1.0,1.0,1.0
1255,0fa9d28a2e58550c,True,1.0,1.0,0.8682716203140687,1.0,1.0,1.0,0.9451131751308619
1256,407b876e623a5c51,True,1.0,1.0,1.0,1.0,1.0,1.0,1.0
1257,589c06909f1c5c27,True,1.0,1.0,0.850813924110989,1.0,1.0,1.0,0.9378391350462453
1258,bf2c48523de254ea,True,1.0,1.0,0.916721469724434,1.0,1.0,1.0,0.9653006123851808
1259,6892e067e25257f8,True,1.0,1.0,0.7692808705641315,1.0,1.0,1.0,0.9038670294017215
1260,a4778444628f5c49,True,1.0,1.0,1.0,1.0,1.0,1.0,1.0
1261,91defa409f0254d5,True,1.0,1.0,0.6904691799802334,1.0,1.0,1.0,0.871028824991764
1262,0a44947ca9e85579,True,1.0,0.0,0.0,1.0,1.0,1.0,0.0
1263,5b3bc72c557a5a17,True,1.0,1.0,0.7623434674267747,1.0,1.0,1.0,0.9009764447611562
1264,1cb1b58a3129563c,True,1.0,1.0,0.8987345221587281,1.0,1.0,1.0,0.9578060508994701
1265,3716402a783c5689,True,1.0,1.0,1.0,1.0,1.0,1.0,1.0
1266,84204f2655e4500b,True,1.0,1.0,1.0,1.0,1.0,1.0,1.0
1267,ba8dead3eb765a14,True,1.0,1.0,0.9715665435407037,1.0,1.0,1.0,0.9881527264752932
1268,e59b32f05f5e54f0,True,1.0,1.0,0.6940045631660149,1.0,1.0,0.0,0.8725019013191728
1269,e82fe0d7d02054b8,True,1.0,1.0,0.7125984177663086,1.0,1.0,1.0,0.8802493407359618
1270,7d51dcbc514953ea,True,1.0,1.0,1.0,1.0,1.0,1.0,1.0
1271,189e9c0a20085a38,True,1.0,0.0,0.0,1.0,1.0,0.5,0.0
1272,0599b72c60335651,True,1.0,0.0,0.0,1.0,1.0,1.0,0.0
1273,68b83d28894e5bc1,True,0.0,1.0,0.0,0.0,1.0,1.0,0.0
1274,27209d511a785510,True,1.0,1.0,0.7954527211257377,1.0,1.0,1.0,0.9147719671357241
1275,16df188810315dc7,True,1.0,0.0,0.0,1.0,1.0,0.5,0.0
1276,cbf0e5deee8956a9,True,1.0,1.0,0.5837132246986807,1.0,1.0,1.0,0.8265471769577836
1277,f5b613e3fa03593d,True,1.0,1.0,1.0,1.0,1.0,1.0,1.0
1278,457acf87bc885550,True,1.0,1.0,0.6286402185150797,1.0,1.0,1.0,0.8452667577146166
1279,8d5ac1ce6fb75faf,True,1.0,1.0,0.8549415950797269,1.0,1.0,1.0,0.9395589979498862
1280,cdd00e6a0e4754e5,True,1.0,0.0,0.0,1.0,1.0,1.0,0.0
1281,134b10cfe7e753e6,True,1.0,1.0,0.6860073125698666,1.0,1.0,1.0,0.8691697135707778
1282,52a66f215e855378,True,1.0,1.0,0.8642615488815496,1.0,1.0,1.0,0.9434423120339789
1283,1c8ca8c10d1a5757,True,1.0,1.0,0.7762528043370447,0.0,1.0,0.5,0.49010533514043525
1284,c4fd814210875a8e,True,1.0,1.0,1.0,1.0,1.0,1.0,1.0
1285,6289749098c55328,True,1.0,1.0,0.7602108258785606,1.0,1.0,1.0,0.9000878441160669
1286,860be3b6be785f37,True,1.0,1.0,0.9095888035405867,1.0,1.0,1.0,0.9623286681419111
1287,179a2670a5965eeb,True,1.0,1.0,0.6277468771091268,0.0,1.0,0.0,0.42822786546213615
1288,1b9e4e6c5e91568d,True,1.0,1.0,0.8700106948661338,1.0,1.0,1.0,0.9458377895275557
1289,59928d37e9245bf3,True,1.0,1.0,1.0,1.0,1.0,1.0,1.0
1290,08e5f4c2c0965b15,True,1.0,0.0,0.0,1.0,1.0,1.0,0.0
1291,5c2c553d990d5a17,True,1.0,0.0,0.0,1.0,1.0,1.0,0.0
1292,92389245b55d579b,True,1.0,1.0,0.8626705382233437,1.0,1.0,1.0,0.9427793909263933
1293,25d82b3bc5bf5637,True,1.0,1.0,0.7490195008490237,1.0,1.0,1.0,0.8954247920204265
1294,5d3e45ad38ef5b9c,True,1.0,1.0,0.9569458938246187,1.0,1.0,1.0,0.9820607890935911
1295,34d782c068c855be,True,1.0,1.0,1.0,1.0,1.0,1.0,1.0
1296,0530c20c3c71533a,True,1.0,1.0,0.8143220924506102,1.0,1.0,1.0,0.9226342051877543
1297,d5b18d6105c25004,True,1.0,1.0,1.0,1.0,1.0,1.0,1.0
1298,83cb0b794de45f7e,True,1.0,1.0,0.8585157588435325,1.0,1.0,1.0,0.9410482328514718
1299,61e0ce212ed75a50,True,1.0,1.0,1.0,1.0,1.0,1.0,1.0
1300,668835640c6057e0,True,1.0,1.0,0.8246319510429942,1.0,1.0,1.0,0.9269299796012476
1301,ea90773e4a7c5723,True,1.0,1.0,1.0,1.0,1.0,1.0,1.0
1302,7f3a478c21ce55f9,True,1.0,1.0,0.7842578789727209,1.0,1.0,1.0,0.9101074495719671
1303,1f1c016bd3715dc2,True,1.0,1.0,0.9036331592878425,1.0,1.0,1.0,0.9598471497032678
1304,13d078252f4653f3,True,1.0,0.0,0.0,0.0,1.0,1.0,0.0
1305,985af967de8f5f3f,True,1.0,1.0,0.8442364675114742,1.0,1.0,0.0,0.9350985281297809
1306,2dd7293bcb445815,True,0.0,1.0,0.0,1.0,1.0,1.0,0.0
1307,2ae2e400efe35400,True,1.0,1.0,0.8600739534051932,1.0,1.0,1.0,0.9416974805854972
1308,1f67195591a95027,True,1.0,1.0,0.8813039159123965,1.0,1.0,1.0,0.9505432982968319
1309,3d8c71ff899f50e6,True,1.0,1.0,1.0,1.0,1.0,1.0,1.0
1310,bf00c76f25185b83,True,1.0,0.0,0.0,1.0,1.0,0.5,0.0
1311,1987c158de8a5120,True,1.0,1.0,0.5629477233352052,1.0,1.0,1.0,0.8178948847230022
1312,82ab50d6b3ef5a43,True,1.0,1.0,0.9413929697279013,1.0,1.0,1.0,0.9755804040532922
1313,ace74ef421f8514f,True,1.0,1.0,0.7026380975470926,1.0,1.0,1.0,0.8760992073112885
1314,63bd566666b75e4a,True,1.0,1.0,0.8635750713012383,1.0,1.0,1.0,0.9431562797088494
1315,063f7dfe767d55aa,True,1.0,1.0,0.8735098872416571,1.0,1.0,1.0,0.9472957863506904
1316,46ce401b30ac56e9,True,1.0,1.0,1.0,1.0,1.0,1.0,1.0
1317,2dd2bd50fcc458d7,True,1.0,1.0,0.7147428382510159,1.0,1.0,1.0,0.8811428492712566
1318,d1e0ebfac8cb510e,True,1.0,1.0,0.8952199202955189,1.0,1.0,1.0,0.9563416334564662
1319,e736f6ed766658fb,True,1.0,1.0,0.839262172042224,1.0,1.0,1.0,0.9330259050175934
1320,5ec473ffad5c55ba,True,1.0,1.0,0.9686866441191742,1.0,1.0,1.0,0.9869527683829892
1321,39e13f76e8b55320,True,1.0,1.0,1.0,1.0,1.0,1.0,1.0
1322,18b5995484435fbe,True,1.0,1.0,1.0,1.0,1.0,1.0,1.0
1323,c4f1593154f95224,True,1.0,1.0,1.0,1.0,1.0,1.0,1.0
1324,1d811c0428d255cd,True,1.0,1.0,1.0,1.0,1.0,1.0,1.0
1325,73ba0e501a005971,True,1.0,1.0,0.775082004229765,1.0,1.0,1.0,0.9062841684290688
1326,865dfd5f72fa599b,True,1.0,1.0,0.8165521141367765,1.0,1.0,1.0,0.9235633808903235
1327,3f11ac11755857c2,True,1.0,1.0,0.7941368569464209,1.0,1.0,1.0,0.914223690394342
1328,cdf704c535245f57,True,1.0,1.0,0.7622883763554855,1.0,1.0,1.0,0.9009534901481189
1329,94839be4b8c95789,True,1.0,1.0,1.0,1.0,1.0,1.0,1.0
1330,2dd890fcd27352c5,True,1.0,1.0,0.8282428565413545,1.0,1.0,1.0,0.9284345235588978
1331,354e4afad1eb56c2,True,1.0,1.0,1.0,1.0,1.0,1.0,1.0
1332,2a4ee10b521258a2,True,1.0,0.0,0.0,1.0,1.0,0.0,0.0
1333,04f548a98d695310,True,1.0,1.0,1.0,1.0,1.0,1.0,1.0
1334,a4e50a4546d0513e,True,1.0,1.0,0.8300453533073008,1.0,1.0,1.0,0.929185563878042
1335,70bf5f0d100d580f,True,1.0,1.0,1.0,0.0,1.0,1.0,0.5833333333333334
1336,1e4fb3a9572f5e7d,True,1.0,1.0,0.9733935409772757,1.0,1.0,1.0,0.9889139754071982
1337,c5b7c7d45f1d5ac1,True,1.0,1.0,1.0,1.0,1.0,1.0,1.0
1338,d099441c0eb55204,True,1.0,1.0,1.0,1.0,1.0,1.0,1.0
1339,c423fa3a18fa5187,True,1.0,1.0,1.0,1.0,1.0,1.0,1.0
1340,8551111013245067,True,1.0,1.0,1.0,1.0,1.0,1.0,1.0
1341,b9e254f3d4a75454,True,1.0,1.0,0.7742735500484891,1.0,1.0,1.0,0.9059473125202038
1342,7f93aad83fb15871,True,1.0,1.0,1.0,1.0,1.0,1.0,1.0
1343,35bc469fdde35a17,True,1.0,1.0,0.8137812922343131,1.0,1.0,1.0,0.9224088717642971
1344,59c8fb57fe4058ea,True,1.0,1.0,1.0,1.0,1.0,1.0,1.0
1345,7ea67f197fe25ba7,True,1.0,1.0,0.546969594387201,1.0,1.0,1.0,0.8112373309946671
1346,fdf7643412e85c31,True,1.0,1.0,0.8825312050924555,1.0,1.0,1.0,0.9510546687885232
1347,ce9f5160229b5755,True,1.0,1.0,1.0,1.0,1.0,1.0,1.0
1348,7135ce0e5eea5907,True,1.0,1.0,0.9343970135730141,1.0,1.0,1.0,0.9726654223220891
1349,7a5ad5a3fcd85c7a,True,0.0,1.0,0.0,0.0,1.0,1.0,0.0
1350,ed7a09d2f93d5e90,True,1.0,1.0,0.85165116564009,1.0,1.0,1.0,0.9381879856833709
1351,e12d472387385ef6,True,1.0,1.0,0.7937997041905772,1.0,1.0,1.0,0.9140832100794073
1352,25e9d76574075cee,True,1.0,1.0,0.6478930212218319,1.0,1.0,1.0,0.8532887588424299
1353,ce3d0bc0b2d55876,True,1.0,1.0,0.6730383242546664,1.0,1.0,1.0,0.8637659684394444
1354,c473976e5a2f5111,True,1.0,1.0,0.4293660900662497,1.0,1.0,1.0,0.7622358708609372
1355,5fd5fdcf5c1552b9,True,1.0,1.0,1.0,1.0,1.0,1.0,1.0
1356,2256b2a677aa5509,True,1.0,1.0,0.879781427762284,1.0,1.0,1.0,0.9499089282342851
1357,2389414c94075d6a,True,1.0,1.0,0.7939208860402358,1.0,1.0,1.0,0.914133702516765
1358,47bc25abb0705dc9,True,1.0,1.0,0.8061931731346123,1.0,1.0,1.0,0.919247155472755
1359,a2c15720170d5507,True,1.0,1.0,1.0,1.0,1.0,1.0,1.0
1360,b962399e13f35965,True,1.0,1.0,0.9080848993038281,1.0,1.0,1.0,0.961702041376595
1361,7602906d3c785da3,True,1.0,1.0,1.0,1.0,1.0,1.0,1.0
1362,0a6906b694b65108,True,1.0,1.0,1.0,1.0,1.0,1.0,1.0
1363,4588d3bc87cd5a49,True,1.0,1.0,0.6719981795316325,1.0,1.0,1.0,0.8633325748048469
1364,cdc9d2e591cc552c,True,1.0,0.0,0.0,1.0,1.0,1.0,0.0
1365,1f7afb10d4cc5319,True,1.0,1.0,0.6679725594902787,1.0,1.0,1.0,0.8616552331209495
1366,6157537c48ab553d,True,1.0,1.0,0.8590344331831227,1.0,1.0,1.0,0.9412643471596344
1367,82e1485de4fa5b71,True,1.0,1.0,0.7619348697851127,1.0,1.0,1.0,0.900806195743797
1368,def10158059d5eb1,True,0.5,0.0,0.0,0.0,1.0,1.0,0.0
1369,6d92cfa21e805f31,True,1.0,1.0,0.8812000766652047,1.0,1.0,1.0,0.9505000319438354
1370,613181e5c29d526a,True,1.0,1.0,0.8194920348952967,1.0,1.0,1.0,0.9247883478730402
1371,d3102c58562a5689,True,1.0,0.0,0.0,1.0,1.0,1.0,0.0
1372,d5a79b89fb985129,True,1.0,0.0,0.0,1.0,1.0,1.0,0.0
1373,b12f2581dde259f4,True,1.0,1.0,0.613856482267828,1.0,1.0,1.0,0.839106867611595
1374,4909b88b347c5764,True,1.0,1.0,1.0,1.0,1.0,1.0,1.0
1375,719eb7fea14c5b94,True,1.0,1.0,1.0,1.0,1.0,1.0,1.0
1376,7326774073dd5f7d,True,1.0,1.0,0.6087787697984708,1.0,1.0,1.0,0.8369911540826962
1377,d97108bcdab25c24,True,1.0,1.0,0.7211874515688483,1.0,1.0,1.0,0.8838281048203536
1378,8601b9cf8c6852f3,True,1.0,1.0,0.8125205222668236,1.0,1.0,1.0,0.9218835509445098
1379,4154c963fb4f578d,True,1.0,1.0,0.8800815732789875,1.0,1.0,1.0,0.9500339888662448
1380,6fdde744b66451da,True,1.0,1.0,1.0,1.0,1.0,1.0,1.0
1381,5c9c6666d0725c64,True,0.5,0.0,0.0,0.0,1.0,0.0,0.0
1382,1542482ff0ad537e,True,1.0,1.0,0.9479287423775139,1.0,1.0,1.0,0.9783036426572975
1383,0e04335474bf5b6e,True,1.0,1.0,0.36894734873216456,1.0,1.0,1.0,0.7370613953050685
1384,fd11a0fc35cb52e4,True,1.0,1.0,1.0,1.0,1.0,1.0,1.0
1385,ee8a391c71ab5f5f,True,1.0,1.0,0.7039671600037928,1.0,1.0,1.0,0.8766529833349136
1386,25b846255c715c69,True,0.0,1.0,0.0,1.0,1.0,1.0,0.0
1387,11ba25cefa3b5a5e,True,1.0,1.0,1.0,1.0,1.0,1.0,1.0
1388,aba1622c877f51bb,True,1.0,1.0,1.0,1.0,1.0,1.0,1.0
1389,b5d72ce63e11581b,True,1.0,0.0,0.0,1.0,1.0,1.0,0.0
1390,ee741b93dca35dd4,True,1.0,1.0,0.6899547830520717,1.0,1.0,1.0,0.8708144929383632
1391,9e1be9753cf75e57,True,1.0,1.0,0.6130706437633123,1.0,1.0,1.0,0.8387794349013801
1392,592abdaa0cb25437,True,1.0,0.0,0.0,0.0,1.0,1.0,0.0
1393,6cbc045e25c2506d,True,1.0,0.0,0.0,1.0,1.0,1.0,0.0
1394,5865085ba43752de,True,1.0,1.0,0.9775740536862835,1.0,1.0,1.0,0.990655855702618
1395,b1f17d9960f35562,True,1.0,1.0,0.8880038059842447,1.0,1.0,1.0,0.953334919160102
1396,d782b032259d5cc0,True,1.0,1.0,0.7650632647027257,1.0,1.0,1.0,0.9021096936261358
1397,c90d3a1a568a59d3,True,1.0,1.0,1.0,1.0,1.0,1.0,1.0
1398,3b910accfc12560a,True,1.0,1.0,0.5449984919225944,1.0,1.0,1.0,0.810416038301081
1399,cfa1a5ff80355988,True,1.0,1.0,0.7327319963091391,1.0,1.0,1.0,0.8886383317954746
1400,1a585b7022ed54df,True,1.0,1.0,0.850762998761459,1.0,1.0,1.0,0.937817916150608
1401,51b855943c3a54ee,True,1.0,0.0,0.0,1.0,1.0,1.0,0.0
1402,02e1537a43d55ab2,True,1.0,1.0,1.0,1.0,1.0,1.0,1.0
1403,80dea9d7cb445906,True,1.0,1.0,0.36002650612176135,1.0,1.0,1.0,0.7333443775507339
1404,15b400ceaa505015,True,1.0,1.0,0.9203254697321104,1.0,1.0,1.0,0.966802279055046
1405,04d0fb4e3ab25115,True,1.0,1.0,0.9214828450983421,1.0,1.0,1.0,0.9672845187909759
1406,86fbb46276605d14,True,1.0,1.0,1.0,1.0,1.0,1.0,1.0
1407,3502b30911d75ed8,True,1.0,1.0,0.5534177371968322,1.0,1.0,1.0,0.8139240571653468
1408,d5ece6235301571f,True,1.0,1.0,1.0,1.0,1.0,1.0,1.0
1409,dec31dc25db65e6c,True,1.0,1.0,0.6967505242193628,1.0,1.0,1.0,0.8736460517580679
1410,e99ca54f8f4d585f,True,1.0,1.0,0.9444075136531647,1.0,1.0,1.0,0.9768364640221519
1411,213c18fea71457d2,True,1.0,1.0,0.6046281020167302,1.0,1.0,1.0,0.8352617091736376
1412,61f8e636db175a83,True,1.0,1.0,0.9714638883038983,1.0,1.0,1.0,0.9881099534599577
1413,85649e978e60550d,True,1.0,1.0,0.9732186432550897,1.0,1.0,1.0,0.9888411013562873
1414,dd71dee142f05d7d,True,1.0,1.0,0.9199602485740994,1.0,1.0,1.0,0.9666501035725416
1415,bf1d8c493e7458d2,True,1.0,1.0,0.8846430066204253,1.0,1.0,1.0,0.9519345860918439
1416,a8c2268684c35a80,True,1.0,1.0,0.7972497560531916,1.0,1.0,1.0,0.9155207316888299
1417,92427e4a55475ba6,True,1.0,0.0,0.0,1.0,1.0,0.0,0.0
1418,ec2200402d965ced,True,1.0,0.0,0.0,1.0,1.0,1.0,0.0
1419,caaf011808a15c9e,True,1.0,1.0,0.7918056389933168,1.0,1.0,1.0,0.9132523495805488
1420,dcb18ea8a7ea5d66,True,1.0,1.0,0.9630586456793954,1.0,1.0,1.0,0.9846077690330813
1421,1371cce68aa95a4e,True,1.0,1.0,1.0,1.0,1.0,1.0,1.0
1422,76ec850d346b5ca7,True,1.0,1.0,1.0,1.0,1.0,1.0,1.0
1423,6ae88d39556d57ec,True,1.0,1.0,0.7778775536259683,0.0,1.0,1.0,0.4907823140108201
1424,dcc3b1a2a6da565a,True,1.0,1.0,0.8640089893874556,1.0,1.0,1.0,0.9433370789114398
1425,faf7e71648b65503,True,1.0,1.0,0.6790631552655316,1.0,1.0,1.0,0.8662763146939715
1426,e23fdb8f34b35d20,True,1.0,0.0,0.0,1.0,1.0,1.0,0.0
1427,ba6136583b6254e2,True,1.0,1.0,1.0,1.0,1.0,1.0,1.0
1428,12d283af921a5f09,True,1.0,1.0,1.0,1.0,1.0,0.0,1.0
1429,d0dc567530ef57dd,True,1.0,1.0,0.7809182458772402,1.0,1.0,1.0,0.9087159357821833
1430,8d293b5028e555a3,True,1.0,1.0,1.0,1.0,1.0,1.0,1.0
1431,ce82b44e8dfd5e1d,True,1.0,1.0,0.9344201625174222,1.0,1.0,1.0,0.9726750677155925
1432,4cb70e4f5d4b5fdf,True,1.0,1.0,1.0,1.0,1.0,1.0,1.0
1433,18973046d1215390,True,1.0,1.0,0.8712014151460816,1.0,1.0,1.0,0.946333922977534
1434,ebd299a3953a50ad,True,0.0,1.0,0.0,0.0,1.0,0.0,0.0
1435,1dfce400c1ba574c,True,1.0,1.0,0.829133099838278,1.0,1.0,1.0,0.9288054582659492
1436,bdaa773585685d09,True,1.0,0.0,0.0,1.0,1.0,0.0,0.0
1437,e6d59439935a5309,True,1.0,1.0,0.9889263151807964,1.0,1.0,1.0,0.9953859646586652
1438,3b8d6a01f5705389,True,1.0,1.0,0.8236750417179756,1.0,1.0,1.0,0.9265312673824898
1439,b92ea560ae10562b,True,1.0,1.0,1.0,1.0,1.0,1.0,1.0
1440,8e0ecc2622425ef0,True,1.0,1.0,1.0,1.0,1.0,1.0,1.0
1441,ef34a4f536c5598c,True,1.0,0.0,0.0,0.0,1.0,1.0,0.0
1442,9bebc9f8507c5cf4,True,1.0,1.0,1.0,1.0,1.0,1.0,1.0
1443,ae50b115259f5a24,True,1.0,0.0,0.0,1.0,1.0,0.0,0.0
1444,e656eb8f3cdf590c,True,1.0,1.0,1.0,1.0,1.0,1.0,1.0
1445,ee545028f8a85e6f,True,1.0,1.0,0.6792456487673398,1.0,1.0,1.0,0.8663523536530583
1446,24dd5bba8f2f5c53,True,1.0,1.0,0.9407973807421504,1.0,1.0,1.0,0.9753322419758961
1447,87a12c9888c75e21,True,1.0,1.0,0.8386503224337131,1.0,1.0,1.0,0.9327709676807139
1448,1e9fb68ccf2d5bcd,True,1.0,1.0,0.7933905473215962,1.0,1.0,1.0,0.913912728050665
1449,839206ee819e582f,True,1.0,1.0,0.9410149428617173,1.0,1.0,1.0,0.9754228928590489
1450,da9ae73013715f70,True,1.0,1.0,0.9404359686509819,1.0,1.0,1.0,0.9751816536045759
1451,a6186e0af3a55d93,True,1.0,1.0,0.8554550709932459,1.0,1.0,1.0,0.9397729462471857
1452,1b95b6689ee75fab,True,1.0,0.0,0.0,1.0,1.0,1.0,0.0
1453,b0546b8af0f95c05,True,1.0,1.0,1.0,1.0,1.0,1.0,1.0
1454,a924eaf3a0c35078,True,1.0,1.0,0.8353318828202507,1.0,1.0,1.0,0.9313882845084378
1455,9838aa01c0de5dc8,True,1.0,1.0,0.8885496138328437,0.0,1.0,1.0,0.5368956724303515
1456,a20a0a34d5e859ed,True,1.0,1.0,0.7452012409483005,1.0,1.0,1.0,0.8938338503951252
1457,dbf083df3f5c55d7,True,1.0,1.0,0.6996433762463191,1.0,1.0,1.0,0.8748514067692996
1458,4674e35da8425113,True,1.0,1.0,1.0,1.0,1.0,1.0,1.0
1459,038c0a3e665c51d2,True,1.0,1.0,0.9078039245353468,1.0,1.0,1.0,0.9615849685563944
1460,b60cd9b5f9a75b57,True,1.0,1.0,0.9731794429652324,1.0,1.0,1.0,0.9888247679021802
1461,de8957bb05ae5d5d,True,1.0,1.0,1.0,1.0,1.0,1.0,1.0
1462,04582784acfe5725,True,0.5,0.0,0.0,0.0,1.0,1.0,0.0
1463,a7eeec2ad80b58a1,True,1.0,1.0,0.889376450359773,1.0,1.0,1.0,0.9539068543165721
1464,697f7ae6d60f5f2d,True,1.0,0.0,0.0,1.0,1.0,1.0,0.0
1465,fb8f21990ffb52d5,True,1.0,1.0,0.8681945767740563,1.0,1.0,1.0,0.9450810736558569
1466,42a20478abeb54d5,True,1.0,0.0,0.0,1.0,1.0,0.0,0.0
1467,7a61f0a7cbe15387,True,1.0,1.0,1.0,1.0,1.0,1.0,1.0
1468,4eab329460d853f6,True,1.0,1.0,0.7512981821654897,1.0,1.0,1.0,0.896374242568954
1469,9c941c942f955a5a,True,1.0,1.0,0.8316715791100714,1.0,1.0,1.0,0.9298631579625297
1470,642ba15d21c05f4e,True,1.0,1.0,0.9609548893456026,1.0,1.0,1.0,0.983731203894001
1471,bb1650a0e72e5b7d,True,1.0,1.0,1.0,1.0,1.0,1.0,1.0
1472,b1861baea30d54ef,True,1.0,1.0,0.8887843267645459,1.0,1.0,1.0,0.953660136151894
1473,955916fd66da5657,True,1.0,1.0,0.4750136792681986,1.0,1.0,1.0,0.7812556996950827
1474,bb85e87e90ae52ec,True,1.0,1.0,1.0,0.0,1.0,1.0,0.5833333333333334
1475,451f66014a765bce,True,1.0,1.0,0.9878651886345531,1.0,1.0,1.0,0.9949438285977305
1476,dc8554c53a2a5afc,True,1.0,1.0,0.8085402406785479,1.0,1.0,1.0,0.9202251002827282
1477,048c19bd1b5954b3,True,1.0,1.0,1.0,1.0,1.0,1.0,1.0
1478,4023c5e9f11e5056,True,1.0,1.0,0.8616792172331421,1.0,1.0,1.0,0.9423663405138093
1479,2c0e25d51b0b5e31,True,1.0,1.0,0.8035004050725869,1.0,1.0,1.0,0.9181251687802444
1480,f231f20bdcb55426,True,1.0,1.0,0.965925398445923,1.0,1.0,1.0,0.985802249352468
1481,944fda18b9205994,True,1.0,1.0,1.0,1.0,1.0,1.0,1.0
1482,01c4dab17c975e13,True,1.0,1.0,1.0,1.0,1.0,1.0,1.0
1483,99e900e2392c5e87,True,1.0,1.0,0.7967766446726255,1.0,1.0,1.0,0.9153236019469273
1484,92c38e520e515a8a,True,1.0,1.0,1.0,1.0,1.0,1.0,1.0
1485,62a97d527fd45916,True,1.0,1.0,0.9207268035207469,1.0,1.0,1.0,0.9669695014669779
1486,28a0cdbbc1e55291,True,1.0,1.0,0.7715281378082572,1.0,1.0,1.0,0.9048033907534405
1487,58c018c299d05214,True,1.0,1.0,0.616462165469926,1.0,1.0,1.0,0.8401925689458025
1488,18649e595e7b51ab,True,0.0,1.0,0.0,0.0,1.0,0.5,0.0
1489,c7cb2e43b2d053b7,True,1.0,0.0,0.0,1.0,1.0,1.0,0.0
1490,9a95f91ea98652ca,True,1.0,0.0,0.0,1.0,1.0,1.0,0.0
1491,7e76a2b3918656f9,True,1.0,1.0,0.6173508967299884,1.0,1.0,1.0,0.8405628736374952
1492,a1ce49c5eeb75711,True,1.0,1.0,0.9600636389809112,1.0,1.0,1.0,0.9833598495753796
1493,c710ccf4dffd58a7,True,1.0,1.0,1.0,1.0,1.0,1.0,1.0
1494,cc1862b24d0157bb,True,1.0,1.0,1.0,1.0,1.0,1.0,1.0
1495,258fd15174fb5e47,True,1.0,1.0,0.813873728605751,1.0,1.0,1.0,0.922447386919063
1496,2ac5f9fae5a95215,True,1.0,1.0,0.9421209138800933,1.0,1.0,1.0,0.9758837141167055
1497,60216ba3ee9557d9,True,1.0,0.0,0.0,1.0,1.0,0.0,0.0
1498,c76dce931d555c6a,True,1.0,1.0,0.6550308749513841,1.0,1.0,1.0,0.8562628645630768
1499,f2495a0cce605703,True,1.0,1.0,0.7469950526608954,1.0,1.0,1.0,0.8945812719420397
1500,548b6b9700f25610,True,1.0,1.0,1.0,1.0,1.0,1.0,1.0
1501,de2379f94fc85652,True,1.0,1.0,0.8201443340003777,1.0,1.0,1.0,0.9250601391668241
1502,a62faaedb18d5b76,True,1.0,1.0,0.92138310977888,1.0,1.0,1.0,0.9672429624078666
1503,82cd122751085a80,True,1.0,0.0,0.0,1.0,1.0,1.0,0.0
1504,9d22457757985690,True,1.0,1.0,0.7845810615322344,1.0,1.0,1.0,0.9102421089717643
1505,b2f336de7d295a8b,True,1.0,1.0,0.886361650196653,1.0,1.0,1.0,0.9526506875819388
1506,fc33d014431a5b1b,True,1.0,1.0,0.6943586891401206,1.0,1.0,1.0,0.8726494538083834
1507,1bfbaec4ef9b556c,True,1.0,0.0,0.0,1.0,1.0,1.0,0.0
1508,d49b986924cd5bed,True,1.0,1.0,0.5700497917617723,1.0,1.0,1.0,0.8208540799007386
1509,fd525d3c25b15c97,True,1.0,1.0,0.8332968083210256,1.0,1.0,1.0,0.9305403368004272
1510,8fbca2950de45a7c,True,1.0,1.0,0.8549389552642315,1.0,1.0,1.0,0.939557898026763
1511,56a1470952cb57a0,True,1.0,1.0,0.8689596350022682,1.0,1.0,1.0,0.9453998479176118
1512,a5cde0f1dace5561,True,1.0,1.0,1.0,1.0,1.0,1.0,1.0
1513,5798a6e25f2553e4,True,1.0,1.0,0.7635838274285907,1.0,1.0,1.0,0.9014932614285794
1514,db86c1d1516f557d,True,1.0,1.0,0.7118122957992313,1.0,1.0,1.0,0.8799217899163464
1515,534efc35151f543d,True,1.0,1.0,1.0,1.0,1.0,1.0,1.0
1516,33bae177e9c75992,True,0.0,1.0,0.0,0.0,1.0,1.0,0.0
1517,75994f74c5485493,True,1.0,1.0,0.9023210145663568,1.0,1.0,1.0,0.959300422735982
1518,52a862ac6c845dbb,True,1.0,0.0,0.0,1.0,1.0,0.0,0.0
1519,bef85b7ac1dc5207,True,1.0,1.0,0.5836632639363182,1.0,1.0,1.0,0.8265263599734659
1520,bb74197177cb51b0,True,1.0,1.0,1.0,1.0,1.0,1.0,1.0
1521,280321506e7c5f52,True,1.0,1.0,0.8427897321403085,1.0,1.0,1.0,0.9344957217251286
1522,5a0b3bf9218f56a2,True,1.0,1.0,1.0,1.0,1.0,1.0,1.0
1523,eeafee3118a35987,True,1.0,1.0,0.7768360973106854,1.0,1.0,1.0,0.9070150405461188
1524,4e1da51967095494,True,1.0,1.0,0.9535330525618023,1.0,1.0,1.0,0.9806387719007509
1525,9ab8b2e7de985004,True,1.0,0.0,0.0,1.0,1.0,0.5,0.0
1526,7f2934ac111854f5,True,1.0,1.0,1.0,1.0,1.0,1.0,1.0
1527,e745423278015ece,True,1.0,1.0,0.9441989112212499,1.0,1.0,1.0,0.9767495463421874
1528,7d4c548895955e0d,True,1.0,1.0,0.6776548703829928,1.0,1.0,1.0,0.865689529326247
1529,c20bcc28c238595c,True,1.0,1.0,0.7280965892011125,1.0,1.0,1.0,0.8867069121671302
1530,ba2ebab05dfd523e,True,1.0,1.0,0.5697887527269775,1.0,1.0,1.0,0.8207453136362406
1531,b2cc98272c505ed6,True,1.0,1.0,1.0,1.0,1.0,1.0,1.0
1532,24593b75ebb35271,True,1.0,1.0,0.8854439521461078,1.0,1.0,1.0,0.9522683133942116
1533,dfd5770faffa5ba7,True,1.0,1.0,0.7819769954005721,1.0,1.0,1.0,0.9091570814169051
1534,54292820fab05539,True,1.0,0.0,0.0,0.0,1.0,1.0,0.0
1535,8b7212ba11ec5f3b,True,1.0,1.0,0.5916753582253297,1.0,1.0,0.5,0.8298647325938874
1536,08684d8a5d675f4a,True,1.0,1.0,1.0,1.0,1.0,1.0,1.0
1537,a6e7189b4bd35946,True,1.0,1.0,0.7282989396725221,1.0,1.0,1.0,0.8867912248635509
1538,1fa7d30105dd5ebd,True,1.0,0.0,0.0,1.0,1.0,1.0,0.0
1539,c5a2a467d5e25058,True,1.0,1.0,0.934599589036981,1.0,1.0,1.0,0.9727498287654087
1540,126dbed7a6b458ee,True,1.0,1.0,0.8604117749800465,1.0,1.0,1.0,0.9418382395750194
1541,b36d274e71b3566b,True,1.0,1.0,0.704512753058218,1.0,1.0,1.0,0.8768803137742575
1542,9e970e2a22da585c,True,1.0,1.0,1.0,1.0,1.0,1.0,1.0
1543,4d4ef3ee372d5afc,True,1.0,1.0,0.7688534468617944,1.0,1.0,1.0,0.9036889361924144
1544,8fc671c2e6c05780,True,1.0,1.0,0.7614431411147136,1.0,1.0,1.0,0.9006013087977974
1545,c0f364f8ed645542,True,1.0,0.0,0.0,1.0,1.0,1.0,0.0
1546,22e04303d53f54f5,True,1.0,0.0,0.0,1.0,1.0,1.0,0.0
1547,484acea96ad3506a,True,1.0,1.0,0.7650657259670253,1.0,1.0,1.0,0.9021107191529273
1548,eb3531cddadb57e9,True,1.0,1.0,1.0,1.0,1.0,1.0,1.0
1549,46cd5885206b5c6d,True,1.0,1.0,1.0,1.0,1.0,1.0,1.0
1550,54db5162fc6c563c,True,0.5,1.0,0.40097206138601715,0.0,1.0,1.0,0.16686917945542024
1551,812464919a4f5362,True,1.0,1.0,0.8171483132911304,1.0,1.0,1.0,0.9238117972046377
1552,1c295a44b8d856d0,True,1.0,1.0,0.7974578488719061,1.0,1.0,1.0,0.9156074370299608
1553,9f4f46e620785407,True,0.0,1.0,0.0,0.0,1.0,0.5,0.0
1554,1309e3cfb6f25c6e,True,1.0,1.0,1.0,1.0,1.0,1.0,1.0
1555,23978c649a7e597c,True,0.0,1.0,0.0,0.0,1.0,0.5,0.0
1556,7fbe5b01c5a9525c,True,1.0,1.0,0.8925971055230857,1.0,1.0,1.0,0.9552487939679524
1557,40c5ce24f85a5540,True,1.0,1.0,0.9257733693651756,1.0,1.0,1.0,0.96907223723549
1558,7bc20084dcb15f05,True,1.0,1.0,1.0,1.0,1.0,1.0,1.0
1559,41da8ea7c14754d2,True,1.0,1.0,1.0,1.0,1.0,1.0,1.0
1560,43311faf65e25505,True,1.0,1.0,1.0,1.0,1.0,1.0,1.0
1561,60729ba7537a5622,True,1.0,1.0,0.815198535758632,1.0,1.0,1.0,0.92299938989943
1562,8227648b1da95adb,True,1.0,1.0,0.561403758519944,1.0,1.0,1.0,0.8172515660499767
1563,865033089cfd5288,True,1.0,1.0,0.8520066740698256,1.0,1.0,1.0,0.9383361141957606
1564,d46b1d647640578f,True,1.0,1.0,0.8190850933372539,1.0,1.0,1.0,0.9246187888905224
1565,ff0ad146b37756e3,True,1.0,0.0,0.0,1.0,1.0,1.0,0.0
1566,eddb4834d5e459c6,True,1.0,1.0,0.8016410174479222,1.0,1.0,1.0,0.9173504239366341
1567,55194edb46265f3d,True,1.0,1.0,0.9468940641633361,1.0,1.0,1.0,0.9778725267347234
1568,60681597a59d5cf9,True,1.0,1.0,0.5415143341760431,1.0,1.0,1.0,0.8089643059066846
1569,f722930665045683,True,1.0,1.0,1.0,1.0,1.0,1.0,1.0
1570,ea60e66a13335f6e,True,1.0,1.0,0.8207938853024757,1.0,1.0,1.0,0.9253307855426982
1571,e69e63297ed85a68,True,1.0,1.0,0.739678487291667,1.0,1.0,1.0,0.8915327030381945
1572,6d9063dd44bc55cc,True,1.0,1.0,0.7174309407173443,1.0,1.0,1.0,0.8822628919655601
1573,2ad17379a25d55d9,True,1.0,1.0,0.5131332302223178,1.0,1.0,0.5,0.7971388459259657
1574,000d6961709c5904,True,0.0,1.0,0.0,0.0,1.0,1.0,0.0
1575,71674e79275f5abb,True,1.0,1.0,1.0,1.0,1.0,1.0,1.0
1576,f21d5b2f9a5e5276,True,1.0,1.0,0.5989013867966722,1.0,1.0,0.5,0.8328755778319468
1577,8299207e310b595e,True,1.0,1.0,0.9999366591537023,1.0,1.0,1.0,0.9999736079807094
1578,efb9929eed1852f0,True,1.0,1.0,0.64799175625195,1.0,1.0,1.0,0.8533298984383125
1579,c9aa2159bc3a50a0,True,1.0,1.0,0.8997924196531762,1.0,1.0,1.0,0.9582468415221568
1580,d6e4774d5cc65309,True,1.0,1.0,1.0,1.0,1.0,1.0,1.0
1581,09978bee1b655865,True,1.0,1.0,0.7923074109123588,1.0,1.0,1.0,0.913461421213483
1582,81e0ac3869b95ef4,True,1.0,1.0,1.0,1.0,1.0,1.0,1.0
1583,b1ce459acfb95179,True,1.0,1.0,0.8818351759492703,1.0,1.0,1.0,0.9507646566455293
1584,d5489fba77675698,True,1.0,1.0,0.6693769471657403,1.0,1.0,1.0,0.8622403946523919
1585,37c15bc4d99a5365,True,1.0,1.0,0.5790503090604902,1.0,1.0,1.0,0.8246042954418709
1586,3bbe96de854e5ff3,True,1.0,1.0,1.0,1.0,1.0,1.0,1.0
1587,a2701552b0f95f7b,True,1.0,1.0,1.0,1.0,1.0,1.0,1.0
1588,d68d495f8f605301,True,1.0,1.0,0.881793688583189,1.0,1.0,1.0,0.9507473702429955
1589,2556a5c923c95128,True,1.0,1.0,0.8642049285526632,1.0,1.0,1.0,0.9434187202302763
1590,ac3410e696505284,True,1.0,1.0,0.2327140664476581,1.0,1.0,1.0,0.6802975276865242
1591,b8b3f457e7ac5382,True,1.0,1.0,1.0,1.0,1.0,1.0,1.0
1592,60615c7f766c5a10,True,1.0,1.0,1.0,1.0,1.0,1.0,1.0
1593,a3bb30f4190a5f5d,True,1.0,1.0,0.9549921008262159,1.0,1.0,1.0,0.98124670867759
1594,8a6de2af60965cd0,True,1.0,1.0,0.8139986730926787,1.0,1.0,1.0,0.9224994471219494
1595,8560e670c7865e3f,True,1.0,1.0,1.0,1.0,1.0,1.0,1.0
1596,a45b1d5e36b35909,True,1.0,1.0,0.821561149689073,1.0,1.0,1.0,0.9256504790371137
1597,974a70027f8f593c,True,1.0,1.0,1.0,1.0,1.0,1.0,1.0
1598,243fa5b33c1f5845,True,1.0,1.0,1.0,1.0,1.0,1.0,1.0
1599,d98a25449e205e55,True,1.0,1.0,0.7704419808909084,1.0,1.0,1.0,0.9043508253712118
1600,f25f862298af549d,True,1.0,1.0,0.8818953400551505,1.0,1.0,1.0,0.9507897250229794
1601,b38a9c035ce15dd5,True,1.0,1.0,0.8667563939602072,1.0,1.0,1.0,0.944481830816753
1602,115c513494975ef3,True,1.0,1.0,0.8633645430020963,1.0,1.0,1.0,0.9430685595842068
1603,de1662269d685ce0,True,1.0,0.0,0.0,1.0,1.0,0.5,0.0
1604,bc2532765f5a5262,True,1.0,0.0,0.0,1.0,1.0,1.0,0.0
1605,b937ec3b9c845118,True,1.0,1.0,0.939679065584705,1.0,1.0,1.0,0.9748662773269604
1606,14f29b916f44585a,True,1.0,1.0,0.6523788218927514,1.0,1.0,1.0,0.8551578424553131
1607,f66d06ec0f355fac,True,1.0,0.0,0.0,1.0,1.0,0.5,0.0
1608,0d161d05f98354dc,True,1.0,1.0,0.955603336284668,1.0,1.0,1.0,0.9815013901186117
1609,045cd0254b3f5ad2,True,1.0,1.0,0.8417707601887953,1.0,1.0,1.0,0.9340711500786648
1610,c84b4ca798ca563a,True,1.0,1.0,1.0,1.0,1.0,1.0,1.0
1611,d224548a04525f2c,True,1.0,1.0,0.9395581695849026,1.0,1.0,1.0,0.9748159039937093
1612,303d7a8f1262569e,True,1.0,0.0,0.0,0.0,1.0,1.0,0.0
1613,afbf26b6d3bb5bee,True,1.0,1.0,0.621712480721485,1.0,1.0,1.0,0.8423802003006188
1614,cfd45b3514125d2e,True,1.0,1.0,0.5589283405883899,1.0,1.0,1.0,0.816220141911829
1615,af5ebe3ccf8f50ed,True,1.0,1.0,0.600526655658924,1.0,1.0,1.0,0.8335527731912183
1616,26e5d2127cf9563d,True,1.0,1.0,0.9924923710612317,1.0,1.0,1.0,0.9968718212755133
1617,9926034a82415038,True,1.0,1.0,0.7852791584895094,1.0,1.0,1.0,0.9105329827039622
1618,d63949c1e1a25eab,True,1.0,1.0,1.0,1.0,1.0,1.0,1.0
1619,e7aded473b7e5183,True,1.0,1.0,0.9240778287777579,1.0,1.0,1.0,0.9683657619907325
1620,153ae46b6ba65721,True,1.0,1.0,1.0,1.0,1.0,1.0,1.0
1621,775e5b7f1b235e12,True,1.0,1.0,0.7579294289442108,1.0,1.0,1.0,0.8991372620600878
1622,2a764e45008651e0,True,1.0,1.0,1.0,1.0,1.0,1.0,1.0
1623,ffed00245f3f5d00,True,1.0,1.0,0.787802579737929,1.0,1.0,1.0,0.9115844082241371
1624,0bbfb35740e25929,True,1.0,1.0,0.8758265976621379,1.0,1.0,1.0,0.9482610823592242
1625,1d0334886e9f535b,True,1.0,1.0,1.0,1.0,1.0,1.0,1.0
1626,455f894b6e3b58ab,True,1.0,1.0,1.0,1.0,1.0,1.0,1.0
1627,2829df17720c501f,True,1.0,1.0,0.7529500610349666,1.0,1.0,1.0,0.897062525431236
1628,8317ed430d8e50c3,True,0.0,1.0,0.0,0.0,1.0,1.0,0.0
1629,d2dd81d9f7665fde,True,1.0,1.0,0.9239785753935196,1.0,1.0,1.0,0.9683244064139664
1630,346a78f56b165dea,True,1.0,1.0,0.8405883422676101,1.0,1.0,1.0,0.9335784759448376
1631,b49e63992eee56b1,True,1.0,1.0,0.9193127945262544,1.0,1.0,1.0,0.9663803310526061
1632,7d9515c88f0254f4,True,1.0,0.0,0.0,0.0,1.0,0.0,0.0
1633,5ed4446679c35566,True,1.0,1.0,1.0,1.0,1.0,1.0,1.0
1634,21ef33c75fee5561,True,1.0,1.0,0.6936935291275881,1.0,1.0,1.0,0.8723723038031617
1635,1c3d4987efaf5aae,True,1.0,1.0,1.0,0.0,1.0,1.0,0.5833333333333334
1636,b0e6764ee8a35223,True,1.0,1.0,0.6876461403898833,1.0,1.0,1.0,0.8698525584957847
1637,6f2e14d0955e5e5a,True,1.0,1.0,1.0,1.0,1.0,1.0,1.0
1638,f79397c87fbf5965,True,1.0,1.0,1.0,1.0,1.0,1.0,1.0
1639,820e9a9314405b62,True,1.0,1.0,1.0,1.0,1.0,1.0,1.0
1640,059009aa4252526c,True,1.0,1.0,1.0,1.0,1.0,1.0,1.0
1641,cbe3a6c80bfb5327,True,1.0,1.0,1.0,1.0,1.0,1.0,1.0
1642,291ac232cc94582a,True,1.0,0.0,0.0,1.0,1.0,1.0,0.0
1643,578fc7fcef215f0f,True,1.0,1.0,0.9171726271284901,1.0,1.0,1.0,0.965488594636871
1644,4d7462e08df954a1,True,1.0,1.0,1.0,1.0,1.0,1.0,1.0
1645,c7d7e1aa241a56a7,True,1.0,1.0,0.9773568386795239,1.0,1.0,1.0,0.9905653494498017
1646,5322f39a6130560c,True,1.0,1.0,1.0,1.0,1.0,1.0,1.0
1647,eeeaf1937c015ab9,True,1.0,1.0,0.4657336117444438,1.0,1.0,1.0,0.7773890048935183
1648,f3282fb9352c5c9c,True,1.0,1.0,0.7743652278193394,1.0,1.0,1.0,0.9059855115913914
1649,96f15b834684542e,True,1.0,1.0,0.9204228665282322,1.0,1.0,1.0,0.9668428610534301
1650,2d741bb457ed5434,True,1.0,1.0,0.7290481736220473,1.0,1.0,1.0,0.887103405675853
1651,7263ccb23351549b,True,1.0,1.0,0.664274347410063,1.0,1.0,0.5,0.8601143114208596
1652,c82bebed0dac5691,True,1.0,0.0,0.0,1.0,1.0,1.0,0.0
1653,69df428fe853580e,True,1.0,1.0,1.0,1.0,1.0,1.0,1.0
1654,002e450c6cba5895,True,1.0,1.0,0.8877558517076982,1.0,1.0,1.0,0.9532316048782077
1655,a85c442c31bc557f,True,1.0,1.0,0.835602979309344,1.0,1.0,0.5,0.9315012413788933
1656,8eefb96f7e5f598e,True,1.0,1.0,0.837482299802309,1.0,1.0,1.0,0.9322842915842955
1657,06091e78878d510e,True,1.0,1.0,0.9053331328026328,1.0,1.0,1.0,0.960555472001097
1658,0be1a98f7d1f5fce,True,1.0,1.0,1.0,1.0,1.0,1.0,1.0
1659,30d10a9c1f8352da,True,1.0,0.0,0.0,1.0,1.0,0.5,0.0
1660,f24b703a3f14583f,True,1.0,1.0,0.7694285296832551,1.0,1.0,1.0,0.9039285540346896
1661,8d39d3f85647574c,True,1.0,1.0,0.798317647368255,1.0,1.0,1.0,0.9159656864034394
1662,961d67f58f40502f,True,1.0,0.0,0.0,1.0,1.0,1.0,0.0
1663,aa4430320c3151e3,True,1.0,1.0,1.0,1.0,1.0,1.0,1.0
1664,2a10522631ab5a56,True,1.0,1.0,0.8742537771577986,1.0,1.0,0.5,0.9476057404824161
1665,c38664c4b23853a3,True,1.0,1.0,0.8527037632216456,1.0,1.0,1.0,0.938626568009019
1666,49074bfb7c9e5c26,True,1.0,1.0,0.7960962180387957,1.0,1.0,1.0,0.9150400908494983
1667,e10a3a8d627e5700,True,1.0,1.0,1.0,1.0,1.0,1.0,1.0
1668,8062fe1c1def5111,True,1.0,1.0,1.0,1.0,1.0,1.0,1.0
1669,d2c7bb24957c56ad,True,1.0,1.0,1.0,1.0,1.0,1.0,1.0
1670,b8a1d133723f5897,True,1.0,0.0,0.0,1.0,1.0,0.0,0.0
1671,42643a30b402538f,True,1.0,1.0,1.0,1.0,1.0,1.0,1.0
1672,dbb9c9811b275fd8,True,1.0,1.0,0.4438389332778232,1.0,1.0,1.0,0.768266222199093
1673,eb72736f2edf5380,True,0.0,0.0,0.0,0.0,1.0,1.0,0.0
1674,d1971f367cb85683,True,1.0,1.0,0.8339750632599099,1.0,1.0,1.0,0.9308229430249625
1675,6872fa29d1345d03,True,1.0,1.0,0.9412854272262986,1.0,1.0,1.0,0.9755355946776244
1676,da03ba74198a524b,True,1.0,0.0,0.0,1.0,1.0,1.0,0.0
1677,5503e65e815a58c7,True,1.0,1.0,0.8303389965081277,1.0,1.0,1.0,0.9293079152117198
1678,29ba983123655159,True,1.0,1.0,0.866347332532076,1.0,1.0,1.0,0.9443113885550316
1679,f7b40e0f94c25b3b,True,1.0,1.0,1.0,1.0,1.0,1.0,1.0
1680,022de8051c3f5b83,True,1.0,1.0,1.0,1.0,1.0,1.0,1.0
1681,bc427a4503535af2,True,1.0,1.0,0.8996076759464656,1.0,1.0,1.0,0.9581698649776941
1682,41785a426b555ab9,True,1.0,1.0,0.9347619366921579,1.0,1.0,1.0,0.9728174736217324
1683,202d3d3e3b9356a3,True,1.0,1.0,0.8847140128457451,1.0,1.0,1.0,0.9519641720190605
1684,fbf241ca4b6758d8,True,1.0,1.0,1.0,1.0,1.0,1.0,1.0
1685,6083bfcb495d5f9a,True,1.0,1.0,1.0,1.0,1.0,1.0,1.0
1686,8875d7f59f045de3,True,1.0,1.0,1.0,1.0,1.0,1.0,1.0
1687,bdad96248e575296,True,1.0,1.0,0.8373256574956441,1.0,1.0,1.0,0.9322190239565185
1688,aad72be88eab564c,True,1.0,1.0,0.7168022663646573,1.0,1.0,1.0,0.8820009443186073
1689,8df9b515d98e5c38,True,1.0,0.0,0.0,1.0,1.0,1.0,0.0
1690,cc63d140e4285f30,True,1.0,0.0,0.0,1.0,1.0,0.5,0.0
1691,9540f5a8db575a50,True,1.0,1.0,1.0,1.0,1.0,1.0,1.0
1692,85ee18c706cf5966,True,1.0,0.0,0.0,1.0,1.0,1.0,0.0
1693,17631c945bb959f6,True,1.0,1.0,1.0,1.0,1.0,1.0,1.0
1694,df3d0104b7665474,True,1.0,1.0,0.8531234551441574,1.0,1.0,1.0,0.9388014396433989
1695,e98f83538a315982,True,1.0,1.0,0.8507783098355458,1.0,1.0,1.0,0.9378242957648109
1696,2b201c0ffa245b8b,True,1.0,1.0,0.8098799005547122,1.0,1.0,1.0,0.9207832918977967
1697,7e6d49b500545236,True,1.0,0.0,0.0,1.0,1.0,1.0,0.0
1698,35eba76323535988,True,1.0,1.0,0.6585788058629451,1.0,1.0,1.0,0.8577411691095604
1699,c5ff0a82eabb5b05,True,1.0,1.0,0.7060290949475942,1.0,1.0,1.0,0.8775121228948309
1700,15d9ac47a2e05a2b,True,1.0,1.0,1.0,1.0,1.0,1.0,1.0
1701,b1649a41e6155dd2,True,1.0,0.0,0.0,1.0,1.0,1.0,0.0
1702,b1e10e4f03155c70,True,1.0,1.0,0.7799778835563949,1.0,1.0,1.0,0.9083241181484979
1703,b0fe3222f2905745,True,1.0,1.0,0.9904822942708038,1.0,1.0,1.0,0.9960342892795016
1704,785b0e9d5d505db4,True,1.0,1.0,0.8741954761695955,1.0,1.0,1.0,0.947581448403998
1705,5f2fff93dc3356d6,True,1.0,1.0,0.8310815735758438,1.0,1.0,1.0,0.9296173223232683
1706,bbd5fbbe6cbb5a6f,True,1.0,1.0,1.0,1.0,1.0,1.0,1.0
1707,62b0d1b0d5b35c44,True,1.0,1.0,1.0,1.0,1.0,0.0,1.0
1708,a8db36bc378c599d,True,1.0,0.0,0.0,1.0,1.0,0.0,0.0
1709,ade66429cb58544c,True,1.0,1.0,0.7754098071668931,1.0,1.0,1.0,0.9064207529862055
1710,661cdcf44ebe5c68,True,1.0,1.0,0.9647306446386953,1.0,1.0,1.0,0.985304435266123
1711,985240456390586f,True,1.0,1.0,1.0,1.0,1.0,1.0,1.0
1712,f3e0463f3cf4505e,True,1.0,1.0,0.9036693998511377,1.0,1.0,1.0,0.959862249937974
1713,a99338e1112e5f65,True,1.0,0.0,0.0,1.0,1.0,1.0,0.0
1714,037698dae8d65558,True,1.0,1.0,0.7303397700557361,1.0,1.0,0.5,0.8876415708565567
1715,835d1fae4f5b5e45,True,1.0,1.0,0.7509616217385057,1.0,1.0,1.0,0.8962340090577108
1716,449ed0c45858583f,True,1.0,1.0,0.8708042476032258,1.0,1.0,1.0,0.9461684365013441
1717,69616d6f715256dc,True,0.0,1.0,0.0,0.0,1.0,0.0,0.0
1718,f9592039b6aa5165,True,1.0,1.0,0.6736393521449241,1.0,1.0,1.0,0.8640163967270517
1719,83d3fda04c1f57bd,True,1.0,1.0,1.0,1.0,1.0,1.0,1.0
1720,18375bbfe4c85ae3,True,1.0,1.0,0.6304070727312356,1.0,1.0,1.0,0.8460029469713483
1721,52f07f442baa5fe5,True,1.0,1.0,0.5962800950277055,1.0,1.0,1.0,0.8317833729282107
1722,9e12f81268d75fbb,True,1.0,1.0,1.0,1.0,1.0,1.0,1.0
1723,629f93034f995ebc,True,1.0,1.0,1.0,1.0,1.0,1.0,1.0
1724,2ee2b26e0f20509d,True,1.0,1.0,0.7879367536299385,1.0,1.0,1.0,0.9116403140124744
1725,182fe7c6dd5b5e44,True,1.0,1.0,1.0,1.0,1.0,1.0,1.0
1726,466b634cd806541b,True,1.0,1.0,1.0,1.0,1.0,1.0,1.0
1727,26b80207f01e593f,True,1.0,1.0,1.0,1.0,1.0,1.0,1.0
1728,b9400f20792f5936,True,1.0,1.0,0.9089884400705585,1.0,1.0,1.0,0.962078516696066
1729,f7c495f7030a5ac1,True,1.0,1.0,0.8989114747277267,1.0,1.0,1.0,0.9578797811365528
1730,643b177aa4235fe7,True,1.0,1.0,1.0,1.0,1.0,1.0,1.0
1731,0bc2eec7ad2c5599,True,1.0,1.0,1.0,1.0,1.0,1.0,1.0
1732,47da19c4edbe5b95,True,1.0,1.0,0.6592795995986127,1.0,1.0,1.0,0.858033166499422
1733,fc8a40e606a25836,True,1.0,1.0,0.5909077843628824,1.0,1.0,1.0,0.8295449101512009
1734,680c8d90658556da,True,1.0,1.0,0.6422254704385386,1.0,1.0,1.0,0.8509272793493912
1735,92e499cae59d57d4,True,1.0,0.0,0.0,1.0,1.0,1.0,0.0
1736,569670245b515d11,True,1.0,1.0,0.7720558397812838,1.0,1.0,1.0,0.9050232665755349
1737,0b81fee06b6156d5,True,0.0,0.0,0.0,0.0,1.0,0.0,0.0
1738,0d8610ae20005e45,True,1.0,0.0,0.0,0.0,1.0,0.5,0.0
1739,92e7b3a7f4d054f3,True,1.0,1.0,0.9551022647656962,1.0,1.0,1.0,0.98129261031904
1740,d6b2af6a4fbd5a88,True,1.0,1.0,0.7697128862335723,1.0,1.0,1.0,0.9040470359306552
1741,5a064a908e64596b,True,1.0,1.0,1.0,1.0,1.0,1.0,1.0
1742,b7c35b12755c5d44,True,1.0,1.0,1.0,1.0,1.0,1.0,1.0
1743,9e8403c32a50530b,True,1.0,1.0,0.9058489268391084,1.0,1.0,1.0,0.9607703861829618
1744,08a80ada64475443,True,1.0,1.0,0.4171043989791994,1.0,1.0,1.0,0.7571268329079998
1745,6cf6aa937d7c5c71,True,1.0,1.0,0.9082728001738664,1.0,1.0,1.0,0.9617803334057777
1746,bf0e7609184e533b,True,1.0,1.0,0.6525023100654846,1.0,1.0,1.0,0.8552092958606186
1747,3aa2f4406fc750da,True,1.0,0.0,0.0,1.0,1.0,1.0,0.0
1748,f98bff8bb0675d96,True,1.0,1.0,0.9287340281100857,1.0,1.0,1.0,0.970305845045869
1749,607298120f23583c,True,1.0,1.0,1.0,1.0,1.0,1.0,1.0
1750,174ac6135bf65de9,True,1.0,1.0,0.8400867371366407,1.0,1.0,1.0,0.9333694738069337
1751,d75b5c57a3c45583,True,1.0,1.0,1.0,1.0,1.0,1.0,1.0
1752,da83e9a4e38a5d6e,True,1.0,0.0,0.0,1.0,1.0,0.0,0.0
1753,dad522fc9c405963,True,1.0,1.0,1.0,1.0,1.0,1.0,1.0
1754,16a1dfd2dcae512b,True,1.0,0.0,0.0,1.0,1.0,1.0,0.0
1755,5aac73b6f21a5a86,True,1.0,1.0,1.0,1.0,1.0,1.0,1.0
1756,a78e1f18f3b255d8,True,1.0,1.0,0.7909980777356912,1.0,1.0,1.0,0.9129158657232047
1757,ccd3ef26274b5b13,True,1.0,1.0,1.0,1.0,1.0,1.0,1.0
1758,1081728e06ca5239,True,1.0,1.0,1.0,1.0,1.0,1.0,1.0
1759,0fa4d1e0739659b4,True,1.0,1.0,0.32267305095277926,1.0,1.0,0.5,0.7177804378969913
1760,6795e4cf76f55755,True,1.0,1.0,0.9178752388289637,1.0,1.0,1.0,0.9657813495120683
1761,75570ebf4f3551c1,True,1.0,0.0,0.0,1.0,1.0,1.0,0.0
1762,c801a9f6c4e05919,True,1.0,1.0,0.8714318715442274,1.0,1.0,1.0,0.9464299464767615
1763,a0c45624aa5251db,True,1.0,1.0,1.0,1.0,1.0,1.0,1.0
1764,01fc240ee1d25c9e,True,1.0,1.0,0.9017079542562044,1.0,1.0,1.0,0.9590449809400852
1765,2c6d90e9889e56c2,True,1.0,1.0,0.8554930607891826,1.0,1.0,1.0,0.9397887753288261
1766,e0a1d14a2cea5d4a,True,1.0,1.0,0.6295460418791039,1.0,1.0,1.0,0.8456441841162933
1767,eed4abcb01455af9,True,1.0,1.0,1.0,1.0,1.0,1.0,1.0
1768,b17e8b3c64295431,True,1.0,1.0,0.8153592544349991,1.0,1.0,1.0,0.923066356014583
1769,3e8e85cf14c65da8,True,1.0,1.0,1.0,1.0,1.0,1.0,1.0
1770,0e2f2cb6712550b7,True,1.0,0.0,0.0,1.0,1.0,1.0,0.0
1771,29d3fc42d08d57d2,True,1.0,1.0,1.0,1.0,1.0,1.0,1.0
1772,b1b1e99705dc5afc,True,1.0,1.0,0.8693379833495055,1.0,1.0,1.0,0.945557493062294
1773,7736a52445b1522d,True,1.0,1.0,1.0,1.0,1.0,1.0,1.0
1774,da888593e9a0518c,True,1.0,1.0,0.38230716933131653,1.0,1.0,1.0,0.742627987221382
1775,73b1bfef98ae5664,True,1.0,1.0,1.0,1.0,1.0,1.0,1.0
1776,981ceb0924575bc3,True,1.0,1.0,0.8550885408556118,1.0,1.0,1.0,0.939620225356505
1777,55a584a116ec5e6d,True,1.0,1.0,1.0,1.0,1.0,1.0,1.0
1778,5016bf8ca2ee554c,True,1.0,0.0,0.0,0.0,1.0,0.0,0.0
1779,6f2f0885518356ef,True,1.0,1.0,0.648022665108989,1.0,1.0,1.0,0.8533427771287454
1780,27244c34c9e355c2,True,1.0,1.0,0.7562590521315207,1.0,1.0,1.0,0.898441271721467
1781,883b090e1bca577a,True,1.0,1.0,1.0,1.0,1.0,1.0,1.0
1782,4e1b2f2152b551e2,True,1.0,1.0,0.8795286711128365,1.0,1.0,1.0,0.9498036129636819
1783,cf7045e0db215eea,True,1.0,1.0,1.0,1.0,1.0,1.0,1.0
1784,594dba6254d4500b,True,1.0,1.0,0.7874539244122013,1.0,1.0,1.0,0.9114391351717505
1785,d4374a032e28535e,True,1.0,1.0,0.9659801898388012,1.0,1.0,1.0,0.9858250790995005
1786,85a5db2b47125f31,True,1.0,1.0,1.0,1.0,1.0,1.0,1.0
1787,9696a32e868259e3,True,0.0,1.0,0.0,0.0,1.0,1.0,0.0
1788,433d630eed9d5f3a,True,1.0,1.0,0.9103651978961972,1.0,1.0,1.0,0.9626521657900821
1789,03660e332def5cfa,True,1.0,1.0,0.7829718585819492,1.0,1.0,1.0,0.9095716077424788
1790,7e647d942b9f57ed,True,1.0,1.0,1.0,1.0,1.0,1.0,1.0
1791,3ba8b6918fc45634,True,1.0,1.0,0.8241093234639173,1.0,1.0,0.0,0.9267122181099655
1792,2a48beb84af65349,True,1.0,1.0,0.5491425260767071,1.0,1.0,0.5,0.812142719198628
1793,a00a4902bd105b99,True,1.0,0.0,0.0,1.0,1.0,1.0,0.0
1794,f958234391c05be3,True,1.0,1.0,0.7130724844026175,1.0,1.0,1.0,0.8804468685010907
1795,65fed1ea595559ba,True,1.0,0.0,0.0,1.0,1.0,1.0,0.0
1796,abf403b697c457ad,True,1.0,0.0,0.0,1.0,1.0,0.0,0.0
1797,953aea8a2a085404,True,1.0,1.0,0.9856264843125585,1.0,1.0,1.0,0.9940110351302328
1798,08c1c8fbe5435208,True,1.0,1.0,1.0,1.0,1.0,1.0,1.0
1799,eb430bd4f0095c28,True,1.0,1.0,0.7424611463261422,1.0,1.0,1.0,0.8926921443025592
1800,52c77cea68eb5afc,True,1.0,1.0,0.9523859636335188,1.0,1.0,1.0,0.9801608181806328
1801,26a78d23b1075252,True,1.0,1.0,1.0,1.0,1.0,1.0,1.0
1802,fab1fef0e2dc57cd,True,1.0,1.0,0.9231541040638153,1.0,1.0,1.0,0.9679808766932564
1803,88c2643d470951b3,True,1.0,1.0,0.7032500402469896,1.0,1.0,0.5,0.8763541834362457
1804,3c4e1784d9295821,True,1.0,1.0,0.8236064749276704,1.0,1.0,1.0,0.9265026978865293
1805,d11ecb84b9b1511c,True,1.0,1.0,0.8994758827432298,1.0,1.0,1.0,0.9581149511430125
1806,d9eeceb896445e10,True,0.5,0.0,0.0,0.0,1.0,1.0,0.0
1807,115e8a71aafc5d3d,True,1.0,1.0,0.759028020397289,1.0,1.0,1.0,0.8995950084988703
1808,4dbe96a8a7be58dc,True,1.0,0.0,0.0,1.0,1.0,1.0,0.0
1809,864b2d366f575b14,True,1.0,1.0,1.0,1.0,1.0,1.0,1.0
1810,fa7793ced9cc559e,True,1.0,0.0,0.0,1.0,1.0,1.0,0.0
1811,578b2f71b5d750a8,True,1.0,1.0,1.0,1.0,1.0,1.0,1.0
1812,1f12591bdae05306,True,1.0,1.0,0.7167640523457087,0.0,1.0,1.0,0.46531835514404535
1813,0af68cc78d085fdb,True,1.0,1.0,0.7714831702868622,1.0,1.0,1.0,0.9047846542861926
1814,f3e09f0670d25426,True,1.0,1.0,1.0,1.0,1.0,1.0,1.0
1815,6183ed1d16f05d11,True,1.0,1.0,1.0,1.0,1.0,1.0,1.0
1816,3f5d3b68c1a156ed,True,1.0,1.0,0.8936737462728225,1.0,1.0,1.0,0.9556973942803427
1817,b1899626476e5293,True,1.0,1.0,0.9175905476659959,1.0,1.0,1.0,0.965662728194165
1818,a0ff6ccbf156551f,True,1.0,1.0,0.9649605346812558,1.0,1.0,1.0,0.9854002227838565
1819,c9520de7084f5868,True,1.0,1.0,1.0,1.0,1.0,1.0,1.0
1820,afa712d7affc5fbf,True,1.0,1.0,0.8484747633999297,1.0,1.0,1.0,0.9368644847499707
1821,bfc7b627dfdf5f58,True,1.0,1.0,0.6059767069817669,1.0,1.0,1.0,0.8358236279090695
1822,02e8fd3cc3c3556f,True,1.0,1.0,0.8061688080909288,1.0,1.0,1.0,0.9192370033712204
1823,00f49d71f0eb507b,True,1.0,1.0,0.5728401840437877,1.0,1.0,1.0,0.8220167433515781
1824,0386351e2a11529e,True,1.0,1.0,0.8590759968894219,1.0,1.0,1.0,0.9412816653705924
1825,5bdeb71025415ed9,True,1.0,1.0,0.5536142349142003,1.0,1.0,1.0,0.8140059312142501
1826,dd83ce8b0dec51d2,True,1.0,1.0,0.655557052239184,1.0,1.0,1.0,0.8564821050996599
1827,af064082155f5dc0,True,1.0,1.0,1.0,1.0,1.0,1.0,1.0
1828,8187be48a9d95d91,True,1.0,1.0,0.8705935766362636,1.0,1.0,1.0,0.9460806569317765
1829,20f825e0d33a5160,True,1.0,0.0,0.0,1.0,1.0,1.0,0.0
1830,1ec58e13fee45a30,True,1.0,1.0,0.08474790991901622,1.0,1.0,1.0,0.6186449624662568
1831,f414059fffd45057,True,1.0,1.0,1.0,1.0,1.0,1.0,1.0
1832,ce0c8678bc8559b9,True,1.0,1.0,0.8761913909213785,1.0,1.0,1.0,0.9484130795505744
1833,63efdfe040865222,True,1.0,1.0,0.7323556830624018,1.0,1.0,1.0,0.8884815346093341
1834,250389f21dee5793,True,1.0,1.0,0.6395808696211898,1.0,1.0,1.0,0.8498253623421624
1835,a8df71513975500b,True,1.0,1.0,0.7635789913977503,1.0,1.0,1.0,0.9014912464157293
1836,812dd82ab5fb5742,True,1.0,1.0,0.697218383372028,1.0,1.0,1.0,0.8738409930716783
1837,ee88e21932e6564f,True,1.0,1.0,0.9789536437964655,1.0,1.0,1.0,0.9912306849151941
1838,c4a4767fa7675875,True,1.0,1.0,1.0,1.0,1.0,1.0,1.0
1839,8c9f50cc72685ca7,True,1.0,1.0,0.9615826718376674,1.0,1.0,1.0,0.9839927799323614
1840,b07ccbd562295ef9,True,1.0,1.0,0.7039429911171242,1.0,1.0,1.0,0.8766429129654684
1841,8c75e07d70c558df,True,1.0,1.0,1.0,1.0,1.0,1.0,1.0
1842,1975d15fde2955ff,True,1.0,1.0,0.7311658804995403,1.0,1.0,1.0,0.8879857835414752
1843,89321ac9caaf505a,True,1.0,1.0,0.8769494219853862,1.0,1.0,1.0,0.9487289258272442
1844,6747e9a7ad2f5643,True,1.0,0.0,0.0,0.0,1.0,1.0,0.0
1845,3c7c1b09e9625732,True,1.0,1.0,1.0,0.0,1.0,1.0,0.5833333333333334
1846,3ae59f6099b65d31,True,1.0,0.0,0.0,1.0,1.0,1.0,0.0
1847,f3509f572c4f5bbb,True,1.0,1.0,0.7260854187084993,1.0,1.0,1.0,0.8858689244618748
1848,fddb0bdd1d7f53e0,True,1.0,1.0,0.6460276780749369,1.0,1.0,1.0,0.8525115325312237
1849,e97cd418ab4c5691,True,1.0,1.0,0.9837806478402653,1.0,1.0,1.0,0.9932419366001106
1850,47bf6a2499af5368,True,1.0,1.0,0.9698869872096314,1.0,1.0,1.0,0.9874529113373464
1851,c344575de7545bbe,True,1.0,1.0,1.0,1.0,1.0,1.0,1.0
1852,054054d63ad85fa3,True,1.0,0.0,0.0,1.0,1.0,0.0,0.0
1853,f2a8ed3f01f15ef3,True,1.0,1.0,0.6373640275500938,1.0,1.0,1.0,0.8489016781458725
1854,c70300305bb9547e,True,1.0,0.0,0.0,1.0,1.0,0.5,0.0
1855,444d8e18dcce5e49,True,1.0,0.0,0.0,1.0,1.0,1.0,0.0
1856,2e54d786ec095896,True,1.0,1.0,1.0,1.0,1.0,1.0,1.0
1857,66329b9ed3785e0e,True,1.0,1.0,0.8323245571228817,1.0,1.0,1.0,0.9301352321345341
1858,dd393ea6b72059c3,True,1.0,1.0,1.0,1.0,1.0,1.0,1.0
1859,04e3e7c9b4bf5ddf,True,1.0,1.0,1.0,1.0,1.0,1.0,1.0
1860,e2e6c22bce7f59fc,True,1.0,1.0,0.8665039060180287,1.0,1.0,1.0,0.944376627507512
1861,68df055f82485e95,True,1.0,1.0,0.7438966089254696,1.0,1.0,0.0,0.8932902537189457
1862,14128c4b87b15777,True,1.0,1.0,0.3212075649619518,1.0,1.0,1.0,0.7171698187341465
1863,007845701f635565,True,1.0,1.0,0.9593577221466563,1.0,1.0,1.0,0.9830657175611067
1864,473a047c10f45ef3,True,1.0,1.0,1.0,1.0,1.0,1.0,1.0
1865,1b54d7f77eca559b,True,1.0,1.0,0.9284121133066592,1.0,1.0,1.0,0.9701717138777747
1866,c3d6016d73645955,True,1.0,1.0,0.7090988253399062,1.0,1.0,1.0,0.8787911772249609
1867,c2735759fe9957a5,True,1.0,1.0,1.0,1.0,1.0,1.0,1.0
1868,483faae37fd95b91,True,1.0,1.0,0.8037941142255364,0.0,1.0,1.0,0.5015808809273068
1869,b1b2eb47b045566c,True,1.0,1.0,0.8980084097214253,1.0,1.0,1.0,0.9575035040505938
1870,abcb112aeb3458cf,True,1.0,1.0,0.6552332524229708,1.0,1.0,0.5,0.8563471885095711
1871,2a484ffd16785a64,True,1.0,1.0,0.662891362015509,1.0,1.0,1.0,0.859538067506462
1872,bb5b44d240945ed0,True,1.0,1.0,1.0,1.0,1.0,1.0,1.0
1873,e5ec53f2b9875433,True,1.0,1.0,0.8799736096560332,1.0,1.0,1.0,0.9499890040233471
1874,09436f14d3185748,True,0.0,0.0,0.0,0.0,1.0,0.5,0.0
1875,ef68308faf305171,True,1.0,1.0,1.0,1.0,1.0,1.0,1.0
1876,7779c453de865aff,True,1.0,1.0,0.8108620656300989,1.0,1.0,1.0,0.9211925273458745
1877,15208e349fb854b4,True,1.0,1.0,0.726774782572104,1.0,1.0,1.0,0.8861561594050432
1878,14ce4ee85a9c5471,True,1.0,1.0,0.8043614981291011,1.0,1.0,1.0,0.9184839575537921
1879,e694febcad5b5185,True,1.0,1.0,0.7204399146760071,1.0,1.0,1.0,0.883516631115003
1880,8f7ea84594aa5d75,True,1.0,1.0,1.0,1.0,1.0,1.0,1.0
1881,bffb3b45a1c55080,True,1.0,1.0,1.0,1.0,1.0,0.5,1.0
1882,76cd37d3370f5d04,True,1.0,1.0,1.0,1.0,1.0,1.0,1.0
1883,3968f1bc11085a70,True,1.0,1.0,0.7070096645437306,1.0,1.0,1.0,0.8779206935598878
1884,83aba0a1454c59e4,True,0.0,1.0,0.0,0.0,1.0,1.0,0.0
1885,fb4908bfeaf75ab1,True,1.0,1.0,1.0,1.0,1.0,1.0,1.0
1886,9fc437191831579a,True,1.0,1.0,0.9663725319531205,1.0,1.0,1.0,0.9859885549804668
1887,8fb11d5808355072,True,1.0,1.0,1.0,0.0,1.0,1.0,0.5833333333333334
1888,8ee20c966e7853c1,True,1.0,1.0,0.9891749948821532,1.0,1.0,1.0,0.9954895812008973
1889,2807cd605f1156da,True,1.0,0.0,0.0,1.0,1.0,1.0,0.0
1890,51552f78760d5a11,True,0.0,1.0,0.0,0.0,1.0,0.0,0.0
1891,1b00de050fdd5214,True,0.5,1.0,0.985245741988116,0.0,1.0,1.0,0.28859286291419084
1892,dbb53601c8fb585f,True,1.0,1.0,0.5168275574414658,1.0,1.0,1.0,0.7986781489339441
1893,5ab5923ac60c5e8a,True,1.0,1.0,0.700314071597771,1.0,1.0,1.0,0.875130863165738
1894,d798fc24805d5f19,True,1.0,1.0,0.7457641503968426,1.0,1.0,1.0,0.8940683959986844
1895,86018dbae1485c1c,True,1.0,1.0,1.0,1.0,1.0,1.0,1.0
1896,28a4a08f11a05407,True,1.0,1.0,0.26263843553044547,1.0,1.0,1.0,0.6927660148043522
1897,c2f27daee5bd5a3e,True,1.0,1.0,0.7329991877864961,1.0,1.0,1.0,0.8887496615777067
1898,4cbe138f73975e82,True,1.0,1.0,0.925930670127696,1.0,1.0,1.0,0.9691377792198734
1899,727ed49214315cd6,True,1.0,1.0,1.0,1.0,1.0,1.0,1.0
1900,353a7c23eed25597,True,1.0,1.0,1.0,1.0,1.0,1.0,1.0
1901,4c46222756735317,True,1.0,1.0,0.9485536812224744,1.0,1.0,1.0,0.9785640338426976
1902,6a383816e5c1568b,True,1.0,1.0,0.47810764312703935,1.0,1.0,1.0,0.782544851302933
1903,38b4ff11393c5dec,True,1.0,1.0,1.0,1.0,1.0,1.0,1.0
1904,173369dc059d5fe9,True,1.0,1.0,0.8898385581544592,1.0,1.0,1.0,0.9540993992310246
1905,dfeb840d983e55ca,True,1.0,1.0,0.8157318144017682,1.0,1.0,1.0,0.9232215893340702
1906,adfdcd3c5a9a5fb9,True,1.0,1.0,1.0,1.0,1.0,1.0,1.0
1907,0f69087034985e9e,True,1.0,1.0,0.7327849772876376,1.0,1.0,1.0,0.8886604072031824
1908,e5599a8884235d93,True,1.0,1.0,0.5205152965895636,1.0,1.0,1.0,0.8002147069123181
1909,300226e9649b51fd,True,1.0,1.0,0.9443875813065036,1.0,1.0,0.5,0.9768281588777098
1910,5bb280e3aebe5a67,True,1.0,1.0,0.7788364730730416,1.0,1.0,1.0,0.9078485304471006
1911,0d7cf272469a5a97,True,1.0,1.0,0.6389426317449738,1.0,1.0,1.0,0.8495594298937391
1912,0bced38a12a352c4,True,1.0,1.0,1.0,1.0,1.0,1.0,1.0
1913,84358d0871db53dc,True,1.0,1.0,1.0,1.0,1.0,1.0,1.0
1914,5cdca96b002d5331,True,1.0,1.0,0.9143332686021093,1.0,1.0,1.0,0.9643055285842123
1915,e0388cc13b635cd7,True,1.0,1.0,0.8643792360130158,1.0,1.0,1.0,0.9434913483387565
1916,7a2abf5475ac59ca,True,1.0,1.0,1.0,1.0,1.0,1.0,1.0
1917,f25f295b364a5f29,True,1.0,1.0,0.9516394795541624,1.0,1.0,1.0,0.9798497831475675
1918,e4b8bdb842ae567e,True,1.0,1.0,0.805044196752061,1.0,1.0,1.0,0.9187684153133587
1919,7f002eadb0845994,True,1.0,1.0,0.8700546482578991,1.0,1.0,1.0,0.9458561034407914
1920,01ff2ecc002851a1,True,1.0,1.0,0.5660104167670454,1.0,1.0,1.0,0.8191710069862689
1921,74cc0056b2c05248,True,0.0,0.0,0.0,0.0,1.0,0.0,0.0
1922,04424acda0755c93,True,1.0,0.0,0.0,1.0,1.0,1.0,0.0
1923,5d68b0c80cab59c4,True,1.0,1.0,0.7452558991587072,1.0,1.0,1.0,0.8938566246494614
1924,3c26d6bf58555468,True,1.0,1.0,1.0,1.0,1.0,1.0,1.0
1925,0a2b9bb1214f5e2f,True,1.0,1.0,0.7279502484058095,1.0,1.0,1.0,0.886645936835754
1926,b658c12176c05fc5,True,1.0,1.0,0.7881412862031819,1.0,1.0,1.0,0.9117255359179924
1927,ec574c9ae43e56a9,True,1.0,1.0,1.0,1.0,1.0,1.0,1.0
1928,46369836a9b654ee,True,1.0,1.0,0.846020411854408,1.0,1.0,1.0,0.93584183827267
1929,8a6fbabba3745db9,True,1.0,1.0,0.813635016798323,1.0,1.0,1.0,0.922347923665968
1930,c39f042bbc0256ba,True,1.0,1.0,0.8645221656808644,1.0,1.0,1.0,0.9435509023670269
1931,9204b6df37ec56ba,True,1.0,1.0,0.6956927103502297,1.0,1.0,1.0,0.8732052959792623
1932,e3082eaad29750fd,True,1.0,1.0,0.6685257690377017,1.0,1.0,1.0,0.8618857370990424
1933,af07e6e213f2582e,True,1.0,1.0,0.9270727776035748,1.0,1.0,1.0,0.9696136573348229
1934,4b3d6fc60b815701,True,1.0,1.0,0.7426417858144123,1.0,1.0,1.0,0.8927674107560052
1935,0536ffc8d9555b0f,True,1.0,1.0,1.0,1.0,1.0,1.0,1.0
1936,4bfd04f7517b5381,True,1.0,1.0,1.0,1.0,1.0,1.0,1.0
1937,92aea46cab86531b,True,1.0,1.0,1.0,1.0,1.0,1.0,1.0
1938,57a77b8c90465bc4,True,1.0,1.0,0.7230324525939296,1.0,1.0,1.0,0.8845968552474707
1939,0dc4e0a3f0195741,True,1.0,1.0,0.53701721021182,1.0,1.0,1.0,0.807090504254925
1940,bb9c441a4c2b5791,True,1.0,1.0,0.828390545258243,1.0,1.0,1.0,0.9284960605242679
1941,58b6adc2f0495506,True,0.0,1.0,0.0,0.0,1.0,1.0,0.0
1942,61766a0be9165cb7,True,1.0,1.0,0.6010738352780429,1.0,1.0,1.0,0.8337807646991845
1943,700cac410af95cc4,True,1.0,1.0,1.0,1.0,1.0,1.0,1.0
1944,eb9827bfdf925815,True,1.0,1.0,1.0,1.0,1.0,0.0,1.0
1945,234a85adedc75216,True,1.0,1.0,1.0,1.0,1.0,1.0,1.0
1946,69f1c6885a4859c9,True,1.0,1.0,0.7418726997147683,1.0,1.0,1.0,0.8924469582144868
1947,0691c520f834559d,True,1.0,1.0,0.7794421653182971,1.0,1.0,1.0,0.9081009022159572
1948,21bc638f113e5f63,True,1.0,1.0,0.9659285087739637,1.0,1.0,1.0,0.9858035453224848
1949,c3907cc0d2ed5600,True,0.0,1.0,0.0,0.0,1.0,1.0,0.0
1950,4e19d097005e55b5,True,1.0,1.0,0.5507111858372593,1.0,1.0,1.0,0.8127963274321913
1951,7ae00644dbef537f,True,1.0,1.0,0.8345125984422446,1.0,1.0,1.0,0.9310469160176019
1952,067d731005885300,True,1.0,1.0,1.0,1.0,1.0,1.0,1.0
1953,da3dac3ca6545198,True,1.0,0.0,0.0,1.0,1.0,1.0,0.0
1954,f1849aa89eed53d1,True,1.0,1.0,1.0,1.0,1.0,1.0,1.0
1955,4dba0d7ebbf95639,True,1.0,1.0,0.8531056762502559,1.0,1.0,1.0,0.9387940317709399
1956,b0a73894d5a75e59,True,1.0,1.0,0.5993515463906883,1.0,1.0,1.0,0.8330631443294534
1957,2595e56a8af75a60,True,1.0,1.0,1.0,1.0,1.0,1.0,1.0
1958,2638cdfa752b5d7c,True,1.0,1.0,0.8793675800970397,1.0,1.0,1.0,0.9497364917071
1959,26cc0e92707756f2,True,1.0,1.0,1.0,1.0,1.0,1.0,1.0
1960,5667135252dd528a,True,1.0,1.0,1.0,1.0,1.0,1.0,1.0
1961,f32e1b068c3351eb,True,1.0,1.0,0.7270658532377381,1.0,1.0,1.0,0.8862774388490576
1962,0a08850db6e35ab7,True,1.0,1.0,0.8899962308879863,1.0,1.0,1.0,0.9541650962033277
1963,1509901c10495792,True,1.0,1.0,0.9072656307042658,1.0,1.0,1.0,0.9613606794601107
1964,03a97a30526b5c14,True,1.0,1.0,0.761163108392726,1.0,1.0,1.0,0.9004846284969692
1965,0c3c4cd553475d3a,True,1.0,1.0,0.8940264684695489,1.0,1.0,1.0,0.955844361862312
1966,f5cb61c359ce574b,True,1.0,1.0,0.6298800739969747,1.0,1.0,1.0,0.8457833641654061
1967,afd9edcb6d94521f,True,1.0,0.0,0.0,1.0,1.0,1.0,0.0
1968,e721852571e5573b,True,1.0,1.0,0.6395697014116628,1.0,1.0,0.5,0.8498207089215262
1969,12af1e0adcb65df9,True,1.0,1.0,0.922333315644841,1.0,1.0,1.0,0.9676388815186838
1970,bcccfa73a6845d11,True,1.0,1.0,1.0,1.0,1.0,1.0,1.0
1971,e45572ab63ef5deb,True,1.0,1.0,1.0,1.0,1.0,1.0,1.0
1972,a004456be0fd5ce0,True,1.0,1.0,0.9877823119952999,1.0,1.0,1.0,0.9949092966647083
1973,db7dbae63ff15234,True,1.0,1.0,1.0,1.0,1.0,1.0,1.0
1974,7f2a06cede325573,True,1.0,0.0,0.0,1.0,1.0,1.0,0.0
1975,0363f17229aa5b57,True,1.0,1.0,1.0,1.0,1.0,1.0,1.0
1976,dfa4c26313d45198,True,1.0,1.0,0.8804460712268775,1.0,1.0,1.0,0.9501858630111989
1977,6fd56fa51891517e,True,1.0,1.0,0.8449055926558888,1.0,1.0,1.0,0.935377330273287
1978,6b97412307ad5c16,True,1.0,1.0,0.7591718631365636,1.0,1.0,1.0,0.8996549429735682
1979,d3b390ffae355616,True,1.0,1.0,0.8274870151424644,1.0,1.0,1.0,0.9281195896426935
1980,8bc0584436b25488,True,1.0,1.0,0.8091705654201666,1.0,1.0,1.0,0.9204877355917361
1981,d32754e8c47e5771,True,1.0,0.0,0.0,0.0,1.0,1.0,0.0
1982,c778933c0b8f5093,True,1.0,1.0,1.0,1.0,1.0,1.0,1.0
1983,2458f368da645ef5,True,1.0,1.0,0.6753601233041086,1.0,1.0,1.0,0.8647333847100452
1984,79322494f7975811,True,1.0,1.0,1.0,1.0,1.0,1.0,1.0
1985,655c3f17ee2d5683,True,1.0,0.0,0.0,1.0,1.0,1.0,0.0
1986,625804443c0555ac,True,1.0,1.0,0.687857287390483,1.0,1.0,1.0,0.8699405364127012
1987,3862c9ed94ab5f90,True,1.0,1.0,0.6873720999627327,1.0,1.0,1.0,0.8697383749844719
1988,d777782391de54bf,True,1.0,1.0,0.7879182849275738,1.0,1.0,1.0,0.9116326187198224
1989,6af09cbf5d405f49,True,1.0,1.0,0.4075091647409733,1.0,1.0,0.5,0.7531288186420723
1990,c63599ac19bc5e9a,True,1.0,1.0,1.0,1.0,1.0,1.0,1.0
1991,c081afa672dc56a2,True,1.0,1.0,0.7150519398979911,1.0,1.0,1.0,0.8812716416241629
1992,c5388dbd766353cf,True,1.0,1.0,1.0,1.0,1.0,1.0,1.0
1993,26b5e3878f2250ac,True,1.0,1.0,0.5535477350360277,1.0,1.0,1.0,0.8139782229316782
1994,b85f00b0919a5180,True,1.0,1.0,0.9184465336911652,1.0,1.0,1.0,0.9660193890379855
1995,74a8e53c9a6f50a3,True,1.0,1.0,1.0,1.0,1.0,1.0,1.0
1996,f92ecd09fdf45404,True,1.0,1.0,0.875683670963928,1.0,1.0,1.0,0.9482015295683034
1997,c35e290a671a5084,True,1.0,1.0,1.0,1.0,1.0,0.5,1.0
1998,abda798b87535e07,True,1.0,1.0,0.5875202121909203,1.0,1.0,1.0,0.8281334217462168
1999,5b3f41f636aa5136,True,1.0,1.0,1.0,1.0,1.0,1.0,1.0
2000,a3af72210c7553c4,True,1.0,1.0,1.0,1.0,1.0,1.0,1.0
2001,0bb13e6e40385c18,True,1.0,1.0,0.6608040556009838,1.0,1.0,1.0,0.85866835650041
2002,07bf0601ad425977,True,1.0,1.0,0.6622610642328838,1.0,1.0,1.0,0.8592754434303682
2003,9048dd95941958d8,True,1.0,1.0,1.0,1.0,1.0,1.0,1.0
2004,963d98eaf75259f6,True,1.0,1.0,0.9568923034985306,1.0,1.0,1.0,0.9820384597910544
2005,32c0c70837d05c47,True,1.0,1.0,0.0668562217646374,1.0,1.0,1.0,0.6111900924019322
2006,f8b524a4e8925503,True,1.0,1.0,0.9956688200336735,1.0,1.0,1.0,0.9981953416806973
2007,0bf961d076bc5a15,True,1.0,1.0,1.0,1.0,1.0,1.0,1.0
2008,3a2875c07f035d2d,True,1.0,1.0,0.8425233564880563,1.0,1.0,1.0,0.9343847318700235
2009,1b3de6f75c0559d8,True,1.0,1.0,1.0,1.0,1.0,1.0,1.0
2010,3e730f46f6f055a3,True,1.0,1.0,0.7989104584586928,1.0,1.0,1.0,0.9162126910244552
2011,966e42e47cc85a5c,True,1.0,1.0,0.501660624001949,1.0,1.0,1.0,0.7923585933341455
2012,f03963c1aacd54f4,True,1.0,1.0,0.05382169913597482,1.0,1.0,1.0,0.6057590413066561
2013,d9983fb6d20e5413,True,1.0,1.0,1.0,1.0,1.0,1.0,1.0
2014,e8d6682562335254,True,1.0,1.0,1.0,1.0,1.0,1.0,1.0
2015,18f485e808bf58da,True,1.0,1.0,0.8153456589613426,1.0,1.0,1.0,0.9230606912338928
2016,eff5e373dade52e7,True,1.0,1.0,0.7853103685831705,1.0,1.0,1.0,0.9105459869096544
2017,93b50a6df30b5453,True,1.0,1.0,0.8844295224748323,1.0,1.0,1.0,0.9518456343645134
2018,e8c4f72606fb5cb0,True,1.0,1.0,0.560091486332442,1.0,1.0,1.0,0.8167047859718508
2019,50eebed7d9655bb5,True,0.0,1.0,0.0,0.0,1.0,0.5,0.0
2020,1eb0e6e749975996,True,0.0,0.0,0.0,0.0,1.0,0.0,0.0
2021,efc87f8726645319,True,1.0,1.0,0.9267704841776943,1.0,1.0,1.0,0.969487701740706
2022,db1231d931455d2c,True,1.0,0.0,0.0,1.0,1.0,1.0,0.0
2023,259c9d9aac5457fc,True,0.0,1.0,0.0,0.0,1.0,1.0,0.0
2024,986b3349c460538b,True,1.0,1.0,0.7890853538747297,1.0,1.0,1.0,0.9121188974478041
2025,86ecfd85bd095b7f,True,1.0,1.0,1.0,1.0,1.0,1.0,1.0
2026,e317ddda18f25545,True,1.0,1.0,0.8820380154538547,1.0,1.0,1.0,0.9508491731057728
2027,80a22559c9565d0a,True,1.0,1.0,0.9651759728834112,1.0,1.0,1.0,0.9854899887014213
2028,fb2a6578f15d5ff5,True,1.0,1.0,1.0,1.0,1.0,0.5,1.0
2029,dc482250cdb35c9e,True,1.0,1.0,0.8150990966875341,1.0,1.0,1.0,0.9229579569531392
2030,50433807834059b1,True,1.0,1.0,0.6981765849601534,1.0,1.0,1.0,0.8742402437333973
2031,26840e3a5da45589,True,1.0,1.0,0.591063709782278,1.0,1.0,0.0,0.8296098790759491
2032,c11b8e3e58e857f6,True,1.0,1.0,1.0,1.0,1.0,1.0,1.0
2033,6c8305cdaa0653ca,True,1.0,1.0,1.0,1.0,1.0,1.0,1.0
2034,7da863f64a5f5e90,True,1.0,0.0,0.0,1.0,1.0,1.0,0.0
2035,11aef9f936f45518,True,1.0,1.0,0.79406878647822,1.0,1.0,1.0,0.9141953276992583
2036,6907f601feee5114,True,1.0,1.0,0.668143238892249,1.0,1.0,1.0,0.861726349538437
2037,40c9fc73f7275730,True,1.0,1.0,1.0,1.0,1.0,1.0,1.0
2038,c7f3aa98380354ba,True,1.0,0.0,0.0,1.0,1.0,0.0,0.0
2039,907f2c5fde6f5db8,True,1.0,1.0,0.6492571482379559,1.0,1.0,0.5,0.8538571450991483
2040,75128a99a5765e31,True,1.0,1.0,1.0,1.0,1.0,1.0,1.0
2041,1e858b49f4a95ee8,True,1.0,1.0,1.0,1.0,1.0,1.0,1.0
2042,57e7565904e05728,True,1.0,1.0,1.0,1.0,1.0,1.0,1.0
2043,6f045b164624549f,True,1.0,1.0,1.0,1.0,1.0,1.0,1.0
2044,bcac47f590d854a7,True,1.0,1.0,0.7710228965596102,1.0,1.0,1.0,0.9045928735665042
2045,fe94da01811e53fc,True,1.0,1.0,0.626233696127752,1.0,1.0,1.0,0.84426404005323
2046,869ee63671f65126,True,1.0,1.0,0.7756610126537399,1.0,1.0,1.0,0.9065254219390583
2047,a75e220cee925c10,True,1.0,1.0,0.785514272992424,1.0,1.0,1.0,0.9106309470801767
2048,afe18a576559502d,True,1.0,1.0,1.0,1.0,1.0,1.0,1.0
2049,d58a453c3f155916,True,1.0,1.0,0.6472417940670602,1.0,1.0,1.0,0.8530174141946084
2050,4646c3058d13526c,True,1.0,1.0,0.6868606422103857,1.0,1.0,1.0,0.8695252675876607
2051,95de48bebbb35484,True,1.0,1.0,1.0,1.0,1.0,1.0,1.0
2052,fa8627edacbd5ea0,True,1.0,1.0,1.0,1.0,1.0,1.0,1.0
2053,bacbab3d771e59fd,True,0.0,1.0,0.0,0.0,1.0,0.0,0.0
2054,645e303a25a65190,True,1.0,0.0,0.0,1.0,1.0,0.5,0.0
2055,27c1c1822dc75f7b,True,1.0,1.0,0.8468580824585037,1.0,1.0,1.0,0.9361908676910432
2056,7276ff87d3c2557c,True,1.0,1.0,1.0,1.0,1.0,1.0,1.0
2057,311302972dd15a8b,True,1.0,1.0,0.8607134575862244,1.0,1.0,1.0,0.9419639406609268
2058,d929120b36a95db5,True,1.0,1.0,1.0,1.0,1.0,1.0,1.0
2059,9c9944c9e8b3583e,True,1.0,1.0,0.7485520727218898,1.0,1.0,1.0,0.8952300303007874
2060,9017962112f85d62,True,1.0,1.0,0.7002303302492454,1.0,1.0,1.0,0.8750959709371856
2061,32cc73faa9755edb,True,1.0,1.0,0.8274009488870182,1.0,1.0,1.0,0.9280837287029242
2062,a009893e14c75fd0,True,1.0,1.0,0.8822940224708401,1.0,1.0,1.0,0.9509558426961834
2063,278518f5fd0354b3,True,1.0,0.0,0.0,0.0,1.0,0.0,0.0
2064,407c0f671669566d,True,1.0,1.0,0.7355275178347261,1.0,1.0,1.0,0.889803132431136
2065,49c9a9f57deb5a8c,True,1.0,1.0,0.8202442541512194,1.0,1.0,0.0,0.9251017725630081
2066,4104fd0bb7845b56,True,1.0,1.0,0.9010451899487947,1.0,1.0,1.0,0.9587688291453311
2067,d3cbad95b20b5125,True,1.0,1.0,0.953576479894981,1.0,1.0,1.0,0.9806568666229087
2068,68bbcb5f42845480,True,0.0,1.0,0.0,0.0,1.0,1.0,0.0
2069,695990349fc551a7,True,1.0,0.0,0.0,1.0,1.0,1.0,0.0
2070,f776577c7428592b,True,1.0,1.0,0.8193178684380231,1.0,1.0,1.0,0.924715778515843
2071,5ae9a8971a6754f1,True,1.0,1.0,1.0,1.0,1.0,1.0,1.0
2072,2d9d3d15e7f25716,True,1.0,0.0,0.0,1.0,1.0,1.0,0.0
2073,3a8a3a691f4450b5,True,1.0,1.0,0.8851648692406504,1.0,1.0,1.0,0.9521520288502711
2074,2a4db0773ca95ce5,True,1.0,1.0,0.6593656398038029,1.0,1.0,1.0,0.8580690165849179
2075,134651c94f73576f,True,1.0,0.0,0.0,1.0,1.0,1.0,0.0
2076,ee9a7d622e33569a,True,1.0,1.0,0.8422616280655446,1.0,1.0,1.0,0.9342756783606436
2077,e03d76c4983954eb,True,1.0,1.0,0.8845052658722754,1.0,1.0,1.0,0.9518771941134481
2078,3bd0bc4b1100504c,True,0.0,1.0,0.0,0.0,1.0,1.0,0.0
2079,084ce89976f1505e,True,0.0,1.0,0.0,0.0,1.0,1.0,0.0
2080,01d061d9a66451ea,True,0.0,1.0,0.0,0.0,1.0,1.0,0.0
2081,75e0217f16f459c4,True,1.0,1.0,0.6315245415301917,1.0,1.0,1.0,0.8464685589709132
2082,d5fbd3df4a505559,True,1.0,1.0,1.0,1.0,1.0,1.0,1.0
2083,9bb4006483955eb9,True,1.0,1.0,0.8131026975028358,1.0,1.0,1.0,0.922126123959515
2084,f8ec4186e4f15c8f,True,1.0,1.0,1.0,1.0,1.0,1.0,1.0
2085,281798a7d40559bb,True,1.0,0.0,0.0,1.0,1.0,1.0,0.0
2086,84136b2623ef5618,True,1.0,0.0,0.0,1.0,1.0,0.5,0.0
2087,0367791336c3533e,True,0.0,1.0,0.0,0.0,0.0,1.0,0.0
2088,6b363ffce294521f,True,1.0,1.0,0.5237943658335964,1.0,1.0,1.0,0.8015809857639985
2089,fce43d129a9154a1,True,1.0,1.0,0.947396422605096,1.0,1.0,1.0,0.9780818427521233
2090,3a61d7ced3ca590d,True,0.0,1.0,0.0,1.0,1.0,1.0,0.0
2091,0146e76ccdba5d9d,True,1.0,1.0,0.7378165026157363,1.0,1.0,1.0,0.8907568760898901
2092,ead391b66ff253c1,True,1.0,1.0,1.0,1.0,1.0,1.0,1.0
2093,c6c7e6c737cb5f4c,True,1.0,1.0,0.46713174061508955,1.0,1.0,1.0,0.7779715585896206
2094,eb3e272209a4520f,True,1.0,1.0,0.7406002041056959,1.0,1.0,1.0,0.8919167517107066
2095,b605703d3fb05725,True,1.0,1.0,1.0,1.0,1.0,1.0,1.0
2096,709f0d99dfa0567e,True,1.0,1.0,0.7692212445613235,1.0,1.0,1.0,0.9038421852338848
2097,476c37463b4f580e,True,1.0,1.0,1.0,1.0,1.0,1.0,1.0
2098,eed30293a86e5feb,True,1.0,1.0,1.0,1.0,1.0,1.0,1.0
2099,895513fa202c506f,True,1.0,1.0,1.0,1.0,1.0,1.0,1.0
2100,6f7355de329659f2,True,1.0,1.0,0.8772811294466999,1.0,1.0,1.0,0.9488671372694583
2101,6246c97eee435b98,True,1.0,1.0,0.7149450777363798,1.0,1.0,1.0,0.8812271157234915
2102,f2fdedb5a4ba5c4c,True,1.0,1.0,0.9349211274963295,1.0,1.0,1.0,0.9728838031234707
2103,4342cb36fbba580b,True,1.0,1.0,0.9174583470160601,1.0,1.0,1.0,0.9656076445900249
2104,cf7876c4ad0752b5,True,1.0,1.0,1.0,1.0,1.0,1.0,1.0
2105,682660223761501d,True,1.0,0.0,0.0,1.0,1.0,0.5,0.0
2106,5496f69033515dd4,True,1.0,0.0,0.0,1.0,1.0,0.0,0.0
2107,752b0c820740589e,True,1.0,1.0,0.7878459337494973,1.0,1.0,1.0,0.9116024723956239
2108,f714eb04f5495273,True,1.0,1.0,0.8561710095808664,1.0,1.0,1.0,0.9400712539920276
2109,40726c708b17504a,True,1.0,1.0,0.9028308503415132,1.0,1.0,1.0,0.9595128543089638
2110,d753a5379cc15b69,True,1.0,1.0,0.743486840585211,1.0,1.0,1.0,0.8931195169105046
2111,0a99133136835ee9,True,1.0,1.0,1.0,1.0,1.0,1.0,1.0
2112,f04d33e677745e8e,True,1.0,1.0,0.9224684977215539,1.0,1.0,1.0,0.9676952073839807
2113,aee53565120f533b,True,1.0,1.0,0.8203898193090622,1.0,1.0,1.0,0.9251624247121093
2114,aabb4c5a82d65945,True,1.0,1.0,0.9104727374942013,1.0,1.0,1.0,0.9626969739559174
2115,013d05a439b95210,True,1.0,1.0,1.0,1.0,1.0,1.0,1.0
2116,21560b9edc8c5b8c,True,1.0,1.0,0.6953254679829324,0.0,1.0,1.0,0.4563856116595552
2117,5ea6697ab5c552b6,True,1.0,1.0,1.0,1.0,1.0,1.0,1.0
2118,e46762b07ca45b74,True,1.0,1.0,0.6252085087740427,1.0,1.0,1.0,0.8438368786558511
2119,fb3eed693c845412,True,1.0,1.0,0.9837352232660611,1.0,1.0,1.0,0.9932230096941922
2120,f1ae4feebfda5b75,True,1.0,0.0,0.0,0.0,1.0,1.0,0.0
2121,1c4544c0876f5a08,True,1.0,1.0,0.8609010640772029,1.0,1.0,1.0,0.9420421100321678
2122,264a59ce900b5405,True,1.0,1.0,0.9303795495847657,1.0,1.0,1.0,0.9709914789936525
2123,45e8b10f95925c47,True,1.0,1.0,0.9696157092306773,1.0,1.0,1.0,0.9873398788461155
2124,861c55d61243570c,True,1.0,1.0,1.0,1.0,1.0,1.0,1.0
2125,91fbe6fb1a3d5717,True,1.0,1.0,1.0,1.0,1.0,1.0,1.0
2126,36f96e28725c5f5e,True,1.0,1.0,0.7199914962387856,0.0,1.0,1.0,0.4666631234328273
2127,e45023fbb46857d6,True,1.0,1.0,0.780833726773151,1.0,1.0,1.0,0.9086807194888129
2128,112db94505025ec5,True,1.0,1.0,0.9099069529582453,1.0,1.0,1.0,0.9624612303992688
2129,a4525819e5c25936,True,1.0,1.0,1.0,1.0,1.0,1.0,1.0
2130,046cdc424d515ee1,True,1.0,1.0,0.713818283946486,1.0,1.0,1.0,0.8807576183110358
2131,0937290700b851a0,True,1.0,1.0,1.0,1.0,1.0,1.0,1.0
2132,a2b7733806b355ac,True,1.0,1.0,1.0,1.0,1.0,1.0,1.0
2133,45d416b638f95a9c,True,1.0,1.0,0.7906340764150386,1.0,1.0,0.5,0.9127641985062661
2134,b07f7a319de35f9a,True,1.0,1.0,0.7938172646950166,1.0,1.0,1.0,0.9140905269562568
2135,32f2729bfe435c65,True,1.0,1.0,1.0,1.0,1.0,1.0,1.0
2136,4bc793d4a9ef5860,True,1.0,1.0,1.0,1.0,1.0,1.0,1.0
2137,5628a405141e5e29,True,1.0,1.0,1.0,1.0,1.0,1.0,1.0
2138,d834813ce20a54e1,True,1.0,1.0,1.0,1.0,1.0,1.0,1.0
2139,cb5022a3bef557e3,True,1.0,1.0,0.573862931148696,1.0,1.0,0.5,0.8224428879786233
2140,ece3a3dc01cd53d2,True,1.0,1.0,0.7724791227901633,1.0,1.0,1.0,0.9051996344959014
2141,974041ac230056eb,True,1.0,1.0,1.0,0.0,1.0,1.0,0.5833333333333334
2142,d85c679f79b552ae,True,1.0,1.0,1.0,1.0,1.0,1.0,1.0
2143,cc8a7b88b06b56c2,True,1.0,1.0,1.0,1.0,1.0,1.0,1.0
2144,10214bdcdd9c5607,True,1.0,1.0,1.0,1.0,1.0,1.0,1.0
2145,f0455664b24358a7,True,1.0,1.0,1.0,1.0,1.0,1.0,1.0
2146,8d04552a13985dc6,True,1.0,0.0,0.0,0.0,1.0,0.5,0.0
2147,b62d1a9194025d38,True,1.0,1.0,0.5394252798259389,1.0,1.0,1.0,0.8080938665941412
2148,5259a5b9d00d54a7,True,1.0,1.0,0.8405073937742358,1.0,1.0,1.0,0.9335447474059316
2149,14fb2a9aad8850d2,True,1.0,1.0,0.7911326805131411,1.0,1.0,1.0,0.9129719502138087
2150,66a897321eb45503,True,1.0,1.0,0.7571892021199285,1.0,1.0,1.0,0.8988288342166367
2151,ba3833aabbb85e7b,True,1.0,1.0,0.7793390218384895,1.0,1.0,1.0,0.9080579257660372
2152,73b4c0560bd85b5e,True,1.0,1.0,1.0,1.0,1.0,1.0,1.0
2153,4a096077f8165879,True,1.0,1.0,1.0,0.0,1.0,1.0,0.5833333333333334
2154,c9902a827ade5f45,True,1.0,1.0,0.7568451548546614,1.0,1.0,1.0,0.8986854811894421
2155,81102abfeaa25562,True,0.0,1.0,0.0,0.0,1.0,1.0,0.0
2156,11d28b80cd0a56d5,True,1.0,1.0,0.6925218847504304,0.0,1.0,1.0,0.455217451979346
2157,f6ab99e351c95b45,True,1.0,1.0,0.9277117824461504,1.0,1.0,1.0,0.9698799093525627
2158,45d77984273c5205,True,1.0,1.0,1.0,1.0,1.0,1.0,1.0
2159,e456e929ecb85b07,True,1.0,1.0,0.6679208627806252,1.0,1.0,1.0,0.8616336928252606
2160,a7aa2b49e81b5d4f,True,1.0,1.0,0.7055640914386685,1.0,1.0,1.0,0.8773183714327786
2161,6a934e9ad62352ee,True,1.0,1.0,0.7254394164613499,1.0,1.0,1.0,0.8855997568588959
2162,932f0bf1d23b5ba7,True,1.0,0.0,0.0,1.0,1.0,0.5,0.0
2163,54b1735112ed5840,True,1.0,1.0,0.9013572051247626,1.0,1.0,1.0,0.9588988354686512
2164,9dcc18a23f4d57d8,True,1.0,1.0,0.7561847127177587,1.0,1.0,1.0,0.8984102969657327
2165,fa1f681041595461,True,1.0,1.0,1.0,1.0,1.0,1.0,1.0
2166,f55f99174afa5d7e,True,1.0,1.0,0.818604554042723,1.0,1.0,1.0,0.9244185641844679
2167,ed01297783a05dba,True,1.0,1.0,0.8541827521175569,0.0,1.0,1.0,0.5225761467156488
2168,ad8912b904665e0f,True,1.0,1.0,0.9070872326451923,1.0,1.0,1.0,0.9612863469354967
2169,625bda810b66583a,True,1.0,1.0,0.8134374228469028,1.0,1.0,1.0,0.9222655928528761
2170,4339d22a9e205757,True,1.0,1.0,0.7322489025898671,1.0,1.0,1.0,0.8884370427457778
2171,0f3cdfd8866b5915,True,1.0,1.0,0.6332620103466353,1.0,1.0,1.0,0.847192504311098
2172,3a7818b46809570a,True,1.0,1.0,0.7569000241127622,1.0,1.0,1.0,0.8987083433803176
2173,69f80a41cbaa5c1b,True,1.0,1.0,0.7332578027535614,1.0,1.0,1.0,0.888857417813984
2174,8ba3e54303a352c8,True,1.0,1.0,1.0,0.0,1.0,1.0,0.5833333333333334
2175,aecf8e9ea11c5a06,True,1.0,0.0,0.0,1.0,1.0,0.5,0.0
2176,56464bef8d91590f,True,1.0,1.0,0.6559643766714534,1.0,1.0,1.0,0.8566518236131055
2177,6b9ddb691b38551a,True,1.0,1.0,0.8618947999197264,1.0,1.0,1.0,0.9424561666332193
2178,260d0c0225eb534d,True,1.0,1.0,1.0,1.0,1.0,1.0,1.0
2179,8c156f5b675b5657,True,1.0,1.0,1.0,1.0,1.0,1.0,1.0
2180,8eac67d757755066,True,1.0,1.0,0.8853988215292397,1.0,1.0,1.0,0.9522495089705165
2181,131ab0263b07507c,True,1.0,0.0,0.0,1.0,1.0,0.5,0.0
2182,7dda9e548f79596b,True,1.0,1.0,1.0,1.0,1.0,1.0,1.0
2183,17c5c685420d5729,True,1.0,1.0,1.0,1.0,1.0,0.0,1.0
2184,284fd1657c8659e1,True,1.0,1.0,1.0,1.0,1.0,1.0,1.0
2185,55dab3d9ebd95046,True,1.0,1.0,0.5251119212943107,1.0,1.0,1.0,0.8021299672059629
2186,23df9e4092425b2b,True,1.0,1.0,0.09964264105797095,1.0,1.0,1.0,0.6248511004408213
2187,122a6e620fcb5c80,True,1.0,1.0,0.8559227008722935,1.0,1.0,1.0,0.9399677920301223
2188,4abad0cd5fee5f43,True,1.0,1.0,0.7631543159531765,1.0,1.0,1.0,0.9013142983138236
2189,07930113a85651b0,True,1.0,1.0,1.0,1.0,1.0,1.0,1.0
2190,21b36975c4f75e9a,True,1.0,1.0,0.7541748312786261,1.0,1.0,1.0,0.8975728463660942
2191,2861c47f508652e8,True,1.0,1.0,1.0,1.0,1.0,1.0,1.0
2192,7beae7492ff45866,True,1.0,1.0,0.9151598032938055,1.0,1.0,1.0,0.9646499180390856
2193,7b22018666ac5b0e,True,1.0,0.0,0.0,1.0,1.0,1.0,0.0
2194,0eb72de48c875897,True,1.0,1.0,1.0,1.0,1.0,1.0,1.0
2195,c8f1cf1b119f5afe,True,1.0,1.0,0.8633697996070208,1.0,1.0,1.0,0.9430707498362586
2196,407bc420086a58f6,True,1.0,0.0,0.0,1.0,1.0,1.0,0.0
2197,7d5618d384ac5071,True,1.0,1.0,0.8159895600950654,1.0,1.0,1.0,0.923328983372944
2198,3921f38b62d55f1a,True,0.0,1.0,0.0,0.0,1.0,1.0,0.0
2199,b7c8677392845e18,True,1.0,1.0,0.838836639525594,1.0,1.0,1.0,0.9328485998023308
2200,a067e1b873c8534d,True,1.0,1.0,0.6018828249126269,1.0,1.0,1.0,0.8341178437135945
2201,6b2cda5004dc5df9,True,0.0,1.0,0.0,0.0,1.0,1.0,0.0
2202,40d32b824b705cbc,True,1.0,1.0,0.8557828730370579,1.0,1.0,1.0,0.9399095304321076
2203,91ae20bf459859fe,True,1.0,1.0,0.7908862797072133,1.0,1.0,1.0,0.9128692832113389
2204,2258bd346b3f5376,True,1.0,1.0,0.8391183375272753,1.0,1.0,1.0,0.932965973969698
2205,c10ed86969435545,True,1.0,1.0,1.0,1.0,1.0,1.0,1.0
2206,e3d3be1bc77e517e,True,1.0,1.0,1.0,1.0,1.0,1.0,1.0
2207,690d5fcd5dd056dc,True,1.0,1.0,1.0,1.0,1.0,1.0,1.0
2208,20024f7ea9635ed8,True,1.0,1.0,1.0,1.0,1.0,1.0,1.0
2209,c81f2105e14758ea,True,1.0,1.0,0.9683270161105464,1.0,1.0,1.0,0.9868029233793942
2210,0d95350d8f3b516b,True,1.0,1.0,1.0,1.0,1.0,1.0,1.0
2211,42629decf8ad5328,True,1.0,1.0,1.0,1.0,1.0,1.0,1.0
2212,b27e2139fbb959fa,True,1.0,1.0,1.0,1.0,1.0,1.0,1.0
2213,77160cf8a6b8581d,True,1.0,1.0,0.7510140494679703,1.0,1.0,1.0,0.8962558539449876
2214,f099b753f4345fb5,True,1.0,1.0,1.0,1.0,1.0,1.0,1.0
2215,beaa12171da45b46,True,1.0,1.0,0.8837179220240161,1.0,1.0,1.0,0.9515491341766733
2216,b7568427b45a57c9,True,1.0,1.0,0.8820761086918533,1.0,1.0,1.0,0.9508650452882721
2217,cd16888f31015b81,True,1.0,1.0,1.0,1.0,1.0,0.0,1.0
2218,0fcb8c19983c51b6,True,1.0,1.0,0.798763664533617,1.0,1.0,1.0,0.9161515268890071
2219,39fd7cb73aa259db,True,1.0,1.0,1.0,1.0,1.0,1.0,1.0
2220,cbbc4cdfaf2e5106,True,1.0,1.0,0.7729794169782362,1.0,1.0,1.0,0.9054080904075984
2221,22a9f8694d425753,True,1.0,1.0,0.5188604551828864,1.0,1.0,1.0,0.799525189659536
2222,faf80a4ecf8858fe,True,1.0,1.0,0.8663008408452832,1.0,1.0,1.0,0.944292017018868
2223,2e6e8eebd05f5da2,True,1.0,1.0,0.774281613396895,1.0,1.0,1.0,0.9059506722487063
2224,e60d3950023a5e46,True,1.0,1.0,0.7402075997161623,1.0,1.0,1.0,0.891753166548401
2225,1ecaacbc53a754e7,True,1.0,1.0,1.0,1.0,1.0,1.0,1.0
2226,d4c4bdedcfd25465,True,1.0,1.0,0.8720167939393922,1.0,1.0,1.0,0.9466736641414135
2227,8d21608fa8c354f1,True,1.0,1.0,0.4200212392520509,1.0,1.0,1.0,0.7583421830216879
2228,f820630d5f0a50ed,True,1.0,1.0,0.7270769907585664,1.0,1.0,1.0,0.886282079482736
2229,9c68b0b158bb5d03,True,1.0,1.0,0.6205244098080805,1.0,0.0,1.0,0.6752185040867001
2230,c6fc9d4d4dec5609,True,1.0,1.0,0.8888310831185359,1.0,1.0,1.0,0.9536796179660566
2231,90ed944de9405835,True,1.0,1.0,0.855935189309036,1.0,1.0,1.0,0.9399729955454316
2232,1d16c78634695b4a,True,1.0,0.0,0.0,1.0,1.0,0.0,0.0
2233,8ca0e93beaa056de,True,1.0,1.0,0.9133258677865413,1.0,1.0,1.0,0.9638857782443923
2234,e4b5a2693d2d5a31,True,1.0,1.0,0.7407849545912149,1.0,1.0,1.0,0.891993731079673
2235,6e813b55dcb35df7,True,1.0,1.0,0.8726092679725392,1.0,1.0,1.0,0.9469205283218912
2236,d894554636eb52f4,True,1.0,1.0,0.502480757609302,1.0,1.0,1.0,0.7927003156705424
2237,a0bc34982a4555ac,True,1.0,1.0,0.730477852068265,1.0,1.0,1.0,0.8876991050284437
2238,f1dabe118a6955d6,True,1.0,1.0,1.0,1.0,1.0,1.0,1.0
2239,7fdcd804a7a95b6c,True,0.0,1.0,0.0,0.0,1.0,1.0,0.0
2240,c95348f67fa059ae,True,1.0,1.0,1.0,1.0,1.0,1.0,1.0
2241,714a2012b2a75d4f,True,1.0,1.0,1.0,1.0,1.0,1.0,1.0
2242,2274256d3852572f,True,1.0,1.0,0.7843120578170111,1.0,1.0,1.0,0.9101300240904213
2243,3e6526b2f7755050,True,1.0,1.0,1.0,1.0,1.0,1.0,1.0
2244,84a6ca68a66e536a,True,1.0,1.0,1.0,1.0,1.0,1.0,1.0
2245,26ca54769df65193,True,1.0,1.0,0.9069845875954433,1.0,1.0,1.0,0.9612435781647681
2246,e6c36a6be3c75127,True,1.0,0.0,0.0,1.0,1.0,0.0,0.0
2247,f38ecbfea0075cca,True,1.0,1.0,0.8679663680139456,1.0,1.0,1.0,0.9449859866724774
2248,fb73ca8c7d5f5d34,True,1.0,1.0,1.0,1.0,1.0,1.0,1.0
2249,4edc56ca4aac5896,True,1.0,1.0,1.0,1.0,1.0,0.0,1.0
2250,789eca1c50f85cb4,True,1.0,1.0,0.5507575382856833,1.0,1.0,1.0,0.8128156409523681
2251,8c47d8fc41a55f31,True,1.0,1.0,0.8302444719995331,1.0,1.0,1.0,0.9292685299998054
2252,e698c7da1faf53f5,True,1.0,1.0,0.7738869380987997,1.0,1.0,1.0,0.9057862242078332
2253,68b2ef4a0f9d505e,True,1.0,1.0,1.0,1.0,1.0,1.0,1.0
2254,aa5b0658c4e6529d,True,1.0,1.0,0.9921682083494144,1.0,1.0,1.0,0.9967367534789227
2255,72d13a5ce3af5ca6,True,1.0,1.0,1.0,1.0,1.0,1.0,1.0
2256,e309a82b568d5669,True,1.0,1.0,1.0,1.0,1.0,1.0,1.0
2257,3fdefe546f3159fd,True,1.0,1.0,0.9211742458794886,0.0,1.0,1.0,0.5504892691164536
2258,6aa26df6c6d052cb,True,1.0,1.0,0.7397726261840063,1.0,1.0,1.0,0.8915719275766693
2259,81b86d3bfe9758ac,True,1.0,1.0,0.7413122814140072,1.0,1.0,1.0,0.8922134505891698
2260,c9374cc3f2d45d75,True,1.0,0.0,0.0,0.0,1.0,1.0,0.0
2261,bf8a9586c59551f2,True,1.0,1.0,0.8050750937487722,1.0,1.0,1.0,0.9187812890619883
2262,a87f744c67175bc4,True,1.0,1.0,0.7117072773056556,1.0,1.0,1.0,0.8798780322106898
2263,6f385b24c5a651bf,True,1.0,1.0,0.874506089250798,1.0,1.0,1.0,0.9477108705211658
2264,7dbe342f2b1c57c5,True,1.0,1.0,0.9405368839135603,1.0,1.0,1.0,0.9752237016306502
2265,a83a32870332554f,True,1.0,1.0,0.7730494379640905,1.0,1.0,1.0,0.905437265818371
2266,923e4fcf3daa57f8,True,1.0,0.0,0.0,1.0,1.0,0.5,0.0
2267,7b37b72faaa25b5d,True,1.0,1.0,0.9375942939227432,1.0,1.0,1.0,0.9739976224678096
2268,0d472b2f14735fd1,True,1.0,1.0,1.0,1.0,1.0,1.0,1.0
2269,38c2e9619e425ab8,True,1.0,1.0,1.0,1.0,1.0,1.0,1.0
2270,841f506a559f534f,True,1.0,1.0,0.9458672717993051,1.0,1.0,1.0,0.9774446965830438
2271,17bc4c71fc425620,True,1.0,1.0,0.39425464635254825,1.0,1.0,1.0,0.7476061026468951
2272,fcb205c7324051ae,True,1.0,1.0,1.0,1.0,1.0,1.0,1.0
2273,bcf2a79dad3f56f2,True,1.0,1.0,1.0,1.0,1.0,1.0,1.0
2274,b23f49937a48507e,True,1.0,1.0,0.853409272226598,1.0,1.0,1.0,0.9389205300944159
2275,d3a7653499875f98,True,1.0,1.0,1.0,1.0,1.0,1.0,1.0
2276,611ff428aa8a5e86,True,1.0,1.0,0.6214871242322481,1.0,1.0,1.0,0.8422863017634367
2277,fb1c9ac223bf5bbe,True,1.0,1.0,1.0,0.0,1.0,1.0,0.5833333333333334
2278,a6da1090aa335503,True,1.0,1.0,1.0,1.0,1.0,1.0,1.0
2279,9f841033bc335965,True,1.0,0.0,0.0,0.0,1.0,1.0,0.0
2280,9ac86ade68505597,True,1.0,1.0,0.8121555464247163,1.0,1.0,1.0,0.9217314776769651
2281,87a1c55863135418,True,1.0,1.0,0.6595308427132104,1.0,1.0,1.0,0.8581378511305043
2282,e17906596dab5e6c,True,1.0,1.0,0.708972765230468,1.0,1.0,1.0,0.8787386521793618
2283,e54bb40453165fac,True,1.0,1.0,0.9835880201372007,1.0,1.0,1.0,0.9931616750571669
2284,d7f2f0a77e3e5b4d,True,1.0,0.0,0.0,1.0,1.0,1.0,0.0
2285,89ab22734ce45927,True,1.0,1.0,0.8639790649836754,1.0,1.0,1.0,0.9433246104098648
2286,d2c77b46ecee58f9,True,1.0,1.0,1.0,1.0,1.0,1.0,1.0
2287,1a37d69ab5805f15,True,1.0,1.0,0.894212360723553,1.0,1.0,1.0,0.955921816968147
2288,dadaa10f428c501e,True,1.0,1.0,0.588243734389562,1.0,1.0,1.0,0.8284348893289842
2289,1f13bc7f674b5ebe,True,1.0,1.0,1.0,1.0,1.0,1.0,1.0
2290,864e62539b8c58f9,True,1.0,1.0,0.7071615009350061,1.0,1.0,1.0,0.8779839587229192
2291,b7c371d55ca65cf8,True,1.0,1.0,0.514565007529326,1.0,1.0,1.0,0.7977354198038858
2292,ca7e845b9c19597c,True,1.0,1.0,0.6985985428489363,1.0,1.0,1.0,0.8744160595203901
2293,e67e31370c185b83,True,1.0,1.0,1.0,1.0,1.0,1.0,1.0
2294,3afbbcf248dc5405,True,1.0,1.0,0.6828972192965727,1.0,1.0,1.0,0.8678738413735719
2295,8a91af177fee5522,True,1.0,1.0,0.9007422332189313,1.0,1.0,1.0,0.9586425971745548
2296,107e89e927fa571a,True,1.0,1.0,0.844227125420859,1.0,1.0,1.0,0.9350946355920247
2297,520f3dc854275784,True,1.0,1.0,0.8383489070121738,1.0,1.0,1.0,0.9326453779217392
2298,820636c082c1539b,True,1.0,1.0,0.9659066878438343,1.0,1.0,1.0,0.9857944532682642
2299,ed2466a660ba5661,True,1.0,1.0,0.9444806206265504,1.0,1.0,1.0,0.9768669252610627
2300,c65c265780365bb1,True,1.0,1.0,0.7865258732820009,1.0,1.0,1.0,0.9110524472008338
2301,a1d40a879acc5165,True,1.0,1.0,0.9641399621255816,1.0,1.0,1.0,0.9850583175523256
2302,1164ea5308cf5aae,True,1.0,1.0,1.0,1.0,1.0,1.0,1.0
2303,13ae6351239c5343,True,1.0,1.0,0.8856245356155501,1.0,1.0,1.0,0.9523435565064792
2304,02e9f697f2d055ee,True,1.0,1.0,0.8783236703688713,1.0,1.0,1.0,0.9493015293203632
2305,d9d22fcc4d395fc9,True,1.0,1.0,0.5778197413643696,1.0,1.0,1.0,0.8240915589018206
2306,b87ed2985e545397,True,1.0,1.0,1.0,1.0,1.0,1.0,1.0
2307,60b5ba011ea65e68,True,1.0,1.0,0.772260639657597,1.0,1.0,1.0,0.905108599857332
2308,34048f1ce51452d0,True,1.0,1.0,1.0,1.0,1.0,1.0,1.0
2309,5dae1d43c2e55113,True,1.0,0.0,0.0,1.0,1.0,1.0,0.0
2310,c052667192cb5ade,True,1.0,1.0,0.7913827541547017,1.0,1.0,1.0,0.9130761475644591
2311,8848228852a65400,True,1.0,1.0,0.9859963545729756,1.0,1.0,1.0,0.9941651477387398
2312,906587437cf95447,True,1.0,1.0,0.798514693730784,1.0,1.0,1.0,0.9160477890544932
2313,af6aff5482395ecf,True,1.0,1.0,1.0,1.0,1.0,1.0,1.0
2314,0c027fc454685c14,True,1.0,1.0,0.997178956000678,1.0,1.0,1.0,0.9988245650002825
2315,a43d920a23d95caa,True,1.0,1.0,0.6465273609646401,1.0,1.0,1.0,0.8527197337352668
2316,a5a1e608305d53a8,True,1.0,1.0,0.7595165195048701,1.0,1.0,1.0,0.8997985497936959
2317,4c59eeddd50e5866,True,1.0,1.0,0.6174526871158099,1.0,1.0,1.0,0.8406052862982542
2318,597fd00be3675d16,True,1.0,1.0,1.0,1.0,1.0,1.0,1.0
2319,ffb89fa44ab351b9,True,1.0,0.0,0.0,1.0,1.0,1.0,0.0
2320,197f2dea642850e7,True,1.0,1.0,0.754628627832742,1.0,1.0,1.0,0.8977619282636425
2321,8be5583b37785664,True,1.0,1.0,0.7750637145621265,1.0,1.0,1.0,0.9062765477342194
2322,e5dc48dd83585491,True,1.0,1.0,0.8268364924573725,1.0,1.0,1.0,0.9278485385239051
2323,9568c56631be548e,True,1.0,1.0,1.0,1.0,1.0,1.0,1.0
2324,eaee116f6fae5472,True,1.0,1.0,0.9803628877230782,1.0,1.0,1.0,0.991817869884616
2325,73864df7d2d25214,True,1.0,1.0,0.9069414857664347,1.0,1.0,1.0,0.9612256190693479
2326,1d2e6d44fd635391,True,1.0,1.0,0.8637854305686955,1.0,1.0,1.0,0.9432439294036232
2327,3ef7a107ecc75162,True,1.0,0.0,0.0,1.0,1.0,0.0,0.0
2328,ddc5aacc5d785804,True,1.0,1.0,1.0,1.0,1.0,1.0,1.0
2329,ab4015c25a66588a,True,1.0,1.0,0.8814595614184838,1.0,1.0,1.0,0.950608150591035
2330,e9cfc98fdc09590a,True,1.0,1.0,0.9750180177191111,1.0,1.0,1.0,0.9895908407162963
2331,586c5b66ad8158ee,True,1.0,0.0,0.0,1.0,1.0,1.0,0.0
2332,a861711ff302554b,True,1.0,1.0,1.0,1.0,1.0,1.0,1.0
2333,0c81f22d5e0658de,True,0.5,1.0,0.4040923528535958,0.0,1.0,1.0,0.16751924017783246
2334,fcb6bd60c8905c79,True,1.0,1.0,0.8766738922964543,1.0,1.0,1.0,0.9486141217901892
2335,8be90fab0cf45555,True,1.0,1.0,0.9897673475232877,1.0,1.0,1.0,0.9957363948013699
2336,ffef12d9476e557b,True,1.0,1.0,0.9224252571818814,1.0,1.0,0.0,0.9676771904924507
2337,a41f538fa8e25be0,True,1.0,1.0,1.0,1.0,1.0,1.0,1.0
2338,bb89143f371a53b5,True,1.0,1.0,0.6599192526111621,1.0,1.0,1.0,0.8582996885879842
2339,6c996448c2e45ca1,True,1.0,1.0,0.7803161163449541,1.0,1.0,1.0,0.9084650484770642
2340,e648d5c380455667,True,0.0,1.0,0.0,0.0,1.0,1.0,0.0
2341,ff5e13b14d735e52,True,1.0,1.0,1.0,1.0,1.0,1.0,1.0
2342,d9953ee7b30f5ac3,True,1.0,1.0,0.8302998920858004,1.0,1.0,1.0,0.9292916217024167
2343,e610e8c900a75a0b,True,1.0,1.0,1.0,1.0,1.0,1.0,1.0
2344,70b89bff643e5ef0,True,1.0,1.0,1.0,1.0,1.0,1.0,1.0
2345,aeea0bc96b5255e9,True,1.0,1.0,0.5960017637894651,1.0,1.0,1.0,0.8316674015789438
2346,c3ed0328b37b586b,True,1.0,1.0,0.8078126657264316,1.0,1.0,0.0,0.9199219440526799
2347,55204d7112015beb,True,1.0,1.0,1.0,1.0,1.0,1.0,1.0
2348,4e2f593274aa5417,True,1.0,1.0,1.0,1.0,1.0,1.0,1.0
2349,ed97bf4877fa5bb0,True,1.0,1.0,0.98508137698636,1.0,1.0,1.0,0.99378390707765
2350,c81fe92ff9c15e8d,True,1.0,1.0,0.7883610294218144,1.0,1.0,1.0,0.9118170955924226
2351,ff4dceb630df54fa,True,1.0,1.0,1.0,1.0,1.0,1.0,1.0
2352,c6aec764d6d059e9,True,1.0,1.0,0.7889566202294435,1.0,1.0,1.0,0.9120652584289348
2353,fde793c65573590a,True,1.0,1.0,0.5877453281009317,1.0,1.0,1.0,0.8282272200420548
2354,98cf54a70d5e5da9,True,1.0,1.0,1.0,1.0,1.0,1.0,1.0
2355,303d9d8e1bbf5053,True,1.0,1.0,1.0,1.0,1.0,1.0,1.0
2356,29518f7a31945a13,True,1.0,1.0,0.8934322519773479,1.0,1.0,1.0,0.9555967716572283
2357,a317560bc1215a39,True,1.0,1.0,0.82782170019848,1.0,1.0,1.0,0.9282590417493667
2358,d925879cb467504c,True,0.0,1.0,0.0,0.0,1.0,1.0,0.0
2359,50f111c89e0958a9,True,1.0,1.0,1.0,1.0,1.0,1.0,1.0
2360,fa70c2e191965353,True,1.0,1.0,0.8506288295801735,1.0,1.0,1.0,0.9377620123250723
2361,0879b546c3cb5615,True,1.0,1.0,1.0,1.0,1.0,1.0,1.0
2362,4940444d511c5594,True,1.0,1.0,0.018113710291392606,1.0,1.0,1.0,0.5908807126214136
2363,91d37a0aabe95056,True,1.0,1.0,0.7030044642019866,1.0,1.0,1.0,0.8762518600841611
2364,8cd3ad22a81c52b6,True,1.0,1.0,1.0,1.0,1.0,1.0,1.0
2365,52f7393aa83854f6,True,1.0,1.0,0.6964522348941934,1.0,1.0,1.0,0.8735217645392472
2366,803addaf65355261,True,1.0,1.0,0.7222166076916925,1.0,1.0,1.0,0.8842569198715385
2367,4e72d5b688ca564f,True,1.0,1.0,1.0,1.0,1.0,1.0,1.0
2368,08b8808b5cf351c3,True,1.0,1.0,0.6346642923201474,1.0,1.0,1.0,0.8477767884667281
2369,36adada77e2f54ba,True,1.0,1.0,0.8859728842935503,1.0,1.0,1.0,0.9524887017889793
2370,206322cf0cf45186,True,1.0,1.0,1.0,1.0,1.0,1.0,1.0
2371,59c00a21c1315d9b,True,1.0,1.0,1.0,1.0,1.0,1.0,1.0
2372,3b56d2b022d25026,True,1.0,1.0,1.0,1.0,1.0,1.0,1.0
2373,97e5f17eb7235c14,True,1.0,1.0,0.8918388277020233,1.0,1.0,1.0,0.9549328448758431
2374,f2a41314d1575761,True,1.0,1.0,1.0,0.0,1.0,1.0,0.5833333333333334
2375,409711b03072566a,True,1.0,0.0,0.0,1.0,1.0,1.0,0.0
2376,a8a10f07becb5a55,True,1.0,1.0,1.0,1.0,1.0,1.0,1.0
2377,4a6dd3df952b5703,True,1.0,1.0,1.0,1.0,1.0,1.0,1.0
2378,df240e44ad0d5c3c,True,1.0,1.0,0.6204292902844099,1.0,1.0,1.0,0.8418455376185041
2379,b1c09de2415c5b14,True,1.0,1.0,0.808405161503567,1.0,1.0,1.0,0.9201688172931529
2380,5cf3fc5bbafd57bf,True,1.0,1.0,1.0,1.0,1.0,1.0,1.0
2381,3128b8da22c75dd0,True,1.0,0.0,0.0,1.0,1.0,1.0,0.0
2382,690cbb033f3750c7,True,1.0,1.0,1.0,1.0,1.0,1.0,1.0
2383,d813c6a4706e5411,True,1.0,0.0,0.0,1.0,1.0,1.0,0.0
2384,7786cc7e34a05294,True,1.0,1.0,1.0,1.0,1.0,1.0,1.0
2385,75f8f9a90db75078,True,1.0,1.0,0.8531517280848021,1.0,1.0,1.0,0.9388132200353342
2386,0bb3e400083659c7,True,1.0,0.0,0.0,1.0,1.0,1.0,0.0
2387,49bd1e2dd88457e3,True,1.0,1.0,1.0,1.0,1.0,1.0,1.0
2388,2591ee089f6e5dba,True,1.0,1.0,0.753857588732444,1.0,1.0,1.0,0.8974406619718517
2389,0a887c5364a457cd,True,1.0,1.0,0.8722780595914797,1.0,1.0,1.0,0.9467825248297833
2390,b0cc2b2b400d5661,True,1.0,1.0,0.5697886783716212,1.0,1.0,1.0,0.8207452826548421
2391,e7116a2035205221,True,1.0,1.0,1.0,1.0,1.0,1.0,1.0
2392,3370b43bf64151a6,True,1.0,1.0,1.0,1.0,1.0,1.0,1.0
2393,b281c2ccb36359e3,True,1.0,1.0,0.9957042369470754,1.0,1.0,1.0,0.9982100987279482
2394,d3dcb57d3c385f19,True,1.0,1.0,0.9565807259622015,1.0,1.0,1.0,0.9819086358175838
2395,c4284fce4a2f5213,True,1.0,1.0,0.6806190688851176,1.0,1.0,1.0,0.8669246120354656
2396,e966ed2a366b5bcb,True,1.0,1.0,0.5968370715511087,1.0,1.0,1.0,0.8320154464796286
2397,10bb4009fdf4513b,True,1.0,1.0,0.662407418306489,1.0,1.0,1.0,0.8593364242943705
2398,5350c9f947cb5482,True,1.0,1.0,0.9376564343594485,1.0,1.0,1.0,0.9740235143164369
2399,448808123f695637,True,1.0,1.0,1.0,1.0,1.0,1.0,1.0
2400,ab313e9e217c581b,True,1.0,1.0,0.7926693332891138,1.0,1.0,1.0,0.9136122222037973
2401,f713c584fcfe5824,True,1.0,1.0,0.08406994135057734,1.0,1.0,1.0,0.6183624755627405
2402,6618e0dc30c95169,True,1.0,1.0,1.0,1.0,1.0,1.0,1.0
2403,a93fe1ec53155bf7,True,1.0,1.0,0.7882826794629537,1.0,1.0,1.0,0.9117844497762307
2404,332ac89545ed5822,True,1.0,1.0,1.0,1.0,1.0,1.0,1.0
2405,3acc6eea1ed15f20,True,1.0,1.0,0.8374363385885061,1.0,1.0,1.0,0.9322651410785442
2406,14576a845ffc521a,True,1.0,1.0,0.7782458267651934,1.0,1.0,1.0,0.9076024278188305
2407,e5fba7e447ff5a61,True,1.0,1.0,0.8601666505884042,1.0,1.0,1.0,0.941736104411835
2408,6f8043e8b0a95706,True,1.0,1.0,1.0,1.0,1.0,1.0,1.0
2409,1b963a72d0cf5320,True,1.0,1.0,0.765453282295292,1.0,1.0,1.0,0.9022722009563716
2410,aba7212ffa3458b6,True,1.0,1.0,0.3335619974512528,1.0,1.0,1.0,0.722317498938022
2411,e194cef299cf5264,True,1.0,0.0,0.0,1.0,1.0,1.0,0.0
2412,fbd06f49da055ea8,True,1.0,1.0,0.888346683674749,1.0,1.0,1.0,0.9534777848644787
2413,cdda15bd879d5a30,True,1.0,1.0,0.7383187312018112,1.0,1.0,1.0,0.8909661380007546
2414,1665bb5ab9d55dca,True,1.0,0.0,0.0,1.0,1.0,1.0,0.0
2415,5aad75c605655367,True,1.0,1.0,1.0,1.0,1.0,1.0,1.0
2416,65d2b64fb7375094,True,1.0,1.0,0.8907399410662226,1.0,1.0,1.0,0.9544749754442594
2417,17b0992157365222,True,1.0,1.0,1.0,1.0,1.0,1.0,1.0
2418,c67262b6c33b5b0f,True,1.0,0.0,0.0,1.0,1.0,1.0,0.0
2419,a8d02b285a5451a0,True,1.0,1.0,1.0,1.0,1.0,1.0,1.0
2420,7238724f2bff58f0,True,1.0,1.0,0.454145392421934,1.0,1.0,1.0,0.7725605801758059
2421,3632fd6cd4295719,True,1.0,1.0,0.7315164875107012,1.0,1.0,1.0,0.8881318697961255
2422,87124bde96ba59b1,True,1.0,1.0,0.789463382208058,1.0,1.0,1.0,0.9122764092533574
2423,89fcf773eb5d514e,True,1.0,0.0,0.0,1.0,1.0,0.0,0.0
2424,c9b41d0b992158c6,True,1.0,0.0,0.0,1.0,1.0,0.0,0.0
2425,e404f3b25f405019,True,1.0,1.0,0.6285684900460261,1.0,1.0,1.0,0.8452368708525109
2426,60f2c00b9ced513f,True,1.0,1.0,0.7949726704410699,1.0,1.0,1.0,0.9145719460171126
2427,8d5023e971cc5f4c,True,1.0,1.0,0.8725493015755498,1.0,1.0,1.0,0.9468955423231457
2428,7dae0a8be0545755,True,1.0,1.0,0.6179027501063051,1.0,1.0,1.0,0.8407928125442937
2429,dee9cc93aed75630,True,1.0,1.0,0.9033112553293369,1.0,1.0,1.0,0.9597130230538905
2430,78f941ea974f5084,True,1.0,1.0,1.0,1.0,1.0,1.0,1.0
2431,86c897328378504d,True,1.0,1.0,0.9227664914863063,1.0,1.0,1.0,0.9678193714526276
2432,01052f67ec24538c,True,1.0,1.0,0.9785314144469086,1.0,1.0,1.0,0.9910547560195453
2433,3b84c23dd4ee5af8,True,1.0,1.0,1.0,1.0,1.0,1.0,1.0
2434,48d1f3140a8c5487,True,1.0,1.0,0.6973974588433955,1.0,1.0,1.0,0.8739156078514148
2435,2072f71b7e8f5ece,True,1.0,1.0,0.6701981332180318,1.0,1.0,1.0,0.8625825555075132
2436,fc8f087133c55220,True,1.0,1.0,0.7080480142471094,1.0,1.0,1.0,0.878353339269629
2437,3c58a86242fe5671,True,1.0,1.0,1.0,1.0,1.0,1.0,1.0
2438,a79297e78d8857b4,True,1.0,1.0,0.7652104445327716,1.0,1.0,1.0,0.9021710185553214
2439,864977c14b9754eb,True,1.0,1.0,0.7670557317046532,1.0,1.0,1.0,0.9029398882102723
2440,61984566807c5b11,True,1.0,1.0,1.0,1.0,1.0,0.5,1.0
2441,ff1a4e51e3f558ce,True,1.0,1.0,1.0,1.0,1.0,1.0,1.0
2442,cf1ad202aadb5ee6,True,1.0,1.0,1.0,1.0,1.0,1.0,1.0
2443,cf0b2ecc4f4d5ee7,True,1.0,1.0,0.7513447919856564,1.0,1.0,1.0,0.8963936633273568
2444,3cc3ea967df55cf0,True,1.0,1.0,1.0,1.0,1.0,1.0,1.0
2445,4e9b792f30975e78,True,0.0,0.0,0.0,0.0,1.0,0.0,0.0
2446,4291f388556f5837,True,1.0,1.0,0.818082484620143,1.0,1.0,1.0,0.924201035258393
2447,8b279a20979950d6,True,1.0,1.0,1.0,1.0,1.0,1.0,1.0
2448,583e9cc4115258e4,True,1.0,1.0,0.8917460794824208,1.0,1.0,0.5,0.954894199784342
2449,fa16987e17c25356,True,1.0,0.0,0.0,1.0,1.0,1.0,0.0
2450,566ee79ab35c5b14,True,1.0,1.0,1.0,1.0,1.0,1.0,1.0
2451,ad898232cb525d5f,True,1.0,1.0,0.553093580917679,1.0,1.0,1.0,0.8137889920490329
2452,331882a4388559b6,True,1.0,1.0,1.0,1.0,1.0,1.0,1.0
2453,47f9e40a21f7510a,True,1.0,1.0,1.0,1.0,1.0,1.0,1.0
2454,6a5b0bbd55395628,True,1.0,1.0,0.7889204327049831,1.0,1.0,1.0,0.912050180293743
2455,b27e6e6bf91d59be,True,1.0,1.0,0.5581263969162391,1.0,1.0,1.0,0.8158859987150997
2456,72cb0bed47ab5464,True,1.0,1.0,0.9397155611043779,1.0,1.0,1.0,0.9748814837934908
2457,c6bd79f439c254a0,True,1.0,1.0,0.8471444539320746,1.0,1.0,1.0,0.9363101891383644
2458,56706b5fe8b4575f,True,1.0,1.0,0.6590439964793946,1.0,1.0,1.0,0.857934998533081
2459,1ee0c099f86a585e,True,1.0,1.0,1.0,1.0,1.0,1.0,1.0
2460,3ae3cf56296b5861,True,1.0,1.0,0.7398117664943171,1.0,1.0,0.5,0.8915882360392988
2461,f9349f5d723b5421,True,1.0,1.0,1.0,1.0,1.0,1.0,1.0
2462,d443368fa4615242,True,1.0,1.0,1.0,1.0,1.0,1.0,1.0
2463,d72d183a16e05cf3,True,1.0,1.0,0.8919293518310969,1.0,1.0,1.0,0.954970563262957
2464,3d4f0c1ecad55944,True,1.0,1.0,0.8061953692210679,1.0,1.0,1.0,0.9192480705087783
2465,1e037812f8d7530d,True,1.0,1.0,0.7923273567980256,1.0,1.0,1.0,0.9134697319991774
2466,a07bb9058982503d,True,1.0,1.0,1.0,1.0,1.0,1.0,1.0
2467,73fabf2a0bdc5af4,True,1.0,1.0,0.5577395134090156,1.0,1.0,1.0,0.8157247972537566
2468,87e14b8fa1665ee2,True,1.0,1.0,1.0,1.0,1.0,1.0,1.0
2469,447a983c9fc45077,True,1.0,1.0,1.0,1.0,1.0,1.0,1.0
2470,6496c4adf0f65e78,True,1.0,1.0,0.9094644955904417,1.0,1.0,1.0,0.9622768731626841
2471,a754894e5e355c0f,True,0.5,0.0,0.0,0.0,1.0,1.0,0.0
2472,b8cf57333fc65efe,True,1.0,0.0,0.0,1.0,1.0,1.0,0.0
2473,611a1729dd145afb,True,1.0,1.0,1.0,1.0,1.0,1.0,1.0
2474,11c529f1623b5034,True,1.0,1.0,0.9835896233274888,1.0,1.0,1.0,0.9931623430531203
2475,3afb7780247f51bb,True,1.0,1.0,0.869848290934448,1.0,1.0,1.0,0.9457701212226867
2476,0839e30e439d511f,True,1.0,1.0,0.6480733876067695,1.0,1.0,1.0,0.8533639115028206
2477,82226888c99e531c,True,1.0,1.0,1.0,1.0,1.0,1.0,1.0
2478,a28a7a914fbc5919,True,1.0,1.0,1.0,1.0,1.0,0.5,1.0
2479,cbda46701b0d57b8,True,1.0,1.0,0.921185174809216,1.0,1.0,1.0,0.9671604895038399
2480,c9e050ae7be45001,True,1.0,1.0,0.8677106810536147,1.0,1.0,1.0,0.944879450439006
2481,38a75ff02ee95756,True,1.0,1.0,0.8165173631819516,1.0,1.0,1.0,0.923548901325813
2482,fdd599e861875d9f,True,1.0,1.0,0.9738156301540943,1.0,1.0,1.0,0.9890898458975393
2483,af3ca613840a5058,True,1.0,1.0,0.9724167903407613,1.0,1.0,0.0,0.9885069959753171
2484,d14f40d60d165b25,True,1.0,1.0,1.0,1.0,1.0,1.0,1.0
2485,1961d1075a085a1d,True,1.0,1.0,0.9295985039176943,1.0,1.0,1.0,0.9706660432990392
2486,80ae73dfb4c45e8d,True,1.0,1.0,0.9666301326189682,1.0,1.0,1.0,0.9860958885912368
2487,dc0152c1caca5d94,True,1.0,1.0,0.9452320908177861,1.0,1.0,1.0,0.9771800378407441
2488,d983f3c9756357b2,True,1.0,1.0,1.0,1.0,1.0,1.0,1.0
2489,e095e7e21ab65691,True,1.0,0.0,0.0,1.0,1.0,1.0,0.0
2490,644d0407ee0a5337,True,1.0,0.0,0.0,1.0,1.0,1.0,0.0
2491,1316af62e13e5dd5,True,1.0,1.0,1.0,1.0,1.0,1.0,1.0
2492,38a5d409f1095059,True,1.0,0.0,0.0,1.0,1.0,1.0,0.0
2493,8f0f7125a2e856b8,True,0.0,1.0,0.0,0.0,1.0,1.0,0.0
2494,61a7d33a4c3b5977,True,1.0,1.0,0.9347077254291302,1.0,1.0,1.0,0.9727948855954708
2495,f7b7dcf856ce587d,True,1.0,1.0,1.0,1.0,1.0,1.0,1.0
2496,ad568870afa55435,True,1.0,1.0,0.9144123629399116,1.0,1.0,1.0,0.9643384845582966
2497,bd377bbe5b695df0,True,1.0,1.0,0.8075847299648934,1.0,1.0,1.0,0.9198269708187056
2498,ac6d9537bf315302,True,1.0,1.0,0.8173368141518611,1.0,1.0,1.0,0.9238903392299421
2499,23803695a4c1547c,True,1.0,1.0,1.0,1.0,1.0,1.0,1.0
2500,fa16fc0f1e9851a3,True,1.0,1.0,0.8448730631638947,1.0,1.0,1.0,0.9353637763182894
2501,48b503ec9c5a5d7a,True,1.0,1.0,0.9544478981232078,1.0,1.0,1.0,0.9810199575513366
2502,f962927ff5dc518c,True,1.0,1.0,0.8311897048912554,1.0,1.0,1.0,0.9296623770380231
2503,77db0b134a185494,True,1.0,1.0,0.8195965417046153,1.0,1.0,1.0,0.9248318923769231
2504,cb10eedc602a59ab,True,1.0,1.0,1.0,1.0,1.0,1.0,1.0
2505,b793d920bf6f53cd,True,1.0,1.0,0.700972543096442,1.0,1.0,1.0,0.8754052262901841
2506,45c6be97d810541f,True,1.0,0.0,0.0,1.0,1.0,1.0,0.0
2507,84765426fd0a5a99,True,1.0,1.0,0.7395003570530756,1.0,1.0,1.0,0.8914584821054481
2508,981dc3169f655892,True,1.0,0.0,0.0,1.0,1.0,1.0,0.0
2509,4f98b9b2f76e57be,True,1.0,1.0,1.0,1.0,1.0,1.0,1.0
2510,53feb52497035b3e,True,1.0,1.0,1.0,1.0,1.0,1.0,1.0
2511,edf7281f49b9573d,True,1.0,1.0,0.9647833617551939,1.0,1.0,1.0,0.9853264007313308
2512,bd9abb7104dc5408,True,1.0,0.0,0.0,1.0,1.0,1.0,0.0
2513,8371ac42ba585d35,True,1.0,1.0,0.8123060945267092,1.0,1.0,1.0,0.9217942060527955
2514,7ccfef5040b359df,True,1.0,1.0,1.0,1.0,1.0,1.0,1.0
2515,39a2b9bc296c5b76,True,1.0,1.0,1.0,0.0,1.0,0.0,0.5833333333333334
2516,6201f6d1b5f65431,True,1.0,1.0,0.6626915932795241,1.0,1.0,1.0,0.8594548305331351
2517,0735d8974394552b,True,1.0,1.0,1.0,1.0,1.0,1.0,1.0
2518,662ddec48b93598e,True,1.0,1.0,0.9236960489457869,1.0,1.0,1.0,0.9682066870607446
2519,9c03b730a5725c00,True,1.0,1.0,0.8843100060275453,1.0,1.0,1.0,0.9517958358448105
2520,1c5c2e372dc954cd,True,1.0,1.0,1.0,1.0,1.0,1.0,1.0
2521,c0ee4f794af35185,True,1.0,1.0,1.0,1.0,1.0,1.0,1.0
2522,a806a92596d6570b,True,1.0,1.0,1.0,1.0,1.0,1.0,1.0
2523,b868adf3ec2e56a5,True,1.0,1.0,0.6200146071150554,1.0,1.0,1.0,0.8416727529646065
2524,1679f30058f75db4,True,1.0,1.0,0.9447097591911048,1.0,1.0,1.0,0.9769623996629603
2525,aab44cff9f3552b1,True,1.0,1.0,1.0,1.0,1.0,1.0,1.0
2526,a98bfcdd7d6c5683,True,1.0,1.0,1.0,1.0,1.0,1.0,1.0
2527,2dbaea2c3ad8531f,True,1.0,0.0,0.0,1.0,1.0,0.5,0.0
2528,60fe616f485b5589,True,1.0,1.0,0.9273329701410865,1.0,1.0,1.0,0.9697220708921194
2529,fd16b1d0d41352ee,True,1.0,1.0,0.9307855604228068,1.0,1.0,0.0,0.9711606501761695
2530,19c4aecbe4b65ef4,True,1.0,1.0,0.7833250450561347,1.0,1.0,1.0,0.9097187687733893
2531,088b38f5e629514b,True,1.0,1.0,0.840338419128503,1.0,1.0,1.0,0.933474341303543
2532,c59ff27cf18056b4,True,1.0,1.0,0.8787615353910535,1.0,1.0,1.0,0.9494839730796056
2533,8208f7794645559d,True,1.0,1.0,1.0,1.0,1.0,1.0,1.0
2534,b5b8d20688385790,True,1.0,1.0,1.0,1.0,1.0,1.0,1.0
2535,bd4dcb8371d85f1d,True,1.0,1.0,1.0,1.0,1.0,1.0,1.0
2536,ddfeb4814eba5cf8,True,1.0,1.0,1.0,1.0,1.0,1.0,1.0
2537,0012a35a78a151b5,True,1.0,1.0,0.8000393991383757,1.0,1.0,1.0,0.9166830829743233
2538,189b5f98f6e6549c,True,1.0,1.0,1.0,1.0,1.0,1.0,1.0
2539,671da9103fe05141,True,1.0,1.0,0.7607200544042645,1.0,1.0,1.0,0.9003000226684436
2540,075154c90a0a5d7c,True,1.0,1.0,0.6657272983014879,1.0,1.0,1.0,0.8607197076256199
2541,8671b777d49e5dea,True,1.0,1.0,0.9748572579267699,1.0,1.0,1.0,0.9895238574694876
2542,ab51ae81c26b5f5e,True,1.0,1.0,1.0,1.0,1.0,1.0,1.0
2543,4d1a4e9606075497,True,1.0,1.0,1.0,1.0,1.0,0.5,1.0
2544,81464a4119075069,True,1.0,1.0,0.698039036617681,1.0,1.0,1.0,0.8741829319240337
2545,0dd6fe46c94055ec,True,1.0,1.0,1.0,1.0,1.0,1.0,1.0
2546,dee99345e2015845,True,1.0,1.0,0.6063241246554241,1.0,1.0,0.0,0.8359683852730934
2547,0b046094d70257ed,True,1.0,1.0,1.0,1.0,1.0,1.0,1.0
2548,6929a902435e56b0,True,1.0,1.0,0.7570249803788075,1.0,1.0,1.0,0.8987604084911697
2549,c66c7433e8855d01,True,1.0,1.0,0.7334238554095385,1.0,1.0,1.0,0.888926606420641
2550,2469647d2d055825,True,1.0,1.0,1.0,1.0,1.0,1.0,1.0
2551,64f56e62619850b2,True,1.0,1.0,0.964494092064633,1.0,1.0,1.0,0.9852058716935971
2552,27f3c1e778bf5748,True,1.0,1.0,0.859640122286286,1.0,1.0,1.0,0.9415167176192858
2553,5982df20d90a59cc,True,1.0,1.0,1.0,1.0,1.0,1.0,1.0
2554,63ec67c4a58a5e5b,True,1.0,0.0,0.0,1.0,1.0,1.0,0.0
2555,6e67504ab65f5314,True,1.0,1.0,0.7520105026205409,1.0,1.0,1.0,0.8966710427585588
2556,1a1fbb255ec55813,True,1.0,1.0,1.0,1.0,1.0,1.0,1.0
2557,f412a36812a55b62,True,1.0,1.0,0.6512765942133886,1.0,1.0,1.0,0.8546985809222453
2558,2c9ad43fb0cd5394,True,1.0,1.0,0.7470780963382426,1.0,1.0,1.0,0.8946158734742676
2559,5b8d892592635d5f,True,1.0,1.0,1.0,1.0,1.0,1.0,1.0
2560,371672ed85805daf,True,1.0,1.0,1.0,1.0,1.0,1.0,1.0
2561,fbd963d6b7e750a6,True,1.0,1.0,0.7625732178026956,1.0,1.0,1.0,0.9010721740844566
2562,6d0a7f0bb4e7584b,True,1.0,1.0,0.8195977745984941,1.0,1.0,1.0,0.9248324060827059
2563,0db36f777178525a,True,1.0,1.0,0.8342361444788675,1.0,1.0,1.0,0.9309317268661949
2564,c766d336f81858c5,True,0.0,1.0,0.0,0.0,1.0,0.0,0.0
2565,65b19795c92c5d77,True,1.0,1.0,0.7080327417049519,1.0,1.0,1.0,0.8783469757103965
2566,f5eb7105d1d358c5,True,1.0,1.0,0.8293845101281365,1.0,1.0,1.0,0.9289102125533901
2567,b7598f311c365e95,True,1.0,1.0,0.7995255761049752,1.0,1.0,1.0,0.9164689900437396
2568,7b00e131a2885ecf,True,1.0,1.0,1.0,1.0,1.0,1.0,1.0
2569,52de85cf514f5afd,True,1.0,1.0,1.0,1.0,1.0,1.0,1.0
2570,6233d1b3e62a5772,True,1.0,1.0,1.0,1.0,1.0,1.0,1.0
2571,a3dd6d539acc5c9b,True,1.0,1.0,0.9500480877538784,1.0,1.0,1.0,0.9791867032307827
2572,5b39d0cccc8e55f2,True,0.0,1.0,0.0,0.0,1.0,1.0,0.0
2573,0ee1f95f55d95f7e,True,0.5,0.0,0.0,0.0,1.0,1.0,0.0
2574,2055bd0e7a885e4a,True,1.0,1.0,0.8467006320286083,1.0,1.0,1.0,0.9361252633452534
2575,96164ad9ed8557a7,True,1.0,1.0,0.7465155951531521,1.0,1.0,1.0,0.8943814979804801
2576,b17da95d765b51c4,True,1.0,1.0,1.0,1.0,1.0,1.0,1.0
2577,9a675656c3c85f4c,True,1.0,1.0,0.031597485565741254,1.0,1.0,1.0,0.5964989523190588
2578,60ae22c26d59572e,True,1.0,1.0,1.0,1.0,1.0,1.0,1.0
2579,fd3b8f88745c5c2d,True,1.0,1.0,1.0,1.0,1.0,1.0,1.0
2580,e4237030b1b75a8d,True,1.0,1.0,1.0,1.0,1.0,1.0,1.0
2581,15dd65ee730d54d4,True,1.0,1.0,0.7954972597547838,1.0,1.0,1.0,0.9147905248978265
2582,5bdef7e091525742,True,1.0,1.0,0.8988981018158039,1.0,1.0,1.0,0.9578742090899183
2583,4bfd5690eb3d5c6e,True,1.0,1.0,0.7732075090176144,1.0,1.0,1.0,0.9055031287573394
2584,0aee34efc8445718,True,1.0,1.0,0.9123641148101709,1.0,1.0,1.0,0.9634850478375712
2585,c87001c4251e559a,True,1.0,1.0,1.0,1.0,1.0,1.0,1.0
2586,f039cb3455f356ac,True,1.0,1.0,0.7282032410224792,1.0,1.0,1.0,0.886751350426033
2587,ddd6640cba7e584c,True,1.0,1.0,1.0,1.0,1.0,1.0,1.0
2588,9bfae11fe1af5b67,True,1.0,1.0,0.7440340794997582,1.0,1.0,1.0,0.8933475331248992
2589,6eac35cd4c6e53b0,True,1.0,1.0,1.0,1.0,1.0,1.0,1.0
2590,4e3103d8feb95170,True,1.0,0.0,0.0,0.0,1.0,1.0,0.0
2591,26983ee0a39e5a32,True,1.0,1.0,0.9355283723264981,1.0,1.0,1.0,0.9731368218027076
2592,407ff7eab601527c,True,1.0,1.0,0.858742430173604,1.0,1.0,1.0,0.9411426792390016
2593,230b5f3fb3f157fe,True,1.0,0.0,0.0,1.0,1.0,0.5,0.0
2594,fd38927a12a152fa,True,1.0,1.0,0.7902960029441054,1.0,1.0,0.5,0.912623334560044
2595,2ead0bb5e6705b4a,True,1.0,1.0,0.8743420196363356,1.0,1.0,1.0,0.9476425081818065
2596,91d449d737cc50fb,True,1.0,1.0,0.9714857593629771,0.0,1.0,1.0,0.5714523997345738
2597,87f7b4b94e2b5264,True,1.0,1.0,0.9529852837974043,1.0,1.0,1.0,0.9804105349155852
2598,69a1f3e84f6758b0,True,1.0,1.0,0.7258867693784026,1.0,1.0,1.0,0.8857861539076678
2599,3f655357375b5f03,True,1.0,1.0,1.0,1.0,1.0,1.0,1.0
2600,87df22d07dcb567c,True,1.0,0.0,0.0,1.0,1.0,1.0,0.0
2601,0eae7eacff765533,True,1.0,1.0,0.9783519933929973,1.0,1.0,1.0,0.9909799972470822
2602,0613490d89e25d03,True,1.0,1.0,0.9970696889253512,1.0,1.0,1.0,0.9987790370522296
2603,11de8888bf235231,True,1.0,1.0,1.0,1.0,1.0,1.0,1.0
2604,d559cac76f5a5a7d,True,1.0,1.0,1.0,1.0,1.0,1.0,1.0
2605,54ed7e46291c5fcf,True,1.0,1.0,0.7483772586277588,1.0,1.0,1.0,0.8951571910948996
2606,a514e82818cb55da,True,1.0,1.0,0.7412486538167609,1.0,1.0,1.0,0.8921869390903171
2607,91d22882380a5e4b,True,1.0,1.0,1.0,1.0,1.0,1.0,1.0
2608,1a928640315c5332,True,1.0,0.0,0.0,1.0,1.0,1.0,0.0
2609,36077daf1cda5d05,True,1.0,1.0,1.0,1.0,1.0,1.0,1.0
2610,305eb53245715f7e,True,1.0,1.0,0.40889754684753765,1.0,1.0,1.0,0.7537073111864739
2611,ca59ecba5722534c,True,0.0,1.0,0.0,0.0,0.0,0.0,0.0
2612,1ac0023fd2655313,True,1.0,1.0,0.8199216296981126,1.0,1.0,1.0,0.924967345707547
2613,c282872767cb5199,True,1.0,1.0,1.0,1.0,1.0,1.0,1.0
2614,ed1ae68f8c0f5f3a,True,0.0,1.0,0.0,0.0,1.0,0.5,0.0
2615,1508ee5a37ef5588,True,0.0,1.0,0.0,0.0,1.0,1.0,0.0
2616,b435ec4c5baa5a2c,True,1.0,1.0,1.0,1.0,1.0,1.0,1.0
2617,13f7b495f8065eec,True,1.0,1.0,0.7721872909000471,1.0,1.0,1.0,0.9050780378750196
2618,b890de4c4ff65ddb,True,1.0,1.0,0.6842975263128009,1.0,1.0,1.0,0.8684573026303338
2619,d11b9fcd004e5270,True,1.0,1.0,0.8329238813915456,1.0,1.0,1.0,0.9303849505798106
2620,223a8f20abb752e9,True,1.0,1.0,0.8688579178660978,1.0,1.0,1.0,0.9453574657775409
2621,d61ed977dd8a5197,True,1.0,1.0,1.0,1.0,1.0,1.0,1.0
2622,a8c150e293ac5bd3,True,1.0,1.0,0.7106841061898809,1.0,1.0,1.0,0.8794517109124503
2623,2930485ddc4458da,True,1.0,1.0,0.918747329101908,1.0,1.0,1.0,0.9661447204591284
2624,2a8b9c88615450a8,True,1.0,1.0,1.0,1.0,1.0,1.0,1.0
2625,157ad2289b20545e,True,1.0,0.0,0.0,1.0,1.0,0.0,0.0
2626,0480033cdea65921,True,1.0,1.0,1.0,1.0,1.0,1.0,1.0
2627,74d1662073cd5fc1,True,1.0,1.0,1.0,1.0,1.0,1.0,1.0
2628,9630074ccab7581e,True,1.0,1.0,0.8500163076989463,1.0,1.0,1.0,0.9375067948745609
2629,0e681d3870795a3a,True,1.0,1.0,1.0,1.0,1.0,1.0,1.0
2630,7bd486db42e35b18,True,1.0,1.0,1.0,1.0,1.0,1.0,1.0
2631,440364f63ee95043,True,1.0,1.0,1.0,1.0,1.0,1.0,1.0
2632,d763dadacfd55928,True,1.0,1.0,0.9949533257282772,1.0,1.0,1.0,0.9978972190534489
2633,90551e9098aa5b12,True,1.0,1.0,1.0,1.0,1.0,1.0,1.0
2634,ab1adeaf66035b88,True,1.0,1.0,0.8675653934384736,1.0,1.0,1.0,0.9448189139326972
2635,026bb114391d5b81,True,1.0,1.0,0.9160952137329867,1.0,1.0,1.0,0.9650396723887446
2636,87d3c1135ac85583,True,1.0,1.0,0.9116362906652973,1.0,1.0,1.0,0.9631817877772072
2637,749a8604cf285389,True,1.0,1.0,0.7729706034103189,1.0,1.0,1.0,0.9054044180876328
2638,ced087f9c2915f2a,True,1.0,1.0,0.7523759356372732,1.0,1.0,1.0,0.8968233065155305
2639,7569116c33145d2a,True,1.0,1.0,1.0,0.0,1.0,1.0,0.5833333333333334
2640,03503ef42eeb5573,True,1.0,1.0,0.8505973100083127,1.0,1.0,1.0,0.9377488791701302
2641,a35a1d0c099151cc,True,1.0,1.0,0.7848158220880004,1.0,1.0,1.0,0.9103399258700001
2642,daf38cecd5045cf6,True,1.0,1.0,1.0,0.0,1.0,0.5,0.5833333333333334
2643,4bda94d100d65f0d,True,1.0,1.0,1.0,1.0,1.0,1.0,1.0
2644,ee0e03f19a735d67,True,1.0,1.0,0.8282075269470813,1.0,1.0,1.0,0.9284198028946172
2645,385e44b3382350f1,True,0.0,1.0,0.0,0.0,1.0,1.0,0.0
2646,43ebecce459052f2,True,1.0,1.0,0.9085920446119097,1.0,1.0,1.0,0.9619133519216291
2647,f203a01d3a8055f1,True,1.0,1.0,1.0,1.0,1.0,1.0,1.0
2648,dccee2a69ee5501d,True,1.0,1.0,1.0,1.0,1.0,1.0,1.0
2649,9c5d0ef404c65196,True,1.0,1.0,1.0,1.0,1.0,1.0,1.0
2650,24cad1842cf15f29,True,1.0,1.0,0.795547173290334,1.0,1.0,1.0,0.9148113222043058
2651,fde7abb615895be2,True,1.0,1.0,0.6083416478585159,1.0,1.0,1.0,0.8368090199410482
2652,0027991369e05ab2,True,1.0,1.0,0.8079170526658563,1.0,1.0,1.0,0.9199654386107735
2653,93e2377357d9551e,True,1.0,1.0,0.9300238049997562,1.0,1.0,1.0,0.9708432520832316
2654,b219a12536715748,True,1.0,1.0,0.8553195793479044,1.0,1.0,1.0,0.93971649139496
2655,55992af369b95456,True,1.0,1.0,0.7418068074289429,1.0,1.0,1.0,0.8924195030953929
2656,1e60548b4c00538a,True,1.0,0.0,0.0,1.0,1.0,0.0,0.0
2657,0a8612e9d0df52f1,True,1.0,1.0,1.0,1.0,1.0,1.0,1.0
2658,d5407856a57357ce,True,1.0,1.0,1.0,1.0,1.0,1.0,1.0
2659,657274955033592a,True,1.0,1.0,0.7538461212506379,1.0,1.0,1.0,0.8974358838544324
2660,8615a4df3a525ccc,True,1.0,1.0,0.9052880462351657,1.0,1.0,1.0,0.9605366859313191
2661,411af42484ea5bb5,True,1.0,1.0,0.9742853970401139,1.0,1.0,1.0,0.9892855821000475
2662,66583dab627951a2,True,1.0,1.0,0.6394051955495176,1.0,1.0,0.5,0.849752164812299
2663,1fc38f9fc93f5a29,True,1.0,1.0,0.8676062299490992,1.0,1.0,1.0,0.9448359291454581
2664,79ea5e55d0385928,True,1.0,1.0,0.6329564072559951,1.0,1.0,1.0,0.8470651696899979
2665,a5b2403d85fc511d,True,1.0,1.0,1.0,1.0,1.0,1.0,1.0
2666,5c5f0c06d7035bb7,True,1.0,0.0,0.0,1.0,1.0,1.0,0.0
2667,5a73f6b4c9855899,True,1.0,1.0,0.8213398219953469,1.0,1.0,1.0,0.9255582591647279
2668,a06715f1cb8358c0,True,1.0,1.0,0.8886739095714078,1.0,1.0,1.0,0.9536141289880865
2669,ec4557ae01265fc4,True,1.0,1.0,0.7300231306602878,1.0,1.0,1.0,0.8875096377751199
2670,76dceae4c9c353b5,True,1.0,1.0,0.6348597538796962,1.0,1.0,1.0,0.8478582307832068
2671,bd2b1a4530a1538b,True,1.0,1.0,0.5428451162137997,1.0,1.0,1.0,0.8095187984224165
2672,9fc116e61c8e50e8,True,1.0,1.0,1.0,1.0,1.0,1.0,1.0
2673,6e0bd197608f5bc5,True,1.0,1.0,0.9262249594099122,1.0,1.0,1.0,0.9692603997541301
2674,01c019a7360f5445,True,1.0,1.0,0.7932329242566958,1.0,1.0,1.0,0.9138470517736232
2675,2391f12d7e6a5e7f,True,1.0,0.0,0.0,1.0,1.0,0.5,0.0
2676,7fd97ff49f5b5761,True,1.0,1.0,0.7322262547761662,1.0,1.0,1.0,0.8884276061567359
2677,8224a14715c2577b,True,1.0,0.0,0.0,1.0,1.0,0.0,0.0
2678,82f70d5f3a11576d,True,0.5,0.0,0.0,0.0,1.0,0.0,0.0
2679,1d7ff3e8eed15ced,True,1.0,1.0,0.777646742652926,1.0,1.0,1.0,0.9073528094387191
2680,6762c1ac11a15adf,True,1.0,1.0,0.8307169640554489,1.0,1.0,1.0,0.9294654016897704
2681,86b0e721370e5f56,True,1.0,1.0,0.7455044578679493,1.0,1.0,1.0,0.8939601907783121
2682,b614d476ea185810,True,1.0,1.0,1.0,1.0,1.0,1.0,1.0
2683,2721fbd6b58d558a,True,1.0,1.0,0.65779298862281,1.0,1.0,1.0,0.8574137452595041
2684,67f7d1c129be5c4b,True,1.0,1.0,0.6731678481108746,1.0,1.0,1.0,0.8638199367128644
2685,da56fca2caff52e4,True,1.0,0.0,0.0,1.0,1.0,1.0,0.0
2686,26f3ef1a426f57be,True,1.0,1.0,1.0,1.0,1.0,1.0,1.0
2687,2251b1d81d0051c1,True,1.0,1.0,1.0,1.0,1.0,1.0,1.0
2688,9edd49210af95749,True,1.0,1.0,0.7325755327680806,1.0,1.0,1.0,0.888573138653367
2689,b7bb53ad2bb1505f,True,1.0,1.0,0.9738522873727987,1.0,1.0,1.0,0.9891051197386661
2690,b337627936ea5488,True,1.0,1.0,0.8871443496927843,1.0,1.0,1.0,0.9529768123719936
2691,3971312f7bb55ea2,True,1.0,1.0,0.77269943776699,1.0,1.0,1.0,0.9052914324029125
2692,2f2caab982ad5739,True,1.0,1.0,1.0,1.0,1.0,1.0,1.0
2693,b4d9c8edfbda58dc,True,1.0,1.0,0.8809367458536698,1.0,1.0,1.0,0.9503903107723625
2694,39bcaa3072bc5198,True,1.0,1.0,1.0,1.0,1.0,1.0,1.0
2695,352ef6e0384c5938,True,1.0,1.0,0.6906953810916298,1.0,1.0,1.0,0.8711230754548458
2696,a55fa060a119508b,True,1.0,1.0,0.9771984045966433,1.0,1.0,1.0,0.9904993352486015
2697,fb7d83b69f38539f,True,1.0,1.0,1.0,1.0,1.0,1.0,1.0
2698,a3399fc1f78b55f2,True,1.0,1.0,0.7428433122510139,1.0,1.0,1.0,0.8928513801045891
2699,326760711b775740,True,1.0,1.0,0.9751686082017964,1.0,1.0,1.0,0.9896535867507484
2700,a0eb6fa78dc2558f,True,1.0,1.0,0.8440755220461489,1.0,1.0,1.0,0.9350314675192287
2701,e393bc5cafe95872,True,1.0,1.0,0.8758525818213829,1.0,1.0,1.0,0.9482719090922429
2702,d0c86990fe0d5bc8,True,1.0,1.0,1.0,1.0,1.0,1.0,1.0
2703,59b32114d8b252c8,True,1.0,1.0,0.5771038900217205,1.0,1.0,1.0,0.8237932875090502
2704,74ea43025c935b2e,True,1.0,0.0,0.0,1.0,1.0,0.0,0.0
2705,fb0a26a28ec359ce,True,1.0,1.0,0.9054214417819879,1.0,1.0,1.0,0.9605922674091616
2706,5c665c5453cc54a0,True,1.0,1.0,0.9767055199160892,1.0,1.0,1.0,0.9902939666317039
2707,274fcb576b3b59a8,True,1.0,1.0,1.0,1.0,1.0,1.0,1.0
2708,0563edc821b6543d,True,1.0,1.0,1.0,1.0,1.0,1.0,1.0
2709,88d3ee1e3b435a28,True,1.0,1.0,0.7893786302321333,1.0,1.0,1.0,0.9122410959300554
2710,f32d809c7175588c,True,1.0,1.0,1.0,1.0,1.0,1.0,1.0
2711,9b86b7cc0b41507b,True,1.0,0.0,0.0,1.0,1.0,0.5,0.0
2712,a7ce5a625a525b45,True,1.0,1.0,1.0,1.0,1.0,1.0,1.0
2713,a6be7050ff205933,True,1.0,0.0,0.0,1.0,1.0,0.5,0.0
2714,0cf7d096e8c05fed,True,1.0,1.0,0.8241853004951845,1.0,1.0,1.0,0.9267438752063267
2715,ee9a17a589805c85,True,1.0,1.0,0.7554174495770795,1.0,1.0,1.0,0.8980906039904498
2716,8470cdca41255e20,True,1.0,1.0,1.0,1.0,1.0,1.0,1.0
2717,73a3a880d8d8522c,True,1.0,1.0,0.7912395962416555,1.0,1.0,1.0,0.9130164984340231
2718,c5dfe79ae983556a,True,1.0,1.0,1.0,1.0,1.0,1.0,1.0
2719,1bee33a086b25a5f,True,1.0,1.0,1.0,1.0,1.0,1.0,1.0
2720,2fd50ca82a7a5df4,True,1.0,1.0,0.8734195730701022,1.0,1.0,1.0,0.9472581554458759
2721,77ebf0edb75c5b69,True,1.0,1.0,0.7029974735178692,1.0,1.0,1.0,0.8762489472991121
2722,e0cbc7ab694157a5,True,1.0,0.0,0.0,1.0,1.0,0.5,0.0
2723,260efd01066156ab,True,1.0,1.0,0.8445432178512375,1.0,1.0,1.0,0.935226340771349
2724,6af296d59322504d,True,1.0,1.0,1.0,1.0,1.0,1.0,1.0
2725,93c2bfeb7c885a2e,True,1.0,0.0,0.0,1.0,1.0,1.0,0.0
2726,5e5a77fb1990565b,True,1.0,1.0,0.6096236643613594,1.0,1.0,1.0,0.8373431934838997
2727,77424ed925b45c77,True,1.0,1.0,0.6260043978386848,1.0,1.0,1.0,0.8441684990994519
2728,c0deb9fb709b5a64,True,1.0,1.0,0.6639496593547494,1.0,1.0,1.0,0.8599790247311455
2729,b5efcbfe3c6f5888,True,1.0,1.0,0.9566511605614049,1.0,1.0,1.0,0.9819379835672519
2730,c856f2dbe8715b80,True,1.0,1.0,0.9243730356069477,1.0,1.0,1.0,0.9684887648362283
2731,3d2adf8b0bb65492,True,1.0,1.0,0.8124217997478644,1.0,1.0,1.0,0.9218424165616103
2732,d93d307c5aeb5338,True,1.0,1.0,0.8024295046189158,1.0,1.0,1.0,0.9176789602578816
2733,e18ac69f49cf582f,True,1.0,1.0,0.787189927119318,1.0,1.0,1.0,0.9113291362997158
2734,71c47324c7eb5657,True,1.0,1.0,0.854371968709237,1.0,1.0,1.0,0.9393216536288488
2735,e43d7861387c59f2,True,1.0,1.0,0.7416761069817844,1.0,1.0,1.0,0.8923650445757435
2736,0969be1cc6a85a76,True,1.0,1.0,0.6756249527470438,1.0,1.0,1.0,0.8648437303112683
2737,179bc3ae5b9f56b0,True,1.0,1.0,0.8504610714039733,1.0,1.0,1.0,0.937692113084989
2738,ccd6fe2d044e5309,True,1.0,1.0,1.0,1.0,1.0,1.0,1.0
2739,5143553713f05db3,True,1.0,1.0,0.9332082450016568,1.0,1.0,1.0,0.9721701020840237
2740,9b95066419ea5427,True,1.0,1.0,1.0,1.0,1.0,1.0,1.0
2741,bdffdc5fc2fa542b,True,1.0,1.0,0.8022994017490097,1.0,1.0,1.0,0.9176247507287542
2742,000bf168dd5159af,True,0.0,0.0,0.0,0.0,1.0,0.0,0.0
2743,e565610cd7b15784,True,1.0,0.0,0.0,0.0,1.0,1.0,0.0
2744,ba02d873678c5cf9,True,1.0,1.0,0.9805286426391971,1.0,1.0,1.0,0.9918869344329989
2745,7c94fd89afb95a88,True,1.0,1.0,0.8472545246307457,1.0,1.0,1.0,0.9363560519294772
2746,80793d56acc15d48,True,0.0,1.0,0.0,0.0,1.0,1.0,0.0
2747,c6acf71b8b3b560c,True,1.0,1.0,0.8367155786928401,1.0,1.0,1.0,0.93196482445535
2748,240f44eb30c7500b,True,1.0,1.0,1.0,1.0,1.0,1.0,1.0
2749,a82d8d2d870a5280,True,1.0,1.0,0.5403519733062687,1.0,1.0,1.0,0.808479988877612
2750,d8effdc24c235d3f,True,1.0,1.0,1.0,1.0,1.0,1.0,1.0
2751,f55316b2f9655692,True,1.0,1.0,0.7714686566650332,1.0,1.0,1.0,0.9047786069437639
2752,18492b6ce9905b13,True,1.0,1.0,0.767896032539728,1.0,1.0,1.0,0.90329001355822
2753,70f718ebc8b4505e,True,1.0,1.0,0.9858740780261842,1.0,1.0,1.0,0.9941141991775767
2754,a3ece675f714527b,True,1.0,1.0,0.5933123780240248,1.0,1.0,1.0,0.830546824176677
2755,4158d702c66351d4,True,1.0,1.0,1.0,1.0,1.0,1.0,1.0
2756,bb0e1af8651d525b,True,1.0,1.0,1.0,1.0,1.0,1.0,1.0
2757,f304e815462d5f1f,True,1.0,1.0,0.9691089531268019,1.0,1.0,1.0,0.9871287304695008
2758,c77d96b1b7d65d8a,True,1.0,1.0,1.0,1.0,1.0,1.0,1.0
2759,150d706a5add549a,True,1.0,1.0,0.8575717802967071,1.0,1.0,1.0,0.9406549084569612
2760,7a140c5865295d91,True,1.0,1.0,0.661441940071163,1.0,1.0,1.0,0.8589341416963179
2761,f582317803e65752,True,1.0,1.0,0.9354047921696549,1.0,1.0,1.0,0.9730853300706895
2762,af98af49fda35a8c,True,1.0,1.0,0.8266775971591085,1.0,1.0,1.0,0.9277823321496285
2763,f2117260382b5d83,True,1.0,1.0,0.9041156250212607,1.0,1.0,1.0,0.960048177092192
2764,679c8386480d5023,True,1.0,1.0,0.8090592248314729,1.0,1.0,0.0,0.9204413436797804
2765,ed3e5181549254bc,True,1.0,1.0,1.0,0.0,1.0,1.0,0.5833333333333334
2766,8984fe1857e057b3,True,1.0,1.0,1.0,1.0,1.0,1.0,1.0
2767,1139adeebbbe5d34,True,1.0,1.0,1.0,1.0,1.0,1.0,1.0
2768,094846d2fa755e29,True,1.0,1.0,0.7602800132126002,1.0,1.0,1.0,0.9001166721719168
2769,36e789a0e4035ad7,True,1.0,1.0,0.8385992996651328,1.0,1.0,1.0,0.9327497081938053
2770,9410f817dff058c2,True,1.0,1.0,1.0,1.0,1.0,1.0,1.0
2771,e253ff0b4fd758cc,True,1.0,1.0,1.0,1.0,1.0,1.0,1.0
2772,8d6583f3e3c15034,True,1.0,1.0,0.7469411023474628,1.0,1.0,1.0,0.8945587926447761
2773,726a691895a75bfc,True,1.0,1.0,1.0,1.0,1.0,1.0,1.0
2774,2b760b8260af515c,True,1.0,1.0,0.773655579688015,1.0,1.0,1.0,0.9056898248700063
2775,fe0a6bd36c395735,True,1.0,1.0,0.7424095506587516,1.0,1.0,1.0,0.8926706461078132
2776,c9ca538cb3235e43,True,1.0,0.0,0.0,1.0,1.0,1.0,0.0
2777,b5b46d4db32a5d8c,True,1.0,1.0,1.0,1.0,1.0,1.0,1.0
2778,d45dddb7bbfe5914,True,1.0,0.0,0.0,1.0,1.0,0.0,0.0
2779,2944ba8cf77c5ad9,True,1.0,1.0,0.6906011005723589,0.0,1.0,0.5,0.4544171252384828
2780,68d46e380acc5f56,True,1.0,1.0,0.9604869951954726,1.0,1.0,1.0,0.9835362479981136
2781,b022d508550251bf,True,1.0,1.0,1.0,1.0,1.0,1.0,1.0
2782,db4f9f954c2e597f,True,1.0,1.0,1.0,1.0,1.0,1.0,1.0
2783,a3d10c0a5a835300,True,1.0,1.0,0.6517149772235183,1.0,1.0,1.0,0.8548812405097993
2784,c3634ce5c5535b16,True,1.0,1.0,0.8343958245407846,1.0,1.0,1.0,0.930998260225327
2785,794584aa724a55f4,True,1.0,1.0,1.0,1.0,1.0,1.0,1.0
2786,29b1f4b4868f59e3,True,1.0,0.0,0.0,1.0,1.0,1.0,0.0
2787,d2b6dcd76085519e,True,1.0,1.0,0.7507201527729033,0.0,1.0,1.0,0.479466730322043
2788,4007544abfa3548f,True,1.0,1.0,1.0,1.0,1.0,1.0,1.0
2789,12ace39c31df5dd8,True,1.0,1.0,0.7765567271519473,1.0,1.0,1.0,0.9068986363133114
2790,6b5b038496cb56ba,True,1.0,1.0,0.4463320167377927,1.0,1.0,1.0,0.7693050069740802
2791,b38366e3befc5200,True,1.0,0.0,0.0,1.0,1.0,0.0,0.0
2792,7fcd06d455d55572,True,1.0,1.0,0.6088940830494569,1.0,1.0,1.0,0.837039201270607
2793,cda381919f5e5dca,True,1.0,1.0,0.8409485429387996,1.0,1.0,1.0,0.9337285595578332
2794,b5d5d15093af5638,True,1.0,1.0,0.8972276389920937,1.0,1.0,1.0,0.9571781829133723
2795,0436604d25145231,True,1.0,1.0,1.0,1.0,1.0,1.0,1.0
2796,94d21a3c26c65363,True,1.0,1.0,0.581442650083013,1.0,1.0,1.0,0.8256011042012554
2797,0442b2728b8058fd,True,1.0,1.0,0.8243580383224852,1.0,1.0,1.0,0.9268158493010356
2798,4b43cd9b3d3f576c,True,1.0,1.0,0.7665452168886011,1.0,1.0,1.0,0.9027271737035839
2799,8625ec015e075c02,True,1.0,1.0,0.678979411631186,1.0,1.0,1.0,0.8662414215129942
2800,ce1f8997a8ce502b,True,1.0,1.0,1.0,1.0,1.0,1.0,1.0
2801,04e105927ad451ab,True,1.0,1.0,0.86655003392845,1.0,1.0,1.0,0.9443958474701875
2802,3ff436e401ed5828,True,1.0,1.0,1.0,1.0,1.0,1.0,1.0
2803,e7da21c4ef4a5e3f,True,0.0,1.0,0.0,0.0,1.0,1.0,0.0
2804,6732b99133eb5d36,True,1.0,1.0,1.0,1.0,1.0,1.0,1.0
2805,622dde55dc125052,True,1.0,1.0,0.5966545557536638,1.0,1.0,1.0,0.8319393982306932
2806,e24d893472bf5ce0,True,1.0,1.0,1.0,1.0,1.0,1.0,1.0
2807,5971a8d84ff45bfa,True,1.0,1.0,0.8791513468752871,1.0,1.0,1.0,0.9496463945313697
2808,cea55cd8ec6f5185,True,1.0,1.0,0.9761112455417493,1.0,1.0,1.0,0.9900463523090622
2809,3f1682073dd950a3,True,1.0,1.0,1.0,1.0,1.0,1.0,1.0
2810,9fc65b945c175ebb,True,1.0,1.0,0.6909942487903072,0.0,1.0,0.5,0.4545809369959614
2811,3f38262eb4d55376,True,1.0,1.0,0.9138638958327041,1.0,1.0,1.0,0.9641099565969601
2812,6c8d2b130c4d5288,True,1.0,1.0,0.8063660536198264,1.0,1.0,1.0,0.9193191890082609
2813,283f93bc73b2571b,True,1.0,1.0,0.9611873484690661,1.0,1.0,1.0,0.9838280618621109
2814,d7a0ac2136015985,True,1.0,1.0,1.0,1.0,1.0,1.0,1.0
2815,fe3a1294722e5e1e,True,1.0,1.0,1.0,1.0,1.0,1.0,1.0
2816,32189cc0a3bf535a,True,1.0,1.0,1.0,1.0,1.0,1.0,1.0
2817,bb57439423df56c7,True,1.0,1.0,0.8242131670027134,1.0,1.0,1.0,0.9267554862511306
2818,8dae886e0ed1501c,True,1.0,1.0,0.721008445865705,1.0,1.0,1.0,0.8837535191107104
2819,31f2d9d9334d5a06,True,1.0,1.0,0.6630094576882426,1.0,1.0,1.0,0.8595872740367678
2820,c04902b5c32056e0,True,1.0,1.0,0.72244623415358,1.0,1.0,1.0,0.8843525975639915
2821,1741767a7646583a,True,1.0,1.0,0.8371521278074128,1.0,1.0,1.0,0.9321467199197553
2822,d96d1690e3c05f36,True,1.0,1.0,1.0,1.0,1.0,1.0,1.0
2823,d35af9a0d57656d4,True,1.0,1.0,1.0,1.0,1.0,1.0,1.0
2824,dbcee699816e524c,True,1.0,1.0,0.6185010845389232,1.0,1.0,1.0,0.8410421185578847
2825,5d1312c4f2aa5bbf,True,1.0,1.0,0.5632094616174268,1.0,1.0,1.0,0.8180039423405945
2826,eb92f4cdb4fa54dd,True,1.0,1.0,1.0,1.0,1.0,1.0,1.0
2827,118fa9fa499e5670,True,1.0,1.0,0.8745367143422497,1.0,1.0,0.0,0.9477236309759375
2828,d184c07f6a0a5aaf,True,1.0,1.0,0.8888286169887915,1.0,1.0,1.0,0.9536785904119963
2829,40a69dc4d1f854a8,True,1.0,1.0,0.9422547314555396,1.0,1.0,1.0,0.9759394714398081
2830,5177cf8521f05855,True,1.0,1.0,0.9549809016231612,1.0,1.0,1.0,0.9812420423429838
2831,178e844e8bd155ca,True,1.0,1.0,1.0,1.0,1.0,1.0,1.0
2832,0965108c193757a9,True,1.0,1.0,1.0,1.0,1.0,1.0,1.0
2833,c55ef877ea075993,True,1.0,1.0,0.830985231549833,1.0,1.0,1.0,0.9295771798124304
2834,de49d859c60758e9,True,1.0,1.0,0.871828934998783,1.0,1.0,1.0,0.9465953895828262
2835,a669b18e5ecd575d,True,1.0,1.0,0.7506162541261429,1.0,1.0,1.0,0.8960901058858929
2836,74a8af10863e5455,True,1.0,0.0,0.0,1.0,1.0,1.0,0.0
2837,e88e44d720f65e0e,True,1.0,1.0,1.0,0.0,1.0,1.0,0.5833333333333334
2838,7335659408525112,True,1.0,1.0,0.26227343809421944,1.0,1.0,1.0,0.6926139325392581
2839,6bc3bf1ef6a85616,True,1.0,1.0,1.0,1.0,1.0,1.0,1.0
2840,1f53a73b41095041,True,1.0,1.0,0.9256056122607763,1.0,1.0,1.0,0.9690023384419901
2841,2963ac11563356d9,True,1.0,1.0,0.9023311975950201,1.0,1.0,1.0,0.9593046656645917
2842,0fd48798118057f7,True,1.0,1.0,0.6690288861285748,1.0,1.0,1.0,0.8620953692202394
2843,5a3613f60fb454d4,True,1.0,1.0,0.7937537124449824,1.0,1.0,1.0,0.9140640468520761
2844,fd87474daeb05e69,True,1.0,1.0,0.7362909172476945,1.0,1.0,1.0,0.8901212155198728
2845,119bd713e2db5e25,True,1.0,1.0,0.7648756419656819,1.0,1.0,1.0,0.9020315174857009
2846,65bed9b54a335206,True,1.0,1.0,0.6996935213923466,1.0,1.0,1.0,0.8748723005801443
2847,c2ebbcddd45457f8,True,1.0,1.0,0.836134704087631,1.0,1.0,1.0,0.9317227933698463
2848,455037cfe9a95796,True,1.0,1.0,1.0,1.0,1.0,1.0,1.0
2849,4eff4682a7795fe1,True,1.0,1.0,1.0,1.0,1.0,1.0,1.0
2850,6efbee464bcd5780,True,1.0,1.0,0.8726964632844527,1.0,1.0,1.0,0.9469568597018553
2851,0d150320916f5b2d,True,1.0,0.0,0.0,0.0,1.0,1.0,0.0
2852,93d4ab80a0cf5f01,True,1.0,1.0,1.0,1.0,1.0,1.0,1.0
2853,2d6d2dd79ad75ea5,True,1.0,1.0,1.0,1.0,1.0,0.5,1.0
2854,8ead980b5c845769,True,1.0,1.0,1.0,1.0,1.0,1.0,1.0
2855,077dd2d55c17560f,True,1.0,1.0,0.596284082160954,1.0,1.0,1.0,0.8317850342337308
2856,7bd504ce0e1950b9,True,1.0,1.0,0.7911281963292418,1.0,1.0,1.0,0.9129700818038508
2857,428532e023bc5783,True,1.0,1.0,0.7824050304380499,1.0,1.0,1.0,0.9093354293491874
2858,e933d70dd378598f,True,1.0,1.0,0.7332774856084815,1.0,1.0,1.0,0.8888656190035339
2859,3aa9d1c9ceb35906,True,1.0,1.0,0.7604785066774202,1.0,1.0,1.0,0.9001993777822584
2860,74f87045b75156f4,True,1.0,1.0,0.8300389743944165,1.0,1.0,1.0,0.9291829059976736
2861,a547f498303e5b17,True,1.0,1.0,0.7342316396959603,1.0,1.0,1.0,0.8892631832066501
2862,e344674ba93250b5,True,1.0,0.0,0.0,1.0,1.0,1.0,0.0
2863,5b7700fa99d95a94,True,1.0,1.0,0.6522737166688152,1.0,1.0,1.0,0.8551140486120063
2864,f60b8b3796c45845,True,1.0,1.0,0.6502172974904895,1.0,1.0,1.0,0.8542572072877039
2865,afa0bb26045b5981,True,1.0,1.0,0.6720511823771195,1.0,1.0,1.0,0.8633546593237997
2866,073b782b57115061,True,1.0,1.0,0.9243310547475964,1.0,1.0,1.0,0.9684712728114985
2867,a1bfecf3560e5aa3,True,0.5,1.0,0.8433588178673821,0.0,1.0,1.0,0.2590330870557046
2868,average,True,0.9701882845188284,0.895397489539749,0.7473135974896231,0.9354951185495118,0.9982566248256625,0.9419456066945606,0.8106809125736207
