,token,valid,no_at_fault_collisions,drivable_area_compliance,ego_progress,time_to_collision_within_bound,comfort,driving_direction_compliance,score
0,026e7b1e0e335625,True,1.0,1.0,1.0,1.0,1.0,1.0,1.0
1,f874757c4b46591b,True,1.0,1.0,0.9983939534735279,1.0,1.0,1.0,0.9993308139473033
2,ff9d7c14934b541e,True,1.0,0.0,0.0,1.0,1.0,1.0,0.0
3,fa545b09688957b8,True,1.0,1.0,1.0,0.0,1.0,1.0,0.5833333333333334
4,2a3ab48ae28f5e90,True,1.0,1.0,1.0,1.0,1.0,1.0,1.0
5,f5f7d39ffe625dda,True,1.0,1.0,0.978333710125546,1.0,1.0,1.0,0.9909723792189776
6,5237b49651b35ffb,True,1.0,1.0,1.0,1.0,1.0,1.0,1.0
7,ed98d12e4c99536d,True,1.0,1.0,1.0,1.0,1.0,0.5,1.0
8,254290b4b4a35869,True,1.0,1.0,1.0,1.0,1.0,1.0,1.0
9,efc8eef1e7b551d9,True,1.0,1.0,0.8644431520895021,1.0,1.0,1.0,0.9435179800372925
10,09a0456056555b0a,True,1.0,1.0,0.7581727079187374,1.0,1.0,1.0,0.8992386282994739
11,8fb6a2364e0c53f9,True,1.0,1.0,0.9567163943419436,1.0,1.0,1.0,0.9819651643091433
12,6e49c17c51db5a5c,True,1.0,1.0,0.596088067337239,1.0,1.0,1.0,0.8317033613905163
13,07d1a751018a526f,True,1.0,1.0,0.884290246040689,1.0,1.0,1.0,0.9517876025169537
14,2f1edc1ab2b55b05,True,1.0,1.0,0.8787678795166256,1.0,1.0,1.0,0.9494866164652608
15,8781cde1032354cb,True,1.0,1.0,1.0,1.0,1.0,1.0,1.0
16,bf8b8714f63d5642,True,1.0,1.0,0.9209778637726524,1.0,1.0,1.0,0.9670741099052718
17,c20652fc6a78529b,True,1.0,1.0,0.6739833715508833,1.0,1.0,1.0,0.8641597381462014
18,e2c14ab1fbe350b1,True,0.0,1.0,0.0,0.0,1.0,1.0,0.0
19,81ac4c9af9ea5562,True,1.0,1.0,0.6076448796419198,1.0,1.0,1.0,0.8365186998508
20,afbbcee34f1850fd,True,1.0,1.0,0.6964527808436252,1.0,1.0,1.0,0.8735219920181772
21,5c1b8e332d105b79,True,1.0,0.0,0.0,1.0,1.0,1.0,0.0
22,38d08753fa4651c2,True,0.0,1.0,0.0,0.0,1.0,1.0,0.0
23,d2937fdb8d605a73,True,1.0,1.0,0.7920616488867447,1.0,1.0,1.0,0.9133590203694769
24,dee481365b265a2d,True,1.0,1.0,0.5730860573230896,1.0,1.0,1.0,0.8221191905512873
25,9b09b277214d5623,True,1.0,1.0,1.0,1.0,1.0,0.0,1.0
26,d34d0398de585e6c,True,1.0,1.0,0.5943701210297228,1.0,1.0,1.0,0.8309875504290511
27,f6df3f934bdb598d,True,1.0,1.0,0.9309509174550815,1.0,1.0,1.0,0.9712295489396173
28,18f8562c9bb55561,True,1.0,1.0,0.7982139164285479,1.0,1.0,1.0,0.9159224651785616
29,cc9a87182a05533d,True,1.0,1.0,0.7904362274235063,1.0,1.0,1.0,0.912681761426461
30,3c90de2a12a558b2,True,1.0,1.0,0.7380390702735352,1.0,1.0,1.0,0.890849612613973
31,36e3e0f9a589578d,True,1.0,1.0,0.6526394262985857,1.0,1.0,1.0,0.8552664276244107
32,8b1d45137881582a,True,1.0,1.0,0.5693089934962913,1.0,1.0,1.0,0.820545413956788
33,69ddc43178e9572a,True,1.0,1.0,1.0,1.0,1.0,1.0,1.0
34,4fbfc7dc71db50e2,True,1.0,1.0,0.8036542774982957,1.0,1.0,1.0,0.9181892822909564
35,10f5795252265ff3,True,1.0,1.0,0.9642838556681862,1.0,1.0,1.0,0.9851182731950776
36,b2e0a5dfbb575ce1,True,1.0,1.0,0.7379611998054888,1.0,1.0,1.0,0.8908171665856203
37,51ab6f367130574d,True,1.0,1.0,0.8103683398944579,1.0,1.0,1.0,0.9209868082893574
38,01ce9c82de0d5539,True,1.0,1.0,0.7589996741524698,1.0,1.0,1.0,0.8995831975635292
39,feb90d2112ec57cf,True,1.0,1.0,0.6550573891708662,1.0,1.0,1.0,0.8562739121545276
40,002a52b0ed5650da,True,1.0,1.0,0.808709088023491,1.0,1.0,1.0,0.9202954533431212
41,05d6f076bdc855d1,True,1.0,1.0,0.9238437583106096,1.0,1.0,1.0,0.9682682326294207
42,167d6bc7be735e55,True,1.0,1.0,1.0,1.0,1.0,1.0,1.0
43,6b5a3fa1663e5a8d,True,1.0,1.0,0.7056232906376737,1.0,1.0,1.0,0.8773430377656973
44,d3e99c65bb2a5d79,True,1.0,0.0,0.0,1.0,1.0,1.0,0.0
45,2c439b29049252a7,True,1.0,1.0,1.0,1.0,1.0,1.0,1.0
46,dd414d3d7d5452f1,True,1.0,1.0,0.8337022760213632,1.0,1.0,1.0,0.930709281675568
47,980db9371e6b52de,True,1.0,1.0,0.9785247590229283,1.0,1.0,1.0,0.9910519829262201
48,caa3170f8c3b5cfe,True,1.0,1.0,0.7620521978362826,1.0,1.0,1.0,0.9008550824317845
49,45c4158a235e514a,True,1.0,1.0,1.0,1.0,1.0,1.0,1.0
50,8396adcdedb55337,True,1.0,1.0,0.732746330206427,1.0,1.0,1.0,0.8886443042526779
51,2243d4e976fb5b77,True,1.0,1.0,1.0,1.0,1.0,1.0,1.0
52,569187407cd3517c,True,1.0,1.0,1.0,1.0,1.0,1.0,1.0
53,4b347fca93c65596,True,1.0,1.0,0.6660450775513648,1.0,1.0,1.0,0.8608521156464021
54,48f9e483baaf58a0,True,1.0,1.0,0.7596401431501552,1.0,1.0,1.0,0.8998500596458979
55,1b0f2e4276945f9a,True,1.0,1.0,1.0,1.0,1.0,1.0,1.0
56,cdf234c4f4c35156,True,1.0,1.0,0.8319486140860616,1.0,1.0,1.0,0.9299785892025256
57,51e7c560a43d5a25,True,1.0,1.0,0.8759692577371717,1.0,1.0,1.0,0.9483205240571548
58,d987180f18155985,True,1.0,1.0,1.0,1.0,1.0,1.0,1.0
59,7edc6539f71a5a79,True,1.0,1.0,0.9354431112732613,1.0,1.0,1.0,0.9731012963638589
60,76d3db995c9e5946,True,1.0,1.0,0.8023632745749242,1.0,1.0,1.0,0.9176513644062183
61,5b4f392698d35a5f,True,1.0,1.0,0.6511098296194351,1.0,1.0,1.0,0.8546290956747646
62,78beb0eba954535e,True,1.0,1.0,1.0,1.0,1.0,1.0,1.0
63,1b3ed6f1e9b8574d,True,1.0,1.0,0.5513700775860385,1.0,1.0,1.0,0.8130708656608494
64,2d4d48a048615f9a,True,1.0,1.0,1.0,1.0,1.0,1.0,1.0
65,d3484ba53e775a66,True,1.0,1.0,1.0,1.0,1.0,1.0,1.0
66,f0cdcc3967335c01,True,1.0,1.0,1.0,1.0,1.0,1.0,1.0
67,48e14ad3c65c5156,True,1.0,1.0,0.8815313395658307,1.0,1.0,1.0,0.9506380581524295
68,0d09772186295ff0,True,1.0,1.0,0.9509760847682308,1.0,1.0,1.0,0.9795733686534295
69,cd9330daeec55224,True,1.0,1.0,0.5587702291188724,1.0,1.0,1.0,0.8161542621328635
70,3d400bec249a5f88,True,1.0,1.0,0.8018366343025861,1.0,1.0,1.0,0.9174319309594109
71,83be5aa78f7652de,True,1.0,1.0,1.0,1.0,1.0,1.0,1.0
72,54fbe498c745542e,True,1.0,1.0,1.0,1.0,1.0,1.0,1.0
73,3e96578a903d59d8,True,1.0,1.0,1.0,1.0,1.0,1.0,1.0
74,eab63019e1825aea,True,1.0,1.0,1.0,1.0,1.0,1.0,1.0
75,013ec5b715635a66,True,1.0,1.0,1.0,1.0,1.0,1.0,1.0
76,8b1193abd0b75de0,True,1.0,1.0,1.0,1.0,1.0,1.0,1.0
77,02325da26296565c,True,1.0,1.0,1.0,1.0,1.0,1.0,1.0
78,f42bdbb0a30c5854,True,1.0,1.0,1.0,1.0,1.0,1.0,1.0
79,6fee6df4d64b5d9d,True,1.0,1.0,0.9136335663947055,1.0,1.0,1.0,0.964013985997794
80,31ac916bb888562a,True,1.0,1.0,0.7103876724846632,1.0,1.0,1.0,0.8793281968686096
81,7a3e0625f3c751ce,True,1.0,1.0,0.7943516183344939,1.0,1.0,1.0,0.9143131743060392
82,03e24d87e7315809,True,1.0,1.0,0.9180369228315989,1.0,1.0,1.0,0.9658487178464995
83,1d7a96e116735b6c,True,1.0,1.0,1.0,1.0,1.0,1.0,1.0
84,7aeb6cedbf4353ef,True,1.0,1.0,0.9863912481908458,1.0,1.0,1.0,0.9943296867461857
85,1082d34008e05df4,True,1.0,1.0,1.0,1.0,1.0,1.0,1.0
86,9d55692d15dc5155,True,1.0,1.0,1.0,1.0,1.0,1.0,1.0
87,5f4945f6b9b45024,True,1.0,1.0,1.0,1.0,1.0,1.0,1.0
88,f9b16eaee3b956a3,True,1.0,0.0,0.0,1.0,1.0,1.0,0.0
89,9c9b62965da75764,True,1.0,1.0,0.9683769098668648,1.0,1.0,1.0,0.986823712444527
90,16f3b92e5d56573a,True,1.0,1.0,1.0,0.0,1.0,1.0,0.5833333333333334
91,a5d3eca1660f5855,True,1.0,1.0,0.8434357107504855,1.0,1.0,1.0,0.9347648794793689
92,edd24f4c0a295030,True,1.0,1.0,1.0,1.0,1.0,1.0,1.0
93,b043b68462d7540c,True,1.0,1.0,1.0,1.0,1.0,1.0,1.0
94,b022550645ac5dbf,True,1.0,1.0,0.7545279739470865,1.0,1.0,0.5,0.8977199891446194
95,8df6c22946e5526d,True,1.0,1.0,1.0,1.0,1.0,1.0,1.0
96,701eca801b6f5ba9,True,1.0,1.0,1.0,1.0,1.0,1.0,1.0
97,808e5edcddce51c3,True,1.0,1.0,0.9020861662668241,1.0,1.0,1.0,0.9592025692778434
98,ed77d7ff214f53aa,True,1.0,1.0,0.9393087938221621,1.0,1.0,1.0,0.9747119974259008
99,263367576c285a2a,True,1.0,1.0,1.0,1.0,1.0,1.0,1.0
100,b26b54b014205d5c,True,1.0,0.0,0.0,1.0,1.0,1.0,0.0
101,00a757f8d4e45f8c,True,1.0,0.0,0.0,0.0,1.0,1.0,0.0
102,96bc4f4e46f752f4,True,1.0,1.0,1.0,1.0,1.0,1.0,1.0
103,e045d3abc4e95f52,True,1.0,1.0,0.800529701673578,1.0,1.0,1.0,0.9168873756973243
104,31ffaa640cf85134,True,1.0,1.0,1.0,1.0,1.0,1.0,1.0
105,1682c020a94054fa,True,1.0,1.0,0.8941814369700424,1.0,1.0,1.0,0.955908932070851
106,927222aceeaa52bb,True,1.0,1.0,0.9810933020401293,1.0,1.0,1.0,0.9921222091833872
107,30765e467f6c5947,True,1.0,1.0,0.9582300265287229,1.0,1.0,1.0,0.9825958443869679
108,70f3a3d098bf5381,True,1.0,1.0,1.0,1.0,1.0,1.0,1.0
109,b5c2d13e8d5c517a,True,1.0,1.0,0.7911032092790192,1.0,1.0,1.0,0.9129596705329247
110,e952dd35343958d8,True,1.0,1.0,0.7581003923694114,1.0,1.0,1.0,0.899208496820588
111,876aec35f98a5280,True,1.0,1.0,1.0,1.0,1.0,1.0,1.0
112,dd54db98a83b5714,True,1.0,1.0,0.7047338029256568,1.0,1.0,1.0,0.8769724178856904
113,ba69be06341d5b2b,True,1.0,1.0,0.967648220639124,1.0,1.0,1.0,0.9865200919329684
114,92ebb72e83325bb1,True,0.0,1.0,0.0,0.0,1.0,0.0,0.0
115,b0b25b314843551d,True,1.0,1.0,1.0,1.0,1.0,1.0,1.0
116,e54d6de2e70157b0,True,1.0,1.0,1.0,1.0,1.0,1.0,1.0
117,435eadb0f1fe5b49,True,1.0,1.0,0.8574370688093087,1.0,1.0,1.0,0.9405987786705453
118,8b0d50e645eb5ac7,True,1.0,1.0,1.0,1.0,1.0,1.0,1.0
119,67dbad26dd165f16,True,1.0,1.0,0.670189926252231,1.0,1.0,1.0,0.8625791359384296
120,c65a7b2b6f8c527e,True,1.0,1.0,0.9725087000905384,1.0,1.0,1.0,0.988545291704391
121,816a869e91ae5d17,True,1.0,0.0,0.0,0.0,1.0,1.0,0.0
122,b3de01e79b725ae4,True,1.0,1.0,0.9074341666537918,1.0,1.0,1.0,0.9614309027724133
123,b677a8a95c395ad2,True,1.0,1.0,0.8374677548806644,1.0,1.0,1.0,0.9322782312002769
124,0defa8939c9851ea,True,1.0,1.0,1.0,1.0,1.0,1.0,1.0
125,04daf401ec185f96,True,1.0,1.0,1.0,1.0,1.0,1.0,1.0
126,7be2f6436ce95042,True,1.0,1.0,1.0,1.0,1.0,1.0,1.0
127,71ae69a9499e559c,True,1.0,1.0,0.7175915571650031,1.0,1.0,1.0,0.8823298154854179
128,ed1a1174e6aa5270,True,1.0,1.0,1.0,1.0,1.0,1.0,1.0
129,2a5fea3ae25e5cdd,True,1.0,1.0,1.0,1.0,1.0,1.0,1.0
130,04605629ea8a50cc,True,1.0,1.0,1.0,1.0,1.0,1.0,1.0
131,4dd55e4b78955eca,True,1.0,1.0,0.9939247589045018,1.0,1.0,1.0,0.9974686495435424
132,134a3394c9b756d9,True,1.0,1.0,0.6774150498830234,1.0,1.0,1.0,0.8655896041179264
133,0748764d9de454ea,True,1.0,1.0,1.0,1.0,1.0,1.0,1.0
134,0d9243e74a1a501a,True,1.0,1.0,0.6354663931634745,1.0,1.0,1.0,0.8481109971514478
135,ed8384b107d95d89,True,1.0,1.0,0.754804710637917,1.0,1.0,1.0,0.897835296099132
136,2919cd502115582a,True,1.0,1.0,1.0,1.0,1.0,1.0,1.0
137,9104884bcb915c08,True,1.0,1.0,0.9093893668511007,1.0,1.0,1.0,0.962245569521292
138,8d3c8a698ac65342,True,1.0,1.0,0.6634054066795936,1.0,1.0,1.0,0.859752252783164
139,fc1b6762387f5209,True,1.0,1.0,0.8996347318493281,1.0,1.0,1.0,0.9581811382705534
140,c4fad4d040a75b90,True,1.0,0.0,0.0,1.0,1.0,1.0,0.0
141,053895d2bfc754f3,True,1.0,1.0,0.8296220851037923,1.0,1.0,1.0,0.9290092021265801
142,1fb997ffe1de58f8,True,1.0,1.0,0.7875909921877695,1.0,1.0,1.0,0.911496246744904
143,ff9058bacb845910,True,1.0,1.0,1.0,1.0,1.0,1.0,1.0
144,430589fe41235469,True,1.0,1.0,0.7128620178687409,1.0,1.0,1.0,0.8803591741119754
145,db951dbc3e595c29,True,1.0,1.0,0.9398921559601249,1.0,1.0,1.0,0.9749550649833854
146,a589b9ccbe3e5d1c,True,1.0,1.0,0.7144278189450425,1.0,1.0,1.0,0.881011591227101
147,ae7fdaafe2c250e6,True,1.0,1.0,1.0,1.0,1.0,1.0,1.0
148,1c62222c7c0b522f,True,1.0,1.0,1.0,1.0,1.0,1.0,1.0
149,9d74f6f9b0a25c90,True,1.0,1.0,1.0,0.0,1.0,1.0,0.5833333333333334
150,b7e61e7b15265bb9,True,1.0,1.0,1.0,1.0,1.0,1.0,1.0
151,70ce3fce14785ae5,True,1.0,1.0,1.0,1.0,1.0,1.0,1.0
152,1faa29a936cd5277,True,1.0,1.0,0.8230872247806175,1.0,1.0,1.0,0.9262863436585906
153,2de3f6af0a69509d,True,1.0,1.0,0.7983719971988672,1.0,1.0,1.0,0.9159883321661946
154,1b88b298d405518e,True,1.0,1.0,0.8999878370951399,1.0,1.0,1.0,0.9583282654563083
155,ad8e3279524854c3,True,1.0,1.0,0.861978972879975,1.0,1.0,1.0,0.9424912386999896
156,1270261ff182534f,True,1.0,1.0,0.8580158227580605,1.0,1.0,1.0,0.9408399261491919
157,13da814cde3a525b,True,1.0,1.0,0.9421677052712443,1.0,1.0,1.0,0.9759032105296851
158,26e8589d8c485726,True,1.0,1.0,0.7833607002133471,1.0,1.0,1.0,0.9097336250888945
159,b637b5849b475a18,True,1.0,1.0,0.7500675116147738,1.0,1.0,1.0,0.8958614631728224
160,1e4f2f231ac0540e,True,1.0,1.0,0.8120295465838275,1.0,1.0,1.0,0.9216789777432615
161,5e81fdb02c275b17,True,1.0,1.0,0.5643554907323741,1.0,1.0,1.0,0.8184814544718225
162,846863e9cd7059c5,True,1.0,1.0,1.0,1.0,1.0,1.0,1.0
163,1b5606e475d554f7,True,1.0,1.0,0.9228191037419052,1.0,1.0,1.0,0.9678412932257938
164,d12c5ba59acf55a0,True,1.0,1.0,0.9606715768808304,1.0,1.0,1.0,0.9836131570336794
165,396a8c19c4ac58f3,True,1.0,1.0,1.0,1.0,1.0,1.0,1.0
166,7291b74b016d5672,True,1.0,1.0,0.8666435222624504,1.0,1.0,1.0,0.9444348009426876
167,55bd10ac74585a12,True,1.0,1.0,1.0,0.0,1.0,1.0,0.5833333333333334
168,9baf3c1d42b25070,True,1.0,1.0,1.0,1.0,1.0,1.0,1.0
169,b6a62a2356885962,True,1.0,1.0,1.0,1.0,1.0,1.0,1.0
170,8237f47b224952b4,True,1.0,1.0,0.9909011154758658,1.0,1.0,1.0,0.9962087981149441
171,b814c5b773165d87,True,1.0,1.0,0.8089309060419686,1.0,1.0,1.0,0.920387877517487
172,0de3f9728fc651a6,True,1.0,1.0,0.7639389439361581,1.0,1.0,1.0,0.9016412266400659
173,2e586c7da7c55eb3,True,1.0,1.0,1.0,1.0,1.0,0.5,1.0
174,6ea198f259b85e49,True,1.0,1.0,1.0,1.0,1.0,1.0,1.0
175,31cdd1b336305b1a,True,1.0,1.0,0.8001132795492402,1.0,1.0,1.0,0.9167138664788501
176,f860a73be2cd5fe5,True,1.0,1.0,0.9009021346573726,1.0,1.0,1.0,0.9587092227739052
177,82b415fbbc725562,True,1.0,1.0,1.0,1.0,1.0,1.0,1.0
178,288ea364ec115f46,True,1.0,1.0,1.0,1.0,1.0,1.0,1.0
179,efca142f8d93518b,True,1.0,1.0,0.7614580252215996,1.0,1.0,1.0,0.9006075105089998
180,70e6f01ee485510a,True,1.0,1.0,0.799549337369852,1.0,1.0,1.0,0.9164788905707716
181,55d6a50a401f52f7,True,0.0,1.0,0.0,0.0,1.0,1.0,0.0
182,cc8b8b4ae726592a,True,1.0,1.0,1.0,1.0,1.0,1.0,1.0
183,02b68b9cc51f506a,True,1.0,1.0,0.6852245907509189,1.0,1.0,1.0,0.8688435794795496
184,d9c700e9e21b50ba,True,1.0,1.0,1.0,1.0,1.0,1.0,1.0
185,7427658d61b55fb8,True,1.0,1.0,0.9446056881695789,1.0,1.0,1.0,0.9769190367373245
186,0558c7a64ef157b1,True,1.0,1.0,0.9984258315204267,1.0,1.0,1.0,0.9993440964668444
187,f897914e6f0c52e5,True,1.0,1.0,1.0,1.0,1.0,1.0,1.0
188,b81c602d68a25e90,True,1.0,1.0,0.9052318594406997,1.0,1.0,1.0,0.9605132747669582
189,b0598da891205aa3,True,1.0,1.0,1.0,1.0,1.0,1.0,1.0
190,70a70a9054d75d9f,True,1.0,1.0,1.0,1.0,1.0,1.0,1.0
191,53834451cfa75fd0,True,1.0,1.0,0.782419524171885,1.0,1.0,1.0,0.9093414684049521
192,096d823b664e5972,True,1.0,0.0,0.0,1.0,1.0,1.0,0.0
193,df8bff51c1d95e09,True,1.0,1.0,1.0,1.0,1.0,1.0,1.0
194,3d43337c0e6b5910,True,1.0,1.0,0.7008165835766769,1.0,1.0,1.0,0.8753402431569487
195,fd7c51a15e5b54a6,True,1.0,1.0,0.7022115031345085,1.0,1.0,1.0,0.8759214596393785
196,b9c124bdb19956b7,True,1.0,1.0,0.6694470219490972,1.0,1.0,1.0,0.8622695924787905
197,daf715295e7d576b,True,1.0,1.0,1.0,1.0,1.0,1.0,1.0
198,b961186653e45dc2,True,1.0,1.0,0.8563368187324738,1.0,1.0,1.0,0.9401403411385307
199,49ee466685265a80,True,1.0,1.0,0.9761372499486538,0.0,1.0,1.0,0.5733905208119391
200,735587b14e39568c,True,1.0,1.0,0.707531999611283,1.0,1.0,1.0,0.878138333171368
201,8af2a66435ea565a,True,1.0,1.0,0.9403295621346954,1.0,1.0,1.0,0.9751373175561232
202,cd78333fa2c45328,True,1.0,0.0,0.0,0.0,1.0,1.0,0.0
203,5e74b6a61b715f47,True,0.0,1.0,0.0,0.0,1.0,0.5,0.0
204,38f4eed7d2cb5cc0,True,1.0,1.0,1.0,1.0,1.0,1.0,1.0
205,8c554c3017d05e9b,True,1.0,1.0,0.8706513708439887,1.0,1.0,1.0,0.9461047378516619
206,5af27ca0b8135d9d,True,1.0,1.0,0.8847994566747542,1.0,1.0,1.0,0.9519997736144811
207,47e005481cf0579d,True,1.0,1.0,0.9104696872949266,1.0,1.0,1.0,0.9626957030395528
208,61c5308743b35db2,True,1.0,1.0,0.46381978471542873,1.0,1.0,1.0,0.776591576964762
209,0e0e30877d725664,True,1.0,1.0,0.9160726388377735,1.0,1.0,1.0,0.9650302661824055
210,47c92818d9005eea,True,1.0,1.0,1.0,1.0,1.0,1.0,1.0
211,f1992f61c13e5998,True,1.0,1.0,0.9557956132154034,1.0,1.0,1.0,0.981581505506418
212,4b04d67c77455726,True,1.0,1.0,0.17873521475272167,1.0,1.0,1.0,0.6578063394803008
213,09d424ddf3a558b3,True,1.0,0.0,0.0,0.0,1.0,1.0,0.0
214,a7fb000f96b35f94,True,1.0,1.0,1.0,1.0,1.0,1.0,1.0
215,1719439969a55cc6,True,1.0,1.0,0.9430567085905974,1.0,1.0,1.0,0.9762736285794156
216,6bd5888420e851a1,True,1.0,1.0,1.0,1.0,1.0,1.0,1.0
217,27b5c3ce868856a2,True,1.0,1.0,0.8997351825864699,1.0,1.0,1.0,0.9582229927443624
218,2073f76964735ff7,True,1.0,1.0,0.6741393727562588,1.0,1.0,1.0,0.8642247386484412
219,4da3c27db2495e9e,True,1.0,1.0,0.5945914658907123,1.0,1.0,1.0,0.8310797774544634
220,b95ff3bc9cf45e47,True,1.0,1.0,0.7891243746604777,1.0,1.0,1.0,0.9121351561085325
221,5795e118157f528f,True,1.0,1.0,0.7597452424659089,1.0,1.0,1.0,0.899893851027462
222,a5de46cebb7d5260,True,1.0,0.0,0.0,1.0,1.0,1.0,0.0
223,98e3abe2a38c5156,True,1.0,0.0,0.0,1.0,1.0,1.0,0.0
224,7f1f382094685881,True,1.0,1.0,0.8849419901159727,1.0,1.0,1.0,0.952059162548322
225,f79916e26eef5b74,True,1.0,1.0,1.0,0.0,0.0,1.0,0.4166666666666667
226,2e508e23f47d5f96,True,1.0,1.0,0.7627690156950644,1.0,1.0,1.0,0.90115375653961
227,8673d97f94ae5700,True,1.0,1.0,0.8552153544953258,1.0,1.0,1.0,0.9396730643730523
228,a259460cd13f55c2,True,0.5,0.0,0.0,0.0,1.0,1.0,0.0
229,7b13f467f23c5a2b,True,1.0,1.0,0.9639354552333096,1.0,1.0,1.0,0.9849731063472124
230,512b6941e1335e0f,True,1.0,1.0,1.0,1.0,1.0,1.0,1.0
231,12d426c6727d507a,True,1.0,1.0,0.7333395941922679,1.0,1.0,1.0,0.8888914975801115
232,03143ef8f2f65a2f,True,1.0,1.0,0.7883300031605351,1.0,1.0,1.0,0.9118041679835563
233,223cdeaddc525446,True,1.0,1.0,1.0,1.0,1.0,1.0,1.0
234,35fa5481e4de5703,True,1.0,1.0,0.8094161661695342,1.0,1.0,1.0,0.9205900692373059
235,a43d45f7369d5489,True,1.0,1.0,1.0,1.0,1.0,1.0,1.0
236,77919997d5c352d8,True,1.0,1.0,1.0,1.0,1.0,1.0,1.0
237,b1e1c1a12339588a,True,1.0,1.0,1.0,1.0,1.0,1.0,1.0
238,45b494315ca85268,True,1.0,1.0,0.8814225587926522,1.0,1.0,1.0,0.9505927328302718
239,c0fb4281da785582,True,1.0,0.0,0.0,1.0,1.0,1.0,0.0
240,1c3c37eeacd15c92,True,1.0,1.0,0.8208525994945173,1.0,1.0,1.0,0.9253552497893822
241,fd30fae9e4f35fa8,True,1.0,1.0,0.6435555988349231,1.0,1.0,1.0,0.8514814995145512
242,4102a6399acf528b,True,1.0,1.0,0.7692912052258893,1.0,1.0,1.0,0.9038713355107872
243,f3f9f7a6f8f15f49,True,0.0,1.0,0.0,0.0,1.0,1.0,0.0
244,dc05b41a768b5015,True,1.0,1.0,0.5259859614714802,1.0,1.0,1.0,0.8024941506131168
245,dd9b1479609c5c59,True,1.0,0.0,0.0,1.0,1.0,1.0,0.0
246,53ab46d6ca9d5b68,True,1.0,1.0,1.0,1.0,1.0,1.0,1.0
247,789af91cd1755b7e,True,1.0,1.0,0.9018070555394577,1.0,1.0,1.0,0.9590862731414407
248,e36edd3aedf05e30,True,1.0,1.0,0.7359447539841828,1.0,1.0,1.0,0.8899769808267428
249,c8b422346e1f5252,True,1.0,1.0,1.0,1.0,1.0,1.0,1.0
250,8cd3d83dd4825865,True,1.0,1.0,0.8362850005527422,1.0,1.0,1.0,0.9317854168969758
251,39c08e30ff9255ef,True,1.0,1.0,1.0,1.0,1.0,1.0,1.0
252,8937c2f7a7ac5507,True,1.0,1.0,0.7709941273795916,1.0,1.0,1.0,0.9045808864081631
253,4eb5bcde81245591,True,1.0,0.0,0.0,1.0,1.0,1.0,0.0
254,0d2ff90baf395430,True,1.0,1.0,1.0,1.0,1.0,1.0,1.0
255,e0190f0059145fc6,True,1.0,1.0,0.9863171988483814,1.0,1.0,1.0,0.9942988328534922
256,23ca661f3d7754c7,True,1.0,1.0,0.7791540793588411,1.0,1.0,1.0,0.9079808663995171
257,54e1cb577c0a5f7e,True,1.0,1.0,0.8489314751745693,1.0,1.0,1.0,0.9370547813227373
258,2f421d857f32510e,True,1.0,1.0,0.9331948058916248,1.0,1.0,1.0,0.9721645024548436
259,06753f6c597f512b,True,1.0,1.0,1.0,1.0,1.0,1.0,1.0
260,55e018d3bd3d5abc,True,1.0,1.0,0.9285141838639971,1.0,1.0,1.0,0.9702142432766655
261,2d7bc87644e85744,True,1.0,0.0,0.0,1.0,1.0,1.0,0.0
262,a7a7c9782f3951a1,True,1.0,1.0,1.0,1.0,1.0,1.0,1.0
263,b9e84e372b3958ac,True,1.0,1.0,0.8744869813105409,1.0,1.0,1.0,0.9477029088793921
264,db1f0ea31f525bdb,True,1.0,1.0,0.9778320086507828,1.0,1.0,1.0,0.990763336937826
265,dfb6fbca92bb5183,True,1.0,1.0,0.8256379049048419,1.0,1.0,1.0,0.9273491270436841
266,62e8d8891ff45c7b,True,1.0,1.0,0.6932379201137279,1.0,1.0,1.0,0.8721824667140533
267,a61b9afbe5d857b1,True,1.0,1.0,0.8135227072446399,1.0,1.0,1.0,0.9223011280185999
268,03ca1900f09b5d20,True,1.0,1.0,0.8022563243363388,1.0,1.0,1.0,0.9176068018068078
269,bc8d053770cf5449,True,1.0,1.0,1.0,1.0,1.0,1.0,1.0
270,9d7ec713a2fb5e44,True,1.0,1.0,0.681917931948842,1.0,1.0,1.0,0.8674658049786842
271,73e3a1a2ed275417,True,1.0,1.0,0.6191333008601418,1.0,1.0,1.0,0.8413055420250591
272,ddfadfe2f0385b3b,True,1.0,1.0,0.9853817504343073,1.0,1.0,1.0,0.9939090626809614
273,d1e6f085af9b5199,True,1.0,1.0,0.8665294223531776,1.0,1.0,1.0,0.9443872593138241
274,19488eb3301f5d26,True,1.0,1.0,0.7757924119884636,1.0,1.0,1.0,0.9065801716618598
275,79596c3c8ac45e5e,True,1.0,1.0,1.0,1.0,1.0,1.0,1.0
276,6e49f2f1c4e456f1,True,1.0,1.0,0.6421097206918833,1.0,1.0,1.0,0.8508790502882847
277,901b2d48b2ce5bf1,True,1.0,1.0,0.681935539166837,1.0,1.0,1.0,0.8674731413195155
278,23b4e574c41a57bd,True,1.0,1.0,0.5818779751983638,1.0,1.0,1.0,0.8257824896659849
279,0208ed2202af56b2,True,1.0,1.0,0.8188356687429952,1.0,1.0,1.0,0.924514861976248
280,6d7ca07eac51558e,True,1.0,1.0,1.0,1.0,1.0,1.0,1.0
281,7c150adbe5225f20,True,1.0,1.0,1.0,0.0,1.0,1.0,0.5833333333333334
282,4750f239602d5627,True,1.0,1.0,0.806836613902813,1.0,1.0,1.0,0.9195152557928387
283,dd4483f390725319,True,1.0,1.0,1.0,0.0,1.0,1.0,0.5833333333333334
284,959a7f2070f551e9,True,1.0,1.0,0.6717080153438064,1.0,1.0,1.0,0.8632116730599194
285,1801a3d3fffc57f5,True,1.0,0.0,0.0,1.0,1.0,1.0,0.0
286,8a6717a888fe55f9,True,1.0,1.0,0.7884672499750394,1.0,1.0,1.0,0.9118613541562665
287,c6e9b00edaa454da,True,1.0,1.0,1.0,1.0,1.0,1.0,1.0
288,522894525b4e5168,True,1.0,1.0,0.9212451800464537,1.0,1.0,1.0,0.9671854916860223
289,76f053cb2f8851c7,True,1.0,1.0,1.0,1.0,1.0,1.0,1.0
290,dd72153f54fa59e7,True,1.0,1.0,1.0,1.0,1.0,1.0,1.0
291,54ab49005da25b3e,True,1.0,1.0,0.5932594528628261,1.0,1.0,1.0,0.8305247720261776
292,03aa8a0576a25b63,True,1.0,0.0,0.0,1.0,1.0,1.0,0.0
293,111cb2c23a325817,True,1.0,1.0,0.7651709559830842,1.0,1.0,1.0,0.9021545649929518
294,45408d0676b7570c,True,1.0,1.0,0.8524820987639536,1.0,1.0,1.0,0.938534207818314
295,b77b106f469055bd,True,1.0,1.0,0.8076797685461701,1.0,1.0,1.0,0.9198665702275708
296,3770407dcc67520c,True,1.0,1.0,0.7737620989657098,1.0,1.0,1.0,0.9057342079023791
297,517e199220ca522b,True,1.0,1.0,0.9514997654052981,1.0,1.0,1.0,0.9797915689188743
298,1935e5d682ff5981,True,1.0,1.0,0.7825033405116073,1.0,1.0,1.0,0.9093763918798364
299,6e821a856fe45177,True,1.0,1.0,1.0,1.0,1.0,1.0,1.0
300,9248ce20618c5513,True,1.0,1.0,0.8331181268175375,1.0,1.0,1.0,0.930465886173974
301,abba9d81ee9054ec,True,1.0,1.0,0.9228027641836283,1.0,1.0,1.0,0.9678344850765118
302,02bfb6340c185b97,True,1.0,1.0,0.685719650237852,1.0,1.0,1.0,0.8690498542657717
303,64a417561b53530f,True,1.0,1.0,1.0,1.0,1.0,1.0,1.0
304,ef4e7ef102395420,True,1.0,1.0,0.9790083152034627,1.0,1.0,1.0,0.9912534646681094
305,ad3d0b30c78355d4,True,1.0,1.0,0.8891415744052928,1.0,1.0,1.0,0.9538089893355387
306,196cb93444b35dd7,True,1.0,1.0,0.6545353574163979,1.0,1.0,1.0,0.8560563989234992
307,e3ce6f2ef9765b9a,True,1.0,1.0,0.9584150304710368,1.0,1.0,1.0,0.982672929362932
308,cebdeff85ac65185,True,1.0,1.0,1.0,1.0,1.0,1.0,1.0
309,6ac603d43fbb57ef,True,1.0,1.0,0.9458195576382946,1.0,1.0,1.0,0.9774248156826228
310,1108eba0b4415340,True,1.0,1.0,0.8334784791371286,1.0,1.0,1.0,0.9306160329738035
311,d42d0a93b7185161,True,1.0,1.0,0.5781667414327363,1.0,1.0,1.0,0.8242361422636401
312,00fcad6d092c5e8e,True,1.0,1.0,1.0,1.0,1.0,1.0,1.0
313,d1065c7c84e054ae,True,1.0,1.0,1.0,1.0,1.0,1.0,1.0
314,57730912486a5853,True,1.0,1.0,0.8564907892685953,1.0,1.0,1.0,0.9402044955285813
315,14b839d065b358d0,True,1.0,1.0,1.0,1.0,1.0,1.0,1.0
316,f727c5fa1e735d2d,True,1.0,1.0,0.9840517353053386,1.0,1.0,1.0,0.9933548897105577
317,5085749584aa5377,True,1.0,1.0,0.5826339581726673,1.0,1.0,1.0,0.8260974825719446
318,c93a302d2fb2508f,True,1.0,1.0,0.7121088054390837,1.0,1.0,1.0,0.8800453355996183
319,c71161b938af5b16,True,1.0,1.0,1.0,1.0,1.0,1.0,1.0
320,03eef9b11774564f,True,1.0,1.0,1.0,1.0,1.0,1.0,1.0
321,ae5377e5ebf65f45,True,1.0,1.0,0.7831631342918162,1.0,1.0,1.0,0.9096513059549234
322,4d8c41cf686957d1,True,1.0,1.0,1.0,1.0,1.0,1.0,1.0
323,91aeae3843455c34,True,1.0,1.0,1.0,1.0,1.0,1.0,1.0
324,6c8a49ddb7435fbf,True,1.0,1.0,1.0,1.0,1.0,0.0,1.0
325,1d612d6783845a87,True,1.0,1.0,1.0,1.0,1.0,1.0,1.0
326,23d70775af9754e8,True,1.0,1.0,1.0,1.0,1.0,1.0,1.0
327,b425ed76adfb5351,True,1.0,1.0,0.8804262694807201,1.0,1.0,1.0,0.9501776122836333
328,e375b42cd83a5bf3,True,1.0,1.0,1.0,1.0,1.0,1.0,1.0
329,0994517bde3c5188,True,1.0,1.0,0.5272336483994131,1.0,1.0,1.0,0.8030140201664221
330,0372bb63e704555a,True,1.0,1.0,0.8918799184997391,1.0,1.0,1.0,0.9549499660415579
331,71629f355b5e5b19,True,1.0,1.0,1.0,1.0,1.0,1.0,1.0
332,b8554777b68750e7,True,1.0,1.0,0.7858832691555301,1.0,1.0,1.0,0.9107846954814708
333,236c1e1f86ec5e98,True,1.0,1.0,0.9676634848418272,1.0,1.0,1.0,0.9865264520174281
334,a19a3d9b712751f6,True,1.0,1.0,0.7112422419971299,1.0,1.0,1.0,0.8796842674988041
335,4bc95052d6d8547e,True,1.0,1.0,0.7333870441585653,1.0,1.0,1.0,0.8889112683994022
336,a04628cdd3f25947,True,1.0,1.0,0.8856304000979458,1.0,1.0,1.0,0.9523460000408107
337,73c6bf15d3cc58e4,True,1.0,1.0,0.7850867487920544,1.0,1.0,1.0,0.9104528119966894
338,8b369f66349d550a,True,1.0,1.0,1.0,1.0,1.0,1.0,1.0
339,515fefed28a65a88,True,1.0,1.0,0.7840925292639073,1.0,1.0,1.0,0.9100385538599612
340,121b6c8a61d85945,True,1.0,1.0,0.6310612539214931,1.0,1.0,1.0,0.8462755224672888
341,efd90f7518445bef,True,1.0,1.0,1.0,1.0,1.0,1.0,1.0
342,4bc54773ae245d10,True,1.0,1.0,1.0,1.0,1.0,1.0,1.0
343,159ec1accaf55d3f,True,1.0,1.0,1.0,1.0,1.0,1.0,1.0
344,4a35a95ee57f5572,True,1.0,1.0,1.0,1.0,1.0,1.0,1.0
345,d88f286835b95ff3,True,1.0,1.0,1.0,1.0,1.0,1.0,1.0
346,0774f845fe6b5de3,True,1.0,1.0,1.0,1.0,1.0,1.0,1.0
347,944a55f58a59597f,True,1.0,1.0,1.0,1.0,1.0,1.0,1.0
348,6919975cab1c5345,True,1.0,1.0,0.6204262095880729,1.0,1.0,1.0,0.8418442539950304
349,62d339c4086d51ba,True,1.0,1.0,0.7752490642674881,1.0,1.0,1.0,0.9063537767781199
350,bc949c2045ca5537,True,1.0,1.0,0.8251166325389874,1.0,1.0,1.0,0.9271319302245781
351,1e6597b57a335949,True,1.0,1.0,1.0,1.0,1.0,1.0,1.0
352,deb8de65573253b7,True,1.0,1.0,1.0,1.0,1.0,1.0,1.0
353,b2f320b5d94753f9,True,1.0,1.0,0.69429699426686,1.0,1.0,1.0,0.8726237476111917
354,2e037aeeebce56df,True,1.0,1.0,0.716195764629194,1.0,1.0,1.0,0.8817482352621641
355,e38aa05b9c8b5e32,True,1.0,1.0,0.9309807884145082,1.0,1.0,1.0,0.9712419951727117
356,84409129e8075bca,True,1.0,0.0,0.0,1.0,1.0,0.5,0.0
357,4a4bf6e11a875f33,True,1.0,1.0,0.8969653413464287,1.0,1.0,1.0,0.9570688922276785
358,d94860755c1f5594,True,1.0,1.0,0.86099805380784,1.0,1.0,1.0,0.9420825224199333
359,8be468b729aa5f1e,True,1.0,1.0,0.8892154685939846,1.0,1.0,1.0,0.9538397785808269
360,dc97241b7037592b,True,1.0,1.0,0.9755622580348206,1.0,1.0,1.0,0.9898176075145085
361,0d50bb8976e45ea7,True,1.0,1.0,1.0,1.0,1.0,1.0,1.0
362,d9560f4ad686510f,True,1.0,1.0,0.6744667983966247,1.0,1.0,1.0,0.8643611659985936
363,708d081d555a5aa7,True,1.0,1.0,0.5811323790255073,1.0,1.0,1.0,0.8254718245939614
364,7316c116f05d57a5,True,1.0,1.0,0.9354956751346213,1.0,1.0,1.0,0.9731231979727589
365,963a72ef9c615033,True,1.0,1.0,0.9731630785458266,1.0,1.0,1.0,0.9888179493940944
366,92d21bb7692b5664,True,1.0,1.0,0.9453981926491181,1.0,1.0,1.0,0.9772492469371326
367,62108a4000e85dae,True,1.0,1.0,1.0,1.0,1.0,1.0,1.0
368,b9aa102f4d7b5751,True,1.0,1.0,1.0,1.0,1.0,1.0,1.0
369,e68ddf5be41355dc,True,1.0,1.0,0.8591240869536078,1.0,1.0,1.0,0.9413017028973366
370,bf4d95ea76b75de7,True,1.0,1.0,0.8713642549384861,1.0,1.0,1.0,0.9464017728910359
371,c07f609f83b85dd6,True,1.0,1.0,0.862913968148989,1.0,1.0,1.0,0.9428808200620787
372,5e80270349cb530c,True,1.0,1.0,0.9214341781403892,1.0,1.0,1.0,0.9672642408918288
373,5fde0c8c8f4b5ecb,True,1.0,1.0,0.7107030408727416,1.0,1.0,1.0,0.8794596003636425
374,906d7e590245576a,True,1.0,1.0,1.0,1.0,1.0,1.0,1.0
375,5f2d040ee3bf5c6e,True,1.0,1.0,0.9363157575098279,0.0,1.0,1.0,0.5567982322957616
376,01e3dbb4fbcd5781,True,1.0,1.0,1.0,1.0,1.0,1.0,1.0
377,5b78dd344203528e,True,1.0,1.0,0.6740173388583853,1.0,1.0,1.0,0.864173891190994
378,66a924c7d02159cf,True,1.0,1.0,0.7037152598296176,1.0,1.0,1.0,0.8765480249290073
379,91e06c22962d53bb,True,1.0,1.0,0.8422785233681471,1.0,1.0,1.0,0.9342827180700614
380,a3f82403e6945aa7,True,1.0,1.0,0.9857896799438399,1.0,1.0,0.5,0.9940790333099333
381,822d92ab3f13502b,True,1.0,1.0,1.0,1.0,1.0,1.0,1.0
382,96eed7e55d4c5f8b,True,1.0,1.0,0.8345420473919207,1.0,1.0,1.0,0.9310591864133002
383,fb2ff1ed5e1b529f,True,1.0,1.0,1.0,1.0,1.0,0.5,1.0
384,0ac3823481f15815,True,1.0,1.0,0.7224516430344042,1.0,1.0,1.0,0.8843548512643351
385,68d4846662cd53c3,True,1.0,1.0,0.7676088899074999,1.0,1.0,1.0,0.9031703707947916
386,e0b92501aa5051b1,True,1.0,1.0,0.13065689405383923,1.0,1.0,1.0,0.6377737058557663
387,be6f90f06bc35be3,True,1.0,1.0,0.6291095409895022,1.0,1.0,1.0,0.8454623087456259
388,58911c0c8e3f5906,True,1.0,1.0,1.0,0.0,1.0,1.0,0.5833333333333334
389,ba09d23c78b95a66,True,1.0,1.0,0.9507109732285499,1.0,1.0,1.0,0.9794629055118959
390,e16f6f634adf50d3,True,1.0,0.0,0.0,1.0,1.0,1.0,0.0
391,d618ac9cc53c573c,True,1.0,1.0,0.9184751982455236,1.0,1.0,1.0,0.9660313326023015
392,b76b03503cf95c02,True,1.0,1.0,1.0,1.0,1.0,1.0,1.0
393,da0aac1f6c225eca,True,1.0,1.0,0.6265541532333672,1.0,1.0,1.0,0.8443975638472363
394,43ce8a5ddf8f5541,True,1.0,1.0,1.0,1.0,1.0,1.0,1.0
395,5cdf559f99b859a4,True,0.0,1.0,0.0,0.0,1.0,1.0,0.0
396,ccc2b2377fea5191,True,1.0,1.0,1.0,1.0,1.0,1.0,1.0
397,ca4f746c0a4f5396,True,1.0,1.0,0.7053252292104136,1.0,1.0,1.0,0.877218845504339
398,79bdb6b499245d65,True,1.0,0.0,0.0,1.0,1.0,1.0,0.0
399,037b976caae85af5,True,1.0,0.0,0.0,1.0,1.0,1.0,0.0
400,622867ce25805447,True,1.0,1.0,0.9107630385498743,1.0,1.0,1.0,0.9628179327291143
401,7ce6c5c094c55055,True,1.0,1.0,0.8492898939022684,1.0,1.0,1.0,0.9372041224592785
402,42b4245406ee5ab8,True,1.0,1.0,0.935730179699624,1.0,1.0,1.0,0.9732209082081766
403,8436ac812af859df,True,1.0,1.0,1.0,1.0,1.0,1.0,1.0
404,9861c0473b505895,True,1.0,1.0,1.0,1.0,1.0,1.0,1.0
405,16ac515a3ba45d76,True,1.0,1.0,0.7014585667740001,1.0,1.0,1.0,0.8756077361558333
406,bb6cb09beb1e5e3f,True,1.0,1.0,1.0,1.0,1.0,1.0,1.0
407,6d088615a8c05649,True,1.0,1.0,0.7690279783902935,1.0,1.0,1.0,0.9037616576626223
408,08e03654c0ca5151,True,1.0,1.0,1.0,1.0,1.0,1.0,1.0
409,342596d95a475bed,True,1.0,1.0,1.0,1.0,1.0,0.5,1.0
410,d3322747793a5dda,True,0.0,1.0,0.0,0.0,1.0,1.0,0.0
411,4a71a24c376f5388,True,1.0,1.0,1.0,1.0,1.0,1.0,1.0
412,a756084987b256e5,True,1.0,1.0,0.7722721954465224,1.0,1.0,1.0,0.9051134147693842
413,157c6c5b1b9d5608,True,1.0,1.0,0.9486338332786594,1.0,1.0,1.0,0.9785974305327748
414,f3c6560a01e55c94,True,1.0,1.0,1.0,1.0,1.0,1.0,1.0
415,be63913f07ee5245,True,1.0,0.0,0.0,1.0,1.0,1.0,0.0
416,3d2f4a8fb8b55572,True,1.0,1.0,0.8297688495870527,1.0,1.0,1.0,0.9290703539946051
417,3bae0e44f3095a9c,True,1.0,1.0,0.6838680170570047,1.0,1.0,1.0,0.8682783404404186
418,9d87610ffed85509,True,1.0,1.0,0.958901337193872,1.0,1.0,1.0,0.9828755571641133
419,342982275eb15441,True,1.0,1.0,0.8024630811885222,1.0,1.0,1.0,0.9176929504952177
420,8792fb68a0b2586a,True,1.0,1.0,0.7535896263553178,1.0,1.0,1.0,0.8973290109813824
421,be3551ae467a579e,True,1.0,0.0,0.0,1.0,1.0,1.0,0.0
422,e7daf964463c530b,True,1.0,1.0,1.0,1.0,1.0,0.0,1.0
423,a2cbf7c347a45c6e,True,1.0,1.0,1.0,1.0,1.0,1.0,1.0
424,f57f56e799be599f,True,1.0,1.0,0.683795535163978,1.0,1.0,1.0,0.8682481396516574
425,d37e71f395695c6f,True,1.0,1.0,0.856745633347485,1.0,1.0,1.0,0.9403106805614522
426,564b7ca4f210501e,True,1.0,1.0,0.7924155023039985,1.0,1.0,1.0,0.9135064592933327
427,997fb38ac5d75864,True,1.0,0.0,0.0,1.0,1.0,1.0,0.0
428,406564d5dc7358f6,True,1.0,1.0,1.0,1.0,1.0,1.0,1.0
429,2d305230053e5e19,True,1.0,1.0,0.9962292571110579,1.0,1.0,1.0,0.9984288571296075
430,ade646d3c19b5bb0,True,1.0,1.0,1.0,1.0,1.0,0.5,1.0
431,1b4499d988b052ce,True,1.0,1.0,1.0,1.0,1.0,1.0,1.0
432,488822d6447b5b58,True,1.0,1.0,0.8217326289686488,1.0,1.0,1.0,0.925721928736937
433,c2ce362b9cf95fee,True,1.0,1.0,0.7614640912137748,1.0,1.0,1.0,0.9006100380057395
434,8d90099a801d5682,True,1.0,0.0,0.0,1.0,1.0,1.0,0.0
435,089e8e85fb9b5f6c,True,1.0,1.0,0.6713411300309292,1.0,1.0,1.0,0.8630588041795538
436,f1b8c54a906f525e,True,1.0,1.0,1.0,1.0,1.0,1.0,1.0
437,626b5dc253965ecb,True,1.0,1.0,0.9400912714327456,1.0,1.0,1.0,0.975038029763644
438,0706e8bf25805e91,True,1.0,1.0,0.9771004732034716,1.0,1.0,1.0,0.9904585305014465
439,ec5e157a5222534d,True,1.0,1.0,0.6665034761062277,1.0,1.0,1.0,0.8610431150442616
440,70297f5b95955dce,True,1.0,1.0,0.830414055593325,1.0,1.0,1.0,0.9293391898305522
441,71405d414236553c,True,1.0,1.0,0.7804360578855256,1.0,1.0,1.0,0.908515024118969
442,ce2f1ac423965b7a,True,1.0,1.0,1.0,1.0,1.0,1.0,1.0
443,ad7d51bd1b7055ca,True,1.0,1.0,0.7275168178979793,1.0,1.0,1.0,0.8864653407908247
444,aafbe79abf625492,True,1.0,1.0,0.8445217816879229,1.0,1.0,1.0,0.9352174090366345
445,2d4d907377f35695,True,1.0,1.0,0.7794204574263869,1.0,1.0,1.0,0.9080918572609945
446,1b01f89fe48355b6,True,1.0,1.0,0.7288033426414303,1.0,1.0,1.0,0.8870013927672625
447,54c208abe15c56e5,True,1.0,1.0,1.0,1.0,1.0,1.0,1.0
448,53f754a75b955383,True,1.0,1.0,1.0,1.0,1.0,1.0,1.0
449,d0de8d6a350d55d9,True,1.0,1.0,1.0,1.0,1.0,1.0,1.0
450,8a3c6c3502035e11,True,1.0,1.0,0.7232178335377863,1.0,1.0,1.0,0.884674097307411
451,9a357640ddd453d2,True,1.0,1.0,0.9122315096365897,1.0,1.0,1.0,0.9634297956819123
452,f77c053616475084,True,1.0,1.0,0.6328802117652268,1.0,1.0,1.0,0.8470334215688444
453,3eb063189dd15649,True,1.0,1.0,0.7918803240309261,1.0,1.0,1.0,0.9132834683462191
454,6f8c03f8038757cc,True,1.0,1.0,1.0,1.0,1.0,1.0,1.0
455,4b9627827aff5013,True,1.0,1.0,1.0,1.0,1.0,1.0,1.0
456,650d84864184549e,True,1.0,1.0,0.790356250651985,1.0,1.0,1.0,0.9126484377716605
457,0ae7ba2fd0f95d17,True,1.0,1.0,0.8106629889012393,1.0,1.0,1.0,0.9211095787088497
458,c418551cd6285092,True,1.0,1.0,0.7408073013455718,1.0,1.0,1.0,0.8920030422273216
459,35cf51dd13d559c0,True,1.0,1.0,0.9311486279121941,0.0,1.0,0.0,0.5546452616300809
460,810b73ca95975db9,True,1.0,1.0,0.9930261404914277,1.0,1.0,1.0,0.9970942252047615
461,618902d469b5516e,True,1.0,1.0,0.8239992777251735,1.0,1.0,1.0,0.9266663657188223
462,35b810aad36b553a,True,1.0,0.0,0.0,1.0,1.0,1.0,0.0
463,4334739a7f4e554e,True,1.0,1.0,1.0,1.0,1.0,1.0,1.0
464,c06d7badaabb5a9f,True,1.0,1.0,0.7609336477311855,1.0,1.0,1.0,0.900389019887994
465,0df7b61597705cf2,True,1.0,1.0,0.6084674617505451,1.0,1.0,1.0,0.8368614423960604
466,94683fc69ce4599c,True,1.0,1.0,0.5755697603973154,1.0,1.0,1.0,0.8231540668322147
467,627ed4c9950753e9,True,1.0,1.0,1.0,1.0,1.0,1.0,1.0
468,c169cf799b165800,True,1.0,1.0,0.5926861205337013,1.0,1.0,1.0,0.8302858835557089
469,b841de24ffcb5c87,True,1.0,1.0,0.8624038300845863,1.0,1.0,1.0,0.9426682625352442
470,47359dd210e254ea,True,1.0,1.0,1.0,1.0,1.0,1.0,1.0
471,875f14a6967d5192,True,1.0,1.0,0.9065062767694715,1.0,1.0,1.0,0.9610442819872796
472,353988b87d995f68,True,1.0,1.0,0.8245190604121735,1.0,1.0,1.0,0.9268829418384056
473,2de709220e34507e,True,1.0,1.0,1.0,1.0,1.0,1.0,1.0
474,4d5c4013a6db5819,True,1.0,1.0,1.0,1.0,1.0,1.0,1.0
475,cb8b1f36617c50d4,True,1.0,1.0,0.8302337760271226,1.0,1.0,1.0,0.9292640733446343
476,02379e524f105926,True,1.0,1.0,1.0,1.0,1.0,1.0,1.0
477,5ca8a2941e3f56c2,True,1.0,1.0,1.0,0.0,1.0,1.0,0.5833333333333334
478,c12b3554dcd655c0,True,1.0,1.0,0.8973723014970267,1.0,1.0,1.0,0.9572384589570945
479,443b9c514efc5829,True,1.0,1.0,1.0,1.0,1.0,1.0,1.0
480,b4f6a0719d2a5670,True,1.0,1.0,0.8809110158099435,1.0,1.0,1.0,0.9503795899208098
481,0ee0eabadd125c7b,True,1.0,1.0,0.9505153319228484,1.0,1.0,1.0,0.9793813883011868
482,e02f26d0eb0152e3,True,1.0,1.0,1.0,1.0,1.0,1.0,1.0
483,1693d395bec753ae,True,1.0,1.0,1.0,1.0,1.0,1.0,1.0
484,8e9c1bb8232c5a14,True,1.0,1.0,0.12159314137593003,1.0,1.0,1.0,0.6339971422399708
485,f62e6cb228dc50e1,True,1.0,1.0,0.8747925249803827,0.0,1.0,1.0,0.5311635520751595
486,43c8e05e697f5abe,True,1.0,1.0,1.0,1.0,1.0,1.0,1.0
487,bda5925fd37a5818,True,1.0,1.0,1.0,1.0,1.0,1.0,1.0
488,d9fdaff6c17659bc,True,1.0,1.0,0.8020173015161789,1.0,1.0,1.0,0.9175072089650745
489,9949b537feb55564,True,1.0,1.0,0.9085073859700444,1.0,1.0,1.0,0.9618780774875185
490,7d70562315ff5bc1,True,1.0,1.0,1.0,1.0,1.0,1.0,1.0
491,08b1894421c455ed,True,1.0,1.0,1.0,1.0,1.0,1.0,1.0
492,4c3547b853675e66,True,1.0,1.0,0.8300719310101174,1.0,1.0,1.0,0.9291966379208821
493,446dbb38653a51a8,True,1.0,1.0,0.962638598746419,1.0,1.0,1.0,0.9844327494776746
494,1f90968aaeb55128,True,1.0,1.0,0.9578709784675378,1.0,1.0,1.0,0.9824462410281406
495,7780e502545a5df7,True,1.0,1.0,0.7339106852014334,1.0,1.0,1.0,0.8891294521672638
496,54bf100910bc5b10,True,1.0,1.0,0.9689504786071762,1.0,1.0,1.0,0.9870626994196567
497,ba392de83daf5bf3,True,1.0,1.0,0.8999696606320512,1.0,1.0,1.0,0.9583206919300213
498,2b006c0fae365892,True,1.0,1.0,1.0,1.0,1.0,1.0,1.0
499,cc7d3c360c345a4b,True,1.0,1.0,0.7766643010126885,1.0,1.0,1.0,0.9069434587552868
500,5c9d51dc830453c5,True,1.0,1.0,0.8046777394848286,1.0,1.0,1.0,0.9186157247853451
501,888913e0978f559b,True,1.0,1.0,0.5473881075236315,1.0,1.0,1.0,0.8114117114681797
502,3dfa374651035868,True,1.0,1.0,1.0,1.0,1.0,1.0,1.0
503,d55aac327e4451ba,True,1.0,1.0,0.7856577960523116,1.0,1.0,1.0,0.9106907483551298
504,ce6eb4e00dac5ae3,True,1.0,1.0,1.0,1.0,1.0,1.0,1.0
505,bc63d7f1ab7759ee,True,1.0,1.0,0.9256195240939371,1.0,1.0,1.0,0.9690081350391404
506,5c9063357a725208,True,1.0,1.0,1.0,1.0,1.0,1.0,1.0
507,c84475f2d8475f9d,True,1.0,1.0,0.9730726551895997,1.0,1.0,1.0,0.9887802729956666
508,c3c6442b2f525269,True,1.0,1.0,0.9588434357236444,1.0,1.0,1.0,0.9828514315515186
509,9b7ffde4ab9c53a5,True,1.0,1.0,1.0,1.0,1.0,1.0,1.0
510,2087ff145dae502d,True,1.0,1.0,1.0,1.0,1.0,1.0,1.0
511,c7b030a4025a5066,True,1.0,1.0,1.0,1.0,1.0,1.0,1.0
512,81286af2aa9c5e17,True,1.0,1.0,0.5244874591189218,1.0,1.0,1.0,0.801869774632884
513,8c2841e7cecf5047,True,1.0,1.0,0.8604022065550029,1.0,1.0,1.0,0.9418342527312511
514,5be861ae85a75b45,True,1.0,1.0,0.8705413062092996,1.0,1.0,1.0,0.9460588775872081
515,43ef28a235035eac,True,1.0,1.0,0.6801242408793142,1.0,1.0,1.0,0.8667184336997144
516,d781ee7dce4a5351,True,1.0,1.0,0.7723120128541907,1.0,1.0,1.0,0.9051300053559128
517,4b3a1e85619e557f,True,1.0,1.0,1.0,1.0,1.0,1.0,1.0
518,66a0abcb3eac57df,True,1.0,1.0,0.6725517019083742,1.0,1.0,1.0,0.8635632091284893
519,282855be37635ecc,True,1.0,1.0,1.0,1.0,1.0,1.0,1.0
520,f14a3d3672035597,True,1.0,1.0,1.0,1.0,1.0,1.0,1.0
521,d38070017e4e53c3,True,1.0,1.0,0.8782541715931103,1.0,1.0,1.0,0.9492725714971293
522,07064359a6215354,True,1.0,1.0,0.9410067966182629,1.0,1.0,1.0,0.9754194985909429
523,949a5f17807b5aac,True,1.0,1.0,0.7328882526052545,1.0,1.0,1.0,0.8887034385855227
524,66cd30f395c45537,True,1.0,1.0,0.7482629342100094,1.0,1.0,1.0,0.8951095559208372
525,41f3712a30b956e6,True,1.0,0.0,0.0,1.0,1.0,0.5,0.0
526,1bdfacbfcff75c27,True,1.0,1.0,0.796279877431153,1.0,1.0,1.0,0.9151166155963137
527,2b5d551f5466530e,True,1.0,1.0,0.8303003545501652,1.0,1.0,1.0,0.9292918143959022
528,70d79606f745562e,True,1.0,1.0,1.0,1.0,1.0,1.0,1.0
529,5027a61161365407,True,1.0,1.0,0.9501246097594267,1.0,1.0,1.0,0.9792185873997612
530,ecc5d9051f445174,True,1.0,1.0,1.0,1.0,1.0,1.0,1.0
531,76b708c365e45536,True,1.0,1.0,0.519935217420507,1.0,1.0,1.0,0.7999730072585445
532,6326e62f04625791,True,1.0,1.0,1.0,1.0,1.0,1.0,1.0
533,502fadfdde3554b2,True,1.0,1.0,0.9291394543437104,1.0,1.0,1.0,0.9704747726432127
534,6f0538a6ba9c5b7f,True,1.0,1.0,1.0,1.0,1.0,1.0,1.0
535,0855e09733fe5445,True,1.0,1.0,0.8456812676839065,1.0,1.0,1.0,0.9357005282016276
536,1a5f614c9b815e92,True,1.0,1.0,1.0,1.0,1.0,1.0,1.0
537,a90317c305c3505a,True,1.0,1.0,0.8543452862175631,1.0,1.0,1.0,0.9393105359239846
538,ab1fd108d5885b58,True,1.0,1.0,1.0,1.0,1.0,0.0,1.0
539,e61adc75d7da50c3,True,1.0,1.0,0.9553611733866385,1.0,1.0,0.5,0.9814004889110993
540,4b58ef9360555bac,True,1.0,1.0,1.0,1.0,1.0,1.0,1.0
541,0d7d0361dc665d25,True,1.0,1.0,1.0,1.0,1.0,1.0,1.0
542,6410f5684be757b5,True,1.0,1.0,0.9922748250252531,0.0,1.0,1.0,0.5801145104271889
543,f0d6814d23245178,True,1.0,1.0,1.0,1.0,1.0,1.0,1.0
544,f55c530f3875533f,True,1.0,1.0,0.8440383611895259,1.0,1.0,1.0,0.935015983828969
545,c093d999a01c5e92,True,1.0,1.0,0.8900040199454979,1.0,1.0,1.0,0.9541683416439574
546,e3f62a1acf9d565e,True,1.0,1.0,1.0,1.0,1.0,1.0,1.0
547,535e19c081ec5c28,True,1.0,1.0,0.8880911413557983,1.0,1.0,1.0,0.9533713088982493
548,4126aeb4289c593c,True,1.0,1.0,1.0,1.0,1.0,1.0,1.0
549,71f883f1ec8f5e37,True,1.0,1.0,1.0,1.0,1.0,1.0,1.0
550,1d538fa6a8825de1,True,1.0,1.0,0.9273837190225357,1.0,1.0,1.0,0.9697432162593899
551,ed7a0f74484d58a8,True,1.0,1.0,1.0,1.0,1.0,1.0,1.0
552,7f0309b4cbb85029,True,1.0,1.0,0.761481542348979,1.0,1.0,1.0,0.9006173093120746
553,96dd879c7e365dc9,True,1.0,1.0,0.775515814529971,1.0,1.0,1.0,0.9064649227208212
554,659d1e0ce6cd5c97,True,1.0,1.0,1.0,1.0,1.0,1.0,1.0
555,695d7450eb3958c1,True,1.0,1.0,0.7900037396825456,1.0,1.0,1.0,0.9125015582010606
556,27bcec96f13c5426,True,1.0,1.0,0.9362940058827636,1.0,1.0,1.0,0.9734558357844848
557,d3719519c1f95276,True,1.0,1.0,0.8361102881125596,1.0,1.0,1.0,0.9317126200468998
558,b12faa3892185d8f,True,1.0,1.0,0.5318691305931463,1.0,1.0,1.0,0.8049454710804776
559,21146ac996365854,True,1.0,1.0,0.8051175366428797,1.0,1.0,1.0,0.9187989736011999
560,6828c3caaaca56e1,True,1.0,1.0,0.9265165586730341,1.0,1.0,1.0,0.9693818994470975
561,28123c233d33567e,True,1.0,1.0,0.8881563221021467,1.0,1.0,1.0,0.9533984675425611
562,71246cbb6de459d6,True,1.0,1.0,0.8754391391282081,1.0,1.0,1.0,0.9480996413034201
563,f3fc5020ecbd537f,True,1.0,1.0,0.7924731344445962,1.0,1.0,1.0,0.9135304726852485
564,abb5501b10e65b19,True,1.0,1.0,1.0,1.0,1.0,1.0,1.0
565,f191de4360a35ad8,True,1.0,1.0,0.8094370493020797,1.0,1.0,1.0,0.9205987705425333
566,dbba0a418817539e,True,1.0,1.0,0.7582994485391983,1.0,1.0,1.0,0.8992914368913326
567,b7bbef1569ca526e,True,1.0,1.0,1.0,1.0,1.0,1.0,1.0
568,36419e8c59275f61,True,1.0,1.0,1.0,1.0,1.0,1.0,1.0
569,e0416692bc5251ba,True,1.0,1.0,0.7113365081788294,1.0,1.0,1.0,0.8797235450745123
570,c35f0df7bfdb5140,True,1.0,1.0,1.0,1.0,1.0,1.0,1.0
571,7d10959013575b2d,True,1.0,1.0,0.7627385809687411,1.0,1.0,1.0,0.9011410754036421
572,f3512ae175b45844,True,1.0,1.0,1.0,1.0,1.0,1.0,1.0
573,8cba6cacb16d5acc,True,1.0,1.0,1.0,1.0,1.0,1.0,1.0
574,c98ef0c5c89c51d6,True,1.0,1.0,0.8289994888224694,1.0,1.0,1.0,0.9287497870093623
575,fa937665dc4a5d08,True,1.0,1.0,1.0,1.0,1.0,1.0,1.0
576,192e92b5db4754a6,True,1.0,1.0,0.8531957921073884,1.0,1.0,0.0,0.9388315800447451
577,e11b470ae6285663,True,1.0,1.0,0.7589577718343912,1.0,1.0,1.0,0.8995657382643296
578,d39ff27c54d55ef1,True,1.0,1.0,0.9563886939448815,1.0,1.0,1.0,0.981828622477034
579,11bf2d4580ab5bc2,True,1.0,1.0,0.8926217945077314,1.0,1.0,1.0,0.955259081044888
580,21f55c28bb945892,True,1.0,1.0,0.6610120081865941,1.0,1.0,1.0,0.8587550034110808
581,4d8b083f00675de2,True,1.0,1.0,1.0,1.0,1.0,1.0,1.0
582,5ff5c54200fe53fb,True,1.0,1.0,0.7253460590585266,1.0,1.0,1.0,0.8855608579410528
583,1d037ee2ffda5d69,True,1.0,1.0,1.0,1.0,1.0,1.0,1.0
584,98c050c637ca5909,True,1.0,1.0,0.7156554335602876,1.0,1.0,1.0,0.8815230973167866
585,eb7ed87b4ef65273,True,1.0,1.0,1.0,1.0,1.0,1.0,1.0
586,7a18ceb376d859c1,True,1.0,1.0,0.6063282397858577,1.0,1.0,1.0,0.8359700999107741
587,57076e49ca7c5570,True,1.0,1.0,0.8459738357485322,1.0,1.0,1.0,0.9358224315618884
588,de354f243fa157ec,True,1.0,1.0,0.9204210736771213,1.0,1.0,1.0,0.9668421140321338
589,0972cf3a4c5d5a39,True,1.0,1.0,0.7758961433635488,1.0,1.0,1.0,0.9066233930681453
590,1d3a143cf41f5d16,True,1.0,1.0,0.7639995057947851,1.0,1.0,1.0,0.9016664607478271
591,bd5e1c226cca5d3e,True,1.0,1.0,0.8482102343605966,1.0,1.0,1.0,0.9367542643169152
592,96f19d920d5558e9,True,1.0,1.0,0.9686525841541963,1.0,1.0,1.0,0.9869385767309152
593,2abac20522fb5014,True,1.0,1.0,0.9607139658304482,1.0,1.0,1.0,0.9836308190960201
594,260c9a75f6e05785,True,1.0,1.0,1.0,1.0,1.0,1.0,1.0
595,4606b66d9fe75354,True,1.0,1.0,0.6613153451769745,1.0,1.0,1.0,0.8588813938237395
596,bf5be5d94ffa52f8,True,1.0,1.0,1.0,1.0,1.0,1.0,1.0
597,dadda73214d15baf,True,1.0,1.0,0.9129658714390178,1.0,1.0,1.0,0.9637357797662575
598,e97ba617b7c059a7,True,1.0,1.0,1.0,1.0,1.0,0.0,1.0
599,a27fe5d9685c5795,True,1.0,1.0,0.7280466992636707,1.0,1.0,1.0,0.8866861246931962
600,fcdcb2e456bf5360,True,1.0,1.0,0.6234108056839707,1.0,1.0,1.0,0.8430878357016546
601,6ec2148215205936,True,1.0,1.0,0.49428661083293096,1.0,1.0,1.0,0.7892860878470546
602,7752ef9225b65783,True,1.0,1.0,1.0,1.0,1.0,1.0,1.0
603,c239a3efe5df5739,True,1.0,1.0,0.9085072848092959,1.0,1.0,1.0,0.9618780353372066
604,a0b9c3ee286454cb,True,1.0,1.0,1.0,1.0,1.0,1.0,1.0
605,39f91a002193578a,True,1.0,1.0,1.0,1.0,1.0,1.0,1.0
606,b99d20a078a958b9,True,1.0,1.0,0.8330250631953231,1.0,1.0,1.0,0.930427109664718
607,1f57ce2072e25edb,True,1.0,1.0,0.9032520114282532,1.0,1.0,1.0,0.9596883380951056
608,d1af94a471135add,True,1.0,1.0,0.7534177587245213,1.0,1.0,1.0,0.8972573994685505
609,3a161e0999b15823,True,1.0,1.0,0.776374226466043,1.0,1.0,1.0,0.9068225943608512
610,4faa4706a50958e2,True,1.0,1.0,0.6181861312869201,1.0,1.0,1.0,0.8409108880362167
611,eb6c8a396bb75a89,True,1.0,1.0,1.0,1.0,1.0,1.0,1.0
612,d852a7b32d6c5448,True,1.0,1.0,0.8030834557731374,1.0,1.0,1.0,0.9179514399054739
613,0ee0c8c2556c506a,True,1.0,1.0,1.0,1.0,1.0,1.0,1.0
614,50ab222cd07b5bcd,True,1.0,1.0,0.8563551367966975,0.0,1.0,1.0,0.5234813069986239
615,9b58f5bd4e995a93,True,1.0,1.0,1.0,1.0,1.0,1.0,1.0
616,bde15534dcdc5933,True,1.0,1.0,1.0,1.0,1.0,1.0,1.0
617,8683f3b4797f56e0,True,1.0,1.0,0.7258130942012214,1.0,1.0,1.0,0.8857554559171756
618,d01d51c26594547c,True,1.0,1.0,1.0,1.0,1.0,1.0,1.0
619,c79b2a28285f5e11,True,1.0,0.0,0.0,1.0,1.0,1.0,0.0
620,f5f55c1132d75fa7,True,1.0,1.0,1.0,1.0,1.0,1.0,1.0
621,bf8c5276f9a6539d,True,1.0,1.0,0.759146893998961,1.0,1.0,1.0,0.8996445391662338
622,87a5fd24e88d5e0a,True,1.0,1.0,0.790382818039607,1.0,1.0,1.0,0.9126595075165028
623,51259bf89422548a,True,1.0,1.0,0.7838001819195284,1.0,1.0,1.0,0.9099167424664701
624,f9bd532e790f53ea,True,1.0,1.0,0.9301262106795316,1.0,1.0,1.0,0.9708859211164715
625,30a0f5cf9ab95eee,True,1.0,1.0,0.8691932737171448,1.0,1.0,1.0,0.9454971973821437
626,7d664c7260d45737,True,1.0,1.0,0.9257221055924925,1.0,1.0,1.0,0.9690508773302051
627,66e559e29cca52e0,True,1.0,1.0,1.0,1.0,1.0,1.0,1.0
628,0b9a48e2b0d351b9,True,1.0,1.0,1.0,1.0,1.0,1.0,1.0
629,cc6022c226c15d80,True,1.0,0.0,0.0,1.0,1.0,1.0,0.0
630,8b1aea091a6f5a16,True,1.0,1.0,1.0,1.0,1.0,1.0,1.0
631,3a4e9626c9aa5fa0,True,1.0,1.0,0.9564983431168735,1.0,1.0,1.0,0.9818743096320306
632,c72c3c003bc95aab,True,1.0,0.0,0.0,1.0,1.0,1.0,0.0
633,cc063cc1396551a6,True,1.0,1.0,0.8420572918210558,1.0,1.0,1.0,0.9341905382587733
634,e27b4628314951bb,True,1.0,1.0,0.7852850908719166,1.0,1.0,1.0,0.9105354545299652
635,66225fc71bd35554,True,1.0,1.0,0.9807276042145701,1.0,1.0,1.0,0.9919698350894043
636,95bd905e3f685a28,True,1.0,1.0,0.7768515927111375,1.0,1.0,1.0,0.9070214969629738
637,b691d77ef9ff5d5e,True,1.0,1.0,1.0,1.0,1.0,1.0,1.0
638,7c62648ff8a25812,True,1.0,1.0,0.8631661959577926,0.0,1.0,1.0,0.526319248315747
639,9dc5a17094e0569d,True,1.0,1.0,1.0,1.0,1.0,1.0,1.0
640,7a90cd45ef505058,True,1.0,1.0,1.0,1.0,1.0,1.0,1.0
641,a33054c645ce5643,True,1.0,1.0,1.0,1.0,1.0,1.0,1.0
642,7021139b47cf5370,True,1.0,1.0,0.9121501849594956,1.0,1.0,1.0,0.9633959103997899
643,d2361c07df2f51c2,True,1.0,1.0,0.6645336481693793,1.0,1.0,1.0,0.8602223534039081
644,b04064e074f55bb0,True,1.0,1.0,0.6815069401919518,1.0,1.0,1.0,0.8672945584133132
645,8659bfccd4195fb6,True,1.0,1.0,0.7842052873116625,1.0,1.0,1.0,0.9100855363798593
646,0c6772102cc550ef,True,1.0,1.0,1.0,1.0,1.0,1.0,1.0
647,6b52f2b62f215cb4,True,1.0,1.0,1.0,1.0,1.0,1.0,1.0
648,5380625bddba59a2,True,1.0,1.0,1.0,1.0,1.0,1.0,1.0
649,14a11185124a508b,True,1.0,1.0,0.8996209273123169,1.0,1.0,1.0,0.9581753863801321
650,c1ea7d700faa5fee,True,1.0,1.0,1.0,1.0,1.0,1.0,1.0
651,354ac12e8832565a,True,1.0,1.0,1.0,1.0,1.0,1.0,1.0
652,62735179d4f258ea,True,1.0,1.0,0.7923071473990461,1.0,1.0,1.0,0.9134613114162692
653,c29fb70bf1d056ca,True,1.0,1.0,1.0,1.0,1.0,1.0,1.0
654,b0a6370d836a59ed,True,1.0,1.0,1.0,0.0,1.0,1.0,0.5833333333333334
655,f3f0ebe8d9185b69,True,1.0,1.0,0.8054027394265663,1.0,1.0,1.0,0.9189178080944026
656,0eb28cf3dad95c46,True,1.0,1.0,1.0,1.0,1.0,1.0,1.0
657,6c00b2782d3b5f6e,True,1.0,1.0,0.8197947488330365,1.0,1.0,1.0,0.9249144786804319
658,2ca33fd04f805478,True,1.0,1.0,1.0,1.0,1.0,1.0,1.0
659,b19f226d281e588a,True,1.0,1.0,0.7852676421654085,1.0,1.0,1.0,0.9105281842355869
660,79cfc07ef4645c81,True,1.0,1.0,0.5773866504186601,1.0,1.0,1.0,0.8239111043411084
661,4ac092ec1bee5e7a,True,1.0,1.0,1.0,1.0,1.0,1.0,1.0
662,88904a762b5f5793,True,1.0,1.0,1.0,1.0,1.0,1.0,1.0
663,70428e7a613e55cc,True,1.0,1.0,0.9542462398919023,1.0,1.0,1.0,0.9809359332882925
664,55eed45c895852b9,True,1.0,1.0,1.0,1.0,1.0,1.0,1.0
665,40688677dc5e5d16,True,1.0,1.0,0.536552067070385,1.0,1.0,1.0,0.8068966946126604
666,4f5e535c78385629,True,1.0,1.0,1.0,1.0,1.0,1.0,1.0
667,fffbe416ae85553b,True,1.0,1.0,0.5775166518934923,1.0,1.0,1.0,0.8239652716222885
668,bc73190196b358f6,True,1.0,1.0,1.0,0.0,1.0,0.5,0.5833333333333334
669,f9720f622fd4511b,True,1.0,1.0,0.6619650246326375,1.0,1.0,1.0,0.8591520935969323
670,efcc43b333075098,True,1.0,1.0,0.8721356048182867,1.0,1.0,1.0,0.9467231686742861
671,13e6cd945bf95a1f,True,1.0,1.0,0.6862406940027616,1.0,1.0,1.0,0.869266955834484
672,1f2bbc5cb66b523a,True,1.0,1.0,0.8700824656084014,1.0,1.0,1.0,0.9458676940035007
673,44cd06a315635c09,True,1.0,1.0,0.7439353724474597,1.0,1.0,1.0,0.8933064051864416
674,0221ed2a1c495f23,True,1.0,0.0,0.0,1.0,1.0,1.0,0.0
675,f39db68736425365,True,1.0,1.0,0.9900943316990509,1.0,1.0,1.0,0.9958726382079379
676,cec165c3246d5529,True,1.0,0.0,0.0,1.0,1.0,1.0,0.0
677,3ec484ccad125e99,True,1.0,1.0,1.0,1.0,1.0,1.0,1.0
678,2dad1998a320527d,True,1.0,1.0,0.9279797973986107,1.0,1.0,1.0,0.9699915822494211
679,e3aa32e033635c8d,True,1.0,1.0,0.6053275382831007,1.0,1.0,1.0,0.835553140951292
680,6ffc117437175255,True,1.0,1.0,0.7656521922244799,1.0,1.0,1.0,0.9023550800935333
681,e40bf2ac511950c4,True,1.0,1.0,0.9708197145152078,1.0,1.0,1.0,0.9878415477146699
682,66ca1ffcef4354e9,True,1.0,0.0,0.0,1.0,1.0,1.0,0.0
683,93141bb128bd5a34,True,1.0,1.0,0.7974509703357558,1.0,1.0,1.0,0.9156045709732316
684,ccfe1da323ed53a9,True,1.0,1.0,0.7275355746109923,1.0,1.0,1.0,0.8864731560879134
685,0da1e53d70565ba4,True,1.0,1.0,0.9003618171615323,1.0,1.0,1.0,0.9584840904839718
686,bcb48691833d5afe,True,1.0,1.0,0.9720271009686079,0.0,1.0,1.0,0.57167795873692
687,ddc904ff3be05595,True,1.0,1.0,0.9097671127567165,1.0,1.0,1.0,0.962402963648632
688,564bb94f846e5fe1,True,1.0,1.0,0.5685341186527244,1.0,1.0,1.0,0.8202225494386353
689,c810620e645e53b8,True,1.0,1.0,1.0,1.0,1.0,1.0,1.0
690,c62dafe55b9d538d,True,1.0,1.0,1.0,1.0,1.0,1.0,1.0
691,c4b1d4fabd315035,True,1.0,1.0,1.0,1.0,1.0,1.0,1.0
692,427ee2e0d1c05699,True,1.0,1.0,1.0,1.0,1.0,0.5,1.0
693,d2b3f402ba0f55c3,True,1.0,1.0,1.0,1.0,1.0,1.0,1.0
694,91fc00df56ae5aca,True,1.0,1.0,0.7358765674275359,1.0,1.0,1.0,0.8899485697614734
695,048eb7efa08354e3,True,1.0,1.0,0.837189147743219,1.0,1.0,1.0,0.9321621448930079
696,5d5cef2e5d6b5d6b,True,1.0,1.0,0.7666674402336912,1.0,1.0,1.0,0.9027781000973714
697,f07e680e53135311,True,1.0,1.0,1.0,1.0,1.0,1.0,1.0
698,3b4f49412be55b80,True,1.0,1.0,0.8850936333578686,1.0,1.0,1.0,0.9521223472324453
699,c9459a7641335bba,True,1.0,1.0,1.0,1.0,1.0,1.0,1.0
700,fae990c38c515aa9,True,1.0,1.0,0.8671420647689011,1.0,1.0,1.0,0.9446425269870421
701,7e7480ffa3aa55a4,True,1.0,1.0,0.884663491240005,1.0,1.0,1.0,0.951943121350002
702,11d091d0bd985e5e,True,1.0,1.0,0.7345426700608387,1.0,1.0,1.0,0.8893927791920161
703,3debd3d86b5850dd,True,1.0,1.0,1.0,1.0,1.0,1.0,1.0
704,d12fdbd7f3265051,True,1.0,1.0,0.8555668761828618,1.0,1.0,1.0,0.939819531742859
705,e367d7a3c3b55302,True,1.0,1.0,1.0,1.0,1.0,1.0,1.0
706,9a1d23e8ed1b5837,True,1.0,1.0,1.0,0.0,1.0,1.0,0.5833333333333334
707,c9395d7ca7f75410,True,1.0,1.0,1.0,1.0,1.0,1.0,1.0
708,051d26c01f3653ba,True,1.0,1.0,0.7275691928957113,1.0,1.0,1.0,0.8864871637065463
709,ac7167da1d1a5342,True,1.0,1.0,1.0,1.0,1.0,1.0,1.0
710,44e882ff27ec5566,True,1.0,0.0,0.0,1.0,1.0,1.0,0.0
711,a2e2a360029f508f,True,1.0,0.0,0.0,1.0,1.0,1.0,0.0
712,69976d75e3a5521e,True,1.0,1.0,1.0,0.0,1.0,1.0,0.5833333333333334
713,94693a54967757f6,True,1.0,1.0,1.0,1.0,1.0,1.0,1.0
714,f2e2e64000445230,True,1.0,1.0,0.9333694862598858,1.0,1.0,1.0,0.9722372859416191
715,feb7748995f55bdd,True,1.0,1.0,1.0,1.0,1.0,1.0,1.0
716,bf0a29ccead65750,True,1.0,1.0,0.7922934763811872,1.0,1.0,1.0,0.9134556151588281
717,90c6b53ec4a252bc,True,1.0,1.0,1.0,1.0,1.0,1.0,1.0
718,4201a91014c852a8,True,1.0,1.0,0.8313625944004795,1.0,1.0,1.0,0.9297344143335332
719,df2b37f4a1b85a4e,True,1.0,1.0,0.8803979475815071,1.0,1.0,1.0,0.9501658114922945
720,4a919f7ea2f65200,True,1.0,0.0,0.0,1.0,1.0,1.0,0.0
721,1f211666d4465388,True,1.0,1.0,0.7968956972835067,0.0,1.0,1.0,0.4987065405347944
722,c23c39c3fedd5bfa,True,1.0,1.0,0.929229364479903,1.0,1.0,1.0,0.9705122351999597
723,9933a1df50ff5919,True,1.0,1.0,1.0,1.0,1.0,1.0,1.0
724,71031bf46f1b5cb8,True,1.0,1.0,0.8706182693900019,1.0,1.0,1.0,0.9460909455791674
725,3a3297d21e905b02,True,1.0,1.0,0.6558839683120385,1.0,1.0,1.0,0.856618320130016
726,6f1be4d182475bc8,True,1.0,1.0,1.0,1.0,1.0,1.0,1.0
727,36e1ce5794595e73,True,1.0,1.0,1.0,1.0,1.0,1.0,1.0
728,61d7fbf592275c75,True,1.0,1.0,0.7022269630330904,1.0,1.0,1.0,0.8759279012637876
729,a7b8ffecd36e5dbc,True,1.0,1.0,0.8763388932899641,1.0,1.0,1.0,0.9484745388708183
730,324b5f24fb0c5f3f,True,1.0,1.0,0.6805518738662873,1.0,1.0,1.0,0.866896614110953
731,9695a17335715894,True,1.0,1.0,0.8567407427223557,1.0,1.0,1.0,0.9403086428009816
732,1e921882661b5a6b,True,1.0,1.0,0.7460861970331123,1.0,1.0,1.0,0.8942025820971301
733,9a5799ace9455841,True,1.0,1.0,1.0,1.0,1.0,1.0,1.0
734,6370add5182e51b7,True,1.0,1.0,1.0,1.0,1.0,1.0,1.0
735,a51ed55eaa9c54c9,True,1.0,1.0,0.8025024867419963,1.0,1.0,1.0,0.9177093694758319
736,a4ab5ff4ba7259f9,True,1.0,1.0,0.5688574929569876,1.0,1.0,1.0,0.8203572887320781
737,ad2bbc4542205912,True,1.0,1.0,0.8646719297577442,1.0,1.0,1.0,0.9436133040657267
738,a4f950bf8f9b590b,True,1.0,1.0,0.9347325302796221,1.0,1.0,1.0,0.9728052209498426
739,6d72d039fb9a551b,True,1.0,1.0,0.6340776980819267,1.0,1.0,1.0,0.8475323742008029
740,92a263b537fd5b72,True,1.0,1.0,0.8771287293560003,1.0,1.0,1.0,0.9488036372316667
741,3af1019a97d959fa,True,1.0,1.0,1.0,1.0,1.0,1.0,1.0
742,ac808bd1bfac5425,True,1.0,1.0,0.9543483876537004,1.0,1.0,1.0,0.9809784948557084
743,fe9e76e6cac35fba,True,1.0,1.0,1.0,1.0,1.0,1.0,1.0
744,940ba87d553456c3,True,1.0,1.0,0.5955267820596711,1.0,1.0,1.0,0.8314694925248629
745,3baa70a146f055d2,True,1.0,1.0,0.8177109732451421,1.0,1.0,1.0,0.9240462388521425
746,95fa228136aa55d1,True,1.0,1.0,0.8265189332458873,1.0,1.0,1.0,0.9277162221857864
747,680f4753a59c5a24,True,1.0,1.0,1.0,0.0,1.0,1.0,0.5833333333333334
748,d07c624bab3d5a61,True,1.0,1.0,0.8926499865904375,1.0,1.0,1.0,0.9552708277460157
749,002672a228395a16,True,1.0,1.0,1.0,1.0,1.0,1.0,1.0
750,09babda49aa659a1,True,1.0,1.0,1.0,1.0,1.0,1.0,1.0
751,247ae110b0c454cb,True,1.0,1.0,1.0,1.0,1.0,1.0,1.0
752,24429c08a8375061,True,1.0,1.0,0.8317640859313559,1.0,1.0,1.0,0.9299017024713981
753,5a907598a1985222,True,1.0,1.0,0.8732712684451893,1.0,1.0,1.0,0.9471963618521623
754,6c08755130155f96,True,1.0,1.0,1.0,1.0,1.0,1.0,1.0
755,313756e5fc655c0e,True,0.0,1.0,0.0,0.0,1.0,1.0,0.0
756,e71bd2560b255f76,True,1.0,0.0,0.0,1.0,1.0,1.0,0.0
757,cfbf3f55398f5fc6,True,1.0,0.0,0.0,1.0,1.0,1.0,0.0
758,e024bd23594b5a13,True,1.0,1.0,1.0,1.0,1.0,1.0,1.0
759,5233faf7f9935f97,True,1.0,1.0,0.8128870970018548,1.0,1.0,1.0,0.9220362904174394
760,64ee149f402a5601,True,1.0,1.0,1.0,1.0,1.0,1.0,1.0
761,be33fb4e1b435f1d,True,1.0,1.0,0.8075828436532398,1.0,1.0,1.0,0.9198261848555166
762,57fa478b9b1e5de3,True,1.0,1.0,1.0,0.0,1.0,1.0,0.5833333333333334
763,34ed4880444350af,True,1.0,1.0,0.9856526066149394,1.0,1.0,1.0,0.9940219194228913
764,7d40448fd04e5e28,True,1.0,1.0,1.0,1.0,1.0,1.0,1.0
765,3f664a7d5f5e5bba,True,1.0,1.0,1.0,1.0,1.0,1.0,1.0
766,0df6533b550c58c1,True,1.0,1.0,1.0,0.0,1.0,1.0,0.5833333333333334
767,39b5d00781925b16,True,1.0,1.0,0.9972969163217485,1.0,1.0,1.0,0.9988737151340619
768,45d6c16000b75270,True,1.0,0.0,0.0,1.0,1.0,1.0,0.0
769,d9422fc7065e5b62,True,1.0,1.0,0.6310910064360149,1.0,1.0,1.0,0.8462879193483396
770,c30e5bb7e0595851,True,1.0,1.0,0.6603839912554794,1.0,1.0,1.0,0.8584933296897831
771,f264f464b21753de,True,1.0,1.0,0.7856171521064157,1.0,1.0,1.0,0.9106738133776732
772,f1d33f8016b153ef,True,1.0,1.0,1.0,1.0,1.0,1.0,1.0
773,11182f26946650bd,True,1.0,1.0,0.5689757070450083,1.0,1.0,1.0,0.8204065446020868
774,9ca89d773ed651ab,True,1.0,1.0,0.7729660538966957,1.0,1.0,1.0,0.9054025224569565
775,8a43e10749585b21,True,1.0,1.0,0.8026266774574116,1.0,1.0,1.0,0.9177611156072548
776,3260b9e0a6ac5b8b,True,1.0,1.0,0.6820616315708458,1.0,1.0,1.0,0.8675256798211857
777,d796c1764d575153,True,1.0,1.0,1.0,1.0,1.0,1.0,1.0
778,f51a75fadd695f06,True,1.0,1.0,0.7163342757970685,1.0,1.0,1.0,0.8818059482487786
779,69dcc80901db5a29,True,0.0,1.0,0.0,0.0,1.0,1.0,0.0
780,6f07313e88ab56fd,True,1.0,1.0,0.86709445453603,1.0,1.0,1.0,0.9446226893900125
781,1e9a42ef8f4057a6,True,1.0,1.0,0.9298972229588592,1.0,1.0,1.0,0.9707905095661914
782,619d1afc63c35621,True,1.0,0.0,0.0,1.0,1.0,1.0,0.0
783,3c46be05cd7a5cdf,True,1.0,1.0,0.756159304546749,1.0,1.0,1.0,0.8983997102278121
784,6ecc4586af155c50,True,1.0,1.0,1.0,1.0,1.0,1.0,1.0
785,f1042fb26da2534a,True,1.0,1.0,0.862106713129086,1.0,1.0,1.0,0.9425444638037859
786,9f4c04b7214b52a8,True,1.0,1.0,1.0,1.0,1.0,1.0,1.0
787,24e453c47f635ae2,True,1.0,1.0,0.7419765181497153,1.0,1.0,1.0,0.8924902158957148
788,582a4716d1bd55bc,True,1.0,1.0,0.8528937987288172,1.0,1.0,1.0,0.9387057494703406
789,1ec907a74cbb54cd,True,1.0,1.0,0.1990528896032405,1.0,1.0,1.0,0.6662720373346835
790,25cdf7dee0d25a66,True,1.0,1.0,1.0,1.0,1.0,1.0,1.0
791,f335a11369685b08,True,1.0,1.0,0.8251496356632837,1.0,1.0,1.0,0.9271456815263681
792,4bc96604c1c85606,True,1.0,1.0,1.0,1.0,1.0,1.0,1.0
793,bf4c97f6024b5029,True,1.0,1.0,0.9446229674691625,1.0,1.0,1.0,0.9769262364454844
794,16d3bf2e9bf75eb4,True,1.0,1.0,0.6525818774152272,1.0,1.0,1.0,0.8552424489230113
795,de4facce62b05f57,True,1.0,1.0,0.894652533661938,1.0,1.0,1.0,0.9561052223591409
796,26ba80ad72205a03,True,1.0,1.0,1.0,1.0,1.0,1.0,1.0
797,ff76d319bd9558f9,True,1.0,1.0,1.0,1.0,1.0,1.0,1.0
798,d66a4334c9625c4a,True,1.0,1.0,0.8006326935430751,1.0,1.0,1.0,0.9169302889762813
799,5328fe5eba6e5d30,True,1.0,1.0,1.0,1.0,1.0,1.0,1.0
800,d20659149c14557c,True,0.5,1.0,0.8539555543975256,0.0,1.0,1.0,0.2612407404994845
801,a58d5374dae0552a,True,1.0,1.0,0.7624886752847592,1.0,1.0,1.0,0.9010369480353163
802,c9614cfb18a953ae,True,1.0,1.0,1.0,1.0,1.0,1.0,1.0
803,11482ead31545f3a,True,1.0,1.0,1.0,1.0,1.0,1.0,1.0
804,516c42e0454456b6,True,1.0,1.0,0.965446421384633,1.0,1.0,1.0,0.9856026755769305
805,30d90432ffb357cf,True,1.0,1.0,1.0,0.0,1.0,1.0,0.5833333333333334
806,ade00f93385b5d14,True,1.0,1.0,1.0,1.0,1.0,1.0,1.0
807,fdb658e4941855a3,True,1.0,1.0,1.0,1.0,1.0,1.0,1.0
808,56da58294b3d53c5,True,1.0,1.0,0.7891794657882396,1.0,1.0,1.0,0.9121581107450999
809,14d171fcb9295596,True,1.0,1.0,1.0,1.0,1.0,1.0,1.0
810,65130561cbfb567a,True,1.0,1.0,1.0,1.0,1.0,1.0,1.0
811,7287189737c85540,True,1.0,0.0,0.0,1.0,1.0,1.0,0.0
812,1862fb50f5b0518a,True,1.0,1.0,0.9349822021603358,1.0,1.0,1.0,0.9729092509001399
813,20ec6765e35d5cd1,True,1.0,1.0,1.0,1.0,1.0,1.0,1.0
814,5abef8058afa529f,True,0.0,1.0,0.0,1.0,1.0,1.0,0.0
815,44230a68f8305c14,True,1.0,1.0,0.9239245199729302,1.0,1.0,1.0,0.9683018833220544
816,c9f0c60627ba5237,True,1.0,1.0,1.0,1.0,1.0,1.0,1.0
817,7caa2336614b5ad3,True,1.0,1.0,1.0,0.0,1.0,1.0,0.5833333333333334
818,0fc626b8de655cc7,True,1.0,1.0,0.7032549381973526,1.0,1.0,1.0,0.8763562242488968
819,125839faad9a5f7d,True,1.0,1.0,1.0,1.0,1.0,1.0,1.0
820,9d0ff46ac79e5e0b,True,1.0,1.0,0.7886682523785633,1.0,1.0,1.0,0.9119451051577347
821,39cf3b9137615a6b,True,1.0,1.0,0.8044291074439615,1.0,1.0,1.0,0.9185121281016505
822,48b6d9fdf22d5a23,True,1.0,1.0,0.5399847768410065,1.0,1.0,1.0,0.8083269903504194
823,f35274c7a16657d7,True,1.0,1.0,0.8843859381830316,1.0,1.0,1.0,0.9518274742429297
824,0038810163a05e09,True,1.0,1.0,1.0,1.0,1.0,1.0,1.0
825,75f9d978b4d757a2,True,1.0,1.0,0.7834863984247744,1.0,1.0,1.0,0.909785999343656
826,4e12d62c42575ac3,True,1.0,1.0,0.07382146087982673,1.0,1.0,1.0,0.6140922753665945
827,0feb5eb464bc52b0,True,1.0,1.0,0.8956878080821906,1.0,1.0,1.0,0.9565365867009127
828,534e6a7d7e8c528b,True,1.0,1.0,0.9859816558704654,1.0,1.0,1.0,0.9941590232793606
829,e8850900bade58f6,True,1.0,1.0,1.0,1.0,1.0,1.0,1.0
830,3ce72ef7e80855e2,True,1.0,1.0,0.8599436246664504,1.0,1.0,1.0,0.9416431769443543
831,f47f7733a11d51a1,True,1.0,1.0,1.0,1.0,1.0,1.0,1.0
832,3e8c8729205850ab,True,1.0,1.0,0.729095011299694,1.0,1.0,1.0,0.8871229213748725
833,ddddd9e7e4925db9,True,1.0,1.0,0.7269935066351794,1.0,1.0,1.0,0.8862472944313247
834,f34d9948bdc257ab,True,1.0,1.0,1.0,1.0,1.0,1.0,1.0
835,c5b585ddf50d5f1f,True,1.0,1.0,1.0,1.0,1.0,1.0,1.0
836,0c4f97d3255155e4,True,1.0,1.0,0.7437099822616198,1.0,1.0,1.0,0.8932124926090083
837,608913faecb959b4,True,1.0,1.0,0.8894973918736775,1.0,1.0,1.0,0.9539572466140323
838,960b735b1eac5dab,True,1.0,1.0,1.0,1.0,1.0,1.0,1.0
839,b9ddc4b10ef751a5,True,0.0,1.0,0.0,0.0,1.0,1.0,0.0
840,97fcdcd35af7563b,True,1.0,1.0,1.0,1.0,1.0,1.0,1.0
841,33fcb42a03535525,True,1.0,1.0,0.6681010215423798,1.0,1.0,1.0,0.8617087589759915
842,71ed3e4fcadc5322,True,1.0,1.0,0.8114028650674521,1.0,1.0,1.0,0.9214178604447717
843,535d4220196452ed,True,1.0,1.0,1.0,1.0,1.0,1.0,1.0
844,317f5b44a4615e30,True,1.0,1.0,0.9694537405205709,1.0,1.0,1.0,0.9872723918835712
845,ff7bf9054f4a5a4a,True,1.0,1.0,0.5675519835132583,1.0,1.0,1.0,0.8198133264638576
846,1cddfddca0bd560a,True,1.0,1.0,1.0,1.0,1.0,1.0,1.0
847,28b94453e1cd578f,True,1.0,1.0,0.8241467975843945,1.0,1.0,1.0,0.9267278323268311
848,072471bece365f16,True,1.0,1.0,0.8457383737961326,1.0,1.0,1.0,0.9357243224150552
849,25226305bdff5efd,True,1.0,1.0,1.0,1.0,1.0,1.0,1.0
850,01e6276eff385ea8,True,1.0,1.0,0.6565169046928441,1.0,1.0,1.0,0.8568820436220183
851,83212ddd15375812,True,1.0,1.0,1.0,1.0,1.0,1.0,1.0
852,4cdd4e33b01a52a8,True,1.0,1.0,0.8798517925254898,1.0,1.0,1.0,0.9499382468856208
853,fa3c2377e39c52e3,True,1.0,1.0,0.9391097632036235,1.0,1.0,1.0,0.9746290680015098
854,661d0a5bf2735f03,True,1.0,1.0,0.8550124107538292,1.0,1.0,1.0,0.9395885044807621
855,1dbaa3f0d0345e61,True,1.0,1.0,1.0,1.0,1.0,1.0,1.0
856,a7705685069f5979,True,1.0,1.0,0.9344951771071963,1.0,1.0,1.0,0.972706323794665
857,60826aa0bcfc5225,True,1.0,0.0,0.0,1.0,1.0,1.0,0.0
858,2403645ef4fe5b10,True,1.0,1.0,0.8963639420516478,1.0,1.0,1.0,0.9568183091881867
859,45102df6530d59e8,True,1.0,1.0,0.9997362869597433,1.0,1.0,1.0,0.9998901195665596
860,7dd9388d605c50a1,True,1.0,1.0,0.9088611786950209,1.0,1.0,1.0,0.9620254911229255
861,488dd191f7dc59a8,True,1.0,1.0,0.8402046221272721,1.0,1.0,1.0,0.93341859255303
862,4ed6b1b83e0c5bbe,True,1.0,0.0,0.0,1.0,1.0,1.0,0.0
863,8704f4971e305ed3,True,1.0,1.0,1.0,1.0,1.0,1.0,1.0
864,639c2678cce95d68,True,1.0,1.0,0.833421121582999,1.0,1.0,1.0,0.9305921339929162
865,60991b5c52d85113,True,1.0,1.0,1.0,1.0,1.0,1.0,1.0
866,797606b9788852f2,True,1.0,1.0,1.0,1.0,1.0,1.0,1.0
867,9d72593884a757a3,True,1.0,1.0,1.0,1.0,1.0,1.0,1.0
868,6e8b9e53215c58a3,True,1.0,1.0,0.780994834990691,1.0,1.0,1.0,0.908747847912788
869,c51ec68aa4fe5f05,True,1.0,1.0,1.0,1.0,1.0,1.0,1.0
870,9666a4125db25507,True,1.0,1.0,0.7915511705181294,1.0,1.0,1.0,0.9131463210492207
871,b4d8ee8da1c153f9,True,0.0,1.0,0.0,0.0,1.0,1.0,0.0
872,2002780575295bdc,True,1.0,1.0,1.0,1.0,1.0,1.0,1.0
873,7ff27f83a8995932,True,1.0,1.0,1.0,1.0,1.0,1.0,1.0
874,cd67b6a868ed5745,True,1.0,1.0,1.0,1.0,1.0,1.0,1.0
875,8912a46529c059a1,True,1.0,1.0,0.806070205200579,1.0,1.0,1.0,0.9191959188335747
876,8fe72476d10c552a,True,1.0,1.0,0.8611159602527059,1.0,1.0,1.0,0.9421316501052942
877,d792515ce4b257a4,True,1.0,1.0,0.8645882583562504,1.0,1.0,1.0,0.943578440981771
878,81d893bd99de519b,True,1.0,0.0,0.0,1.0,1.0,1.0,0.0
879,26af85cbc2d15e05,True,1.0,1.0,0.9842314007291827,1.0,1.0,1.0,0.9934297503038261
880,66dd7339f01b58c2,True,1.0,1.0,0.7723019780556835,1.0,1.0,1.0,0.905125824189868
881,c5fb72e3a0855c1b,True,1.0,1.0,0.6567287141662896,1.0,1.0,1.0,0.8569702975692873
882,812a8e70ad07507d,True,1.0,1.0,0.7577725885471478,1.0,1.0,1.0,0.899071911894645
883,7fcd3691c57b5f49,True,1.0,1.0,0.8868073217478023,1.0,1.0,1.0,0.9528363840615843
884,5992423b009757f2,True,1.0,1.0,0.7701491806093085,1.0,1.0,1.0,0.9042288252538785
885,cbd04a396e145288,True,1.0,1.0,1.0,1.0,1.0,1.0,1.0
886,460c1bc090365d1b,True,1.0,1.0,1.0,1.0,1.0,0.0,1.0
887,1cf4270132e35206,True,1.0,1.0,0.8870490901568214,1.0,1.0,1.0,0.9529371208986755
888,12d4637822bb5f19,True,1.0,0.0,0.0,1.0,1.0,1.0,0.0
889,72be63ed04f15f97,True,1.0,0.0,0.0,1.0,1.0,1.0,0.0
890,8aec77f33ddb5ac8,True,1.0,1.0,0.7088584939767121,1.0,1.0,1.0,0.8786910391569633
891,56b0ed5018c25d3f,True,1.0,1.0,1.0,1.0,1.0,0.0,1.0
892,9a03bf441e615cd6,True,1.0,1.0,0.7587468220279784,1.0,1.0,1.0,0.8994778425116577
893,a0801105ad8b5ad3,True,1.0,1.0,0.7988907578848269,1.0,1.0,1.0,0.9162044824520112
894,84b38cdaa93e5dcd,True,1.0,1.0,0.7739749311684879,1.0,1.0,1.0,0.9058228879868699
895,8d8f238bb7315004,True,1.0,1.0,0.6909403839577353,1.0,1.0,1.0,0.8712251599823896
896,617ceb438e0d5324,True,1.0,1.0,1.0,1.0,1.0,1.0,1.0
897,482989b8df6550b5,True,0.0,1.0,0.0,1.0,1.0,1.0,0.0
898,0f422a003dab525e,True,1.0,1.0,0.8042894849664628,1.0,1.0,1.0,0.9184539520693594
899,8179a26d74615228,True,1.0,1.0,0.8981116434410457,1.0,1.0,1.0,0.9575465181004357
900,6abe0ed266f258d9,True,1.0,1.0,1.0,1.0,1.0,1.0,1.0
901,8164612a623156ae,True,1.0,1.0,1.0,1.0,1.0,1.0,1.0
902,52b428b6ff135845,True,1.0,1.0,1.0,1.0,1.0,1.0,1.0
903,385b1aa4b84c56bf,True,1.0,1.0,0.9240079517830757,1.0,1.0,1.0,0.9683366465762816
904,8872d388cf435f07,True,1.0,1.0,1.0,1.0,1.0,1.0,1.0
905,7f0cb33eb150567e,True,1.0,1.0,1.0,1.0,1.0,1.0,1.0
906,34a92bb4ef51562b,True,1.0,1.0,0.8381072730797011,1.0,1.0,1.0,0.9325446971165422
907,80752a827b8253fe,True,1.0,1.0,0.766659224141226,1.0,1.0,1.0,0.9027746767255108
908,5fed3ec5ed1351c1,True,1.0,1.0,0.9580525720844776,0.0,1.0,1.0,0.5658552383685324
909,28ecbec6051d5527,True,1.0,0.0,0.0,1.0,1.0,0.0,0.0
910,3cf6bf2e7992584c,True,1.0,1.0,1.0,1.0,1.0,1.0,1.0
911,6b68c09f87b85dc8,True,1.0,1.0,0.9720206633060886,1.0,1.0,1.0,0.9883419430442036
912,2184b01d59d4550c,True,1.0,1.0,1.0,1.0,1.0,1.0,1.0
913,c3bb1d6556d95d40,True,1.0,1.0,0.6615303333778632,1.0,1.0,1.0,0.8589709722407762
914,7fcc4151553a50e8,True,1.0,1.0,0.8925265299586955,1.0,1.0,1.0,0.9552193874827898
915,fd9dc4abc0d357a1,True,1.0,1.0,0.7221127631402402,1.0,1.0,1.0,0.8842136513084334
916,1abf52a927025259,True,1.0,0.0,0.0,1.0,1.0,1.0,0.0
917,388391c4b8d45c36,True,1.0,0.0,0.0,1.0,1.0,1.0,0.0
918,24a09c3c8a985e8e,True,1.0,1.0,1.0,0.0,1.0,1.0,0.5833333333333334
919,c3a9557ccfb5517c,True,1.0,1.0,1.0,1.0,1.0,1.0,1.0
920,b1bcfdce40d5572e,True,1.0,1.0,0.7502852628836275,1.0,1.0,0.5,0.8959521928681782
921,ad84af7b33615884,True,1.0,1.0,1.0,1.0,1.0,0.0,1.0
922,6dfed7a32cf45d59,True,1.0,1.0,0.9439350513621253,1.0,1.0,1.0,0.9766396047342188
923,86feb30b850f5ff2,True,1.0,1.0,0.7705360945583725,1.0,1.0,1.0,0.9043900393993218
924,667360ba7d595e46,True,1.0,1.0,0.6744179325112316,1.0,1.0,1.0,0.8643408052130132
925,1a8da8e47d235dbe,True,1.0,1.0,0.9357648167499232,1.0,1.0,1.0,0.973235340312468
926,b4aa2f58df795a92,True,1.0,1.0,0.8033036558232639,1.0,1.0,1.0,0.9180431899263599
927,070b688b49225760,True,1.0,1.0,1.0,1.0,1.0,1.0,1.0
928,d32f8367252b53b1,True,1.0,1.0,1.0,1.0,1.0,1.0,1.0
929,de64687e89f25285,True,1.0,0.0,0.0,1.0,1.0,1.0,0.0
930,647c05f9fa725528,True,1.0,1.0,0.5721023512159469,1.0,1.0,1.0,0.8217093130066445
931,a75ca6ddabc1541b,True,1.0,1.0,1.0,1.0,1.0,1.0,1.0
932,aa2962e446b45e1f,True,1.0,1.0,1.0,1.0,1.0,1.0,1.0
933,356738fb8224508b,True,1.0,1.0,1.0,1.0,1.0,1.0,1.0
934,a32383d18e5351cc,True,1.0,1.0,0.15783575933053184,1.0,1.0,1.0,0.6490982330543883
935,551afc276a1a5ab3,True,1.0,1.0,0.7399207593171498,1.0,1.0,1.0,0.891633649715479
936,a4ed82240b64533a,True,1.0,1.0,0.7896066038558437,1.0,1.0,1.0,0.9123360849399349
937,f15b772180455c2f,True,1.0,1.0,0.7394519233705612,1.0,1.0,1.0,0.8914383014044005
938,221199c4bcef5e62,True,1.0,1.0,1.0,1.0,1.0,1.0,1.0
939,199a2738284e52c9,True,1.0,1.0,1.0,1.0,1.0,1.0,1.0
940,14b25ce243865457,True,1.0,1.0,0.7571281842266816,1.0,1.0,1.0,0.8988034100944507
941,683e518fbfa650d5,True,1.0,1.0,1.0,1.0,1.0,1.0,1.0
942,c388df5240dd5f6c,True,1.0,1.0,0.7551541289082617,1.0,1.0,1.0,0.897980887045109
943,222a07b15e165f6f,True,1.0,1.0,1.0,1.0,1.0,1.0,1.0
944,00685a5276625b57,True,1.0,1.0,0.8376768016745941,1.0,1.0,1.0,0.9323653340310809
945,a1adc0fae78f5a3f,True,1.0,1.0,0.8877540597935923,1.0,1.0,1.0,0.9532308582473301
946,5ee1455d53695e5b,True,1.0,1.0,0.8663149934788602,1.0,1.0,1.0,0.9442979139495251
947,184ad79fb6555bf0,True,1.0,1.0,0.8641622715902259,1.0,1.0,1.0,0.9434009464959274
948,62515ff6d52a5e89,True,1.0,1.0,0.8181135342354136,1.0,1.0,1.0,0.924213972598089
949,277758d55617567b,True,1.0,1.0,0.6573725178551293,1.0,1.0,1.0,0.8572385491063038
950,896f25f6f25e52e0,True,1.0,1.0,0.9726025301649813,1.0,1.0,1.0,0.9885843875687422
951,a28e921b642a5936,True,1.0,1.0,0.8276335928235737,1.0,1.0,1.0,0.9281806636764891
952,9ffd8ba0c7f75398,True,1.0,1.0,0.7442399356307854,1.0,1.0,1.0,0.8934333065128272
953,81a473b817565cb9,True,1.0,1.0,0.7170113638721872,1.0,1.0,1.0,0.882088068280078
954,9cb247f1ef445fb9,True,1.0,1.0,0.8680387396504404,1.0,1.0,1.0,0.9450161415210169
955,b528a0aa02695437,True,1.0,1.0,0.8768656995019489,1.0,1.0,1.0,0.9486940414591455
956,f9f97f2e6d435822,True,1.0,1.0,0.8191430046954712,1.0,1.0,1.0,0.9246429186231131
957,6321c384f59c5265,True,1.0,1.0,0.6320213212961346,1.0,1.0,1.0,0.846675550540056
958,358d973661955d68,True,1.0,1.0,1.0,1.0,1.0,1.0,1.0
959,4e0667aa6ead5e7d,True,1.0,0.0,0.0,1.0,1.0,1.0,0.0
960,814a2807af5f51f7,True,1.0,1.0,1.0,1.0,1.0,1.0,1.0
961,bfb373d958725fc8,True,1.0,1.0,1.0,1.0,1.0,1.0,1.0
962,10b9d1b254f35a74,True,1.0,1.0,0.6663812992611562,1.0,1.0,1.0,0.8609922080254817
963,f7d40806c7045d54,True,1.0,1.0,0.9405553869229766,1.0,1.0,1.0,0.9752314112179069
964,04e3f71d6bc15d1e,True,1.0,1.0,0.8540473881513011,1.0,1.0,1.0,0.9391864117297087
965,782f0fff66145718,True,1.0,1.0,0.9827933912839573,1.0,1.0,1.0,0.9928305797016489
966,eabdad9a669b5739,True,1.0,0.0,0.0,1.0,1.0,1.0,0.0
967,330166def5a35f4d,True,1.0,1.0,1.0,0.0,1.0,1.0,0.5833333333333334
968,d1408323ef2357be,True,1.0,1.0,0.8368549717920224,1.0,1.0,1.0,0.9320229049133427
969,62c5045db3c159aa,True,1.0,1.0,1.0,1.0,1.0,1.0,1.0
970,5f4ad64db9ac5419,True,0.0,0.0,0.0,0.0,1.0,1.0,0.0
971,24edcd5e5b7f546a,True,1.0,1.0,0.9435129862273771,1.0,1.0,1.0,0.976463744261407
972,66908680155c550a,True,1.0,1.0,0.8964320318659014,1.0,1.0,1.0,0.9568466799441255
973,6004740a8a8052f8,True,1.0,1.0,0.7804025030328638,1.0,1.0,1.0,0.9085010429303599
974,0f4984d978155b23,True,1.0,1.0,0.9038508866775516,1.0,1.0,1.0,0.9599378694489799
975,5cd75b90a44e5a65,True,1.0,1.0,1.0,1.0,1.0,1.0,1.0
976,2bc38f766c8851fa,True,1.0,1.0,0.8728787054311359,1.0,1.0,0.0,0.94703279392964
977,8c8694effde754e6,True,1.0,0.0,0.0,1.0,1.0,1.0,0.0
978,7a1b61727c255889,True,1.0,1.0,0.66801768839744,1.0,1.0,1.0,0.8616740368322667
979,43cfa12f279355aa,True,1.0,0.0,0.0,1.0,1.0,1.0,0.0
980,f205efb84def5cc8,True,1.0,1.0,0.7546233378064293,1.0,1.0,1.0,0.8977597240860122
981,2be2e48e80985bee,True,1.0,1.0,1.0,1.0,1.0,1.0,1.0
982,ca85e7b7b71559b3,True,1.0,1.0,0.7516457412234644,1.0,1.0,1.0,0.8965190588431101
983,f740386a50c45238,True,1.0,1.0,0.8689016886042149,1.0,1.0,1.0,0.9453757035850895
984,df044fb9c65c5d52,True,1.0,1.0,1.0,1.0,1.0,1.0,1.0
985,87fa0c79b31c563a,True,1.0,0.0,0.0,1.0,1.0,1.0,0.0
986,cd0fd62195e552da,True,1.0,1.0,0.7654640094063695,1.0,1.0,1.0,0.9022766705859873
987,2d4b17f8d7585219,True,1.0,1.0,1.0,1.0,1.0,1.0,1.0
988,f29d6171f46b551d,True,1.0,1.0,0.8251932977856196,1.0,1.0,1.0,0.9271638740773415
989,c354c8cf3c975581,True,1.0,0.0,0.0,1.0,1.0,0.0,0.0
990,6dfba05513f05909,True,1.0,1.0,0.6089656222866128,1.0,1.0,1.0,0.8370690092860887
991,6ed328b05b54553e,True,1.0,1.0,0.6148979076403591,1.0,1.0,1.0,0.8395407948501497
992,613770d7f39051be,True,1.0,1.0,0.8008035869583988,1.0,1.0,1.0,0.9170014945659996
993,f2d4e4b013a3579e,True,1.0,0.0,0.0,1.0,1.0,1.0,0.0
994,2a68e10c7d305af4,True,1.0,1.0,0.9628794020121332,1.0,1.0,1.0,0.9845330841717223
995,d8f68111f5145cc9,True,1.0,1.0,0.954409089592797,1.0,1.0,1.0,0.9810037873303322
996,d5fc95fa66025d7a,True,1.0,1.0,0.7247568625219734,1.0,1.0,1.0,0.8853153593841556
997,95329718628e5f7f,True,1.0,1.0,0.9052834121183373,1.0,1.0,1.0,0.9605347550493072
998,f3532c4c4ad95b27,True,1.0,1.0,0.9677370528101155,1.0,1.0,1.0,0.986557105337548
999,a6b518a433065727,True,1.0,0.0,0.0,1.0,1.0,1.0,0.0
1000,6f0e15842e1b5924,True,1.0,1.0,0.7801361511851135,1.0,1.0,1.0,0.9083900629937972
1001,b58a12e346235cd0,True,1.0,1.0,0.8688334548264754,1.0,1.0,1.0,0.9453472728443648
1002,cd72b9f6b03f5f41,True,1.0,1.0,0.8973106564628683,1.0,1.0,1.0,0.9572127735261952
1003,63c145828c3b5fd8,True,1.0,1.0,0.5596009928664533,1.0,1.0,1.0,0.8165004136943556
1004,7c75567759e15900,True,1.0,1.0,1.0,1.0,1.0,1.0,1.0
1005,4631b80af7fb5f2f,True,1.0,1.0,1.0,1.0,1.0,1.0,1.0
1006,e3b8bfc261ac5969,True,1.0,1.0,1.0,1.0,1.0,1.0,1.0
1007,67c2aef1f35a523e,True,1.0,1.0,1.0,1.0,1.0,1.0,1.0
1008,1f5144778210505c,True,1.0,1.0,1.0,1.0,1.0,1.0,1.0
1009,7f2edc964c6d5323,True,1.0,1.0,0.9096003182710748,1.0,1.0,1.0,0.9623334659462811
1010,d3d7a91aff375fc5,True,1.0,0.0,0.0,1.0,1.0,1.0,0.0
1011,f8f1d3aa1a30553d,True,1.0,1.0,0.7412197144177322,1.0,1.0,1.0,0.8921748810073883
1012,359f62a656b9586d,True,1.0,1.0,0.881304805090417,1.0,1.0,1.0,0.9505436687876738
1013,1a707ed0d7ba541d,True,1.0,1.0,0.9202074822595977,1.0,1.0,1.0,0.9667531176081656
1014,10ae805f0be95c1f,True,1.0,1.0,0.8793765912056181,1.0,1.0,1.0,0.9497402463356742
1015,8733d5cc8ae956df,True,1.0,1.0,0.8319403786891046,1.0,1.0,1.0,0.9299751577871268
1016,e511376fdf3250e5,True,1.0,1.0,0.8744513948562571,1.0,1.0,1.0,0.9476880811901071
1017,52cad7d83eb65e75,True,1.0,1.0,0.954731323574071,0.0,1.0,1.0,0.5644713848225296
1018,fbc9981c30745684,True,0.5,0.0,0.0,0.0,1.0,1.0,0.0
1019,ef90f66b5d465ebf,True,1.0,1.0,1.0,1.0,1.0,1.0,1.0
1020,9b3eda2685e75099,True,1.0,1.0,1.0,1.0,1.0,1.0,1.0
1021,a916c0c016825703,True,1.0,1.0,1.0,1.0,1.0,1.0,1.0
1022,64b99da814205341,True,1.0,1.0,0.8519636506744807,1.0,1.0,1.0,0.9383181877810336
1023,40ce7057faae541e,True,1.0,1.0,0.8124569631056174,1.0,1.0,1.0,0.921857067960674
1024,449baff4aece5ab3,True,1.0,1.0,1.0,1.0,1.0,1.0,1.0
1025,a2ef4eeb9dd45505,True,1.0,1.0,0.928297587984265,1.0,1.0,1.0,0.9701239949934437
1026,70ee383e3b335c16,True,1.0,1.0,0.6832895930521409,1.0,1.0,1.0,0.868037330438392
1027,18ca4d6e9c0a576b,True,1.0,1.0,1.0,1.0,1.0,1.0,1.0
1028,8b8b41a9d00e5e32,True,1.0,1.0,0.8448602627815883,1.0,1.0,1.0,0.9353584428256618
1029,b4eb56fcd01857bb,True,1.0,1.0,0.6261272393541378,1.0,1.0,1.0,0.8442196830642241
1030,7f54c08f50ef5ace,True,1.0,1.0,0.5138315670737663,1.0,1.0,1.0,0.7974298196140692
1031,d44d886053b15b23,True,1.0,1.0,0.873915882027848,1.0,1.0,1.0,0.9474649508449366
1032,ecce119989c25ae9,True,1.0,1.0,0.8383774087228394,1.0,1.0,1.0,0.9326572536345165
1033,3e0511dc69b85b75,True,1.0,1.0,0.8599166488984997,1.0,1.0,1.0,0.9416319370410416
1034,3b3f3faf6778593f,True,1.0,1.0,1.0,1.0,1.0,1.0,1.0
1035,3266d9113ede5f3c,True,1.0,1.0,0.8477295504839294,1.0,1.0,1.0,0.9365539793683039
1036,b7e7604c72e051da,True,1.0,1.0,1.0,1.0,1.0,1.0,1.0
1037,dc5bfa6f51225853,True,1.0,1.0,0.8943192538513696,1.0,1.0,1.0,0.955966355771404
1038,d113b39be843564f,True,1.0,1.0,0.8568682581669896,1.0,1.0,1.0,0.9403617742362457
1039,e54d150b34215b84,True,1.0,1.0,0.9029462472967288,1.0,1.0,1.0,0.959560936373637
1040,5ae0b5e6a95f5335,True,1.0,1.0,1.0,1.0,1.0,1.0,1.0
1041,ac55c7f072c6528d,True,1.0,1.0,0.8551973575206365,1.0,1.0,1.0,0.9396655656335985
1042,abe1ac610c3d5b82,True,1.0,1.0,0.7990887097574227,1.0,1.0,1.0,0.9162869623989262
1043,d58fe7e3c5575f27,True,1.0,1.0,1.0,1.0,1.0,1.0,1.0
1044,9d864c15bf7d5414,True,1.0,0.0,0.0,1.0,1.0,1.0,0.0
1045,e2efd574ab0b56a2,True,1.0,1.0,1.0,1.0,1.0,1.0,1.0
1046,3d6cbc2a95885eef,True,1.0,1.0,0.14266094744607974,1.0,1.0,1.0,0.6427753947691999
1047,055e7b577c645e2e,True,1.0,1.0,0.981183552532333,1.0,1.0,1.0,0.9921598135551388
1048,c9a74fd5fd9e57c8,True,1.0,1.0,0.7293300581213975,1.0,1.0,1.0,0.8872208575505823
1049,a93fa498bfbf5fb8,True,1.0,1.0,0.8017520424640907,1.0,1.0,1.0,0.9173966843600377
1050,72a43a590e3758f8,True,1.0,1.0,0.6615255113688681,1.0,1.0,1.0,0.8589689630703617
1051,086e4501de295946,True,1.0,1.0,1.0,1.0,1.0,1.0,1.0
1052,aab09057df0a515d,True,1.0,1.0,0.8109915903533244,1.0,1.0,0.5,0.9212464959805517
1053,ecb0765ba5c05fa3,True,1.0,1.0,0.9476132978692883,1.0,1.0,1.0,0.9781722074455367
1054,9e04987475e85dd5,True,1.0,1.0,0.8114815455731402,1.0,1.0,1.0,0.9214506439888085
1055,0670d0c81a5550c4,True,1.0,1.0,0.8173252351210127,1.0,1.0,1.0,0.9238855146337553
1056,dcf89e4b93ba5fbe,True,0.0,1.0,0.0,0.0,1.0,1.0,0.0
1057,7755fb23f28f5b2f,True,1.0,0.0,0.0,1.0,1.0,0.0,0.0
1058,9a4575e2dfd75ffb,True,1.0,1.0,0.8667991134952294,1.0,1.0,1.0,0.9444996306230123
1059,c48cfa7c240d5808,True,1.0,1.0,0.9359039881239318,1.0,1.0,1.0,0.9732933283849716
1060,6c321000d6c0527a,True,1.0,1.0,1.0,1.0,1.0,1.0,1.0
1061,d5ea47f2ec1550b2,True,1.0,1.0,0.8994222771961007,1.0,1.0,1.0,0.9580926154983752
1062,ad0beea498f15978,True,1.0,1.0,0.7622424153459706,1.0,1.0,1.0,0.9009343397274877
1063,f1f463892f3d5bb7,True,1.0,0.0,0.0,1.0,1.0,1.0,0.0
1064,14c000d2a271534a,True,1.0,0.0,0.0,1.0,1.0,1.0,0.0
1065,b3c1a2ac292d5e3f,True,1.0,1.0,1.0,1.0,1.0,1.0,1.0
1066,2fc619c5acbe54b8,True,1.0,1.0,0.8777609629336321,1.0,1.0,1.0,0.9490670678890134
1067,3e53e34cb63f5d05,True,1.0,1.0,0.7312461734180825,1.0,1.0,1.0,0.8880192389242011
1068,562f38636f975be4,True,1.0,1.0,1.0,1.0,1.0,1.0,1.0
1069,077031ef7dcb5ab4,True,1.0,1.0,1.0,1.0,1.0,1.0,1.0
1070,8c7e28b482935cd8,True,1.0,1.0,1.0,1.0,1.0,1.0,1.0
1071,c09d506d3891507c,True,1.0,1.0,0.921730136404672,1.0,1.0,1.0,0.96738755683528
1072,0c318d7923d15b78,True,1.0,1.0,0.9461100031224546,1.0,1.0,1.0,0.9775458346343561
1073,a9f07bb60bd75461,True,1.0,1.0,0.9063299145554212,1.0,1.0,1.0,0.9609707977314255
1074,8390620a5e745bfa,True,1.0,1.0,0.04096359021974584,1.0,1.0,1.0,0.6004014959248941
1075,1d4b518f1b175184,True,1.0,1.0,1.0,1.0,1.0,1.0,1.0
1076,078f05d9e9c05230,True,1.0,1.0,0.7718932802549819,1.0,1.0,1.0,0.9049555334395758
1077,e2fe44045eac5b89,True,1.0,1.0,0.7578563485167132,1.0,1.0,1.0,0.8991068118819637
1078,83f9ceae9dad56d9,True,1.0,0.0,0.0,1.0,1.0,1.0,0.0
1079,607b63930d2855da,True,1.0,0.0,0.0,1.0,1.0,0.0,0.0
1080,6f61120208385a02,True,1.0,1.0,0.7736668827676327,1.0,1.0,1.0,0.9056945344865136
1081,702320a088cf5d53,True,1.0,1.0,0.6386195005462,1.0,1.0,1.0,0.84942479189425
1082,5ca7353cbe4a5cf7,True,1.0,1.0,1.0,1.0,1.0,1.0,1.0
1083,4417a92b5b1956b8,True,1.0,1.0,0.8364919715955873,1.0,1.0,1.0,0.9318716548314946
1084,03d4ec82e7ac5804,True,1.0,1.0,0.8158327942709942,1.0,1.0,1.0,0.923263664279581
1085,19f93eaa916d5528,True,1.0,1.0,0.7985970125765549,1.0,1.0,1.0,0.9160820885735644
1086,cc54b0f77c84506d,True,1.0,1.0,0.8689440801630982,1.0,1.0,1.0,0.9453933667346242
1087,c41b4666b98e5b92,True,1.0,1.0,0.9868724130037921,1.0,1.0,1.0,0.9945301720849135
1088,ee8e4ad158ef5a8d,True,1.0,1.0,1.0,1.0,1.0,1.0,1.0
1089,2a30c259f67c561d,True,1.0,1.0,0.675788055162701,1.0,1.0,1.0,0.8649116896511254
1090,2743a2f96269577c,True,1.0,1.0,0.9003881636333088,1.0,1.0,1.0,0.9584950681805453
1091,b8104b69b2d9509b,True,1.0,1.0,0.7225949980466778,1.0,1.0,1.0,0.8844145825194492
1092,8b06db3e6e4355d3,True,1.0,1.0,1.0,0.0,1.0,1.0,0.5833333333333334
1093,ee6d63d4e8b35518,True,1.0,1.0,0.849193997401674,1.0,1.0,1.0,0.9371641655840307
1094,ff4125f507e35f9b,True,1.0,1.0,0.7839276851917899,1.0,1.0,1.0,0.9099698688299124
1095,3ea43d5abad05188,True,1.0,1.0,0.9175615560925608,1.0,1.0,1.0,0.9656506483719003
1096,76375396b08e5143,True,1.0,1.0,0.8056504231354484,1.0,1.0,1.0,0.9190210096397702
1097,ac73220f793d522e,True,1.0,1.0,0.8489014439751146,1.0,1.0,1.0,0.9370422683229643
1098,e6a94b91b19f5315,True,1.0,1.0,1.0,1.0,1.0,1.0,1.0
1099,a9152eadc70058ba,True,1.0,1.0,1.0,1.0,1.0,1.0,1.0
1100,b4175792b94a5cf2,True,1.0,1.0,1.0,1.0,1.0,1.0,1.0
1101,ad781cbf672a5485,True,1.0,1.0,0.7447260194327374,1.0,1.0,1.0,0.8936358414303073
1102,cb1d400e9da85f43,True,1.0,1.0,1.0,1.0,1.0,1.0,1.0
1103,c01c5d45b97154d4,True,1.0,1.0,0.572080360589557,1.0,1.0,1.0,0.8217001502456487
1104,75f91ced021c543e,True,1.0,1.0,1.0,1.0,1.0,1.0,1.0
1105,9f8f670a268550e5,True,1.0,1.0,0.9585467616864529,1.0,1.0,1.0,0.9827278173693553
1106,f7f7750b2dc2548e,True,1.0,1.0,0.713239876629238,1.0,1.0,1.0,0.8805166152621826
1107,2ff39958d9f35279,True,1.0,1.0,0.7639709856353012,1.0,1.0,1.0,0.9016545773480421
1108,9940f912e66a5918,True,1.0,1.0,0.9973480293211332,1.0,1.0,1.0,0.9988950122171388
1109,6d2b59f78d995d9c,True,1.0,1.0,1.0,1.0,1.0,1.0,1.0
1110,b2c0a19be09f5b76,True,0.0,1.0,0.0,0.0,1.0,1.0,0.0
1111,aed7c50719f959a1,True,1.0,1.0,1.0,1.0,1.0,1.0,1.0
1112,a8ee480d197e56dd,True,1.0,1.0,1.0,1.0,1.0,1.0,1.0
1113,89ae8d041c145f8f,True,1.0,1.0,1.0,1.0,1.0,1.0,1.0
1114,257d737fc3865fd1,True,1.0,1.0,0.5602100014669636,1.0,1.0,1.0,0.8167541672779016
1115,095042ae1f985c39,True,1.0,1.0,0.624400177487765,1.0,1.0,1.0,0.8435000739532353
1116,406f8b299de35ce2,True,1.0,1.0,0.651939497304238,1.0,1.0,1.0,0.8549747905434325
1117,0a0d98c22d765e1e,True,1.0,1.0,0.5950762238349656,1.0,1.0,1.0,0.8312817599312355
1118,c38eb1a738745b1e,True,1.0,1.0,1.0,1.0,1.0,1.0,1.0
1119,f587b097f5f65db6,True,1.0,1.0,1.0,1.0,1.0,1.0,1.0
1120,95528bd014555540,True,1.0,1.0,1.0,1.0,1.0,1.0,1.0
1121,2ef107f7be2351a5,True,1.0,1.0,0.9357407055815057,1.0,1.0,1.0,0.973225293992294
1122,32013abf6afd5d2e,True,1.0,1.0,0.8567593447119656,1.0,1.0,1.0,0.9403163936299856
1123,d3fe95784a34578f,True,1.0,1.0,0.989327065847565,1.0,1.0,1.0,0.9955529441031521
1124,7eab8efaacef55bb,True,1.0,0.0,0.0,1.0,1.0,0.5,0.0
1125,17329d8654895534,True,1.0,1.0,0.7380159433855068,1.0,1.0,1.0,0.890839976410628
1126,c6c94bd6691c5008,True,1.0,1.0,1.0,1.0,1.0,1.0,1.0
1127,c1c3bb73344c593a,True,1.0,1.0,0.7929332385525175,1.0,1.0,1.0,0.9137221827302157
1128,87423b239de058c9,True,1.0,1.0,0.8659491184960262,1.0,1.0,1.0,0.9441454660400108
1129,a523d2a173855e96,True,1.0,1.0,1.0,1.0,1.0,1.0,1.0
1130,cb70f332bc5f5bcf,True,1.0,0.0,0.0,0.0,1.0,1.0,0.0
1131,fd9b66480e895706,True,1.0,1.0,0.7079900590172313,1.0,1.0,1.0,0.8783291912571798
1132,67a6bdeb096350ec,True,1.0,1.0,0.8367598392815248,1.0,1.0,1.0,0.9319832663673019
1133,8790ecedb8ac580e,True,1.0,1.0,1.0,1.0,1.0,1.0,1.0
1134,6d2178f2992f5d22,True,1.0,1.0,0.510985088298192,1.0,1.0,1.0,0.7962437867909133
1135,019667e138b95ff0,True,1.0,1.0,0.606213580828312,1.0,1.0,1.0,0.83592232534513
1136,3137903199f35224,True,1.0,1.0,0.6424222978288889,1.0,1.0,1.0,0.851009290762037
1137,313a7a6feb1c5490,True,1.0,1.0,0.7532450652501348,1.0,1.0,1.0,0.8971854438542227
1138,69f50b1f6c4d5f4b,True,1.0,1.0,1.0,1.0,1.0,1.0,1.0
1139,cbdda157b6705786,True,1.0,1.0,0.694423580284449,1.0,1.0,1.0,0.872676491785187
1140,4763f30d505c5ea6,True,1.0,1.0,0.4626729233493962,1.0,1.0,0.5,0.7761137180622484
1141,570a5855539b5c7e,True,1.0,1.0,0.8502660020172798,1.0,1.0,1.0,0.9376108341738666
1142,0b177a1d821055ea,True,1.0,1.0,0.8866258618697435,1.0,1.0,1.0,0.9527607757790598
1143,ec60244b07ad5466,True,1.0,1.0,1.0,1.0,1.0,1.0,1.0
1144,65f236a74a3d53a4,True,1.0,1.0,0.8998489440537183,1.0,1.0,1.0,0.9582703933557161
1145,5e5b6eaacd3f5bdd,True,0.0,1.0,0.0,0.0,1.0,1.0,0.0
1146,7c68734f0453501c,True,1.0,1.0,0.9987133911135159,1.0,1.0,1.0,0.999463912963965
1147,3a36b098acee53b9,True,1.0,1.0,1.0,1.0,1.0,1.0,1.0
1148,a4f2f32aa59f53b9,True,1.0,1.0,0.8904644229747803,1.0,1.0,1.0,0.9543601762394918
1149,6ebf87c3da335680,True,1.0,1.0,1.0,1.0,1.0,1.0,1.0
1150,ccdb6840a0445870,True,1.0,1.0,0.7726228341617496,1.0,1.0,1.0,0.9052595142340624
1151,8898650e43665faf,True,1.0,1.0,0.7050172405304417,1.0,1.0,1.0,0.877090516887684
1152,9fc5098e21355c6e,True,1.0,1.0,0.8587675841682443,1.0,1.0,1.0,0.9411531600701019
1153,cbe7b4e464235ca6,True,1.0,1.0,0.6967937755486285,1.0,1.0,1.0,0.873664073145262
1154,d66904f908405550,True,1.0,1.0,1.0,1.0,1.0,1.0,1.0
1155,215c38293c335e25,True,1.0,1.0,1.0,0.0,1.0,1.0,0.5833333333333334
1156,f49f94b388d8561d,True,1.0,1.0,1.0,1.0,1.0,1.0,1.0
1157,143989e6ed115458,True,1.0,1.0,0.8373058798964764,1.0,1.0,1.0,0.9322107832901985
1158,0a21cbc65e5b514f,True,1.0,1.0,0.751210274809612,1.0,1.0,1.0,0.896337614504005
1159,7346e23546d15b29,True,1.0,1.0,0.6866230640724745,1.0,1.0,1.0,0.8694262766968643
1160,ea85208e83eb57b6,True,1.0,1.0,1.0,1.0,1.0,1.0,1.0
1161,09cd7b3746d65a79,True,1.0,1.0,0.9955854414545111,1.0,1.0,1.0,0.9981606006060463
1162,3f2cec87b5ad5d96,True,1.0,1.0,1.0,1.0,1.0,1.0,1.0
1163,483bb60b0a0451e6,True,1.0,1.0,0.7758243311732125,1.0,1.0,1.0,0.9065934713221718
1164,baf1301534ea54d6,True,1.0,1.0,0.897348544691971,1.0,1.0,1.0,0.9572285602883213
1165,ac47687039a75848,True,1.0,1.0,0.7504646948009774,1.0,1.0,1.0,0.896026956167074
1166,6eac1c0e2bbd57bb,True,1.0,1.0,0.8754959216831458,1.0,1.0,1.0,0.9481233007013108
1167,74c77891a7d45a15,True,1.0,1.0,0.8668634617973098,1.0,1.0,1.0,0.9445264424155457
1168,ce09ed938df353d1,True,1.0,1.0,1.0,1.0,1.0,1.0,1.0
1169,36e98388f7a35159,True,1.0,1.0,1.0,1.0,1.0,1.0,1.0
1170,6871543e963f5bdf,True,1.0,1.0,0.5189917792633193,1.0,1.0,1.0,0.799579908026383
1171,56587c89d25856b7,True,1.0,1.0,0.901302295193592,1.0,1.0,1.0,0.9588759563306634
1172,83d9a73b7a3650c7,True,1.0,1.0,0.8016517640516243,1.0,1.0,1.0,0.9173549016881767
1173,be027cd33b835419,True,1.0,0.0,0.0,1.0,1.0,1.0,0.0
1174,f7d2b771e8425c20,True,1.0,1.0,0.6755228849148296,1.0,1.0,1.0,0.8648012020478456
1175,260f5d5245015db6,True,1.0,1.0,1.0,1.0,1.0,1.0,1.0
1176,d54e58ba5e575ac0,True,1.0,1.0,1.0,1.0,1.0,1.0,1.0
1177,bed4ec62805f5790,True,1.0,1.0,1.0,1.0,1.0,1.0,1.0
1178,e704fb7745a75fd7,True,1.0,1.0,0.7468354212415131,1.0,1.0,1.0,0.8945147588506305
1179,2034e8ae11cc594e,True,1.0,1.0,0.8694433254523565,1.0,1.0,1.0,0.9456013856051486
1180,35aa38c73e9251a7,True,1.0,1.0,0.9729482682587642,1.0,1.0,1.0,0.9887284451078185
1181,37430d1c47995fdd,True,1.0,1.0,0.8173547570099464,1.0,1.0,1.0,0.9238978154208111
1182,4d2d174465585abf,True,1.0,1.0,1.0,1.0,1.0,1.0,1.0
1183,82ab6983691a5599,True,1.0,1.0,1.0,1.0,1.0,1.0,1.0
1184,f40843145ae35cd8,True,1.0,1.0,0.6245534638954869,1.0,1.0,1.0,0.8435639432897862
1185,615329a491785c3a,True,1.0,1.0,1.0,1.0,1.0,1.0,1.0
1186,5d3fbc3605fb5bb9,True,1.0,1.0,0.9836401829085545,1.0,1.0,1.0,0.9931834095452311
1187,65fd7014a79b5cba,True,1.0,1.0,0.7641935454767593,1.0,1.0,1.0,0.9017473106153164
1188,1ebc0b5378ab5caa,True,1.0,1.0,1.0,1.0,1.0,1.0,1.0
1189,159972aee8265c33,True,0.0,0.0,0.0,0.0,1.0,0.0,0.0
1190,ad2ceb40a046543c,True,1.0,1.0,1.0,1.0,1.0,1.0,1.0
1191,927aa2c8ef7d5b5c,True,0.0,1.0,0.0,0.0,1.0,1.0,0.0
1192,54a9fe6636755234,True,1.0,1.0,1.0,1.0,1.0,1.0,1.0
1193,f53ece8c1cb9562c,True,1.0,1.0,0.812375724806423,1.0,1.0,1.0,0.9218232186693429
1194,9f309ebf66645913,True,1.0,1.0,0.8935549931142762,1.0,1.0,1.0,0.9556479137976152
1195,02ff5ce64ad75584,True,1.0,1.0,0.8329999228607472,1.0,1.0,1.0,0.9304166345253112
1196,9389ef5de0935e29,True,1.0,1.0,0.6000563529013254,1.0,1.0,1.0,0.8333568137088857
1197,5239e2cfe006568b,True,1.0,1.0,0.8311004890593844,1.0,1.0,1.0,0.9296252037747434
1198,ac0f18be77bd585c,True,1.0,1.0,0.6613672594730978,1.0,1.0,1.0,0.8589030247804574
1199,0a8c2aac609d5a04,True,1.0,1.0,0.7415909252771118,1.0,1.0,1.0,0.8923295521987966
1200,9fb8affb5c295640,True,1.0,1.0,0.8972306941479734,1.0,1.0,1.0,0.957179455894989
1201,089e3eac4f7e5c5c,True,1.0,1.0,0.9081844023041773,1.0,1.0,1.0,0.961743500960074
1202,7e2dc290d51f5137,True,1.0,1.0,0.7265307575127953,1.0,1.0,1.0,0.886054482296998
1203,99f3a7ec61305307,True,1.0,1.0,0.7308702717669113,1.0,1.0,1.0,0.8878626132362131
1204,ceb9332b03d3577b,True,1.0,1.0,0.764459309495291,1.0,1.0,1.0,0.901858045623038
1205,4a62cc0027965e10,True,1.0,1.0,0.9546661172402113,1.0,1.0,1.0,0.9811108821834215
1206,dcd5dc3f53d9533f,True,1.0,1.0,1.0,1.0,1.0,1.0,1.0
1207,9b5cb743a4a4590b,True,1.0,1.0,1.0,1.0,1.0,0.0,1.0
1208,8651cc01649b5d5b,True,1.0,1.0,0.5806613024796395,1.0,1.0,1.0,0.8252755426998498
1209,9360bfdb65d153cd,True,1.0,1.0,0.8541764318901273,1.0,1.0,1.0,0.9392401799542197
1210,ca62812a55ce5f0b,True,1.0,1.0,0.8061218304727407,1.0,1.0,1.0,0.9192174293636418
1211,a27875deccc151e0,True,1.0,1.0,0.7750062718857313,1.0,1.0,1.0,0.9062526132857215
1212,df534bbfbbba5b0c,True,1.0,1.0,1.0,1.0,1.0,1.0,1.0
1213,dad96574decb5a68,True,1.0,1.0,0.4675711582388274,1.0,1.0,1.0,0.7781546492661781
1214,fbf2eaa61abb5a2f,True,1.0,1.0,0.9248239974905198,1.0,1.0,1.0,0.9686766656210498
1215,be87511d69ba58e7,True,1.0,1.0,0.9308212698407841,1.0,1.0,1.0,0.9711755291003268
1216,a924bf802fe25fa6,True,1.0,1.0,1.0,1.0,1.0,1.0,1.0
1217,3ea2b59016145c63,True,1.0,1.0,1.0,1.0,1.0,1.0,1.0
1218,93c82496dc8e59c5,True,1.0,1.0,1.0,1.0,1.0,1.0,1.0
1219,36383c82194a543d,True,1.0,1.0,1.0,1.0,1.0,1.0,1.0
1220,465d879f0b205c8f,True,1.0,1.0,1.0,1.0,1.0,1.0,1.0
1221,134cbee5a9635cd7,True,0.0,1.0,0.0,0.0,1.0,1.0,0.0
1222,bdb32e2af06e5bc9,True,1.0,1.0,0.9373592719739381,1.0,1.0,1.0,0.9738996966558076
1223,5fb039973cf85b11,True,1.0,1.0,0.9173067408675952,1.0,1.0,1.0,0.965544475361498
1224,7edfabe116e25844,True,1.0,1.0,0.9530010109707899,1.0,1.0,1.0,0.9804170879044958
1225,00b838c358175255,True,1.0,1.0,0.863218682864287,1.0,1.0,1.0,0.9430077845267864
1226,559c83269c035643,True,1.0,1.0,1.0,1.0,1.0,1.0,1.0
1227,078bc1027dde5d1a,True,1.0,1.0,0.725917849947433,1.0,1.0,1.0,0.8857991041447638
1228,2802831d87ba5a55,True,1.0,1.0,0.9900817362300373,1.0,1.0,1.0,0.9958673900958489
1229,5b3db54a43ca52ed,True,1.0,1.0,1.0,1.0,1.0,1.0,1.0
1230,77f0818999145e8f,True,1.0,0.0,0.0,0.0,1.0,1.0,0.0
1231,e706a9c88e625828,True,1.0,1.0,0.8394291307074386,1.0,1.0,1.0,0.9330954711280994
1232,3aff98e018195468,True,1.0,1.0,0.9212449143295947,1.0,1.0,1.0,0.9671853809706645
1233,75811dfc02ce59f7,True,1.0,1.0,1.0,1.0,1.0,1.0,1.0
1234,798f1981bb285b09,True,1.0,1.0,0.6120522054660636,1.0,1.0,1.0,0.8383550856108598
1235,fcbe2ed045225b79,True,1.0,1.0,0.8621894747432428,1.0,1.0,0.5,0.9425789478096845
1236,c40e41ba1a285e0d,True,1.0,1.0,1.0,1.0,1.0,1.0,1.0
1237,2d8b8e77af38568f,True,1.0,1.0,0.6691242560676076,1.0,1.0,1.0,0.8621351066948365
1238,4826c59b43f6568a,True,1.0,1.0,0.8277104347841692,1.0,1.0,1.0,0.9282126811600705
1239,953b60711663549b,True,1.0,1.0,0.8504644331756804,1.0,1.0,1.0,0.9376935138232002
1240,abdc7a57df4a56cd,True,1.0,1.0,1.0,1.0,1.0,1.0,1.0
1241,3e634fa2ea715bb1,True,1.0,1.0,1.0,1.0,1.0,1.0,1.0
1242,9ba2570d6743526a,True,1.0,1.0,1.0,1.0,1.0,1.0,1.0
1243,239e3ed3199d5ae6,True,1.0,1.0,0.9146404118189255,1.0,1.0,1.0,0.9644335049245524
1244,e2080118123b5cc8,True,1.0,1.0,0.653624227074859,1.0,1.0,1.0,0.8556767612811913
1245,2752876d0e005d74,True,1.0,1.0,0.8427336936827236,1.0,1.0,1.0,0.9344723723678015
1246,565e485cbedb506f,True,1.0,1.0,0.8808696166835155,1.0,1.0,1.0,0.9503623402847982
1247,8f41958d23a65c48,True,1.0,0.0,0.0,1.0,1.0,0.0,0.0
1248,255be1c4910b506e,True,1.0,1.0,0.7550452967156509,1.0,1.0,1.0,0.8979355402981879
1249,8a249b6f42f35ca2,True,1.0,1.0,0.12463286439954023,1.0,1.0,1.0,0.6352636934998085
1250,9184d994aedd50b1,True,1.0,1.0,0.5718852447776589,1.0,1.0,1.0,0.8216188519906913
1251,e905f33735985cfe,True,1.0,1.0,1.0,1.0,1.0,1.0,1.0
1252,aef33fdade585ab3,True,1.0,1.0,0.9164400116256728,1.0,1.0,1.0,0.9651833381773637
1253,e7b5da2135fc5303,True,1.0,1.0,1.0,1.0,1.0,1.0,1.0
1254,3f3d9b32f2fa53ef,True,1.0,1.0,1.0,1.0,1.0,1.0,1.0
1255,396c599d06e65f68,True,1.0,1.0,0.827508983974541,1.0,1.0,1.0,0.9281287433227255
1256,82e565141eb55f88,True,1.0,1.0,0.99254085821124,1.0,1.0,1.0,0.9968920242546834
1257,86db74cc909e5437,True,1.0,0.0,0.0,0.0,1.0,1.0,0.0
1258,d4d21ecb8e4058e8,True,1.0,1.0,0.9459045923031163,1.0,1.0,1.0,0.9774602467929651
1259,15b0967d1dab53f8,True,1.0,1.0,1.0,1.0,1.0,1.0,1.0
1260,5eef9aece027548e,True,1.0,1.0,1.0,1.0,1.0,1.0,1.0
1261,49bdbf5ee25c5024,True,1.0,1.0,0.7635968403534982,1.0,1.0,1.0,0.9014986834806242
1262,39147f08f4645365,True,1.0,1.0,0.9389250402209973,1.0,1.0,1.0,0.9745521000920823
1263,6832568ebd835696,True,1.0,1.0,0.7576281376544807,1.0,1.0,1.0,0.8990117240227002
1264,81f49ac925aa5781,True,1.0,1.0,1.0,1.0,1.0,1.0,1.0
1265,b5ee0c4a00765073,True,1.0,1.0,0.7643544381223699,1.0,1.0,1.0,0.9018143492176541
1266,93b0ff5c4c5c507e,True,1.0,1.0,1.0,1.0,1.0,1.0,1.0
1267,4ac7a80ebf915458,True,1.0,1.0,0.892784431973374,1.0,1.0,1.0,0.9553268466555725
1268,1b3ae7a2d38d5c6c,True,1.0,1.0,0.7934492624503449,1.0,1.0,1.0,0.9139371926876437
1269,3067f3d3d5a75989,True,1.0,1.0,0.9296673568327998,1.0,1.0,1.0,0.9706947320136665
1270,dd23e66ff660575e,True,1.0,1.0,0.753686365368087,1.0,1.0,1.0,0.8973693189033695
1271,fb3e4b836ab758db,True,1.0,1.0,1.0,1.0,1.0,1.0,1.0
1272,355835bced0c591f,True,1.0,0.0,0.0,1.0,1.0,0.0,0.0
1273,660e14c77a1c550b,True,1.0,1.0,0.6641734635906594,1.0,1.0,1.0,0.8600722764961081
1274,fca1702dec8a50c6,True,1.0,1.0,1.0,1.0,1.0,1.0,1.0
1275,4fbdc88ce3f75540,True,1.0,1.0,0.8920955557855015,1.0,1.0,1.0,0.9550398149106257
1276,1a775d7198a654e0,True,1.0,1.0,0.8230591062448112,1.0,1.0,1.0,0.9262746276020047
1277,b7784f3cdf6b5991,True,1.0,1.0,0.595055006950029,1.0,1.0,1.0,0.831272919562512
1278,8869a2f03bbd5570,True,1.0,1.0,1.0,1.0,1.0,1.0,1.0
1279,85c0017516e95fdc,True,1.0,1.0,0.864492537916032,1.0,1.0,1.0,0.9435385574650134
1280,ee86c71bc0765fd0,True,1.0,1.0,1.0,1.0,1.0,1.0,1.0
1281,88454b0190ff551f,True,1.0,1.0,1.0,1.0,1.0,1.0,1.0
1282,a763369e30305f95,True,1.0,1.0,0.7494934939076343,1.0,1.0,1.0,0.895622289128181
1283,ef0b044d86855ffe,True,1.0,1.0,1.0,1.0,1.0,1.0,1.0
1284,5fadffd02da256e5,True,1.0,1.0,0.7822521685151299,1.0,1.0,1.0,0.9092717368813042
1285,824cd4fff1e25cb4,True,1.0,1.0,0.6279529389111329,1.0,1.0,1.0,0.844980391212972
1286,c2116c7a0b15556d,True,1.0,1.0,0.8962131898756405,1.0,1.0,1.0,0.9567554957815169
1287,2c5ed5662dfb5ee9,True,1.0,1.0,0.9535203734132482,1.0,1.0,1.0,0.9806334889221867
1288,190c8d0cece45af1,True,1.0,1.0,1.0,1.0,1.0,1.0,1.0
1289,c06c4ffcf72653a5,True,1.0,1.0,1.0,1.0,1.0,1.0,1.0
1290,61421159b240530d,True,1.0,1.0,1.0,1.0,1.0,1.0,1.0
1291,99ebd32df2f453f8,True,1.0,1.0,1.0,1.0,1.0,1.0,1.0
1292,73872fdc28995ad6,True,1.0,1.0,0.7600076783866397,1.0,1.0,1.0,0.9000031993277666
1293,35e9a9cf7fb85962,True,1.0,1.0,0.7032701176847106,1.0,1.0,1.0,0.8763625490352961
1294,aa4897ec11395ec8,True,1.0,1.0,0.8859907895779441,1.0,1.0,1.0,0.9524961623241435
1295,f7c57baf089e561b,True,1.0,1.0,1.0,1.0,1.0,1.0,1.0
1296,d577027e9c295bde,True,0.0,0.0,0.0,0.0,1.0,1.0,0.0
1297,52a632acca085891,True,1.0,1.0,0.8893545036118659,1.0,1.0,1.0,0.9538977098382775
1298,ad970e7cae1a5ead,True,1.0,1.0,1.0,1.0,1.0,1.0,1.0
1299,f7a9f82f17b256e2,True,1.0,1.0,0.9094046919346974,1.0,1.0,1.0,0.9622519549727905
1300,b96ea08d168f5a3d,True,1.0,1.0,0.8161198530236521,1.0,1.0,1.0,0.9233832720931883
1301,584c0bd68dbb55e9,True,1.0,1.0,0.7368601275236643,1.0,1.0,1.0,0.8903583864681934
1302,97628f2e9ee55826,True,1.0,1.0,0.7962875710305126,1.0,1.0,1.0,0.9151198212627136
1303,74707039ce5550d1,True,1.0,1.0,0.7850066935803708,1.0,1.0,1.0,0.9104194556584879
1304,89df824d0cfd525e,True,1.0,1.0,0.7169843267767398,1.0,1.0,1.0,0.8820768028236415
1305,4755336a0e225d97,True,1.0,1.0,1.0,1.0,1.0,1.0,1.0
1306,196375ae13835990,True,1.0,1.0,0.9837912577499872,1.0,1.0,1.0,0.993246357395828
1307,a1e8639c17ac5089,True,1.0,1.0,1.0,1.0,1.0,1.0,1.0
1308,9d02128f653455a3,True,1.0,1.0,0.9559038996277381,1.0,1.0,1.0,0.9816266248448908
1309,436728a1202a5ae6,True,1.0,1.0,0.7531235924060193,1.0,1.0,1.0,0.8971348301691747
1310,f16fe36eef2b5157,True,1.0,1.0,1.0,1.0,1.0,1.0,1.0
1311,580004d79c9b53b8,True,1.0,1.0,0.8465260719430096,1.0,1.0,1.0,0.936052529976254
1312,a15ed2f3e39c5c0d,True,1.0,1.0,1.0,1.0,1.0,1.0,1.0
1313,2eb2bc9d3b35584f,True,1.0,1.0,1.0,1.0,1.0,1.0,1.0
1314,5c55fbcddea45f87,True,1.0,1.0,0.494464934864944,1.0,1.0,1.0,0.7893603895270601
1315,55bb551a2aa85849,True,1.0,1.0,0.8636150384546991,1.0,1.0,1.0,0.9431729326894579
1316,90fa31af769c5e8d,True,1.0,1.0,0.8368892608511895,1.0,1.0,1.0,0.932037192021329
1317,62d4c8dfdef65bc5,True,1.0,1.0,0.8502927201490569,1.0,1.0,1.0,0.9376219667287736
1318,a3c54d0e80375911,True,1.0,1.0,1.0,1.0,1.0,1.0,1.0
1319,313a7548b23b5b8f,True,1.0,1.0,0.8296870760913021,1.0,1.0,1.0,0.9290362817047093
1320,a20beaedf66b59f3,True,1.0,1.0,0.8313430891046386,1.0,1.0,1.0,0.9297262871269328
1321,da365ed766db5a6a,True,1.0,1.0,1.0,1.0,1.0,1.0,1.0
1322,80d8679b8c215769,True,1.0,1.0,1.0,1.0,1.0,1.0,1.0
1323,1537a74401845849,True,1.0,1.0,0.652796377716323,1.0,1.0,1.0,0.8553318240484679
1324,508511fd38a15d52,True,1.0,1.0,1.0,1.0,1.0,1.0,1.0
1325,0f78ffea52a85031,True,1.0,1.0,1.0,1.0,1.0,1.0,1.0
1326,2e5997dafce45eb2,True,1.0,1.0,0.7052182214948793,1.0,1.0,1.0,0.8771742589561997
1327,89e02236312d5038,True,1.0,1.0,1.0,1.0,1.0,1.0,1.0
1328,ea1302023ad258ff,True,1.0,1.0,0.7746089227660254,1.0,1.0,1.0,0.9060870511525106
1329,dc0c3446973f56b3,True,1.0,1.0,1.0,1.0,1.0,1.0,1.0
1330,69a4cff1f35655ff,True,1.0,1.0,0.5526387098550862,1.0,1.0,1.0,0.8135994624396193
1331,98b148d419725caa,True,1.0,1.0,0.5799986700011296,1.0,1.0,1.0,0.824999445833804
1332,a6c24c9ca7335016,True,1.0,1.0,1.0,1.0,1.0,1.0,1.0
1333,1407c7f0f32a5738,True,1.0,1.0,1.0,1.0,1.0,1.0,1.0
1334,5396af8f09455852,True,1.0,1.0,0.6011303670120071,1.0,1.0,1.0,0.8338043195883363
1335,e849e6a954285f60,True,1.0,0.0,0.0,1.0,1.0,1.0,0.0
1336,fa919203c245502d,True,1.0,1.0,0.8127281261401023,1.0,1.0,1.0,0.9219700525583759
1337,bb249c2d0c8a568c,True,1.0,1.0,0.8558376510897088,1.0,1.0,1.0,0.939932354620712
1338,1dc437ce152e55fa,True,1.0,1.0,0.7237171632815258,1.0,1.0,1.0,0.8848821513673024
1339,f3e32c06633756e9,True,1.0,1.0,0.7515519588986006,1.0,1.0,1.0,0.8964799828744169
1340,fac7dc214370509e,True,1.0,1.0,0.625845320730515,1.0,1.0,1.0,0.844102216971048
1341,3dc04b54c3515f56,True,1.0,1.0,0.8523716680978073,1.0,1.0,1.0,0.938488195040753
1342,bf4fdfa51e215217,True,1.0,1.0,0.8589372417805734,1.0,1.0,1.0,0.9412238507419056
1343,155c42ad43525252,True,1.0,1.0,0.8599699907645867,1.0,1.0,1.0,0.9416541628185778
1344,3e8b81f8eb205311,True,1.0,1.0,0.7885625980125721,1.0,1.0,1.0,0.9119010825052384
1345,4d718caa6ebc5b37,True,1.0,0.0,0.0,1.0,1.0,1.0,0.0
1346,70b9e5ded0b057d7,True,1.0,1.0,1.0,0.0,1.0,1.0,0.5833333333333334
1347,4ae7296f92115e83,True,1.0,1.0,0.8460439769698631,1.0,1.0,1.0,0.9358516570707763
1348,3f269e7b5ced51fa,True,1.0,1.0,1.0,1.0,1.0,1.0,1.0
1349,e5b0b2c83a395163,True,1.0,1.0,1.0,1.0,1.0,1.0,1.0
1350,116aacf9868e5e4e,True,1.0,1.0,0.9125702753988797,1.0,1.0,1.0,0.9635709480828666
1351,0cbeffce57295a2b,True,1.0,1.0,1.0,1.0,1.0,1.0,1.0
1352,8611c130815150a7,True,1.0,1.0,0.9986164955504143,1.0,1.0,1.0,0.9994235398126726
1353,cdfc50d75d0c56df,True,1.0,1.0,1.0,1.0,1.0,1.0,1.0
1354,69d75ac905035187,True,1.0,1.0,0.8252548954351174,1.0,1.0,1.0,0.9271895397646324
1355,76e0272a57f55674,True,1.0,1.0,0.7674656965168495,1.0,1.0,1.0,0.9031107068820207
1356,f6038d685a4d55b4,True,1.0,1.0,1.0,1.0,1.0,0.5,1.0
1357,dc952092ef6a5243,True,1.0,1.0,0.6592119464560138,1.0,1.0,1.0,0.8580049776900057
1358,c404e4b4b7a455d3,True,0.0,1.0,0.0,0.0,1.0,1.0,0.0
1359,927b73fea33f5218,True,1.0,1.0,0.8928079733742923,1.0,1.0,1.0,0.9553366555726218
1360,b6765fe7ee17596e,True,1.0,1.0,1.0,1.0,1.0,1.0,1.0
1361,c1f712e1aed35216,True,1.0,1.0,0.805799179255457,1.0,1.0,1.0,0.9190829913564403
1362,fd63045289ac5df7,True,1.0,1.0,0.8569104385788933,1.0,1.0,1.0,0.9403793494078722
1363,15715849d362599e,True,1.0,1.0,0.724971297504388,1.0,1.0,1.0,0.8854047072934951
1364,674ebcb39a4d528f,True,1.0,1.0,0.7443811584454875,1.0,1.0,1.0,0.8934921493522864
1365,722ed88251d25420,True,1.0,1.0,0.8910310831162396,1.0,1.0,1.0,0.9545962846317665
1366,79a151c333745253,True,1.0,1.0,0.8616700112346584,1.0,1.0,1.0,0.9423625046811077
1367,409ed084cde5554b,True,1.0,1.0,0.8214811912685024,1.0,1.0,1.0,0.9256171630285426
1368,b2abc819ebf45c11,True,1.0,1.0,0.6641656249489645,1.0,1.0,1.0,0.8600690103954017
1369,9300251ea784552f,True,1.0,1.0,0.927253290411846,0.0,1.0,1.0,0.5530222043382692
1370,238955ab60075940,True,1.0,1.0,0.8295080737858761,1.0,1.0,1.0,0.9289616974107817
1371,993d17cce2685b9a,True,1.0,1.0,0.7788328066138525,1.0,1.0,1.0,0.9078470027557719
1372,95ba88fe9c385123,True,1.0,1.0,1.0,1.0,1.0,1.0,1.0
1373,3882f317a3f55e29,True,1.0,1.0,0.7730765342750326,1.0,1.0,1.0,0.9054485559479303
1374,54e57dfcbf295398,True,1.0,1.0,0.9992415607056367,1.0,1.0,1.0,0.9996839836273486
1375,e77360b1bf605f87,True,1.0,1.0,1.0,1.0,1.0,1.0,1.0
1376,0af3e039185d57f3,True,1.0,1.0,1.0,1.0,1.0,1.0,1.0
1377,d4849a52aaa55a9f,True,1.0,1.0,1.0,1.0,1.0,1.0,1.0
1378,2a49de57fddb59bc,True,1.0,1.0,0.8238785809081923,1.0,1.0,1.0,0.9266160753784135
1379,563ef3c44a5a528e,True,1.0,1.0,0.7496852810360887,1.0,1.0,1.0,0.8957022004317036
1380,6062e3ace278511a,True,1.0,1.0,0.7933257914477105,1.0,1.0,1.0,0.913885746436546
1381,778219f3cac65d35,True,1.0,1.0,0.6872687247610983,1.0,1.0,1.0,0.869695301983791
1382,7e9101f6d01a53e0,True,1.0,1.0,0.5329385876866012,1.0,1.0,1.0,0.8053910782027506
1383,773ae953dba953b4,True,1.0,1.0,0.863139409472848,1.0,1.0,1.0,0.9429747539470199
1384,13fe271547945a97,True,1.0,1.0,1.0,1.0,1.0,1.0,1.0
1385,741d60ca8b7b5cb4,True,0.0,1.0,0.0,0.0,1.0,1.0,0.0
1386,b56a66ac853c56e9,True,1.0,1.0,0.622445566529367,1.0,1.0,1.0,0.8426856527205695
1387,90a14e5bd7cb5f47,True,1.0,1.0,1.0,1.0,1.0,1.0,1.0
1388,69ed5efe731251d0,True,1.0,1.0,0.9034486493093571,1.0,1.0,1.0,0.9597702705455654
1389,3d11d1a35e8f500d,True,1.0,1.0,0.8879239513364797,1.0,1.0,1.0,0.9533016463901999
1390,6578cf959d7f52a7,True,1.0,1.0,0.5359388685292652,1.0,1.0,1.0,0.8066411952205271
1391,5975a1af11e25fe4,True,1.0,1.0,1.0,1.0,1.0,1.0,1.0
1392,f24100a519ef5940,True,1.0,1.0,0.8174341725168557,1.0,1.0,1.0,0.9239309052153565
1393,7bb27993dd475c3d,True,1.0,1.0,1.0,1.0,1.0,1.0,1.0
1394,d7f6204c325d53fe,True,1.0,0.0,0.0,0.0,1.0,1.0,0.0
1395,13848a5be84f5a4a,True,1.0,1.0,0.8464050465138232,1.0,1.0,1.0,0.936002102714093
1396,ff83944cb2845479,True,1.0,1.0,0.9515318510938454,1.0,1.0,1.0,0.9798049379557691
1397,3f6732f66f695405,True,1.0,0.0,0.0,1.0,1.0,1.0,0.0
1398,12177b43d67d51a7,True,1.0,1.0,1.0,1.0,1.0,1.0,1.0
1399,3d8f52b9bae25a90,True,1.0,1.0,0.607843463848294,1.0,1.0,1.0,0.8366014432701224
1400,d81c4398a40b52b9,True,1.0,1.0,0.7957549342656657,1.0,1.0,1.0,0.9148978892773606
1401,c3ace87d2f985eaa,True,1.0,1.0,0.8212962061371105,1.0,1.0,1.0,0.9255400858904627
1402,e05b464c21d0597d,True,1.0,1.0,1.0,1.0,1.0,1.0,1.0
1403,d94a8579682651b4,True,1.0,1.0,1.0,1.0,1.0,1.0,1.0
1404,84d10a502c1b5a74,True,1.0,1.0,1.0,1.0,1.0,1.0,1.0
1405,943c308c85d25ee5,True,1.0,1.0,0.7655426119327291,1.0,1.0,1.0,0.9023094216386371
1406,c75331b9d30957a1,True,1.0,1.0,0.9712206237913832,0.0,1.0,1.0,0.571341926579743
1407,a460a03aab635f35,True,1.0,0.0,0.0,1.0,1.0,1.0,0.0
1408,82ee38a271b15bb1,True,1.0,0.0,0.0,1.0,1.0,1.0,0.0
1409,3d0c780c0aba552e,True,1.0,1.0,1.0,1.0,1.0,1.0,1.0
1410,5ad705654fd3547d,True,1.0,1.0,0.8097499439091882,1.0,1.0,1.0,0.9207291432954952
1411,2e883a72b2895d7c,True,1.0,1.0,1.0,1.0,1.0,1.0,1.0
1412,2c978eb63fec5d2a,True,1.0,1.0,0.8685206975229053,1.0,1.0,1.0,0.9452169573012105
1413,3fe4d3672285579c,True,1.0,1.0,0.9670797735269114,1.0,1.0,1.0,0.9862832389695465
1414,5517642e588e59d0,True,1.0,1.0,0.622448772850845,1.0,1.0,1.0,0.8426869886878521
1415,0d77009a20f25175,True,1.0,1.0,0.95544762914995,1.0,1.0,1.0,0.9814365121458124
1416,61573a0820cc553a,True,1.0,1.0,0.7254829814783116,1.0,1.0,1.0,0.8856179089492965
1417,9c63a8a78f3251d3,True,1.0,1.0,1.0,1.0,1.0,1.0,1.0
1418,f8191af1aab95906,True,1.0,1.0,1.0,1.0,1.0,1.0,1.0
1419,f9a9b5ee707e501e,True,0.0,1.0,0.0,0.0,1.0,0.5,0.0
1420,e8e01645fcde5b8e,True,1.0,1.0,1.0,0.0,1.0,1.0,0.5833333333333334
1421,878665ca715b53d3,True,1.0,1.0,0.9558205055580447,1.0,1.0,1.0,0.9815918773158518
1422,7c4757c2c9675f2b,True,1.0,0.0,0.0,1.0,1.0,0.0,0.0
1423,0000548db87959c2,True,1.0,1.0,0.62321707571152,1.0,1.0,1.0,0.8430071148798
1424,9170b75b8a3f527f,True,1.0,0.0,0.0,1.0,1.0,1.0,0.0
1425,ae02e969e8595cca,True,1.0,1.0,0.7922899300568246,1.0,1.0,1.0,0.913454137523677
1426,373abe824b3052a0,True,1.0,1.0,0.954685124257944,1.0,1.0,1.0,0.9811188017741435
1427,150bfebecc525d57,True,1.0,1.0,1.0,1.0,1.0,1.0,1.0
1428,290a914d4ef15443,True,1.0,1.0,0.8347713068804342,1.0,1.0,1.0,0.9311547112001809
1429,6d66b095f93750f7,True,1.0,1.0,0.9914731165124149,0.0,1.0,1.0,0.5797804652135062
1430,55a8886514eb5c1b,True,1.0,1.0,1.0,1.0,1.0,1.0,1.0
1431,d5116f0d75b4549d,True,1.0,1.0,1.0,1.0,1.0,1.0,1.0
1432,e6e40103bfcb539e,True,1.0,1.0,0.8042219048533159,1.0,1.0,1.0,0.9184257936888817
1433,f34af4dbbbd35a23,True,1.0,1.0,1.0,1.0,1.0,1.0,1.0
1434,ec3c0587b1775b7c,True,1.0,1.0,0.798697547622556,1.0,1.0,1.0,0.916123978176065
1435,08ebfd6fbc145517,True,1.0,1.0,0.91471964024341,1.0,1.0,1.0,0.9644665167680874
1436,48321ca34be254e5,True,1.0,1.0,0.7494416643269373,1.0,1.0,1.0,0.8956006934695573
1437,71dedbc865b25faf,True,1.0,1.0,0.8647752134593373,1.0,1.0,1.0,0.9436563389413907
1438,d496c44726c35e33,True,1.0,1.0,1.0,1.0,1.0,1.0,1.0
1439,af5f095a4d815525,True,1.0,1.0,1.0,1.0,1.0,1.0,1.0
1440,2f23d31a3ddf5de9,True,1.0,1.0,1.0,1.0,1.0,1.0,1.0
1441,fccef3d0f5cc5d8e,True,1.0,1.0,1.0,1.0,1.0,1.0,1.0
1442,1b5a55897d2950f9,True,1.0,1.0,0.7550850474513409,1.0,1.0,0.5,0.8979521031047254
1443,7b8d8487706f501e,True,0.0,1.0,0.0,0.0,1.0,1.0,0.0
1444,d84b338d48335e67,True,1.0,1.0,0.7238975985779029,1.0,1.0,0.5,0.8849573327407928
1445,48762908e4705b55,True,1.0,1.0,0.8171719275998924,1.0,1.0,1.0,0.9238216364999552
1446,a988872adfe45a71,True,1.0,1.0,1.0,1.0,1.0,1.0,1.0
1447,47e0ff3bc36a5f69,True,1.0,1.0,0.5335833669365001,1.0,1.0,1.0,0.8056597362235417
1448,ffe92084016a5795,True,1.0,1.0,0.5087679641954382,1.0,1.0,1.0,0.7953199850814325
1449,9bfa838de21f5d25,True,1.0,1.0,0.7888581333362376,1.0,1.0,1.0,0.9120242222234323
1450,92c6df44cf055882,True,1.0,1.0,0.6459566359527789,1.0,1.0,1.0,0.8524819316469912
1451,b5be372c45f05a96,True,1.0,1.0,0.8135732134929003,1.0,1.0,1.0,0.9223221722887085
1452,d68601dbb9d45f6b,True,1.0,0.0,0.0,1.0,1.0,1.0,0.0
1453,2d578825c3a8565f,True,1.0,1.0,0.9141231798625192,1.0,1.0,1.0,0.964217991609383
1454,9af711dfa6eb5952,True,1.0,1.0,1.0,1.0,1.0,1.0,1.0
1455,9334f5a33c07587a,True,1.0,1.0,0.7404298944251038,1.0,1.0,1.0,0.8918457893437933
1456,d1d1cb2c2a5b5a29,True,1.0,1.0,0.8048363734901308,1.0,1.0,1.0,0.9186818222875545
1457,892f8a0d37dd5af3,True,1.0,1.0,0.9379692276637073,1.0,1.0,1.0,0.974153844859878
1458,32e457e686675618,True,1.0,1.0,0.8857046349978677,1.0,1.0,1.0,0.9523769312491116
1459,3257b4f1ac7e5b62,True,1.0,1.0,0.7975886164117851,1.0,1.0,1.0,0.9156619235049105
1460,4109b79d84ea5053,True,1.0,0.0,0.0,1.0,1.0,1.0,0.0
1461,6239cdb801bc51c2,True,1.0,1.0,0.6897444812115945,1.0,1.0,1.0,0.8707268671714976
1462,ecdc079932755e4e,True,1.0,1.0,0.8831733487949806,1.0,1.0,1.0,0.9513222286645752
1463,4f8fc653ac98588e,True,1.0,1.0,1.0,1.0,1.0,1.0,1.0
1464,e45aa663bd0756d9,True,1.0,0.0,0.0,1.0,1.0,1.0,0.0
1465,b4899f9464d058f2,True,1.0,1.0,0.7842014881400626,1.0,1.0,1.0,0.9100839533916928
1466,4e1193a7697853ba,True,1.0,1.0,0.8452200861601846,1.0,1.0,1.0,0.9355083692334102
1467,db601036b2fb58d7,True,1.0,1.0,1.0,1.0,1.0,1.0,1.0
1468,1712f51cf5df564a,True,1.0,1.0,0.8948797573338647,1.0,1.0,1.0,0.9561998988891102
1469,662212c87d0d5b09,True,1.0,1.0,0.7895102608792777,1.0,1.0,1.0,0.9122959420330323
1470,765dacfed4925185,True,1.0,1.0,1.0,1.0,1.0,1.0,1.0
1471,02e3e6d3ecfc5240,True,1.0,1.0,0.7081119653703695,1.0,1.0,1.0,0.8783799855709873
1472,7ed4005bb9385a16,True,1.0,1.0,0.8799373609727443,1.0,1.0,1.0,0.9499739004053102
1473,676880c7e31252c0,True,1.0,1.0,0.6056162384371381,1.0,1.0,1.0,0.8356734326821408
1474,f2dd261c41755967,True,1.0,1.0,0.8026583963300806,1.0,1.0,1.0,0.9177743318042003
1475,513a97511d135ebd,True,1.0,1.0,0.870400965131617,1.0,1.0,1.0,0.9460004021381737
1476,2ad9640eb724590d,True,1.0,1.0,0.7116941770343568,1.0,1.0,1.0,0.8798725737643153
1477,5ab14dca42a058d9,True,1.0,1.0,0.8787822603464556,1.0,1.0,1.0,0.9494926084776898
1478,501de4adcf415443,True,1.0,1.0,0.854399945472466,1.0,1.0,1.0,0.9393333106135274
1479,9116e9726a6f59cb,True,1.0,1.0,0.8881288199915576,1.0,1.0,1.0,0.9533870083298156
1480,8f60912c624e5f5f,True,1.0,1.0,1.0,0.0,1.0,0.0,0.5833333333333334
1481,9d69a0f2f73f5035,True,1.0,1.0,0.9646252558821641,1.0,1.0,1.0,0.985260523284235
1482,e9ed7dbcb6365ea2,True,1.0,1.0,0.874869496409449,1.0,1.0,1.0,0.9478622901706037
1483,4dd817ed8b515ab1,True,1.0,1.0,0.9645938730571277,1.0,1.0,1.0,0.9852474471071365
1484,a03c5e53159f54c3,True,1.0,1.0,0.9936373594755565,1.0,1.0,1.0,0.9973488997814819
1485,f980b34746d45868,True,1.0,1.0,0.8325046181177572,1.0,1.0,1.0,0.9302102575490655
1486,29d982d97d135311,True,1.0,1.0,0.9400921724958163,1.0,1.0,1.0,0.9750384052065901
1487,c32ae6a1954651ec,True,1.0,1.0,0.852116841887067,1.0,1.0,1.0,0.9383820174529447
1488,8cbe3bf8cf9c5718,True,1.0,1.0,0.8892474041745695,1.0,1.0,1.0,0.9538530850727373
1489,ed98a4566ea95092,True,1.0,1.0,1.0,1.0,1.0,1.0,1.0
1490,1677503060a95d4a,True,1.0,1.0,0.8021461025730053,1.0,1.0,1.0,0.9175608760720856
1491,1893fb783df95146,True,1.0,1.0,1.0,1.0,1.0,1.0,1.0
1492,7c7ce7ea08b15930,True,1.0,1.0,0.7852097735100336,1.0,1.0,1.0,0.9105040722958474
1493,54fbc5743190519c,True,1.0,1.0,1.0,1.0,1.0,0.0,1.0
1494,b6b0722747565854,True,1.0,1.0,0.9065736958816317,1.0,1.0,1.0,0.9610723732840132
1495,bf478a1422445c12,True,1.0,1.0,0.7567512030820885,1.0,1.0,1.0,0.898646334617537
1496,373707159e77583c,True,1.0,1.0,0.8917143222534957,1.0,1.0,1.0,0.9548809676056232
1497,602c93fe201356c2,True,1.0,1.0,1.0,1.0,1.0,1.0,1.0
1498,f36dbc258c8b5e17,True,1.0,1.0,1.0,1.0,1.0,1.0,1.0
1499,4a4316b978495bba,True,1.0,1.0,0.8110755080388632,1.0,1.0,1.0,0.9212814616828596
1500,46320fa2dc795a5a,True,1.0,1.0,1.0,1.0,1.0,1.0,1.0
1501,4a55d9d08b7752e8,True,1.0,1.0,0.6394703557622837,1.0,1.0,1.0,0.8497793149009515
1502,d20a475e7b1956bf,True,1.0,1.0,1.0,1.0,1.0,1.0,1.0
1503,ef5dcc2415915678,True,1.0,1.0,0.9741760286368217,1.0,1.0,1.0,0.9892400119320092
1504,5444d6dfc06559c3,True,1.0,1.0,1.0,1.0,1.0,1.0,1.0
1505,a30baeb5294658b3,True,1.0,0.0,0.0,1.0,1.0,1.0,0.0
1506,b2e27f20100b54ba,True,1.0,1.0,0.7770794513666204,1.0,1.0,1.0,0.9071164380694251
1507,59c3714116c25a7c,True,1.0,0.0,0.0,1.0,1.0,1.0,0.0
1508,a96abad3a09753c5,True,1.0,1.0,0.01582187899283741,1.0,1.0,1.0,0.5899257829136823
1509,e6be0f4d0dc351d0,True,1.0,1.0,1.0,1.0,1.0,1.0,1.0
1510,4899341a782f5409,True,1.0,1.0,1.0,1.0,1.0,1.0,1.0
1511,5be54baed8b35bd7,True,1.0,1.0,1.0,1.0,1.0,1.0,1.0
1512,5dbf07df40a55d2e,True,1.0,1.0,1.0,1.0,1.0,1.0,1.0
1513,e3ee2f8d1057557d,True,1.0,1.0,0.770813654213045,1.0,1.0,1.0,0.9045056892554354
1514,efb87bb3ff675f08,True,1.0,1.0,0.7671961606586645,1.0,1.0,0.0,0.9029984002744436
1515,f9b3a9c625905d77,True,1.0,1.0,0.9715362273555308,1.0,1.0,1.0,0.9881400947314711
1516,50b72b9404da516c,True,1.0,1.0,1.0,1.0,1.0,1.0,1.0
1517,d21b22d6c0405ad7,True,1.0,0.0,0.0,1.0,1.0,1.0,0.0
1518,ad5284a6be715f10,True,1.0,1.0,0.885910623369235,1.0,1.0,1.0,0.9524627597371813
1519,236914bd075052ca,True,1.0,1.0,0.8087136307409467,1.0,1.0,1.0,0.920297346142061
1520,3febbde773f15b51,True,1.0,1.0,1.0,1.0,1.0,1.0,1.0
1521,71bacc65bda2569c,True,1.0,1.0,0.8423364908468184,1.0,1.0,1.0,0.9343068711861743
1522,7272f8ee7e64591e,True,1.0,1.0,0.766190808054717,1.0,1.0,1.0,0.9025795033561321
1523,79c024b87e175129,True,1.0,1.0,0.9792223622249946,1.0,1.0,1.0,0.9913426509270811
1524,b3a00387265a5cdc,True,1.0,1.0,1.0,1.0,1.0,1.0,1.0
1525,d745bef1cebc52e7,True,1.0,1.0,1.0,1.0,1.0,1.0,1.0
1526,5806eb348e3250d9,True,1.0,1.0,0.9703451452798095,1.0,1.0,0.0,0.987643810533254
1527,6c81fef5b490580a,True,1.0,1.0,0.8466968832963233,1.0,1.0,0.0,0.936123701373468
1528,e35a803202875fa0,True,1.0,1.0,0.8401206787091591,1.0,1.0,1.0,0.9333836161288162
1529,11811a7320ab58db,True,1.0,1.0,1.0,1.0,1.0,1.0,1.0
1530,eb5ef679c80959fe,True,1.0,1.0,1.0,1.0,1.0,1.0,1.0
1531,acd0bceedc6852c2,True,1.0,1.0,0.4889254386895146,1.0,1.0,1.0,0.7870522661206311
1532,fbc91394092b5dbb,True,1.0,1.0,0.7797569214414333,1.0,1.0,1.0,0.9082320506005971
1533,9157afe90f035621,True,1.0,1.0,1.0,1.0,1.0,1.0,1.0
1534,614cdeb09cc25923,True,1.0,1.0,0.9400654798557697,1.0,1.0,1.0,0.9750272832732373
1535,a452d968db965d77,True,1.0,1.0,0.8621043783681548,1.0,1.0,1.0,0.9425434909867313
1536,f11cf1d1b58454d8,True,1.0,1.0,0.8184123831006802,1.0,1.0,1.0,0.9243384929586167
1537,4543b41a1fec5a97,True,1.0,1.0,0.9116460550257283,1.0,1.0,1.0,0.9631858562607202
1538,5004df3161065742,True,1.0,1.0,0.6836167840510059,1.0,1.0,1.0,0.8681736600212524
1539,7b263d7980f55503,True,1.0,1.0,0.9770199014247963,1.0,1.0,1.0,0.9904249589269986
1540,6884907db45c5cad,True,1.0,1.0,0.999267682454477,1.0,1.0,1.0,0.9996948676893654
1541,45845be1b56d59c7,True,1.0,1.0,1.0,1.0,1.0,1.0,1.0
1542,0ba42ee3c2555502,True,1.0,1.0,0.7097224596797082,1.0,1.0,1.0,0.8790510248665452
1543,ffde3cc525b75021,True,1.0,0.0,0.0,1.0,1.0,0.5,0.0
1544,36650ce9087150de,True,1.0,1.0,0.7171111425754843,1.0,1.0,1.0,0.8821296427397852
1545,30187e714d065b0b,True,1.0,1.0,0.8654094942919182,1.0,1.0,1.0,0.9439206226216325
1546,1809a28a46465129,True,1.0,1.0,1.0,1.0,1.0,1.0,1.0
1547,4acd373578e357d1,True,1.0,1.0,0.6556241227897112,1.0,1.0,1.0,0.8565100511623797
1548,ab9a263dea175465,True,1.0,1.0,0.7291861802741776,1.0,1.0,1.0,0.8871609084475741
1549,fbe0e54ef79254bb,True,1.0,1.0,0.6219982092572748,1.0,1.0,1.0,0.8424992538571979
1550,65cf19209dc55631,True,1.0,1.0,0.3626410181804774,1.0,1.0,1.0,0.7344337575751988
1551,ec3a67acceec55cc,True,1.0,1.0,1.0,1.0,1.0,1.0,1.0
1552,86e394f2cb345082,True,1.0,1.0,1.0,1.0,1.0,1.0,1.0
1553,97b1ea53fad65625,True,1.0,1.0,0.9801769897586009,1.0,1.0,1.0,0.991740412399417
1554,aa84169dd1f3538d,True,1.0,1.0,1.0,1.0,1.0,1.0,1.0
1555,8bb7091fe0d959fc,True,1.0,1.0,1.0,1.0,1.0,1.0,1.0
1556,4eaf35cea96d5dd9,True,1.0,1.0,0.7049916831541186,1.0,1.0,1.0,0.8770798679808828
1557,6387e5c4dd2f5e2a,True,1.0,1.0,0.7656418810633097,1.0,1.0,1.0,0.9023507837763791
1558,61d847c3a95f5032,True,1.0,1.0,0.8627705384661667,1.0,1.0,1.0,0.9428210576942361
1559,d0785c050c1350e7,True,1.0,1.0,1.0,1.0,1.0,1.0,1.0
1560,fe2270288c1d5628,True,1.0,1.0,0.8947505150909628,1.0,1.0,1.0,0.9561460479545678
1561,0c8b9f08bfa25dc2,True,1.0,1.0,1.0,1.0,0.0,1.0,0.8333333333333334
1562,bb4ca2b147d35b62,True,1.0,0.0,0.0,1.0,1.0,1.0,0.0
1563,257773cfd41d59d5,True,1.0,1.0,0.8496537263357777,1.0,1.0,1.0,0.937355719306574
1564,a25c025ea58d5409,True,1.0,1.0,0.9443535595533814,1.0,1.0,1.0,0.9768139831472422
1565,0dc3dee5c8815a90,True,1.0,1.0,1.0,1.0,1.0,1.0,1.0
1566,40d24af6505f50c9,True,1.0,1.0,0.4935065349498709,1.0,1.0,1.0,0.7889610562291128
1567,bf1064685f045d97,True,1.0,0.0,0.0,1.0,1.0,1.0,0.0
1568,9897a102ee075dee,True,1.0,1.0,0.8292584573363327,1.0,1.0,1.0,0.9288576905568053
1569,30638699ab8e575c,True,1.0,1.0,1.0,1.0,1.0,1.0,1.0
1570,b999dd3826b058a7,True,1.0,1.0,0.6217424393994875,1.0,1.0,1.0,0.8423926830831198
1571,505e82147a375933,True,1.0,1.0,1.0,0.0,1.0,1.0,0.5833333333333334
1572,ab66df989bcc56aa,True,1.0,1.0,0.9871595677238538,1.0,1.0,1.0,0.9946498198849391
1573,0e27333e64a45dfb,True,1.0,1.0,0.8132342046800799,1.0,1.0,1.0,0.9221809186167
1574,34cc387cf0335f28,True,1.0,1.0,0.8861275424703486,1.0,1.0,1.0,0.9525531426959786
1575,674e6f0f529a51f7,True,1.0,1.0,0.6515610585999312,1.0,1.0,1.0,0.8548171077499713
1576,c68108211dfa57e0,True,1.0,1.0,0.5938977286349282,1.0,1.0,1.0,0.8307907202645534
1577,b14ac3255b3b520b,True,1.0,1.0,1.0,1.0,1.0,1.0,1.0
1578,a5b6e054384c586c,True,1.0,1.0,0.5248367898940005,1.0,1.0,1.0,0.8020153291225002
1579,5b61b9072cad5dbc,True,1.0,1.0,0.9746236652204933,1.0,1.0,1.0,0.9894265271752056
1580,a8afec520f035a68,True,1.0,1.0,0.8014714156458747,1.0,1.0,1.0,0.9172797565191143
1581,b04c892043a352d3,True,1.0,1.0,1.0,1.0,1.0,1.0,1.0
1582,6d7754fdda3a50a6,True,1.0,1.0,0.9120651023555394,1.0,1.0,1.0,0.9633604593148082
1583,df2ed02abeba57fe,True,1.0,1.0,0.9957331880898382,1.0,1.0,1.0,0.9982221617040992
1584,a4ba9521736a59f9,True,1.0,1.0,0.9375796258335257,1.0,1.0,1.0,0.9739915107639691
1585,3ae409424da65443,True,1.0,1.0,1.0,1.0,1.0,1.0,1.0
1586,d6b5646287065fa8,True,1.0,1.0,0.7049045774693038,1.0,1.0,1.0,0.8770435739455432
1587,2783db04f9b05383,True,1.0,1.0,0.971753983124387,1.0,1.0,1.0,0.9882308263018279
1588,3b6fb25a1e725f29,True,1.0,1.0,1.0,1.0,1.0,1.0,1.0
1589,1666152446cc5da7,True,1.0,1.0,0.7943670684467014,1.0,1.0,1.0,0.9143196118527923
1590,26c48df074d151c6,True,0.0,1.0,0.0,0.0,1.0,1.0,0.0
1591,85b2b3fc929a5800,True,1.0,0.0,0.0,1.0,1.0,1.0,0.0
1592,deae4b3cac52513c,True,1.0,1.0,0.8572826352955986,1.0,1.0,1.0,0.9405344313731661
1593,20a6e330d8f1571b,True,1.0,1.0,1.0,1.0,1.0,0.0,1.0
1594,4127ff2cfd615955,True,1.0,1.0,1.0,0.0,1.0,1.0,0.5833333333333334
1595,70e6b8db27e55b53,True,1.0,1.0,1.0,1.0,1.0,1.0,1.0
1596,dcd3886f044a5e29,True,1.0,1.0,0.857335887453766,1.0,1.0,1.0,0.9405566197724026
1597,6dd2d5f52cc55546,True,1.0,1.0,0.9656653479977325,1.0,1.0,1.0,0.9856938949990552
1598,607fd9c5903d5376,True,1.0,1.0,0.9003314666910643,1.0,1.0,0.5,0.9584714444546102
1599,9b16e4fea2c25446,True,1.0,1.0,0.8597089064473922,1.0,1.0,1.0,0.9415453776864133
1600,ec097e80d5565caa,True,1.0,1.0,0.16466394558768263,1.0,1.0,1.0,0.6519433106615344
1601,54d1762cf973535b,True,1.0,1.0,0.9618886273574088,1.0,1.0,1.0,0.9841202613989203
1602,ae05160436d45a62,True,1.0,0.0,0.0,1.0,1.0,1.0,0.0
1603,06f604b0d4835371,True,1.0,1.0,0.840460234193365,1.0,1.0,1.0,0.9335250975805688
1604,42b065f7e76d50ed,True,1.0,1.0,1.0,1.0,1.0,1.0,1.0
1605,110bec4c6d2153d7,True,1.0,1.0,0.8529858391514664,1.0,1.0,1.0,0.9387440996464443
1606,5e8d717cc46a5988,True,1.0,1.0,1.0,1.0,1.0,1.0,1.0
1607,d978a6878e7b5e8b,True,1.0,1.0,1.0,1.0,1.0,1.0,1.0
1608,c73914d4fedc513f,True,1.0,1.0,0.8534104272096708,1.0,1.0,1.0,0.9389210113373627
1609,3f19f97d980754f7,True,1.0,1.0,0.8901739970082577,1.0,1.0,1.0,0.9542391654201073
1610,d46f1077421c5c75,True,1.0,1.0,0.9701715407954099,1.0,1.0,1.0,0.9875714753314208
1611,1c8804a52fc0553c,True,1.0,1.0,1.0,1.0,1.0,1.0,1.0
1612,e6c8f0c4aaea52d7,True,1.0,1.0,1.0,1.0,1.0,1.0,1.0
1613,4256146a0b765876,True,1.0,1.0,1.0,1.0,1.0,1.0,1.0
1614,10d9d6d0ad405b9d,True,1.0,1.0,0.8729243700678123,1.0,1.0,1.0,0.9470518208615886
1615,66f8bdd077ff5fc3,True,1.0,1.0,0.9003984967198082,1.0,1.0,1.0,0.9584993736332534
1616,23d0ae8aedf8537b,True,1.0,1.0,0.9705038906784477,1.0,1.0,1.0,0.9877099544493532
1617,6a66294fe97f54db,True,1.0,1.0,0.8595096444035251,1.0,1.0,1.0,0.9414623518348021
1618,32a73ed06daa5b0e,True,1.0,1.0,0.8861395097317027,1.0,1.0,1.0,0.9525581290548762
1619,47ece51118f95d1d,True,1.0,1.0,1.0,1.0,1.0,1.0,1.0
1620,0a7ed373b7de5037,True,1.0,0.0,0.0,1.0,1.0,1.0,0.0
1621,621a9591a97758b8,True,1.0,1.0,0.6922578427421008,1.0,1.0,1.0,0.8717741011425421
1622,3d6703caa0c951a8,True,1.0,1.0,0.8961654828883845,1.0,1.0,1.0,0.9567356178701601
1623,d01fec804cd45644,True,1.0,1.0,0.6609391996684183,1.0,1.0,1.0,0.8587246665285075
1624,6916caadd44a5806,True,0.5,1.0,0.40755313315012115,0.0,1.0,1.0,0.1682402360729419
1625,f606d0e6eda7549a,True,1.0,1.0,1.0,1.0,1.0,1.0,1.0
1626,dd1ab5d48c6358ef,True,1.0,1.0,0.7538593734322625,1.0,1.0,1.0,0.897441405596776
1627,ab51ce190cca5673,True,1.0,1.0,0.776509676566753,1.0,1.0,1.0,0.9068790319028137
1628,49a747ca28cd5d5f,True,1.0,0.0,0.0,1.0,1.0,1.0,0.0
1629,4014296da6f75079,True,1.0,1.0,1.0,1.0,1.0,1.0,1.0
1630,bbd85b27fa465894,True,1.0,1.0,1.0,1.0,0.0,1.0,0.8333333333333334
1631,7328fe7f857051ea,True,1.0,1.0,1.0,1.0,1.0,1.0,1.0
1632,bd4dac2ccde55c08,True,1.0,1.0,0.7969501400608869,1.0,1.0,1.0,0.9153958916920363
1633,910c4dd3f1ec51b1,True,1.0,1.0,1.0,1.0,1.0,1.0,1.0
1634,7f890846214d583a,True,1.0,1.0,0.7273627604803832,1.0,1.0,1.0,0.8864011502001596
1635,34e7c93be2465f25,True,1.0,1.0,0.5487881763221428,1.0,1.0,1.0,0.8119950734675595
1636,87da3996575459a8,True,1.0,1.0,0.6203499811798893,1.0,1.0,1.0,0.8418124921582871
1637,20403b65d87d5e5a,True,1.0,1.0,1.0,1.0,1.0,1.0,1.0
1638,35dbc03efb3c5f00,True,1.0,1.0,1.0,1.0,1.0,1.0,1.0
1639,d1cf48dea57f5d2a,True,1.0,1.0,1.0,1.0,1.0,1.0,1.0
1640,b4afab5329e95368,True,1.0,1.0,0.9237895185851954,1.0,1.0,1.0,0.9682456327438315
1641,fb5265ab37085422,True,1.0,1.0,0.9834868308802255,1.0,1.0,1.0,0.9931195128667607
1642,994db6ebee835fbd,True,1.0,1.0,1.0,1.0,1.0,1.0,1.0
1643,a97ceb2edd0251f9,True,1.0,1.0,0.9511324650737918,1.0,1.0,1.0,0.97963852711408
1644,d5b37b79dde85eb1,True,1.0,1.0,0.7059666532687374,1.0,1.0,1.0,0.8774861055286406
1645,18c781197c445d64,True,1.0,1.0,1.0,1.0,1.0,1.0,1.0
1646,97f7a14f8a835f59,True,1.0,1.0,1.0,1.0,1.0,1.0,1.0
1647,ee53e7213c995a0b,True,1.0,1.0,1.0,1.0,1.0,1.0,1.0
1648,81917c1e1a9b5cdc,True,1.0,1.0,0.9590696724904214,1.0,1.0,1.0,0.9829456968710089
1649,36b4b6d6e4745071,True,1.0,1.0,0.8855740951158696,1.0,1.0,1.0,0.9523225396316123
1650,29c5b3febc2f5704,True,1.0,1.0,0.858347292525001,1.0,1.0,1.0,0.9409780385520837
1651,e0164d976037592c,True,1.0,1.0,0.8355752293645806,1.0,1.0,1.0,0.9314896789019086
1652,6021973f81a75e0b,True,1.0,1.0,0.72022128891736,1.0,1.0,1.0,0.8834255370489
1653,c763328b4b3855b6,True,1.0,1.0,0.9727645786575388,1.0,1.0,1.0,0.9886519077739745
1654,1eff566e627f56b9,True,1.0,1.0,0.8759820068057674,1.0,1.0,1.0,0.9483258361690697
1655,e59a5171c33c5af9,True,0.0,1.0,0.0,0.0,1.0,1.0,0.0
1656,f158576757e95c31,True,1.0,1.0,0.82693163002483,1.0,1.0,1.0,0.9278881791770125
1657,28113a97a08b5ff1,True,1.0,1.0,1.0,1.0,1.0,1.0,1.0
1658,008d6e3394a65c1f,True,1.0,1.0,1.0,1.0,1.0,1.0,1.0
1659,e55bd804e572502a,True,1.0,1.0,0.8553687832922248,1.0,1.0,1.0,0.939736993038427
1660,26710ebfab6d528c,True,1.0,1.0,1.0,1.0,1.0,0.5,1.0
1661,53414ba6577d5923,True,1.0,1.0,0.7136745737595722,1.0,1.0,1.0,0.8806977390664885
1662,979fc47b4f245a9c,True,1.0,1.0,1.0,1.0,1.0,1.0,1.0
1663,c680cd635f095d1c,True,1.0,1.0,1.0,1.0,1.0,1.0,1.0
1664,f72d2f080fe35910,True,1.0,1.0,0.7937911595082456,1.0,1.0,1.0,0.9140796497951023
1665,31811172f43c5188,True,0.0,1.0,0.0,1.0,1.0,1.0,0.0
1666,6894aab92b0058dd,True,1.0,1.0,1.0,1.0,1.0,1.0,1.0
1667,e3ef42c62ba2595b,True,1.0,1.0,1.0,1.0,1.0,1.0,1.0
1668,9b88dfaff2615c83,True,1.0,1.0,0.7838807867134217,1.0,1.0,1.0,0.9099503277972589
1669,734ef653644c55b9,True,1.0,1.0,0.9732067110596602,0.0,1.0,0.0,0.572169462941525
1670,8067c4f48fe45421,True,1.0,1.0,0.8287721366798083,1.0,1.0,1.0,0.92865505694992
1671,4dde36d102a4526b,True,1.0,1.0,1.0,1.0,1.0,1.0,1.0
1672,af052c91de0f5295,True,1.0,1.0,1.0,1.0,1.0,1.0,1.0
1673,a312f24a197d530c,True,1.0,1.0,0.8797113139361251,1.0,1.0,1.0,0.9498797141400521
1674,6aaf052582e35b0c,True,1.0,1.0,1.0,1.0,1.0,1.0,1.0
1675,c2072dd6a3f85da0,True,1.0,1.0,0.5658001076191914,1.0,1.0,1.0,0.8190833781746631
1676,b5cb26f114e3558e,True,1.0,1.0,0.8518598914409948,1.0,1.0,1.0,0.9382749547670812
1677,c4fbbd685a1953c5,True,1.0,1.0,0.7312368391943489,1.0,1.0,1.0,0.888015349664312
1678,33c738c5f199510e,True,1.0,1.0,0.9661050612568025,1.0,1.0,1.0,0.9858771088570011
1679,e805310ff3055efa,True,1.0,1.0,1.0,1.0,1.0,1.0,1.0
1680,269e03fbbb4c5856,True,1.0,1.0,1.0,1.0,1.0,1.0,1.0
1681,e0522da7328d5c9e,True,1.0,1.0,0.8354699141560884,1.0,1.0,1.0,0.9314457975650369
1682,24e06c38547d5976,True,1.0,1.0,1.0,1.0,1.0,1.0,1.0
1683,5218653349a6502a,True,1.0,1.0,0.8140313129204975,1.0,1.0,1.0,0.9225130470502073
1684,81935f2cb7d45945,True,1.0,1.0,0.942924141370949,1.0,1.0,1.0,0.9762183922378954
1685,10779d3fd7815d2f,True,1.0,0.0,0.0,1.0,1.0,1.0,0.0
1686,7ceb065003f25449,True,1.0,1.0,1.0,1.0,1.0,1.0,1.0
1687,b5f57f5a6b5b5244,True,1.0,1.0,0.5707429108813084,1.0,1.0,1.0,0.8211428795338785
1688,4b3c6a95987c552d,True,1.0,1.0,1.0,1.0,1.0,1.0,1.0
1689,4fbe9cf1d64d58ef,True,1.0,1.0,1.0,1.0,1.0,1.0,1.0
1690,9790b7cbcd1a5203,True,1.0,1.0,0.7268717977644482,1.0,1.0,1.0,0.8861965824018534
1691,88152114a47d5175,True,1.0,1.0,1.0,1.0,1.0,1.0,1.0
1692,8fc41f783d475448,True,1.0,1.0,1.0,1.0,1.0,1.0,1.0
1693,4711d15a356a54e9,True,1.0,1.0,0.9523347071630723,1.0,1.0,1.0,0.9801394613179468
1694,a2978bba82bd5751,True,1.0,1.0,1.0,1.0,1.0,0.5,1.0
1695,ad34e2d0d3865530,True,1.0,1.0,0.6922611831816784,1.0,1.0,1.0,0.871775492992366
1696,df30f32cd2ee5633,True,1.0,1.0,1.0,1.0,1.0,1.0,1.0
1697,d24604c7af87524f,True,1.0,1.0,0.7852462905421806,1.0,1.0,1.0,0.9105192877259086
1698,a5f5f03bc998578d,True,1.0,1.0,0.9028279224233015,1.0,1.0,1.0,0.9595116343430422
1699,3c7319cc63ab58c9,True,1.0,1.0,0.9739526926911145,1.0,1.0,1.0,0.9891469552879645
1700,12ca80cc0d575578,True,1.0,1.0,1.0,1.0,1.0,1.0,1.0
1701,cd284af1ade75426,True,1.0,1.0,0.7994261757585767,1.0,1.0,1.0,0.9164275732327404
1702,2f482e2df2565b82,True,1.0,1.0,0.8533679995694695,0.0,1.0,1.0,0.522236666487279
1703,692bea45f3de5fd0,True,1.0,1.0,0.7753048646238939,0.0,1.0,1.0,0.4897103602599558
1704,7bbb4260e163517f,True,1.0,1.0,0.8656724076315357,1.0,1.0,0.0,0.9440301698464731
1705,71057ab084a75ce6,True,1.0,1.0,0.9242242414808152,1.0,1.0,1.0,0.968426767283673
1706,695beb73604159b7,True,1.0,1.0,1.0,1.0,1.0,1.0,1.0
1707,79e011726ebe5aa0,True,1.0,0.0,0.0,1.0,1.0,0.0,0.0
1708,5f548f26b9a7572f,True,1.0,1.0,1.0,1.0,1.0,1.0,1.0
1709,c4a50f520ab75da6,True,1.0,1.0,1.0,1.0,1.0,1.0,1.0
1710,e7b780eed68e5ce3,True,1.0,1.0,1.0,1.0,1.0,1.0,1.0
1711,847ac59d6cce5bc4,True,1.0,1.0,0.8267270009548993,1.0,1.0,1.0,0.9278029170645414
1712,2fb12c4c2eec5b8d,True,1.0,1.0,1.0,1.0,1.0,1.0,1.0
1713,83c72c93de355a6b,True,0.0,1.0,0.0,0.0,1.0,1.0,0.0
1714,d1abb12015175373,True,1.0,1.0,1.0,1.0,1.0,1.0,1.0
1715,b5bdef8a05605164,True,1.0,1.0,0.8598029114298364,1.0,1.0,1.0,0.9415845464290985
1716,a0f499d0aab45bab,True,1.0,1.0,1.0,1.0,1.0,1.0,1.0
1717,967b41c4778d5aac,True,1.0,1.0,0.8817108484659002,1.0,1.0,1.0,0.9507128535274584
1718,0ed2cf016ddc5f90,True,1.0,1.0,0.578233401686616,1.0,1.0,1.0,0.8242639173694233
1719,53c908f42e685998,True,1.0,1.0,1.0,1.0,1.0,1.0,1.0
1720,283f39e817575b93,True,1.0,1.0,0.7581402798377451,1.0,1.0,1.0,0.8992251165990605
1721,dd162898ecf351d4,True,1.0,1.0,1.0,1.0,1.0,1.0,1.0
1722,dc95b5731cc359f3,True,1.0,1.0,0.8818430408649409,1.0,1.0,1.0,0.9507679336937254
1723,c9a4d6a0295f5142,True,1.0,1.0,1.0,1.0,1.0,1.0,1.0
1724,540ec2943ea050c9,True,1.0,1.0,1.0,1.0,1.0,1.0,1.0
1725,c2eecf5cfe46536f,True,1.0,1.0,1.0,1.0,1.0,1.0,1.0
1726,a99280d8424c55b2,True,1.0,1.0,1.0,1.0,1.0,1.0,1.0
1727,2ee34c8975525f5c,True,0.0,1.0,0.0,0.0,1.0,1.0,0.0
1728,08e2e519ac1e5226,True,1.0,1.0,1.0,1.0,1.0,1.0,1.0
1729,e62e904da0695956,True,1.0,1.0,0.8876894168441384,1.0,1.0,1.0,0.9532039236850576
1730,87100d8379c158cc,True,1.0,1.0,1.0,1.0,1.0,1.0,1.0
1731,2eb015a011ac5fa2,True,1.0,1.0,1.0,1.0,1.0,1.0,1.0
1732,6d93bbdab42255a9,True,1.0,1.0,1.0,1.0,1.0,1.0,1.0
1733,cd7e9823f2b15e0f,True,1.0,1.0,0.9835023246756258,1.0,1.0,1.0,0.993125968614844
1734,1eed252c6ca25157,True,1.0,1.0,0.5529537826753945,1.0,1.0,1.0,0.8137307427814143
1735,49d00c5507175e01,True,1.0,1.0,0.818156396967603,1.0,1.0,1.0,0.9242318320698346
1736,4d9c7a900c6c5081,True,1.0,1.0,0.5925586851464979,1.0,1.0,1.0,0.8302327854777074
1737,7b7ce3374d1e51dc,True,1.0,1.0,1.0,1.0,1.0,1.0,1.0
1738,4554dbd136da53b8,True,1.0,1.0,0.9616610549599072,1.0,1.0,1.0,0.984025439566628
1739,24567f5ad57455c4,True,1.0,1.0,1.0,1.0,1.0,1.0,1.0
1740,c90097f9ce775eab,True,1.0,1.0,0.6693706804771435,1.0,1.0,1.0,0.8622377835321432
1741,1fc3acd944ba540e,True,1.0,1.0,0.8682544016461492,1.0,1.0,1.0,0.9451060006858955
1742,a164681774715cea,True,1.0,1.0,0.7629303276593319,1.0,1.0,1.0,0.901220969858055
1743,3c3991ec8d7a5507,True,1.0,1.0,0.7461397216156587,1.0,1.0,1.0,0.8942248840065244
1744,e3caf69e02f857ba,True,1.0,1.0,0.84367662026191,1.0,1.0,1.0,0.9348652584424625
1745,2ee0fbae6edc5e0d,True,1.0,1.0,1.0,1.0,1.0,1.0,1.0
1746,371d154a89425165,True,1.0,1.0,0.9830863487974917,0.0,1.0,1.0,0.5762859786656215
1747,5e4f0ddf24da5f97,True,1.0,1.0,0.8136095747794723,1.0,1.0,1.0,0.9223373228247801
1748,b47df4a21c515394,True,1.0,1.0,0.6812166225449096,1.0,1.0,1.0,0.8671735927270458
1749,3b3e36e9d816563c,True,1.0,1.0,1.0,1.0,1.0,1.0,1.0
1750,e0a645315de658bc,True,1.0,1.0,0.8628741300796698,1.0,1.0,1.0,0.9428642208665291
1751,f52211f2dec85537,True,1.0,1.0,0.9592613300271502,1.0,1.0,1.0,0.9830255541779792
1752,4d55f6c3a3dc58fe,True,1.0,1.0,1.0,1.0,1.0,1.0,1.0
1753,35b84fa433f0583f,True,1.0,1.0,0.5957594338729829,1.0,1.0,1.0,0.8315664307804096
1754,8a4a0c6823cd5e33,True,1.0,1.0,0.9398635481245373,1.0,1.0,1.0,0.9749431450518905
1755,19611832f7595b10,True,0.0,0.0,0.0,0.0,1.0,0.5,0.0
1756,2bce4431c5da5d1f,True,1.0,1.0,1.0,1.0,1.0,1.0,1.0
1757,f8d3738f77c05163,True,1.0,1.0,0.8835298660166673,1.0,1.0,1.0,0.9514707775069446
1758,dcb6ca8a732551eb,True,1.0,0.0,0.0,1.0,1.0,1.0,0.0
1759,cd0b91f235e25b76,True,1.0,0.0,0.0,1.0,1.0,1.0,0.0
1760,090d6a17e77d59b5,True,1.0,1.0,0.9662049046115384,1.0,1.0,1.0,0.9859187102548077
1761,abe4fa26de85552d,True,1.0,1.0,1.0,1.0,1.0,1.0,1.0
1762,4a29aee6f5bd5073,True,1.0,1.0,0.6019157476526491,1.0,1.0,1.0,0.8341315615219371
1763,9326163d4c9c5d16,True,1.0,1.0,0.8780871536678697,1.0,1.0,0.0,0.9492029806949457
1764,08a135d9245b50c2,True,1.0,1.0,0.9152953427496602,1.0,1.0,1.0,0.9647063928123584
1765,614d5297c1a05a46,True,1.0,1.0,0.8277802241754991,1.0,1.0,1.0,0.9282417600731246
1766,31222d2fc6f95e0d,True,1.0,1.0,0.9859412946999886,1.0,1.0,1.0,0.9941422061249953
1767,bf72d4d6b25f5b27,True,1.0,1.0,0.9742244225062515,1.0,1.0,1.0,0.9892601760442714
1768,ba190b181dc85a2b,True,1.0,1.0,0.8774385923815357,1.0,1.0,1.0,0.94893274682564
1769,3461796610c15a0e,True,1.0,1.0,1.0,1.0,1.0,1.0,1.0
1770,024d012881be5995,True,1.0,1.0,0.7068069183093019,1.0,1.0,1.0,0.8778362159622092
1771,f6b9867069845fd2,True,1.0,1.0,0.5324448200894514,1.0,1.0,1.0,0.8051853417039382
1772,632a1b53a6875b22,True,1.0,1.0,0.8239938327081037,1.0,1.0,1.0,0.9266640969617098
1773,355dadd64723531e,True,1.0,1.0,0.9383274931531542,1.0,1.0,1.0,0.9743031221471475
1774,03b33d7830ba522b,True,1.0,1.0,0.5766244196375179,1.0,1.0,1.0,0.8235935081822991
1775,39fde97003dd540e,True,1.0,1.0,0.6268363757442884,1.0,1.0,1.0,0.8445151565601202
1776,179ca3af622e5e0d,True,1.0,1.0,0.8472078505703525,1.0,1.0,1.0,0.9363366044043135
1777,46ee8e2727455a9f,True,1.0,1.0,0.98103118571471,1.0,1.0,1.0,0.9920963273811291
1778,0c330f8c6d6658ee,True,1.0,1.0,0.7766290302929938,1.0,1.0,1.0,0.9069287626220808
1779,6012210b020c53a9,True,1.0,1.0,0.8218560553740311,1.0,1.0,0.5,0.9257733564058462
1780,537935a8e7b653f2,True,1.0,1.0,0.7152529381314319,1.0,1.0,0.5,0.8813553908880966
1781,4cd806a126f85b23,True,1.0,1.0,0.8611320095292169,1.0,1.0,1.0,0.9421383373038403
1782,ab7d0c4a928e5ec9,True,1.0,0.0,0.0,1.0,1.0,1.0,0.0
1783,0ba54149d1575f95,True,1.0,1.0,0.9320849985650758,1.0,1.0,1.0,0.9717020827354483
1784,e26d616b5c4b5642,True,1.0,1.0,1.0,1.0,1.0,1.0,1.0
1785,c45fc2b353c655af,True,1.0,1.0,0.8944062382409071,1.0,1.0,1.0,0.9560025992670447
1786,3ce814811e5252dc,True,1.0,1.0,0.9654611386157539,1.0,1.0,1.0,0.9856088077565642
1787,ad0701a39edd5c5a,True,1.0,1.0,0.9203894608880948,1.0,1.0,1.0,0.9668289420367061
1788,24108688ab4856ab,True,1.0,1.0,0.43663006518060793,1.0,1.0,1.0,0.7652625271585866
1789,3e41024d080454b5,True,0.0,1.0,0.0,0.0,1.0,1.0,0.0
1790,6074e965781b510e,True,1.0,1.0,1.0,1.0,1.0,1.0,1.0
1791,7022b42a3743507a,True,1.0,0.0,0.0,1.0,0.0,1.0,0.0
1792,2ccebcdb0da25be5,True,1.0,1.0,1.0,1.0,1.0,1.0,1.0
1793,963ea50b7eb2554b,True,1.0,1.0,1.0,1.0,1.0,1.0,1.0
1794,38d4aa43f5f25eeb,True,1.0,1.0,1.0,1.0,1.0,1.0,1.0
1795,6e0a467af0205f04,True,1.0,1.0,0.7680612666647985,1.0,1.0,1.0,0.9033588611103327
1796,1766fa78fd10576e,True,1.0,1.0,1.0,1.0,1.0,1.0,1.0
1797,b133316a0e795993,True,1.0,1.0,0.8057626886086972,1.0,1.0,1.0,0.9190677869202905
1798,73939fc4dcdf57c4,True,1.0,1.0,1.0,0.0,1.0,1.0,0.5833333333333334
1799,aa1b434771cb52d0,True,1.0,1.0,0.31997986272356305,1.0,1.0,1.0,0.7166582761348179
1800,cfc9186dc53b5d4a,True,1.0,1.0,0.7390512235289951,1.0,1.0,1.0,0.8912713431370812
1801,40ffdefe6d2f541a,True,1.0,1.0,0.8584548650255984,1.0,1.0,1.0,0.9410228604273326
1802,f790e64181a15f5a,True,1.0,1.0,1.0,1.0,1.0,1.0,1.0
1803,e90b4ad6e7905adf,True,1.0,1.0,0.8103356370427379,1.0,1.0,1.0,0.9209731821011408
1804,7ae0a03be0c357d2,True,1.0,1.0,0.6776674600875672,1.0,1.0,1.0,0.8656947750364864
1805,4efe0ad78b655ecd,True,1.0,1.0,0.5196989717435262,1.0,1.0,1.0,0.7998745715598026
1806,ab6e020759565f9f,True,1.0,1.0,0.768199641660142,1.0,1.0,1.0,0.9034165173583926
1807,bbc93f086726531e,True,1.0,1.0,0.9573045049290753,1.0,1.0,1.0,0.9822102103871148
1808,05965158ab845b47,True,1.0,1.0,0.8291552434776843,1.0,1.0,1.0,0.9288146847823685
1809,d9435ec2640f586f,True,1.0,1.0,0.9436816123080969,1.0,1.0,1.0,0.9765340051283737
1810,b628faa4178d5eaf,True,1.0,1.0,0.6738761203944035,1.0,1.0,1.0,0.8641150501643349
1811,5a454b4d1c535366,True,1.0,1.0,0.859635278176336,1.0,1.0,1.0,0.9415146992401399
1812,0dff39153a005f4f,True,1.0,1.0,0.8074047200989541,1.0,1.0,1.0,0.9197519667078975
1813,248288deae795ad8,True,1.0,1.0,0.8574442778340319,1.0,1.0,1.0,0.9406017824308467
1814,59a1d448fbdf53f6,True,1.0,1.0,1.0,1.0,1.0,1.0,1.0
1815,f8f02729d1ee5c16,True,1.0,1.0,1.0,1.0,1.0,1.0,1.0
1816,008d66a74c275479,True,1.0,1.0,1.0,1.0,1.0,1.0,1.0
1817,e6b7dddf4ae95fea,True,1.0,1.0,0.9268811012698983,1.0,1.0,1.0,0.9695337921957909
1818,4cac9f6cd85a5b47,True,1.0,1.0,0.8918939150440426,1.0,1.0,1.0,0.9549557979350177
1819,e1209ca7050c5033,True,1.0,1.0,0.7781147646923005,1.0,1.0,1.0,0.9075478186217918
1820,0695553567185c3c,True,0.0,1.0,0.0,0.0,1.0,1.0,0.0
1821,fb4ac387cd285171,True,1.0,1.0,0.9097634388219011,1.0,1.0,1.0,0.9624014328424589
1822,af335d636f4c516e,True,1.0,1.0,0.9243270039609276,1.0,1.0,1.0,0.9684695849837199
1823,8a540001f3f0514d,True,1.0,1.0,0.892671616252338,1.0,1.0,1.0,0.9552798401051409
1824,9c62f0bf33fd542d,True,1.0,1.0,0.8683276299089611,1.0,1.0,1.0,0.9451365124620672
1825,3ba5c2d842785d59,True,1.0,1.0,0.9288369233378236,1.0,1.0,1.0,0.9703487180574265
1826,006e2728d7115fa7,True,1.0,1.0,0.546481478861826,1.0,1.0,1.0,0.8110339495257608
1827,8b7d99b5ae2a5219,True,1.0,1.0,1.0,1.0,1.0,1.0,1.0
1828,f6855b72b0aa57e2,True,1.0,1.0,0.8938501650534654,1.0,1.0,1.0,0.9557709021056106
1829,8b794f146fda58da,True,1.0,1.0,0.8486867870362734,1.0,1.0,1.0,0.9369528279317807
1830,1cb96199b6a45732,True,1.0,1.0,0.9005644301318949,1.0,1.0,1.0,0.9585685125549562
1831,d68dba02509b50a3,True,1.0,1.0,0.8605481763079784,1.0,1.0,0.5,0.9418950734616577
1832,bd646d9caaef57d8,True,1.0,1.0,1.0,1.0,1.0,1.0,1.0
1833,90314b74c92954d6,True,1.0,1.0,0.8236632113816034,1.0,1.0,1.0,0.9265263380756682
1834,f5d8dc03a0555cdc,True,1.0,1.0,0.9754026662992349,1.0,1.0,1.0,0.9897511109580145
1835,ffe848c5ab4e5b30,True,1.0,0.0,0.0,1.0,1.0,1.0,0.0
1836,72720a5350e75184,True,1.0,1.0,0.91060295996021,1.0,1.0,1.0,0.9627512333167543
1837,04703c86cf5b5a20,True,1.0,1.0,0.8830063917414996,1.0,1.0,1.0,0.9512526632256249
1838,ae46065dc9ce55b1,True,1.0,1.0,1.0,1.0,1.0,1.0,1.0
1839,3bb3a8f506bf5980,True,1.0,1.0,1.0,1.0,1.0,0.0,1.0
1840,a77872c55f1b52a1,True,1.0,1.0,0.7723308039316575,1.0,1.0,1.0,0.9051378349715239
1841,e9597ce7a5a7589b,True,1.0,1.0,1.0,1.0,1.0,1.0,1.0
1842,0bcebe354a715163,True,1.0,1.0,0.8308340276722196,1.0,1.0,1.0,0.9295141781967583
1843,e22c42694be05703,True,1.0,1.0,0.781502177578862,1.0,1.0,1.0,0.9089592406578592
1844,8d06ea883e7853a9,True,1.0,1.0,0.7737517978472069,1.0,1.0,1.0,0.9057299157696695
1845,d6fc32608ecc581c,True,1.0,1.0,0.7855447001156606,1.0,1.0,1.0,0.9106436250481919
1846,806b014bc8c15160,True,1.0,1.0,0.5864616428995567,1.0,1.0,1.0,0.8276923512081487
1847,ec02f065af405039,True,1.0,1.0,1.0,1.0,1.0,1.0,1.0
1848,06b2df49f0455bd0,True,1.0,1.0,0.6364366503689617,1.0,1.0,1.0,0.8485152709870674
1849,36be99da12575896,True,1.0,0.0,0.0,1.0,1.0,1.0,0.0
1850,cbadd750cbd6581b,True,1.0,1.0,0.7679964238527504,1.0,1.0,1.0,0.9033318432719794
1851,2313aa310e16503d,True,1.0,1.0,1.0,1.0,1.0,1.0,1.0
1852,3010009fcb295507,True,1.0,1.0,0.8840649411877155,1.0,1.0,1.0,0.9516937254948815
1853,7bbb6cfc4f135e50,True,1.0,1.0,0.7771324777902754,1.0,1.0,1.0,0.9071385324126148
1854,fcb45b2aa29356d9,True,1.0,1.0,1.0,1.0,1.0,1.0,1.0
1855,cbd14310b3885779,True,1.0,1.0,0.8158690828786294,1.0,1.0,1.0,0.9232787845327621
1856,cea4eb2a60da5354,True,1.0,1.0,1.0,1.0,1.0,1.0,1.0
1857,e85416da86d4567f,True,1.0,1.0,0.7878333763711498,1.0,1.0,1.0,0.9115972401546458
1858,7444ae8aea51554e,True,1.0,0.0,0.0,1.0,1.0,0.0,0.0
1859,23d647e77f2d515e,True,1.0,1.0,0.7763066021534033,1.0,1.0,1.0,0.9067944175639181
1860,e9645135a4fe5739,True,1.0,1.0,0.7827620569756465,1.0,1.0,1.0,0.9094841904065194
1861,8f1247f8436c5208,True,1.0,1.0,0.8520359827455426,1.0,1.0,1.0,0.9383483261439761
1862,c5ee24aa8f5059d6,True,1.0,1.0,1.0,1.0,1.0,1.0,1.0
1863,aa58dfcb46765181,True,1.0,1.0,1.0,1.0,1.0,1.0,1.0
1864,20ffc5c3de7c591a,True,1.0,1.0,0.7594147987026101,1.0,1.0,1.0,0.8997561661260876
1865,f54559dd98e75d83,True,1.0,1.0,0.9277875142101385,1.0,1.0,1.0,0.9699114642542245
1866,ffd429cac51751d9,True,1.0,1.0,1.0,1.0,1.0,1.0,1.0
1867,d2098ab3fc1953b3,True,1.0,1.0,1.0,1.0,1.0,1.0,1.0
1868,43b78800618758d9,True,1.0,1.0,0.8729051326858547,1.0,1.0,1.0,0.9470438052857727
1869,b5ca533bca505ceb,True,1.0,1.0,1.0,1.0,1.0,1.0,1.0
1870,9fe07284cb3f5e0a,True,1.0,1.0,0.7936613672985104,1.0,1.0,1.0,0.9140255697077126
1871,def5763ef93655ae,True,1.0,1.0,0.8753281662864706,1.0,1.0,1.0,0.9480534026193629
1872,f096ff143e815978,True,1.0,1.0,0.9821653828007105,1.0,1.0,1.0,0.9925689095002962
1873,8c36f77fe7215dd7,True,1.0,1.0,0.9553358244870631,1.0,1.0,1.0,0.9813899268696096
1874,ec8a3deaeb1a53ac,True,1.0,1.0,0.7176701371092339,1.0,1.0,1.0,0.8823625571288475
1875,2e2cc58c9aa450e7,True,1.0,1.0,0.7237324171474129,1.0,1.0,1.0,0.8848885071447553
1876,f3738f5be59d5d10,True,1.0,1.0,1.0,1.0,1.0,1.0,1.0
1877,deb16bb9771a582a,True,1.0,1.0,1.0,1.0,1.0,1.0,1.0
1878,e83be8437b0c5862,True,1.0,1.0,1.0,1.0,1.0,1.0,1.0
1879,77072386dfbb5af8,True,0.0,1.0,0.0,0.0,1.0,0.0,0.0
1880,8c9e3fd944c051e3,True,1.0,1.0,1.0,1.0,1.0,1.0,1.0
1881,0cdeb48fac9d5292,True,1.0,1.0,0.7750845089507841,1.0,1.0,1.0,0.9062852120628268
1882,dc4b44d8961e538a,True,1.0,1.0,0.7668047433703967,1.0,1.0,1.0,0.9028353097376653
1883,d31d38e1a2305147,True,0.5,1.0,0.38422614614087014,0.0,1.0,1.0,0.16338044711268127
1884,2cbf505c735c5c34,True,1.0,1.0,0.838548154433684,1.0,1.0,1.0,0.9327283976807017
1885,52ed9777731d5ba8,True,1.0,1.0,0.9133685315951776,1.0,1.0,1.0,0.9639035548313241
1886,b191eb9b8de25005,True,1.0,1.0,1.0,1.0,1.0,1.0,1.0
1887,7766bcc52078528c,True,1.0,1.0,1.0,1.0,1.0,1.0,1.0
1888,4300f964edbd5ce4,True,1.0,1.0,1.0,1.0,1.0,1.0,1.0
1889,166d08e80654527d,True,1.0,1.0,1.0,1.0,1.0,1.0,1.0
1890,14f16328a6c0551e,True,1.0,1.0,0.8262458318716552,1.0,1.0,1.0,0.9276024299465231
1891,0ef7ecd9c0035467,True,1.0,1.0,0.7958044554324554,1.0,1.0,1.0,0.9149185230968563
1892,536e9526257a57f2,True,1.0,0.0,0.0,1.0,1.0,1.0,0.0
1893,3e44ba1b6a675c54,True,1.0,1.0,0.711916120349036,1.0,1.0,1.0,0.8799650501454317
1894,ae73a52a1a5d54ac,True,1.0,1.0,1.0,1.0,1.0,1.0,1.0
1895,b845e97a49a75cd0,True,1.0,1.0,0.7384576475674447,1.0,1.0,1.0,0.8910240198197686
1896,8bebc6662b36505f,True,1.0,1.0,0.7893000100284535,1.0,1.0,1.0,0.9122083375118556
1897,d218ff87bdc25c55,True,1.0,1.0,0.8136948396600401,1.0,1.0,1.0,0.9223728498583501
1898,956e3aa8415b5712,True,1.0,1.0,0.646495141121754,1.0,1.0,1.0,0.8527063088007308
1899,a42cc34c8a985b67,True,1.0,1.0,0.8943377860805954,1.0,1.0,0.0,0.9559740775335813
1900,994c2c1c459b5cc8,True,1.0,1.0,0.7246775581423719,1.0,1.0,1.0,0.8852823158926549
1901,a1ff2db262ab5db7,True,1.0,1.0,0.9258135237550434,1.0,1.0,1.0,0.9690889682312681
1902,e1e4395724c05092,True,1.0,1.0,0.8602397421559982,1.0,1.0,1.0,0.9417665592316659
1903,154d0d1b363f5501,True,1.0,1.0,1.0,1.0,1.0,1.0,1.0
1904,4bdff78fdccd5f6d,True,1.0,1.0,1.0,1.0,1.0,1.0,1.0
1905,82c913dd14e05a84,True,1.0,1.0,1.0,1.0,1.0,1.0,1.0
1906,906ffee6860e524a,True,1.0,1.0,1.0,1.0,1.0,1.0,1.0
1907,ea23b2bb8e5756b8,True,1.0,1.0,0.6869378230770516,1.0,1.0,1.0,0.8695574262821048
1908,ba2973ad6189568b,True,1.0,1.0,0.8157754833043898,1.0,1.0,1.0,0.9232397847101623
1909,f51778edd8ea5ee5,True,1.0,0.0,0.0,1.0,1.0,1.0,0.0
1910,59c19d828f665a79,True,1.0,1.0,0.8174150017922274,1.0,1.0,1.0,0.923922917413428
1911,2f4117000a605404,True,1.0,1.0,0.9334484569485392,1.0,1.0,1.0,0.9722701903952246
1912,d45f18da371a5fe5,True,1.0,1.0,0.8773347969461505,1.0,1.0,1.0,0.9488894987275627
1913,c6319bbc03fb57d0,True,1.0,1.0,0.6448690631473325,1.0,1.0,1.0,0.8520287763113886
1914,ba7d6b30a3a15384,True,1.0,1.0,0.80088034544968,1.0,1.0,1.0,0.9170334772707
1915,c13f0e8db9b15c69,True,1.0,1.0,1.0,1.0,1.0,1.0,1.0
1916,3ef16d00a16b5c94,True,1.0,1.0,0.7718247933584954,1.0,1.0,1.0,0.9049269972327064
1917,955af39177fe5ba1,True,1.0,1.0,0.8305653462481944,1.0,1.0,1.0,0.9294022276034143
1918,af58d13139de5d3f,True,1.0,1.0,0.8431395190446958,1.0,1.0,1.0,0.9346414662686232
1919,5403d4e6179a5354,True,1.0,1.0,0.7310519373524539,1.0,1.0,1.0,0.8879383072301891
1920,0b6912dfdcf450c1,True,1.0,1.0,1.0,0.0,1.0,1.0,0.5833333333333334
1921,bf896d504b4356c7,True,1.0,1.0,0.457056410351057,1.0,1.0,1.0,0.7737735043129405
1922,2972c31a52275dc1,True,1.0,1.0,0.6666224422134436,1.0,1.0,1.0,0.8610926842556014
1923,2e5e4be9579d568d,True,1.0,1.0,0.9005282170383013,1.0,1.0,1.0,0.9585534237659589
1924,96cb1a2412095a90,True,1.0,1.0,1.0,1.0,1.0,1.0,1.0
1925,e5e1dbb69578517b,True,1.0,1.0,0.6248385056062187,1.0,1.0,1.0,0.8436827106692578
1926,19f8a93df08452b5,True,1.0,1.0,0.7136016881195623,1.0,1.0,1.0,0.8806673700498177
1927,018ba0bc5f145074,True,1.0,1.0,0.7619319039650616,1.0,1.0,1.0,0.9008049599854423
1928,86d5685d21d15ee9,True,1.0,1.0,0.7129369555674663,1.0,1.0,1.0,0.880390398153111
1929,a815da9bf45d5b15,True,1.0,1.0,0.851291551589882,1.0,1.0,1.0,0.9380381464957841
1930,5209e1f6a97e592a,True,1.0,1.0,0.7799920767327455,1.0,1.0,1.0,0.9083300319719774
1931,74deabca4e1259f5,True,1.0,1.0,1.0,1.0,1.0,1.0,1.0
1932,1981a85eb4ba5001,True,0.0,1.0,0.0,0.0,1.0,0.0,0.0
1933,bc68d211a62d5c19,True,1.0,1.0,1.0,1.0,1.0,1.0,1.0
1934,f1002f2d240c514e,True,1.0,1.0,0.7324882000823396,1.0,1.0,1.0,0.8885367500343082
1935,9b0b6d3472465b35,True,1.0,1.0,1.0,1.0,1.0,1.0,1.0
1936,ce9ee9a68a4c5e93,True,1.0,1.0,1.0,1.0,1.0,1.0,1.0
1937,866edd106b555de6,True,1.0,1.0,0.7876918415213926,1.0,1.0,1.0,0.9115382673005802
1938,dbbe5d5671495f13,True,1.0,1.0,0.8026219423163568,1.0,1.0,1.0,0.9177591426318154
1939,bc1a3b9fa4ca5000,True,1.0,1.0,1.0,1.0,1.0,1.0,1.0
1940,ccd53fdd1b6e51b8,True,1.0,1.0,0.6436069013495352,1.0,1.0,1.0,0.8515028755623063
1941,e69f96075afb5d86,True,1.0,1.0,0.9243797748654043,1.0,1.0,1.0,0.9684915728605851
1942,bcf76bb937d35be9,True,1.0,1.0,1.0,1.0,1.0,1.0,1.0
1943,ea3b45489faf5c70,True,1.0,1.0,0.6233919794218014,1.0,1.0,1.0,0.8430799914257506
1944,44324a7aa04f5501,True,1.0,1.0,0.911709070496095,1.0,1.0,1.0,0.9632121127067063
1945,b664ff6d2c185e31,True,1.0,1.0,1.0,1.0,1.0,1.0,1.0
1946,31aa58748e2c5495,True,1.0,1.0,1.0,1.0,1.0,1.0,1.0
1947,4302a0a4b9f05b61,True,1.0,1.0,0.624929187095448,1.0,1.0,1.0,0.8437204946231033
1948,77a891db719c5273,True,1.0,1.0,0.9677067026494194,1.0,1.0,1.0,0.986544459437258
1949,0722adecc3d45ac4,True,1.0,1.0,0.8698230187371268,1.0,1.0,1.0,0.9457595911404694
1950,c4cb19209497505a,True,1.0,1.0,1.0,1.0,1.0,1.0,1.0
1951,51fd85d11ea75120,True,1.0,1.0,0.9209687820588628,1.0,1.0,1.0,0.9670703258578595
1952,3bf245d895b25ec0,True,1.0,1.0,0.990597234519756,1.0,1.0,1.0,0.9960821810498984
1953,484b6d9a28f350bd,True,1.0,1.0,0.8288624560765363,1.0,1.0,1.0,0.9286926900318901
1954,e36e9da57e1e5e32,True,1.0,1.0,0.585601136414048,1.0,1.0,1.0,0.8273338068391866
1955,e6ff5e16c5f25533,True,0.0,1.0,0.0,0.0,1.0,1.0,0.0
1956,6fe1f4f8dbcd57b5,True,1.0,1.0,0.779114715513886,1.0,1.0,1.0,0.9079644647974524
1957,431840d399445a32,True,1.0,1.0,0.8009909166912597,1.0,1.0,1.0,0.9170795486213582
1958,5a90354cbaa45cc2,True,1.0,1.0,0.7817389098209191,1.0,1.0,1.0,0.9090578790920496
1959,8a02c25b58bb5a2b,True,1.0,1.0,1.0,1.0,1.0,1.0,1.0
1960,b657fb1afb7c54f3,True,1.0,1.0,0.8622678872895648,1.0,1.0,1.0,0.9426116197039853
1961,87a7a9f8aa325467,True,1.0,1.0,1.0,1.0,1.0,1.0,1.0
1962,e80df2a74bfd5a22,True,1.0,1.0,0.9101103804536053,1.0,1.0,1.0,0.9625459918556688
1963,52c6827af61d5b87,True,1.0,1.0,1.0,1.0,1.0,1.0,1.0
1964,77f45b5536f854bf,True,1.0,1.0,1.0,1.0,1.0,1.0,1.0
1965,56a45baf2fb55951,True,1.0,1.0,1.0,1.0,1.0,1.0,1.0
1966,69acf2f6a20454a0,True,1.0,1.0,0.6630857683652179,1.0,1.0,1.0,0.8596190701521742
1967,13b9787d163b5072,True,1.0,1.0,0.46871452717334144,1.0,1.0,0.5,0.7786310529888922
1968,dc6df220730c599a,True,1.0,1.0,0.8728041864147204,1.0,1.0,1.0,0.9470017443394667
1969,0769a262b53b589e,True,1.0,1.0,0.9742576859471453,1.0,1.0,1.0,0.9892740358113107
1970,34bdecafedff5fdf,True,1.0,1.0,0.8868701188618147,1.0,1.0,1.0,0.9528625495257561
1971,50fef67a5a9a5a4b,True,1.0,1.0,0.7159330265882876,1.0,1.0,1.0,0.8816387610784532
1972,f3c7dc93e3bc57c1,True,1.0,1.0,0.7940923496927041,1.0,1.0,1.0,0.9142051457052934
1973,690fef019ad25dd6,True,1.0,1.0,1.0,1.0,1.0,1.0,1.0
1974,54718dd05cad553a,True,1.0,1.0,0.8672984820547174,1.0,1.0,1.0,0.9447077008561323
1975,31a522ae1ee151bf,True,1.0,1.0,0.8204028145612037,1.0,1.0,1.0,0.9251678394005015
1976,8a92561fdd0750ad,True,1.0,1.0,0.8305547768745338,1.0,1.0,1.0,0.9293978236977224
1977,ef81756601bc569f,True,1.0,1.0,0.8927541674872156,1.0,1.0,1.0,0.9553142364530065
1978,14b270ee5a395ea9,True,1.0,1.0,0.9040266726896644,1.0,1.0,1.0,0.9600111136206935
1979,f7a474593242588b,True,1.0,1.0,0.9725647672611666,1.0,1.0,1.0,0.988568653025486
1980,ab0c43fd9f2c5481,True,1.0,1.0,0.9848218669259448,1.0,1.0,1.0,0.9936757778858102
1981,d83c3b7416f3577e,True,1.0,1.0,0.8475057416777475,1.0,1.0,1.0,0.9364607256990615
1982,ca58b2e039305479,True,1.0,0.0,0.0,1.0,1.0,1.0,0.0
1983,0027db600afe56ca,True,1.0,1.0,1.0,1.0,1.0,1.0,1.0
1984,e001c497823c5154,True,1.0,1.0,1.0,1.0,1.0,1.0,1.0
1985,b7453f77be5b53df,True,1.0,1.0,0.775929202324651,1.0,1.0,1.0,0.9066371676352712
1986,4874da28248a5026,True,1.0,1.0,1.0,1.0,1.0,1.0,1.0
1987,63d80f7499fc5784,True,1.0,1.0,0.9543629043991072,1.0,1.0,1.0,0.9809845434996279
1988,075cf94c3db15021,True,1.0,1.0,1.0,1.0,1.0,1.0,1.0
1989,4064f2ec7a2f56ef,True,1.0,1.0,1.0,1.0,1.0,1.0,1.0
1990,d3f00196d11c563c,True,1.0,1.0,0.8762212274201282,1.0,1.0,1.0,0.9484255114250534
1991,c0e14f1288ca5066,True,0.0,0.0,0.0,0.0,1.0,0.0,0.0
1992,8635c0dd984c51f3,True,1.0,1.0,1.0,1.0,1.0,1.0,1.0
1993,e6e4e254f1c55405,True,1.0,1.0,0.7415931837463614,1.0,1.0,1.0,0.8923304932276506
1994,f49e8b1837cd5b23,True,1.0,1.0,0.7551940944477138,1.0,1.0,1.0,0.8979975393532141
1995,18d63cca5ad554d2,True,1.0,1.0,0.875012797950528,1.0,1.0,1.0,0.9479219991460534
1996,6b7e5348100b5572,True,1.0,1.0,1.0,1.0,1.0,1.0,1.0
1997,9b0a5826d2d357d8,True,1.0,1.0,0.7238134005326374,1.0,1.0,1.0,0.8849222502219322
1998,5fe40d882c3b545f,True,1.0,1.0,1.0,1.0,1.0,1.0,1.0
1999,71017c020a0b5a75,True,1.0,1.0,0.8195214596586079,1.0,1.0,1.0,0.9248006081910866
2000,384def2e3f9657f6,True,1.0,1.0,0.8244858624119487,1.0,1.0,1.0,0.926869109338312
2001,cba43d02cf795a0f,True,1.0,1.0,1.0,1.0,1.0,1.0,1.0
2002,bbc8e4799fe85548,True,1.0,1.0,0.7845687558714601,0.0,1.0,1.0,0.4935703149464417
2003,19f3e77fcd3353c5,True,1.0,1.0,0.8861481255365933,1.0,1.0,1.0,0.9525617189735804
2004,3d86e3fc3499578f,True,1.0,1.0,1.0,1.0,1.0,1.0,1.0
2005,230ab732c0d65fb3,True,1.0,1.0,1.0,1.0,1.0,1.0,1.0
2006,30e29966db9156ee,True,1.0,1.0,0.8646626591610167,1.0,1.0,1.0,0.9436094413170902
2007,8dac96b2393f5de9,True,1.0,1.0,0.9132182077423538,1.0,1.0,1.0,0.9638409198926473
2008,071d69045acb5971,True,1.0,1.0,0.8985236396677981,1.0,1.0,1.0,0.957718183194916
2009,873e300af5a95bf2,True,1.0,1.0,0.9487325858048787,1.0,1.0,1.0,0.9786385774186995
2010,ee526f78f4ce5d75,True,1.0,1.0,1.0,1.0,1.0,1.0,1.0
2011,32648fe3eaa45ed1,True,1.0,1.0,0.9101617427250833,1.0,1.0,1.0,0.962567392802118
2012,31cda9ad4b8257b9,True,1.0,1.0,0.8685743123488663,1.0,1.0,1.0,0.9452392968120277
2013,cda41068b4b65ae0,True,1.0,0.0,0.0,1.0,1.0,1.0,0.0
2014,0d2403a8031f540c,True,1.0,1.0,1.0,1.0,1.0,1.0,1.0
2015,6c76134176255a21,True,1.0,1.0,0.8198355872401255,1.0,1.0,1.0,0.9249314946833856
2016,4b22a759c31a52c5,True,1.0,1.0,0.8732589396081643,1.0,1.0,1.0,0.9471912248367351
2017,6477d5ad590955ba,True,1.0,1.0,0.9497558438381966,1.0,1.0,1.0,0.9790649349325818
2018,103c3ee1db23521d,True,1.0,1.0,0.8516372169095044,1.0,1.0,1.0,0.9381821737122934
2019,20c8f9038443596e,True,1.0,1.0,0.8115495743551895,1.0,1.0,1.0,0.9214789893146623
2020,c4e94b7583555176,True,1.0,1.0,1.0,0.0,1.0,1.0,0.5833333333333334
2021,63ab092351905a60,True,1.0,1.0,0.7923042314861232,1.0,1.0,1.0,0.9134600964525513
2022,748d7e95687d5d26,True,1.0,1.0,1.0,1.0,1.0,1.0,1.0
2023,7ac633604a3c572d,True,1.0,1.0,1.0,1.0,1.0,1.0,1.0
2024,cf0aec572cdd543e,True,1.0,1.0,0.9543415496222027,1.0,1.0,1.0,0.9809756456759179
2025,72779ff1ead25f44,True,1.0,1.0,0.7347837194539567,1.0,1.0,1.0,0.8894932164391486
2026,9a6489254d5f5577,True,1.0,1.0,0.8271817691976605,1.0,1.0,1.0,0.9279924038323585
2027,f2644280215250cd,True,1.0,1.0,0.0889667737199716,1.0,1.0,1.0,0.6204028223833215
2028,f2e0d7e15fa253f0,True,1.0,0.0,0.0,0.0,1.0,1.0,0.0
2029,e668948b1c0f5b82,True,1.0,1.0,1.0,1.0,1.0,1.0,1.0
2030,ada62613f2ce5a33,True,1.0,1.0,0.9069026168278652,1.0,1.0,1.0,0.9612094236782772
2031,efeac78f0da05463,True,1.0,1.0,0.7903674896357755,1.0,1.0,1.0,0.9126531206815732
2032,571bb034360052d9,True,1.0,1.0,1.0,1.0,1.0,1.0,1.0
2033,a9c27d1fdee5599e,True,1.0,1.0,1.0,1.0,1.0,1.0,1.0
2034,402ec186b8ea545e,True,1.0,0.0,0.0,1.0,1.0,1.0,0.0
2035,aba3b771ef0054c6,True,1.0,1.0,0.8855138570991964,1.0,1.0,1.0,0.9522974404579984
2036,077c80ecaed0548f,True,1.0,1.0,0.08577743417683609,1.0,1.0,1.0,0.619073930907015
2037,5155241fdbbf57b3,True,1.0,1.0,1.0,1.0,1.0,1.0,1.0
2038,bdb0947d0c835022,True,1.0,1.0,1.0,1.0,1.0,1.0,1.0
2039,f879fd3edf21506a,True,1.0,1.0,0.8499060049132624,1.0,1.0,1.0,0.9374608353805259
2040,2631b349e0ce5b83,True,1.0,1.0,0.879454420089885,1.0,1.0,1.0,0.949772675037452
2041,a8dacf347a605f0d,True,1.0,1.0,0.8033909846846944,1.0,1.0,1.0,0.9180795769519561
2042,5cffd130ff2c510a,True,1.0,1.0,0.8908992883197618,1.0,1.0,1.0,0.9545413701332341
2043,fe0a33d7599a59b3,True,1.0,1.0,1.0,1.0,1.0,1.0,1.0
2044,1218b6a218b750d8,True,1.0,1.0,1.0,1.0,1.0,1.0,1.0
2045,3c303aa231e65a53,True,1.0,1.0,0.9821319449249514,1.0,1.0,1.0,0.9925549770520631
2046,6469176632cf52a0,True,1.0,1.0,0.9402847279335381,1.0,1.0,1.0,0.9751186366389742
2047,64883fdea50b5b8c,True,1.0,1.0,0.9306001207886858,1.0,1.0,1.0,0.9710833836619525
2048,a82f1c8ad27d53cc,True,1.0,1.0,0.86364330466498,1.0,1.0,1.0,0.943184710277075
2049,d5f845d28a5e513f,True,1.0,1.0,0.7799577847895577,1.0,1.0,1.0,0.9083157436623157
2050,ef4cd07fc8245457,True,1.0,1.0,1.0,1.0,1.0,1.0,1.0
2051,4a7fd1bd37ed5463,True,1.0,1.0,0.7289485926060669,1.0,1.0,1.0,0.8870619135858613
2052,5b1a620dcd675298,True,1.0,1.0,1.0,1.0,1.0,1.0,1.0
2053,667afe1f010351c5,True,1.0,0.0,0.0,1.0,1.0,0.5,0.0
2054,043839beb58a5dad,True,1.0,1.0,0.7949001257842793,1.0,1.0,1.0,0.9145417190767829
2055,c46b2546f3565375,True,1.0,1.0,0.5926620982370933,1.0,1.0,1.0,0.8302758742654556
2056,70322003ab525a2e,True,1.0,1.0,1.0,1.0,1.0,1.0,1.0
2057,61e3a4acbdf55ffe,True,1.0,1.0,0.6452524917952124,1.0,1.0,1.0,0.8521885382480052
2058,f71f0d4ca6db5d40,True,1.0,1.0,0.7358482848316654,1.0,1.0,1.0,0.8899367853465273
2059,aec02ec2aec85c06,True,1.0,1.0,0.7071096360897207,1.0,1.0,0.5,0.877962348370717
2060,132ea05c88d355ca,True,1.0,1.0,0.8092420783151658,1.0,1.0,1.0,0.9205175326313192
2061,b23be6b0d9765878,True,1.0,1.0,0.8413376817177549,1.0,1.0,1.0,0.9338907007157312
2062,0c0044f312655c94,True,1.0,1.0,0.7294789868349284,1.0,1.0,1.0,0.8872829111812202
2063,8ff8246f69f75f6a,True,1.0,1.0,0.8314977180352436,1.0,1.0,1.0,0.9297907158480182
2064,ef7089ecfb0c5028,True,1.0,1.0,1.0,1.0,1.0,1.0,1.0
2065,34b812e4de1a536b,True,1.0,1.0,0.6980643590788294,1.0,1.0,0.5,0.8741934829495123
2066,84aade0568085ba5,True,1.0,1.0,1.0,0.0,1.0,1.0,0.5833333333333334
2067,ba9d1824bc8c5e7d,True,1.0,1.0,0.6690154571652192,1.0,1.0,1.0,0.8620897738188414
2068,471869e791085ef6,True,1.0,1.0,0.9244248375269776,1.0,1.0,1.0,0.968510348969574
2069,94e8a92d53635c38,True,1.0,1.0,0.6089345069954433,1.0,1.0,1.0,0.8370560445814347
2070,071b435a4f4057e0,True,1.0,1.0,1.0,0.0,1.0,1.0,0.5833333333333334
2071,d3d9e16508ae5756,True,1.0,0.0,0.0,1.0,1.0,1.0,0.0
2072,815153cb27f95a7c,True,1.0,1.0,0.6362099190024486,1.0,1.0,1.0,0.8484207995843537
2073,491a9b7a44225a75,True,1.0,1.0,1.0,1.0,1.0,1.0,1.0
2074,706cc8e44dbd557d,True,1.0,1.0,0.8575507339396624,1.0,1.0,1.0,0.940646139141526
2075,1de80c2e4aca5f33,True,1.0,1.0,0.784558111585022,1.0,1.0,1.0,0.9102325464937592
2076,98a1233e3db75a8a,True,1.0,1.0,0.9445438407855339,1.0,1.0,1.0,0.9768932669939724
2077,85ab290d4e535060,True,1.0,1.0,0.5366913815136946,1.0,1.0,1.0,0.8069547422973727
2078,684dc9c8167b5189,True,1.0,1.0,0.5624337214124216,1.0,1.0,1.0,0.8176807172551758
2079,4581d95a873c5679,True,1.0,0.0,0.0,0.0,1.0,0.0,0.0
2080,5138bac9ac59508f,True,1.0,1.0,0.6304286919224154,1.0,1.0,1.0,0.8460119549676731
2081,b27bfe84cc545daa,True,1.0,1.0,0.9867170452609105,1.0,1.0,1.0,0.9944654355253794
2082,b8d114f0304d5f87,True,1.0,1.0,1.0,1.0,1.0,1.0,1.0
2083,557690c1c31357b1,True,1.0,1.0,0.9438161851450336,1.0,1.0,1.0,0.9765900771437641
2084,12f96c65436e56bf,True,1.0,1.0,1.0,1.0,1.0,1.0,1.0
2085,3befac537db85c6c,True,1.0,1.0,1.0,1.0,1.0,1.0,1.0
2086,d6396ef1c0c55d33,True,1.0,1.0,0.8469817582634244,1.0,1.0,1.0,0.9362423992764267
2087,c2cfb091173a5ca2,True,1.0,1.0,1.0,1.0,1.0,1.0,1.0
2088,970cfee3bc7d5e3d,True,1.0,1.0,0.9340648077657633,0.0,1.0,1.0,0.5558603365690681
2089,912bc19c43a15d8d,True,1.0,1.0,0.8293938329825588,0.0,1.0,1.0,0.5122474304093995
2090,c928d5d9ddc25082,True,1.0,1.0,1.0,1.0,1.0,1.0,1.0
2091,9e032298e808528a,True,1.0,1.0,0.5901374837610329,1.0,1.0,1.0,0.829223951567097
2092,3346340e1c275766,True,1.0,0.0,0.0,1.0,1.0,1.0,0.0
2093,4024c1a4953e57a7,True,1.0,1.0,1.0,1.0,1.0,1.0,1.0
2094,0b2839db08ae5ed6,True,1.0,1.0,0.7355121297747772,1.0,1.0,1.0,0.8897967207394905
2095,cd7568df56095ff2,True,1.0,1.0,1.0,1.0,1.0,1.0,1.0
2096,04676f5bccee5447,True,1.0,1.0,0.48787001800129787,1.0,1.0,1.0,0.7866125075005407
2097,2381f042c0855f20,True,1.0,1.0,1.0,1.0,1.0,1.0,1.0
2098,a73f7d7149c45478,True,1.0,1.0,0.6038557828715088,1.0,1.0,1.0,0.8349399095297954
2099,d4187db8dc625207,True,1.0,1.0,0.9195257118077015,1.0,1.0,1.0,0.9664690465865423
2100,776069d80826529d,True,1.0,1.0,0.6870255135511651,1.0,1.0,1.0,0.8695939639796522
2101,5ea36cebd2575b16,True,1.0,1.0,1.0,1.0,1.0,1.0,1.0
2102,a9c368a110585b1a,True,1.0,1.0,1.0,1.0,1.0,0.5,1.0
2103,70da6b21101d555f,True,1.0,1.0,1.0,1.0,1.0,0.0,1.0
2104,abd6e8c330ea5694,True,1.0,1.0,0.8104523106821226,1.0,1.0,1.0,0.9210217961175511
2105,accb5d206fd05911,True,1.0,1.0,0.7392399366146641,1.0,1.0,1.0,0.8913499735894433
2106,51c2558524435a31,True,1.0,1.0,0.8900085744864128,1.0,1.0,1.0,0.9541702393693386
2107,8abfcd61303b52df,True,1.0,1.0,0.7211981394823365,1.0,1.0,1.0,0.8838325581176402
2108,d243aa8117495932,True,1.0,1.0,1.0,1.0,1.0,1.0,1.0
2109,910ce583575e5f8d,True,1.0,1.0,0.7058231442126612,1.0,1.0,1.0,0.8774263100886088
2110,217307a367fd551a,True,1.0,1.0,0.7442150970024547,1.0,1.0,1.0,0.893422957084356
2111,5c934edce20758e5,True,1.0,1.0,0.7180612610521713,1.0,1.0,1.0,0.8825255254384047
2112,e2e2578cd6b6505f,True,1.0,1.0,0.6773923535895848,1.0,1.0,1.0,0.8655801473289936
2113,6e163d828a555eee,True,1.0,1.0,1.0,1.0,1.0,1.0,1.0
2114,d71f89f4f6e350b8,True,1.0,1.0,0.9234189866023028,1.0,1.0,1.0,0.9680912444176263
2115,95612e81595b568f,True,1.0,1.0,0.9426925421080411,1.0,1.0,1.0,0.9761218925450171
2116,862e27b57f9d50ac,True,1.0,1.0,0.9035897171695477,1.0,1.0,1.0,0.9598290488206449
2117,30d60ce25f4d552e,True,1.0,1.0,0.8443904781421492,1.0,1.0,1.0,0.9351626992258955
2118,9c45919236c051c0,True,1.0,1.0,0.9531688340357086,1.0,1.0,1.0,0.9804870141815453
2119,daa3dbcfc784564c,True,1.0,1.0,0.7473854100249017,1.0,1.0,1.0,0.894743920843709
2120,595596a88cce5c9d,True,1.0,1.0,0.7987645008161174,1.0,1.0,1.0,0.9161518753400489
2121,59c00098b95d53b8,True,1.0,1.0,0.6978643177190513,1.0,1.0,1.0,0.874110132382938
2122,3099475cc5365074,True,1.0,1.0,1.0,1.0,1.0,1.0,1.0
2123,299e19fc72e65ac5,True,1.0,1.0,1.0,1.0,1.0,0.0,1.0
2124,29a576f5351a5162,True,1.0,1.0,0.7246124720329077,1.0,1.0,1.0,0.8852551966803782
2125,9313777d021e5255,True,1.0,1.0,1.0,1.0,1.0,1.0,1.0
2126,243480f0f2545b3b,True,1.0,1.0,1.0,1.0,1.0,1.0,1.0
2127,9a15d775514e5018,True,1.0,1.0,0.6773662762820776,1.0,1.0,1.0,0.865569281784199
2128,806b0f2b2ade5454,True,1.0,1.0,1.0,1.0,1.0,1.0,1.0
2129,9406203fdb815e58,True,1.0,1.0,0.7814852729338908,1.0,1.0,1.0,0.9089521970557879
2130,62013ac84b3a57e5,True,1.0,1.0,0.8438713934658487,1.0,1.0,1.0,0.9349464139441036
2131,9d7030a6966b54cd,True,1.0,1.0,1.0,1.0,1.0,1.0,1.0
2132,96a252e16d1553e1,True,1.0,1.0,0.9709080910117331,1.0,1.0,1.0,0.9878783712548888
2133,9707c6cbc83556f6,True,1.0,1.0,1.0,1.0,1.0,1.0,1.0
2134,0715626fc800527e,True,1.0,1.0,1.0,1.0,1.0,1.0,1.0
2135,1e1878076a0b52d6,True,1.0,1.0,0.8688299895318548,1.0,1.0,1.0,0.9453458289716061
2136,09fda519bc395630,True,1.0,1.0,0.9478816839431087,1.0,1.0,1.0,0.9782840349762952
2137,262c4400163e5d8e,True,1.0,1.0,0.8093155387471961,1.0,1.0,1.0,0.920548141144665
2138,639b55d4b2b65d0a,True,1.0,1.0,0.7205397075904991,1.0,1.0,1.0,0.8835582114960413
2139,0334cae9f1ef56ae,True,1.0,1.0,0.8725968519250152,1.0,1.0,1.0,0.9469153549687563
2140,8aa8e3e16c035d5e,True,1.0,1.0,1.0,1.0,1.0,1.0,1.0
2141,cc934224447a5c86,True,1.0,1.0,0.8047158467739401,1.0,1.0,0.5,0.918631602822475
2142,df7e2f19b3cc5ba6,True,1.0,1.0,1.0,1.0,1.0,1.0,1.0
2143,fc4bdb76d30553b0,True,1.0,1.0,0.8011513275604606,1.0,1.0,1.0,0.9171463864835253
2144,948e3c9e26805b86,True,1.0,1.0,1.0,1.0,1.0,1.0,1.0
2145,f750e0c7f8375bae,True,1.0,1.0,0.7257213488401442,1.0,1.0,1.0,0.8857172286833933
2146,6fa01275a4525b26,True,1.0,1.0,0.9283487027670976,1.0,1.0,1.0,0.970145292819624
2147,80b61a3a73f55af9,True,1.0,1.0,1.0,1.0,1.0,1.0,1.0
2148,ccd1908db4765e03,True,1.0,1.0,1.0,1.0,1.0,0.0,1.0
2149,dd43c6087aca5206,True,1.0,1.0,0.7149117065511111,1.0,1.0,1.0,0.881213211062963
2150,39b4d546300958ad,True,1.0,1.0,1.0,1.0,1.0,1.0,1.0
2151,84ed0a5827f656d8,True,1.0,1.0,0.8496163718359706,1.0,1.0,1.0,0.9373401549316545
2152,ed95bd64d5a555c8,True,1.0,1.0,0.7944483325681599,1.0,1.0,1.0,0.9143534719034
2153,1e01550fc9d656d8,True,1.0,1.0,0.7692705205928103,1.0,1.0,1.0,0.9038627169136709
2154,4768080b04d5530e,True,1.0,1.0,0.9712671115835867,1.0,1.0,1.0,0.9880279631598278
2155,a366d90f10ca5866,True,1.0,1.0,0.9656356894791054,1.0,1.0,1.0,0.9856815372829605
2156,ec611f7d00d85b31,True,1.0,1.0,1.0,1.0,1.0,1.0,1.0
2157,c962887d22e95f88,True,1.0,1.0,1.0,1.0,1.0,1.0,1.0
2158,58b0a1db2a145780,True,1.0,0.0,0.0,1.0,1.0,1.0,0.0
2159,fda70850d06c51a1,True,1.0,1.0,1.0,1.0,1.0,1.0,1.0
2160,70b8c89829d05f30,True,1.0,1.0,1.0,1.0,1.0,1.0,1.0
2161,699a6c3e2fc4597e,True,1.0,1.0,0.8636895555462272,1.0,1.0,1.0,0.9432039814775947
2162,eba929a6772254e4,True,1.0,1.0,0.5600984033690691,1.0,1.0,1.0,0.8167076680704456
2163,305634c7b587567f,True,1.0,1.0,0.8239566537075935,1.0,1.0,1.0,0.9266486057114974
2164,d395fa715d3e58c7,True,1.0,1.0,1.0,1.0,1.0,1.0,1.0
2165,c9968e9ec0135b9d,True,1.0,1.0,1.0,1.0,1.0,1.0,1.0
2166,742ac4ddb9d7557d,True,1.0,1.0,1.0,1.0,1.0,1.0,1.0
2167,b3b8544db9025d6a,True,0.0,1.0,0.0,0.0,1.0,1.0,0.0
2168,9873c047e9155996,True,1.0,1.0,0.7637702508028018,1.0,1.0,1.0,0.9015709378345007
2169,65107c981e1c568c,True,1.0,1.0,1.0,1.0,1.0,1.0,1.0
2170,fd3606c29f3f57fb,True,1.0,1.0,0.8005720100989364,1.0,1.0,1.0,0.9169050042078902
2171,594e39f9024a5835,True,1.0,1.0,0.8468230492934548,1.0,1.0,1.0,0.9361762705389395
2172,963324efc6715315,True,1.0,1.0,1.0,1.0,1.0,1.0,1.0
2173,9c100482944751b3,True,1.0,1.0,0.964150034991506,1.0,1.0,1.0,0.9850625145797941
2174,b0c4bad4c4fa5060,True,1.0,1.0,0.9603969742321413,1.0,1.0,1.0,0.9834987392633922
2175,03269d4ad9e45809,True,1.0,1.0,0.7567609540680017,1.0,1.0,1.0,0.8986503975283341
2176,21b54e6d58985ae3,True,1.0,1.0,1.0,1.0,1.0,1.0,1.0
2177,7fa739c174a55eaa,True,1.0,1.0,0.8082576825516123,1.0,1.0,1.0,0.9201073677298385
2178,f39952caeb2b5014,True,1.0,1.0,1.0,1.0,1.0,1.0,1.0
2179,88e453ca4644586f,True,1.0,0.0,0.0,1.0,1.0,1.0,0.0
2180,ddf3383ec8965d9b,True,1.0,1.0,0.806439739042648,1.0,1.0,1.0,0.9193498912677699
2181,9900336c08095d0f,True,1.0,1.0,0.7631532147833058,1.0,1.0,0.5,0.901313839493044
2182,63f4362f90ef55a1,True,1.0,1.0,0.8826146483976199,1.0,1.0,1.0,0.9510894368323416
2183,f4f1692fee475afa,True,1.0,1.0,0.8879188460372338,1.0,1.0,1.0,0.9532995191821808
2184,adb5cfe871c55445,True,1.0,1.0,1.0,1.0,1.0,1.0,1.0
2185,e18ca78f3c5f5a04,True,1.0,1.0,1.0,1.0,1.0,1.0,1.0
2186,8c1e2438ad5f514a,True,1.0,1.0,1.0,1.0,1.0,1.0,1.0
2187,7f3ebea7b3415f87,True,1.0,1.0,0.8558150701385047,1.0,1.0,1.0,0.9399229458910435
2188,cedd32ec31e45cd9,True,1.0,1.0,0.7400807311693877,1.0,1.0,1.0,0.8917003046539115
2189,2cc421e9b3fd5c17,True,1.0,1.0,0.947299450520341,1.0,1.0,1.0,0.9780414377168087
2190,ba8e8393326d5652,True,1.0,1.0,0.9270377923935447,1.0,1.0,1.0,0.969599080163977
2191,dd07f89bea6f5147,True,1.0,1.0,0.9279886745548646,1.0,1.0,1.0,0.9699952810645268
2192,2cde4f39412a556d,True,1.0,1.0,0.8948155190428082,1.0,1.0,1.0,0.9561731329345035
2193,2ba3f7adca335912,True,1.0,1.0,0.9086284040607854,1.0,1.0,0.5,0.961928501691994
2194,c52f491ebd5b521a,True,1.0,1.0,0.7889635680145809,1.0,1.0,1.0,0.9120681533394087
2195,2836705e16ba5691,True,1.0,1.0,0.9346338952907154,1.0,1.0,1.0,0.972764123037798
2196,2497a4b846f25d99,True,1.0,1.0,0.702310510798457,1.0,1.0,1.0,0.8759627128326904
2197,c665621fe4e455cb,True,1.0,1.0,0.7229308260114029,1.0,1.0,1.0,0.8845545108380847
2198,e9fcec80707952c3,True,1.0,1.0,0.6175486092672614,1.0,1.0,1.0,0.8406452538613589
2199,e4eebb1bdcdf5ae6,True,1.0,1.0,0.9572826708850185,1.0,1.0,1.0,0.9822011128687578
2200,828b1011212253c6,True,1.0,1.0,1.0,1.0,1.0,1.0,1.0
2201,86db4cfb30b55a5e,True,1.0,1.0,1.0,1.0,1.0,1.0,1.0
2202,e76cb8b17f8f51f3,True,0.0,1.0,0.0,1.0,1.0,1.0,0.0
2203,1586b456d978588f,True,1.0,1.0,0.9379031464167843,1.0,1.0,1.0,0.9741263110069935
2204,e7ae612e880e5d5f,True,1.0,1.0,0.9657771914159298,1.0,1.0,1.0,0.9857404964233041
2205,3eaf6c916382509b,True,1.0,1.0,0.861147290529866,1.0,1.0,1.0,0.9421447043874442
2206,d57dda19866556c3,True,1.0,1.0,0.8219099969778101,1.0,1.0,1.0,0.9257958320740874
2207,d2f121776fd05b4b,True,1.0,1.0,1.0,1.0,1.0,1.0,1.0
2208,4afad5f528f45dfe,True,1.0,0.0,0.0,1.0,1.0,1.0,0.0
2209,94ae12c4703950be,True,1.0,1.0,0.8239890109865062,1.0,1.0,1.0,0.9266620879110442
2210,4ad7866306895cca,True,1.0,1.0,0.6135174330299453,1.0,1.0,1.0,0.8389655970958105
2211,9a00d37375a95d7e,True,1.0,1.0,0.5436893767610875,1.0,1.0,1.0,0.8098705736504531
2212,86cb3350b50b570b,True,1.0,1.0,0.7186989611188817,1.0,1.0,1.0,0.8827912337995341
2213,747f309bac56509f,True,1.0,1.0,0.9121801587133721,1.0,1.0,1.0,0.963408399463905
2214,ea789512f1be5a47,True,1.0,1.0,1.0,1.0,1.0,1.0,1.0
2215,28ecaf0359ee5029,True,1.0,1.0,1.0,1.0,1.0,1.0,1.0
2216,a305b24487775cfc,True,1.0,1.0,1.0,0.0,1.0,1.0,0.5833333333333334
2217,b94fd2088a4f5688,True,0.5,1.0,0.3916793864315291,0.0,1.0,1.0,0.16493320550656856
2218,53d3787367c75240,True,1.0,1.0,1.0,1.0,1.0,1.0,1.0
2219,8ec53979117552c7,True,1.0,1.0,0.7268615277873796,1.0,1.0,1.0,0.8861923032447415
2220,4c24c3efe0e4519d,True,1.0,1.0,0.7965189089683532,1.0,1.0,1.0,0.9152162120701473
2221,302d9a7758625a37,True,1.0,1.0,1.0,1.0,1.0,1.0,1.0
2222,71a5ed00dbe85089,True,1.0,1.0,0.6595726791285185,1.0,1.0,1.0,0.858155282970216
2223,02e3c13aa3975b02,True,1.0,1.0,0.8273583450309162,1.0,1.0,1.0,0.9280659770962151
2224,a66477a84cc05f05,True,1.0,1.0,1.0,1.0,1.0,1.0,1.0
2225,3b34e3fd5b9e5767,True,1.0,1.0,0.5761678030391877,1.0,1.0,1.0,0.8234032512663282
2226,2c21ad85949653a6,True,1.0,1.0,1.0,1.0,1.0,1.0,1.0
2227,0f622aef14545f59,True,1.0,1.0,0.8318767159475495,1.0,1.0,1.0,0.9299486316448123
2228,09a81436114951ab,True,1.0,1.0,0.9112952322125348,1.0,1.0,1.0,0.9630396800885562
2229,977f40bd144b59e9,True,1.0,1.0,0.8307045894723595,1.0,1.0,1.0,0.9294602456134831
2230,c054f473288d5515,True,1.0,1.0,0.8338513306642115,1.0,1.0,1.0,0.9307713877767547
2231,ec1dd3d02f035d78,True,1.0,1.0,0.9897379367474142,0.0,1.0,1.0,0.5790574736447559
2232,96c8893a610b51ba,True,1.0,1.0,0.8139891323637234,1.0,1.0,1.0,0.922495471818218
2233,9f3b77fe8cd3541c,True,1.0,1.0,0.8736863286958974,1.0,1.0,1.0,0.9473693036232905
2234,580b253c853c5ef9,True,1.0,1.0,1.0,1.0,1.0,1.0,1.0
2235,8676d43a96795310,True,1.0,1.0,0.8727268569838604,1.0,1.0,1.0,0.9469695237432751
2236,39bbb12794ca56a3,True,1.0,1.0,0.6605136987521413,1.0,1.0,1.0,0.8585473744800588
2237,0093ff0188ea5b90,True,1.0,1.0,1.0,1.0,1.0,1.0,1.0
2238,f7544894729252f5,True,1.0,1.0,0.7707444414719049,1.0,1.0,1.0,0.9044768506132937
2239,cb61b4237ad25a7c,True,0.0,1.0,0.0,0.0,1.0,1.0,0.0
2240,0bc64fd1b3ff5d1a,True,0.0,1.0,0.0,0.0,1.0,1.0,0.0
2241,3cfcca572cdc5b75,True,1.0,0.0,0.0,1.0,1.0,1.0,0.0
2242,13c555e68671524f,True,1.0,0.0,0.0,1.0,1.0,1.0,0.0
2243,842d40cd41cf56e8,True,1.0,1.0,0.7950843455060537,1.0,1.0,1.0,0.914618477294189
2244,4f6abcc897955dfd,True,1.0,1.0,1.0,1.0,1.0,0.0,1.0
2245,11cad3355c7b55dd,True,1.0,1.0,0.9289909552436086,1.0,1.0,1.0,0.9704128980181702
2246,2f1f5a4351e15458,True,1.0,1.0,0.910110779433446,1.0,1.0,1.0,0.9625461580972692
2247,8ac66bedd6d057d2,True,1.0,1.0,0.5752188217584246,1.0,1.0,1.0,0.8230078423993437
2248,98c7a48dd75052ab,True,1.0,1.0,0.9277799418037703,1.0,1.0,1.0,0.9699083090849042
2249,a4bc6340456351af,True,1.0,1.0,1.0,1.0,1.0,1.0,1.0
2250,97b9989fa3675cab,True,1.0,0.0,0.0,1.0,1.0,1.0,0.0
2251,5bb6cc197a7455e4,True,1.0,1.0,1.0,1.0,1.0,1.0,1.0
2252,6de8e1962fc4559a,True,1.0,0.0,0.0,1.0,1.0,1.0,0.0
2253,c8aeadf284a05f44,True,1.0,1.0,0.7035235439793603,1.0,1.0,1.0,0.8764681433247334
2254,5d5d1442b83d5c5c,True,1.0,1.0,0.728269706800329,1.0,1.0,1.0,0.8867790445001371
2255,2818ed317df9550a,True,1.0,1.0,0.9139774116329656,1.0,1.0,1.0,0.9641572548470689
2256,b5e7acb62778580b,True,1.0,1.0,0.9525479375716851,1.0,1.0,1.0,0.9802283073215353
2257,485b3e83878255b2,True,1.0,1.0,0.7505678928713522,1.0,1.0,1.0,0.8960699553630634
2258,49a0d29c7058501c,True,1.0,1.0,0.7464559744332434,1.0,1.0,1.0,0.8943566560138514
2259,0e74f7b5b7c45c1b,True,1.0,1.0,0.8458367189874358,1.0,1.0,1.0,0.9357652995780983
2260,581a74871330567f,True,1.0,1.0,1.0,1.0,1.0,1.0,1.0
2261,065ec41ed01d59ca,True,1.0,1.0,1.0,1.0,1.0,1.0,1.0
2262,1a3569d56fbf5521,True,1.0,1.0,0.6822815023007516,1.0,1.0,1.0,0.8676172926253131
2263,9fe281ced54b55b2,True,1.0,1.0,0.9730143701054335,1.0,1.0,1.0,0.9887559875439306
2264,00eb3a4e0f8052e9,True,1.0,1.0,0.7905874431710554,1.0,1.0,1.0,0.9127447679879398
2265,748a5531d6415e0c,True,1.0,1.0,1.0,1.0,1.0,1.0,1.0
2266,8f5cefce0c0259d9,True,1.0,1.0,0.8094318565317754,1.0,1.0,1.0,0.9205966068882399
2267,4f8d9bfa869553bb,True,1.0,1.0,1.0,1.0,1.0,1.0,1.0
2268,b24954d56c155570,True,1.0,1.0,1.0,1.0,1.0,1.0,1.0
2269,bc2fe3314b345c63,True,1.0,1.0,0.9653755510614278,1.0,1.0,1.0,0.9855731462755949
2270,4fabf8c780005e4f,True,1.0,1.0,1.0,1.0,1.0,1.0,1.0
2271,0f31cc38f9f55c9a,True,1.0,1.0,0.7879174943834067,1.0,1.0,1.0,0.9116322893264194
2272,a4fb656f624e5458,True,1.0,1.0,0.7603556743391506,1.0,1.0,1.0,0.9001481976413128
2273,748779bcdb5b5a49,True,1.0,1.0,0.9702492408966596,1.0,1.0,1.0,0.9876038503736083
2274,cb7ce9515c495674,True,1.0,1.0,0.766050080191324,1.0,1.0,1.0,0.902520866746385
2275,276396e455bb57b5,True,1.0,1.0,0.637096145850403,1.0,1.0,1.0,0.8487900607710013
2276,5099c20d468f5cf4,True,1.0,1.0,0.889726731187462,1.0,1.0,1.0,0.9540528046614426
2277,2a5a7c87bce352a7,True,1.0,1.0,0.8372733774999275,1.0,1.0,1.0,0.9321972406249698
2278,0b232677746253a0,True,1.0,1.0,1.0,1.0,1.0,1.0,1.0
2279,d25b6512a43f5e54,True,1.0,1.0,0.824045287868022,0.0,1.0,1.0,0.5100188699450091
2280,f7e52770089e5230,True,1.0,1.0,0.6924138040008025,1.0,1.0,1.0,0.8718390850003344
2281,f419cea88ed9500b,True,1.0,1.0,0.8286939789356794,1.0,1.0,1.0,0.9286224912231997
2282,8d8f5c8c6c29525c,True,1.0,1.0,0.8437091338117374,1.0,1.0,1.0,0.9348788057548907
2283,919fcdbcf46f58d1,True,1.0,1.0,0.9780433041707932,1.0,1.0,1.0,0.9908513767378304
2284,6561633171e75bb6,True,1.0,1.0,1.0,1.0,1.0,1.0,1.0
2285,56b80cb2ca2c5983,True,1.0,1.0,0.6021746033442246,1.0,1.0,1.0,0.8342394180600935
2286,cd89b212efe9585a,True,1.0,1.0,1.0,1.0,1.0,1.0,1.0
2287,b5b0ab149f9055db,True,1.0,1.0,0.5914746358509202,1.0,1.0,1.0,0.8297810982712167
2288,c0a12f1497045322,True,1.0,1.0,0.8968296741637874,1.0,1.0,1.0,0.9570123642349114
2289,125a155883e55be7,True,1.0,1.0,0.5807119969410549,1.0,1.0,1.0,0.8252966653921062
2290,6e778c30490d5f50,True,1.0,1.0,0.7984246092102318,1.0,1.0,1.0,0.9160102538375966
2291,2b65a8a29c455d00,True,1.0,1.0,0.8058887283293306,1.0,1.0,1.0,0.9191203034705544
2292,eadc0f19b54352ae,True,1.0,1.0,0.7997828442897469,1.0,1.0,1.0,0.9165761851207278
2293,248a920cf01751f1,True,1.0,1.0,1.0,1.0,1.0,1.0,1.0
2294,5691c7c24fdd5e16,True,1.0,1.0,1.0,1.0,1.0,1.0,1.0
2295,4b6430ca30c45a3c,True,1.0,1.0,0.5990580872772179,1.0,1.0,1.0,0.8329408696988407
2296,3f5c9cc5b40a5ff5,True,1.0,1.0,0.5910281428057879,1.0,1.0,1.0,0.8295950595024116
2297,4a0ba18cefc05c63,True,1.0,1.0,1.0,1.0,1.0,1.0,1.0
2298,755461a5329554de,True,1.0,1.0,0.8641727754322699,1.0,1.0,1.0,0.943405323096779
2299,ea9f070b56115301,True,1.0,1.0,0.961845347351179,0.0,1.0,1.0,0.5674355613963246
2300,163c9ec0110e5384,True,1.0,1.0,0.7101391481564355,1.0,1.0,1.0,0.8792246450651815
2301,367ee5f18e345a72,True,1.0,1.0,0.9302898160064478,1.0,1.0,1.0,0.9709540900026866
2302,526a568a22795441,True,1.0,1.0,1.0,1.0,1.0,1.0,1.0
2303,f004b5e4838455f3,True,1.0,1.0,0.6232963569748189,1.0,1.0,1.0,0.8430401487395079
2304,b5a8b9b436b05bad,True,1.0,1.0,1.0,1.0,1.0,1.0,1.0
2305,dd2b5010e1d25d72,True,1.0,1.0,0.8732747618604753,1.0,1.0,1.0,0.9471978174418648
2306,e14d9a1990535a29,True,1.0,1.0,1.0,1.0,1.0,1.0,1.0
2307,74d0c56b12f25f92,True,1.0,1.0,0.8516017695073598,1.0,1.0,1.0,0.9381674039614
2308,15b25b99cf2d5965,True,1.0,1.0,1.0,1.0,1.0,1.0,1.0
2309,398010cdaac05adc,True,1.0,1.0,0.9666927275799412,1.0,1.0,1.0,0.9861219698249754
2310,bc667a4fc0f454d7,True,1.0,1.0,0.8795593244473782,1.0,1.0,1.0,0.9498163851864075
2311,15959d7a3d3a53f5,True,1.0,1.0,0.5673911160819025,1.0,1.0,1.0,0.8197462983674594
2312,342953cadb9f57b2,True,1.0,1.0,0.7489109150622634,1.0,1.0,1.0,0.8953795479426097
2313,866fab78f1da518b,True,1.0,1.0,1.0,1.0,1.0,1.0,1.0
2314,9464277f29025ad8,True,1.0,0.0,0.0,1.0,1.0,1.0,0.0
2315,69bcdc8c577252f4,True,1.0,1.0,1.0,1.0,1.0,1.0,1.0
2316,834cf95826ec5c73,True,1.0,1.0,0.7753980124816985,1.0,1.0,1.0,0.906415838534041
2317,39a769c19105586e,True,1.0,1.0,0.6197447328297547,1.0,1.0,1.0,0.8415603053457312
2318,c8bf5f09438e5507,True,1.0,1.0,1.0,1.0,1.0,1.0,1.0
2319,f211c8127aff5246,True,1.0,1.0,0.9795095935595911,1.0,1.0,1.0,0.9914623306498296
2320,37b96c1d86665204,True,1.0,1.0,0.8091943587851227,1.0,1.0,1.0,0.9204976494938011
2321,16a2c04634ab5112,True,1.0,1.0,0.9683356414859028,1.0,1.0,1.0,0.9868065172857928
2322,191dc35423a85d10,True,1.0,1.0,0.959298849232006,1.0,1.0,1.0,0.9830411871800026
2323,7ebca95e877a557b,True,1.0,1.0,0.9244084929202848,1.0,1.0,1.0,0.9685035387167854
2324,9e991901a49a55ea,True,1.0,1.0,1.0,1.0,1.0,1.0,1.0
2325,4332fab190e05b95,True,1.0,1.0,1.0,1.0,1.0,1.0,1.0
2326,6326d00e52115da4,True,1.0,1.0,1.0,1.0,1.0,1.0,1.0
2327,e0e85d4fc9545225,True,1.0,1.0,0.6101324861439319,1.0,1.0,1.0,0.8375552025599716
2328,e1f6c044f4235462,True,1.0,1.0,0.601990215997705,1.0,1.0,1.0,0.8341625899990438
2329,0e198cad33c65494,True,1.0,1.0,0.7660026821528771,1.0,1.0,1.0,0.9025011175636988
2330,0f83bb5cecbe56df,True,1.0,1.0,0.8088043316339918,1.0,1.0,1.0,0.92033513818083
2331,1423dcf83efa5241,True,1.0,1.0,0.692259981628982,1.0,1.0,1.0,0.8717749923454091
2332,693ca321449e5a83,True,1.0,1.0,0.785258940522436,1.0,1.0,1.0,0.910524558551015
2333,6debfcfccc75589c,True,1.0,1.0,0.7908102877265324,1.0,1.0,1.0,0.9128376198860552
2334,113d448b6ea8555c,True,1.0,1.0,1.0,1.0,1.0,1.0,1.0
2335,059ce9cd10135396,True,1.0,1.0,0.9190958054502084,1.0,1.0,1.0,0.9662899189375868
2336,69742b86e6b25ecc,True,1.0,1.0,0.5409288142424177,1.0,1.0,1.0,0.8087203392676741
2337,df2ff4c2c9785df6,True,1.0,1.0,0.8223438723032481,1.0,1.0,1.0,0.9259766134596866
2338,e360cb69b8a55a47,True,1.0,1.0,0.9167253571981054,1.0,1.0,1.0,0.9653022321658774
2339,1f381d3a242b54f0,True,1.0,1.0,0.7722068125720297,1.0,1.0,1.0,0.9050861719050124
2340,ae878998fecb50a5,True,1.0,1.0,0.729587771507331,1.0,1.0,1.0,0.8873282381280546
2341,e92c94f8bdcc54c6,True,1.0,1.0,0.8449747652539644,1.0,1.0,1.0,0.9354061521891518
2342,ee82b0fc7b2a5208,True,1.0,1.0,0.7043113332936497,1.0,1.0,1.0,0.876796388872354
2343,50209c502bd157c8,True,1.0,1.0,0.7385221529948531,1.0,1.0,1.0,0.8910508970811888
2344,7ffee2481b68517c,True,1.0,1.0,1.0,1.0,1.0,0.5,1.0
2345,064018bfafb05f56,True,1.0,1.0,0.8731390041233787,1.0,1.0,1.0,0.9471412517180745
2346,63a80bcca90b5dec,True,1.0,0.0,0.0,1.0,1.0,1.0,0.0
2347,7fb4ab2c7e8c527f,True,1.0,1.0,1.0,1.0,1.0,1.0,1.0
2348,15bfed200b0d570e,True,1.0,1.0,0.7585953600320713,1.0,1.0,1.0,0.8994147333466964
2349,45f13336bbd35146,True,1.0,1.0,0.8753744840195371,1.0,1.0,1.0,0.9480727016748071
2350,22a3a112a0485c4c,True,1.0,1.0,1.0,1.0,1.0,1.0,1.0
2351,2ec48f094e475d85,True,1.0,1.0,1.0,1.0,1.0,1.0,1.0
2352,7cdcc814be255d9f,True,1.0,1.0,0.9802247061655853,1.0,1.0,1.0,0.9917602942356606
2353,624b5f7f1f4a503e,True,1.0,1.0,0.6007071372087852,1.0,1.0,1.0,0.8336279738369937
2354,b15572e37ce95d98,True,1.0,1.0,1.0,1.0,1.0,1.0,1.0
2355,d0dcc4b5cf6a53ab,True,1.0,1.0,1.0,1.0,1.0,1.0,1.0
2356,1175b3b9d27252ef,True,1.0,1.0,1.0,1.0,1.0,1.0,1.0
2357,f8b8b8ee49205def,True,1.0,0.0,0.0,1.0,1.0,1.0,0.0
2358,6498149e85ef5b8d,True,1.0,1.0,1.0,1.0,1.0,1.0,1.0
2359,33ecaddeb5735faf,True,1.0,1.0,0.8656151672625155,1.0,1.0,1.0,0.9440063196927149
2360,f3a327d6e0e45d9a,True,1.0,1.0,1.0,1.0,1.0,0.0,1.0
2361,eda3453c6d5355e0,True,1.0,1.0,0.7801757652288647,1.0,1.0,1.0,0.9084065688453603
2362,028613e11f415422,True,1.0,1.0,0.8818038351222185,1.0,1.0,1.0,0.950751597967591
2363,b5b7e0338624532b,True,1.0,1.0,1.0,1.0,1.0,1.0,1.0
2364,9016f4b84afb5913,True,1.0,1.0,1.0,1.0,1.0,1.0,1.0
2365,291d82d04ec359e0,True,1.0,1.0,0.7499189015404895,1.0,1.0,1.0,0.8957995423085373
2366,8e04fd5e1613597a,True,1.0,1.0,0.8640867488215299,1.0,1.0,1.0,0.9433694786756375
2367,f2508193ac0c5f27,True,1.0,1.0,0.7068098129522903,1.0,1.0,1.0,0.8778374220634543
2368,929fe68adaef5ee7,True,1.0,1.0,0.5754468214061585,1.0,1.0,1.0,0.823102842252566
2369,faf6d9be89f0538c,True,1.0,1.0,0.7589712499468684,1.0,1.0,1.0,0.8995713541445284
2370,1a1aa689c53951ba,True,1.0,1.0,1.0,0.0,1.0,1.0,0.5833333333333334
2371,6a090fe8d71a5f38,True,1.0,1.0,0.9738385650546687,1.0,1.0,1.0,0.989099402106112
2372,e6025eb182885adb,True,1.0,1.0,0.8189042461893498,1.0,1.0,1.0,0.9245434359122292
2373,3a76a6ab17535552,True,1.0,1.0,0.9058233694161351,1.0,1.0,1.0,0.960759737256723
2374,e29b049a9bf3509c,True,1.0,1.0,1.0,1.0,1.0,1.0,1.0
2375,8364af67153a5193,True,1.0,1.0,0.9065390986259251,1.0,1.0,1.0,0.9610579577608022
2376,e9a26f1753a85a88,True,1.0,1.0,1.0,0.0,1.0,1.0,0.5833333333333334
2377,78e8eab14d8e5d65,True,1.0,1.0,0.9179656338226381,1.0,1.0,1.0,0.9658190140927658
2378,51e74fb3d9945768,True,1.0,1.0,0.7982002851789993,1.0,1.0,1.0,0.9159167854912497
2379,c056dcf1096258a4,True,1.0,1.0,1.0,1.0,1.0,1.0,1.0
2380,4d0df74bfb035f8a,True,1.0,1.0,0.6283044719245896,1.0,1.0,1.0,0.8451268633019123
2381,d1ef1e42fa15573d,True,1.0,1.0,0.6413888138397879,1.0,1.0,1.0,0.850578672433245
2382,7d59e0ea1e0d524b,True,1.0,1.0,0.5695112960460078,1.0,1.0,1.0,0.8206297066858367
2383,569f53e485335820,True,1.0,1.0,0.8361624046855062,1.0,1.0,1.0,0.9317343352856277
2384,7d80c95c24645b06,True,1.0,1.0,1.0,1.0,1.0,1.0,1.0
2385,6b977574e52a5f1b,True,1.0,1.0,1.0,1.0,1.0,1.0,1.0
2386,ce3a4f649e23590d,True,1.0,1.0,0.8747352612319921,1.0,1.0,1.0,0.9478063588466634
2387,62eac0a6b7e05fbf,True,1.0,1.0,1.0,1.0,1.0,1.0,1.0
2388,9a24a904a324581d,True,1.0,1.0,1.0,1.0,1.0,1.0,1.0
2389,cdae0433bb5d5b9e,True,1.0,1.0,1.0,1.0,1.0,1.0,1.0
2390,944eece37ff15fa1,True,1.0,1.0,0.857763808301485,1.0,1.0,1.0,0.9407349201256188
2391,a9c9765a005351b9,True,1.0,1.0,1.0,1.0,1.0,1.0,1.0
2392,3789d42ea83f569d,True,1.0,1.0,0.7229029039901946,1.0,1.0,1.0,0.884542876662581
2393,54b1308d42085066,True,1.0,1.0,0.999401682810583,1.0,1.0,1.0,0.9997507011710761
2394,844760894a04505a,True,1.0,1.0,1.0,1.0,1.0,1.0,1.0
2395,b662afef6f935725,True,1.0,1.0,0.5592153381065539,1.0,1.0,1.0,0.8163397242110642
2396,70e50d9b18305fa4,True,1.0,1.0,0.7036637891373001,1.0,1.0,1.0,0.8765265788072084
2397,4742cf16ab0f515b,True,1.0,1.0,1.0,1.0,1.0,1.0,1.0
2398,1bf4bffb864f5379,True,1.0,1.0,1.0,1.0,1.0,1.0,1.0
2399,21ce6f815188587a,True,1.0,1.0,0.7192002949685662,1.0,1.0,1.0,0.8830001229035692
2400,5d7eedc503ef575c,True,1.0,1.0,1.0,1.0,1.0,1.0,1.0
2401,45e6bebee4305fb6,True,1.0,1.0,0.6809997107751076,1.0,1.0,1.0,0.8670832128229615
2402,9a3778686fd058d2,True,1.0,1.0,0.7915570338295588,1.0,1.0,1.0,0.9131487640956495
2403,55b7f0c50f4a5157,True,1.0,1.0,1.0,1.0,1.0,1.0,1.0
2404,2aa414aa9a9057fb,True,1.0,1.0,0.703016879047594,1.0,1.0,1.0,0.8762570329364975
2405,0eb6987fdc9b5213,True,1.0,1.0,1.0,0.0,1.0,1.0,0.5833333333333334
2406,5590042a1aaa5f92,True,1.0,1.0,0.984128770018165,1.0,1.0,1.0,0.9933869875075688
2407,883bb02a4f7c5f0a,True,1.0,1.0,1.0,1.0,1.0,1.0,1.0
2408,bf1370df23cf5118,True,1.0,1.0,0.9655969461359764,0.0,1.0,1.0,0.5689987275566568
2409,69f27d25f8a45de1,True,1.0,1.0,1.0,1.0,1.0,1.0,1.0
2410,0d602f62f3ad5c65,True,1.0,1.0,0.9047801434982581,1.0,1.0,1.0,0.9603250597909408
2411,905ab0794c235f69,True,1.0,0.0,0.0,1.0,1.0,1.0,0.0
2412,40c083a3c4ff5b45,True,1.0,0.0,0.0,0.0,1.0,1.0,0.0
2413,8d7e4421c3e45c99,True,1.0,1.0,0.7802750242281009,1.0,1.0,1.0,0.9084479267617086
2414,bb30019d8f645e62,True,1.0,1.0,0.9111083938698596,1.0,1.0,1.0,0.9629618307791082
2415,352fabb819b95d6c,True,1.0,1.0,0.5634803222232273,1.0,1.0,1.0,0.8181168009263446
2416,f2e1685f07675799,True,1.0,1.0,0.8418218960680867,1.0,1.0,1.0,0.9340924566950362
2417,0ebdf3a905ba522f,True,1.0,1.0,0.8632857239320315,1.0,1.0,1.0,0.9430357183050132
2418,08dfae1bbef35bdc,True,1.0,1.0,0.8058507377985203,1.0,1.0,1.0,0.9191044740827167
2419,46c8d578ddb55784,True,1.0,0.0,0.0,1.0,1.0,1.0,0.0
2420,22642c0ae9605891,True,1.0,1.0,0.9134919096600689,1.0,1.0,1.0,0.9639549623583621
2421,008144fe47ac5f74,True,1.0,1.0,0.8273389216421649,1.0,1.0,1.0,0.9280578840175687
2422,25e2cda283355b76,True,1.0,1.0,0.5390577183275334,1.0,1.0,1.0,0.8079407159698055
2423,aace7a7aeaf75f2c,True,1.0,1.0,0.9519933235670073,1.0,1.0,1.0,0.9799972181529197
2424,6914bcabdeec5e0f,True,1.0,1.0,0.7661515706949824,1.0,1.0,1.0,0.9025631544562427
2425,7e238e859ebb5720,True,0.0,1.0,0.0,0.0,1.0,0.0,0.0
2426,ef7822ee7fa35042,True,1.0,1.0,0.8105404945207045,1.0,1.0,1.0,0.9210585393836269
2427,7d1fdeb7e341522d,True,1.0,1.0,1.0,1.0,1.0,1.0,1.0
2428,77f9c895af8b59f3,True,1.0,1.0,1.0,1.0,1.0,1.0,1.0
2429,fe71d216396c5ab3,True,1.0,1.0,1.0,1.0,1.0,1.0,1.0
2430,99e3b8d3211f53d7,True,1.0,1.0,0.921728574716411,1.0,1.0,1.0,0.967386906131838
2431,79bba6381fb85a36,True,1.0,1.0,0.9261355041354957,1.0,1.0,1.0,0.9692231267231232
2432,0d74b112df715917,True,0.0,1.0,0.0,0.0,1.0,1.0,0.0
2433,f9ed38d9ddfa531e,True,1.0,0.0,0.0,1.0,1.0,1.0,0.0
2434,2620b03dcfcc567b,True,1.0,1.0,0.8247812150527383,1.0,1.0,1.0,0.9269921729386409
2435,b00afb2388cd5007,True,1.0,1.0,1.0,1.0,1.0,1.0,1.0
2436,d94aa4b0e05e5be9,True,1.0,1.0,1.0,1.0,1.0,1.0,1.0
2437,68188bae28595f7c,True,1.0,1.0,1.0,1.0,1.0,1.0,1.0
2438,6e395976280452e1,True,1.0,1.0,1.0,1.0,1.0,1.0,1.0
2439,0b4a7c2ba59e5a8c,True,1.0,1.0,1.0,1.0,1.0,1.0,1.0
2440,d719f6e5de715f5a,True,1.0,1.0,1.0,1.0,1.0,1.0,1.0
2441,c195a8cb7ccb59fd,True,1.0,0.0,0.0,1.0,1.0,1.0,0.0
2442,2f525b2a3cf35331,True,1.0,1.0,1.0,1.0,1.0,1.0,1.0
2443,2f9c4ea0c97450c6,True,1.0,1.0,0.9922465431749561,1.0,1.0,1.0,0.996769392989565
2444,b6589175626f5510,True,1.0,1.0,0.7045018052256495,1.0,1.0,1.0,0.8768757521773539
2445,768ae2e06b1e5d90,True,1.0,1.0,0.8585369238708446,1.0,1.0,1.0,0.9410570516128519
2446,a9af1e73c9575428,True,1.0,0.0,0.0,1.0,1.0,1.0,0.0
2447,1ab2fedfbb4b5c2f,True,1.0,1.0,0.7011048415909632,1.0,1.0,1.0,0.8754603506629013
2448,a48870c447ef5fe5,True,1.0,1.0,0.7051697271822578,1.0,1.0,1.0,0.8771540529926073
2449,77e9812a54d05caf,True,1.0,1.0,1.0,1.0,1.0,0.0,1.0
2450,e26de26a56dd5d21,True,1.0,1.0,0.7735413659053816,1.0,1.0,1.0,0.905642235793909
2451,9a524d13e6795a95,True,1.0,1.0,0.9048194349154745,1.0,1.0,1.0,0.960341431214781
2452,faa12c2adc7c521f,True,1.0,1.0,0.8729715963621629,1.0,1.0,1.0,0.9470714984842346
2453,56af8eae4788597f,True,1.0,1.0,1.0,1.0,1.0,1.0,1.0
2454,8777c80c80ad53e8,True,1.0,1.0,1.0,1.0,1.0,1.0,1.0
2455,c2b5ebf8ace851ea,True,1.0,1.0,1.0,1.0,1.0,1.0,1.0
2456,9f528c7bfca6509b,True,1.0,0.0,0.0,1.0,1.0,1.0,0.0
2457,92471a550d745af1,True,1.0,1.0,1.0,1.0,1.0,1.0,1.0
2458,be43454e5a4f5a2a,True,1.0,1.0,0.6769203561513876,1.0,1.0,1.0,0.8653834817297449
2459,4b721ff0b7025f21,True,1.0,1.0,1.0,1.0,1.0,1.0,1.0
2460,3be53588a286557f,True,1.0,1.0,0.9703501943242309,1.0,1.0,1.0,0.9876459143017629
2461,de16c26b38425a6b,True,1.0,1.0,1.0,1.0,1.0,1.0,1.0
2462,5303407715805679,True,1.0,1.0,0.7029278852575457,1.0,1.0,1.0,0.8762199521906441
2463,331a4a4334df5c34,True,1.0,1.0,0.6267554852061187,1.0,1.0,1.0,0.8444814521692162
2464,eec0bc4e1b185d67,True,1.0,1.0,0.960329872655662,1.0,1.0,1.0,0.9834707802731925
2465,a8da6565d00e514a,True,1.0,1.0,0.7454281302147175,1.0,1.0,0.5,0.8939283875894657
2466,1fc5ab19306f5a47,True,1.0,1.0,0.822466340981407,1.0,1.0,1.0,0.9260276420755863
2467,bdb0f78978cd5307,True,1.0,1.0,0.8573621130918881,1.0,1.0,1.0,0.94056754712162
2468,239cb4818dc458fd,True,1.0,1.0,1.0,1.0,1.0,1.0,1.0
2469,54511f27d12e5a58,True,1.0,1.0,0.8281308007352717,1.0,1.0,1.0,0.9283878336396966
2470,02f75336f9f55e4f,True,1.0,1.0,1.0,0.0,1.0,0.5,0.5833333333333334
2471,7f9c22da74d35642,True,1.0,1.0,0.8695876909753321,1.0,1.0,1.0,0.9456615379063883
2472,4827434c5d3659cd,True,1.0,1.0,1.0,1.0,1.0,1.0,1.0
2473,c37a081992495a0e,True,1.0,1.0,1.0,1.0,1.0,1.0,1.0
2474,8d83f07bed9d5f6a,True,1.0,1.0,1.0,1.0,1.0,1.0,1.0
2475,975e6554112f5a46,True,1.0,1.0,1.0,1.0,1.0,1.0,1.0
2476,4cc7fc580fe45bd1,True,1.0,1.0,1.0,1.0,1.0,1.0,1.0
2477,30dafbb048775d29,True,1.0,1.0,0.7666991258657407,1.0,1.0,1.0,0.9027913024440587
2478,19a52017c000548c,True,1.0,1.0,0.9437383063861065,1.0,1.0,0.5,0.9765576276608776
2479,312c0f2f981d51c3,True,1.0,1.0,0.7767250955362772,1.0,1.0,1.0,0.9069687898067822
2480,8ee3467219fc5c8a,True,1.0,1.0,0.7339538730955577,1.0,1.0,1.0,0.8891474471231491
2481,9aea5cdc656458a0,True,1.0,1.0,1.0,1.0,1.0,1.0,1.0
2482,1f55063084fd593c,True,1.0,1.0,1.0,1.0,1.0,1.0,1.0
2483,26de9e2da40c5b0c,True,1.0,1.0,0.6777607139643366,1.0,1.0,1.0,0.8657336308184735
2484,5757a661eb0f54d2,True,1.0,1.0,1.0,1.0,1.0,1.0,1.0
2485,e9cb16355c1f5d9b,True,1.0,1.0,0.8286367131319368,1.0,1.0,1.0,0.9285986304716403
2486,16d4141f073d52f1,True,1.0,0.0,0.0,1.0,1.0,1.0,0.0
2487,c05f89f644505f4c,True,1.0,1.0,0.743842946091988,1.0,1.0,1.0,0.8932678942049949
2488,6e59104beb995339,True,1.0,1.0,0.7582092128481078,1.0,1.0,1.0,0.8992538386867116
2489,1b1a37c517e45fbd,True,1.0,1.0,1.0,1.0,1.0,1.0,1.0
2490,2aade0b3987d5366,True,1.0,0.0,0.0,0.0,1.0,1.0,0.0
2491,a04f86a92daf50ba,True,1.0,1.0,0.6118457086304195,1.0,1.0,1.0,0.8382690452626749
2492,3338ad25c2cc59d1,True,1.0,1.0,0.42207951751483186,1.0,1.0,1.0,0.7591997989645133
2493,93bdcee4c814567c,True,1.0,1.0,0.7590028291412135,1.0,1.0,1.0,0.8995845121421723
2494,8d7c5f26b9775cce,True,1.0,1.0,0.8112584202267995,1.0,1.0,1.0,0.9213576750944998
2495,4f67484c73e2503a,True,1.0,1.0,0.8831264096953239,1.0,1.0,1.0,0.9513026707063851
2496,b934233d0ea6536b,True,1.0,1.0,1.0,1.0,1.0,1.0,1.0
2497,8ed81a3cabde5dcf,True,1.0,0.0,0.0,1.0,1.0,1.0,0.0
2498,cf62911d4c7c541c,True,1.0,1.0,0.8627447908247586,1.0,1.0,1.0,0.9428103295103161
2499,5a8a6c9d92935076,True,1.0,0.0,0.0,1.0,1.0,1.0,0.0
2500,7643b4b3f33d5910,True,1.0,1.0,0.8029272293259355,1.0,1.0,1.0,0.9178863455524731
2501,6de81a38cd7655dd,True,1.0,1.0,1.0,1.0,1.0,1.0,1.0
2502,95005e9d60b05d1d,True,1.0,1.0,0.8399784909558269,1.0,1.0,1.0,0.9333243712315946
2503,578a5ef598b9521f,True,1.0,1.0,1.0,1.0,1.0,1.0,1.0
2504,cdc8b2ccd20f5c80,True,1.0,1.0,0.8506892545317282,1.0,1.0,1.0,0.93778718938822
2505,9ce9ec5a49b1568d,True,1.0,1.0,0.8143311218540585,1.0,1.0,1.0,0.922637967439191
2506,b4176d2246d452ea,True,1.0,1.0,1.0,1.0,1.0,1.0,1.0
2507,541d2d0ac174524b,True,1.0,1.0,0.6841742043380984,1.0,1.0,1.0,0.8684059184742076
2508,5b14b00087b051e3,True,1.0,0.0,0.0,0.0,1.0,1.0,0.0
2509,a5ed322a79205030,True,1.0,1.0,1.0,1.0,1.0,1.0,1.0
2510,c968e1d258265a2b,True,1.0,1.0,0.9277498404731185,1.0,1.0,1.0,0.9698957668637993
2511,e36f096910ed562a,True,1.0,1.0,1.0,1.0,1.0,1.0,1.0
2512,f05325ffb9425a4b,True,1.0,1.0,1.0,1.0,1.0,1.0,1.0
2513,134699ce1ce455c4,True,1.0,1.0,0.8885096825016137,1.0,1.0,1.0,0.9535457010423389
2514,19e90f2757b25f38,True,1.0,1.0,0.6461641990067397,1.0,1.0,1.0,0.8525684162528083
2515,b8873bb7c3f35d15,True,1.0,1.0,1.0,1.0,1.0,1.0,1.0
2516,0b4c7130090c5e85,True,1.0,1.0,1.0,1.0,1.0,1.0,1.0
2517,84b69613f5e6551c,True,1.0,1.0,0.6532202075726772,1.0,1.0,1.0,0.8555084198219488
2518,67d74f48ba2a548e,True,1.0,1.0,0.9482833417674549,1.0,1.0,1.0,0.9784513924031062
2519,b87c15c9f6cf54eb,True,1.0,1.0,1.0,1.0,1.0,1.0,1.0
2520,a3f2ea7187975b13,True,1.0,1.0,1.0,1.0,1.0,1.0,1.0
2521,6b183b48b7175f38,True,1.0,1.0,0.9618407674443307,1.0,1.0,1.0,0.984100319768471
2522,de664d2cb249576d,True,1.0,1.0,0.8992076710707634,1.0,1.0,1.0,0.9580031962794848
2523,25aab48e050659be,True,1.0,1.0,0.84072999005053,1.0,1.0,1.0,0.9336374958543875
2524,9d32436291335261,True,1.0,1.0,1.0,1.0,1.0,1.0,1.0
2525,f1ceb70bd72a5048,True,1.0,1.0,0.5375470262203347,1.0,1.0,1.0,0.8073112609251395
2526,be0ea3126c955eae,True,1.0,1.0,0.6948853136454533,1.0,1.0,1.0,0.8728688806856054
2527,79d36fbd8d115f06,True,1.0,1.0,0.7905123180850657,1.0,1.0,1.0,0.9127134658687774
2528,7d5f417c01fb5a87,True,1.0,1.0,0.5265922576037636,1.0,1.0,1.0,0.8027467740015681
2529,d5cf4595a3435917,True,1.0,1.0,1.0,1.0,1.0,1.0,1.0
2530,64a52073ea395752,True,1.0,1.0,0.7753036313797345,1.0,1.0,1.0,0.9063765130748894
2531,d10c269610375646,True,1.0,1.0,1.0,1.0,1.0,1.0,1.0
2532,01d3726e5bc2576b,True,1.0,1.0,1.0,1.0,1.0,1.0,1.0
2533,245bcbae35595474,True,1.0,1.0,1.0,1.0,1.0,1.0,1.0
2534,3ff5c9a5bd155bb2,True,1.0,1.0,1.0,1.0,1.0,1.0,1.0
2535,3ef30aa787de56fa,True,1.0,1.0,1.0,1.0,1.0,1.0,1.0
2536,476ad53b78325ef2,True,1.0,1.0,0.531539864850431,1.0,1.0,0.5,0.8048082770210129
2537,cd828def214c571e,True,1.0,1.0,0.8832744241464804,1.0,1.0,1.0,0.9513643433943667
2538,024fd1e792395805,True,1.0,1.0,0.900351642478251,1.0,1.0,1.0,0.9584798510326046
2539,043524c9126f5893,True,1.0,1.0,0.6996223936864584,1.0,1.0,1.0,0.8748426640360244
2540,2d55129330045d3f,True,1.0,1.0,1.0,1.0,1.0,1.0,1.0
2541,d532c0b3a43a52dc,True,1.0,1.0,0.9119494273508025,1.0,1.0,1.0,0.9633122613961677
2542,de62001a07db556c,True,1.0,1.0,0.9220925201282135,1.0,1.0,1.0,0.9675385500534223
2543,2e90da117016561c,True,1.0,1.0,1.0,1.0,1.0,1.0,1.0
2544,df020b6bdc1b59c0,True,1.0,1.0,1.0,1.0,1.0,1.0,1.0
2545,61d8eb4fd2395520,True,1.0,1.0,0.6918415048515976,1.0,1.0,1.0,0.871600627021499
2546,e4f34d35c8fd5fd2,True,1.0,1.0,1.0,1.0,1.0,1.0,1.0
2547,2c1f43c6b93c5952,True,1.0,0.0,0.0,1.0,1.0,1.0,0.0
2548,9243ca15a76e552f,True,1.0,1.0,0.9045997469269125,1.0,1.0,1.0,0.9602498945528802
2549,6da3bcc544be52d3,True,1.0,1.0,0.6232815994124616,1.0,1.0,1.0,0.8430339997551922
2550,7a3e5ab8218e550f,True,1.0,1.0,1.0,1.0,1.0,1.0,1.0
2551,3047f87f67555d16,True,1.0,1.0,1.0,1.0,1.0,1.0,1.0
2552,2a04d84433e6576f,True,1.0,1.0,0.9148860902524134,1.0,1.0,1.0,0.9645358709385056
2553,88538f4b41cc5d4a,True,1.0,1.0,1.0,0.0,1.0,1.0,0.5833333333333334
2554,ac07a96cae965e88,True,1.0,1.0,0.5561740418104448,1.0,1.0,1.0,0.8150725174210187
2555,6fc4fc2702305dfa,True,1.0,1.0,1.0,1.0,1.0,1.0,1.0
2556,39752b75d70d5458,True,1.0,1.0,1.0,1.0,1.0,1.0,1.0
2557,eb890bda8eb75f6c,True,1.0,1.0,0.7873012568968359,1.0,1.0,1.0,0.911375523707015
2558,5624b4732b135079,True,1.0,1.0,0.7513758583076904,1.0,1.0,1.0,0.8964066076282043
2559,a08bb182c3d558da,True,1.0,1.0,0.6081911744740721,1.0,1.0,1.0,0.8367463226975301
2560,93d5e0dd29bc5e7c,True,1.0,1.0,1.0,1.0,1.0,1.0,1.0
2561,75151361dbe658bb,True,1.0,1.0,1.0,1.0,1.0,1.0,1.0
2562,001d444661b45635,True,1.0,0.0,0.0,1.0,1.0,1.0,0.0
2563,be7331d3f05e5d16,True,1.0,1.0,1.0,1.0,1.0,1.0,1.0
2564,ac28e0768c6a5821,True,1.0,1.0,1.0,1.0,1.0,1.0,1.0
2565,7eb19d771c975618,True,1.0,1.0,0.5935449890292013,1.0,1.0,1.0,0.8306437454288339
2566,af682242313853cb,True,1.0,1.0,1.0,1.0,1.0,1.0,1.0
2567,33e37f9d760a56b1,True,1.0,1.0,0.8656913479884816,1.0,1.0,1.0,0.9440380616618672
2568,ab9d0f7542805d20,True,1.0,1.0,0.9697034834106116,1.0,1.0,1.0,0.9873764514210882
2569,f1def9ef86125c39,True,1.0,1.0,1.0,1.0,1.0,1.0,1.0
2570,159b8a11bd775e91,True,0.0,1.0,0.0,0.0,1.0,1.0,0.0
2571,2318ebb3b64554fc,True,1.0,1.0,1.0,1.0,1.0,1.0,1.0
2572,e7c778d603885f57,True,1.0,1.0,0.49841248417117706,1.0,1.0,1.0,0.7910052017379905
2573,2b5dabfa534156c0,True,1.0,1.0,0.8558075151259236,1.0,1.0,1.0,0.9399197979691348
2574,33c58e00f5805824,True,1.0,1.0,0.9511623069941768,1.0,1.0,1.0,0.9796509612475738
2575,cb50b764d69557b9,True,1.0,1.0,0.9390385459824365,1.0,1.0,1.0,0.9745993941593486
2576,efe7a294e40e5508,True,1.0,1.0,0.9583242469732726,1.0,1.0,1.0,0.9826351029055301
2577,3ffbf8596e7655ec,True,1.0,1.0,1.0,1.0,1.0,1.0,1.0
2578,b639f9aef8055d40,True,1.0,0.0,0.0,1.0,1.0,1.0,0.0
2579,5fd68bb785b258ef,True,1.0,1.0,0.8033776918320163,1.0,1.0,1.0,0.9180740382633402
2580,47e96fba9c115fe7,True,1.0,1.0,1.0,1.0,1.0,1.0,1.0
2581,b22ea864484d514f,True,1.0,1.0,0.9619203880812955,1.0,1.0,1.0,0.984133495033873
2582,366c7e46b0415253,True,1.0,1.0,0.8166607418587306,1.0,1.0,1.0,0.9236086424411377
2583,a7f15e4638b352c4,True,1.0,0.0,0.0,1.0,1.0,1.0,0.0
2584,6e190fde9f8958f1,True,1.0,1.0,0.785636671939172,1.0,1.0,1.0,0.9106819466413216
2585,caee3d86c00351e6,True,1.0,1.0,0.8105618232344052,1.0,1.0,1.0,0.9210674263476687
2586,23f357c023c2584f,True,1.0,0.0,0.0,1.0,1.0,1.0,0.0
2587,2376e90f1bf85c50,True,1.0,1.0,0.8830554140273031,1.0,1.0,1.0,0.9512730891780429
2588,89766121ee605be0,True,1.0,1.0,0.9365398483881928,1.0,1.0,0.5,0.973558270161747
2589,30827c8c62c55b46,True,1.0,1.0,0.8006445832229009,1.0,1.0,1.0,0.916935243009542
2590,ee95e29e1aec53e1,True,1.0,1.0,0.8526973883728369,1.0,1.0,1.0,0.9386239118220153
2591,6ff86f7f95cb502a,True,1.0,1.0,1.0,1.0,1.0,1.0,1.0
2592,3e7237c8a7815648,True,0.0,1.0,0.0,0.0,1.0,1.0,0.0
2593,2c14c850f6645147,True,1.0,0.0,0.0,1.0,1.0,1.0,0.0
2594,3cb9b99bc4185d33,True,1.0,1.0,0.881771536042542,1.0,1.0,1.0,0.9507381400177258
2595,78a50eb4d40e5ffa,True,1.0,1.0,0.7002761527716894,1.0,1.0,1.0,0.8751150636548705
2596,b3f47592bf415aa3,True,1.0,1.0,0.7882115736768093,1.0,1.0,1.0,0.9117548223653372
2597,26e5c3fb8af15012,True,1.0,1.0,0.5307578380197195,1.0,1.0,1.0,0.8044824325082165
2598,757fb1d7679c5dc2,True,1.0,1.0,0.766235132068973,1.0,1.0,1.0,0.9025979716954055
2599,8e9f743d92c05d10,True,1.0,1.0,1.0,1.0,1.0,1.0,1.0
2600,2e6b78be8c9e5e0c,True,1.0,1.0,1.0,1.0,1.0,1.0,1.0
2601,f1041299a1a059f5,True,1.0,1.0,0.5905967409370859,1.0,1.0,1.0,0.8294153087237858
2602,b1520b6af9705191,True,1.0,1.0,1.0,1.0,1.0,1.0,1.0
2603,93494257467c5e97,True,1.0,1.0,0.763547495823836,1.0,1.0,1.0,0.9014781232599317
2604,a7f3d88fe5e5534e,True,1.0,1.0,0.8354579306192865,1.0,1.0,1.0,0.9314408044247028
2605,92838ad73bf95b3a,True,1.0,1.0,1.0,1.0,1.0,1.0,1.0
2606,f6eec3b743985122,True,1.0,1.0,0.8629404319000739,1.0,1.0,1.0,0.9428918466250308
2607,e009079e2dc25bbf,True,1.0,1.0,0.9141678234666268,1.0,1.0,1.0,0.9642365931110946
2608,ed5defe615515789,True,1.0,0.0,0.0,1.0,1.0,0.0,0.0
2609,5b834475a09a531c,True,1.0,1.0,0.8777856028357153,1.0,1.0,1.0,0.9490773345148814
2610,654f6079561e5cdb,True,1.0,1.0,0.9888770757664664,1.0,1.0,1.0,0.9953654482360278
2611,02c8da231eb15ed2,True,1.0,1.0,1.0,1.0,1.0,1.0,1.0
2612,e699fb1c75b95e57,True,1.0,1.0,0.808265180032995,1.0,1.0,1.0,0.9201104916804145
2613,213494be2acb5c68,True,1.0,1.0,0.8017886910805649,1.0,1.0,1.0,0.9174119546169021
2614,ef7fb2d0c7bf52a4,True,1.0,1.0,0.900212553394162,1.0,1.0,1.0,0.9584218972475674
2615,9ecb100495a5584e,True,1.0,1.0,1.0,1.0,1.0,1.0,1.0
2616,77c3cf2f4a1a5f31,True,1.0,1.0,0.9838692690916506,1.0,1.0,1.0,0.9932788621215211
2617,d91f0c28683e52da,True,0.0,1.0,0.0,0.0,1.0,1.0,0.0
2618,b4c9294d8e3952b8,True,1.0,1.0,0.9333099164293251,1.0,1.0,1.0,0.9722124651788855
2619,b826ee4aedc95b0c,True,1.0,1.0,0.8677861587205131,1.0,1.0,1.0,0.9449108994668803
2620,bb0d850edd125bbe,True,1.0,1.0,0.701947159321008,1.0,1.0,1.0,0.8758113163837534
2621,dff44219172a5f99,True,1.0,1.0,0.8873567663935789,1.0,1.0,1.0,0.9530653193306579
2622,210a1c9ce3725a53,True,1.0,1.0,0.9293760712264625,1.0,1.0,1.0,0.970573363011026
2623,e516528c577453a7,True,1.0,1.0,1.0,1.0,1.0,1.0,1.0
2624,bcf92cdb596a5fa2,True,1.0,1.0,0.9192565836446129,1.0,1.0,1.0,0.966356909851922
2625,1ecea4b911675b72,True,1.0,1.0,0.7661354280530598,1.0,1.0,1.0,0.9025564283554416
2626,610271d0c1515c8c,True,1.0,1.0,0.777521114351553,1.0,1.0,1.0,0.9073004643131471
2627,498c6f15e5c856bb,True,1.0,1.0,0.6152205318626753,1.0,1.0,1.0,0.8396752216094482
2628,b50cf2a689a55433,True,1.0,1.0,0.842726574138188,1.0,1.0,1.0,0.9344694058909117
2629,cbe2fffee4105dbf,True,1.0,1.0,0.7803883242640842,1.0,1.0,1.0,0.9084951351100351
2630,026e84581e0f5044,True,1.0,1.0,0.8006787819606139,1.0,1.0,1.0,0.9169494924835891
2631,f5a9eba40a9055f3,True,1.0,1.0,1.0,1.0,1.0,1.0,1.0
2632,0e81b2ebbb30575e,True,1.0,1.0,0.6894506625732779,1.0,1.0,1.0,0.8706044427388658
2633,dd9efbb06b495921,True,1.0,1.0,0.6066904847034663,1.0,1.0,1.0,0.836121035293111
2634,02d9591fc6de53c8,True,1.0,1.0,0.8599849634323256,1.0,1.0,1.0,0.9416604014301356
2635,f01212b1c5b25520,True,1.0,1.0,0.9231028981448208,1.0,1.0,1.0,0.9679595408936753
2636,23bd3a02e2855a28,True,0.0,1.0,0.0,0.0,1.0,1.0,0.0
2637,40280e58e4d45fde,True,1.0,1.0,1.0,1.0,1.0,1.0,1.0
2638,fc39a399fd24554b,True,1.0,1.0,1.0,1.0,1.0,1.0,1.0
2639,aa2918eb684351bd,True,1.0,1.0,1.0,1.0,1.0,1.0,1.0
2640,b318cf82212f5443,True,1.0,1.0,0.5763512920749345,1.0,1.0,1.0,0.8234797050312227
2641,a6706582212458bb,True,1.0,1.0,0.9163289493161756,1.0,1.0,1.0,0.9651370622150731
2642,1c044069a36c5d4b,True,1.0,1.0,0.767299798852641,1.0,1.0,1.0,0.9030415828552671
2643,bed7a2c445315bb7,True,1.0,1.0,0.7164230389466356,1.0,1.0,1.0,0.8818429328944314
2644,7bf4d5a2cad05f50,True,1.0,1.0,0.83493533541331,1.0,1.0,1.0,0.9312230564222125
2645,bd70654aee0f54a6,True,1.0,1.0,1.0,1.0,1.0,1.0,1.0
2646,697882c22eb65ca7,True,1.0,0.0,0.0,0.0,1.0,1.0,0.0
2647,16125101defb5b51,True,1.0,1.0,1.0,1.0,1.0,1.0,1.0
2648,41c7edfd989451cf,True,1.0,1.0,1.0,1.0,1.0,1.0,1.0
2649,bee76fa92b735b00,True,1.0,1.0,0.971578607357314,0.0,1.0,1.0,0.5714910863988808
2650,c772799eaf1f5ad1,True,1.0,1.0,0.7323793847187542,1.0,1.0,1.0,0.8884914102994809
2651,b462af5600bf5f88,True,1.0,1.0,1.0,1.0,1.0,1.0,1.0
2652,19b1cc462216591a,True,1.0,1.0,0.931148983371029,1.0,1.0,1.0,0.9713120764045954
2653,92106b8512315c03,True,1.0,1.0,1.0,1.0,1.0,1.0,1.0
2654,ae01be6a753e5f98,True,1.0,1.0,0.8115581952028738,1.0,1.0,1.0,0.9214825813345308
2655,b3b8a7989ba5519f,True,1.0,1.0,1.0,1.0,1.0,1.0,1.0
2656,96f6cde1205e5865,True,1.0,1.0,0.7328982628730557,1.0,1.0,1.0,0.8887076095304399
2657,030c27139f7d57a4,True,1.0,1.0,0.678519565806632,1.0,1.0,1.0,0.8660498190860967
2658,b98d8c3330625df2,True,1.0,1.0,0.9796001937248585,1.0,1.0,1.0,0.991500080718691
2659,f33a23766bcb55a6,True,1.0,1.0,0.6918105163669023,1.0,1.0,1.0,0.8715877151528759
2660,e4c83b8feafe5cb4,True,1.0,1.0,0.9634031561462528,0.0,1.0,1.0,0.568084648394272
2661,9157902936a456bf,True,1.0,1.0,1.0,1.0,1.0,1.0,1.0
2662,f4458a9c09795afa,True,1.0,1.0,1.0,1.0,1.0,0.5,1.0
2663,85a89a122095548d,True,1.0,1.0,0.831418054400555,1.0,1.0,1.0,0.929757522666898
2664,2189449ddbf65bff,True,1.0,1.0,0.8655009647009336,1.0,1.0,1.0,0.9439587352920557
2665,c5727dc4f8665554,True,1.0,1.0,1.0,0.0,1.0,1.0,0.5833333333333334
2666,4aa06b58da9a56f8,True,1.0,1.0,0.6413291825386501,1.0,1.0,1.0,0.8505538260577709
2667,777c2c183e49504e,True,1.0,1.0,0.979096625279186,1.0,1.0,1.0,0.9912902605329942
2668,b4ec906c4dbe5735,True,1.0,1.0,0.979793306379202,1.0,1.0,1.0,0.9915805443246676
2669,2ee44628526e524c,True,1.0,1.0,0.7631770486107166,1.0,1.0,1.0,0.9013237702544652
2670,e67c2879271350c1,True,1.0,1.0,0.8462818188578014,1.0,1.0,0.5,0.9359507578574172
2671,169528411ca85ba4,True,1.0,1.0,0.9243571393654009,1.0,1.0,1.0,0.9684821414022503
2672,f5cf721a02df5ba1,True,1.0,1.0,0.826547355393256,1.0,1.0,1.0,0.9277280647471899
2673,4a46ef99ddf55b8d,True,1.0,1.0,1.0,1.0,1.0,1.0,1.0
2674,33c1e6fe4ce650bf,True,1.0,1.0,0.8758129913987347,1.0,1.0,1.0,0.9482554130828061
2675,430f1f445caf5b3e,True,1.0,0.0,0.0,1.0,1.0,1.0,0.0
2676,f3a61425920f57a7,True,1.0,1.0,1.0,0.0,1.0,1.0,0.5833333333333334
2677,a1325310017c5057,True,1.0,1.0,1.0,0.0,1.0,1.0,0.5833333333333334
2678,55a63ecf2e985abe,True,1.0,1.0,0.5577005651034722,1.0,1.0,1.0,0.8157085687931134
2679,664106f910475a53,True,1.0,1.0,0.6103559084528837,1.0,1.0,1.0,0.8376482951887015
2680,9b4e0723f48755fb,True,1.0,1.0,0.9122467733666199,1.0,1.0,1.0,0.963436155569425
2681,83dd1484eb265a3c,True,1.0,1.0,1.0,1.0,1.0,1.0,1.0
2682,650ed02359615f58,True,1.0,1.0,0.7147278636671187,1.0,1.0,1.0,0.8811366098612995
2683,b30e51044c885122,True,1.0,1.0,1.0,1.0,1.0,1.0,1.0
2684,056c6ca971b355b4,True,1.0,1.0,0.7694166971588741,1.0,1.0,1.0,0.9039236238161976
2685,345fc96fdf4c572b,True,1.0,1.0,0.8578184838586113,1.0,1.0,1.0,0.9407577016077546
2686,f94a9ce36b8e5516,True,1.0,1.0,1.0,1.0,1.0,1.0,1.0
2687,1636385aa7ce5995,True,1.0,1.0,0.7630974314636874,1.0,1.0,1.0,0.9012905964432031
2688,b02be1e28abb59f1,True,1.0,1.0,0.692706154786825,1.0,1.0,1.0,0.8719608978278437
2689,32e38b7677e15f69,True,1.0,1.0,0.9107161941897581,1.0,1.0,1.0,0.9627984142457325
2690,5f70e91ff9d250f5,True,1.0,1.0,0.7641242816366253,1.0,1.0,1.0,0.9017184506819271
2691,2c337eb368fb54ca,True,1.0,0.0,0.0,1.0,1.0,0.5,0.0
2692,388181311ef25756,True,1.0,1.0,1.0,1.0,1.0,1.0,1.0
2693,2113dcf1e88b598e,True,1.0,1.0,1.0,1.0,1.0,1.0,1.0
2694,5a7633ce22365440,True,1.0,1.0,0.7269163848273742,1.0,1.0,1.0,0.8862151603447392
2695,f41cf739059453a4,True,1.0,1.0,0.5314041694615855,1.0,1.0,1.0,0.8047517372756606
2696,b3899f957ebe5684,True,1.0,1.0,0.9867778444784938,1.0,1.0,1.0,0.9944907685327058
2697,67c138fc9ac459b5,True,1.0,1.0,0.7513769255478159,1.0,1.0,1.0,0.89640705231159
2698,e1398b3ecf3f520d,True,1.0,1.0,0.931872217632548,1.0,1.0,1.0,0.9716134240135617
2699,6347553d03555ffa,True,1.0,1.0,1.0,1.0,1.0,1.0,1.0
2700,72808a9b1e7f5f15,True,1.0,1.0,1.0,1.0,1.0,1.0,1.0
2701,553c80b72cdc5c04,True,1.0,1.0,0.8137583000057852,1.0,1.0,1.0,0.9223992916690772
2702,fe6db2d0c7025b8a,True,1.0,1.0,1.0,1.0,1.0,1.0,1.0
2703,decc2e4c0f445afc,True,1.0,1.0,0.7205369187354143,1.0,1.0,1.0,0.8835570494730893
2704,f1ef98a6ff94525c,True,1.0,1.0,0.9490091673489787,1.0,1.0,1.0,0.9787538197287411
2705,7fc551e4e0375d00,True,1.0,1.0,0.8042140422294993,1.0,1.0,1.0,0.9184225175956247
2706,6891e8163e4d5e58,True,1.0,1.0,0.8054085055662982,1.0,1.0,1.0,0.9189202106526242
2707,3984225e4458525b,True,1.0,1.0,0.7873790257429465,1.0,1.0,1.0,0.9114079273928944
2708,e36762528cdb5e37,True,1.0,1.0,0.7598146055298144,1.0,1.0,1.0,0.8999227523040894
2709,52d9d533ca4e5980,True,1.0,1.0,0.615216738222459,1.0,1.0,1.0,0.8396736409260246
2710,88862af321ce5c8f,True,1.0,1.0,1.0,1.0,1.0,1.0,1.0
2711,00185dab0ba153b9,True,1.0,1.0,0.9782167854598323,1.0,1.0,1.0,0.9909236606082633
2712,ad517de61e355d8d,True,1.0,1.0,0.7266826692431966,1.0,1.0,1.0,0.8861177788513319
2713,d22135cc2a13514f,True,1.0,1.0,0.988164580094932,1.0,1.0,1.0,0.995068575039555
2714,6136d15f12905f36,True,1.0,1.0,1.0,1.0,1.0,1.0,1.0
2715,e55fc5c3ee36528b,True,1.0,1.0,1.0,1.0,1.0,1.0,1.0
2716,21d4990a6b4f597a,True,1.0,1.0,0.7629612183861906,1.0,1.0,1.0,0.9012338409942461
2717,216d5205e9745145,True,1.0,1.0,0.7328496136309716,1.0,1.0,1.0,0.8886873390129049
2718,93ff1c769e6f5507,True,1.0,1.0,0.8799950569297268,1.0,1.0,1.0,0.949997940387386
2719,1370cea130165b51,True,1.0,1.0,1.0,1.0,1.0,1.0,1.0
2720,7eb33ecbb32d5a60,True,1.0,1.0,1.0,1.0,1.0,1.0,1.0
2721,b51815625ee05f75,True,1.0,1.0,1.0,1.0,1.0,1.0,1.0
2722,2223b290d60556d5,True,1.0,0.0,0.0,1.0,1.0,0.5,0.0
2723,d1ac97f2f57553d0,True,1.0,1.0,0.8196819703846395,1.0,1.0,1.0,0.9248674876602664
2724,5379d354b9b95048,True,1.0,0.0,0.0,1.0,1.0,1.0,0.0
2725,ee4ca385da5d5778,True,1.0,0.0,0.0,1.0,1.0,1.0,0.0
2726,f3493d3b23cd55c2,True,1.0,1.0,0.8368217156965869,1.0,1.0,1.0,0.9320090482069112
2727,ea93b5b81d425814,True,1.0,1.0,0.7939519716958294,1.0,1.0,1.0,0.9141466548732623
2728,e67729beeaa95c34,True,1.0,1.0,1.0,1.0,1.0,1.0,1.0
2729,540098f126795a8c,True,1.0,1.0,0.7677842029616068,1.0,1.0,1.0,0.9032434179006694
2730,482601c870805c11,True,1.0,1.0,0.9350492014773918,1.0,1.0,1.0,0.9729371672822467
2731,6ad6e6d54e845206,True,1.0,1.0,0.916450612792945,1.0,1.0,1.0,0.9651877553303937
2732,82b1cb7113515dfb,True,1.0,1.0,1.0,1.0,1.0,1.0,1.0
2733,dd951db716735c82,True,1.0,1.0,0.7025128640993475,1.0,1.0,1.0,0.8760470267080614
2734,6a9642ab1a745aac,True,1.0,1.0,0.6222353427126839,1.0,1.0,1.0,0.8425980594636183
2735,15cd405711fa54f8,True,1.0,1.0,0.22777728527108324,1.0,1.0,1.0,0.678240535529618
2736,038e954a77a95537,True,1.0,1.0,0.9128541331645553,1.0,1.0,1.0,0.9636892221518981
2737,0e713cce7ce35df0,True,1.0,1.0,1.0,1.0,1.0,1.0,1.0
2738,30b35ae958ee5bae,True,1.0,1.0,0.7739304491528949,1.0,1.0,1.0,0.9058043538137062
2739,c8d4707fcc465f8b,True,1.0,1.0,0.942375672488495,1.0,1.0,1.0,0.9759898635368729
2740,aa34b08bfad85fac,True,1.0,1.0,0.8518380803995489,1.0,1.0,1.0,0.9382658668331455
2741,210fa74895dc5f52,True,1.0,0.0,0.0,1.0,1.0,1.0,0.0
2742,0451b850addd591c,True,1.0,1.0,0.7283665524203651,1.0,1.0,1.0,0.8868193968418187
2743,aacc2ed7ba2859c5,True,1.0,1.0,0.7284761709186708,1.0,1.0,1.0,0.8868650712161128
2744,83b935eff1815935,True,1.0,1.0,0.9128824235383339,1.0,1.0,1.0,0.9637010098076392
2745,40d51aff75a85ab9,True,1.0,1.0,0.7257534933995107,1.0,1.0,1.0,0.8857306222497962
2746,578adc6dc97d510f,True,1.0,0.0,0.0,0.0,1.0,0.5,0.0
2747,ee7be0b111a85c25,True,1.0,1.0,1.0,1.0,1.0,1.0,1.0
2748,785a51e5263b5bec,True,1.0,1.0,0.8359863219754992,1.0,1.0,1.0,0.9316609674897913
2749,2070f12707d95924,True,1.0,1.0,0.7379847287481623,1.0,1.0,1.0,0.8908269703117343
2750,00137a5ce92d591c,True,1.0,1.0,0.6342787405201576,1.0,1.0,1.0,0.8476161418833991
2751,3623f8c74e7a5d1d,True,1.0,1.0,1.0,1.0,1.0,1.0,1.0
2752,094551eaba7351f5,True,1.0,1.0,0.9280099079944985,1.0,1.0,1.0,0.9700041283310409
2753,b411a654aa215f1b,True,1.0,1.0,0.7585033284410484,1.0,1.0,1.0,0.8993763868504369
2754,25a3a5bc491d521b,True,1.0,1.0,0.7667642312688616,1.0,1.0,1.0,0.9028184296953591
2755,0f7854f951905e69,True,1.0,1.0,0.573723768249578,1.0,1.0,1.0,0.8223849034373242
2756,05d0a1a763fc5334,True,1.0,1.0,1.0,1.0,1.0,1.0,1.0
2757,aa74d194063c5d0b,True,1.0,1.0,0.7245587283661841,1.0,1.0,1.0,0.88523280348591
2758,a2e0d4dc100159a5,True,1.0,0.0,0.0,1.0,1.0,1.0,0.0
2759,e5bb04b7c6695184,True,1.0,1.0,1.0,1.0,1.0,1.0,1.0
2760,68ea9d09300c5886,True,1.0,1.0,1.0,1.0,1.0,1.0,1.0
2761,feff00cef4985d6b,True,1.0,1.0,0.8815340049952636,1.0,1.0,1.0,0.9506391687480265
2762,592f9e4317dd52e2,True,1.0,1.0,0.9663762472589297,1.0,1.0,1.0,0.985990103024554
2763,f63a2f8e05115d52,True,1.0,1.0,1.0,1.0,1.0,1.0,1.0
2764,ae3496e6ce435e73,True,1.0,1.0,1.0,1.0,1.0,1.0,1.0
2765,a1f35d4460345de8,True,1.0,1.0,1.0,1.0,1.0,1.0,1.0
2766,8de5173c05ee56f5,True,1.0,1.0,0.8760755600417748,1.0,1.0,1.0,0.9483648166840727
2767,98045d12586d50b6,True,1.0,1.0,0.9062544926256897,1.0,1.0,1.0,0.9609393719273708
2768,c9903c96ff4153fe,True,1.0,1.0,0.9158054768174905,1.0,1.0,1.0,0.9649189486739544
2769,c887e4bc08f85aa5,True,1.0,1.0,1.0,0.0,1.0,1.0,0.5833333333333334
2770,f7103dfe59a959be,True,1.0,1.0,1.0,1.0,1.0,1.0,1.0
2771,df284ad97ad55a31,True,1.0,1.0,0.8079483281346146,1.0,1.0,1.0,0.9199784700560895
2772,db29291cd4ee5499,True,1.0,1.0,1.0,1.0,1.0,1.0,1.0
2773,f1cc8f05115d5db6,True,1.0,1.0,1.0,1.0,1.0,1.0,1.0
2774,3d34ef81b357566e,True,1.0,1.0,1.0,1.0,1.0,1.0,1.0
2775,5022f5d01ba85e74,True,1.0,1.0,0.7231554482387857,1.0,1.0,1.0,0.8846481034328274
2776,490475b585895e0e,True,1.0,1.0,0.9034433702737361,1.0,1.0,1.0,0.95976807094739
2777,7bcc91de36385afe,True,1.0,1.0,0.8192435918228522,1.0,1.0,0.0,0.9246848299261884
2778,6d08dce7cfaa5035,True,1.0,1.0,0.639796316053544,1.0,1.0,1.0,0.8499151316889767
2779,2035406a3a6955be,True,1.0,1.0,0.555231894288763,1.0,1.0,1.0,0.8146799559536513
2780,819d34b59e6159ad,True,1.0,1.0,1.0,1.0,1.0,1.0,1.0
2781,6f525eba8afc547c,True,1.0,1.0,0.8764668834757919,1.0,1.0,1.0,0.9485278681149133
2782,b5271c19eef859ed,True,0.0,1.0,0.0,0.0,1.0,1.0,0.0
2783,0c5365f52bac5785,True,1.0,1.0,1.0,1.0,1.0,1.0,1.0
2784,babd01c3694d5e18,True,1.0,1.0,0.9320242248603812,1.0,1.0,1.0,0.9716767603584922
2785,d4f972826d645ca8,True,1.0,1.0,0.7979954715514174,1.0,1.0,1.0,0.9158314464797573
2786,415b05ca44da5fbb,True,1.0,1.0,1.0,1.0,1.0,1.0,1.0
2787,7015bc44f34252f4,True,1.0,1.0,1.0,1.0,0.0,1.0,0.8333333333333334
2788,1ea920764abe5dcb,True,1.0,1.0,0.7861208898683458,1.0,1.0,1.0,0.9108837041118107
2789,19a595ad0fe35941,True,1.0,1.0,0.8683272085254231,1.0,1.0,0.5,0.945136336885593
2790,f93bfd9479fd52ee,True,1.0,1.0,0.8147317420095832,1.0,1.0,1.0,0.922804892503993
2791,32a409f974555830,True,1.0,1.0,0.12824427500478072,1.0,1.0,1.0,0.6367684479186586
2792,e76e7c89a8935276,True,1.0,1.0,0.8560912110072081,1.0,1.0,1.0,0.9400380045863367
2793,4ccc9e33aa795ef1,True,1.0,1.0,1.0,1.0,1.0,1.0,1.0
2794,0573408e3cfb5130,True,1.0,1.0,0.8476443564618092,1.0,1.0,1.0,0.9365184818590873
2795,b0bd81048c07524f,True,1.0,1.0,0.8073693481499987,1.0,1.0,1.0,0.9197372283958328
2796,a3c4e4bf10d65ddb,True,1.0,1.0,0.8802240034028699,1.0,1.0,1.0,0.9500933347511958
2797,7fc46d2957805648,True,1.0,1.0,1.0,1.0,1.0,1.0,1.0
2798,4175cdc49ec759f5,True,1.0,1.0,0.8864454158763246,1.0,1.0,1.0,0.9526855899484685
2799,cd177406e5b056d6,True,1.0,1.0,0.8280737862150468,1.0,1.0,1.0,0.9283640775896028
2800,47fae9a1708b5101,True,1.0,1.0,1.0,1.0,1.0,1.0,1.0
2801,1eb474de58ca5d6f,True,1.0,1.0,0.9296773278795911,1.0,1.0,1.0,0.9706988866164963
2802,93512ae1de725307,True,1.0,1.0,1.0,1.0,1.0,1.0,1.0
2803,e5e00457df055e1a,True,1.0,1.0,1.0,1.0,1.0,1.0,1.0
2804,c86e7d3c0dfb57bd,True,1.0,0.0,0.0,1.0,1.0,1.0,0.0
2805,bc3d973c3543556c,True,1.0,1.0,0.8166618597236743,1.0,1.0,1.0,0.9236091082181975
2806,ea91c9a3a75f514c,True,1.0,1.0,0.7923518386768468,1.0,1.0,1.0,0.9134799327820194
2807,f3872682944e5d13,True,1.0,1.0,0.8685804561844713,1.0,1.0,1.0,0.9452418567435297
2808,eb2304df049d5ce3,True,1.0,1.0,1.0,1.0,1.0,1.0,1.0
2809,784c48e2a44c5036,True,1.0,1.0,0.8834529468227912,1.0,1.0,0.5,0.9514387278428297
2810,b9f3b69b160e5ad0,True,1.0,0.0,0.0,1.0,1.0,1.0,0.0
2811,2f8dd3404f375ed8,True,1.0,1.0,0.8569768910615485,1.0,1.0,1.0,0.940407037942312
2812,40c06c252a275c50,True,1.0,1.0,0.6746251819516798,1.0,1.0,1.0,0.8644271591465332
2813,0b5b1309df2f5627,True,1.0,1.0,0.669164070200004,1.0,1.0,1.0,0.8621516959166683
2814,8d62f19202505230,True,1.0,0.0,0.0,1.0,1.0,1.0,0.0
2815,480325e1f5085385,True,1.0,1.0,1.0,1.0,1.0,1.0,1.0
2816,1fd8eed8897a5667,True,1.0,1.0,1.0,1.0,1.0,1.0,1.0
2817,94c3ef5a3168570a,True,1.0,1.0,0.9678558127940067,1.0,1.0,1.0,0.9866065886641694
2818,4314c162a57f568e,True,1.0,1.0,0.9050144690741507,1.0,1.0,1.0,0.9604226954475629
2819,b42d7dc2a3975573,True,1.0,0.0,0.0,1.0,1.0,1.0,0.0
2820,ae643fddc1195062,True,1.0,1.0,1.0,1.0,1.0,1.0,1.0
2821,deb455f53c805643,True,1.0,1.0,0.7747984408078974,1.0,1.0,1.0,0.9061660170032906
2822,0db4879927b35dc0,True,1.0,1.0,0.9469225094005874,1.0,1.0,1.0,0.9778843789169115
2823,ba62104a517e5a9b,True,1.0,1.0,0.9345972506846797,1.0,1.0,1.0,0.9727488544519499
2824,a4f4a240e54e56b2,True,1.0,0.0,0.0,1.0,1.0,1.0,0.0
2825,e22b4bce822a51fb,True,1.0,1.0,1.0,1.0,1.0,1.0,1.0
2826,3fa9c77540225eae,True,1.0,1.0,1.0,1.0,1.0,1.0,1.0
2827,0a954cc695e751ab,True,1.0,1.0,0.7688889451597947,1.0,1.0,1.0,0.9037037271499143
2828,eaf08861a02351a5,True,1.0,1.0,0.8514520408048147,1.0,1.0,1.0,0.9381050170020062
2829,2833a305300f5394,True,1.0,1.0,1.0,1.0,1.0,1.0,1.0
2830,b0a7f01e57205fb4,True,1.0,1.0,0.5599336422972755,1.0,1.0,1.0,0.8166390176238648
2831,e9bfb4821bfd5801,True,1.0,1.0,1.0,1.0,1.0,1.0,1.0
2832,9aadb4c8a77d5849,True,1.0,1.0,0.9111510637407776,1.0,1.0,1.0,0.9629796098919906
2833,3d4616d64a4c5f53,True,1.0,1.0,0.9968183956077896,1.0,1.0,1.0,0.9986743315032456
2834,07c46d77aba054ec,True,1.0,1.0,1.0,1.0,1.0,0.5,1.0
2835,0616f9723c60524d,True,1.0,1.0,0.8537953993574658,1.0,1.0,1.0,0.9390814163989442
2836,e82216ae03b05bd4,True,1.0,1.0,1.0,1.0,1.0,1.0,1.0
2837,d7ff11915cdf538e,True,1.0,1.0,1.0,1.0,1.0,1.0,1.0
2838,0bee5ed0a0a957fd,True,1.0,1.0,0.8246965941753144,1.0,1.0,1.0,0.9269569142397144
2839,6d5f5983c8eb5615,True,1.0,1.0,0.7936737170142931,1.0,1.0,1.0,0.9140307154226223
2840,42dc421e37c154e5,True,1.0,1.0,1.0,1.0,1.0,1.0,1.0
2841,b0070f55eda95848,True,1.0,1.0,0.844252353972681,1.0,1.0,1.0,0.9351051474886171
2842,1288b2d19d695376,True,1.0,1.0,1.0,1.0,1.0,1.0,1.0
2843,4b55193d36c35e4a,True,1.0,1.0,1.0,0.0,1.0,1.0,0.5833333333333334
2844,de0726643f515304,True,1.0,1.0,0.8271255464394383,1.0,1.0,1.0,0.9279689776830993
2845,76a0c83f0b6453a0,True,0.0,1.0,0.0,0.0,1.0,1.0,0.0
2846,85164858b3e55841,True,1.0,1.0,0.8251998125966585,1.0,1.0,1.0,0.9271665885819411
2847,908f696abf7c5a26,True,1.0,1.0,0.8215002350283187,1.0,1.0,1.0,0.925625097928466
2848,9d9aced6d8da5f28,True,1.0,1.0,1.0,1.0,1.0,1.0,1.0
2849,bbb7e4525bd05d3d,True,1.0,1.0,1.0,1.0,1.0,1.0,1.0
2850,4c5c196977b255f5,True,0.0,0.0,0.0,0.0,1.0,1.0,0.0
2851,4cc1186b46d85ec4,True,1.0,1.0,0.8986154373804869,1.0,1.0,1.0,0.9577564322418696
2852,eb5989e21dc35a47,True,1.0,1.0,0.7995557049948459,1.0,1.0,1.0,0.9164815437478525
2853,e2ae05340dba502d,True,1.0,1.0,0.5315675116269359,1.0,1.0,1.0,0.8048197965112234
2854,c840eac7d70e5877,True,1.0,1.0,1.0,0.0,1.0,1.0,0.5833333333333334
2855,960d5334ae8f54a5,True,1.0,1.0,1.0,1.0,1.0,1.0,1.0
2856,a698a93fec1e57fa,True,1.0,1.0,0.9523172767342448,1.0,1.0,1.0,0.9801321986392687
2857,72c1d1069773561d,True,1.0,0.0,0.0,1.0,1.0,1.0,0.0
2858,11182a0af9c95c8c,True,1.0,1.0,0.6771325986311317,1.0,1.0,1.0,0.8654719160963049
2859,9a94341d994d5ec9,True,1.0,1.0,0.7856779562692301,1.0,1.0,1.0,0.9106991484455126
2860,87ecb477e85b5a58,True,1.0,1.0,0.9685552692032219,1.0,1.0,1.0,0.9868980288346757
2861,cc9f9924e6f25e64,True,1.0,1.0,0.758210400222341,1.0,1.0,1.0,0.8992543334259754
2862,dac5a6aa183b5e73,True,1.0,0.0,0.0,1.0,1.0,1.0,0.0
2863,1a25d6503c075cc8,True,1.0,1.0,0.8763412217679666,1.0,1.0,1.0,0.948475509069986
2864,f6082f18c392582f,True,1.0,1.0,0.9738934862747183,1.0,1.0,0.5,0.9891222859477993
2865,ef9b600e65ac5391,True,1.0,1.0,0.7750484633923274,1.0,1.0,1.0,0.9062701930801363
2866,5487bbfde69354cb,True,1.0,1.0,0.7777687233598449,1.0,1.0,1.0,0.9074036347332687
2867,8a2c1d34f9df5213,True,1.0,1.0,1.0,1.0,1.0,1.0,1.0
2868,126fd1a0d1675f57,True,1.0,1.0,0.7527117267176786,1.0,1.0,1.0,0.8969632194656993
2869,a22de94be8935752,True,1.0,1.0,0.6765969664107265,1.0,1.0,1.0,0.8652487360044695
2870,46a9bf6f100c5e0a,True,1.0,1.0,0.8539294981142813,1.0,1.0,1.0,0.9391372908809505
2871,7d423cc4c7b9541a,True,1.0,1.0,1.0,1.0,1.0,1.0,1.0
2872,7900996a42f35f67,True,1.0,1.0,1.0,1.0,1.0,1.0,1.0
2873,a59bd481d324594a,True,1.0,1.0,0.7949991085099989,1.0,1.0,1.0,0.9145829618791662
2874,ca6a8cc7012a5fac,True,1.0,1.0,0.7533893058711952,1.0,1.0,1.0,0.8972455441129981
2875,6d3bb2ecca3e54b4,True,1.0,1.0,1.0,1.0,1.0,1.0,1.0
2876,2cd1545c4c835ead,True,1.0,1.0,0.8520135806822607,1.0,1.0,1.0,0.9383389919509421
2877,52d6d6f0e4305a44,True,1.0,1.0,1.0,1.0,1.0,1.0,1.0
2878,afe269451bc757e1,True,1.0,1.0,0.5954659989257637,1.0,1.0,1.0,0.8314441662190681
2879,647a42b4e5075f16,True,1.0,1.0,0.33486572336819614,1.0,1.0,1.0,0.7228607180700818
2880,eb4bbe69b80d5f12,True,1.0,1.0,0.8704088800589704,1.0,1.0,1.0,0.946003700024571
2881,b751857996975e6c,True,1.0,1.0,0.8465474753547682,1.0,1.0,1.0,0.9360614480644868
2882,208247acd8ca5e2c,True,1.0,1.0,0.17916994485655555,1.0,1.0,1.0,0.6579874770235649
2883,b0a3bbfe213a507b,True,1.0,1.0,0.9784641173263345,1.0,1.0,1.0,0.9910267155526394
2884,e1950bc54da65383,True,1.0,1.0,1.0,1.0,1.0,1.0,1.0
2885,f638ae3f35d25d55,True,1.0,1.0,1.0,0.0,1.0,1.0,0.5833333333333334
2886,351226f263825b4b,True,1.0,1.0,0.17174924595983757,1.0,1.0,1.0,0.6548955191499323
2887,f1494fd9840c5014,True,1.0,1.0,1.0,1.0,1.0,1.0,1.0
2888,9e77d9cf35e05d55,True,1.0,1.0,0.8674848039070039,1.0,1.0,1.0,0.9447853349612516
2889,cfb755b8d37458ac,True,0.0,1.0,0.0,0.0,1.0,0.5,0.0
2890,00c6aecefec9576c,True,1.0,1.0,0.6702742566055874,1.0,1.0,1.0,0.8626142735856615
2891,874ce413a47e5c30,True,1.0,1.0,0.8941322120375649,1.0,1.0,1.0,0.9558884216823187
2892,3e053f89d1c55a7e,True,1.0,1.0,0.8779709152649267,1.0,1.0,1.0,0.9491545480270528
2893,e8d7197f07635cfb,True,1.0,1.0,1.0,1.0,1.0,1.0,1.0
2894,cd1234d5b4b2570d,True,1.0,1.0,0.6453054801971364,1.0,1.0,1.0,0.8522106167488067
2895,7ba76233a35553c2,True,1.0,1.0,1.0,1.0,1.0,1.0,1.0
2896,a2ed8d7503b85e2d,True,1.0,1.0,0.8941804906601437,1.0,1.0,1.0,0.9559085377750599
2897,2805fe41d7d9543a,True,1.0,1.0,0.7206269158609496,1.0,1.0,1.0,0.8835945482753956
2898,fe4b2cf4e9ad5b37,True,1.0,1.0,0.9305376380522339,1.0,1.0,1.0,0.9710573491884308
2899,7af63267db5c5415,True,1.0,1.0,0.7142945934226834,1.0,1.0,1.0,0.8809560805927847
2900,dcdacf7509ed5062,True,1.0,1.0,0.7930003389701614,1.0,1.0,1.0,0.9137501412375673
2901,8e274784672a514b,True,1.0,1.0,1.0,1.0,1.0,1.0,1.0
2902,774006a654915196,True,1.0,1.0,0.7613927900007688,1.0,1.0,1.0,0.900580329166987
2903,fc0a59dcf9d75219,True,1.0,1.0,0.6714477127581515,1.0,1.0,1.0,0.8631032136492299
2904,d4f5976a6d615330,True,1.0,1.0,1.0,1.0,1.0,1.0,1.0
2905,3748f0fadf395c8a,True,1.0,1.0,0.8471018090909234,1.0,1.0,0.5,0.9362924204545514
2906,2bc2525a4ee95ef4,True,1.0,1.0,1.0,1.0,1.0,1.0,1.0
2907,2908ea54e9955267,True,1.0,0.0,0.0,1.0,1.0,1.0,0.0
2908,283ae14565b85cc3,True,1.0,1.0,0.7497511034228085,1.0,1.0,1.0,0.8957296264261702
2909,80ea2a91b1845071,True,1.0,1.0,1.0,1.0,1.0,1.0,1.0
2910,06279fdb46815c6c,True,1.0,1.0,1.0,1.0,1.0,0.5,1.0
2911,07a369a8e34d541e,True,1.0,1.0,1.0,1.0,1.0,1.0,1.0
2912,ef886d0dee3e534c,True,1.0,1.0,0.8137337245017234,1.0,1.0,1.0,0.9223890518757182
2913,50d6986491d3510a,True,0.0,1.0,0.0,0.0,1.0,1.0,0.0
2914,96c3433ef79a5478,True,1.0,1.0,0.667157893776369,1.0,1.0,1.0,0.8613157890734872
2915,5955c4ef15c75350,True,1.0,1.0,1.0,1.0,1.0,1.0,1.0
2916,d8d39177bd96593d,True,1.0,0.0,0.0,1.0,1.0,1.0,0.0
2917,15a50c88ab0255ca,True,1.0,1.0,1.0,1.0,1.0,1.0,1.0
2918,b27841ee318f5d92,True,1.0,1.0,0.8729238814681006,1.0,1.0,1.0,0.9470516172783752
2919,d8952813d8de574d,True,1.0,1.0,0.9161660394738979,1.0,1.0,1.0,0.9650691831141242
2920,2541de938ff15eee,True,1.0,1.0,0.9092907869961343,1.0,1.0,1.0,0.9622044945817226
2921,0e08da5fbc735956,True,1.0,1.0,0.4680116261711772,1.0,1.0,1.0,0.778338177571324
2922,b156e8110afb5efd,True,1.0,1.0,0.8525925828784122,1.0,1.0,1.0,0.938580242866005
2923,fc529b3abdc65998,True,1.0,1.0,1.0,1.0,1.0,1.0,1.0
2924,d5b21176c2e1526c,True,1.0,1.0,0.9271949514430172,1.0,1.0,1.0,0.9696645631012571
2925,4e496bfdb6b95697,True,1.0,1.0,1.0,1.0,1.0,1.0,1.0
2926,8b93118c77d25b5d,True,1.0,1.0,1.0,1.0,0.0,1.0,0.8333333333333334
2927,6fbdacdf660253b6,True,1.0,1.0,0.8496430436309882,1.0,1.0,1.0,0.9373512681795785
2928,81e5ddc060675e0b,True,1.0,1.0,1.0,1.0,1.0,1.0,1.0
2929,b4914b3d729357d1,True,1.0,1.0,1.0,1.0,1.0,1.0,1.0
2930,65caa24efb4556af,True,1.0,1.0,0.7609743937586632,1.0,1.0,1.0,0.900405997399443
2931,1a3c8066b86857b5,True,1.0,1.0,0.9648549400424208,1.0,1.0,1.0,0.9853562250176754
2932,2b04c510144e5545,True,1.0,1.0,1.0,1.0,1.0,1.0,1.0
2933,1cffb22700735548,True,1.0,1.0,1.0,1.0,1.0,1.0,1.0
2934,424cdafd92f25209,True,1.0,1.0,1.0,1.0,1.0,1.0,1.0
2935,50613cf56a8d5a38,True,1.0,1.0,0.9270847580428087,1.0,1.0,1.0,0.9696186491845036
2936,c02bb4d7993e5bbb,True,1.0,1.0,0.9025093244481164,1.0,1.0,1.0,0.9593788851867151
2937,d9b577262eed5ceb,True,1.0,1.0,1.0,1.0,1.0,1.0,1.0
2938,9483bda6b31259bd,True,1.0,1.0,0.7467383661255502,1.0,1.0,0.5,0.8944743192189794
2939,1a1f73871bea5afa,True,1.0,1.0,0.7312835125289824,1.0,1.0,1.0,0.888034796887076
2940,fe0c83d70ca456ae,True,1.0,1.0,0.9054072337083795,1.0,1.0,1.0,0.9605863473784915
2941,b7f1861bff9c514e,True,1.0,1.0,1.0,0.0,1.0,1.0,0.5833333333333334
2942,b389efc36b545908,True,1.0,1.0,0.8664213666026973,1.0,1.0,0.5,0.9443422360844572
2943,7b281124be57507a,True,1.0,0.0,0.0,1.0,1.0,1.0,0.0
2944,4e27d27410c85f81,True,1.0,1.0,0.7709784996793995,1.0,1.0,1.0,0.9045743748664165
2945,6ba5ed2f323f53e2,True,1.0,1.0,1.0,1.0,1.0,1.0,1.0
2946,59b4bb47cf6656cf,True,1.0,0.0,0.0,1.0,1.0,1.0,0.0
2947,fb351801ac245053,True,1.0,1.0,1.0,1.0,1.0,1.0,1.0
2948,5a4811a0bde955b3,True,1.0,1.0,0.8176701491386692,1.0,1.0,1.0,0.9240292288077789
2949,average,True,0.981010512037979,0.9420142421159715,0.8062658257659708,0.951508986096982,0.9979654120040692,0.9742285520515429,0.8647365227017334
