,token,valid,no_at_fault_collisions,drivable_area_compliance,ego_progress,time_to_collision_within_bound,comfort,driving_direction_compliance,score
0,8ff8a3cf55355131,True,1.0,1.0,0.5446825399297001,1.0,1.0,1.0,0.8102843916373751
1,af8dc1b01446555a,True,1.0,1.0,0.990146602806477,1.0,1.0,1.0,0.9958944178360322
2,c69d4cbd79ea52a0,True,1.0,1.0,1.0,0.0,1.0,1.0,0.5833333333333334
3,d44d7aacab755892,True,1.0,1.0,0.7738272223375624,1.0,1.0,1.0,0.905761342640651
4,4379fb75ac085d26,True,1.0,1.0,0.6653490132043989,1.0,1.0,1.0,0.8605620888351662
5,aa10437e9b425118,True,1.0,1.0,1.0,1.0,1.0,1.0,1.0
6,c53ae2fe6cc751e7,True,1.0,1.0,0.9832735000297123,1.0,1.0,1.0,0.99303062501238
7,e7f8a61d807f5914,True,1.0,1.0,1.0,1.0,1.0,1.0,1.0
8,fe4bac0ae9bc5639,True,1.0,1.0,0.5515713615311881,1.0,1.0,1.0,0.8131547339713284
9,b3de35a12e36586c,True,1.0,1.0,1.0,1.0,1.0,1.0,1.0
10,62462203db6b5ba5,True,1.0,0.0,0.0,1.0,1.0,1.0,0.0
11,1ed469afe6545946,True,1.0,0.0,0.0,1.0,1.0,1.0,0.0
12,bb25cbb49f9157ae,True,1.0,1.0,1.0,1.0,1.0,1.0,1.0
13,43fd9868f2ed549f,True,1.0,1.0,0.774474095188086,1.0,1.0,1.0,0.9060308729950358
14,24ae3c9d96485b98,True,1.0,1.0,0.7488822962648419,1.0,1.0,1.0,0.8953676234436841
15,e166284508e554fa,True,1.0,1.0,0.8668593619079691,1.0,1.0,1.0,0.9445247341283204
16,3d29e22a03a15391,True,1.0,1.0,1.0,1.0,1.0,1.0,1.0
17,008b419a63b75917,True,1.0,1.0,0.7736917850817405,1.0,1.0,1.0,0.9057049104507252
18,6df89719fce05527,True,1.0,1.0,1.0,1.0,1.0,1.0,1.0
19,690f682660e358dc,True,1.0,1.0,1.0,1.0,1.0,1.0,1.0
20,e52f4dccf26f55a8,True,1.0,1.0,0.6403623601470461,1.0,1.0,1.0,0.8501509833946025
21,f1b802f6e9a559af,True,1.0,1.0,1.0,1.0,1.0,1.0,1.0
22,aee5c527d8e85667,True,1.0,1.0,0.776793084898328,1.0,1.0,1.0,0.9069971187076367
23,99b52fa162c550d4,True,1.0,1.0,0.8020372846655355,1.0,1.0,1.0,0.9175155352773064
24,c7ef706bfbef5f7c,True,1.0,1.0,0.810534890447815,1.0,1.0,1.0,0.9210562043532562
25,7fcf6a30139b5d3e,True,1.0,1.0,0.9653554786710833,1.0,1.0,1.0,0.9855647827796181
26,ee42b86599ca5632,True,1.0,1.0,0.9042050082984452,1.0,1.0,1.0,0.9600854201243522
27,40ee16c17fc05cfb,True,1.0,1.0,0.7387105564883031,1.0,1.0,1.0,0.8911293985367928
28,edf7e758c7075ce8,True,1.0,1.0,0.3799515022417375,1.0,1.0,1.0,0.7416464592673906
29,a9359dafbcdd5af6,True,1.0,1.0,1.0,1.0,1.0,1.0,1.0
30,1c25de3a1c805da1,True,1.0,1.0,0.6935807347076817,1.0,1.0,1.0,0.8723253061282007
31,b48c29fc1bd15ca0,True,1.0,1.0,0.800819596388435,1.0,1.0,1.0,0.9170081651618479
32,ad0c441309de5d2e,True,1.0,1.0,0.9590881430217547,1.0,1.0,1.0,0.9829533929257311
33,b31e39a660f1535f,True,1.0,1.0,1.0,1.0,1.0,1.0,1.0
34,685911b9ba8b554f,True,1.0,1.0,0.8953396843798969,1.0,1.0,1.0,0.9563915351582905
35,a82ce9edf79d56a6,True,1.0,1.0,0.8247535955353102,1.0,1.0,1.0,0.9269806648063792
36,a4f48656cf78572a,True,1.0,0.0,0.0,1.0,1.0,0.5,0.0
37,b9e5b11ac3745f8c,True,1.0,1.0,1.0,1.0,1.0,1.0,1.0
38,013456829c0050ce,True,1.0,1.0,1.0,1.0,1.0,1.0,1.0
39,03c2e332abb25034,True,1.0,1.0,1.0,1.0,1.0,1.0,1.0
40,9ebf7c0f1b4f5f39,True,1.0,1.0,0.9046930546060638,1.0,1.0,1.0,0.9602887727525266
41,6b96870196f95d29,True,1.0,1.0,0.828491910625672,1.0,1.0,1.0,0.9285382960940299
42,e02db4e2c5ed5b76,True,1.0,1.0,0.911575485039308,1.0,1.0,1.0,0.9631564520997117
43,c1e1661e600c570e,True,1.0,1.0,1.0,1.0,1.0,1.0,1.0
44,3e5bb75bed1d58ad,True,1.0,1.0,1.0,1.0,1.0,1.0,1.0
45,f6db2434c92450b8,True,1.0,1.0,1.0,1.0,1.0,1.0,1.0
46,35f226ec4cac52fc,True,1.0,1.0,1.0,1.0,1.0,1.0,1.0
47,bca4325362c35dbd,True,1.0,1.0,1.0,1.0,1.0,1.0,1.0
48,c5f7658763815835,True,1.0,1.0,0.9871775726061789,1.0,1.0,1.0,0.9946573219192412
49,fab7537b12d254bd,True,1.0,1.0,1.0,1.0,1.0,1.0,1.0
50,d7c74666773f5575,True,1.0,1.0,0.5903853910476734,1.0,1.0,1.0,0.8293272462698639
51,23ee145aa4de582b,True,1.0,1.0,1.0,1.0,1.0,1.0,1.0
52,21dbc361352b5dbd,True,1.0,1.0,0.7792712752544153,1.0,1.0,1.0,0.9080296980226731
53,d7708962e5cc554f,True,1.0,1.0,1.0,1.0,1.0,1.0,1.0
54,5bd2bc00e2d358e0,True,1.0,1.0,1.0,1.0,1.0,1.0,1.0
55,40ef82b4d5735701,True,1.0,1.0,1.0,1.0,1.0,1.0,1.0
56,cbb499611c3f53ca,True,0.0,1.0,0.0,0.0,1.0,1.0,0.0
57,13310ca9a7715154,True,1.0,1.0,0.6086393156578411,1.0,1.0,1.0,0.8369330481907671
58,f227c6775ba75451,True,1.0,1.0,0.7194195331776613,1.0,1.0,1.0,0.8830914721573588
59,beeb0c78917a528a,True,1.0,1.0,1.0,0.0,1.0,1.0,0.5833333333333334
60,64a1d44d73015a60,True,1.0,1.0,1.0,1.0,1.0,1.0,1.0
61,ab505f8775065375,True,1.0,1.0,1.0,1.0,1.0,1.0,1.0
62,e11091e5742d545b,True,1.0,1.0,0.6438595194522188,1.0,1.0,1.0,0.8516081331050911
63,cf1ba57897845189,True,1.0,1.0,0.7688478729208896,1.0,1.0,1.0,0.9036866137170373
64,873568760d365a73,True,1.0,1.0,0.506942556942153,1.0,1.0,1.0,0.7945593987258971
65,702cb8df08c15df6,True,1.0,1.0,0.790577152790808,1.0,1.0,1.0,0.9127404803295033
66,f620e6d6c13b53b7,True,1.0,1.0,0.5119571551960056,1.0,1.0,1.0,0.7966488146650024
67,07846b829b3a575e,True,1.0,1.0,0.7184722539470749,1.0,1.0,1.0,0.8826967724779479
68,9a89dccc70835d69,True,1.0,1.0,0.7270016067700028,1.0,1.0,1.0,0.8862506694875011
69,b5e2d8766c6d51b2,True,1.0,0.0,0.0,1.0,1.0,1.0,0.0
70,8e5ce0a119585d3b,True,1.0,1.0,0.8194733035701968,0.0,1.0,0.0,0.508113876487582
71,520c2defbbc958a0,True,1.0,1.0,0.6656265698007899,1.0,1.0,1.0,0.8606777374169958
72,f228a1710d2f5ccd,True,1.0,1.0,0.6772695015480747,1.0,1.0,1.0,0.8655289589783646
73,9b8fa6b5b4505d22,True,1.0,1.0,0.781453528375231,1.0,1.0,1.0,0.9089389701563463
74,ad54eadf72625631,True,1.0,1.0,0.5659999893427429,1.0,1.0,1.0,0.8191666622261429
75,2957826433915ff9,True,1.0,0.0,0.0,1.0,1.0,1.0,0.0
76,8f5b6181d28e5d4a,True,1.0,1.0,0.8756481539034122,1.0,1.0,1.0,0.9481867307930885
77,387504d3db1852b0,True,1.0,1.0,0.5948708744816386,1.0,1.0,1.0,0.8311961977006828
78,23ad4e776c025531,True,1.0,1.0,0.973478592358823,1.0,1.0,1.0,0.9889494134828429
79,3f2a3e63c3045c95,True,1.0,1.0,0.6871219751807699,1.0,1.0,1.0,0.8696341563253208
80,ec1fc260f1c15d42,True,1.0,1.0,0.7917846966433042,1.0,1.0,1.0,0.9132436236013768
81,d53ab6056bc85085,True,1.0,1.0,0.8340557062411074,1.0,1.0,1.0,0.930856544267128
82,61530f7ee9945c70,True,1.0,1.0,0.9373429277888834,1.0,1.0,1.0,0.9738928865787013
83,5c162b0d30f35b55,True,1.0,1.0,0.9264769881862143,1.0,1.0,1.0,0.969365411744256
84,e072351fbbfd5765,True,1.0,1.0,0.6280533062609023,1.0,1.0,1.0,0.8450222109420427
85,a6c229d05cdb5016,True,1.0,1.0,1.0,1.0,1.0,1.0,1.0
86,3c462254687e5ef8,True,1.0,1.0,0.9282755677190645,1.0,1.0,1.0,0.9701148198829435
87,29efe3c61a4a580f,True,1.0,1.0,1.0,1.0,1.0,1.0,1.0
88,c24424805c075539,True,0.0,1.0,0.0,0.0,1.0,1.0,0.0
89,7da6ba784b8b5ff0,True,0.0,0.0,0.0,0.0,1.0,0.0,0.0
90,f2b83fb414eb5cf0,True,1.0,1.0,0.6568357283886365,1.0,1.0,1.0,0.8570148868285985
91,c9c4bcd94e755b0f,True,1.0,1.0,0.8189747863536168,1.0,1.0,1.0,0.9245728276473404
92,98ae2c97a0375eaf,True,1.0,1.0,0.8934944669009525,1.0,1.0,1.0,0.9556226945420635
93,794b439e9922527b,True,1.0,1.0,0.8389570008591662,1.0,1.0,1.0,0.9328987503579859
94,16dbc607f5f75479,True,1.0,1.0,1.0,1.0,1.0,1.0,1.0
95,747a1e62def55db5,True,1.0,1.0,0.85272963705556,1.0,1.0,1.0,0.93863734877315
96,0578fbc7c369583a,True,1.0,1.0,0.9399088708724214,1.0,1.0,1.0,0.9749620295301756
97,365808b195f35dff,True,1.0,1.0,0.8959182942863917,1.0,1.0,1.0,0.9566326226193299
98,39108eefc8e95e0e,True,1.0,1.0,0.7233838533290823,1.0,1.0,1.0,0.8847432722204509
99,4fb652e8a58f5623,True,1.0,1.0,1.0,1.0,1.0,1.0,1.0
100,8ff80000e9a05eca,True,1.0,1.0,1.0,1.0,1.0,1.0,1.0
101,812b2b639eb759f4,True,1.0,1.0,0.8609237432927155,1.0,1.0,1.0,0.9420515597052982
102,fe41706ad44652b0,True,1.0,1.0,0.7694362833626875,1.0,1.0,1.0,0.9039317847344531
103,9ac3f47635bd5fe1,True,1.0,1.0,0.8460760762776987,1.0,1.0,1.0,0.9358650317823743
104,c66027dcfef35daf,True,0.0,1.0,0.0,0.0,1.0,1.0,0.0
105,d945bc5c595d518d,True,1.0,1.0,0.6741301803679729,1.0,1.0,1.0,0.8642209084866553
106,3c93f87b0bb0561d,True,1.0,1.0,0.9974563070066702,1.0,1.0,1.0,0.9989401279194459
107,62667ead92a35fbd,True,1.0,1.0,1.0,1.0,1.0,1.0,1.0
108,83e71223f25a5137,True,1.0,1.0,0.8494936335732675,1.0,1.0,1.0,0.9372890139888614
109,731f133ce3055d30,True,1.0,0.0,0.0,1.0,1.0,1.0,0.0
110,7d923c664b7b5dae,True,1.0,1.0,0.6553240834401844,1.0,1.0,1.0,0.8563850347667435
111,56e1329f01d95164,True,1.0,1.0,0.9389060348217226,1.0,1.0,1.0,0.9745441811757178
112,99127f15fd9b5847,True,1.0,1.0,1.0,1.0,1.0,1.0,1.0
113,b7ec6bbfa73a52e5,True,1.0,1.0,1.0,1.0,1.0,1.0,1.0
114,8d1d97f4b7d05914,True,1.0,1.0,1.0,1.0,1.0,1.0,1.0
115,020dee65dab453bb,True,1.0,1.0,1.0,1.0,1.0,1.0,1.0
116,4280b7024092550c,True,1.0,1.0,1.0,1.0,1.0,1.0,1.0
117,48bbe3acc93450aa,True,1.0,1.0,0.7305072896510912,1.0,1.0,1.0,0.8877113706879548
118,ecf0448cf58a54fb,True,1.0,1.0,0.862195363451985,1.0,1.0,1.0,0.942581401438327
119,34eb9be2f88a5234,True,1.0,1.0,1.0,1.0,1.0,1.0,1.0
120,184c11a8cc875403,True,1.0,0.0,0.0,1.0,1.0,1.0,0.0
121,788ea82253cb559c,True,1.0,1.0,1.0,0.0,1.0,1.0,0.5833333333333334
122,ca000fa91efb560c,True,1.0,0.0,0.0,1.0,1.0,1.0,0.0
123,a21ebf4902fa5e27,True,1.0,1.0,0.8897046576172016,1.0,1.0,1.0,0.9540436073405006
124,2cdba8acff3454a7,True,1.0,1.0,0.844886656098281,1.0,1.0,1.0,0.9353694400409504
125,8239fb2f8d705dea,True,1.0,1.0,0.7260323211057054,1.0,1.0,0.5,0.8858468004607106
126,d655ae3476c9530c,True,1.0,1.0,0.7651662790456499,1.0,1.0,1.0,0.9021526162690208
127,f66694a622cf5c99,True,1.0,1.0,0.5826077384584122,1.0,1.0,1.0,0.826086557691005
128,35fb7e0858ae5bc8,True,1.0,1.0,0.7404218059377623,1.0,1.0,1.0,0.8918424191407343
129,6a5d6dff67a45a95,True,1.0,1.0,0.7561799838155634,1.0,1.0,1.0,0.8984083265898182
130,720963308f01575e,True,1.0,1.0,1.0,1.0,1.0,1.0,1.0
131,a2839b1b4f0352e4,True,1.0,1.0,0.8446725776384316,1.0,1.0,1.0,0.9352802406826798
132,5230f4ecc5e054f5,True,1.0,1.0,1.0,1.0,1.0,1.0,1.0
133,0f23b65ea5a6556e,True,1.0,1.0,0.8040603555925713,1.0,1.0,1.0,0.9183584814969047
134,679b181821395966,True,1.0,1.0,0.8605755257787946,1.0,1.0,1.0,0.9419064690744978
135,c25c6a709afc5552,True,1.0,1.0,1.0,1.0,1.0,1.0,1.0
136,ef0914834c445c21,True,1.0,1.0,1.0,1.0,1.0,1.0,1.0
137,5a0af6d9e7a45c95,True,1.0,1.0,1.0,1.0,1.0,1.0,1.0
138,2731fa425acf52f4,True,1.0,0.0,0.0,1.0,1.0,1.0,0.0
139,d08754ee7c5c5949,True,1.0,1.0,1.0,1.0,1.0,1.0,1.0
140,a3d1310fbc3f50a5,True,1.0,1.0,0.8832989547157043,1.0,1.0,1.0,0.9513745644648767
141,fb00299d62585308,True,1.0,1.0,0.8781257017072451,1.0,1.0,1.0,0.9492190423780188
142,ed4bcfb05c405bac,True,1.0,1.0,1.0,1.0,1.0,1.0,1.0
143,d0d94d5dca655084,True,1.0,1.0,0.8625622439293614,1.0,1.0,1.0,0.9427342683039006
144,e6eeac307f6d507d,True,1.0,1.0,1.0,1.0,1.0,1.0,1.0
145,111485c5e6f458a9,True,1.0,1.0,1.0,1.0,1.0,1.0,1.0
146,fa72fd5d5f285388,True,1.0,1.0,1.0,1.0,1.0,1.0,1.0
147,4b683f53656f5bdd,True,1.0,1.0,0.8389184636040515,1.0,1.0,1.0,0.9328826931683548
148,277cdfc9479e52c4,True,1.0,1.0,0.7489162062700181,1.0,1.0,1.0,0.8953817526125075
149,193ee69c47495e07,True,1.0,1.0,0.8105876693910326,1.0,1.0,1.0,0.9210781955795969
150,68d1f5f305cf5aae,True,1.0,1.0,0.8434159774967478,1.0,1.0,1.0,0.9347566572903115
151,7b429e3d4ad159a2,True,1.0,1.0,1.0,1.0,1.0,1.0,1.0
152,72fe517eb6fe5e27,True,1.0,1.0,1.0,1.0,1.0,0.0,1.0
153,31cacaff4fa25b87,True,1.0,1.0,0.9572645739581719,1.0,1.0,1.0,0.9821935724825716
154,c08cd52346155301,True,1.0,1.0,1.0,1.0,1.0,1.0,1.0
155,73c8918f6d995213,True,1.0,1.0,0.8849565554694023,1.0,1.0,1.0,0.9520652314455843
156,cdec001a2536542c,True,1.0,1.0,0.8701117353432362,1.0,1.0,1.0,0.9458798897263484
157,52a4ade5aede53d9,True,1.0,1.0,0.8741776442240736,1.0,1.0,1.0,0.9475740184266973
158,7498dbe0e2b65539,True,1.0,1.0,0.7740793537958242,1.0,1.0,1.0,0.9058663974149267
159,26e6818bd14d52a5,True,1.0,1.0,0.7542878876726783,1.0,1.0,1.0,0.8976199531969492
160,1ebd95c73644569f,True,1.0,1.0,0.6052425800256318,1.0,1.0,1.0,0.8355177416773465
161,3dd0dfc88c6a5de8,True,1.0,0.0,0.0,0.0,1.0,1.0,0.0
162,6c6a6b002f715d03,True,1.0,1.0,0.7442779140782677,1.0,1.0,1.0,0.8934491308659448
163,1caa3a4c5d5d510e,True,1.0,1.0,0.7134530816698204,1.0,1.0,1.0,0.8806054506957585
164,47e3bbbd82b2583b,True,1.0,0.0,0.0,1.0,1.0,1.0,0.0
165,1ebc11a17d925215,True,1.0,1.0,0.784280701057206,1.0,1.0,1.0,0.9101169587738358
166,3c943ff450265afe,True,1.0,1.0,1.0,1.0,1.0,1.0,1.0
167,a04a20407bf95386,True,1.0,1.0,0.7860364847673644,1.0,1.0,1.0,0.9108485353197352
168,631249cc108f5e1e,True,1.0,1.0,0.7384466802622095,1.0,1.0,1.0,0.8910194501092539
169,59e4fc5b37f55556,True,1.0,1.0,1.0,1.0,1.0,1.0,1.0
170,0f78a616bdcd55ab,True,1.0,0.0,0.0,0.0,1.0,1.0,0.0
171,ff94ab2c81a25745,True,1.0,1.0,0.8380570521255416,1.0,1.0,1.0,0.9325237717189756
172,1979ed31b57b59ea,True,1.0,1.0,0.5486215910954397,1.0,1.0,1.0,0.8119256629564333
173,a2c2e046132e5596,True,1.0,1.0,0.809357020703645,1.0,1.0,1.0,0.9205654252931854
174,0e016d945ce25090,True,1.0,1.0,0.7984320920609651,1.0,1.0,1.0,0.9160133716920688
175,48e9a54281845595,True,1.0,1.0,0.8579810457883711,1.0,1.0,1.0,0.9408254357451545
176,d26786f5e54e53f3,True,1.0,1.0,1.0,1.0,1.0,1.0,1.0
177,8cbfcb387ec85461,True,1.0,1.0,1.0,1.0,1.0,1.0,1.0
178,3b0d8847b4a25a92,True,1.0,1.0,1.0,1.0,1.0,1.0,1.0
179,4e50c7903a8c5303,True,1.0,1.0,1.0,1.0,1.0,1.0,1.0
180,0b3d3edbc52d5ddd,True,1.0,1.0,0.9156533314972343,1.0,1.0,1.0,0.9648555547905143
181,955098957a615194,True,1.0,1.0,0.644969007878703,1.0,1.0,1.0,0.8520704199494595
182,38db478c95eb5079,True,1.0,1.0,1.0,1.0,1.0,1.0,1.0
183,f4da372227475285,True,0.0,1.0,0.0,0.0,1.0,1.0,0.0
184,8e2d1588daa3536f,True,1.0,1.0,0.8861910086253011,1.0,1.0,1.0,0.9525795869272088
185,3af3b3a7a8635164,True,1.0,1.0,0.11522700645116878,1.0,1.0,1.0,0.6313445860213204
186,249c1b68ba355e43,True,1.0,1.0,0.9806889798134837,1.0,1.0,1.0,0.9919537415889516
187,7217a95078bf52f2,True,1.0,1.0,0.6593403627813509,1.0,1.0,1.0,0.8580584844922295
188,e89a3ed626f75032,True,1.0,1.0,1.0,1.0,1.0,1.0,1.0
189,2b3b9bb9f6525589,True,1.0,1.0,1.0,1.0,1.0,1.0,1.0
190,cffc9ea8b6ea5920,True,1.0,1.0,0.9143521427764358,1.0,1.0,1.0,0.9643133928235149
191,6df712116b7353cc,True,1.0,1.0,0.9970969004714234,1.0,1.0,1.0,0.9987903751964264
192,f733e02fa876535a,True,1.0,1.0,0.8565010847239842,1.0,1.0,1.0,0.94020878530166
193,82e84851ea985ba8,True,1.0,1.0,0.9960978590494015,1.0,1.0,1.0,0.9983741079372507
194,46a90143da335a9a,True,1.0,1.0,0.9283846523902306,1.0,1.0,1.0,0.9701602718292627
195,9bc3ee11944a5bef,True,1.0,1.0,0.8904683918972717,1.0,1.0,1.0,0.9543618299571964
196,7c04e29efc0c5e46,True,1.0,1.0,1.0,1.0,1.0,1.0,1.0
197,1834f4fb0ca15b93,True,1.0,1.0,0.6758344393356475,1.0,1.0,1.0,0.864931016389853
198,38ecbc57db7e561c,True,1.0,1.0,0.8058293014979602,1.0,1.0,1.0,0.9190955422908168
199,14d53eb06a7d582a,True,1.0,1.0,1.0,1.0,1.0,1.0,1.0
200,6ec94adda61e5483,True,1.0,1.0,1.0,1.0,1.0,1.0,1.0
201,48b2f85cc68c5a0a,True,1.0,0.0,0.0,1.0,1.0,1.0,0.0
202,828cf870f41a50ed,True,1.0,1.0,0.9263169990413598,1.0,1.0,1.0,0.9692987496005666
203,9e2fa21e8eac5c11,True,1.0,1.0,0.7827538613036042,1.0,1.0,1.0,0.9094807755431683
204,e3893ed312f45501,True,1.0,1.0,1.0,1.0,1.0,1.0,1.0
205,a73ba1e90a735dad,True,1.0,1.0,0.8607084705316506,1.0,1.0,0.5,0.941961862721521
206,df78364de73e581b,True,1.0,1.0,0.9102502376301967,1.0,1.0,0.5,0.9626042656792486
207,1a46cad936c05c2b,True,1.0,1.0,1.0,1.0,1.0,1.0,1.0
208,88207b881eb5573c,True,1.0,1.0,1.0,1.0,1.0,1.0,1.0
209,30d3af9350045c29,True,1.0,1.0,0.9034687868378705,1.0,1.0,1.0,0.959778661182446
210,b29689efa40f54e0,True,1.0,1.0,0.6386121272355039,1.0,1.0,1.0,0.8494217196814601
211,0f8e3ba3d90958d1,True,1.0,1.0,0.9538669873835858,1.0,1.0,1.0,0.9807779114098274
212,c09cdf83367d5d3f,True,1.0,1.0,0.8376097364814479,1.0,1.0,1.0,0.9323373902006032
213,efbfc794e30f528f,True,1.0,1.0,0.8717842693485605,1.0,1.0,1.0,0.9465767788952335
214,fb1d534ccf82583f,True,1.0,1.0,0.7317995814372138,1.0,1.0,1.0,0.8882498255988391
215,dddf14378c355c3a,True,1.0,0.0,0.0,1.0,1.0,1.0,0.0
216,3dd9fe57e28e5c54,True,1.0,1.0,1.0,1.0,1.0,1.0,1.0
217,1ebfee14fc925d6e,True,1.0,1.0,1.0,1.0,1.0,1.0,1.0
218,476c5597de1b5455,True,1.0,1.0,1.0,1.0,1.0,1.0,1.0
219,744f8d8edaf859fe,True,1.0,0.0,0.0,1.0,1.0,1.0,0.0
220,418eb2a0ba415e93,True,1.0,1.0,0.8326881136495723,1.0,1.0,1.0,0.9302867140206551
221,5d9e2570d7565e91,True,1.0,1.0,0.5891497326377239,1.0,1.0,1.0,0.8288123885990516
222,767f7fdfb0a356e0,True,0.0,1.0,0.0,0.0,1.0,1.0,0.0
223,daa09f8522125950,True,1.0,1.0,1.0,1.0,1.0,1.0,1.0
224,2575048779565f0b,True,1.0,1.0,0.7793556065418309,1.0,1.0,1.0,0.9080648360590962
225,c1e0af56e9eb50b8,True,1.0,0.0,0.0,1.0,1.0,0.0,0.0
226,5b1acae08f2e5d76,True,1.0,1.0,0.9625230822781856,1.0,1.0,1.0,0.9843846176159107
227,8a17d8a06b425d2d,True,1.0,1.0,1.0,1.0,1.0,1.0,1.0
228,953b6023473258bb,True,1.0,1.0,0.5584222368592963,1.0,1.0,1.0,0.8160092653580401
229,ab8d6b4c8b20564b,True,1.0,1.0,1.0,1.0,1.0,0.0,1.0
230,7cee421600545b00,True,1.0,1.0,0.7076343150880049,1.0,1.0,1.0,0.8781809646200021
231,ff1044970b525386,True,1.0,1.0,1.0,1.0,1.0,1.0,1.0
232,5a35f8abb51c5303,True,1.0,1.0,1.0,1.0,1.0,1.0,1.0
233,7f2cd560a3c3528a,True,1.0,1.0,0.8765888421153188,1.0,1.0,1.0,0.9485786842147163
234,3e7bec3b1c4359b6,True,1.0,1.0,0.904256467378151,1.0,1.0,1.0,0.9601068614075629
235,d1e4600c80ab519a,True,1.0,1.0,0.6106249491879314,1.0,1.0,1.0,0.8377603954949714
236,debd166df3a85845,True,1.0,0.0,0.0,1.0,1.0,1.0,0.0
237,88b50c0011ba516b,True,1.0,1.0,0.7907110646061482,1.0,1.0,1.0,0.9127962769192285
238,2738dcd449ef567f,True,1.0,1.0,0.7874963335157675,1.0,1.0,1.0,0.9114568056315697
239,3fe8df1737825eb3,True,1.0,1.0,0.8736211381075788,1.0,1.0,1.0,0.9473421408781579
240,54fc99ad3c555e09,True,1.0,1.0,0.8018990669465506,1.0,1.0,1.0,0.9174579445610628
241,e3a04835bb6357ad,True,1.0,1.0,0.6519578351548035,1.0,1.0,1.0,0.8549824313145015
242,bce567be125d523e,True,1.0,1.0,1.0,1.0,1.0,1.0,1.0
243,58a74755dc6a506a,True,1.0,0.0,0.0,1.0,1.0,1.0,0.0
244,ac5327106349541c,True,1.0,1.0,0.7243429118212722,1.0,1.0,1.0,0.8851428799255302
245,925e046dba2f525f,True,1.0,1.0,0.8159690983246114,1.0,1.0,1.0,0.9233204576352548
246,25cb9b6179435488,True,1.0,1.0,0.8675842974002129,1.0,1.0,1.0,0.9448267905834221
247,0ce170237acd51c2,True,1.0,1.0,1.0,1.0,1.0,1.0,1.0
248,dedf2d5568c758ae,True,1.0,1.0,1.0,1.0,1.0,1.0,1.0
249,a780d35138495c38,True,1.0,1.0,1.0,1.0,1.0,1.0,1.0
250,3e9b399280e250fc,True,1.0,1.0,0.7470313177468553,1.0,1.0,1.0,0.8945963823945231
251,963591d88d6a53b6,True,1.0,1.0,0.5588977533983117,1.0,1.0,1.0,0.8162073972492966
252,e6bdb406a21e55ba,True,1.0,1.0,1.0,1.0,1.0,1.0,1.0
253,270768ccd1df5e0d,True,1.0,1.0,1.0,1.0,1.0,1.0,1.0
254,ef16f9855fe95fda,True,1.0,1.0,0.7480918830850977,1.0,1.0,1.0,0.8950382846187906
255,fd20892efbe35102,True,1.0,1.0,0.8208515866902447,1.0,1.0,1.0,0.9253548277876019
256,0e60a3a86ce2570d,True,1.0,1.0,0.568463900162295,1.0,1.0,1.0,0.8201932917342895
257,bef3d5467aca5f04,True,1.0,1.0,0.7818264104918735,1.0,1.0,1.0,0.9090943377049473
258,1fe5f6af95e15489,True,1.0,1.0,0.7916788848758559,1.0,1.0,1.0,0.9131995353649399
259,29fea23055595de3,True,1.0,1.0,0.8037747047086568,1.0,1.0,1.0,0.9182394602952737
260,cd34209eec085b73,True,1.0,1.0,0.7929258010005693,1.0,1.0,1.0,0.9137190837502372
261,e3eaafd948b15069,True,1.0,1.0,0.6168732255968241,1.0,1.0,1.0,0.8403638439986767
262,c1686b2e1a4e5149,True,1.0,1.0,0.7718088728793397,1.0,1.0,1.0,0.9049203636997248
263,df57cf24b8025365,True,1.0,1.0,0.9609218152095897,1.0,1.0,1.0,0.9837174230039958
264,485b59c15a7d5e8f,True,1.0,1.0,0.91679552904961,1.0,1.0,1.0,0.9653314704373376
265,9baf79c0513b5228,True,1.0,1.0,0.7388625174660374,1.0,1.0,1.0,0.8911927156108489
266,cf533c1e7f6852e5,True,1.0,1.0,0.7513710835602205,1.0,1.0,1.0,0.8964046181500919
267,8b5dd405c14c5249,True,1.0,1.0,1.0,1.0,1.0,1.0,1.0
268,6121050efd515252,True,1.0,1.0,1.0,1.0,1.0,1.0,1.0
269,015011d2b73158b7,True,1.0,0.0,0.0,0.0,1.0,1.0,0.0
270,6c578cebcf47592b,True,1.0,0.0,0.0,1.0,1.0,0.5,0.0
271,8f82805b2edb5a25,True,1.0,1.0,0.7061100696834625,1.0,1.0,1.0,0.8775458623681094
272,7db790f4d8965df8,True,1.0,1.0,0.7496391435183551,1.0,1.0,1.0,0.8956829764659813
273,fc1785d55b675c6c,True,1.0,1.0,0.7216368542462795,1.0,1.0,1.0,0.8840153559359498
274,47510e3eddd950ad,True,1.0,1.0,0.6314302647460969,1.0,1.0,1.0,0.8464292769775404
275,0da8a13fb4855214,True,1.0,1.0,0.751447097843609,1.0,1.0,1.0,0.8964362907681704
276,29c5f96fb4e95d3a,True,1.0,1.0,0.8806095896676954,1.0,1.0,1.0,0.9502539956948731
277,ffac18af5cea540a,True,1.0,1.0,0.5698854790589554,1.0,1.0,1.0,0.8207856162745647
278,00ddbc829ecb563e,True,1.0,1.0,1.0,1.0,1.0,1.0,1.0
279,e453e4cb030955c7,True,1.0,1.0,0.7955421889525572,1.0,1.0,1.0,0.9148092453968989
280,b39df49b8b565ac3,True,1.0,1.0,0.8174583760450338,1.0,1.0,1.0,0.9239409900187642
281,467191a24ffe57aa,True,1.0,1.0,1.0,1.0,1.0,1.0,1.0
282,3ebe88aecd0c5d20,True,1.0,1.0,0.6160839880251031,1.0,1.0,0.5,0.8400349950104596
283,a3fe8c1981c45693,True,1.0,1.0,1.0,1.0,1.0,1.0,1.0
284,250be1db1d67582c,True,1.0,1.0,1.0,1.0,1.0,1.0,1.0
285,8b2a7b6817795ae7,True,1.0,1.0,0.5580155411745885,1.0,1.0,1.0,0.8158398088227452
286,d01ce29c2b1951a2,True,1.0,1.0,0.7800846330590911,1.0,1.0,1.0,0.9083685971079546
287,98b3a0bf3cce5649,True,1.0,1.0,1.0,1.0,1.0,1.0,1.0
288,2a08c81705d755c7,True,0.0,0.0,0.0,0.0,1.0,1.0,0.0
289,2d6a04ea9ef55fd5,True,1.0,1.0,0.9579363877115427,1.0,1.0,1.0,0.9824734948798094
290,43066c8c8e325fcf,True,1.0,1.0,0.9715628279427294,1.0,1.0,1.0,0.9881511783094705
291,21b98219003453af,True,1.0,1.0,0.7667234092339937,1.0,1.0,1.0,0.9028014205141641
292,ad243dacb0315588,True,1.0,1.0,0.9128481877142091,1.0,1.0,1.0,0.9636867448809205
293,348680e464e15fa2,True,1.0,1.0,0.7183750831387452,1.0,1.0,1.0,0.8826562846411439
294,45878940b52550ea,True,1.0,1.0,1.0,1.0,1.0,1.0,1.0
295,bd9af5e4299b5fb6,True,1.0,0.0,0.0,1.0,1.0,1.0,0.0
296,7dfae2f3b33a5d6e,True,1.0,1.0,1.0,1.0,1.0,1.0,1.0
297,3d37ed78124057a1,True,1.0,1.0,0.641920196959622,1.0,1.0,1.0,0.8508000820665091
298,989aefa473b75a2a,True,1.0,1.0,0.6520667263649745,1.0,1.0,1.0,0.8550278026520727
299,465e7357a8965dcd,True,1.0,1.0,0.6974479348471273,1.0,1.0,1.0,0.8739366395196364
300,a572d70690f75ad4,True,1.0,1.0,0.9411943559671118,1.0,1.0,1.0,0.9754976483196298
301,01da0653d99c5903,True,1.0,1.0,0.9480433799555229,1.0,1.0,1.0,0.9783514083148012
302,a709a9bbafe555e1,True,1.0,1.0,1.0,1.0,1.0,1.0,1.0
303,291f4ffb6dc754d2,True,1.0,1.0,0.8961675907254169,1.0,1.0,1.0,0.9567364961355903
304,6a2adb1da8dd53f3,True,1.0,1.0,0.8215159089636599,1.0,1.0,1.0,0.9256316287348584
305,da765dd341585db9,True,1.0,1.0,0.777243710583643,1.0,1.0,1.0,0.9071848794098513
306,f14e7ed78b5d55b4,True,1.0,1.0,0.7943671429229784,1.0,1.0,1.0,0.9143196428845743
307,05f9443de2185b91,True,1.0,1.0,0.8388294613372764,1.0,1.0,1.0,0.9328456088905318
308,555af87f71415a3d,True,1.0,1.0,1.0,1.0,1.0,1.0,1.0
309,8e7906efc10a5e42,True,1.0,0.0,0.0,1.0,1.0,0.0,0.0
310,fdaf1d60259d5466,True,1.0,1.0,0.9521792476342703,1.0,1.0,1.0,0.9800746865142793
311,c79ab4c1abcb56fa,True,1.0,1.0,0.4373163936720275,1.0,1.0,1.0,0.7655484973633447
312,7cc4cef34e635c5a,True,1.0,0.0,0.0,1.0,1.0,1.0,0.0
313,e61699cda2f15e01,True,1.0,0.0,0.0,1.0,1.0,1.0,0.0
314,f6d575d8e0a45772,True,1.0,1.0,0.6528581785683821,1.0,1.0,1.0,0.8553575744034925
315,a152c8cad6625d6a,True,1.0,1.0,0.9578051591256027,1.0,1.0,1.0,0.9824188163023345
316,798842f0b1c253b4,True,1.0,1.0,0.8318339254159487,1.0,1.0,1.0,0.9299308022566453
317,6cd23fffac65568b,True,1.0,1.0,0.6862040852942084,1.0,1.0,1.0,0.8692517022059202
318,f025b78e77b25fba,True,1.0,1.0,0.6361318292688927,1.0,1.0,1.0,0.848388262195372
319,24d02c4c2a325f01,True,1.0,1.0,0.9984674823529316,1.0,1.0,1.0,0.9993614509803882
320,a708f8c8db805496,True,0.0,1.0,0.0,0.0,1.0,1.0,0.0
321,7461c860b4d25bf2,True,1.0,1.0,1.0,1.0,1.0,1.0,1.0
322,c9b12b21fa7c57fd,True,1.0,1.0,1.0,1.0,1.0,1.0,1.0
323,4c9a89b8cd2853d6,True,1.0,1.0,0.8167095981339529,1.0,1.0,1.0,0.9236289992224803
324,9b7108902e7158d6,True,1.0,1.0,1.0,1.0,1.0,1.0,1.0
325,deb63152bd9453e0,True,1.0,1.0,0.8038234384039972,0.0,1.0,0.0,0.5015930993349988
326,8712b89ee20152e4,True,1.0,1.0,0.5112513487637577,1.0,1.0,1.0,0.7963547286515658
327,c9b3ce1062455ad6,True,1.0,1.0,0.979194362385668,1.0,1.0,1.0,0.9913309843273618
328,16a738813dbe5496,True,1.0,1.0,0.9325320245894124,1.0,1.0,1.0,0.971888343578922
329,cdc030cdbc9153ae,True,1.0,1.0,1.0,1.0,1.0,1.0,1.0
330,e64d993cb8a75338,True,1.0,1.0,0.9939729865161264,1.0,1.0,1.0,0.9974887443817194
331,38c390af2fac51e0,True,1.0,1.0,0.643771112792763,1.0,1.0,1.0,0.8515712969969845
332,00f925ab5406520f,True,1.0,1.0,0.9223115926192664,1.0,1.0,1.0,0.9676298302580276
333,c0ea178930145138,True,1.0,1.0,1.0,1.0,1.0,1.0,1.0
334,d5f582e6945d5bc3,True,1.0,1.0,1.0,1.0,1.0,1.0,1.0
335,32af8f1654f057d7,True,1.0,1.0,0.46927678263538897,1.0,1.0,1.0,0.7788653260980788
336,c308037e34c45bed,True,1.0,1.0,0.8177097016991406,1.0,1.0,1.0,0.9240457090413084
337,8e33b543120b53d5,True,1.0,1.0,0.8832474069429829,1.0,1.0,1.0,0.9513530862262428
338,3bc4c087ab1a50a3,True,1.0,1.0,0.630775500944171,1.0,1.0,1.0,0.846156458726738
339,786f447064055cfd,True,1.0,0.0,0.0,1.0,1.0,1.0,0.0
340,c9628d0526bb58c5,True,1.0,1.0,0.731714100149006,1.0,1.0,1.0,0.8882142083954191
341,f4511c17c15a531f,True,1.0,1.0,0.9093825352724684,1.0,1.0,1.0,0.9622427230301952
342,eb3dc7204bd55d17,True,1.0,1.0,1.0,1.0,1.0,1.0,1.0
343,e683a9a072485098,True,1.0,1.0,0.9243744391095652,1.0,1.0,1.0,0.9684893496289856
344,06ea285b61b55a54,True,1.0,1.0,0.973567092770125,1.0,1.0,1.0,0.9889862886542188
345,3f11b8c2347f5714,True,1.0,1.0,0.552762682204795,1.0,1.0,1.0,0.8136511175853313
346,e8f5c2714bfe5213,True,1.0,1.0,0.9938837203784578,1.0,1.0,1.0,0.9974515501576908
347,b8baf3c807cd50b4,True,1.0,1.0,1.0,1.0,1.0,0.0,1.0
348,67094a5dcc8c5ff6,True,1.0,1.0,1.0,1.0,1.0,1.0,1.0
349,1e751703427e5a3c,True,1.0,1.0,0.7485133416829798,1.0,1.0,1.0,0.8952138923679082
350,d64abcb201245b5a,True,1.0,1.0,1.0,1.0,1.0,1.0,1.0
351,1c77ba7488d35c52,True,1.0,1.0,0.9308023948498669,1.0,1.0,1.0,0.9711676645207779
352,1cf600346a7e5fc5,True,1.0,1.0,0.8184746082751486,1.0,1.0,1.0,0.9243644201146454
353,a51fda3f10da5432,True,1.0,1.0,0.9658559324393405,1.0,1.0,1.0,0.9857733051830585
354,69ad18166f085da8,True,0.0,1.0,0.0,0.0,1.0,1.0,0.0
355,b91aab23acc957c5,True,1.0,1.0,0.6523948243801946,1.0,1.0,1.0,0.8551645101584144
356,1c047acccbcb548f,True,1.0,1.0,0.19003852108604638,1.0,1.0,1.0,0.6625160504525193
357,9bcd2d9e4c0e56b8,True,1.0,1.0,0.831174562156499,1.0,1.0,1.0,0.9296560675652078
358,17de441a1185528d,True,1.0,1.0,0.7255419199713934,1.0,1.0,1.0,0.8856424666547472
359,81c70798936b5140,True,1.0,1.0,1.0,1.0,1.0,1.0,1.0
360,dd32aebcb8e6550e,True,1.0,1.0,0.7912213979427191,1.0,1.0,1.0,0.9130089158094662
361,315e61d0629c54d6,True,1.0,1.0,0.7221631277708411,1.0,1.0,1.0,0.8842346365711838
362,43cc094e7af0518e,True,1.0,1.0,1.0,1.0,1.0,1.0,1.0
363,b1ae78ae6e005119,True,1.0,1.0,1.0,1.0,1.0,1.0,1.0
364,4a557f1bfe3b5645,True,1.0,1.0,1.0,1.0,1.0,1.0,1.0
365,166b654c0db95953,True,1.0,1.0,0.9096972495639993,1.0,1.0,1.0,0.9623738539849999
366,d44241b93dc95d36,True,1.0,1.0,1.0,1.0,1.0,1.0,1.0
367,c580790700c057e0,True,1.0,1.0,0.8737741240248815,1.0,1.0,1.0,0.9474058850103674
368,63573ea2fdb85b0e,True,1.0,1.0,0.9080936815952401,1.0,1.0,1.0,0.9617057006646833
369,697c73f258ef5745,True,1.0,1.0,0.9268497967772581,1.0,1.0,1.0,0.969520748657191
370,35f13a6de1575fdc,True,1.0,1.0,1.0,1.0,1.0,1.0,1.0
371,5883b0e7c7215e80,True,1.0,1.0,0.8039191626376037,1.0,1.0,1.0,0.9182996510990016
372,8dfef734a010531e,True,1.0,1.0,0.6547188361308598,1.0,1.0,1.0,0.8561328483878583
373,b84056c4268153fb,True,0.5,1.0,1.0,0.0,0.0,1.0,0.20833333333333334
374,87b32a1aeeb85613,True,1.0,1.0,0.8620143438629316,1.0,1.0,1.0,0.9425059766095548
375,67debdeae60b5fa4,True,1.0,1.0,0.7556280219486029,1.0,1.0,1.0,0.8981783424785844
376,d70e995b6ec6546a,True,1.0,1.0,0.9845363240373732,1.0,1.0,1.0,0.9935568016822388
377,87a4e023d9315796,True,1.0,1.0,1.0,1.0,1.0,1.0,1.0
378,f2d64d93a1915c8b,True,1.0,1.0,0.883706640205074,1.0,1.0,1.0,0.9515444334187807
379,71fefe3bc0f0591e,True,1.0,1.0,0.8232628668200174,1.0,1.0,1.0,0.926359527841674
380,dd4e7db697465be3,True,1.0,1.0,0.8288976702891475,1.0,1.0,1.0,0.9287073626204781
381,1f7910e143ab5300,True,1.0,1.0,0.9729725364431254,1.0,1.0,1.0,0.9887385568513022
382,b60b509ee8ba5197,True,1.0,1.0,0.7865968475546167,1.0,1.0,1.0,0.9110820198144237
383,0698ddce973b50ba,True,1.0,1.0,1.0,1.0,1.0,1.0,1.0
384,5d2ee89308f958be,True,1.0,1.0,0.7186284986539472,1.0,1.0,1.0,0.8827618744391447
385,4b3302a602155f76,True,1.0,1.0,0.9004702313074785,1.0,1.0,1.0,0.9585292630447828
386,5395d42cc65e5c06,True,1.0,1.0,0.9413196318928654,1.0,1.0,1.0,0.9755498466220273
387,082ea12d7b2355cb,True,1.0,0.0,0.0,0.0,1.0,1.0,0.0
388,c9f514edbbb55dd9,True,1.0,1.0,1.0,1.0,1.0,1.0,1.0
389,73e0459194ce577f,True,1.0,1.0,1.0,1.0,1.0,1.0,1.0
390,8c67448dd4da50a3,True,1.0,1.0,0.8959695031918464,1.0,1.0,1.0,0.9566539596632694
391,33a43f22312c570d,True,1.0,1.0,0.6404545430754807,1.0,1.0,1.0,0.850189392948117
392,73aaa82bd3bb596c,True,1.0,1.0,1.0,1.0,1.0,1.0,1.0
393,e9d16ba0eb935220,True,1.0,1.0,0.5353882178428848,1.0,1.0,1.0,0.8064117574345353
394,6d585a6698f55c8b,True,1.0,1.0,0.6451112897993544,1.0,1.0,1.0,0.8521297040830643
395,07667a86040c5332,True,1.0,1.0,0.7102186529294886,1.0,1.0,1.0,0.8792577720539536
396,98017c16248a5f54,True,1.0,1.0,0.9046749885574104,1.0,1.0,1.0,0.9602812452322542
397,b74b5977823b527a,True,1.0,1.0,1.0,1.0,1.0,1.0,1.0
398,94817f3d96fe5072,True,1.0,1.0,1.0,1.0,1.0,1.0,1.0
399,093362cabde15b52,True,1.0,1.0,0.8292291547359134,1.0,1.0,1.0,0.9288454811399639
400,47a83e9f70525906,True,1.0,1.0,0.97534154212838,1.0,1.0,1.0,0.9897256425534916
401,90693e0d94f05e85,True,1.0,1.0,0.7907028237310285,1.0,1.0,1.0,0.9127928432212619
402,819d4bdcb0855118,True,1.0,1.0,0.9095135141448613,1.0,1.0,1.0,0.9622972975603589
403,fe800ded24045b44,True,1.0,1.0,0.9834769730237257,1.0,1.0,1.0,0.9931154054265523
404,8e511022e0e95a13,True,1.0,1.0,0.9573167808744831,1.0,1.0,1.0,0.982215325364368
405,eeab709ca6e05d14,True,1.0,1.0,1.0,1.0,1.0,1.0,1.0
406,cd8713b912495b6d,True,1.0,1.0,1.0,1.0,1.0,1.0,1.0
407,7b8bb16c6e9b512c,True,1.0,1.0,0.676181173951869,1.0,1.0,1.0,0.8650754891466121
408,7e082b46989356a4,True,1.0,1.0,1.0,1.0,1.0,1.0,1.0
409,70645140f08352ca,True,1.0,1.0,0.9584778215464782,1.0,1.0,1.0,0.9826990923110325
410,1d95772619d35606,True,1.0,1.0,0.8706808405108964,1.0,1.0,1.0,0.9461170168795402
411,a6b4447359075e54,True,1.0,1.0,0.9009746488760659,1.0,1.0,1.0,0.9587394370316941
412,404a7bf372cb5eac,True,1.0,1.0,0.6258644311076792,1.0,1.0,1.0,0.8441101796281997
413,354a67b9e10c562e,True,1.0,1.0,0.8926266050319644,1.0,1.0,1.0,0.9552610854299851
414,5c9f7765dd945010,True,1.0,1.0,0.8393859883278549,1.0,1.0,1.0,0.9330774951366063
415,f5d9b1df3fef57ec,True,1.0,1.0,1.0,1.0,1.0,1.0,1.0
416,1ad3e9d726b35d0e,True,1.0,1.0,1.0,1.0,1.0,1.0,1.0
417,10c9b6cd8a2e55f8,True,1.0,1.0,1.0,1.0,1.0,1.0,1.0
418,b18f4a30eea65702,True,1.0,1.0,0.9282612129372773,1.0,1.0,1.0,0.9701088387238656
419,1290e3066cbc5397,True,1.0,1.0,1.0,1.0,1.0,1.0,1.0
420,a05ccb0dca555526,True,1.0,1.0,0.8451602202384638,1.0,1.0,1.0,0.9354834250993599
421,2d1b94bfdcd35217,True,1.0,1.0,0.9498250120506322,1.0,1.0,1.0,0.9790937550210966
422,d09ecc45a5685873,True,1.0,1.0,0.7775018101303096,1.0,1.0,1.0,0.9072924208876291
423,89e8716cd98f54a0,True,1.0,1.0,0.7856394694789884,1.0,1.0,1.0,0.9106831122829119
424,72cccfbb9c6f5e9e,True,1.0,1.0,0.8295479428951086,1.0,1.0,1.0,0.9289783095396286
425,a454e18ca33d5cb7,True,1.0,1.0,1.0,1.0,1.0,1.0,1.0
426,8e00c08f68af5357,True,1.0,1.0,0.9155188574475565,1.0,1.0,1.0,0.9647995239364819
427,418f3b3a155f5655,True,1.0,1.0,0.8591567579295847,1.0,1.0,1.0,0.9413153158039936
428,89de641f85f25a3b,True,1.0,1.0,1.0,1.0,1.0,1.0,1.0
429,88e6d9d5dd715516,True,1.0,1.0,0.6571500341817745,1.0,1.0,1.0,0.8571458475757394
430,8b177f84759e56e0,True,1.0,1.0,0.9542923696248186,1.0,1.0,1.0,0.9809551540103412
431,9f3da1c3d8b85947,True,1.0,1.0,1.0,1.0,1.0,1.0,1.0
432,563aa14962ba55f4,True,1.0,1.0,0.9311816971171737,1.0,1.0,1.0,0.9713257071321557
433,deff279b0c815e5a,True,1.0,1.0,1.0,1.0,1.0,1.0,1.0
434,fd4c64e354f953bd,True,1.0,1.0,0.9064110955028202,1.0,1.0,1.0,0.9610046231261751
435,32f53a8cb63f55db,True,1.0,1.0,1.0,1.0,1.0,1.0,1.0
436,458ab847ffa957e8,True,1.0,1.0,0.9304027285486495,1.0,1.0,1.0,0.9710011368952706
437,7e8549121120596a,True,1.0,1.0,1.0,1.0,1.0,1.0,1.0
438,8628470b20555c1d,True,1.0,1.0,0.7252840696612156,1.0,1.0,1.0,0.8855350290255065
439,d2c9ae71df055417,True,1.0,1.0,0.8126874314034216,1.0,1.0,1.0,0.9219530964180924
440,0da520f851415d75,True,1.0,1.0,1.0,1.0,1.0,1.0,1.0
441,4d8baa6e638f5cfb,True,1.0,1.0,1.0,1.0,1.0,1.0,1.0
442,5382d1898c5f506d,True,1.0,1.0,1.0,1.0,1.0,1.0,1.0
443,a208267045685266,True,1.0,1.0,0.908233418530892,1.0,1.0,1.0,0.9617639243878716
444,00abc794f8ce5195,True,1.0,1.0,0.9787422155775408,1.0,1.0,1.0,0.9911425898239754
445,df5915c3464e569e,True,1.0,0.0,0.0,1.0,1.0,1.0,0.0
446,1ebb462c6acd5b4d,True,1.0,1.0,0.7155622772468696,1.0,1.0,1.0,0.8814842821861957
447,2a49d54f73775909,True,1.0,1.0,1.0,1.0,1.0,1.0,1.0
448,f4fc2446b41e55ba,True,1.0,1.0,0.8752677922763415,1.0,1.0,1.0,0.9480282467818091
449,8043aa566aa45878,True,1.0,1.0,0.8097649871758459,1.0,1.0,1.0,0.9207354113232692
450,b7620d238eaf5023,True,1.0,1.0,0.8731970005618708,1.0,1.0,1.0,0.9471654169007794
451,1d372d9debb155cb,True,1.0,1.0,0.8118377182002932,1.0,1.0,1.0,0.9215990492501221
452,3f0c448b71005686,True,1.0,1.0,1.0,1.0,1.0,0.0,1.0
453,039e37993d565b25,True,1.0,1.0,0.8869938087553144,1.0,1.0,1.0,0.952914086981381
454,2e0a31d833765412,True,0.0,0.0,0.0,0.0,1.0,0.0,0.0
455,0da11f45cc1b51ac,True,1.0,1.0,1.0,1.0,1.0,1.0,1.0
456,bfdf115b602357a0,True,1.0,1.0,1.0,1.0,1.0,1.0,1.0
457,60b09bc0e48c5d97,True,1.0,1.0,0.9850809695620509,1.0,1.0,1.0,0.9937837373175212
458,50e871f60296566b,True,0.0,1.0,0.0,0.0,1.0,1.0,0.0
459,c78f87b2bd4151d4,True,1.0,1.0,0.8612378724817653,1.0,1.0,1.0,0.9421824468674022
460,d53c6de1a159537b,True,1.0,1.0,0.804926677508264,1.0,1.0,1.0,0.9187194489617766
461,4d38d745131c5de1,True,1.0,1.0,1.0,1.0,1.0,0.0,1.0
462,7178178922315ef7,True,1.0,1.0,1.0,1.0,1.0,1.0,1.0
463,589acfd69c38539a,True,1.0,1.0,0.869321424334596,1.0,1.0,1.0,0.9455505934727483
464,69ce68dff3ff566d,True,1.0,1.0,0.5841336499782847,1.0,1.0,1.0,0.8267223541576186
465,00ff8eeb53cc598b,True,1.0,0.0,0.0,1.0,1.0,0.5,0.0
466,6a87e3be62aa5b5b,True,1.0,1.0,1.0,1.0,1.0,1.0,1.0
467,d80488b4e04c5e47,True,1.0,1.0,0.6508532375285654,1.0,1.0,1.0,0.8545221823035689
468,fac35c75801751bd,True,1.0,1.0,0.6922654080986217,1.0,1.0,1.0,0.8717772533744257
469,8d0806dc9c865904,True,1.0,1.0,1.0,1.0,1.0,1.0,1.0
470,28c74da2ea1d5629,True,1.0,1.0,1.0,0.0,1.0,1.0,0.5833333333333334
471,3808a6ba716d5da1,True,1.0,1.0,1.0,0.0,1.0,1.0,0.5833333333333334
472,f0a338ae8f3a56bd,True,1.0,1.0,0.7800811882898354,0.0,1.0,1.0,0.4917004951207648
473,297fa313126a5f02,True,1.0,1.0,1.0,1.0,1.0,1.0,1.0
474,7aed9edff97256c0,True,1.0,0.0,0.0,1.0,1.0,1.0,0.0
475,f7cef72b285555af,True,1.0,1.0,0.4051656747623426,1.0,1.0,1.0,0.7521523644843094
476,43162b00fe4550b8,True,1.0,0.0,0.0,0.0,1.0,1.0,0.0
477,60f76df7b8a95157,True,1.0,1.0,0.9058056055896908,1.0,1.0,1.0,0.9607523356623712
478,7155820d49975164,True,0.0,1.0,0.0,0.0,1.0,0.0,0.0
479,824944b52b98552b,True,1.0,1.0,1.0,1.0,1.0,1.0,1.0
480,756ce42a326f5033,True,1.0,1.0,0.8027509029565353,1.0,1.0,1.0,0.9178128762318897
481,e2d33c999ca45ea7,True,1.0,1.0,0.8513877695038987,1.0,1.0,1.0,0.9380782372932911
482,b3509fd31f495cfb,True,1.0,0.0,0.0,1.0,1.0,1.0,0.0
483,268ab283b4a95126,True,1.0,1.0,0.9015283231181294,1.0,1.0,1.0,0.9589701346325539
484,3741be84f7c15b5a,True,1.0,1.0,0.8599177538564312,1.0,1.0,1.0,0.9416323974401797
485,a622ff338b425c28,True,1.0,1.0,0.9570152860869757,1.0,1.0,1.0,0.98208970253624
486,604f30d83d8652ae,True,1.0,1.0,1.0,1.0,1.0,1.0,1.0
487,484bac10bd295459,True,1.0,1.0,0.8997802439893036,1.0,1.0,1.0,0.9582417683288765
488,f558dbb8523f552f,True,1.0,1.0,1.0,1.0,1.0,1.0,1.0
489,eea61634eb875210,True,1.0,1.0,1.0,1.0,1.0,1.0,1.0
490,1819bb47db9e59ff,True,1.0,1.0,0.8979763342551818,1.0,1.0,1.0,0.9574901392729925
491,22878e2b2f6e5ab2,True,1.0,1.0,0.7170193478450996,1.0,1.0,1.0,0.8820913949354582
492,5b272b7aa3315c4f,True,1.0,1.0,0.8644171576716596,1.0,1.0,1.0,0.9435071490298581
493,c4e78f6c6fbc5ebe,True,1.0,1.0,1.0,1.0,0.0,1.0,0.8333333333333334
494,7b4fca2db9255996,True,1.0,1.0,1.0,1.0,1.0,1.0,1.0
495,eae658a09ef152a9,True,1.0,1.0,0.9486572464277394,1.0,1.0,1.0,0.978607186011558
496,a422962469ff5d27,True,1.0,1.0,1.0,1.0,1.0,1.0,1.0
497,0bab0d24762a596d,True,1.0,0.0,0.0,1.0,1.0,1.0,0.0
498,1148c72f141c532d,True,0.0,0.0,0.0,0.0,1.0,1.0,0.0
499,1029003770aa5e2e,True,1.0,1.0,1.0,1.0,1.0,1.0,1.0
500,2488018e08b35c68,True,1.0,1.0,0.7864624784405654,1.0,1.0,1.0,0.911026032683569
501,83d03e995ce55e9b,True,1.0,1.0,0.9639008561834079,1.0,1.0,1.0,0.9849586900764199
502,365c2516e26f5502,True,1.0,1.0,0.8879465116751126,1.0,1.0,1.0,0.953311046531297
503,72d6e0ab829553ed,True,1.0,1.0,1.0,0.0,1.0,1.0,0.5833333333333334
504,c0ccba48004c5eba,True,1.0,1.0,1.0,1.0,1.0,1.0,1.0
505,14d9640a8b9d5d7d,True,1.0,0.0,0.0,1.0,1.0,1.0,0.0
506,b4b31520fc1c5ef7,True,1.0,1.0,0.5376854938254298,1.0,1.0,1.0,0.8073689557605958
507,b0aa550f818f52a0,True,1.0,1.0,0.9028476407506639,1.0,1.0,1.0,0.9595198503127765
508,2ad650691b5d58f0,True,1.0,1.0,0.9030453231629479,1.0,1.0,1.0,0.9596022179845617
509,6b8554204c935ab0,True,1.0,1.0,1.0,1.0,1.0,1.0,1.0
510,f91b769af7815ea5,True,1.0,1.0,0.7723280574191906,1.0,1.0,1.0,0.9051366905913295
511,4e5b53cea7145f00,True,1.0,1.0,0.9295299464252442,1.0,1.0,1.0,0.9706374776771852
512,dd25fc02c23c537b,True,1.0,1.0,1.0,1.0,1.0,1.0,1.0
513,177abd8780ad5476,True,1.0,1.0,1.0,1.0,1.0,1.0,1.0
514,f3462625913a59c2,True,1.0,1.0,0.6330605472428029,1.0,1.0,1.0,0.8471085613511679
515,1090e431ffef512f,True,1.0,1.0,0.8708718946803863,1.0,1.0,1.0,0.9461966227834943
516,de9dd93857cf5ab5,True,1.0,1.0,0.8174761852961393,1.0,1.0,1.0,0.923948410540058
517,3151813685fe5b1d,True,1.0,0.0,0.0,1.0,1.0,1.0,0.0
518,6fb8d5597c8c5881,True,1.0,1.0,0.9433958242957667,1.0,1.0,1.0,0.9764149267899027
519,763821f100605f76,True,1.0,1.0,0.8847997041476791,1.0,1.0,1.0,0.9519998767281996
520,ec8eced041bb5ad5,True,1.0,1.0,1.0,1.0,1.0,1.0,1.0
521,12c9ecb5687f572b,True,1.0,1.0,1.0,1.0,1.0,1.0,1.0
522,4b9402651fd85547,True,1.0,1.0,0.7160779760177569,1.0,1.0,1.0,0.8816991566740654
523,77cf9dfc36c35df7,True,1.0,1.0,0.8498344173847112,1.0,1.0,1.0,0.9374310072436297
524,123bc88af914514c,True,1.0,1.0,1.0,1.0,1.0,1.0,1.0
525,78a46fe48bf15051,True,1.0,1.0,0.7024878553097953,1.0,1.0,1.0,0.8760366063790813
526,593653db007b5826,True,1.0,1.0,1.0,1.0,1.0,1.0,1.0
527,d9cf5623b4f85cad,True,1.0,1.0,0.8246672143309516,1.0,1.0,1.0,0.9269446726378966
528,d2b7b43e05be5082,True,1.0,1.0,0.9228408548296482,1.0,1.0,1.0,0.96785035617902
529,07dc9de3dd855653,True,1.0,0.0,0.0,1.0,1.0,1.0,0.0
530,decd6b1dd7f65e1e,True,1.0,1.0,1.0,1.0,1.0,1.0,1.0
531,3e77b33549485e34,True,1.0,1.0,1.0,1.0,1.0,1.0,1.0
532,6215ad2b225e5b1a,True,1.0,1.0,0.8077388429626321,1.0,1.0,1.0,0.9198911845677634
533,9e28afceaa155cf4,True,1.0,1.0,1.0,1.0,1.0,1.0,1.0
534,1039e136e6605cfb,True,1.0,1.0,0.9042332704070637,1.0,1.0,1.0,0.9600971960029433
535,1252d1484b33558c,True,1.0,1.0,0.8983371854137616,1.0,1.0,1.0,0.9576404939224007
536,b53db7bbc74956ed,True,1.0,1.0,0.7971117643434528,1.0,1.0,1.0,0.9154632351431053
537,0d5496cc08dc50fe,True,1.0,1.0,1.0,1.0,1.0,1.0,1.0
538,4fbca0f4292355cb,True,1.0,1.0,0.6578897404639346,1.0,1.0,1.0,0.8574540585266394
539,a151ed0de3f35bf5,True,1.0,1.0,1.0,1.0,1.0,1.0,1.0
540,e1ca840974745c96,True,1.0,1.0,0.6740680702805215,1.0,1.0,1.0,0.8641950292835506
541,42c1346e9b585c5b,True,1.0,1.0,0.8776730196398944,1.0,1.0,1.0,0.949030424849956
542,2569d386da9c54ff,True,1.0,0.0,0.0,1.0,1.0,1.0,0.0
543,6268acf58d415ae8,True,1.0,1.0,0.8857088961467744,1.0,1.0,1.0,0.9523787067278228
544,29af925fc44b5380,True,1.0,0.0,0.0,1.0,1.0,1.0,0.0
545,21acd3bbf97b5cbe,True,1.0,1.0,1.0,1.0,1.0,1.0,1.0
546,502fc2f7b9415e11,True,1.0,0.0,0.0,1.0,1.0,1.0,0.0
547,96540ed00a785607,True,1.0,1.0,0.8677818250803604,1.0,1.0,1.0,0.9449090937834835
548,f0a6222ab3e55174,True,1.0,1.0,0.87002693539037,1.0,1.0,1.0,0.9458445564126542
549,ef3dd8a6f4995678,True,1.0,1.0,0.5364770647656786,1.0,1.0,1.0,0.8068654436523661
550,25bf69b0667152fa,True,1.0,1.0,0.8867397419874351,1.0,1.0,1.0,0.952808225828098
551,575a40958ae65abd,True,1.0,1.0,1.0,1.0,1.0,1.0,1.0
552,7c2df54ec2df5a6e,True,1.0,1.0,0.9765946460924639,1.0,1.0,1.0,0.9902477692051933
553,efb0bd5e26305e5b,True,1.0,1.0,0.7890605266201349,1.0,1.0,1.0,0.9121085527583895
554,c820630081b056f7,True,1.0,1.0,0.924123131452242,1.0,1.0,1.0,0.9683846381051008
555,0777f5a7263758be,True,1.0,1.0,1.0,1.0,1.0,1.0,1.0
556,d409347e88455122,True,1.0,1.0,0.7423714562764091,1.0,1.0,1.0,0.8926547734485037
557,dbcb1f2c3979500d,True,1.0,1.0,0.9521623912187142,1.0,1.0,1.0,0.9800676630077976
558,8bd32ab85e615190,True,1.0,1.0,0.887493920208631,1.0,1.0,1.0,0.9531224667535962
559,06cfef4de99d5ead,True,1.0,1.0,1.0,1.0,1.0,1.0,1.0
560,8a880b6ff1dd59ab,True,1.0,0.0,0.0,1.0,1.0,1.0,0.0
561,3f31d5d096f957c9,True,1.0,1.0,0.4740920873347127,1.0,1.0,1.0,0.7808717030561304
562,fb44fa6567a65ad0,True,1.0,1.0,0.9763663862486371,1.0,1.0,1.0,0.9901526609369321
563,fedeb108feed57c0,True,1.0,1.0,0.7508824827719978,1.0,1.0,1.0,0.8962010344883323
564,1ff5f3528c36501f,True,1.0,1.0,0.7802373403125921,1.0,1.0,1.0,0.9084322251302467
565,952dbeff58945400,True,1.0,1.0,0.8366701820457033,1.0,1.0,1.0,0.9319459091857096
566,645f5f6b94345fc3,True,1.0,1.0,0.7223666432237473,1.0,1.0,1.0,0.8843194346765614
567,bfcbb192c11b5736,True,1.0,1.0,1.0,1.0,1.0,1.0,1.0
568,d0bf0c6c025c5c8c,True,1.0,1.0,0.3920661258602428,1.0,1.0,1.0,0.7466942191084346
569,761d3f2365c25886,True,1.0,1.0,0.8786282411345134,1.0,1.0,1.0,0.9494284338060472
570,bc1489ef42185fa1,True,1.0,1.0,0.5450567837820237,1.0,1.0,1.0,0.8104403265758432
571,611145a947d95451,True,1.0,1.0,0.9166630345772402,1.0,1.0,1.0,0.9652762644071835
572,609d74e2399c53ad,True,1.0,1.0,0.5770131257368246,1.0,1.0,1.0,0.8237554690570102
573,d767dfeed9965477,True,1.0,1.0,0.5108860518035964,1.0,1.0,1.0,0.7962025215848318
574,5e092c66c1bf5f3b,True,1.0,1.0,0.9316104963244596,1.0,1.0,1.0,0.9715043734685249
575,dfaaa711e0a557ba,True,1.0,1.0,0.9572363343880502,1.0,1.0,1.0,0.982181805995021
576,9135a6d270475c7f,True,1.0,1.0,0.6451855613088252,1.0,1.0,1.0,0.8521606505453438
577,07419a24b8e05171,True,1.0,1.0,1.0,0.0,1.0,1.0,0.5833333333333334
578,54e010de01625177,True,1.0,1.0,1.0,0.0,1.0,1.0,0.5833333333333334
579,ca8b5c5ed914507c,True,1.0,1.0,1.0,1.0,1.0,1.0,1.0
580,bc91cb648d525c6c,True,1.0,1.0,0.8872068934154066,1.0,1.0,1.0,0.9530028722564193
581,67eac979dc2b5c12,True,1.0,1.0,0.76954260589233,1.0,1.0,1.0,0.9039760857884708
582,542d8c3b05145bbe,True,1.0,1.0,0.7314670304428083,1.0,1.0,1.0,0.8881112626845035
583,8439357bbb005600,True,1.0,1.0,0.743760649351357,1.0,1.0,1.0,0.8932336038963987
584,7e1cc7d77132505a,True,1.0,1.0,0.9271901873763685,1.0,1.0,1.0,0.9696625780734869
585,0b2bdcb48c3e561a,True,1.0,1.0,0.7711589076481176,1.0,1.0,1.0,0.9046495448533823
586,029585f0509d52b0,True,1.0,0.0,0.0,1.0,1.0,1.0,0.0
587,73471e4908bc5708,True,1.0,1.0,0.6171310456401189,1.0,1.0,1.0,0.8404712690167161
588,76b1b05efba353fe,True,1.0,0.0,0.0,1.0,1.0,1.0,0.0
589,c87fe1d7a3bd57cb,True,1.0,1.0,0.6235179205267872,1.0,1.0,1.0,0.8431324668861614
590,2497e961a13e50f8,True,1.0,1.0,0.7278767814941357,0.0,1.0,1.0,0.4699486589558899
591,924f7c86a30b55c7,True,1.0,0.0,0.0,1.0,1.0,1.0,0.0
592,980e0f0b4d975c23,True,1.0,1.0,1.0,1.0,1.0,1.0,1.0
593,10fcb2c79add5558,True,1.0,1.0,0.5992586342690637,1.0,1.0,1.0,0.8330244309454432
594,bff12156468e5f16,True,1.0,1.0,0.6274743040788914,1.0,1.0,1.0,0.8447809600328714
595,bc12361c48f15f75,True,0.0,1.0,0.0,0.0,1.0,1.0,0.0
596,51e4c182629c50a7,True,1.0,1.0,0.5511149766780756,1.0,1.0,1.0,0.8129645736158647
597,07c5114fdb395f8b,True,1.0,1.0,0.9859974400993791,1.0,1.0,1.0,0.994165600041408
598,f640e9a42e215992,True,1.0,1.0,0.913632360318724,1.0,1.0,1.0,0.964013483466135
599,1bc6668f3dff5822,True,1.0,1.0,0.7824850149099357,1.0,1.0,1.0,0.9093687562124733
600,43761f0721035214,True,1.0,1.0,1.0,0.0,1.0,1.0,0.5833333333333334
601,f91ece9be7be56f6,True,1.0,1.0,0.581138455128596,1.0,1.0,1.0,0.8254743563035817
602,863e343b2fe45cc1,True,1.0,1.0,0.7987476873141736,1.0,1.0,1.0,0.916144869714239
603,dde50b95cefd5ecd,True,1.0,1.0,0.7962198593683177,1.0,1.0,1.0,0.9150916080701323
604,41470fb14dab5d99,True,1.0,1.0,0.8133238574129865,1.0,1.0,1.0,0.9222182739220778
605,0f9e883357585ec4,True,1.0,1.0,0.9752723863683767,1.0,1.0,1.0,0.9896968276534902
606,7e87b622a4e35128,True,1.0,1.0,0.8332260043998768,1.0,1.0,1.0,0.9305108351666154
607,09027c0129cd568b,True,1.0,1.0,0.7824882054893445,1.0,1.0,1.0,0.9093700856205601
608,345f39f8de925db9,True,1.0,1.0,0.9124039557513667,1.0,1.0,1.0,0.9635016482297362
609,ac019d81388056be,True,1.0,1.0,0.9496329017406286,1.0,1.0,1.0,0.9790137090585952
610,56acc09e62b45e21,True,1.0,1.0,0.591173339439005,1.0,1.0,1.0,0.8296555580995854
611,4145cfd5d9b659fa,True,1.0,1.0,0.7387637284573827,1.0,1.0,1.0,0.8911515535239095
612,796a327cace65d27,True,1.0,1.0,1.0,1.0,1.0,1.0,1.0
613,9f5172e4a2cb5304,True,1.0,1.0,0.766558044108224,1.0,1.0,1.0,0.9027325183784267
614,4d2fceb0b30f59cd,True,1.0,1.0,0.676684905108262,1.0,1.0,1.0,0.8652853771284424
615,2b2484954fc85b54,True,1.0,1.0,1.0,1.0,1.0,1.0,1.0
616,35b108769e3c5d33,True,1.0,1.0,0.9489261016387367,1.0,1.0,1.0,0.9787192090161403
617,ab88e1b94ce953bf,True,1.0,1.0,0.8578645232027223,1.0,1.0,1.0,0.940776884667801
618,f376ed0415235e20,True,1.0,1.0,0.8126135985374766,1.0,1.0,1.0,0.9219223327239486
619,2a94741039ad566d,True,1.0,1.0,1.0,1.0,1.0,1.0,1.0
620,9f97b9c20ffc50b5,True,1.0,1.0,0.7705303834836602,1.0,1.0,1.0,0.9043876597848585
621,ffcc0535b4fa5628,True,1.0,1.0,0.7563194563829158,1.0,1.0,1.0,0.8984664401595482
622,0590cb08d06a5905,True,1.0,1.0,0.673874961776748,1.0,1.0,1.0,0.8641145674069785
623,c7a44a2e52bc5e22,True,1.0,1.0,0.9561494863221806,1.0,1.0,0.5,0.9817289526342418
624,0481cf2b75f1532f,True,1.0,1.0,1.0,0.0,1.0,0.0,0.5833333333333334
625,7c2c92e3afdd555f,True,1.0,1.0,0.6627750838431723,1.0,1.0,1.0,0.8594896182679884
626,e8d869b5752751a6,True,1.0,1.0,0.9483645093847488,1.0,1.0,1.0,0.9784852122436454
627,8f273271b9eb537e,True,1.0,1.0,0.7587885772415341,1.0,1.0,1.0,0.8994952405173059
628,9b2878b173fc5b04,True,1.0,1.0,0.8758409410885679,1.0,1.0,1.0,0.9482670587869033
629,a6e683b6f2a557a4,True,1.0,1.0,0.9004932922503299,1.0,1.0,1.0,0.9585388717709709
630,0b0a419d29cf5e9a,True,1.0,1.0,0.7324946192522425,1.0,1.0,1.0,0.8885394246884344
631,131a036a111e54f3,True,1.0,1.0,1.0,1.0,1.0,1.0,1.0
632,cdb932bd30715a52,True,1.0,1.0,0.6852495762248688,1.0,1.0,1.0,0.8688539900936952
633,a7409a64ac2b5a94,True,1.0,1.0,0.8991988371001961,1.0,1.0,1.0,0.957999515458415
634,fb8df4568d585efa,True,1.0,1.0,0.6143567042964876,1.0,1.0,1.0,0.8393152934568698
635,e102672eb1975e6f,True,1.0,1.0,1.0,1.0,1.0,1.0,1.0
636,cecf3adea347569b,True,1.0,1.0,0.8477593033254753,1.0,1.0,1.0,0.9365663763856147
637,736e564340a8557f,True,1.0,1.0,0.42459665603783003,1.0,1.0,1.0,0.7602486066824291
638,af34277ea53e5f77,True,1.0,1.0,0.9037320606588287,1.0,1.0,1.0,0.9598883586078454
639,5a2719c85ee9570c,True,1.0,1.0,0.6662067812357004,1.0,1.0,1.0,0.8609194921815418
640,cf8f42e252855b82,True,1.0,1.0,1.0,1.0,1.0,1.0,1.0
641,a489c23d292e56fa,True,1.0,1.0,0.6919035766454543,1.0,1.0,1.0,0.8716264902689392
642,fa7555f0099f5c59,True,1.0,1.0,1.0,1.0,1.0,1.0,1.0
643,c80bc7cdeb5e50f0,True,1.0,1.0,0.7515151448838786,1.0,1.0,1.0,0.896464643701616
644,80bc2d8487e552f1,True,1.0,1.0,1.0,1.0,1.0,1.0,1.0
645,9f0193389f8a520c,True,1.0,1.0,0.6245818550169162,1.0,1.0,1.0,0.8435757729237151
646,a60f7352182a5e93,True,1.0,1.0,1.0,1.0,1.0,1.0,1.0
647,bdd67f08ac585568,True,1.0,1.0,0.8980815389338771,1.0,1.0,1.0,0.9575339745557822
648,a60e8e8afe675063,True,1.0,1.0,0.770195254569404,1.0,1.0,1.0,0.9042480227372517
649,18e5845edcdb500c,True,1.0,1.0,0.6482781599208095,1.0,1.0,1.0,0.8534492333003373
650,5ea2a4ecc18752fa,True,1.0,1.0,1.0,1.0,1.0,1.0,1.0
651,8451437af5ba59ea,True,1.0,1.0,0.778555950342622,1.0,1.0,1.0,0.9077316459760926
652,91b143f42de55e14,True,1.0,1.0,0.5519721524734831,1.0,1.0,1.0,0.8133217301972846
653,218adf8c450058eb,True,1.0,1.0,1.0,1.0,1.0,1.0,1.0
654,69baa41122b45e43,True,1.0,1.0,0.8276110884945593,1.0,1.0,1.0,0.9281712868727331
655,e0bb2b04e9455fa6,True,1.0,1.0,0.7279619002713921,1.0,1.0,1.0,0.8866507917797467
656,1968ed26cc315d75,True,1.0,1.0,0.5719185802059905,1.0,1.0,1.0,0.821632741752496
657,c472d369df235104,True,1.0,1.0,0.5913086909876744,1.0,1.0,1.0,0.8297119545781976
658,aadb2479ded750e4,True,1.0,1.0,0.8824812969437399,1.0,1.0,1.0,0.9510338737265583
659,4b85f48b7172519f,True,1.0,1.0,1.0,1.0,1.0,1.0,1.0
660,8362f66ef1aa51b1,True,1.0,1.0,0.8287305549636758,1.0,1.0,1.0,0.9286377312348648
661,11118a8c74d95c5c,True,1.0,1.0,0.7953702250984354,1.0,1.0,1.0,0.9147375937910147
662,badd4b6320d05d87,True,1.0,1.0,1.0,1.0,1.0,1.0,1.0
663,92c7b16cbf5a5d8c,True,1.0,1.0,1.0,1.0,1.0,1.0,1.0
664,0156027594b85857,True,1.0,1.0,0.9283492991167926,1.0,1.0,1.0,0.9701455412986636
665,e59da7b4970654fd,True,1.0,1.0,0.7839406718223938,1.0,1.0,1.0,0.9099752799259974
666,e89a30bba6345ada,True,1.0,1.0,0.5800210390295653,1.0,1.0,1.0,0.8250087662623189
667,15d5078041dd5a4f,True,1.0,1.0,0.5888872849538004,1.0,1.0,0.5,0.8287030353974169
668,f082cf21642c5cbc,True,1.0,1.0,0.4907580623812911,1.0,1.0,1.0,0.787815859325538
669,cbbf59be3a4e555d,True,1.0,1.0,0.861296418038521,1.0,1.0,1.0,0.9422068408493837
670,edeaf2305fa85143,True,1.0,1.0,0.8823171286926595,1.0,1.0,1.0,0.9509654702886081
671,507a3844cf3051de,True,1.0,1.0,0.7275259456106868,1.0,1.0,1.0,0.8864691440044528
672,cd3b1de5d5d759e7,True,1.0,1.0,0.9389502011558959,1.0,1.0,1.0,0.9745625838149566
673,ffbe4e0250f45a3a,True,1.0,1.0,0.68685646326318,1.0,1.0,1.0,0.8695235263596582
674,e14abaa91ad3511b,True,1.0,1.0,0.5727578995501186,1.0,1.0,1.0,0.8219824581458828
675,3380d56c05ba594b,True,1.0,1.0,0.8637171906544534,1.0,1.0,1.0,0.9432154961060223
676,75523a91f0b15884,True,1.0,1.0,0.9438483079651391,1.0,1.0,1.0,0.9766034616521413
677,33008a3b27ab59a1,True,1.0,1.0,0.8893645921646768,1.0,1.0,1.0,0.9539019134019485
678,d38090818a0b5bed,True,1.0,1.0,0.8761492127564905,1.0,1.0,1.0,0.9483955053152044
679,6dd8c9210247547d,True,1.0,0.0,0.0,1.0,1.0,1.0,0.0
680,f636a93caad2585f,True,1.0,1.0,0.6993737128218217,1.0,1.0,1.0,0.8747390470090924
681,c9e5306d839d5427,True,1.0,1.0,0.7412371577029818,1.0,1.0,1.0,0.892182149042909
682,7ec8d2521964548f,True,1.0,1.0,0.6137791771230304,1.0,1.0,1.0,0.8390746571345961
683,3d1c445859d85d51,True,1.0,1.0,0.9786949330603324,1.0,1.0,1.0,0.9911228887751385
684,c4f21fef5b86535b,True,1.0,1.0,0.9867107032459339,0.0,1.0,1.0,0.5777961263524725
685,1a66019703c45296,True,1.0,0.0,0.0,1.0,1.0,1.0,0.0
686,2d9d1d9aa6d25bd9,True,1.0,1.0,0.8820591975988642,1.0,1.0,1.0,0.9508579989995267
687,962deb8ccdaf50e3,True,1.0,1.0,0.6572466364592555,1.0,1.0,1.0,0.8571860985246899
688,9bb9d42a74165cf0,True,1.0,1.0,0.7467310070014304,1.0,1.0,1.0,0.8944712529172626
689,e55ee684113c5e7d,True,1.0,1.0,1.0,1.0,1.0,1.0,1.0
690,458fa5236b795941,True,1.0,1.0,0.9384961933710545,1.0,1.0,0.0,0.9743734139046061
691,fceded25dc595e06,True,1.0,1.0,0.9381645987386709,1.0,1.0,1.0,0.9742352494744462
692,efb7ddb02e9f59f1,True,1.0,1.0,0.9137233394730134,1.0,1.0,1.0,0.964051391447089
693,9dfb79c738b155b4,True,1.0,1.0,0.6884565801366305,1.0,1.0,1.0,0.8701902417235962
694,89e9fbdf25415d68,True,1.0,0.0,0.0,1.0,1.0,1.0,0.0
695,205dd2add8b357f6,True,1.0,1.0,1.0,0.0,1.0,1.0,0.5833333333333334
696,c96b4de8d3d55287,True,1.0,1.0,0.8196630651409187,1.0,1.0,1.0,0.9248596104753828
697,0eaa844dc2605267,True,1.0,1.0,0.6451410566155974,1.0,1.0,1.0,0.8521421069231656
698,b2def33d6adc50fc,True,1.0,1.0,1.0,1.0,1.0,1.0,1.0
699,20fd202ba2e1572a,True,1.0,1.0,1.0,1.0,1.0,1.0,1.0
700,4e09d6c847dc5d3e,True,1.0,1.0,0.6180031951492818,1.0,1.0,1.0,0.8408346646455341
701,938ceea80dd85b62,True,1.0,1.0,0.7861812463387808,1.0,1.0,1.0,0.9109088526411586
702,b43de4c16b8d5e99,True,1.0,1.0,0.7573037960430333,1.0,1.0,1.0,0.8988765816845973
703,e0ae2ba5807f558a,True,1.0,1.0,0.8037970526059793,1.0,1.0,1.0,0.9182487719191581
704,95c73c4a8d775324,True,1.0,1.0,1.0,1.0,1.0,1.0,1.0
705,83280d03b9995f85,True,1.0,1.0,0.9288091848700167,1.0,1.0,1.0,0.9703371603625071
706,68e8dda3806f5b88,True,1.0,1.0,0.8095101768759569,1.0,1.0,1.0,0.9206292403649821
707,a09e4156f577568a,True,1.0,1.0,1.0,1.0,1.0,1.0,1.0
708,0c267e7911165e9f,True,1.0,0.0,0.0,1.0,1.0,1.0,0.0
709,e7a7c61c543e5b88,True,0.0,1.0,0.0,0.0,1.0,1.0,0.0
710,9114a3a480dd5466,True,1.0,1.0,0.8823553448138997,1.0,1.0,1.0,0.9509813936724582
711,b5754d53017b5d49,True,1.0,1.0,0.9430374963936131,1.0,1.0,1.0,0.9762656234973388
712,09dc77e888295011,True,1.0,1.0,0.7133265440106545,1.0,1.0,1.0,0.8805527266711061
713,a9609780217c5831,True,1.0,1.0,0.9898664643900328,1.0,1.0,1.0,0.995777693495847
714,72080a4a90a65d4b,True,1.0,1.0,0.9366673206649514,1.0,1.0,1.0,0.9736113836103965
715,f87414e8321c5fa7,True,1.0,1.0,1.0,1.0,1.0,1.0,1.0
716,491dce963f7f5b57,True,1.0,1.0,1.0,1.0,1.0,1.0,1.0
717,33a4b3a5822e52db,True,1.0,0.0,0.0,1.0,1.0,1.0,0.0
718,9678b0cccb565681,True,1.0,1.0,1.0,1.0,1.0,1.0,1.0
719,524ca5715b155976,True,1.0,1.0,1.0,0.0,1.0,1.0,0.5833333333333334
720,4a2f87a2fd42549e,True,1.0,1.0,1.0,1.0,1.0,1.0,1.0
721,b54d370ffcf653ed,True,1.0,1.0,0.564530734755281,1.0,1.0,1.0,0.8185544728147004
722,22a9516d643c5e4b,True,1.0,1.0,0.7027409612322888,1.0,1.0,1.0,0.8761420671801203
723,0d6296a5295a5835,True,1.0,1.0,0.8280749980934784,1.0,1.0,1.0,0.9283645825389494
724,ab19982dd5cd57ac,True,0.0,1.0,0.0,0.0,1.0,1.0,0.0
725,1347c91c511a5918,True,1.0,1.0,0.8823507627483463,1.0,1.0,1.0,0.9509794844784777
726,2158d459f8b259c3,True,1.0,1.0,0.8367594862618478,1.0,1.0,1.0,0.9319831192757699
727,256f41bada0e5028,True,1.0,1.0,0.8235838705122467,1.0,1.0,1.0,0.9264932793801028
728,ed166d61f7435477,True,1.0,1.0,0.5654393701376776,1.0,1.0,1.0,0.818933070890699
729,4a66983ed3545869,True,1.0,1.0,0.8391989478184271,1.0,1.0,1.0,0.9329995615910113
730,0ea5bbb7337d5a56,True,1.0,1.0,0.7355113704072563,1.0,1.0,1.0,0.8897964043363569
731,673cfe7af7db5911,True,1.0,1.0,1.0,1.0,1.0,1.0,1.0
732,24c278846879520f,True,1.0,1.0,0.7014150924059962,1.0,1.0,1.0,0.8755896218358318
733,616ead76f75f5b62,True,1.0,1.0,0.7847828418432471,1.0,1.0,1.0,0.9103261841013529
734,a41e9aff2ee457c2,True,1.0,1.0,0.9362982720953059,1.0,1.0,1.0,0.9734576133730442
735,047b56d34f1d5aa0,True,1.0,1.0,0.6216356862502468,1.0,1.0,1.0,0.8423482026042696
736,f381809a5ec053f3,True,1.0,1.0,1.0,1.0,1.0,1.0,1.0
737,de310b1492245dab,True,1.0,1.0,0.8235953361783386,1.0,1.0,0.5,0.9264980567409745
738,edbd8b34cdc65008,True,1.0,1.0,0.9606427406615587,1.0,1.0,1.0,0.9836011419423162
739,0a0d91d55b0757f8,True,1.0,1.0,0.9107160327328032,1.0,1.0,1.0,0.9627983469720013
740,ecaca52a9b295117,True,1.0,1.0,1.0,1.0,1.0,1.0,1.0
741,71531dafe28052ac,True,1.0,1.0,0.8813052944297698,1.0,1.0,1.0,0.9505438726790708
742,7758c231f45d51de,True,1.0,0.0,0.0,1.0,1.0,1.0,0.0
743,7f08b90f7a44554b,True,1.0,1.0,0.8377242773431219,1.0,1.0,1.0,0.9323851155596342
744,04c8cad554925432,True,1.0,1.0,0.8336412747848072,1.0,1.0,1.0,0.9306838644936697
745,f50843b06ec259f2,True,1.0,0.0,0.0,1.0,1.0,1.0,0.0
746,d607d27b421a562b,True,1.0,1.0,0.7048208886507887,1.0,1.0,1.0,0.8770087036044952
747,24b68863c230509c,True,1.0,1.0,0.8375619612078148,1.0,1.0,1.0,0.9323174838365894
748,9483fae2cfc352eb,True,1.0,1.0,0.5255950208023069,1.0,1.0,1.0,0.8023312586676279
749,1b7b7697be9c5dc5,True,1.0,0.0,0.0,1.0,1.0,1.0,0.0
750,89751620b3555ef8,True,1.0,1.0,1.0,1.0,1.0,1.0,1.0
751,c0b8f52197ac558c,True,1.0,1.0,1.0,1.0,1.0,1.0,1.0
752,4a4ce3ba90ad5614,True,1.0,1.0,0.744579702313365,1.0,1.0,1.0,0.8935748759639021
753,cdd097ea065a5ff7,True,1.0,1.0,0.8613118710600939,1.0,1.0,1.0,0.9422132796083723
754,5c5e0e2c9d225b98,True,1.0,1.0,0.9567184799373735,1.0,1.0,1.0,0.981966033307239
755,de31419c6502517b,True,1.0,1.0,0.6961008562562242,1.0,1.0,1.0,0.8733753567734267
756,766a723ba30f574c,True,1.0,1.0,1.0,1.0,1.0,1.0,1.0
757,ada00fe35a595d6b,True,1.0,1.0,1.0,1.0,1.0,1.0,1.0
758,72191253c85a5227,True,1.0,1.0,0.9565037641403088,1.0,1.0,1.0,0.9818765683917953
759,16a40c5db95c5467,True,1.0,1.0,0.9863231020952244,1.0,1.0,1.0,0.9943012925396769
760,5d12ad55fdd858e1,True,1.0,1.0,0.8245255975588784,1.0,1.0,1.0,0.9268856656495327
761,0a8ba5b315e555ab,True,1.0,1.0,0.825529583643128,1.0,1.0,1.0,0.9273039931846366
762,8c477c76153f588e,True,1.0,1.0,0.6482120816334076,1.0,1.0,1.0,0.8534217006805864
763,5a468d5e9d955993,True,1.0,1.0,0.9327003902644068,1.0,1.0,1.0,0.9719584959435027
764,cde9cee2c4f55145,True,1.0,1.0,0.9067614501881984,1.0,1.0,1.0,0.9611506042450827
765,38b01bebf6df5fb8,True,1.0,1.0,0.5557694370349157,1.0,1.0,1.0,0.8149039320978816
766,0f536eebc58d5ff4,True,1.0,1.0,0.9337457862652667,1.0,1.0,1.0,0.9723940776105278
767,21747e180852591a,True,0.0,1.0,0.0,0.0,1.0,1.0,0.0
768,a02d58c7e9ee50f5,True,1.0,1.0,1.0,1.0,1.0,1.0,1.0
769,5603aa72d59e58b2,True,1.0,1.0,0.9579655737537295,1.0,1.0,1.0,0.9824856557307206
770,8413eaf2b8e45e3b,True,1.0,1.0,0.8078416806542849,1.0,1.0,1.0,0.9199340336059519
771,74c8385c2d845cde,True,1.0,1.0,0.8843713845444505,1.0,1.0,1.0,0.9518214102268544
772,9c63c33c198e5aa9,True,1.0,1.0,0.8936373845004848,1.0,1.0,1.0,0.9556822435418687
773,5c872773198c5689,True,1.0,1.0,0.6100417341640556,1.0,1.0,1.0,0.8375173892350233
774,59127196fe025553,True,1.0,1.0,1.0,1.0,1.0,1.0,1.0
775,2f6b9bbb16cb59ba,True,1.0,1.0,0.9553063026513239,1.0,1.0,1.0,0.9813776261047183
776,d8faa48b75625ac0,True,1.0,1.0,1.0,1.0,1.0,1.0,1.0
777,633df956d5645243,True,1.0,1.0,0.8446322605317416,1.0,1.0,1.0,0.9352634418882256
778,b431359c21975fe6,True,1.0,1.0,0.9088371012969331,1.0,1.0,1.0,0.9620154588737222
779,9e1761b29988514c,True,1.0,1.0,0.7168282225581092,1.0,1.0,1.0,0.8820117593992122
780,315ac5cd44ad5d1e,True,1.0,1.0,0.7880069764828007,1.0,1.0,1.0,0.9116695735345003
781,f28c522b8a0155cc,True,0.0,1.0,0.0,0.0,1.0,1.0,0.0
782,392a50db492b536e,True,1.0,1.0,0.6205530141403279,1.0,1.0,1.0,0.8418970892251366
783,0b3774b9729455e1,True,1.0,1.0,1.0,1.0,1.0,1.0,1.0
784,96c4cb076c9954e6,True,1.0,1.0,0.881394431536077,1.0,1.0,1.0,0.9505810131400322
785,1cbb42e800785a61,True,1.0,1.0,0.9814917669025656,1.0,1.0,1.0,0.9922882362094022
786,e1d83d0f913a5263,True,1.0,1.0,0.9192670923918616,1.0,1.0,1.0,0.966361288496609
787,0c86ab0f851559e8,True,1.0,1.0,1.0,1.0,1.0,1.0,1.0
788,37837c3f78625095,True,0.0,1.0,0.0,0.0,1.0,1.0,0.0
789,3cc02c2389685e70,True,1.0,1.0,1.0,1.0,1.0,1.0,1.0
790,263ad35a0e975eda,True,1.0,1.0,0.7242526648738314,1.0,1.0,1.0,0.885105277030763
791,5c5a8066ceae51bc,True,1.0,1.0,0.8030631954878281,1.0,1.0,1.0,0.9179429981199284
792,1e98fee7a7cc5254,True,1.0,1.0,0.7057308375925471,1.0,1.0,1.0,0.8773878489968947
793,33c05d622bbe59a8,True,1.0,1.0,0.9128745989593783,1.0,1.0,1.0,0.9636977495664075
794,ee80a7cf312253e2,True,1.0,1.0,0.559654188968166,1.0,1.0,0.5,0.8165225787367358
795,c0e6947e2b455ff7,True,1.0,1.0,1.0,1.0,1.0,0.0,1.0
796,521247f86d7f57c0,True,1.0,1.0,1.0,1.0,1.0,1.0,1.0
797,4e39c50ddb075303,True,1.0,1.0,1.0,1.0,1.0,1.0,1.0
798,ab94d64d31ea5435,True,1.0,0.0,0.0,1.0,1.0,1.0,0.0
799,9c193ab1a07454e3,True,1.0,1.0,1.0,1.0,1.0,0.5,1.0
800,61a9157ac995542c,True,1.0,1.0,1.0,1.0,1.0,1.0,1.0
801,0fedf81df2db5b96,True,1.0,1.0,0.7730963074719068,1.0,1.0,1.0,0.9054567947799611
802,08ca490a89c4544e,True,1.0,1.0,0.7850471630777639,1.0,1.0,1.0,0.9104363179490683
803,7b4ba1d02376503b,True,1.0,1.0,0.8152325850374248,1.0,1.0,1.0,0.923013577098927
804,3b6e03834b255849,True,1.0,1.0,0.5525683834599533,1.0,1.0,0.5,0.8135701597749806
805,411ce5449bda5b1d,True,1.0,1.0,1.0,1.0,1.0,1.0,1.0
806,75bf56ae8b9d5673,True,1.0,1.0,0.9596667321415459,1.0,1.0,1.0,0.9831944717256441
807,25c3b9fa44c058a6,True,1.0,1.0,0.7265476581574735,1.0,1.0,1.0,0.8860615242322806
808,df2257e552655d84,True,1.0,1.0,1.0,1.0,1.0,1.0,1.0
809,e826fc97761759f9,True,1.0,1.0,1.0,1.0,1.0,1.0,1.0
810,9e1a8204e14e56e1,True,1.0,1.0,0.9752169275852638,1.0,1.0,1.0,0.9896737198271932
811,f4aca518cfa05850,True,1.0,1.0,0.7668663528195421,1.0,1.0,1.0,0.9028609803414759
812,8a1eb240e9355b45,True,1.0,1.0,0.8659870799672669,1.0,1.0,1.0,0.9441612833196945
813,0eb2056214155957,True,1.0,1.0,1.0,1.0,1.0,1.0,1.0
814,6545ddda66325e39,True,1.0,1.0,1.0,1.0,1.0,1.0,1.0
815,8135a67aa74e586c,True,1.0,1.0,0.848667429436656,1.0,1.0,1.0,0.9369447622652732
816,5469a6a592ef55d0,True,1.0,1.0,0.833499502485601,1.0,1.0,1.0,0.9306247927023338
817,0e6a9b4fe9ec5443,True,1.0,1.0,0.7699999429341622,1.0,1.0,1.0,0.9041666428892343
818,212c67511de75043,True,1.0,1.0,1.0,1.0,1.0,1.0,1.0
819,b0325428be095810,True,1.0,1.0,1.0,1.0,1.0,1.0,1.0
820,9a95d2419f1e592a,True,0.5,0.0,0.0,0.0,1.0,0.0,0.0
821,019b86fe2e215b6e,True,1.0,1.0,1.0,1.0,1.0,1.0,1.0
822,2b641a3ecff5580e,True,1.0,1.0,0.9006801569064009,1.0,1.0,1.0,0.9586167320443337
823,17296f6032025ecc,True,1.0,1.0,0.8047123235863232,1.0,1.0,1.0,0.9186301348276347
824,387bb49da88353dc,True,1.0,1.0,0.8527436416172165,1.0,1.0,1.0,0.9386431840071735
825,7048a63246a75ea4,True,1.0,1.0,0.7060222338820261,1.0,1.0,1.0,0.8775092641175108
826,5c34deba76605c7b,True,1.0,1.0,0.9866729480775969,1.0,1.0,1.0,0.9944470616989988
827,d7b1d984a0ff5791,True,1.0,1.0,0.9705353186214426,1.0,1.0,1.0,0.987723049425601
828,f6f14df95f6c52af,True,1.0,0.0,0.0,1.0,1.0,0.0,0.0
829,4dd1ab3a667b5074,True,1.0,1.0,1.0,1.0,1.0,1.0,1.0
830,17ecb960d15d5b5f,True,1.0,1.0,0.6803995318013873,1.0,1.0,1.0,0.8668331382505782
831,7fef3d49daa652cb,True,1.0,1.0,0.8326539763931479,1.0,1.0,1.0,0.9302724901638116
832,30271c81460b556d,True,1.0,1.0,0.9503136205909467,1.0,1.0,1.0,0.9792973419128944
833,8562e5f582e251cf,True,1.0,1.0,0.7492474741123368,1.0,1.0,1.0,0.8955197808801403
834,c9fb5f51480b5ff8,True,1.0,0.0,0.0,1.0,1.0,0.5,0.0
835,63266bfd8e1f5f15,True,1.0,1.0,1.0,1.0,1.0,1.0,1.0
836,1e527ab20dd55310,True,1.0,1.0,0.848576274265541,1.0,1.0,1.0,0.9369067809439754
837,631712394f5b5d72,True,0.0,1.0,0.0,0.0,1.0,1.0,0.0
838,90f8fafcb5715404,True,1.0,1.0,0.8030728762902168,1.0,1.0,1.0,0.9179470317875903
839,3623049267d35a95,True,1.0,1.0,1.0,1.0,1.0,1.0,1.0
840,01876d7aa6f55554,True,1.0,1.0,0.47860582140367003,1.0,1.0,1.0,0.7827524255848625
841,9b7eb62d80db55e7,True,1.0,1.0,1.0,1.0,1.0,1.0,1.0
842,a2cc6aa1e3c252a7,True,1.0,1.0,0.6865901160331843,1.0,1.0,1.0,0.8694125483471602
843,a76311c957b05f8c,True,1.0,1.0,1.0,1.0,1.0,1.0,1.0
844,db62e3168cd051aa,True,1.0,1.0,0.7749618645027545,1.0,1.0,1.0,0.9062341102094811
845,de0fd47c70d3500a,True,1.0,1.0,0.759167100794871,1.0,1.0,1.0,0.8996529586645297
846,3dc6b109b480502f,True,1.0,1.0,1.0,1.0,1.0,1.0,1.0
847,f4d95a784b725915,True,1.0,1.0,0.9985054159597068,1.0,1.0,1.0,0.9993772566498779
848,e0b7d625d3f55cd8,True,1.0,1.0,0.7195687890638721,1.0,1.0,1.0,0.8831536621099468
849,93ed1cf3d95a5dab,True,1.0,1.0,1.0,1.0,1.0,1.0,1.0
850,667ea4f79faf5baa,True,1.0,1.0,0.527797409445141,1.0,1.0,1.0,0.803248920602142
851,bdbf1319d21c5cab,True,1.0,1.0,1.0,1.0,1.0,1.0,1.0
852,b7ee1af184835990,True,1.0,1.0,1.0,1.0,1.0,1.0,1.0
853,ab4175e25b6c5d76,True,1.0,1.0,0.6062407238753064,1.0,1.0,1.0,0.8359336349480443
854,59797b950d9e52ba,True,1.0,1.0,0.9727993613484621,1.0,1.0,1.0,0.9886664005618592
855,96d9a24139ca5ad4,True,1.0,1.0,0.6697078214269329,1.0,1.0,1.0,0.8623782589278887
856,a5b24b47fef85a1b,True,1.0,1.0,0.731155434070717,1.0,1.0,1.0,0.8879814308627987
857,570ba391cb6158c2,True,1.0,1.0,0.6360832590997483,1.0,1.0,1.0,0.8483680246248951
858,2a1cb4c27a4459a7,True,1.0,1.0,1.0,1.0,1.0,0.5,1.0
859,7ffe3cd6cd995118,True,1.0,1.0,1.0,1.0,1.0,1.0,1.0
860,e801c47d97b95978,True,1.0,1.0,0.655896278634888,1.0,1.0,1.0,0.8566234494312033
861,03817943eb905452,True,1.0,1.0,1.0,1.0,1.0,1.0,1.0
862,0f7e1062e04e5fb5,True,1.0,1.0,1.0,1.0,1.0,1.0,1.0
863,f51357fd3f59500a,True,1.0,0.0,0.0,1.0,1.0,1.0,0.0
864,6d846dadde695838,True,1.0,1.0,0.7900890839379927,1.0,1.0,1.0,0.912537118307497
865,330fe55520e351fb,True,1.0,1.0,1.0,1.0,1.0,1.0,1.0
866,91c7e207e3395557,True,1.0,0.0,0.0,1.0,1.0,1.0,0.0
867,e9f927ace9f4542d,True,1.0,1.0,0.9404662455273499,1.0,1.0,1.0,0.9751942689697292
868,cdf8b694cdb75ac7,True,1.0,1.0,0.8250772104987678,1.0,1.0,1.0,0.9271155043744866
869,03c50783a77551a2,True,1.0,1.0,0.7410150012750027,1.0,1.0,1.0,0.8920895838645845
870,a6fd750fe57d5bb9,True,0.5,0.0,0.0,0.0,1.0,1.0,0.0
871,5ddaadb992ef5c1f,True,1.0,1.0,1.0,1.0,1.0,1.0,1.0
872,e8daa33268685b31,True,1.0,1.0,1.0,1.0,1.0,1.0,1.0
873,44cc84f91c6b5bf5,True,1.0,1.0,1.0,1.0,1.0,1.0,1.0
874,7602fcbad344586a,True,1.0,1.0,0.2681506064683413,1.0,1.0,1.0,0.6950627526951422
875,e617fe519ab754dc,True,1.0,1.0,0.9014849025315946,1.0,1.0,1.0,0.9589520427214978
876,6f6d4e85ebdb5013,True,1.0,1.0,1.0,1.0,1.0,1.0,1.0
877,c8d1d4dd7889577b,True,1.0,1.0,0.8794272915610823,1.0,1.0,1.0,0.9497613714837844
878,b9a8107ff09d5961,True,1.0,1.0,0.8811245488078203,1.0,1.0,1.0,0.9504685620032585
879,7ccd759aa0535b9a,True,1.0,1.0,0.7108378466432168,1.0,1.0,1.0,0.8795157694346737
880,47d82a7c046d57bc,True,1.0,1.0,0.5630709332905464,1.0,1.0,1.0,0.8179462222043944
881,9106979ff1c15ad3,True,1.0,1.0,1.0,1.0,1.0,1.0,1.0
882,ca41dc3231965d47,True,1.0,1.0,0.949332478543506,1.0,1.0,1.0,0.9788885327264608
883,017514eaeeef5716,True,1.0,1.0,1.0,1.0,1.0,1.0,1.0
884,07a6f60eb9795462,True,1.0,1.0,0.9284037876368223,1.0,1.0,1.0,0.970168244848676
885,1c9f36db867b50bf,True,1.0,1.0,0.8190136259217751,1.0,1.0,1.0,0.9245890108007396
886,ebd8d87ff33b5b7a,True,1.0,1.0,0.8566975979566148,1.0,1.0,1.0,0.9402906658152562
887,812d49975bf357fc,True,1.0,1.0,0.9127509483161915,1.0,1.0,1.0,0.9636462284650799
888,069c6a5e408653ab,True,1.0,1.0,0.6490660882388269,1.0,1.0,1.0,0.8537775367661778
889,27861c4d747751ba,True,1.0,1.0,0.13190883253667177,1.0,1.0,1.0,0.6382953468902799
890,a5c9bcab52165145,True,1.0,1.0,0.9770009839490913,1.0,1.0,1.0,0.9904170766454546
891,f665cf888bbd5595,True,1.0,1.0,0.9727985059386717,1.0,1.0,1.0,0.9886660441411133
892,8647866881f3587e,True,1.0,1.0,0.6600623688410133,1.0,1.0,1.0,0.8583593203504222
893,f69367f756605199,True,1.0,1.0,1.0,1.0,1.0,1.0,1.0
894,9502cdbb06dd516f,True,0.0,1.0,0.0,0.0,1.0,1.0,0.0
895,1ad237fbbbcf51ab,True,1.0,1.0,1.0,1.0,1.0,1.0,1.0
896,c51da2f899b55508,True,1.0,1.0,1.0,1.0,1.0,1.0,1.0
897,199bda2914215d57,True,1.0,1.0,1.0,1.0,1.0,1.0,1.0
898,fa23f65e1638570e,True,1.0,1.0,0.816240419147038,1.0,1.0,1.0,0.9234335079779324
899,d318551a8ce150e5,True,1.0,1.0,1.0,1.0,1.0,1.0,1.0
900,9d6f5aa2a3a25966,True,1.0,1.0,1.0,1.0,1.0,1.0,1.0
901,8c12150f849b5b10,True,1.0,1.0,0.92366719259201,1.0,1.0,1.0,0.9681946635800042
902,0c4bafb20cea5e44,True,1.0,1.0,1.0,1.0,1.0,1.0,1.0
903,e96c8f66dae15d60,True,1.0,1.0,1.0,1.0,1.0,1.0,1.0
904,72c898c5c6a45939,True,1.0,1.0,0.9855429612997242,1.0,1.0,1.0,0.9939762338748851
905,61232ab3e2085282,True,1.0,1.0,1.0,1.0,1.0,1.0,1.0
906,d1c5fed75ec951fa,True,1.0,1.0,0.835813847694256,1.0,1.0,1.0,0.93158910320594
907,0c136e28e54f58b6,True,1.0,1.0,1.0,1.0,1.0,1.0,1.0
908,dfe53c7f74e5554c,True,0.0,1.0,0.0,0.0,1.0,1.0,0.0
909,b4507882ebac5f7a,True,1.0,1.0,1.0,1.0,1.0,1.0,1.0
910,9ba21cb552c35238,True,1.0,0.0,0.0,1.0,1.0,1.0,0.0
911,d9634d08b1a85ec4,True,1.0,1.0,1.0,1.0,1.0,1.0,1.0
912,7682ed33c75a5116,True,1.0,1.0,0.5613212035838365,1.0,1.0,1.0,0.817217168159932
913,a8377f936650561b,True,1.0,1.0,0.6422018343159797,1.0,1.0,1.0,0.8509174309649916
914,28c89352b09b55d4,True,1.0,1.0,0.6608275913630454,1.0,1.0,1.0,0.8586781630679355
915,0d1800f960bf5d51,True,1.0,1.0,0.8971929805034914,1.0,1.0,1.0,0.9571637418764548
916,1c3e7aa7df415acb,True,1.0,1.0,0.6507801874688068,1.0,1.0,1.0,0.8544917447786696
917,6ce0bfddedef5981,True,0.0,1.0,0.0,0.0,1.0,1.0,0.0
918,f20518f97cb558d4,True,1.0,1.0,0.9010475961734031,1.0,1.0,1.0,0.9587698317389179
919,d398c8ceafe050be,True,1.0,1.0,0.9978553715262972,1.0,1.0,1.0,0.9991064048026238
920,e194e033ee72504a,True,1.0,1.0,0.925898955100381,1.0,1.0,1.0,0.9691245646251586
921,08fcb3344bea538d,True,1.0,0.0,0.0,1.0,1.0,1.0,0.0
922,2f6263adaf4f54c5,True,1.0,1.0,0.6634864014007696,1.0,1.0,1.0,0.8597860005836541
923,bcdaa4a47f925ebb,True,1.0,1.0,1.0,1.0,1.0,1.0,1.0
924,47f76d2da48f57ba,True,1.0,1.0,0.7734160938398927,1.0,1.0,1.0,0.9055900390999554
925,f642f93db71f5dfb,True,1.0,1.0,1.0,1.0,1.0,1.0,1.0
926,255c8b9b215458f9,True,1.0,1.0,0.7332645011970697,1.0,1.0,1.0,0.8888602088321124
927,12fac37cef195384,True,1.0,1.0,0.8880980481324513,1.0,1.0,1.0,0.9533741867218547
928,facc11b0d1075018,True,1.0,1.0,1.0,1.0,1.0,1.0,1.0
929,c61d55c28f3b538d,True,1.0,0.0,0.0,1.0,1.0,1.0,0.0
930,cb61f2ea159355a0,True,1.0,1.0,1.0,1.0,1.0,1.0,1.0
931,82ba424ca77e5a4a,True,1.0,1.0,0.6615078942091951,1.0,1.0,1.0,0.8589616225871647
932,bf0441f2960b5e17,True,1.0,1.0,0.8820846526708799,1.0,1.0,1.0,0.9508686052795333
933,79e582695923514a,True,1.0,1.0,0.6137863461676659,1.0,1.0,1.0,0.8390776442365274
934,bdc6855188a351ca,True,1.0,1.0,1.0,1.0,1.0,1.0,1.0
935,95733bb0b55e5d5f,True,1.0,1.0,0.8599897225790281,1.0,1.0,1.0,0.9416623844079283
936,7767ce3fbd5f5f50,True,1.0,1.0,0.9873449915061069,1.0,1.0,1.0,0.9947270797942113
937,e5caf6d750415ee7,True,1.0,1.0,1.0,1.0,1.0,1.0,1.0
938,0fc778045313531b,True,1.0,1.0,1.0,1.0,1.0,1.0,1.0
939,b069ef19c0ba5887,True,1.0,1.0,0.6907529386552411,1.0,1.0,1.0,0.8711470577730172
940,cebd7d74024b5cce,True,1.0,1.0,1.0,1.0,1.0,1.0,1.0
941,022cc20c8dd45bc5,True,1.0,1.0,1.0,1.0,1.0,1.0,1.0
942,247490a783f25c47,True,1.0,1.0,0.6645452699848385,1.0,1.0,1.0,0.860227195827016
943,6c28c001109f5718,True,1.0,1.0,0.8106467769861606,1.0,1.0,1.0,0.9211028237442336
944,d743862c9c555961,True,1.0,0.0,0.0,1.0,1.0,1.0,0.0
945,e50483d19a4b5489,True,1.0,1.0,0.9791420125203327,0.0,1.0,1.0,0.5746425052168053
946,29949ff80141506e,True,1.0,1.0,0.7734917628689614,1.0,1.0,1.0,0.9056215678620673
947,bc60aa8501245df7,True,1.0,1.0,0.7607777935658432,1.0,1.0,1.0,0.9003240806524347
948,d1861adbe9ff5581,True,1.0,1.0,1.0,1.0,1.0,1.0,1.0
949,cfdeb32366475b04,True,1.0,1.0,1.0,1.0,1.0,0.5,1.0
950,aef8ab04144650cd,True,1.0,1.0,0.7076238984874319,1.0,1.0,1.0,0.8781766243697633
951,9fb619b502495ffc,True,1.0,1.0,0.9381589252647746,1.0,1.0,1.0,0.9742328855269894
952,c3d5c730ba905b86,True,1.0,1.0,1.0,0.0,1.0,1.0,0.5833333333333334
953,2fd327a8eff250ba,True,1.0,1.0,1.0,1.0,1.0,1.0,1.0
954,869f688594fc58c1,True,0.0,1.0,0.0,0.0,1.0,1.0,0.0
955,a5ddad9bbb505316,True,1.0,1.0,0.7837626023402505,1.0,1.0,1.0,0.9099010843084377
956,4c1a6bbf7aaa5228,True,1.0,1.0,1.0,1.0,1.0,1.0,1.0
957,2ee8d10b988c58b2,True,1.0,1.0,0.994247452465603,1.0,1.0,1.0,0.9976031051940012
958,24b9908a6761529b,True,1.0,1.0,1.0,1.0,1.0,1.0,1.0
959,fb92846550d15dc1,True,1.0,1.0,0.9117974406988838,1.0,1.0,1.0,0.9632489336245348
960,ebb383e16f7c5121,True,1.0,1.0,1.0,1.0,1.0,1.0,1.0
961,8dc7d00ce175549d,True,1.0,1.0,0.9048869168797631,1.0,1.0,1.0,0.9603695486999012
962,a5a4a6add0d05113,True,1.0,1.0,1.0,1.0,1.0,1.0,1.0
963,553d5ef6d98e5728,True,1.0,1.0,0.6647855352817971,1.0,1.0,1.0,0.8603273063674154
964,ea8b66a838c75042,True,1.0,1.0,1.0,1.0,1.0,1.0,1.0
965,54a706251c0558d2,True,1.0,1.0,0.7500950075066202,1.0,1.0,1.0,0.895872919794425
966,0cc24c1449cd54f9,True,1.0,1.0,1.0,1.0,1.0,1.0,1.0
967,29163817326a5eab,True,1.0,0.0,0.0,1.0,1.0,1.0,0.0
968,7398c63b60075187,True,1.0,1.0,1.0,1.0,1.0,1.0,1.0
969,7b3ba1d953a15802,True,1.0,1.0,0.41106514021554197,0.0,1.0,0.5,0.3379438084231425
970,7508fad57cde547d,True,1.0,1.0,0.46550691071802164,1.0,1.0,1.0,0.777294546132509
971,b9d45c43c2fd5165,True,1.0,1.0,0.8088057822452352,1.0,1.0,1.0,0.9203357426021813
972,4e54c991bd0259cb,True,1.0,1.0,0.8861270765756764,1.0,1.0,1.0,0.9525529485731985
973,367ead111dcb5764,True,1.0,1.0,0.6106786732510142,1.0,1.0,1.0,0.8377827805212559
974,4384cab8593f505e,True,1.0,1.0,0.8233246805113845,1.0,1.0,1.0,0.9263852835464101
975,34f4fd0a288b5199,True,0.0,1.0,0.0,0.0,1.0,1.0,0.0
976,3cdaaa2bcfd55b68,True,1.0,1.0,1.0,1.0,1.0,1.0,1.0
977,1895b756b1b0539d,True,1.0,1.0,1.0,1.0,1.0,1.0,1.0
978,3721b675d426567c,True,1.0,1.0,1.0,1.0,1.0,1.0,1.0
979,3e68b96c1d745820,True,1.0,1.0,0.6769413081879665,1.0,1.0,1.0,0.865392211744986
980,c1133aca1539575e,True,1.0,1.0,0.9251083301527556,1.0,1.0,1.0,0.9687951375636482
981,4ab74b20c99e5d20,True,1.0,0.0,0.0,1.0,1.0,0.5,0.0
982,d32336b185505124,True,1.0,1.0,0.9395589058373502,1.0,1.0,1.0,0.9748162107655626
983,349606982fb252ae,True,1.0,1.0,1.0,1.0,1.0,0.5,1.0
984,b8deacee10515f02,True,1.0,1.0,0.8971890821506378,1.0,1.0,1.0,0.9571621175627657
985,7d6c25f47aa658e8,True,1.0,1.0,1.0,1.0,1.0,1.0,1.0
986,63768cbe8b2d5c65,True,1.0,1.0,0.5211059180144142,1.0,1.0,1.0,0.8004607991726725
987,c6e19ffa3c34551c,True,1.0,1.0,1.0,1.0,1.0,1.0,1.0
988,4b892b0f3efa5255,True,1.0,1.0,1.0,1.0,1.0,1.0,1.0
989,443099f672655d56,True,1.0,1.0,0.8707537073158882,1.0,1.0,1.0,0.9461473780482867
990,81aa7cde0f3f5b68,True,1.0,1.0,1.0,1.0,1.0,1.0,1.0
991,2422d2b260235078,True,1.0,1.0,0.972042221515344,1.0,1.0,1.0,0.9883509256313934
992,5ee6495d99475e62,True,1.0,1.0,0.7298841211751081,1.0,1.0,1.0,0.8874517171562951
993,3420dd4340635018,True,1.0,1.0,0.7418154237806176,1.0,1.0,1.0,0.892423093241924
994,f994322c76145318,True,1.0,1.0,0.677230184957728,1.0,1.0,1.0,0.86551257706572
995,e6dde7de045154c3,True,1.0,1.0,1.0,1.0,1.0,1.0,1.0
996,26ca3d6741065921,True,1.0,1.0,1.0,1.0,1.0,1.0,1.0
997,2c29f40d1a1d5b28,True,1.0,1.0,0.9541251203948315,1.0,1.0,1.0,0.9808854668311797
998,315ade412d0f5304,True,1.0,1.0,1.0,1.0,1.0,1.0,1.0
999,190e931f7a7a52dc,True,1.0,1.0,0.6878823284637179,1.0,1.0,1.0,0.8699509701932158
1000,4f2041f942aa5630,True,1.0,1.0,0.5022973468776979,1.0,1.0,1.0,0.7926238945323741
1001,420d59a27cb053ae,True,1.0,1.0,0.7297618577172431,1.0,1.0,1.0,0.8874007740488512
1002,cff46947b17c5415,True,1.0,1.0,1.0,1.0,1.0,1.0,1.0
1003,ae15b0488a6c5bd8,True,1.0,1.0,1.0,1.0,1.0,1.0,1.0
1004,8b9aa871306555d0,True,1.0,1.0,0.5892739081828782,1.0,1.0,1.0,0.8288641284095326
1005,dec6932758755596,True,1.0,1.0,0.7008633080419048,1.0,1.0,1.0,0.8753597116841271
1006,dbfcc3b5aa945597,True,1.0,1.0,0.8714148712667537,1.0,1.0,1.0,0.9464228630278141
1007,0e850ac8266c552e,True,1.0,1.0,1.0,1.0,1.0,1.0,1.0
1008,17a6a4a6137553cd,True,1.0,1.0,0.8704603518341731,1.0,1.0,1.0,0.9460251465975721
1009,2a9a3fe02d46551c,True,1.0,1.0,0.7257952606015651,1.0,1.0,1.0,0.8857480252506521
1010,712427ff1635596c,True,1.0,1.0,1.0,1.0,1.0,1.0,1.0
1011,f4d869c13a015a28,True,1.0,1.0,0.7012585201635162,1.0,1.0,1.0,0.8755243834014651
1012,938b4978b8da5a08,True,1.0,1.0,1.0,1.0,1.0,1.0,1.0
1013,56fe5be4b9dc5c77,True,1.0,1.0,0.796728264757308,1.0,1.0,1.0,0.9153034436488783
1014,ff412420037b524a,True,1.0,1.0,0.9622165107222721,1.0,1.0,1.0,0.9842568794676133
1015,7d2043fe1fd75586,True,1.0,1.0,0.888095539130173,1.0,1.0,1.0,0.9533731413042389
1016,66f9739ef19d5742,True,1.0,1.0,1.0,1.0,1.0,1.0,1.0
1017,128076b6be9a5209,True,1.0,1.0,0.7497496791542783,1.0,1.0,1.0,0.8957290329809493
1018,d89a663c15da5ce2,True,1.0,1.0,0.8865345555198239,1.0,1.0,1.0,0.9527227314665933
1019,5a7f3e30fe075a16,True,1.0,1.0,1.0,1.0,1.0,1.0,1.0
1020,c9f8032d2d725257,True,1.0,1.0,1.0,1.0,1.0,1.0,1.0
1021,152449b7967c541d,True,1.0,1.0,0.7428211804142529,1.0,1.0,1.0,0.8928421585059386
1022,72b0f2dcaf1f59a1,True,1.0,0.0,0.0,1.0,1.0,1.0,0.0
1023,c40ede27ed35520b,True,1.0,1.0,0.879698615806174,1.0,1.0,1.0,0.9498744232525725
1024,fe068f6ae8135412,True,1.0,1.0,0.8560195146532169,1.0,1.0,1.0,0.9400081311055071
1025,e96f254899095cf1,True,1.0,1.0,0.7220102607013248,1.0,1.0,1.0,0.8841709419588852
1026,9d626ce291e85889,True,1.0,1.0,1.0,1.0,1.0,1.0,1.0
1027,4c83b81ddcc757b1,True,1.0,1.0,0.8810940366342579,1.0,1.0,1.0,0.9504558485976075
1028,b1906c6b8b8f5f56,True,1.0,1.0,1.0,1.0,1.0,1.0,1.0
1029,a2c3aa64478d533b,True,1.0,1.0,0.5685149838388478,1.0,1.0,1.0,0.8202145765995198
1030,77b5e5af1c1057fc,True,1.0,1.0,0.8543128560868503,1.0,1.0,1.0,0.9392970233695209
1031,f3fd7b1cf6055ad5,True,1.0,1.0,0.7886569981478805,1.0,1.0,1.0,0.9119404158949501
1032,85936ccd1b405f4c,True,1.0,1.0,1.0,0.0,1.0,1.0,0.5833333333333334
1033,d789efd527395984,True,1.0,1.0,1.0,1.0,1.0,1.0,1.0
1034,57139af318a45873,True,1.0,1.0,1.0,1.0,1.0,1.0,1.0
1035,777328bf3a3d5e15,True,1.0,1.0,0.8027076009618855,1.0,1.0,1.0,0.917794833734119
1036,f9c6e1eadcf45c37,True,1.0,1.0,1.0,1.0,1.0,1.0,1.0
1037,c5b4ff1be8bb5113,True,1.0,1.0,0.8050144565537665,1.0,1.0,1.0,0.9187560235640694
1038,f73281d701fd56a6,True,1.0,1.0,0.8016391846773246,1.0,1.0,1.0,0.9173496602822185
1039,d60ec6837413567c,True,1.0,1.0,1.0,1.0,1.0,1.0,1.0
1040,62ebe5d1697f5b73,True,1.0,1.0,1.0,1.0,1.0,1.0,1.0
1041,b7648a9b27e7574e,True,1.0,1.0,0.8902423214716136,1.0,1.0,1.0,0.9542676339465057
1042,99e4c28a82735b10,True,1.0,1.0,0.5951925588540916,1.0,1.0,1.0,0.8313302328558715
1043,70847cda9b3d5b07,True,1.0,0.0,0.0,1.0,1.0,1.0,0.0
1044,9e2858dd989e5cc4,True,1.0,1.0,1.0,1.0,1.0,1.0,1.0
1045,d2fbab8bed795b5a,True,1.0,1.0,1.0,1.0,1.0,1.0,1.0
1046,a19d3096f2625fdb,True,1.0,1.0,1.0,1.0,1.0,1.0,1.0
1047,3251e54ebe415e5c,True,1.0,1.0,1.0,1.0,1.0,1.0,1.0
1048,f75d3314a8c85955,True,1.0,1.0,0.8365205745628411,1.0,1.0,1.0,0.9318835727345172
1049,085f9a1ec71b50c2,True,1.0,1.0,1.0,1.0,1.0,1.0,1.0
1050,fbe67126a4285628,True,1.0,0.0,0.0,1.0,1.0,1.0,0.0
1051,505f4ccbd00d5e99,True,1.0,1.0,0.7027849356070054,1.0,1.0,1.0,0.8761603898362522
1052,96c003cecfbd5a91,True,1.0,1.0,0.6903332053602902,1.0,1.0,1.0,0.870972168900121
1053,4749b2486da65268,True,1.0,1.0,1.0,1.0,1.0,1.0,1.0
1054,5250ee99c1f05d97,True,1.0,1.0,0.7663665081547341,1.0,1.0,1.0,0.9026527117311391
1055,dcb8fbfc6c1d5fd6,True,1.0,0.0,0.0,1.0,1.0,1.0,0.0
1056,0f97d412a94255ac,True,1.0,1.0,1.0,1.0,1.0,1.0,1.0
1057,30f959771e1e588d,True,1.0,1.0,0.7885664097609484,1.0,1.0,1.0,0.9119026707337285
1058,ce2de8af70e05a57,True,1.0,1.0,0.854120140819664,1.0,1.0,1.0,0.9392167253415268
1059,cc86bfa114035604,True,1.0,1.0,0.7779788080103918,1.0,1.0,1.0,0.90749117000433
1060,c370f836e3275da4,True,1.0,1.0,0.8980859745978534,1.0,1.0,1.0,0.9575358227491056
1061,0e4dac4154695627,True,1.0,1.0,0.7755223017985332,1.0,1.0,1.0,0.9064676257493889
1062,f6195258cc20552f,True,0.0,1.0,0.0,0.0,1.0,1.0,0.0
1063,a28af989d6ea5fe8,True,1.0,1.0,0.7525925601330697,1.0,1.0,1.0,0.8969135667221124
1064,45935e0787fd5a31,True,1.0,1.0,0.7966909061037247,1.0,1.0,1.0,0.9152878775432187
1065,a8ef1b08315752f3,True,1.0,1.0,1.0,1.0,1.0,1.0,1.0
1066,11568fab86df5183,True,1.0,0.0,0.0,1.0,1.0,1.0,0.0
1067,8eda03e314a456a4,True,1.0,1.0,1.0,1.0,1.0,1.0,1.0
1068,8f976b493bbc59b4,True,1.0,1.0,1.0,1.0,1.0,1.0,1.0
1069,7730f64417df5d47,True,1.0,1.0,0.8508346994771444,1.0,1.0,1.0,0.9378477914488101
1070,b036f9ef53cd5536,True,1.0,1.0,1.0,1.0,1.0,1.0,1.0
1071,838caf9ffb875248,True,1.0,1.0,0.7752805619187857,1.0,1.0,1.0,0.906366900799494
1072,cace9e6345445eee,True,1.0,0.0,0.0,1.0,1.0,0.5,0.0
1073,58169843acb45a62,True,1.0,1.0,0.9485386742879056,1.0,1.0,1.0,0.978557780953294
1074,e41740b9529753af,True,0.0,1.0,0.0,0.0,1.0,1.0,0.0
1075,7cb9260c8be35c5c,True,1.0,1.0,0.9324497342982391,1.0,1.0,1.0,0.9718540559575995
1076,db98c374c7e65602,True,1.0,1.0,1.0,1.0,1.0,1.0,1.0
1077,dc207d97e04f5ce1,True,1.0,1.0,1.0,1.0,1.0,1.0,1.0
1078,e9a6f39362ba53a3,True,1.0,1.0,0.9891766521121993,1.0,1.0,1.0,0.9954902717134164
1079,6f393be3019c508a,True,1.0,1.0,0.7752595109502892,1.0,1.0,1.0,0.9063581295626205
1080,7597912d2a175b46,True,1.0,1.0,1.0,1.0,1.0,1.0,1.0
1081,8ddef59113ee5c86,True,1.0,1.0,1.0,1.0,1.0,1.0,1.0
1082,cf693fb497155dee,True,1.0,1.0,0.7729794405102532,1.0,1.0,1.0,0.9054081002126054
1083,77dd24d1d09c5e50,True,1.0,1.0,0.911096209091741,1.0,1.0,1.0,0.9629567537882254
1084,0a73f089868458e4,True,1.0,1.0,1.0,1.0,1.0,1.0,1.0
1085,601c3cce2a215275,True,1.0,1.0,0.7359526812451779,1.0,1.0,1.0,0.8899802838521574
1086,0b23b3823c4d57da,True,1.0,1.0,0.6519178548294698,1.0,1.0,1.0,0.8549657728456124
1087,8fa565e2239853e3,True,1.0,1.0,0.5496618227249931,1.0,1.0,1.0,0.8123590928020805
1088,33c848df67305ec1,True,1.0,1.0,0.9272559607895677,1.0,1.0,1.0,0.96968998366232
1089,64bb182ef4035065,True,1.0,1.0,1.0,1.0,1.0,1.0,1.0
1090,555226e5142f50ed,True,1.0,1.0,1.0,1.0,1.0,1.0,1.0
1091,c1e76b8992fa5182,True,1.0,1.0,0.9230050949539218,1.0,1.0,1.0,0.9679187895641341
1092,0f2ee0e7661d5ccf,True,1.0,1.0,0.6433711190315232,1.0,1.0,1.0,0.8514046329298014
1093,e0f8a20a76c25e20,True,1.0,1.0,0.9193865839935838,1.0,1.0,1.0,0.9664110766639933
1094,13336a542595599f,True,1.0,1.0,1.0,1.0,1.0,1.0,1.0
1095,0c437f9a102c57f4,True,1.0,1.0,0.9354852483017233,1.0,1.0,1.0,0.9731188534590514
1096,c648574640a65934,True,1.0,1.0,0.8825200172814901,1.0,1.0,1.0,0.9510500072006209
1097,a46bfe77eed85821,True,1.0,1.0,0.8409785286744956,1.0,1.0,1.0,0.9337410536143732
1098,028d10ed5c105755,True,0.0,1.0,0.0,0.0,1.0,1.0,0.0
1099,6e575fd36c4d5de3,True,1.0,1.0,0.904681856372673,1.0,1.0,1.0,0.9602841068219471
1100,a61948a5dada537e,True,1.0,1.0,1.0,1.0,1.0,1.0,1.0
1101,30e7a7c93a225968,True,1.0,1.0,1.0,1.0,1.0,1.0,1.0
1102,b11b571fd6a35e9e,True,1.0,1.0,0.4769226881352848,1.0,1.0,1.0,0.7820511200563688
1103,6bd962139e2658da,True,1.0,1.0,0.6714626557267658,1.0,1.0,1.0,0.8631094398861524
1104,3f4cedf4897a568e,True,1.0,1.0,0.7096887314266151,1.0,1.0,1.0,0.8790369714277563
1105,de9f2e538b69576c,True,1.0,1.0,1.0,1.0,1.0,1.0,1.0
1106,0a50c123ca24584f,True,1.0,1.0,1.0,1.0,1.0,1.0,1.0
1107,489bb0ed93455b69,True,1.0,1.0,0.7845029104571353,1.0,1.0,1.0,0.9102095460238063
1108,435298980d7e5fb1,True,1.0,1.0,0.8030676911114053,1.0,1.0,1.0,0.9179448712964189
1109,87c5cdc6c5a45ef2,True,1.0,1.0,0.8896673347909755,1.0,1.0,1.0,0.9540280561629064
1110,84e5eb12cb6e54a6,True,1.0,1.0,0.8741849352345594,1.0,1.0,1.0,0.9475770563477331
1111,f19d96f947fa52d9,True,1.0,1.0,1.0,1.0,1.0,1.0,1.0
1112,f2d7208949535747,True,1.0,1.0,0.6118864220880899,1.0,1.0,1.0,0.8382860092033707
1113,f7a5f237abcd5b04,True,1.0,1.0,0.9665669979968118,0.0,1.0,1.0,0.569402915832005
1114,b821203c112455cb,True,1.0,1.0,1.0,1.0,1.0,1.0,1.0
1115,ced4cade3bea53e7,True,1.0,1.0,1.0,1.0,1.0,1.0,1.0
1116,5c4f8e6a644258d3,True,0.5,0.0,0.0,0.0,1.0,1.0,0.0
1117,715cff26bcee5d6a,True,1.0,1.0,0.897838422555094,1.0,1.0,1.0,0.9574326760646225
1118,53a7531622255064,True,1.0,1.0,1.0,1.0,1.0,1.0,1.0
1119,e4553dc9b5725cb7,True,1.0,1.0,1.0,1.0,1.0,1.0,1.0
1120,3b0cda86b999528c,True,1.0,1.0,0.6102464438355609,1.0,1.0,1.0,0.8376026849314838
1121,d9bbf36a9fca56a9,True,1.0,1.0,0.9372408819064629,1.0,1.0,1.0,0.9738503674610263
1122,67abcf0964415891,True,1.0,1.0,1.0,1.0,1.0,1.0,1.0
1123,b1bb3b767e405b79,True,1.0,1.0,0.8499170681333176,1.0,1.0,1.0,0.937465445055549
1124,952c1875f64057b9,True,1.0,1.0,0.8116095105490106,1.0,1.0,1.0,0.9215039627287545
1125,8569121235665be9,True,1.0,1.0,0.7379316567960644,1.0,1.0,1.0,0.8908048569983601
1126,4d48843c558b5807,True,1.0,1.0,1.0,1.0,1.0,1.0,1.0
1127,30d5d8dfd52451a9,True,1.0,1.0,1.0,1.0,1.0,1.0,1.0
1128,f08f205e15975d97,True,1.0,1.0,0.8578669294616705,1.0,1.0,1.0,0.9407778872756961
1129,dcf6caabbee354f7,True,1.0,1.0,0.8264462141367012,1.0,1.0,1.0,0.9276859225569588
1130,8d9d0d3caa9b5905,True,1.0,1.0,1.0,1.0,1.0,1.0,1.0
1131,e25ab8d2df785bf3,True,1.0,1.0,0.6652702730184865,1.0,1.0,1.0,0.8605292804243693
1132,ae6787095e5e545a,True,1.0,1.0,0.9833922995170519,1.0,1.0,1.0,0.9930801247987716
1133,e247c988c28957fc,True,1.0,1.0,0.824087010897263,1.0,1.0,1.0,0.9267029212071929
1134,1bd8492a6487562f,True,1.0,1.0,1.0,1.0,1.0,1.0,1.0
1135,d2777b7b71325a67,True,1.0,1.0,0.7914158410881228,1.0,1.0,1.0,0.9130899337867179
1136,ff44394af7265df3,True,1.0,1.0,0.6473234018229365,1.0,1.0,1.0,0.8530514174262235
1137,0a3da14f3cba564a,True,1.0,1.0,0.7390150406864474,1.0,1.0,1.0,0.8912562669526864
1138,025b657634505df3,True,1.0,1.0,1.0,1.0,1.0,1.0,1.0
1139,b5b57305df6f5b99,True,1.0,1.0,1.0,1.0,1.0,1.0,1.0
1140,555ac2e13627529e,True,1.0,1.0,1.0,1.0,1.0,1.0,1.0
1141,530176929c015182,True,1.0,0.0,0.0,1.0,1.0,1.0,0.0
1142,878f3ddae1b7550f,True,1.0,1.0,0.8979809626760178,1.0,1.0,1.0,0.9574920677816742
1143,9833f2646439513e,True,1.0,1.0,1.0,1.0,1.0,1.0,1.0
1144,d7ba299450ae53e2,True,1.0,1.0,0.7659923525994757,1.0,1.0,1.0,0.9024968135831148
1145,557a287c11cc5960,True,1.0,1.0,1.0,1.0,1.0,1.0,1.0
1146,7df1cd3745675ca9,True,1.0,1.0,0.9974444936963688,0.0,1.0,1.0,0.5822685390401536
1147,fd02cd78f5b55d6f,True,1.0,1.0,0.5492821529405932,1.0,1.0,1.0,0.8122008970585806
1148,0b714952ea0b5017,True,1.0,1.0,0.8066950238716445,1.0,1.0,1.0,0.9194562599465185
1149,f199bfb931d65f4f,True,1.0,1.0,1.0,1.0,1.0,1.0,1.0
1150,76476276b198570d,True,1.0,1.0,0.7359851668775746,1.0,1.0,1.0,0.8899938195323228
1151,fc0d0363cab85e22,True,1.0,1.0,0.7583328449022991,1.0,1.0,1.0,0.8993053520426247
1152,1d3700dc6c9950e0,True,1.0,1.0,0.5268274181447199,1.0,1.0,1.0,0.8028447575602998
1153,852255373f315fb6,True,1.0,1.0,0.9064085942079777,1.0,1.0,1.0,0.9610035809199907
1154,fc48d9805c955217,True,1.0,1.0,1.0,1.0,1.0,1.0,1.0
1155,85229d62b0965482,True,1.0,1.0,0.9281312939334662,1.0,1.0,1.0,0.9700547058056109
1156,e63d12285d215a4f,True,1.0,1.0,1.0,1.0,1.0,1.0,1.0
1157,59f118e966905d1e,True,1.0,1.0,1.0,1.0,1.0,1.0,1.0
1158,04a6f384cd2056c1,True,1.0,1.0,0.7495662543670931,1.0,1.0,1.0,0.8956526059862888
1159,e742fc9deaac5321,True,1.0,1.0,0.8627400361192639,1.0,1.0,1.0,0.9428083483830266
1160,c1cc5d15c3f554e3,True,1.0,1.0,1.0,1.0,1.0,1.0,1.0
1161,7dac1567fa8d574c,True,1.0,1.0,0.6475434341898091,1.0,1.0,1.0,0.8531430975790871
1162,18d232e64db55ba9,True,1.0,1.0,0.8876768124830302,1.0,1.0,1.0,0.9531986718679293
1163,206ccbdfb1e25bf2,True,1.0,1.0,0.969567925594012,1.0,1.0,0.0,0.9873199689975051
1164,04fbbb5817255f30,True,1.0,1.0,1.0,0.0,1.0,1.0,0.5833333333333334
1165,887c38b0c24d5b51,True,1.0,1.0,0.8663764921060134,1.0,1.0,1.0,0.9443235383775056
1166,31091c3173c6596a,True,1.0,1.0,1.0,1.0,1.0,1.0,1.0
1167,8d27ff75eeb1559e,True,1.0,1.0,0.9112427397272344,1.0,1.0,1.0,0.9630178082196809
1168,e631898f3f38551c,True,1.0,1.0,0.8817653604463555,1.0,1.0,1.0,0.9507355668526482
1169,250e6e2e6a9d5ee8,True,1.0,1.0,1.0,1.0,1.0,1.0,1.0
1170,29d075e26b5156fc,True,1.0,1.0,1.0,1.0,1.0,1.0,1.0
1171,814b5e08c20e57af,True,1.0,1.0,1.0,1.0,1.0,1.0,1.0
1172,e8bc2f6b295e5867,True,1.0,1.0,0.898898720600251,1.0,1.0,1.0,0.9578744669167712
1173,c20a7d6f7c9e5379,True,1.0,0.0,0.0,1.0,1.0,1.0,0.0
1174,e5d133c0ed5b51f6,True,1.0,1.0,1.0,1.0,1.0,1.0,1.0
1175,76cf7bb2e9625482,True,1.0,1.0,0.8588509809649336,1.0,1.0,1.0,0.941187908735389
1176,7af7ff61308e5e5c,True,1.0,1.0,0.7480121210981493,1.0,1.0,1.0,0.8950050504575623
1177,fac5b39e58445a31,True,1.0,0.0,0.0,1.0,1.0,1.0,0.0
1178,352290f8ed8e572e,True,1.0,1.0,1.0,1.0,1.0,1.0,1.0
1179,96fd45b48c8b5e18,True,1.0,1.0,0.7138781009317076,1.0,1.0,1.0,0.8807825420548782
1180,ae68b10cd5085e7c,True,1.0,1.0,0.8708336717291518,1.0,1.0,1.0,0.9461806965538132
1181,8a8732cf61dd5452,True,1.0,1.0,0.6541582076663965,1.0,1.0,1.0,0.8558992531943318
1182,93e2f4fc13a35269,True,1.0,1.0,0.8841663109514282,1.0,1.0,1.0,0.9517359628964285
1183,3f265d778b65596b,True,0.0,1.0,0.0,0.0,1.0,1.0,0.0
1184,f4991b521fa15f17,True,1.0,1.0,0.2809570025864082,1.0,1.0,1.0,0.7003987510776701
1185,0dd3297ee86d56c9,True,1.0,1.0,1.0,0.0,1.0,1.0,0.5833333333333334
1186,d37cdaefc82d5cb2,True,1.0,1.0,1.0,1.0,1.0,1.0,1.0
1187,498bf3fdec5e5506,True,1.0,1.0,1.0,1.0,1.0,1.0,1.0
1188,77ae9dba6f05550d,True,1.0,1.0,0.7889289232037934,1.0,1.0,1.0,0.9120537180015805
1189,26e7a31dd615509c,True,1.0,1.0,0.9357648840852856,1.0,1.0,1.0,0.9732353683688689
1190,4738ed6a4f665c01,True,1.0,1.0,1.0,1.0,1.0,1.0,1.0
1191,2db75185de1d5763,True,1.0,1.0,0.999713251084631,0.0,1.0,1.0,0.5832138546185962
1192,51a384b48ace570a,True,1.0,1.0,0.8506028191414591,1.0,1.0,1.0,0.9377511746422748
1193,d9f67f2d224a5aaf,True,1.0,1.0,1.0,1.0,1.0,1.0,1.0
1194,e052a41759445a28,True,1.0,1.0,0.5773257468020118,1.0,1.0,1.0,0.8238857278341717
1195,314c032aadbd5011,True,1.0,1.0,0.9203691922723413,1.0,1.0,1.0,0.9668204967801423
1196,c5bec7e4a75f5ca1,True,1.0,1.0,1.0,1.0,1.0,1.0,1.0
1197,40508dfbe0f35d8e,True,1.0,1.0,0.8251579692563288,1.0,1.0,1.0,0.9271491538568037
1198,80a4b14aef3f5a52,True,1.0,1.0,1.0,1.0,1.0,1.0,1.0
1199,4291f43bae455b98,True,1.0,1.0,0.8918099638772263,1.0,1.0,1.0,0.9549208182821776
1200,0179d579d30e588c,True,1.0,1.0,0.6405520586393767,1.0,1.0,1.0,0.8502300244330736
1201,dffc6ff890745dbe,True,1.0,1.0,0.5931543446975212,1.0,1.0,1.0,0.8304809769573005
1202,a39ec7322394565f,True,1.0,1.0,0.8977058851818667,1.0,1.0,1.0,0.9573774521591112
1203,398326681cd7500a,True,1.0,1.0,0.9131590394444398,1.0,1.0,1.0,0.9638162664351833
1204,fe789ce80d4f5b2e,True,1.0,0.0,0.0,1.0,1.0,1.0,0.0
1205,c471f8a9626d5f11,True,1.0,1.0,0.43738927975054515,1.0,1.0,1.0,0.7655788665627271
1206,e3d7979e2cfb5441,True,1.0,1.0,1.0,1.0,1.0,1.0,1.0
1207,2cae5f08e11a5dbd,True,1.0,1.0,0.9082629308117465,1.0,1.0,1.0,0.961776221171561
1208,0c77bbb199f3589f,True,1.0,1.0,1.0,1.0,1.0,1.0,1.0
1209,a65539b18da350df,True,1.0,0.0,0.0,1.0,1.0,1.0,0.0
1210,d8c6aedcb54a56fb,True,1.0,1.0,0.7758776127293827,1.0,1.0,1.0,0.9066156719705761
1211,11f0b99dbce15be4,True,1.0,1.0,0.9832316168414947,1.0,1.0,1.0,0.9930131736839561
1212,433a4b88d64350dd,True,1.0,1.0,0.6706252538636229,1.0,1.0,1.0,0.8627605224431761
1213,ef9d931830115c03,True,1.0,1.0,0.9316956005888734,1.0,1.0,1.0,0.9715398335786972
1214,5102468ad3745c60,True,1.0,1.0,1.0,1.0,1.0,1.0,1.0
1215,c4884a363f805a18,True,1.0,1.0,0.9929409980979437,1.0,1.0,1.0,0.9970587492074765
1216,000926dda92d592d,True,1.0,1.0,0.8485966144035593,1.0,1.0,1.0,0.9369152560014831
1217,4800c57e89db5eae,True,1.0,1.0,1.0,1.0,1.0,1.0,1.0
1218,1a099ccfccfa567f,True,1.0,1.0,1.0,1.0,1.0,1.0,1.0
1219,6a5c90faa1cc5f03,True,1.0,1.0,0.778723397556313,1.0,1.0,1.0,0.9078014156484637
1220,f8ded55c8f855116,True,1.0,1.0,1.0,1.0,1.0,1.0,1.0
1221,50628427853659fc,True,1.0,1.0,0.7416567504308164,1.0,1.0,1.0,0.8923569793461734
1222,020ba7462c6f52b3,True,1.0,1.0,1.0,1.0,1.0,1.0,1.0
1223,51bf8103b6cd5b4c,True,0.5,0.0,0.0,0.0,1.0,0.5,0.0
1224,75857e1f177b5af4,True,1.0,1.0,0.6281479247806151,1.0,1.0,1.0,0.8450616353252562
1225,b27bb0eced055858,True,1.0,1.0,1.0,1.0,1.0,1.0,1.0
1226,c44755b18af45385,True,1.0,1.0,1.0,1.0,1.0,1.0,1.0
1227,93080b4cb0435e4a,True,1.0,1.0,0.8069382408375807,1.0,1.0,1.0,0.919557600348992
1228,ac04f9fd4233550c,True,1.0,1.0,0.854285965324252,1.0,1.0,1.0,0.939285818885105
1229,a59aff81f75759ff,True,1.0,1.0,1.0,1.0,1.0,1.0,1.0
1230,51b0141596d15905,True,1.0,1.0,0.6989552938782034,1.0,1.0,1.0,0.8745647057825847
1231,fa7f471f19aa5806,True,1.0,1.0,0.9006517147207728,1.0,1.0,1.0,0.9586048811336553
1232,b930ed8abf2b5e8d,True,1.0,1.0,1.0,1.0,1.0,1.0,1.0
1233,58d40da0cce05d8c,True,1.0,1.0,0.8895512995749953,1.0,1.0,1.0,0.9539797081562481
1234,26ffff4876f75eed,True,1.0,1.0,1.0,1.0,1.0,0.5,1.0
1235,fcb4f430c99050b3,True,1.0,1.0,1.0,1.0,1.0,1.0,1.0
1236,bcc94c5142785550,True,1.0,1.0,0.8171265163129828,1.0,1.0,1.0,0.9238027151304095
1237,175fc3cad7805262,True,1.0,1.0,0.8146283963070118,1.0,1.0,1.0,0.9227618317945883
1238,458aff4d43725bd3,True,1.0,1.0,1.0,1.0,1.0,1.0,1.0
1239,75a76122cf43569e,True,1.0,1.0,0.828223936534665,1.0,1.0,1.0,0.928426640222777
1240,5fe06174763b5c36,True,1.0,1.0,0.8779652780034565,1.0,1.0,1.0,0.949152199168107
1241,86cad912457d5115,True,1.0,1.0,1.0,1.0,1.0,1.0,1.0
1242,834a23e3dd25542c,True,1.0,1.0,0.8530730739235397,1.0,1.0,1.0,0.9387804474681415
1243,e9bb1dab462252e9,True,1.0,1.0,0.9404490376198237,1.0,1.0,1.0,0.9751870990082598
1244,0a6e90cccbb15213,True,1.0,1.0,0.8584446868779426,1.0,1.0,1.0,0.9410186195324761
1245,2a06b778a64b545e,True,1.0,1.0,0.8843550524160574,1.0,1.0,1.0,0.9518146051733573
1246,8aae579b8090538a,True,1.0,1.0,0.6367009309558075,1.0,1.0,1.0,0.8486253878982531
1247,3972714235c35bcc,True,1.0,1.0,1.0,1.0,1.0,1.0,1.0
1248,2b34624bf9455480,True,1.0,1.0,0.8923581883165503,1.0,1.0,1.0,0.955149245131896
1249,0af464147919575d,True,1.0,1.0,1.0,1.0,1.0,1.0,1.0
1250,9eb02188c5505fe1,True,1.0,1.0,0.6690600185673431,1.0,1.0,1.0,0.8621083410697263
1251,3c114912e4cf590c,True,1.0,1.0,0.9590915617410449,1.0,1.0,1.0,0.982954817392102
1252,aeeba19e19c35ccb,True,1.0,1.0,0.7917222600123599,1.0,1.0,1.0,0.9132176083384834
1253,616ca25e91ac5136,True,1.0,1.0,0.9861033076421539,1.0,1.0,1.0,0.9942097115175641
1254,1b18327179f15a8f,True,1.0,1.0,0.7871402536940642,1.0,1.0,1.0,0.9113084390391935
1255,91f7454802305af8,True,1.0,1.0,0.8023573129318881,1.0,1.0,1.0,0.9176488803882866
1256,143234de18d5587f,True,1.0,1.0,1.0,1.0,1.0,1.0,1.0
1257,e5abdd8b726e5a2f,True,1.0,1.0,1.0,1.0,1.0,1.0,1.0
1258,dafc83b1558053e9,True,1.0,1.0,1.0,1.0,1.0,1.0,1.0
1259,2928cfbed3d15000,True,1.0,1.0,1.0,1.0,1.0,1.0,1.0
1260,a5d23e7aa6265f80,True,1.0,1.0,0.8087087443374781,1.0,1.0,1.0,0.9202953101406158
1261,6322316826a2547a,True,1.0,1.0,0.7608099050068274,1.0,1.0,1.0,0.9003374604195115
1262,0d391852df3f5737,True,1.0,1.0,0.9988399793420606,1.0,1.0,1.0,0.9995166580591919
1263,1e0c13bae35a50b3,True,1.0,1.0,0.9178996423972563,1.0,1.0,1.0,0.9657915176655235
1264,cf9af12edb535bc0,True,1.0,1.0,0.8302116584511692,1.0,1.0,1.0,0.9292548576879872
1265,ed2a869a8d1c5eb7,True,1.0,1.0,0.796135438470339,1.0,1.0,1.0,0.9150564326959746
1266,73bf16c0312158a2,True,1.0,1.0,0.9218022909169913,1.0,1.0,1.0,0.967417621215413
1267,99dae52a2a6451da,True,1.0,1.0,0.7262683000718615,1.0,1.0,1.0,0.8859451250299424
1268,42032a0cedd95dc9,True,1.0,1.0,1.0,1.0,1.0,1.0,1.0
1269,db817c126780531f,True,1.0,1.0,0.7037525458146618,1.0,1.0,1.0,0.8765635607561091
1270,99889a4679b15509,True,1.0,1.0,1.0,1.0,1.0,1.0,1.0
1271,626859d4351b5ffe,True,1.0,1.0,0.8931310711632234,1.0,1.0,1.0,0.9554712796513432
1272,75cfb9c37e425214,True,1.0,1.0,0.8903000732513228,1.0,1.0,1.0,0.9542916971880512
1273,ee69970ae6f85870,True,1.0,1.0,1.0,1.0,1.0,1.0,1.0
1274,4020785f2bf55d0b,True,1.0,1.0,0.7882226158243534,1.0,1.0,1.0,0.9117594232601473
1275,b9f4efacc7695435,True,1.0,0.0,0.0,1.0,1.0,1.0,0.0
1276,d142ab856b7653df,True,1.0,1.0,0.8163995101286012,1.0,1.0,1.0,0.9234997958869172
1277,110d0ce0345d5113,True,1.0,1.0,0.8052025675875573,1.0,1.0,1.0,0.9188344031614822
1278,e1db7cf1ba505f99,True,1.0,1.0,0.7896789202373135,1.0,1.0,1.0,0.9123662167655473
1279,3068d16e627b5e69,True,1.0,1.0,0.8215794432930122,1.0,1.0,1.0,0.9256581013720885
1280,b11992c2f91d5188,True,1.0,1.0,0.872770346661836,1.0,1.0,1.0,0.9469876444424316
1281,f5f173ece87c5c11,True,1.0,0.0,0.0,1.0,1.0,1.0,0.0
1282,a0b67d1ac0c35d26,True,1.0,1.0,1.0,1.0,1.0,1.0,1.0
1283,cd1304eac1a25f00,True,1.0,1.0,0.9386089124321083,1.0,1.0,1.0,0.9744203801800451
1284,c091585789c859db,True,0.0,1.0,0.0,0.0,1.0,1.0,0.0
1285,44f6f13541dd526e,True,1.0,1.0,0.858555328153754,1.0,1.0,1.0,0.9410647200640643
1286,1a1b315baec45bc3,True,1.0,1.0,1.0,1.0,1.0,1.0,1.0
1287,1e241714a35658ff,True,1.0,1.0,1.0,1.0,1.0,1.0,1.0
1288,e87f90ab04a25be9,True,1.0,1.0,0.8118270104600765,1.0,1.0,1.0,0.9215945876916987
1289,2bf94996d2325e20,True,1.0,1.0,0.8466963535456103,1.0,1.0,1.0,0.9361234806440043
1290,dd9750d89740502d,True,1.0,1.0,0.9636895194210578,1.0,1.0,1.0,0.9848706330921075
1291,a70f950103b558b9,True,1.0,0.0,0.0,1.0,1.0,0.0,0.0
1292,34f2427ba79a587b,True,1.0,1.0,0.8452590039765732,1.0,1.0,1.0,0.9355245849902388
1293,6ae2bcc5c2c050e4,True,1.0,1.0,1.0,0.0,1.0,1.0,0.5833333333333334
1294,45c1c24ad1d35bfb,True,1.0,1.0,0.7209721104196215,1.0,1.0,1.0,0.883738379341509
1295,acb57a529dae5da1,True,1.0,1.0,0.8032205973996729,1.0,1.0,1.0,0.9180085822498637
1296,5252cad32bf358b2,True,1.0,1.0,0.5533636313418924,1.0,1.0,1.0,0.8139015130591218
1297,0cd0aaeb35c95094,True,1.0,1.0,0.9125241007677988,1.0,1.0,1.0,0.9635517086532494
1298,6404a27bddb85488,True,1.0,1.0,1.0,0.0,1.0,1.0,0.5833333333333334
1299,2e1d4bde0a16514b,True,1.0,1.0,0.8035302311527744,1.0,1.0,1.0,0.918137596313656
1300,9a0b762c08af59f8,True,1.0,1.0,0.6123988087564878,1.0,1.0,1.0,0.8384995036485366
1301,df92aab39a395584,True,1.0,1.0,1.0,1.0,1.0,1.0,1.0
1302,0f8d3b14831a5ccc,True,1.0,0.0,0.0,1.0,1.0,1.0,0.0
1303,57d9e7f9125751e2,True,1.0,1.0,0.8651346892329248,1.0,1.0,1.0,0.9438061205137186
1304,1541f285d1525ca0,True,1.0,1.0,1.0,1.0,1.0,1.0,1.0
1305,2ad04beca6e65771,True,1.0,1.0,0.9061189169222282,1.0,1.0,1.0,0.9608828820509284
1306,b20e8629283e540c,True,1.0,1.0,0.6273002916921748,1.0,1.0,1.0,0.8447084548717395
1307,3380ae828ea75d1e,True,0.0,1.0,0.0,0.0,1.0,0.0,0.0
1308,b9d14f59883a5496,True,1.0,0.0,0.0,0.0,1.0,1.0,0.0
1309,7b73da0bb98b5e56,True,1.0,1.0,0.8484233456364476,1.0,1.0,1.0,0.9368430606818533
1310,45e9a0bc222452bf,True,1.0,1.0,0.9764678690614121,1.0,1.0,1.0,0.9901949454422551
1311,f952ad55ab565465,True,1.0,1.0,0.8422470991008615,1.0,1.0,1.0,0.934269624625359
1312,7abf60c1594953cf,True,1.0,1.0,0.9524836277514608,1.0,1.0,1.0,0.9802015115631088
1313,4434242a192c58b4,True,1.0,1.0,1.0,0.0,1.0,1.0,0.5833333333333334
1314,3284cc6a78b05b9e,True,1.0,1.0,0.6822883838441535,1.0,1.0,1.0,0.8676201599350639
1315,310ef687176e5160,True,1.0,1.0,1.0,1.0,1.0,1.0,1.0
1316,1558511dc7b45b86,True,1.0,1.0,0.9814750155091027,1.0,1.0,1.0,0.9922812564621261
1317,5041cdf76ecb5ee7,True,1.0,1.0,0.650856644442241,1.0,1.0,1.0,0.8545236018509338
1318,1cf59919c4f15605,True,1.0,1.0,0.7931845754176863,1.0,1.0,1.0,0.913826906424036
1319,83242e2595a85111,True,1.0,1.0,0.847862744392035,1.0,1.0,1.0,0.9366094768300147
1320,943cbb2398a150b4,True,1.0,1.0,0.8749812715202918,1.0,1.0,1.0,0.9479088631334549
1321,6c62956221e4511e,True,1.0,1.0,0.8432612540301291,1.0,1.0,1.0,0.9346921891792205
1322,c9cf4a630abf5bc7,True,1.0,1.0,1.0,1.0,1.0,1.0,1.0
1323,1fdff45f05055069,True,1.0,0.0,0.0,1.0,1.0,1.0,0.0
1324,c2cb368d78e858c7,True,1.0,1.0,0.7729540545881834,1.0,1.0,1.0,0.9053975227450763
1325,f5c4d4a66e13514d,True,1.0,1.0,0.8529234050535315,1.0,1.0,1.0,0.9387180854389715
1326,6688db9c3a425bb6,True,1.0,1.0,0.7284210150051791,1.0,1.0,1.0,0.8868420895854913
1327,e4ad471729c65fc9,True,1.0,1.0,0.9691592576408917,1.0,1.0,1.0,0.9871496906837048
1328,6dc36068505c5de2,True,1.0,1.0,1.0,1.0,1.0,1.0,1.0
1329,574b305b50435885,True,1.0,1.0,1.0,1.0,1.0,1.0,1.0
1330,4a681a6497d35e68,True,1.0,1.0,1.0,1.0,1.0,1.0,1.0
1331,97181536d6be5368,True,1.0,1.0,0.7033684114409695,1.0,1.0,0.5,0.8764035047670706
1332,fa6480e0a896514c,True,1.0,1.0,1.0,1.0,1.0,1.0,1.0
1333,b44d5d0d2d1b531e,True,0.0,1.0,0.0,0.0,1.0,1.0,0.0
1334,870da24dc798525e,True,1.0,1.0,0.8416285855400673,1.0,1.0,1.0,0.9340119106416948
1335,24ce107c0e75533a,True,1.0,1.0,0.5657250021572251,1.0,1.0,1.0,0.8190520842321772
1336,48f00d40d416591d,True,1.0,1.0,1.0,1.0,1.0,1.0,1.0
1337,e1e8aae3165c5652,True,1.0,1.0,0.7857535200293186,1.0,1.0,1.0,0.9107306333455494
1338,c6d6faaea8915ef2,True,0.5,0.0,0.0,0.0,1.0,1.0,0.0
1339,9e1cdfa2d2185645,True,1.0,1.0,0.763117752170103,1.0,1.0,1.0,0.9012990634042096
1340,cd701e198d595e2b,True,1.0,1.0,0.7181285398827588,1.0,1.0,1.0,0.8825535582844829
1341,50e5a63ba7ac5d51,True,1.0,1.0,1.0,1.0,1.0,1.0,1.0
1342,69486575fad551b7,True,1.0,1.0,0.9489895504771522,1.0,1.0,1.0,0.9787456460321468
1343,38f3b89b93ba5032,True,1.0,1.0,0.782119931542404,1.0,1.0,1.0,0.9092166381426683
1344,0d0972c70bd955cc,True,1.0,1.0,0.8247508626391227,1.0,1.0,1.0,0.9269795260996344
1345,bbb2fd3f27635227,True,1.0,0.0,0.0,1.0,1.0,1.0,0.0
1346,f3572fcbcd285f1e,True,1.0,0.0,0.0,1.0,1.0,1.0,0.0
1347,b4d19eea031f50ac,True,1.0,1.0,0.9133451916349512,1.0,1.0,1.0,0.9638938298478964
1348,80cbc88e2410561e,True,1.0,1.0,0.6075195531961669,1.0,1.0,1.0,0.8364664804984029
1349,7320f05fb6675c76,True,1.0,1.0,0.6742086985994088,0.0,1.0,1.0,0.4475869577497537
1350,49c2b08936335901,True,1.0,1.0,0.7762510572425808,1.0,1.0,1.0,0.9067712738510753
1351,a417154cf84a5426,True,1.0,1.0,1.0,1.0,1.0,1.0,1.0
1352,1bddf6b0b25e5de4,True,1.0,1.0,1.0,1.0,1.0,1.0,1.0
1353,6d7d043389ac52c5,True,1.0,0.0,0.0,1.0,1.0,1.0,0.0
1354,51d4ce9889525c4f,True,1.0,1.0,0.7756803660176331,1.0,1.0,1.0,0.9065334858406805
1355,255caf4a6fb2584a,True,1.0,1.0,0.7562825217138384,1.0,1.0,1.0,0.8984510507140993
1356,f72ccf055618500a,True,1.0,1.0,0.7905334105534235,1.0,1.0,1.0,0.9127222543972598
1357,e536fdecd7ba54a5,True,1.0,1.0,0.8114008793559481,1.0,1.0,1.0,0.9214170330649784
1358,f9bce7199ad8555d,True,1.0,1.0,1.0,1.0,1.0,1.0,1.0
1359,0f65bd2bac90534a,True,1.0,1.0,0.8656228577573225,0.0,0.0,1.0,0.36067619073221774
1360,8d86cfd038145f2a,True,1.0,1.0,0.8606748227268901,1.0,1.0,1.0,0.9419478428028709
1361,6a0cdff04e6b596e,True,1.0,1.0,0.9543407829954903,1.0,1.0,1.0,0.9809753262481209
1362,460110d5a345522d,True,1.0,1.0,1.0,1.0,1.0,1.0,1.0
1363,28d91d7116785bf9,True,1.0,1.0,0.8016408220406005,1.0,1.0,1.0,0.9173503425169169
1364,92079b2eb4675c0d,True,1.0,1.0,0.7187574983192975,1.0,1.0,1.0,0.8828156242997073
1365,f1bd1724d07957cc,True,1.0,0.0,0.0,0.0,1.0,1.0,0.0
1366,b46f5915049e52a5,True,1.0,1.0,0.8606603718457265,1.0,1.0,1.0,0.941941821602386
1367,0868436794795421,True,1.0,1.0,0.7159141854003815,1.0,1.0,1.0,0.8816309105834922
1368,919ee41f5fa65358,True,1.0,0.0,0.0,1.0,1.0,1.0,0.0
1369,76b4369e21a15a7a,True,1.0,1.0,1.0,1.0,1.0,1.0,1.0
1370,e3608421b9825fbd,True,1.0,1.0,1.0,1.0,1.0,1.0,1.0
1371,7f86145a2a8a514b,True,1.0,0.0,0.0,1.0,1.0,1.0,0.0
1372,712bbcdd69af5f26,True,1.0,1.0,0.8736053944205842,1.0,1.0,1.0,0.9473355810085767
1373,662cb541b8db54a1,True,1.0,0.0,0.0,1.0,1.0,1.0,0.0
1374,a911eef9f873522a,True,1.0,1.0,0.7846366370358837,1.0,1.0,1.0,0.9102652654316182
1375,4acc5a24f48858ae,True,1.0,1.0,1.0,1.0,1.0,1.0,1.0
1376,25000ee050145f13,True,1.0,0.0,0.0,1.0,1.0,1.0,0.0
1377,1a9928bcc34451aa,True,1.0,1.0,1.0,1.0,1.0,1.0,1.0
1378,595909c413ac56dd,True,1.0,0.0,0.0,1.0,1.0,1.0,0.0
1379,40843dcbac9d5c2e,True,1.0,1.0,0.5299191975279564,1.0,1.0,1.0,0.8041329989699818
1380,d76955208924513a,True,1.0,1.0,0.8379769863375743,1.0,1.0,1.0,0.9324904109739892
1381,5c4c3448f7a1517f,True,1.0,0.0,0.0,1.0,1.0,0.0,0.0
1382,5c7513fea7b45963,True,1.0,1.0,1.0,1.0,1.0,1.0,1.0
1383,00c893a01244562c,True,1.0,1.0,0.5538307772525959,1.0,1.0,1.0,0.8140961571885817
1384,6361bbead79c5ac2,True,1.0,0.0,0.0,1.0,1.0,1.0,0.0
1385,973f0873af40574e,True,1.0,1.0,0.8861024260983983,1.0,1.0,1.0,0.9525426775409992
1386,8ca47b84db7053a8,True,1.0,1.0,1.0,1.0,1.0,1.0,1.0
1387,8183cdc6ff5a5726,True,1.0,1.0,0.7617198448679835,1.0,1.0,1.0,0.9007166020283265
1388,e66b1160e38f5483,True,1.0,1.0,0.7667892844765087,1.0,1.0,1.0,0.9028288685318787
1389,3336f42a7e175d0b,True,1.0,1.0,0.9198950985678181,1.0,1.0,1.0,0.9666229577365909
1390,c7e06d79e58454ae,True,1.0,1.0,1.0,1.0,1.0,1.0,1.0
1391,1f174dcc44335ad6,True,1.0,1.0,0.8104149466261971,1.0,1.0,1.0,0.9210062277609156
1392,b354451e4f8859f9,True,1.0,1.0,0.7650603483742766,1.0,1.0,1.0,0.902108478489282
1393,de22e3d2143f51f7,True,1.0,1.0,0.8334585595940963,1.0,1.0,1.0,0.9306077331642069
1394,f0297d1838cd5b1f,True,1.0,1.0,0.7185716484099673,1.0,1.0,1.0,0.8827381868374863
1395,5012cae5e4fc57a1,True,1.0,1.0,1.0,1.0,1.0,1.0,1.0
1396,1ed78a92956f5c5c,True,1.0,1.0,0.9116998089848565,1.0,1.0,1.0,0.9632082537436902
1397,3d744662757d5ca2,True,1.0,1.0,0.9149927046749545,1.0,1.0,1.0,0.9645802936145644
1398,b9c8a72571a85792,True,1.0,1.0,0.9855240162419168,1.0,1.0,1.0,0.9939683401007987
1399,bbc1735031c25ff7,True,1.0,1.0,0.6125008799337258,1.0,1.0,1.0,0.8385420333057191
1400,35ceec8930305499,True,1.0,1.0,0.9618183750463453,1.0,1.0,1.0,0.9840909896026439
1401,79e7ccb136775266,True,1.0,1.0,0.8193422873656506,1.0,1.0,1.0,0.9247259530690211
1402,baf11c6f018d56f9,True,1.0,1.0,0.7923832123218113,1.0,1.0,1.0,0.913493005134088
1403,a9f639a57ac75fa5,True,1.0,1.0,0.7229442372504916,1.0,1.0,1.0,0.8845600988543715
1404,99c561c0507851d8,True,1.0,1.0,0.9798887495338205,1.0,1.0,1.0,0.9916203123057586
1405,3fac271cd0795af0,True,1.0,1.0,0.7923438211685522,1.0,1.0,1.0,0.9134765921535634
1406,9e787f2f65a85f08,True,1.0,0.0,0.0,1.0,1.0,1.0,0.0
1407,720c4f312c0f529e,True,1.0,1.0,1.0,1.0,1.0,1.0,1.0
1408,b88e5601e3055bd8,True,1.0,1.0,1.0,1.0,1.0,1.0,1.0
1409,a1ef22ffca3a5993,True,1.0,1.0,1.0,1.0,1.0,1.0,1.0
1410,42d2414f92c651bf,True,1.0,1.0,1.0,1.0,1.0,0.5,1.0
1411,315aedf84f9f59c3,True,1.0,1.0,1.0,1.0,1.0,1.0,1.0
1412,a612f42e6f9d592e,True,1.0,1.0,1.0,1.0,1.0,1.0,1.0
1413,64b6d412bf15576e,True,1.0,1.0,0.18630842371606798,1.0,1.0,1.0,0.6609618432150283
1414,cb3c9e9327b25cdc,True,1.0,1.0,0.9122792556327228,1.0,1.0,1.0,0.9634496898469678
1415,60abcfb4e1c756d8,True,1.0,1.0,1.0,1.0,1.0,0.5,1.0
1416,f0c41eb61ba65434,True,1.0,1.0,1.0,1.0,1.0,1.0,1.0
1417,3f1152860b695e59,True,1.0,1.0,1.0,1.0,1.0,1.0,1.0
1418,44894928f21d5e38,True,1.0,1.0,1.0,1.0,1.0,1.0,1.0
1419,c099ebaef4c251d6,True,1.0,1.0,0.8251832994898506,1.0,1.0,1.0,0.9271597081207711
1420,6544f1c9668c58c3,True,1.0,1.0,1.0,1.0,1.0,1.0,1.0
1421,7d368be282b85528,True,1.0,1.0,0.7811280064072138,1.0,1.0,1.0,0.9088033360030057
1422,ebffacdb3be25252,True,1.0,1.0,1.0,1.0,1.0,1.0,1.0
1423,dfb58c90fd2e52fa,True,1.0,1.0,1.0,1.0,1.0,1.0,1.0
1424,fc0a60a9d8245aea,True,1.0,1.0,0.6598076305888473,1.0,1.0,1.0,0.8582531794120197
1425,8c867708395f5374,True,1.0,1.0,1.0,1.0,1.0,1.0,1.0
1426,e6dc564e1a3a588e,True,1.0,1.0,0.771563545456406,1.0,1.0,1.0,0.9048181439401691
1427,f4495a91b9fb505d,True,1.0,1.0,0.7886175894291719,1.0,1.0,1.0,0.9119239955954882
1428,d2e124f077ee53cb,True,1.0,1.0,1.0,1.0,1.0,1.0,1.0
1429,60dfaa1afc395c5d,True,1.0,1.0,0.7234010207282339,1.0,1.0,1.0,0.8847504253034307
1430,15faa071a7145ad6,True,1.0,1.0,0.6201114640077098,1.0,1.0,1.0,0.8417131100032124
1431,6bacccc5dd3652c3,True,1.0,1.0,0.6344412989788709,1.0,1.0,1.0,0.8476838745745295
1432,4ed57aa187415e7f,True,1.0,1.0,0.6774664239981362,1.0,1.0,1.0,0.8656110099992235
1433,d31b4eb761a15872,True,1.0,1.0,0.9580483532044403,1.0,1.0,1.0,0.9825201471685169
1434,c15774bfb6655d18,True,1.0,1.0,0.8709955961729265,1.0,1.0,1.0,0.9462481650720527
1435,7505cca154d95d60,True,1.0,1.0,0.8926399915579208,1.0,1.0,1.0,0.9552666631491338
1436,ed5b36731bad5a32,True,1.0,1.0,0.8446450626582795,1.0,1.0,1.0,0.9352687761076165
1437,4dd9d92ade255f95,True,1.0,1.0,0.994320855982913,1.0,1.0,1.0,0.9976336899928805
1438,4e52e843b10f55eb,True,1.0,1.0,1.0,1.0,1.0,1.0,1.0
1439,97b8b4204a2a5484,True,1.0,1.0,1.0,1.0,1.0,1.0,1.0
1440,b2fb8aee62dc5b09,True,1.0,1.0,0.7528037964891889,1.0,1.0,1.0,0.8970015818704954
1441,86027694aed550bd,True,1.0,1.0,1.0,1.0,1.0,1.0,1.0
1442,013fbdcd9db35b43,True,1.0,1.0,1.0,1.0,1.0,1.0,1.0
1443,b38af8cb560c5295,True,1.0,1.0,0.7859728766007315,1.0,1.0,1.0,0.9108220319169714
1444,eb15f0d956eb5ac4,True,1.0,1.0,0.804300699653924,1.0,1.0,1.0,0.9184586248558017
1445,69e8a01f073d5080,True,1.0,1.0,0.5898206579939256,1.0,1.0,1.0,0.8290919408308023
1446,75b6813b1f4556ce,True,1.0,1.0,1.0,1.0,1.0,1.0,1.0
1447,4a839f2910c150c6,True,1.0,1.0,1.0,1.0,1.0,1.0,1.0
1448,c38fcc20f071501a,True,1.0,1.0,1.0,1.0,1.0,1.0,1.0
1449,42007c7edb945956,True,1.0,1.0,0.7649820217726211,1.0,1.0,1.0,0.9020758424052587
1450,489facb8ac705f4a,True,1.0,1.0,1.0,1.0,1.0,1.0,1.0
1451,be9423a8f0e75d33,True,0.0,1.0,0.0,0.0,1.0,0.0,0.0
1452,825269c866465320,True,1.0,0.0,0.0,0.0,1.0,1.0,0.0
1453,026ee9bc920b5180,True,1.0,1.0,1.0,1.0,1.0,1.0,1.0
1454,7daa0ad6ca5356fc,True,1.0,1.0,1.0,1.0,1.0,1.0,1.0
1455,0e15e43a4c725f49,True,1.0,1.0,1.0,1.0,1.0,1.0,1.0
1456,23742ff81ee85c96,True,1.0,1.0,1.0,1.0,1.0,1.0,1.0
1457,61874b16298352f3,True,1.0,1.0,0.9073880458419004,1.0,1.0,1.0,0.9614116857674585
1458,78e6dbb9ee735559,True,1.0,1.0,0.9149002153098477,1.0,1.0,1.0,0.9645417563791033
1459,380ae43ebd795e88,True,1.0,1.0,0.7795876742487842,1.0,1.0,1.0,0.9081615309369934
1460,ef703bb40b9a516c,True,1.0,1.0,0.9905215730069526,1.0,1.0,1.0,0.9960506554195637
1461,39e0bf171e6d5e88,True,1.0,1.0,0.932957306582419,1.0,1.0,1.0,0.9720655444093413
1462,d5085a26c5915a49,True,1.0,1.0,0.6621558352094891,1.0,1.0,1.0,0.8592315980039538
1463,0ae1539816f55b5f,True,1.0,1.0,0.8905840987679533,1.0,1.0,1.0,0.9544100411533138
1464,303948f28d5b52ab,True,1.0,1.0,0.7690686015926405,1.0,1.0,1.0,0.9037785839969334
1465,f23073987e7956e3,True,1.0,1.0,1.0,1.0,1.0,1.0,1.0
1466,52f0b8a2023656cf,True,1.0,0.0,0.0,1.0,1.0,1.0,0.0
1467,0a6021edcc74538a,True,1.0,1.0,0.829022667380871,1.0,1.0,1.0,0.9287594447420296
1468,9bb8633f7c0157fb,True,1.0,1.0,0.8650073213754317,1.0,1.0,1.0,0.9437530505730966
1469,4c5501833dfd5bb4,True,1.0,1.0,0.6136466094158763,1.0,1.0,1.0,0.8390194205899485
1470,873a21c038f45eef,True,1.0,1.0,1.0,1.0,1.0,1.0,1.0
1471,0202782270ab5a62,True,1.0,1.0,0.8967438255223791,1.0,1.0,1.0,0.9569765939676579
1472,b432924be8c151d8,True,1.0,1.0,0.534910291909879,1.0,1.0,1.0,0.8062126216291162
1473,4ae68544ec0f502c,True,1.0,1.0,0.7967655621073784,1.0,1.0,1.0,0.9153189842114076
1474,68ba9a9b2d6f572d,True,1.0,1.0,0.7482294398053975,1.0,1.0,1.0,0.8950955999189155
1475,5f8d8f88750f57b7,True,1.0,1.0,0.8837344763636652,1.0,1.0,1.0,0.9515560318181938
1476,9f839d5422315781,True,1.0,1.0,1.0,1.0,1.0,0.0,1.0
1477,fde2ed45bca05510,True,1.0,1.0,0.7868025813521288,1.0,1.0,1.0,0.9111677422300537
1478,1db7c81f96855ce9,True,1.0,1.0,0.5529019899085201,1.0,1.0,1.0,0.8137091624618833
1479,1cff7a7ece6851c4,True,1.0,0.0,0.0,1.0,1.0,0.5,0.0
1480,4936360c43435011,True,1.0,1.0,0.7237679339038494,1.0,1.0,1.0,0.8849033057932706
1481,303d452ddd2d58d1,True,1.0,1.0,0.8181702529915356,1.0,1.0,1.0,0.9242376054131398
1482,742ec95b24ee529c,True,1.0,1.0,0.5534116691492309,1.0,1.0,1.0,0.8139215288121795
1483,9e4febcde4875181,True,1.0,1.0,0.7960820148092032,1.0,1.0,1.0,0.915034172837168
1484,ed19f6a36af757b7,True,1.0,1.0,0.7543009940844332,1.0,1.0,1.0,0.8976254142018472
1485,8fce05a181775f63,True,1.0,1.0,0.8467556015671688,1.0,1.0,1.0,0.9361481673196538
1486,6761ba552b3759fa,True,1.0,0.0,0.0,1.0,1.0,1.0,0.0
1487,390d9e3b03a15695,True,1.0,1.0,0.8721932310010189,1.0,1.0,1.0,0.9467471795837579
1488,51a80bf5fd575fa2,True,1.0,1.0,0.4329367772174638,1.0,1.0,1.0,0.7637236571739433
1489,a9c15f8aabb65b09,True,1.0,1.0,0.745500814978347,1.0,1.0,1.0,0.8939586729076446
1490,6b50fb6bf8265936,True,0.0,0.0,0.0,0.0,1.0,1.0,0.0
1491,1e1913cd8d035225,True,0.0,1.0,0.0,0.0,1.0,1.0,0.0
1492,8e9e20dde3ed5f0d,True,1.0,0.0,0.0,1.0,1.0,1.0,0.0
1493,c8507cfbe8575463,True,1.0,1.0,0.5629716478821144,1.0,1.0,1.0,0.8179048532842144
1494,c687799dac8d5aa2,True,1.0,1.0,0.08856912712796138,1.0,1.0,1.0,0.6202371363033172
1495,73eda22129255831,True,1.0,1.0,0.8995823424560635,1.0,1.0,1.0,0.958159309356693
1496,1da6196444e35b0f,True,1.0,0.0,0.0,1.0,1.0,1.0,0.0
1497,8564551c362e5f26,True,1.0,1.0,0.985613003621047,1.0,1.0,1.0,0.9940054181754362
1498,fe5247f772d15ec0,True,1.0,1.0,0.7784643035249024,1.0,1.0,1.0,0.9076934598020427
1499,e62a5092735359ee,True,1.0,1.0,0.6272931840162497,1.0,1.0,1.0,0.844705493340104
1500,5cbb02f3e0e253e5,True,1.0,0.0,0.0,1.0,1.0,1.0,0.0
1501,81161847b27b5bad,True,1.0,1.0,0.7809730674841722,1.0,1.0,1.0,0.9087387781184052
1502,7f62e2a838405444,True,1.0,1.0,1.0,1.0,1.0,1.0,1.0
1503,899ed9ca42d750c6,True,1.0,1.0,1.0,1.0,1.0,1.0,1.0
1504,6f4f660648e15c84,True,1.0,1.0,1.0,1.0,1.0,1.0,1.0
1505,3daa044b17795a85,True,1.0,1.0,1.0,1.0,1.0,1.0,1.0
1506,61720db8cab2508a,True,1.0,1.0,0.8106534908013856,1.0,1.0,1.0,0.921105621167244
1507,9adad5bdab6b52fa,True,1.0,1.0,0.7568476469372771,1.0,1.0,1.0,0.8986865195571988
1508,54b907a5a03b51ef,True,1.0,1.0,0.8668970982710394,1.0,1.0,1.0,0.9445404576129331
1509,7b7cac50a37a5c24,True,1.0,1.0,1.0,1.0,1.0,1.0,1.0
1510,b87b792b9a025344,True,1.0,1.0,0.6669842419891737,1.0,1.0,1.0,0.8612434341621557
1511,9d7b9273d56f5d02,True,1.0,1.0,1.0,1.0,1.0,1.0,1.0
1512,458e833803315b4f,True,1.0,1.0,0.5113000604176328,1.0,1.0,1.0,0.7963750251740137
1513,ba58a70fcf8e5c64,True,1.0,1.0,0.5984173604552303,1.0,1.0,1.0,0.8326739001896794
1514,14b6e7ce317d531f,True,1.0,0.0,0.0,0.0,1.0,1.0,0.0
1515,33cdc99603ed57b9,True,1.0,1.0,0.8673332650679523,1.0,1.0,1.0,0.9447221937783135
1516,45224683225b5617,True,1.0,1.0,0.5265818117801545,1.0,1.0,1.0,0.8027424215750644
1517,5dc491914c6a595f,True,1.0,0.0,0.0,1.0,1.0,1.0,0.0
1518,50702dbe2f785ae5,True,1.0,1.0,0.6614740555544428,1.0,1.0,1.0,0.8589475231476845
1519,2959d5dbe8235765,True,1.0,1.0,0.8190248203538987,1.0,1.0,1.0,0.9245936751474577
1520,e720bb9728785a67,True,1.0,1.0,1.0,1.0,1.0,1.0,1.0
1521,a8159c45d59f5a5f,True,1.0,1.0,0.8001930273059665,1.0,1.0,1.0,0.9167470947108193
1522,64a7186ab49b5cdc,True,1.0,1.0,0.7626055705660292,1.0,1.0,1.0,0.9010856544025122
1523,dc9bf97cb9e151ad,True,1.0,1.0,1.0,1.0,1.0,1.0,1.0
1524,0dd23f4ea286544f,True,1.0,1.0,0.8720476692926237,1.0,1.0,1.0,0.9466865288719265
1525,1753feeb7c0e552c,True,1.0,1.0,1.0,1.0,1.0,1.0,1.0
1526,e9adc94d4e9c5fbb,True,1.0,1.0,0.8151362014335143,1.0,1.0,1.0,0.9229734172639642
1527,0045af58281456a0,True,1.0,1.0,0.6406420088140372,1.0,1.0,1.0,0.8502675036725155
1528,df4bbe0b4f6d5312,True,1.0,1.0,0.9605410761028151,1.0,1.0,1.0,0.9835587817095064
1529,5ad9f64f2d295e4b,True,1.0,1.0,1.0,1.0,1.0,1.0,1.0
1530,e9d8c81a844c5c95,True,1.0,1.0,0.7610397344743615,1.0,1.0,1.0,0.9004332226976506
1531,fd765c984c93597f,True,1.0,1.0,1.0,1.0,1.0,1.0,1.0
1532,c332770f3439515e,True,1.0,1.0,0.6946013444433147,1.0,1.0,1.0,0.8727505601847145
1533,ac5bcee811565a00,True,1.0,1.0,0.68292153312628,0.0,1.0,0.5,0.45121730546928335
1534,20c16675ba295725,True,1.0,1.0,0.6498343477684786,1.0,1.0,1.0,0.8540976449035327
1535,d47d27f1cfb65061,True,1.0,1.0,0.7799569357615744,1.0,1.0,1.0,0.9083153899006561
1536,41d49aa70484596d,True,1.0,1.0,0.6567135385063405,1.0,1.0,1.0,0.8569639743776419
1537,f37c90e977e856c8,True,1.0,1.0,1.0,1.0,1.0,1.0,1.0
1538,84ad97e1c9c85d4e,True,1.0,1.0,0.7313992230301233,1.0,1.0,1.0,0.8880830095958846
1539,98b414a515bb5b99,True,1.0,1.0,0.5582003323702376,1.0,1.0,1.0,0.8159168051542656
1540,a616a9583c735698,True,1.0,0.0,0.0,0.0,1.0,1.0,0.0
1541,b39c69db9eb45416,True,1.0,1.0,0.5831481251660576,1.0,1.0,1.0,0.8263117188191907
1542,e4b6a49b32545d95,True,1.0,1.0,0.9128480670419317,1.0,1.0,1.0,0.9636866946008048
1543,25f4a620bd5f51cc,True,1.0,1.0,0.6614579108648255,1.0,1.0,1.0,0.8589407961936774
1544,1df1903e5bcd5036,True,1.0,1.0,0.9819628940621308,1.0,1.0,1.0,0.9924845391925544
1545,0e9044c5aec15041,True,1.0,1.0,0.8926429065239387,1.0,1.0,1.0,0.9552678777183079
1546,63d6fbc938bc58cb,True,1.0,0.0,0.0,1.0,1.0,1.0,0.0
1547,9ee3c3a666d35a5c,True,1.0,1.0,0.8747389740343716,1.0,1.0,1.0,0.9478079058476548
1548,1351ae1e0afb5c16,True,1.0,1.0,0.9435314151679327,1.0,1.0,1.0,0.9764714229866387
1549,cb8822d19cc45d85,True,1.0,1.0,1.0,1.0,1.0,1.0,1.0
1550,c86c1d9c6e9c58aa,True,1.0,1.0,0.7331225834971482,1.0,1.0,1.0,0.8888010764571451
1551,7f9f4661a4875959,True,1.0,1.0,0.6962842266878847,1.0,1.0,1.0,0.873451761119952
1552,1b4af0da5a485c17,True,1.0,1.0,0.9095353927855071,1.0,1.0,1.0,0.962306413660628
1553,f2033bf66332541b,True,1.0,1.0,1.0,1.0,1.0,1.0,1.0
1554,2c0f41d407295efa,True,1.0,0.0,0.0,1.0,1.0,0.5,0.0
1555,6e3cf172a2755fae,True,1.0,1.0,0.7378656254371562,1.0,1.0,1.0,0.8907773439321485
1556,3bc729311a8a5d48,True,1.0,1.0,0.753852639206663,1.0,1.0,1.0,0.8974385996694428
1557,a85f6afede71548f,True,1.0,0.0,0.0,1.0,1.0,1.0,0.0
1558,2b482f615de15efb,True,1.0,1.0,1.0,1.0,1.0,1.0,1.0
1559,5422a7cee0d35e47,True,1.0,1.0,0.6961466111600388,1.0,1.0,1.0,0.8733944213166828
1560,9a2c4c75f3785517,True,1.0,1.0,0.5834754814663345,1.0,1.0,1.0,0.8264481172776393
1561,5498f9f2cfc55668,True,1.0,1.0,0.8896325368228464,1.0,1.0,1.0,0.9540135570095193
1562,e6c5a792f2f058f3,True,1.0,1.0,0.9557988418354935,1.0,1.0,1.0,0.9815828507647889
1563,aff4d44c562f5eef,True,1.0,1.0,1.0,1.0,1.0,1.0,1.0
1564,5b891b54880f5fab,True,1.0,1.0,0.8448514008584724,1.0,1.0,1.0,0.9353547503576968
1565,94689128d3bb5ac8,True,1.0,1.0,0.9313007114238697,1.0,1.0,1.0,0.9713752964266124
1566,9090d50c08b05715,True,1.0,0.0,0.0,1.0,1.0,0.5,0.0
1567,04674da1553352ad,True,1.0,1.0,1.0,1.0,1.0,1.0,1.0
1568,78754f4862d65445,True,1.0,1.0,0.8154375906759762,1.0,1.0,1.0,0.92309899611499
1569,e5c10d26102f51e3,True,1.0,0.0,0.0,1.0,1.0,1.0,0.0
1570,92c920c643695ff3,True,1.0,1.0,0.8101400078490718,1.0,1.0,1.0,0.9208916699371134
1571,fec2bf4f1842590c,True,1.0,1.0,0.8912623212487794,1.0,1.0,1.0,0.9546926338536581
1572,2aa9dce62cd75fce,True,1.0,1.0,0.9559583131160673,1.0,1.0,1.0,0.9816492971316947
1573,ee99fbc3e9a25112,True,1.0,1.0,0.8350663759594791,1.0,1.0,1.0,0.931277656649783
1574,d82f1b20a55d5bcd,True,1.0,1.0,0.82095510211037,1.0,1.0,1.0,0.9253979592126541
1575,14743d928b9257a1,True,1.0,1.0,0.7623046197899737,1.0,1.0,1.0,0.9009602582458224
1576,5568ad08c60d510f,True,1.0,1.0,0.7584790533651211,1.0,1.0,1.0,0.8993662722354672
1577,be63bfa5c6445e0e,True,1.0,1.0,1.0,1.0,1.0,1.0,1.0
1578,a89c8c3249975dc9,True,1.0,1.0,0.8920281258418687,1.0,1.0,1.0,0.9550117191007786
1579,fe520672ef8f5770,True,1.0,1.0,1.0,1.0,1.0,1.0,1.0
1580,526b66c665085401,True,1.0,1.0,0.8775816342420165,1.0,1.0,1.0,0.9489923476008402
1581,599c8b2bc9b252a7,True,1.0,0.0,0.0,1.0,1.0,1.0,0.0
1582,5a37ffc78c1e5782,True,1.0,0.0,0.0,1.0,1.0,1.0,0.0
1583,80f6c94fed0c5519,True,1.0,1.0,0.9141733900543544,1.0,1.0,1.0,0.9642389125226476
1584,3e429827093e538d,True,1.0,1.0,0.8204511562096513,1.0,1.0,1.0,0.9251879817540214
1585,c756ce81365d5a3b,True,1.0,1.0,1.0,1.0,1.0,1.0,1.0
1586,7f78c5aac332551d,True,1.0,1.0,1.0,1.0,1.0,1.0,1.0
1587,8e2fece463df5dcb,True,1.0,1.0,0.7943087076024983,1.0,1.0,1.0,0.9142952948343743
1588,b031a0b55ab951f8,True,1.0,0.0,0.0,1.0,1.0,0.5,0.0
1589,5f448f3d0f8c5e95,True,1.0,1.0,0.9376577031813204,1.0,1.0,1.0,0.9740240429922169
1590,55ba1ce72f1b5160,True,1.0,1.0,1.0,1.0,1.0,1.0,1.0
1591,59bb570b4290572d,True,0.0,1.0,0.0,0.0,1.0,1.0,0.0
1592,fc5d32be7f785570,True,1.0,1.0,0.7524577200193001,1.0,1.0,1.0,0.896857383341375
1593,c5709bf1224a5401,True,1.0,1.0,0.9014309377010956,1.0,1.0,1.0,0.9589295573754565
1594,35119c815b1b59ef,True,0.0,1.0,0.0,0.0,1.0,1.0,0.0
1595,4bbfb5ec60205e63,True,1.0,1.0,1.0,1.0,1.0,1.0,1.0
1596,be527ba55a8a548b,True,0.5,0.0,0.0,0.0,1.0,0.5,0.0
1597,f102658ad87c561f,True,1.0,1.0,0.7789060041661175,1.0,1.0,1.0,0.9078775017358822
1598,aff2f948de815a32,True,1.0,1.0,0.7614822067921605,1.0,1.0,1.0,0.9006175861634002
1599,25c1569ea1d753f2,True,1.0,1.0,0.9490540257640235,1.0,1.0,1.0,0.9787725107350097
1600,ec90dfde532d5633,True,1.0,1.0,1.0,0.0,1.0,1.0,0.5833333333333334
1601,80ad06a7a2975213,True,1.0,1.0,1.0,1.0,1.0,1.0,1.0
1602,991f13bf4e7f590e,True,1.0,1.0,0.9314582888833427,1.0,1.0,1.0,0.9714409537013928
1603,b8cc094c43575a31,True,1.0,1.0,0.7823557839809481,1.0,1.0,1.0,0.9093149099920618
1604,60e35d8a323b5b5f,True,1.0,1.0,0.5953920618984545,1.0,1.0,1.0,0.8314133591243561
1605,88b49de4eea35896,True,1.0,1.0,0.9543113688893361,1.0,1.0,1.0,0.9809630703705566
1606,acc78986a3805c7e,True,1.0,1.0,1.0,1.0,1.0,1.0,1.0
1607,3813108829ab54c2,True,1.0,1.0,0.7768341374680146,1.0,1.0,1.0,0.9070142239450062
1608,7c541724eabb537a,True,1.0,1.0,1.0,1.0,1.0,1.0,1.0
1609,5abd4abd73db5739,True,1.0,1.0,0.98434072663436,1.0,1.0,1.0,0.9934753027643167
1610,50aa287e430e5ab3,True,1.0,1.0,1.0,1.0,1.0,1.0,1.0
1611,10d18b323ff35a1f,True,1.0,1.0,1.0,1.0,1.0,1.0,1.0
1612,5876e4def8615813,True,1.0,1.0,0.8705817942196715,1.0,1.0,1.0,0.9460757475915299
1613,a37f67a1fe095025,True,1.0,1.0,1.0,1.0,1.0,1.0,1.0
1614,4c775cb227b0519d,True,1.0,1.0,0.8565341586281494,1.0,1.0,1.0,0.9402225660950623
1615,649c1659d8975ae3,True,1.0,1.0,0.6926558904831932,1.0,1.0,1.0,0.8719399543679972
1616,cab75d9e74eb52a1,True,1.0,1.0,0.9476835512346228,1.0,1.0,1.0,0.9782014796810928
1617,862ca192b71f5d93,True,1.0,1.0,1.0,1.0,1.0,1.0,1.0
1618,de4ace24443b5b2d,True,1.0,1.0,1.0,1.0,1.0,1.0,1.0
1619,eccb91aff29c5415,True,1.0,1.0,0.9346911231757566,1.0,1.0,1.0,0.9727879679898986
1620,4b259f30bb73511d,True,1.0,1.0,1.0,1.0,1.0,1.0,1.0
1621,3ffea9df17af502b,True,1.0,1.0,1.0,0.0,1.0,1.0,0.5833333333333334
1622,4bb2fc18f5ee5dcb,True,1.0,1.0,0.7970452952367282,1.0,1.0,1.0,0.9154355396819701
1623,1f7fe5fcd7965b1c,True,1.0,0.0,0.0,1.0,1.0,1.0,0.0
1624,41892d06df125856,True,1.0,1.0,1.0,1.0,1.0,1.0,1.0
1625,6b6afd7690245e14,True,1.0,1.0,0.7771417893004573,1.0,1.0,1.0,0.907142412208524
1626,bf3ea6a284d85269,True,1.0,1.0,0.8079847722707256,1.0,1.0,1.0,0.9199936551128024
1627,120e412f13585a21,True,1.0,1.0,0.9123732261354853,1.0,1.0,1.0,0.9634888442231189
1628,bcc370e566845fc6,True,1.0,1.0,0.6842794272522507,1.0,1.0,1.0,0.8684497613551044
1629,182a718050bd598a,True,1.0,1.0,0.873602109159717,1.0,1.0,1.0,0.9473342121498821
1630,6d26431aced45f83,True,1.0,1.0,0.8479656469192244,1.0,1.0,1.0,0.9366523528830101
1631,dc096269aef55bf0,True,1.0,1.0,0.8785830244963017,1.0,1.0,1.0,0.9494095935401257
1632,2dd8a04bcb735c5e,True,1.0,1.0,1.0,1.0,1.0,1.0,1.0
1633,94ac0f71d5615e4c,True,1.0,1.0,0.8126883556775502,1.0,1.0,1.0,0.9219534815323126
1634,87a70998eed25e32,True,1.0,1.0,0.9797048897603787,1.0,1.0,1.0,0.9915437040668245
1635,3889b6ba58845785,True,1.0,1.0,0.8012550401931811,1.0,1.0,1.0,0.9171896000804921
1636,d9e93eae3b4a5235,True,1.0,1.0,0.9913624787276942,1.0,1.0,1.0,0.996401032803206
1637,40d43586b1195366,True,1.0,1.0,0.81701626653314,1.0,1.0,1.0,0.9237567777221417
1638,6c737af6c9a752dc,True,1.0,1.0,0.8387253946704872,1.0,1.0,1.0,0.9328022477793697
1639,e5dd6a4462dd5e29,True,1.0,1.0,1.0,1.0,1.0,1.0,1.0
1640,2882be3ae16b50e3,True,1.0,1.0,1.0,1.0,1.0,1.0,1.0
1641,e717645716555e33,True,1.0,1.0,1.0,1.0,1.0,1.0,1.0
1642,4a40d0564325502c,True,1.0,1.0,0.7293119712554903,1.0,1.0,0.5,0.8872133213564544
1643,d54eba5510dc5469,True,1.0,0.0,0.0,1.0,1.0,1.0,0.0
1644,2f67d7af0e0d51a1,True,1.0,1.0,0.767604973288898,1.0,1.0,1.0,0.9031687388703742
1645,3a2203251ab65b53,True,1.0,1.0,1.0,1.0,1.0,1.0,1.0
1646,f1bdf7e4e9f5534e,True,1.0,1.0,0.8287306987760588,1.0,1.0,1.0,0.9286377911566911
1647,61a236d173ef5055,True,1.0,1.0,0.9626908741029603,1.0,1.0,1.0,0.9844545308762335
1648,c2915f2ac7f55f97,True,1.0,1.0,0.9883501844615898,1.0,1.0,1.0,0.9951459101923291
1649,ea1c363c888b59c7,True,1.0,1.0,0.7578278605888034,1.0,1.0,1.0,0.8990949419120015
1650,c7c04f1581855ac4,True,1.0,1.0,0.9413571171838346,1.0,1.0,1.0,0.9755654654932644
1651,b874be1fb9885c0e,True,1.0,0.0,0.0,1.0,1.0,1.0,0.0
1652,308e246a1d995edd,True,1.0,0.0,0.0,1.0,1.0,1.0,0.0
1653,7240e214b6bc5b44,True,1.0,1.0,1.0,1.0,1.0,1.0,1.0
1654,06e62670ddb152d9,True,1.0,1.0,1.0,1.0,1.0,1.0,1.0
1655,4a9a5d2dcc045ec4,True,1.0,1.0,0.7751071409872875,1.0,1.0,1.0,0.9062946420780364
1656,4b5846fcc3725b95,True,1.0,0.0,0.0,1.0,1.0,1.0,0.0
1657,5e4da70ec09f5282,True,1.0,1.0,0.4895483265465552,1.0,1.0,1.0,0.7873118027277313
1658,a075b9f46b7b5831,True,1.0,1.0,1.0,1.0,1.0,1.0,1.0
1659,c236972435215288,True,1.0,1.0,1.0,1.0,1.0,1.0,1.0
1660,715d1ae75d215269,True,1.0,1.0,0.8962235181762667,1.0,1.0,1.0,0.956759799240111
1661,63eeb15e6e3e5504,True,1.0,1.0,0.7300249276032802,1.0,1.0,1.0,0.8875103865013667
1662,898e245e2b0056b0,True,1.0,1.0,1.0,1.0,1.0,1.0,1.0
1663,c0941949acdb5ebc,True,1.0,1.0,1.0,1.0,1.0,1.0,1.0
1664,85f25c14e0125133,True,1.0,0.0,0.0,1.0,1.0,1.0,0.0
1665,9f5ac897aea35174,True,1.0,1.0,1.0,1.0,1.0,1.0,1.0
1666,d20be65e3dc65738,True,1.0,1.0,0.9663271693237321,1.0,1.0,1.0,0.9859696538848883
1667,a99b2322093b5c13,True,1.0,1.0,1.0,1.0,1.0,1.0,1.0
1668,67077701cdd85c9d,True,1.0,1.0,0.5330698601623663,1.0,1.0,1.0,0.8054457750676526
1669,49a53d11de6d5b1d,True,1.0,1.0,1.0,1.0,1.0,1.0,1.0
1670,da36c99454f65715,True,1.0,1.0,0.9660856260943301,1.0,1.0,1.0,0.9858690108726376
1671,071f7885a37e591f,True,1.0,1.0,1.0,1.0,1.0,1.0,1.0
1672,d5ebca598bce566e,True,1.0,1.0,1.0,1.0,1.0,1.0,1.0
1673,4b4a268bee4c5ab5,True,1.0,1.0,1.0,1.0,1.0,1.0,1.0
1674,b5be2c625dcf54e2,True,1.0,1.0,0.9274264145613749,1.0,1.0,1.0,0.9697610060672396
1675,472899393e8f55e1,True,1.0,1.0,0.799175740197764,1.0,1.0,1.0,0.9163232250824017
1676,54d86279a0015154,True,1.0,1.0,1.0,1.0,1.0,1.0,1.0
1677,87dc5db673bd5b2b,True,1.0,1.0,1.0,1.0,1.0,1.0,1.0
1678,bff155acea525206,True,1.0,1.0,1.0,1.0,1.0,1.0,1.0
1679,a627522c77eb526c,True,1.0,1.0,0.9292088490186328,1.0,1.0,1.0,0.9705036870910969
1680,e24e2c91fb5759dc,True,1.0,1.0,0.759329017462752,1.0,1.0,1.0,0.8997204239428133
1681,30f09e001cf55013,True,1.0,1.0,0.9413638770034952,1.0,1.0,1.0,0.9755682820847896
1682,167fd80fa8635037,True,1.0,1.0,0.8379212969441964,1.0,1.0,1.0,0.9324672070600819
1683,6cdf58d03f8e5493,True,1.0,1.0,0.607349559880235,1.0,1.0,1.0,0.8363956499500979
1684,150505a546335d5d,True,1.0,1.0,0.5896941206165212,1.0,1.0,1.0,0.8290392169235504
1685,01fea9c4f9f45634,True,1.0,1.0,0.9764261695145877,1.0,1.0,1.0,0.9901775706310781
1686,c9150b81da695ae9,True,1.0,1.0,0.7339275736563373,1.0,1.0,1.0,0.8891364890234739
1687,937ca624cc2658a6,True,1.0,1.0,0.9618652951936211,1.0,1.0,1.0,0.9841105396640089
1688,a26ee25cd4995271,True,1.0,1.0,0.7876808327500142,1.0,1.0,1.0,0.9115336803125059
1689,6532afe679315809,True,1.0,1.0,0.7441230724756897,1.0,1.0,1.0,0.8933846135315373
1690,1511499da17054b0,True,1.0,1.0,1.0,1.0,1.0,1.0,1.0
1691,197f39226d0856ce,True,1.0,1.0,0.7898673490578103,1.0,1.0,1.0,0.9124447287740877
1692,948099bc138855b6,True,1.0,1.0,0.779698166414605,1.0,1.0,1.0,0.9082075693394187
1693,93c36f72811852d3,True,1.0,1.0,0.9968521609812242,1.0,1.0,1.0,0.9986884004088434
1694,e84ff3e29bc05254,True,1.0,1.0,0.6823833120540752,1.0,1.0,1.0,0.8676597133558647
1695,10b19bf49b67574f,True,1.0,1.0,0.8218987865716644,1.0,1.0,1.0,0.9257911610715267
1696,4a1f69f3821e5ac5,True,1.0,1.0,1.0,1.0,1.0,0.5,1.0
1697,37a2f90109f85bff,True,1.0,0.0,0.0,1.0,1.0,1.0,0.0
1698,f5442665da9f554c,True,1.0,1.0,0.8743668358312532,1.0,1.0,1.0,0.9476528482630222
1699,5a80299213875068,True,1.0,1.0,0.9979990744858952,1.0,1.0,1.0,0.9991662810357896
1700,0bd89ca329cd55f9,True,1.0,1.0,0.5247031288152246,1.0,1.0,1.0,0.8019596370063437
1701,0603ebc3a71d59f5,True,1.0,1.0,0.826910352953358,1.0,1.0,1.0,0.9278793137305659
1702,4cdcf106cb5d5c63,True,1.0,1.0,1.0,1.0,1.0,1.0,1.0
1703,66d152defe7b59e2,True,0.0,1.0,0.0,0.0,1.0,1.0,0.0
1704,4104c86ea5425c40,True,1.0,1.0,0.8423271830857867,1.0,1.0,1.0,0.9343029929524111
1705,725b2a708c8e55f1,True,1.0,1.0,1.0,1.0,1.0,1.0,1.0
1706,3cf11c2988d25d2b,True,1.0,1.0,0.7797173959249213,1.0,1.0,1.0,0.908215581635384
1707,cae6cbccfd535659,True,1.0,1.0,0.6825552884402474,1.0,1.0,1.0,0.8677313701834364
1708,62bae469f29c5ecb,True,1.0,1.0,1.0,1.0,1.0,1.0,1.0
1709,04cdd9195f885ac6,True,1.0,1.0,0.9325178048859557,1.0,1.0,1.0,0.9718824187024815
1710,15975dc336e75ba2,True,1.0,1.0,0.5517301755156325,1.0,1.0,1.0,0.8132209064648469
1711,ebb1e037f19b5c55,True,1.0,1.0,0.796876401733714,1.0,1.0,1.0,0.9153651673890475
1712,418c618fc266506b,True,1.0,1.0,1.0,1.0,1.0,1.0,1.0
1713,cd0a001eb97a5c88,True,1.0,1.0,0.5319999034593079,1.0,1.0,1.0,0.8049999597747117
1714,3136969223325aa5,True,1.0,1.0,1.0,1.0,1.0,1.0,1.0
1715,d66634cbe1b65b95,True,1.0,1.0,0.8019319927600533,1.0,1.0,1.0,0.9174716636500223
1716,7e8979818a51520e,True,1.0,1.0,0.9198162763023481,1.0,1.0,1.0,0.9665901151259785
1717,caa0f73288d75ba7,True,1.0,1.0,0.8398301103529164,1.0,1.0,1.0,0.9332625459803818
1718,579942d331b9571d,True,1.0,1.0,0.7065516048900724,1.0,1.0,1.0,0.8777298353708636
1719,4cdef6ce55a7542b,True,1.0,1.0,0.8874824175680807,1.0,1.0,1.0,0.9531176739867003
1720,81b89c24f6a5579f,True,0.0,1.0,0.0,0.0,1.0,0.0,0.0
1721,3d324bda0cec57ab,True,1.0,1.0,0.9412203295041551,0.0,1.0,1.0,0.5588418039600647
1722,d436fd792f365847,True,0.0,1.0,0.0,0.0,1.0,1.0,0.0
1723,5d058c203f765173,True,1.0,1.0,1.0,1.0,1.0,1.0,1.0
1724,0d1b753fd19f55cb,True,1.0,1.0,0.7089929128670994,1.0,1.0,1.0,0.8787470470279581
1725,840d3a1a7a935536,True,1.0,1.0,0.9889568189171939,1.0,1.0,1.0,0.9953986745488308
1726,a0e088521cf1547d,True,1.0,1.0,0.8947977343133646,1.0,1.0,1.0,0.9561657226305685
1727,cb2a52e9af3a5e0a,True,1.0,1.0,1.0,1.0,1.0,1.0,1.0
1728,1803fa678ee652fa,True,1.0,0.0,0.0,1.0,1.0,1.0,0.0
1729,b894f0e8e2875363,True,1.0,1.0,1.0,1.0,1.0,1.0,1.0
1730,135337bf847b5726,True,1.0,1.0,0.6812431843806439,1.0,1.0,1.0,0.8671846601586016
1731,f6483f2f9126533f,True,1.0,1.0,0.7578089520720356,1.0,1.0,1.0,0.8990870633633481
1732,bfcb040f50425141,True,1.0,1.0,1.0,1.0,1.0,1.0,1.0
1733,2371a65f76025bfd,True,1.0,1.0,0.5824353311042747,1.0,1.0,1.0,0.8260147212934479
1734,ee835ef3f912599c,True,1.0,1.0,0.9900020347838528,1.0,1.0,1.0,0.9958341811599386
1735,131f0303c9e9582a,True,1.0,1.0,0.6416429845888917,1.0,1.0,1.0,0.8506845769120382
1736,bba5d587cab25dfa,True,1.0,1.0,1.0,1.0,1.0,1.0,1.0
1737,030706565b1f552d,True,1.0,1.0,0.7372232431534261,1.0,1.0,1.0,0.8905096846472609
1738,099ded1754bb5d98,True,1.0,1.0,0.6079933421620782,1.0,1.0,1.0,0.8366638925675326
1739,7fbe895b20a45dfb,True,1.0,1.0,0.9282758750185971,1.0,1.0,1.0,0.9701149479244154
1740,e2fe8539502a5fd1,True,1.0,1.0,0.9159099215942195,1.0,1.0,1.0,0.9649624673309248
1741,9d7108a109a2571f,True,1.0,1.0,0.7239809233636268,1.0,1.0,1.0,0.8849920514015112
1742,01329f4a29285dfe,True,1.0,1.0,0.734640103773427,1.0,1.0,1.0,0.8894333765722613
1743,5583c1447acd5f31,True,1.0,0.0,0.0,1.0,1.0,1.0,0.0
1744,61d71be9811b5554,True,1.0,1.0,0.9518884847004119,1.0,1.0,1.0,0.9799535352918382
1745,6a4e62fc55535e82,True,1.0,1.0,0.9529760110364489,1.0,1.0,1.0,0.980406671265187
1746,d45773d48e4f5fb7,True,1.0,0.0,0.0,1.0,1.0,1.0,0.0
1747,0a77356a8ee85133,True,1.0,1.0,0.8556247386737659,1.0,1.0,1.0,0.9398436411140692
1748,456ef599efa85659,True,1.0,1.0,0.8392243217002852,1.0,1.0,1.0,0.9330101340417855
1749,ea34282dc63d5a9a,True,1.0,1.0,0.7193230329177476,1.0,1.0,1.0,0.8830512637157281
1750,516cb0d01d1f5b32,True,1.0,0.0,0.0,1.0,1.0,1.0,0.0
1751,153af25086535f35,True,1.0,0.0,0.0,1.0,1.0,1.0,0.0
1752,59c6eefd08af59b9,True,1.0,1.0,0.8026450426641756,1.0,1.0,1.0,0.9177687677767398
1753,09da6a53016b5333,True,1.0,1.0,1.0,1.0,1.0,1.0,1.0
1754,17eb5d70d9f15c7e,True,1.0,1.0,0.5778916945684268,1.0,1.0,1.0,0.8241215394035112
1755,bc2314763cfc545d,True,1.0,1.0,0.8070505249951345,1.0,1.0,1.0,0.9196043854146394
1756,a810e698e69e5e70,True,1.0,1.0,0.7525852663633209,1.0,1.0,1.0,0.8969105276513837
1757,3ca720caa0ff5082,True,1.0,1.0,0.7701302196967458,1.0,1.0,1.0,0.904220924873644
1758,b648072650cc5932,True,1.0,1.0,1.0,1.0,1.0,1.0,1.0
1759,46deeff0d0495df6,True,1.0,1.0,0.4037694214883291,1.0,1.0,1.0,0.7515705922868038
1760,669b4ffc8b8a5f21,True,1.0,1.0,0.9633021625819871,0.0,1.0,1.0,0.5680425677424946
1761,d33a0db0dd335837,True,1.0,1.0,0.7408394093945584,1.0,1.0,1.0,0.892016420581066
1762,f559d26401125dbe,True,1.0,1.0,1.0,1.0,1.0,1.0,1.0
1763,a29d602c497c532d,True,1.0,1.0,0.7432577747716674,1.0,1.0,1.0,0.8930240728215281
1764,ddc1271ea57154bc,True,1.0,0.0,0.0,1.0,1.0,1.0,0.0
1765,1a5351601d8f52da,True,1.0,1.0,0.8369025913634122,1.0,1.0,1.0,0.9320427464014217
1766,75abd414138d5a4e,True,1.0,1.0,0.7791213191605562,1.0,1.0,1.0,0.9079672163168984
1767,60f9200ffade5c53,True,1.0,1.0,0.8243619493211243,1.0,1.0,1.0,0.9268174788838017
1768,c773514392cc56ba,True,1.0,1.0,0.8989490947243755,1.0,1.0,1.0,0.9578954561351565
1769,9f547ab121b456e1,True,1.0,1.0,1.0,0.0,1.0,1.0,0.5833333333333334
1770,3baab5739cb95408,True,1.0,1.0,0.8443171212577707,1.0,1.0,0.0,0.9351321338574045
1771,32e5d7e804c65214,True,1.0,1.0,0.774555353497803,1.0,1.0,1.0,0.9060647306240845
1772,70af821c5fe95428,True,1.0,1.0,0.9745109425338033,1.0,1.0,1.0,0.9893795593890847
1773,25dbdd29ce325538,True,1.0,1.0,0.9014090331946899,1.0,1.0,1.0,0.9589204304977875
1774,3651c6423caa5145,True,1.0,1.0,1.0,1.0,1.0,1.0,1.0
1775,238f1cddb9415996,True,1.0,1.0,0.9090827951910991,1.0,1.0,1.0,0.9621178313296247
1776,605ac5873f015baf,True,1.0,1.0,0.8799689582253402,1.0,1.0,1.0,0.949987065927225
1777,1854229ce0305578,True,1.0,1.0,0.7717135775780698,1.0,1.0,1.0,0.9048806573241958
1778,36a10b24956c5db7,True,1.0,1.0,0.7716783314249039,1.0,1.0,1.0,0.9048659714270433
1779,9bd12765d98b514f,True,1.0,1.0,0.8077505731077619,1.0,1.0,1.0,0.9198960721282341
1780,062a9e3dd60955ce,True,1.0,1.0,0.763957300740171,1.0,1.0,1.0,0.9016488753084045
1781,0ffcae2811b257ee,True,1.0,1.0,1.0,0.0,1.0,1.0,0.5833333333333334
1782,e8d654d610fa547f,True,1.0,1.0,1.0,1.0,1.0,0.5,1.0
1783,6b678e4f19c05dea,True,1.0,1.0,1.0,1.0,1.0,1.0,1.0
1784,c8ab144242b05eba,True,1.0,1.0,0.9247656200770731,1.0,1.0,1.0,0.9686523416987805
1785,92fe6ff13c005ee3,True,1.0,1.0,0.7590982891575307,1.0,1.0,1.0,0.8996242871489711
1786,23993a36d4e75a1d,True,1.0,1.0,1.0,1.0,1.0,1.0,1.0
1787,432598c0bda65445,True,1.0,1.0,0.764123422576907,1.0,1.0,1.0,0.9017180927403778
1788,65729e98f81a526e,True,1.0,1.0,1.0,1.0,1.0,1.0,1.0
1789,e6077696f29b54ca,True,0.0,1.0,0.0,0.0,1.0,0.5,0.0
1790,9b5c31b36c5b5aa9,True,1.0,1.0,0.7907806683423272,1.0,1.0,1.0,0.9128252784759696
1791,8840042ede42578a,True,1.0,1.0,0.7263837600553656,1.0,1.0,1.0,0.8859932333564023
1792,d9150469e9885120,True,1.0,1.0,0.7900404102319788,1.0,1.0,0.5,0.9125168375966579
1793,7ef6481e00005279,True,1.0,1.0,0.9280245301131258,1.0,1.0,1.0,0.9700102208804692
1794,0992d669b9a25a25,True,1.0,1.0,0.7771865489830323,1.0,1.0,1.0,0.9071610620762635
1795,f78a67043d9e5477,True,1.0,1.0,1.0,1.0,1.0,1.0,1.0
1796,0e7f7322726f5b86,True,1.0,1.0,1.0,0.0,1.0,1.0,0.5833333333333334
1797,12c3a7aea386584b,True,1.0,1.0,1.0,0.0,1.0,1.0,0.5833333333333334
1798,3b185264ec565b67,True,1.0,1.0,0.8158426747482649,1.0,1.0,1.0,0.9232677811451104
1799,d961e40cb8185341,True,1.0,1.0,1.0,1.0,1.0,0.5,1.0
1800,4356c31443585d79,True,1.0,1.0,0.8402094050601239,1.0,1.0,0.0,0.9334205854417182
1801,24a1c2301c6853f7,True,1.0,1.0,0.7332744091261941,0.0,1.0,0.0,0.4721976704692475
1802,1a7b42fbbaf65c18,True,1.0,1.0,0.808988053235786,1.0,1.0,1.0,0.9204116888482442
1803,6a5ed1c72b9a5d47,True,1.0,1.0,0.7007107410303778,1.0,1.0,1.0,0.8752961420959907
1804,7bce82e059a05030,True,1.0,1.0,0.9805682110830733,0.0,1.0,1.0,0.5752367546179472
1805,d2440edd19d954b5,True,1.0,1.0,1.0,1.0,1.0,1.0,1.0
1806,7c7c063205ec5f3c,True,0.0,1.0,0.0,0.0,1.0,1.0,0.0
1807,b547cd052795562c,True,1.0,1.0,0.7282871870144623,1.0,1.0,1.0,0.8867863279226927
1808,205cce163e5a5b46,True,1.0,1.0,1.0,1.0,1.0,1.0,1.0
1809,3f03e086a6d6571d,True,1.0,1.0,0.8366885321485105,1.0,1.0,1.0,0.9319535550618795
1810,19768d49bbd45f08,True,1.0,1.0,0.9517764353824023,0.0,1.0,1.0,0.5632401814093343
1811,69e8fff107b05199,True,1.0,1.0,0.8213982127290425,1.0,1.0,1.0,0.9255825886371011
1812,b5cc4dfa26465b62,True,1.0,1.0,1.0,1.0,1.0,1.0,1.0
1813,aa072830a2d15d9f,True,1.0,1.0,1.0,1.0,1.0,1.0,1.0
1814,14cb24f3f9fc51c8,True,1.0,1.0,1.0,1.0,1.0,1.0,1.0
1815,64edcbd39d2b5f08,True,1.0,1.0,0.9813270381053151,1.0,1.0,1.0,0.9922195992105479
1816,f8b10bcaa98a53e8,True,1.0,1.0,1.0,1.0,1.0,1.0,1.0
1817,9abf3af825a35a9e,True,1.0,1.0,1.0,1.0,1.0,1.0,1.0
1818,2d30620b507f5f7c,True,1.0,1.0,1.0,1.0,1.0,1.0,1.0
1819,881f60d0faa35c17,True,1.0,1.0,0.7862945238900461,1.0,1.0,1.0,0.9109560516208525
1820,a5d356da90d05835,True,1.0,1.0,0.7435342681481976,1.0,1.0,1.0,0.8931392783950823
1821,666e41a5d36c50cc,True,1.0,1.0,0.9130357496892697,1.0,1.0,1.0,0.9637648957038625
1822,83c7a6c3c0b15b36,True,1.0,1.0,0.9972662294990422,1.0,1.0,1.0,0.9988609289579342
1823,5dcc8367111b5fad,True,1.0,1.0,1.0,1.0,1.0,1.0,1.0
1824,84fc6d5788a95edd,True,1.0,1.0,0.8138736944023166,1.0,1.0,1.0,0.9224473726676319
1825,1b8f0a989c8b5636,True,1.0,1.0,0.9565008223423974,1.0,1.0,1.0,0.9818753426426655
1826,d0a77f19bd8b5348,True,1.0,1.0,1.0,1.0,1.0,1.0,1.0
1827,3a54e9d3717d5760,True,1.0,1.0,0.7982126576646695,1.0,1.0,1.0,0.9159219406936123
1828,a9bdcf08c1ce5f5a,True,1.0,1.0,0.8423635500426577,1.0,1.0,1.0,0.9343181458511074
1829,87b2c0e49070537f,True,1.0,1.0,1.0,1.0,1.0,1.0,1.0
1830,917f7087f2665add,True,1.0,1.0,0.8202765253906906,1.0,1.0,1.0,0.9251152189127877
1831,561ac555b4a85edc,True,1.0,1.0,0.8574194503377701,1.0,1.0,1.0,0.9405914376407375
1832,b2872eb05a455f97,True,1.0,1.0,0.21273779253013336,1.0,1.0,1.0,0.6719740802208888
1833,cf9a762e8aaa55b4,True,1.0,1.0,1.0,1.0,1.0,1.0,1.0
1834,8cec7d21f7dc540b,True,1.0,1.0,0.6213612744103068,1.0,1.0,1.0,0.8422338643376278
1835,97529137af275136,True,1.0,1.0,0.9129789122746294,1.0,1.0,1.0,0.9637412134477623
1836,f6b2a416f38d5609,True,1.0,1.0,1.0,1.0,1.0,0.5,1.0
1837,50833a9c9b265db8,True,1.0,0.0,0.0,1.0,1.0,1.0,0.0
1838,bd0dd422fbc152e5,True,1.0,1.0,0.8129935667861221,1.0,1.0,1.0,0.9220806528275509
1839,c013f92386ab5921,True,1.0,1.0,1.0,1.0,1.0,1.0,1.0
1840,cde54c98cbec5255,True,1.0,1.0,0.9623145491715439,1.0,1.0,1.0,0.9842977288214767
1841,b93262812f855475,True,1.0,1.0,0.6051024944373978,1.0,1.0,1.0,0.8354593726822491
1842,bf0fa6fe20b5587f,True,1.0,1.0,1.0,1.0,1.0,1.0,1.0
1843,e62eeef3ef7055b9,True,1.0,1.0,0.6210335767709564,1.0,1.0,1.0,0.8420973236545652
1844,fce752b25ce55380,True,1.0,1.0,1.0,1.0,1.0,1.0,1.0
1845,8b10128072e6539f,True,1.0,1.0,1.0,1.0,1.0,1.0,1.0
1846,8118acf21ab154f7,True,1.0,1.0,0.8295936670478349,1.0,1.0,1.0,0.9289973612699312
1847,f424ee234e385b95,True,1.0,1.0,0.9443110285197657,1.0,1.0,0.0,0.9767962618832357
1848,77155a60b2ae5e75,True,1.0,1.0,0.7621342511292268,1.0,1.0,1.0,0.9008892713038446
1849,92beafb962d457db,True,1.0,1.0,0.7668760643514144,1.0,1.0,1.0,0.9028650268130893
1850,baf0c6e99bec57db,True,1.0,1.0,0.8056467723772196,1.0,1.0,1.0,0.9190194884905081
1851,c77dbdd287825d1a,True,1.0,1.0,0.7596428625534023,1.0,1.0,1.0,0.8998511927305843
1852,da9ee145e2b05480,True,1.0,1.0,0.6067295185389767,1.0,1.0,1.0,0.8361372993912403
1853,8f41a318d1a45310,True,1.0,1.0,1.0,1.0,1.0,1.0,1.0
1854,06c9339fdc3e5404,True,1.0,0.0,0.0,1.0,1.0,1.0,0.0
1855,bd6d1d10391854e0,True,1.0,0.0,0.0,1.0,1.0,0.5,0.0
1856,5e48f684248053bd,True,1.0,1.0,1.0,1.0,1.0,1.0,1.0
1857,9fe3ed9455355edb,True,1.0,1.0,0.8748790250953943,1.0,1.0,1.0,0.9478662604564144
1858,a23ebe50e290544b,True,1.0,1.0,0.8353395349301915,1.0,1.0,1.0,0.9313914728875798
1859,a899eed59bf85d84,True,1.0,1.0,0.6860576831054471,1.0,1.0,1.0,0.8691907012939364
1860,cf43204828af5513,True,1.0,1.0,1.0,1.0,1.0,1.0,1.0
1861,0e3f26bc3e1056ba,True,1.0,1.0,1.0,1.0,1.0,1.0,1.0
1862,887e4d57da835b12,True,1.0,1.0,1.0,1.0,1.0,1.0,1.0
1863,a4f91ed474295f00,True,1.0,1.0,1.0,0.0,1.0,1.0,0.5833333333333334
1864,cdf51b82bae55641,True,1.0,1.0,1.0,1.0,1.0,1.0,1.0
1865,378d79a6bf715912,True,1.0,1.0,0.856160665654323,1.0,1.0,1.0,0.9400669440226346
1866,59baf497f88254c8,True,1.0,1.0,0.8196788849282831,1.0,1.0,1.0,0.9248662020534514
1867,0fb88262272f5110,True,1.0,1.0,0.7687187689825373,1.0,1.0,1.0,0.9036328204093905
1868,ba9ec722d0e05e2c,True,1.0,1.0,0.8641270991468739,1.0,1.0,1.0,0.9433862913111973
1869,d754cb22172b5b75,True,1.0,0.0,0.0,1.0,1.0,1.0,0.0
1870,936037f7683c50e8,True,1.0,1.0,0.854049353543445,1.0,1.0,1.0,0.9391872306431021
1871,bb870b710b7a53e8,True,1.0,1.0,1.0,1.0,1.0,1.0,1.0
1872,152a3fbb37155fa0,True,1.0,1.0,0.8449289077343913,1.0,1.0,1.0,0.9353870448893297
1873,536a4f2c870d5e58,True,1.0,1.0,0.6480059993959634,1.0,1.0,1.0,0.8533358330816515
1874,c98aa74c885e5b96,True,1.0,1.0,0.9056675881203697,1.0,1.0,1.0,0.9606948283834873
1875,ef41e9c7f99d5d85,True,1.0,1.0,0.7459166126843617,1.0,1.0,1.0,0.8941319219518173
1876,4dd9f8881881500d,True,1.0,1.0,1.0,1.0,1.0,1.0,1.0
1877,d5bf13024f755ee4,True,1.0,0.0,0.0,1.0,1.0,1.0,0.0
1878,045a93a43af35fd1,True,1.0,1.0,1.0,1.0,1.0,1.0,1.0
1879,4ceb0bc19e0f57d5,True,1.0,1.0,1.0,1.0,1.0,1.0,1.0
1880,27eb0ba03f385c69,True,1.0,1.0,0.5457638833521534,1.0,1.0,1.0,0.8107349513967307
1881,ba86ae71bc105215,True,1.0,1.0,1.0,1.0,1.0,1.0,1.0
1882,3ea7ba225643556d,True,1.0,1.0,0.5595402617805151,1.0,1.0,1.0,0.8164751090752146
1883,adfc4abb1c4d50b3,True,1.0,1.0,1.0,1.0,1.0,1.0,1.0
1884,391a5c7303f05c39,True,1.0,1.0,0.7927760263535618,1.0,1.0,1.0,0.9136566776473174
1885,49f69d3d75b65659,True,1.0,1.0,0.9453293768963353,1.0,1.0,1.0,0.9772205737068065
1886,ff60af032dbd5caa,True,1.0,1.0,0.5742633194192541,1.0,1.0,1.0,0.8226097164246893
1887,38fb216f0cc35ecc,True,1.0,1.0,0.9575033262627103,1.0,1.0,1.0,0.9822930526094625
1888,c5ec810bb3625418,True,1.0,1.0,0.7903442409972277,1.0,1.0,1.0,0.9126434337488449
1889,6ce7347fb53b5d83,True,1.0,1.0,0.947271245341064,1.0,1.0,1.0,0.9780296855587767
1890,c36c131b21f65a13,True,1.0,1.0,0.9706913188262732,1.0,1.0,1.0,0.9877880495109471
1891,534587f0abca573b,True,1.0,1.0,0.9949792649226644,1.0,1.0,1.0,0.9979080270511101
1892,a67c6744e6c45edb,True,1.0,1.0,0.9497423104257031,1.0,1.0,0.5,0.9790592960107096
1893,5ebf3103a78b5e39,True,1.0,1.0,0.7509434802676261,1.0,1.0,1.0,0.8962264501115108
1894,fe74f3d6f5ea5283,True,1.0,1.0,0.7665627627267324,1.0,1.0,1.0,0.9027344844694718
1895,998a30325ca25437,True,1.0,1.0,1.0,1.0,1.0,1.0,1.0
1896,39cbed62434a528b,True,1.0,1.0,1.0,1.0,1.0,1.0,1.0
1897,9e3c4f7d62315b95,True,0.0,1.0,0.0,0.0,1.0,1.0,0.0
1898,2b9bb7ffb9cf5da8,True,1.0,1.0,1.0,1.0,1.0,1.0,1.0
1899,d258d4d9b2235df6,True,1.0,1.0,0.6857655787114435,1.0,1.0,1.0,0.8690689911297681
1900,8c9cbf03c46b5ddc,True,1.0,1.0,1.0,1.0,1.0,1.0,1.0
1901,5868a706ae7b5003,True,1.0,1.0,0.8050836839809247,1.0,1.0,1.0,0.9187848683253853
1902,bd3312be2419553c,True,1.0,1.0,0.5510077344813912,1.0,1.0,1.0,0.8129198893672464
1903,be382c6340e75946,True,0.5,0.0,0.0,0.0,1.0,1.0,0.0
1904,066c0c3f45915cba,True,1.0,1.0,1.0,1.0,1.0,1.0,1.0
1905,a998a0d0131f5208,True,1.0,0.0,0.0,1.0,1.0,1.0,0.0
1906,1fc48e89034758e7,True,1.0,1.0,0.7212956679895388,1.0,1.0,1.0,0.8838731949956412
1907,2025f4a272e15733,True,1.0,1.0,1.0,1.0,1.0,1.0,1.0
1908,c022ad6a9b6f5367,True,1.0,1.0,1.0,1.0,1.0,1.0,1.0
1909,e0cc59c7dc8c50bd,True,1.0,1.0,0.8720363783095638,1.0,1.0,1.0,0.9466818242956516
1910,9ddee0363c1f530a,True,1.0,1.0,1.0,1.0,1.0,1.0,1.0
1911,2b4fee42169a54a8,True,1.0,1.0,0.5478776683662938,1.0,1.0,1.0,0.8116156951526223
1912,6ccc026f6fc55bb0,True,1.0,1.0,1.0,1.0,1.0,1.0,1.0
1913,ed105c47e38b55e4,True,1.0,1.0,1.0,0.0,1.0,1.0,0.5833333333333334
1914,490f13844af5590d,True,1.0,1.0,1.0,1.0,1.0,1.0,1.0
1915,4c9e695fc66c583a,True,1.0,1.0,0.8323246947917118,1.0,1.0,1.0,0.9301352894965467
1916,f24e615d71a155ae,True,1.0,1.0,0.9711978381840223,1.0,1.0,1.0,0.9879990992433426
1917,39d78cc469d65bf8,True,1.0,1.0,0.9618841533994558,0.0,1.0,1.0,0.5674517305831066
1918,52e0d1590e0e529d,True,1.0,1.0,0.5076091423339397,1.0,1.0,1.0,0.7948371426391416
1919,4376d00ed2245c21,True,1.0,1.0,0.3604844085779842,1.0,1.0,1.0,0.7335351702408267
1920,9f1b6ff3a4865c8a,True,1.0,0.0,0.0,1.0,1.0,1.0,0.0
1921,449f88cb93fe53d8,True,1.0,1.0,1.0,1.0,1.0,1.0,1.0
1922,253dba7510ca56b8,True,1.0,1.0,0.7777070099378991,1.0,1.0,1.0,0.9073779208074578
1923,ba0dffc45509514e,True,1.0,1.0,0.7762142049594732,1.0,1.0,1.0,0.9067559187331139
1924,a161122c95815233,True,1.0,1.0,0.49668009496221033,1.0,1.0,1.0,0.790283372900921
1925,a371624958cb52ea,True,1.0,1.0,1.0,1.0,1.0,1.0,1.0
1926,be709e9a5d085f75,True,1.0,1.0,0.715502610946242,1.0,1.0,1.0,0.8814594212276008
1927,71217bf1294b5c4b,True,1.0,1.0,0.7124965840164917,1.0,1.0,1.0,0.8802069100068716
1928,ca009ab283bc5484,True,1.0,1.0,1.0,1.0,1.0,1.0,1.0
1929,178d9a3c6c6852a4,True,1.0,1.0,0.8408643550556922,1.0,1.0,1.0,0.9336934812732052
1930,87efb8cf52135247,True,1.0,1.0,0.582902904716794,1.0,1.0,1.0,0.8262095436319975
1931,650c7a9e7ea45062,True,1.0,1.0,0.8692670564288945,1.0,1.0,1.0,0.9455279401787061
1932,b6968f154bfb5a5d,True,1.0,1.0,0.5362653317314682,1.0,1.0,1.0,0.8067772215547784
1933,cb9992677d95539f,True,1.0,0.0,0.0,1.0,1.0,1.0,0.0
1934,1dae5903323e5214,True,1.0,1.0,1.0,1.0,1.0,1.0,1.0
1935,80a81ca168f454b9,True,1.0,1.0,0.8766804680551936,1.0,1.0,1.0,0.948616861689664
1936,3b4031def0f45d96,True,1.0,1.0,0.5905121547370711,1.0,1.0,1.0,0.8293800644737797
1937,e820310f7d0b5016,True,1.0,1.0,1.0,1.0,1.0,1.0,1.0
1938,97b98a9d8e935607,True,1.0,1.0,0.8453409297154577,1.0,1.0,1.0,0.9355587207147741
1939,f53ee13c32ac5bec,True,1.0,1.0,1.0,1.0,1.0,1.0,1.0
1940,b1457b7279f75735,True,1.0,1.0,1.0,1.0,1.0,1.0,1.0
1941,55790fb5a5e853d0,True,1.0,1.0,0.9630514397301206,1.0,1.0,1.0,0.9846047665542169
1942,67339e7fe4135722,True,1.0,1.0,0.7353116528290218,1.0,1.0,1.0,0.8897131886787591
1943,1f7588f60e8d5ff2,True,1.0,1.0,0.7622845194106878,1.0,1.0,1.0,0.9009518830877866
1944,95ee5b14fb3a5ce0,True,1.0,0.0,0.0,1.0,1.0,1.0,0.0
1945,1c2170ed2977545e,True,1.0,1.0,0.9414282355603938,1.0,1.0,1.0,0.9755950981501641
1946,463c7c8c669d57cf,True,1.0,1.0,0.830242160773577,1.0,1.0,1.0,0.9292675669889904
1947,d88fdf29aeed58f5,True,1.0,1.0,0.9591731969641601,1.0,1.0,1.0,0.9829888320684
1948,932938d86cfc5d6f,True,1.0,0.0,0.0,1.0,1.0,1.0,0.0
1949,44137cf5578956d1,True,1.0,1.0,0.9357985467122842,1.0,1.0,1.0,0.9732493944634518
1950,81a0a6181d335250,True,1.0,1.0,0.9630139390605919,1.0,1.0,1.0,0.9845891412752467
1951,b204289cd95c59b5,True,1.0,1.0,0.9560774400835491,1.0,1.0,1.0,0.9816989333681455
1952,e2acd907240850a3,True,1.0,1.0,1.0,1.0,1.0,1.0,1.0
1953,6a9d9f877efb51e3,True,1.0,1.0,0.544636885779498,1.0,1.0,1.0,0.8102653690747909
1954,e0f45205e41155ed,True,1.0,1.0,1.0,1.0,1.0,1.0,1.0
1955,5cf43f51d45c552f,True,1.0,1.0,0.9642055120955194,1.0,1.0,1.0,0.9850856300397997
1956,87eae54f57ea5690,True,1.0,1.0,0.7909642516587749,1.0,1.0,1.0,0.9129017715244895
1957,b69046ccdede5ae9,True,1.0,1.0,0.9598067383299783,1.0,1.0,1.0,0.983252807637491
1958,4ddab8ee947255d9,True,1.0,1.0,0.6502104294167793,1.0,1.0,1.0,0.8542543455903248
1959,e5224fa3a0f95b04,True,1.0,0.0,0.0,1.0,1.0,1.0,0.0
1960,3c542be991515ccd,True,1.0,1.0,0.7903963545644238,0.0,1.0,0.5,0.4959984810685099
1961,58d75e229a0e52bc,True,1.0,1.0,1.0,1.0,1.0,1.0,1.0
1962,14d36ea6b2d858a0,True,1.0,1.0,0.5337894232669544,1.0,1.0,1.0,0.8057455930278977
1963,775df8f025845f5f,True,1.0,1.0,1.0,1.0,1.0,1.0,1.0
1964,bc88b69c56ec5a0f,True,1.0,1.0,1.0,1.0,1.0,1.0,1.0
1965,f80a6f7f4de5564d,True,1.0,1.0,0.9573997098387571,1.0,1.0,1.0,0.9822498790994821
1966,f37d9bf7782d524b,True,1.0,1.0,1.0,1.0,1.0,1.0,1.0
1967,a197927702b850f4,True,1.0,1.0,0.7738616625623166,1.0,1.0,1.0,0.9057756927342986
1968,b52b4358ca335eb9,True,1.0,1.0,0.5991535923320023,1.0,1.0,1.0,0.8329806634716675
1969,681dc1d77f125936,True,1.0,1.0,0.7714565506486835,1.0,1.0,1.0,0.9047735627702848
1970,acc47057bb3d556d,True,1.0,1.0,1.0,1.0,1.0,1.0,1.0
1971,fe9ad4d0e8d355e2,True,1.0,1.0,0.8516140491182151,1.0,1.0,1.0,0.9381725204659229
1972,e028780a88805f58,True,1.0,1.0,0.7895296220997698,1.0,1.0,1.0,0.9123040092082375
1973,7a7e8074ee5c5389,True,1.0,1.0,0.5720761934550392,1.0,1.0,1.0,0.8216984139395996
1974,670f9d50643c5874,True,1.0,1.0,0.7490807568080289,1.0,1.0,1.0,0.8954503153366787
1975,3402ab10c02a5e25,True,1.0,1.0,0.612678384059326,1.0,1.0,1.0,0.8386159933580525
1976,a28e9a19b6a05733,True,1.0,1.0,1.0,1.0,1.0,1.0,1.0
1977,e817f131c7815d82,True,1.0,1.0,1.0,1.0,1.0,1.0,1.0
1978,879d4e4e0d2b5386,True,1.0,1.0,0.9673450284620893,1.0,1.0,1.0,0.9863937618592038
1979,b91f8a685d7457c4,True,1.0,1.0,1.0,1.0,1.0,1.0,1.0
1980,763bab6e8b6b5826,True,1.0,1.0,0.7700485807927676,1.0,1.0,1.0,0.9041869086636533
1981,6e344e75ca4e543e,True,1.0,1.0,0.5713707912353201,1.0,1.0,1.0,0.82140449634805
1982,1983aff496265a16,True,1.0,1.0,0.860468294524791,1.0,1.0,1.0,0.9418617893853295
1983,0c4bf4c931b05734,True,1.0,1.0,0.5974613582845258,1.0,1.0,1.0,0.8322755659518858
1984,f9ff7b08b88e5365,True,1.0,1.0,1.0,1.0,1.0,0.0,1.0
1985,f6e64f5e788b5101,True,1.0,1.0,0.8892701304097113,1.0,1.0,1.0,0.9538625543373797
1986,b227439005885966,True,1.0,1.0,0.7659408096746863,1.0,1.0,1.0,0.9024753373644526
1987,13fa82d6564e5bac,True,1.0,1.0,0.9713877067887206,1.0,1.0,1.0,0.9880782111619668
1988,88c0bfe353235280,True,1.0,1.0,0.8421084675695757,1.0,1.0,0.5,0.9342118614873233
1989,8af8486e96a45fa4,True,1.0,1.0,0.9135862689302274,1.0,1.0,1.0,0.9639942787209281
1990,8b608a6353a95bce,True,1.0,1.0,0.7885124698955182,1.0,1.0,1.0,0.9118801957897992
1991,85dba97943515cbd,True,1.0,1.0,0.741218721690254,1.0,1.0,1.0,0.8921744673709392
1992,b81d52bf71365207,True,1.0,1.0,0.8189191647604752,1.0,1.0,1.0,0.9245496519835313
1993,919aa2aa25a951f4,True,1.0,1.0,0.7282531409189794,1.0,1.0,1.0,0.8867721420495748
1994,fc7b8441f81b5296,True,1.0,1.0,1.0,1.0,1.0,1.0,1.0
1995,a622f6b5e06f52d0,True,1.0,1.0,1.0,1.0,1.0,1.0,1.0
1996,e27870f87c3656b1,True,1.0,1.0,0.8959911122812512,1.0,1.0,1.0,0.9566629634505214
1997,1586603a5a6353e6,True,1.0,1.0,0.5613407316770131,1.0,1.0,1.0,0.8172253048654222
1998,ea21c4b17b865a4d,True,1.0,1.0,0.8922943172393372,1.0,1.0,1.0,0.9551226321830572
1999,93a59ff864b45716,True,1.0,1.0,1.0,1.0,1.0,1.0,1.0
2000,ac36d9e5cb0752d2,True,1.0,1.0,0.6757710256256857,1.0,1.0,1.0,0.8649045940107024
2001,7d6f05aa48385ce8,True,1.0,1.0,0.935892992252696,1.0,1.0,1.0,0.9732887467719568
2002,ca4686a3d8a55f9f,True,1.0,1.0,0.8902088777697021,1.0,1.0,1.0,0.9542536990707092
2003,608c6909618b5642,True,1.0,1.0,0.9091875187276262,1.0,1.0,1.0,0.9621614661365109
2004,ee492610c55b5440,True,0.0,1.0,0.0,0.0,1.0,1.0,0.0
2005,ec7ca545f4055a2b,True,1.0,1.0,0.9193128495174391,1.0,1.0,1.0,0.9663803539655996
2006,7c30e0debf0c532b,True,1.0,1.0,1.0,1.0,1.0,1.0,1.0
2007,ad8ac16631a15da5,True,1.0,1.0,0.8600871381606521,1.0,1.0,1.0,0.941702974233605
2008,dce197f508425f2b,True,1.0,1.0,1.0,1.0,1.0,1.0,1.0
2009,65b76ee44ba5521c,True,1.0,1.0,1.0,1.0,1.0,1.0,1.0
2010,06392ff957445576,True,1.0,0.0,0.0,1.0,1.0,1.0,0.0
2011,52fae9c4f2025dc3,True,1.0,1.0,0.580566573825937,1.0,1.0,1.0,0.8252360724274738
2012,0059b8e52a3f55e8,True,1.0,1.0,0.8018118894238108,1.0,1.0,1.0,0.9174216205932545
2013,d6deeba48d2c5dfe,True,1.0,1.0,0.6021520802008324,1.0,1.0,1.0,0.8342300334170135
2014,58d69daf413c5d5a,True,1.0,1.0,0.5884511558259999,1.0,1.0,1.0,0.8285213149275
2015,f1f233f26fcf590b,True,1.0,1.0,1.0,1.0,1.0,1.0,1.0
2016,29d3a233b1915c1a,True,1.0,1.0,1.0,1.0,1.0,1.0,1.0
2017,978a5c11fbff5589,True,1.0,1.0,0.5870245930817574,1.0,1.0,1.0,0.8279269137840656
2018,94cabec7888a5bb3,True,1.0,1.0,0.7868774426998496,1.0,1.0,1.0,0.9111989344582706
2019,5f859ab2a2205477,True,1.0,1.0,0.556658372761966,1.0,1.0,1.0,0.8152743219841524
2020,a6b9a83019915658,True,1.0,1.0,1.0,1.0,1.0,1.0,1.0
2021,3d580ffc3de95e49,True,1.0,1.0,0.8115332344299508,1.0,1.0,1.0,0.9214721810124796
2022,d4c431871c755ba3,True,1.0,1.0,0.9579581237055135,1.0,1.0,1.0,0.9824825515439639
2023,2193ada652c557c3,True,1.0,1.0,0.8138768355489607,1.0,1.0,1.0,0.9224486814787336
2024,f7341516d74658fc,True,1.0,1.0,0.7896962008572798,1.0,1.0,1.0,0.9123734170238667
2025,6dcb6aa97a07588b,True,1.0,1.0,0.8400742248291706,1.0,1.0,1.0,0.9333642603454878
2026,687da3cabde458b5,True,1.0,1.0,0.9730323651397683,1.0,1.0,1.0,0.9887634854749034
2027,463d1cf17f915536,True,1.0,1.0,0.8945080488328865,1.0,1.0,1.0,0.956045020347036
2028,29b49b3e2c0f5ec2,True,1.0,1.0,1.0,0.0,1.0,1.0,0.5833333333333334
2029,662d6c1f51815bad,True,1.0,1.0,1.0,1.0,1.0,1.0,1.0
2030,c53328cc0fb15f17,True,1.0,1.0,0.9879554802036226,1.0,1.0,1.0,0.9949814500848427
2031,862378e4a52553be,True,1.0,1.0,0.8633516295546921,1.0,1.0,0.5,0.9430631789811218
2032,901722c88ebf50ea,True,1.0,1.0,0.6437777284114342,1.0,1.0,1.0,0.8515740535047643
2033,15ae8f60881b52ae,True,1.0,1.0,0.6372275016132795,1.0,1.0,1.0,0.8488447923388666
2034,1e80afcdb0b65cc4,True,1.0,1.0,0.9184457225829652,1.0,1.0,1.0,0.9660190510762355
2035,c83d1e0923295d5a,True,1.0,1.0,1.0,1.0,1.0,1.0,1.0
2036,44cbdb68f39f579d,True,1.0,1.0,1.0,1.0,1.0,1.0,1.0
2037,a3882e6ae8635832,True,1.0,1.0,0.7178613780516359,1.0,1.0,1.0,0.8824422408548482
2038,7cdcf11e211759cf,True,1.0,1.0,0.7399164858619636,1.0,1.0,1.0,0.8916318691091515
2039,d1ba8c31750e5cbd,True,1.0,1.0,0.6746533364137665,1.0,1.0,1.0,0.8644388901724027
2040,40f09c66198258e6,True,1.0,1.0,1.0,1.0,1.0,1.0,1.0
2041,f534c8da0962552c,True,1.0,1.0,0.9224906792641103,1.0,1.0,1.0,0.9677044496933793
2042,0f5de425ef3555ff,True,1.0,1.0,1.0,1.0,1.0,1.0,1.0
2043,cc2ab80d336a56e0,True,1.0,1.0,0.8036878392722463,1.0,1.0,1.0,0.918203266363436
2044,e0dbf07da5c55877,True,1.0,0.0,0.0,1.0,1.0,1.0,0.0
2045,52fb49766a14554c,True,1.0,1.0,1.0,1.0,1.0,1.0,1.0
2046,5b20163cab175e68,True,1.0,1.0,0.7729587622351206,1.0,1.0,1.0,0.9053994842646335
2047,fee60d4bd08f550a,True,1.0,1.0,1.0,1.0,1.0,1.0,1.0
2048,2576105926375ce7,True,1.0,1.0,0.8485248358684765,1.0,1.0,1.0,0.9368853482785319
2049,169ccb03f27e589d,True,1.0,1.0,1.0,1.0,1.0,1.0,1.0
2050,876f405da0da5016,True,1.0,1.0,1.0,1.0,1.0,1.0,1.0
2051,b7c6bbad8e3a579b,True,1.0,1.0,1.0,1.0,1.0,1.0,1.0
2052,7956c9ed4b855859,True,1.0,1.0,0.9576963137436678,1.0,1.0,0.5,0.9823734640598616
2053,4421e25bf73a553b,True,1.0,0.0,0.0,1.0,1.0,1.0,0.0
2054,260d8dc1970256a0,True,1.0,1.0,0.9839615474344582,1.0,1.0,1.0,0.9933173114310243
2055,f40172a8fb1a54ee,True,1.0,1.0,1.0,1.0,1.0,1.0,1.0
2056,6e10835f184d5921,True,1.0,1.0,0.8730658108711512,1.0,1.0,1.0,0.9471107545296463
2057,64f47c2f2c7754cb,True,1.0,1.0,0.7722547425142753,1.0,1.0,0.5,0.9051061427142814
2058,e5c858ae96265d95,True,1.0,1.0,0.8514071903677761,1.0,1.0,1.0,0.9380863293199067
2059,83873a51bef051ac,True,1.0,1.0,0.8197752623892423,1.0,1.0,1.0,0.924906359328851
2060,c60be3c852c55da2,True,1.0,1.0,1.0,1.0,1.0,1.0,1.0
2061,04a8b092cd525260,True,1.0,1.0,1.0,1.0,1.0,1.0,1.0
2062,46aea2dcb1485353,True,1.0,1.0,1.0,1.0,1.0,1.0,1.0
2063,c0e6ee59f6455107,True,1.0,1.0,1.0,1.0,1.0,1.0,1.0
2064,265a62af0b2954a5,True,1.0,1.0,0.46406688048846856,1.0,1.0,1.0,0.7766945335368619
2065,a73467a2eede50e9,True,1.0,1.0,0.8189742512639875,1.0,1.0,1.0,0.9245726046933281
2066,84cd08b147745635,True,1.0,1.0,1.0,1.0,1.0,1.0,1.0
2067,7bea1ee3e6bc584d,True,1.0,1.0,1.0,1.0,1.0,1.0,1.0
2068,d5d4f1c1a2f0589e,True,1.0,1.0,0.985433397418209,1.0,1.0,1.0,0.9939305822575871
2069,635faea61539589a,True,1.0,1.0,0.8999650992679271,1.0,1.0,1.0,0.9583187913616363
2070,e6dae41a69575555,True,0.0,1.0,0.0,0.0,1.0,1.0,0.0
2071,23514d24647a52a3,True,1.0,1.0,0.7180159240444617,1.0,1.0,1.0,0.8825066350185257
2072,a9fc9ff67fef5b5c,True,1.0,1.0,1.0,1.0,1.0,1.0,1.0
2073,8bb0f6034d505f75,True,1.0,1.0,0.5940044677867881,1.0,1.0,1.0,0.8308351949111618
2074,65451b2015ec58c7,True,1.0,1.0,0.5630386975208255,1.0,1.0,1.0,0.8179327906336772
2075,ccaf88fb91a25119,True,1.0,1.0,0.6232899082130378,1.0,1.0,1.0,0.8430374617554324
2076,719a6c965dd55d00,True,1.0,1.0,1.0,1.0,1.0,1.0,1.0
2077,6717940e53d45558,True,1.0,1.0,0.5224569617521914,1.0,1.0,1.0,0.8010237340634131
2078,842c341a579a525e,True,1.0,1.0,0.8691263837784443,1.0,1.0,1.0,0.9454693265743518
2079,b96dd2fae674571c,True,1.0,1.0,0.7047551015296232,1.0,1.0,1.0,0.8769812923040097
2080,182688f3d2c25fc8,True,1.0,1.0,0.8817988082274738,1.0,1.0,1.0,0.950749503428114
2081,5bfd2094e1ed528c,True,1.0,1.0,1.0,1.0,1.0,1.0,1.0
2082,377d556af9d25dab,True,1.0,1.0,1.0,1.0,1.0,1.0,1.0
2083,fb2daf8a925a5ff2,True,1.0,1.0,0.6452885844297349,1.0,1.0,1.0,0.8522035768457229
2084,69a3d7249bc85849,True,1.0,1.0,0.8364341529627393,1.0,1.0,1.0,0.9318475637344746
2085,49ae6840ff7f5e91,True,1.0,1.0,0.9060667617713027,1.0,1.0,1.0,0.9608611507380429
2086,76a07493339e5e81,True,1.0,1.0,1.0,1.0,1.0,1.0,1.0
2087,9100530861d851b0,True,1.0,1.0,1.0,1.0,1.0,1.0,1.0
2088,c848c9ccc6e55adf,True,1.0,1.0,0.9309055045697159,1.0,1.0,1.0,0.9712106269040482
2089,360d4a6ec45d53a3,True,1.0,1.0,0.8615119835422409,1.0,1.0,1.0,0.942296659809267
2090,334ddbed40095e07,True,1.0,1.0,0.7402260125158437,1.0,1.0,1.0,0.8917608385482683
2091,9b10283b8df6565e,True,1.0,1.0,1.0,1.0,1.0,1.0,1.0
2092,ef35eef8e3ae56ef,True,1.0,0.0,0.0,1.0,1.0,1.0,0.0
2093,029a9572e05a5914,True,1.0,1.0,0.9813384786778665,1.0,1.0,1.0,0.9922243661157776
2094,360670b878f45284,True,1.0,1.0,1.0,1.0,1.0,1.0,1.0
2095,086e0f2ff2c45bb3,True,1.0,1.0,1.0,0.0,1.0,1.0,0.5833333333333334
2096,86f148317f03504b,True,1.0,1.0,0.7771138678260323,1.0,1.0,1.0,0.9071307782608468
2097,3b1e0182cb145b8d,True,1.0,1.0,0.8572049380679339,1.0,1.0,1.0,0.9405020575283057
2098,5056ce4462ad5960,True,1.0,1.0,0.6712556226809417,1.0,1.0,1.0,0.8630231761170591
2099,da64267c15aa5531,True,1.0,1.0,1.0,1.0,1.0,1.0,1.0
2100,78c9157a55905d81,True,1.0,1.0,0.893632656595575,1.0,1.0,1.0,0.9556802735814895
2101,8ce2cf49a1955788,True,1.0,1.0,1.0,1.0,1.0,1.0,1.0
2102,8d8806333d865527,True,1.0,1.0,1.0,1.0,1.0,1.0,1.0
2103,e7c691d409295501,True,1.0,1.0,0.7679910521678137,1.0,1.0,1.0,0.9033296050699224
2104,ad4698e8271356b3,True,1.0,1.0,0.7703387655304135,1.0,1.0,1.0,0.9043078189710055
2105,ab4401719a355a62,True,1.0,1.0,0.863384410715986,1.0,1.0,1.0,0.9430768377983275
2106,5cb9850a89b6578e,True,1.0,1.0,1.0,1.0,1.0,1.0,1.0
2107,33e4d8b62def5fbc,True,1.0,1.0,0.7933374043572674,1.0,1.0,1.0,0.9138905851488613
2108,649ee93e67cc58bb,True,1.0,1.0,1.0,1.0,1.0,1.0,1.0
2109,011376b151f2526c,True,1.0,1.0,1.0,0.0,1.0,1.0,0.5833333333333334
2110,fff1abbe76e55819,True,1.0,1.0,0.6432061229058097,1.0,1.0,1.0,0.8513358845440874
2111,999785384adc5afe,True,1.0,1.0,1.0,1.0,1.0,1.0,1.0
2112,dece3a034000579e,True,1.0,1.0,1.0,1.0,1.0,1.0,1.0
2113,140a3ea8607f528f,True,1.0,1.0,0.5353651521281935,1.0,1.0,1.0,0.8064021467200805
2114,8d0a07b3cb955714,True,1.0,1.0,0.923190015289128,1.0,1.0,1.0,0.9679958397038032
2115,bdfc5ac88bce56ed,True,1.0,1.0,0.8054212662618988,1.0,1.0,1.0,0.9189255276091245
2116,868b74972b4c59fd,True,1.0,1.0,0.8462626136003104,1.0,1.0,1.0,0.935942755666796
2117,e06567ac03815716,True,1.0,1.0,0.9456287036874453,1.0,1.0,1.0,0.9773452932031023
2118,f5ac458eab7b5ba5,True,1.0,1.0,0.9527892826640083,1.0,1.0,1.0,0.9803288677766702
2119,27ff47ea8aea59cf,True,1.0,1.0,0.7356805173646513,1.0,1.0,1.0,0.8898668822352714
2120,15f703b63e545d42,True,1.0,1.0,0.8092345299428778,1.0,1.0,1.0,0.9205143874761991
2121,b1c410cdd06b5bb4,True,1.0,1.0,0.8389011270490018,1.0,1.0,0.0,0.9328754696037507
2122,88ff8f6ad0ab5a77,True,1.0,0.0,0.0,1.0,1.0,1.0,0.0
2123,1f29aa63bc64550d,True,1.0,1.0,0.8280961657551481,1.0,1.0,1.0,0.9283734023979783
2124,80199eddf2cc590f,True,1.0,1.0,0.6193137568262342,1.0,1.0,1.0,0.841380732010931
2125,3b6865082c225fe8,True,1.0,1.0,1.0,1.0,1.0,1.0,1.0
2126,9dff2b84ff305fff,True,1.0,1.0,0.9358971758911087,1.0,1.0,1.0,0.9732904899546287
2127,bc551b5cc30b5ef5,True,1.0,1.0,1.0,1.0,1.0,1.0,1.0
2128,947829285f5d5526,True,1.0,0.0,0.0,1.0,1.0,1.0,0.0
2129,d88a725f8b125d74,True,1.0,1.0,0.9422942810519184,1.0,1.0,1.0,0.9759559504382992
2130,3e1e7bc23c515108,True,1.0,1.0,1.0,1.0,1.0,1.0,1.0
2131,8c2e3aa977d95da5,True,1.0,1.0,0.9932816202121952,1.0,1.0,1.0,0.9972006750884147
2132,11ee697033a159a9,True,1.0,1.0,0.7835388354479644,1.0,1.0,1.0,0.9098078481033185
2133,d130c508fb26575e,True,1.0,1.0,0.7998377657313416,1.0,1.0,1.0,0.9165990690547257
2134,a567ea679ba056ce,True,1.0,1.0,0.6742869468494752,1.0,1.0,1.0,0.864286227853948
2135,a8d4a3fc503c5f83,True,1.0,1.0,0.8676429336279454,1.0,1.0,1.0,0.9448512223449773
2136,05769097cb6c5b91,True,1.0,1.0,0.8456413942733172,1.0,1.0,1.0,0.9356839142805488
2137,7f0cd8a968f45cf9,True,1.0,1.0,1.0,1.0,1.0,1.0,1.0
2138,85406e57732a5121,True,1.0,1.0,0.9984507822554063,1.0,1.0,1.0,0.9993544926064194
2139,6c5d84e81aca5755,True,1.0,1.0,0.7665510121168098,1.0,1.0,1.0,0.902729588382004
2140,eccba8e0ad6651c3,True,0.0,1.0,0.0,0.0,1.0,1.0,0.0
2141,9ee5cb5e3908569a,True,1.0,1.0,0.8261000960908689,1.0,1.0,1.0,0.9275417067045287
2142,26565788812b5fde,True,1.0,1.0,0.9528842103933429,1.0,1.0,1.0,0.9803684209972262
2143,f6ee3ce42dfc56e3,True,1.0,1.0,1.0,1.0,1.0,1.0,1.0
2144,253ec4fb977d52d6,True,1.0,0.0,0.0,1.0,1.0,0.5,0.0
2145,253c33ffe10a5aa7,True,1.0,1.0,0.9139541395569978,1.0,1.0,1.0,0.9641475581487491
2146,d15124ba09f35a70,True,1.0,1.0,0.8611004120993058,1.0,1.0,1.0,0.9421251717080441
2147,07e885122c9b5bd1,True,1.0,1.0,0.8709355208500035,1.0,1.0,1.0,0.9462231336875014
2148,117b147622605d6a,True,1.0,0.0,0.0,1.0,1.0,1.0,0.0
2149,1d58f582aa95543b,True,1.0,1.0,0.80500098124631,1.0,1.0,0.0,0.9187504088526293
2150,087e15b24dd55c90,True,1.0,1.0,0.7873822345535202,1.0,1.0,1.0,0.9114092643973001
2151,0ddc4576607e561e,True,1.0,1.0,0.8264451297161478,1.0,1.0,1.0,0.9276854707150616
2152,a9e622747fc45a0a,True,1.0,1.0,0.8937279517203232,1.0,1.0,1.0,0.9557199798834679
2153,9d1d720d0e2e511e,True,1.0,1.0,0.9403969833425054,1.0,1.0,1.0,0.9751654097260439
2154,a12c7f84ebd25b1e,True,1.0,1.0,0.8507276604616704,1.0,1.0,1.0,0.9378031918590294
2155,d063f70ffb44513e,True,1.0,1.0,0.9191470876098382,1.0,1.0,1.0,0.9663112865040993
2156,6012a63b7a3b52c7,True,1.0,1.0,0.7790482006728812,1.0,1.0,1.0,0.9079367502803671
2157,0747dcc3a9b7501f,True,1.0,1.0,0.7168399060956313,1.0,1.0,1.0,0.8820166275398463
2158,0f1d91e077d05381,True,0.0,1.0,0.0,0.0,1.0,1.0,0.0
2159,8f67b84df6b75bd1,True,1.0,1.0,0.7975148114734726,1.0,1.0,1.0,0.9156311714472802
2160,d24a3d77682d55b6,True,1.0,1.0,0.8949752044816411,1.0,1.0,1.0,0.9562396685340172
2161,ef23fc3dea3551b5,True,1.0,1.0,1.0,1.0,1.0,1.0,1.0
2162,b8bd18a1ccf45918,True,1.0,1.0,0.958934759097506,1.0,1.0,1.0,0.9828894829572942
2163,ecc6f4f3dd735feb,True,1.0,1.0,0.6937565335153423,1.0,1.0,1.0,0.8723985556313926
2164,964c8941cfe558bb,True,1.0,1.0,0.8689834554733479,1.0,1.0,1.0,0.945409773113895
2165,c1e612a123d059d7,True,1.0,1.0,0.7451170821754448,1.0,1.0,1.0,0.8937987842397687
2166,35e457e286ab5db5,True,1.0,1.0,0.8608454003862133,1.0,1.0,1.0,0.9420189168275889
2167,dc2279179bb25d08,True,1.0,0.0,0.0,1.0,1.0,1.0,0.0
2168,e63c18e2bcfa5526,True,1.0,1.0,1.0,1.0,1.0,1.0,1.0
2169,a1d7b6056b4b5566,True,1.0,1.0,0.9383848545356804,1.0,1.0,1.0,0.9743270227232003
2170,8de2e76340335ed9,True,1.0,1.0,0.8334492499488544,1.0,1.0,1.0,0.930603854145356
2171,12030460794b563e,True,1.0,1.0,0.8520838724594717,1.0,1.0,1.0,0.9383682801914466
2172,aa09b515e34356f4,True,1.0,1.0,0.5370157013032786,1.0,1.0,1.0,0.8070898755430328
2173,c11764f655de59fd,True,1.0,1.0,0.8538346059548381,1.0,1.0,1.0,0.9390977524811825
2174,fdd71ab4630a5fb8,True,1.0,1.0,0.9078138141878783,1.0,1.0,1.0,0.9615890892449492
2175,8a492ff6a81054a7,True,1.0,1.0,0.750983193379689,1.0,1.0,1.0,0.896242997241537
2176,54229e2cb94b5adb,True,1.0,1.0,0.674257763919331,1.0,1.0,1.0,0.8642740682997213
2177,6a6362156db75390,True,1.0,1.0,0.9056555982865662,1.0,1.0,1.0,0.9606898326194026
2178,1cb3b57dac2d5435,True,1.0,1.0,0.8495692938782353,1.0,1.0,1.0,0.9373205391159315
2179,4b594a8e80915943,True,1.0,1.0,0.7368749508620547,1.0,1.0,1.0,0.8903645628591894
2180,81b16700f22d5688,True,1.0,1.0,1.0,1.0,1.0,1.0,1.0
2181,a08ed58ddc6d53b3,True,1.0,1.0,1.0,1.0,1.0,1.0,1.0
2182,6a101cae21b1532d,True,1.0,1.0,0.6011483090690088,1.0,1.0,1.0,0.8338117954454204
2183,60e45802b0245195,True,1.0,1.0,1.0,1.0,1.0,1.0,1.0
2184,2e9c19d0168c58ac,True,1.0,1.0,1.0,1.0,1.0,1.0,1.0
2185,a549496e4b835d1b,True,1.0,1.0,0.9273292075124075,1.0,1.0,1.0,0.9697205031301698
2186,cd6e2fc752755753,True,1.0,1.0,1.0,1.0,1.0,1.0,1.0
2187,241098fe619c5de0,True,1.0,1.0,0.9162054992042162,1.0,1.0,1.0,0.9650856246684234
2188,6881586931a25031,True,1.0,1.0,0.7950985550204929,1.0,1.0,1.0,0.9146243979252054
2189,2c76300c674f5769,True,1.0,1.0,0.7169761474214662,1.0,1.0,1.0,0.8820733947589442
2190,ab2d918fa2e2543d,True,1.0,1.0,0.9414073414115817,1.0,1.0,1.0,0.9755863922548258
2191,e4ec48f9d6f85d23,True,1.0,1.0,0.5965536812688694,1.0,1.0,1.0,0.8318973671953622
2192,f18ef27ec008527a,True,1.0,1.0,0.8038524227089016,1.0,1.0,1.0,0.9182718427953755
2193,1bb7bab27d1552f5,True,1.0,1.0,1.0,1.0,1.0,1.0,1.0
2194,655917ea5da455c8,True,1.0,1.0,0.21884482204321173,1.0,1.0,1.0,0.6745186758513383
2195,3be6682bde7d5548,True,1.0,0.0,0.0,1.0,1.0,1.0,0.0
2196,f069ac62d63e5e25,True,1.0,1.0,0.8105364636367849,1.0,1.0,1.0,0.9210568598486604
2197,e0c8f4849910501f,True,1.0,1.0,0.882436930828343,1.0,1.0,1.0,0.951015387845143
2198,e0307c8f17145414,True,1.0,1.0,0.5760993458278627,1.0,1.0,1.0,0.8233747274282761
2199,522b72a25cbb5ef9,True,1.0,1.0,0.7846299277839165,1.0,1.0,1.0,0.9102624699099652
2200,127b9e23f1805690,True,1.0,1.0,0.6892633708642737,1.0,1.0,1.0,0.8705264045267808
2201,e9b43b140b1d54bf,True,1.0,1.0,1.0,1.0,1.0,1.0,1.0
2202,f140d31943145068,True,1.0,1.0,0.7523671348508981,1.0,1.0,1.0,0.8968196395212075
2203,dc47dc70547551f6,True,1.0,1.0,0.7251663267688427,1.0,1.0,1.0,0.8854859694870179
2204,6b72426a8dd155bb,True,1.0,1.0,0.8771940886735061,1.0,1.0,1.0,0.9488308702806275
2205,ba8f7c5757365a36,True,1.0,1.0,0.8827947402769304,1.0,1.0,1.0,0.9511644751153877
2206,c46978b319c7533d,True,1.0,1.0,0.5518555672922165,1.0,1.0,1.0,0.8132731530384235
2207,4cf608d9de4e5349,True,1.0,1.0,0.7326406386625967,1.0,1.0,1.0,0.8886002661094152
2208,5317b890d3e45958,True,1.0,1.0,1.0,1.0,1.0,1.0,1.0
2209,8580d0bf545b5261,True,1.0,1.0,0.7954060474970859,1.0,1.0,1.0,0.9147525197904525
2210,135b319cf4b1584c,True,1.0,1.0,0.8832023544067833,1.0,1.0,1.0,0.9513343143361598
2211,d306c671b1ce531c,True,1.0,1.0,0.8819849622434914,1.0,1.0,1.0,0.9508270676014549
2212,f6c6b09c85e357ee,True,1.0,1.0,1.0,1.0,1.0,1.0,1.0
2213,7c42db62ed515a8c,True,1.0,1.0,1.0,1.0,1.0,1.0,1.0
2214,fe703fbf263151f2,True,1.0,1.0,1.0,1.0,1.0,1.0,1.0
2215,346e3a62c61e50df,True,1.0,1.0,0.8055396564098213,1.0,1.0,1.0,0.9189748568374255
2216,b393ab92c8ac5e77,True,1.0,1.0,0.8792888517876054,0.0,1.0,1.0,0.5330370215781689
2217,06df6b00bdad5229,True,1.0,1.0,1.0,1.0,1.0,1.0,1.0
2218,d651033bf05e5da3,True,1.0,1.0,1.0,1.0,1.0,1.0,1.0
2219,764bbbaf51f85bd8,True,1.0,0.0,0.0,1.0,1.0,0.0,0.0
2220,9468f5ec72415a29,True,1.0,1.0,1.0,1.0,1.0,1.0,1.0
2221,3b53493dfe335ea6,True,1.0,0.0,0.0,1.0,1.0,1.0,0.0
2222,c5ff90667143574a,True,1.0,1.0,0.9906020300207534,1.0,1.0,1.0,0.9960841791753139
2223,59dcc37e3f235412,True,1.0,1.0,1.0,1.0,1.0,1.0,1.0
2224,6e5ae240ac8a5862,True,1.0,1.0,1.0,1.0,1.0,1.0,1.0
2225,2d2a1f08e4895258,True,1.0,1.0,1.0,1.0,1.0,1.0,1.0
2226,3bf1265b7ab65fc2,True,1.0,1.0,0.9769475460583883,1.0,1.0,1.0,0.9903948108576618
2227,8abc81ff3045543b,True,1.0,1.0,0.972443832896049,1.0,1.0,1.0,0.988518263706687
2228,cadeb92fe01652e3,True,1.0,1.0,0.8364348808022376,1.0,1.0,1.0,0.9318478670009324
2229,a36cdc9ebe595113,True,1.0,1.0,0.9898294591482876,1.0,1.0,1.0,0.9957622746451197
2230,81d6a870aab05080,True,1.0,1.0,0.9185609010607787,1.0,1.0,1.0,0.9660670421086578
2231,77bff1fe494e52dd,True,1.0,1.0,1.0,0.0,1.0,1.0,0.5833333333333334
2232,de85008572b15018,True,1.0,1.0,1.0,1.0,1.0,1.0,1.0
2233,1c64f911576a502d,True,1.0,1.0,0.8621074533080164,1.0,1.0,1.0,0.9425447722116735
2234,480f8beca45f53cd,True,1.0,0.0,0.0,1.0,1.0,0.5,0.0
2235,8d069310b22a5716,True,1.0,1.0,0.3667247085526068,1.0,1.0,1.0,0.7361352952302528
2236,e4d88f52d2b45609,True,1.0,1.0,0.9926357075934936,1.0,1.0,1.0,0.9969315448306224
2237,d615904971e05b5a,True,1.0,0.0,0.0,1.0,1.0,1.0,0.0
2238,12b32c24d2cf5309,True,1.0,1.0,1.0,1.0,1.0,1.0,1.0
2239,22c1a51ffc1f5022,True,1.0,1.0,1.0,1.0,1.0,1.0,1.0
2240,290091fca02b5939,True,1.0,1.0,1.0,1.0,1.0,1.0,1.0
2241,74308c04628b5879,True,1.0,1.0,0.7774557853516576,1.0,1.0,1.0,0.907273243896524
2242,e6095ad750805bff,True,1.0,1.0,1.0,1.0,1.0,1.0,1.0
2243,833189ada8fa5ba2,True,1.0,1.0,1.0,1.0,1.0,1.0,1.0
2244,d7c78dbb6fb25194,True,1.0,1.0,0.5967736513649875,1.0,1.0,1.0,0.8319890214020781
2245,135ae32b6edc55c5,True,0.0,1.0,0.0,0.0,1.0,1.0,0.0
2246,1d0c8aa56b6350bf,True,1.0,1.0,1.0,1.0,1.0,1.0,1.0
2247,6b7c5199f84e5aac,True,1.0,1.0,0.8791618023608447,1.0,1.0,1.0,0.9496507509836852
2248,4f87ef91e3425ebc,True,1.0,1.0,0.7787638664533771,1.0,1.0,1.0,0.9078182776889072
2249,ddf632a3ce305812,True,1.0,1.0,1.0,1.0,1.0,1.0,1.0
2250,807c1ce92e235b11,True,1.0,1.0,1.0,1.0,1.0,1.0,1.0
2251,4d6afade8dd35690,True,1.0,1.0,1.0,1.0,1.0,1.0,1.0
2252,f470121c6add5665,True,1.0,0.0,0.0,0.0,1.0,1.0,0.0
2253,d474e3bc97d253ee,True,1.0,1.0,1.0,1.0,1.0,1.0,1.0
2254,9839a7913075581e,True,1.0,1.0,0.7524932615607938,1.0,1.0,1.0,0.8968721923169974
2255,5825e60bec9f59fb,True,1.0,1.0,1.0,1.0,1.0,1.0,1.0
2256,a807cfefb041572b,True,1.0,1.0,1.0,1.0,1.0,1.0,1.0
2257,dc50a0853e295e88,True,1.0,1.0,0.9570030250641575,1.0,1.0,1.0,0.9820845937767322
2258,ef51ebb0662159d9,True,1.0,1.0,0.877422813879116,1.0,1.0,1.0,0.9489261724496316
2259,5bdbe484641a55fa,True,1.0,1.0,1.0,1.0,1.0,1.0,1.0
2260,f51f9c282b9a54aa,True,1.0,1.0,1.0,1.0,1.0,1.0,1.0
2261,d5ff634ca2dd5801,True,1.0,1.0,0.9987622198910047,1.0,1.0,1.0,0.9994842582879185
2262,262af71b5e0c5108,True,1.0,1.0,0.9003254523038615,1.0,1.0,1.0,0.9584689384599422
2263,d9880e5e2cff5787,True,1.0,1.0,1.0,1.0,1.0,1.0,1.0
2264,8c5a5e3a57535abf,True,1.0,1.0,1.0,1.0,1.0,1.0,1.0
2265,f99a74d444e651d3,True,1.0,1.0,0.8404043706875853,1.0,1.0,1.0,0.9335018211198273
2266,3b7933b82dc65348,True,1.0,1.0,1.0,1.0,1.0,1.0,1.0
2267,05c3b54be1cc52d0,True,1.0,1.0,0.7810529774275042,1.0,1.0,1.0,0.9087720739281268
2268,6f11adda2af357ff,True,1.0,1.0,0.9655304645230158,1.0,1.0,1.0,0.9856376935512566
2269,9986c0e5f88f547f,True,1.0,1.0,0.8923998368516741,1.0,1.0,1.0,0.9551665986881975
2270,62974364debd5463,True,1.0,1.0,0.7706086137697944,1.0,1.0,1.0,0.9044202557374144
2271,9881bb008f61514a,True,1.0,1.0,0.6983916958500997,1.0,1.0,1.0,0.874329873270875
2272,3bb527d97cee5163,True,1.0,1.0,0.7003581272190713,1.0,1.0,1.0,0.8751492196746131
2273,8f5610a77c3257f9,True,1.0,1.0,0.9443019590849645,1.0,1.0,1.0,0.9767924829520686
2274,abb2ccc5501c58f3,True,1.0,1.0,0.5256347724408209,1.0,1.0,1.0,0.802347821850342
2275,5a3ac99dc74c57ea,True,1.0,1.0,0.7779089459660441,1.0,1.0,1.0,0.907462060819185
2276,597a23643be958dc,True,1.0,1.0,0.7386431735973598,1.0,1.0,1.0,0.8911013223322333
2277,53abaebc66d4549e,True,1.0,1.0,0.8113092478874746,1.0,1.0,1.0,0.9213788532864479
2278,a7a0fe1f804c5fa5,True,1.0,1.0,0.9561307210096497,1.0,1.0,1.0,0.9817211337540207
2279,2eac5afe2036526c,True,1.0,1.0,0.938079492798651,1.0,1.0,1.0,0.9741997886661046
2280,981ab4a5d11b5090,True,1.0,0.0,0.0,1.0,1.0,1.0,0.0
2281,e209822e11365182,True,1.0,1.0,0.8535380207664238,1.0,1.0,1.0,0.9389741753193434
2282,0f6aef2cc48d5621,True,1.0,1.0,0.7662437041890433,1.0,1.0,1.0,0.9026015434121014
2283,ce8cc7a247f651be,True,1.0,1.0,1.0,1.0,1.0,1.0,1.0
2284,abdf3c37dc03596c,True,1.0,1.0,0.7642751548256886,1.0,1.0,1.0,0.9017813145107035
2285,b7c1448b395e56c6,True,1.0,1.0,0.7814751067845224,1.0,1.0,1.0,0.9089479611602176
2286,5c5d006eb7b854c3,True,1.0,0.0,0.0,1.0,1.0,1.0,0.0
2287,54c95aa7df955414,True,1.0,1.0,0.9891305373181544,1.0,1.0,1.0,0.9954710572158977
2288,d68c7a7e02265029,True,1.0,1.0,1.0,0.0,1.0,0.0,0.5833333333333334
2289,a7fa674076175448,True,1.0,1.0,0.750685547657442,1.0,1.0,1.0,0.8961189781906008
2290,9ed452bde7335185,True,1.0,1.0,0.7925014475936513,1.0,1.0,1.0,0.9135422698306881
2291,25b5cecdb3b75e7c,True,1.0,1.0,1.0,1.0,1.0,1.0,1.0
2292,92e33be532965ecf,True,1.0,1.0,1.0,1.0,1.0,1.0,1.0
2293,4f359b56679c50ff,True,1.0,1.0,0.5083391347146745,1.0,1.0,1.0,0.7951413061311143
2294,46f4d9ea67c75a76,True,1.0,1.0,1.0,1.0,1.0,1.0,1.0
2295,6cb33358dfbc5a84,True,1.0,1.0,0.7671644335516214,1.0,1.0,1.0,0.9029851806465089
2296,fb0297e3fc9b573e,True,1.0,1.0,0.9190401525448133,1.0,1.0,1.0,0.9662667302270055
2297,c42677f7e56f5c3f,True,1.0,1.0,1.0,1.0,1.0,1.0,1.0
2298,e9f68a55225a536c,True,1.0,1.0,0.905195569776279,1.0,1.0,1.0,0.9604981540734495
2299,f3aaed259ab15dcc,True,1.0,1.0,1.0,1.0,1.0,1.0,1.0
2300,3a7b323176855920,True,1.0,1.0,0.7821447736343222,1.0,1.0,1.0,0.909226989014301
2301,ba8688a796b55984,True,1.0,1.0,0.9684403835650414,1.0,1.0,1.0,0.9868501598187672
2302,5f09eaa4509f5997,True,1.0,1.0,0.6535339867107189,1.0,1.0,1.0,0.8556391611294663
2303,7a35be74d30b5a74,True,1.0,1.0,1.0,1.0,1.0,1.0,1.0
2304,70d9d518ad0f5382,True,0.0,1.0,0.0,0.0,1.0,1.0,0.0
2305,97c8e9ca10ba5a69,True,1.0,1.0,0.6165417719391821,1.0,1.0,1.0,0.8402257383079926
2306,75bb2e7612425d57,True,1.0,1.0,0.5127192418557245,1.0,1.0,1.0,0.7969663507732184
2307,b08965aff8165bec,True,1.0,1.0,0.8440926563601082,1.0,1.0,1.0,0.9350386068167117
2308,6b4cf0c1208155f5,True,1.0,1.0,0.811129751373436,1.0,1.0,1.0,0.921304063072265
2309,09fc278e5d43564f,True,1.0,1.0,0.9306039643443218,1.0,1.0,1.0,0.9710849851434674
2310,b5155b952c645ce0,True,1.0,1.0,0.9457064493781859,1.0,1.0,1.0,0.9773776872409107
2311,66c2b2bf35745563,True,1.0,1.0,0.948324631821622,1.0,1.0,1.0,0.9784685965923424
2312,1223890860725b50,True,1.0,1.0,0.7241830664818182,1.0,1.0,1.0,0.8850762777007576
2313,d1bae9e7d9785598,True,1.0,0.0,0.0,0.0,1.0,1.0,0.0
2314,f530d03c88b652a7,True,1.0,1.0,0.8067104791682455,1.0,1.0,1.0,0.9194626996534355
2315,77071a33907c58f2,True,1.0,1.0,0.7893496071400019,1.0,1.0,1.0,0.9122290029750008
2316,059ca66ac38a5c28,True,1.0,1.0,0.9661651044953969,1.0,1.0,1.0,0.9859021268730821
2317,81ba62d61b225021,True,1.0,1.0,1.0,1.0,1.0,1.0,1.0
2318,20d3a5f5b9e6549f,True,1.0,1.0,0.9034510469157641,1.0,1.0,1.0,0.9597712695482349
2319,a3a47ea11a5e5939,True,1.0,0.0,0.0,1.0,1.0,1.0,0.0
2320,575453863ce05f35,True,1.0,1.0,1.0,1.0,1.0,0.5,1.0
2321,2ea6bdf1e8905fd8,True,1.0,1.0,0.871644762881444,1.0,1.0,1.0,0.9465186512006016
2322,da6bafca1d9f5b58,True,1.0,1.0,0.5205208579518559,1.0,1.0,1.0,0.8002170241466066
2323,cb5ec9cf4fb556c7,True,1.0,1.0,0.8586581380717757,1.0,1.0,1.0,0.9411075575299065
2324,bb2645c10ec25a6b,True,1.0,1.0,0.7815748751270871,1.0,1.0,1.0,0.9089895313029529
2325,41cf41279f5459f6,True,1.0,1.0,0.858062842584443,1.0,1.0,1.0,0.940859517743518
2326,e10bd715492150e3,True,1.0,1.0,0.6880102130935376,1.0,1.0,1.0,0.8700042554556408
2327,f9532e6ad0b05fbb,True,0.0,0.0,0.0,0.0,1.0,1.0,0.0
2328,2d151a8187f050bf,True,1.0,1.0,0.966700559679988,1.0,1.0,1.0,0.9861252331999951
2329,117372631fc4501c,True,1.0,1.0,1.0,1.0,1.0,1.0,1.0
2330,8051c60f20705909,True,1.0,1.0,0.8751559793190975,1.0,1.0,1.0,0.947981658049624
2331,a8fb178e35d25d73,True,1.0,0.0,0.0,1.0,1.0,1.0,0.0
2332,4c771d89311d548a,True,1.0,1.0,1.0,1.0,1.0,1.0,1.0
2333,cd8518ca186155f9,True,1.0,0.0,0.0,1.0,1.0,1.0,0.0
2334,8d3ac506e17050ba,True,1.0,1.0,0.5429226634246409,1.0,1.0,1.0,0.809551109760267
2335,2115a02d06035ce0,True,1.0,1.0,0.8183570169761055,1.0,1.0,1.0,0.9243154237400439
2336,0ee2bbd11d4451c3,True,1.0,1.0,1.0,1.0,1.0,1.0,1.0
2337,cca534b6970f5c8e,True,1.0,1.0,0.8036667868635169,1.0,1.0,1.0,0.9181944945264654
2338,4be4c3659ea0575c,True,1.0,1.0,0.1394619533102019,1.0,1.0,1.0,0.6414424805459175
2339,2649dcc8a1725fb2,True,1.0,1.0,0.95623742694249,1.0,1.0,1.0,0.9817655945593708
2340,6666f491ef505a49,True,1.0,1.0,0.5999113566241476,1.0,1.0,1.0,0.8332963985933949
2341,95f42de7bd075f88,True,1.0,1.0,1.0,1.0,1.0,1.0,1.0
2342,2834297c33cd5d50,True,1.0,0.0,0.0,1.0,1.0,1.0,0.0
2343,80957a180a325353,True,1.0,1.0,1.0,1.0,1.0,1.0,1.0
2344,bcdf72879fff5ab1,True,1.0,1.0,0.8007948147627163,1.0,1.0,1.0,0.916997839484465
2345,da751fd130625cce,True,1.0,1.0,0.644594364506986,1.0,1.0,1.0,0.8519143185445776
2346,291a9c13b9345fd7,True,1.0,1.0,0.7599685947880881,1.0,1.0,1.0,0.8999869144950366
2347,fdde37fbe3d35bef,True,1.0,1.0,0.9458470569574328,1.0,1.0,1.0,0.9774362737322636
2348,6b61ec04ecb25221,True,1.0,1.0,0.7020554136654873,1.0,1.0,1.0,0.8758564223606197
2349,4c5164f4b17d5581,True,1.0,1.0,1.0,1.0,1.0,1.0,1.0
2350,936bb410fa70545b,True,1.0,1.0,0.8690793779383424,1.0,1.0,1.0,0.9454497408076428
2351,5a8855c7c104596c,True,1.0,1.0,1.0,1.0,1.0,1.0,1.0
2352,60fbe2351f325132,True,1.0,1.0,1.0,1.0,1.0,1.0,1.0
2353,b75644dcc9ca58fe,True,1.0,1.0,0.8777213033231479,1.0,1.0,1.0,0.9490505430513116
2354,4d6456183bd056bc,True,1.0,1.0,0.6644331996227194,1.0,1.0,1.0,0.8601804998427998
2355,6420c06f99465b53,True,1.0,1.0,1.0,1.0,1.0,1.0,1.0
2356,2d060a1354d4545e,True,1.0,1.0,0.2743992138374164,1.0,1.0,1.0,0.6976663390989235
2357,a4cd60ef102957cb,True,1.0,0.0,0.0,1.0,1.0,1.0,0.0
2358,e4d27e2ed6ac513e,True,1.0,1.0,0.8609389971011553,1.0,1.0,1.0,0.9420579154588147
2359,d93e31dfb0c25be5,True,1.0,1.0,1.0,1.0,1.0,1.0,1.0
2360,6cad8c31d4725496,True,1.0,1.0,1.0,1.0,1.0,1.0,1.0
2361,9c0cc184e0895e70,True,1.0,1.0,0.6958622507726258,1.0,1.0,1.0,0.8732759378219274
2362,836615f5978b56e5,True,1.0,1.0,0.9278101679597095,1.0,1.0,1.0,0.9699209033165456
2363,e133b313fabc56b4,True,1.0,1.0,0.808627572521577,1.0,1.0,1.0,0.9202614885506571
2364,ccd74f5377b85a36,True,1.0,1.0,0.813955287573172,1.0,1.0,1.0,0.922481369822155
2365,e22fe7366ecd5c70,True,0.0,1.0,0.0,0.0,1.0,1.0,0.0
2366,a4c23fa815945fe3,True,1.0,1.0,0.8748839142322924,1.0,1.0,1.0,0.9478682975967884
2367,543075ac6a275db3,True,1.0,1.0,0.9122483377160109,1.0,1.0,1.0,0.9634368073816711
2368,7df960d73e50560b,True,1.0,1.0,1.0,1.0,1.0,1.0,1.0
2369,1ca75f05f31d51cc,True,1.0,1.0,0.7346015591887947,1.0,1.0,1.0,0.8894173163286645
2370,4d3807c5fd5d573f,True,1.0,1.0,0.9205423761829199,1.0,1.0,1.0,0.9668926567428833
2371,b4f362c0d9015d07,True,1.0,1.0,0.7409249119921781,1.0,1.0,1.0,0.8920520466634075
2372,f36b32268f1c5404,True,1.0,1.0,0.9012876869751787,1.0,1.0,0.5,0.958869869572991
2373,ff8fade989aa5bb8,True,1.0,1.0,0.888828115399842,1.0,1.0,1.0,0.9536783814166009
2374,57b2cc25579a5885,True,1.0,1.0,1.0,1.0,1.0,1.0,1.0
2375,4d098db703415f00,True,1.0,1.0,0.9618374181237005,1.0,1.0,1.0,0.9840989242182085
2376,af94f29d37e55b02,True,1.0,0.0,0.0,1.0,1.0,1.0,0.0
2377,afbf82af256b5711,True,1.0,1.0,0.7396723772365253,1.0,1.0,1.0,0.8915301571818856
2378,e08a526c85475c4b,True,1.0,1.0,1.0,1.0,1.0,1.0,1.0
2379,496b53024fb657ae,True,1.0,1.0,0.8655163800274045,1.0,1.0,1.0,0.9439651583447519
2380,ef0b98c7837e5e4a,True,1.0,1.0,0.8416762760173164,1.0,1.0,1.0,0.9340317816738818
2381,73fe2f6dea43577f,True,1.0,1.0,0.5757135887691114,1.0,1.0,1.0,0.823213995320463
2382,d7c017783af2520b,True,1.0,1.0,1.0,1.0,1.0,1.0,1.0
2383,e7cfffa4e8dd53a8,True,1.0,0.0,0.0,0.0,1.0,1.0,0.0
2384,19efcf474dd85579,True,1.0,1.0,0.8727553771401216,1.0,1.0,1.0,0.9469814071417174
2385,913212df2a415e44,True,1.0,1.0,0.8863920658933286,1.0,1.0,1.0,0.952663360788887
2386,5e4dd8c91b8453bf,True,1.0,1.0,1.0,1.0,1.0,1.0,1.0
2387,4757ef31c4975240,True,1.0,1.0,1.0,1.0,1.0,1.0,1.0
2388,bf80166d9d045752,True,1.0,1.0,0.8405463634256956,1.0,1.0,1.0,0.9335609847607064
2389,bd5f0b15f9a65bf1,True,1.0,1.0,0.8216882798626306,1.0,1.0,1.0,0.9257034499427629
2390,15e6ef7a85b35d10,True,1.0,1.0,0.8445171297923478,1.0,1.0,1.0,0.9352154707468117
2391,da5ac44917dd5ca4,True,1.0,1.0,0.6698540369551471,1.0,1.0,1.0,0.8624391820646448
2392,11d4b52fb458559f,True,1.0,1.0,1.0,1.0,1.0,1.0,1.0
2393,17da0f4b109154d4,True,1.0,1.0,0.6942444955230981,1.0,1.0,0.5,0.8726018731346242
2394,1113bc93478c56fe,True,1.0,1.0,0.570192271314063,1.0,1.0,1.0,0.8209134463808597
2395,2c67391395c65d6a,True,0.0,1.0,0.0,0.0,1.0,1.0,0.0
2396,d01b6e67a995589c,True,0.0,1.0,0.0,0.0,1.0,0.5,0.0
2397,68aac08d307653e5,True,1.0,1.0,0.7554863228103754,1.0,1.0,1.0,0.8981193011709898
2398,d44e6abed19b5ba5,True,1.0,1.0,1.0,1.0,1.0,1.0,1.0
2399,239705f6ca945846,True,1.0,1.0,0.48348880356680285,1.0,1.0,1.0,0.7847870014861679
2400,05f1a5cbc0905d8e,True,1.0,1.0,0.7887254666961082,1.0,1.0,1.0,0.9119689444567118
2401,d044b887d646511b,True,1.0,1.0,0.9796580765793877,1.0,1.0,1.0,0.9915241985747448
2402,75c40d79f7135ea0,True,1.0,1.0,0.971819391118749,1.0,1.0,1.0,0.9882580796328121
2403,307f28eca5e25b39,True,1.0,1.0,1.0,1.0,1.0,1.0,1.0
2404,d77a9c90baf35d87,True,1.0,1.0,1.0,1.0,1.0,1.0,1.0
2405,fa7459e482c05911,True,1.0,1.0,0.8432339514021197,1.0,1.0,1.0,0.9346808130842165
2406,772a0e9ce5825b3a,True,1.0,1.0,0.8916013033989068,1.0,1.0,1.0,0.9548338764162111
2407,cefc63c820c45c3b,True,1.0,1.0,1.0,1.0,1.0,1.0,1.0
2408,3d1bf2cf5ad151c7,True,1.0,1.0,0.7452215631126095,1.0,1.0,1.0,0.8938423179635873
2409,d90d4f05ebde5bed,True,1.0,1.0,0.8796446838661316,1.0,1.0,1.0,0.9498519516108882
2410,98107116251650a6,True,1.0,1.0,0.748238812674987,1.0,1.0,1.0,0.8950995052812446
2411,d870256a3b185659,True,1.0,0.0,0.0,1.0,1.0,1.0,0.0
2412,e03da8beb33a5e06,True,1.0,1.0,1.0,1.0,1.0,1.0,1.0
2413,e14711ef4d2f5000,True,1.0,1.0,0.6828737137281313,1.0,1.0,1.0,0.8678640473867215
2414,3afcfc58857f5790,True,1.0,1.0,1.0,1.0,1.0,1.0,1.0
2415,131c7298c6745bde,True,1.0,1.0,1.0,1.0,1.0,1.0,1.0
2416,34bead43250559f7,True,1.0,1.0,0.8607190378119896,1.0,1.0,1.0,0.9419662657549956
2417,ecd769043adc5346,True,1.0,1.0,0.7761893220039193,1.0,1.0,1.0,0.9067455508349663
2418,4ed3817e66d85c10,True,1.0,1.0,1.0,1.0,1.0,1.0,1.0
2419,b094018eef175a6b,True,1.0,1.0,0.7107261735013349,1.0,1.0,1.0,0.8794692389588895
2420,556118fe6e455038,True,1.0,1.0,0.7651114858041562,1.0,1.0,1.0,0.9021297857517317
2421,3bf40232476b591b,True,1.0,1.0,0.9687490105946378,0.0,1.0,1.0,0.5703120877477658
2422,e6289d35e92c56b9,True,1.0,1.0,0.6026636936438472,1.0,1.0,1.0,0.8344432056849364
2423,d780d3a3f10d567b,True,1.0,1.0,0.6793707586586287,1.0,1.0,1.0,0.8664044827744286
2424,b3b9745591dd569c,True,1.0,1.0,0.9447929682420089,1.0,1.0,1.0,0.976997070100837
2425,ab8f5b7368a45a6d,True,1.0,0.0,0.0,1.0,1.0,1.0,0.0
2426,b58f2b3b894a58bb,True,1.0,1.0,0.958322724609645,1.0,1.0,1.0,0.982634468587352
2427,e0545b6d2b755ea9,True,1.0,1.0,0.7843940711253753,1.0,1.0,1.0,0.9101641963022397
2428,7fc1ce68acb7562c,True,1.0,1.0,0.7298205870725807,1.0,1.0,1.0,0.8874252446135754
2429,9089d6dfa77e5488,True,1.0,1.0,1.0,1.0,1.0,1.0,1.0
2430,8181a3050dfa51b4,True,1.0,1.0,0.6119484064956572,1.0,1.0,1.0,0.8383118360398573
2431,1c078ca2e3625bb0,True,0.0,1.0,0.0,0.0,1.0,1.0,0.0
2432,814e85810b7757bb,True,1.0,1.0,0.9900840875631947,1.0,1.0,1.0,0.9958683698179978
2433,a2d7be8710535e33,True,1.0,1.0,0.7702295745058517,1.0,1.0,1.0,0.9042623227107716
2434,9c768fba2b4c5d19,True,1.0,1.0,0.8448309505426531,1.0,1.0,1.0,0.935346229392772
2435,e41f13ed67485c54,True,1.0,1.0,1.0,1.0,1.0,1.0,1.0
2436,43458f6eab155322,True,1.0,1.0,0.9932509499364799,1.0,1.0,1.0,0.9971878958068666
2437,69d2af69b1b75698,True,1.0,1.0,1.0,1.0,1.0,1.0,1.0
2438,467879c3d37054f5,True,1.0,1.0,0.8309429898382449,1.0,1.0,1.0,0.9295595790992687
2439,d5039871a3fb5b04,True,0.0,1.0,0.0,0.0,1.0,1.0,0.0
2440,2da6f8c86c135473,True,1.0,1.0,0.8209360661052717,1.0,1.0,1.0,0.9253900275438632
2441,b1b21ee9179a5fd8,True,1.0,1.0,0.6954429604487248,1.0,1.0,1.0,0.873101233520302
2442,2e8d3c1cd8b15c97,True,1.0,1.0,0.800551756897212,1.0,1.0,1.0,0.9168965653738383
2443,ff14af5a86c55674,True,1.0,1.0,0.44605896157384206,1.0,1.0,1.0,0.7691912339891008
2444,a0da100b0dcb543c,True,0.0,1.0,0.0,0.0,1.0,1.0,0.0
2445,9c2602db70435500,True,1.0,1.0,0.6831576557585513,1.0,1.0,1.0,0.867982356566063
2446,dded75c35039515f,True,1.0,0.0,0.0,1.0,1.0,1.0,0.0
2447,2c90fc5cc8905562,True,1.0,1.0,0.8641079508638904,1.0,1.0,1.0,0.9433783128599543
2448,dcf3da6b34935bc8,True,1.0,1.0,0.7300565465699026,1.0,1.0,1.0,0.8875235610707928
2449,17c627139c325a9c,True,1.0,1.0,0.7035070204427392,1.0,1.0,1.0,0.876461258517808
2450,d5a0b92fbf8b51df,True,1.0,1.0,1.0,1.0,1.0,1.0,1.0
2451,e34c3d18bc405ace,True,1.0,1.0,1.0,1.0,1.0,1.0,1.0
2452,67628d15c5b45860,True,1.0,1.0,0.7672188123116023,1.0,1.0,1.0,0.9030078384631676
2453,5862cc032cf45893,True,1.0,1.0,0.7855135774252453,1.0,1.0,1.0,0.9106306572605188
2454,fc6dc98b89a95817,True,1.0,1.0,0.8361212702109075,1.0,1.0,1.0,0.9317171959212115
2455,3a2616c871335ef4,True,1.0,1.0,0.8549374025526154,1.0,1.0,1.0,0.9395572510635898
2456,d9c4acb18e675789,True,1.0,0.0,0.0,1.0,1.0,1.0,0.0
2457,87554f4ef47252e4,True,1.0,1.0,0.8598187176124292,1.0,1.0,1.0,0.9415911323385121
2458,5bd8cf3fa67a524f,True,1.0,1.0,0.8900956173497235,1.0,1.0,1.0,0.9542065072290514
2459,3a4b7b872e3452ac,True,1.0,1.0,1.0,1.0,1.0,1.0,1.0
2460,ead9740dd25f59c3,True,1.0,1.0,1.0,1.0,1.0,1.0,1.0
2461,b8314864431a5665,True,1.0,1.0,0.7529460021461374,1.0,1.0,1.0,0.8970608342275573
2462,172506ac332d5af5,True,1.0,1.0,0.7734657141332213,1.0,1.0,1.0,0.9056107142221755
2463,a7c6cc3a1840584f,True,1.0,1.0,1.0,1.0,1.0,1.0,1.0
2464,be1ef67efd445f45,True,1.0,0.0,0.0,1.0,1.0,1.0,0.0
2465,38b08f2868a75306,True,1.0,1.0,0.6032505553033976,1.0,1.0,1.0,0.8346877313764156
2466,06329b33572752d8,True,1.0,1.0,1.0,1.0,1.0,1.0,1.0
2467,18176fbd46ba5000,True,1.0,1.0,1.0,1.0,1.0,1.0,1.0
2468,982b57b1c7c7503a,True,1.0,1.0,1.0,1.0,1.0,1.0,1.0
2469,e40b2bf57fa5576f,True,1.0,1.0,0.7828213446850087,1.0,1.0,1.0,0.9095088936187535
2470,19d3dfdf0d2d5b6f,True,1.0,1.0,1.0,1.0,1.0,1.0,1.0
2471,aa7d4f9537495b1f,True,1.0,1.0,0.822502501865833,1.0,1.0,1.0,0.9260427091107637
2472,076e4afb95d057cf,True,1.0,0.0,0.0,1.0,1.0,1.0,0.0
2473,bf1184622f355af4,True,1.0,1.0,0.6642718697346558,1.0,1.0,0.5,0.8601132790561067
2474,63a10444501d5ead,True,0.0,1.0,0.0,0.0,1.0,1.0,0.0
2475,cd4e4564d732554e,True,1.0,1.0,1.0,0.0,1.0,1.0,0.5833333333333334
2476,ccb49e301e40523f,True,1.0,1.0,0.9109328892618295,1.0,1.0,1.0,0.9628887038590955
2477,80df9e4f79c65d4d,True,1.0,1.0,0.7878271217596179,1.0,1.0,1.0,0.9115946340665074
2478,f02b15cc225b5d9a,True,1.0,1.0,0.9783739658583156,1.0,1.0,1.0,0.990989152440965
2479,f74148c131c15381,True,1.0,1.0,0.9257131371172487,1.0,1.0,1.0,0.9690471404655203
2480,c18b1648f6045467,True,1.0,1.0,0.6100416353842426,1.0,1.0,1.0,0.8375173480767678
2481,b41e61d24f915d6f,True,1.0,0.0,0.0,1.0,1.0,1.0,0.0
2482,cfb7ecec39485237,True,1.0,1.0,0.5168503199138621,1.0,1.0,1.0,0.7986876332974425
2483,8b788f2715985cee,True,1.0,1.0,1.0,1.0,1.0,1.0,1.0
2484,e3ee34ba4c0c59fd,True,1.0,1.0,1.0,1.0,1.0,1.0,1.0
2485,42d1bc19fbc35965,True,1.0,1.0,1.0,1.0,1.0,1.0,1.0
2486,0f49301527005b0e,True,1.0,1.0,0.6106781211322125,1.0,1.0,1.0,0.8377825504717552
2487,e76485315c2c5028,True,1.0,1.0,1.0,1.0,1.0,1.0,1.0
2488,0eeeee655d415970,True,1.0,1.0,0.978933336340161,1.0,1.0,0.0,0.991222223475067
2489,70d3c6183c525745,True,1.0,1.0,0.9577777317578561,1.0,1.0,1.0,0.9824073882324399
2490,61b108df4a5f53fb,True,1.0,1.0,0.9880649174226274,1.0,1.0,1.0,0.9950270489260947
2491,ae97dc76df0952f2,True,1.0,1.0,0.8712377262156804,1.0,1.0,1.0,0.9463490525898669
2492,8ffb4bbf7d845255,True,1.0,1.0,0.8968095358952222,1.0,1.0,1.0,0.9570039732896759
2493,2f5ae1e4cf9d59fa,True,1.0,0.0,0.0,1.0,1.0,1.0,0.0
2494,14769a8e472350cc,True,1.0,1.0,1.0,1.0,1.0,1.0,1.0
2495,6b895016e28d513c,True,1.0,1.0,1.0,1.0,1.0,1.0,1.0
2496,b28ff93f850259ee,True,1.0,1.0,0.6774566341528745,1.0,1.0,1.0,0.8656069308970311
2497,13ca5b247813585a,True,1.0,1.0,1.0,1.0,1.0,1.0,1.0
2498,a984f0459c1055d5,True,1.0,1.0,0.7797445504916377,1.0,1.0,1.0,0.9082268960381823
2499,bef748e412f85c64,True,1.0,1.0,0.8580877740816186,1.0,1.0,1.0,0.940869905867341
2500,b3edadc19d8a5812,True,1.0,1.0,0.7292803129540664,1.0,1.0,1.0,0.8872001303975278
2501,ece9650c827e569f,True,1.0,1.0,1.0,1.0,1.0,1.0,1.0
2502,861984dda2c458ee,True,1.0,1.0,1.0,1.0,1.0,1.0,1.0
2503,7fad5a0c8cdd5fc4,True,1.0,1.0,1.0,1.0,1.0,1.0,1.0
2504,c1839a3333695317,True,1.0,0.0,0.0,1.0,1.0,1.0,0.0
2505,0613d88c01b453c9,True,1.0,1.0,1.0,1.0,1.0,1.0,1.0
2506,7c8900e0a2ef5024,True,1.0,1.0,0.5589424920096911,1.0,1.0,0.5,0.8162260383373713
2507,dccd7bde9a0b5bfe,True,1.0,1.0,0.6850281094436332,1.0,1.0,1.0,0.8687617122681806
2508,918b6721bcf75d38,True,1.0,1.0,0.5952657429251114,1.0,1.0,1.0,0.8313607262187963
2509,4889752cac5f5e59,True,1.0,1.0,0.9231524104661694,1.0,1.0,1.0,0.9679801710275706
2510,ccf8ef537aa65a7a,True,1.0,1.0,0.9328411813387719,1.0,1.0,0.5,0.9720171588911549
2511,237739df15ff58cb,True,1.0,1.0,1.0,1.0,1.0,1.0,1.0
2512,3b88ba584a4a5d7e,True,1.0,1.0,1.0,1.0,1.0,1.0,1.0
2513,2c1c564733075187,True,1.0,0.0,0.0,1.0,1.0,1.0,0.0
2514,40bdfb00872f5bc4,True,1.0,1.0,1.0,1.0,1.0,1.0,1.0
2515,4ba033878f8b5284,True,1.0,1.0,0.7770775617669725,1.0,1.0,1.0,0.9071156507362387
2516,2640335fd6565b4f,True,1.0,1.0,1.0,1.0,1.0,1.0,1.0
2517,bed45577041051b8,True,1.0,1.0,0.8189315894521301,1.0,1.0,1.0,0.9245548289383875
2518,67958aa8e9015aaf,True,1.0,1.0,0.6623237209982633,1.0,1.0,1.0,0.859301550415943
2519,3a29d6bc75a557f1,True,1.0,1.0,1.0,1.0,1.0,1.0,1.0
2520,df3b1f0f39625162,True,1.0,1.0,0.9690710744756384,1.0,1.0,1.0,0.9871129476981827
2521,93bc5a4ab6a95986,True,1.0,1.0,0.8712590340180126,1.0,1.0,1.0,0.9463579308408386
2522,c943799f7b8c5f7f,True,1.0,1.0,0.8149843777368531,1.0,1.0,1.0,0.9229101573903554
2523,56f5294b63df53b9,True,1.0,1.0,1.0,1.0,1.0,1.0,1.0
2524,815422a6d14358fc,True,1.0,1.0,0.5689029131927125,1.0,1.0,1.0,0.8203762138302969
2525,c95f17dbae835b51,True,1.0,1.0,0.6339634062335578,1.0,1.0,1.0,0.8474847525973157
2526,624f26fa47485b3d,True,1.0,1.0,0.7734811000432271,1.0,1.0,1.0,0.9056171250180114
2527,05d6d7d83b97547c,True,1.0,1.0,0.6264255131305565,1.0,1.0,1.0,0.8443439638043985
2528,dfb757230bed57d8,True,1.0,1.0,1.0,0.0,1.0,1.0,0.5833333333333334
2529,7eff17574e8d53d2,True,1.0,1.0,0.9594661776089164,1.0,1.0,1.0,0.9831109073370485
2530,3c379ee75e765c6e,True,1.0,1.0,0.9889040027066233,1.0,1.0,1.0,0.9953766677944264
2531,2248832a822755d9,True,1.0,1.0,1.0,1.0,1.0,1.0,1.0
2532,39168e35ed085e11,True,1.0,1.0,0.6904295562970754,1.0,1.0,1.0,0.8710123151237813
2533,4fc373052fb55899,True,1.0,1.0,1.0,0.0,1.0,0.5,0.5833333333333334
2534,1f095494fe755244,True,1.0,1.0,0.9235504108269688,1.0,1.0,1.0,0.968146004511237
2535,b2dd5bf723d55469,True,1.0,1.0,0.9690846355798565,1.0,1.0,1.0,0.9871185981582734
2536,f1b0cf7d344052ba,True,1.0,1.0,0.9626389899355009,1.0,1.0,1.0,0.9844329124731255
2537,c8df3a922f9d5550,True,1.0,1.0,1.0,1.0,1.0,1.0,1.0
2538,4bf65e0c75f05509,True,1.0,1.0,1.0,0.0,1.0,1.0,0.5833333333333334
2539,1fc2b1630a0e5c53,True,1.0,1.0,1.0,0.0,1.0,1.0,0.5833333333333334
2540,b023b7bcbab05bcb,True,1.0,1.0,0.832755779658264,1.0,1.0,1.0,0.9303149081909433
2541,bd35995b3dcb53e8,True,1.0,1.0,0.7077012252135815,0.0,1.0,0.5,0.4615421771723256
2542,5e25570a2f725a17,True,1.0,1.0,0.829038603414409,1.0,1.0,1.0,0.9287660847560039
2543,f2592c08589e5398,True,1.0,1.0,0.7179507356863032,1.0,1.0,1.0,0.8824794732026263
2544,06faec49379750a5,True,1.0,1.0,1.0,0.0,1.0,1.0,0.5833333333333334
2545,67b05cf704325e6b,True,1.0,0.0,0.0,1.0,1.0,1.0,0.0
2546,728988dc8a8b502a,True,1.0,1.0,0.7855454220802797,1.0,1.0,1.0,0.9106439258667832
2547,6639fa7905a3599b,True,1.0,1.0,0.8733733457721268,1.0,1.0,1.0,0.9472388940717195
2548,7ccf4b40faff5ac4,True,1.0,1.0,1.0,1.0,1.0,1.0,1.0
2549,8894cb9c1f385198,True,1.0,1.0,0.9441198597469097,1.0,1.0,1.0,0.976716608227879
2550,c484b85e7b07535c,True,1.0,1.0,0.8092230874763874,1.0,1.0,1.0,0.9205096197818281
2551,365c0937de9d5885,True,1.0,0.0,0.0,1.0,1.0,1.0,0.0
2552,ab2ac765df3154b7,True,1.0,1.0,0.6828581049713657,1.0,1.0,1.0,0.867857543738069
2553,162436ec6cca53a4,True,1.0,1.0,0.8236140341896174,1.0,1.0,1.0,0.9265058475790072
2554,75b312bbd4e25c17,True,1.0,1.0,1.0,1.0,1.0,1.0,1.0
2555,8d27cb5d1d1e5ad1,True,1.0,0.0,0.0,1.0,1.0,1.0,0.0
2556,667140c426e45393,True,1.0,1.0,0.516374784366111,1.0,1.0,1.0,0.7984894934858796
2557,3fbc15dbb18756ba,True,1.0,1.0,1.0,1.0,1.0,1.0,1.0
2558,8b5d8d7c95925564,True,1.0,1.0,1.0,1.0,1.0,1.0,1.0
2559,fb26a29303d1507e,True,1.0,1.0,0.5417576631190635,1.0,1.0,1.0,0.8090656929662764
2560,56d552d6bb425954,True,1.0,1.0,0.7515532773937272,1.0,1.0,1.0,0.8964805322473864
2561,1c5ca85e734859c4,True,1.0,1.0,1.0,1.0,1.0,1.0,1.0
2562,8f828599b2285a97,True,1.0,1.0,0.7892949333416117,1.0,1.0,1.0,0.9122062222256716
2563,980f649f5cef5434,True,1.0,1.0,1.0,1.0,1.0,1.0,1.0
2564,d3a9acba43a05b83,True,0.0,1.0,0.0,0.0,0.0,1.0,0.0
2565,bdef1564d4565c48,True,1.0,1.0,0.9893149223892913,1.0,1.0,1.0,0.9955478843288713
2566,d08756521e64547e,True,1.0,1.0,0.9349203995695997,0.0,1.0,1.0,0.556216833154
2567,0ebb578555b25ab2,True,1.0,1.0,0.8858167393012155,1.0,1.0,1.0,0.9524236413755065
2568,d6fb4629926d57db,True,1.0,1.0,0.8798085652723568,1.0,1.0,1.0,0.9499202355301487
2569,f4814e7eb01252b6,True,1.0,1.0,1.0,1.0,1.0,1.0,1.0
2570,3e09adf2d7055216,True,1.0,1.0,1.0,1.0,1.0,1.0,1.0
2571,5a4709a2348f58a7,True,1.0,1.0,1.0,1.0,1.0,1.0,1.0
2572,24db96c8c21753d5,True,1.0,1.0,1.0,1.0,1.0,1.0,1.0
2573,9580cc2199c55666,True,1.0,1.0,0.5688438823838075,1.0,1.0,1.0,0.8203516176599198
2574,70b8b9ad6d6f54f7,True,1.0,1.0,1.0,1.0,1.0,1.0,1.0
2575,7ff005be930e5ad6,True,1.0,1.0,0.6392237407960326,1.0,1.0,1.0,0.8496765586650136
2576,2135b76284735f17,True,1.0,1.0,0.7804034241805138,1.0,1.0,1.0,0.9085014267418807
2577,a8c4188597da52a2,True,1.0,1.0,1.0,1.0,1.0,1.0,1.0
2578,42c7526fc6845005,True,0.5,0.0,0.0,0.0,1.0,0.5,0.0
2579,d957b8de88d154cb,True,1.0,1.0,0.876348501019511,1.0,1.0,1.0,0.948478542091463
2580,4e00bf86cd1e5a14,True,1.0,1.0,0.9291592705119757,1.0,1.0,1.0,0.9704830293799898
2581,e52c457d50455d0c,True,1.0,1.0,0.7461384498785972,1.0,1.0,1.0,0.8942243541160821
2582,54a295777c3a5d46,True,1.0,1.0,0.6536611262762825,1.0,1.0,1.0,0.8556921359484511
2583,01fa845276f857c5,True,1.0,0.0,0.0,1.0,1.0,1.0,0.0
2584,ba3cdbcd0c3f5e49,True,1.0,1.0,0.7001640336945797,1.0,1.0,1.0,0.8750683473727415
2585,2f1653c3481b50f1,True,1.0,1.0,1.0,1.0,1.0,1.0,1.0
2586,dc87013816e059f5,True,1.0,1.0,1.0,1.0,1.0,1.0,1.0
2587,ef89947a381a50bf,True,1.0,1.0,1.0,1.0,1.0,1.0,1.0
2588,1c2140b2eac55906,True,1.0,1.0,1.0,1.0,1.0,1.0,1.0
2589,93358613d3865c5c,True,1.0,1.0,0.9802099045088981,1.0,1.0,1.0,0.9917541268787075
2590,74277113f82c56f3,True,1.0,1.0,0.9641286428843275,1.0,1.0,1.0,0.9850536012018031
2591,09a004a6ded55f7e,True,1.0,1.0,0.8682075488564945,1.0,1.0,1.0,0.9450864786902061
2592,5d7fa55b96075e5c,True,1.0,1.0,0.7364153289004061,1.0,1.0,1.0,0.8901730537085025
2593,8ce3ec49327d572e,True,1.0,1.0,1.0,1.0,1.0,1.0,1.0
2594,be851166b6665891,True,1.0,1.0,0.7851928084588922,1.0,1.0,1.0,0.9104970035245383
2595,72d842bc596b536b,True,1.0,1.0,1.0,1.0,1.0,1.0,1.0
2596,c133861a233a51de,True,1.0,1.0,0.5462082257127996,1.0,1.0,0.0,0.8109200940469998
2597,ef72c411731f5e79,True,1.0,1.0,0.6598991890991276,1.0,1.0,1.0,0.8582913287913031
2598,914113b241ca5e51,True,1.0,1.0,0.8545240424720498,1.0,1.0,1.0,0.9393850176966874
2599,f308a472f26056a7,True,1.0,1.0,0.7213991158021633,1.0,1.0,1.0,0.8839162982509015
2600,59ea5c8c067e57e7,True,1.0,0.0,0.0,1.0,1.0,0.5,0.0
2601,3103614e29e25cd4,True,1.0,1.0,0.7624681228417137,1.0,1.0,1.0,0.9010283845173808
2602,e5d91842b228552a,True,1.0,1.0,0.8267113621494897,1.0,1.0,1.0,0.9277964008956207
2603,bd09fe587b1a59e3,True,1.0,1.0,1.0,1.0,1.0,1.0,1.0
2604,fa02f1587177551c,True,1.0,1.0,1.0,1.0,1.0,1.0,1.0
2605,657ea52878935352,True,1.0,1.0,0.7597672165241433,1.0,1.0,1.0,0.8999030068850598
2606,e4ae770961c15455,True,1.0,1.0,0.9089647077638064,1.0,1.0,1.0,0.9620686282349192
2607,ab548d52e69b5ed4,True,1.0,1.0,0.5526830082248545,1.0,1.0,1.0,0.8136179200936894
2608,53928c06f3005536,True,1.0,1.0,1.0,1.0,1.0,1.0,1.0
2609,eaf3255921e35495,True,1.0,1.0,1.0,1.0,1.0,1.0,1.0
2610,8959015fc1fe5791,True,1.0,1.0,0.6326390651515361,1.0,1.0,1.0,0.84693294381314
2611,fb3ec8fa431c5d83,True,1.0,0.0,0.0,0.0,1.0,0.5,0.0
2612,20911cdf7e285a63,True,1.0,1.0,1.0,1.0,1.0,1.0,1.0
2613,2a2308354f4c5aa2,True,1.0,1.0,0.7582851535481415,1.0,1.0,1.0,0.8992854806450591
2614,d0fccf42f606569a,True,1.0,1.0,0.5178750776451586,1.0,1.0,1.0,0.7991146156854828
2615,cce49307530e5b60,True,1.0,0.0,0.0,1.0,1.0,1.0,0.0
2616,114feecba2285649,True,1.0,1.0,0.9283542892131351,1.0,1.0,1.0,0.970147620505473
2617,4655358777d95867,True,1.0,1.0,1.0,1.0,1.0,1.0,1.0
2618,f3521da962a75e3d,True,1.0,1.0,1.0,1.0,1.0,1.0,1.0
2619,0acd819b9eae51f7,True,1.0,0.0,0.0,1.0,1.0,1.0,0.0
2620,d04049c3978354f0,True,1.0,1.0,0.54664884085017,1.0,1.0,1.0,0.8111036836875708
2621,9e9da0b49c475ca1,True,1.0,1.0,0.8394762784066244,1.0,1.0,1.0,0.9331151160027602
2622,9839d83635495727,True,1.0,0.0,0.0,1.0,1.0,1.0,0.0
2623,e3c90a2ce83f5d9f,True,1.0,1.0,0.6446975606190029,1.0,1.0,1.0,0.8519573169245845
2624,20ae5de0a8725d9d,True,1.0,1.0,0.6601766454822147,1.0,1.0,1.0,0.8584069356175895
2625,434aa60fb0165165,True,1.0,1.0,0.6291360726223842,1.0,1.0,1.0,0.8454733635926601
2626,d3cca8ce7e1458ad,True,1.0,1.0,1.0,1.0,1.0,1.0,1.0
2627,4abb45d9ee1a5c5c,True,0.0,1.0,0.0,0.0,1.0,1.0,0.0
2628,2a359c1d62ed5843,True,1.0,1.0,0.7531851736221977,1.0,1.0,1.0,0.897160489009249
2629,7b095ec7e3f95c4a,True,1.0,1.0,1.0,1.0,1.0,1.0,1.0
2630,69b32d0447ac5c28,True,1.0,1.0,1.0,1.0,1.0,1.0,1.0
2631,8ff50d5fa36956fa,True,1.0,1.0,1.0,1.0,1.0,1.0,1.0
2632,81a726148d245594,True,1.0,1.0,1.0,1.0,1.0,1.0,1.0
2633,df84a00692885ec0,True,1.0,1.0,0.8835228758426705,1.0,1.0,1.0,0.951467864934446
2634,f1e870d5d8275cac,True,1.0,1.0,0.9281783181336013,1.0,1.0,1.0,0.9700742992223339
2635,e36849f8d9e15ce8,True,1.0,1.0,0.856997029491164,1.0,1.0,1.0,0.9404154289546517
2636,d6bb49ff956f5b50,True,1.0,1.0,1.0,1.0,1.0,1.0,1.0
2637,635d0bb58aa95282,True,1.0,1.0,0.8289809706122888,1.0,1.0,1.0,0.9287420710884536
2638,98fd4ae8de6450b2,True,1.0,1.0,0.6186154670884532,1.0,1.0,1.0,0.8410897779535222
2639,8b3679b7c11d5ada,True,1.0,1.0,1.0,1.0,1.0,1.0,1.0
2640,9c1e8e69c7cd537b,True,1.0,1.0,0.9970099728543589,1.0,1.0,1.0,0.9987541553559828
2641,55bc862799d350f9,True,1.0,1.0,1.0,1.0,1.0,1.0,1.0
2642,c6f0769e0c465417,True,1.0,1.0,0.787997737711767,1.0,1.0,1.0,0.9116657240465695
2643,8b90b26a4deb5019,True,1.0,1.0,1.0,1.0,1.0,1.0,1.0
2644,cbe5bb78a9be547e,True,1.0,1.0,0.8978718220305629,1.0,1.0,1.0,0.9574465925127346
2645,e0865304e2b95eaa,True,0.5,0.0,0.0,0.0,1.0,1.0,0.0
2646,7aaa5ff3f0d255ef,True,1.0,1.0,0.8862375187802103,1.0,1.0,1.0,0.9525989661584209
2647,dd149fc9cb395631,True,1.0,1.0,0.9268503460969606,1.0,1.0,1.0,0.9695209775404002
2648,8b8ae78cc3685216,True,1.0,1.0,0.8653089398902968,1.0,1.0,1.0,0.9438787249542903
2649,333a4f8a12dc564d,True,1.0,1.0,0.6776408619424182,1.0,1.0,1.0,0.8656836924760075
2650,f860c4879d1c5996,True,1.0,0.0,0.0,1.0,1.0,1.0,0.0
2651,d56cc988cfa250c6,True,1.0,1.0,1.0,1.0,1.0,1.0,1.0
2652,0f3edc5110485b13,True,1.0,0.0,0.0,1.0,1.0,0.5,0.0
2653,dea63e35e7545f27,True,1.0,1.0,0.7857892501966048,1.0,1.0,1.0,0.9107455209152521
2654,60c5f18db58c54da,True,1.0,1.0,0.8727659897732171,1.0,1.0,1.0,0.9469858290721738
2655,7e21aeb3afc2592b,True,1.0,1.0,1.0,1.0,1.0,1.0,1.0
2656,be861669f7ff5de4,True,1.0,1.0,1.0,1.0,1.0,1.0,1.0
2657,78ea729667c1558b,True,1.0,1.0,0.8588364500182942,1.0,1.0,1.0,0.9411818541742892
2658,edcad0bfc4b15515,True,1.0,1.0,0.7422047367083255,1.0,1.0,1.0,0.8925853069618023
2659,d8af5ee176db5d89,True,1.0,1.0,0.8023037862834198,1.0,1.0,1.0,0.9176265776180915
2660,717d8be0b970524e,True,1.0,1.0,1.0,1.0,1.0,1.0,1.0
2661,0774f6d8e3185794,True,1.0,1.0,0.8840503643657762,1.0,1.0,1.0,0.9516876518190734
2662,7d74c894066f5b2c,True,1.0,1.0,1.0,1.0,1.0,1.0,1.0
2663,ea38508ef0de57c3,True,1.0,1.0,0.6515996517973037,1.0,1.0,1.0,0.8548331882488766
2664,7e3ae733f7ef5c8f,True,1.0,1.0,0.7870352618100565,1.0,1.0,1.0,0.9112646924208568
2665,f597ea9aeb7f512d,True,1.0,0.0,0.0,1.0,1.0,1.0,0.0
2666,fefc295622155532,True,1.0,1.0,0.6239504878150725,1.0,1.0,1.0,0.8433127032562803
2667,eff5b15eb0935b33,True,1.0,1.0,1.0,1.0,1.0,1.0,1.0
2668,90c5557d1eec55a0,True,1.0,1.0,0.4912440981598603,1.0,1.0,1.0,0.7880183742332751
2669,18d04df0d7e25316,True,1.0,1.0,0.7330388916605083,1.0,1.0,1.0,0.8887662048585451
2670,6e738f032ad75169,True,1.0,1.0,0.8117560616997256,1.0,1.0,1.0,0.921565025708219
2671,ca3e9faa3258522b,True,1.0,1.0,1.0,1.0,1.0,1.0,1.0
2672,cc71f3639268516f,True,1.0,1.0,0.7668968793550189,1.0,1.0,1.0,0.9028736997312579
2673,f40f57ad82885f04,True,1.0,1.0,1.0,1.0,1.0,1.0,1.0
2674,1e8bf2f0e05e58b0,True,1.0,1.0,1.0,1.0,1.0,1.0,1.0
2675,55d3d0c71390575b,True,1.0,1.0,0.7822901396218958,1.0,1.0,1.0,0.90928755817579
2676,4d4e4d899fd95487,True,1.0,1.0,0.8749739679241227,1.0,1.0,1.0,0.9479058199683844
2677,429cd9dc9d2154a4,True,1.0,1.0,1.0,1.0,1.0,1.0,1.0
2678,cdac2937953e5398,True,1.0,1.0,0.8081985413108314,1.0,1.0,1.0,0.9200827255461798
2679,43440ae761cd5a8e,True,1.0,1.0,0.9114031899236094,1.0,1.0,1.0,0.9630846624681707
2680,aee1ca352fdd55f1,True,1.0,1.0,0.7429914205423758,1.0,1.0,1.0,0.8929130918926566
2681,daaa1858309c5938,True,1.0,1.0,1.0,1.0,1.0,1.0,1.0
2682,17a015f4ef9b56d0,True,1.0,1.0,1.0,1.0,1.0,1.0,1.0
2683,0a2f44ba3be05531,True,1.0,1.0,0.7758305626684524,1.0,1.0,1.0,0.9065960677785219
2684,b4dbd03935ce53fa,True,1.0,1.0,0.8625386035566591,1.0,1.0,1.0,0.942724418148608
2685,e7756dc30c605482,True,1.0,1.0,1.0,1.0,1.0,1.0,1.0
2686,9e76a394983a59b6,True,1.0,1.0,1.0,1.0,1.0,1.0,1.0
2687,60cfc7f20f825d8a,True,1.0,1.0,0.8806866221966254,1.0,1.0,1.0,0.9502860925819272
2688,11482e143a4e5dec,True,1.0,1.0,0.9774836992345812,0.0,1.0,1.0,0.5739515413477422
2689,1fbea664b0805a19,True,1.0,1.0,0.6118526915062513,1.0,1.0,1.0,0.8382719547942714
2690,c4b85436e314515b,True,1.0,1.0,0.678360879904297,1.0,1.0,1.0,0.8659836999601237
2691,5e02e80df7fe5f5b,True,1.0,1.0,0.7073582298001625,1.0,1.0,1.0,0.8780659290834011
2692,c4c1e92307c55e8a,True,1.0,1.0,0.8984136236812987,1.0,1.0,1.0,0.9576723432005411
2693,3ca2e3e846e75813,True,1.0,1.0,0.7921900741887368,1.0,1.0,1.0,0.9134125309119736
2694,3a5278b27c87565f,True,1.0,1.0,1.0,1.0,1.0,1.0,1.0
2695,e9d869eb2d255788,True,1.0,1.0,0.7673296413170716,1.0,1.0,1.0,0.9030540172154465
2696,c617243cb58658eb,True,1.0,1.0,0.7776511856545459,1.0,1.0,1.0,0.9073546606893942
2697,d65373ac727f541f,True,1.0,1.0,1.0,1.0,1.0,1.0,1.0
2698,ac2bc045e07151a3,True,1.0,1.0,1.0,1.0,1.0,1.0,1.0
2699,6f8a5e89c0325aa8,True,1.0,1.0,0.9412402181101485,1.0,1.0,1.0,0.9755167575458952
2700,e4174e91095b530b,True,1.0,1.0,0.6793738507788623,1.0,1.0,1.0,0.8664057711578593
2701,ee461de4700c5148,True,1.0,1.0,0.612051222014019,1.0,1.0,0.0,0.8383546758391746
2702,36f71d88df925b39,True,1.0,1.0,1.0,1.0,1.0,1.0,1.0
2703,998c6c28d1475e78,True,1.0,1.0,0.6775840653696998,1.0,1.0,1.0,0.865660027237375
2704,74b5ee27fa1b5612,True,1.0,1.0,0.637980937992759,1.0,1.0,1.0,0.8491587241636496
2705,15f1c723f81a50b2,True,1.0,1.0,1.0,1.0,1.0,1.0,1.0
2706,59402b7bd60b5da7,True,1.0,1.0,0.6915104247054815,1.0,1.0,1.0,0.8714626769606172
2707,f5af188b17e85ef0,True,1.0,1.0,1.0,1.0,1.0,1.0,1.0
2708,e09bc42b58285147,True,1.0,1.0,0.9304329071890863,1.0,1.0,1.0,0.9710137113287859
2709,c91c301500e95244,True,0.5,1.0,0.6355160383105005,0.0,1.0,1.0,0.21573250798135427
2710,ff5c0e17d20351ca,True,1.0,1.0,1.0,1.0,1.0,1.0,1.0
2711,b504737fcab3545b,True,1.0,1.0,0.9543454445881173,1.0,1.0,1.0,0.9809772685783823
2712,971d199e8b9b5e71,True,1.0,1.0,0.5597331212085773,1.0,1.0,1.0,0.8165554671702405
2713,ac40749eddb45a13,True,1.0,1.0,0.8430326895205421,1.0,1.0,1.0,0.9345969539668926
2714,ecbe3bf1006155c7,True,1.0,1.0,0.7519021004751879,1.0,1.0,1.0,0.8966258751979949
2715,cb0905651ea35122,True,1.0,1.0,0.8583934587623084,1.0,1.0,1.0,0.9409972744842952
2716,06ce8610ceea51f4,True,1.0,1.0,0.7671428392136852,1.0,1.0,1.0,0.9029761830057023
2717,4143d1c692f95b56,True,1.0,1.0,0.8798508416746625,1.0,1.0,1.0,0.949937850697776
2718,4b82ec1d991358e2,True,1.0,1.0,0.7876247894374563,1.0,1.0,1.0,0.9115103289322736
2719,beecbff2fd37592e,True,1.0,1.0,1.0,1.0,1.0,1.0,1.0
2720,e131caa356115811,True,1.0,1.0,0.760235974792577,1.0,1.0,1.0,0.9000983228302405
2721,0eb7dda83bbe5fb2,True,1.0,1.0,1.0,1.0,1.0,1.0,1.0
2722,bc692afe313d50ee,True,1.0,1.0,0.6507586824233267,1.0,1.0,1.0,0.8544827843430527
2723,7b6749c7b2795906,True,1.0,1.0,0.8115186757946424,1.0,1.0,1.0,0.9214661149144344
2724,d546193a3a28587f,True,1.0,1.0,1.0,1.0,1.0,1.0,1.0
2725,ec044ac1af1655be,True,1.0,1.0,0.9904242421236671,1.0,1.0,1.0,0.9960101008848613
2726,3187a6d159fb51d8,True,1.0,1.0,1.0,1.0,1.0,1.0,1.0
2727,2dfc1e8df2ef5da1,True,1.0,1.0,0.8111550324605323,1.0,1.0,1.0,0.9213145968585552
2728,fd001bff97c155b3,True,1.0,0.0,0.0,1.0,1.0,1.0,0.0
2729,6d8767e46d975896,True,1.0,1.0,1.0,1.0,1.0,1.0,1.0
2730,b3aebfbff38e596f,True,1.0,1.0,0.9768693065626949,1.0,1.0,1.0,0.9903622110677895
2731,9d6eac20a6fb5cd9,True,1.0,1.0,1.0,1.0,1.0,1.0,1.0
2732,b562ff054b765717,True,1.0,1.0,0.9152654303900108,1.0,1.0,1.0,0.9646939293291711
2733,6c4bebeaa24a53ce,True,1.0,1.0,0.6539557839898981,1.0,1.0,1.0,0.8558149099957909
2734,78f8d55c59105b7b,True,1.0,1.0,1.0,1.0,1.0,1.0,1.0
2735,ec68073cb7a15741,True,1.0,1.0,1.0,1.0,1.0,1.0,1.0
2736,1ce94ab175d8507a,True,1.0,1.0,0.9840046731556281,1.0,1.0,1.0,0.9933352804815118
2737,5abe25231fd05639,True,1.0,1.0,1.0,1.0,1.0,1.0,1.0
2738,bf1f3fe1ca935bba,True,1.0,1.0,0.7857880481909152,0.0,1.0,1.0,0.49407835341288137
2739,a28aff9148b55b3b,True,1.0,1.0,1.0,1.0,1.0,1.0,1.0
2740,661ce644db6d5546,True,1.0,1.0,1.0,1.0,1.0,1.0,1.0
2741,87614ec5f3da5f4a,True,1.0,1.0,1.0,1.0,1.0,1.0,1.0
2742,32837dd54e375ca0,True,1.0,1.0,0.9808947996413402,1.0,1.0,1.0,0.9920394998505584
2743,1c31e37ce65b52d9,True,1.0,1.0,0.8289574303545862,1.0,1.0,1.0,0.9287322626477442
2744,b470096ee3425c5a,True,1.0,1.0,1.0,1.0,1.0,1.0,1.0
2745,a728ab8233415a86,True,1.0,1.0,0.824949720153535,1.0,1.0,1.0,0.9270623833973062
2746,ffb2d865d42e57c0,True,1.0,1.0,0.9542397627376694,1.0,1.0,1.0,0.9809332344740289
2747,42eef0001e6c5498,True,0.0,1.0,0.0,0.0,1.0,1.0,0.0
2748,84431cd14c765efc,True,1.0,1.0,1.0,1.0,1.0,1.0,1.0
2749,518661c5f7625f5b,True,1.0,1.0,1.0,1.0,1.0,1.0,1.0
2750,ce28bbe99d7f5f43,True,1.0,0.0,0.0,1.0,1.0,1.0,0.0
2751,c65181647b3b5092,True,1.0,1.0,0.9223370238035018,1.0,1.0,1.0,0.9676404265847923
2752,f48e825b763050bb,True,1.0,1.0,1.0,1.0,1.0,1.0,1.0
2753,740f68663d3255e1,True,1.0,1.0,0.8460432935216102,1.0,1.0,1.0,0.9358513723006711
2754,e4fdad547c9a54a7,True,1.0,1.0,1.0,1.0,1.0,1.0,1.0
2755,87d1648c9e27512b,True,1.0,1.0,0.8787136653976074,1.0,1.0,0.0,0.949464027249003
2756,55de917b2f545939,True,1.0,1.0,0.7952864376435316,1.0,1.0,1.0,0.9147026823514715
2757,6b4ae810d2195d79,True,1.0,1.0,1.0,1.0,1.0,1.0,1.0
2758,a7f5d22750b75466,True,0.0,1.0,0.0,0.0,1.0,1.0,0.0
2759,424e3df76d475635,True,1.0,0.0,0.0,1.0,1.0,1.0,0.0
2760,063794d8842b5683,True,1.0,1.0,1.0,1.0,1.0,1.0,1.0
2761,3e2a45dbe6fa50aa,True,1.0,1.0,0.940389550665653,1.0,1.0,1.0,0.9751623127773555
2762,689b619dfd3652c3,True,1.0,1.0,0.8603635979631056,1.0,1.0,1.0,0.9418181658179607
2763,ac2e86e04c0a5287,True,1.0,1.0,0.7956440390104376,1.0,1.0,1.0,0.9148516829210157
2764,4131dd1f0fd5571b,True,1.0,1.0,0.8611747937808037,1.0,1.0,1.0,0.9421561640753349
2765,27f481628fff5c70,True,1.0,1.0,1.0,1.0,1.0,1.0,1.0
2766,66ce3cbf239358c2,True,1.0,1.0,0.9717983483133874,1.0,1.0,1.0,0.9882493117972447
2767,7607a0bd144e53b0,True,1.0,1.0,1.0,1.0,1.0,1.0,1.0
2768,dc8fc926ef0451f1,True,1.0,1.0,0.5333758875715142,1.0,1.0,1.0,0.8055732864881309
2769,531415bb29245095,True,1.0,1.0,1.0,1.0,1.0,1.0,1.0
2770,ebfa82f4906755d4,True,1.0,1.0,0.9764151014819717,1.0,1.0,1.0,0.9901729589508216
2771,5c084920ee285003,True,1.0,1.0,0.7327170738344088,1.0,1.0,1.0,0.8886321140976703
2772,3b0d2b5f50f752c7,True,1.0,1.0,1.0,0.0,1.0,1.0,0.5833333333333334
2773,fe810492129f57a8,True,1.0,1.0,0.4316702896125115,1.0,1.0,1.0,0.7631959540052131
2774,89a0561418585e07,True,1.0,1.0,0.8534606122928964,1.0,1.0,1.0,0.9389419217887068
2775,e9505f806d8d5998,True,1.0,0.0,0.0,1.0,1.0,1.0,0.0
2776,31602c26eedc5f7e,True,1.0,1.0,0.9522457913572844,1.0,1.0,1.0,0.9801024130655351
2777,a8aba52e8a6151bf,True,1.0,1.0,0.7371664077602638,1.0,1.0,1.0,0.8904860032334433
2778,2bbff4dbce4053b8,True,1.0,1.0,0.5454779724485658,1.0,1.0,1.0,0.8106158218535691
2779,0c54c8dfbe56567f,True,1.0,1.0,0.8634279939993404,1.0,1.0,1.0,0.9430949974997253
2780,e54deddcc84150be,True,1.0,1.0,0.8552244765509859,1.0,1.0,1.0,0.9396768652295774
2781,351663288cc45157,True,1.0,1.0,1.0,1.0,1.0,1.0,1.0
2782,63930f7b3b0e5872,True,1.0,1.0,0.8356372831057929,1.0,1.0,1.0,0.9315155346274137
2783,67e538558b0b5f93,True,1.0,1.0,0.7410087367597848,1.0,1.0,1.0,0.8920869736499103
2784,39e708ddd82155ea,True,1.0,1.0,0.7254901736315592,1.0,1.0,1.0,0.8856209056798163
2785,8f5485a8338c5278,True,1.0,1.0,0.9439569145172286,1.0,1.0,1.0,0.9766487143821786
2786,59ced21f109a5320,True,1.0,1.0,1.0,1.0,1.0,1.0,1.0
2787,57eebf7c02c05c63,True,1.0,1.0,0.8221984442488878,1.0,1.0,1.0,0.9259160184370366
2788,a9343b1abc5957ab,True,1.0,1.0,0.9036597399297842,1.0,1.0,0.5,0.9598582249707434
2789,ee5975ff12275983,True,1.0,1.0,1.0,1.0,1.0,1.0,1.0
2790,322023693f1f5f55,True,1.0,1.0,0.8967576124946811,1.0,1.0,1.0,0.9569823385394504
2791,7a64a496ba815aa8,True,1.0,1.0,0.7070469058464157,1.0,1.0,1.0,0.8779362107693398
2792,018690bcb255590d,True,1.0,1.0,0.9482139811402385,1.0,1.0,1.0,0.978422492141766
2793,a6d4b1f4870852a4,True,1.0,1.0,0.2949626351208239,1.0,1.0,1.0,0.7062344313003432
2794,afe3f2650ff85a95,True,1.0,1.0,1.0,1.0,1.0,1.0,1.0
2795,6451d6a270c75f58,True,1.0,1.0,1.0,1.0,1.0,1.0,1.0
2796,d8c1754607175755,True,1.0,1.0,0.7810318708623687,1.0,1.0,1.0,0.9087632795259869
2797,30422125ddd4590b,True,1.0,1.0,0.669675591536979,1.0,1.0,0.5,0.8623648298070746
2798,6be41ab63cf05b6e,True,1.0,1.0,0.974947392518009,1.0,1.0,1.0,0.9895614135491705
2799,e12cd09a8f515c73,True,1.0,1.0,0.9026001795302201,1.0,1.0,1.0,0.959416741470925
2800,37a8f4466b8b5110,True,1.0,0.0,0.0,1.0,1.0,1.0,0.0
2801,4860585d53665508,True,1.0,1.0,1.0,1.0,1.0,1.0,1.0
2802,0317b218061b5c4d,True,1.0,1.0,1.0,1.0,1.0,1.0,1.0
2803,f750532882175c31,True,1.0,1.0,0.9274940793267192,1.0,1.0,1.0,0.9697891997194663
2804,704fafc3d8fd5258,True,1.0,1.0,1.0,1.0,1.0,1.0,1.0
2805,baeb667505f850af,True,1.0,0.0,0.0,1.0,1.0,1.0,0.0
2806,8153e70fc0545d5a,True,1.0,1.0,0.702345453351671,1.0,1.0,1.0,0.8759772722298629
2807,22f31aadcc76590b,True,1.0,1.0,1.0,1.0,1.0,1.0,1.0
2808,989ce8f4205654d3,True,1.0,1.0,0.8835431795201456,1.0,1.0,1.0,0.9514763248000607
2809,1039f028cca95109,True,1.0,1.0,0.7256298660263236,1.0,1.0,1.0,0.8856791108443015
2810,274fc7077c1b55d4,True,1.0,1.0,1.0,1.0,1.0,1.0,1.0
2811,298fff3a2ae95293,True,1.0,1.0,0.8058927602612316,1.0,1.0,1.0,0.9191219834421798
2812,e1f58cff32225d3a,True,1.0,1.0,1.0,1.0,1.0,1.0,1.0
2813,d8346b35ed785e1d,True,1.0,1.0,0.8648496022685681,1.0,1.0,1.0,0.94368733427857
2814,6781255a85605dd5,True,1.0,1.0,1.0,1.0,1.0,1.0,1.0
2815,02145ce72fd95a85,True,1.0,1.0,1.0,1.0,1.0,1.0,1.0
2816,19282fb074525def,True,1.0,1.0,1.0,1.0,1.0,1.0,1.0
2817,06836a56443a572c,True,0.5,1.0,0.9209089643919499,0.0,1.0,1.0,0.27518936758165624
2818,4f47f41d84c450e8,True,1.0,1.0,1.0,1.0,1.0,1.0,1.0
2819,024d89a3e1e752dc,True,1.0,1.0,0.9035241921168915,1.0,1.0,1.0,0.9598017467153714
2820,29a13686ed375688,True,1.0,1.0,0.8609339427271868,1.0,1.0,1.0,0.9420558094696613
2821,0ccd35e238885817,True,1.0,1.0,1.0,1.0,1.0,1.0,1.0
2822,aefd4ac2f4005309,True,1.0,1.0,0.9219599767075507,1.0,1.0,1.0,0.9674833236281462
2823,9d5e6089bd0d5caf,True,1.0,1.0,1.0,1.0,1.0,1.0,1.0
2824,6c130d90781359d4,True,1.0,1.0,0.9556233010357053,1.0,1.0,1.0,0.9815097087648773
2825,6632c49f6f675b7b,True,1.0,1.0,1.0,1.0,1.0,1.0,1.0
2826,bb22d36aec8e53df,True,1.0,1.0,0.6676808196360005,0.0,1.0,1.0,0.44486700818166686
2827,7b3e1c9932625243,True,1.0,1.0,0.6263811368215245,1.0,1.0,1.0,0.8443254736756352
2828,f6268af57ef35a2b,True,1.0,1.0,1.0,1.0,1.0,1.0,1.0
2829,e05f3bbcb266504c,True,1.0,1.0,1.0,1.0,1.0,1.0,1.0
2830,569da35d0f00545a,True,1.0,1.0,0.8516312590505947,1.0,1.0,1.0,0.9381796912710811
2831,08c2b3b529de59d4,True,1.0,1.0,0.6715306857912021,1.0,1.0,1.0,0.8631377857463343
2832,96588474ccef5f60,True,1.0,1.0,1.0,1.0,1.0,1.0,1.0
2833,43fccd5d69235617,True,1.0,1.0,0.5528968790269777,1.0,1.0,1.0,0.8137070329279075
2834,59cc5d51c60d5a1d,True,1.0,1.0,1.0,1.0,1.0,1.0,1.0
2835,5a1f551705995574,True,1.0,1.0,1.0,1.0,1.0,1.0,1.0
2836,0f206a62842b59b2,True,1.0,1.0,1.0,1.0,1.0,1.0,1.0
2837,b667e90bf3055cea,True,1.0,1.0,1.0,1.0,1.0,1.0,1.0
2838,3e5b0593a3e75d29,True,1.0,1.0,0.7962324228743234,1.0,1.0,1.0,0.9150968428643015
2839,f809d95714a05fad,True,1.0,1.0,1.0,1.0,1.0,1.0,1.0
2840,75f36091b3ec57e5,True,1.0,1.0,0.7656542415841752,1.0,1.0,1.0,0.9023559339934063
2841,cd5af222f868534b,True,1.0,1.0,0.844281243867561,1.0,1.0,1.0,0.9351171849448171
2842,8013f74ddcf055db,True,1.0,1.0,0.7774237765997751,1.0,1.0,1.0,0.9072599069165731
2843,574aa2eca31057d5,True,1.0,1.0,1.0,1.0,1.0,1.0,1.0
2844,c505de060d305ef5,True,1.0,1.0,0.9692901638463561,1.0,1.0,1.0,0.9872042349359816
2845,d6eda165241a53b9,True,1.0,1.0,1.0,1.0,1.0,1.0,1.0
2846,ca2552a32a0058bc,True,1.0,1.0,0.7641498398323875,1.0,1.0,1.0,0.9017290999301615
2847,ee4a2e2de70a510b,True,1.0,1.0,0.8065155437478901,1.0,1.0,1.0,0.9193814765616208
2848,1db38f4b73ac5b62,True,1.0,1.0,0.7856849795638531,1.0,1.0,1.0,0.9107020748182721
2849,081b5785002b5962,True,1.0,1.0,1.0,1.0,1.0,1.0,1.0
2850,02902d180b405100,True,1.0,1.0,1.0,1.0,1.0,1.0,1.0
2851,9f44032dfc315223,True,1.0,1.0,1.0,1.0,1.0,1.0,1.0
2852,e8a004bfab7d5034,True,1.0,1.0,0.9092575452392154,1.0,1.0,0.5,0.9621906438496731
2853,a4d55f73b8ad51b9,True,1.0,1.0,0.7192989613245923,1.0,1.0,1.0,0.8830412338852467
2854,6dcd43697e01597d,True,1.0,1.0,0.9431441618282664,1.0,1.0,1.0,0.9763100674284443
2855,6b3d5914f92b54d9,True,1.0,1.0,0.7862723084487538,1.0,1.0,1.0,0.9109467951869807
2856,aaa11cdbc8d35178,True,1.0,1.0,1.0,0.0,1.0,1.0,0.5833333333333334
2857,6d605a6595d75fa9,True,1.0,1.0,1.0,1.0,1.0,1.0,1.0
2858,36899d67473c5c91,True,1.0,0.0,0.0,1.0,1.0,1.0,0.0
2859,1e80c5febdd25875,True,1.0,1.0,0.9277855671619493,1.0,1.0,1.0,0.9699106529841455
2860,ce19d75d9b55589d,True,1.0,1.0,0.8668798789923279,1.0,1.0,1.0,0.9445332829134699
2861,8799520f3ff95bfc,True,1.0,1.0,0.841467209611828,1.0,1.0,1.0,0.933944670671595
2862,649b2096884957a9,True,1.0,1.0,1.0,1.0,1.0,1.0,1.0
2863,8686e685b08a5c3e,True,1.0,1.0,0.964361654665259,1.0,1.0,1.0,0.9851506894438579
2864,cb53746741b25730,True,1.0,1.0,0.8569086310331236,1.0,1.0,1.0,0.9403785962638015
2865,3b36add3be02517e,True,1.0,1.0,0.8079935686514915,1.0,1.0,1.0,0.9199973202714548
2866,5066b57b01cb56ec,True,1.0,1.0,1.0,1.0,1.0,1.0,1.0
2867,b1464f6c01dc545f,True,1.0,1.0,0.9306599016512136,1.0,1.0,1.0,0.9711082923546724
2868,0b57b00279885fd4,True,1.0,1.0,0.8820206543097128,1.0,1.0,1.0,0.9508419392957137
2869,d0ae9b081c1857cf,True,1.0,1.0,0.9391549040518734,1.0,1.0,1.0,0.9746478766882806
2870,ae33eb2afd655f7d,True,1.0,1.0,0.7360843647763146,1.0,1.0,1.0,0.8900351519901312
2871,795b989aef8a5b42,True,1.0,1.0,0.8824611225705016,1.0,1.0,1.0,0.951025467737709
2872,3ec3d2ab34f756e6,True,1.0,0.0,0.0,1.0,1.0,1.0,0.0
2873,12f2dccfb88957f9,True,1.0,0.0,0.0,1.0,1.0,1.0,0.0
2874,aaf1c9da44cb567b,True,1.0,1.0,0.9817744881832277,1.0,1.0,1.0,0.9924060367430115
2875,c0649cc8913954cd,True,1.0,1.0,1.0,1.0,1.0,1.0,1.0
2876,f9505a84a7745537,True,1.0,1.0,0.7690710896145484,1.0,1.0,1.0,0.9037796206727284
2877,aff9661937e85b81,True,1.0,1.0,0.7643401573403312,1.0,1.0,1.0,0.9018083988918048
2878,1434146a1ab75426,True,1.0,1.0,1.0,1.0,1.0,1.0,1.0
2879,e97db5c7da675b13,True,1.0,1.0,0.891321718875579,1.0,1.0,1.0,0.9547173828648244
2880,974d5c00402f55aa,True,1.0,1.0,1.0,1.0,1.0,1.0,1.0
2881,eb9fd90de700597b,True,1.0,1.0,0.9626833005838167,1.0,1.0,1.0,0.9844513752432569
2882,9fa75f1d5863570b,True,1.0,1.0,0.7728779377979325,1.0,1.0,1.0,0.9053658074158052
2883,2696e377ac3e579b,True,1.0,1.0,0.973908800893932,1.0,1.0,1.0,0.9891286670391383
2884,78e0e3e1292d5431,True,1.0,1.0,1.0,1.0,1.0,1.0,1.0
2885,0b7ee9446b7f541e,True,1.0,1.0,1.0,1.0,1.0,1.0,1.0
2886,c39df8b835525d97,True,1.0,1.0,0.768491282291785,1.0,1.0,1.0,0.9035380342882439
2887,de3ea1d3c1e0588a,True,1.0,1.0,1.0,0.0,1.0,1.0,0.5833333333333334
2888,7140077d03e25c2c,True,1.0,1.0,0.7603348995180734,1.0,1.0,1.0,0.900139541465864
2889,df0122d3b7d35eb9,True,1.0,1.0,1.0,1.0,1.0,1.0,1.0
2890,fff690c93ca15495,True,1.0,1.0,0.7900905159020398,1.0,1.0,1.0,0.9125377149591832
2891,c66aeafedcbd5140,True,1.0,1.0,0.7188053544122421,1.0,1.0,1.0,0.8828355643384342
2892,780eada83bbc57b1,True,1.0,1.0,0.7885054578473712,1.0,1.0,1.0,0.9118772741030714
2893,8ff412b66d24593c,True,1.0,1.0,1.0,1.0,1.0,1.0,1.0
2894,0388cd6f1af65029,True,1.0,1.0,1.0,1.0,1.0,1.0,1.0
2895,c841c36b56fb53f2,True,1.0,1.0,0.5702090756529408,1.0,1.0,1.0,0.8209204481887253
2896,52094c2441105f4d,True,1.0,1.0,0.8609206544586541,1.0,1.0,1.0,0.9420502726911059
2897,a9e8e0a755d758a1,True,1.0,1.0,0.7717303495156058,1.0,1.0,1.0,0.9048876456315025
2898,d8c6268b250e585c,True,1.0,1.0,0.8696927393030002,1.0,1.0,1.0,0.9457053080429167
2899,7e2675bbae325f36,True,1.0,1.0,0.8369763678125139,1.0,1.0,1.0,0.9320734865885475
2900,d57d041213c554d3,True,1.0,1.0,1.0,1.0,1.0,1.0,1.0
2901,4e734888d8465563,True,1.0,1.0,1.0,1.0,1.0,1.0,1.0
2902,59159c92e5d9571d,True,1.0,1.0,0.9575786101837319,1.0,1.0,1.0,0.9823244209098884
2903,551867c095c35991,True,1.0,1.0,1.0,1.0,1.0,1.0,1.0
2904,6492ae3886505280,True,1.0,1.0,0.7388083388148474,1.0,1.0,1.0,0.8911701411728531
2905,1d63ddad646b5496,True,1.0,1.0,0.9490421624149511,1.0,1.0,1.0,0.9787675676728963
2906,e30d715817b7524a,True,0.0,1.0,0.0,0.0,1.0,0.5,0.0
2907,d20dc707981f56e7,True,1.0,1.0,1.0,1.0,1.0,1.0,1.0
2908,247ba5f9646c5528,True,1.0,1.0,1.0,1.0,1.0,1.0,1.0
2909,a38e63debd3256ef,True,1.0,1.0,0.7251110855558563,1.0,1.0,1.0,0.8854629523149402
2910,36cdfb296218516d,True,1.0,1.0,0.9211656629256649,1.0,1.0,1.0,0.9671523595523605
2911,19a79abcf14059d2,True,1.0,1.0,0.9140568445819116,1.0,1.0,1.0,0.9641903519091298
2912,a96b1d87c73555b9,True,1.0,1.0,0.6124301500685895,1.0,1.0,1.0,0.838512562528579
2913,bdf4ea0b653c5677,True,1.0,0.0,0.0,1.0,1.0,1.0,0.0
2914,1198cf572c315f9c,True,1.0,0.0,0.0,1.0,1.0,0.5,0.0
2915,114f66c4cf785eab,True,1.0,1.0,0.8821283261939192,1.0,1.0,1.0,0.9508868025807997
2916,b403192d3ea45397,True,1.0,1.0,1.0,1.0,1.0,1.0,1.0
2917,9b94fe18b9ea5b73,True,1.0,1.0,1.0,1.0,1.0,1.0,1.0
2918,6fcec1c4552351ed,True,1.0,1.0,0.6720641437219518,1.0,1.0,1.0,0.8633600598841467
2919,f0b6499b393152be,True,1.0,0.0,0.0,1.0,1.0,1.0,0.0
2920,17a3e2d3cba55770,True,1.0,1.0,1.0,1.0,1.0,1.0,1.0
2921,8c3d43af9a905864,True,1.0,1.0,1.0,1.0,1.0,1.0,1.0
2922,be503a7ef2805c88,True,1.0,1.0,1.0,1.0,1.0,1.0,1.0
2923,bc9bc971088c5df6,True,1.0,1.0,1.0,0.0,1.0,1.0,0.5833333333333334
2924,3216cf4d7e975148,True,1.0,0.0,0.0,1.0,1.0,1.0,0.0
2925,f4eec162c14e5bfa,True,1.0,1.0,1.0,1.0,1.0,1.0,1.0
2926,db73bde6710e50ca,True,1.0,1.0,1.0,1.0,1.0,1.0,1.0
2927,6347504b632c5be1,True,1.0,1.0,0.5191310863964482,1.0,1.0,1.0,0.7996379526651868
2928,2f191795b29f52b2,True,1.0,1.0,1.0,1.0,1.0,1.0,1.0
2929,6b8b72c830b85a62,True,1.0,1.0,0.7563757474044291,1.0,1.0,1.0,0.8984898947518455
2930,bf929b24f13b5c37,True,1.0,0.0,0.0,1.0,1.0,0.0,0.0
2931,bcea19eeb57f5cfa,True,1.0,1.0,0.7322037252466561,1.0,1.0,1.0,0.8884182188527734
2932,019eaadd84cb56f8,True,1.0,1.0,1.0,1.0,1.0,1.0,1.0
2933,78a8c3b8447d5489,True,1.0,1.0,0.7845591473610398,1.0,1.0,1.0,0.9102329780670999
2934,936c2cf5b8345663,True,1.0,1.0,1.0,1.0,1.0,1.0,1.0
2935,df65991258ba5334,True,1.0,1.0,0.9505030658018776,1.0,1.0,1.0,0.9793762774174489
2936,7762b47b2ed156a9,True,1.0,1.0,0.9723159907675366,1.0,1.0,1.0,0.9884649961531403
2937,8bdf510cc78751f1,True,1.0,1.0,0.584622195203245,1.0,1.0,1.0,0.8269259146680188
2938,3038555c47555d08,True,1.0,1.0,0.8764289238384192,1.0,1.0,1.0,0.9485120515993414
2939,713c5a168c2452dc,True,1.0,1.0,0.8247773851377861,1.0,1.0,1.0,0.9269905771407442
2940,d3badb5f8c125e12,True,1.0,1.0,1.0,1.0,1.0,1.0,1.0
2941,a0024513b78656f1,True,1.0,1.0,1.0,1.0,1.0,1.0,1.0
2942,ebc5a6ec11205f0c,True,1.0,1.0,1.0,1.0,1.0,1.0,1.0
2943,c440ceb9353f50b6,True,1.0,1.0,0.7654365385970947,1.0,1.0,1.0,0.9022652244154562
2944,c43312ea64bc5d28,True,1.0,1.0,0.8848697011003681,1.0,1.0,1.0,0.9520290421251533
2945,bb783ab5850c5ee2,True,1.0,1.0,0.7960777475872964,1.0,1.0,1.0,0.9150323948280402
2946,ceccd4369b5f552d,True,1.0,1.0,0.6487029258595305,1.0,1.0,1.0,0.8536262191081377
2947,638b83e65dd259f8,True,1.0,1.0,1.0,1.0,1.0,1.0,1.0
2948,e9fd1602f4555be6,True,1.0,1.0,1.0,1.0,1.0,1.0,1.0
2949,2f233e4005e05c1e,True,1.0,1.0,0.7621418747877386,1.0,1.0,1.0,0.9008924478282244
2950,38f1e14586bd51e3,True,1.0,1.0,0.7752955626556859,1.0,1.0,1.0,0.9063731511065357
2951,1134d05b608b54e8,True,1.0,1.0,0.8711554725926792,1.0,1.0,1.0,0.9463147802469497
2952,86e62e65d9095907,True,1.0,1.0,0.8967747789449773,1.0,1.0,1.0,0.9569894912270739
2953,71c32c511a445d13,True,1.0,1.0,0.6438508263419287,1.0,1.0,1.0,0.8516045109758036
2954,a98e0fd4eee7534a,True,1.0,1.0,0.9209978457928019,1.0,1.0,1.0,0.9670824357470007
2955,c64f55518a18575b,True,1.0,1.0,0.8319141716959231,1.0,1.0,1.0,0.9299642382066345
2956,601eee0a0e2d52a3,True,1.0,1.0,1.0,1.0,1.0,1.0,1.0
2957,b2b801ee99c95758,True,1.0,1.0,0.5882470460514512,1.0,1.0,1.0,0.8284362691881046
2958,2c43056133655292,True,1.0,1.0,0.9270162963292642,1.0,1.0,1.0,0.9695901234705268
2959,cc7a2b953265554a,True,1.0,1.0,0.8056934631349648,1.0,1.0,1.0,0.919038942972902
2960,95ccb71300195f57,True,1.0,1.0,1.0,0.0,1.0,0.0,0.5833333333333334
2961,8350f9ff4dcf5e4b,True,1.0,1.0,1.0,1.0,1.0,1.0,1.0
2962,55016fc4cd15505d,True,1.0,1.0,1.0,1.0,1.0,1.0,1.0
2963,average,True,0.9770502868714142,0.9298008774890314,0.7861424079311975,0.9466756665541681,0.998650016874789,0.9758690516368546,0.848248079395712
