,token,valid,no_at_fault_collisions,drivable_area_compliance,ego_progress,time_to_collision_within_bound,comfort,driving_direction_compliance,score
0,9369b11c1f5857e8,True,1.0,1.0,0.7141428803688067,1.0,1.0,1.0,0.8808928668203361
1,a0c719046be7530e,True,1.0,1.0,0.94165827649979,1.0,1.0,1.0,0.9756909485415791
2,f407714273645434,True,1.0,0.0,0.0,1.0,1.0,0.0,0.0
3,5f3fbfc334c0579c,True,1.0,1.0,1.0,1.0,1.0,1.0,1.0
4,572e6c81e32958f2,True,1.0,1.0,0.7540223219819475,1.0,1.0,0.5,0.8975093008258114
5,d16db4733f1e5524,True,1.0,1.0,0.7560639988254754,1.0,1.0,1.0,0.8983599995106147
6,861805c4ff585f84,True,1.0,0.0,0.0,1.0,1.0,0.0,0.0
7,0809e84efac053e6,True,1.0,0.0,0.0,1.0,1.0,1.0,0.0
8,d112a49d72925b06,True,1.0,1.0,0.9605617557713934,1.0,1.0,1.0,0.9835673982380806
9,129c4e6b058a5f6d,True,1.0,0.0,0.0,1.0,1.0,1.0,0.0
10,f25881a0f78f5aa9,True,1.0,1.0,1.0,1.0,1.0,1.0,1.0
11,350ef3908a9c5db6,True,1.0,1.0,1.0,1.0,1.0,1.0,1.0
12,152679f2edce5c73,True,1.0,1.0,1.0,0.0,1.0,1.0,0.5833333333333334
13,44c39701a6d65696,True,1.0,1.0,1.0,1.0,1.0,1.0,1.0
14,2daa400892ce5a95,True,1.0,0.0,0.0,1.0,1.0,1.0,0.0
15,b8f2f60346035cb0,True,1.0,1.0,0.6652716484470865,1.0,1.0,1.0,0.8605298535196194
16,25d6781d5063561a,True,1.0,0.0,0.0,0.0,1.0,0.0,0.0
17,2d1f929350f65cdc,True,1.0,1.0,1.0,1.0,1.0,1.0,1.0
18,35234d714b5d5da9,True,1.0,0.0,0.0,1.0,1.0,1.0,0.0
19,bb8497b5cf575e3a,True,0.0,0.0,0.0,0.0,1.0,1.0,0.0
20,d7b1349fb4775cc1,True,1.0,1.0,0.6203177384371362,1.0,1.0,1.0,0.84179905768214
21,859b85899c105afc,True,1.0,1.0,1.0,1.0,1.0,1.0,1.0
22,60b3c9715d995c1d,True,1.0,1.0,0.9393633347261389,1.0,1.0,1.0,0.9747347228025579
23,9cdaa8f652bf5a27,True,1.0,1.0,0.7058209545583995,1.0,1.0,1.0,0.8774253977326665
24,fb2289e9d46258f2,True,1.0,1.0,0.9221405346319435,1.0,1.0,1.0,0.9675585560966432
25,304be364cb4050ce,True,1.0,1.0,1.0,1.0,1.0,1.0,1.0
26,fdfad1317cd75455,True,1.0,1.0,1.0,1.0,1.0,1.0,1.0
27,4925a678992c5726,True,1.0,1.0,0.9693501946392203,1.0,1.0,1.0,0.9872292477663418
28,2b52c607f324583e,True,1.0,1.0,0.8885138181266368,1.0,1.0,1.0,0.953547424219432
29,742456f4f1c65425,True,0.0,0.0,0.0,0.0,1.0,0.5,0.0
30,0af18cfd826c5086,True,1.0,1.0,0.7711857459411421,1.0,1.0,1.0,0.9046607274754758
31,9fdd329b72e85179,True,1.0,1.0,0.7705405050636462,1.0,1.0,1.0,0.9043918771098527
32,8723bbb08b8e5cc8,True,1.0,1.0,1.0,1.0,1.0,1.0,1.0
33,0c3f741051575a36,True,1.0,1.0,0.8106804828126648,1.0,1.0,1.0,0.9211168678386104
34,78adf1b8ed315c4f,True,1.0,1.0,0.8817247107705679,1.0,1.0,1.0,0.9507186294877367
35,19d7afdb02055502,True,1.0,1.0,0.8006756899700359,1.0,1.0,1.0,0.9169482041541817
36,6c903f55bc7650e1,True,1.0,1.0,0.8818319687251759,1.0,1.0,1.0,0.9507633203021566
37,74831c9ae5a15f99,True,1.0,1.0,0.6791616723851344,1.0,1.0,1.0,0.8663173634938061
38,96af2f9a0f9352ab,True,1.0,1.0,1.0,1.0,1.0,1.0,1.0
39,4ac1bcffb2bb5010,True,1.0,1.0,0.9317221317675017,1.0,1.0,1.0,0.9715508882364591
40,36ee69ae43b85587,True,1.0,1.0,1.0,1.0,1.0,1.0,1.0
41,65871def84015af2,True,1.0,1.0,0.908150019826755,1.0,1.0,1.0,0.9617291749278145
42,6c84b52f0d155cac,True,1.0,1.0,0.9530086591449396,1.0,1.0,1.0,0.9804202746437248
43,10db4b6fe64b5c10,True,0.0,0.0,0.0,0.0,1.0,0.5,0.0
44,cf7d3181a516574a,True,1.0,1.0,0.8062405936417859,1.0,1.0,1.0,0.9192669140174109
45,8470627d628e55f6,True,1.0,1.0,0.7918185060174406,1.0,1.0,1.0,0.9132577108406003
46,23ee5a5b9a1a550c,True,1.0,1.0,1.0,1.0,1.0,0.5,1.0
47,f8331125139c53d2,True,1.0,1.0,0.9368499716223707,1.0,1.0,1.0,0.9736874881759879
48,9b25bbac0aac5357,True,1.0,1.0,1.0,1.0,1.0,1.0,1.0
49,ed2103838dae5993,True,1.0,0.0,0.0,1.0,1.0,1.0,0.0
50,4907817195ff5d6f,True,1.0,1.0,0.7929948657160579,1.0,1.0,1.0,0.9137478607150241
51,49b32cb088ae53fe,True,1.0,1.0,0.7054409780130089,1.0,1.0,1.0,0.8772670741720869
52,49d613966f25569b,True,1.0,1.0,0.9516514708849861,1.0,1.0,1.0,0.9798547795354109
53,b5025be9867f503e,True,1.0,1.0,0.5840708955908132,1.0,1.0,1.0,0.8266962064961721
54,71220ef085f459fc,True,1.0,1.0,1.0,1.0,1.0,1.0,1.0
55,8128635441b358c4,True,1.0,1.0,1.0,0.0,1.0,1.0,0.5833333333333334
56,10ffaee1fe81544d,True,1.0,1.0,1.0,1.0,1.0,1.0,1.0
57,71c1fef0966d5df4,True,1.0,1.0,0.6643830177565415,1.0,1.0,1.0,0.8601595907318923
58,0d93c2f3442752d9,True,1.0,0.0,0.0,1.0,1.0,0.0,0.0
59,012ca60989175c54,True,1.0,1.0,1.0,1.0,1.0,1.0,1.0
60,01167513b5b55ca1,True,1.0,1.0,0.5817741583282474,1.0,1.0,1.0,0.8257392326367698
61,4a25aaca58b85ea5,True,1.0,1.0,0.8633362364268315,1.0,1.0,1.0,0.9430567651778464
62,62fc6bfdfba650ed,True,1.0,1.0,1.0,1.0,1.0,1.0,1.0
63,68f10c13166b592b,True,1.0,1.0,0.9490866090121327,1.0,1.0,1.0,0.9787860870883888
64,9b9aa93df6b15de7,True,1.0,1.0,0.8995410050223239,1.0,1.0,1.0,0.9581420854259682
65,8b477eda939951d6,True,1.0,0.0,0.0,1.0,1.0,0.5,0.0
66,931c9ec2bfa55d47,True,1.0,1.0,0.5603172986273128,1.0,1.0,1.0,0.8167988744280471
67,01226863089b5e1d,True,1.0,1.0,0.8956746296095679,1.0,1.0,1.0,0.9565310956706533
68,cbb9f6ff18285688,True,1.0,1.0,0.7989392388759295,1.0,1.0,1.0,0.9162246828649706
69,84d0b82110465b43,True,1.0,1.0,1.0,1.0,1.0,1.0,1.0
70,c3e80fd14bce51a0,True,1.0,0.0,0.0,1.0,1.0,1.0,0.0
71,402c9312982a5488,True,1.0,1.0,0.7838668120349185,0.0,1.0,1.0,0.4932778383478827
72,44cedd469129548d,True,1.0,1.0,0.8352584270103695,1.0,1.0,1.0,0.9313576779209872
73,a1a8c4053bc7577e,True,1.0,1.0,0.8322111078049973,1.0,1.0,0.5,0.9300879615854155
74,3486294123695bed,True,1.0,0.0,0.0,1.0,1.0,1.0,0.0
75,866e7ca97d3c5548,True,1.0,1.0,0.8282019972848191,1.0,1.0,1.0,0.9284174988686745
76,ac2f5c84d6fc5cdf,True,1.0,1.0,0.7722531085677319,1.0,1.0,1.0,0.9051054619032216
77,6d4f69f0aabc5c4e,True,1.0,1.0,0.42391791107733123,1.0,1.0,0.5,0.7599657962822214
78,0a177b48593d521c,True,1.0,1.0,1.0,1.0,1.0,1.0,1.0
79,c7979a062bff5710,True,1.0,1.0,1.0,1.0,1.0,1.0,1.0
80,fccd90b794b15d6a,True,1.0,1.0,1.0,1.0,1.0,1.0,1.0
81,83291306454c5e84,True,1.0,1.0,0.8062286723679365,1.0,1.0,1.0,0.9192619468199735
82,3b5ea54bfd575d68,True,1.0,1.0,0.7886965893339265,1.0,1.0,1.0,0.9119569122224694
83,05ee09cb75205555,True,1.0,1.0,1.0,1.0,1.0,1.0,1.0
84,7af0e9b8a12056e8,True,1.0,0.0,0.0,1.0,1.0,1.0,0.0
85,d26170a35d1c5e33,True,1.0,1.0,0.7775870350628877,1.0,1.0,1.0,0.9073279312762033
86,160e6592389759c5,True,1.0,1.0,0.7377178823919676,1.0,1.0,1.0,0.8907157843299864
87,e776468d9bf65a8a,True,1.0,1.0,0.9261100363100462,1.0,1.0,1.0,0.9692125151291858
88,28c5e10661025e5f,True,1.0,0.0,0.0,1.0,1.0,1.0,0.0
89,0057ce5b81c35a81,True,1.0,1.0,0.9751466297307835,1.0,1.0,1.0,0.9896444290544931
90,2c58e549903354fc,True,1.0,1.0,0.6636416678633126,1.0,1.0,1.0,0.8598506949430469
91,87929fb304eb5bcc,True,1.0,1.0,0.8520791047296845,1.0,1.0,1.0,0.9383662936373686
92,581b5ae61b1c569d,True,1.0,1.0,1.0,1.0,1.0,1.0,1.0
93,2ef80fbe7233514a,True,1.0,1.0,0.7648566149138847,1.0,1.0,1.0,0.902023589547452
94,831a14b3c0bb5c50,True,1.0,1.0,0.8481564364542061,1.0,1.0,1.0,0.9367318485225858
95,fa8c164985255698,True,1.0,1.0,0.5507564330678798,1.0,1.0,1.0,0.8128151804449498
96,148188e5281e53cd,True,1.0,1.0,0.7563093539646315,1.0,1.0,1.0,0.8984622308185966
97,a44db880afe95be7,True,1.0,1.0,0.61291917234387,1.0,1.0,1.0,0.8387163218099459
98,d78ce77ffdf75554,True,1.0,1.0,0.740165050297283,1.0,1.0,1.0,0.8917354376238679
99,13625214a30e5005,True,1.0,1.0,0.9079359934709664,1.0,1.0,1.0,0.9616399972795694
100,61c675d850d75cd1,True,1.0,1.0,0.8214351164713198,1.0,1.0,1.0,0.9255979651963834
101,9bdf0d338d625e2a,True,1.0,1.0,1.0,1.0,1.0,1.0,1.0
102,cc4a4dc2afc75aed,True,1.0,1.0,1.0,1.0,1.0,1.0,1.0
103,ce3ff067f10b526b,True,1.0,0.0,0.0,1.0,1.0,0.0,0.0
104,48f70b92d6895a39,True,1.0,1.0,0.9282248068836731,1.0,1.0,1.0,0.9700936695348638
105,1e1f35531c5856bb,True,1.0,1.0,0.6478028078555259,1.0,1.0,1.0,0.8532511699398024
106,5c786c10eb7f57da,True,1.0,1.0,0.9148438309526299,1.0,1.0,1.0,0.9645182628969291
107,3296619ed0855e31,True,1.0,1.0,1.0,1.0,1.0,1.0,1.0
108,e7dc959cb4745b66,True,1.0,1.0,0.7276483578960846,1.0,1.0,1.0,0.8865201491233686
109,2dca181fa97153a0,True,1.0,1.0,0.6426073773948886,1.0,1.0,1.0,0.8510864072478702
110,34ac200e359653b5,True,1.0,1.0,0.3787561141616949,1.0,1.0,1.0,0.7411483809007061
111,bee7eebe90dd5285,True,1.0,1.0,1.0,1.0,1.0,1.0,1.0
112,d99e2e84c46f577d,True,1.0,1.0,0.4333691522175309,1.0,1.0,1.0,0.7639038134239712
113,1d2710d5bcfd52a7,True,1.0,1.0,0.7916611402221294,1.0,1.0,1.0,0.9131921417592205
114,8b57a471e74e573f,True,1.0,1.0,1.0,1.0,1.0,1.0,1.0
115,f9df92352a5f53f2,True,1.0,1.0,1.0,1.0,1.0,1.0,1.0
116,51467056c4f35555,True,1.0,1.0,0.8078196904628234,1.0,1.0,1.0,0.9199248710261765
117,1844ec136eb05d57,True,1.0,1.0,0.8019005462403456,1.0,1.0,1.0,0.9174585609334773
118,4f85a2301691525a,True,1.0,1.0,0.8029511564316621,1.0,1.0,1.0,0.9178963151798593
119,6cfeeb3aab5b5681,True,1.0,1.0,1.0,1.0,1.0,1.0,1.0
120,774aad2507f75660,True,1.0,1.0,0.7014118394322939,1.0,1.0,1.0,0.8755882664301224
121,a0b3a3b623235a49,True,1.0,1.0,1.0,1.0,1.0,1.0,1.0
122,d6a60e406ebc5b01,True,1.0,1.0,0.9294596880190638,1.0,1.0,1.0,0.9706082033412766
123,beb963305ad75bb3,True,1.0,1.0,1.0,1.0,1.0,1.0,1.0
124,a631fec170525388,True,1.0,1.0,0.6799233188946511,1.0,1.0,0.5,0.8666347162061045
125,5d5dfc678c9759a1,True,1.0,0.0,0.0,1.0,1.0,1.0,0.0
126,ae472d675a965aca,True,1.0,1.0,0.7239047661276508,1.0,1.0,1.0,0.8849603192198545
127,d08ae5bc8a435f97,True,1.0,1.0,1.0,1.0,1.0,1.0,1.0
128,eefc84cb86d45529,True,1.0,1.0,0.8280425778088374,1.0,1.0,1.0,0.9283510740870154
129,9e20b3d7da855668,True,1.0,1.0,0.9404607054399562,1.0,1.0,1.0,0.9751919605999818
130,46e5a6cf37de5493,True,1.0,1.0,1.0,1.0,1.0,1.0,1.0
131,7077e840fef95b8f,True,1.0,1.0,0.8576660599857476,0.0,1.0,0.0,0.5240275249940615
132,f6e9ee0b3a81575b,True,1.0,1.0,0.910936029660128,1.0,1.0,1.0,0.9628900123583867
133,d6f52d0bbaf5523c,True,1.0,1.0,0.7854571168402527,1.0,1.0,1.0,0.9106071320167719
134,538ed1acbf145c8b,True,1.0,0.0,0.0,1.0,1.0,0.5,0.0
135,12800b02eb685132,True,1.0,1.0,0.1182870093139137,1.0,1.0,1.0,0.6326195872141307
136,462ba3dea9fb590b,True,1.0,1.0,0.6607216754237819,1.0,1.0,1.0,0.8586340314265758
137,350b10a4761e5c11,True,1.0,1.0,1.0,1.0,1.0,1.0,1.0
138,6782b9c3686f58f3,True,1.0,1.0,0.40812737184828746,1.0,1.0,1.0,0.7533864049367865
139,5816a23cfee25d4e,True,1.0,1.0,1.0,1.0,1.0,1.0,1.0
140,228dbe4bb59c537b,True,1.0,1.0,0.7018874031931146,1.0,1.0,1.0,0.8757864179971312
141,76d34ae8c95156b2,True,1.0,1.0,0.7077914211494294,1.0,1.0,1.0,0.878246425478929
142,ec398c5c12055eed,True,1.0,1.0,0.9671945804991386,1.0,1.0,1.0,0.9863310752079745
143,910198c6086a5a34,True,1.0,1.0,0.6904894271868757,1.0,1.0,1.0,0.8710372613278649
144,866f7eb093ac5244,True,1.0,1.0,0.6373922007976042,0.0,1.0,1.0,0.43224675033233506
145,320446eca62c59fe,True,1.0,0.0,0.0,1.0,1.0,1.0,0.0
146,f6c528f78bdf593c,True,1.0,1.0,0.778694413389852,1.0,1.0,1.0,0.9077893389124383
147,f749ff64838c5664,True,1.0,1.0,0.9514574275651962,1.0,1.0,1.0,0.9797739281521651
148,599e006109385ae5,True,1.0,1.0,0.7991288174430609,1.0,1.0,1.0,0.9163036739346087
149,8b8466eb334f5957,True,1.0,1.0,0.8449163846127363,1.0,1.0,1.0,0.9353818269219735
150,947518978dcd5005,True,1.0,1.0,0.7871561943438748,1.0,1.0,1.0,0.9113150809766145
151,96a228d4d055523a,True,1.0,0.0,0.0,1.0,1.0,0.5,0.0
152,68c666c7045f5609,True,1.0,1.0,0.8508018488227924,1.0,1.0,1.0,0.9378341036761636
153,57af94e8290254bb,True,1.0,1.0,1.0,1.0,1.0,1.0,1.0
154,fc2a5f9f60965ab9,True,1.0,1.0,1.0,1.0,1.0,1.0,1.0
155,2b4e72f733d35e89,True,1.0,1.0,1.0,1.0,1.0,1.0,1.0
156,a247fa5eb7b454a4,True,1.0,1.0,0.9413547536254344,1.0,1.0,1.0,0.9755644806772642
157,d2d30ecb18db52f9,True,1.0,1.0,0.7436375318746142,1.0,1.0,1.0,0.893182304947756
158,b711cfd42ac55706,True,1.0,1.0,0.6362851362500705,1.0,1.0,1.0,0.8484521401041961
159,68b64b027ed2512a,True,1.0,1.0,0.628885404736318,1.0,1.0,1.0,0.8453689186401325
160,ae07a1ea49135359,True,1.0,1.0,0.8131115057283337,1.0,1.0,1.0,0.9221297940534724
161,0dc54a8c8203567b,True,1.0,1.0,0.7217489031781489,1.0,1.0,1.0,0.8840620429908954
162,ab845dd1ff3c522d,True,1.0,1.0,0.8993049120105325,1.0,1.0,1.0,0.9580437133377219
163,639352b63c715c1f,True,1.0,1.0,0.7021413462835414,1.0,1.0,1.0,0.8758922276181423
164,fd676fd01e475e33,True,1.0,1.0,1.0,1.0,1.0,1.0,1.0
165,fda0145d54065b7c,True,1.0,1.0,1.0,1.0,1.0,1.0,1.0
166,fc8de9b657805f00,True,1.0,0.0,0.0,1.0,1.0,0.5,0.0
167,542bec9a7d6e5c52,True,1.0,1.0,0.9978908587053475,1.0,1.0,1.0,0.9991211911272281
168,d7d57d8fb3b6589a,True,1.0,0.0,0.0,0.0,1.0,1.0,0.0
169,8084b4b0d97b5d93,True,1.0,1.0,1.0,1.0,1.0,1.0,1.0
170,eb81d53204735bcc,True,1.0,1.0,1.0,1.0,1.0,1.0,1.0
171,f377405106115a34,True,1.0,1.0,0.5010731812533563,1.0,1.0,1.0,0.7921138255222319
172,dd79f9aa92105761,True,1.0,0.0,0.0,1.0,1.0,1.0,0.0
173,0d35a8e6a98a5759,True,1.0,1.0,1.0,1.0,1.0,1.0,1.0
174,ddc62293e7875556,True,1.0,1.0,1.0,0.0,1.0,1.0,0.5833333333333334
175,01d53ccf583c5a49,True,1.0,0.0,0.0,1.0,1.0,1.0,0.0
176,bff29edb43425586,True,1.0,1.0,0.7689578592015309,1.0,1.0,1.0,0.9037324413339712
177,e0657b3fd2ac5c55,True,1.0,1.0,0.6987597071711003,1.0,1.0,1.0,0.8744832113212917
178,f4544174530b5715,True,1.0,1.0,0.6213548846456654,1.0,1.0,1.0,0.8422312019356939
179,ae06592110305073,True,1.0,1.0,0.8320408805714085,1.0,1.0,1.0,0.9300170335714202
180,a2b2c80a9db75f5f,True,1.0,1.0,1.0,1.0,1.0,1.0,1.0
181,c4d424c8f74e5b70,True,1.0,1.0,1.0,1.0,1.0,1.0,1.0
182,1e4df42d4cea5416,True,1.0,1.0,1.0,1.0,1.0,1.0,1.0
183,d70f77951917593a,True,1.0,1.0,0.7240213499348026,1.0,1.0,1.0,0.8850088958061678
184,82b3e6e3bfa15ecf,True,1.0,0.0,0.0,1.0,1.0,1.0,0.0
185,b441db826d515eb7,True,1.0,1.0,0.7203248378327131,1.0,1.0,1.0,0.8834686824302972
186,d7928caf300452e2,True,1.0,1.0,0.7526829922520065,1.0,1.0,1.0,0.8969512467716694
187,7683c293a5a55dce,True,1.0,1.0,1.0,1.0,1.0,1.0,1.0
188,f233f263a7e75621,True,1.0,1.0,1.0,1.0,1.0,1.0,1.0
189,60fa28b4cd8a57fb,True,1.0,1.0,0.7981483170790824,1.0,1.0,1.0,0.9158951321162844
190,eb822e0610545fd6,True,1.0,1.0,0.6581504778952232,1.0,1.0,1.0,0.8575626991230095
191,fc58a8b4d619577d,True,1.0,0.0,0.0,1.0,1.0,1.0,0.0
192,9972c06c954b5770,True,0.0,0.0,0.0,0.0,1.0,1.0,0.0
193,c497ee89b6205eb8,True,1.0,1.0,0.97487488462559,1.0,1.0,1.0,0.9895312019273291
194,18236bb0b875582d,True,1.0,1.0,1.0,1.0,1.0,1.0,1.0
195,48271cdeceb35236,True,1.0,1.0,1.0,1.0,1.0,1.0,1.0
196,6fa0a76b37b558bd,True,1.0,1.0,0.8832953069039701,1.0,1.0,1.0,0.9513730445433208
197,f5e6e24328fd5e7c,True,1.0,1.0,0.9054458820586118,1.0,1.0,0.0,0.9606024508577549
198,de56fef875ac5a5e,True,1.0,1.0,0.6173807504905416,1.0,1.0,1.0,0.8405753127043923
199,2fd95381df705415,True,1.0,1.0,0.792185749837558,1.0,1.0,1.0,0.9134107290989825
200,52ab5e0a4e075cad,True,1.0,1.0,0.7269914330096697,1.0,1.0,1.0,0.8862464304206957
201,ff137d1eea555686,True,1.0,1.0,0.8571574306634292,1.0,1.0,1.0,0.9404822627764288
202,4abc4549b6d45891,True,1.0,1.0,1.0,1.0,1.0,1.0,1.0
203,93b2aee4f638552e,True,1.0,1.0,1.0,1.0,1.0,1.0,1.0
204,e83a3108893753f0,True,1.0,1.0,0.6784335911049303,1.0,1.0,1.0,0.866013996293721
205,d0fc0e92a9e4552f,True,1.0,1.0,1.0,1.0,0.0,1.0,0.8333333333333334
206,d24706485f0452eb,True,1.0,1.0,0.8737948018580414,1.0,1.0,1.0,0.9474145007741838
207,80722f66bc3b54c0,True,1.0,1.0,0.7532634583424165,1.0,1.0,0.5,0.8971931076426736
208,62c0730b5f435548,True,1.0,1.0,0.8388313752803379,1.0,1.0,1.0,0.9328464063668074
209,b762ea96cfa75157,True,1.0,1.0,1.0,1.0,1.0,1.0,1.0
210,1f2b81cc64b45658,True,1.0,1.0,0.9476898668688792,1.0,1.0,1.0,0.9782041111953662
211,611576c7588c543b,True,1.0,1.0,0.9133661006915752,1.0,1.0,1.0,0.963902541954823
212,402f952c89ae550c,True,1.0,1.0,0.7744915517193064,1.0,1.0,1.0,0.906038146549711
213,f1f69cb418a05b54,True,1.0,1.0,0.8804025808013903,1.0,1.0,1.0,0.9501677420005793
214,7e97cc0349b4590b,True,1.0,1.0,0.9217818030861941,1.0,1.0,1.0,0.9674090846192476
215,926ea834d8f256d5,True,1.0,1.0,0.8248986895057138,1.0,1.0,1.0,0.9270411206273806
216,cd59c2696d01521a,True,1.0,1.0,0.7558742150862153,1.0,1.0,1.0,0.8982809229525897
217,f79931e74df250f7,True,1.0,1.0,0.8202793377648787,1.0,1.0,1.0,0.9251163907353662
218,4d0c174b077e5603,True,1.0,1.0,1.0,1.0,1.0,1.0,1.0
219,65271f4c14985330,True,1.0,0.0,0.0,1.0,1.0,1.0,0.0
220,c4d87486264d508a,True,1.0,1.0,0.9067470885984275,1.0,1.0,1.0,0.9611446202493448
221,8b3423345f3657b0,True,1.0,1.0,1.0,1.0,1.0,1.0,1.0
222,3e543e1eac325854,True,1.0,1.0,0.6090994599801519,1.0,1.0,1.0,0.83712477499173
223,eabbb4546a145980,True,1.0,1.0,1.0,1.0,1.0,1.0,1.0
224,410171a43ce453c2,True,1.0,1.0,1.0,1.0,1.0,1.0,1.0
225,f42c66a9b7a456f7,True,1.0,0.0,0.0,1.0,1.0,1.0,0.0
226,6292d2ef6730548d,True,1.0,1.0,0.7941022978774916,1.0,1.0,1.0,0.9142092907822882
227,e6db7be94a175aec,True,1.0,0.0,0.0,1.0,1.0,1.0,0.0
228,52cb0688ae7c5bed,True,1.0,1.0,1.0,1.0,1.0,1.0,1.0
229,f93a7b7a8fe95c6f,True,1.0,1.0,0.9420328688203085,1.0,1.0,1.0,0.9758470286751285
230,b3055bb6f80d5167,True,1.0,1.0,1.0,1.0,1.0,1.0,1.0
231,c159f0c331075464,True,1.0,1.0,1.0,1.0,1.0,1.0,1.0
232,ec921ad4a3d05806,True,1.0,1.0,1.0,1.0,1.0,1.0,1.0
233,0b4dfcb47cb85e89,True,1.0,0.0,0.0,1.0,1.0,1.0,0.0
234,5d7e99b7eea65475,True,1.0,1.0,0.8855034854750229,0.0,1.0,0.5,0.5356264522812596
235,629ad0d696ed5a25,True,1.0,1.0,0.9768639890066311,1.0,1.0,1.0,0.9903599954194297
236,9f521d00c3ef55b7,True,1.0,1.0,0.9425087525934552,1.0,1.0,1.0,0.9760453135806063
237,7eb910e54ef55811,True,1.0,1.0,1.0,1.0,1.0,1.0,1.0
238,13d1fc5b0ccd5abb,True,1.0,1.0,0.8936454816220135,1.0,1.0,1.0,0.9556856173425056
239,ae821f2ac8d55180,True,0.0,1.0,0.0,0.0,1.0,1.0,0.0
240,dce07c446c7955aa,True,1.0,1.0,1.0,1.0,1.0,1.0,1.0
241,fdc126183c355692,True,1.0,1.0,1.0,1.0,1.0,1.0,1.0
242,cc0668b663b25703,True,1.0,1.0,0.6746246297149716,1.0,1.0,1.0,0.8644269290479049
243,0498b27fee425645,True,1.0,1.0,0.6134612183085458,1.0,1.0,1.0,0.8389421742952274
244,3c3dfd5b93dc5f54,True,1.0,1.0,0.714567590766298,1.0,1.0,1.0,0.8810698294859575
245,566f63e4108c5d48,True,1.0,1.0,0.9449893346363308,1.0,1.0,1.0,0.9770788894318047
246,f65f43d44343500b,True,1.0,1.0,0.7941195085550824,1.0,1.0,1.0,0.914216461897951
247,511ba067a1835f86,True,1.0,1.0,1.0,1.0,1.0,1.0,1.0
248,b541b6d67bad546d,True,1.0,1.0,1.0,1.0,1.0,1.0,1.0
249,48183678cb965e68,True,1.0,1.0,0.6010852356789578,1.0,1.0,1.0,0.8337855148662324
250,e7a838e8611f56b0,True,1.0,1.0,0.7471477652992974,1.0,1.0,1.0,0.8946449022080406
251,4413dc9f17ab56b0,True,1.0,0.0,0.0,1.0,1.0,1.0,0.0
252,9696c1f82bc05ffc,True,1.0,1.0,0.8577153163349414,1.0,1.0,1.0,0.940714715139559
253,1484455d33b85a75,True,1.0,1.0,1.0,0.0,1.0,1.0,0.5833333333333334
254,53a22c2f65fd57d5,True,1.0,1.0,0.6513880709482385,1.0,1.0,1.0,0.8547450295617661
255,1b96821ba3425e3b,True,0.0,0.0,0.0,0.0,0.0,0.0,0.0
256,29560d02d4615d4c,True,0.0,0.0,0.0,0.0,1.0,0.5,0.0
257,8cac1b4a21585010,True,1.0,1.0,0.8385327342656983,1.0,1.0,1.0,0.9327219726107076
258,994ab680895a55d2,True,1.0,1.0,0.9345192385662116,0.0,1.0,1.0,0.5560496827359215
259,76dd2e9ad6f753b8,True,1.0,1.0,1.0,1.0,1.0,1.0,1.0
260,d3cd01aa67de516f,True,1.0,0.0,0.0,0.0,1.0,0.0,0.0
261,f641cb06f2175d36,True,1.0,1.0,0.7726407826159062,1.0,1.0,1.0,0.9052669927566276
262,128e9fbd01125cc7,True,1.0,1.0,1.0,1.0,1.0,1.0,1.0
263,ec3969afeb945ddb,True,1.0,1.0,0.6705939159398023,1.0,1.0,1.0,0.8627474649749177
264,620f272061ea5f3a,True,1.0,1.0,1.0,1.0,1.0,1.0,1.0
265,7f47c3fca9075a31,True,1.0,0.0,0.0,1.0,1.0,1.0,0.0
266,09df1da0af885ddd,True,1.0,1.0,0.7586718704938987,1.0,1.0,1.0,0.8994466127057912
267,9f03709a3c1e5725,True,1.0,1.0,0.6019904942089859,1.0,1.0,1.0,0.8341627059204108
268,dd157f14e18f5a1a,True,1.0,1.0,1.0,1.0,1.0,1.0,1.0
269,a49be33c358b5cb4,True,1.0,1.0,0.5570636138858329,1.0,1.0,1.0,0.8154431724524304
270,da2fb85306b2560c,True,1.0,1.0,0.7254212878298609,1.0,1.0,1.0,0.885592203262442
271,28e28842e3d759da,True,1.0,1.0,0.9265491483761891,1.0,1.0,1.0,0.9693954784900788
272,8e711b3a85205804,True,1.0,1.0,0.9613890852608016,1.0,1.0,1.0,0.9839121188586674
273,cdeb1bce85c45cb2,True,1.0,1.0,0.8928097221371475,1.0,1.0,1.0,0.9553373842238114
274,a37ac5585e74546d,True,0.0,0.0,0.0,0.0,1.0,0.0,0.0
275,0b1250020ea95539,True,1.0,1.0,0.9170222144066169,1.0,1.0,1.0,0.9654259226694237
276,295e5c491ca35642,True,1.0,1.0,0.5801691755077403,1.0,1.0,1.0,0.8250704897948918
277,5f3da1e584905c8e,True,1.0,1.0,1.0,1.0,1.0,1.0,1.0
278,4d6f4dbf01c2567c,True,1.0,1.0,1.0,1.0,1.0,1.0,1.0
279,c5408aef4f3a538b,True,1.0,1.0,1.0,1.0,1.0,1.0,1.0
280,8e8b2b62eff65719,True,1.0,1.0,1.0,1.0,1.0,1.0,1.0
281,de235386b6c65ebd,True,1.0,1.0,1.0,1.0,1.0,1.0,1.0
282,55237cf0b8c45ec9,True,1.0,1.0,0.8264065047550117,1.0,1.0,1.0,0.927669376981255
283,51ed8d0e57055ed3,True,1.0,1.0,0.7800598088101869,1.0,1.0,1.0,0.9083582536709112
284,3012e1628f7d5d3a,True,1.0,1.0,0.7597091959707072,1.0,1.0,1.0,0.8998788316544614
285,7383ddb2fac255cb,True,1.0,1.0,0.6292371467556157,1.0,1.0,1.0,0.8455154778148399
286,1e04c6a2644f5c2b,True,1.0,1.0,1.0,1.0,1.0,1.0,1.0
287,cc9e361d27725cb7,True,1.0,1.0,0.9053382315578566,1.0,1.0,0.0,0.9605575964824403
288,687fa6fce3ab5f91,True,1.0,1.0,0.7437583019754156,1.0,1.0,1.0,0.8932326258230899
289,d5ec09025a1e5a0d,True,1.0,1.0,0.4980559520859737,1.0,1.0,1.0,0.790856646702489
290,364dd4c7c4cf55cb,True,1.0,1.0,0.4996927391517011,1.0,1.0,1.0,0.7915386413132088
291,08dad3e5005658df,True,1.0,1.0,0.5726844285149253,1.0,1.0,1.0,0.8219518452145523
292,520e72270acb562a,True,1.0,1.0,0.8019084373744201,0.0,1.0,1.0,0.5007951822393417
293,b683672d37cc5001,True,1.0,1.0,0.6684724151723326,1.0,1.0,1.0,0.8618635063218053
294,9b3a284d78f458f3,True,1.0,1.0,0.8261811967962672,1.0,1.0,1.0,0.9275754986651114
295,3931a353a1f6520d,True,1.0,1.0,0.8834515959644869,1.0,1.0,1.0,0.9514381649852028
296,3b6f7096a2cf5621,True,1.0,1.0,0.9211322244394045,1.0,1.0,1.0,0.9671384268497518
297,fd1e4ae4c102553c,True,1.0,1.0,1.0,1.0,1.0,1.0,1.0
298,56c652d4f2715e43,True,1.0,1.0,0.5686737652604004,1.0,1.0,1.0,0.8202807355251668
299,de80647014f35dbb,True,1.0,1.0,0.7836913682983563,1.0,1.0,1.0,0.9098714034576485
300,4e021aea953652b9,True,1.0,1.0,0.5387394069116381,1.0,1.0,1.0,0.8078080862131826
301,6545ea70cb285327,True,1.0,1.0,0.9805454504359442,1.0,1.0,1.0,0.9918939376816435
302,c6c1dab6af9858f9,True,1.0,1.0,0.7653535502805864,1.0,1.0,1.0,0.9022306459502444
303,614a0b6a482455af,True,1.0,1.0,0.9012048025511483,1.0,1.0,1.0,0.9588353343963117
304,4668c53b54255008,True,1.0,1.0,0.787534432127965,1.0,1.0,1.0,0.9114726800533187
305,8de4253bc36f54df,True,1.0,1.0,0.8241766149444663,1.0,1.0,1.0,0.9267402562268611
306,76df9fb807c9580a,True,1.0,1.0,0.7345875658223275,1.0,1.0,1.0,0.8894114857593031
307,da1a3756e4465c03,True,1.0,0.0,0.0,1.0,1.0,1.0,0.0
308,6e983b745cb9535b,True,1.0,1.0,1.0,1.0,1.0,1.0,1.0
309,03f248caa9c35a98,True,1.0,1.0,1.0,1.0,1.0,1.0,1.0
310,b805c900794c53f5,True,1.0,1.0,0.7836726635212167,1.0,1.0,1.0,0.909863609800507
311,7777f9476f1e5bb0,True,0.0,0.0,0.0,0.0,1.0,1.0,0.0
312,d2a2e2498d505b76,True,1.0,1.0,0.7565573154987056,1.0,1.0,1.0,0.8985655481244607
313,9de91fbb8b275885,True,1.0,1.0,0.9310520322475574,1.0,1.0,1.0,0.971271680103149
314,28d8f3699547568b,True,1.0,1.0,0.8486533676954504,1.0,1.0,1.0,0.9369389032064377
315,ac0fb7997f4e5106,True,1.0,1.0,1.0,1.0,1.0,1.0,1.0
316,d4daf5d0fd355401,True,1.0,1.0,0.9770671244692626,0.0,1.0,1.0,0.5737779685288594
317,aca9ba55e052575b,True,1.0,1.0,0.7871865994449361,1.0,1.0,1.0,0.9113277497687234
318,8b80580ff95254e8,True,1.0,1.0,0.9301016775295285,1.0,1.0,1.0,0.9708756989706369
319,fe8eddd5ec8654cd,True,1.0,0.0,0.0,1.0,1.0,1.0,0.0
320,c54227acd96156e1,True,1.0,1.0,0.8618804333466591,1.0,1.0,1.0,0.942450180561108
321,61be266ee38a5891,True,1.0,1.0,0.7901495390113578,1.0,1.0,1.0,0.912562307921399
322,e5e0c85236f95d91,True,1.0,1.0,0.6326917453421701,1.0,1.0,1.0,0.8469548938925708
323,b641f849bdd55fd7,True,1.0,1.0,0.8715077541068007,1.0,1.0,1.0,0.9464615642111669
324,752255614d7f569a,True,1.0,0.0,0.0,1.0,1.0,1.0,0.0
325,200bc08880505a6e,True,1.0,1.0,1.0,1.0,1.0,1.0,1.0
326,ea8ce810e307587d,True,1.0,1.0,0.6063429251197395,1.0,1.0,1.0,0.8359762187998915
327,02e3c48291855ae8,True,1.0,1.0,0.9882451216705272,1.0,1.0,1.0,0.9951021340293863
328,f36969fd00f15050,True,1.0,1.0,1.0,1.0,1.0,1.0,1.0
329,303e7dd5717f54cd,True,1.0,0.0,0.0,1.0,1.0,0.5,0.0
330,39dba8a42eaa5ea0,True,1.0,1.0,1.0,1.0,1.0,1.0,1.0
331,c62b532b8f355b16,True,1.0,1.0,0.8459027590678408,1.0,1.0,1.0,0.935792816278267
332,61b15ca533845a97,True,1.0,1.0,0.3475252295648028,1.0,1.0,0.5,0.7281355123186678
333,83a9fe7e03fd5755,True,1.0,1.0,0.7046233249166767,0.0,1.0,0.5,0.46025971871528193
334,d01e896e6c325436,True,1.0,1.0,1.0,1.0,1.0,1.0,1.0
335,e132b016eee85b16,True,1.0,1.0,0.9156046761887998,1.0,1.0,1.0,0.9648352817453333
336,454446c80b625c47,True,1.0,1.0,0.8810669472621452,1.0,1.0,1.0,0.9504445613592272
337,ad8f9de7692d5f59,True,1.0,1.0,0.9184576146473588,1.0,1.0,1.0,0.9660240061030662
338,570967c07a8251a2,True,1.0,1.0,0.7573455006664324,1.0,1.0,1.0,0.8988939586110135
339,0b12ac5676875ade,True,1.0,1.0,0.8521137267546192,1.0,1.0,1.0,0.9383807194810913
340,3d04f4c65587562b,True,1.0,1.0,0.8564748676485254,1.0,1.0,1.0,0.940197861520219
341,b04b5637f4e05625,True,1.0,1.0,0.9512205910441585,1.0,1.0,1.0,0.9796752462683994
342,c4bacbfebba15b26,True,1.0,1.0,0.7350305790861921,1.0,1.0,0.5,0.8895960746192467
343,81c5dc6459f75000,True,0.0,1.0,0.0,0.0,1.0,1.0,0.0
344,039cc112267b5d97,True,1.0,1.0,0.6645021570369574,1.0,1.0,1.0,0.8602092320987321
345,801f4878074a5a59,True,1.0,1.0,0.7028342808685825,1.0,1.0,0.5,0.8761809503619093
346,3bcb5a54eca95746,True,1.0,1.0,1.0,1.0,1.0,1.0,1.0
347,74df9f9decc45b84,True,1.0,1.0,1.0,1.0,1.0,1.0,1.0
348,7595830169065d37,True,1.0,1.0,0.6062429562955219,1.0,1.0,1.0,0.8359345651231341
349,ed8294474bc35b6c,True,1.0,1.0,1.0,1.0,1.0,1.0,1.0
350,f754138d3e3e5fd5,True,1.0,0.0,0.0,1.0,1.0,1.0,0.0
351,d4ac0a1865ac5c25,True,1.0,1.0,1.0,1.0,1.0,1.0,1.0
352,4e3f39fa6dfc5d12,True,1.0,1.0,1.0,1.0,1.0,1.0,1.0
353,26a1ceab4d455a77,True,1.0,0.0,0.0,1.0,1.0,1.0,0.0
354,a6b34e50b7995664,True,0.0,1.0,0.0,0.0,1.0,1.0,0.0
355,69610203b8c35c96,True,1.0,1.0,1.0,1.0,1.0,1.0,1.0
356,a572393e361e5b6c,True,1.0,1.0,0.5657823551366933,1.0,1.0,0.5,0.8190759813069555
357,e773519a60035714,True,1.0,1.0,1.0,1.0,1.0,1.0,1.0
358,70633315e71a5979,True,1.0,1.0,1.0,1.0,1.0,1.0,1.0
359,0abc30416c5a59cd,True,1.0,1.0,0.6264864303164794,1.0,1.0,1.0,0.8443693459651996
360,cd96f8a73c7a5d07,True,1.0,1.0,0.7139781284053094,1.0,1.0,1.0,0.8808242201688788
361,6bea22b0ee0e5929,True,1.0,0.0,0.0,1.0,1.0,1.0,0.0
362,c3d78ec633fa57be,True,1.0,1.0,1.0,1.0,1.0,1.0,1.0
363,cf50ffa22c81555d,True,1.0,1.0,0.8264556644273104,1.0,1.0,1.0,0.9276898601780461
364,26101d0a7f79587c,True,1.0,1.0,1.0,1.0,1.0,1.0,1.0
365,6ce3e4a1792651a8,True,1.0,1.0,0.7031787128405783,1.0,1.0,1.0,0.8763244636835742
366,ab807bda4fdd5274,True,1.0,1.0,1.0,1.0,1.0,1.0,1.0
367,b04bbf1d4ecf5f56,True,1.0,1.0,0.923161217386182,1.0,1.0,1.0,0.9679838405775758
368,3d776c43acfd5327,True,1.0,1.0,0.841570884593297,1.0,1.0,1.0,0.9339878685805404
369,bdff1d80a75e5307,True,1.0,1.0,0.7538850708592385,1.0,1.0,1.0,0.8974521128580161
370,0fde069313a35062,True,1.0,0.0,0.0,1.0,1.0,1.0,0.0
371,63c33ef5af265f74,True,1.0,1.0,0.6384864640525791,1.0,1.0,1.0,0.849369360021908
372,c5d626fc4b6c5efb,True,1.0,1.0,1.0,1.0,1.0,1.0,1.0
373,88518b03093d5036,True,1.0,1.0,0.7172880933057283,1.0,1.0,1.0,0.8822033722107201
374,77e18238b9d55c97,True,1.0,1.0,0.9694770348473917,1.0,1.0,1.0,0.9872820978530799
375,d30c567171635154,True,1.0,1.0,0.7953433866732241,1.0,1.0,1.0,0.9147264111138433
376,616382bea2ff5853,True,1.0,0.0,0.0,1.0,1.0,1.0,0.0
377,4b499c985f02545f,True,1.0,1.0,0.9192854585558751,1.0,1.0,1.0,0.9663689410649479
378,46b79218b0195050,True,1.0,1.0,1.0,1.0,1.0,1.0,1.0
379,bb7aca330b2c5ac2,True,1.0,1.0,0.686119627044064,1.0,1.0,1.0,0.86921651126836
380,4de72cf1449b51c8,True,1.0,1.0,0.9197981957641741,1.0,1.0,1.0,0.9665825815684058
381,7ed454741a7f54d5,True,1.0,1.0,0.8801254107893272,1.0,1.0,1.0,0.950052254495553
382,5a3a4277dc785511,True,1.0,1.0,0.6588465011459309,1.0,1.0,1.0,0.8578527088108046
383,c768a604b14e5956,True,1.0,1.0,0.8354353314881777,1.0,1.0,1.0,0.9314313881200741
384,cde38b08b4a157f5,True,1.0,1.0,1.0,1.0,1.0,1.0,1.0
385,2adba5d32c3a560f,True,1.0,1.0,0.7375309167445618,1.0,1.0,1.0,0.8906378819769007
386,82b8033d05e355f1,True,1.0,1.0,0.10488076298325404,1.0,1.0,1.0,0.6270336512430225
387,b39406677030585e,True,1.0,1.0,0.8186524837956055,1.0,1.0,1.0,0.9244385349148357
388,7e5bb23808a850ca,True,1.0,0.0,0.0,1.0,1.0,1.0,0.0
389,6fbe0e06902e5304,True,1.0,1.0,0.8743142056804062,1.0,1.0,1.0,0.9476309190335025
390,d2d63c8eb7545fc1,True,1.0,1.0,1.0,1.0,1.0,1.0,1.0
391,340f9f95b1e459ab,True,1.0,1.0,0.8330520458512094,1.0,1.0,1.0,0.9304383524380039
392,530df64bb4b5533f,True,1.0,1.0,1.0,0.0,1.0,1.0,0.5833333333333334
393,bdbb9d4559ec5bd1,True,1.0,1.0,0.7712960638130879,1.0,1.0,1.0,0.9047066932554534
394,e7b0fe1f4b13597c,True,1.0,1.0,1.0,1.0,1.0,1.0,1.0
395,f409dfb714ed539c,True,1.0,1.0,0.5114172303200215,1.0,1.0,0.5,0.7964238459666756
396,2be07b9c94db5de7,True,1.0,1.0,0.8501393844079647,1.0,1.0,1.0,0.9375580768366519
397,3a2b28ef68385d75,True,1.0,1.0,1.0,1.0,1.0,1.0,1.0
398,facbbc93a1925184,True,1.0,1.0,0.7508793810366664,1.0,1.0,1.0,0.8961997420986111
399,a62a20e735805039,True,1.0,1.0,1.0,1.0,1.0,1.0,1.0
400,06d348162e80510a,True,1.0,1.0,0.8566823975837345,1.0,1.0,1.0,0.9402843323265561
401,c2f9c48979255481,True,1.0,1.0,1.0,1.0,1.0,1.0,1.0
402,fe61cae0e4ae5f1a,True,1.0,1.0,0.6916831368369638,1.0,1.0,1.0,0.871534640348735
403,5491f2f619e25dfb,True,1.0,0.0,0.0,1.0,1.0,1.0,0.0
404,6f7a20c618a9573e,True,1.0,1.0,0.9833234234174928,1.0,1.0,1.0,0.9930514264239553
405,ac140df715d5573b,True,1.0,1.0,0.8326572653402508,1.0,1.0,1.0,0.9302738605584379
406,25cbb9887e5d5752,True,1.0,1.0,1.0,1.0,1.0,1.0,1.0
407,ad47566ea29a57bf,True,1.0,0.0,0.0,1.0,1.0,1.0,0.0
408,d1e9fac71909545f,True,1.0,1.0,1.0,1.0,1.0,1.0,1.0
409,80767d5d26ef52bf,True,1.0,1.0,1.0,1.0,1.0,1.0,1.0
410,6f2459c4df665173,True,1.0,1.0,0.9070533096155617,1.0,1.0,0.5,0.9612722123398174
411,c2ae8e85ce2052ff,True,1.0,0.0,0.0,0.0,1.0,1.0,0.0
412,cdb1d43f01565d9c,True,1.0,1.0,0.8512650695120688,1.0,1.0,1.0,0.9380271122966954
413,7dd7ec944ff15821,True,1.0,1.0,1.0,1.0,1.0,1.0,1.0
414,d9b79e606e595700,True,1.0,1.0,0.8668928795424704,1.0,1.0,1.0,0.9445386998093627
415,fb62cea889d654ec,True,1.0,1.0,0.8443634708308714,1.0,1.0,1.0,0.9351514461795297
416,d05f1fb1af98505d,True,1.0,1.0,0.665414031269746,1.0,1.0,1.0,0.8605891796957276
417,567469e556cf5e6b,True,1.0,1.0,0.7467995326942786,1.0,1.0,0.5,0.8944998052892826
418,639ed89313465584,True,1.0,1.0,1.0,1.0,1.0,1.0,1.0
419,3b8cbe3ce6465e62,True,1.0,1.0,1.0,1.0,1.0,1.0,1.0
420,b090f02ef43f5d41,True,1.0,1.0,0.5849969462203627,1.0,1.0,1.0,0.8270820609251511
421,df36523fdaeb5882,True,1.0,1.0,0.8695509763844571,1.0,1.0,1.0,0.9456462401601904
422,9bb9ee9f03525ac0,True,1.0,1.0,0.7772391838123504,1.0,1.0,1.0,0.907182993255146
423,c16f84d1251552af,True,1.0,1.0,0.4236973309030797,1.0,1.0,0.5,0.7598738878762833
424,08b6a130aaa35629,True,1.0,1.0,1.0,1.0,1.0,1.0,1.0
425,2c3e04a929b85f30,True,1.0,1.0,0.913169014424465,1.0,1.0,1.0,0.9638204226768604
426,7dfe5f8b766b5893,True,1.0,1.0,1.0,1.0,1.0,1.0,1.0
427,58366177d30259f5,True,1.0,1.0,0.8011046120399493,1.0,1.0,1.0,0.9171269216833121
428,718ebae5b23855f7,True,1.0,1.0,1.0,1.0,1.0,1.0,1.0
429,cc65333a2182508c,True,1.0,1.0,0.5228006380878139,1.0,1.0,1.0,0.8011669325365891
430,202d0026e8ff5a3c,True,1.0,1.0,1.0,1.0,1.0,1.0,1.0
431,43e7125800a6532c,True,1.0,1.0,0.8194057728395858,1.0,1.0,1.0,0.9247524053498274
432,1ea152f7056659a9,True,1.0,1.0,0.2755824426921707,1.0,1.0,0.5,0.6981593511217378
433,6376b9b848385361,True,1.0,1.0,1.0,1.0,1.0,1.0,1.0
434,31134bc6685c57ae,True,1.0,1.0,1.0,1.0,1.0,1.0,1.0
435,3e941f8f03c1512d,True,1.0,1.0,0.9158654955068326,1.0,1.0,1.0,0.9649439564611803
436,3e4c9c9e67545b03,True,1.0,1.0,0.46182703511551676,1.0,1.0,1.0,0.7757612646314653
437,7ef36a2139b45d9a,True,1.0,1.0,1.0,1.0,1.0,1.0,1.0
438,0d40059cfdf75e7a,True,1.0,1.0,0.962614166736083,1.0,1.0,1.0,0.9844225694733679
439,8e958f3833835138,True,1.0,1.0,0.9284545142727296,1.0,1.0,1.0,0.9701893809469707
440,580dac44fa305877,True,1.0,1.0,0.6315416076531937,1.0,1.0,1.0,0.8464756698554975
441,e91f2da06b8e517f,True,1.0,1.0,0.7225168643144798,1.0,1.0,1.0,0.8843820267977
442,c04b59204ebe55f9,True,1.0,1.0,0.7209908422050483,1.0,1.0,1.0,0.8837461842521034
443,fe132c4b31ff5fc7,True,1.0,1.0,0.49886059992959114,1.0,1.0,1.0,0.7911919166373297
444,da53dac7558e563d,True,1.0,0.0,0.0,1.0,1.0,0.0,0.0
445,b53158c719675897,True,1.0,1.0,0.5836248300971341,1.0,1.0,1.0,0.8265103458738059
446,035db9ac34715b07,True,1.0,1.0,1.0,1.0,1.0,1.0,1.0
447,9276407219215151,True,1.0,1.0,0.8409140678465056,1.0,1.0,1.0,0.933714194936044
448,14976ab056005044,True,1.0,1.0,0.8240474155335988,1.0,1.0,1.0,0.9266864231389995
449,d35a0c5da0c55970,True,1.0,1.0,0.9082407957855726,1.0,1.0,1.0,0.9617669982439886
450,a3b663577f605feb,True,1.0,1.0,0.9031588326342909,1.0,1.0,1.0,0.9596495135976212
451,41f86f5fb97d505c,True,1.0,1.0,0.7419176369423659,1.0,1.0,1.0,0.8924656820593192
452,09a859498436512e,True,1.0,1.0,1.0,1.0,1.0,1.0,1.0
453,a0e9cbedca0a56b7,True,1.0,1.0,1.0,1.0,1.0,1.0,1.0
454,fa40f1c24ced584f,True,1.0,1.0,0.9348662238310043,1.0,1.0,1.0,0.9728609265962517
455,4c684da98f405857,True,1.0,1.0,0.960467993302127,1.0,1.0,1.0,0.983528330542553
456,c262c31769935486,True,0.5,0.0,0.0,0.0,1.0,1.0,0.0
457,f322d71f14a35cfa,True,1.0,1.0,1.0,1.0,1.0,1.0,1.0
458,2b3383daa2175aa8,True,1.0,1.0,0.9006934629035469,1.0,1.0,1.0,0.9586222762098112
459,557fe4dc6b2a5c76,True,1.0,1.0,1.0,1.0,1.0,1.0,1.0
460,28926b7190705b82,True,1.0,1.0,0.7296307832957191,1.0,1.0,1.0,0.8873461597065496
461,8d4601efa6b6581e,True,1.0,1.0,1.0,1.0,1.0,1.0,1.0
462,5c883441084d58d7,True,1.0,0.0,0.0,0.0,1.0,1.0,0.0
463,ec75cc0ff5825fb9,True,1.0,1.0,0.6260571347891455,1.0,1.0,1.0,0.8441904728288107
464,60b2a90a21b15e4a,True,1.0,1.0,0.9838853404353954,1.0,1.0,1.0,0.9932855585147481
465,d37afaf062ea5835,True,1.0,1.0,0.7579331194454451,1.0,1.0,1.0,0.8991387997689354
466,ef300f8a9cf254bc,True,1.0,1.0,0.8587062133410512,1.0,1.0,1.0,0.9411275888921047
467,c5972dc8ab5c5f70,True,1.0,1.0,1.0,1.0,1.0,1.0,1.0
468,dd8ac2f25ac75478,True,1.0,1.0,0.4883522243809956,1.0,1.0,1.0,0.7868134268254149
469,63b91b18f46a5a96,True,0.0,1.0,0.0,0.0,1.0,1.0,0.0
470,3f64ff364b585a3b,True,1.0,1.0,0.7832045007456072,1.0,1.0,0.5,0.9096685419773364
471,0e2ed241aa315929,True,1.0,1.0,0.7865947983169213,1.0,1.0,1.0,0.9110811659653839
472,945dafbf488554b7,True,1.0,1.0,0.8551710327374981,1.0,1.0,1.0,0.9396545969739575
473,d69b6aacdd0459e3,True,1.0,1.0,1.0,1.0,1.0,1.0,1.0
474,7f5f77992cd859ef,True,1.0,1.0,0.5861500039673191,1.0,1.0,1.0,0.8275625016530496
475,4f5b00e0de115593,True,1.0,1.0,0.8232462763187142,0.0,1.0,1.0,0.5096859484661309
476,826b4daba60a5648,True,1.0,1.0,0.7386603513997742,0.0,1.0,1.0,0.47444181308323924
477,b63793ec1e0350e6,True,1.0,1.0,0.9773486926442193,1.0,1.0,1.0,0.9905619552684247
478,07d45fff78625de2,True,1.0,1.0,1.0,1.0,1.0,1.0,1.0
479,d471c0c48cb05f04,True,1.0,1.0,0.6651524066139449,1.0,1.0,1.0,0.8604801694224772
480,4849a426de8e5d24,True,1.0,1.0,0.9581731956813869,1.0,1.0,1.0,0.9825721648672445
481,771a9923745f59c5,True,1.0,1.0,0.9826394487866346,1.0,1.0,1.0,0.992766436994431
482,ab40048b88b257c3,True,1.0,1.0,0.9870941752781084,1.0,1.0,1.0,0.9946225730325452
483,680e24fa0952531b,True,1.0,1.0,0.9212326111479641,1.0,1.0,1.0,0.967180254644985
484,d70c87fa9c59524a,True,1.0,1.0,0.9364853933929272,1.0,1.0,1.0,0.9735355805803864
485,ae07b0ef14e25e47,True,1.0,1.0,0.8660330058792316,1.0,1.0,1.0,0.9441804191163464
486,934c8ac938ad5dca,True,1.0,1.0,0.7290195128679237,1.0,1.0,1.0,0.8870914636949682
487,e56f85ee56395a99,True,1.0,1.0,1.0,1.0,1.0,1.0,1.0
488,422a764bf2dc593c,True,1.0,1.0,0.8149991653005606,1.0,1.0,1.0,0.9229163188752336
489,def47af8d5a35090,True,1.0,1.0,0.853377098640703,1.0,1.0,1.0,0.9389071244336261
490,646244aaa99d5c9c,True,1.0,1.0,0.9202858370609329,1.0,1.0,1.0,0.9667857654420553
491,8fccd42a7937508a,True,1.0,1.0,1.0,1.0,1.0,1.0,1.0
492,d9f878bd57425c2c,True,1.0,1.0,0.9582597541470282,1.0,1.0,1.0,0.982608230894595
493,4cc916aa782854a6,True,1.0,1.0,0.571869890238628,1.0,1.0,1.0,0.821612454266095
494,94d74f87c8435b61,True,1.0,1.0,0.6062064524081482,1.0,1.0,1.0,0.8359193551700618
495,89ca9afebf9b5229,True,1.0,1.0,1.0,1.0,1.0,1.0,1.0
496,926d8c9ced715a42,True,1.0,1.0,1.0,1.0,1.0,1.0,1.0
497,b619e01b47775ec5,True,1.0,1.0,0.7041598874762974,1.0,1.0,1.0,0.8767332864484573
498,8d6e4249496b504c,True,1.0,1.0,0.8531462007119137,1.0,1.0,1.0,0.9388109169632974
499,795d49f6b8ec5f69,True,1.0,1.0,0.9276658518986534,1.0,1.0,1.0,0.9698607716244388
500,8be5c83488ff5980,True,1.0,1.0,0.7399458296726105,1.0,1.0,1.0,0.8916440956969209
501,2695738230ce5ad0,True,1.0,1.0,0.8327949995265067,1.0,1.0,1.0,0.9303312498027111
502,dc2a5d567a8e5f17,True,1.0,1.0,0.7752917774989245,1.0,1.0,1.0,0.9063715739578853
503,75ffe77189e95d43,True,1.0,1.0,0.7427352809619349,1.0,1.0,1.0,0.892806367067473
504,f674a05cc42b5d4a,True,1.0,1.0,0.9225141669536594,1.0,1.0,1.0,0.9677142362306914
505,8127022f9d745e8c,True,1.0,1.0,0.08857270015241679,1.0,1.0,1.0,0.620238625063507
506,5d78f0d383a95860,True,1.0,1.0,0.6346044923119818,1.0,1.0,1.0,0.8477518717966591
507,59504d2ffda35a72,True,1.0,1.0,1.0,1.0,1.0,1.0,1.0
508,9b20027801905b4c,True,1.0,1.0,1.0,1.0,1.0,1.0,1.0
509,fe55e4c568a753a9,True,1.0,1.0,0.9370528930322821,1.0,1.0,1.0,0.9737720387634509
510,a227effbc53d5fda,True,1.0,1.0,0.7278460975624639,1.0,1.0,1.0,0.8866025406510266
511,adccb045b1495f50,True,1.0,1.0,0.9298497624512198,1.0,1.0,1.0,0.9707707343546749
512,f35c6a6f6a1157b3,True,1.0,1.0,1.0,1.0,1.0,1.0,1.0
513,75a8be89195651aa,True,1.0,1.0,1.0,1.0,1.0,1.0,1.0
514,64185eb977005752,True,1.0,1.0,0.9813467914320088,1.0,1.0,1.0,0.9922278297633369
515,66d5ea23c45c51c4,True,1.0,1.0,0.8454143734870564,1.0,1.0,1.0,0.9355893222862735
516,b11d39291cd55ed7,True,1.0,1.0,0.9264297834871477,1.0,1.0,1.0,0.9693457431196449
517,789c2205e7865e94,True,1.0,1.0,0.9168918624489798,1.0,1.0,1.0,0.9653716093537416
518,19227b35432f567e,True,1.0,1.0,0.830014592885734,1.0,1.0,1.0,0.9291727470357225
519,3acfdef9ef305e77,True,1.0,1.0,1.0,1.0,1.0,1.0,1.0
520,e66d21ee45e65dac,True,1.0,1.0,0.9093982455324027,1.0,1.0,1.0,0.9622492689718344
521,bc7ae4f9eced56c9,True,1.0,1.0,0.7413019862421424,1.0,1.0,1.0,0.8922091609342259
522,2a2cb941f34b5bc4,True,1.0,0.0,0.0,1.0,1.0,1.0,0.0
523,8f4e4b81b2b15283,True,1.0,1.0,1.0,1.0,1.0,1.0,1.0
524,6cc0563c1a0d5c3a,True,1.0,0.0,0.0,0.0,1.0,0.0,0.0
525,e797167404675bfa,True,1.0,0.0,0.0,1.0,1.0,1.0,0.0
526,29143e2319415eec,True,1.0,1.0,1.0,1.0,1.0,1.0,1.0
527,4d6e0b4cf60f5e98,True,1.0,1.0,1.0,1.0,1.0,1.0,1.0
528,0e272e003af65a71,True,1.0,1.0,0.5961835850570276,1.0,1.0,1.0,0.8317431604404281
529,2125a58a235f5e11,True,1.0,1.0,0.805358570204368,1.0,1.0,1.0,0.91889940425182
530,a7cf529d15425b63,True,1.0,1.0,1.0,1.0,1.0,1.0,1.0
531,2335928f0e065bca,True,1.0,1.0,1.0,1.0,1.0,1.0,1.0
532,cee52329bc8855af,True,1.0,1.0,0.7876290042156736,1.0,1.0,1.0,0.911512085089864
533,03ec8e118cb0541d,True,1.0,1.0,1.0,1.0,1.0,1.0,1.0
534,db3833e656c256dd,True,1.0,1.0,0.868411939543708,1.0,1.0,1.0,0.945171641476545
535,fe746b45992f5a69,True,1.0,1.0,1.0,1.0,1.0,0.0,1.0
536,06737d2244bd53cc,True,1.0,1.0,0.6158242196988009,1.0,1.0,1.0,0.8399267582078337
537,7fded53ec049537a,True,1.0,1.0,1.0,1.0,1.0,1.0,1.0
538,a81fbf9466e05120,True,1.0,1.0,0.7337701303499058,1.0,1.0,1.0,0.8890708876457941
539,1e92a7ac3d645cdd,True,1.0,1.0,0.8114922486973678,1.0,1.0,1.0,0.9214551036239031
540,da01de71bce95578,True,1.0,1.0,1.0,1.0,1.0,1.0,1.0
541,e658c60a7b705bea,True,1.0,1.0,0.8757436864130912,1.0,1.0,1.0,0.9482265360054547
542,db4bcafb6d775b4f,True,1.0,0.0,0.0,1.0,1.0,1.0,0.0
543,41d8a2d6fa6853c5,True,1.0,1.0,0.8434702859265976,1.0,1.0,1.0,0.9347792858027489
544,a8245437ee3d5dd7,True,1.0,0.0,0.0,1.0,1.0,0.5,0.0
545,6bd6995e2a275d91,True,1.0,1.0,0.7997326752776637,1.0,1.0,1.0,0.9165552813656932
546,a75469eea7815984,True,1.0,1.0,1.0,1.0,1.0,1.0,1.0
547,582ac6cc2a1758a3,True,1.0,1.0,0.7517617523272027,1.0,1.0,1.0,0.8965673968030011
548,0b3a16034cc35dc0,True,1.0,1.0,0.6833957843318407,1.0,1.0,0.0,0.8680815768049337
549,19cee80b71525f86,True,1.0,1.0,0.8728064190461914,1.0,1.0,1.0,0.9470026746025798
550,134c369c82f05262,True,1.0,1.0,0.9944303764702987,1.0,1.0,1.0,0.9976793235292911
551,7231c4ecc0395010,True,1.0,1.0,0.8657398954315888,1.0,1.0,1.0,0.944058289763162
552,381a23cb547c53fd,True,1.0,1.0,0.9433209699396402,1.0,1.0,1.0,0.97638373747485
553,4501554f824e59fc,True,1.0,0.0,0.0,1.0,1.0,1.0,0.0
554,7e052b9f5ca25531,True,1.0,0.0,0.0,1.0,1.0,1.0,0.0
555,ef65f88fc1a55fdc,True,1.0,1.0,1.0,1.0,1.0,1.0,1.0
556,05afd4630a525f78,True,1.0,1.0,0.7152766172478592,1.0,1.0,1.0,0.8813652571866081
557,85adece1f9d55cc6,True,1.0,1.0,0.7548276191325832,1.0,1.0,1.0,0.897844841305243
558,703aa650ece25a02,True,1.0,1.0,0.9778620309704322,1.0,1.0,0.5,0.9907758462376801
559,db36572d530a5ed3,True,1.0,0.0,0.0,1.0,1.0,1.0,0.0
560,987f5dced605588a,True,1.0,1.0,1.0,0.0,1.0,1.0,0.5833333333333334
561,db180d0c665454aa,True,1.0,1.0,0.7387796791231033,1.0,1.0,1.0,0.8911581996346264
562,f863be1a4d1d5e96,True,1.0,1.0,0.785469322790638,1.0,1.0,1.0,0.9106122178294326
563,32454d817bcb5305,True,1.0,1.0,1.0,1.0,1.0,1.0,1.0
564,fff973197a795e6a,True,1.0,1.0,0.8762576377499115,1.0,1.0,1.0,0.9484406823957965
565,69e0bc4a585d504a,True,1.0,1.0,0.717892222965265,1.0,1.0,1.0,0.8824550929021937
566,afd632f043e35a49,True,1.0,0.0,0.0,1.0,1.0,0.5,0.0
567,851ef663a5775acd,True,1.0,1.0,1.0,1.0,1.0,1.0,1.0
568,092e56d3db8b5e24,True,1.0,1.0,0.7100122521982427,1.0,1.0,1.0,0.8791717717492679
569,3efebf87894a552e,True,1.0,1.0,0.6903008393326029,1.0,1.0,1.0,0.8709586830552513
570,3dcc0fdcb0395855,True,1.0,1.0,1.0,1.0,1.0,1.0,1.0
571,c3976331b5e456d4,True,1.0,1.0,0.7676173314845979,1.0,1.0,1.0,0.9031738881185825
572,86dfdf03f928570a,True,1.0,1.0,0.8959486685291037,1.0,1.0,1.0,0.9566452785537932
573,a08215e27d775f96,True,1.0,1.0,0.9120670415502435,1.0,1.0,1.0,0.9633612673126014
574,e973ce0e5d605df5,True,1.0,1.0,1.0,1.0,1.0,1.0,1.0
575,fb188ed7e53552c5,True,1.0,1.0,0.8194666129810914,1.0,1.0,1.0,0.924777755408788
576,0ffe6d569128598a,True,1.0,1.0,0.7969186380022903,1.0,1.0,1.0,0.9153827658342877
577,c6be203c41a155e4,True,1.0,0.0,0.0,1.0,1.0,0.0,0.0
578,78b4153a6d3e5b33,True,1.0,1.0,0.9014542574920922,1.0,1.0,1.0,0.9589392739550385
579,8551466c8066505e,True,1.0,1.0,0.8341056167903856,1.0,1.0,1.0,0.9308773403293275
580,4ccda56c15a55d57,True,1.0,1.0,0.9579624706337981,1.0,1.0,1.0,0.9824843627640826
581,bf1db71f1cc35b98,True,1.0,1.0,0.7334756551336975,1.0,1.0,1.0,0.8889481896390405
582,dc2675fb11d6540d,True,1.0,1.0,0.8625371268356723,1.0,1.0,1.0,0.9427238028481968
583,bc281591c2165d73,True,1.0,1.0,0.5725435888530713,1.0,1.0,1.0,0.8218931620221129
584,49f0872dbe1958e6,True,1.0,1.0,0.9841087648982885,1.0,1.0,1.0,0.9933786520409535
585,cb3bbfd7864d53f5,True,1.0,1.0,1.0,1.0,1.0,1.0,1.0
586,5b1954a42c2455e7,True,1.0,1.0,0.8309182661971252,1.0,1.0,1.0,0.9295492775821353
587,9963c72e34ae5101,True,1.0,1.0,0.710091917223275,1.0,1.0,1.0,0.879204965509698
588,3866b4b85a135f66,True,1.0,1.0,0.9509936726825738,1.0,1.0,1.0,0.9795806969510724
589,7c49f7aca6c05e2a,True,1.0,1.0,0.4633135241171555,1.0,1.0,1.0,0.7763806350488148
590,74da64c81fe1552e,True,1.0,1.0,0.7872245226998954,1.0,1.0,1.0,0.9113435511249565
591,f33eaf7a7ddc5891,True,1.0,1.0,0.804994996478504,1.0,1.0,1.0,0.9187479151993768
592,fd9ae566c34f5acd,True,1.0,1.0,1.0,1.0,1.0,1.0,1.0
593,61046515c9885bf5,True,1.0,1.0,0.7481743570015268,1.0,1.0,1.0,0.8950726487506362
594,d07fa319e6045a3d,True,0.0,0.0,0.0,0.0,1.0,0.0,0.0
595,d382617fe91a5c5d,True,1.0,1.0,0.6590240462670003,1.0,1.0,1.0,0.8579266859445834
596,7d635921b94555f6,True,1.0,1.0,1.0,1.0,1.0,1.0,1.0
597,0393e11b085a5cc2,True,1.0,1.0,1.0,1.0,1.0,1.0,1.0
598,acd37cf126fa5a59,True,1.0,1.0,1.0,1.0,1.0,1.0,1.0
599,6a8a6b3a7d5f55cd,True,1.0,1.0,0.6796416846353897,1.0,1.0,1.0,0.866517368598079
600,b7e9b4a46b9a5533,True,1.0,1.0,0.8937580045725113,1.0,1.0,1.0,0.9557325019052131
601,c21ec33e15b458a1,True,1.0,1.0,0.8285399549543452,1.0,1.0,1.0,0.9285583145643105
602,262333f372975eef,True,1.0,0.0,0.0,1.0,1.0,0.0,0.0
603,b8acb965678c5953,True,1.0,1.0,0.7041965444940435,1.0,1.0,1.0,0.8767485602058515
604,aaf90b3acdce5063,True,1.0,1.0,0.9563522104793213,1.0,1.0,1.0,0.9818134210330506
605,a0be9e4c6cc15ec7,True,1.0,1.0,0.6954520265313627,1.0,1.0,1.0,0.8731050110547344
606,69fab78920a55a7a,True,1.0,1.0,0.5965657188422506,1.0,1.0,1.0,0.8319023828509376
607,cf696c3ba1995fd8,True,1.0,1.0,0.6619922360336331,1.0,1.0,1.0,0.8591634316806805
608,3f87b5859c3c525a,True,1.0,1.0,1.0,1.0,1.0,1.0,1.0
609,055dff3e32835333,True,1.0,1.0,0.8190332620104895,1.0,1.0,1.0,0.9245971925043707
610,18e40fd61be753b9,True,1.0,1.0,0.9618386180308864,1.0,1.0,1.0,0.984099424179536
611,ed9a6ef4e38b58ec,True,1.0,1.0,0.8243163167283412,0.0,1.0,0.0,0.5101317986368088
612,666573b1628a5475,True,1.0,1.0,0.7937686133775788,1.0,1.0,1.0,0.9140702555739911
613,769a27bde35050d1,True,1.0,0.0,0.0,1.0,1.0,0.0,0.0
614,3eaee893ba995c48,True,1.0,1.0,0.9726510432125516,1.0,1.0,1.0,0.9886046013385631
615,28345af8c4505291,True,1.0,1.0,0.9226203392816446,1.0,1.0,1.0,0.9677584747006852
616,989a085ea31e50ba,True,1.0,1.0,0.9055272565921509,1.0,1.0,1.0,0.9606363569133962
617,b50b8f11d75a5cb0,True,1.0,0.0,0.0,1.0,1.0,1.0,0.0
618,e1b645135dae5fe9,True,1.0,1.0,1.0,1.0,1.0,1.0,1.0
619,939be40082d9515a,True,1.0,1.0,0.8265017674651548,1.0,1.0,0.5,0.9277090697771477
620,143420292ce554f6,True,1.0,0.0,0.0,0.0,1.0,0.5,0.0
621,a8a743157c605bfe,True,1.0,1.0,0.7369080439165513,1.0,1.0,1.0,0.8903783516318965
622,b17966d55b335270,True,1.0,1.0,0.7887196859014103,1.0,1.0,0.5,0.9119665357922543
623,da848499bd6759c9,True,1.0,1.0,0.9438639664738852,0.0,1.0,1.0,0.5599433193641188
624,108fd8b55b1952af,True,1.0,1.0,1.0,1.0,1.0,1.0,1.0
625,e429babc45b05f4e,True,1.0,1.0,0.8980375085786496,1.0,1.0,1.0,0.9575156285744374
626,0928c39f05db52c5,True,1.0,1.0,0.8714797170627712,1.0,1.0,1.0,0.946449882109488
627,9d4e4e721d77503e,True,1.0,1.0,0.8626733575931207,1.0,1.0,1.0,0.9427805656638002
628,0c9105d8ad6a5f52,True,1.0,1.0,1.0,1.0,1.0,1.0,1.0
629,adccdafdfc3d5e0c,True,1.0,1.0,0.8644388965545416,1.0,1.0,1.0,0.9435162068977258
630,5ee6f86b7dec5484,True,1.0,1.0,1.0,1.0,1.0,1.0,1.0
631,f561d19a11375418,True,1.0,1.0,0.9121131716773326,1.0,1.0,1.0,0.9633804881988887
632,fd9b227cec3d5c3f,True,1.0,1.0,0.9744056996391236,1.0,1.0,1.0,0.9893357081829682
633,1ce148cba6f35d51,True,1.0,1.0,1.0,1.0,1.0,1.0,1.0
634,4af64a41372d564f,True,1.0,1.0,0.8027265387660364,1.0,1.0,1.0,0.9178027244858485
635,db1794b15b1a54b4,True,1.0,1.0,0.868502069768743,1.0,1.0,1.0,0.9452091957369761
636,e39a79ae2ceb5829,True,1.0,0.0,0.0,1.0,1.0,1.0,0.0
637,cf12097663665430,True,1.0,1.0,0.5398120163721888,1.0,1.0,1.0,0.8082550068217453
638,d232efb9cc535426,True,1.0,1.0,0.6434951922033988,1.0,1.0,1.0,0.8514563300847495
639,bf8fcd79b7fa532d,True,1.0,0.0,0.0,1.0,1.0,1.0,0.0
640,9f1d535f158c5758,True,1.0,1.0,1.0,1.0,1.0,1.0,1.0
641,8486dcafaee75d76,True,1.0,1.0,1.0,1.0,1.0,1.0,1.0
642,f512480c969a5eab,True,0.0,1.0,0.0,0.0,1.0,1.0,0.0
643,b5e3abde704b54c8,True,1.0,1.0,0.5632673307793986,1.0,1.0,1.0,0.8180280544914161
644,1d3cf448005f56c1,True,1.0,1.0,1.0,1.0,1.0,1.0,1.0
645,342ae335113257f6,True,1.0,1.0,0.9856815067865998,1.0,1.0,1.0,0.9940339611610832
646,9ab5654cfc9f5724,True,1.0,1.0,1.0,1.0,1.0,1.0,1.0
647,8b31009bc5115cb5,True,1.0,1.0,1.0,1.0,0.0,0.0,0.8333333333333334
648,742119ab3b9753a7,True,1.0,1.0,0.9758443217450194,1.0,1.0,1.0,0.9899351340604247
649,d849d3813e3052d0,True,1.0,1.0,0.8128664744604838,1.0,1.0,1.0,0.9220276976918682
650,41c18772e7ac5696,True,1.0,1.0,0.6544521921169737,1.0,1.0,1.0,0.8560217467154058
651,2751f9eb641455c9,True,1.0,1.0,0.5784283190312043,1.0,1.0,1.0,0.8243451329296684
652,bf1fbbbc7f5d5c5d,True,1.0,1.0,0.15035746953759016,1.0,1.0,1.0,0.6459822789739958
653,6f5b0bae72eb5307,True,1.0,1.0,0.8091194416286394,1.0,1.0,1.0,0.920466434011933
654,74df22cda10a5cf9,True,1.0,1.0,1.0,1.0,1.0,1.0,1.0
655,9587d6ea0a8e518f,True,1.0,1.0,0.8011024479010352,1.0,1.0,1.0,0.9171260199587646
656,aab517c2e5e75245,True,1.0,1.0,0.5908011287778824,1.0,1.0,1.0,0.8295004703241177
657,2fa0f34bd2da5b39,True,1.0,1.0,0.9450170634910575,1.0,1.0,1.0,0.977090443121274
658,41c548e7d8aa5f1a,True,1.0,1.0,0.7076947164313877,1.0,1.0,1.0,0.8782061318464116
659,d3e3c4998ad25800,True,1.0,1.0,0.9073338116485212,1.0,1.0,1.0,0.9613890881868837
660,4f37ec7f0ac75960,True,1.0,1.0,0.8120128671464167,1.0,1.0,1.0,0.9216720279776736
661,e4673b6cec6b521a,True,1.0,1.0,0.9846366476228567,1.0,1.0,1.0,0.9935986031761903
662,2e21fba9a22851ae,True,1.0,1.0,1.0,1.0,1.0,1.0,1.0
663,fc14b78a566f5620,True,1.0,1.0,0.7898537394538883,1.0,1.0,1.0,0.9124390581057868
664,8db7275969855f22,True,1.0,1.0,1.0,1.0,1.0,1.0,1.0
665,b94c811448e75d1c,True,1.0,1.0,0.2641680787412106,1.0,1.0,1.0,0.6934033661421711
666,400a99ae89275e4d,True,1.0,1.0,1.0,1.0,1.0,1.0,1.0
667,9de4d5414a4a50c4,True,1.0,1.0,0.8591211185266429,1.0,1.0,1.0,0.941300466052768
668,31c26928703053d2,True,1.0,1.0,1.0,1.0,1.0,1.0,1.0
669,02799c5e8bf35595,True,1.0,0.0,0.0,1.0,1.0,1.0,0.0
670,f3f9b7c1f6e95b82,True,1.0,1.0,1.0,1.0,1.0,1.0,1.0
671,11650e6f32715f8f,True,1.0,1.0,0.9978088958107447,1.0,1.0,1.0,0.9990870399211437
672,63f6c401c24557e1,True,1.0,1.0,0.8935315029077734,1.0,1.0,1.0,0.9556381262115723
673,42160b555f2a5aa0,True,1.0,1.0,0.799442818980664,1.0,1.0,1.0,0.91643450790861
674,f03f53f19c6254b8,True,1.0,1.0,0.7390875908456344,1.0,1.0,1.0,0.891286496185681
675,0ad9939a6b875bf8,True,1.0,1.0,0.6008767021934771,1.0,1.0,1.0,0.8336986259139488
676,a1ecc6a16c2f5b5e,True,1.0,1.0,0.8278613136537192,1.0,1.0,1.0,0.9282755473557164
677,04715723caea505e,True,0.0,1.0,0.0,0.0,1.0,1.0,0.0
678,cb02d1e1315a5e67,True,1.0,1.0,0.9536209715099302,0.0,1.0,1.0,0.5640087381291375
679,ae33fa122ac45a10,True,1.0,1.0,0.6023177473883966,1.0,1.0,1.0,0.8342990614118319
680,684ac2e9651d5e63,True,1.0,1.0,1.0,1.0,1.0,1.0,1.0
681,41bddf65c8155bd5,True,1.0,1.0,0.7982165993926248,1.0,1.0,1.0,0.9159235830802603
682,4543fc207fbb553e,True,1.0,1.0,0.7819018275154116,1.0,1.0,1.0,0.9091257614647548
683,4355d2853ef15044,True,1.0,1.0,1.0,1.0,1.0,1.0,1.0
684,c0c3f6eb7f445755,True,1.0,1.0,0.7883125263356593,1.0,1.0,1.0,0.9117968859731914
685,5016d5a7a87a538d,True,1.0,1.0,0.8522510694262849,1.0,1.0,1.0,0.9384379455942854
686,42c8571d47305166,True,1.0,1.0,0.920424536716126,1.0,1.0,1.0,0.9668435569650525
687,c65fbb9cff2a59e5,True,1.0,1.0,0.7615475139330176,1.0,1.0,1.0,0.9006447974720907
688,94652fa0c64d5846,True,1.0,1.0,0.8640314197197841,1.0,1.0,1.0,0.9433464248832434
689,93bbe5e3e6cd5411,True,1.0,1.0,0.787890641331977,1.0,1.0,1.0,0.9116211005549903
690,e3418fb50fa55320,True,1.0,1.0,0.8608366916316134,1.0,1.0,1.0,0.942015288179839
691,5594163f2d8751f6,True,1.0,1.0,1.0,1.0,1.0,1.0,1.0
692,4cfe4dc173bb5e2e,True,1.0,0.0,0.0,1.0,1.0,1.0,0.0
693,22f98151a771573a,True,1.0,1.0,0.8142212725098047,1.0,1.0,1.0,0.9225921968790853
694,9e76720cbd565595,True,1.0,0.0,0.0,0.0,1.0,0.0,0.0
695,eb2797d76e3b5384,True,1.0,1.0,1.0,1.0,1.0,1.0,1.0
696,85865789fb545e3c,True,1.0,0.0,0.0,1.0,1.0,0.5,0.0
697,7819725bfb845e82,True,1.0,1.0,1.0,1.0,1.0,1.0,1.0
698,60e9369e91da5d9c,True,1.0,1.0,0.7664602161378815,1.0,1.0,1.0,0.9026917567241174
699,e26d9a5288165f2a,True,1.0,0.0,0.0,1.0,1.0,1.0,0.0
700,3adebc0f04ed5311,True,1.0,1.0,1.0,1.0,1.0,1.0,1.0
701,88d08f76270d5e37,True,1.0,1.0,0.8644726663213546,1.0,1.0,1.0,0.9435302776338977
702,34787bf8b0d95f31,True,0.5,0.0,0.0,0.0,1.0,1.0,0.0
703,c7fe7790d2225990,True,1.0,1.0,1.0,1.0,1.0,1.0,1.0
704,7d399fe8e4335fc3,True,1.0,1.0,0.7057581710277355,1.0,1.0,1.0,0.877399237928223
705,167063f69e8357d8,True,1.0,1.0,1.0,1.0,1.0,1.0,1.0
706,5ab779b8a0995778,True,1.0,1.0,1.0,1.0,1.0,1.0,1.0
707,8b3bd35b8b945918,True,1.0,1.0,0.32894700241622243,1.0,1.0,1.0,0.7203945843400926
708,189654afe9465b09,True,1.0,1.0,0.8158420276813195,1.0,1.0,1.0,0.9232675115338832
709,909655c780e152ac,True,1.0,1.0,1.0,1.0,1.0,1.0,1.0
710,ed02d0df47ca55e7,True,1.0,1.0,1.0,1.0,1.0,1.0,1.0
711,0d7f280bf979592b,True,1.0,1.0,0.5746993641867898,1.0,1.0,1.0,0.8227914017444958
712,4d94decfbcd35ae6,True,1.0,1.0,0.7278759799769771,1.0,1.0,1.0,0.8866149916570737
713,0fc28fe43e5d5693,True,1.0,1.0,1.0,1.0,1.0,1.0,1.0
714,d55a7602f48e582b,True,1.0,1.0,0.6252154616340602,1.0,1.0,1.0,0.8438397756808583
715,33c321ae43da54c6,True,1.0,1.0,0.6991559278953193,1.0,1.0,1.0,0.8746483032897164
716,859dea9ce9215b47,True,1.0,0.0,0.0,1.0,1.0,0.5,0.0
717,7b4383b378035cb7,True,1.0,0.0,0.0,1.0,1.0,1.0,0.0
718,2d723f3d7b9458b8,True,1.0,1.0,0.8822393534398202,1.0,1.0,1.0,0.9509330639332584
719,ea32cdfc9478501d,True,1.0,1.0,0.7405629165175734,1.0,1.0,1.0,0.8919012152156557
720,21b0b3ef9d2e59ed,True,1.0,1.0,1.0,1.0,1.0,1.0,1.0
721,32a19a2ab50f563d,True,1.0,0.0,0.0,1.0,1.0,0.0,0.0
722,0370ac4af44a5bfc,True,1.0,1.0,0.7395963087614783,1.0,1.0,1.0,0.8914984619839492
723,cdab92d3f2d955db,True,1.0,1.0,1.0,1.0,1.0,1.0,1.0
724,35f448c5566658be,True,1.0,1.0,0.5816248826713538,1.0,1.0,1.0,0.8256770344463975
725,171ac85821875613,True,1.0,0.0,0.0,1.0,1.0,1.0,0.0
726,b474c79361415cb0,True,1.0,1.0,0.48350462583786225,1.0,1.0,1.0,0.7847935940991092
727,e8ae48e9ca4a58fc,True,1.0,1.0,0.6572856906285985,1.0,1.0,1.0,0.8572023710952493
728,7385c74727eb53b5,True,1.0,1.0,0.9227104228476605,1.0,1.0,1.0,0.9677960095198586
729,a19a97133a285e39,True,1.0,1.0,1.0,1.0,1.0,1.0,1.0
730,337a46b592e654da,True,1.0,1.0,0.9425679306930305,1.0,1.0,1.0,0.976069971122096
731,e91c1fdb29a858f3,True,1.0,1.0,0.9524597921580045,1.0,1.0,1.0,0.9801915800658353
732,032ae6630661521a,True,1.0,1.0,1.0,0.0,1.0,1.0,0.5833333333333334
733,f2a54a0461005d6c,True,1.0,1.0,0.15589555623113266,1.0,1.0,1.0,0.6482898150963052
734,77519294678a5fed,True,1.0,1.0,0.706028764758451,1.0,1.0,1.0,0.8775119853160213
735,e61cc4ac32d7538a,True,1.0,1.0,0.6424457512518311,1.0,1.0,1.0,0.8510190630215962
736,2647308c0cbe519c,True,1.0,1.0,0.9860023353955939,1.0,1.0,1.0,0.9941676397481641
737,0c931f9db55e5fcc,True,1.0,1.0,0.09237966197204238,1.0,1.0,1.0,0.6218248591550176
738,0c38a8ace1f5548e,True,1.0,1.0,0.9464957691118401,1.0,1.0,1.0,0.9777065704632667
739,277f191c94b952f3,True,1.0,1.0,0.8957031575690328,1.0,1.0,1.0,0.9565429823204304
740,7fa02fbd7287526f,True,1.0,1.0,0.8781328807148497,1.0,1.0,1.0,0.9492220336311874
741,1e91e4b9af695706,True,1.0,1.0,1.0,1.0,1.0,1.0,1.0
742,184f5d3c75275c6e,True,1.0,1.0,1.0,1.0,1.0,1.0,1.0
743,4c7c3a0a401d5f38,True,1.0,1.0,0.7837649433008655,1.0,1.0,1.0,0.9099020597086941
744,f6a5c2b1f50d5afc,True,1.0,1.0,0.9010342570309954,1.0,1.0,1.0,0.9587642737629146
745,6801df96fcdd5bd9,True,1.0,1.0,0.6397649737739345,1.0,1.0,1.0,0.849902072405806
746,4b98bb0bbbc75b1f,True,1.0,1.0,0.6866010081306115,1.0,1.0,1.0,0.8694170867210881
747,6a13232f3c97575a,True,1.0,1.0,0.806122120511898,1.0,1.0,1.0,0.9192175502132908
748,976107b532bb5301,True,1.0,1.0,0.9537336844299218,1.0,1.0,1.0,0.9807223685124674
749,0d3dd11b84c8518e,True,1.0,1.0,0.6508019800449161,1.0,1.0,1.0,0.854500825018715
750,1c1086a1254c5c9e,True,1.0,1.0,0.8206842712365671,1.0,1.0,1.0,0.9252851130152363
751,a8a34f54618050f6,True,1.0,0.0,0.0,1.0,1.0,0.0,0.0
752,9c13995a8a285f90,True,1.0,1.0,1.0,1.0,1.0,1.0,1.0
753,a38bd3c8068d5ebb,True,1.0,1.0,1.0,1.0,1.0,1.0,1.0
754,36716a89eb9c5ef9,True,1.0,1.0,1.0,1.0,1.0,1.0,1.0
755,ead55e845b5f561d,True,1.0,1.0,1.0,1.0,1.0,1.0,1.0
756,b42b3012c31c5b03,True,1.0,1.0,1.0,1.0,1.0,1.0,1.0
757,1972837deb725c63,True,1.0,1.0,0.7890593795877727,1.0,1.0,1.0,0.9121080748282386
758,38dd6b1bb76e5301,True,1.0,1.0,1.0,1.0,1.0,1.0,1.0
759,470d0eceeaf75102,True,1.0,0.0,0.0,1.0,1.0,1.0,0.0
760,4b5fd21bc8bd5a8b,True,1.0,1.0,0.7999985057752682,1.0,1.0,1.0,0.9166660440730284
761,e7295df63d0751d2,True,1.0,1.0,1.0,1.0,1.0,1.0,1.0
762,a7fa8bccce9253cb,True,1.0,0.0,0.0,1.0,1.0,0.0,0.0
763,bca002ce93bd5997,True,1.0,1.0,1.0,1.0,1.0,1.0,1.0
764,cf05c9f4f6e55af3,True,1.0,1.0,0.6952016995726255,1.0,1.0,1.0,0.8730007081552605
765,0503cc398e2656be,True,0.0,1.0,0.0,0.0,1.0,1.0,0.0
766,5009bb0ce61b5921,True,1.0,1.0,0.9152626394740828,1.0,1.0,1.0,0.9646927664475345
767,cbc1c1f392825ad6,True,1.0,1.0,0.45600301541876764,1.0,1.0,1.0,0.7733345897578198
768,6b0a15391789599e,True,1.0,1.0,0.10461923881230331,1.0,1.0,1.0,0.6269246828384597
769,1559a9e324d6519d,True,1.0,1.0,1.0,1.0,1.0,1.0,1.0
770,1b6ca45027e3531c,True,0.5,1.0,0.4023891984828631,0.0,1.0,1.0,0.16716441635059645
771,6919cfa3396a52ff,True,1.0,1.0,1.0,1.0,1.0,1.0,1.0
772,758cc7a721c2546d,True,1.0,1.0,0.7677260162502648,1.0,1.0,1.0,0.9032191734376104
773,b657c9d393895b93,True,1.0,1.0,0.8675076766800524,1.0,1.0,1.0,0.9447948652833551
774,81e0cc64152b5264,True,1.0,1.0,1.0,1.0,1.0,1.0,1.0
775,216b31d31f085114,True,1.0,1.0,0.4889140111650168,0.0,1.0,1.0,0.37038083798542365
776,8072e0c324205e72,True,1.0,1.0,0.98653902447353,1.0,1.0,1.0,0.9943912601973043
777,e244b2ddf97a57d6,True,1.0,1.0,0.45327405890247074,1.0,1.0,1.0,0.7721975245426962
778,11c5f66a6657545d,True,1.0,1.0,0.8913342792641339,1.0,1.0,1.0,0.9547226163600557
779,75b0adddd02558ba,True,1.0,1.0,0.8854431710533018,1.0,1.0,1.0,0.9522679879388759
780,dcff89b03b925c41,True,1.0,1.0,0.41533701930104816,1.0,1.0,1.0,0.75639042470877
781,099ba96d3bca51c3,True,1.0,1.0,0.5896069031010778,1.0,1.0,1.0,0.8290028762921158
782,7fdfa29d75525f46,True,1.0,1.0,1.0,1.0,1.0,1.0,1.0
783,e000d4f7fdfb5f6b,True,1.0,1.0,0.96805380713781,1.0,1.0,1.0,0.9866890863074209
784,23fb1660b6985e05,True,1.0,1.0,0.8449873646527322,1.0,1.0,1.0,0.9354114019386385
785,5c4d8dfcb0aa5541,True,1.0,0.0,0.0,1.0,1.0,0.5,0.0
786,2114e7e213c45fc0,True,1.0,1.0,1.0,1.0,1.0,1.0,1.0
787,8f9712da66485b70,True,1.0,1.0,0.7800521191243215,1.0,1.0,1.0,0.9083550496351339
788,b0902109adea5e0f,True,1.0,1.0,0.8541646075100976,1.0,1.0,1.0,0.9392352531292074
789,982671de6e755ca0,True,1.0,1.0,0.6731065662224657,1.0,1.0,1.0,0.8637944025926941
790,4cf809416df6527e,True,1.0,0.0,0.0,1.0,1.0,1.0,0.0
791,1a0ce53e0a4755e5,True,1.0,1.0,0.7163929138944917,1.0,1.0,1.0,0.8818303807893715
792,4dca385d371c57fb,True,1.0,1.0,0.7556993580737802,1.0,1.0,1.0,0.8982080658640751
793,7d32ec3f13b9525b,True,1.0,1.0,0.09557503975346053,1.0,1.0,1.0,0.6231562665639419
794,bcbe67b78b825aec,True,1.0,1.0,1.0,1.0,1.0,1.0,1.0
795,e5fb0daef05956f0,True,1.0,1.0,0.8771410448958691,1.0,1.0,1.0,0.9488087687066121
796,671dcd0d1c86592c,True,1.0,1.0,0.6440222179090215,1.0,1.0,1.0,0.8516759241287589
797,3166dd05c45f59e8,True,1.0,1.0,1.0,1.0,1.0,1.0,1.0
798,1be3fd906c435f85,True,1.0,1.0,0.9690655459425132,1.0,1.0,1.0,0.9871106441427138
799,cf4d1288c560569f,True,1.0,1.0,0.7762013280194274,1.0,1.0,1.0,0.9067505533414281
800,77b99279c5265bab,True,1.0,1.0,0.7731873113523517,1.0,1.0,1.0,0.90549471306348
801,d31c6e5e85b95aea,True,1.0,1.0,0.6504317180711248,1.0,1.0,1.0,0.8543465491963019
802,e775640dbaf45c91,True,1.0,1.0,1.0,1.0,1.0,1.0,1.0
803,608f33b279a15cfc,True,1.0,1.0,1.0,1.0,1.0,1.0,1.0
804,3fb360a01b775e07,True,1.0,1.0,0.6458527261380428,1.0,1.0,1.0,0.8524386358908512
805,f1940c1eca9857cb,True,1.0,1.0,1.0,1.0,1.0,1.0,1.0
806,1212ba4b68e95583,True,1.0,1.0,0.7804370025483598,1.0,1.0,1.0,0.9085154177284833
807,8ba84ea2cc4a5ead,True,1.0,1.0,0.903927796223844,1.0,1.0,1.0,0.9599699150932683
808,268ed4d63bb85cae,True,1.0,1.0,0.9613176654302149,1.0,1.0,1.0,0.9838823605959229
809,e1c0081536575390,True,1.0,1.0,1.0,1.0,1.0,1.0,1.0
810,82fd7dab2b6b5101,True,1.0,1.0,0.8664409811916288,1.0,1.0,1.0,0.9443504088298452
811,875d89dc1f225205,True,1.0,0.0,0.0,1.0,1.0,1.0,0.0
812,1b056ac7f7995a8a,True,1.0,1.0,0.8613220467444104,1.0,1.0,1.0,0.9422175194768375
813,46adda2ea05a50a4,True,1.0,1.0,0.9176984485645577,1.0,1.0,1.0,0.965707686901899
814,fa39ec6686705dac,True,1.0,1.0,0.9401402560723995,1.0,1.0,1.0,0.9750584400301664
815,06bdef9a9bbc5aaf,True,1.0,1.0,0.7850831078524583,1.0,1.0,1.0,0.9104512949385243
816,90831b78d185503a,True,1.0,1.0,0.7643588403929614,1.0,1.0,1.0,0.9018161834970672
817,52c1d14554bb51f5,True,1.0,1.0,0.7034827425853853,1.0,1.0,1.0,0.8764511427439107
818,30d639fe2d5057e3,True,1.0,1.0,1.0,1.0,1.0,1.0,1.0
819,550045c2be39530a,True,0.0,1.0,0.0,0.0,1.0,0.5,0.0
820,bf6e5d04e0d7576e,True,1.0,1.0,0.45221008556295406,1.0,1.0,1.0,0.7717542023178975
821,0b97850e408e5a95,True,1.0,1.0,0.23145752606014225,1.0,1.0,1.0,0.679773969191726
822,090a482cb7335520,True,1.0,1.0,0.9390747641694485,1.0,1.0,1.0,0.9746144850706036
823,23f10a2b432555b9,True,1.0,1.0,1.0,1.0,1.0,1.0,1.0
824,1fd4a838b258571f,True,1.0,1.0,0.9366206381907209,1.0,1.0,1.0,0.9735919325794672
825,9db7131f4c8d57dd,True,1.0,0.0,0.0,1.0,1.0,1.0,0.0
826,9e9e33077f375062,True,1.0,0.0,0.0,1.0,1.0,1.0,0.0
827,44f736cbb0365616,True,1.0,1.0,1.0,1.0,1.0,1.0,1.0
828,f8f7f1ebe2fc5bda,True,1.0,1.0,1.0,1.0,1.0,1.0,1.0
829,ab872f589011527d,True,1.0,1.0,0.848134527219038,1.0,1.0,1.0,0.9367227196745992
830,229e86f19e7d5ced,True,1.0,1.0,1.0,1.0,1.0,1.0,1.0
831,956bda5985a559f1,True,1.0,1.0,0.697158788924604,1.0,1.0,1.0,0.8738161620519183
832,ade979d99d51517f,True,1.0,1.0,1.0,1.0,1.0,1.0,1.0
833,be0ac32b1590510e,True,1.0,1.0,0.4742305615088645,1.0,1.0,1.0,0.7809294006286936
834,a1493423e0d1521c,True,1.0,1.0,1.0,1.0,1.0,1.0,1.0
835,840f4e28181e53d9,True,1.0,1.0,0.7608205695191196,1.0,1.0,1.0,0.9003419039662998
836,472472b9f03a5b8f,True,1.0,1.0,0.8623124523808953,1.0,1.0,1.0,0.9426301884920397
837,84c2b46556315af6,True,1.0,1.0,0.7330702803163635,1.0,1.0,1.0,0.8887792834651514
838,b4c5bd35a81f517e,True,1.0,1.0,0.9949221745237404,0.0,1.0,1.0,0.5812175727182252
839,6907c80d73775279,True,1.0,1.0,0.8778914879656502,1.0,1.0,1.0,0.949121453319021
840,134221cd9f46577f,True,1.0,1.0,0.912735589310785,1.0,1.0,1.0,0.9636398288794937
841,9e10e31698a650a1,True,0.5,0.0,0.0,0.0,1.0,1.0,0.0
842,a0ce26a6f335530d,True,1.0,1.0,1.0,1.0,1.0,1.0,1.0
843,6c3bb8f40a9a533c,True,1.0,1.0,1.0,1.0,1.0,1.0,1.0
844,c0475666b2a55982,True,1.0,1.0,1.0,1.0,1.0,1.0,1.0
845,8430e9ba6d395dd2,True,1.0,1.0,0.8118126248374773,1.0,1.0,1.0,0.9215885936822822
846,f86adcbec849574a,True,1.0,1.0,1.0,1.0,1.0,1.0,1.0
847,b27f68fe02b059ca,True,1.0,1.0,0.9887766498610584,1.0,1.0,1.0,0.9953236041087744
848,1ded576bc1325cae,True,1.0,1.0,1.0,1.0,1.0,1.0,1.0
849,c543bad7f8ff5eae,True,1.0,1.0,0.7013239893122154,1.0,1.0,1.0,0.8755516622134231
850,14f10a29b9235b38,True,1.0,1.0,0.9301361581945145,1.0,1.0,1.0,0.970890065914381
851,1aabc43f2a7453f1,True,1.0,1.0,0.7802308992581816,1.0,1.0,1.0,0.9084295413575756
852,508209397e8f5714,True,1.0,1.0,0.7541380108383564,1.0,1.0,1.0,0.8975575045159818
853,b0ec3fbe5d07514d,True,1.0,0.0,0.0,1.0,1.0,1.0,0.0
854,5ebe40763ac05b5c,True,1.0,1.0,0.4237725188908164,1.0,1.0,0.5,0.7599052162045069
855,2af5b66260bf5795,True,1.0,1.0,0.8519304136478482,1.0,1.0,1.0,0.9383043390199367
856,0165d0814e905c1c,True,1.0,1.0,1.0,1.0,1.0,1.0,1.0
857,42a04da3bc0351e1,True,1.0,1.0,0.7535361884705065,1.0,1.0,1.0,0.8973067451960444
858,e6ff81ab83355450,True,1.0,1.0,0.9433921462285892,0.0,1.0,1.0,0.5597467275952456
859,8b2b4c67ddcf5c36,True,1.0,1.0,1.0,1.0,1.0,1.0,1.0
860,96dc22c0224255ca,True,1.0,1.0,1.0,1.0,1.0,1.0,1.0
861,5a2e2da8e6b75138,True,1.0,0.0,0.0,1.0,1.0,1.0,0.0
862,dce06ee8c9fc572f,True,1.0,1.0,0.7135566461303312,1.0,1.0,1.0,0.8806486025543047
863,80386d2e9c215d3b,True,1.0,1.0,0.8284519022832286,1.0,1.0,1.0,0.9285216259513452
864,616439dd808d57f1,True,1.0,1.0,1.0,0.0,1.0,1.0,0.5833333333333334
865,229de058ec7b59bd,True,1.0,1.0,1.0,1.0,1.0,1.0,1.0
866,38b7b1afe2bf516b,True,1.0,1.0,0.9383323985328165,1.0,1.0,0.5,0.9743051660553402
867,c284f9a1803f585f,True,1.0,1.0,1.0,1.0,1.0,1.0,1.0
868,1c7ccdd40a3f505a,True,1.0,1.0,1.0,1.0,1.0,1.0,1.0
869,a0d88b07304b5398,True,1.0,1.0,1.0,1.0,1.0,1.0,1.0
870,5576401890e55a6e,True,1.0,1.0,1.0,1.0,1.0,1.0,1.0
871,a091a6a6033c559f,True,1.0,1.0,0.6762243650274301,1.0,1.0,1.0,0.8650934854280958
872,f742c7490c2d5b98,True,1.0,1.0,0.8895010304601754,1.0,1.0,1.0,0.9539587626917397
873,616fa9b07f5653ef,True,1.0,0.0,0.0,1.0,1.0,0.0,0.0
874,153dfbd3d4355809,True,1.0,1.0,0.6573650974885648,1.0,1.0,1.0,0.857235457286902
875,ca4be8d422eb5f56,True,1.0,1.0,1.0,1.0,1.0,1.0,1.0
876,1d359a03436458f0,True,1.0,1.0,0.6654345995175671,1.0,1.0,1.0,0.8605977497989863
877,3f80c1a045a056e4,True,1.0,1.0,0.7749542859276214,1.0,1.0,1.0,0.9062309524698423
878,e0dd84d2357d5ed8,True,1.0,1.0,0.8203133848173856,1.0,1.0,1.0,0.925130577007244
879,1ed9f27f63645f09,True,1.0,1.0,1.0,1.0,1.0,1.0,1.0
880,0324b2d1ca2e5b6e,True,1.0,1.0,1.0,1.0,1.0,1.0,1.0
881,4b5fc0f1425c5288,True,1.0,1.0,0.6739396956027697,1.0,1.0,1.0,0.8641415398344874
882,a6229e66c0e656d8,True,1.0,1.0,0.8947397738019512,1.0,1.0,1.0,0.9561415724174797
883,1cff6bb966075bc7,True,1.0,1.0,1.0,1.0,1.0,1.0,1.0
884,302803d07e7059dc,True,1.0,0.0,0.0,1.0,1.0,0.0,0.0
885,f0f77f6f5cb4562c,True,1.0,1.0,0.9840790914392341,1.0,1.0,1.0,0.993366288099681
886,76615d386ce6519e,True,0.0,1.0,0.0,0.0,1.0,1.0,0.0
887,9147a0ae2bf751c8,True,1.0,1.0,0.32676482091580455,1.0,1.0,1.0,0.719485342048252
888,38aff0f1a2f357f6,True,1.0,1.0,0.804399978741017,1.0,1.0,0.5,0.9184999911420905
889,cba63a3ef5bc51b3,True,1.0,1.0,1.0,1.0,1.0,1.0,1.0
890,cfb9e8d047515e4c,True,1.0,1.0,0.7119209617539826,1.0,1.0,1.0,0.8799670673974926
891,81f1c631c7325b0f,True,1.0,0.0,0.0,1.0,1.0,1.0,0.0
892,dc2d59ce7b1258cf,True,1.0,1.0,1.0,1.0,1.0,1.0,1.0
893,9a4e8cacd6095527,True,1.0,1.0,1.0,1.0,1.0,1.0,1.0
894,642a177df62954ad,True,1.0,1.0,1.0,1.0,1.0,1.0,1.0
895,c28f3febaf635777,True,1.0,1.0,0.8509902708138124,1.0,1.0,1.0,0.9379126128390886
896,5a03ac06c53d5b19,True,1.0,1.0,1.0,1.0,1.0,1.0,1.0
897,ff89c9bf77dc58ce,True,1.0,1.0,1.0,1.0,1.0,1.0,1.0
898,ff4f691f82915561,True,1.0,1.0,0.7647125029910179,1.0,1.0,1.0,0.9019635429129241
899,08fc5ba619bc535c,True,1.0,1.0,1.0,1.0,1.0,1.0,1.0
900,190808cc16cc53af,True,1.0,1.0,0.8748548765216011,1.0,1.0,1.0,0.9478561985506672
901,a159a54ad01d5f4f,True,1.0,1.0,0.8249550870578043,1.0,1.0,1.0,0.9270646196074184
902,d99103d5b5025654,True,1.0,1.0,0.5384483877801438,1.0,1.0,1.0,0.8076868282417266
903,1947a9758e045ce9,True,1.0,1.0,1.0,1.0,1.0,1.0,1.0
904,1cac49b248b05705,True,1.0,1.0,0.8684941358809707,1.0,1.0,1.0,0.9452058899504046
905,84876bb274165ade,True,1.0,1.0,0.683504770315266,1.0,1.0,1.0,0.8681269876313609
906,bc842040229c5e52,True,1.0,1.0,0.8581558730387395,1.0,1.0,1.0,0.9408982804328082
907,7868ce187ae55819,True,1.0,1.0,1.0,1.0,1.0,1.0,1.0
908,b09d0393d8095685,True,1.0,1.0,0.6938672075609849,1.0,1.0,1.0,0.872444669817077
909,f618df9b13b75f68,True,1.0,1.0,0.8798889409736947,1.0,1.0,1.0,0.9499537254057061
910,98b99d5d44c05a5b,True,1.0,1.0,0.9824675447027179,1.0,1.0,1.0,0.9926948102927992
911,8d068ed41e335268,True,1.0,1.0,0.7857867590052074,1.0,1.0,1.0,0.9107444829188364
912,cd9d029138325c2c,True,1.0,0.0,0.0,1.0,1.0,1.0,0.0
913,7be8784c329456b4,True,1.0,1.0,1.0,1.0,1.0,1.0,1.0
914,bc23c66181b15e25,True,1.0,1.0,0.9096310305204137,1.0,1.0,1.0,0.962346262716839
915,659373708e8e5a4f,True,1.0,1.0,0.7558186731784552,1.0,1.0,1.0,0.898257780491023
916,bf2a9740fda85514,True,1.0,1.0,0.7709288427207754,1.0,1.0,1.0,0.9045536844669897
917,2f05406bcdd55a21,True,1.0,1.0,1.0,1.0,1.0,1.0,1.0
918,3aa165d52c2051e1,True,1.0,1.0,1.0,0.0,1.0,1.0,0.5833333333333334
919,abf38de966305279,True,1.0,1.0,0.8979899533539591,1.0,1.0,1.0,0.957495813897483
920,b30ee22eca0a57ef,True,1.0,1.0,0.8122390645273428,1.0,1.0,1.0,0.9217662768863928
921,38cce6a01e6753ea,True,1.0,1.0,0.9971069303178818,0.0,1.0,1.0,0.5821278876324507
922,f9c41d66eb3c5d86,True,1.0,0.0,0.0,1.0,1.0,1.0,0.0
923,9ba306d42ab75911,True,1.0,1.0,0.7930236492010159,1.0,1.0,1.0,0.9137598538337567
924,c7440ee97f0b5e75,True,1.0,0.0,0.0,1.0,1.0,1.0,0.0
925,8429a35187bb5c08,True,1.0,1.0,1.0,1.0,1.0,1.0,1.0
926,8d64d2c9f19c57c5,True,1.0,1.0,0.8372555612465243,1.0,1.0,1.0,0.9321898171860518
927,d5110a9cb2b352d5,True,1.0,1.0,0.7553064085362905,1.0,1.0,1.0,0.8980443368901211
928,4511645a5e9a5bcd,True,1.0,1.0,0.9625150320328159,1.0,1.0,1.0,0.9843812633470067
929,082dba79a46d57b2,True,1.0,1.0,1.0,1.0,1.0,1.0,1.0
930,870886385ca15345,True,1.0,1.0,1.0,1.0,1.0,1.0,1.0
931,335576eae9705bfc,True,1.0,1.0,0.7911464649464864,1.0,1.0,1.0,0.9129776937277027
932,0ef0e20c09865753,True,1.0,1.0,0.986331409324737,1.0,1.0,1.0,0.994304753885307
933,b13f0b445e605951,True,1.0,1.0,1.0,1.0,1.0,1.0,1.0
934,f5e28113983e54bd,True,1.0,1.0,0.8754474082083366,1.0,1.0,1.0,0.9481030867534735
935,2e1c1db92800578d,True,1.0,1.0,1.0,1.0,1.0,1.0,1.0
936,dda361f4db52537a,True,1.0,1.0,0.9578558048073993,1.0,1.0,1.0,0.9824399186697498
937,14d112b14e9a5d5c,True,1.0,1.0,0.8925755356325176,1.0,1.0,1.0,0.955239806513549
938,406d4391f1205862,True,1.0,1.0,0.8864042253417754,1.0,1.0,1.0,0.9526684272257397
939,9ad434ec99685d35,True,1.0,1.0,0.8311214743296774,1.0,1.0,1.0,0.9296339476373655
940,e16c585e12445a60,True,1.0,1.0,1.0,1.0,1.0,1.0,1.0
941,45441aede44b5547,True,1.0,1.0,0.7886627183961568,1.0,1.0,1.0,0.9119427993317321
942,986ebb8642ae5b64,True,1.0,1.0,0.8521305401125387,1.0,1.0,0.0,0.9383877250468912
943,431869f33ace51a0,True,1.0,1.0,0.8536639790333973,1.0,1.0,1.0,0.9390266579305822
944,7fb1c845280a55aa,True,1.0,1.0,0.8290427031523365,1.0,1.0,1.0,0.9287677929801402
945,90482225be14588c,True,0.0,0.0,0.0,0.0,1.0,0.0,0.0
946,d67eda0cf1305a71,True,1.0,0.0,0.0,1.0,1.0,1.0,0.0
947,958677976f9c5b0a,True,1.0,1.0,0.7283817380187927,1.0,1.0,1.0,0.8868257241744969
948,0efc84a20a7d5b07,True,1.0,1.0,0.5728812037669617,1.0,1.0,1.0,0.8220338349029007
949,e6e2b0d2f0495557,True,1.0,1.0,0.8176326980596249,1.0,1.0,1.0,0.9240136241915105
950,43fe2321124251d3,True,1.0,1.0,1.0,1.0,1.0,1.0,1.0
951,210e056a17d1522d,True,1.0,1.0,0.8558335126853377,1.0,1.0,1.0,0.9399306302855575
952,a35847734fc65508,True,1.0,1.0,1.0,1.0,1.0,1.0,1.0
953,3154180ecf9a5e67,True,1.0,1.0,0.7605126407704498,1.0,1.0,1.0,0.9002136003210207
954,4e3fb4e28014505e,True,1.0,1.0,1.0,1.0,1.0,1.0,1.0
955,98527843384f5f43,True,1.0,1.0,0.7763199742847635,1.0,1.0,1.0,0.9067999892853181
956,cc5e04be1f105d15,True,1.0,1.0,0.6935230460510524,1.0,1.0,1.0,0.8723012691879385
957,4f663e3f821e5c85,True,1.0,1.0,0.9075897997083086,1.0,1.0,1.0,0.9614957498784619
958,5ac5a4a182b859f7,True,1.0,1.0,0.7338857969786292,1.0,1.0,1.0,0.8891190820744289
959,93b93c0235375b93,True,1.0,1.0,1.0,1.0,1.0,1.0,1.0
960,3f56f99e2cf15355,True,1.0,1.0,0.8825438239127829,1.0,1.0,1.0,0.9510599266303261
961,13b137cecf4b57e9,True,1.0,1.0,1.0,0.0,1.0,1.0,0.5833333333333334
962,dd2546a068da5ffe,True,1.0,1.0,0.7834020704655332,1.0,1.0,1.0,0.9097508626939721
963,e970702e97ea50b2,True,1.0,1.0,1.0,1.0,1.0,1.0,1.0
964,524695a4857859fe,True,1.0,1.0,1.0,1.0,1.0,1.0,1.0
965,5655270788dc5fa3,True,1.0,1.0,0.4146914399469523,1.0,1.0,1.0,0.7561214333112302
966,055417b420d5598f,True,1.0,1.0,0.7469448747238577,1.0,1.0,1.0,0.894560364468274
967,b5d0bfdf09375423,True,1.0,1.0,1.0,1.0,1.0,1.0,1.0
968,583f7d0d8b27513c,True,1.0,1.0,1.0,1.0,1.0,0.5,1.0
969,dd16377ecfa45fe0,True,0.5,0.0,0.0,0.0,1.0,0.5,0.0
970,9d423dea34235b41,True,1.0,1.0,1.0,1.0,1.0,1.0,1.0
971,c1b38e62a97d590d,True,1.0,1.0,0.7471281738620557,1.0,1.0,1.0,0.8946367391091897
972,2c79b7300d3a5219,True,1.0,1.0,1.0,1.0,1.0,1.0,1.0
973,dd30198e0e6b5bd8,True,1.0,1.0,1.0,1.0,1.0,1.0,1.0
974,1c542cec168557e3,True,1.0,1.0,0.6675409404826397,1.0,1.0,1.0,0.8614753918677666
975,f154d2accd365815,True,1.0,1.0,0.7697620255523037,1.0,1.0,1.0,0.9040675106467931
976,6c64511810415244,True,1.0,1.0,0.8850005740962384,1.0,1.0,1.0,0.9520835725400993
977,50708f973eec5e38,True,1.0,1.0,0.7347213276309642,1.0,1.0,1.0,0.8894672198462351
978,85aaf087e6fe54ee,True,1.0,1.0,0.6618995922440111,1.0,1.0,1.0,0.8591248301016713
979,e463ad284c0d595c,True,1.0,1.0,0.8364281834173601,1.0,1.0,1.0,0.9318450764239001
980,2d264d513abb5a7d,True,1.0,0.0,0.0,1.0,1.0,1.0,0.0
981,e09425a247f752e5,True,1.0,1.0,0.9538862424529105,1.0,1.0,1.0,0.9807859343553794
982,3bf2974c80c55503,True,1.0,1.0,1.0,1.0,0.0,1.0,0.8333333333333334
983,0225c61734025867,True,1.0,1.0,0.7839745528836308,1.0,1.0,1.0,0.9099893970348463
984,13cbee7dbb4853ec,True,1.0,1.0,1.0,1.0,1.0,1.0,1.0
985,689abfdd66235378,True,1.0,1.0,0.8778248367673946,1.0,1.0,1.0,0.9490936819864144
986,368cb65e8fef57b7,True,1.0,1.0,0.6618055855948397,1.0,1.0,1.0,0.8590856606645166
987,37e2bc0cb5a053a5,True,1.0,1.0,0.7863666566571704,1.0,1.0,1.0,0.9109861069404878
988,3968adecd59c551e,True,1.0,1.0,0.966179208857772,1.0,1.0,1.0,0.9859080036907383
989,a2336870ff485514,True,1.0,1.0,1.0,1.0,1.0,1.0,1.0
990,8cf86f67f10f574a,True,1.0,1.0,0.7468507444374929,1.0,1.0,1.0,0.8945211435156221
991,d11fc492a41e5279,True,1.0,1.0,0.7474076938246808,1.0,1.0,1.0,0.8947532057602836
992,58a10d0c924050cf,True,1.0,1.0,1.0,1.0,1.0,1.0,1.0
993,4e252b23d8935563,True,1.0,1.0,0.985374421496046,1.0,1.0,1.0,0.9939060089566859
994,cc853dd8697f51b3,True,1.0,1.0,0.6316500110220342,1.0,1.0,1.0,0.8465208379258476
995,d93832e29afa5f8b,True,1.0,1.0,0.8544671083523423,1.0,1.0,1.0,0.9393612951468092
996,511741d6df93540d,True,1.0,1.0,0.9611974953375635,1.0,1.0,1.0,0.9838322897239848
997,8d0697930b5e5df0,True,1.0,1.0,0.45066709693243534,1.0,1.0,1.0,0.7711112903885148
998,6157148c5fa25838,True,1.0,1.0,0.9769988980766018,1.0,1.0,1.0,0.9904162075319173
999,13c76ba40a5e5987,True,1.0,0.0,0.0,1.0,1.0,1.0,0.0
1000,1fe2f21f53c05378,True,1.0,1.0,0.7934203423932882,1.0,1.0,1.0,0.91392514266387
1001,397a31d685fc5af7,True,1.0,1.0,0.7984257765469003,1.0,1.0,1.0,0.9160107402278751
1002,5111244533fb5d1f,True,1.0,1.0,0.980871123503678,1.0,1.0,1.0,0.9920296347931993
1003,a992bba6c1d054f3,True,1.0,1.0,0.811105900079585,1.0,1.0,1.0,0.9212941250331604
1004,3b2fc0d01dbc50ce,True,1.0,1.0,1.0,1.0,1.0,1.0,1.0
1005,5fe951e403f25012,True,1.0,1.0,0.7713863739732164,1.0,1.0,1.0,0.9047443224888402
1006,6e79ddf19ead53f1,True,1.0,1.0,0.6192143728274664,1.0,1.0,1.0,0.8413393220114443
1007,90c51d90c33b5cef,True,1.0,1.0,0.9580978342210803,1.0,1.0,1.0,0.9825407642587836
1008,9f4bf4a979835749,True,1.0,1.0,0.7952898010331703,1.0,1.0,0.0,0.9147040837638208
1009,10d0706cdc655c9f,True,0.0,0.0,0.0,0.0,1.0,0.0,0.0
1010,55644491cba35aad,True,1.0,1.0,0.6995820567624461,1.0,1.0,1.0,0.8748258569843527
1011,0a51eb8adf8e5391,True,1.0,1.0,0.5574732641696881,1.0,1.0,1.0,0.8156138600707035
1012,19d9dc5184675c50,True,1.0,1.0,0.7089266248353193,1.0,1.0,1.0,0.8787194270147164
1013,16d3b353ffe650de,True,1.0,1.0,0.6114451248650331,1.0,1.0,1.0,0.8381021353604305
1014,2f8e10ba1a8f5672,True,1.0,1.0,0.7738069836156406,1.0,1.0,1.0,0.9057529098398502
1015,792d9ff087745f33,True,1.0,1.0,0.6506434155735177,1.0,1.0,1.0,0.8544347564889657
1016,5671f9e107965dc3,True,1.0,1.0,0.8335663544478489,1.0,1.0,1.0,0.9306526476866037
1017,1ceec301ab6552b1,True,1.0,1.0,1.0,1.0,1.0,1.0,1.0
1018,74693ae387e752fa,True,1.0,1.0,0.8756536160707125,1.0,1.0,1.0,0.9481890066961302
1019,ef1c8f5af4525791,True,1.0,1.0,0.6826208898387438,1.0,1.0,1.0,0.8677587040994766
1020,6e0bfaa448c5587d,True,1.0,1.0,0.7303120492849237,1.0,1.0,1.0,0.887630020535385
1021,5a41a7f756c551ce,True,1.0,1.0,0.95264710416775,1.0,1.0,1.0,0.9802696267365625
1022,86877e183c4e5864,True,1.0,1.0,1.0,1.0,1.0,1.0,1.0
1023,9edf148b1ed05a22,True,1.0,1.0,1.0,1.0,1.0,1.0,1.0
1024,00f20c2762515d09,True,1.0,1.0,0.9863309320770618,1.0,1.0,1.0,0.9943045550321091
1025,722ad5b3698c52c6,True,1.0,1.0,1.0,1.0,1.0,1.0,1.0
1026,36c9f5ba92385cee,True,1.0,1.0,0.8144637252141059,1.0,1.0,1.0,0.9226932188392108
1027,1aa15402bceb5743,True,1.0,1.0,0.7373711677207477,1.0,1.0,1.0,0.8905713198836449
1028,aa4272ed1b785b94,True,1.0,1.0,0.912299412841139,1.0,1.0,1.0,0.963458088683808
1029,6389fb6f9d675e3b,True,1.0,1.0,0.7512163508751584,1.0,1.0,1.0,0.8963401461979826
1030,28ef9307f6035143,True,1.0,0.0,0.0,0.0,1.0,1.0,0.0
1031,07bc26f4b1735347,True,1.0,1.0,0.8751265138861186,1.0,1.0,1.0,0.9479693807858828
1032,6d540c863075575c,True,1.0,1.0,0.979131287560126,1.0,1.0,1.0,0.9913047031500525
1033,53e360156fe05050,True,1.0,1.0,0.8544321960707102,1.0,1.0,1.0,0.9393467483627959
1034,d9d93568b27e5649,True,1.0,1.0,0.9302248392049115,1.0,1.0,1.0,0.9709270163353798
1035,fd89a82cf20e5632,True,1.0,1.0,0.8376994234251898,1.0,1.0,1.0,0.9323747597604957
1036,67dff3c1993f57a5,True,1.0,1.0,0.7283635834692096,1.0,1.0,0.0,0.8868181597788373
1037,19a718729d3a5e37,True,1.0,1.0,1.0,1.0,1.0,1.0,1.0
1038,feff7ece85635a65,True,1.0,1.0,0.981856765652967,1.0,1.0,1.0,0.9924403190220695
1039,bb6cf07ad4a350f6,True,1.0,1.0,0.6993254594944507,1.0,1.0,1.0,0.8747189414560211
1040,64a8b055818c5bef,True,1.0,1.0,0.7615949402214173,1.0,1.0,1.0,0.9006645584255906
1041,b1a1b2a18fa4504f,True,1.0,1.0,0.21357609242608555,1.0,1.0,1.0,0.6723233718442024
1042,0802a51b0a1d512c,True,1.0,1.0,0.5169196132815645,1.0,1.0,1.0,0.7987165055339852
1043,eb872b2d7e7c52bf,True,1.0,1.0,1.0,1.0,1.0,1.0,1.0
1044,c7b679fb61655f22,True,1.0,1.0,1.0,1.0,1.0,1.0,1.0
1045,d4e9c2fa89c55897,True,0.0,1.0,0.0,0.0,1.0,1.0,0.0
1046,9e4c1639be465a8a,True,1.0,1.0,0.7931872800116285,1.0,1.0,1.0,0.9138280333381785
1047,514964ba4d115d35,True,1.0,0.0,0.0,1.0,1.0,1.0,0.0
1048,d497c1998ba75bb9,True,1.0,1.0,0.7084422456637166,1.0,1.0,1.0,0.878517602359882
1049,3f54d4297dc459c3,True,1.0,1.0,1.0,1.0,1.0,1.0,1.0
1050,1dcac8bb6872533b,True,1.0,1.0,0.8727161985970406,1.0,1.0,1.0,0.9469650827487669
1051,bd218550d4d35e5c,True,1.0,1.0,0.6407472895554923,1.0,1.0,1.0,0.8503113706481219
1052,91081d9b9b0452b9,True,1.0,1.0,1.0,1.0,1.0,1.0,1.0
1053,7a146021c3485224,True,1.0,1.0,1.0,1.0,1.0,1.0,1.0
1054,7e8ca7a00f83587d,True,1.0,1.0,0.7745516114947837,1.0,1.0,1.0,0.9060631714561599
1055,16c1e641b6d350b1,True,1.0,1.0,1.0,1.0,1.0,1.0,1.0
1056,94f5959417f75349,True,1.0,1.0,0.803929080377029,1.0,1.0,1.0,0.9183037834904288
1057,226f50441ff35772,True,1.0,1.0,1.0,1.0,1.0,1.0,1.0
1058,0c91824ce1e65b6e,True,1.0,1.0,0.6764936251683977,1.0,1.0,1.0,0.865205677153499
1059,89ad209b83755848,True,1.0,1.0,0.9203596346390428,1.0,1.0,1.0,0.9668165144329345
1060,184e4aef7e095f7a,True,1.0,1.0,1.0,1.0,1.0,1.0,1.0
1061,bc089c23e7f95250,True,1.0,1.0,0.9263913613580804,1.0,1.0,1.0,0.9693297338992002
1062,9c32ba9f42f75187,True,1.0,1.0,1.0,1.0,1.0,1.0,1.0
1063,6704953640e55b83,True,1.0,0.0,0.0,1.0,1.0,1.0,0.0
1064,850551ecc7a35ebf,True,1.0,1.0,1.0,1.0,1.0,1.0,1.0
1065,412e722526585e4a,True,1.0,1.0,0.8506648062823562,1.0,1.0,1.0,0.9377770026176484
1066,cbf41000a2105ca1,True,1.0,0.0,0.0,1.0,1.0,0.5,0.0
1067,d68e0b255e055d35,True,1.0,1.0,1.0,1.0,1.0,1.0,1.0
1068,2e67ddf209365112,True,1.0,1.0,0.651181266574106,1.0,1.0,1.0,0.8546588610725442
1069,2774b2c338a3500c,True,1.0,1.0,0.6415306215166433,1.0,1.0,1.0,0.8506377589652679
1070,c87dc623a8b3564d,True,1.0,1.0,0.7453779298076446,0.0,1.0,1.0,0.4772408040865186
1071,cdf6bdc01f055c77,True,1.0,1.0,0.7490791135243388,1.0,1.0,1.0,0.8954496306351412
1072,1517632ca5a8577b,True,1.0,1.0,1.0,1.0,1.0,1.0,1.0
1073,d715fbc6ea0551f8,True,1.0,0.0,0.0,1.0,1.0,1.0,0.0
1074,1379782dce4751e4,True,1.0,1.0,1.0,1.0,1.0,1.0,1.0
1075,ba69db6d6eb15ceb,True,1.0,1.0,0.6556939258967314,1.0,1.0,1.0,0.8565391357903046
1076,2567ec8e92d05eb6,True,1.0,1.0,0.9770498777742191,1.0,1.0,1.0,0.9904374490725912
1077,75f5cc1f425c501d,True,1.0,1.0,1.0,1.0,1.0,1.0,1.0
1078,2e194d0e7a675b51,True,1.0,1.0,0.8259749110705643,1.0,1.0,1.0,0.9274895462794017
1079,af2b5213e6895680,True,1.0,1.0,0.8248751698664085,1.0,1.0,1.0,0.9270313207776703
1080,53f8bc4012fe5f29,True,1.0,1.0,0.5013466485489428,1.0,1.0,1.0,0.7922277702287261
1081,b8d4a8d9b16859d4,True,1.0,1.0,0.9196627814460036,1.0,1.0,1.0,0.9665261589358348
1082,3bdecfdccc335eda,True,1.0,1.0,0.8881502683357302,1.0,1.0,1.0,0.9533959451398877
1083,c7ce79ec4bf956c4,True,1.0,1.0,0.8912107483356478,1.0,1.0,1.0,0.9546711451398533
1084,d655411faf595661,True,1.0,1.0,1.0,1.0,1.0,1.0,1.0
1085,78c1a7b545cf5592,True,1.0,1.0,1.0,1.0,1.0,1.0,1.0
1086,e8d9bf10ffc95001,True,1.0,1.0,0.8509532913586574,1.0,1.0,1.0,0.9378972047327739
1087,12c01b203ea85b41,True,1.0,1.0,0.9503140985093347,1.0,1.0,1.0,0.9792975410455561
1088,37c816fee82753e3,True,0.0,1.0,0.0,0.0,1.0,1.0,0.0
1089,c823f9a693a05d93,True,1.0,0.0,0.0,1.0,1.0,1.0,0.0
1090,82e6bac5509d5471,True,1.0,1.0,0.8479379140061034,1.0,1.0,1.0,0.9366407975025431
1091,47f29dad0bec52d2,True,1.0,0.0,0.0,1.0,1.0,1.0,0.0
1092,3c3cc389d4ee512b,True,1.0,1.0,0.9260688076659541,1.0,1.0,1.0,0.9691953365274809
1093,98a0d06140945295,True,1.0,1.0,0.9022611204389628,1.0,1.0,1.0,0.9592754668495678
1094,f5d967a1fedb5e3b,True,1.0,1.0,0.7760976385759822,1.0,1.0,1.0,0.9067073494066592
1095,e51779c52d7956bd,True,1.0,0.0,0.0,1.0,1.0,0.5,0.0
1096,54580876ee835959,True,1.0,1.0,0.8059310704686631,1.0,1.0,1.0,0.9191379460286097
1097,1647fbd477655958,True,1.0,1.0,0.7774160733295884,1.0,1.0,1.0,0.9072566972206618
1098,0b4617cb0ac15035,True,1.0,1.0,0.8483613308960677,1.0,1.0,1.0,0.9368172212066949
1099,f70c8122d2a65847,True,1.0,1.0,0.9348281880589903,1.0,1.0,1.0,0.9728450783579126
1100,83f2ecc101925a5d,True,1.0,1.0,1.0,1.0,1.0,1.0,1.0
1101,ab74b3b32d8c5006,True,1.0,1.0,0.921090226048213,1.0,1.0,1.0,0.9671209275200887
1102,815565a62f775c7c,True,1.0,1.0,0.5628610244899515,1.0,1.0,1.0,0.8178587602041464
1103,9215555823945665,True,1.0,1.0,0.9397356684221397,0.0,1.0,1.0,0.5582231951758916
1104,0a3caedd4a7c5394,True,1.0,1.0,0.9229688093968134,1.0,1.0,1.0,0.9679036705820057
1105,16aa734bed8a5f81,True,1.0,1.0,0.7607212993990421,1.0,1.0,1.0,0.9003005414162676
1106,016d6a913efa5ff1,True,1.0,1.0,0.7821225676210634,1.0,1.0,1.0,0.9092177365087765
1107,3190b058710b520b,True,1.0,1.0,0.8741450475727505,1.0,1.0,1.0,0.947560436488646
1108,3ae2ab1099d65c2a,True,1.0,1.0,0.999024200550828,1.0,1.0,1.0,0.9995934168961783
1109,9f461cae559d5e15,True,1.0,1.0,0.9139842802819135,1.0,1.0,1.0,0.9641601167841306
1110,95193473b1cb5434,True,1.0,1.0,0.8231098521458178,1.0,1.0,1.0,0.9262957717274242
1111,8954aa7e05085876,True,1.0,0.0,0.0,1.0,1.0,1.0,0.0
1112,8322121dbb82511f,True,1.0,1.0,0.8976404244618379,1.0,1.0,1.0,0.9573501768590992
1113,44f758bf2bee53ce,True,1.0,1.0,0.9218986686876302,1.0,1.0,1.0,0.9674577786198458
1114,aea962fd9c025957,True,1.0,1.0,0.7697909328612125,1.0,1.0,0.5,0.9040795553588387
1115,27a8d6913e5b557b,True,1.0,1.0,0.9612739853810794,1.0,1.0,1.0,0.9838641605754498
1116,d2853234152359b3,True,1.0,1.0,0.7277796021133939,1.0,1.0,1.0,0.886574834213914
1117,2a34f4d0aefc5039,True,1.0,1.0,0.6964971454182065,1.0,1.0,1.0,0.873540477257586
1118,9bb20085732d5f8d,True,0.0,1.0,0.0,0.0,1.0,1.0,0.0
1119,6360aa4dd01151c3,True,1.0,1.0,0.8271967243940267,1.0,1.0,1.0,0.9279986351641778
1120,b83ed953a4105ddc,True,1.0,1.0,1.0,1.0,1.0,1.0,1.0
1121,a92bb2331b0e5485,True,1.0,1.0,0.762802665197618,1.0,1.0,1.0,0.9011677771656741
1122,92135b7bae0b5259,True,1.0,1.0,0.8051542388846107,1.0,1.0,1.0,0.9188142662019212
1123,2c7e5f987d5752c7,True,0.0,1.0,0.0,0.0,1.0,1.0,0.0
1124,4c53b20bf0925c0c,True,1.0,1.0,0.8339474726271773,1.0,1.0,1.0,0.9308114469279906
1125,cfaa12a747e45fb4,True,1.0,1.0,0.696163934992632,1.0,1.0,1.0,0.8734016395802633
1126,3fb200a0fddb5c8e,True,1.0,1.0,1.0,1.0,1.0,1.0,1.0
1127,86f80cbf4c6b5e50,True,1.0,1.0,0.7536385337590561,1.0,1.0,1.0,0.8973493890662733
1128,823f87e2960853d9,True,1.0,1.0,0.08273235009223606,1.0,1.0,1.0,0.617805145871765
1129,dd282698a1cf543e,True,1.0,1.0,0.880206914862325,1.0,1.0,1.0,0.9500862145259688
1130,00c489998dd4555c,True,1.0,1.0,1.0,1.0,1.0,1.0,1.0
1131,0f186e17ed445c5a,True,1.0,1.0,0.8271049248723624,1.0,1.0,1.0,0.9279603853634844
1132,4b000a2bc6fe5305,True,1.0,1.0,0.7841191540822172,1.0,1.0,1.0,0.9100496475342572
1133,2914f532ca9e56ce,True,1.0,1.0,1.0,1.0,1.0,1.0,1.0
1134,50cf8d1fd8c250a5,True,0.0,1.0,0.0,0.0,1.0,1.0,0.0
1135,7da9641127dd514b,True,1.0,0.0,0.0,1.0,1.0,1.0,0.0
1136,e10fd359f695575f,True,1.0,1.0,0.8463258003100338,1.0,1.0,1.0,0.935969083462514
1137,ce27f725951058f3,True,1.0,1.0,1.0,1.0,1.0,1.0,1.0
1138,c296ded44f9a509a,True,1.0,0.0,0.0,1.0,1.0,1.0,0.0
1139,79ecc8e6e5fa5dd5,True,1.0,1.0,1.0,1.0,1.0,1.0,1.0
1140,47b8a869ffed5965,True,1.0,1.0,1.0,1.0,1.0,1.0,1.0
1141,58e19769184c5f43,True,1.0,1.0,1.0,1.0,1.0,1.0,1.0
1142,8d0d984d4e2a5363,True,1.0,1.0,0.6014704345504096,1.0,1.0,1.0,0.833946014396004
1143,f18158051cc457d8,True,1.0,1.0,1.0,1.0,1.0,1.0,1.0
1144,a862b4e7cbc05869,True,1.0,1.0,1.0,1.0,1.0,1.0,1.0
1145,f5ebfa68c2315d0c,True,0.0,1.0,0.0,0.0,1.0,1.0,0.0
1146,11936935515f5daa,True,1.0,1.0,1.0,1.0,1.0,1.0,1.0
1147,77ee60147e0e55b7,True,1.0,0.0,0.0,0.0,1.0,1.0,0.0
1148,83fd1c194c0c5441,True,1.0,1.0,0.7017245144775176,1.0,1.0,1.0,0.8757185476989656
1149,dfd27e2c5d7f50fb,True,1.0,1.0,0.7833178619904924,1.0,1.0,1.0,0.9097157758293718
1150,58857855de47556e,True,1.0,1.0,0.6482549079792604,1.0,1.0,1.0,0.8534395449913585
1151,07fb7a73409e53cf,True,1.0,1.0,1.0,1.0,1.0,1.0,1.0
1152,52a92230f3245182,True,1.0,1.0,0.37903361890035875,1.0,1.0,1.0,0.7412640078751496
1153,3ad6a3f7a0f155f8,True,1.0,1.0,0.5229717988000404,1.0,1.0,1.0,0.8012382495000168
1154,dfb437fd895b5e96,True,1.0,1.0,1.0,1.0,1.0,1.0,1.0
1155,c84e6787935b5483,True,1.0,1.0,0.8616936000560541,1.0,1.0,0.0,0.9423723333566892
1156,15bc35249e5656b6,True,0.5,1.0,0.4943653725648216,0.0,1.0,1.0,0.18632611928433784
1157,906ad81ffb6953a5,True,1.0,1.0,0.6697950674090825,1.0,1.0,1.0,0.8624146114204511
1158,f4af3907bb665bf7,True,1.0,1.0,1.0,1.0,1.0,1.0,1.0
1159,36610114f460541b,True,1.0,1.0,0.8696444074037561,1.0,1.0,1.0,0.945685169751565
1160,613c91adcbe55cd5,True,1.0,0.0,0.0,1.0,1.0,0.5,0.0
1161,868e70f831cb551c,True,1.0,1.0,0.6806733295258477,1.0,1.0,1.0,0.8669472206357698
1162,65e41bd322a25dd1,True,1.0,1.0,0.5798403905221096,1.0,1.0,1.0,0.8249334960508791
1163,0a91b3a6e4ae56fe,True,1.0,1.0,0.8442026373981087,1.0,1.0,1.0,0.9350844322492119
1164,60021a9f6c585c16,True,1.0,1.0,0.8653297952086747,1.0,1.0,1.0,0.943887414670281
1165,442b2cf63c6f570a,True,1.0,1.0,0.7098022161660247,1.0,1.0,1.0,0.8790842567358436
1166,8060b1342b775188,True,1.0,1.0,0.9384246050329257,1.0,1.0,1.0,0.9743435854303857
1167,c2466f5ae7a25ad8,True,1.0,0.0,0.0,1.0,1.0,1.0,0.0
1168,9be9c9c84b625515,True,1.0,1.0,0.8241388667833548,1.0,1.0,1.0,0.9267245278263978
1169,8166c5e0f62a5a19,True,1.0,1.0,0.6701120368285718,1.0,1.0,1.0,0.8625466820119049
1170,cf3b2b1199045e08,True,1.0,1.0,0.9036216857069007,1.0,1.0,1.0,0.959842369044542
1171,2d0517c112625a09,True,1.0,1.0,0.9858163498035313,1.0,1.0,1.0,0.9940901457514714
1172,e343f38ae86a57fd,True,1.0,1.0,1.0,1.0,1.0,1.0,1.0
1173,ba63a9cd4e3f5129,True,1.0,0.0,0.0,1.0,1.0,1.0,0.0
1174,563fd35940785c61,True,1.0,1.0,0.8695638188473847,1.0,1.0,1.0,0.9456515911864103
1175,308908fd6d9a5631,True,1.0,1.0,0.6506270152894817,1.0,1.0,1.0,0.8544279230372841
1176,29b743b5bdd1527e,True,1.0,1.0,0.6842755698850455,1.0,1.0,1.0,0.8684481541187689
1177,93092fbeb57f5e9a,True,0.5,0.0,0.0,0.0,1.0,0.5,0.0
1178,3f67051b121a5e43,True,1.0,1.0,0.8591515516458837,1.0,1.0,1.0,0.9413131465191182
1179,2a12546539045e5b,True,1.0,1.0,1.0,1.0,1.0,1.0,1.0
1180,e56402797d665711,True,1.0,0.0,0.0,1.0,1.0,1.0,0.0
1181,871164a7e40652b5,True,1.0,1.0,0.767865716748686,1.0,1.0,1.0,0.9032773819786192
1182,8a8bf2275db85432,True,1.0,1.0,0.7164630890266863,1.0,1.0,1.0,0.881859620427786
1183,835d02f9df8d5117,True,1.0,1.0,1.0,1.0,1.0,1.0,1.0
1184,dc145331696d5400,True,1.0,1.0,1.0,1.0,1.0,1.0,1.0
1185,ed534c3b8d86515e,True,1.0,1.0,0.854502341287808,1.0,1.0,1.0,0.9393759755365867
1186,50dac69523a15131,True,1.0,1.0,1.0,1.0,1.0,1.0,1.0
1187,b4aeb4bbd9035964,True,1.0,1.0,1.0,1.0,1.0,1.0,1.0
1188,92bbb17b853a5aa2,True,1.0,1.0,1.0,1.0,1.0,1.0,1.0
1189,01f2481a8cfc5803,True,1.0,1.0,0.8956253895964262,1.0,1.0,1.0,0.956510578998511
1190,517530489c455086,True,1.0,1.0,0.8547779940922183,1.0,1.0,1.0,0.9394908308717577
1191,11e7fdeb883b5381,True,1.0,1.0,0.5782165460749417,1.0,1.0,1.0,0.8242568941978924
1192,016d8cf09d875f57,True,1.0,1.0,0.7835995252550044,1.0,1.0,1.0,0.9098331355229186
1193,ea408ea92ea9549b,True,1.0,0.0,0.0,1.0,1.0,1.0,0.0
1194,dddf76663455527f,True,1.0,1.0,0.9621387227873127,1.0,1.0,1.0,0.9842244678280471
1195,49365bdfac13581d,True,1.0,1.0,0.9411612978863262,1.0,1.0,1.0,0.9754838741193025
1196,b989e46aae3a5332,True,1.0,1.0,1.0,1.0,1.0,1.0,1.0
1197,771c4e378bef58e4,True,1.0,1.0,1.0,1.0,1.0,1.0,1.0
1198,6a8087fb9f3e5751,True,1.0,1.0,0.813902860048981,1.0,1.0,1.0,0.9224595250204087
1199,c6ad08c8eca55275,True,1.0,1.0,0.9272019179035492,1.0,1.0,1.0,0.9696674657931456
1200,2564ab331db05cb9,True,1.0,1.0,1.0,1.0,1.0,1.0,1.0
1201,193b39b2ec4f53af,True,1.0,1.0,0.9064304674732987,1.0,1.0,1.0,0.9610126947805412
1202,9284ea4dbd0c52ff,True,1.0,1.0,0.8072467114754432,1.0,1.0,1.0,0.9196861297814346
1203,09832085301555df,True,1.0,1.0,1.0,1.0,1.0,1.0,1.0
1204,6e944f00e04c5f1c,True,1.0,1.0,0.8219055404578337,1.0,1.0,1.0,0.9257939751907641
1205,2e1835a7c6445310,True,1.0,1.0,0.9362891594593774,1.0,1.0,1.0,0.9734538164414074
1206,f2280f25f98852c0,True,1.0,1.0,0.813404748728084,1.0,1.0,1.0,0.9222519786367016
1207,d151becf4b395f13,True,1.0,1.0,1.0,1.0,1.0,1.0,1.0
1208,52dac3f651ae5950,True,1.0,1.0,0.8171139195531121,1.0,1.0,1.0,0.9237974664804632
1209,233cd84fc1c35f3f,True,1.0,1.0,0.8365936527729406,1.0,1.0,1.0,0.9319140219887253
1210,e3194cb3328b512f,True,1.0,1.0,1.0,1.0,1.0,1.0,1.0
1211,1486e66f72ee562f,True,1.0,1.0,0.6295928973010424,1.0,1.0,1.0,0.8456637072087677
1212,20728d3e677b593d,True,0.0,0.0,0.0,0.0,1.0,1.0,0.0
1213,50a5b2cbb4515594,True,1.0,1.0,0.7007744842589751,1.0,1.0,1.0,0.8753227017745729
1214,d858b7c7e6105207,True,1.0,1.0,0.8500970728468197,1.0,1.0,1.0,0.9375404470195082
1215,ab8034dd8873524b,True,1.0,1.0,0.8748056573501243,1.0,1.0,1.0,0.9478356905625519
1216,2ccb0b6871c9515c,True,1.0,1.0,0.9297518301806347,1.0,1.0,1.0,0.9707299292419312
1217,a1ac8820c36e51c3,True,1.0,1.0,1.0,1.0,1.0,1.0,1.0
1218,85185d3ba8b35890,True,1.0,1.0,1.0,1.0,1.0,1.0,1.0
1219,2942d4fb604d5b5f,True,1.0,1.0,1.0,0.0,1.0,1.0,0.5833333333333334
1220,7eaba7fa332d55cd,True,1.0,1.0,0.7867787831967804,1.0,1.0,1.0,0.9111578263319918
1221,33f9db8342475213,True,1.0,1.0,0.7336660105871273,1.0,1.0,1.0,0.8890275044113031
1222,e073c9ed32975c17,True,1.0,1.0,0.9253508790201913,1.0,1.0,1.0,0.9688961995917463
1223,253adcf13a3f5c15,True,1.0,1.0,1.0,1.0,1.0,1.0,1.0
1224,e34d17f003a052f5,True,1.0,0.0,0.0,1.0,1.0,1.0,0.0
1225,67fee242b1a35834,True,1.0,1.0,0.7823382330144255,1.0,1.0,1.0,0.9093075970893439
1226,93574a28917b5395,True,1.0,1.0,0.7368645733933741,1.0,1.0,1.0,0.8903602389139058
1227,71adcc94aa6856a6,True,1.0,1.0,0.16237444089577402,1.0,1.0,1.0,0.6509893503732392
1228,dbd898b3533f5ac5,True,0.0,1.0,0.0,0.0,1.0,1.0,0.0
1229,d360ce59cdc15efc,True,1.0,0.0,0.0,1.0,1.0,1.0,0.0
1230,baa0c0c3397d5ed5,True,1.0,1.0,0.8676652470649077,1.0,1.0,1.0,0.9448605196103781
1231,9c0b17fc7987544e,True,1.0,1.0,0.7481393423083826,1.0,1.0,1.0,0.8950580592951595
1232,5be85314d55654f1,True,1.0,1.0,1.0,1.0,1.0,1.0,1.0
1233,b83f5bd6726e5996,True,1.0,1.0,0.9446783162920461,1.0,1.0,1.0,0.9769492984550192
1234,1bc892186af15042,True,1.0,0.0,0.0,1.0,1.0,1.0,0.0
1235,603d4a913f315a41,True,1.0,1.0,1.0,1.0,1.0,1.0,1.0
1236,bf23bdc36a8050f5,True,1.0,0.0,0.0,1.0,1.0,1.0,0.0
1237,6c7142e6f9435ab6,True,1.0,1.0,1.0,1.0,1.0,1.0,1.0
1238,f9f4354a1d12565d,True,1.0,1.0,1.0,1.0,1.0,1.0,1.0
1239,78c26c7e63c3534c,True,1.0,1.0,0.3892145498621381,1.0,1.0,1.0,0.7455060624425576
1240,f33405d075755825,True,1.0,1.0,0.5392807726104968,1.0,1.0,1.0,0.8080336552543738
1241,882a63bc231e5987,True,1.0,1.0,1.0,0.0,1.0,1.0,0.5833333333333334
1242,66ba432a760c586c,True,1.0,1.0,0.7726485551176022,1.0,1.0,1.0,0.905270231299001
1243,95448c5ace9e5a22,True,1.0,1.0,1.0,1.0,1.0,1.0,1.0
1244,209069959e1d5531,True,1.0,1.0,0.8100366259051861,1.0,1.0,1.0,0.9208485941271608
1245,b72042b4093250c8,True,1.0,1.0,1.0,1.0,1.0,1.0,1.0
1246,082988f40658562c,True,1.0,1.0,0.7545955100623696,1.0,1.0,1.0,0.8977481291926539
1247,68513836ad24543b,True,1.0,1.0,1.0,1.0,1.0,1.0,1.0
1248,969198fbd19d59b1,True,1.0,1.0,0.7636962210815267,1.0,1.0,1.0,0.9015400921173028
1249,3de31c78c86c52b7,True,1.0,1.0,0.9333155278929223,1.0,1.0,1.0,0.9722148032887176
1250,fd391501d37752ba,True,1.0,1.0,1.0,1.0,1.0,1.0,1.0
1251,2a6936d84bda531f,True,1.0,1.0,1.0,1.0,1.0,1.0,1.0
1252,490463fd7e9e5769,True,1.0,0.0,0.0,1.0,1.0,1.0,0.0
1253,c460ec097ed958a2,True,1.0,1.0,1.0,1.0,1.0,1.0,1.0
1254,4ef621a8318b5085,True,1.0,1.0,0.9907154103345582,1.0,1.0,1.0,0.9961314209727327
1255,08e8092f5e66571f,True,1.0,1.0,0.8047629073057713,1.0,1.0,1.0,0.9186512113774047
1256,f2695c7680505b79,True,1.0,1.0,0.9456542237636595,1.0,1.0,1.0,0.9773559265681916
1257,0924309bada05ea6,True,1.0,1.0,0.8051191648868757,1.0,1.0,1.0,0.9187996520361983
1258,15165972946050eb,True,1.0,1.0,0.8998790278588116,1.0,1.0,1.0,0.9582829282745049
1259,9b4cfcda4a755b05,True,1.0,1.0,0.7479375055292895,1.0,1.0,1.0,0.8949739606372039
1260,192220ae5c0a54a6,True,1.0,1.0,1.0,1.0,1.0,1.0,1.0
1261,099ff4835ee45eb6,True,1.0,1.0,0.9757089524117784,1.0,1.0,1.0,0.9898787301715744
1262,a03faf9254a55468,True,1.0,1.0,0.917431492704205,1.0,1.0,1.0,0.9655964552934186
1263,844da9644e225af5,True,1.0,1.0,0.961954245417743,1.0,1.0,1.0,0.984147602257393
1264,2352aa62dbbe58d2,True,1.0,0.0,0.0,1.0,1.0,1.0,0.0
1265,d4358e3962b758ce,True,1.0,1.0,0.8062588981543602,1.0,1.0,1.0,0.91927454089765
1266,0a5780be84565110,True,1.0,1.0,1.0,1.0,1.0,1.0,1.0
1267,d64b2da8ffb65c16,True,1.0,1.0,0.9622353725649494,1.0,1.0,0.5,0.984264738568729
1268,9952eefa82585b83,True,1.0,1.0,0.9077505368573129,1.0,1.0,1.0,0.961562723690547
1269,84aa4100e3cc59c4,True,1.0,1.0,0.6019150066725824,1.0,1.0,1.0,0.8341312527802427
1270,6280a12d79b4518a,True,1.0,1.0,0.9847287381820672,1.0,1.0,1.0,0.993636974242528
1271,18a85f2812b45525,True,1.0,1.0,1.0,1.0,1.0,1.0,1.0
1272,d2cac33c80f45434,True,1.0,1.0,1.0,1.0,1.0,1.0,1.0
1273,43a759f57b1d51e4,True,1.0,1.0,0.8045472566291062,1.0,1.0,1.0,0.9185613569287941
1274,75c7777c6f415535,True,1.0,0.0,0.0,1.0,1.0,1.0,0.0
1275,2a7b12a784c351c3,True,1.0,0.0,0.0,1.0,1.0,0.5,0.0
1276,2150cda2905d51ca,True,1.0,0.0,0.0,1.0,1.0,1.0,0.0
1277,12f5053055935463,True,1.0,1.0,1.0,1.0,1.0,1.0,1.0
1278,3b0c5c39455b5d00,True,1.0,1.0,0.7633917878164043,1.0,1.0,1.0,0.9014132449235017
1279,d5d0d0797e4a5d5b,True,0.0,1.0,0.0,1.0,1.0,1.0,0.0
1280,dd6f3d80501c5026,True,0.5,0.0,0.0,0.0,1.0,0.0,0.0
1281,52248a6939af5fd6,True,1.0,1.0,0.8054957971802887,1.0,1.0,1.0,0.9189565821584535
1282,c74dd20cc31755b0,True,1.0,1.0,0.920315235608533,1.0,1.0,1.0,0.9667980148368888
1283,4e7cd1f8ab6353ff,True,1.0,1.0,0.8162802394196479,1.0,1.0,1.0,0.9234500997581866
1284,b0b850e74a1e5bc7,True,0.0,1.0,0.0,0.0,1.0,1.0,0.0
1285,2d88ea430674513d,True,1.0,1.0,0.6229218191300011,1.0,1.0,1.0,0.8428840913041671
1286,0497454a0d735bc1,True,1.0,1.0,0.6949300983596661,1.0,1.0,1.0,0.8728875409831942
1287,5361459e4c1b5899,True,1.0,1.0,0.9553824519853596,1.0,1.0,1.0,0.9814093549938999
1288,06eaba80b0bf50f0,True,1.0,1.0,1.0,1.0,1.0,1.0,1.0
1289,abb9477dd3305951,True,1.0,1.0,1.0,0.0,1.0,1.0,0.5833333333333334
1290,0cf1a04807e1505b,True,1.0,1.0,1.0,1.0,1.0,1.0,1.0
1291,61b6aabef76153af,True,1.0,1.0,0.9095065832813802,1.0,1.0,1.0,0.9622944097005751
1292,6fb754e903985d44,True,1.0,0.0,0.0,1.0,1.0,1.0,0.0
1293,59b5e5a171965609,True,1.0,1.0,0.8937240795091862,1.0,1.0,1.0,0.9557183664621608
1294,cac5deee337257e1,True,1.0,0.0,0.0,1.0,1.0,0.5,0.0
1295,de03efda68e65021,True,1.0,0.0,0.0,1.0,1.0,1.0,0.0
1296,43a4f01072795345,True,1.0,1.0,1.0,1.0,1.0,1.0,1.0
1297,6a3518e83ad751f6,True,1.0,1.0,1.0,1.0,1.0,1.0,1.0
1298,5b7d7e1a42c95cd7,True,1.0,1.0,1.0,1.0,1.0,1.0,1.0
1299,d551f73a1e4251aa,True,1.0,1.0,0.7813402612230652,1.0,1.0,0.5,0.9088917755096105
1300,975c802f6f175888,True,1.0,1.0,0.8587396772136531,1.0,1.0,1.0,0.9411415321723554
1301,492a64b807da5cfb,True,1.0,0.0,0.0,1.0,1.0,1.0,0.0
1302,88fb8b083a2d56c7,True,1.0,1.0,1.0,1.0,1.0,1.0,1.0
1303,aaf9003e92855b6c,True,1.0,1.0,0.8638963537072744,1.0,1.0,1.0,0.943290147378031
1304,5e96a7620956567a,True,1.0,1.0,0.9102896616491101,1.0,1.0,1.0,0.9626206923537959
1305,db5d96563dcb5427,True,1.0,1.0,1.0,1.0,1.0,1.0,1.0
1306,d14f03fdfc1d5d54,True,1.0,1.0,0.8563447683234359,1.0,1.0,1.0,0.9401436534680983
1307,58ba738c8dd15d55,True,1.0,1.0,0.9083082104150062,1.0,1.0,1.0,0.9617950876729192
1308,c2cf3991e2e65486,True,1.0,1.0,1.0,1.0,1.0,1.0,1.0
1309,5a7acfd6f26553f9,True,1.0,1.0,1.0,1.0,1.0,1.0,1.0
1310,e59fd69b1be85258,True,1.0,1.0,0.7534987218209958,1.0,1.0,1.0,0.8972911340920815
1311,a681a147f3375cac,True,1.0,1.0,0.8707049077033584,1.0,1.0,1.0,0.9461270448763993
1312,227d62f5dfd95624,True,1.0,1.0,1.0,1.0,1.0,0.5,1.0
1313,dd182f5d47495d7f,True,1.0,1.0,0.8270233668252519,1.0,1.0,1.0,0.927926402843855
1314,beee170c9d8159ad,True,1.0,1.0,0.6691627688014603,1.0,1.0,0.5,0.8621511536672751
1315,08977ce458945f04,True,1.0,1.0,0.960643854632619,1.0,1.0,1.0,0.9836016060969245
1316,46c94b5d7c89561c,True,1.0,1.0,0.857855623941208,1.0,1.0,1.0,0.94077317664217
1317,0f71d72c3b415be6,True,1.0,1.0,0.6505495503885966,1.0,1.0,1.0,0.8543956459952486
1318,efe0cf18491855e6,True,0.5,0.0,0.0,0.0,1.0,1.0,0.0
1319,b5674c9c6c735d57,True,1.0,1.0,0.914042098367996,1.0,1.0,1.0,0.9641842076533317
1320,9e0633fbdeac55bb,True,1.0,1.0,0.8793709369556703,1.0,1.0,1.0,0.9497378903981959
1321,5d004fb36ca95fa0,True,1.0,0.0,0.0,1.0,1.0,1.0,0.0
1322,01f3a4a21dc2582f,True,1.0,1.0,0.6163352415777072,1.0,1.0,0.5,0.8401396839907114
1323,5d87c059eba15807,True,1.0,0.0,0.0,1.0,1.0,1.0,0.0
1324,dc472958283b57cc,True,1.0,1.0,0.9922995489289762,1.0,1.0,1.0,0.9967914787204067
1325,64d046ec9cee51d4,True,1.0,1.0,0.6481388379865771,1.0,1.0,1.0,0.853391182494407
1326,4e60581353585fdc,True,1.0,1.0,0.4824583755793344,1.0,1.0,1.0,0.7843576564913893
1327,ca7c752bcdfa5e4d,True,1.0,1.0,1.0,1.0,1.0,1.0,1.0
1328,24f29711e1a05cb5,True,1.0,1.0,1.0,1.0,1.0,1.0,1.0
1329,c678ab21b707538f,True,1.0,1.0,0.815222220269783,1.0,1.0,1.0,0.9230092584457429
1330,7b2f3235b4cb5374,True,1.0,1.0,0.6488582814882033,1.0,1.0,1.0,0.8536909506200847
1331,92e3a80a8f775ce2,True,1.0,1.0,0.638682761994744,1.0,1.0,1.0,0.8494511508311433
1332,fb43d35afc375bb2,True,1.0,1.0,1.0,1.0,1.0,1.0,1.0
1333,7d296a6ef0955155,True,1.0,1.0,0.9349900766782764,1.0,1.0,1.0,0.9729125319492818
1334,5b4cbfe57b9b524b,True,1.0,1.0,0.7968917493753026,1.0,1.0,1.0,0.9153715622397094
1335,23f0187033d658d9,True,1.0,1.0,0.9944078916732515,1.0,1.0,1.0,0.9976699548638548
1336,f9cfac7b9f30506d,True,1.0,1.0,0.8101691371608651,1.0,1.0,0.5,0.9209038071503605
1337,55e7ff380d7e5491,True,1.0,1.0,1.0,1.0,1.0,1.0,1.0
1338,eaba7fd433c45e20,True,1.0,1.0,0.994813630876604,1.0,1.0,1.0,0.9978390128652516
1339,d3193f2f5983500f,True,1.0,1.0,0.7654599504955547,1.0,1.0,1.0,0.9022749793731478
1340,314f25442fd753b4,True,1.0,1.0,0.5932160605585339,1.0,1.0,1.0,0.8305066918993891
1341,0ceeda78f4745942,True,1.0,1.0,0.7319216096657257,1.0,1.0,1.0,0.8883006706940524
1342,7288ac3781fd51a8,True,1.0,1.0,1.0,1.0,1.0,1.0,1.0
1343,254dee7f5f1f5f17,True,1.0,1.0,0.7806762031682952,1.0,1.0,1.0,0.9086150846534563
1344,8f8ccbd6ffcb54b9,True,1.0,1.0,0.8137781220803165,0.0,1.0,1.0,0.5057408842001319
1345,7effab69ce785772,True,1.0,1.0,1.0,1.0,1.0,1.0,1.0
1346,bd1e37aab1c7530f,True,1.0,1.0,1.0,0.0,1.0,1.0,0.5833333333333334
1347,85c5f81a8dec5628,True,1.0,1.0,0.9579522314085356,1.0,1.0,1.0,0.9824800964202232
1348,afa37504b1da59bf,True,1.0,1.0,1.0,1.0,1.0,1.0,1.0
1349,790e0f5c7fce5627,True,1.0,1.0,1.0,0.0,1.0,1.0,0.5833333333333334
1350,bbde51f27b4455c2,True,1.0,1.0,0.8109668336924981,1.0,1.0,1.0,0.9212361807052076
1351,43c3a96bede25b1c,True,1.0,1.0,0.3355680089317105,1.0,1.0,0.5,0.7231533370548794
1352,4299796c2c845718,True,1.0,1.0,0.7793463983448338,1.0,1.0,1.0,0.9080609993103473
1353,dd2d7e23754e58d3,True,1.0,0.0,0.0,1.0,1.0,1.0,0.0
1354,5f88affe449253a9,True,1.0,1.0,0.8881308953251108,1.0,1.0,1.0,0.9533878730521295
1355,9ed85925d375504b,True,1.0,1.0,1.0,1.0,1.0,1.0,1.0
1356,3328705b7cf0517a,True,1.0,1.0,0.7529120611201126,1.0,1.0,1.0,0.8970466921333803
1357,b9013028b5d45eee,True,1.0,1.0,0.10454180460914238,1.0,1.0,1.0,0.6268924185871426
1358,b2eba34ff4c359cc,True,1.0,1.0,0.9428136659097189,1.0,1.0,1.0,0.9761723607957163
1359,e7d1f889fc4d5309,True,1.0,1.0,1.0,1.0,1.0,1.0,1.0
1360,3ece2b5bbf095290,True,1.0,1.0,0.8120321513309376,1.0,1.0,1.0,0.9216800630545574
1361,326bf8cbf6375f03,True,1.0,1.0,1.0,1.0,0.0,0.5,0.8333333333333334
1362,d8bbb945380d5d78,True,1.0,1.0,1.0,1.0,1.0,1.0,1.0
1363,ccb2ae93b23b5826,True,1.0,1.0,0.7795745920643581,1.0,1.0,1.0,0.9081560800268159
1364,21cef59c18245d4c,True,1.0,1.0,1.0,1.0,1.0,1.0,1.0
1365,a15d7c93c85e5505,True,1.0,1.0,0.8945885752303147,1.0,1.0,1.0,0.9560785730126312
1366,60a62673dd78534c,True,1.0,1.0,0.8004892630654633,1.0,1.0,1.0,0.9168705262772763
1367,77761cd0edf15867,True,1.0,1.0,1.0,1.0,1.0,1.0,1.0
1368,973043f273bc5940,True,1.0,1.0,0.8667032284752203,1.0,1.0,1.0,0.9444596785313418
1369,301f483843535f89,True,1.0,1.0,1.0,1.0,1.0,1.0,1.0
1370,ebe1b48a47f356a4,True,1.0,1.0,0.7919989510371255,1.0,1.0,1.0,0.913332896265469
1371,2efcd18376fb51b7,True,1.0,1.0,0.5711759463250808,1.0,1.0,1.0,0.8213233109687836
1372,43e42cf1a2175b88,True,1.0,1.0,0.8625744625625775,1.0,1.0,1.0,0.9427393594010739
1373,a18d2b32f8415373,True,1.0,1.0,0.5512309179907798,1.0,1.0,1.0,0.8130128824961583
1374,2fdb40cf92e75107,True,1.0,1.0,0.9334363622374076,1.0,1.0,1.0,0.9722651509322532
1375,0d145fab90475c8f,True,1.0,1.0,0.816323353307069,1.0,1.0,1.0,0.9234680638779453
1376,c0be0cb86f2c5cf1,True,1.0,1.0,0.8617607521377773,1.0,1.0,1.0,0.9424003133907405
1377,73c897c7de1454af,True,1.0,1.0,0.6201249835297856,1.0,1.0,1.0,0.8417187431374108
1378,36a7254be1af5120,True,1.0,1.0,0.9397789886987591,1.0,1.0,1.0,0.9749079119578162
1379,9f191d1313c95362,True,1.0,1.0,1.0,1.0,1.0,1.0,1.0
1380,447650d1d57c58b7,True,1.0,1.0,0.6560965754244776,1.0,1.0,1.0,0.8567069064268656
1381,566bd5e6d09153e0,True,1.0,1.0,1.0,1.0,1.0,1.0,1.0
1382,dd6549a070e25b02,True,1.0,1.0,0.8572360463881996,1.0,1.0,1.0,0.9405150193284165
1383,69dec5959d7d53a9,True,1.0,1.0,0.5486969876152568,1.0,1.0,1.0,0.8119570781730236
1384,8a46ac0d50d4505e,True,1.0,1.0,0.34730962683306643,1.0,1.0,1.0,0.728045677847111
1385,9f105aba36355fe1,True,1.0,1.0,0.81921183629954,1.0,1.0,1.0,0.9246715984581417
1386,0033fc4b187a5f1f,True,1.0,1.0,0.877561596740184,1.0,1.0,1.0,0.9489839986417433
1387,4dd4ae3362325296,True,1.0,1.0,1.0,1.0,1.0,1.0,1.0
1388,b1f641fdea505c99,True,1.0,1.0,0.9497761716833724,1.0,1.0,1.0,0.9790734048680717
1389,c932b69d2fed5f3c,True,1.0,1.0,0.859214606430022,1.0,1.0,1.0,0.9413394193458425
1390,4b4c7883539d5eb9,True,1.0,1.0,1.0,1.0,1.0,1.0,1.0
1391,551ce60633b65fd0,True,1.0,1.0,0.8814393521873048,1.0,1.0,1.0,0.9505997300780438
1392,f12f96257dce5e91,True,1.0,1.0,0.6932687886989782,1.0,1.0,1.0,0.8721953286245743
1393,cbc996c2f68c541c,True,1.0,1.0,0.7708689453399253,1.0,1.0,1.0,0.9045287272249688
1394,f313a28be30f5bd8,True,1.0,1.0,0.7782545835545631,1.0,1.0,1.0,0.9076060764810681
1395,16e4bd114af157a4,True,1.0,1.0,1.0,1.0,1.0,1.0,1.0
1396,d91edafc567a5fcc,True,1.0,1.0,0.8395314221861532,1.0,1.0,1.0,0.9331380925775639
1397,a175a8b7f4c55cf6,True,1.0,1.0,0.8092082220640363,1.0,1.0,1.0,0.9205034258600152
1398,b61a73309da75ac3,True,1.0,1.0,0.901005329735281,1.0,1.0,1.0,0.9587522207230338
1399,4b6b5bac92ae5f56,True,1.0,1.0,0.7092308895500897,1.0,1.0,1.0,0.8788462039792041
1400,6adef8f2b0795473,True,1.0,1.0,0.927904442364141,0.0,1.0,1.0,0.5532935176517254
1401,14618f22bb605676,True,1.0,1.0,0.8879394751611729,1.0,1.0,1.0,0.9533081146504886
1402,98042465f30c589d,True,1.0,1.0,1.0,1.0,1.0,1.0,1.0
1403,ceea7304846852b9,True,1.0,1.0,0.8153210478609895,1.0,1.0,1.0,0.9230504366087455
1404,54169f6efe825b79,True,1.0,1.0,1.0,1.0,1.0,1.0,1.0
1405,1b25edea36205814,True,1.0,1.0,0.48382894247870617,1.0,1.0,1.0,0.7849287260327943
1406,702b40dba11550ae,True,1.0,1.0,0.749464277616454,1.0,1.0,1.0,0.8956101156735224
1407,ac24fb00e61a5da2,True,1.0,1.0,0.8258391034813567,1.0,1.0,1.0,0.9274329597838986
1408,d14ccafb937a543a,True,1.0,1.0,0.7328788644240286,1.0,1.0,1.0,0.8886995268433453
1409,151436bbacb858b5,True,1.0,1.0,1.0,1.0,1.0,1.0,1.0
1410,a87eceb632f253c7,True,1.0,1.0,0.7936486462145269,1.0,1.0,1.0,0.9140202692560528
1411,da6d3b6810995466,True,1.0,0.0,0.0,1.0,1.0,1.0,0.0
1412,e3ddabf456b155a9,True,1.0,1.0,0.9020436204077515,1.0,1.0,1.0,0.9591848418365632
1413,1eade5af9ee65696,True,1.0,0.0,0.0,1.0,1.0,1.0,0.0
1414,1028df4fc9055ed8,True,1.0,1.0,0.8804520755842751,1.0,1.0,1.0,0.9501883648267814
1415,c6ef6a6fcd2c5466,True,1.0,1.0,0.9674130957821896,1.0,1.0,1.0,0.9864221232425789
1416,2fb759c52be35681,True,1.0,1.0,0.8476488346616359,1.0,1.0,1.0,0.9365203477756815
1417,ac2046c2652451fc,True,1.0,1.0,0.9238003565016385,1.0,1.0,1.0,0.9682501485423494
1418,a41bdf91223654f7,True,1.0,0.0,0.0,1.0,1.0,1.0,0.0
1419,d484aff53cd1589f,True,1.0,1.0,1.0,1.0,1.0,1.0,1.0
1420,c8b9b19008605f76,True,1.0,1.0,0.8371832452145224,1.0,1.0,1.0,0.932159685506051
1421,1d1dde59c417522f,True,1.0,1.0,0.820300939833598,1.0,1.0,1.0,0.9251253915973324
1422,de41a196a12e56d0,True,1.0,1.0,1.0,1.0,1.0,1.0,1.0
1423,3fb1b622b5e155cc,True,1.0,1.0,1.0,1.0,1.0,1.0,1.0
1424,7e9f20074e1b5e68,True,1.0,1.0,0.8858674197634951,1.0,1.0,1.0,0.9524447582347896
1425,9320c42b53b052f0,True,1.0,1.0,0.9221389397382752,1.0,1.0,1.0,0.9675578915576146
1426,5cb436b6276f59ae,True,1.0,1.0,1.0,0.0,1.0,1.0,0.5833333333333334
1427,ebd940b0039e5cd1,True,1.0,1.0,1.0,1.0,1.0,1.0,1.0
1428,5474ade2411457f3,True,1.0,1.0,1.0,1.0,1.0,1.0,1.0
1429,3af98cdf0bc35f44,True,1.0,1.0,0.6428247242259051,1.0,1.0,1.0,0.8511769684274605
1430,aed9613a27115d52,True,1.0,1.0,1.0,1.0,1.0,1.0,1.0
1431,5cfbf7afa66458c3,True,1.0,1.0,1.0,1.0,1.0,1.0,1.0
1432,6a5a73243cbe5f1d,True,1.0,1.0,1.0,1.0,1.0,1.0,1.0
1433,542304e2baf25357,True,1.0,1.0,0.9720326074435309,1.0,1.0,1.0,0.9883469197681379
1434,dca6a613dc2c5051,True,1.0,1.0,0.7200692998247293,1.0,1.0,1.0,0.8833622082603038
1435,3a243db0d1d15fcf,True,1.0,1.0,0.7907949238995308,1.0,1.0,1.0,0.9128312182914712
1436,d81e608168615b51,True,1.0,1.0,1.0,1.0,1.0,1.0,1.0
1437,d68ae36caae15586,True,1.0,1.0,0.8316935297108067,1.0,1.0,1.0,0.9298723040461695
1438,055c41d3c8e75bdc,True,1.0,1.0,0.8416806715839106,1.0,1.0,1.0,0.9340336131599628
1439,5b0d99a97ff55fa5,True,1.0,1.0,1.0,1.0,1.0,1.0,1.0
1440,585a681f4ad95682,True,1.0,1.0,0.9338966770842867,1.0,1.0,1.0,0.9724569487851195
1441,a25711b4fdcc50df,True,1.0,1.0,1.0,1.0,1.0,1.0,1.0
1442,66e75a9c2da75db6,True,1.0,1.0,0.8739956051677065,1.0,1.0,1.0,0.9474981688198777
1443,53b9b277e6305400,True,1.0,1.0,0.8493963555996826,1.0,1.0,1.0,0.9372484814998678
1444,c33832506a165cd3,True,1.0,1.0,0.7414311990438778,1.0,1.0,1.0,0.8922629996016157
1445,4196ab00e95e532d,True,1.0,1.0,1.0,1.0,1.0,1.0,1.0
1446,6162cfa976a1521f,True,1.0,1.0,1.0,1.0,1.0,1.0,1.0
1447,28f3ee6207ae50d6,True,1.0,1.0,0.822499127077441,1.0,1.0,1.0,0.9260413029489337
1448,1b301e5f9ede59d7,True,1.0,0.0,0.0,1.0,1.0,1.0,0.0
1449,af4a7d40819b5870,True,1.0,1.0,1.0,0.0,1.0,1.0,0.5833333333333334
1450,c41c11cf85b751e2,True,1.0,1.0,0.8384727691282565,1.0,1.0,1.0,0.9326969871367735
1451,45c3a52706c555df,True,1.0,1.0,0.7367576018981172,1.0,1.0,1.0,0.8903156674575489
1452,e377a0a97c895d9c,True,1.0,0.0,0.0,1.0,1.0,1.0,0.0
1453,72928620ac2a55a0,True,1.0,1.0,1.0,0.0,1.0,1.0,0.5833333333333334
1454,dac84d4f931e54ab,True,0.5,0.0,0.0,0.0,1.0,0.5,0.0
1455,523ab1ffcace56f6,True,1.0,1.0,0.9648151190756104,1.0,1.0,1.0,0.985339632948171
1456,324f93888ec35bb2,True,1.0,1.0,0.7783568572354903,1.0,1.0,1.0,0.9076486905147876
1457,9b0f5a2f65e45867,True,1.0,0.0,0.0,1.0,1.0,0.0,0.0
1458,e058b97f439c51c7,True,1.0,1.0,1.0,1.0,1.0,1.0,1.0
1459,26eeb11cbcd9593b,True,1.0,1.0,0.923946850831986,1.0,1.0,1.0,0.9683111878466608
1460,2601ffe0d2a056be,True,1.0,1.0,1.0,1.0,1.0,1.0,1.0
1461,4b563d8a22145ed6,True,1.0,1.0,1.0,1.0,1.0,1.0,1.0
1462,18b76ccc45d25f5c,True,1.0,1.0,0.8551654214044515,1.0,1.0,0.0,0.9396522589185214
1463,e1540b19efec5d97,True,1.0,1.0,0.7669075666269733,1.0,1.0,1.0,0.902878152761239
1464,c16d549602375cc0,True,1.0,1.0,0.8685770596698992,1.0,1.0,1.0,0.9452404415291248
1465,6316ea076a0e597f,True,0.0,1.0,0.0,0.0,1.0,0.0,0.0
1466,f2909a9ad9cb552e,True,1.0,1.0,0.42062502205045244,1.0,1.0,1.0,0.7585937591876886
1467,0e7f0228aa865b5c,True,1.0,1.0,1.0,1.0,1.0,1.0,1.0
1468,8c384d60912b5f73,True,1.0,1.0,0.7067659377319611,1.0,1.0,1.0,0.8778191407216505
1469,2462c21ce2bb5f2d,True,1.0,0.0,0.0,1.0,1.0,0.0,0.0
1470,4f099d4882445433,True,1.0,1.0,1.0,1.0,1.0,1.0,1.0
1471,11cadec88a8e547d,True,1.0,1.0,0.7459975552907634,1.0,1.0,1.0,0.8941656480378182
1472,f1106b0f8f745eae,True,1.0,1.0,0.8067295839652414,1.0,1.0,1.0,0.9194706599855174
1473,d89e9c599cf5571b,True,1.0,1.0,0.8739711019062647,1.0,1.0,1.0,0.9474879591276103
1474,3cf9c200e3485696,True,1.0,1.0,0.660020855579372,1.0,0.0,1.0,0.691675356491405
1475,efbd7ea4d97c5cb9,True,1.0,1.0,0.9571404157735625,1.0,1.0,1.0,0.9821418399056511
1476,8693307093e0553b,True,1.0,1.0,0.6827139228207593,1.0,1.0,1.0,0.867797467841983
1477,7ac6ec682a515136,True,1.0,1.0,1.0,1.0,1.0,0.5,1.0
1478,0122ce98b2735558,True,1.0,0.0,0.0,1.0,1.0,1.0,0.0
1479,48ef77409741520d,True,1.0,1.0,0.9412850793833198,1.0,1.0,1.0,0.9755354497430501
1480,35e4b04bab1058d5,True,1.0,1.0,0.8222061792144318,1.0,1.0,1.0,0.9259192413393466
1481,eeee7091fa995250,True,1.0,1.0,0.8125401646140158,1.0,1.0,1.0,0.9218917352558399
1482,419ff14e34c45d7f,True,1.0,1.0,0.8089325058356522,1.0,1.0,1.0,0.9203885440981884
1483,7c7e92d50f92564b,True,1.0,1.0,0.8549873132643312,1.0,1.0,1.0,0.9395780471934714
1484,f93c0db62e075508,True,1.0,1.0,0.6742430267432249,1.0,1.0,1.0,0.864267927809677
1485,bbf8fd8a87565e05,True,1.0,1.0,1.0,1.0,1.0,1.0,1.0
1486,a8a72fb28dc6592b,True,1.0,0.0,0.0,1.0,1.0,1.0,0.0
1487,c41d82a41da35d8d,True,1.0,0.0,0.0,1.0,1.0,1.0,0.0
1488,b97a9b788ef8540c,True,1.0,1.0,0.7896225460199076,1.0,1.0,1.0,0.9123427275082948
1489,afb6f330e8665731,True,1.0,0.0,0.0,1.0,1.0,1.0,0.0
1490,9cd4479e1a9355a1,True,1.0,1.0,1.0,1.0,1.0,1.0,1.0
1491,2cce988d410654e2,True,1.0,1.0,1.0,1.0,1.0,1.0,1.0
1492,3d17efc5625f5c4f,True,1.0,1.0,0.8113530670938344,1.0,1.0,1.0,0.9213971112890977
1493,aa41c7c6037e5950,True,1.0,1.0,0.6220544033906269,1.0,1.0,1.0,0.8425226680794279
1494,f47841466d835000,True,1.0,1.0,1.0,1.0,1.0,1.0,1.0
1495,e941bb5a630f58ae,True,1.0,1.0,1.0,1.0,1.0,1.0,1.0
1496,eb0a89861a32518e,True,1.0,1.0,0.9883984243976759,1.0,1.0,1.0,0.9951660101656983
1497,52bffad1e6895ff1,True,1.0,0.0,0.0,1.0,1.0,1.0,0.0
1498,02f1ad081f41550e,True,0.0,1.0,0.0,1.0,1.0,1.0,0.0
1499,dac744da64d35664,True,1.0,1.0,0.8314109625201102,1.0,1.0,1.0,0.9297545677167126
1500,2e7d8157798851f3,True,1.0,1.0,0.738624257891503,1.0,1.0,1.0,0.8910934407881262
1501,e6fd7389cbfb5943,True,0.0,0.0,0.0,0.0,1.0,1.0,0.0
1502,515b2946ba2457b5,True,1.0,1.0,0.30222389855520576,1.0,1.0,1.0,0.7092599577313358
1503,c77bcde9378b551c,True,1.0,1.0,0.8920227560884425,1.0,1.0,0.5,0.9550094817035178
1504,fa0f2e54ad7259b0,True,1.0,1.0,0.9641275724537636,1.0,1.0,1.0,0.9850531551890681
1505,3cd95c48caa05aaa,True,1.0,1.0,0.6421086506532774,1.0,1.0,0.0,0.8508786044388655
1506,72a9c8aa9d1a580c,True,1.0,1.0,0.8948076965587196,1.0,1.0,1.0,0.9561698735661333
1507,814c6b482fd850ab,True,1.0,1.0,0.9619696954964321,1.0,1.0,1.0,0.9841540397901799
1508,85da27c3381e5e63,True,1.0,1.0,1.0,1.0,1.0,1.0,1.0
1509,1786ef7edac65502,True,1.0,1.0,0.19610612783802592,1.0,1.0,1.0,0.6650442199325108
1510,961138ed0ca9525b,True,1.0,1.0,0.9162991901179798,1.0,1.0,1.0,0.9651246625491582
1511,14c2bb3737ab519c,True,1.0,1.0,0.604889623847696,1.0,1.0,1.0,0.8353706766032066
1512,9d213c7b9ab4550d,True,1.0,1.0,0.9201241764182738,1.0,1.0,1.0,0.9667184068409475
1513,5c8f6ebe705d5013,True,1.0,1.0,1.0,1.0,1.0,1.0,1.0
1514,8b7722d516e553ba,True,0.0,1.0,0.0,0.0,1.0,0.0,0.0
1515,b8b9e355618b58cd,True,1.0,1.0,0.7156457269177325,1.0,1.0,1.0,0.8815190528823885
1516,1f248c6b5f2f5234,True,1.0,1.0,1.0,1.0,1.0,1.0,1.0
1517,8e9d920cd8595185,True,1.0,1.0,0.8284801330324705,1.0,1.0,1.0,0.9285333887635293
1518,690efce01f2054a7,True,1.0,1.0,0.7998588301868744,1.0,1.0,1.0,0.9166078459111976
1519,79bb6b3243f151a6,True,1.0,1.0,0.4521762536351991,1.0,1.0,1.0,0.771740105681333
1520,fdba4d15c05554e1,True,1.0,1.0,0.9041441949526691,1.0,1.0,1.0,0.9600600812302789
1521,575317389c085760,True,1.0,1.0,0.6430630689137729,1.0,1.0,0.5,0.8512762787140721
1522,cbc6f9e782c950ad,True,0.0,1.0,0.0,0.0,1.0,1.0,0.0
1523,82521f61cf965167,True,1.0,1.0,0.7750935342681564,1.0,1.0,1.0,0.9062889726117319
1524,fec541917e3f5029,True,1.0,1.0,0.656443296863116,1.0,1.0,1.0,0.8568513736929649
1525,bc253d8424935910,True,1.0,1.0,0.9366914272184504,1.0,1.0,1.0,0.9736214280076876
1526,4d50c69f430850a0,True,1.0,1.0,1.0,1.0,1.0,1.0,1.0
1527,098c8aa8816b5805,True,0.0,1.0,0.0,0.0,1.0,0.5,0.0
1528,34a6eb93916e5962,True,1.0,1.0,0.9584751401839507,1.0,1.0,0.5,0.9826979750766461
1529,850fd96a46b25445,True,1.0,1.0,0.8656619170978731,1.0,1.0,1.0,0.9440257987907804
1530,7684ff2627555f4e,True,1.0,1.0,0.9977065177295906,1.0,1.0,1.0,0.9990443823873294
1531,cfc12b02334c5a15,True,1.0,1.0,0.8349736270399211,1.0,1.0,1.0,0.9312390112666339
1532,598d8ce13c2e5452,True,1.0,1.0,0.9670262399276974,1.0,1.0,1.0,0.9862609333032073
1533,20ae5f5df50a5865,True,1.0,1.0,0.8208706845835583,1.0,1.0,1.0,0.9253627852431493
1534,ffcbf5f098625d83,True,1.0,1.0,0.6219575638492199,1.0,1.0,1.0,0.8424823182705082
1535,4db50b60ca1f57f1,True,1.0,1.0,0.8714807124314767,0.0,1.0,1.0,0.5297836301797819
1536,9a8acc75f4c05ace,True,1.0,1.0,0.7514480522163483,1.0,1.0,1.0,0.8964366884234783
1537,0beacadfbc4553ea,True,1.0,0.0,0.0,1.0,1.0,0.5,0.0
1538,6840e07af4275492,True,1.0,1.0,0.9788054320624314,1.0,1.0,1.0,0.991168930026013
1539,0b66f76610bc5f63,True,0.0,0.0,0.0,0.0,1.0,0.5,0.0
1540,11b9e3f204815f4a,True,1.0,1.0,1.0,1.0,0.0,0.5,0.8333333333333334
1541,cd9db9ad41d35989,True,1.0,1.0,0.9466753074899602,0.0,1.0,1.0,0.56111471145415
1542,f9d9a2a2e2d25a8c,True,1.0,1.0,0.6942050450119851,1.0,1.0,1.0,0.8725854354216604
1543,9bbdfa78ebc85eec,True,1.0,1.0,1.0,0.0,1.0,1.0,0.5833333333333334
1544,d0afb786443a5659,True,1.0,1.0,0.775872811881482,1.0,1.0,1.0,0.9066136716172842
1545,c538fa98187053d8,True,1.0,1.0,1.0,1.0,1.0,1.0,1.0
1546,eb74b3c99b175bc1,True,1.0,1.0,0.9059199102643324,1.0,1.0,1.0,0.9607999626101386
1547,2f9b9537ea1c5018,True,1.0,1.0,0.8999562885145389,1.0,1.0,1.0,0.9583151202143911
1548,a760f4373fd751e4,True,1.0,1.0,0.799102467556646,1.0,1.0,1.0,0.9162926948152692
1549,7bb715f6c245555e,True,1.0,1.0,0.27113941556447674,1.0,1.0,1.0,0.696308089818532
1550,6b580c6ff00b511f,True,1.0,0.0,0.0,1.0,1.0,1.0,0.0
1551,a071167fdae35f84,True,1.0,1.0,0.9261374478381037,1.0,1.0,1.0,0.9692239365992098
1552,584d2d7503175ef5,True,1.0,1.0,1.0,0.0,1.0,1.0,0.5833333333333334
1553,07dd30b182de5fa5,True,1.0,1.0,0.5955430834074481,1.0,1.0,1.0,0.8314762847531033
1554,96587a61c6c05d71,True,1.0,0.0,0.0,1.0,1.0,0.0,0.0
1555,cf9b7b96f5a057d0,True,1.0,1.0,0.5053839785131025,1.0,1.0,1.0,0.793909991047126
1556,761985c4330555f2,True,1.0,1.0,0.9486296280983542,1.0,1.0,1.0,0.9785956783743143
1557,7c33d9bd65e956e1,True,1.0,1.0,1.0,1.0,1.0,1.0,1.0
1558,81e7354de4e35a97,True,1.0,1.0,0.7273993706537663,1.0,1.0,1.0,0.8864164044390693
1559,893455c02e16508b,True,1.0,1.0,0.9447043734547449,1.0,1.0,1.0,0.9769601556061437
1560,b6247a5245a5554f,True,1.0,0.0,0.0,0.0,1.0,1.0,0.0
1561,36d7d1e453cf5158,True,1.0,1.0,1.0,1.0,1.0,1.0,1.0
1562,0e6cae45fdd5536b,True,1.0,1.0,0.21084403045595645,1.0,1.0,1.0,0.6711850126899819
1563,83d8368f99cb5470,True,1.0,1.0,0.6916366716648507,1.0,1.0,1.0,0.8715152798603545
1564,0a571473239f5c89,True,1.0,1.0,0.9378570973006426,1.0,1.0,1.0,0.9741071238752678
1565,50142143082f5c0e,True,1.0,1.0,1.0,1.0,1.0,1.0,1.0
1566,295b050f45615ad6,True,1.0,0.0,0.0,0.0,1.0,1.0,0.0
1567,9bafc41b5ee0547c,True,1.0,1.0,1.0,1.0,1.0,1.0,1.0
1568,eed801b1cd035275,True,1.0,1.0,1.0,1.0,1.0,1.0,1.0
1569,e87ffda7f5655c3c,True,1.0,1.0,0.9018408611666451,1.0,1.0,1.0,0.9591003588194355
1570,635eb3ecbf415418,True,1.0,1.0,0.8999400432872583,1.0,1.0,1.0,0.958308351369691
1571,9a38ba16ae8d57be,True,1.0,1.0,1.0,1.0,1.0,1.0,1.0
1572,985e562ded345da4,True,1.0,1.0,1.0,1.0,1.0,1.0,1.0
1573,7a9225f5c4355f92,True,1.0,1.0,0.9862194803762934,1.0,1.0,1.0,0.9942581168234556
1574,34c872c16eb0577c,True,1.0,1.0,1.0,1.0,1.0,1.0,1.0
1575,e4007492f3d55374,True,1.0,1.0,0.9790205672801665,1.0,1.0,1.0,0.9912585697000694
1576,60a560bfff6f528b,True,1.0,0.0,0.0,1.0,1.0,1.0,0.0
1577,68559679a9bd5d3c,True,1.0,1.0,0.8284320904506046,1.0,1.0,0.5,0.9285133710210852
1578,a3e0421d08d25e5b,True,1.0,1.0,0.6522183613833279,1.0,1.0,1.0,0.8550909839097199
1579,8afbc18a03e2572f,True,0.0,0.0,0.0,0.0,1.0,0.0,0.0
1580,fe5bd33f199d5a64,True,1.0,1.0,0.8637551242198123,1.0,1.0,1.0,0.9432313017582551
1581,669bad5f20bd5256,True,1.0,1.0,0.8455680105062469,1.0,1.0,1.0,0.9356533377109363
1582,fa5edfd430ba550d,True,1.0,1.0,0.7650481662495483,1.0,1.0,1.0,0.9021034026039785
1583,33b5a72931215b30,True,1.0,1.0,1.0,1.0,1.0,1.0,1.0
1584,5d7c7edca69d5e73,True,0.0,1.0,0.0,0.0,1.0,0.0,0.0
1585,e61e8cbd0df957f0,True,1.0,1.0,1.0,1.0,1.0,1.0,1.0
1586,33bfb486ff965e4b,True,1.0,1.0,1.0,1.0,1.0,1.0,1.0
1587,b11eb5c328075b94,True,1.0,1.0,0.7045788662655196,1.0,1.0,1.0,0.8769078609439664
1588,b197862351735b60,True,1.0,1.0,0.9657797832193878,1.0,1.0,1.0,0.9857415763414116
1589,4de864abe4f255bd,True,1.0,1.0,0.9755183328833323,1.0,1.0,1.0,0.9897993053680553
1590,551cf39c34f75b25,True,1.0,1.0,0.676688259398183,1.0,1.0,1.0,0.8652867747492429
1591,2d2b781181f156dc,True,1.0,0.0,0.0,1.0,1.0,1.0,0.0
1592,ca18572aeb9755ba,True,1.0,1.0,0.5951288811506,1.0,1.0,1.0,0.8313037004794167
1593,5ad18b7f7b2a52c7,True,1.0,1.0,1.0,1.0,1.0,1.0,1.0
1594,f23d4a49b1c753bc,True,1.0,1.0,0.8429515820316129,1.0,1.0,1.0,0.9345631591798388
1595,922b13fe723c505a,True,1.0,0.0,0.0,1.0,1.0,1.0,0.0
1596,13fcb47bb63951e7,True,1.0,1.0,0.5364908532499585,1.0,1.0,1.0,0.8068711888541493
1597,90dbd48d165958cc,True,1.0,1.0,0.9239717927860917,1.0,1.0,1.0,0.9683215803275381
1598,c55b4a959c2d5b8e,True,1.0,1.0,1.0,1.0,1.0,1.0,1.0
1599,44699d8556a1519e,True,1.0,1.0,0.7364276924436284,1.0,1.0,1.0,0.8901782051848451
1600,d8acd89d5cc95e9a,True,1.0,1.0,0.9326294987865742,1.0,1.0,1.0,0.9719289578277394
1601,1afdce6720e45022,True,1.0,0.0,0.0,1.0,1.0,0.5,0.0
1602,fcbc81e3caa75186,True,1.0,0.0,0.0,1.0,1.0,0.0,0.0
1603,326a8c0625d856cc,True,1.0,1.0,0.6916208961117554,1.0,1.0,1.0,0.8715087067132314
1604,7956fe13f69e53dc,True,1.0,1.0,0.8551249423472639,1.0,1.0,1.0,0.9396353926446933
1605,cb163ff9424a5aee,True,1.0,1.0,1.0,1.0,1.0,1.0,1.0
1606,2653ecf542e259fc,True,1.0,1.0,1.0,1.0,1.0,1.0,1.0
1607,e6206364da5b51f3,True,1.0,1.0,1.0,1.0,1.0,1.0,1.0
1608,ba7553f511f653b3,True,1.0,1.0,0.5335294789201473,1.0,1.0,1.0,0.8056372828833948
1609,0614c017a1f65b80,True,1.0,0.0,0.0,1.0,1.0,0.5,0.0
1610,a5be642219735a49,True,1.0,1.0,0.9073440552764642,1.0,1.0,1.0,0.9613933563651935
1611,32399e644e53534a,True,1.0,1.0,0.5970962648739755,1.0,1.0,1.0,0.8321234436974899
1612,3e1c321be4295fc7,True,1.0,0.0,0.0,1.0,1.0,1.0,0.0
1613,5005f44bd2135f3b,True,1.0,0.0,0.0,0.0,1.0,0.0,0.0
1614,54220704df92547d,True,1.0,1.0,0.9361026535131548,1.0,1.0,1.0,0.9733761056304813
1615,87b8587f94c5549a,True,1.0,1.0,1.0,1.0,1.0,1.0,1.0
1616,2d24100bcb1e57e2,True,1.0,1.0,1.0,1.0,1.0,1.0,1.0
1617,a1592a3b82bb5060,True,1.0,1.0,1.0,1.0,1.0,1.0,1.0
1618,70f72122f1605fa1,True,1.0,1.0,0.816783787330497,1.0,1.0,1.0,0.923659911387707
1619,690e07e19bf55c7c,True,1.0,1.0,0.730720211208127,1.0,1.0,1.0,0.8878000880033863
1620,47d7aecedea25a0b,True,1.0,1.0,0.9434716757091819,1.0,1.0,1.0,0.9764465315454925
1621,3256f37c21915104,True,1.0,1.0,1.0,1.0,1.0,1.0,1.0
1622,2c9ea4fc0e8e5ef2,True,1.0,1.0,0.9761703955698099,1.0,1.0,1.0,0.9900709981540875
1623,398b056b300955e1,True,1.0,1.0,1.0,1.0,1.0,1.0,1.0
1624,334c241ababf57ae,True,1.0,1.0,0.9453186822082167,1.0,1.0,1.0,0.977216117586757
1625,4cb4fba2908b5dbb,True,1.0,1.0,0.9509534696650459,1.0,1.0,1.0,0.9795639456937691
1626,38b3c670b2ad55c7,True,1.0,1.0,0.8435430906066459,1.0,1.0,1.0,0.9348096210861024
1627,507c91dd2444555e,True,1.0,1.0,0.7838358743186219,1.0,1.0,1.0,0.9099316142994258
1628,112cdade50865f4e,True,1.0,1.0,0.7414440118703639,1.0,1.0,1.0,0.8922683382793183
1629,a7ce8d99f16150ac,True,1.0,1.0,0.7766275793926624,1.0,1.0,1.0,0.906928158080276
1630,2360cd7b0fd85480,True,1.0,1.0,1.0,1.0,1.0,1.0,1.0
1631,1b471d7f756a5c7f,True,1.0,1.0,1.0,1.0,1.0,1.0,1.0
1632,90ed1fb3861c56d7,True,1.0,1.0,1.0,1.0,1.0,1.0,1.0
1633,c06773e2267b568e,True,1.0,1.0,0.8666618776247568,1.0,1.0,1.0,0.9444424490103153
1634,ea4d19ff25ac52f6,True,1.0,1.0,1.0,0.0,1.0,1.0,0.5833333333333334
1635,6e5a14ce293c5ae8,True,1.0,1.0,1.0,1.0,1.0,1.0,1.0
1636,f71e5dcd9df85d97,True,1.0,0.0,0.0,0.0,1.0,0.0,0.0
1637,17c882b28a195c3d,True,1.0,1.0,0.6462146549126605,1.0,1.0,1.0,0.8525894395469419
1638,e9799c219eb25a48,True,1.0,1.0,1.0,1.0,1.0,1.0,1.0
1639,94500c64b0e457bb,True,1.0,1.0,0.9079975446290192,1.0,1.0,1.0,0.9616656435954246
1640,991972800a895109,True,1.0,1.0,1.0,1.0,1.0,1.0,1.0
1641,4a6ab6e35934543a,True,1.0,1.0,1.0,1.0,1.0,1.0,1.0
1642,ee380d59f0f450c6,True,1.0,1.0,0.8308157075926947,1.0,1.0,1.0,0.9295065448302896
1643,40e9f6044a485b14,True,1.0,1.0,1.0,1.0,1.0,0.5,1.0
1644,940becbbb9d05594,True,1.0,1.0,1.0,1.0,1.0,1.0,1.0
1645,695cc61845975896,True,1.0,1.0,1.0,1.0,1.0,1.0,1.0
1646,49454db3d9ef54a1,True,1.0,1.0,0.7453579900642281,1.0,1.0,1.0,0.8938991625267617
1647,79ea7fb311c4574a,True,1.0,1.0,0.8465509731174942,1.0,1.0,1.0,0.9360629054656225
1648,c20397c103e65d12,True,1.0,0.0,0.0,1.0,1.0,1.0,0.0
1649,b4d40a7532c05cd0,True,1.0,1.0,0.557851671941786,1.0,1.0,1.0,0.8157715299757441
1650,e04d45a55abd5fd5,True,1.0,1.0,1.0,1.0,1.0,1.0,1.0
1651,b20a2f0ea9135457,True,1.0,1.0,0.8518441791634135,1.0,1.0,1.0,0.9382684079847556
1652,f001f00535065622,True,1.0,1.0,0.9239227018964866,0.0,1.0,1.0,0.5516344591235361
1653,ae312bf769445e43,True,1.0,0.0,0.0,1.0,1.0,1.0,0.0
1654,a425dd8a1b5552db,True,1.0,0.0,0.0,1.0,1.0,1.0,0.0
1655,a0b0528663735dbd,True,1.0,1.0,1.0,1.0,1.0,1.0,1.0
1656,015593741e7050f7,True,1.0,1.0,0.7073833640965018,1.0,1.0,1.0,0.8780764017068758
1657,e13e38532130514b,True,1.0,1.0,1.0,1.0,1.0,1.0,1.0
1658,d6daa3b927f45168,True,1.0,1.0,1.0,1.0,1.0,1.0,1.0
1659,003ead1914c051d7,True,1.0,1.0,0.8701110171834585,1.0,1.0,1.0,0.9458795904931078
1660,9164913b818a58b1,True,0.0,1.0,0.0,0.0,1.0,1.0,0.0
1661,2e6dbcea86d555f4,True,1.0,0.0,0.0,1.0,1.0,0.5,0.0
1662,8cd8d1a23e4351f8,True,1.0,1.0,1.0,1.0,1.0,1.0,1.0
1663,78cfb731b49c5aed,True,1.0,1.0,0.8228392767851278,1.0,1.0,1.0,0.9261830319938033
1664,dac176e7b40c5671,True,1.0,1.0,0.7942174911953225,1.0,1.0,1.0,0.914257287998051
1665,23d71fb39b0456f5,True,1.0,0.0,0.0,0.0,1.0,1.0,0.0
1666,69e3344606a55c73,True,1.0,1.0,1.0,1.0,1.0,1.0,1.0
1667,af7ef7050e425cb9,True,0.0,1.0,0.0,0.0,1.0,1.0,0.0
1668,fb4a03d7f9395b9a,True,1.0,1.0,0.7497901093610503,1.0,1.0,1.0,0.8957458789004376
1669,72781f1cbd405769,True,1.0,1.0,0.5295000648463573,1.0,1.0,1.0,0.8039583603526488
1670,64859d25f1b555dd,True,1.0,1.0,0.8315504428986942,1.0,1.0,1.0,0.9298126845411225
1671,a2652d512cf35d1e,True,1.0,1.0,0.7730049160383229,1.0,1.0,1.0,0.9054187150159678
1672,6af6e8242e045406,True,1.0,1.0,0.8758706256359003,1.0,1.0,1.0,0.9482794273482918
1673,ee88f3dfa73a5f65,True,1.0,1.0,1.0,1.0,1.0,1.0,1.0
1674,330e7ebc96d05251,True,1.0,1.0,0.9482978032894227,1.0,1.0,1.0,0.9784574180372595
1675,447e7b334e165460,True,1.0,1.0,0.9580821703003727,1.0,1.0,1.0,0.9825342376251553
1676,aa22b810e3395182,True,1.0,1.0,0.88909867015969,1.0,1.0,1.0,0.9537911125665376
1677,38878741cbee5e88,True,1.0,0.0,0.0,1.0,1.0,0.0,0.0
1678,d08c7fa247395729,True,1.0,1.0,0.9964106863909362,1.0,1.0,1.0,0.9985044526628902
1679,c6281b21b9015448,True,1.0,1.0,0.5432008004103077,1.0,1.0,1.0,0.8096670001709615
1680,1b5521472b795718,True,0.0,1.0,0.0,0.0,1.0,1.0,0.0
1681,c8dc1e0c85f75036,True,1.0,1.0,1.0,1.0,1.0,1.0,1.0
1682,c5ae8b49dc6b54f6,True,1.0,1.0,0.8805327111579452,1.0,1.0,1.0,0.9502219629824772
1683,e727c1d090125d64,True,1.0,1.0,1.0,1.0,1.0,1.0,1.0
1684,045044cb9f21527e,True,1.0,1.0,0.8599676192963909,1.0,1.0,1.0,0.9416531747068295
1685,3e42abec9c495419,True,1.0,1.0,0.9224229101007992,1.0,1.0,1.0,0.9676762125419996
1686,6a947d290fe257ce,True,1.0,1.0,0.8482098907630994,1.0,1.0,1.0,0.9367541211512913
1687,1a4d88c3ccc6586d,True,1.0,1.0,0.8936892176473269,1.0,1.0,1.0,0.9557038406863861
1688,171e0bea742d52d0,True,1.0,1.0,0.9350006925352267,1.0,1.0,1.0,0.9729169552230111
1689,93a5e1de2d185374,True,1.0,1.0,1.0,1.0,1.0,1.0,1.0
1690,f55fd99d0cd65b58,True,1.0,0.0,0.0,1.0,1.0,1.0,0.0
1691,3265e31c65705a5f,True,1.0,1.0,1.0,1.0,1.0,1.0,1.0
1692,5e2b839cccb95921,True,1.0,1.0,0.9829618520736864,1.0,1.0,0.5,0.9929007716973693
1693,c8649af783035c0f,True,1.0,1.0,0.6810368755661168,1.0,1.0,1.0,0.8670986981525486
1694,5ce3b2260be35a1e,True,1.0,1.0,1.0,1.0,1.0,1.0,1.0
1695,eb0095eae628560d,True,1.0,1.0,0.9805615258468006,1.0,1.0,1.0,0.9919006357695003
1696,07b814bfc2fb565d,True,1.0,0.0,0.0,1.0,1.0,0.5,0.0
1697,9c26c2cea984590f,True,1.0,1.0,0.9854451676830432,1.0,1.0,1.0,0.9939354865346014
1698,b66db24cee7957a2,True,1.0,1.0,0.8211998889538229,1.0,1.0,1.0,0.9254999537307596
1699,6e6d55e69a6a5d18,True,1.0,1.0,0.5476195119060748,1.0,1.0,1.0,0.8115081299608645
1700,bdf99b84030a5a0f,True,1.0,1.0,0.923535048117157,1.0,1.0,1.0,0.9681396033821489
1701,befdd4140e4252e5,True,1.0,1.0,1.0,1.0,1.0,1.0,1.0
1702,93ca181d363358eb,True,1.0,1.0,0.7194672420928967,1.0,1.0,1.0,0.8831113508720403
1703,a76f3192f58250c2,True,1.0,1.0,0.876820798292439,1.0,1.0,1.0,0.9486753326218494
1704,b899b71cf6c95ff2,True,1.0,1.0,0.866001424274675,1.0,1.0,1.0,0.9441672601144478
1705,f18efb3a137b529a,True,1.0,1.0,0.7749132241414494,1.0,1.0,1.0,0.9062138433922705
1706,9a1762340f11542c,True,1.0,1.0,0.9158064383229989,1.0,1.0,1.0,0.9649193493012497
1707,8c4218fc392a52be,True,1.0,1.0,1.0,1.0,1.0,1.0,1.0
1708,e6e99834855a5f10,True,1.0,1.0,0.7272526802717055,1.0,1.0,1.0,0.886355283446544
1709,a294ae1045875e02,True,1.0,1.0,0.9243223780577049,1.0,1.0,1.0,0.9684676575240436
1710,0a746c037a905da7,True,1.0,1.0,0.7984310668023289,1.0,1.0,1.0,0.9160129445009705
1711,0185fc1c73c759a7,True,1.0,1.0,1.0,1.0,1.0,1.0,1.0
1712,0578756b879c55d0,True,1.0,1.0,0.15535224258658256,1.0,1.0,1.0,0.6480634344110761
1713,31960634eefb5d47,True,1.0,1.0,0.8119442239660107,1.0,1.0,1.0,0.9216434266525045
1714,826112ca75e750af,True,1.0,1.0,0.718205218233264,1.0,1.0,1.0,0.8825855075971933
1715,60c9aabf696a5756,True,1.0,1.0,1.0,1.0,1.0,1.0,1.0
1716,79d3720b23b6533e,True,1.0,1.0,0.7760227318020484,1.0,1.0,1.0,0.9066761382508535
1717,62aefe5efb00563f,True,1.0,1.0,0.9258379472734944,1.0,1.0,1.0,0.9690991446972893
1718,49d0c7d110f15c0e,True,1.0,1.0,0.7354044644940546,1.0,1.0,1.0,0.8897518602058562
1719,80ae852346955098,True,1.0,0.0,0.0,1.0,1.0,1.0,0.0
1720,17ea7a2cc29957fa,True,1.0,1.0,1.0,1.0,1.0,1.0,1.0
1721,bd0f9349cc1053a3,True,1.0,1.0,1.0,1.0,1.0,1.0,1.0
1722,1fedc5971443588d,True,1.0,1.0,0.9255234313260708,1.0,1.0,1.0,0.9689680963858628
1723,6dca7faa6d145d77,True,1.0,1.0,0.9078319135065547,1.0,1.0,1.0,0.9615966306277312
1724,4203da2e7a8b518d,True,1.0,1.0,0.8068193413402813,1.0,1.0,1.0,0.9195080588917839
1725,0c5feb2794e9579c,True,1.0,1.0,0.6739916179339206,1.0,1.0,1.0,0.8641631741391335
1726,f38d4f3f7e425c91,True,1.0,1.0,0.43578092818344516,1.0,1.0,1.0,0.7649087200764355
1727,9bbf6e2211fb56d9,True,1.0,1.0,1.0,1.0,1.0,1.0,1.0
1728,597f506bb5fd5a83,True,1.0,1.0,1.0,1.0,1.0,1.0,1.0
1729,4f466c389dce58e4,True,1.0,0.0,0.0,1.0,1.0,1.0,0.0
1730,dbff1141343a5736,True,1.0,1.0,0.8860444873944241,1.0,1.0,1.0,0.9525185364143433
1731,27cf243155ac526c,True,1.0,1.0,0.6926684014336049,1.0,1.0,1.0,0.871945167264002
1732,0d63314a528159c9,True,1.0,1.0,0.7644795149933705,1.0,1.0,1.0,0.9018664645805711
1733,c1f91d06e8285351,True,1.0,1.0,0.7018432194645342,1.0,1.0,1.0,0.8757680081102226
1734,003a1fdca9505c09,True,1.0,0.0,0.0,1.0,1.0,1.0,0.0
1735,c2ddfc9b18815c97,True,1.0,1.0,0.7669463763369816,1.0,1.0,1.0,0.9028943234737423
1736,25b719c231d85e56,True,1.0,1.0,0.9748968910930732,1.0,1.0,1.0,0.9895403712887805
1737,499f1df141b05d36,True,1.0,1.0,0.7215511750525482,1.0,1.0,1.0,0.8839796562718951
1738,360b5fec28655626,True,1.0,1.0,0.9287394573141607,1.0,1.0,0.5,0.9703081072142337
1739,ea57966419605846,True,1.0,1.0,0.7552337958011177,1.0,1.0,1.0,0.8980140815837991
1740,f5c6f00966f152ec,True,1.0,1.0,0.7110281768393442,1.0,1.0,1.0,0.8795950736830601
1741,27d74807a89a5268,True,1.0,1.0,1.0,1.0,1.0,1.0,1.0
1742,12821eee232458b8,True,1.0,1.0,0.784634644189605,1.0,1.0,1.0,0.9102644350790022
1743,47c8c3903f245f96,True,1.0,1.0,1.0,1.0,1.0,1.0,1.0
1744,a7d3e71b8ca456a9,True,0.0,1.0,0.0,0.0,1.0,1.0,0.0
1745,170ea72e455e5e57,True,1.0,1.0,1.0,1.0,1.0,1.0,1.0
1746,7a6d3719323a5188,True,1.0,0.0,0.0,1.0,1.0,1.0,0.0
1747,533c27383d335f4f,True,1.0,0.0,0.0,1.0,1.0,0.5,0.0
1748,d9bb15db6f025acb,True,1.0,1.0,0.7830694032608001,1.0,1.0,1.0,0.9096122513586667
1749,2cc526803c3250c9,True,1.0,1.0,0.8780356412203595,1.0,1.0,1.0,0.9491815171751498
1750,1709553afe405eb4,True,1.0,1.0,1.0,0.0,1.0,1.0,0.5833333333333334
1751,f99992756cbb5adb,True,1.0,1.0,0.6324134135190457,1.0,0.0,1.0,0.6801722556329356
1752,7fb88e704c1a5cca,True,1.0,1.0,1.0,0.0,1.0,0.0,0.5833333333333334
1753,6e7339e7dc70532a,True,1.0,1.0,1.0,1.0,1.0,1.0,1.0
1754,de7b87d6624754cf,True,1.0,1.0,0.9006712430597367,1.0,1.0,1.0,0.958613017941557
1755,be0064dac5f85957,True,1.0,1.0,0.7897440745324105,1.0,1.0,1.0,0.9123933643885044
1756,562019740aeb5d7e,True,1.0,1.0,1.0,1.0,1.0,1.0,1.0
1757,d6f66c51d98a5db6,True,1.0,1.0,0.9010579454671644,1.0,1.0,1.0,0.9587741439446518
1758,225eb6e22af55972,True,1.0,1.0,1.0,1.0,1.0,1.0,1.0
1759,1ff00d6929bb5569,True,1.0,1.0,0.9739252751843684,1.0,1.0,1.0,0.9891355313268203
1760,ef97c6e9f11b59a7,True,1.0,1.0,0.543199825845499,1.0,1.0,1.0,0.8096665941022912
1761,770c714d82535180,True,0.5,1.0,0.4782011158907789,0.0,1.0,1.0,0.18295856581057893
1762,a1e689b17ca65053,True,1.0,0.0,0.0,1.0,1.0,0.0,0.0
1763,e758a9ddb8a85469,True,1.0,1.0,1.0,1.0,1.0,1.0,1.0
1764,0f6d159f5f0c52d0,True,1.0,1.0,0.8951420238891308,1.0,1.0,1.0,0.9563091766204712
1765,f17ee11904385731,True,1.0,1.0,0.8294880562147321,1.0,1.0,1.0,0.9289533567561383
1766,ead04653ed0c5545,True,1.0,1.0,1.0,1.0,1.0,1.0,1.0
1767,ce516bdfc6e45d5b,True,1.0,1.0,0.9510102894849056,1.0,1.0,1.0,0.9795876206187106
1768,eb1315c4860c5189,True,1.0,0.0,0.0,1.0,1.0,0.0,0.0
1769,ba13a6004a0c5f8d,True,1.0,0.0,0.0,1.0,1.0,1.0,0.0
1770,1bea55e75a9b593b,True,1.0,1.0,0.8386512596131289,1.0,1.0,1.0,0.9327713581721371
1771,c16d0c6076ab5a85,True,1.0,1.0,1.0,1.0,1.0,1.0,1.0
1772,01a58976a2e45a3d,True,1.0,1.0,1.0,1.0,1.0,1.0,1.0
1773,a479822714c6558b,True,1.0,1.0,0.6896808681561566,1.0,1.0,1.0,0.8707003617317319
1774,7d6a50d3acb55383,True,1.0,1.0,0.9339105052911706,1.0,1.0,1.0,0.9724627105379877
1775,48f6a3bdc0bf5d64,True,1.0,1.0,1.0,1.0,1.0,1.0,1.0
1776,5feede5c5a3c5116,True,0.5,0.0,0.0,0.0,1.0,1.0,0.0
1777,21d65485fa3c55e7,True,1.0,0.0,0.0,1.0,1.0,1.0,0.0
1778,29b6c8cc1e055352,True,1.0,1.0,0.6395708747864067,1.0,1.0,1.0,0.8498211978276694
1779,b2f5adcdf3dd5227,True,1.0,1.0,1.0,1.0,1.0,1.0,1.0
1780,15454d7562d45fe6,True,1.0,1.0,0.8543611229542987,1.0,1.0,1.0,0.9393171345642911
1781,581e219460ef5789,True,1.0,1.0,0.8649639335644809,1.0,1.0,1.0,0.9437349723185336
1782,ec7125e961205a2d,True,1.0,1.0,0.9520466045236157,1.0,1.0,1.0,0.9800194185515064
1783,9e290b24dff55dff,True,1.0,1.0,0.6467672042040921,1.0,1.0,1.0,0.8528196684183716
1784,4b0be4847dd45b5c,True,1.0,1.0,0.6443878943137337,1.0,1.0,1.0,0.851828289297389
1785,223d02be29c65e81,True,1.0,1.0,0.9060876555139569,1.0,1.0,1.0,0.9608698564641487
1786,eb527d130d8d5e33,True,1.0,1.0,0.8527751713372936,1.0,1.0,1.0,0.938656321390539
1787,e2209d1558d75150,True,1.0,1.0,0.8793806294566752,1.0,1.0,1.0,0.9497419289402812
1788,4f21925f1a7c5983,True,1.0,1.0,0.8188033294791419,1.0,1.0,1.0,0.9245013872829757
1789,9c7fe79bcaed5bae,True,1.0,1.0,0.9091236565701697,1.0,1.0,1.0,0.9621348569042375
1790,58ad6156b5895541,True,1.0,1.0,0.6903238792400672,1.0,1.0,1.0,0.8709682830166946
1791,612827ed516257e8,True,1.0,1.0,1.0,1.0,1.0,1.0,1.0
1792,d59310a4fd6e5fde,True,1.0,1.0,1.0,1.0,1.0,1.0,1.0
1793,10f15e844ab15831,True,1.0,1.0,1.0,0.0,1.0,1.0,0.5833333333333334
1794,d6ec2a0b9fe25a58,True,1.0,1.0,1.0,1.0,1.0,1.0,1.0
1795,b172a207771456f1,True,1.0,1.0,0.9143701855577975,1.0,1.0,1.0,0.9643209106490822
1796,c2736d03415f515b,True,1.0,1.0,1.0,1.0,1.0,1.0,1.0
1797,e241e150a9c157b8,True,1.0,1.0,0.643839458368462,1.0,1.0,1.0,0.8515997743201925
1798,ff6f020133855f6a,True,1.0,1.0,1.0,1.0,1.0,0.5,1.0
1799,05929f9dc5d152a7,True,1.0,1.0,0.8857536815490319,1.0,1.0,1.0,0.9523973673120967
1800,546c6d1bfc455f77,True,0.5,0.0,0.0,0.0,1.0,1.0,0.0
1801,d2a40dbaca5750e4,True,1.0,1.0,0.7263410434334282,1.0,1.0,1.0,0.8859754347639285
1802,da924c882e6e52d0,True,1.0,1.0,1.0,1.0,1.0,1.0,1.0
1803,f2291b8766215c41,True,1.0,1.0,0.6980822611394254,1.0,1.0,1.0,0.8742009421414272
1804,63b69a3c54e95277,True,1.0,1.0,0.6672644120470118,1.0,1.0,1.0,0.8613601716862549
1805,cde748c5a6905684,True,1.0,1.0,0.9799250553823154,1.0,1.0,1.0,0.9916354397426316
1806,96a0bbef8c335c3e,True,1.0,1.0,1.0,1.0,1.0,1.0,1.0
1807,f8c4bf250c1c512c,True,1.0,1.0,0.8878041889098605,1.0,1.0,1.0,0.9532517453791085
1808,8b53a14edf305638,True,1.0,1.0,0.8693595739368251,1.0,1.0,1.0,0.9455664891403437
1809,83e42a2487695ac5,True,1.0,0.0,0.0,1.0,1.0,1.0,0.0
1810,f669f89b3272514c,True,1.0,1.0,0.8954727902152735,1.0,1.0,1.0,0.9564469959230305
1811,52bc37cb7789510b,True,1.0,1.0,0.6217124006663354,1.0,1.0,1.0,0.8423801669443064
1812,40884b7d89be5e0b,True,1.0,1.0,0.758863581916868,1.0,1.0,1.0,0.8995264924653616
1813,68e2e4227c355dd9,True,1.0,0.0,0.0,1.0,1.0,1.0,0.0
1814,1678ddd4a18b5fd8,True,1.0,1.0,1.0,1.0,1.0,0.5,1.0
1815,c9ecfe02b17a5c40,True,1.0,1.0,0.7695540261748436,1.0,1.0,1.0,0.9039808442395181
1816,95a4b51d1d865ba0,True,1.0,1.0,0.5266779363961478,1.0,1.0,1.0,0.8027824734983948
1817,eea52ed765aa5977,True,1.0,1.0,0.7123830369250278,1.0,1.0,1.0,0.8801595987187616
1818,4c111cf640f258b4,True,1.0,1.0,0.6751577388524481,1.0,1.0,1.0,0.8646490578551868
1819,a7ca0cd746e7551e,True,1.0,1.0,0.7398164806704933,1.0,1.0,1.0,0.8915902002793722
1820,2030d3a5ed675084,True,1.0,0.0,0.0,1.0,1.0,1.0,0.0
1821,6743ebcc6f5259b8,True,1.0,1.0,0.6604045276689042,1.0,1.0,1.0,0.8585018865287101
1822,d70f8a8eeeeb5e82,True,1.0,1.0,0.8309095040126578,1.0,1.0,1.0,0.9295456266719407
1823,454e63f98e365a3a,True,1.0,0.0,0.0,1.0,1.0,1.0,0.0
1824,7d66b9b9d4df5fe8,True,1.0,1.0,0.6983138327730954,1.0,1.0,1.0,0.8742974303221231
1825,63980d0b4c9352c4,True,1.0,1.0,0.8316094089917333,1.0,1.0,1.0,0.9298372537465557
1826,2ba94c9278825a74,True,1.0,1.0,0.960507658774864,1.0,1.0,1.0,0.98354485782286
1827,4c3718ea056c5656,True,1.0,1.0,1.0,1.0,1.0,0.5,1.0
1828,f8e2454674f75e0f,True,1.0,0.0,0.0,1.0,1.0,1.0,0.0
1829,01b9125ad835592f,True,1.0,1.0,1.0,1.0,1.0,1.0,1.0
1830,c0d51ca7b8af5414,True,1.0,1.0,0.7504158590393503,1.0,1.0,1.0,0.8960066079330625
1831,48a6621d92dd5be3,True,1.0,1.0,0.8019404731533438,1.0,1.0,0.5,0.9174751971472266
1832,103ac69be43f55b5,True,1.0,1.0,0.7703556032572543,1.0,1.0,1.0,0.9043148346905227
1833,1825640c9ed75a4b,True,1.0,1.0,0.8535836840108947,1.0,1.0,1.0,0.9389932016712063
1834,6482eb343a2b5329,True,1.0,1.0,0.8569883408964223,1.0,1.0,1.0,0.9404118087068426
1835,d9b28b3ee70e57f2,True,1.0,1.0,0.6543247185115746,1.0,1.0,1.0,0.855968632713156
1836,56886aeb0f685bea,True,1.0,1.0,0.9469963567203732,1.0,1.0,1.0,0.9779151486334888
1837,a4bf921a024f551e,True,1.0,1.0,0.573913762633189,1.0,1.0,1.0,0.8224640677638287
1838,b1a5c303ca3f5607,True,1.0,0.0,0.0,1.0,1.0,1.0,0.0
1839,ae2c1faedb3356f9,True,1.0,1.0,0.7603793854194554,1.0,1.0,1.0,0.9001580772581064
1840,ed69e15d85ab50a6,True,1.0,1.0,0.8154842645154646,1.0,1.0,1.0,0.9231184435481102
1841,a9c6cd5519815308,True,0.5,1.0,0.8013993511597783,0.0,1.0,1.0,0.2502915314916205
1842,f4cc7553b85f5fb0,True,1.0,1.0,0.9025999931939656,0.0,1.0,1.0,0.5427499971641523
1843,e2116f0f33b25eb5,True,1.0,1.0,0.8523144362531501,1.0,1.0,1.0,0.9384643484388125
1844,09c56525e8e853a8,True,1.0,1.0,0.8652134537014794,1.0,1.0,1.0,0.9438389390422831
1845,6050bcf9baab54f6,True,1.0,0.0,0.0,1.0,1.0,1.0,0.0
1846,9b7be67193ae5772,True,1.0,0.0,0.0,1.0,1.0,1.0,0.0
1847,d74f4eda6af854c4,True,1.0,1.0,0.8049577569280286,1.0,1.0,1.0,0.918732398720012
1848,1a2027db44a350ff,True,1.0,0.0,0.0,1.0,1.0,1.0,0.0
1849,bc93e095f13c54b2,True,1.0,1.0,1.0,1.0,1.0,1.0,1.0
1850,21fb4d702ea85f63,True,1.0,1.0,0.80106421614711,1.0,1.0,1.0,0.9171100900612958
1851,0a4752bc6c8b5174,True,1.0,0.0,0.0,1.0,1.0,1.0,0.0
1852,5da61ef9efda5191,True,1.0,1.0,0.770201576152484,1.0,1.0,1.0,0.9042506567302017
1853,e44b9b8654a15bfd,True,1.0,1.0,0.8586557283984639,1.0,1.0,1.0,0.94110655349936
1854,6250b1bc5d735d1a,True,1.0,1.0,0.5860341020025882,1.0,1.0,1.0,0.8275142091677451
1855,1bf45a481f1d52e3,True,1.0,1.0,1.0,1.0,1.0,1.0,1.0
1856,41b4a4440a3e59fc,True,1.0,1.0,1.0,1.0,1.0,1.0,1.0
1857,750b8c926ffd5895,True,1.0,1.0,1.0,1.0,1.0,1.0,1.0
1858,bfb583c3969950ba,True,1.0,0.0,0.0,1.0,1.0,0.0,0.0
1859,2b052ebbd7ec543b,True,1.0,1.0,1.0,1.0,1.0,0.0,1.0
1860,1ef49bbbadd55818,True,1.0,1.0,0.8677043318062365,1.0,1.0,1.0,0.9448768049192653
1861,5aafc350fc705533,True,1.0,1.0,0.8386566483560404,1.0,1.0,1.0,0.9327736034816835
1862,c7215f0ccee350f8,True,1.0,1.0,0.7907907903498497,1.0,1.0,1.0,0.912829495979104
1863,431ae29947e95c26,True,1.0,1.0,0.5561627441690511,1.0,1.0,1.0,0.8150678100704379
1864,9b5772aa3a955db1,True,1.0,1.0,0.7479785529991556,1.0,1.0,1.0,0.8949910637496482
1865,4e1e5dfc07e459cd,True,1.0,1.0,0.8485788204264527,1.0,1.0,1.0,0.9369078418443553
1866,1fe885bcdf8d53de,True,1.0,1.0,0.8635098214730107,1.0,1.0,1.0,0.9431290922804211
1867,40df19739f215995,True,1.0,1.0,0.7469215862037812,1.0,1.0,1.0,0.8945506609182422
1868,76031bb4f8f7566d,True,1.0,1.0,1.0,1.0,1.0,1.0,1.0
1869,1013821ba47c55b3,True,1.0,1.0,0.9386863007078573,0.0,1.0,1.0,0.5577859586282738
1870,14b4283d229a5e3d,True,1.0,1.0,0.6629721497150795,1.0,1.0,1.0,0.8595717290479498
1871,01ace31ecf365cbb,True,1.0,1.0,0.75262581628774,1.0,1.0,1.0,0.8969274234532248
1872,704527beccac5701,True,1.0,1.0,0.813298652511199,1.0,1.0,1.0,0.9222077718796662
1873,7db2c53b0e9e5971,True,1.0,1.0,0.5211084933981309,1.0,1.0,1.0,0.8004618722492213
1874,faba362f85a95b6c,True,1.0,1.0,0.9034472917521098,1.0,1.0,1.0,0.9597697048967125
1875,b1e09de4af085129,True,1.0,1.0,0.7998110062745523,1.0,1.0,1.0,0.9165879192810635
1876,71357a4fc5c65199,True,1.0,1.0,0.9739996085485235,1.0,1.0,1.0,0.9891665035618847
1877,2e405d459d8b5d9c,True,1.0,1.0,0.7335359086363172,1.0,1.0,1.0,0.8889732952651322
1878,2302da9c486d5e3b,True,1.0,1.0,0.8322823541209187,1.0,1.0,1.0,0.9301176475503828
1879,015ef5e7f5a55db8,True,1.0,1.0,1.0,1.0,1.0,1.0,1.0
1880,df7662125da1513f,True,1.0,1.0,1.0,1.0,1.0,1.0,1.0
1881,bd4adf326a205d51,True,1.0,1.0,0.8283850056632737,1.0,1.0,1.0,0.9284937523596973
1882,fad5349c0f7c501a,True,1.0,1.0,0.6948659386999857,1.0,1.0,1.0,0.8728608077916608
1883,97d06e94283a5a65,True,1.0,1.0,0.8165939679448895,1.0,1.0,1.0,0.9235808199770373
1884,e1e4717862d25d42,True,1.0,1.0,0.7247808764751054,1.0,1.0,1.0,0.8853253651979606
1885,58c61cbce5825c91,True,1.0,1.0,0.7145087073842566,1.0,1.0,1.0,0.8810452947434403
1886,dadc8dc029e15f0f,True,1.0,1.0,0.7712654641721546,1.0,1.0,1.0,0.9046939434050644
1887,7b2758fa57ef54b7,True,1.0,0.0,0.0,1.0,1.0,1.0,0.0
1888,9fd28a8f6fd85254,True,1.0,1.0,0.7750904068296026,1.0,1.0,0.0,0.9062876695123344
1889,dfa220d6e64f5d84,True,1.0,1.0,1.0,1.0,1.0,1.0,1.0
1890,1e09c94f9cfb5fc9,True,1.0,1.0,1.0,1.0,1.0,1.0,1.0
1891,6b8daf3b57175e70,True,1.0,1.0,1.0,1.0,1.0,1.0,1.0
1892,6104f0887cc25767,True,1.0,1.0,1.0,1.0,1.0,1.0,1.0
1893,40348970451a52e3,True,1.0,1.0,0.7764605691851173,1.0,1.0,0.5,0.9068585704937989
1894,09e2eda76fde54ae,True,1.0,1.0,1.0,1.0,1.0,1.0,1.0
1895,549af9d2e33d5996,True,1.0,1.0,0.6953340596230063,1.0,1.0,1.0,0.8730558581762526
1896,d928098371595be7,True,1.0,1.0,0.9695161780189847,1.0,1.0,1.0,0.9872984075079104
1897,3e11d77a9aca5bb7,True,1.0,1.0,0.7525032076181891,1.0,1.0,1.0,0.8968763365075788
1898,150f1c76c75352cf,True,1.0,1.0,0.8007313349656263,1.0,1.0,1.0,0.916971389569011
1899,d51cd13cfbe35a4b,True,1.0,1.0,0.6924152876000126,1.0,1.0,1.0,0.8718397031666719
1900,8fe203611a555812,True,1.0,1.0,0.39484836606933965,1.0,1.0,1.0,0.7478534858622249
1901,718c914ede2f5229,True,1.0,0.0,0.0,0.0,1.0,0.0,0.0
1902,85b599a5e238576a,True,1.0,0.0,0.0,1.0,1.0,0.0,0.0
1903,1ca03ed089925396,True,1.0,1.0,0.8943812542706981,1.0,1.0,1.0,0.9559921892794575
1904,81de41d688185082,True,1.0,1.0,0.8874621226770566,1.0,1.0,1.0,0.9531092177821069
1905,d37242b32b51586b,True,1.0,1.0,0.7782969691702303,1.0,1.0,1.0,0.9076237371542626
1906,132d1ec43fc058e1,True,1.0,1.0,0.9659214090630895,1.0,1.0,1.0,0.9858005871096207
1907,c5510354351d5d5e,True,1.0,1.0,1.0,1.0,1.0,1.0,1.0
1908,3761f5d0d74d55eb,True,1.0,1.0,0.8735566628106778,1.0,1.0,1.0,0.9473152761711158
1909,a41a728fda515594,True,1.0,1.0,0.7525969836349622,1.0,1.0,1.0,0.896915409847901
1910,c2cf2b10f7e953c4,True,1.0,1.0,1.0,1.0,1.0,1.0,1.0
1911,0456452c8a13546c,True,1.0,0.0,0.0,1.0,1.0,1.0,0.0
1912,7857a22b3bc85bb4,True,1.0,1.0,0.943008207158156,1.0,1.0,1.0,0.9762534196492316
1913,43f586c2ca4b5929,True,1.0,1.0,0.7330760572773677,1.0,1.0,1.0,0.8887816905322365
1914,d56e3d307eb8525a,True,1.0,1.0,1.0,1.0,1.0,1.0,1.0
1915,bd06d301fe645a28,True,1.0,1.0,0.8188182045745459,1.0,1.0,1.0,0.924507585239394
1916,4f61c0897822586c,True,1.0,1.0,1.0,1.0,1.0,1.0,1.0
1917,990d981b1366595b,True,1.0,1.0,0.6877976984574385,1.0,1.0,1.0,0.8699157076905993
1918,e0b9f01f36d75552,True,1.0,1.0,0.7289829983352534,1.0,1.0,1.0,0.8870762493063555
1919,5bbd26efb97658ec,True,1.0,1.0,0.7542324321259685,1.0,1.0,0.0,0.8975968467191535
1920,3fd20b372fd15206,True,1.0,1.0,0.9723407283530664,1.0,1.0,1.0,0.9884753034804442
1921,43493f9be4735732,True,1.0,1.0,1.0,1.0,1.0,1.0,1.0
1922,9bd3994107ba52bc,True,1.0,1.0,0.8430261378011775,1.0,1.0,1.0,0.934594224083824
1923,629a5819ea0a55b8,True,1.0,1.0,0.8551360630671343,1.0,1.0,1.0,0.9396400262779726
1924,fda9b858e7e4588f,True,1.0,1.0,1.0,1.0,1.0,1.0,1.0
1925,8220631d2c6a52f4,True,1.0,1.0,1.0,1.0,1.0,1.0,1.0
1926,d016df0950fc5e69,True,1.0,1.0,0.8071875137390084,1.0,1.0,1.0,0.9196614640579202
1927,b86152f6ab29580e,True,1.0,1.0,0.7813813007951589,1.0,1.0,1.0,0.9089088753313161
1928,69575edb6db5507f,True,1.0,1.0,0.957583686805116,1.0,1.0,1.0,0.9823265361687983
1929,fa4e4826f5585647,True,1.0,1.0,0.7827156926219231,1.0,1.0,1.0,0.9094648719258013
1930,2d7a04e2df2d5bd3,True,1.0,1.0,0.8846654962294761,1.0,1.0,1.0,0.9519439567622817
1931,972fa3a96b9f5301,True,1.0,0.0,0.0,0.0,1.0,1.0,0.0
1932,f038fc7ffdab5bad,True,1.0,0.0,0.0,1.0,1.0,1.0,0.0
1933,51e697d3f5255ac3,True,1.0,1.0,1.0,1.0,1.0,1.0,1.0
1934,41d7b533797c5209,True,1.0,1.0,0.9159157632112376,1.0,1.0,1.0,0.9649649013380156
1935,d637ce98fc5353be,True,1.0,0.0,0.0,0.0,1.0,1.0,0.0
1936,d8d27319eb585277,True,1.0,1.0,1.0,1.0,1.0,1.0,1.0
1937,1ed8702288c15895,True,1.0,1.0,0.8868723830672199,1.0,1.0,1.0,0.952863492944675
1938,e2442187de045407,True,1.0,1.0,0.8677791283799885,1.0,1.0,1.0,0.9449079701583285
1939,889aac2576295c91,True,0.0,1.0,0.0,0.0,1.0,1.0,0.0
1940,cb84621ac42a5df2,True,1.0,1.0,1.0,1.0,1.0,1.0,1.0
1941,0490beca807c5e9f,True,1.0,1.0,0.8424570123103698,1.0,1.0,1.0,0.9343570884626541
1942,153733002b5a5d25,True,1.0,1.0,1.0,1.0,1.0,1.0,1.0
1943,57f2781030b25387,True,1.0,1.0,0.841739382509264,1.0,1.0,1.0,0.9340580760455266
1944,4e811c006997541d,True,1.0,1.0,1.0,1.0,1.0,1.0,1.0
1945,39640455f50c544c,True,0.0,1.0,0.0,0.0,1.0,1.0,0.0
1946,49e3bfda06d45f7e,True,1.0,1.0,0.9362839323242637,1.0,1.0,1.0,0.9734516384684433
1947,ef11e35afed25326,True,1.0,1.0,0.7741494042358716,1.0,1.0,1.0,0.9058955850982798
1948,3c31377fc8f65160,True,1.0,1.0,0.9617282503702301,1.0,1.0,1.0,0.9840534376542625
1949,cc3ebf79ba985643,True,1.0,0.0,0.0,1.0,1.0,0.0,0.0
1950,c0a14b9e841a5aee,True,1.0,1.0,0.33656956660364307,1.0,1.0,1.0,0.7235706527515179
1951,c69051fe82a95f3c,True,1.0,1.0,1.0,1.0,1.0,1.0,1.0
1952,61e104b6c5d35dc6,True,1.0,1.0,0.7491053115824641,1.0,1.0,1.0,0.8954605464926934
1953,54ae4b189e79541b,True,1.0,0.0,0.0,1.0,1.0,0.5,0.0
1954,6cd97f45067e5bea,True,1.0,1.0,1.0,1.0,1.0,1.0,1.0
1955,f07e9b76d6e0503d,True,1.0,0.0,0.0,1.0,1.0,1.0,0.0
1956,0cb51b0d4e285c55,True,1.0,1.0,1.0,1.0,1.0,1.0,1.0
1957,3953e2236a735999,True,1.0,1.0,1.0,1.0,1.0,1.0,1.0
1958,a2737c768a335e27,True,1.0,1.0,0.7725593184676299,1.0,1.0,1.0,0.9052330493615125
1959,8b54e86cb8b05114,True,1.0,1.0,0.5751110640611623,1.0,1.0,1.0,0.8229629433588176
1960,47a8cb60d2275feb,True,1.0,1.0,0.9459748709747449,1.0,1.0,1.0,0.9774895295728103
1961,ae09c3f715ed58c7,True,1.0,1.0,1.0,1.0,1.0,1.0,1.0
1962,3ce3c32cb4655d3d,True,1.0,1.0,1.0,1.0,1.0,1.0,1.0
1963,f19a48878cfe5bb0,True,1.0,1.0,0.7394688826109932,1.0,1.0,1.0,0.8914453677545805
1964,56af844c0e0a53ce,True,1.0,1.0,0.8312926472195632,1.0,1.0,1.0,0.9297052696748179
1965,5f8eb8f944eb596c,True,1.0,1.0,1.0,1.0,1.0,1.0,1.0
1966,054743e97abd5b9c,True,1.0,1.0,0.8844590577685874,1.0,1.0,1.0,0.9518579407369114
1967,05f1c7e44f74538c,True,1.0,1.0,1.0,0.0,1.0,1.0,0.5833333333333334
1968,63070010ae7159f2,True,1.0,1.0,0.7489677063762211,1.0,1.0,1.0,0.8954032109900921
1969,c719960a45715a9c,True,1.0,1.0,1.0,1.0,1.0,1.0,1.0
1970,91c479d90ccb521a,True,1.0,1.0,0.6563180242323206,1.0,1.0,1.0,0.856799176763467
1971,b55cc20818705801,True,1.0,1.0,0.9165259956292601,1.0,1.0,1.0,0.9652191648455251
1972,cbcd554895c75231,True,1.0,1.0,0.7965649729663986,1.0,1.0,1.0,0.9152354054026661
1973,c2aa6f44aad45549,True,1.0,0.0,0.0,0.0,1.0,0.5,0.0
1974,e05cdac678ea503c,True,1.0,1.0,0.81038070977689,1.0,1.0,1.0,0.9209919624070375
1975,0cf908f72d885124,True,1.0,1.0,1.0,1.0,1.0,1.0,1.0
1976,26cae32c50095246,True,1.0,1.0,0.58638961114627,1.0,1.0,1.0,0.8276623379776126
1977,790a5a0973815ab3,True,1.0,1.0,0.8687161715398029,1.0,1.0,1.0,0.9452984048082511
1978,4f7b03242ab05a2d,True,1.0,1.0,0.9369194589801765,1.0,1.0,1.0,0.9737164412417402
1979,305d73038ef35efe,True,1.0,1.0,1.0,1.0,1.0,1.0,1.0
1980,87339a4d32305504,True,1.0,1.0,0.7677189168875065,0.0,1.0,1.0,0.4865495487031277
1981,40660dbe143d52c1,True,1.0,1.0,0.8119810361415429,1.0,1.0,1.0,0.9216587650589761
1982,fe37acae391d507c,True,1.0,1.0,0.8641640483151077,1.0,1.0,1.0,0.9434016867979617
1983,ee9615c4b10d5ec9,True,1.0,1.0,1.0,1.0,1.0,1.0,1.0
1984,70679dba8428549e,True,1.0,1.0,0.9111389170596698,1.0,1.0,1.0,0.9629745487748624
1985,03388b830f975734,True,1.0,1.0,1.0,1.0,1.0,1.0,1.0
1986,bebbdf5c01b85cf1,True,1.0,1.0,0.7628632366940049,1.0,1.0,1.0,0.9011930152891687
1987,c7a1cded8d4652e2,True,1.0,1.0,0.7670016476075576,1.0,1.0,1.0,0.9029173531698156
1988,aab1c6b4ac3d57a4,True,1.0,1.0,1.0,1.0,1.0,1.0,1.0
1989,9dd982b0637453c2,True,1.0,0.0,0.0,1.0,1.0,1.0,0.0
1990,8fe49f5c68d65801,True,1.0,1.0,0.9116510880931372,1.0,1.0,1.0,0.9631879533721405
1991,f24730f3bb525e73,True,1.0,1.0,0.8959978402200101,1.0,1.0,1.0,0.9566657667583375
1992,e53fc4a1bbe0568b,True,1.0,1.0,1.0,1.0,1.0,1.0,1.0
1993,5aa4b6dc8f0759b5,True,1.0,0.0,0.0,1.0,1.0,0.5,0.0
1994,0a06f8a3204d5e11,True,1.0,1.0,0.975196392463485,1.0,1.0,1.0,0.9896651635264521
1995,f79b805ec2435c98,True,1.0,1.0,1.0,1.0,1.0,1.0,1.0
1996,3e09a3c33726545c,True,1.0,1.0,1.0,1.0,1.0,1.0,1.0
1997,80fb7c16b92856a3,True,1.0,1.0,0.9573381501631177,0.0,1.0,1.0,0.5655575625679657
1998,eee59dd716c05e1b,True,1.0,1.0,0.2601536858495361,0.0,1.0,1.0,0.27506403577064004
1999,16d4835b75b05efb,True,1.0,1.0,0.7773227926758598,1.0,1.0,1.0,0.9072178302816082
2000,4f6fb990b8875e5f,True,1.0,1.0,1.0,1.0,1.0,1.0,1.0
2001,20a276a12f2150c5,True,1.0,1.0,1.0,1.0,1.0,1.0,1.0
2002,9e522849163c53b8,True,1.0,1.0,0.7157980881074559,1.0,1.0,1.0,0.8815825367114399
2003,6d83f0adc26e5ee5,True,1.0,1.0,0.561425711517507,1.0,1.0,1.0,0.8172607131322946
2004,de18caace4a351b6,True,1.0,0.0,0.0,0.0,0.0,0.0,0.0
2005,22ff5ba619a250b0,True,1.0,0.0,0.0,1.0,1.0,1.0,0.0
2006,85159c024a355d8d,True,1.0,0.0,0.0,1.0,1.0,1.0,0.0
2007,2115792748a75f88,True,1.0,1.0,1.0,1.0,1.0,1.0,1.0
2008,a4213d4e327c5b6e,True,1.0,1.0,1.0,1.0,1.0,1.0,1.0
2009,9c4e60dd8e9959d8,True,1.0,1.0,0.987984914064124,1.0,1.0,1.0,0.994993714193385
2010,6bcfc8d05b4c5d96,True,1.0,1.0,1.0,1.0,1.0,1.0,1.0
2011,ef6e61a4a7ed550a,True,1.0,1.0,0.8538618351950895,1.0,1.0,1.0,0.939109097997954
2012,77868241ec115a11,True,1.0,1.0,0.7702408177464217,1.0,1.0,1.0,0.9042670073943424
2013,e7b269e3a51c5713,True,1.0,1.0,1.0,1.0,1.0,1.0,1.0
2014,795696bd00095944,True,1.0,0.0,0.0,0.0,1.0,1.0,0.0
2015,e4054a16eede5400,True,1.0,1.0,1.0,1.0,1.0,1.0,1.0
2016,7648e7b33ecf55d5,True,1.0,1.0,1.0,1.0,1.0,1.0,1.0
2017,b60ecc0b221751d7,True,1.0,1.0,1.0,1.0,1.0,1.0,1.0
2018,c9ddc670b1195efd,True,1.0,0.0,0.0,1.0,1.0,1.0,0.0
2019,cecd27d3ba0e54fd,True,1.0,1.0,0.7975895673719182,1.0,1.0,1.0,0.9156623197382993
2020,6fe374eabe7b5dea,True,1.0,1.0,0.9830315629143298,1.0,1.0,1.0,0.9929298178809708
2021,4c22cdcc527e5a36,True,1.0,1.0,0.9038149080895248,1.0,1.0,1.0,0.9599228783706354
2022,471d0206688f5e3b,True,1.0,1.0,0.7024992315453376,1.0,1.0,1.0,0.876041346477224
2023,22ec7d1614785b35,True,1.0,1.0,0.5656940266600161,1.0,1.0,1.0,0.8190391777750067
2024,ff86cfb959e1545e,True,1.0,1.0,0.7146509860129687,1.0,1.0,1.0,0.8811045775054036
2025,f748ff8ee5be533a,True,1.0,1.0,0.6086669329984071,1.0,1.0,1.0,0.8369445554160029
2026,a31780d642695a21,True,1.0,1.0,1.0,1.0,1.0,1.0,1.0
2027,6b19d4325f075ad0,True,1.0,1.0,0.6599259625643809,1.0,1.0,1.0,0.8583024844018254
2028,11356a48a75c5e31,True,1.0,0.0,0.0,0.0,1.0,1.0,0.0
2029,3a8cbc5f12e25e1f,True,1.0,1.0,0.9369933714296578,1.0,1.0,1.0,0.9737472380956907
2030,8c7db74b9aef5a9e,True,1.0,1.0,1.0,1.0,1.0,1.0,1.0
2031,ed896606c8d658fc,True,1.0,0.0,0.0,1.0,1.0,1.0,0.0
2032,6e3c7a34388e5ae3,True,1.0,1.0,1.0,0.0,1.0,1.0,0.5833333333333334
2033,1e15c5256da5549a,True,1.0,1.0,1.0,1.0,1.0,1.0,1.0
2034,02ecdf935f895a86,True,1.0,1.0,0.7684670761244051,1.0,1.0,1.0,0.9035279483851687
2035,8eeeb7c3d5b158d8,True,1.0,1.0,0.8565135760349649,1.0,1.0,1.0,0.9402139900145686
2036,105e820419e05224,True,1.0,1.0,0.8722668561803991,1.0,1.0,1.0,0.946777856741833
2037,582d1109ddf75e76,True,1.0,1.0,1.0,1.0,1.0,1.0,1.0
2038,4db7ecab510656e1,True,1.0,1.0,1.0,1.0,1.0,1.0,1.0
2039,93e2a76b34b559fc,True,1.0,1.0,0.9646224694207219,1.0,1.0,1.0,0.9852593622586342
2040,ccdb8ab156ba5b06,True,1.0,1.0,0.8232658138603857,1.0,1.0,1.0,0.9263607557751606
2041,6cec94a1d70c5cf4,True,1.0,1.0,0.36099080107246934,1.0,1.0,1.0,0.7337461671135289
2042,e76c53ede9205ba9,True,1.0,1.0,0.7435627331680139,1.0,1.0,1.0,0.8931511388200057
2043,8d6afa56bbb95f18,True,1.0,1.0,0.7298456781204583,1.0,1.0,1.0,0.8874356992168577
2044,bc8aad9d72385289,True,1.0,1.0,1.0,1.0,1.0,1.0,1.0
2045,71729b03a1e95896,True,1.0,1.0,0.5750625203531471,1.0,1.0,1.0,0.8229427168138113
2046,a44bb178ec7d5c6a,True,1.0,1.0,0.9724685287475648,1.0,1.0,1.0,0.9885285536448186
2047,807f6b90b60d5685,True,1.0,1.0,0.70744867329632,0.0,1.0,1.0,0.4614369472068
2048,a5851164f3ee5b71,True,1.0,1.0,0.8121387028025131,1.0,1.0,1.0,0.9217244595010472
2049,68ca75d95a615a5d,True,1.0,1.0,0.8717584051662313,1.0,1.0,1.0,0.9465660021525965
2050,375d03a139615179,True,1.0,0.0,0.0,1.0,1.0,1.0,0.0
2051,92da1e3c12fa54b6,True,1.0,1.0,0.7495290990231518,1.0,1.0,1.0,0.8956371245929798
2052,69966a921d43544d,True,0.0,1.0,0.0,0.0,1.0,0.5,0.0
2053,f68fcc74e570541d,True,1.0,1.0,0.6724904267771296,1.0,1.0,0.5,0.8635376778238039
2054,1c064ec24fa15900,True,1.0,0.0,0.0,1.0,1.0,1.0,0.0
2055,3fa1e0c2313358ba,True,1.0,1.0,0.28444905434308143,1.0,1.0,1.0,0.7018537726429507
2056,63873e2afca95e70,True,1.0,1.0,0.4315176882397725,1.0,1.0,1.0,0.7631323700999052
2057,4865eea1e54c5a8e,True,1.0,1.0,0.8686997048055579,1.0,1.0,1.0,0.9452915436689825
2058,13fcbcdacbe35755,True,1.0,1.0,0.8783831429211089,1.0,1.0,1.0,0.9493263095504622
2059,7f396948993153fe,True,1.0,1.0,1.0,1.0,1.0,1.0,1.0
2060,6011fd3aa3a85fa1,True,1.0,1.0,0.8645028422713942,1.0,1.0,1.0,0.9435428509464142
2061,d1d48a8f642b5874,True,1.0,0.0,0.0,1.0,1.0,0.0,0.0
2062,578d2af2c3625ace,True,1.0,1.0,1.0,1.0,1.0,1.0,1.0
2063,c653006470bf521f,True,1.0,1.0,1.0,1.0,1.0,1.0,1.0
2064,2754e05ff9d35719,True,1.0,1.0,0.761716076804578,1.0,1.0,1.0,0.9007150320019074
2065,c28b41c8410f5465,True,1.0,1.0,0.8638353744117349,1.0,1.0,1.0,0.9432647393382229
2066,57960c0eaa6b554b,True,1.0,1.0,0.9247098179377828,1.0,1.0,1.0,0.9686290908074096
2067,2e393fad09985c87,True,1.0,0.0,0.0,1.0,1.0,1.0,0.0
2068,508cd663b9a85228,True,1.0,1.0,0.7637217688377649,1.0,1.0,1.0,0.9015507370157354
2069,9e898d5e24c1537e,True,1.0,1.0,0.763971346588096,1.0,1.0,1.0,0.90165472774504
2070,1d3dfbbe8a0a54f6,True,1.0,1.0,0.8800329826877169,1.0,1.0,1.0,0.9500137427865486
2071,3078139bae8e592d,True,1.0,1.0,0.9395246543850423,1.0,1.0,1.0,0.9748019393271009
2072,4161016e65df5b37,True,1.0,1.0,0.6594203972134204,1.0,1.0,0.5,0.8580918321722585
2073,fce6a1ea8fce5644,True,1.0,1.0,0.6453043377580836,1.0,1.0,1.0,0.8522101407325349
2074,a2b2f9572f3a5b05,True,1.0,1.0,0.8458740196492511,1.0,1.0,1.0,0.9357808415205214
2075,73f2ce543024548e,True,1.0,1.0,0.8033625262862546,1.0,1.0,1.0,0.9180677192859394
2076,ca68dbc018a35aa3,True,1.0,1.0,0.9849256494481828,1.0,1.0,1.0,0.9937190206034096
2077,cb22383a26cf594e,True,1.0,1.0,1.0,1.0,1.0,1.0,1.0
2078,7f572219da4e5fd4,True,1.0,1.0,1.0,1.0,1.0,1.0,1.0
2079,69124bf1a9185f06,True,1.0,1.0,0.6358687657345233,1.0,1.0,1.0,0.8482786523893847
2080,ec04801554fb518f,True,1.0,1.0,0.937197958013324,0.0,1.0,1.0,0.5571658158388849
2081,7964bed69f7e597e,True,1.0,1.0,1.0,1.0,1.0,1.0,1.0
2082,f28cb1d6c0cf568f,True,1.0,1.0,0.8447037296045377,1.0,1.0,1.0,0.9352932206685574
2083,1ebcf2ddce325598,True,1.0,1.0,1.0,1.0,1.0,1.0,1.0
2084,d74329969d1155bf,True,0.5,0.0,0.0,0.0,0.0,0.0,0.0
2085,0dfdaa7ed7445e7c,True,1.0,1.0,0.7444965325527357,1.0,1.0,1.0,0.8935402218969731
2086,434a1b5995365a33,True,1.0,1.0,0.8296500181557572,1.0,1.0,1.0,0.9290208408982322
2087,05987b88b7be5bea,True,1.0,1.0,1.0,1.0,1.0,0.5,1.0
2088,9a9b75516db85d76,True,1.0,1.0,0.8847810945957041,1.0,1.0,1.0,0.9519921227482101
2089,4566a3d9b5e95d9b,True,1.0,1.0,1.0,1.0,1.0,1.0,1.0
2090,c4e83619721455b0,True,1.0,1.0,0.530830125386403,1.0,1.0,1.0,0.8045125522443346
2091,5a5e81f1432a51a1,True,1.0,1.0,0.5305833704829838,1.0,1.0,1.0,0.8044097377012432
2092,1dd4683469e457c5,True,1.0,1.0,1.0,0.0,1.0,1.0,0.5833333333333334
2093,aac7679545c75aed,True,1.0,1.0,1.0,0.0,1.0,1.0,0.5833333333333334
2094,d5eca47b1fc25d20,True,1.0,1.0,0.8209138851238776,1.0,1.0,1.0,0.9253807854682824
2095,5167871fd80b575d,True,1.0,1.0,0.6261976449391902,1.0,1.0,1.0,0.8442490187246626
2096,1b35b775c4a95647,True,1.0,1.0,1.0,1.0,1.0,1.0,1.0
2097,aa2c4edb15d45c84,True,1.0,0.0,0.0,1.0,1.0,1.0,0.0
2098,54e1372d95955eaa,True,1.0,1.0,1.0,1.0,1.0,1.0,1.0
2099,ffe87d190cd358c8,True,1.0,1.0,1.0,1.0,1.0,1.0,1.0
2100,455fdf27af915de2,True,1.0,1.0,1.0,1.0,1.0,1.0,1.0
2101,5dea796da1ce5b02,True,1.0,1.0,0.09770995545013796,1.0,1.0,1.0,0.6240458147708908
2102,e5e21bbf8d665374,True,1.0,1.0,1.0,1.0,1.0,1.0,1.0
2103,850f844463075fb3,True,0.0,1.0,0.0,0.0,1.0,1.0,0.0
2104,fec68cb4b42a5b30,True,1.0,1.0,0.8176390026553815,1.0,1.0,1.0,0.924016251106409
2105,3f85ed22ffdf5683,True,1.0,1.0,0.7771415584439237,1.0,1.0,1.0,0.9071423160183016
2106,0e479a9039ef5c10,True,1.0,1.0,0.8662750601865086,1.0,1.0,1.0,0.9442812750777119
2107,21128a317e82595f,True,1.0,1.0,0.7511099855659797,1.0,1.0,1.0,0.8962958273191582
2108,73ce0b2145845c71,True,1.0,0.0,0.0,1.0,1.0,1.0,0.0
2109,f0e0408bae9b5037,True,1.0,1.0,1.0,1.0,1.0,1.0,1.0
2110,087df0996ade50d3,True,1.0,1.0,1.0,1.0,1.0,1.0,1.0
2111,1cddf5eb97425ac1,True,1.0,1.0,1.0,1.0,1.0,0.5,1.0
2112,a84816a320d450a6,True,1.0,1.0,0.8984339419137519,1.0,1.0,1.0,0.95768080913073
2113,8636c755aabe5792,True,1.0,1.0,0.8189892175201833,1.0,1.0,1.0,0.9245788406334098
2114,5f2aad4e03625d30,True,1.0,1.0,1.0,1.0,1.0,1.0,1.0
2115,ab226645ee6f54aa,True,1.0,1.0,1.0,1.0,1.0,0.0,1.0
2116,6771ec6dba275364,True,1.0,1.0,1.0,1.0,1.0,1.0,1.0
2117,b7c9a2a8db7d5b48,True,1.0,1.0,0.8508627256281086,1.0,1.0,1.0,0.937859469011712
2118,469dfe790903577a,True,1.0,1.0,0.9795849974452782,1.0,1.0,1.0,0.9914937489355325
2119,fbf9670a3e82519c,True,1.0,1.0,1.0,1.0,1.0,1.0,1.0
2120,b2b49c0ddec25abc,True,1.0,1.0,1.0,1.0,1.0,1.0,1.0
2121,218ebafd6210550e,True,1.0,1.0,0.9073661239533413,1.0,1.0,1.0,0.9614025516472257
2122,55368b53e7ba5dda,True,1.0,1.0,0.7090902389841424,1.0,1.0,1.0,0.878787599576726
2123,005fcf3e9a125706,True,1.0,1.0,0.6358303791833889,1.0,1.0,0.0,0.8482626579930788
2124,350a93fe67645bf1,True,1.0,1.0,0.6155990155160176,1.0,1.0,1.0,0.839832923131674
2125,e485bc6cdd285588,True,1.0,1.0,0.648854400422491,1.0,1.0,1.0,0.8536893335093713
2126,c1d95d8a3260541c,True,1.0,1.0,0.8238290160469843,1.0,1.0,1.0,0.9265954233529102
2127,54a48973672c5352,True,1.0,1.0,1.0,1.0,1.0,1.0,1.0
2128,15bd04021cc75727,True,1.0,1.0,0.7295096878835683,1.0,1.0,1.0,0.8872957032848201
2129,3ec88bf115c95f69,True,1.0,1.0,1.0,1.0,1.0,1.0,1.0
2130,6e6c19ea921f550d,True,1.0,1.0,0.8466387446792382,1.0,1.0,1.0,0.9360994769496825
2131,0a51eebaccc95c36,True,1.0,1.0,0.8725702480613396,1.0,1.0,1.0,0.9469042700255582
2132,09ce454826895686,True,1.0,1.0,0.7978957479825995,1.0,1.0,1.0,0.9157898949927498
2133,78e3ba9d36dc59a0,True,1.0,1.0,0.5653711877815163,1.0,1.0,1.0,0.8189046615756318
2134,9d1bd4fa169c5ebe,True,0.0,1.0,0.0,0.0,1.0,1.0,0.0
2135,c8629b9dd63e56ad,True,1.0,1.0,1.0,1.0,1.0,1.0,1.0
2136,0e9d524cb7ab5e2a,True,1.0,1.0,1.0,1.0,1.0,1.0,1.0
2137,8cc8fe63227d5c07,True,1.0,1.0,1.0,1.0,1.0,1.0,1.0
2138,277c41e4b5d858f1,True,1.0,1.0,0.8440859546329174,1.0,1.0,1.0,0.9350358144303822
2139,7580af9b56085218,True,1.0,1.0,0.9709424432316287,1.0,1.0,1.0,0.9878926846798453
2140,a9ffe9bb174851e6,True,1.0,1.0,0.8233158997035108,0.0,1.0,1.0,0.5097149582097962
2141,bca16f667139563e,True,0.0,1.0,0.0,0.0,0.0,1.0,0.0
2142,71e2924dcf525bc7,True,1.0,0.0,0.0,1.0,1.0,1.0,0.0
2143,cf34e1f8d98f56ee,True,1.0,1.0,1.0,1.0,1.0,1.0,1.0
2144,21f64c6cfe835cbe,True,0.0,1.0,0.0,0.0,1.0,1.0,0.0
2145,5c3080b50d365629,True,1.0,1.0,0.7339545249520896,1.0,1.0,1.0,0.8891477187300373
2146,bae779013dfe5537,True,1.0,1.0,0.7558607731883084,1.0,1.0,1.0,0.8982753221617951
2147,16c38196f44751bd,True,1.0,1.0,0.7253979214120578,1.0,1.0,1.0,0.885582467255024
2148,b3e8baac7b4d5e4a,True,1.0,1.0,0.8731671817788635,1.0,1.0,1.0,0.9471529924078599
2149,08a8fc71ab1b57c2,True,1.0,1.0,0.9202770521683244,1.0,1.0,1.0,0.9667821050701352
2150,41f275bfd30e514a,True,1.0,1.0,0.9641705348166757,1.0,1.0,1.0,0.985071056173615
2151,76e72a3b44205ec0,True,1.0,1.0,1.0,1.0,1.0,1.0,1.0
2152,402b6ac9448a58d7,True,1.0,1.0,0.5226393793722405,1.0,1.0,1.0,0.8010997414051002
2153,6bf9b9cf5ae25aba,True,1.0,1.0,0.7202202407376391,0.0,1.0,1.0,0.4667584336406829
2154,0df6f24a95e75544,True,1.0,1.0,0.9154852771011573,1.0,1.0,1.0,0.9647855321254822
2155,da137494751e500f,True,1.0,1.0,0.7939762152752684,1.0,1.0,1.0,0.9141567563646952
2156,83158ad924fc506c,True,1.0,1.0,1.0,1.0,1.0,1.0,1.0
2157,6c9e40634f705f56,True,1.0,1.0,0.6455489894639448,1.0,1.0,1.0,0.8523120789433104
2158,d4bbe6333e6356b5,True,1.0,1.0,0.8739350440350626,1.0,1.0,1.0,0.9474729350146095
2159,4c53f29ce2365ef1,True,1.0,1.0,1.0,1.0,1.0,1.0,1.0
2160,4d1e72e6a45853c3,True,1.0,1.0,1.0,1.0,1.0,1.0,1.0
2161,7b29ee091c295f7a,True,1.0,1.0,1.0,1.0,1.0,1.0,1.0
2162,f5c9c516bf7a5ce8,True,1.0,1.0,1.0,1.0,1.0,1.0,1.0
2163,1633456bc3ec569d,True,0.5,0.0,0.0,0.0,1.0,0.5,0.0
2164,8fc0b7212263588f,True,1.0,1.0,0.9366758529775346,1.0,1.0,1.0,0.9736149387406394
2165,e6a27e83c6025b68,True,1.0,1.0,0.9971862292300318,1.0,1.0,1.0,0.9988275955125131
2166,86bc41537b2e5bb5,True,1.0,1.0,0.7332771901244205,1.0,1.0,1.0,0.8888654958851752
2167,cde6be1eb8f85b3c,True,1.0,1.0,0.9167609621613095,1.0,1.0,1.0,0.9653170675672124
2168,f2acd82c43fd5490,True,1.0,1.0,1.0,1.0,1.0,1.0,1.0
2169,e11f2ff7ffba5b45,True,1.0,1.0,1.0,1.0,1.0,1.0,1.0
2170,e2ae96f479935b31,True,1.0,1.0,1.0,1.0,1.0,1.0,1.0
2171,f6ce545dcc975501,True,1.0,1.0,1.0,1.0,1.0,1.0,1.0
2172,94c7ef641e1c5dd7,True,1.0,1.0,0.8489318049995246,0.0,1.0,1.0,0.5203882520831352
2173,38afc409029551e0,True,1.0,0.0,0.0,1.0,1.0,0.0,0.0
2174,86536c24d4805ac7,True,1.0,1.0,0.6675003171783965,1.0,1.0,1.0,0.8614584654909985
2175,2615f45588965f4c,True,1.0,1.0,1.0,1.0,1.0,0.5,1.0
2176,2d0c8a7a065e5995,True,1.0,1.0,0.7691584974150073,1.0,1.0,1.0,0.9038160405895864
2177,9020d65504e554b3,True,1.0,0.0,0.0,0.0,1.0,0.0,0.0
2178,0727a3cccad352d7,True,1.0,1.0,1.0,1.0,1.0,1.0,1.0
2179,0fa0e8a25eec5e1e,True,1.0,1.0,0.8737603454294384,1.0,1.0,1.0,0.9474001439289327
2180,21bd985c9d7155e5,True,1.0,1.0,0.7908666095042534,1.0,1.0,1.0,0.912861087293439
2181,a0e0603db4105ad9,True,1.0,1.0,1.0,1.0,1.0,1.0,1.0
2182,b7bd6325ead95dd8,True,1.0,1.0,0.8028267954142185,1.0,1.0,1.0,0.9178444980892578
2183,03986e48fa5e5f90,True,1.0,1.0,0.7987936031781115,1.0,1.0,1.0,0.9161640013242133
2184,afbde7335ad05055,True,1.0,1.0,1.0,1.0,1.0,1.0,1.0
2185,1c5019f2bc6052d6,True,1.0,1.0,1.0,1.0,1.0,1.0,1.0
2186,3cfa3f1b82885efa,True,0.0,1.0,0.0,0.0,1.0,1.0,0.0
2187,8f224f01713a5376,True,1.0,1.0,1.0,1.0,1.0,1.0,1.0
2188,5930f153954b5060,True,1.0,1.0,0.48160938277584747,1.0,1.0,0.5,0.7840039094899365
2189,7d99843a72555dd3,True,1.0,1.0,1.0,1.0,1.0,1.0,1.0
2190,fdee882945885aa7,True,1.0,1.0,0.8788609215387834,1.0,1.0,1.0,0.949525383974493
2191,1ed850327b905ebd,True,1.0,0.0,0.0,1.0,1.0,0.5,0.0
2192,f75560fb13f25476,True,1.0,1.0,1.0,1.0,1.0,0.5,1.0
2193,7c0a753f5a2f5230,True,1.0,1.0,1.0,1.0,1.0,1.0,1.0
2194,86c622a3ec1255ee,True,1.0,1.0,0.7805991698901208,1.0,1.0,1.0,0.9085829874542171
2195,58dcca6583f6599e,True,1.0,1.0,0.8585803712819216,1.0,1.0,1.0,0.9410751547008006
2196,1c7bdbbc34c853bf,True,1.0,1.0,1.0,1.0,1.0,1.0,1.0
2197,b770bd5be66d5339,True,1.0,1.0,0.628223236200449,1.0,1.0,1.0,0.8450930150835204
2198,36a229f658875a2e,True,1.0,1.0,0.9145649032184854,1.0,1.0,1.0,0.9644020430077024
2199,f064ef8fafcf5528,True,1.0,1.0,0.9005893190242168,1.0,1.0,1.0,0.9585788829267571
2200,f8fd766eb013577f,True,1.0,1.0,1.0,1.0,1.0,0.5,1.0
2201,bdf6ce6385325a58,True,1.0,0.0,0.0,1.0,1.0,1.0,0.0
2202,0d857e82084e56be,True,1.0,1.0,0.48359445238320237,1.0,1.0,0.5,0.7848310218263342
2203,7f02ca014f7253db,True,1.0,1.0,0.6157792185333035,1.0,1.0,1.0,0.8399080077222099
2204,89652dfe12165def,True,1.0,1.0,1.0,1.0,1.0,1.0,1.0
2205,afc395b46c2c5d7b,True,1.0,1.0,0.7795180504953447,1.0,1.0,1.0,0.908132521039727
2206,0cf22b3901945e24,True,1.0,1.0,0.8027339564227541,1.0,1.0,1.0,0.9178058151761475
2207,1074509550cc5bf8,True,1.0,1.0,0.6341197782688247,1.0,1.0,1.0,0.8475499076120103
2208,3580cf9f59395963,True,1.0,1.0,0.9517266949908769,1.0,1.0,1.0,0.9798861229128654
2209,2f7190c1da685537,True,1.0,1.0,1.0,1.0,1.0,1.0,1.0
2210,65dbd10f84db5a53,True,1.0,1.0,0.6506040075888314,1.0,1.0,1.0,0.8544183364953465
2211,834a7c22e2c55c71,True,1.0,1.0,0.6441041115260776,1.0,1.0,1.0,0.851710046469199
2212,614c50b897445f89,True,1.0,1.0,0.8987978369179092,1.0,1.0,1.0,0.9578324320491287
2213,f35e97504024530b,True,1.0,1.0,1.0,1.0,1.0,1.0,1.0
2214,559e3fe66db15d66,True,1.0,1.0,0.6372098705510394,1.0,1.0,1.0,0.8488374460629332
2215,160d02b02f4d5f77,True,1.0,1.0,1.0,1.0,1.0,1.0,1.0
2216,0a2a71c0b34c5f10,True,1.0,0.0,0.0,1.0,1.0,1.0,0.0
2217,230f2d1902125696,True,1.0,1.0,1.0,1.0,1.0,1.0,1.0
2218,490f4995542058fc,True,1.0,1.0,0.6991475627532442,1.0,1.0,1.0,0.8746448178138517
2219,33c925ac7b905e8f,True,1.0,1.0,1.0,1.0,1.0,1.0,1.0
2220,1b736bfe747b5987,True,1.0,0.0,0.0,1.0,1.0,1.0,0.0
2221,d90cd23a434f5c55,True,1.0,1.0,1.0,0.0,1.0,1.0,0.5833333333333334
2222,173b456bbf29598f,True,1.0,1.0,0.840475745849805,1.0,1.0,1.0,0.9335315607707521
2223,4a9901b941be5695,True,1.0,1.0,0.8058357129228357,1.0,1.0,1.0,0.9190982137178482
2224,51d961409a285653,True,1.0,1.0,1.0,1.0,1.0,1.0,1.0
2225,20f1de62f5795dab,True,1.0,1.0,1.0,1.0,1.0,1.0,1.0
2226,44a4f1048fcc57ea,True,1.0,1.0,0.6540562527379438,1.0,1.0,1.0,0.8558567719741431
2227,6247bc8d9df7529d,True,1.0,1.0,1.0,1.0,1.0,1.0,1.0
2228,cc2587bf27c75cc2,True,1.0,1.0,1.0,1.0,1.0,1.0,1.0
2229,8ea6783a7b195706,True,1.0,1.0,0.8346103794786918,1.0,1.0,1.0,0.9310876581161217
2230,baef20f6b33e594e,True,1.0,1.0,1.0,1.0,1.0,1.0,1.0
2231,f9de30ccbddd50dc,True,1.0,1.0,1.0,1.0,1.0,1.0,1.0
2232,b2b73ef16f0a5a9f,True,1.0,1.0,1.0,1.0,1.0,1.0,1.0
2233,fbe786c417ca5245,True,1.0,1.0,1.0,1.0,1.0,1.0,1.0
2234,3b10bf025bd65e4b,True,1.0,1.0,0.9567608182396032,1.0,1.0,1.0,0.9819836742665013
2235,65ae67808d1f5de5,True,1.0,1.0,0.8598750646684761,1.0,1.0,1.0,0.9416146102785317
2236,b84c079a32635d34,True,1.0,1.0,0.7697031331049162,1.0,1.0,1.0,0.9040429721270483
2237,52d4fbbe8bd551dc,True,1.0,0.0,0.0,1.0,1.0,1.0,0.0
2238,d73cabbfed045bf2,True,1.0,1.0,1.0,0.0,1.0,1.0,0.5833333333333334
2239,059912706b0758dc,True,1.0,1.0,0.9289407865370436,1.0,1.0,1.0,0.9703919943904348
2240,0663f1541eeb58b6,True,1.0,1.0,1.0,1.0,1.0,0.5,1.0
2241,e5f2eb158bc65167,True,1.0,1.0,0.609642307327604,1.0,1.0,1.0,0.8373509613865018
2242,67e6aea894f0568f,True,1.0,1.0,0.9392140554941193,1.0,1.0,1.0,0.9746725231225497
2243,3361cb5b061556d0,True,1.0,1.0,0.6418813863746191,1.0,1.0,1.0,0.8507839109894246
2244,b7bcc88d87ba59ae,True,1.0,1.0,1.0,1.0,1.0,1.0,1.0
2245,0aa8c67f04b75a41,True,1.0,1.0,0.8726798147188652,1.0,1.0,1.0,0.9469499227995272
2246,150c33d5cd005743,True,1.0,1.0,1.0,1.0,1.0,1.0,1.0
2247,453be1f585b1589f,True,1.0,0.0,0.0,1.0,1.0,1.0,0.0
2248,e44a31dd99af5556,True,1.0,1.0,0.7608869159709545,1.0,1.0,1.0,0.9003695483212311
2249,8c6aed532f8555cd,True,1.0,1.0,0.8671896524055603,1.0,1.0,1.0,0.9446623551689836
2250,82ef8b099fb55f0c,True,1.0,1.0,1.0,1.0,1.0,1.0,1.0
2251,a978cd72e68155b1,True,1.0,1.0,1.0,1.0,1.0,1.0,1.0
2252,fd8d10736c675232,True,1.0,1.0,0.853726992965746,1.0,1.0,1.0,0.9390529137357274
2253,c672f1584cb75697,True,1.0,1.0,0.9424699662591869,1.0,1.0,1.0,0.9760291526079946
2254,dcfc13ba3a4150a6,True,1.0,1.0,1.0,1.0,1.0,1.0,1.0
2255,a2d180a344d15054,True,1.0,1.0,0.7231800606436565,1.0,1.0,1.0,0.8846583586015235
2256,4495218e41b35f25,True,1.0,1.0,1.0,1.0,1.0,1.0,1.0
2257,d192ad1c7fa95445,True,1.0,1.0,0.8273527747223425,1.0,1.0,1.0,0.9280636561343094
2258,c8bf35e6c9065d83,True,1.0,1.0,0.8117095777817733,1.0,1.0,1.0,0.9215456574090721
2259,6e9027bc59c857a9,True,1.0,1.0,0.5935806169500654,1.0,1.0,1.0,0.8306585903958607
2260,584a741051cd523f,True,1.0,0.0,0.0,1.0,1.0,1.0,0.0
2261,83ec4461559c5388,True,1.0,1.0,1.0,1.0,1.0,1.0,1.0
2262,60e8f2447c205324,True,1.0,1.0,0.8868354197242343,1.0,1.0,1.0,0.9528480915517643
2263,43c74ea303715baf,True,1.0,1.0,0.8012612535579804,1.0,1.0,1.0,0.9171921889824919
2264,e779c1cc4ae45a84,True,1.0,1.0,1.0,1.0,1.0,1.0,1.0
2265,b3c7b9fbf4655722,True,1.0,1.0,0.9855606687473474,1.0,1.0,1.0,0.9939836119780615
2266,0c3c5692dcdd5bdc,True,1.0,1.0,1.0,1.0,1.0,1.0,1.0
2267,434f74e0c3e25cdd,True,1.0,1.0,0.908674717434558,1.0,1.0,1.0,0.9619477989310657
2268,7686d88b5ae4513e,True,1.0,1.0,1.0,0.0,1.0,1.0,0.5833333333333334
2269,fb643a2514195bfa,True,1.0,1.0,0.9229159393811596,1.0,1.0,1.0,0.9678816414088165
2270,22b526a96ad65c88,True,1.0,1.0,0.7732226572947462,1.0,1.0,1.0,0.9055094405394776
2271,eeae24d38eb15e0a,True,1.0,0.0,0.0,1.0,1.0,1.0,0.0
2272,84a763e08d2c5ac6,True,1.0,1.0,1.0,1.0,1.0,1.0,1.0
2273,c240593c969a5cfc,True,1.0,1.0,1.0,1.0,1.0,1.0,1.0
2274,e99744bcd703522c,True,1.0,1.0,1.0,1.0,1.0,1.0,1.0
2275,5a06f03022ec5b67,True,1.0,1.0,0.6345892584997869,1.0,1.0,1.0,0.8477455243749112
2276,f1ae86b9b6a75893,True,1.0,1.0,1.0,1.0,1.0,1.0,1.0
2277,fcdc1e7c917e5283,True,1.0,1.0,0.803718787529441,1.0,1.0,1.0,0.9182161614706005
2278,17d8604b0bc65ce5,True,1.0,1.0,0.5535886719269656,1.0,1.0,1.0,0.813995279969569
2279,389bfba2e25f581b,True,0.0,1.0,0.0,0.0,1.0,1.0,0.0
2280,a1d53677e05456b3,True,1.0,1.0,1.0,1.0,1.0,1.0,1.0
2281,934f7ab607405431,True,1.0,1.0,1.0,1.0,1.0,1.0,1.0
2282,995f8bcf61f95fad,True,1.0,1.0,1.0,1.0,1.0,1.0,1.0
2283,e46bb2932c0452b2,True,1.0,1.0,0.7300720853352061,1.0,1.0,1.0,0.8875300355563359
2284,cd9e6c1924c35b85,True,1.0,1.0,0.87758202942029,1.0,1.0,1.0,0.9489925122584543
2285,ecf10edba55e5595,True,1.0,1.0,0.8132042723020685,1.0,1.0,1.0,0.9221684467925285
2286,fae7a01d5d815f04,True,0.5,0.0,0.0,0.0,1.0,0.0,0.0
2287,b0b461ce7bd959ec,True,1.0,1.0,0.7919179131690142,0.0,1.0,0.0,0.49663246382042253
2288,92d2f07fc6075f5d,True,1.0,0.0,0.0,1.0,1.0,0.0,0.0
2289,60af77348f6257b6,True,1.0,1.0,0.5593398911155646,1.0,1.0,1.0,0.8163916212981519
2290,65612a858cc756b3,True,1.0,1.0,0.8865936011159505,1.0,1.0,1.0,0.9527473337983127
2291,fad0701870e750a5,True,1.0,0.0,0.0,0.0,1.0,1.0,0.0
2292,d4b29b90b8af5f81,True,1.0,1.0,1.0,1.0,1.0,1.0,1.0
2293,5c0a94addace52e2,True,1.0,1.0,0.8077581222414071,1.0,1.0,1.0,0.9198992176005863
2294,495a149c042a5636,True,1.0,1.0,1.0,1.0,1.0,1.0,1.0
2295,314e2f70ce905b5e,True,1.0,1.0,1.0,1.0,1.0,1.0,1.0
2296,96b5b1c350745a73,True,0.0,0.0,0.0,0.0,1.0,0.5,0.0
2297,653ebb370df45ca5,True,1.0,1.0,0.7829966853550963,1.0,1.0,1.0,0.9095819522312901
2298,11714a81e1c45a54,True,1.0,1.0,1.0,1.0,1.0,1.0,1.0
2299,eb19160d56255b73,True,1.0,1.0,0.608235496903917,1.0,1.0,1.0,0.8367647903766321
2300,e7c485c237b352cd,True,1.0,1.0,0.9401079320276764,1.0,1.0,0.0,0.9750449716781985
2301,4b7a9aaecd8b5c5e,True,1.0,1.0,0.9705089730101757,1.0,1.0,1.0,0.9877120720875733
2302,cbec1eda814e5065,True,1.0,1.0,1.0,1.0,1.0,1.0,1.0
2303,9b79840e85be5c10,True,1.0,1.0,1.0,1.0,1.0,1.0,1.0
2304,ccf5fed938d95a04,True,1.0,1.0,1.0,1.0,1.0,1.0,1.0
2305,b32ef3cb010c5903,True,1.0,1.0,0.9301976754911282,1.0,1.0,1.0,0.9709156981213033
2306,552fd48bfce35a20,True,1.0,1.0,1.0,1.0,1.0,1.0,1.0
2307,22f1319717ec58f0,True,1.0,1.0,0.5426644249023825,1.0,1.0,1.0,0.8094435103759926
2308,4bc122716deb519f,True,1.0,1.0,1.0,1.0,1.0,1.0,1.0
2309,9a1b945bf0125d1d,True,1.0,1.0,0.7036082945915817,1.0,1.0,1.0,0.8765034560798256
2310,802ea08c7ae1530a,True,1.0,1.0,1.0,1.0,1.0,1.0,1.0
2311,fd8299e81b435b94,True,1.0,1.0,0.8370037048878168,1.0,1.0,1.0,0.9320848770365903
2312,53259c7d4d8952eb,True,1.0,1.0,1.0,1.0,1.0,1.0,1.0
2313,ac3411f9c2b8530e,True,1.0,1.0,1.0,1.0,1.0,1.0,1.0
2314,af0e2b61cba953de,True,1.0,1.0,0.5914967709403539,1.0,1.0,1.0,0.8297903212251475
2315,e0aee9e955b35c08,True,1.0,1.0,0.6182235119947003,1.0,1.0,1.0,0.8409264633311251
2316,d4278d63cd605813,True,1.0,1.0,0.7254940665627578,1.0,1.0,1.0,0.8856225277344825
2317,090af86f693c507b,True,1.0,1.0,0.6020495044550942,1.0,1.0,1.0,0.8341872935229558
2318,d1fdb156118a52ae,True,1.0,1.0,0.6964977831319087,1.0,1.0,1.0,0.8735407429716285
2319,cccd69e7a6ff5be3,True,1.0,1.0,1.0,1.0,1.0,1.0,1.0
2320,2f6ef141a25657e5,True,1.0,0.0,0.0,1.0,1.0,1.0,0.0
2321,1e2e250cbb555fe6,True,1.0,1.0,0.8702536476923937,1.0,1.0,1.0,0.9459390198718308
2322,2352a994954555ba,True,1.0,1.0,1.0,1.0,1.0,1.0,1.0
2323,7f92403d0c6e5b5d,True,1.0,1.0,1.0,1.0,1.0,1.0,1.0
2324,f0fb575adb8a5171,True,1.0,0.0,0.0,0.0,1.0,1.0,0.0
2325,c65ad538a2275dd8,True,0.0,1.0,0.0,0.0,1.0,1.0,0.0
2326,d9fac9fdd2bd5036,True,1.0,1.0,1.0,0.0,1.0,1.0,0.5833333333333334
2327,4b09402394995325,True,1.0,1.0,0.7444694498641993,1.0,1.0,1.0,0.8935289374434164
2328,e31131deed6656ea,True,1.0,1.0,1.0,1.0,1.0,1.0,1.0
2329,c9c7f9354f935514,True,1.0,1.0,0.891252095762801,1.0,1.0,1.0,0.9546883732345005
2330,ddaf241c401e560a,True,1.0,1.0,0.6577188253182864,1.0,1.0,1.0,0.8573828438826193
2331,dc7dda8b400157ef,True,1.0,1.0,0.5944832905483963,1.0,1.0,1.0,0.8310347043951651
2332,7a754395c711541c,True,1.0,1.0,0.7063667895908154,1.0,1.0,1.0,0.877652828996173
2333,8719c1b8087d5590,True,1.0,1.0,1.0,1.0,1.0,1.0,1.0
2334,6c9959c7421b59a0,True,1.0,1.0,1.0,1.0,1.0,1.0,1.0
2335,c844ccab55295a05,True,1.0,1.0,1.0,1.0,1.0,1.0,1.0
2336,86c6c03a41a057d6,True,1.0,1.0,1.0,1.0,1.0,1.0,1.0
2337,3a31f6e6819d5ab2,True,1.0,1.0,0.9899450632704304,1.0,1.0,1.0,0.9958104430293461
2338,847432a116d35db0,True,1.0,1.0,0.7340087584213572,1.0,1.0,1.0,0.8891703160088987
2339,3c24bf88e9b150dd,True,1.0,1.0,0.7589636093585127,1.0,1.0,1.0,0.899568170566047
2340,ec64154dcf525edb,True,1.0,1.0,1.0,0.0,1.0,1.0,0.5833333333333334
2341,fb311858e737556d,True,1.0,1.0,0.6455232974099188,1.0,1.0,1.0,0.8523013739207995
2342,051b3ee34e3b59ec,True,1.0,1.0,0.9555254804540968,1.0,1.0,1.0,0.981468950189207
2343,315673fa4e595935,True,1.0,1.0,0.5246964828501199,1.0,1.0,1.0,0.8019568678542166
2344,3dcb4ddd8afe598d,True,1.0,1.0,0.8624250165636562,1.0,1.0,1.0,0.9426770902348567
2345,cb71a934523a5d4a,True,1.0,1.0,0.44000216472480025,1.0,1.0,1.0,0.7666675686353335
2346,330ca2e9aa935a3a,True,1.0,1.0,1.0,1.0,1.0,1.0,1.0
2347,0371700bf65b51e0,True,1.0,1.0,0.9884084783482967,1.0,1.0,1.0,0.9951701993117904
2348,249dd85ebaa65b9f,True,1.0,1.0,0.9399805363749482,1.0,1.0,1.0,0.9749918901562283
2349,fa1a3ccade2e50bf,True,1.0,1.0,0.597691933062266,1.0,1.0,1.0,0.8323716387759442
2350,111191a59b9c53c2,True,1.0,1.0,0.9297148447062531,1.0,1.0,1.0,0.9707145186276055
2351,9b91401bbfad5a3e,True,1.0,1.0,0.8697237841037205,1.0,1.0,1.0,0.9457182433765503
2352,038948dd9db85d2a,True,1.0,1.0,1.0,1.0,1.0,1.0,1.0
2353,fe469d42385259e2,True,1.0,1.0,0.9321338421787597,1.0,1.0,1.0,0.9717224342411499
2354,6ddd79643130526d,True,1.0,1.0,1.0,1.0,1.0,1.0,1.0
2355,48109ecc22f65d58,True,1.0,1.0,1.0,1.0,1.0,1.0,1.0
2356,dae9ebb7c5ff5c6a,True,1.0,1.0,0.8414406208024202,1.0,1.0,1.0,0.9339335920010085
2357,b77b4b6eb149553f,True,0.0,1.0,0.0,0.0,1.0,1.0,0.0
2358,3c8a95ec33f45af6,True,1.0,1.0,0.6879305454631415,1.0,1.0,1.0,0.8699710606096422
2359,7e134ea5ffa259f2,True,1.0,1.0,0.9365293073176932,1.0,1.0,1.0,0.9735538780490388
2360,c2331abea9b5551f,True,1.0,0.0,0.0,1.0,1.0,1.0,0.0
2361,62b620262e1b5b25,True,1.0,1.0,1.0,1.0,1.0,1.0,1.0
2362,cfd47fe44d355d32,True,0.5,1.0,0.41474206253787965,0.0,1.0,1.0,0.1697379296953916
2363,8dee25a9bcb35544,True,1.0,1.0,0.6804223002119022,1.0,1.0,1.0,0.8668426250882927
2364,4749d401a5a95254,True,1.0,1.0,0.7507209709774402,1.0,1.0,1.0,0.8961337379072667
2365,af6ce3c064fa5a56,True,1.0,0.0,0.0,1.0,1.0,0.5,0.0
2366,84ec7e450e205d8f,True,1.0,1.0,0.8762402726769167,1.0,1.0,1.0,0.9484334469487153
2367,8b83388ca9005cf1,True,1.0,1.0,0.8476779586352705,1.0,1.0,1.0,0.936532482764696
2368,ddc25b8617cb5aa0,True,1.0,1.0,0.9744671029984149,1.0,1.0,1.0,0.9893612929160062
2369,8a1fa33cd5d45d48,True,1.0,1.0,0.9212434563172275,1.0,1.0,1.0,0.9671847734655113
2370,1f9d4228103950f8,True,1.0,0.0,0.0,1.0,1.0,1.0,0.0
2371,ac45c0d29f1e5d76,True,1.0,1.0,1.0,1.0,1.0,1.0,1.0
2372,68ece717ce6553e7,True,1.0,1.0,1.0,1.0,1.0,1.0,1.0
2373,bb4f37403cea5b0e,True,1.0,1.0,0.6805145092048012,1.0,1.0,1.0,0.8668810455020005
2374,a6b457a7eb6a5cde,True,1.0,1.0,0.7962168353113253,1.0,1.0,1.0,0.9150903480463856
2375,687dc7e79cf65570,True,1.0,1.0,0.988085282903829,1.0,1.0,1.0,0.9950355345432621
2376,3379515437535154,True,1.0,1.0,1.0,1.0,1.0,1.0,1.0
2377,b9ef517f054450b7,True,1.0,1.0,1.0,1.0,1.0,1.0,1.0
2378,d060c613969b5092,True,1.0,1.0,0.7630547200591645,1.0,1.0,1.0,0.9012728000246519
2379,91795d835c905882,True,1.0,1.0,0.9456044357477696,1.0,1.0,1.0,0.9773351815615706
2380,74abadad5fd65d44,True,1.0,1.0,0.5671243879836192,1.0,1.0,1.0,0.8196351616598413
2381,fe8efa6c8dc4573e,True,1.0,1.0,0.8681451775954155,1.0,1.0,1.0,0.9450604906647565
2382,ff60c00aba8b554e,True,1.0,1.0,0.6509267745577514,1.0,1.0,1.0,0.8545528227323964
2383,79efd3e82ef059b6,True,1.0,1.0,1.0,1.0,1.0,1.0,1.0
2384,7db6a3bd77405292,True,1.0,1.0,1.0,1.0,1.0,1.0,1.0
2385,f3c165d6e31f524d,True,1.0,1.0,1.0,1.0,1.0,1.0,1.0
2386,7e862e783690532d,True,1.0,1.0,0.8012174749636354,1.0,1.0,1.0,0.9171739479015147
2387,de2c2bde3a615d75,True,1.0,0.0,0.0,1.0,1.0,1.0,0.0
2388,1ec7ff5bb8cf5477,True,1.0,1.0,0.8885482254109685,1.0,1.0,1.0,0.9535617605879034
2389,f0135d40a8f05feb,True,1.0,1.0,0.8261523644936153,1.0,1.0,1.0,0.9275634852056731
2390,f93751942d4e5c48,True,0.0,1.0,0.0,0.0,1.0,1.0,0.0
2391,abbfc957d5545f53,True,1.0,1.0,0.6934756090087402,1.0,1.0,1.0,0.8722815037536417
2392,5368a45f74ed5f66,True,1.0,1.0,1.0,1.0,1.0,1.0,1.0
2393,be0e8eae708f5d4b,True,1.0,1.0,0.8536676304583292,0.0,1.0,1.0,0.5223615126909705
2394,d51f75f9ae88529a,True,1.0,1.0,0.892342086190427,1.0,1.0,1.0,0.9551425359126778
2395,d42e15faa6375e18,True,1.0,1.0,1.0,1.0,1.0,1.0,1.0
2396,62c59eb9ece45d86,True,1.0,1.0,0.8160446261831853,1.0,1.0,1.0,0.9233519275763271
2397,44a82a16cdbc5813,True,1.0,1.0,0.8559173686965604,1.0,1.0,1.0,0.9399655702902335
2398,e036ba13ad4d5784,True,1.0,1.0,1.0,1.0,1.0,1.0,1.0
2399,cea6c267a5a05b3c,True,1.0,0.0,0.0,1.0,1.0,1.0,0.0
2400,9a23e7bc52e657c3,True,1.0,0.0,0.0,0.0,1.0,1.0,0.0
2401,396eba48b9c5529d,True,1.0,1.0,0.806483994881329,1.0,1.0,1.0,0.9193683312005537
2402,651f88b4c46e50a2,True,1.0,1.0,0.9922800506670725,1.0,1.0,1.0,0.9967833544446135
2403,a38cf6735cfc5f54,True,1.0,1.0,0.7628106797171648,1.0,1.0,1.0,0.9011711165488187
2404,3978c2d5fb6e5f5a,True,1.0,1.0,0.7687610681005669,1.0,1.0,1.0,0.9036504450419028
2405,33ee6f1f594d50ca,True,1.0,1.0,1.0,1.0,1.0,1.0,1.0
2406,fd513762a5ea5dd4,True,1.0,1.0,1.0,0.0,1.0,1.0,0.5833333333333334
2407,dbb26055ea9351dc,True,1.0,0.0,0.0,1.0,1.0,1.0,0.0
2408,c63b3d251ef85a13,True,1.0,1.0,0.820637176392087,1.0,1.0,1.0,0.9252654901633696
2409,a60202554bf55ef1,True,1.0,1.0,0.9932441575376257,1.0,1.0,1.0,0.9971850656406774
2410,0aa18dd2372d5e11,True,1.0,1.0,1.0,1.0,1.0,1.0,1.0
2411,33cef4cafef9503b,True,1.0,1.0,0.669474003450761,1.0,1.0,1.0,0.8622808347711505
2412,9e7ae0e0f04255fa,True,0.0,1.0,0.0,0.0,1.0,0.0,0.0
2413,8172f888cc1f5c0f,True,1.0,1.0,0.6218332701595132,1.0,1.0,1.0,0.8424305292331304
2414,8bacfc35148b5dad,True,1.0,1.0,0.6653871857101882,1.0,1.0,1.0,0.8605779940459118
2415,351f4333f34258b6,True,1.0,1.0,0.9325253007969019,1.0,1.0,1.0,0.971885541998709
2416,f033f87821135704,True,1.0,1.0,0.9579263404754866,1.0,1.0,1.0,0.9824693085314529
2417,b8e377d0f7b95014,True,1.0,0.0,0.0,1.0,1.0,1.0,0.0
2418,9690846adfb751cc,True,1.0,1.0,0.8611943723122969,1.0,1.0,1.0,0.9421643217967904
2419,02c173ffafdd5be5,True,1.0,1.0,0.657417723227465,1.0,1.0,1.0,0.8572573846781104
2420,1e73524ff61b5a70,True,1.0,1.0,1.0,1.0,1.0,1.0,1.0
2421,7cead15dfaab593e,True,1.0,1.0,0.7362532560400719,1.0,1.0,1.0,0.89010552335003
2422,e3ed22f3bc385b45,True,1.0,1.0,1.0,1.0,1.0,0.0,1.0
2423,f4e2ec6e37535056,True,1.0,1.0,1.0,1.0,1.0,1.0,1.0
2424,ebc294355ca753b0,True,1.0,1.0,0.6903426318971344,1.0,1.0,1.0,0.870976096623806
2425,307fee530f99569a,True,1.0,1.0,1.0,1.0,1.0,1.0,1.0
2426,0bf5bbbd53fe5ea6,True,1.0,0.0,0.0,1.0,1.0,1.0,0.0
2427,6edc8f2bcb3054be,True,1.0,1.0,0.8084625736943954,1.0,1.0,1.0,0.9201927390393315
2428,b435be7b7b1b5dd4,True,1.0,1.0,1.0,1.0,1.0,1.0,1.0
2429,58dd10abb9ba5388,True,1.0,0.0,0.0,1.0,1.0,0.5,0.0
2430,aa7cf4712b635bb0,True,1.0,1.0,1.0,1.0,1.0,1.0,1.0
2431,eed926191448591a,True,1.0,1.0,1.0,1.0,1.0,1.0,1.0
2432,34a2cb9790ae53f3,True,1.0,1.0,0.9270430947025561,1.0,1.0,1.0,0.9696012894593983
2433,d9d78961c83a5acb,True,1.0,1.0,0.9483384385469208,1.0,1.0,1.0,0.9784743493945504
2434,01b78ea52da8595a,True,1.0,1.0,0.7691173303504065,1.0,1.0,1.0,0.9037988876460027
2435,96d8920289b55395,True,1.0,1.0,0.8063520912026506,1.0,1.0,1.0,0.9193133713344377
2436,2f03781e3fd05c28,True,1.0,1.0,0.7052596502340752,1.0,1.0,1.0,0.8771915209308646
2437,86641ef36dfc5c16,True,1.0,1.0,1.0,1.0,1.0,1.0,1.0
2438,b31417a335cf5955,True,1.0,1.0,1.0,1.0,1.0,1.0,1.0
2439,afd8795214205519,True,1.0,1.0,1.0,1.0,1.0,1.0,1.0
2440,6b258d7ddf7d53f3,True,1.0,1.0,1.0,1.0,1.0,1.0,1.0
2441,04f5b9e8203c5a92,True,1.0,1.0,0.5632761811110936,1.0,1.0,1.0,0.8180317421296223
2442,8dda399c53aa5be8,True,1.0,1.0,0.9661378380715925,1.0,1.0,1.0,0.9858907658631635
2443,749a9bb4860f5cc1,True,1.0,1.0,0.7791509529320546,1.0,1.0,1.0,0.9079795637216894
2444,9482776d16a6551d,True,1.0,1.0,0.5690727225822673,1.0,1.0,1.0,0.8204469677426114
2445,e7d1a48359b65c2d,True,1.0,1.0,0.7409127199071622,1.0,1.0,1.0,0.8920469666279843
2446,971af37715285683,True,1.0,1.0,1.0,1.0,1.0,1.0,1.0
2447,e694a2cdf01e52b8,True,1.0,1.0,0.8694319532048027,1.0,1.0,1.0,0.9455966471686678
2448,ac2da3da332b5a04,True,1.0,1.0,0.717945513470144,1.0,1.0,1.0,0.8824772972792267
2449,367967cea49c5dda,True,1.0,1.0,0.4149723794995606,0.0,1.0,0.5,0.33957182479148357
2450,eefe691a7cbb55c8,True,1.0,1.0,1.0,0.0,1.0,1.0,0.5833333333333334
2451,988cf241460c557e,True,1.0,1.0,0.7865766321569215,1.0,1.0,1.0,0.9110735967320506
2452,40c362dd278b5280,True,1.0,1.0,1.0,1.0,1.0,1.0,1.0
2453,b66f066aad62515e,True,1.0,1.0,0.8820125738290248,1.0,1.0,1.0,0.9508385724287604
2454,a61ba5902ded5c56,True,1.0,1.0,0.8317317872531331,1.0,1.0,1.0,0.9298882446888056
2455,bcf787cdb66453f0,True,1.0,1.0,0.9769898867094436,0.0,1.0,1.0,0.5737457861289349
2456,d7d752a4a8b95a59,True,1.0,1.0,0.13780509467883545,1.0,1.0,1.0,0.6407521227828481
2457,5d003b19e1a25253,True,1.0,1.0,0.780396275967338,1.0,1.0,1.0,0.9084984483197242
2458,984c4c329ba05bd2,True,1.0,1.0,1.0,1.0,1.0,1.0,1.0
2459,87b468bcdad158c2,True,1.0,1.0,1.0,1.0,1.0,1.0,1.0
2460,90e387c7930d56de,True,1.0,1.0,0.8254528936633576,1.0,1.0,1.0,0.927272039026399
2461,4dad8cf0704c5c43,True,1.0,1.0,1.0,1.0,1.0,1.0,1.0
2462,a83d8c6015e85622,True,1.0,1.0,0.7871135078795191,1.0,1.0,1.0,0.9112972949497996
2463,9e79198b9fd559a1,True,1.0,1.0,1.0,1.0,1.0,1.0,1.0
2464,8612b2c9d3875ac2,True,1.0,1.0,1.0,0.0,1.0,1.0,0.5833333333333334
2465,50a0fd7b031e5ca6,True,1.0,1.0,0.48896218159392085,1.0,1.0,1.0,0.7870675756641337
2466,7feaf6410f1854a8,True,1.0,1.0,0.8184134994808,1.0,1.0,1.0,0.924338958117
2467,1faa10d7c34553d2,True,1.0,1.0,0.8285401733186607,1.0,1.0,1.0,0.9285584055494419
2468,37d818085d0f56e8,True,1.0,1.0,0.81441135915546,1.0,1.0,1.0,0.9226713996481083
2469,0751ef23000050f8,True,1.0,1.0,1.0,1.0,1.0,1.0,1.0
2470,137f854539c45fe1,True,1.0,0.0,0.0,1.0,1.0,1.0,0.0
2471,cc7afdc5a1e95b5a,True,1.0,1.0,0.9748551615297659,1.0,1.0,1.0,0.9895229839707357
2472,0b1a626ef31150b3,True,1.0,1.0,0.8862661055837291,1.0,1.0,1.0,0.9526108773265539
2473,8f0f0f9061b35356,True,1.0,1.0,0.7866230529052288,1.0,1.0,1.0,0.911092938710512
2474,749ac04eaa475981,True,1.0,1.0,1.0,1.0,1.0,1.0,1.0
2475,20f0988b6050572a,True,1.0,1.0,1.0,0.0,1.0,1.0,0.5833333333333334
2476,218b80dbcd8551b8,True,1.0,1.0,0.8521431985181204,1.0,1.0,1.0,0.93839299938255
2477,3d20913330f152ee,True,1.0,1.0,0.5216249813161625,1.0,1.0,1.0,0.8006770755484011
2478,11d702a710115591,True,1.0,1.0,0.9639151379969472,1.0,1.0,1.0,0.9849646408320613
2479,f70c1fa8bbfc5d77,True,1.0,1.0,0.7867346466496498,1.0,1.0,1.0,0.9111394361040208
2480,ff32fea658445802,True,1.0,1.0,0.8518576557315194,1.0,1.0,1.0,0.9382740232214664
2481,0f24ec666e145cab,True,1.0,1.0,1.0,1.0,1.0,1.0,1.0
2482,32a9021303f65743,True,1.0,0.0,0.0,1.0,1.0,1.0,0.0
2483,56a5e83ad14c558a,True,1.0,1.0,0.8044171862279096,1.0,1.0,1.0,0.9185071609282957
2484,99213b077bdf516b,True,1.0,1.0,0.5097991187060706,1.0,1.0,1.0,0.7957496327941961
2485,eaa64f296ff85b61,True,1.0,1.0,1.0,1.0,1.0,1.0,1.0
2486,3466b16cf2c95855,True,1.0,0.0,0.0,1.0,1.0,1.0,0.0
2487,b2229456008c518d,True,1.0,1.0,0.452888531163817,1.0,1.0,0.5,0.7720368879849238
2488,3a84cbdfcbf554a6,True,1.0,1.0,0.5721464096902548,1.0,1.0,1.0,0.8217276707042728
2489,3495be9149e0537d,True,1.0,1.0,0.6684493381658715,1.0,1.0,1.0,0.8618538909024465
2490,c447b75808ee5ea6,True,1.0,1.0,0.9595816467016485,1.0,1.0,1.0,0.9831590194590202
2491,b9238f564f875dfc,True,1.0,1.0,0.8547747885672425,1.0,1.0,1.0,0.9394894952363511
2492,684a977a365b5e73,True,1.0,1.0,1.0,1.0,1.0,1.0,1.0
2493,3123935b28265c80,True,1.0,1.0,1.0,1.0,1.0,1.0,1.0
2494,6058f9d8998e5a95,True,1.0,1.0,0.5612993027512531,1.0,1.0,1.0,0.8172080428130221
2495,36037c6abc0558dc,True,1.0,1.0,0.7180586806881021,1.0,1.0,1.0,0.8825244502867092
2496,7229dee5d2685deb,True,1.0,0.0,0.0,1.0,1.0,0.5,0.0
2497,1835975eaaf65843,True,1.0,1.0,1.0,1.0,1.0,1.0,1.0
2498,135899b9eb4f543e,True,1.0,1.0,1.0,1.0,1.0,1.0,1.0
2499,7aaa1817f97e5e5e,True,1.0,1.0,1.0,1.0,1.0,1.0,1.0
2500,4b7b765455d1517c,True,1.0,1.0,1.0,1.0,1.0,1.0,1.0
2501,a541237b06645d49,True,1.0,1.0,0.8707879956995486,1.0,1.0,1.0,0.9461616648748118
2502,b9148aabf55250e9,True,1.0,1.0,0.740248942922588,1.0,1.0,1.0,0.8917703928844117
2503,ddd3fc0cf919567b,True,1.0,1.0,0.827523361936568,1.0,1.0,1.0,0.9281347341402366
2504,5aae47691f185a21,True,1.0,1.0,0.8433739863379737,1.0,1.0,1.0,0.9347391609741557
2505,580524859b485a1b,True,1.0,1.0,0.7661206805564095,0.0,1.0,1.0,0.48588361689850396
2506,83a4e663032f5c9a,True,1.0,1.0,0.5348383051767533,1.0,1.0,1.0,0.8061826271569806
2507,b4bcd9085faf5842,True,1.0,1.0,0.8253762374951354,1.0,1.0,1.0,0.9272400989563064
2508,198bc5f3280e52cd,True,1.0,1.0,1.0,1.0,1.0,1.0,1.0
2509,03af0c992a5a5ffc,True,1.0,1.0,1.0,1.0,1.0,1.0,1.0
2510,5f42f18776195578,True,1.0,1.0,0.9104720342250737,1.0,1.0,1.0,0.962696680927114
2511,c0afed32320d53ec,True,1.0,1.0,1.0,1.0,1.0,1.0,1.0
2512,310fcecd57a95e06,True,1.0,1.0,0.9010710301984969,1.0,1.0,1.0,0.9587795959160403
2513,b14d21a164615e3e,True,1.0,1.0,1.0,1.0,1.0,1.0,1.0
2514,689ed7a2ee4b583d,True,1.0,1.0,0.9565541746416865,1.0,1.0,1.0,0.9818975727673692
2515,dd443a8a8d805e57,True,1.0,1.0,0.772251965346286,1.0,1.0,1.0,0.9051049855609525
2516,e95b2a30d9f456e2,True,1.0,1.0,1.0,1.0,1.0,1.0,1.0
2517,185dd0f2003e5d35,True,1.0,1.0,1.0,1.0,1.0,1.0,1.0
2518,e80197fe19435d28,True,1.0,1.0,0.9187650224249951,1.0,1.0,1.0,0.9661520926770812
2519,df4dfd432ba25781,True,1.0,1.0,1.0,1.0,1.0,1.0,1.0
2520,c0d4412fa9f15f5b,True,1.0,1.0,0.8565328776604189,1.0,1.0,1.0,0.9402220323585079
2521,1d7fd5ffc1e3571c,True,1.0,1.0,1.0,1.0,1.0,1.0,1.0
2522,5777bfe33e865897,True,1.0,1.0,0.7852957828661441,1.0,1.0,1.0,0.91053990952756
2523,0f3d66a03c5e500b,True,1.0,1.0,0.9951174208790045,1.0,1.0,1.0,0.9979655920329185
2524,08e025b8ab6253bc,True,1.0,0.0,0.0,1.0,1.0,1.0,0.0
2525,f631a836a63855e0,True,1.0,1.0,0.8813053884280633,1.0,1.0,1.0,0.9505439118450264
2526,701c95bcdaa65c14,True,1.0,1.0,0.730947291754592,1.0,1.0,1.0,0.8878947048977467
2527,e28e57068b0b5cf3,True,1.0,1.0,0.8219506754223214,1.0,1.0,1.0,0.9258127814259672
2528,55d102de4d6150f8,True,1.0,1.0,0.8591520356875677,1.0,1.0,1.0,0.9413133482031532
2529,f9c8ec6aefc05be4,True,1.0,1.0,0.4896048334510832,1.0,1.0,1.0,0.7873353472712846
2530,bf7e92340c6454a2,True,1.0,1.0,0.7470353374939782,0.0,1.0,1.0,0.4779313906224909
2531,76a494d09cd75446,True,1.0,1.0,0.7914315960256207,1.0,1.0,1.0,0.9130964983440086
2532,e9c2b75226b85cfe,True,1.0,1.0,1.0,1.0,1.0,1.0,1.0
2533,4b6b3a81cc235dbf,True,1.0,1.0,1.0,1.0,1.0,1.0,1.0
2534,346f28fb35365c73,True,1.0,1.0,0.8036129457143165,1.0,1.0,1.0,0.9181720607142986
2535,f583323fe0215871,True,1.0,1.0,1.0,1.0,1.0,1.0,1.0
2536,1a0f27ced7e056f6,True,1.0,1.0,1.0,1.0,1.0,1.0,1.0
2537,d7bf550698b55562,True,1.0,1.0,0.7171207513874857,1.0,1.0,1.0,0.8821336464114523
2538,9215943615c45afd,True,1.0,1.0,0.8016545482391344,1.0,1.0,1.0,0.917356061766306
2539,677d8d1e838b5793,True,1.0,1.0,0.7562271652184623,1.0,1.0,1.0,0.8984279855076927
2540,179ea24426e95029,True,1.0,1.0,1.0,1.0,0.0,1.0,0.8333333333333334
2541,6239683a6e0d556d,True,1.0,1.0,1.0,1.0,1.0,1.0,1.0
2542,29c3b3019c9e535a,True,1.0,1.0,0.7369613361516792,1.0,1.0,1.0,0.8904005567298663
2543,63c1254fe8ef5145,True,1.0,1.0,1.0,1.0,1.0,1.0,1.0
2544,db07a6d7eacd57d1,True,1.0,1.0,1.0,1.0,1.0,1.0,1.0
2545,2649eb9e1a445b29,True,1.0,1.0,0.6026779741450623,1.0,1.0,1.0,0.834449155893776
2546,b65dbda85d085330,True,1.0,1.0,0.7757843284114505,1.0,1.0,1.0,0.9065768035047711
2547,38f555fbc07f5185,True,1.0,1.0,1.0,1.0,1.0,1.0,1.0
2548,48ee746b1bfb5e7a,True,1.0,1.0,1.0,1.0,1.0,1.0,1.0
2549,7084e524e59c50ab,True,1.0,1.0,0.8738669178637269,1.0,1.0,1.0,0.9474445491098863
2550,dadfddb20a29587d,True,1.0,1.0,0.961073790272029,1.0,1.0,1.0,0.9837807459466786
2551,a93fa981f60d50af,True,0.0,1.0,0.0,0.0,1.0,1.0,0.0
2552,53f1331b9dd45ffa,True,1.0,1.0,0.9246862073009909,1.0,1.0,1.0,0.9686192530420795
2553,2f260b8b9dee5b0c,True,1.0,1.0,1.0,1.0,1.0,1.0,1.0
2554,b72c6ad506465ebb,True,1.0,1.0,1.0,1.0,1.0,1.0,1.0
2555,8eb6e6b220755d3b,True,1.0,1.0,0.8646016470133836,1.0,1.0,1.0,0.9435840195889099
2556,bcd38d9246695d74,True,1.0,1.0,0.8809117385119473,1.0,1.0,1.0,0.9503798910466447
2557,bae48b8677205cad,True,1.0,1.0,1.0,1.0,1.0,1.0,1.0
2558,9f699a1331785e57,True,1.0,1.0,0.8484653117205933,1.0,1.0,1.0,0.9368605465502471
2559,dd2bc3e6bb8353b8,True,1.0,1.0,0.9549489177434022,1.0,1.0,1.0,0.9812287157264176
2560,1f2f210163c358f8,True,1.0,1.0,0.7942475704590684,1.0,1.0,1.0,0.9142698210246119
2561,4386a0ba98f95bb3,True,1.0,1.0,0.910446731432345,1.0,1.0,1.0,0.9626861380968105
2562,d926deb799a65bea,True,1.0,1.0,0.779174183747556,1.0,1.0,1.0,0.9079892432281483
2563,b5823453f7875542,True,1.0,1.0,1.0,1.0,1.0,1.0,1.0
2564,10d172af1ba359a2,True,1.0,1.0,0.8189016309205599,1.0,1.0,1.0,0.9245423462168999
2565,4509bc830bbc5fbd,True,1.0,0.0,0.0,0.0,1.0,1.0,0.0
2566,918a76140b9a5f92,True,0.0,1.0,0.0,0.0,1.0,1.0,0.0
2567,c038901b4a0259ab,True,1.0,0.0,0.0,1.0,1.0,1.0,0.0
2568,771b7e7196585f07,True,1.0,0.0,0.0,1.0,1.0,1.0,0.0
2569,2a3a3e232e86560b,True,1.0,1.0,0.8745597943837248,1.0,1.0,1.0,0.9477332476598853
2570,c126718a51d85fbd,True,1.0,1.0,0.9866331480529825,1.0,1.0,1.0,0.9944304783554093
2571,9a22009eaa1250fe,True,1.0,1.0,0.8118972220753173,1.0,1.0,1.0,0.9216238425313822
2572,1c7a7a95bc3354b8,True,1.0,1.0,0.8635353654211957,1.0,1.0,1.0,0.9431397355921649
2573,9cc2069263cc5e4a,True,1.0,1.0,1.0,1.0,1.0,1.0,1.0
2574,85005d733df9577f,True,1.0,1.0,1.0,1.0,1.0,1.0,1.0
2575,81410acd84c0516a,True,1.0,1.0,1.0,1.0,1.0,1.0,1.0
2576,b7922416f6935fc4,True,1.0,1.0,0.9748820471019399,1.0,1.0,1.0,0.989534186292475
2577,d8699a1844cc5541,True,1.0,1.0,1.0,1.0,1.0,1.0,1.0
2578,e993f3cb1dd051df,True,1.0,1.0,1.0,1.0,1.0,1.0,1.0
2579,4f50d7c22352505e,True,1.0,1.0,0.8400369120919652,1.0,1.0,1.0,0.9333487133716521
2580,569a63e20e845d44,True,1.0,1.0,0.45510877453209925,1.0,1.0,1.0,0.7729619893883747
2581,3fd7c487c29f53bc,True,0.0,1.0,0.0,0.0,1.0,1.0,0.0
2582,afe83cb6c0ae5f67,True,1.0,0.0,0.0,1.0,1.0,1.0,0.0
2583,05c6edc5f05c5932,True,0.0,1.0,0.0,0.0,1.0,1.0,0.0
2584,8b6aa9462f5157b3,True,1.0,1.0,1.0,1.0,1.0,1.0,1.0
2585,a7d3076a7b7b58b2,True,1.0,0.0,0.0,1.0,1.0,1.0,0.0
2586,95165bfbaadf5a64,True,1.0,1.0,1.0,1.0,1.0,1.0,1.0
2587,c89f33e9f07d5aa8,True,1.0,1.0,0.3888918072603187,1.0,1.0,0.5,0.7453715863584661
2588,fc0a5277292352d9,True,1.0,1.0,1.0,0.0,1.0,1.0,0.5833333333333334
2589,6162470f2d0c5e13,True,0.0,1.0,0.0,0.0,1.0,0.0,0.0
2590,b2f8e3b0a7a1565e,True,1.0,1.0,0.7746617663139042,1.0,1.0,1.0,0.90610906929746
2591,65fc12f7836f58ed,True,1.0,1.0,1.0,1.0,1.0,1.0,1.0
2592,1a243b05959f5787,True,1.0,1.0,0.8795284791581576,1.0,1.0,1.0,0.9498035329825657
2593,9a594a58c8125976,True,1.0,1.0,0.9512468245630782,1.0,1.0,1.0,0.9796861769012826
2594,1623cbaee7295b13,True,1.0,1.0,1.0,1.0,1.0,1.0,1.0
2595,95effa16c4bb5c12,True,1.0,1.0,0.8970116972853606,0.0,1.0,0.0,0.5404215405355669
2596,90797642e4065c3c,True,1.0,1.0,0.6115421408609395,1.0,1.0,1.0,0.838142558692058
2597,7ffaa3cf8bf45474,True,1.0,1.0,1.0,1.0,1.0,1.0,1.0
2598,725cc9599c3455ad,True,1.0,1.0,1.0,1.0,1.0,1.0,1.0
2599,312d2bf03023521a,True,1.0,1.0,0.7399056760427687,1.0,1.0,1.0,0.8916273650178203
2600,b7d52a0a64825b14,True,1.0,1.0,1.0,0.0,1.0,1.0,0.5833333333333334
2601,8f741adb793f51c9,True,1.0,1.0,1.0,1.0,1.0,0.5,1.0
2602,f94d84bd174d59ce,True,0.0,0.0,0.0,0.0,1.0,1.0,0.0
2603,a1fa084b258b5672,True,1.0,1.0,0.8498460444807491,1.0,1.0,1.0,0.9374358518669789
2604,144116b6c1e35d3e,True,1.0,1.0,0.5616020798872978,1.0,1.0,0.5,0.8173341999530407
2605,b669576d14655afc,True,1.0,1.0,0.8451474387789529,1.0,1.0,1.0,0.9354780994912305
2606,14fe69db03425780,True,1.0,0.0,0.0,1.0,1.0,1.0,0.0
2607,dbfc9f81daf956a9,True,1.0,1.0,1.0,1.0,1.0,1.0,1.0
2608,e8dd949cee3c5f30,True,1.0,1.0,0.7064535750715869,1.0,1.0,1.0,0.8776889896131612
2609,45b4f09799295069,True,1.0,1.0,0.8737021957661527,1.0,1.0,1.0,0.9473759149025636
2610,df4bfb41bc3b5ded,True,1.0,1.0,0.9929362714674138,1.0,1.0,1.0,0.997056779778089
2611,6f790c3c333058b2,True,1.0,1.0,0.7414219052524804,1.0,1.0,1.0,0.8922591271885335
2612,16ee6602bb5c5e99,True,1.0,1.0,1.0,1.0,1.0,1.0,1.0
2613,f253fd0891d3562a,True,1.0,1.0,1.0,1.0,1.0,1.0,1.0
2614,7bbacd116bd75f85,True,1.0,1.0,0.916264613864327,1.0,1.0,1.0,0.9651102557768029
2615,737920796b595b0f,True,1.0,1.0,0.5489175805356864,1.0,1.0,0.5,0.8120489918898693
2616,5b6e0702773c5bdb,True,1.0,1.0,0.8024120815898828,1.0,1.0,1.0,0.9176717006624511
2617,34336b5c8ad1562e,True,1.0,1.0,0.9865489121303016,1.0,1.0,1.0,0.9943953800542923
2618,0f337f2c23215a9e,True,1.0,1.0,1.0,1.0,1.0,1.0,1.0
2619,c5af9333bf63510d,True,1.0,1.0,0.7546993612681805,1.0,1.0,1.0,0.8977914005284084
2620,9cf612ff6e4f5bd5,True,0.0,1.0,0.0,0.0,1.0,1.0,0.0
2621,88f3df2443c55e59,True,1.0,1.0,0.7970002858350026,1.0,1.0,1.0,0.9154167857645844
2622,706a6c85e65858c8,True,1.0,1.0,0.903612192630927,1.0,1.0,1.0,0.9598384135962196
2623,3296651e2cf0547d,True,1.0,1.0,0.6869235281527007,1.0,1.0,1.0,0.8695514700636253
2624,06a1f481118057b2,True,1.0,1.0,0.7667128128522881,1.0,1.0,1.0,0.9027970053551201
2625,a6862e7424815856,True,1.0,1.0,1.0,1.0,1.0,1.0,1.0
2626,f10d0ad9103c5495,True,1.0,1.0,0.9969379195011933,1.0,1.0,1.0,0.9987241331254971
2627,4310513b861550dc,True,1.0,1.0,1.0,1.0,1.0,1.0,1.0
2628,b1e0acd51fbf5895,True,1.0,1.0,0.5909220567142425,1.0,1.0,1.0,0.8295508569642678
2629,4c8d222d98115a86,True,1.0,1.0,1.0,1.0,1.0,1.0,1.0
2630,5593d7326b9c59aa,True,1.0,1.0,1.0,1.0,1.0,1.0,1.0
2631,b61a78b163d654e0,True,1.0,1.0,0.7032186771449002,1.0,1.0,1.0,0.8763411154770417
2632,1b203e7299655c9c,True,1.0,1.0,0.8649762412705706,0.0,1.0,1.0,0.5270734338627378
2633,d09bb687e7e15b97,True,1.0,1.0,1.0,1.0,1.0,1.0,1.0
2634,53ed75baf8ef5022,True,1.0,1.0,0.5948459605635634,1.0,1.0,1.0,0.8311858169014847
2635,9aad3780bef85c98,True,1.0,1.0,1.0,0.0,1.0,1.0,0.5833333333333334
2636,fc9b5914f47e58fe,True,1.0,1.0,0.7185529711420144,1.0,1.0,1.0,0.8827304046425061
2637,81b8a8b98a655f0f,True,1.0,1.0,1.0,1.0,1.0,1.0,1.0
2638,01add9e74d3c5053,True,1.0,1.0,0.6272600614079066,1.0,1.0,1.0,0.8446916922532944
2639,4d7fd20d02ae5ed4,True,1.0,1.0,0.655263234278851,1.0,1.0,1.0,0.8563596809495212
2640,0145102e6c2f5803,True,1.0,1.0,0.8731644407519843,1.0,1.0,1.0,0.9471518503133268
2641,0a4cf95e90d45770,True,1.0,1.0,1.0,1.0,1.0,1.0,1.0
2642,8f105ffb008c5801,True,1.0,1.0,0.9749461243917944,1.0,1.0,1.0,0.9895608851632476
2643,ca8a417f32d859ba,True,1.0,1.0,1.0,1.0,1.0,0.5,1.0
2644,86c5b7af4b47513d,True,1.0,1.0,0.632805583687211,1.0,1.0,1.0,0.8470023265363379
2645,805158120d1c552e,True,1.0,1.0,1.0,1.0,1.0,1.0,1.0
2646,da668c88a6ef562c,True,1.0,1.0,0.7989780130103764,1.0,1.0,1.0,0.9162408387543235
2647,b8434dfe0fbf56f0,True,1.0,1.0,0.5587105026595939,1.0,1.0,1.0,0.8161293761081642
2648,6123057c78785150,True,1.0,1.0,1.0,1.0,1.0,1.0,1.0
2649,fe4e5fdf88195cfa,True,1.0,1.0,0.8382467433247645,1.0,1.0,1.0,0.9326028097186518
2650,cf07d06219ef5cd4,True,1.0,1.0,1.0,1.0,1.0,1.0,1.0
2651,fa9e58947ab65890,True,1.0,1.0,0.8018550948570817,1.0,1.0,1.0,0.9174396228571174
2652,c10c52fd674f5277,True,1.0,1.0,0.830489078981049,1.0,1.0,1.0,0.929370449575437
2653,fb54b190735e579f,True,0.0,1.0,0.0,0.0,1.0,1.0,0.0
2654,31013d67978e5284,True,1.0,1.0,0.8066776487342083,1.0,1.0,1.0,0.9194490203059201
2655,19d546524016560f,True,1.0,1.0,0.8226280640972938,1.0,1.0,1.0,0.9260950267072058
2656,53400e82ca375c5f,True,1.0,1.0,0.7779506168401541,1.0,1.0,1.0,0.9074794236833975
2657,66ccc68c8f755683,True,1.0,1.0,1.0,1.0,1.0,0.0,1.0
2658,9f62394830d05091,True,1.0,1.0,0.8982693813300036,1.0,1.0,1.0,0.9576122422208347
2659,88ac42d0eaca5c57,True,1.0,1.0,1.0,1.0,1.0,1.0,1.0
2660,b7205dc330035bf4,True,1.0,1.0,0.9511850739074614,1.0,1.0,1.0,0.9796604474614422
2661,fc1800501fa157a7,True,1.0,0.0,0.0,1.0,1.0,1.0,0.0
2662,37d8b3ca81905645,True,1.0,1.0,1.0,1.0,1.0,1.0,1.0
2663,b9db0f40e33853b3,True,1.0,1.0,0.7566594989423526,1.0,1.0,1.0,0.8986081245593137
2664,8feb2ae5cc2451c3,True,1.0,1.0,1.0,1.0,1.0,1.0,1.0
2665,6de13c6c9af05cac,True,1.0,1.0,0.7582792632159396,1.0,1.0,0.0,0.8992830263399748
2666,e69feea0fa7953e0,True,1.0,1.0,0.7940666894059192,1.0,1.0,1.0,0.914194453919133
2667,4bbc76cff4355b53,True,1.0,1.0,0.8710435187057195,1.0,1.0,1.0,0.9462681327940498
2668,b7215e8a4eb6552a,True,1.0,0.0,0.0,1.0,1.0,1.0,0.0
2669,1661876892b952e5,True,1.0,1.0,0.8399608498586275,1.0,1.0,1.0,0.9333170207744281
2670,fe6105aa925d5621,True,1.0,1.0,1.0,1.0,1.0,0.0,1.0
2671,6cc1bbadf8f25f7c,True,1.0,0.0,0.0,1.0,1.0,0.5,0.0
2672,c49e7550cee75722,True,1.0,1.0,1.0,1.0,1.0,1.0,1.0
2673,a8fd739baf0a5935,True,1.0,1.0,0.9209782261178446,1.0,1.0,1.0,0.9670742608824353
2674,7bfd8ff8489158cc,True,1.0,1.0,0.9387005902577534,1.0,1.0,1.0,0.974458579274064
2675,e0c6e5c235ed5b7b,True,1.0,1.0,0.8844721281386787,1.0,1.0,1.0,0.9518633867244496
2676,b60f0f172ace5051,True,1.0,1.0,0.7102667198368532,1.0,1.0,1.0,0.8792777999320222
2677,e90d6c211deb5f05,True,1.0,1.0,0.4434697193264503,1.0,1.0,1.0,0.7681123830526877
2678,61768c493892576d,True,1.0,1.0,0.6318422118976028,1.0,1.0,1.0,0.8466009216240011
2679,9337165de94b5a40,True,1.0,1.0,1.0,1.0,1.0,1.0,1.0
2680,dc3b040ef45c5094,True,1.0,1.0,0.8467945871932835,1.0,1.0,1.0,0.9361644113305347
2681,529d2e20dc615c3b,True,1.0,1.0,1.0,1.0,1.0,1.0,1.0
2682,83e895f722575452,True,1.0,1.0,0.24808414214560567,1.0,1.0,1.0,0.6867017258940024
2683,75a1c2654839522e,True,1.0,1.0,0.8825386033724346,1.0,1.0,1.0,0.9510577514051811
2684,9d21f2742b1a5b27,True,1.0,1.0,1.0,1.0,1.0,1.0,1.0
2685,8a88b869e2ca552d,True,1.0,1.0,1.0,1.0,1.0,1.0,1.0
2686,bc85f0c7a2305ef5,True,1.0,1.0,0.898801568818472,1.0,1.0,1.0,0.9578339870076965
2687,72e48f99d8265b71,True,1.0,1.0,0.9506521423933612,1.0,1.0,1.0,0.9794383926639005
2688,2d357ffc1fdd5c89,True,1.0,1.0,0.8239483868377481,1.0,1.0,1.0,0.926645161182395
2689,0d8754f6d53d5968,True,1.0,1.0,0.684337790813719,1.0,1.0,1.0,0.8684740795057163
2690,e726c3ae361058c1,True,1.0,1.0,1.0,1.0,1.0,1.0,1.0
2691,40dcc0a979075ffd,True,1.0,1.0,0.5616391029898355,1.0,1.0,1.0,0.8173496262457648
2692,baff37ac37675490,True,1.0,1.0,0.8288937903930436,1.0,1.0,1.0,0.9287057459971014
2693,fb259f736cd55252,True,1.0,1.0,0.8510983545695191,1.0,1.0,1.0,0.9379576477372996
2694,76473ec469ed5a65,True,1.0,1.0,1.0,0.0,1.0,1.0,0.5833333333333334
2695,16e5aafc056f5e1e,True,1.0,1.0,1.0,1.0,1.0,1.0,1.0
2696,ae90dd8267ce57a0,True,1.0,0.0,0.0,1.0,1.0,1.0,0.0
2697,95c5cd4c17d9594a,True,1.0,1.0,0.8325972756551991,1.0,1.0,1.0,0.930248864856333
2698,9c42f5a9d56c5ebf,True,1.0,1.0,0.9236996492243595,1.0,1.0,1.0,0.9682081871768164
2699,961cd53fde9a5c3d,True,1.0,1.0,1.0,1.0,1.0,1.0,1.0
2700,09be81c492625fd5,True,1.0,1.0,0.7674080236192345,1.0,1.0,1.0,0.9030866765080144
2701,01e4bff700f15523,True,1.0,1.0,0.7353564287272035,1.0,1.0,0.5,0.8897318453030015
2702,cc9afc95afab5758,True,1.0,1.0,0.7860690291575166,1.0,1.0,1.0,0.9108620954822987
2703,67bb26a522b45b5a,True,1.0,1.0,1.0,1.0,1.0,1.0,1.0
2704,111174636b57539b,True,1.0,0.0,0.0,1.0,1.0,1.0,0.0
2705,805fed6cba8c5fd3,True,1.0,0.0,0.0,1.0,1.0,1.0,0.0
2706,b15b2d36b1ea51cc,True,1.0,1.0,0.5511949151125444,0.0,1.0,1.0,0.39633121463022686
2707,0166f867762a56e1,True,1.0,1.0,0.9579445760981268,1.0,1.0,1.0,0.9824769067075527
2708,cfb1ab3fe0185b20,True,1.0,1.0,1.0,1.0,1.0,1.0,1.0
2709,f7b170baa6bd5b95,True,1.0,1.0,1.0,1.0,1.0,1.0,1.0
2710,7e35bd1fea5b50da,True,1.0,1.0,1.0,1.0,1.0,1.0,1.0
2711,41bf372d03d95267,True,1.0,1.0,1.0,1.0,1.0,1.0,1.0
2712,c70cfaf737215fca,True,1.0,1.0,1.0,1.0,1.0,1.0,1.0
2713,aaf949be7f2150df,True,1.0,1.0,0.8226406440408381,1.0,1.0,0.5,0.9261002683503493
2714,ef91e3538f775238,True,1.0,1.0,0.9125312247250684,1.0,1.0,1.0,0.9635546769687785
2715,333ba3fb0fc85da9,True,1.0,1.0,0.8400674199205631,1.0,1.0,1.0,0.9333614249669013
2716,d26771df718251d1,True,1.0,1.0,1.0,1.0,1.0,1.0,1.0
2717,c05d72324d015584,True,1.0,1.0,0.7964953775765494,1.0,1.0,1.0,0.9152064073235623
2718,e49a1ec4a5af596b,True,1.0,1.0,0.7808484546785545,1.0,1.0,1.0,0.9086868561160643
2719,a48a9d9bb413549a,True,1.0,1.0,0.7744127020288752,1.0,1.0,1.0,0.9060052925120313
2720,b1e78f926612520e,True,1.0,1.0,1.0,1.0,1.0,1.0,1.0
2721,518221a430885093,True,1.0,1.0,0.8269326389310533,1.0,1.0,1.0,0.9278885995546057
2722,78a98ffdcd4b558a,True,1.0,1.0,1.0,1.0,1.0,1.0,1.0
2723,9cd4b5f3bbf85357,True,1.0,0.0,0.0,1.0,1.0,0.5,0.0
2724,7404939e443458cc,True,1.0,1.0,1.0,1.0,1.0,1.0,1.0
2725,7ed9d0ca20ac5e2c,True,1.0,1.0,0.9249246524937701,1.0,1.0,1.0,0.9687186052057376
2726,d2789ec30aaa5d6a,True,1.0,1.0,1.0,1.0,1.0,1.0,1.0
2727,2a799223058c5ed7,True,1.0,1.0,0.6615126138709749,1.0,1.0,1.0,0.8589635891129062
2728,a5ee1632a31556a1,True,1.0,1.0,0.818446127835869,1.0,1.0,1.0,0.9243525532649454
2729,bfbc82c4f65a5208,True,1.0,1.0,1.0,1.0,1.0,1.0,1.0
2730,a5c89cf130d858a4,True,1.0,1.0,0.9852066166629578,1.0,1.0,1.0,0.9938360902762323
2731,e443a0e9bbc75c69,True,1.0,1.0,0.7245685347942428,1.0,1.0,1.0,0.8852368894976012
2732,a62cc53f0187532a,True,1.0,1.0,0.9197992208113759,1.0,1.0,1.0,0.9665830086714067
2733,ec68f8027f415301,True,1.0,1.0,0.8244961800613242,1.0,1.0,1.0,0.926873408358885
2734,816c515aa3dc5462,True,1.0,1.0,0.9832058058348403,1.0,1.0,1.0,0.99300241909785
2735,803569f800575929,True,1.0,1.0,0.8091669661279989,1.0,1.0,1.0,0.9204862358866661
2736,e56891a5170256f1,True,1.0,1.0,1.0,1.0,1.0,1.0,1.0
2737,e38dd745e363544c,True,1.0,1.0,0.874009983981412,1.0,1.0,1.0,0.947504159992255
2738,0df213c579225af6,True,1.0,1.0,0.8651382639783082,1.0,1.0,1.0,0.9438076099909617
2739,3493d0184aea5ee8,True,1.0,1.0,0.8738998935776094,1.0,1.0,1.0,0.9474582889906706
2740,e0e1551b09f15a74,True,1.0,1.0,0.6785923457078753,1.0,1.0,1.0,0.866080144044948
2741,1ff55a9fd29a5bf5,True,1.0,1.0,0.7687290297605329,1.0,1.0,1.0,0.9036370957335554
2742,cdd72f4a568a55a0,True,1.0,1.0,1.0,1.0,1.0,1.0,1.0
2743,068a26b124475a4a,True,1.0,1.0,1.0,1.0,1.0,1.0,1.0
2744,8926a4661fd05f7e,True,1.0,1.0,0.8366406849476922,1.0,1.0,1.0,0.9319336187282051
2745,1cd73301d5745314,True,1.0,1.0,0.7929235451072044,1.0,1.0,1.0,0.9137181437946685
2746,43c9ac6f2bf95da0,True,1.0,1.0,0.3553608496923121,1.0,1.0,1.0,0.7314003540384634
2747,3c448f4385bf58e1,True,1.0,1.0,1.0,1.0,1.0,1.0,1.0
2748,cf3b00d5d2b953d3,True,1.0,1.0,1.0,1.0,1.0,1.0,1.0
2749,5db9d1088a615a4b,True,1.0,1.0,1.0,1.0,1.0,1.0,1.0
2750,9ef1d618435d5e53,True,1.0,1.0,0.6617781295497013,1.0,1.0,1.0,0.8590742206457088
2751,af67221644ad5bd3,True,1.0,1.0,0.6614759972429424,1.0,1.0,1.0,0.8589483321845593
2752,9a1b2cdfbe7d56c0,True,1.0,1.0,0.7824933798166369,1.0,1.0,1.0,0.9093722415902654
2753,69c991e96f74541f,True,1.0,1.0,0.8213547145806653,1.0,1.0,1.0,0.9255644644086106
2754,65858c2fe6b5501f,True,1.0,1.0,1.0,1.0,1.0,1.0,1.0
2755,c2156c6760fd55b5,True,1.0,1.0,1.0,1.0,1.0,0.5,1.0
2756,5fffee1a19495dc6,True,1.0,1.0,0.5698796823426453,1.0,1.0,1.0,0.8207832009761021
2757,14f724bc59705bb4,True,1.0,1.0,0.8009908962499844,1.0,1.0,1.0,0.9170795401041602
2758,a8455a10df085d45,True,1.0,1.0,0.7901623101260886,1.0,1.0,1.0,0.9125676292192036
2759,36f34c9e02a15801,True,0.5,0.0,0.0,0.0,1.0,0.5,0.0
2760,04f569ff8cb3504d,True,1.0,1.0,0.8426397722765016,1.0,1.0,1.0,0.9344332384485424
2761,6bd234c45e885cb2,True,1.0,1.0,1.0,1.0,1.0,1.0,1.0
2762,a06eec37a0f058b2,True,1.0,1.0,0.8208684865363273,1.0,1.0,1.0,0.9253618693901364
2763,c052a8877f7f5d37,True,1.0,1.0,0.9219363449427156,0.0,1.0,1.0,0.5508068103927982
2764,43768792861e5c7e,True,1.0,1.0,0.7833966138100141,1.0,1.0,1.0,0.9097485890875059
2765,9387d5660fcf5d98,True,1.0,1.0,0.8036928085905474,1.0,1.0,1.0,0.918205336912728
2766,4e5e09ac14395d70,True,1.0,1.0,0.8104437317999702,1.0,1.0,1.0,0.921018221583321
2767,fd4b31afd0915f92,True,1.0,0.0,0.0,1.0,1.0,1.0,0.0
2768,652e91c4f9b1505a,True,1.0,0.0,0.0,1.0,1.0,0.0,0.0
2769,ad702ac65d8754bb,True,1.0,1.0,1.0,1.0,1.0,1.0,1.0
2770,779852a1160f56f9,True,1.0,1.0,0.791407400708282,1.0,1.0,1.0,0.9130864169617842
2771,b86df9a9f50e525a,True,1.0,0.0,0.0,1.0,1.0,0.5,0.0
2772,571c1c28470e5dcc,True,1.0,1.0,0.8731303143085897,1.0,1.0,1.0,0.9471376309619123
2773,b8ca1857a0f75fb4,True,1.0,1.0,0.682956084813745,1.0,1.0,1.0,0.8678983686723938
2774,91416eb4bba85377,True,1.0,1.0,0.8748559304869041,1.0,1.0,1.0,0.9478566377028766
2775,10ee9a1679d759e4,True,1.0,1.0,0.784086547324996,1.0,1.0,1.0,0.9100360613854152
2776,b72ed3ae0ad551a8,True,1.0,1.0,0.8892707408748683,1.0,1.0,1.0,0.9538628086978619
2777,116a7c91c85d5b5d,True,1.0,1.0,0.9672001586062983,1.0,1.0,1.0,0.986333399419291
2778,33baec8b94e15a39,True,1.0,1.0,0.8625129286803316,1.0,1.0,1.0,0.9427137202834714
2779,e49e37e5fed25c9a,True,1.0,1.0,0.7333258120397901,1.0,1.0,1.0,0.8888857550165792
2780,86d70bab6f1b598c,True,1.0,1.0,0.6538876008787952,1.0,1.0,1.0,0.8557865003661647
2781,2d0334f7e7d75853,True,1.0,1.0,0.9570910000967447,1.0,1.0,1.0,0.9821212500403104
2782,1f54430427975391,True,1.0,1.0,0.5740113252366444,1.0,1.0,1.0,0.8225047188486019
2783,5b707d3c85dd5ff0,True,1.0,0.0,0.0,1.0,1.0,1.0,0.0
2784,a9c1456b9deb5184,True,1.0,0.0,0.0,1.0,1.0,0.5,0.0
2785,8a843c4264a35d16,True,1.0,1.0,0.8980003229953661,1.0,1.0,1.0,0.9575001345814025
2786,31042b6e5c455b82,True,0.0,1.0,0.0,0.0,1.0,1.0,0.0
2787,059ce0fdfc67544c,True,1.0,1.0,0.7981417583886582,1.0,1.0,1.0,0.9158923993286076
2788,3b2f051d7b9553e9,True,1.0,1.0,0.832448070043414,1.0,1.0,1.0,0.9301866958514226
2789,213870b088245664,True,1.0,0.0,0.0,1.0,1.0,1.0,0.0
2790,918d03455301591b,True,1.0,1.0,0.5566045218693993,1.0,1.0,1.0,0.8152518841122497
2791,b24575ef9d575fb4,True,1.0,1.0,0.817340832449119,1.0,1.0,1.0,0.9238920135204663
2792,c2ed826b31065c66,True,1.0,1.0,0.7423795522949681,1.0,1.0,1.0,0.8926581467895701
2793,4b5f475a2afc5ed0,True,1.0,1.0,0.7895310064080838,1.0,1.0,1.0,0.9123045860033683
2794,7900d1167dfe5c24,True,1.0,0.0,0.0,1.0,1.0,1.0,0.0
2795,885aa5c90eb9554c,True,1.0,1.0,0.8864149874432129,1.0,1.0,1.0,0.952672911434672
2796,average,True,0.972997138769671,0.898068669527897,0.7519827324184353,0.9302575107296137,0.9957081545064378,0.9524320457796852,0.8127456144628677
