,token,valid,no_at_fault_collisions,drivable_area_compliance,ego_progress,time_to_collision_within_bound,comfort,driving_direction_compliance,score
0,8e785a7a6df95636,True,1.0,1.0,0.48024486775027103,1.0,1.0,1.0,0.783435361562613
1,85b1968fa2fd5552,True,1.0,1.0,0.963459600355436,1.0,1.0,1.0,0.9847748334814317
2,91afe72955de5b85,True,1.0,1.0,0.5925160657513946,1.0,1.0,1.0,0.8302150273964144
3,513ac26c90be51d0,True,1.0,1.0,0.8647959003300343,1.0,1.0,1.0,0.9436649584708476
4,a5b2403d85fc511d,True,1.0,1.0,1.0,1.0,1.0,1.0,1.0
5,407ff7eab601527c,True,1.0,1.0,0.8562416482725024,1.0,1.0,1.0,0.9401006867802093
6,3d84e6189fdd51bb,True,1.0,1.0,1.0,1.0,1.0,1.0,1.0
7,754bdad5455f53ad,True,1.0,1.0,0.8075585283195631,1.0,1.0,1.0,0.9198160534664845
8,f2fdedb5a4ba5c4c,True,1.0,1.0,0.922974703016061,1.0,1.0,1.0,0.967906126256692
9,7582f7769dfb5d11,True,1.0,1.0,1.0,1.0,1.0,1.0,1.0
10,80ae73dfb4c45e8d,True,1.0,1.0,0.9657034234578378,1.0,1.0,1.0,0.985709759774099
11,1b439c269a83590c,True,1.0,1.0,1.0,1.0,1.0,1.0,1.0
12,1c5aaf9e884b5ce9,True,1.0,1.0,0.9762397977561245,1.0,1.0,1.0,0.9900999157317184
13,7dae0a8be0545755,True,1.0,1.0,0.6382616117868645,1.0,1.0,1.0,0.8492756715778601
14,30c52d38e4975fe7,True,1.0,1.0,0.8316215144866863,1.0,1.0,1.0,0.9298422977027859
15,c12d0bb341fc59c0,True,1.0,1.0,0.9343499678351328,1.0,1.0,1.0,0.9726458199313054
16,457acf87bc885550,True,1.0,1.0,0.625685519966576,1.0,1.0,1.0,0.8440356333194066
17,9c8bbeb504c05892,True,1.0,1.0,1.0,1.0,1.0,1.0,1.0
18,91defa409f0254d5,True,1.0,1.0,0.6904691799802334,1.0,1.0,1.0,0.871028824991764
19,dfeb840d983e55ca,True,1.0,1.0,0.8162124848674782,1.0,1.0,1.0,0.9234218686947826
20,6cbc045e25c2506d,True,1.0,0.0,0.0,1.0,1.0,1.0,0.0
21,053d94cd59495804,True,1.0,1.0,1.0,1.0,1.0,1.0,1.0
22,465d43bf893d5e66,True,1.0,1.0,0.6844859563217257,1.0,1.0,1.0,0.8685358151340523
23,ff66468144595101,True,1.0,1.0,1.0,1.0,1.0,1.0,1.0
24,c0ee4f794af35185,True,1.0,1.0,1.0,1.0,1.0,1.0,1.0
25,a13d45e804265392,True,1.0,1.0,0.6168250956057283,1.0,1.0,1.0,0.8403437898357201
26,47da19c4edbe5b95,True,1.0,1.0,0.8295718896546909,1.0,1.0,1.0,0.9289882873561212
27,f75c8c639ded5924,True,1.0,1.0,0.8703819180655262,1.0,1.0,1.0,0.9459924658606359
28,2c6d90e9889e56c2,True,1.0,1.0,0.8598240707090379,1.0,1.0,1.0,0.9415933627954325
29,eb92f4cdb4fa54dd,True,1.0,1.0,1.0,1.0,1.0,1.0,1.0
30,e1ea05ca230f5c42,True,1.0,1.0,0.8302407796598262,1.0,1.0,1.0,0.9292669915249275
31,050667565815536a,True,1.0,1.0,0.8365678851086652,1.0,1.0,1.0,0.9319032854619439
32,bc958ef21282524c,True,1.0,1.0,1.0,1.0,1.0,1.0,1.0
33,09bfb9a8f83b5079,True,1.0,1.0,0.9303247550910334,1.0,1.0,1.0,0.9709686479545973
34,b937ec3b9c845118,True,1.0,1.0,0.939679065584705,1.0,1.0,1.0,0.9748662773269604
35,3a7818b46809570a,True,1.0,1.0,0.775548000875019,1.0,1.0,1.0,0.9064783336979246
36,2d6d2dd79ad75ea5,True,1.0,1.0,1.0,1.0,1.0,1.0,1.0
37,7dbe342f2b1c57c5,True,1.0,1.0,1.0,1.0,1.0,1.0,1.0
38,2807cd605f1156da,True,1.0,0.0,0.0,1.0,1.0,1.0,0.0
39,b8b3f457e7ac5382,True,1.0,1.0,1.0,1.0,1.0,1.0,1.0
40,d697dea3ebba5047,True,1.0,1.0,0.8719146971381411,1.0,1.0,1.0,0.9466311238075589
41,be7004554c8750bc,True,1.0,1.0,1.0,1.0,1.0,0.5,1.0
42,305eb53245715f7e,True,1.0,1.0,0.3506877694620395,1.0,1.0,1.0,0.7294532372758499
43,ecaafd3b7f635e0d,True,1.0,1.0,0.9167841316460577,1.0,1.0,1.0,0.9653267215191906
44,7d3779771cae5d94,True,1.0,1.0,1.0,1.0,1.0,1.0,1.0
45,3d5103c659255a72,True,1.0,1.0,1.0,1.0,1.0,1.0,1.0
46,048c19bd1b5954b3,True,1.0,1.0,1.0,1.0,1.0,1.0,1.0
47,85a5db2b47125f31,True,1.0,1.0,1.0,1.0,1.0,1.0,1.0
48,d1e0ebfac8cb510e,True,1.0,1.0,0.8952199202955189,1.0,1.0,1.0,0.9563416334564662
49,189e9c0a20085a38,True,1.0,1.0,0.5518517907017684,1.0,1.0,1.0,0.81327157945907
50,2dd2bd50fcc458d7,True,1.0,1.0,0.7147428382510159,1.0,1.0,1.0,0.8811428492712566
51,9fc65b945c175ebb,True,1.0,1.0,1.0,0.0,1.0,0.0,0.5833333333333334
52,55a241ed2c5a553b,True,1.0,1.0,0.8814371256184218,1.0,1.0,1.0,0.950598802341009
53,4cfa7ad13dc952b3,True,1.0,1.0,0.9983972563511098,1.0,1.0,1.0,0.9993321901462956
54,3a8a3a691f4450b5,True,1.0,1.0,0.8851648692406504,1.0,1.0,1.0,0.9521520288502711
55,5d68790fd55c5e41,True,1.0,0.0,0.0,0.0,1.0,1.0,0.0
56,d11b9fcd004e5270,True,1.0,1.0,0.8320646095818672,1.0,1.0,1.0,0.9300269206591114
57,bb9c441a4c2b5791,True,1.0,1.0,0.828390545258243,1.0,1.0,1.0,0.9284960605242679
58,7dc47eb4f41e523d,True,1.0,1.0,1.0,1.0,1.0,1.0,1.0
59,2944ba8cf77c5ad9,True,1.0,1.0,0.6819066400972449,1.0,1.0,1.0,0.8674611000405187
60,179bc3ae5b9f56b0,True,1.0,1.0,0.8504610714039733,1.0,1.0,1.0,0.937692113084989
61,fbd06f49da055ea8,True,1.0,1.0,0.8980292229438467,1.0,1.0,1.0,0.9575121762266029
62,0bd98f90f42350a3,True,1.0,1.0,0.9125782077832933,1.0,1.0,1.0,0.9635742532430389
63,2a48beb84af65349,True,1.0,1.0,0.5491425260767071,1.0,1.0,0.5,0.812142719198628
64,e074c5e6917e5f1d,True,1.0,1.0,0.8186843834987045,1.0,1.0,1.0,0.9244518264577936
65,8cafe946e9c752fc,True,1.0,1.0,0.7591490173837911,1.0,1.0,1.0,0.899645423909913
66,840de743ab1c50cc,True,1.0,1.0,0.8590264799020143,1.0,1.0,1.0,0.941261033292506
67,b7c35b12755c5d44,True,1.0,1.0,1.0,1.0,1.0,1.0,1.0
68,cfe730cbf7e55330,True,1.0,1.0,0.8921392199822081,1.0,1.0,1.0,0.95505800832592
69,bd2591ae189c5a38,True,1.0,1.0,1.0,1.0,1.0,1.0,1.0
70,5aad75c605655367,True,1.0,1.0,1.0,1.0,1.0,1.0,1.0
71,cf2e8812889754b1,True,1.0,1.0,1.0,1.0,1.0,1.0,1.0
72,ce124b0ef61757d1,True,1.0,1.0,1.0,1.0,1.0,1.0,1.0
73,dee99345e2015845,True,1.0,1.0,0.8026566720049164,1.0,1.0,1.0,0.9177736133353819
74,3968f1bc11085a70,True,1.0,1.0,0.787921748891199,1.0,1.0,1.0,0.9116340620379996
75,d58c4ad27c525465,True,1.0,1.0,0.9608460789931378,1.0,1.0,1.0,0.9836858662471407
76,03a97a30526b5c14,True,1.0,1.0,0.761163108392726,1.0,1.0,1.0,0.9004846284969692
77,3502b30911d75ed8,True,1.0,1.0,0.5519431942845657,1.0,1.0,1.0,0.8133096642852357
78,a89b31979d265539,True,1.0,1.0,0.8412791679177992,1.0,1.0,1.0,0.9338663199657496
79,ce0c8678bc8559b9,True,1.0,1.0,0.8778965375087021,1.0,1.0,1.0,0.9491235572952924
80,21d6b11a81755b6d,True,1.0,1.0,0.8451695744724083,1.0,1.0,1.0,0.9354873226968369
81,7786cc7e34a05294,True,1.0,1.0,1.0,1.0,1.0,1.0,1.0
82,00f49d71f0eb507b,True,1.0,1.0,0.42069866778265386,1.0,1.0,1.0,0.7586244449094391
83,14128c4b87b15777,True,1.0,1.0,0.6424659228343671,1.0,1.0,1.0,0.8510274678476529
84,311302972dd15a8b,True,1.0,1.0,0.8593096588127948,1.0,1.0,1.0,0.9413790245053312
85,90551e9098aa5b12,True,1.0,1.0,1.0,1.0,1.0,1.0,1.0
86,7f2a06cede325573,True,1.0,0.0,0.0,1.0,1.0,1.0,0.0
87,2cd54836815b5fb0,True,1.0,1.0,0.9852369592627361,1.0,1.0,1.0,0.9938487330261401
88,e17906596dab5e6c,True,1.0,1.0,0.7299926623004718,1.0,1.0,1.0,0.8874969426251965
89,3862c9ed94ab5f90,True,1.0,1.0,0.662025079976857,1.0,1.0,0.5,0.8591771166570238
90,5cdca96b002d5331,True,1.0,1.0,0.9143332686021093,1.0,1.0,1.0,0.9643055285842123
91,c9ab8a82cfa054ff,True,1.0,1.0,0.8361304681593159,1.0,1.0,1.0,0.931721028399715
92,c3987ea376cb5a69,True,1.0,1.0,1.0,1.0,1.0,1.0,1.0
93,fd16b1d0d41352ee,True,1.0,1.0,0.9054223494159206,1.0,1.0,1.0,0.9605926455899669
94,f099b753f4345fb5,True,1.0,1.0,1.0,1.0,1.0,1.0,1.0
95,8be5583b37785664,True,1.0,1.0,0.7750637145621265,1.0,1.0,1.0,0.9062765477342194
96,c5b7c7d45f1d5ac1,True,1.0,1.0,1.0,1.0,1.0,1.0,1.0
97,af98af49fda35a8c,True,1.0,1.0,0.7719696957225616,1.0,1.0,1.0,0.9049873732177339
98,5ec473ffad5c55ba,True,1.0,1.0,0.8890884464162571,1.0,1.0,1.0,0.9537868526734404
99,0b0a92d14c3c508e,True,1.0,1.0,1.0,1.0,1.0,1.0,1.0
100,2aa64c0ff1f059fd,True,1.0,1.0,1.0,1.0,1.0,1.0,1.0
101,53feb52497035b3e,True,1.0,1.0,1.0,1.0,1.0,1.0,1.0
102,e933d70dd378598f,True,1.0,1.0,0.7748302789415619,1.0,1.0,1.0,0.9061792828923174
103,68a3518b15a75c25,True,1.0,0.0,0.0,1.0,1.0,0.5,0.0
104,206322cf0cf45186,True,1.0,1.0,1.0,1.0,1.0,1.0,1.0
105,e1cb9d3c53135bfa,True,1.0,1.0,0.8805876437162302,1.0,1.0,1.0,0.9502448515484293
106,81102abfeaa25562,True,1.0,1.0,0.8132718329791727,1.0,1.0,1.0,0.9221965970746554
107,4c46222756735317,True,1.0,1.0,0.9489934312219807,1.0,1.0,1.0,0.9787472630091587
108,03503ef42eeb5573,True,1.0,0.0,0.0,1.0,1.0,1.0,0.0
109,2ec759b29e0155b5,True,1.0,1.0,0.7434883420700694,1.0,1.0,1.0,0.8931201425291956
110,3d523a73f2815ea4,True,1.0,1.0,0.9166141361680337,1.0,1.0,1.0,0.9652558900700141
111,4eab329460d853f6,True,1.0,1.0,0.7519721680865897,1.0,1.0,1.0,0.8966550700360791
112,0f69087034985e9e,True,1.0,1.0,0.7327849772876376,1.0,1.0,1.0,0.8886604072031824
113,150d706a5add549a,True,1.0,1.0,0.8322399238172339,1.0,1.0,1.0,0.9300999682571808
114,dbb9c9811b275fd8,True,1.0,1.0,0.7102862149263065,1.0,1.0,1.0,0.879285922885961
115,1d0334886e9f535b,True,1.0,1.0,1.0,1.0,1.0,1.0,1.0
116,7c8cb841bdfd5c56,True,1.0,1.0,0.9885112170750304,1.0,1.0,1.0,0.995213007114596
117,e3082eaad29750fd,True,1.0,1.0,1.0,1.0,1.0,1.0,1.0
118,880d9918a2635d59,True,1.0,1.0,0.6213195631825603,1.0,1.0,1.0,0.8422164846594001
119,04f548a98d695310,True,1.0,1.0,1.0,1.0,1.0,1.0,1.0
120,ed2466a660ba5661,True,1.0,1.0,0.9336458722367942,1.0,1.0,1.0,0.972352446765331
121,40c9fc73f7275730,True,1.0,1.0,1.0,1.0,1.0,1.0,1.0
122,6419172479825092,True,1.0,1.0,1.0,1.0,1.0,1.0,1.0
123,d983f3c9756357b2,True,1.0,1.0,1.0,1.0,1.0,1.0,1.0
124,e7d6dc36775b52cc,True,1.0,1.0,1.0,1.0,1.0,1.0,1.0
125,00b2afbb751b59c6,True,1.0,1.0,0.9318217793417073,1.0,1.0,1.0,0.9715924080590447
126,ba82b67601605dd3,True,1.0,1.0,0.8438249510868916,1.0,1.0,1.0,0.9349270629528714
127,bd9abb7104dc5408,True,1.0,0.0,0.0,1.0,1.0,1.0,0.0
128,18b121dcc082591e,True,1.0,1.0,1.0,1.0,1.0,1.0,1.0
129,08ac82bf0eeb5661,True,1.0,1.0,1.0,1.0,1.0,1.0,1.0
130,80c267878c6a54fa,True,1.0,1.0,1.0,1.0,1.0,1.0,1.0
131,008844070af456e3,True,1.0,1.0,0.5759746932069547,1.0,1.0,1.0,0.8233227888362311
132,f9349f5d723b5421,True,1.0,1.0,1.0,1.0,1.0,1.0,1.0
133,b7c371d55ca65cf8,True,1.0,1.0,0.6084685498682109,1.0,1.0,1.0,0.8368618957784212
134,4e2cc4b2c43055fe,True,1.0,1.0,0.8182815837305325,1.0,1.0,1.0,0.9242839932210553
135,97c09fe94495563a,True,1.0,0.0,0.0,1.0,1.0,0.5,0.0
136,d33aaa347f795d0b,True,1.0,1.0,0.8243253379660719,1.0,1.0,1.0,0.9268022241525299
137,6183ed1d16f05d11,True,1.0,1.0,1.0,1.0,1.0,1.0,1.0
138,234a85adedc75216,True,1.0,1.0,1.0,1.0,1.0,1.0,1.0
139,ece3a3dc01cd53d2,True,1.0,1.0,0.9190040017675567,1.0,1.0,1.0,0.9662516674031486
140,883b090e1bca577a,True,1.0,1.0,1.0,1.0,1.0,1.0,1.0
141,cce0795c7ff05129,True,1.0,1.0,0.8727531729573582,1.0,1.0,1.0,0.9469804887322327
142,a514e82818cb55da,True,1.0,1.0,0.7350252262763841,1.0,1.0,1.0,0.8895938442818268
143,4a096077f8165879,True,1.0,1.0,1.0,1.0,1.0,1.0,1.0
144,83d3fda04c1f57bd,True,1.0,1.0,1.0,1.0,1.0,1.0,1.0
145,61984566807c5b11,True,1.0,0.0,0.0,1.0,1.0,0.5,0.0
146,de1662269d685ce0,True,1.0,1.0,1.0,1.0,1.0,1.0,1.0
147,bcd26bf1bf055164,True,1.0,1.0,1.0,0.0,1.0,1.0,0.5833333333333334
148,69df428fe853580e,True,1.0,1.0,1.0,1.0,1.0,1.0,1.0
149,5971a8d84ff45bfa,True,1.0,1.0,0.8822634848990824,1.0,1.0,1.0,0.950943118707951
150,ad6af1cce80c5983,True,1.0,1.0,1.0,1.0,1.0,1.0,1.0
151,726a691895a75bfc,True,1.0,1.0,0.9607920220171475,1.0,1.0,1.0,0.9836633425071448
152,a3ece675f714527b,True,1.0,1.0,0.5933123780240248,1.0,1.0,1.0,0.830546824176677
153,a2c15720170d5507,True,1.0,1.0,1.0,1.0,1.0,1.0,1.0
154,9f4f46e620785407,True,1.0,1.0,0.9652168298378024,1.0,1.0,1.0,0.9855070124324176
155,291e2af79c2258d5,True,1.0,1.0,1.0,1.0,1.0,1.0,1.0
156,6d593ca981fd56b8,True,1.0,1.0,0.8739564116807457,1.0,1.0,1.0,0.9474818382003107
157,264a59ce900b5405,True,1.0,1.0,0.9303795495847657,1.0,1.0,1.0,0.9709914789936525
158,a067e1b873c8534d,True,1.0,1.0,0.5319599504149675,1.0,1.0,1.0,0.8049833126729031
159,5802564fbfb558f8,True,1.0,1.0,0.779213878002265,1.0,1.0,1.0,0.9080057825009438
160,3aa2680fdc805d09,True,1.0,1.0,0.7331202864337415,1.0,1.0,1.0,0.8888001193473922
161,1424caab55de5db7,True,1.0,1.0,0.8944364367559928,1.0,1.0,1.0,0.9560151819816637
162,18538a3ac6c45eef,True,1.0,1.0,0.7443621499709894,1.0,1.0,1.0,0.8934842291545788
163,c5099436d08c5e1f,True,1.0,1.0,1.0,0.0,1.0,1.0,0.5833333333333334
164,e648d5c380455667,True,1.0,1.0,0.8813511168507681,1.0,1.0,1.0,0.9505629653544867
165,84358d0871db53dc,True,1.0,1.0,1.0,1.0,1.0,1.0,1.0
166,5c5f0c06d7035bb7,True,1.0,1.0,1.0,1.0,1.0,1.0,1.0
167,0d5b8da00d505be0,True,1.0,1.0,0.9862514230571521,1.0,1.0,1.0,0.9942714262738134
168,9bbaed3bac735053,True,1.0,0.0,0.0,1.0,1.0,1.0,0.0
169,03660e332def5cfa,True,1.0,1.0,0.8035390845894398,1.0,1.0,1.0,0.9181412852455999
170,af5ebe3ccf8f50ed,True,1.0,1.0,0.5540282960949191,1.0,1.0,1.0,0.8141784567062164
171,89fcf773eb5d514e,True,1.0,0.0,0.0,1.0,1.0,0.0,0.0
172,66a897321eb45503,True,1.0,1.0,0.7615456913371892,1.0,1.0,1.0,0.9006440380571622
173,3a2875c07f035d2d,True,1.0,1.0,0.7098815604731549,1.0,1.0,1.0,0.8791173168638146
174,57dceadaafe053ef,True,1.0,1.0,1.0,1.0,1.0,1.0,1.0
175,d6e4774d5cc65309,True,1.0,1.0,1.0,1.0,1.0,1.0,1.0
176,8299207e310b595e,True,1.0,1.0,0.9397176628887357,1.0,1.0,1.0,0.9748823595369732
177,aabb4c5a82d65945,True,1.0,1.0,0.9104727374942013,1.0,1.0,1.0,0.9626969739559174
178,260efd01066156ab,True,1.0,1.0,0.8445432178512375,1.0,1.0,1.0,0.935226340771349
179,c227b95266d75371,True,1.0,1.0,0.6514979376108867,1.0,1.0,1.0,0.8547908073378695
180,60f8e416f5f457b3,True,1.0,1.0,0.7493285861019924,1.0,1.0,1.0,0.8955535775424969
181,a1bfecf3560e5aa3,True,1.0,1.0,1.0,1.0,1.0,1.0,1.0
182,2a484ffd16785a64,True,1.0,1.0,0.9084588617331498,1.0,1.0,1.0,0.961857859055479
183,eed30293a86e5feb,True,1.0,1.0,1.0,1.0,1.0,1.0,1.0
184,a79297e78d8857b4,True,1.0,1.0,0.7671091092202384,1.0,1.0,1.0,0.9029621288417661
185,3276f87a152651f0,True,1.0,1.0,0.8150180065204768,1.0,1.0,1.0,0.9229241693835321
186,259c9d9aac5457fc,True,1.0,1.0,1.0,0.0,1.0,1.0,0.5833333333333334
187,52de85cf514f5afd,True,1.0,1.0,1.0,1.0,1.0,1.0,1.0
188,d2c77b46ecee58f9,True,1.0,1.0,1.0,1.0,1.0,1.0,1.0
189,390cb416304c5d2a,True,1.0,1.0,0.6442989623276929,1.0,1.0,1.0,0.8517912343032054
190,1d2e6d44fd635391,True,1.0,1.0,0.8809535317540169,1.0,1.0,1.0,0.950397304897507
191,f98bff8bb0675d96,True,1.0,1.0,0.9206625596207011,1.0,1.0,1.0,0.9669427331752921
192,4cc313afb2665204,True,1.0,1.0,0.8027383895933502,1.0,1.0,1.0,0.9178076623305627
193,700237dffc2d5be7,True,1.0,1.0,1.0,1.0,1.0,1.0,1.0
194,7c8dfd86366157b2,True,1.0,1.0,0.43845157528823586,0.0,1.0,1.0,0.3493548230367649
195,65bed9b54a335206,True,1.0,1.0,0.6652851530002135,1.0,1.0,1.0,0.8605354804167556
196,96704b3a6c235f12,True,1.0,1.0,0.9121365479779303,1.0,1.0,1.0,0.9633902283241377
197,4cb70e4f5d4b5fdf,True,1.0,1.0,1.0,1.0,1.0,1.0,1.0
198,adc1a3a3dd1c501e,True,1.0,1.0,1.0,1.0,1.0,1.0,1.0
199,2ee2b26e0f20509d,True,1.0,1.0,0.7879367536299385,1.0,1.0,1.0,0.9116403140124744
200,e3bfee2b093e5e35,True,1.0,1.0,1.0,1.0,1.0,1.0,1.0
201,0965108c193757a9,True,1.0,1.0,1.0,1.0,1.0,1.0,1.0
202,efb9929eed1852f0,True,1.0,1.0,0.6905171780116425,1.0,1.0,1.0,0.8710488241715177
203,13cfa80cabf85b80,True,1.0,1.0,1.0,1.0,1.0,1.0,1.0
204,91d449d737cc50fb,True,1.0,1.0,0.6015677173988313,1.0,1.0,1.0,0.8339865489161796
205,4f8e1da188be5033,True,1.0,1.0,0.8792501380055492,1.0,1.0,1.0,0.9496875575023122
206,7f19b2fd14435b73,True,1.0,1.0,0.7636475714367531,1.0,1.0,1.0,0.9015198214319805
207,aefbf6f8b9fe5824,True,1.0,1.0,1.0,1.0,1.0,1.0,1.0
208,625a015c1f7c5170,True,1.0,1.0,1.0,1.0,1.0,0.0,1.0
209,0a887c5364a457cd,True,1.0,1.0,0.8722780595914797,1.0,1.0,1.0,0.9467825248297833
210,8ba3e54303a352c8,True,1.0,1.0,1.0,1.0,1.0,1.0,1.0
211,d099441c0eb55204,True,1.0,1.0,1.0,0.0,1.0,1.0,0.5833333333333334
212,e82fe0d7d02054b8,True,1.0,1.0,0.7138118771223236,1.0,1.0,1.0,0.8807549488009682
213,ba86b1fc40075e26,True,1.0,1.0,1.0,1.0,1.0,1.0,1.0
214,63ec67c4a58a5e5b,True,1.0,0.0,0.0,1.0,1.0,1.0,0.0
215,43ebecce459052f2,True,1.0,1.0,0.9002829231960379,1.0,1.0,1.0,0.958451217998349
216,727ed49214315cd6,True,1.0,1.0,1.0,1.0,1.0,1.0,1.0
217,90caeda16d835f42,True,1.0,1.0,0.7630914701870423,1.0,1.0,1.0,0.9012881125779343
218,66583dab627951a2,True,1.0,1.0,0.7553022665912335,1.0,1.0,1.0,0.8980426110796805
219,865033089cfd5288,True,1.0,1.0,0.8520066740698256,1.0,1.0,1.0,0.9383361141957606
220,9540f5a8db575a50,True,1.0,1.0,1.0,1.0,1.0,1.0,1.0
221,c93008394b945625,True,1.0,1.0,0.7135541099925029,1.0,1.0,1.0,0.8806475458302095
222,f8ec4186e4f15c8f,True,1.0,1.0,1.0,1.0,1.0,1.0,1.0
223,93dab1bad99e58f7,True,1.0,1.0,0.9117119100409812,1.0,1.0,1.0,0.9632132958504088
224,407bc420086a58f6,True,1.0,0.0,0.0,1.0,1.0,1.0,0.0
225,0613490d89e25d03,True,1.0,1.0,0.9954342879572379,1.0,1.0,1.0,0.9980976199821825
226,d18b4bcf67b05c57,True,1.0,1.0,0.6963000251645236,1.0,1.0,1.0,0.8734583438185516
227,3a43a45778b85666,True,1.0,1.0,1.0,1.0,1.0,1.0,1.0
228,87c6ef5053865368,True,1.0,0.0,0.0,1.0,1.0,0.5,0.0
229,8ea9276bf0ee55f5,True,1.0,1.0,0.9062312054937017,1.0,1.0,1.0,0.9609296689557091
230,1e037812f8d7530d,True,1.0,1.0,0.7923273567980256,1.0,1.0,1.0,0.9134697319991774
231,616812339ccb533e,True,1.0,1.0,1.0,1.0,1.0,1.0,1.0
232,6b0d21782a3b5a22,True,1.0,0.0,0.0,1.0,1.0,1.0,0.0
233,6efb5186a9e55a68,True,1.0,1.0,1.0,1.0,1.0,1.0,1.0
234,25e9d76574075cee,True,1.0,1.0,0.6419968625751797,1.0,1.0,1.0,0.8508320260729917
235,a87f744c67175bc4,True,1.0,1.0,0.7117072773056556,1.0,1.0,1.0,0.8798780322106898
236,0b99739b06c455bf,True,1.0,1.0,0.8252675221246665,1.0,1.0,1.0,0.9271948008852777
237,ccffd575a3fb5958,True,1.0,1.0,0.9315827980096146,1.0,1.0,1.0,0.9714928325040061
238,d61ed977dd8a5197,True,1.0,1.0,1.0,1.0,1.0,1.0,1.0
239,70bf5f0d100d580f,True,1.0,1.0,1.0,0.0,1.0,1.0,0.5833333333333334
240,a3d10c0a5a835300,True,1.0,1.0,0.663559121388103,1.0,1.0,1.0,0.8598163005783762
241,35ae50756b8952b9,True,1.0,1.0,1.0,1.0,1.0,1.0,1.0
242,8fc671c2e6c05780,True,1.0,1.0,0.8077450649437926,1.0,1.0,1.0,0.9198937770599137
243,21990e031d705957,True,1.0,0.0,0.0,1.0,1.0,1.0,0.0
244,433d630eed9d5f3a,True,1.0,1.0,0.9103651978961972,1.0,1.0,1.0,0.9626521657900821
245,2a8b9c88615450a8,True,1.0,1.0,1.0,1.0,1.0,1.0,1.0
246,42559fd839fa54b2,True,1.0,1.0,0.6808378164003692,1.0,1.0,1.0,0.8670157568334872
247,985af967de8f5f3f,True,1.0,1.0,0.8689751251275784,1.0,1.0,1.0,0.945406302136491
248,f2655b7cd5d15a20,True,1.0,1.0,0.696379128132043,1.0,1.0,1.0,0.8734913033883512
249,c38319fd82be5bf0,True,1.0,1.0,0.5554186488377638,1.0,1.0,1.0,0.8147577703490683
250,7bd486db42e35b18,True,1.0,1.0,1.0,1.0,1.0,1.0,1.0
251,8551111013245067,True,1.0,1.0,1.0,1.0,1.0,1.0,1.0
252,d6353a288d0b545d,True,1.0,1.0,0.8138532998819081,1.0,1.0,1.0,0.922438874950795
253,0bb13e6e40385c18,True,1.0,1.0,0.8073078742602268,1.0,1.0,1.0,0.9197116142750946
254,cb0505ba89415347,True,1.0,1.0,1.0,1.0,1.0,1.0,1.0
255,27f3c1e778bf5748,True,1.0,1.0,0.859640122286286,1.0,1.0,1.0,0.9415167176192858
256,332ac89545ed5822,True,1.0,1.0,1.0,1.0,1.0,1.0,1.0
257,662ddec48b93598e,True,1.0,1.0,0.9273915710599259,1.0,1.0,1.0,0.9697464879416358
258,476c37463b4f580e,True,1.0,1.0,1.0,1.0,1.0,1.0,1.0
259,0ae4ce0255695d31,True,1.0,1.0,0.6106911848407678,1.0,1.0,1.0,0.8377879936836532
260,52f07f442baa5fe5,True,1.0,1.0,0.5962800950277055,1.0,1.0,1.0,0.8317833729282107
261,f8bec974b86952e9,True,1.0,1.0,1.0,1.0,1.0,1.0,1.0
262,84204f2655e4500b,True,1.0,1.0,1.0,1.0,1.0,1.0,1.0
263,e8e49013253b5e7c,True,1.0,1.0,0.6756947465477952,1.0,1.0,1.0,0.8648728110615812
264,f958234391c05be3,True,1.0,1.0,0.7130724844026175,1.0,1.0,1.0,0.8804468685010907
265,27e100e5fd605194,True,1.0,1.0,0.7935595686126752,1.0,1.0,1.0,0.9139831535886147
266,f3509f572c4f5bbb,True,1.0,1.0,0.7260854187084993,1.0,1.0,1.0,0.8858689244618748
267,04424acda0755c93,True,1.0,1.0,1.0,1.0,1.0,1.0,1.0
268,39a2b9bc296c5b76,True,1.0,1.0,1.0,1.0,1.0,1.0,1.0
269,56c64f7e47b15e0d,True,1.0,1.0,1.0,1.0,1.0,1.0,1.0
270,8eac67d757755066,True,1.0,1.0,0.8853988215292397,1.0,1.0,1.0,0.9522495089705165
271,1c6e6f287c2354f1,True,1.0,1.0,0.7594465589877152,1.0,1.0,1.0,0.8997693995782147
272,ba8dead3eb765a14,True,1.0,1.0,0.9715665435407037,1.0,1.0,1.0,0.9881527264752932
273,6a8571daa3445923,True,1.0,1.0,1.0,1.0,1.0,1.0,1.0
274,f6ab99e351c95b45,True,1.0,1.0,0.9249855671861703,1.0,1.0,1.0,0.968743986327571
275,bc427a4503535af2,True,1.0,1.0,0.6353270728615593,1.0,1.0,1.0,0.8480529470256496
276,0937290700b851a0,True,1.0,1.0,1.0,1.0,1.0,1.0,1.0
277,aa1f80806fa35b9f,True,1.0,1.0,1.0,1.0,1.0,1.0,1.0
278,3bd2edbc70605e87,True,1.0,1.0,0.962295831341844,1.0,1.0,1.0,0.9842899297257683
279,68df055f82485e95,True,1.0,1.0,0.7126043459198974,1.0,1.0,0.0,0.8802518107999573
280,c801a9f6c4e05919,True,1.0,1.0,0.8784378495978342,1.0,1.0,1.0,0.9493491039990976
281,0d49407b94b259e8,True,1.0,1.0,1.0,1.0,1.0,1.0,1.0
282,20024f7ea9635ed8,True,1.0,1.0,1.0,1.0,1.0,1.0,1.0
283,cbf0e5deee8956a9,True,1.0,1.0,0.5837132246986807,1.0,1.0,1.0,0.8265471769577836
284,84a6257839b65f93,True,1.0,1.0,0.794193157155251,1.0,1.0,1.0,0.9142471488146878
285,0012a35a78a151b5,True,1.0,1.0,0.8004937130138622,1.0,1.0,1.0,0.9168723804224426
286,0367791336c3533e,True,1.0,1.0,0.5164159471704804,1.0,1.0,1.0,0.7985066446543669
287,fc844eb140035b27,True,1.0,1.0,1.0,1.0,1.0,1.0,1.0
288,bde076eb186a52d5,True,1.0,1.0,1.0,1.0,1.0,1.0,1.0
289,a9fb1181686753ec,True,1.0,1.0,0.9340293413363917,1.0,1.0,1.0,0.9725122255568298
290,39e13f76e8b55320,True,1.0,1.0,1.0,1.0,1.0,1.0,1.0
291,b281c2ccb36359e3,True,1.0,1.0,0.9849446491322086,1.0,1.0,1.0,0.9937269371384202
292,c73482934be65cec,True,1.0,1.0,0.7879938260943656,1.0,1.0,0.5,0.9116640942059857
293,ca5969a1b0775849,True,1.0,1.0,1.0,1.0,1.0,1.0,1.0
294,012dc5d8043555ef,True,1.0,1.0,1.0,1.0,1.0,1.0,1.0
295,214bd73e71715f2c,False,,,,,,,
296,d1e46ac6cbe15c1e,True,1.0,1.0,1.0,0.0,1.0,1.0,0.5833333333333334
297,38a75ff02ee95756,True,1.0,1.0,0.8165173631819516,1.0,1.0,1.0,0.923548901325813
298,63efdfe040865222,True,1.0,1.0,0.7323556830624018,1.0,1.0,1.0,0.8884815346093341
299,6d72ae3e84185e81,True,1.0,1.0,1.0,0.0,1.0,1.0,0.5833333333333334
300,14ce4ee85a9c5471,True,1.0,1.0,0.8043614981291011,1.0,1.0,1.0,0.9184839575537921
301,8f7ea84594aa5d75,True,1.0,1.0,1.0,1.0,1.0,1.0,1.0
302,84a832f4cdbc5aef,True,1.0,1.0,1.0,1.0,1.0,1.0,1.0
303,cf31c5ada8c353bc,True,1.0,1.0,0.8589146666018708,1.0,1.0,1.0,0.9412144444174461
304,35d07990fee95985,True,1.0,1.0,1.0,1.0,1.0,1.0,1.0
305,19c8d441cb445d87,True,1.0,1.0,0.7130655801897786,1.0,1.0,1.0,0.8804439917457412
306,2595e56a8af75a60,True,1.0,1.0,1.0,1.0,1.0,1.0,1.0
307,0436604d25145231,True,1.0,1.0,1.0,1.0,1.0,1.0,1.0
308,5ddfd1fe80af5ceb,True,1.0,1.0,0.650303408339736,1.0,1.0,1.0,0.8542930868082234
309,29518f7a31945a13,True,1.0,1.0,0.9362095551892345,1.0,1.0,1.0,0.9734206479955144
310,65676c8917335c2c,True,1.0,1.0,0.9718778051959934,1.0,1.0,1.0,0.9882824188316639
311,41da8ea7c14754d2,True,1.0,1.0,1.0,1.0,1.0,1.0,1.0
312,620a34ec02795768,True,1.0,1.0,1.0,1.0,1.0,1.0,1.0
313,a4e50a4546d0513e,True,1.0,1.0,0.9134106333671363,1.0,1.0,1.0,0.9639210972363067
314,b8d2227c06a351e4,True,1.0,1.0,0.6330551048932123,1.0,1.0,1.0,0.847106293705505
315,ec78d882433a50ca,True,1.0,1.0,0.732671905283243,1.0,1.0,1.0,0.8886132938680179
316,1665bb5ab9d55dca,True,1.0,1.0,0.6367082218309107,1.0,1.0,1.0,0.8486284257628794
317,daea2a5f018858f6,True,1.0,1.0,0.9178361215879158,1.0,1.0,1.0,0.9657650506616315
318,fa16fc0f1e9851a3,True,1.0,1.0,0.8448730631638947,1.0,1.0,1.0,0.9353637763182894
319,5325126716b45ac4,True,1.0,1.0,0.9197814575023543,1.0,1.0,1.0,0.9665756072926476
320,c81f2105e14758ea,True,1.0,1.0,0.9683270161105464,1.0,1.0,1.0,0.9868029233793942
321,55dab3d9ebd95046,True,1.0,1.0,0.5937417962328785,1.0,1.0,1.0,0.830725748430366
322,8bc0584436b25488,True,1.0,1.0,0.8756903937319037,1.0,1.0,1.0,0.9482043307216266
323,27ba50b0cfa75e8d,True,1.0,1.0,1.0,1.0,1.0,1.0,1.0
324,ce978770a87253c8,True,1.0,1.0,1.0,1.0,1.0,1.0,1.0
325,9c9944c9e8b3583e,True,1.0,1.0,0.7485520727218898,1.0,1.0,1.0,0.8952300303007874
326,a7aa2b49e81b5d4f,True,1.0,1.0,0.7064590914812383,1.0,1.0,1.0,0.8776912881171827
327,38b4ff11393c5dec,True,1.0,1.0,1.0,1.0,1.0,1.0,1.0
328,8d04552a13985dc6,True,1.0,1.0,0.8171770417868283,1.0,1.0,1.0,0.9238237674111783
329,2dbf2462b447576f,True,1.0,1.0,1.0,1.0,1.0,1.0,1.0
330,e3d3be1bc77e517e,True,1.0,1.0,1.0,1.0,1.0,1.0,1.0
331,b435ec4c5baa5a2c,True,1.0,1.0,1.0,1.0,1.0,1.0,1.0
332,6350e3b4ec0a59dc,True,1.0,1.0,0.5869442171918762,1.0,1.0,1.0,0.8278934238299485
333,f5eb7105d1d358c5,True,1.0,1.0,0.8274424381754135,1.0,1.0,1.0,0.9281010159064224
334,aea14d7408d255bb,True,1.0,1.0,0.8454034347635552,1.0,1.0,1.0,0.9355847644848146
335,b962399e13f35965,True,1.0,1.0,0.8348699709566044,1.0,1.0,1.0,0.9311958212319186
336,088cebb101bf5ed6,True,1.0,1.0,1.0,1.0,1.0,1.0,1.0
337,260d0c0225eb534d,True,1.0,1.0,1.0,1.0,1.0,1.0,1.0
338,96f15b834684542e,True,1.0,1.0,0.9138872707167077,1.0,1.0,1.0,0.9641196961319616
339,ea8e1b52032857e1,True,1.0,1.0,1.0,1.0,1.0,1.0,1.0
340,2db824526e9458f2,True,1.0,1.0,1.0,1.0,1.0,1.0,1.0
341,ffed00245f3f5d00,True,1.0,1.0,0.8481972986247978,1.0,1.0,1.0,0.9367488744269991
342,f3e0463f3cf4505e,True,1.0,1.0,0.9036693998511377,1.0,1.0,1.0,0.959862249937974
343,38a5d409f1095059,True,1.0,0.0,0.0,1.0,1.0,1.0,0.0
344,cd41ee390afb5da7,True,1.0,1.0,0.805143674556389,1.0,1.0,0.0,0.9188098643984954
345,82e1485de4fa5b71,True,1.0,1.0,0.7185233320347345,1.0,1.0,1.0,0.8827180550144726
346,1c2eb038a9ea5caa,True,1.0,1.0,0.9224719126392769,1.0,1.0,1.0,0.9676966302663654
347,923e4fcf3daa57f8,True,1.0,1.0,1.0,0.0,1.0,1.0,0.5833333333333334
348,cd7575ed015c5678,True,1.0,1.0,0.8565127171546455,1.0,1.0,1.0,0.9402136321477691
349,37c15bc4d99a5365,True,1.0,1.0,0.7001225748729148,1.0,1.0,1.0,0.8750510728637145
350,feb4ce395d4d54fb,True,1.0,1.0,0.7876034308880365,1.0,1.0,1.0,0.9115014295366818
351,29ba983123655159,True,1.0,1.0,0.8564881964481108,1.0,1.0,1.0,0.9402034151867129
352,974041ac230056eb,True,1.0,1.0,1.0,0.0,1.0,1.0,0.5833333333333334
353,c95f789949355567,True,1.0,1.0,0.6155402234104138,1.0,1.0,1.0,0.8398084264210057
354,258fd15174fb5e47,True,1.0,1.0,0.8219709064965951,1.0,1.0,1.0,0.925821211040248
355,fb6e02b5752e5754,True,1.0,1.0,1.0,1.0,1.0,1.0,1.0
356,c7cd4edb7b455e9f,True,1.0,0.0,0.0,1.0,1.0,1.0,0.0
357,52c77cea68eb5afc,True,1.0,1.0,0.9780765144537811,1.0,1.0,1.0,0.990865214355742
358,06db90857b4e575d,True,1.0,1.0,0.8856512529813876,1.0,1.0,1.0,0.9523546887422448
359,07bf0601ad425977,True,1.0,1.0,0.6194329591749466,1.0,1.0,1.0,0.8414303996562277
360,281798a7d40559bb,True,1.0,1.0,0.7428782965402527,1.0,1.0,1.0,0.892865956891772
361,3b84c23dd4ee5af8,True,1.0,1.0,1.0,1.0,1.0,1.0,1.0
362,ee0e03f19a735d67,True,1.0,1.0,0.8118815143101631,1.0,1.0,1.0,0.9216172976292346
363,831e535bf528567d,True,1.0,1.0,0.9290879598302754,1.0,1.0,1.0,0.970453316595948
364,ec7ec2875d5f5fe9,True,1.0,1.0,0.790908751179633,1.0,1.0,1.0,0.912878646324847
365,cdda15bd879d5a30,True,1.0,1.0,0.7383187312018112,1.0,1.0,1.0,0.8909661380007546
366,ba7da1b0100054f4,True,1.0,1.0,0.7657256083799455,1.0,1.0,1.0,0.9023856701583105
367,cfa1a5ff80355988,True,1.0,1.0,0.6367974844670775,1.0,1.0,1.0,0.848665618527949
368,59b32114d8b252c8,True,1.0,1.0,0.5771038900217205,1.0,1.0,1.0,0.8237932875090502
369,063f7dfe767d55aa,True,1.0,1.0,0.8729173882513852,1.0,1.0,1.0,0.9470489117714105
370,32189cc0a3bf535a,True,1.0,1.0,1.0,1.0,1.0,1.0,1.0
371,5593db2f64115fbf,True,1.0,1.0,0.9034843970967931,1.0,1.0,1.0,0.9597851654569971
372,6c996448c2e45ca1,True,1.0,1.0,0.7706990256933112,1.0,1.0,1.0,0.904457927372213
373,55992af369b95456,True,1.0,1.0,0.7194389662208145,1.0,1.0,1.0,0.8830995692586727
374,8b328af730c75e49,True,1.0,1.0,0.7910466554337585,1.0,1.0,1.0,0.9129361064307328
375,c738206669ed589c,True,1.0,1.0,1.0,1.0,1.0,1.0,1.0
376,1b9e4e6c5e91568d,True,1.0,1.0,0.8700255061692791,1.0,1.0,1.0,0.9458439609038664
377,51586a8c23a4569a,True,1.0,1.0,1.0,1.0,1.0,1.0,1.0
378,4588d3bc87cd5a49,True,1.0,1.0,0.6719981795316325,1.0,1.0,1.0,0.8633325748048469
379,7d22e4c9e8605ed2,True,1.0,1.0,0.8453444343556643,1.0,1.0,1.0,0.9355601809815268
380,af0e1a3043ba51c6,True,1.0,1.0,1.0,1.0,1.0,1.0,1.0
381,5b24b678ff67555d,True,1.0,1.0,0.9468675087428333,1.0,1.0,1.0,0.9778614619761806
382,cf081b6882d159f5,True,1.0,1.0,1.0,1.0,1.0,1.0,1.0
383,cbbc4cdfaf2e5106,True,1.0,1.0,0.7626985918360392,1.0,1.0,1.0,0.9011244132650162
384,18b5995484435fbe,True,1.0,1.0,1.0,1.0,1.0,1.0,1.0
385,d3afcd1be60851a9,True,1.0,1.0,0.8034524706349561,1.0,1.0,1.0,0.9181051960978984
386,8fdb21d863c5504b,True,1.0,1.0,0.9359864722575347,1.0,1.0,1.0,0.9733276967739727
387,bd2b1a4530a1538b,True,1.0,1.0,0.5428451162137997,1.0,1.0,1.0,0.8095187984224165
388,cdc9d2e591cc552c,True,1.0,1.0,1.0,1.0,1.0,1.0,1.0
389,50676507e4e2554f,True,1.0,1.0,0.590778602440394,1.0,1.0,0.0,0.8294910843501642
390,449ed0c45858583f,True,1.0,1.0,0.9266723290968062,1.0,1.0,1.0,0.969446803790336
391,5bdef7e091525742,True,1.0,1.0,0.8745358127759495,1.0,1.0,1.0,0.9477232553233123
392,92aea46cab86531b,True,1.0,1.0,1.0,1.0,1.0,1.0,1.0
393,aeea0bc96b5255e9,True,1.0,1.0,0.5965608368078177,1.0,1.0,1.0,0.8319003486699241
394,2055bd0e7a885e4a,True,1.0,1.0,0.8467006320286083,1.0,1.0,1.0,0.9361252633452534
395,42a20478abeb54d5,True,1.0,1.0,1.0,1.0,1.0,0.0,1.0
396,09d33cf8b87c5ae3,True,1.0,1.0,0.6081081425442216,1.0,1.0,1.0,0.8367117260600923
397,9e24f7a402a85804,True,1.0,1.0,1.0,1.0,1.0,1.0,1.0
398,455f894b6e3b58ab,True,1.0,1.0,1.0,1.0,1.0,1.0,1.0
399,c0f364f8ed645542,True,1.0,1.0,0.782973005041634,1.0,1.0,1.0,0.9095720854340142
400,ac944958cb6d5209,True,1.0,1.0,1.0,1.0,1.0,1.0,1.0
401,ee9ddfe6625b5969,True,1.0,1.0,0.9130821117503253,1.0,1.0,1.0,0.9637842132293022
402,d443368fa4615242,True,1.0,1.0,1.0,1.0,1.0,1.0,1.0
403,b6e039ab90075f16,True,1.0,1.0,1.0,1.0,1.0,1.0,1.0
404,4f98b9b2f76e57be,True,1.0,1.0,1.0,1.0,1.0,1.0,1.0
405,fefe6361de855419,True,1.0,1.0,0.7805595811886018,1.0,1.0,1.0,0.9085664921619174
406,8b1ba99df5d05f8b,True,1.0,1.0,0.8984912321857721,1.0,1.0,1.0,0.9577046800774051
407,134651c94f73576f,True,1.0,1.0,0.7530439504395885,1.0,1.0,1.0,0.8971016460164952
408,2bae2509df025832,True,1.0,1.0,0.7598866559912045,1.0,1.0,1.0,0.8999527733296686
409,592abdaa0cb25437,True,1.0,1.0,1.0,1.0,1.0,1.0,1.0
410,6f045b164624549f,True,1.0,1.0,1.0,1.0,1.0,1.0,1.0
411,68b2ef4a0f9d505e,True,1.0,1.0,0.999996548380769,1.0,1.0,1.0,0.9999985618253205
412,cbc47540cc665da4,True,1.0,1.0,0.7061907614649217,0.0,1.0,1.0,0.4609128172770507
413,6d3db8abd9ad52eb,True,1.0,1.0,1.0,1.0,1.0,1.0,1.0
414,ed1ae68f8c0f5f3a,True,1.0,1.0,1.0,0.0,1.0,1.0,0.5833333333333334
415,e149babe2348549e,True,1.0,1.0,0.8302778036540525,1.0,1.0,1.0,0.9292824181891884
416,1edf90bb34fc5d3f,True,1.0,1.0,1.0,1.0,1.0,1.0,1.0
417,0dd9b379a2e3595f,True,1.0,1.0,0.634653847300066,1.0,1.0,1.0,0.8477724363750275
418,9da553c408fb54ea,True,1.0,1.0,0.8432598854206557,1.0,1.0,1.0,0.9346916189252732
419,ab01e3ce19875471,True,1.0,1.0,1.0,1.0,1.0,1.0,1.0
420,1961d1075a085a1d,True,1.0,1.0,0.9594108876726071,1.0,1.0,1.0,0.9830878698635863
421,38c2e9619e425ab8,True,1.0,1.0,1.0,1.0,1.0,1.0,1.0
422,b62d1a9194025d38,True,1.0,1.0,0.5394252798259389,1.0,1.0,1.0,0.8080938665941412
423,2ead0bb5e6705b4a,True,1.0,1.0,0.8743420196363356,1.0,1.0,1.0,0.9476425081818065
424,b86c171d4a9d51e3,True,1.0,1.0,1.0,1.0,1.0,1.0,1.0
425,2d365fc1fbd35aab,True,1.0,1.0,0.7923664803259398,1.0,1.0,1.0,0.9134860334691416
426,d4f989ee320e52e9,True,1.0,1.0,1.0,1.0,1.0,1.0,1.0
427,5496f69033515dd4,True,1.0,1.0,0.8897973621220223,1.0,1.0,1.0,0.9540822342175094
428,db94e239ea1a5468,True,1.0,1.0,0.7240416135250013,1.0,1.0,1.0,0.8850173389687505
429,fbd963d6b7e750a6,True,1.0,1.0,0.7625732178026956,1.0,1.0,1.0,0.9010721740844566
430,c50b9b8950ba5347,True,1.0,1.0,1.0,1.0,1.0,1.0,1.0
431,bf0e7609184e533b,True,1.0,0.0,0.0,1.0,1.0,1.0,0.0
432,594dba6254d4500b,True,1.0,1.0,0.805865571626199,1.0,1.0,1.0,0.9191106548442495
433,1b65613f0242544a,True,1.0,1.0,0.6108943828639276,1.0,1.0,1.0,0.8378726595266365
434,b614d476ea185810,True,1.0,1.0,1.0,1.0,1.0,1.0,1.0
435,93d4ab80a0cf5f01,True,1.0,1.0,1.0,1.0,1.0,1.0,1.0
436,3545234b609d5f4a,True,1.0,1.0,0.5913265297069202,1.0,1.0,1.0,0.8297193873778834
437,8a2637d104fb5194,True,1.0,1.0,0.9398470885210446,1.0,1.0,1.0,0.9749362868837687
438,669972d5c4c55872,True,1.0,1.0,0.49108869733296423,1.0,1.0,1.0,0.7879536238887351
439,785b0e9d5d505db4,True,1.0,1.0,0.8741954761695955,1.0,1.0,1.0,0.947581448403998
440,18649e595e7b51ab,True,1.0,0.0,0.0,1.0,1.0,1.0,0.0
441,fe0a6bd36c395735,True,1.0,1.0,0.6984592972084632,1.0,1.0,1.0,0.8743580405035264
442,fe3a1294722e5e1e,True,1.0,1.0,1.0,0.0,1.0,1.0,0.5833333333333334
443,0c8e3fd67ae45324,True,1.0,1.0,0.8244270121309356,1.0,1.0,1.0,0.9268445883878899
444,eff5e373dade52e7,True,1.0,1.0,0.7853103685831705,1.0,1.0,1.0,0.9105459869096544
445,f68aaf95d7825182,True,1.0,1.0,1.0,1.0,1.0,1.0,1.0
446,f38ecbfea0075cca,True,1.0,1.0,0.8734163551831132,1.0,1.0,1.0,0.9472568146596304
447,f55316b2f9655692,True,1.0,1.0,0.7675095646783833,1.0,1.0,1.0,0.9031289852826596
448,3aa8e5d80d5d5d9b,True,1.0,1.0,0.8716129705325901,1.0,1.0,1.0,0.9465054043885792
449,4bfb085c53cc522f,True,1.0,0.0,0.0,1.0,1.0,1.0,0.0
450,94d21a3c26c65363,True,1.0,1.0,0.5806897915679363,1.0,1.0,1.0,0.8252874131533069
451,7fdcd804a7a95b6c,True,0.0,1.0,0.0,0.0,1.0,1.0,0.0
452,0278f1a2ae3b5ae5,True,1.0,1.0,0.784974748856214,1.0,1.0,1.0,0.9104061453567559
453,f776577c7428592b,True,1.0,1.0,1.0,1.0,1.0,1.0,1.0
454,8ead980b5c845769,True,1.0,1.0,1.0,1.0,1.0,1.0,1.0
455,eb72736f2edf5380,True,1.0,1.0,0.9017793489038811,0.0,1.0,1.0,0.5424080620432837
456,14576a845ffc521a,True,1.0,1.0,0.946435286030683,1.0,1.0,1.0,0.9776813691794514
457,8be90fab0cf45555,True,1.0,1.0,0.9907267574430854,1.0,1.0,1.0,0.9961361489346189
458,c8fa1980b26e5f46,True,1.0,1.0,0.7988317867376249,1.0,1.0,1.0,0.9161799111406771
459,8deec95251e95c2d,True,1.0,1.0,0.6851290646651629,1.0,1.0,1.0,0.8688037769438178
460,a1ce49c5eeb75711,True,1.0,1.0,0.9534363160900106,1.0,1.0,1.0,0.9805984650375045
461,014369205e025f0c,True,1.0,1.0,0.7491875540846754,1.0,1.0,1.0,0.8954948142019482
462,76ec850d346b5ca7,True,1.0,1.0,1.0,1.0,1.0,1.0,1.0
463,5a13ac37ca725a30,True,1.0,1.0,0.6628958158572378,1.0,1.0,1.0,0.8595399232738491
464,b5991c2d51f65715,True,0.5,0.0,0.0,0.0,1.0,1.0,0.0
465,5d1312c4f2aa5bbf,True,1.0,1.0,0.5777547257080597,1.0,1.0,1.0,0.824064469045025
466,bddb70b4743352ce,True,1.0,1.0,0.9250834748363218,1.0,1.0,1.0,0.9687847811818008
467,cfd45b3514125d2e,True,1.0,1.0,0.5589283405883899,1.0,1.0,1.0,0.816220141911829
468,7defd0c32cd8546a,False,,,,,,,
469,562e11865ef75220,True,1.0,1.0,0.9127480497272374,1.0,1.0,1.0,0.9636450207196822
470,5350e5a376c259f6,True,1.0,1.0,1.0,1.0,1.0,1.0,1.0
471,48b503ec9c5a5d7a,True,1.0,1.0,0.9544478981232078,1.0,1.0,1.0,0.9810199575513366
472,74cc0056b2c05248,True,1.0,0.0,0.0,0.0,1.0,1.0,0.0
473,6d92cfa21e805f31,True,1.0,1.0,0.8812000766652047,1.0,1.0,1.0,0.9505000319438354
474,bacbab3d771e59fd,True,1.0,0.0,0.0,1.0,1.0,1.0,0.0
475,d4e5d3e55e3751f9,True,1.0,1.0,0.9161336698384427,1.0,1.0,1.0,0.9650556957660177
476,d5a79b89fb985129,True,1.0,1.0,0.6131745530770354,1.0,1.0,1.0,0.8388227304487647
477,ef43bbb93f0d50eb,True,1.0,1.0,0.7506267120764912,1.0,1.0,1.0,0.8960944633652046
478,06067b68f2655a55,True,1.0,1.0,0.5756780328958631,1.0,1.0,1.0,0.8231991803732762
479,0146e76ccdba5d9d,True,1.0,1.0,0.7378165026157363,1.0,1.0,1.0,0.8907568760898901
480,9630074ccab7581e,True,1.0,1.0,0.8610118780537419,1.0,1.0,1.0,0.9420882825223925
481,ffcbea07e13e540d,True,1.0,1.0,1.0,1.0,1.0,1.0,1.0
482,49b8cbfbe63e5c09,True,1.0,1.0,0.6070301609826224,1.0,1.0,1.0,0.8362625670760927
483,ef1f8e45b9f05e4f,True,1.0,1.0,0.9200313051382994,1.0,1.0,1.0,0.9666797104742915
484,892904870078578a,True,1.0,1.0,0.8878838917269358,1.0,1.0,1.0,0.9532849548862233
485,fb1c9ac223bf5bbe,True,1.0,1.0,1.0,1.0,1.0,1.0,1.0
486,cbda46701b0d57b8,True,1.0,1.0,0.9889609657416061,1.0,1.0,1.0,0.9954004023923358
487,e3e49101a8b45645,True,1.0,1.0,0.7755409769712686,1.0,1.0,1.0,0.9064754070713619
488,3ef7a107ecc75162,True,1.0,1.0,0.9122980450994292,1.0,1.0,1.0,0.9634575187914288
489,635495c0e2295c4d,True,1.0,1.0,1.0,1.0,1.0,1.0,1.0
490,483faae37fd95b91,True,1.0,1.0,0.8877609415652444,1.0,1.0,1.0,0.9532337256521851
491,e92a637d847e516c,True,1.0,1.0,0.9487373761041367,1.0,1.0,1.0,0.9786405733767237
492,d0c86990fe0d5bc8,True,1.0,1.0,0.8702368041402886,1.0,1.0,1.0,0.9459320017251202
493,6bb2c2106e435a57,True,1.0,1.0,0.8123244544607457,1.0,1.0,1.0,0.9218018560253108
494,66329b9ed3785e0e,True,1.0,1.0,0.8323245571228817,1.0,1.0,1.0,0.9301352321345341
495,a93fe1ec53155bf7,True,1.0,1.0,0.7025275074860586,1.0,1.0,1.0,0.8760531281191911
496,ed7e9a246a01525d,True,1.0,1.0,1.0,0.0,1.0,1.0,0.5833333333333334
497,750d0f9df6ef55a2,True,1.0,1.0,1.0,1.0,1.0,1.0,1.0
498,28a4a08f11a05407,True,1.0,1.0,0.9435025661139539,1.0,1.0,1.0,0.9764594025474809
499,ab4015c25a66588a,True,1.0,1.0,0.8756149204326574,1.0,1.0,1.0,0.9481728835136073
500,4211afd0df14524c,True,1.0,1.0,1.0,1.0,1.0,1.0,1.0
501,44b1999e4b2551b8,True,1.0,1.0,0.785527834398166,1.0,1.0,1.0,0.9106365976659024
502,451f66014a765bce,True,1.0,1.0,0.9878651886345531,1.0,1.0,1.0,0.9949438285977305
503,b38a9c035ce15dd5,True,1.0,1.0,0.8667563939602072,1.0,1.0,1.0,0.944481830816753
504,69a1f3e84f6758b0,True,1.0,1.0,0.7066351318967561,1.0,1.0,1.0,0.8777646382903151
505,f25f862298af549d,True,1.0,1.0,0.8814614900918648,1.0,1.0,1.0,0.9506089542049437
506,c4ba306cfe4f59f6,True,1.0,1.0,1.0,1.0,1.0,1.0,1.0
507,3ba2c46a8d445efd,True,1.0,1.0,0.8901052196519857,1.0,1.0,1.0,0.9542105081883273
508,6659724ab0a8566c,True,1.0,1.0,0.8161732401761739,1.0,1.0,1.0,0.9234055167400724
509,d5489fba77675698,True,1.0,1.0,0.6693769471657403,1.0,1.0,1.0,0.8622403946523919
510,af2f022a0d685312,True,1.0,1.0,0.7384804889335612,1.0,1.0,1.0,0.8910335370556505
511,15dd65ee730d54d4,True,1.0,1.0,0.7882014652187428,1.0,1.0,1.0,0.9117506105078096
512,9726171368175cc6,True,1.0,1.0,1.0,1.0,1.0,1.0,1.0
513,e23fdb8f34b35d20,True,1.0,0.0,0.0,1.0,1.0,1.0,0.0
514,a3399fc1f78b55f2,True,1.0,1.0,0.7428433122510139,1.0,1.0,1.0,0.8928513801045891
515,f3931b33198d5570,True,1.0,1.0,1.0,1.0,1.0,1.0,1.0
516,9577987ee2e85304,True,1.0,1.0,1.0,1.0,1.0,1.0,1.0
517,629f93034f995ebc,True,1.0,1.0,1.0,1.0,1.0,1.0,1.0
518,cc8a7b88b06b56c2,True,1.0,1.0,1.0,1.0,1.0,1.0,1.0
519,e18ac69f49cf582f,True,1.0,1.0,0.787189927119318,1.0,1.0,1.0,0.9113291362997158
520,df11795878cb5419,True,1.0,1.0,0.5995017081767314,1.0,1.0,1.0,0.8331257117403048
521,17cac31ef9135faf,True,1.0,1.0,0.8974253304182902,1.0,1.0,1.0,0.9572605543409543
522,3f11ac11755857c2,True,1.0,1.0,0.6297602872543393,1.0,1.0,1.0,0.8457334530226414
523,73a3a880d8d8522c,True,1.0,1.0,0.8678188131332789,1.0,1.0,1.0,0.9449245054721995
524,37ebe75f19b1549a,True,1.0,1.0,0.7229383213163838,1.0,1.0,1.0,0.8845576338818266
525,9dcc18a23f4d57d8,True,1.0,1.0,0.7561847127177587,1.0,1.0,1.0,0.8984102969657327
526,8c5a6a5b602859b2,True,1.0,1.0,0.7376330238005443,1.0,1.0,1.0,0.8906804265835602
527,4a6dd3df952b5703,True,1.0,1.0,1.0,1.0,1.0,1.0,1.0
528,73ba0e501a005971,True,1.0,1.0,0.7762941121652813,1.0,1.0,1.0,0.9067892134022006
529,d514826bdd045d68,True,1.0,1.0,1.0,1.0,1.0,1.0,1.0
530,75128a99a5765e31,True,1.0,1.0,1.0,1.0,1.0,1.0,1.0
531,c39f042bbc0256ba,True,1.0,1.0,0.8645221656808644,1.0,1.0,1.0,0.9435509023670269
532,613181e5c29d526a,True,1.0,1.0,0.8092187167194096,1.0,1.0,1.0,0.9205077986330874
533,bd4be260be50516f,True,1.0,1.0,1.0,0.0,1.0,1.0,0.5833333333333334
534,c6bd79f439c254a0,True,1.0,1.0,0.8212317620330734,1.0,1.0,1.0,0.9255132341804472
535,ae50b115259f5a24,True,1.0,1.0,1.0,1.0,1.0,1.0,1.0
536,c59ff27cf18056b4,True,1.0,1.0,0.8928146358833581,1.0,1.0,1.0,0.9553394316180658
537,d1d19175f88e5b2e,True,1.0,1.0,0.6783482315546232,1.0,1.0,1.0,0.8659784298144263
538,6b97412307ad5c16,True,1.0,1.0,0.7591718631365636,1.0,1.0,1.0,0.8996549429735682
539,b8a1d133723f5897,True,1.0,0.0,0.0,1.0,1.0,1.0,0.0
540,4999981a1cac596e,True,1.0,1.0,0.8043813186856764,1.0,1.0,1.0,0.918492216119032
541,e0cd66542e715685,True,1.0,1.0,0.7067729258487897,1.0,1.0,1.0,0.8778220524369957
542,d54047580ffb5dba,True,1.0,1.0,0.8219466246389,1.0,1.0,1.0,0.9258110935995417
543,ba72861df9725061,True,1.0,1.0,1.0,1.0,1.0,1.0,1.0
544,76f952632729540f,True,1.0,1.0,0.8185839842020416,1.0,1.0,1.0,0.9244099934175173
545,0442b2728b8058fd,True,1.0,1.0,0.8204079430585075,1.0,1.0,1.0,0.9251699762743781
546,4d7462e08df954a1,True,1.0,1.0,1.0,1.0,1.0,1.0,1.0
547,2dd7293bcb445815,True,1.0,1.0,0.536879910508659,1.0,1.0,1.0,0.8070332960452746
548,5a73f6b4c9855899,True,1.0,1.0,0.8723487557593235,1.0,1.0,1.0,0.9468119815663848
549,3a0e2f53c9585e94,True,1.0,1.0,0.9005911512713625,1.0,1.0,1.0,0.9585796463630677
550,252522eebf5e5dc1,True,1.0,1.0,1.0,1.0,1.0,1.0,1.0
551,c5c7922b844d592f,True,1.0,1.0,1.0,1.0,1.0,1.0,1.0
552,a0eb6fa78dc2558f,True,1.0,1.0,0.8438910743648174,1.0,1.0,1.0,0.9349546143186739
553,d0910fc41d785f46,True,1.0,1.0,1.0,1.0,1.0,1.0,1.0
554,32cc73faa9755edb,True,1.0,1.0,0.8274009488870182,1.0,1.0,1.0,0.9280837287029242
555,bfdb40b3dded57fd,True,1.0,1.0,0.7417785735694131,1.0,1.0,1.0,0.8924077389872554
556,fb42b4cbf6b95b6c,True,1.0,1.0,1.0,1.0,1.0,1.0,1.0
557,2133a31c391f5108,True,1.0,1.0,0.8740996674646204,1.0,1.0,1.0,0.9475415281102585
558,76cd37d3370f5d04,True,1.0,1.0,1.0,1.0,1.0,1.0,1.0
559,5b3bc72c557a5a17,True,1.0,1.0,0.7623434674267747,1.0,1.0,1.0,0.9009764447611562
560,0d161d05f98354dc,True,1.0,1.0,0.9492776846300603,1.0,1.0,1.0,0.9788657019291919
561,58b6d3046d18508e,True,1.0,1.0,0.7821419043116425,1.0,1.0,1.0,0.9092257934631843
562,c7cb2e43b2d053b7,True,1.0,1.0,0.9032146289734224,1.0,1.0,1.0,0.9596727620722594
563,1f0f883695f05e6c,True,1.0,1.0,0.7557772862174453,1.0,1.0,1.0,0.8982405359239355
564,230a57eaa1a25864,True,1.0,1.0,0.8674552695004804,1.0,1.0,1.0,0.9447730289585335
565,e99ca54f8f4d585f,True,1.0,1.0,0.838883971363107,1.0,1.0,1.0,0.9328683214012946
566,6fdea0636809523e,True,1.0,1.0,1.0,1.0,1.0,1.0,1.0
567,b27e2139fbb959fa,True,1.0,1.0,1.0,1.0,1.0,1.0,1.0
568,a19dd8ff9c4e5fc7,True,1.0,0.0,0.0,1.0,1.0,1.0,0.0
569,18375bbfe4c85ae3,True,1.0,1.0,0.5606663316725524,1.0,1.0,1.0,0.8169443048635635
570,ec574c9ae43e56a9,True,1.0,1.0,1.0,1.0,1.0,1.0,1.0
571,de49d859c60758e9,True,1.0,1.0,0.8591439499255336,1.0,1.0,1.0,0.9413099791356391
572,981ceb0924575bc3,True,1.0,1.0,0.9320218361161071,1.0,1.0,1.0,0.9716757650483779
573,9f8764247caa5e71,True,1.0,1.0,0.9284276079663341,1.0,1.0,1.0,0.9701781699859726
574,0e2f2cb6712550b7,True,1.0,1.0,0.8829878779729762,1.0,1.0,1.0,0.9512449491554067
575,9b95066419ea5427,True,1.0,1.0,1.0,1.0,1.0,1.0,1.0
576,4023fa59fcfd5671,True,1.0,1.0,0.5273120050770876,1.0,1.0,1.0,0.8030466687821199
577,76dceae4c9c353b5,True,1.0,1.0,0.6697524445129074,1.0,1.0,1.0,0.8623968518803781
578,abcbb3c7020550c5,True,1.0,0.0,0.0,1.0,1.0,1.0,0.0
579,10657b4beeeb5461,True,1.0,1.0,0.8956883133328889,1.0,1.0,1.0,0.956536797222037
580,371672ed85805daf,True,1.0,1.0,1.0,1.0,1.0,1.0,1.0
581,49119e0bd9335681,True,1.0,1.0,1.0,1.0,1.0,1.0,1.0
582,71e87d45fe895277,True,1.0,1.0,1.0,1.0,1.0,1.0,1.0
583,29b1f4b4868f59e3,True,1.0,0.0,0.0,1.0,1.0,1.0,0.0
584,407c0f671669566d,True,1.0,1.0,0.81480177485582,1.0,1.0,1.0,0.9228340728565917
585,42545a072b1a5820,True,1.0,1.0,0.817569319538769,1.0,1.0,1.0,0.9239872164744871
586,923b8c36b7995ade,True,1.0,1.0,0.806711654995526,1.0,1.0,1.0,0.9194631895814691
587,a55fa060a119508b,True,1.0,1.0,0.9771984045966433,1.0,1.0,1.0,0.9904993352486015
588,bd957829755e50cb,True,1.0,1.0,0.7884653871771432,1.0,1.0,1.0,0.9118605779904764
589,ab052def6aec532e,True,1.0,1.0,0.9470716354830454,1.0,1.0,1.0,0.9779465147846023
590,94d209006f485164,True,1.0,1.0,1.0,1.0,1.0,1.0,1.0
591,607298120f23583c,True,1.0,1.0,1.0,1.0,1.0,1.0,1.0
592,fab1fef0e2dc57cd,True,1.0,1.0,0.9228814040365353,1.0,1.0,1.0,0.9678672516818897
593,b9633d9afd4356a8,True,1.0,1.0,0.8861391998382321,1.0,1.0,1.0,0.9525579999325967
594,9a2894f199095f96,True,1.0,1.0,0.8039731374513094,1.0,1.0,1.0,0.9183221406047123
595,8dae886e0ed1501c,True,1.0,1.0,0.6286512667184699,1.0,1.0,1.0,0.8452713611326957
596,ddd6640cba7e584c,True,1.0,1.0,1.0,1.0,1.0,1.0,1.0
597,3a61d7ced3ca590d,True,1.0,1.0,1.0,1.0,1.0,1.0,1.0
598,ea492662cb205db2,True,1.0,1.0,0.8196638859465999,1.0,1.0,1.0,0.92485995247775
599,79322494f7975811,True,1.0,1.0,1.0,1.0,1.0,1.0,1.0
600,642ba15d21c05f4e,True,1.0,1.0,0.969493179719317,1.0,1.0,1.0,0.9872888248830488
601,80dea9d7cb445906,True,1.0,1.0,1.0,1.0,1.0,1.0,1.0
602,fa1f681041595461,True,1.0,1.0,1.0,1.0,1.0,1.0,1.0
603,dd393ea6b72059c3,True,1.0,1.0,1.0,1.0,1.0,1.0,1.0
604,ac4c20c8dd0a5e68,True,1.0,1.0,1.0,1.0,1.0,1.0,1.0
605,fd99b81c7f2b5ed7,True,1.0,1.0,1.0,1.0,1.0,1.0,1.0
606,214abdb588465704,True,1.0,1.0,0.6973591962288334,1.0,1.0,1.0,0.8738996650953471
607,f32d809c7175588c,True,1.0,1.0,1.0,1.0,1.0,1.0,1.0
608,fba8aa5a1cb8583e,True,1.0,1.0,1.0,1.0,1.0,1.0,1.0
609,d777782391de54bf,True,1.0,1.0,0.7854264579973632,1.0,1.0,1.0,0.9105943574989013
610,825663ce94fe5df1,True,1.0,1.0,0.611320988673663,1.0,1.0,1.0,0.8380504119473596
611,174ac6135bf65de9,True,1.0,1.0,0.8400867371366407,1.0,1.0,1.0,0.9333694738069337
612,3f38262eb4d55376,True,1.0,1.0,0.8912586069980132,1.0,1.0,1.0,0.9546910862491721
613,eb9827bfdf925815,True,1.0,1.0,1.0,1.0,1.0,0.0,1.0
614,c63599ac19bc5e9a,True,1.0,1.0,1.0,1.0,1.0,1.0,1.0
615,eb3e272209a4520f,True,1.0,1.0,0.7761429589848376,1.0,1.0,1.0,0.906726232910349
616,450df2d719cb5c88,True,1.0,1.0,0.5515088119133467,1.0,1.0,1.0,0.8131286716305611
617,01c4dab17c975e13,True,1.0,1.0,1.0,1.0,1.0,1.0,1.0
618,dd71dee142f05d7d,True,1.0,1.0,0.9199602485740994,1.0,1.0,1.0,0.9666501035725416
619,73b1bfef98ae5664,True,1.0,1.0,1.0,1.0,1.0,1.0,1.0
620,2b201c0ffa245b8b,True,1.0,1.0,0.9163607468866567,1.0,1.0,1.0,0.9651503112027736
621,81f6d1d0bc835cb3,True,1.0,1.0,0.9210828880825783,1.0,1.0,1.0,0.9671178700344076
622,e1c80a4e90a1501d,True,1.0,1.0,0.8353477346200135,1.0,1.0,1.0,0.9313948894250057
623,0fa4d1e0739659b4,True,1.0,0.0,0.0,1.0,1.0,0.0,0.0
624,dbadf83c8bc85324,True,1.0,0.0,0.0,1.0,1.0,0.0,0.0
625,a3dd6d539acc5c9b,True,1.0,1.0,0.9500480877538784,1.0,1.0,1.0,0.9791867032307827
626,e6c36a6be3c75127,True,1.0,1.0,1.0,1.0,1.0,1.0,1.0
627,e24d893472bf5ce0,True,1.0,1.0,1.0,1.0,1.0,1.0,1.0
628,d559cac76f5a5a7d,True,1.0,1.0,1.0,1.0,1.0,1.0,1.0
629,803addaf65355261,True,1.0,1.0,0.694446211141647,1.0,1.0,1.0,0.8726859213090196
630,108b8b1ea5fd57ff,True,1.0,1.0,1.0,1.0,1.0,1.0,1.0
631,22dde440a0c35d31,True,1.0,1.0,0.6972124416987561,0.0,1.0,0.0,0.4571718507078151
632,9410f817dff058c2,True,1.0,1.0,1.0,1.0,1.0,1.0,1.0
633,fd75eff84fb15543,True,1.0,1.0,0.8630648002152432,1.0,1.0,1.0,0.9429436667563514
634,8a91af177fee5522,True,1.0,1.0,0.9007422332189313,1.0,1.0,1.0,0.9586425971745548
635,f769ef75631451c8,True,1.0,1.0,0.9618322968678515,1.0,1.0,1.0,0.9840967903616048
636,60b5ba011ea65e68,True,1.0,1.0,0.772260639657597,1.0,1.0,1.0,0.905108599857332
637,d798fc24805d5f19,True,1.0,1.0,0.7457641503968426,1.0,1.0,1.0,0.8940683959986844
638,de28290571ec523a,True,1.0,1.0,1.0,1.0,1.0,1.0,1.0
639,f8b1bb7447c257dc,True,1.0,1.0,0.7617622330919017,1.0,1.0,1.0,0.9007342637882925
640,a34e53ca202b5fa3,True,1.0,1.0,0.903809036158361,1.0,1.0,1.0,0.9599204317326504
641,88466abb967954e5,True,1.0,1.0,0.10988611525496329,1.0,1.0,1.0,0.629119214689568
642,c493172b908c5df9,True,1.0,1.0,0.6641373734315893,1.0,1.0,1.0,0.8600572389298288
643,c6acf71b8b3b560c,True,1.0,1.0,0.871572238002385,1.0,1.0,1.0,0.9464884325009937
644,b111bb8716b756d2,True,1.0,1.0,1.0,1.0,1.0,1.0,1.0
645,bc1b30ec654c5d78,True,1.0,1.0,1.0,1.0,1.0,1.0,1.0
646,6f31e863bab65c62,True,1.0,1.0,0.8276345096122858,1.0,1.0,1.0,0.9281810456717858
647,08e5f4c2c0965b15,True,1.0,1.0,1.0,1.0,1.0,1.0,1.0
648,1679f30058f75db4,True,1.0,1.0,0.9884928450680815,1.0,1.0,1.0,0.9952053521117007
649,0a672fa6dbb95d68,True,1.0,1.0,0.776958370378558,1.0,1.0,1.0,0.9070659876577324
650,a2701552b0f95f7b,True,1.0,1.0,1.0,1.0,1.0,1.0,1.0
651,6d024ab27b8e517b,True,1.0,0.0,0.0,1.0,1.0,1.0,0.0
652,b556cea74b125dfa,True,1.0,1.0,0.6865066714503221,1.0,1.0,1.0,0.8693777797709675
653,5ae3a0ab54a950d7,True,1.0,1.0,1.0,1.0,1.0,1.0,1.0
654,d2c7bb24957c56ad,True,1.0,1.0,1.0,1.0,1.0,1.0,1.0
655,04aa69f18d255c96,True,1.0,1.0,1.0,1.0,1.0,1.0,1.0
656,e9cfc98fdc09590a,True,1.0,1.0,1.0,1.0,1.0,1.0,1.0
657,06091e78878d510e,True,1.0,1.0,0.9053331328026328,1.0,1.0,1.0,0.960555472001097
658,e1d5cb7ac38f5038,True,1.0,1.0,1.0,1.0,1.0,1.0,1.0
659,9e1be9753cf75e57,True,1.0,1.0,0.6130706437633123,1.0,1.0,1.0,0.8387794349013801
660,68bbcb5f42845480,True,1.0,1.0,0.9162659879954488,1.0,1.0,1.0,0.965110828331437
661,4bc793d4a9ef5860,True,1.0,1.0,1.0,1.0,1.0,1.0,1.0
662,bf1d8c493e7458d2,True,1.0,1.0,0.8844814899410259,1.0,1.0,1.0,0.9518672874754275
663,40c5ce24f85a5540,True,1.0,1.0,0.9398062791120582,1.0,1.0,1.0,0.9749192829633575
664,b5d5d15093af5638,True,1.0,1.0,0.8939193382931617,1.0,1.0,1.0,0.9557997242888173
665,d4c4bdedcfd25465,True,1.0,1.0,0.8656120211797093,1.0,1.0,1.0,0.9440050088248789
666,c2fdffb4c2915577,True,1.0,1.0,0.6775422497565861,1.0,1.0,1.0,0.8656426040652442
667,283f93bc73b2571b,True,1.0,1.0,0.8026964840216758,1.0,1.0,1.0,0.9177902016756981
668,c66c7433e8855d01,True,1.0,1.0,0.7334238554095385,1.0,1.0,1.0,0.888926606420641
669,49c9a9f57deb5a8c,True,1.0,1.0,0.9425219009628221,0.0,1.0,1.0,0.5593841254011759
670,fcb157cfb7785486,True,1.0,1.0,0.8225309011499731,1.0,1.0,1.0,0.9260545421458222
671,9bebc9f8507c5cf4,True,1.0,1.0,1.0,1.0,1.0,1.0,1.0
672,1d7ff3e8eed15ced,True,1.0,1.0,0.77364463181498,1.0,1.0,1.0,0.9056852632562417
673,bc2532765f5a5262,True,1.0,1.0,0.777563263380066,1.0,1.0,1.0,0.9073180264083609
674,38736da1e9dc51c8,True,1.0,1.0,0.8904374148349111,1.0,1.0,1.0,0.9543489228478798
675,7335659408525112,True,1.0,1.0,0.8099279339973232,1.0,1.0,1.0,0.920803305832218
676,77160cf8a6b8581d,True,1.0,1.0,0.7393153976697713,1.0,1.0,1.0,0.8913814156957379
677,7631ace833c857ba,True,1.0,1.0,0.9134948709232393,1.0,1.0,1.0,0.9639561962180164
678,0bc2eec7ad2c5599,True,1.0,1.0,1.0,1.0,1.0,1.0,1.0
679,239d0568fc2250df,True,1.0,1.0,0.9537220531864129,1.0,1.0,1.0,0.9807175221610054
680,450d66ced3175d35,True,1.0,1.0,1.0,1.0,1.0,1.0,1.0
681,d422c9b6689c52bf,True,1.0,1.0,0.9365086328097582,1.0,1.0,1.0,0.9735452636707326
682,c672b42254b3556d,True,1.0,1.0,0.8244927972630254,1.0,1.0,1.0,0.9268719988595939
683,69616d6f715256dc,True,1.0,1.0,0.7766351842873219,1.0,1.0,1.0,0.9069313267863842
684,9644977ff3b15622,True,1.0,1.0,1.0,1.0,1.0,0.0,1.0
685,5aac73b6f21a5a86,True,1.0,1.0,1.0,1.0,1.0,1.0,1.0
686,0a08850db6e35ab7,True,1.0,1.0,0.786140343848391,1.0,1.0,1.0,0.9108918099368296
687,3a8a83bdb2c05a02,True,1.0,1.0,0.8987317830164139,1.0,1.0,1.0,0.9578049095901724
688,8317ed430d8e50c3,True,1.0,1.0,1.0,1.0,1.0,1.0,1.0
689,a7eeec2ad80b58a1,True,1.0,1.0,0.9003678494680109,1.0,1.0,1.0,0.9584866039450045
690,583e9cc4115258e4,True,1.0,1.0,0.8748122174470666,0.0,1.0,0.5,0.5311717572696111
691,7f3a478c21ce55f9,True,1.0,1.0,0.7817159495222751,1.0,1.0,1.0,0.909048312300948
692,851a15966923546b,True,1.0,1.0,1.0,1.0,1.0,1.0,1.0
693,01fc240ee1d25c9e,True,1.0,1.0,0.9017079542562044,1.0,1.0,1.0,0.9590449809400852
694,9ab8b2e7de985004,True,1.0,0.0,0.0,1.0,1.0,1.0,0.0
695,fdd599e861875d9f,True,1.0,1.0,0.9738156301540943,1.0,1.0,1.0,0.9890898458975393
696,e698c7da1faf53f5,True,1.0,1.0,0.7738869380987997,1.0,1.0,1.0,0.9057862242078332
697,6496c4adf0f65e78,True,1.0,1.0,0.9094644955904417,1.0,1.0,1.0,0.9622768731626841
698,04582784acfe5725,True,1.0,1.0,1.0,1.0,1.0,1.0,1.0
699,3388246402ca591e,True,1.0,1.0,0.775501481123718,1.0,1.0,1.0,0.9064589504682159
700,0088dd94bbb85394,True,1.0,1.0,0.7960656346469999,1.0,1.0,1.0,0.9150273477695833
701,aa2b8af510775368,True,1.0,1.0,0.7621664654104385,1.0,1.0,1.0,0.9009026939210161
702,33aa90792d5855a7,True,1.0,1.0,1.0,1.0,1.0,1.0,1.0
703,6154b9589f9553fa,True,1.0,1.0,1.0,1.0,1.0,1.0,1.0
704,6486c6ab411c5baf,True,1.0,0.0,0.0,1.0,1.0,1.0,0.0
705,11094634534c53fd,True,1.0,1.0,0.7157306254951535,1.0,1.0,1.0,0.8815544272896473
706,1c45a4d22fcc5b2e,True,1.0,1.0,0.8094184050459182,1.0,1.0,1.0,0.920591002102466
707,5bb280e3aebe5a67,True,1.0,0.0,0.0,1.0,1.0,1.0,0.0
708,55204d7112015beb,True,1.0,1.0,0.922583813828747,1.0,1.0,1.0,0.967743255761978
709,c4f1593154f95224,True,1.0,1.0,1.0,1.0,1.0,1.0,1.0
710,c520f76d99f359f2,True,1.0,1.0,0.9403789482347329,1.0,1.0,1.0,0.9751578950978054
711,b1c09de2415c5b14,True,1.0,1.0,0.8369102150418565,1.0,1.0,1.0,0.9320459229341068
712,4342cb36fbba580b,True,1.0,1.0,0.6221539611441004,1.0,1.0,1.0,0.8425641504767084
713,dcc3b1a2a6da565a,True,1.0,1.0,0.8652255567922007,1.0,1.0,1.0,0.9438439819967502
714,f722930665045683,True,1.0,1.0,1.0,1.0,1.0,1.0,1.0
715,f91647b196dd5180,True,1.0,1.0,0.7553582581100207,1.0,1.0,1.0,0.8980659408791754
716,d7a0ac2136015985,True,1.0,1.0,1.0,1.0,1.0,1.0,1.0
717,24a036d6f97d5a50,True,1.0,1.0,0.5093663747875081,1.0,1.0,1.0,0.7955693228281283
718,3b910accfc12560a,True,1.0,1.0,0.5443440852844119,1.0,1.0,1.0,0.810143368868505
719,578b2f71b5d750a8,True,1.0,1.0,1.0,1.0,1.0,1.0,1.0
720,134b10cfe7e753e6,True,1.0,1.0,0.801186403974107,1.0,1.0,1.0,0.9171610016558779
721,98867b3fc7a95c24,True,1.0,1.0,0.8693136564040279,1.0,1.0,1.0,0.9455473568350117
722,aab44cff9f3552b1,True,1.0,1.0,1.0,1.0,1.0,1.0,1.0
723,cd16888f31015b81,True,1.0,1.0,1.0,1.0,1.0,0.0,1.0
724,ccd6fe2d044e5309,True,1.0,1.0,1.0,1.0,1.0,1.0,1.0
725,4cca4c982f9855c5,True,1.0,1.0,1.0,1.0,1.0,1.0,1.0
726,92e499cae59d57d4,True,1.0,0.0,0.0,1.0,1.0,1.0,0.0
727,26f3ef1a426f57be,True,1.0,1.0,1.0,1.0,1.0,1.0,1.0
728,3ff436e401ed5828,True,1.0,1.0,1.0,1.0,1.0,1.0,1.0
729,e8858099d9b652f2,True,1.0,1.0,0.9776081797392816,1.0,1.0,1.0,0.9906700748913674
730,f962927ff5dc518c,True,1.0,1.0,0.8311897048912554,1.0,1.0,1.0,0.9296623770380231
731,5016bf8ca2ee554c,True,1.0,0.0,0.0,1.0,1.0,1.0,0.0
732,c81fe92ff9c15e8d,True,1.0,1.0,0.8037764750205739,1.0,1.0,1.0,0.9182401979252391
733,5971485918d155dd,True,1.0,1.0,1.0,1.0,1.0,1.0,1.0
734,2ca1cea5e7bf5219,True,1.0,1.0,0.9018358473194911,1.0,1.0,1.0,0.9590982697164545
735,87751a071a7e50a4,True,1.0,1.0,1.0,1.0,1.0,1.0,1.0
736,8794578fbb0e57f4,True,1.0,1.0,0.8143240853172908,1.0,1.0,1.0,0.9226350355488712
737,a1d40a879acc5165,True,1.0,1.0,0.7746044337558451,1.0,1.0,1.0,0.9060851807316022
738,45d77984273c5205,True,1.0,1.0,1.0,1.0,1.0,1.0,1.0
739,a8a10f07becb5a55,True,1.0,1.0,1.0,1.0,1.0,1.0,1.0
740,dabc9043dbb9560b,True,1.0,1.0,0.8154575459598882,1.0,1.0,1.0,0.92310731081662
741,9edd49210af95749,True,1.0,1.0,0.7907436136321179,1.0,1.0,1.0,0.9128098390133825
742,c0b730b08f685ef3,True,1.0,1.0,1.0,1.0,1.0,1.0,1.0
743,0dc4e0a3f0195741,True,1.0,1.0,0.78719444521594,1.0,1.0,1.0,0.911331018839975
744,da9ae73013715f70,True,1.0,1.0,0.9404359686509819,1.0,1.0,1.0,0.9751816536045759
745,db86c1d1516f557d,True,1.0,1.0,0.7118122957992313,1.0,1.0,1.0,0.8799217899163464
746,eef98aae7e42579d,True,1.0,1.0,0.8716368946313935,1.0,1.0,1.0,0.9465153727630806
747,22e43e5928b95b7a,True,1.0,1.0,1.0,1.0,1.0,1.0,1.0
748,e77441c822075f1b,True,1.0,1.0,0.6011158110226016,1.0,1.0,1.0,0.8337982545927507
749,f714eb04f5495273,True,1.0,1.0,0.8606429100929196,1.0,1.0,1.0,0.9419345458720499
750,f03963c1aacd54f4,True,1.0,1.0,0.050519938326854384,1.0,1.0,1.0,0.6043833076361893
751,ffb89fa44ab351b9,True,1.0,1.0,0.6339109023963979,1.0,1.0,1.0,0.8474628759984991
752,644d0407ee0a5337,True,1.0,0.0,0.0,1.0,1.0,1.0,0.0
753,0e04335474bf5b6e,True,1.0,1.0,0.5816007099501735,1.0,1.0,1.0,0.825666962479239
754,f60b8b3796c45845,True,1.0,1.0,0.6502172974904895,1.0,1.0,1.0,0.8542572072877039
755,0fcb8c19983c51b6,True,1.0,1.0,0.8117407999679684,1.0,1.0,1.0,0.9215586666533202
756,a0f695da4a815955,True,1.0,1.0,1.0,1.0,1.0,1.0,1.0
757,0092e40a13ea52f4,True,1.0,1.0,1.0,1.0,1.0,1.0,1.0
758,ac6472ee06855dd3,True,1.0,1.0,0.13240603464078773,1.0,1.0,1.0,0.6385025144336616
759,85649e978e60550d,True,1.0,1.0,0.8450750814108781,1.0,1.0,1.0,0.9354479505878658
760,1df82f9400b35ebb,True,1.0,1.0,1.0,1.0,1.0,1.0,1.0
761,774ebe12eab151b6,True,1.0,1.0,0.9494189505406911,1.0,1.0,1.0,0.9789245627252879
762,eaee116f6fae5472,True,1.0,1.0,0.9803628877230782,1.0,1.0,1.0,0.991817869884616
763,d763dadacfd55928,True,1.0,1.0,0.9961062640491252,1.0,1.0,1.0,0.9983776100204688
764,5798a6e25f2553e4,True,1.0,1.0,0.7635838274285907,1.0,1.0,1.0,0.9014932614285794
765,47e64379df6b55b2,True,1.0,1.0,0.8798248916430949,1.0,1.0,1.0,0.9499270381846229
766,8199bcc7c60a521c,True,1.0,1.0,0.9054871066057084,1.0,1.0,1.0,0.9606196277523784
767,a752896c43c2526e,True,1.0,1.0,0.7629718361205104,1.0,1.0,1.0,0.9012382650502127
768,44062179c5b350bc,True,1.0,1.0,1.0,1.0,1.0,1.0,1.0
769,ba3833aabbb85e7b,True,1.0,1.0,0.8819778405318138,1.0,1.0,1.0,0.9508241002215891
770,7fa812aae88d5752,True,1.0,0.0,0.0,1.0,1.0,0.0,0.0
771,a35a1d0c099151cc,True,1.0,1.0,0.7848158220880004,1.0,1.0,1.0,0.9103399258700001
772,fa7793ced9cc559e,True,1.0,1.0,0.9785586205441489,1.0,1.0,1.0,0.9910660918933955
773,5e9e03ce875059ed,True,1.0,1.0,0.7589226795642341,1.0,1.0,1.0,0.8995511164850974
774,a15cc20cfcc35d48,True,1.0,1.0,0.7457792372102232,1.0,1.0,1.0,0.8940746821709263
775,2eb7c4dc6ec65123,True,1.0,1.0,1.0,1.0,1.0,1.0,1.0
776,48f72313812d5f53,True,1.0,1.0,1.0,1.0,1.0,1.0,1.0
777,2c0e25d51b0b5e31,True,1.0,1.0,0.8083044575483391,1.0,1.0,1.0,0.920126857311808
778,1d16c78634695b4a,True,1.0,0.0,0.0,1.0,1.0,0.5,0.0
779,e194cef299cf5264,True,1.0,1.0,1.0,1.0,1.0,1.0,1.0
780,82531fc4fe8f5a26,True,1.0,1.0,1.0,1.0,1.0,1.0,1.0
781,bcccfa73a6845d11,True,1.0,1.0,1.0,1.0,1.0,1.0,1.0
782,e44b06b920d35486,True,1.0,1.0,0.9184418579396998,1.0,1.0,1.0,0.9660174408082082
783,0fa603b5789956f1,True,1.0,1.0,0.8533162516046483,1.0,1.0,1.0,0.9388817715019367
784,05741acd510e52f7,True,1.0,1.0,0.9110796731999314,1.0,1.0,1.0,0.9629498638333048
785,d25a0ab96d165b78,True,1.0,1.0,0.9335930223224093,1.0,1.0,1.0,0.9723304259676705
786,0386351e2a11529e,True,1.0,1.0,0.8359189898600774,1.0,1.0,1.0,0.931632912441699
787,ea7d8f38a0a05149,True,1.0,1.0,0.6157556249010302,1.0,1.0,1.0,0.8398981770420959
788,ff0ad146b37756e3,True,1.0,0.0,0.0,1.0,1.0,1.0,0.0
789,981dc3169f655892,True,1.0,1.0,0.7492438232735457,1.0,1.0,1.0,0.8955182596973107
790,7c7dc37236745d94,True,1.0,1.0,1.0,1.0,1.0,1.0,1.0
791,5ed4446679c35566,True,1.0,0.0,0.0,1.0,1.0,1.0,0.0
792,92389245b55d579b,True,1.0,1.0,0.8626705382233437,1.0,1.0,1.0,0.9427793909263933
793,026bb114391d5b81,True,1.0,1.0,1.0,1.0,1.0,1.0,1.0
794,4c629e2da77a50c7,True,1.0,1.0,0.9139726266315026,1.0,1.0,1.0,0.9641552610964594
795,a584a676d2b859c7,True,1.0,1.0,1.0,1.0,1.0,1.0,1.0
796,297a54df537c5317,True,1.0,1.0,0.8948459392438658,1.0,1.0,1.0,0.9561858080182774
797,453bdd4f77af5c90,True,1.0,1.0,0.6597110040848614,1.0,1.0,1.0,0.8582129183686922
798,ef27f4eeb34e5b83,True,1.0,1.0,0.6973255801393187,1.0,1.0,1.0,0.8738856583913828
799,b5b8d20688385790,True,1.0,1.0,1.0,1.0,1.0,1.0,1.0
800,15b400ceaa505015,True,1.0,1.0,0.8991263732190982,1.0,1.0,1.0,0.9579693221746242
801,7145c064885a53c4,True,1.0,1.0,0.7891804117580238,1.0,1.0,1.0,0.9121585048991765
802,10c1bbbe7d805eba,True,1.0,1.0,0.8207510349011903,1.0,1.0,0.0,0.9253129312088294
803,78f941ea974f5084,True,1.0,1.0,1.0,1.0,1.0,1.0,1.0
804,dbcee699816e524c,True,1.0,1.0,0.5497756691314106,1.0,1.0,1.0,0.8124065288047544
805,4f2ac10c0fc1566a,True,1.0,1.0,0.7805901856932932,1.0,1.0,1.0,0.9085792440388722
806,5fd5fdcf5c1552b9,True,1.0,1.0,1.0,1.0,1.0,1.0,1.0
807,c710ccf4dffd58a7,True,1.0,1.0,1.0,1.0,1.0,1.0,1.0
808,caaf011808a15c9e,True,1.0,1.0,0.7918056389933168,1.0,1.0,1.0,0.9132523495805488
809,b7c8677392845e18,True,1.0,1.0,0.838836639525594,1.0,1.0,1.0,0.9328485998023308
810,8e0ecc2622425ef0,True,1.0,1.0,1.0,1.0,1.0,1.0,1.0
811,1dfce400c1ba574c,True,1.0,1.0,0.829133099838278,1.0,1.0,1.0,0.9288054582659492
812,5b8d892592635d5f,True,1.0,1.0,1.0,1.0,1.0,1.0,1.0
813,067d731005885300,True,1.0,1.0,1.0,1.0,1.0,1.0,1.0
814,52f7393aa83854f6,True,1.0,1.0,0.6684587230500773,1.0,1.0,1.0,0.8618578012708656
815,b38366e3befc5200,True,1.0,1.0,0.8169964252823336,1.0,1.0,0.5,0.9237485105343056
816,2dbaea2c3ad8531f,True,1.0,1.0,0.9185898291908108,1.0,1.0,1.0,0.9660790954961712
817,2391f12d7e6a5e7f,True,1.0,0.0,0.0,1.0,1.0,1.0,0.0
818,86aae04a66c45970,True,1.0,1.0,0.6839536077746622,1.0,1.0,1.0,0.8683140032394426
819,9c2063a3e137542a,True,1.0,1.0,0.8464781801913653,1.0,1.0,1.0,0.9360325750797355
820,c55ef877ea075993,True,1.0,1.0,0.830985231549833,1.0,1.0,1.0,0.9295771798124304
821,3e8e85cf14c65da8,True,1.0,1.0,1.0,1.0,1.0,1.0,1.0
822,1542482ff0ad537e,True,1.0,1.0,0.9479287423775139,1.0,1.0,1.0,0.9783036426572975
823,5e279bb4bb105df9,True,1.0,1.0,0.7797802618427158,1.0,1.0,1.0,0.9082417757677982
824,87bf38cb3c39548d,True,1.0,1.0,0.9948241997973714,1.0,1.0,1.0,0.9978434165822381
825,52a66f215e855378,True,1.0,0.0,0.0,1.0,1.0,1.0,0.0
826,e60d3950023a5e46,True,1.0,1.0,0.7219673154556878,1.0,1.0,1.0,0.8841530481065366
827,0d95350d8f3b516b,True,1.0,1.0,1.0,1.0,1.0,1.0,1.0
828,955916fd66da5657,True,1.0,1.0,0.7145712133961469,1.0,1.0,1.0,0.8810713389150612
829,c65c265780365bb1,True,1.0,0.0,0.0,1.0,1.0,1.0,0.0
830,dee9cc93aed75630,True,1.0,1.0,0.9033112553293369,1.0,1.0,1.0,0.9597130230538905
831,b7568427b45a57c9,True,1.0,1.0,0.8820761086918533,1.0,1.0,1.0,0.9508650452882721
832,e83f4b6e1dd25c90,True,1.0,1.0,0.9904039957892916,1.0,1.0,1.0,0.9960016649122049
833,59928d37e9245bf3,True,1.0,1.0,1.0,1.0,1.0,1.0,1.0
834,dd83ce8b0dec51d2,True,1.0,1.0,0.6084336343266321,1.0,1.0,1.0,0.8368473476360968
835,13cd1cf21a4f5acb,True,1.0,1.0,0.7854228183986979,1.0,1.0,1.0,0.9105928409994575
836,e16ed6e841ee58cd,True,1.0,1.0,1.0,1.0,1.0,1.0,1.0
837,4fdf85786f785a83,True,1.0,1.0,0.8304293080644365,1.0,1.0,1.0,0.9293455450268485
838,b60afdbc7cc65971,True,1.0,1.0,1.0,1.0,1.0,1.0,1.0
839,563cd0d9beb7563a,True,1.0,1.0,0.8242616247794237,1.0,1.0,1.0,0.9267756769914266
840,a1eab14904fc5807,True,1.0,1.0,0.6376923895382254,1.0,1.0,1.0,0.8490384956409273
841,68d46e380acc5f56,True,1.0,1.0,0.9604869951954726,1.0,1.0,1.0,0.9835362479981136
842,839206ee819e582f,True,1.0,1.0,0.8851724790140446,1.0,1.0,1.0,0.9521551995891852
843,94e4d365aeec5cec,True,1.0,1.0,1.0,1.0,1.0,0.5,1.0
844,038c0a3e665c51d2,True,1.0,1.0,0.9181564474117432,1.0,1.0,1.0,0.9658985197548929
845,b890de4c4ff65ddb,True,1.0,1.0,0.6842975263128009,1.0,1.0,1.0,0.8684573026303338
846,ec2200402d965ced,True,1.0,0.0,0.0,1.0,1.0,1.0,0.0
847,2fbf549d6aac59b9,True,1.0,1.0,0.6077142466585644,1.0,1.0,1.0,0.8365476027744019
848,8ab73218fe4a539e,True,1.0,1.0,0.5427639508930837,1.0,1.0,1.0,0.809484979538785
849,1bee33a086b25a5f,True,1.0,1.0,1.0,1.0,1.0,1.0,1.0
850,2cc43d98cfa55ab6,True,1.0,1.0,1.0,1.0,1.0,1.0,1.0
851,86fbb46276605d14,True,1.0,1.0,1.0,1.0,1.0,1.0,1.0
852,62e7b4eb1cc954ad,True,1.0,1.0,0.7443279836187987,1.0,1.0,1.0,0.8934699931744995
853,b1861baea30d54ef,True,1.0,1.0,0.8818444569273591,1.0,1.0,0.0,0.950768523719733
854,d663992c13fa5438,True,1.0,1.0,0.7334295432473492,1.0,1.0,1.0,0.8889289763530622
855,b154733410575500,True,1.0,1.0,0.8919450369731498,1.0,1.0,1.0,0.9549770987388125
856,7cc683dca0155801,True,1.0,1.0,1.0,1.0,1.0,1.0,1.0
857,5ae9a8971a6754f1,True,1.0,1.0,1.0,1.0,1.0,1.0,1.0
858,5e5a77fb1990565b,True,1.0,1.0,0.5834348275294612,1.0,1.0,1.0,0.8264311781372755
859,4d267b88562f52da,True,1.0,1.0,0.8106905443806389,1.0,1.0,1.0,0.9211210601585996
860,6e67504ab65f5314,True,1.0,1.0,0.8025250336012636,1.0,1.0,1.0,0.9177187640005265
861,8eefb96f7e5f598e,True,1.0,1.0,0.837482299802309,1.0,1.0,1.0,0.9322842915842955
862,a5f724194aaa55f7,True,1.0,1.0,0.8816860791776577,1.0,1.0,1.0,0.9507025329906907
863,aecf8e9ea11c5a06,True,1.0,0.0,0.0,1.0,1.0,1.0,0.0
864,9926034a82415038,True,1.0,1.0,0.8184701262996971,1.0,1.0,1.0,0.9243625526248738
865,68b83d28894e5bc1,True,1.0,1.0,0.914170320086376,0.0,1.0,1.0,0.5475709667026566
866,a99338e1112e5f65,True,1.0,1.0,0.8766687684707758,1.0,1.0,1.0,0.9486119868628232
867,a5977f7fb4fd5386,True,1.0,1.0,1.0,1.0,1.0,1.0,1.0
868,8601b9cf8c6852f3,True,1.0,1.0,0.8151405981408466,1.0,1.0,1.0,0.9229752492253528
869,e0e228212a655d7f,True,1.0,1.0,0.7972273130427522,1.0,1.0,1.0,0.91551138043448
870,660451aead9653b7,True,1.0,1.0,0.9259506203170288,1.0,1.0,1.0,0.9691460917987621
871,6618e0dc30c95169,True,1.0,1.0,1.0,0.0,1.0,1.0,0.5833333333333334
872,abda798b87535e07,True,1.0,1.0,0.5875202121909203,1.0,1.0,1.0,0.8281334217462168
873,aa5f2769e03f5a8b,True,1.0,1.0,1.0,1.0,1.0,1.0,1.0
874,948e6a45c7cd5837,True,1.0,1.0,0.6642562948246229,1.0,1.0,1.0,0.8601067895102595
875,218d9b0348fe5687,True,1.0,1.0,0.8086039756225665,1.0,1.0,1.0,0.9202516565094028
876,ced087f9c2915f2a,True,1.0,1.0,0.7686553105649436,1.0,1.0,1.0,0.9036063794020599
877,74a8e53c9a6f50a3,True,1.0,1.0,1.0,1.0,1.0,1.0,1.0
878,cb2db72bfca85119,True,1.0,1.0,0.6452976146457525,1.0,1.0,1.0,0.8522073394357301
879,2df5fba355f65937,True,1.0,1.0,0.9296669585272302,1.0,1.0,1.0,0.9706945660530127
880,294335a3e5e45496,True,1.0,1.0,1.0,1.0,1.0,1.0,1.0
881,6fd56fa51891517e,True,1.0,1.0,0.8449055926558888,1.0,1.0,1.0,0.935377330273287
882,0af68cc78d085fdb,True,1.0,1.0,0.7714831702868622,1.0,1.0,1.0,0.9047846542861926
883,ff91d9e01e4259b1,True,1.0,1.0,0.7991145409068351,1.0,1.0,1.0,0.916297725377848
884,a66018d8ad8f594d,True,1.0,1.0,0.8723937587479785,1.0,1.0,1.0,0.9468307328116577
885,548b6b9700f25610,True,1.0,1.0,1.0,1.0,1.0,1.0,1.0
886,e966ed2a366b5bcb,True,1.0,1.0,0.5906905346229367,1.0,1.0,1.0,0.8294543894262235
887,e7116a2035205221,True,1.0,1.0,1.0,1.0,1.0,1.0,1.0
888,ed97bf4877fa5bb0,True,1.0,1.0,0.98508137698636,1.0,1.0,1.0,0.99378390707765
889,a43d920a23d95caa,True,1.0,1.0,0.6479556636062133,1.0,1.0,1.0,0.8533148598359221
890,64cdae0a751357ee,True,1.0,1.0,0.710561486767336,1.0,1.0,1.0,0.87940061948639
891,ddc7d737df1957cb,True,1.0,1.0,1.0,1.0,1.0,1.0,1.0
892,dc26fde28bc65ef6,True,1.0,1.0,0.5767344362906033,1.0,1.0,1.0,0.8236393484544181
893,f44600c092b959f4,True,1.0,1.0,0.9113491358119892,1.0,1.0,1.0,0.9630621399216621
894,36077daf1cda5d05,True,1.0,1.0,1.0,1.0,1.0,1.0,1.0
895,0dfcc232f8445d3f,True,1.0,1.0,0.9361629076263516,1.0,1.0,1.0,0.9734012115109798
896,075154c90a0a5d7c,True,1.0,1.0,1.0,0.0,1.0,1.0,0.5833333333333334
897,8209b6700b535e8e,True,1.0,0.0,0.0,0.0,1.0,1.0,0.0
898,5282504f73a759b9,True,1.0,1.0,0.9905989455084848,1.0,1.0,1.0,0.9960828939618688
899,bd77aab92bda5261,True,1.0,1.0,1.0,1.0,1.0,1.0,1.0
900,8728071969cc5091,True,1.0,1.0,0.7118242265688123,1.0,1.0,1.0,0.8799267610703385
901,df240e44ad0d5c3c,True,1.0,1.0,0.7012840882975437,1.0,1.0,1.0,0.8755350367906433
902,35bc469fdde35a17,True,1.0,1.0,0.8121268852124541,1.0,1.0,1.0,0.9217195355051891
903,73864df7d2d25214,True,1.0,1.0,0.8910411479985003,1.0,1.0,1.0,0.9546004783327083
904,714a2012b2a75d4f,True,1.0,1.0,1.0,1.0,1.0,1.0,1.0
905,6929a902435e56b0,True,1.0,1.0,0.7570249803788075,1.0,1.0,1.0,0.8987604084911697
906,04fafb805d465314,True,1.0,1.0,0.9181123237556632,1.0,1.0,1.0,0.965880134898193
907,e9d7cc484394548f,True,1.0,1.0,1.0,1.0,1.0,1.0,1.0
908,13bae3f5ab31581d,True,1.0,1.0,1.0,1.0,1.0,1.0,1.0
909,4bf95781578b59ec,True,1.0,1.0,1.0,1.0,1.0,1.0,1.0
910,70f718ebc8b4505e,True,1.0,1.0,0.9882494675517793,1.0,1.0,1.0,0.9951039448132414
911,1b00de050fdd5214,True,1.0,1.0,1.0,1.0,1.0,1.0,1.0
912,1a31ffd5dc39532f,True,1.0,1.0,1.0,1.0,1.0,0.0,1.0
913,83cb0b794de45f7e,True,1.0,1.0,0.8585157588435325,1.0,1.0,1.0,0.9410482328514718
914,8d4dc358499159c9,True,1.0,1.0,0.6613296004034304,1.0,1.0,1.0,0.8588873335014293
915,26ca54769df65193,True,1.0,1.0,0.9016939950479739,1.0,1.0,1.0,0.9590391646033224
916,1550976459b45017,True,1.0,1.0,1.0,1.0,1.0,1.0,1.0
917,119bd713e2db5e25,True,1.0,1.0,0.763621806548598,1.0,1.0,1.0,0.9015090860619158
918,aa4430320c3151e3,True,1.0,1.0,1.0,1.0,1.0,1.0,1.0
919,0f8b3b73fda650e4,True,1.0,1.0,0.7726052864807309,1.0,1.0,1.0,0.9052522027003045
920,f68c27c86c235646,True,1.0,1.0,0.8590409550244463,1.0,1.0,1.0,0.9412670645935193
921,729b53c777da522e,True,1.0,1.0,0.8301153864234583,1.0,1.0,1.0,0.9292147443431076
922,3f1682073dd950a3,True,1.0,1.0,1.0,1.0,1.0,1.0,1.0
923,d2ce22d49c4c5166,True,1.0,1.0,1.0,1.0,1.0,1.0,1.0
924,9311d9a2409c5224,True,1.0,0.0,0.0,1.0,1.0,1.0,0.0
925,054054d63ad85fa3,True,1.0,1.0,0.7476675299284706,1.0,1.0,1.0,0.8948614708035295
926,e45572ab63ef5deb,True,1.0,1.0,1.0,1.0,1.0,0.5,1.0
927,5b3f41f636aa5136,True,1.0,1.0,1.0,1.0,1.0,1.0,1.0
928,ddfeb4814eba5cf8,True,1.0,1.0,1.0,1.0,1.0,1.0,1.0
929,4dba0d7ebbf95639,True,1.0,1.0,0.8531056762502559,1.0,1.0,1.0,0.9387940317709399
930,4023c5e9f11e5056,True,1.0,1.0,0.8616792172331421,1.0,1.0,1.0,0.9423663405138093
931,24dd5bba8f2f5c53,True,1.0,1.0,0.9463543639788221,1.0,1.0,1.0,0.9776476516578425
932,8c156f5b675b5657,True,1.0,1.0,1.0,1.0,1.0,1.0,1.0
933,42e65d558a9c5813,True,1.0,1.0,0.9136881949376564,1.0,1.0,1.0,0.9640367478906903
934,fd525d3c25b15c97,True,1.0,1.0,0.8292785895944688,1.0,1.0,1.0,0.9288660789976954
935,23978c649a7e597c,True,1.0,1.0,0.8629923638427053,1.0,1.0,1.0,0.9429134849344605
936,a82d8d2d870a5280,True,1.0,1.0,0.5403519733062687,1.0,1.0,1.0,0.808479988877612
937,25b846255c715c69,True,1.0,1.0,1.0,1.0,1.0,1.0,1.0
938,fddb0bdd1d7f53e0,True,1.0,1.0,0.7026524160154181,1.0,1.0,1.0,0.8761051733397576
939,1f67195591a95027,True,1.0,1.0,0.8813039159123965,1.0,1.0,1.0,0.9505432982968319
940,2be1cc28e5af523e,True,1.0,1.0,1.0,1.0,1.0,1.0,1.0
941,592f536375e755b6,True,1.0,1.0,0.6195465349995941,1.0,1.0,1.0,0.8414777229164976
942,25d56d0a299a50fb,True,1.0,1.0,0.730439981379592,1.0,1.0,1.0,0.8876833255748299
943,1b963a72d0cf5320,True,1.0,1.0,0.7628817889617417,1.0,1.0,1.0,0.9012007454007257
944,75e0217f16f459c4,True,1.0,1.0,0.8631267873855206,1.0,1.0,1.0,0.942969494743967
945,c43a415dd7d2585d,True,1.0,1.0,0.6958743055796579,1.0,1.0,0.5,0.8732809606581907
946,fce43d129a9154a1,True,1.0,1.0,0.947396422605096,1.0,1.0,1.0,0.9780818427521233
947,b9182baaae3b5ab2,True,1.0,1.0,1.0,1.0,1.0,1.0,1.0
948,adfdcd3c5a9a5fb9,True,1.0,1.0,1.0,1.0,1.0,1.0,1.0
949,8dc4430d96355057,True,1.0,1.0,1.0,1.0,1.0,1.0,1.0
950,c35a248a5941531d,True,1.0,1.0,1.0,1.0,1.0,1.0,1.0
951,7a7ff4cc1f1a501e,True,1.0,1.0,0.8656730399418444,1.0,1.0,1.0,0.9440304333091017
952,2389414c94075d6a,True,1.0,0.0,0.0,1.0,1.0,1.0,0.0
953,3b8d6a01f5705389,True,1.0,1.0,0.8236750417179756,1.0,1.0,1.0,0.9265312673824898
954,e565610cd7b15784,True,1.0,1.0,1.0,1.0,1.0,1.0,1.0
955,6bc3bf1ef6a85616,True,1.0,1.0,1.0,1.0,1.0,1.0,1.0
956,5cf3fc5bbafd57bf,True,1.0,1.0,1.0,1.0,1.0,1.0,1.0
957,b8de9baf9a155a1b,True,1.0,1.0,0.7690149521070494,1.0,1.0,1.0,0.9037562300446039
958,34048f1ce51452d0,True,1.0,1.0,1.0,1.0,1.0,1.0,1.0
959,631115d8e54d58fc,True,1.0,1.0,0.8640928681388604,1.0,1.0,1.0,0.9433720283911918
960,d0818bf765555782,True,1.0,1.0,0.9848300569595414,1.0,1.0,1.0,0.993679190399809
961,14d53f85ccc65f23,True,1.0,1.0,0.9776628436407521,1.0,1.0,1.0,0.99069285151698
962,52d3f15d6ca75701,True,1.0,1.0,0.823333987697462,1.0,1.0,1.0,0.9263891615406091
963,beaa12171da45b46,True,1.0,1.0,0.889302755620059,1.0,1.0,1.0,0.9538761481750245
964,1ee0c099f86a585e,True,1.0,1.0,1.0,1.0,1.0,1.0,1.0
965,fcb205c7324051ae,True,1.0,1.0,1.0,1.0,1.0,1.0,1.0
966,b27e6e6bf91d59be,True,1.0,1.0,0.8848791173781899,1.0,1.0,1.0,0.9520329655742458
967,cf7045e0db215eea,True,1.0,1.0,1.0,1.0,1.0,1.0,1.0
968,8ee20c966e7853c1,True,1.0,1.0,0.9830662928171521,1.0,1.0,1.0,0.9929442886738133
969,42ba77cc2fb05229,True,1.0,1.0,0.5190103896573306,1.0,1.0,1.0,0.799587662357221
970,586c5b66ad8158ee,True,1.0,0.0,0.0,1.0,1.0,0.0,0.0
971,d6981f197dd555fd,True,1.0,1.0,0.8068971877605406,1.0,1.0,1.0,0.9195404949002253
972,45ebc34cbe405c3e,True,1.0,1.0,0.964539973379812,1.0,1.0,1.0,0.985224988908255
973,ced5e9f4d448524e,True,1.0,1.0,0.9499392486974964,1.0,1.0,1.0,0.9791413536239567
974,f4da0138413c595a,True,1.0,1.0,0.9275320595283757,1.0,1.0,1.0,0.96980502480349
975,7779c453de865aff,True,1.0,1.0,0.8108620656300989,1.0,1.0,1.0,0.9211925273458745
976,656d501570ce5e54,True,1.0,1.0,0.7232725040243826,1.0,1.0,1.0,0.8846968766768262
977,126dbed7a6b458ee,True,1.0,1.0,0.8604117749800465,1.0,1.0,1.0,0.9418382395750194
978,69f80a41cbaa5c1b,True,1.0,1.0,0.7356443043748964,1.0,1.0,1.0,0.8898517934895401
979,6c8af7c93b5751c4,True,1.0,1.0,0.7921576453599364,1.0,1.0,1.0,0.9133990188999735
980,47bfcc64021a518d,True,1.0,1.0,0.7507702472547076,1.0,1.0,1.0,0.8961542696894615
981,6225b347244658c1,True,1.0,1.0,0.6590900368510021,1.0,1.0,1.0,0.8579541820212508
982,e10a3a8d627e5700,True,1.0,1.0,1.0,1.0,1.0,1.0,1.0
983,cc63d140e4285f30,True,1.0,1.0,1.0,1.0,1.0,1.0,1.0
984,243fa5b33c1f5845,True,1.0,1.0,1.0,1.0,1.0,1.0,1.0
985,b5d72ce63e11581b,True,1.0,1.0,0.8003275391483248,1.0,1.0,1.0,0.9168031413118021
986,c9e050ae7be45001,True,1.0,1.0,0.9202132653987278,1.0,1.0,1.0,0.9667555272494699
987,1975d15fde2955ff,True,1.0,1.0,0.7187848345243864,1.0,1.0,1.0,0.882827014385161
988,61876d1f48505069,True,1.0,1.0,0.825664859902591,1.0,1.0,1.0,0.9273603582927462
989,2db50cd1c1ea5837,True,1.0,1.0,0.8873663201571803,1.0,1.0,1.0,0.9530693000654917
990,ce1f8997a8ce502b,True,1.0,1.0,1.0,1.0,1.0,1.0,1.0
991,f304e815462d5f1f,True,1.0,1.0,0.9691089531268019,1.0,1.0,1.0,0.9871287304695008
992,291ac232cc94582a,True,1.0,1.0,0.8647324265839269,1.0,1.0,1.0,0.9436385110766362
993,3458fad66b245ac3,True,1.0,1.0,0.7862869507260644,1.0,1.0,1.0,0.9109528961358602
994,90b8f3760e535ef6,True,1.0,1.0,0.9681361676454319,1.0,1.0,1.0,0.9867234031855966
995,eeafee3118a35987,True,1.0,1.0,0.7768360973106854,1.0,1.0,1.0,0.9070150405461188
996,60681597a59d5cf9,True,1.0,1.0,0.5587493808312408,1.0,1.0,1.0,0.8161455753463503
997,dec31dc25db65e6c,True,1.0,1.0,0.6958226731170933,1.0,1.0,1.0,0.8732594471321221
998,d782b032259d5cc0,True,1.0,1.0,0.7650632647027257,1.0,1.0,1.0,0.9021096936261358
999,85028441255156b3,True,1.0,1.0,0.8530345375069053,1.0,1.0,1.0,0.9387643906278772
1000,dccee2a69ee5501d,True,1.0,1.0,1.0,1.0,1.0,1.0,1.0
1001,000d6961709c5904,True,1.0,1.0,1.0,1.0,1.0,1.0,1.0
1002,bd377bbe5b695df0,True,1.0,1.0,0.8438965041364094,1.0,1.0,1.0,0.9349568767235038
1003,3f5d3b68c1a156ed,True,1.0,1.0,0.8936737462728225,1.0,1.0,1.0,0.9556973942803427
1004,280321506e7c5f52,True,1.0,1.0,0.8446053581231774,1.0,1.0,1.0,0.9352522325513238
1005,6c8305cdaa0653ca,True,1.0,1.0,1.0,1.0,1.0,1.0,1.0
1006,a6da1090aa335503,True,1.0,1.0,1.0,1.0,1.0,1.0,1.0
1007,36c6d1ea21015e5f,True,1.0,1.0,0.8318202957577462,1.0,1.0,1.0,0.9299251232323943
1008,ea141bd5c40259de,True,1.0,1.0,1.0,1.0,1.0,1.0,1.0
1009,7984326209765d68,True,1.0,1.0,0.899278925358022,1.0,1.0,1.0,0.9580328855658425
1010,c8c9563dbe59572a,True,1.0,1.0,0.6331312726489594,1.0,1.0,1.0,0.8471380302703997
1011,36ea923bc32b5181,True,1.0,1.0,1.0,1.0,1.0,1.0,1.0
1012,6e0bd197608f5bc5,True,1.0,1.0,0.9235062557459565,1.0,1.0,1.0,0.9681276065608152
1013,a4525819e5c25936,True,1.0,1.0,1.0,1.0,1.0,1.0,1.0
1014,84a6ca68a66e536a,True,1.0,1.0,1.0,1.0,1.0,1.0,1.0
1015,af07e6e213f2582e,True,1.0,1.0,0.9270727776035748,1.0,1.0,1.0,0.9696136573348229
1016,b337627936ea5488,True,1.0,1.0,0.8871443496927843,1.0,1.0,1.0,0.9529768123719936
1017,4885d99d4c3959b8,True,1.0,1.0,0.8505602399379898,1.0,1.0,1.0,0.9377334333074957
1018,e9a71ddab0055f99,True,1.0,1.0,0.5550230120033023,1.0,1.0,1.0,0.8145929216680425
1019,3c0e4d6b508d5e10,True,1.0,1.0,0.7895795683958783,1.0,1.0,1.0,0.9123248201649492
1020,cf0b2ecc4f4d5ee7,True,1.0,1.0,0.7513447919856564,1.0,1.0,1.0,0.8963936633273568
1021,817f460a4ad7577a,True,1.0,1.0,1.0,1.0,1.0,1.0,1.0
1022,198b7ec55c3b5a5c,True,1.0,1.0,0.8528538086594768,1.0,1.0,1.0,0.9386890869414487
1023,80a22559c9565d0a,True,1.0,1.0,1.0,0.0,1.0,1.0,0.5833333333333334
1024,1c2e4c20931858f2,True,1.0,1.0,0.7783443710182634,1.0,1.0,1.0,0.9076434879242764
1025,34f30283d3bd53ec,True,1.0,1.0,0.8637572477099721,1.0,1.0,1.0,0.9432321865458216
1026,dc0152c1caca5d94,True,1.0,1.0,0.9561866187419723,1.0,1.0,1.0,0.9817444244758219
1027,974a70027f8f593c,True,1.0,1.0,1.0,1.0,1.0,1.0,1.0
1028,e253ff0b4fd758cc,True,1.0,1.0,1.0,1.0,1.0,1.0,1.0
1029,5b39d0cccc8e55f2,True,1.0,1.0,1.0,1.0,1.0,1.0,1.0
1030,5b21d7acaa545a46,True,1.0,1.0,1.0,1.0,1.0,1.0,1.0
1031,c35e290a671a5084,True,1.0,1.0,1.0,1.0,1.0,0.5,1.0
1032,1ecaacbc53a754e7,True,1.0,1.0,1.0,1.0,1.0,1.0,1.0
1033,42629decf8ad5328,True,1.0,1.0,1.0,1.0,1.0,1.0,1.0
1034,773005dea0fc53ab,True,1.0,1.0,0.7856455627834067,1.0,1.0,1.0,0.9106856511597528
1035,2930485ddc4458da,True,1.0,1.0,0.9803200553811346,1.0,1.0,1.0,0.9918000230754728
1036,bd6d465e3fe95e7c,True,1.0,1.0,0.9223563618464623,1.0,1.0,1.0,0.9676484841026927
1037,bbd5fbbe6cbb5a6f,True,1.0,1.0,1.0,1.0,1.0,1.0,1.0
1038,d6b2af6a4fbd5a88,True,1.0,1.0,0.7697128862335723,1.0,1.0,1.0,0.9040470359306552
1039,67f7d1c129be5c4b,True,1.0,1.0,0.752154777906645,1.0,1.0,1.0,0.896731157461102
1040,0192c3bca9ca5c67,True,1.0,1.0,0.2289887419594919,1.0,1.0,1.0,0.6787453091497883
1041,5d3e45ad38ef5b9c,True,1.0,1.0,0.9661005965422422,1.0,1.0,1.0,0.9858752485592676
1042,3cbb6c030b1e5d19,True,1.0,1.0,0.891043855690833,1.0,1.0,1.0,0.9546016065378472
1043,3739c038002f57ca,True,1.0,1.0,0.9342216096595536,1.0,1.0,1.0,0.9725923373581473
1044,7d4c548895955e0d,True,1.0,1.0,0.7743468045173847,1.0,1.0,0.5,0.9059778352155771
1045,7bacd3cec5df553f,True,1.0,1.0,1.0,1.0,1.0,1.0,1.0
1046,c39af88ae1be534a,True,1.0,1.0,0.9209357434950705,1.0,1.0,1.0,0.9670565597896127
1047,a65896c3c7be51ca,True,1.0,0.0,0.0,1.0,1.0,1.0,0.0
1048,189b5f98f6e6549c,True,1.0,1.0,1.0,1.0,1.0,1.0,1.0
1049,2fec62bc2f325559,True,1.0,1.0,1.0,1.0,1.0,1.0,1.0
1050,2469647d2d055825,True,1.0,1.0,1.0,1.0,1.0,1.0,1.0
1051,455037cfe9a95796,True,1.0,1.0,1.0,1.0,1.0,1.0,1.0
1052,303d9d8e1bbf5053,True,1.0,1.0,1.0,1.0,1.0,1.0,1.0
1053,a92ed51516c358dc,True,1.0,1.0,1.0,1.0,1.0,1.0,1.0
1054,11d28b80cd0a56d5,True,1.0,1.0,0.6529206810033957,1.0,1.0,1.0,0.8553836170847483
1055,d4374a032e28535e,True,1.0,1.0,1.0,1.0,1.0,1.0,1.0
1056,e610e8c900a75a0b,True,1.0,1.0,1.0,1.0,1.0,1.0,1.0
1057,6b9ddb691b38551a,True,1.0,1.0,0.8618947999197264,1.0,1.0,1.0,0.9424561666332193
1058,d3cbad95b20b5125,True,1.0,1.0,0.9692846095978132,1.0,1.0,1.0,0.9872019206657555
1059,87e14b8fa1665ee2,True,1.0,1.0,1.0,1.0,1.0,1.0,1.0
1060,4ae996307c6d5733,True,1.0,1.0,0.5502667765265546,1.0,1.0,1.0,0.8126111568860644
1061,cecce24905cb5641,True,1.0,1.0,1.0,1.0,1.0,1.0,1.0
1062,56780fc1a6bc53a8,True,1.0,1.0,1.0,1.0,1.0,1.0,1.0
1063,ce9f5160229b5755,True,1.0,1.0,1.0,1.0,1.0,1.0,1.0
1064,a62faaedb18d5b76,True,1.0,1.0,0.9238129989379515,1.0,1.0,1.0,0.9682554162241465
1065,05da61a9928e5ec1,True,1.0,1.0,1.0,1.0,1.0,1.0,1.0
1066,0363f17229aa5b57,True,1.0,1.0,1.0,1.0,1.0,1.0,1.0
1067,cf039efb320e55ec,True,1.0,1.0,0.753578456554203,1.0,1.0,1.0,0.8973243568975846
1068,3370b43bf64151a6,True,1.0,1.0,1.0,1.0,1.0,1.0,1.0
1069,2218fd73bd8d54da,True,1.0,1.0,1.0,1.0,1.0,1.0,1.0
1070,f79397c87fbf5965,True,1.0,1.0,1.0,1.0,1.0,1.0,1.0
1071,c5388dbd766353cf,True,1.0,1.0,1.0,1.0,1.0,1.0,1.0
1072,9d18c2e4a9c35be7,True,1.0,1.0,1.0,1.0,1.0,1.0,1.0
1073,1139adeebbbe5d34,True,1.0,1.0,1.0,1.0,1.0,1.0,1.0
1074,c7d7e1aa241a56a7,True,1.0,1.0,0.9773568386795239,1.0,1.0,1.0,0.9905653494498017
1075,bb1650a0e72e5b7d,True,1.0,1.0,1.0,1.0,1.0,1.0,1.0
1076,178e844e8bd155ca,True,1.0,1.0,1.0,1.0,1.0,1.0,1.0
1077,e12d472387385ef6,True,1.0,1.0,0.7918817547981889,1.0,1.0,1.0,0.9132840644992454
1078,91fbe6fb1a3d5717,True,1.0,1.0,1.0,1.0,1.0,1.0,1.0
1079,1eb0e6e749975996,True,1.0,1.0,0.9252074288446454,1.0,1.0,1.0,0.9688364286852688
1080,868e873c94b75b38,True,1.0,1.0,0.6831822900940216,1.0,1.0,1.0,0.8679926208725091
1081,5f78b2fcada85eef,True,1.0,1.0,0.9270243160095422,1.0,1.0,1.0,0.9695934650039759
1082,afe18a576559502d,True,1.0,1.0,0.934348104034373,1.0,1.0,1.0,0.9726450433476553
1083,ee545028f8a85e6f,True,1.0,1.0,0.8374666062682168,1.0,1.0,1.0,0.9322777526117569
1084,08c1c8fbe5435208,True,1.0,1.0,0.9107812129670818,1.0,1.0,1.0,0.9628255054029508
1085,353a7c23eed25597,True,1.0,1.0,1.0,1.0,1.0,1.0,1.0
1086,87124bde96ba59b1,True,1.0,1.0,0.7426005259440269,1.0,1.0,1.0,0.8927502191433446
1087,d151cc1bccd958d3,True,1.0,1.0,0.7943145937068847,1.0,1.0,1.0,0.9142977473778687
1088,9ab7d16dd4a6551f,True,1.0,1.0,0.8703131828578197,1.0,1.0,1.0,0.9459638261907583
1089,f203a01d3a8055f1,True,1.0,1.0,1.0,1.0,1.0,1.0,1.0
1090,961d67f58f40502f,True,1.0,1.0,1.0,1.0,1.0,1.0,1.0
1091,6246c97eee435b98,True,1.0,1.0,0.7434185592698187,1.0,1.0,1.0,0.8930910663624244
1092,3d00fb1cdc87515e,True,1.0,0.0,0.0,1.0,1.0,1.0,0.0
1093,a5cde0f1dace5561,True,1.0,1.0,1.0,1.0,1.0,1.0,1.0
1094,e5599a8884235d93,True,1.0,1.0,0.5205152965895636,1.0,1.0,1.0,0.8002147069123181
1095,c052667192cb5ade,True,1.0,1.0,0.7913827541547017,1.0,1.0,1.0,0.9130761475644591
1096,73b4c0560bd85b5e,True,1.0,1.0,1.0,1.0,1.0,1.0,1.0
1097,8cd3ad22a81c52b6,True,1.0,1.0,1.0,1.0,1.0,1.0,1.0
1098,115c513494975ef3,True,1.0,1.0,0.8652749744881332,1.0,1.0,1.0,0.9438645727033889
1099,4b43cd9b3d3f576c,True,1.0,1.0,0.7740142933253453,1.0,1.0,1.0,0.9058392888855605
1100,c11b8e3e58e857f6,True,1.0,0.0,0.0,1.0,1.0,1.0,0.0
1101,40a69dc4d1f854a8,True,1.0,1.0,0.9422547314555396,1.0,1.0,1.0,0.9759394714398081
1102,82f70d5f3a11576d,True,1.0,1.0,0.7429815817287592,1.0,1.0,1.0,0.892908992386983
1103,963d98eaf75259f6,True,1.0,1.0,0.956899022971821,1.0,1.0,1.0,0.982041259571592
1104,0ca7781c66ea5fc9,True,1.0,1.0,0.7684783715638371,1.0,1.0,1.0,0.9035326548182655
1105,284fd1657c8659e1,True,1.0,1.0,1.0,1.0,1.0,1.0,1.0
1106,e03d76c4983954eb,True,1.0,1.0,0.9002657832404842,1.0,1.0,1.0,0.9584440763502018
1107,f24b703a3f14583f,True,1.0,1.0,0.7718737620686593,1.0,1.0,1.0,0.9049474008619414
1108,ad8912b904665e0f,True,1.0,1.0,0.9070872326451923,1.0,1.0,1.0,0.9612863469354967
1109,a8db36bc378c599d,True,1.0,0.0,0.0,1.0,1.0,1.0,0.0
1110,985240456390586f,True,1.0,1.0,1.0,1.0,1.0,1.0,1.0
1111,4909b88b347c5764,True,1.0,1.0,1.0,1.0,1.0,1.0,1.0
1112,de51843c0c1a51d4,True,1.0,1.0,0.8421777603493653,1.0,1.0,1.0,0.9342407334789021
1113,c778933c0b8f5093,True,1.0,1.0,1.0,1.0,1.0,1.0,1.0
1114,95e6e7c4cfe15b91,True,1.0,1.0,0.6368007058035952,1.0,1.0,1.0,0.848666960751498
1115,0ddc071278375700,True,1.0,1.0,0.7063798540334163,1.0,1.0,1.0,0.8776582725139234
1116,8f0f7125a2e856b8,True,1.0,1.0,1.0,0.0,1.0,1.0,0.5833333333333334
1117,f66d06ec0f355fac,True,1.0,1.0,0.8074181472029688,1.0,1.0,0.5,0.9197575613345702
1118,74ea43025c935b2e,True,1.0,1.0,0.846429352353279,1.0,1.0,1.0,0.9360122301471995
1119,a85c442c31bc557f,True,1.0,1.0,0.8864106221135721,1.0,1.0,1.0,0.9526710925473217
1120,6b9c0c971f9d5b9a,True,1.0,1.0,0.9006488465953105,1.0,1.0,1.0,0.9586036860813794
1121,0116de776d6b5d1b,True,1.0,1.0,1.0,1.0,1.0,1.0,1.0
1122,2258bd346b3f5376,True,1.0,1.0,1.0,1.0,1.0,1.0,1.0
1123,a9853ab9c01c53d2,True,1.0,1.0,0.7697831889091544,1.0,1.0,1.0,0.9040763287121477
1124,1c8ca8c10d1a5757,True,1.0,1.0,0.7609407134133748,1.0,1.0,1.0,0.9003919639222394
1125,2322850f71fa5c4d,True,1.0,1.0,0.7094935693106018,0.0,1.0,1.0,0.46228898721275075
1126,5a3613f60fb454d4,True,1.0,1.0,0.7937537124449824,1.0,1.0,1.0,0.9140640468520761
1127,d49b986924cd5bed,True,1.0,1.0,0.5500950905062849,1.0,1.0,1.0,0.8125396210442855
1128,2256b2a677aa5509,True,1.0,1.0,0.879781427762284,1.0,1.0,1.0,0.9499089282342851
1129,9551ef5e14315cc0,True,1.0,1.0,1.0,1.0,1.0,0.0,1.0
1130,8224a14715c2577b,True,1.0,1.0,0.7161319573118012,1.0,1.0,1.0,0.8817216488799172
1131,60ae22c26d59572e,True,1.0,1.0,1.0,1.0,1.0,1.0,1.0
1132,39fd7cb73aa259db,True,1.0,1.0,1.0,1.0,1.0,1.0,1.0
1133,02328c7410405c5a,True,1.0,1.0,0.7989766315808812,1.0,1.0,1.0,0.9162402631587004
1134,671da9103fe05141,True,1.0,1.0,0.7710644834816125,1.0,1.0,1.0,0.904610201450672
1135,1e78181bb1c150e4,True,1.0,1.0,1.0,1.0,1.0,1.0,1.0
1136,907f2c5fde6f5db8,True,1.0,1.0,1.0,1.0,1.0,0.5,1.0
1137,9fc116e61c8e50e8,True,1.0,1.0,1.0,1.0,1.0,1.0,1.0
1138,16df188810315dc7,True,1.0,1.0,0.6584744810727052,1.0,1.0,1.0,0.8576977004469605
1139,4646c3058d13526c,True,1.0,0.0,0.0,1.0,1.0,1.0,0.0
1140,1ad96f74e72750db,True,1.0,1.0,0.7182660049216512,1.0,1.0,1.0,0.8826108353840213
1141,c6724cca6a1559a1,True,1.0,1.0,0.9041533032446206,1.0,1.0,1.0,0.9600638763519252
1142,3afb7780247f51bb,True,1.0,1.0,0.8920315967078208,1.0,1.0,1.0,0.9550131652949254
1143,2fd7f2b6eaae5d04,True,1.0,1.0,0.9981083241011434,1.0,1.0,1.0,0.9992118017088097
1144,4d31d76919495557,True,1.0,1.0,1.0,1.0,1.0,1.0,1.0
1145,12d283af921a5f09,True,0.5,0.0,0.0,0.0,1.0,0.0,0.0
1146,8db638d42ddc59f2,True,1.0,1.0,1.0,1.0,1.0,1.0,1.0
1147,b7122fd86c855943,True,1.0,1.0,0.5589599465790839,1.0,1.0,1.0,0.8162333110746184
1148,19c4aecbe4b65ef4,True,1.0,1.0,0.7837267780074073,1.0,1.0,1.0,0.9098861575030863
1149,b8cf57333fc65efe,True,1.0,0.0,0.0,1.0,1.0,1.0,0.0
1150,33f04aa1460b5dc5,True,1.0,1.0,1.0,1.0,1.0,0.5,1.0
1151,0969be1cc6a85a76,True,1.0,1.0,0.6756249527470438,1.0,1.0,1.0,0.8648437303112683
1152,47bc25abb0705dc9,True,1.0,1.0,0.8810950190769482,1.0,1.0,1.0,0.9504562579487285
1153,6f2f0885518356ef,True,1.0,1.0,0.648022665108989,1.0,1.0,1.0,0.8533427771287454
1154,4339d22a9e205757,True,1.0,1.0,0.7322489025898671,1.0,1.0,1.0,0.8884370427457778
1155,cda381919f5e5dca,True,1.0,1.0,0.844240186224621,1.0,1.0,1.0,0.9351000775935921
1156,197f2dea642850e7,True,1.0,1.0,0.754628627832742,1.0,1.0,1.0,0.8977619282636425
1157,cf1c7170df175256,True,1.0,1.0,0.8527080419644789,1.0,1.0,1.0,0.9386283508185329
1158,3043c8dc13aa548b,True,1.0,1.0,1.0,1.0,1.0,1.0,1.0
1159,14fb2a9aad8850d2,True,1.0,1.0,0.8212822313249584,1.0,1.0,1.0,0.9255342630520659
1160,59c8fb57fe4058ea,True,1.0,1.0,1.0,1.0,1.0,1.0,1.0
1161,27725219ce8a55ff,True,1.0,1.0,0.8868263107914113,1.0,1.0,1.0,0.952844296163088
1162,534431abbbd75d4f,True,1.0,1.0,1.0,1.0,1.0,1.0,1.0
1163,604bdac2bba05309,True,1.0,1.0,0.9673758286947928,1.0,1.0,1.0,0.986406595289497
1164,580a10ad9ad55a5d,True,1.0,1.0,0.5432408222720425,1.0,1.0,1.0,0.8096836759466844
1165,34ab6d35dfef5366,True,1.0,1.0,0.8850584290119552,1.0,1.0,1.0,0.9521076787549814
1166,a5f411a2c379503d,True,1.0,1.0,0.7606519192292502,1.0,1.0,1.0,0.9002716330121876
1167,9ecb516bac035ce4,True,1.0,1.0,0.9064655092761388,1.0,1.0,1.0,0.9610272955317245
1168,da03ba74198a524b,True,1.0,0.0,0.0,1.0,1.0,1.0,0.0
1169,22e04303d53f54f5,True,1.0,0.0,0.0,1.0,1.0,1.0,0.0
1170,3128b8da22c75dd0,True,1.0,0.0,0.0,1.0,1.0,1.0,0.0
1171,6363aa6d3d715e03,True,1.0,1.0,0.6744125793406106,1.0,1.0,1.0,0.8643385747252544
1172,b27212debb885706,True,1.0,1.0,0.9981779230983531,1.0,1.0,1.0,0.9992408012909805
1173,a6f3c89c3d745a5b,True,1.0,1.0,0.9162141215589157,1.0,1.0,1.0,0.965089217316215
1174,045cd0254b3f5ad2,True,1.0,1.0,0.8360269788250011,1.0,1.0,1.0,0.9316779078437505
1175,e97cd418ab4c5691,True,1.0,1.0,1.0,1.0,1.0,1.0,1.0
1176,01314f10793f5ad7,True,1.0,1.0,0.7782798797154494,1.0,1.0,1.0,0.907616616548104
1177,736e79c663bf5310,True,1.0,1.0,0.7603969191810386,1.0,1.0,1.0,0.9001653829920994
1178,49074bfb7c9e5c26,True,1.0,1.0,0.7968131443767257,1.0,1.0,1.0,0.9153388101569689
1179,db740574ddc053f0,True,1.0,1.0,1.0,1.0,1.0,1.0,1.0
1180,4952a782e55057b7,True,1.0,1.0,0.9678006017459041,1.0,1.0,1.0,0.9865835840607934
1181,5098fc0bc21450f9,True,1.0,1.0,1.0,1.0,1.0,1.0,1.0
1182,323747032b285187,True,1.0,1.0,0.9522033850705879,1.0,1.0,1.0,0.9800847437794117
1183,29213c31b5895c5f,True,1.0,1.0,0.7617306871680952,1.0,1.0,1.0,0.900721119653373
1184,21560b9edc8c5b8c,True,1.0,1.0,0.7592801975072581,1.0,1.0,1.0,0.8997000822946909
1185,43311faf65e25505,True,1.0,1.0,1.0,1.0,1.0,1.0,1.0
1186,a332b717471c5704,True,1.0,1.0,0.8003666725992936,1.0,1.0,1.0,0.9168194469163723
1187,5d68b0c80cab59c4,True,1.0,1.0,0.7452558991587072,1.0,1.0,1.0,0.8938566246494614
1188,c344575de7545bbe,True,1.0,1.0,1.0,1.0,1.0,1.0,1.0
1189,876278ea40b25284,True,1.0,1.0,1.0,1.0,1.0,1.0,1.0
1190,14e8d439dd5a5da0,True,1.0,1.0,0.8601651323933297,1.0,1.0,1.0,0.9417354718305541
1191,3aa2f4406fc750da,True,1.0,1.0,0.9422089040016155,1.0,1.0,1.0,0.9759203766673398
1192,47f3a90709ad56ed,True,1.0,1.0,0.870504117691368,1.0,1.0,1.0,0.9460433823714034
1193,155c340aae355cd4,True,1.0,1.0,0.9886718954397199,1.0,1.0,1.0,0.9952799564332167
1194,812464919a4f5362,True,1.0,1.0,0.8164925875380674,1.0,1.0,1.0,0.9235385781408615
1195,fc4811f1f2745645,True,1.0,1.0,0.8253395263052908,1.0,1.0,1.0,0.9272248026272045
1196,0b81fee06b6156d5,True,1.0,1.0,1.0,1.0,1.0,1.0,1.0
1197,9149c990800952c0,True,1.0,1.0,1.0,1.0,1.0,1.0,1.0
1198,f25f295b364a5f29,True,1.0,1.0,0.9516394795541624,1.0,1.0,1.0,0.9798497831475675
1199,fcb6bd60c8905c79,True,1.0,1.0,0.8766738922964543,1.0,1.0,1.0,0.9486141217901892
1200,eed4abcb01455af9,True,1.0,1.0,1.0,1.0,1.0,1.0,1.0
1201,3ae59f6099b65d31,True,1.0,1.0,0.5333192659472896,1.0,1.0,1.0,0.805549694144704
1202,f713c584fcfe5824,True,1.0,1.0,0.6503891119307076,1.0,1.0,1.0,0.8543287966377949
1203,0eae7eacff765533,True,1.0,1.0,0.9783519933929973,1.0,1.0,1.0,0.9909799972470822
1204,017e89f6f6a85d79,True,1.0,1.0,1.0,1.0,1.0,1.0,1.0
1205,efd0435305f5532a,True,1.0,1.0,1.0,1.0,1.0,1.0,1.0
1206,e344674ba93250b5,True,1.0,1.0,0.9104377341881674,1.0,1.0,1.0,0.9626823892450697
1207,eb430bd4f0095c28,True,1.0,1.0,0.7424605943335998,1.0,1.0,1.0,0.8926919143056665
1208,082381ecf93c57d6,True,1.0,1.0,0.6885436335456125,1.0,1.0,1.0,0.8702265139773386
1209,95d9b54f00325665,True,1.0,1.0,0.6528868392886301,1.0,1.0,1.0,0.8553695163702626
1210,7e76a2b3918656f9,True,1.0,1.0,0.6150577227407488,1.0,1.0,1.0,0.839607384475312
1211,e0094ac69a8955fb,True,1.0,1.0,1.0,1.0,1.0,1.0,1.0
1212,534942a69dea5054,True,1.0,1.0,0.7577009668104536,1.0,1.0,1.0,0.8990420695043557
1213,062255c18e275666,True,1.0,1.0,1.0,1.0,1.0,1.0,1.0
1214,5997813b7cc55036,True,1.0,1.0,1.0,1.0,1.0,1.0,1.0
1215,597fd00be3675d16,True,1.0,1.0,1.0,1.0,1.0,1.0,1.0
1216,c8deb087395357c3,True,1.0,1.0,0.8495296851192824,1.0,1.0,1.0,0.9373040354663678
1217,7238724f2bff58f0,True,1.0,1.0,0.5814856571565817,1.0,1.0,1.0,0.8256190238152424
1218,baff5b48a5c056ec,True,1.0,0.0,0.0,1.0,1.0,0.5,0.0
1219,f3047391e1f25aad,True,1.0,1.0,1.0,1.0,1.0,1.0,1.0
1220,6a934e9ad62352ee,True,1.0,1.0,0.7254394164613499,1.0,1.0,1.0,0.8855997568588959
1221,b87ed2985e545397,True,1.0,1.0,1.0,1.0,1.0,1.0,1.0
1222,c9902a827ade5f45,True,1.0,1.0,0.7568451548546614,1.0,1.0,1.0,0.8986854811894421
1223,0d8610ae20005e45,True,1.0,1.0,0.9391851032148721,1.0,1.0,0.5,0.9746604596728634
1224,679c8386480d5023,True,1.0,1.0,0.9777732056849724,1.0,1.0,1.0,0.9907388357020718
1225,b2f336de7d295a8b,True,1.0,1.0,0.886361650196653,1.0,1.0,1.0,0.9526506875819388
1226,2556a5c923c95128,True,1.0,1.0,0.8642049285526632,1.0,1.0,1.0,0.9434187202302763
1227,86ecfd85bd095b7f,True,1.0,1.0,1.0,1.0,1.0,1.0,1.0
1228,ab2b84d310be5bed,True,1.0,1.0,0.7204636673721083,1.0,1.0,1.0,0.8835265280717118
1229,0fd48798118057f7,True,1.0,1.0,0.6681776221038883,1.0,1.0,1.0,0.8617406758766202
1230,1a9a1f65b4cc5d1d,True,1.0,1.0,1.0,1.0,1.0,1.0,1.0
1231,569670245b515d11,True,1.0,1.0,0.7572522517233836,1.0,1.0,1.0,0.8988551048847432
1232,31f2d9d9334d5a06,True,1.0,1.0,0.6630094576882426,1.0,1.0,1.0,0.8595872740367678
1233,a4a08c828e87562c,True,1.0,1.0,0.8319238343553774,1.0,1.0,1.0,0.9299682643147406
1234,b80d3fb49fc858d1,True,1.0,1.0,0.683937580882871,1.0,1.0,1.0,0.8683073253678629
1235,5177cf8521f05855,True,1.0,1.0,0.9675034196788737,1.0,1.0,1.0,0.9864597581995307
1236,0577532eba755552,True,1.0,1.0,0.6697859781567841,1.0,1.0,1.0,0.8624108242319934
1237,20f825e0d33a5160,True,1.0,0.0,0.0,1.0,1.0,1.0,0.0
1238,6d0a7f0bb4e7584b,True,1.0,1.0,0.5563570316168234,1.0,1.0,1.0,0.8151487631736763
1239,ff1a4e51e3f558ce,True,1.0,1.0,1.0,1.0,1.0,1.0,1.0
1240,e46762b07ca45b74,True,1.0,1.0,0.6252085087740427,1.0,1.0,1.0,0.8438368786558511
1241,94a3b8d43f515d6e,True,1.0,1.0,0.8841281013157232,1.0,1.0,1.0,0.9517200422148847
1242,cba2150084b1510a,True,1.0,1.0,0.9485651698398038,1.0,1.0,1.0,0.9785688207665849
1243,c9374cc3f2d45d75,True,1.0,1.0,1.0,1.0,1.0,1.0,1.0
1244,2591ee089f6e5dba,True,1.0,1.0,0.753857588732444,1.0,1.0,1.0,0.8974406619718517
1245,13d078252f4653f3,True,1.0,1.0,0.8028958029398509,1.0,1.0,1.0,0.9178732512249379
1246,a1d5046565c75d87,True,1.0,1.0,0.8909999037165834,1.0,1.0,1.0,0.954583293215243
1247,6bb854e8312e5c30,True,1.0,1.0,0.8785783603286605,1.0,1.0,1.0,0.9494076501369418
1248,e6056b57c0515735,True,1.0,1.0,1.0,1.0,1.0,1.0,1.0
1249,b7febc4ae909501b,True,1.0,1.0,0.6755048793601253,1.0,1.0,1.0,0.8647936997333856
1250,b9400f20792f5936,True,1.0,1.0,0.9089884400705585,1.0,1.0,1.0,0.962078516696066
1251,2721fbd6b58d558a,True,1.0,1.0,0.7165255975202498,1.0,1.0,1.0,0.8818856656334374
1252,36adada77e2f54ba,True,1.0,1.0,0.885815210165305,1.0,1.0,1.0,0.9524230042355436
1253,352ef6e0384c5938,True,1.0,1.0,0.6906953810916298,1.0,1.0,1.0,0.8711230754548458
1254,4a07aac45fc35fcf,True,1.0,1.0,0.5869120326038632,1.0,1.0,1.0,0.827880013584943
1255,a4581d8af5f755a9,True,1.0,1.0,0.7725168909342133,1.0,1.0,1.0,0.9052153712225888
1256,173369dc059d5fe9,True,1.0,1.0,0.8235781406379894,1.0,1.0,1.0,0.9264908919324956
1257,c30bc48417bf5354,True,1.0,1.0,0.8070890653352387,1.0,1.0,1.0,0.9196204438896828
1258,54b1735112ed5840,True,1.0,1.0,0.9181126178235341,1.0,1.0,1.0,0.9658802574264725
1259,bc8d49758c6b5612,True,1.0,0.0,0.0,1.0,1.0,1.0,0.0
1260,8371ac42ba585d35,True,1.0,1.0,0.8129116877516069,1.0,1.0,1.0,0.9220465365631695
1261,dd671af93db454aa,True,1.0,1.0,1.0,0.0,1.0,1.0,0.5833333333333334
1262,f5a6d648a71e5d47,True,1.0,1.0,0.8053068905911649,1.0,1.0,1.0,0.9188778710796521
1263,8984fe1857e057b3,True,1.0,1.0,1.0,1.0,1.0,1.0,1.0
1264,c7c9121707745be3,True,0.0,1.0,0.0,0.0,1.0,0.5,0.0
1265,240f44eb30c7500b,True,1.0,1.0,1.0,1.0,1.0,1.0,1.0
1266,0a99133136835ee9,True,1.0,1.0,1.0,1.0,1.0,1.0,1.0
1267,07952d3dbf4550de,True,1.0,1.0,0.701692140993688,1.0,1.0,1.0,0.87570505874737
1268,0d2e670274c65f81,True,1.0,1.0,0.6940753104118915,1.0,1.0,1.0,0.8725313793382882
1269,0aee34efc8445718,True,1.0,1.0,0.9121401286575062,1.0,1.0,1.0,0.9633917202739609
1270,13d2650251d25e83,True,1.0,1.0,1.0,1.0,1.0,1.0,1.0
1271,7b00e131a2885ecf,True,1.0,1.0,1.0,1.0,1.0,1.0,1.0
1272,ee9a17a589805c85,True,1.0,1.0,0.7558713821525276,1.0,1.0,1.0,0.898279742563553
1273,fb73ca8c7d5f5d34,True,1.0,1.0,1.0,1.0,1.0,1.0,1.0
1274,def10158059d5eb1,True,1.0,1.0,1.0,1.0,1.0,1.0,1.0
1275,18f485e808bf58da,True,1.0,1.0,0.8145110170935236,1.0,1.0,1.0,0.9227129237889682
1276,274fcb576b3b59a8,True,1.0,1.0,1.0,1.0,1.0,1.0,1.0
1277,c2f27daee5bd5a3e,True,1.0,1.0,0.6979341889136873,1.0,1.0,1.0,0.874139245380703
1278,a547f498303e5b17,True,1.0,1.0,0.7342316396959603,1.0,1.0,1.0,0.8892631832066501
1279,b50b164056715968,True,1.0,1.0,0.8577294853570816,1.0,1.0,1.0,0.940720618898784
1280,4cbe138f73975e82,True,1.0,1.0,0.8876962565491946,1.0,1.0,1.0,0.9532067735621643
1281,09779eb483435cab,True,1.0,1.0,1.0,1.0,1.0,1.0,1.0
1282,86c897328378504d,True,1.0,1.0,0.9704485200401585,1.0,1.0,1.0,0.987686883350066
1283,d61fe42422225edf,True,1.0,1.0,1.0,1.0,1.0,1.0,1.0
1284,d6641a8596f25d47,True,1.0,1.0,0.9527944275544843,1.0,1.0,1.0,0.9803310114810352
1285,6745b762c9df5f94,True,1.0,1.0,1.0,1.0,1.0,1.0,1.0
1286,a4778444628f5c49,True,1.0,1.0,1.0,1.0,1.0,1.0,1.0
1287,aee61beda170540c,True,1.0,1.0,0.7479372476432883,1.0,1.0,1.0,0.8949738531847035
1288,7b37b72faaa25b5d,True,1.0,1.0,0.9375942939227432,1.0,1.0,1.0,0.9739976224678096
1289,f1ca8dd77f205599,True,1.0,0.0,0.0,0.0,1.0,1.0,0.0
1290,54292820fab05539,True,1.0,1.0,1.0,0.0,1.0,1.0,0.5833333333333334
1291,3c93ac00b682563d,True,1.0,1.0,0.6230538633057459,1.0,1.0,1.0,0.8429391097107274
1292,72d13a5ce3af5ca6,True,1.0,1.0,1.0,1.0,1.0,1.0,1.0
1293,f5dccbabc2f95bbd,True,1.0,1.0,0.9630397326297211,1.0,1.0,1.0,0.9845998885957171
1294,330af4c06f715d2d,True,1.0,1.0,0.8659416369936891,1.0,1.0,1.0,0.9441423487473705
1295,3d8c71ff899f50e6,True,1.0,1.0,1.0,1.0,1.0,1.0,1.0
1296,94c6fd3f9ec85914,True,1.0,1.0,0.8155680058387731,1.0,1.0,0.5,0.9231533357661554
1297,fdf7643412e85c31,True,1.0,1.0,0.8825312050924555,1.0,1.0,1.0,0.9510546687885232
1298,e745423278015ece,True,1.0,1.0,0.9441989112212499,1.0,1.0,1.0,0.9767495463421874
1299,9a1a2dd68d9f5b10,True,1.0,1.0,0.563129102770719,1.0,1.0,1.0,0.8179704594877997
1300,986b3349c460538b,True,1.0,1.0,0.7884423225450765,1.0,1.0,1.0,0.9118509677271153
1301,58b96e6ca9a95ff4,True,1.0,1.0,0.6630303727208772,1.0,1.0,1.0,0.8595959886336989
1302,66dca10d8f315889,True,1.0,1.0,0.55390616253105,1.0,1.0,1.0,0.8141275677212708
1303,0f3cdfd8866b5915,True,1.0,1.0,0.5341916963012593,1.0,1.0,1.0,0.8059132067921914
1304,4fd0583319865636,True,1.0,1.0,0.8984691301829189,1.0,1.0,1.0,0.9576954709095494
1305,92c38e520e515a8a,True,1.0,1.0,1.0,1.0,1.0,1.0,1.0
1306,ff5e13b14d735e52,True,1.0,1.0,1.0,1.0,1.0,1.0,1.0
1307,d0884d449b2959fe,True,1.0,1.0,0.8584144019627943,1.0,1.0,1.0,0.9410060008178309
1308,1b613bcca44b5b29,True,0.0,0.0,0.0,0.0,1.0,1.0,0.0
1309,93c2bfeb7c885a2e,True,1.0,1.0,0.7455704580119845,1.0,1.0,1.0,0.893987690838327
1310,aba1622c877f51bb,True,1.0,1.0,1.0,1.0,1.0,1.0,1.0
1311,50f111c89e0958a9,True,1.0,1.0,1.0,1.0,1.0,1.0,1.0
1312,b0a73894d5a75e59,True,1.0,1.0,1.0,1.0,1.0,1.0,1.0
1313,4b26762f1d5a509d,True,1.0,1.0,0.7879651768660866,1.0,1.0,1.0,0.911652157027536
1314,ea60e66a13335f6e,True,1.0,1.0,0.8207938853024757,1.0,1.0,1.0,0.9253307855426982
1315,385e44b3382350f1,True,1.0,1.0,1.0,0.0,1.0,1.0,0.5833333333333334
1316,2692d8b89688506f,True,1.0,1.0,0.8451032084639372,1.0,1.0,1.0,0.9354596701933072
1317,cd2a694affd65d94,True,1.0,1.0,0.5774580145609659,1.0,1.0,1.0,0.8239408394004024
1318,4bb645483bf4594a,True,1.0,1.0,1.0,1.0,1.0,1.0,1.0
1319,bdffdc5fc2fa542b,True,1.0,1.0,0.8022994017490097,1.0,1.0,1.0,0.9176247507287542
1320,16a1dfd2dcae512b,True,1.0,1.0,0.950031613198927,1.0,1.0,1.0,0.9791798388328864
1321,d14f40d60d165b25,True,1.0,1.0,1.0,1.0,1.0,1.0,1.0
1322,0438474da1ac593d,True,1.0,1.0,1.0,1.0,1.0,1.0,1.0
1323,18023ea42fe95bdb,True,1.0,1.0,0.7599837997924442,1.0,1.0,1.0,0.8999932499135185
1324,0be1a98f7d1f5fce,True,1.0,1.0,1.0,1.0,1.0,1.0,1.0
1325,2638cdfa752b5d7c,True,1.0,1.0,0.9187017683050918,1.0,1.0,1.0,0.9661257367937882
1326,e00c640657fb5895,True,1.0,1.0,0.7181872605418868,1.0,1.0,1.0,0.8825780252257861
1327,01d061d9a66451ea,True,1.0,1.0,1.0,1.0,1.0,1.0,1.0
1328,8fe72ff0763b5ba9,True,1.0,1.0,1.0,1.0,1.0,1.0,1.0
1329,f2495a0cce605703,True,1.0,1.0,0.5851924610832814,1.0,1.0,1.0,0.8271635254513673
1330,c95d7e81eec75f65,True,1.0,1.0,0.9040763916300039,1.0,1.0,1.0,0.9600318298458349
1331,b64b160540265465,True,1.0,1.0,0.9972637757146385,1.0,1.0,1.0,0.9988599065477661
1332,e4237030b1b75a8d,True,1.0,1.0,1.0,1.0,1.0,1.0,1.0
1333,d0dc567530ef57dd,True,1.0,1.0,0.7809182458772402,1.0,1.0,1.0,0.9087159357821833
1334,56464bef8d91590f,True,1.0,1.0,0.6679011765827653,1.0,1.0,1.0,0.8616254902428189
1335,bb74197177cb51b0,True,1.0,1.0,1.0,1.0,1.0,1.0,1.0
1336,48d1f3140a8c5487,True,1.0,1.0,0.6973974588433955,1.0,1.0,1.0,0.8739156078514148
1337,963b4781dbe558de,True,1.0,1.0,1.0,1.0,1.0,1.0,1.0
1338,b022d508550251bf,True,1.0,1.0,1.0,1.0,1.0,1.0,1.0
1339,e2e6c22bce7f59fc,True,1.0,1.0,0.8683279913116076,1.0,1.0,1.0,0.9451366630465031
1340,ce82b44e8dfd5e1d,True,1.0,1.0,0.9309651206126444,1.0,1.0,1.0,0.9712354669219351
1341,ba6136583b6254e2,True,1.0,1.0,1.0,1.0,1.0,1.0,1.0
1342,655c3f17ee2d5683,True,1.0,1.0,1.0,1.0,1.0,1.0,1.0
1343,17b0992157365222,True,1.0,1.0,1.0,1.0,1.0,1.0,1.0
1344,cc652b7870745fa5,True,1.0,1.0,0.8008220259490054,1.0,1.0,1.0,0.9170091774787522
1345,7d51dcbc514953ea,True,1.0,1.0,1.0,1.0,1.0,1.0,1.0
1346,602213f964f651c1,True,1.0,1.0,0.6735734639301447,1.0,1.0,1.0,0.863988943304227
1347,16e645697d7559b3,True,1.0,1.0,0.9292711685202547,1.0,1.0,1.0,0.9705296535501061
1348,2829df17720c501f,True,1.0,1.0,0.7990331556659411,1.0,1.0,1.0,0.9162638148608089
1349,c4a4767fa7675875,True,1.0,1.0,1.0,1.0,1.0,1.0,1.0
1350,5bc7217fee5c5fc5,True,1.0,1.0,0.750454306482348,1.0,1.0,1.0,0.8960226277009783
1351,001b34b45b2f50e4,True,1.0,1.0,1.0,1.0,1.0,1.0,1.0
1352,bb0e1af8651d525b,True,1.0,1.0,1.0,1.0,1.0,1.0,1.0
1353,cb52442dd7165211,True,1.0,1.0,1.0,1.0,1.0,1.0,1.0
1354,16cd404f3eaa5cd0,True,1.0,1.0,0.943067344380279,1.0,1.0,1.0,0.9762780601584495
1355,65b19795c92c5d77,True,1.0,1.0,0.7080327417049519,1.0,1.0,1.0,0.8783469757103965
1356,49f37d1d50ef5873,True,1.0,1.0,1.0,1.0,1.0,1.0,1.0
1357,6fed9368351f54d5,True,1.0,1.0,1.0,1.0,1.0,1.0,1.0
1358,cff12b59b73c537e,True,1.0,1.0,1.0,1.0,1.0,1.0,1.0
1359,bb73caa6692856bf,True,1.0,1.0,0.9746482921791069,1.0,1.0,1.0,0.9894367884079612
1360,e309a82b568d5669,True,1.0,1.0,1.0,1.0,1.0,1.0,1.0
1361,115e8a71aafc5d3d,True,1.0,1.0,0.759028020397289,1.0,1.0,1.0,0.8995950084988703
1362,7d930b1f5365521f,True,1.0,1.0,1.0,1.0,1.0,1.0,1.0
1363,9e970e2a22da585c,True,1.0,1.0,1.0,1.0,1.0,1.0,1.0
1364,013d05a439b95210,True,1.0,1.0,1.0,1.0,1.0,1.0,1.0
1365,120ef06f3e0b5990,True,1.0,1.0,1.0,1.0,1.0,1.0,1.0
1366,60a317c40ae656c0,True,1.0,0.0,0.0,1.0,1.0,1.0,0.0
1367,29be20efdac25f74,True,1.0,1.0,0.9421055650909697,1.0,1.0,1.0,0.9758773187879041
1368,9b4a82c95856552f,True,1.0,1.0,0.6999943398118266,1.0,1.0,1.0,0.8749976415882611
1369,5659c2c128ec5db7,True,1.0,1.0,0.9833974861246371,1.0,1.0,1.0,0.9930822858852655
1370,f7b40e0f94c25b3b,True,1.0,1.0,1.0,1.0,1.0,1.0,1.0
1371,bcac47f590d854a7,True,1.0,1.0,0.7710228965596102,1.0,1.0,1.0,0.9045928735665042
1372,005f87dd980253a5,True,1.0,1.0,0.6611425884285265,1.0,1.0,1.0,0.8588094118452193
1373,51754449a4dd5f27,True,1.0,1.0,1.0,1.0,1.0,1.0,1.0
1374,60216ba3ee9557d9,True,1.0,1.0,0.8165023854127476,1.0,1.0,1.0,0.9235426605886449
1375,a067cd2e442c5a4a,True,1.0,1.0,1.0,1.0,1.0,1.0,1.0
1376,c84b4ca798ca563a,True,1.0,1.0,1.0,1.0,1.0,1.0,1.0
1377,a0707360c69459d4,True,1.0,1.0,1.0,1.0,1.0,1.0,1.0
1378,2ad17379a25d55d9,True,1.0,1.0,0.9662872858847302,1.0,1.0,1.0,0.9859530357853042
1379,1316af62e13e5dd5,True,1.0,1.0,1.0,1.0,1.0,1.0,1.0
1380,6f2baa8c8c8e5942,True,1.0,1.0,1.0,1.0,1.0,1.0,1.0
1381,33bae177e9c75992,True,1.0,1.0,0.9250619458965339,1.0,1.0,1.0,0.9687758107902225
1382,9191f3f8644d50cb,True,1.0,1.0,1.0,1.0,1.0,1.0,1.0
1383,e0a1d14a2cea5d4a,True,1.0,1.0,0.5576369938464047,1.0,1.0,1.0,0.8156820807693353
1384,eff63ffe642d5409,True,1.0,1.0,0.8112276607984108,1.0,1.0,1.0,0.9213448586660045
1385,8062fe1c1def5111,True,1.0,1.0,1.0,1.0,1.0,1.0,1.0
1386,3f4013b6af2d5850,True,1.0,1.0,0.6906913126773675,1.0,1.0,1.0,0.8711213802822364
1387,59db265fc4cf5a41,True,1.0,1.0,0.9713263781620591,1.0,1.0,1.0,0.9880526575675246
1388,7569116c33145d2a,True,1.0,1.0,1.0,0.0,1.0,1.0,0.5833333333333334
1389,1baf6c7677a95a6a,True,1.0,1.0,0.5250487473641394,1.0,1.0,1.0,0.802103644735058
1390,d5ece6235301571f,True,1.0,1.0,1.0,1.0,1.0,1.0,1.0
1391,bb89143f371a53b5,True,1.0,1.0,0.6576721693147567,1.0,1.0,1.0,0.8573634038811487
1392,d98a25449e205e55,True,1.0,1.0,0.7584520948211219,1.0,1.0,1.0,0.8993550395088007
1393,520f3dc854275784,True,1.0,1.0,0.8383489070121738,1.0,1.0,1.0,0.9326453779217392
1394,ad568870afa55435,True,1.0,1.0,0.9144123629399116,1.0,1.0,1.0,0.9643384845582966
1395,d32754e8c47e5771,True,1.0,0.0,0.0,1.0,1.0,1.0,0.0
1396,01ff2ecc002851a1,True,1.0,1.0,0.5660104167670454,1.0,1.0,1.0,0.8191710069862689
1397,3fa4c6924d3c55ab,True,1.0,1.0,0.6568077657772291,1.0,1.0,1.0,0.8570032357405122
1398,f3e09f0670d25426,True,1.0,1.0,1.0,1.0,1.0,1.0,1.0
1399,1457dddd3ea65845,True,1.0,1.0,1.0,1.0,1.0,1.0,1.0
1400,a6e08764c0245823,True,1.0,1.0,0.7214839138005336,1.0,1.0,1.0,0.8839516307502223
1401,33c84d1650d45e15,True,1.0,1.0,0.842103149892743,1.0,1.0,1.0,0.934209645788643
1402,0472df00162f5fc5,True,1.0,1.0,0.9308071536216896,1.0,1.0,1.0,0.9711696473423707
1403,c9aa2159bc3a50a0,True,1.0,1.0,0.8997924196531762,1.0,1.0,1.0,0.9582468415221568
1404,ffef12d9476e557b,True,1.0,0.0,0.0,1.0,1.0,0.0,0.0
1405,9fc437191831579a,True,1.0,1.0,0.9648983771121192,1.0,1.0,1.0,0.9853743237967164
1406,984716e6e27e59ee,True,1.0,1.0,1.0,1.0,1.0,1.0,1.0
1407,5d3573d6da7952d3,True,1.0,1.0,0.9286370059771181,1.0,1.0,1.0,0.9702654191571325
1408,861c55d61243570c,True,1.0,1.0,0.9032299870359742,1.0,1.0,1.0,0.9596791612649893
1409,11ef3e2ec35051d8,True,1.0,1.0,0.8642333950071643,1.0,1.0,1.0,0.9434305812529852
1410,2d741bb457ed5434,True,1.0,1.0,0.7290481736220473,1.0,1.0,1.0,0.887103405675853
1411,331882a4388559b6,True,1.0,1.0,1.0,1.0,1.0,1.0,1.0
1412,c5e8daf69c6552a7,True,1.0,1.0,0.6993824806407699,1.0,1.0,1.0,0.8747427002669874
1413,b4a85f85ef7e532d,True,1.0,1.0,0.9420142364477776,1.0,1.0,1.0,0.975839265186574
1414,122a6e620fcb5c80,True,1.0,1.0,0.8559227008722935,1.0,1.0,1.0,0.9399677920301223
1415,f32e1b068c3351eb,True,1.0,1.0,0.7270658532377381,1.0,1.0,1.0,0.8862774388490576
1416,643b177aa4235fe7,True,1.0,1.0,1.0,1.0,1.0,1.0,1.0
1417,37b3d87596685948,True,1.0,1.0,0.805885479000542,1.0,1.0,1.0,0.9191189495835591
1418,e6d59439935a5309,True,1.0,1.0,0.9902482770027684,1.0,1.0,1.0,0.9959367820844868
1419,5a7626d57d61594b,True,1.0,1.0,0.836726557430192,1.0,1.0,1.0,0.9319693989292466
1420,0536ffc8d9555b0f,True,1.0,1.0,1.0,1.0,1.0,1.0,1.0
1421,4cf1c34e608158a6,True,1.0,1.0,1.0,1.0,1.0,1.0,1.0
1422,e67e31370c185b83,True,1.0,1.0,1.0,1.0,1.0,1.0,1.0
1423,56a1470952cb57a0,True,1.0,1.0,0.8058192736762059,1.0,1.0,1.0,0.9190913640317525
1424,b7bb53ad2bb1505f,True,1.0,1.0,0.9710952155663863,1.0,1.0,1.0,0.9879563398193275
1425,2072f71b7e8f5ece,True,1.0,1.0,0.730954690076959,1.0,1.0,1.0,0.8878977875320663
1426,14476e3c036f5ec8,True,1.0,1.0,0.8597724684824396,1.0,1.0,1.0,0.9415718618676832
1427,5a12337425265ea1,True,1.0,1.0,0.8817093992263071,1.0,1.0,1.0,0.950712249677628
1428,436da44562c95ac0,True,1.0,1.0,1.0,1.0,1.0,1.0,1.0
1429,432dcd9a21c25043,True,1.0,1.0,0.6831001212933587,1.0,1.0,1.0,0.8679583838722328
1430,9ac86ade68505597,True,1.0,1.0,0.8121555464247163,1.0,1.0,1.0,0.9217314776769651
1431,625bda810b66583a,True,1.0,1.0,0.7678313923099719,1.0,1.0,1.0,0.9032630801291549
1432,a120ebfcfb775487,True,1.0,1.0,0.8059597154970849,1.0,1.0,1.0,0.9191498814571187
1433,f84498af5b4f55eb,True,1.0,1.0,1.0,1.0,1.0,1.0,1.0
1434,8a6de2af60965cd0,True,1.0,1.0,0.8139986730926787,1.0,1.0,1.0,0.9224994471219494
1435,e49e9763e6ea5ffb,True,1.0,1.0,0.7775765378032207,1.0,1.0,1.0,0.9073235574180085
1436,bedf9db2d7b15abd,True,1.0,1.0,1.0,1.0,1.0,1.0,1.0
1437,58c018c299d05214,True,1.0,1.0,0.6164571133661543,1.0,1.0,1.0,0.8401904639025642
1438,4e1b2f2152b551e2,True,1.0,1.0,0.8304012246417547,1.0,1.0,1.0,0.9293338436007311
1439,2e6e9e72249a5980,True,1.0,1.0,0.5427255066780701,1.0,1.0,1.0,0.8094689611158626
1440,39f81c49a1ba5f41,True,1.0,1.0,1.0,1.0,1.0,1.0,1.0
1441,d834813ce20a54e1,True,1.0,1.0,1.0,1.0,1.0,1.0,1.0
1442,08226b91e42858de,True,1.0,1.0,1.0,1.0,1.0,1.0,1.0
1443,d1b4625f7363548e,True,1.0,1.0,0.9207248402014646,1.0,1.0,1.0,0.9669686834172769
1444,ee8a391c71ab5f5f,True,1.0,1.0,0.729898653937217,1.0,1.0,1.0,0.8874577724738404
1445,d2dd81d9f7665fde,True,1.0,1.0,0.9233332633752462,1.0,1.0,1.0,0.9680555264063525
1446,af064082155f5dc0,True,1.0,1.0,1.0,1.0,1.0,1.0,1.0
1447,89ec780cbf965fba,True,1.0,1.0,0.93283876986758,1.0,1.0,1.0,0.9720161541114916
1448,42052560d5925f35,True,1.0,1.0,1.0,1.0,1.0,1.0,1.0
1449,ee9a7d622e33569a,True,1.0,1.0,0.9291600894064053,1.0,1.0,1.0,0.9704833705860022
1450,e4b5a2693d2d5a31,True,1.0,1.0,0.7494531120633354,1.0,1.0,1.0,0.8956054633597231
1451,8d6583f3e3c15034,True,1.0,1.0,0.7469411023474628,1.0,1.0,1.0,0.8945587926447761
1452,ed3e5181549254bc,True,1.0,1.0,1.0,1.0,1.0,1.0,1.0
1453,1f13bc7f674b5ebe,True,1.0,1.0,1.0,1.0,1.0,1.0,1.0
1454,c2f56a56716f55e3,True,1.0,1.0,0.7186692388465091,1.0,1.0,1.0,0.8827788495193788
1455,5350c9f947cb5482,True,1.0,1.0,0.6286511646620202,1.0,1.0,1.0,0.845271318609175
1456,1e60548b4c00538a,True,1.0,1.0,0.7148274488998827,1.0,1.0,1.0,0.8811781037082844
1457,04377176d16d5a0f,True,1.0,1.0,0.952092661972572,1.0,1.0,1.0,0.9800386091552383
1458,14297ef551f652d3,True,1.0,1.0,1.0,1.0,1.0,1.0,1.0
1459,9e4128df16395eb4,True,1.0,1.0,1.0,1.0,1.0,1.0,1.0
1460,b36d274e71b3566b,True,1.0,1.0,0.7057430291085907,1.0,1.0,1.0,0.8773929287952461
1461,7bc20084dcb15f05,True,1.0,1.0,1.0,1.0,1.0,1.0,1.0
1462,f412a36812a55b62,True,1.0,1.0,0.570328400104983,1.0,1.0,1.0,0.8209701667104096
1463,8187be48a9d95d91,True,1.0,1.0,0.8705935766362636,1.0,1.0,1.0,0.9460806569317765
1464,23803695a4c1547c,True,1.0,1.0,1.0,1.0,1.0,1.0,1.0
1465,1526b1720d35559e,True,1.0,1.0,1.0,1.0,1.0,0.5,1.0
1466,da4d89151b245e0c,True,1.0,1.0,0.6868040391422963,0.0,1.0,1.0,0.4528350163092901
1467,084ce89976f1505e,True,1.0,1.0,0.9677508077364932,1.0,1.0,1.0,0.9865628365568723
1468,db1231d931455d2c,True,1.0,0.0,0.0,1.0,1.0,1.0,0.0
1469,21c961133b0c52d5,True,1.0,1.0,0.8038528229077927,1.0,1.0,1.0,0.9182720095449136
1470,7fd97ff49f5b5761,True,1.0,1.0,0.7320706800957102,1.0,1.0,1.0,0.8883627833732125
1471,63fd66d1098f5c53,True,1.0,0.0,0.0,1.0,1.0,1.0,0.0
1472,5dae1d43c2e55113,True,1.0,0.0,0.0,0.0,1.0,1.0,0.0
1473,b4d9c8edfbda58dc,True,1.0,1.0,0.8204732304942938,1.0,1.0,1.0,0.9251971793726224
1474,08684d8a5d675f4a,True,1.0,1.0,1.0,1.0,1.0,1.0,1.0
1475,94839be4b8c95789,True,1.0,1.0,1.0,1.0,1.0,1.0,1.0
1476,6872fa29d1345d03,True,1.0,1.0,0.9555145646177509,1.0,1.0,1.0,0.9814644019240628
1477,47f8cc513134512b,True,1.0,1.0,0.9600231670532179,1.0,1.0,1.0,0.9833429862721741
1478,11c529f1623b5034,True,1.0,1.0,0.9835896233274888,1.0,1.0,1.0,0.9931623430531203
1479,26983ee0a39e5a32,True,1.0,1.0,0.9334837098396681,1.0,1.0,1.0,0.9722848790998618
1480,1b818742aecc51d0,True,1.0,1.0,0.688832005029492,1.0,1.0,1.0,0.8703466687622884
1481,4e52fd2c46fa5a3f,True,1.0,1.0,1.0,1.0,1.0,1.0,1.0
1482,6af09cbf5d405f49,True,1.0,0.0,0.0,1.0,1.0,1.0,0.0
1483,17631c945bb959f6,True,1.0,1.0,0.9998991100110859,1.0,1.0,1.0,0.999957962504619
1484,e0cbc7ab694157a5,True,1.0,1.0,0.8165632276790421,1.0,1.0,1.0,0.9235680115329341
1485,e656eb8f3cdf590c,True,1.0,1.0,1.0,1.0,1.0,1.0,1.0
1486,b696510357665996,True,1.0,1.0,0.9662030996183937,1.0,1.0,1.0,0.9859179581743307
1487,0dd6fe46c94055ec,True,1.0,1.0,1.0,1.0,1.0,1.0,1.0
1488,0561ac957ffc5c4f,True,1.0,1.0,1.0,1.0,1.0,1.0,1.0
1489,33423262feb656a3,True,1.0,0.0,0.0,1.0,1.0,1.0,0.0
1490,b60cd9b5f9a75b57,True,1.0,1.0,0.9731794429652324,1.0,1.0,1.0,0.9888247679021802
1491,2472d00839f65c25,True,1.0,1.0,1.0,1.0,1.0,1.0,1.0
1492,94b9b31c975a5796,True,1.0,1.0,0.8826387982407412,1.0,1.0,1.0,0.9510994992669755
1493,6a85f61bdde35d74,True,1.0,1.0,0.8333272671067002,1.0,1.0,1.0,0.930553027961125
1494,a669b18e5ecd575d,True,1.0,1.0,0.7506162541261429,1.0,1.0,1.0,0.8960901058858929
1495,62b0d1b0d5b35c44,True,1.0,1.0,1.0,1.0,1.0,0.0,1.0
1496,88642e4f16be55bd,True,1.0,1.0,1.0,1.0,1.0,1.0,1.0
1497,263f5537c4f85b38,True,1.0,1.0,0.8197120741048488,1.0,1.0,1.0,0.9248800308770203
1498,de8957bb05ae5d5d,True,1.0,1.0,1.0,1.0,1.0,1.0,1.0
1499,cbe3a6c80bfb5327,True,1.0,1.0,1.0,1.0,1.0,1.0,1.0
1500,202d3d3e3b9356a3,True,1.0,1.0,0.9176261292403236,1.0,1.0,1.0,0.9656775538501349
1501,04f8f8b4cf0c52e7,True,1.0,1.0,1.0,1.0,1.0,1.0,1.0
1502,13f7b495f8065eec,True,1.0,1.0,0.7819196183321525,1.0,1.0,1.0,0.9091331743050635
1503,f2117260382b5d83,True,1.0,1.0,0.902601359346583,1.0,1.0,1.0,0.9594172330610763
1504,c3634ce5c5535b16,True,1.0,1.0,0.8343958245407846,1.0,1.0,1.0,0.930998260225327
1505,8aaf40c869ca574f,True,1.0,1.0,0.8406898787840678,1.0,1.0,1.0,0.9336207828266949
1506,6f7355de329659f2,True,1.0,1.0,0.8959351802234438,1.0,1.0,1.0,0.9566396584264348
1507,99e900e2392c5e87,True,1.0,1.0,0.7694913811860772,1.0,1.0,1.0,0.9039547421608655
1508,6b8774b008675f8d,True,1.0,1.0,0.7517126773179917,1.0,1.0,1.0,0.8965469488824965
1509,92427e4a55475ba6,True,1.0,1.0,0.6218373023966028,1.0,1.0,0.0,0.842432209331918
1510,c28c7b29e80059d2,True,1.0,1.0,0.8741861992264027,1.0,1.0,1.0,0.9475775830110011
1511,9820fb92380b522b,True,1.0,0.0,0.0,1.0,1.0,0.0,0.0
1512,a45b1d5e36b35909,True,1.0,1.0,0.8220629741147634,1.0,1.0,1.0,0.925859572547818
1513,8bb939128dfd5f7d,True,1.0,1.0,0.8390994363188473,1.0,1.0,1.0,0.9329580984661864
1514,18d8181124185dfa,True,1.0,1.0,0.8404406103995704,1.0,1.0,1.0,0.933516920999821
1515,663c00bac2e05721,True,1.0,1.0,0.5195992716193697,1.0,1.0,1.0,0.799833029841404
1516,3e1daba01cbe5973,True,1.0,1.0,0.713980816977391,1.0,1.0,1.0,0.8808253404072462
1517,fc8a40e606a25836,True,1.0,0.0,0.0,1.0,1.0,1.0,0.0
1518,d813c6a4706e5411,True,1.0,1.0,0.6568540967262346,1.0,1.0,1.0,0.8570225403025978
1519,b4d64308573f5bdf,True,1.0,1.0,1.0,1.0,1.0,1.0,1.0
1520,d1dcd412f339598a,True,1.0,1.0,0.8855719539612865,0.0,1.0,1.0,0.5356549808172028
1521,e89ad5d8a66250f0,True,1.0,1.0,0.7728583168876431,1.0,1.0,1.0,0.9053576320365179
1522,fbb8f13bd26a5eee,True,1.0,1.0,0.8230087974778674,1.0,1.0,1.0,0.926253665615778
1523,7d5618d384ac5071,True,1.0,1.0,0.8159895600950654,1.0,1.0,1.0,0.923328983372944
1524,8c75e07d70c558df,True,1.0,1.0,1.0,1.0,1.0,1.0,1.0
1525,d1dd156bb9b1599d,True,1.0,1.0,0.6405720858162294,1.0,1.0,1.0,0.8502383690900955
1526,b219a12536715748,True,1.0,1.0,0.9266632956760689,1.0,1.0,1.0,0.9694430398650287
1527,f7b7dcf856ce587d,True,1.0,1.0,1.0,1.0,1.0,1.0,1.0
1528,712475eda7975c99,True,1.0,1.0,0.6346127469922509,1.0,1.0,1.0,0.8477553112467712
1529,6829197915d25514,True,1.0,1.0,1.0,1.0,1.0,1.0,1.0
1530,9ca9d2ce60a35d66,True,1.0,1.0,0.5709801868219964,1.0,1.0,1.0,0.8212417445091651
1531,b958e6967993560f,True,1.0,1.0,0.6855625315612597,1.0,1.0,1.0,0.8689843881505249
1532,81464a4119075069,True,1.0,1.0,0.698039036617681,1.0,1.0,1.0,0.8741829319240337
1533,f985ec5a35285901,True,1.0,1.0,0.8369207805424358,1.0,1.0,1.0,0.9320503252260149
1534,c6c7e6c737cb5f4c,True,1.0,1.0,1.0,1.0,1.0,1.0,1.0
1535,2458f368da645ef5,True,1.0,1.0,0.7348038931787247,1.0,1.0,1.0,0.8895016221578019
1536,e59b32f05f5e54f0,True,1.0,1.0,0.6177012101232764,1.0,1.0,0.0,0.840708837551365
1537,91496ec9ca5f5d5f,True,1.0,1.0,0.8335856583287896,1.0,1.0,1.0,0.930660690970329
1538,8d293b5028e555a3,True,1.0,1.0,1.0,1.0,1.0,1.0,1.0
1539,4c721a83046651e4,True,1.0,1.0,1.0,1.0,1.0,1.0,1.0
1540,13ae6351239c5343,True,1.0,1.0,0.8845458919099467,1.0,1.0,1.0,0.9518941216291444
1541,3e730f46f6f055a3,True,1.0,1.0,0.7989104584586928,1.0,1.0,1.0,0.9162126910244552
1542,864e62539b8c58f9,True,1.0,1.0,0.7071615009350061,1.0,1.0,1.0,0.8779839587229192
1543,af3ca613840a5058,True,1.0,1.0,1.0,1.0,1.0,0.0,1.0
1544,75f8f9a90db75078,True,1.0,1.0,0.8531517280848021,1.0,1.0,1.0,0.9388132200353342
1545,1fc38f9fc93f5a29,True,1.0,1.0,0.8676062299490992,1.0,1.0,1.0,0.9448359291454581
1546,0fa9d28a2e58550c,True,1.0,1.0,0.8682716203140687,1.0,1.0,1.0,0.9451131751308619
1547,e22c4b8440c759b7,True,1.0,1.0,1.0,1.0,1.0,1.0,1.0
1548,b23f49937a48507e,True,1.0,1.0,1.0,1.0,1.0,1.0,1.0
1549,5d8677f177185a61,True,1.0,1.0,0.8423530091100068,1.0,1.0,1.0,0.9343137537958363
1550,9b1bea0cc0d75583,True,1.0,1.0,0.8430414062211798,1.0,1.0,1.0,0.9346005859254917
1551,6c1a4bb1d99b52a3,True,1.0,1.0,0.8497789251979463,1.0,1.0,1.0,0.9374078854991442
1552,08b8808b5cf351c3,True,1.0,1.0,0.7002127612031777,1.0,1.0,1.0,0.8750886505013241
1553,1309e3cfb6f25c6e,True,1.0,1.0,1.0,1.0,1.0,1.0,1.0
1554,cd2e3c6240d55147,True,1.0,1.0,0.7326905281840752,1.0,1.0,1.0,0.8886210534100313
1555,c3907cc0d2ed5600,True,1.0,1.0,0.8982999104681807,1.0,1.0,1.0,0.9576249626950754
1556,411af42484ea5bb5,True,1.0,1.0,0.9742853970401139,1.0,1.0,1.0,0.9892855821000475
1557,757c23c6819c589c,True,1.0,0.0,0.0,1.0,1.0,1.0,0.0
1558,afbf26b6d3bb5bee,True,1.0,1.0,0.8404708220969146,1.0,1.0,1.0,0.9335295092070478
1559,d9953ee7b30f5ac3,True,1.0,1.0,0.7805913275808467,1.0,1.0,1.0,0.9085797198253528
1560,8560e670c7865e3f,True,1.0,1.0,1.0,1.0,1.0,1.0,1.0
1561,9bfe6fa481105f43,True,1.0,1.0,0.7926371608585092,1.0,1.0,1.0,0.9135988170243788
1562,fb4908bfeaf75ab1,True,1.0,1.0,1.0,1.0,1.0,1.0,1.0
1563,dbf083df3f5c55d7,True,1.0,1.0,1.0,1.0,1.0,1.0,1.0
1564,088b38f5e629514b,True,1.0,1.0,0.8366637167422329,1.0,1.0,1.0,0.9319432153092637
1565,000bf168dd5159af,True,1.0,0.0,0.0,1.0,1.0,1.0,0.0
1566,64f56e62619850b2,True,1.0,1.0,0.9762933639445305,1.0,1.0,1.0,0.9901222349768877
1567,c707d147a5655289,True,1.0,1.0,1.0,1.0,1.0,1.0,1.0
1568,9838aa01c0de5dc8,True,1.0,1.0,0.9298992476900433,1.0,1.0,1.0,0.9707913532041846
1569,a8ca647927f25ae9,True,1.0,1.0,0.7521808914132825,1.0,1.0,1.0,0.8967420380888678
1570,cf1ad202aadb5ee6,True,1.0,1.0,1.0,1.0,1.0,1.0,1.0
1571,ba84537a483f508a,True,1.0,1.0,0.6218758165978027,1.0,1.0,1.0,0.8424482569157511
1572,afe2240435575a92,True,1.0,1.0,0.8518689067148576,1.0,1.0,1.0,0.9382787111311908
1573,8b5e10656ccb5269,True,1.0,1.0,0.7758490819038372,1.0,1.0,1.0,0.9066037841265988
1574,833545ff73da5eb5,True,1.0,0.0,0.0,1.0,1.0,0.0,0.0
1575,97e5f17eb7235c14,True,1.0,1.0,0.8919712371380382,1.0,1.0,1.0,0.9549880154741825
1576,8eae3eab30c95228,True,1.0,1.0,0.8076676846312107,1.0,1.0,1.0,0.9198615352630045
1577,128ea9f2561d53d1,True,1.0,1.0,1.0,1.0,1.0,1.0,1.0
1578,059009aa4252526c,True,1.0,1.0,1.0,1.0,1.0,1.0,1.0
1579,dc39ce9c251551bb,True,1.0,1.0,1.0,1.0,1.0,1.0,1.0
1580,fb8f21990ffb52d5,True,1.0,1.0,0.8681945767740563,1.0,1.0,1.0,0.9450810736558569
1581,223a8f20abb752e9,True,1.0,1.0,0.9056936980763274,1.0,1.0,1.0,0.9607057075318032
1582,d8320bd0be9a50b3,True,1.0,1.0,0.7788684192609503,1.0,1.0,1.0,0.9078618413587293
1583,e2a0ac6a977b5c70,True,1.0,1.0,0.8631501923329193,1.0,1.0,1.0,0.942979246805383
1584,e88e44d720f65e0e,True,1.0,1.0,0.7813023290354848,1.0,1.0,1.0,0.9088759704314521
1585,c42697d5870e5dee,True,1.0,1.0,1.0,1.0,1.0,1.0,1.0
1586,dc482250cdb35c9e,True,1.0,1.0,0.8150990966875341,1.0,1.0,1.0,0.9229579569531392
1587,3704fc999582536e,True,1.0,1.0,1.0,1.0,1.0,1.0,1.0
1588,4dbe96a8a7be58dc,True,1.0,1.0,0.6489430940847489,1.0,1.0,1.0,0.8537262892019788
1589,cc1862b24d0157bb,True,1.0,1.0,1.0,1.0,1.0,1.0,1.0
1590,f1b71a95642b5da2,True,1.0,1.0,0.7466250089086616,1.0,1.0,1.0,0.8944270870452756
1591,f84819b5dc2a5130,True,1.0,1.0,0.741654823784469,1.0,1.0,1.0,0.8923561765768621
1592,ccce59bb3b3a5c29,True,1.0,1.0,1.0,1.0,1.0,1.0,1.0
1593,fb21dbec77535015,True,1.0,0.0,0.0,1.0,1.0,1.0,0.0
1594,f820630d5f0a50ed,True,1.0,1.0,0.794379892593949,1.0,1.0,1.0,0.9143249552474787
1595,6d4a26f442705f49,True,1.0,1.0,0.871809156693991,1.0,1.0,1.0,0.9465871486224963
1596,a2b7733806b355ac,True,1.0,1.0,1.0,1.0,1.0,1.0,1.0
1597,3d726e71b9925965,True,1.0,1.0,0.8671957050234281,1.0,1.0,1.0,0.9446648770930951
1598,90ed944de9405835,True,1.0,1.0,0.855935189309036,1.0,1.0,1.0,0.9399729955454316
1599,4b3d6fc60b815701,True,1.0,1.0,0.7400525195787467,1.0,1.0,1.0,0.8916885498244778
1600,e13b89a8813159df,True,1.0,1.0,0.6656925193351623,1.0,1.0,1.0,0.8607052163896509
1601,88c2643d470951b3,True,1.0,1.0,0.6578836163403533,1.0,1.0,1.0,0.8574515068084806
1602,6e813b55dcb35df7,True,1.0,1.0,0.8712140813080599,1.0,1.0,1.0,0.946339200545025
1603,653d8cea5acd5614,True,1.0,1.0,0.7873091291141832,1.0,1.0,1.0,0.9113788037975764
1604,667ad9e70e1d525c,True,1.0,1.0,0.5096155285167242,1.0,1.0,1.0,0.7956731368819684
1605,7515bed58abd5f21,True,1.0,1.0,0.9309259765104649,1.0,1.0,1.0,0.9712191568793603
1606,b2cc98272c505ed6,True,1.0,1.0,1.0,1.0,1.0,1.0,1.0
1607,f625dafc811b5c1f,True,1.0,1.0,0.8490802338632268,1.0,1.0,1.0,0.9371167641096778
1608,4ccdd6c153335a2b,True,1.0,1.0,0.5308008369407441,1.0,1.0,1.0,0.80450034872531
1609,45e8b10f95925c47,True,1.0,1.0,0.9899325774540566,1.0,1.0,1.0,0.9958052406058568
1610,611a1729dd145afb,True,1.0,1.0,1.0,1.0,1.0,1.0,1.0
1611,8a9ecc24c4f25c3c,True,1.0,1.0,1.0,1.0,1.0,1.0,1.0
1612,65fed1ea595559ba,True,1.0,1.0,0.5271830656092815,1.0,1.0,1.0,0.8029929440038673
1613,709f0d99dfa0567e,True,1.0,1.0,0.7692212445613235,1.0,1.0,1.0,0.9038421852338848
1614,e5ec53f2b9875433,True,1.0,1.0,0.8632834206291091,0.0,1.0,1.0,0.5263680919287955
1615,3acc6eea1ed15f20,True,1.0,1.0,0.8410309477533608,1.0,1.0,1.0,0.9337628948972337
1616,51552f78760d5a11,True,1.0,1.0,0.802741586896968,1.0,1.0,1.0,0.9178089945404033
1617,ef68308faf305171,True,1.0,1.0,1.0,1.0,1.0,1.0,1.0
1618,069dab3272205ecb,True,1.0,1.0,1.0,1.0,1.0,1.0,1.0
1619,5b7700fa99d95a94,True,1.0,1.0,0.7522976975678893,1.0,1.0,1.0,0.8967907073199539
1620,10bb4009fdf4513b,True,1.0,1.0,0.5906076521462466,1.0,1.0,1.0,0.8294198550609361
1621,b387a02b67e45a4b,True,1.0,1.0,0.9064607541550889,1.0,1.0,1.0,0.961025314231287
1622,bdaa773585685d09,True,1.0,1.0,1.0,1.0,1.0,0.5,1.0
1623,bc42935ebf1854f6,True,1.0,1.0,1.0,1.0,1.0,1.0,1.0
1624,837ce609a8ec58e9,True,1.0,1.0,1.0,1.0,1.0,1.0,1.0
1625,1ac0023fd2655313,True,1.0,1.0,0.9403749372696013,1.0,1.0,1.0,0.9751562238623338
1626,0d7cf272469a5a97,True,1.0,1.0,0.6389426317449738,1.0,1.0,1.0,0.8495594298937391
1627,4d1a4e9606075497,True,1.0,1.0,1.0,1.0,1.0,0.5,1.0
1628,24cad1842cf15f29,True,1.0,1.0,0.795547173290334,1.0,1.0,1.0,0.9148113222043058
1629,1741767a7646583a,True,1.0,1.0,0.8371610295394545,1.0,1.0,1.0,0.9321504289747727
1630,04b80ae53fc5549e,True,1.0,1.0,1.0,1.0,1.0,1.0,1.0
1631,20f93aa93fe05157,True,1.0,1.0,0.8373196043615908,1.0,1.0,1.0,0.9322165018173294
1632,fde7abb615895be2,True,1.0,1.0,0.5944811749775331,1.0,1.0,1.0,0.8310338229073054
1633,2a79320a3e3b5239,True,1.0,1.0,0.7929634861792331,1.0,1.0,1.0,0.9137347859080137
1634,c574d461642f5deb,True,1.0,1.0,1.0,1.0,1.0,1.0,1.0
1635,d0d1b5bd3b83551d,True,1.0,1.0,0.6784133679629232,1.0,1.0,1.0,0.8660055699845514
1636,1a6595a6c7cb5531,True,1.0,1.0,0.6725202008026201,1.0,1.0,1.0,0.8635500836677584
1637,7a61f0a7cbe15387,True,1.0,1.0,1.0,1.0,1.0,1.0,1.0
1638,02e8fd3cc3c3556f,True,1.0,1.0,0.806425585743007,1.0,1.0,1.0,0.9193439940595862
1639,c856f2dbe8715b80,True,1.0,1.0,0.8973734972126172,1.0,1.0,1.0,0.9572389571719239
1640,c76dce931d555c6a,True,1.0,1.0,0.6578212971205744,1.0,1.0,1.0,0.857425540466906
1641,27967352b2a95cbe,True,1.0,1.0,0.6068571219590729,1.0,1.0,1.0,0.8361904674829471
1642,c84db99f6a4f51ae,True,1.0,1.0,0.791795435643067,1.0,1.0,1.0,0.9132480981846113
1643,1a6043a86e7056a8,True,1.0,1.0,0.7949484869115266,1.0,1.0,1.0,0.9145618695464695
1644,648b875dc34259c2,True,1.0,1.0,1.0,1.0,1.0,1.0,1.0
1645,71af26e14ba65545,True,1.0,1.0,0.8753949492762507,1.0,1.0,0.5,0.9480812288651045
1646,eb3531cddadb57e9,True,1.0,1.0,1.0,1.0,1.0,1.0,1.0
1647,ff1a305b2c1752af,True,1.0,1.0,0.90038505576196,1.0,1.0,1.0,0.95849377323415
1648,007845701f635565,True,1.0,1.0,0.9593577221466563,1.0,1.0,1.0,0.9830657175611067
1649,c4284fce4a2f5213,True,1.0,1.0,0.7016563847733717,1.0,1.0,1.0,0.8756901603222382
1650,efc87f8726645319,True,1.0,1.0,0.9267704841776943,1.0,1.0,1.0,0.969487701740706
1651,40d32b824b705cbc,True,1.0,1.0,0.8557828730370579,1.0,1.0,1.0,0.9399095304321076
1652,8d1b3ba5749b5a76,True,1.0,1.0,0.7413585032621598,1.0,1.0,1.0,0.8922327096925665
1653,b85f00b0919a5180,True,1.0,1.0,0.9184465336911652,1.0,1.0,1.0,0.9660193890379855
1654,cacf768cc27e5574,True,1.0,1.0,0.5971605814398147,1.0,1.0,1.0,0.8321502422665894
1655,28a0cdbbc1e55291,True,1.0,1.0,0.7715281378082572,1.0,1.0,1.0,0.9048033907534405
1656,0b046094d70257ed,True,1.0,1.0,1.0,1.0,1.0,1.0,1.0
1657,c020f63dbf0d59a6,True,1.0,1.0,0.7951710105207995,1.0,1.0,1.0,0.9146545877169997
1658,47b1e103c4f1584a,True,1.0,1.0,0.9772743518855864,1.0,1.0,1.0,0.9905309799523278
1659,33c7945f43795064,True,1.0,1.0,0.9803311880317171,1.0,1.0,1.0,0.9918046616798821
1660,0530c20c3c71533a,True,1.0,1.0,0.891793011402345,1.0,1.0,1.0,0.9549137547509771
1661,eea2ca9965e35b7a,True,1.0,1.0,0.5543871248593859,1.0,1.0,1.0,0.8143279686914108
1662,2d6a7d3813ef54e0,True,1.0,1.0,0.8643442020009884,1.0,1.0,1.0,0.9434767508337453
1663,2e8c4827d8c757a3,True,1.0,1.0,1.0,1.0,1.0,1.0,1.0
1664,f92ecd09fdf45404,True,1.0,1.0,0.875683670963928,1.0,1.0,1.0,0.9482015295683034
1665,278518f5fd0354b3,True,1.0,1.0,0.8540717211412402,1.0,1.0,0.0,0.9391965504755166
1666,359651aff6c55fc3,True,1.0,1.0,0.748262075102029,1.0,1.0,1.0,0.8951091979591789
1667,885f450f0b875861,True,1.0,1.0,1.0,1.0,1.0,1.0,1.0
1668,f8e036dd79a954d6,True,1.0,1.0,1.0,1.0,1.0,1.0,1.0
1669,a566f9d36b5d5921,True,1.0,1.0,0.6150489821185382,1.0,1.0,1.0,0.8396037425493909
1670,bf2c48523de254ea,True,1.0,1.0,0.916721469724434,1.0,1.0,1.0,0.9653006123851808
1671,f582317803e65752,True,1.0,1.0,0.7518743587390099,0.0,1.0,1.0,0.4799476494745874
1672,67286bba873e56f1,True,1.0,1.0,1.0,1.0,1.0,1.0,1.0
1673,82226888c99e531c,True,1.0,1.0,1.0,1.0,1.0,1.0,1.0
1674,29770ed8cd49511e,True,1.0,1.0,0.9073748546156213,1.0,1.0,1.0,0.9614061894231756
1675,e0388cc13b635cd7,True,1.0,1.0,0.8643792360130158,1.0,1.0,1.0,0.9434913483387565
1676,046cdc424d515ee1,True,1.0,1.0,0.5733364999977396,1.0,1.0,1.0,0.8222235416657249
1677,fbe55fdc31135ad5,True,1.0,1.0,1.0,1.0,1.0,1.0,1.0
1678,5f2fff93dc3356d6,True,1.0,1.0,0.925153835451731,1.0,1.0,1.0,0.9688140981048878
1679,aa5b0658c4e6529d,True,1.0,1.0,0.9921682083494144,1.0,1.0,1.0,0.9967367534789227
1680,04e105927ad451ab,True,1.0,1.0,0.9480164531395638,1.0,1.0,1.0,0.9783401888081515
1681,2a764e45008651e0,True,1.0,1.0,1.0,1.0,1.0,1.0,1.0
1682,a1665c3aeb8f551f,True,1.0,1.0,1.0,1.0,1.0,1.0,1.0
1683,3f188244418552d9,True,1.0,1.0,0.6549671981379274,1.0,1.0,1.0,0.8562363325574697
1684,d4af857a65825fc1,True,1.0,1.0,0.8842894688775357,1.0,1.0,1.0,0.9517872786989732
1685,d8d4f191f3bc5f34,True,1.0,1.0,0.9273496905737213,1.0,1.0,1.0,0.9697290377390505
1686,25e5bbbced86504c,True,1.0,1.0,0.6736650965953118,1.0,1.0,1.0,0.8640271235813799
1687,24593b75ebb35271,True,1.0,1.0,0.8905002764314454,1.0,1.0,1.0,0.9543751151797689
1688,5bdeb71025415ed9,True,1.0,1.0,0.5536142349142003,1.0,1.0,1.0,0.8140059312142501
1689,37102588c8ac59ef,True,1.0,1.0,1.0,1.0,1.0,1.0,1.0
1690,4d4ed59397825822,True,1.0,1.0,0.7299292688241491,1.0,1.0,1.0,0.8874705286767287
1691,36e789a0e4035ad7,True,1.0,1.0,0.8370351634719123,1.0,1.0,1.0,0.9320979847799634
1692,9e8403c32a50530b,True,1.0,1.0,0.9058489268391084,1.0,1.0,1.0,0.9607703861829618
1693,6ac3f5626d2b555b,True,1.0,1.0,1.0,1.0,1.0,1.0,1.0
1694,b7f26baef02d54ea,True,1.0,1.0,1.0,1.0,1.0,1.0,1.0
1695,d72d183a16e05cf3,True,1.0,1.0,0.8919293518310969,1.0,1.0,1.0,0.954970563262957
1696,f2a8ed3f01f15ef3,True,1.0,1.0,0.6373640275500938,1.0,1.0,1.0,0.8489016781458725
1697,83472e2adb545cd5,True,1.0,1.0,0.8564408202327618,1.0,1.0,1.0,0.9401836750969842
1698,79ea5e55d0385928,True,1.0,1.0,0.6329564072559951,1.0,1.0,1.0,0.8470651696899979
1699,e404f3b25f405019,True,1.0,1.0,0.6374427509469335,1.0,1.0,1.0,0.8489344795612223
1700,57fc7e48f73a5218,True,1.0,1.0,0.6529223476175547,1.0,1.0,1.0,0.8553843115073144
1701,20472dd2ff805948,True,1.0,1.0,1.0,1.0,1.0,1.0,1.0
1702,84136b2623ef5618,True,1.0,1.0,0.8981289454467566,1.0,1.0,1.0,0.9575537272694818
1703,b92ea560ae10562b,True,1.0,1.0,1.0,1.0,1.0,1.0,1.0
1704,58f3f43098985e77,True,1.0,1.0,0.8748946050913824,1.0,1.0,1.0,0.9478727521214093
1705,6a5b0bbd55395628,True,1.0,1.0,0.7889204327049831,1.0,1.0,1.0,0.912050180293743
1706,8867ae193b7a5ba8,True,1.0,1.0,1.0,1.0,1.0,1.0,1.0
1707,46369836a9b654ee,True,1.0,1.0,0.8704288338406487,1.0,1.0,1.0,0.9460120141002702
1708,bf8a9586c59551f2,True,1.0,1.0,0.8336341681053804,1.0,1.0,1.0,0.9306809033772417
1709,6c62867b6d7a51fa,True,1.0,1.0,0.9201585622010438,1.0,1.0,1.0,0.9667327342504349
1710,4e9b792f30975e78,True,1.0,1.0,0.8077769486176289,1.0,1.0,1.0,0.9199070619240121
1711,1fa7d30105dd5ebd,True,1.0,1.0,0.5278667962877629,1.0,1.0,1.0,0.8032778317865678
1712,4104fd0bb7845b56,True,1.0,1.0,0.9183799029331369,1.0,1.0,1.0,0.9659916262221403
1713,02e9f697f2d055ee,True,1.0,1.0,0.8919127742025682,1.0,1.0,1.0,0.9549636559177367
1714,3aa9d1c9ceb35906,True,1.0,1.0,0.8054080180354706,1.0,1.0,1.0,0.9189200075147794
1715,fb7d83b69f38539f,True,1.0,1.0,1.0,1.0,1.0,1.0,1.0
1716,61c31afab34d5e94,True,1.0,0.0,0.0,1.0,1.0,1.0,0.0
1717,2f1d36641ecb509a,True,1.0,1.0,1.0,1.0,1.0,1.0,1.0
1718,fd38927a12a152fa,True,1.0,1.0,0.7888602350594656,1.0,1.0,1.0,0.912025097941444
1719,41785a426b555ab9,True,1.0,1.0,0.9347619366921579,1.0,1.0,1.0,0.9728174736217324
1720,812dd82ab5fb5742,True,1.0,1.0,0.697218383372028,1.0,1.0,1.0,0.8738409930716783
1721,8470cdca41255e20,True,1.0,1.0,1.0,1.0,1.0,1.0,1.0
1722,c6aec764d6d059e9,True,1.0,1.0,0.795219459906609,1.0,1.0,1.0,0.9146747749610871
1723,80fc476837d9530d,True,1.0,1.0,0.9104007939626192,1.0,1.0,1.0,0.9626669974844247
1724,e5ab81a4896751e3,True,1.0,1.0,1.0,1.0,1.0,1.0,1.0
1725,70ac542a408b5b93,True,1.0,1.0,0.8055170237665396,1.0,1.0,1.0,0.9189654265693914
1726,3a7fa6d4bfb65f4b,True,1.0,1.0,1.0,1.0,1.0,1.0,1.0
1727,282d1f01eef856f5,True,1.0,1.0,1.0,1.0,1.0,1.0,1.0
1728,d894554636eb52f4,True,1.0,1.0,0.5419322869772724,1.0,1.0,1.0,0.8091384529071969
1729,aee53565120f533b,True,1.0,1.0,0.8191876316430388,1.0,1.0,1.0,0.9246615131845995
1730,2e54d786ec095896,True,1.0,1.0,1.0,1.0,1.0,1.0,1.0
1731,700cac410af95cc4,True,1.0,1.0,1.0,1.0,1.0,1.0,1.0
1732,11aef9f936f45518,True,1.0,1.0,0.79406878647822,1.0,1.0,1.0,0.9141953276992583
1733,69938a4507ba5419,True,1.0,1.0,0.8940282152907941,1.0,1.0,1.0,0.9558450897044976
1734,f590f07cbcc15388,True,1.0,1.0,0.8294620310935983,1.0,1.0,1.0,0.928942512955666
1735,179a2670a5965eeb,True,1.0,1.0,0.819758736164031,1.0,1.0,1.0,0.9248994734016796
1736,0eb72de48c875897,True,1.0,1.0,1.0,1.0,1.0,1.0,1.0
1737,1814002af9f253c6,True,1.0,1.0,1.0,1.0,1.0,1.0,1.0
1738,578fc7fcef215f0f,True,1.0,1.0,0.8622098938960009,1.0,1.0,1.0,0.9425874557900004
1739,73298d57a59e5252,True,1.0,1.0,0.8081848032150435,1.0,1.0,1.0,0.9200770013396014
1740,794584aa724a55f4,True,1.0,1.0,1.0,1.0,1.0,1.0,1.0
1741,b5efcbfe3c6f5888,True,1.0,1.0,0.7296362596218557,1.0,1.0,1.0,0.8873484415091065
1742,e694febcad5b5185,True,1.0,1.0,0.7564797074158253,1.0,1.0,1.0,0.8985332114232606
1743,ce01babf6dfb598e,True,1.0,1.0,0.6965059975363239,1.0,1.0,1.0,0.8735441656401349
1744,4e1da51967095494,True,1.0,1.0,0.9535330525618023,1.0,1.0,1.0,0.9806387719007509
1745,3c7c1b09e9625732,True,1.0,1.0,1.0,1.0,1.0,1.0,1.0
1746,e6e189b1aaa85d41,True,1.0,1.0,0.7426860331357847,1.0,1.0,1.0,0.8927858471399103
1747,32dd24533788546c,True,1.0,1.0,1.0,1.0,1.0,1.0,1.0
1748,bca2f135ebf4542c,True,1.0,1.0,0.7900684917721769,1.0,1.0,1.0,0.9125285382384071
1749,9bfae11fe1af5b67,True,1.0,1.0,0.7440340794997582,1.0,1.0,1.0,0.8933475331248992
1750,16b6a51da6515191,True,1.0,1.0,1.0,1.0,1.0,1.0,1.0
1751,8c5518bf679458df,True,1.0,1.0,0.807411613318977,1.0,1.0,1.0,0.919754838882907
1752,93eb75a6d0fc5db4,True,1.0,1.0,0.9329845040162782,1.0,1.0,1.0,0.9720768766734492
1753,d6aa1499d0be503a,True,1.0,1.0,0.867858705621262,1.0,1.0,1.0,0.9449411273421925
1754,242d17bd2af15992,True,1.0,1.0,0.8033534867468726,1.0,1.0,1.0,0.9180639528111968
1755,d025c5fb0df05ef7,True,1.0,1.0,0.9302606443750703,1.0,1.0,1.0,0.9709419351562794
1756,c4808a6f1f7f5470,True,1.0,1.0,0.8654797618909892,1.0,1.0,1.0,0.9439499007879122
1757,2dd890fcd27352c5,True,1.0,1.0,0.8282428565413545,1.0,1.0,1.0,0.9284345235588978
1758,bae8f15e2e5b5328,True,1.0,1.0,0.9602834389208204,1.0,1.0,1.0,0.9834514328836752
1759,625804443c0555ac,True,1.0,1.0,0.8102648720120407,1.0,1.0,1.0,0.9209436966716836
1760,d4e058ec6a795ef1,True,1.0,1.0,0.8426687338403694,1.0,1.0,1.0,0.9344453057668206
1761,4eff4682a7795fe1,True,1.0,1.0,1.0,1.0,1.0,1.0,1.0
1762,50cc657e2283511b,True,1.0,1.0,0.893757870734411,1.0,1.0,1.0,0.9557324461393378
1763,6227e5b0f0d4592e,True,1.0,1.0,0.8035664820579878,1.0,1.0,1.0,0.9181527008574949
1764,9204b6df37ec56ba,True,1.0,1.0,0.6965823901489333,1.0,1.0,1.0,0.8735759958953889
1765,da83e9a4e38a5d6e,True,1.0,1.0,0.8800737594866471,1.0,1.0,1.0,0.9500307331194362
1766,5b265648c07a54b8,True,1.0,1.0,0.541237155651637,1.0,1.0,1.0,0.8088488148548487
1767,8df9b515d98e5c38,True,1.0,1.0,0.7986047972949244,1.0,1.0,1.0,0.9160853322062185
1768,2a4ee10b521258a2,True,1.0,1.0,0.9198201873075554,1.0,1.0,1.0,0.9665917447114815
1769,f938c73be4165c7f,True,1.0,1.0,0.7635509675339699,1.0,1.0,1.0,0.9014795698058208
1770,ef34a4f536c5598c,True,1.0,1.0,0.9995620437981245,1.0,1.0,1.0,0.9998175182492185
1771,18973046d1215390,True,1.0,1.0,0.8712014151460816,1.0,1.0,1.0,0.946333922977534
1772,b17da95d765b51c4,True,1.0,1.0,1.0,1.0,1.0,1.0,1.0
1773,0e681d3870795a3a,True,1.0,1.0,1.0,1.0,1.0,1.0,1.0
1774,4f68cdad89a65c7a,True,1.0,1.0,0.5516652418603404,1.0,1.0,1.0,0.8131938507751418
1775,820636c082c1539b,True,1.0,1.0,0.9224139166335206,1.0,1.0,1.0,0.9676724652639669
1776,17c5c685420d5729,True,1.0,1.0,1.0,1.0,1.0,0.0,1.0
1777,0563edc821b6543d,True,1.0,1.0,1.0,1.0,1.0,1.0,1.0
1778,85ee18c706cf5966,True,1.0,1.0,0.9106400637723574,1.0,1.0,1.0,0.9627666932384823
1779,510e507046865b40,True,1.0,1.0,0.7227023662421663,1.0,1.0,1.0,0.8844593192675694
1780,869ee63671f65126,True,1.0,1.0,0.7756610126537399,1.0,1.0,1.0,0.9065254219390583
1781,da888593e9a0518c,True,1.0,1.0,0.8798401672392717,1.0,1.0,1.0,0.9499334030163632
1782,d3b390ffae355616,True,1.0,1.0,0.8274870151424644,1.0,1.0,1.0,0.9281195896426935
1783,e721852571e5573b,True,1.0,1.0,0.6882899149727091,1.0,1.0,0.5,0.8701207979052955
1784,73bc1971e0735c22,True,1.0,1.0,0.8578971178293967,1.0,1.0,1.0,0.9407904657622487
1785,dadaa10f428c501e,True,1.0,1.0,0.6565945737055873,1.0,1.0,1.0,0.8569144057106614
1786,4e2f593274aa5417,True,1.0,1.0,1.0,1.0,1.0,1.0,1.0
1787,8d5d769b1f1e5802,True,1.0,1.0,0.8644748121179366,1.0,1.0,1.0,0.943531171715807
1788,cdc9eb7c7ddb5b08,True,1.0,1.0,0.5756808877213259,1.0,1.0,1.0,0.8232003698838858
1789,96d7b6bf87f45e33,True,1.0,1.0,0.936370523841362,1.0,1.0,1.0,0.9734877182672341
1790,01052f67ec24538c,True,1.0,1.0,0.9730365719683968,1.0,1.0,1.0,0.9887652383201653
1791,7cbf7bab041151e1,True,1.0,1.0,0.8098995668453937,1.0,1.0,1.0,0.9207914861855807
1792,bedb83878e215e4e,True,1.0,1.0,1.0,1.0,1.0,1.0,1.0
1793,ac6d9537bf315302,True,1.0,1.0,0.8176870115706911,1.0,1.0,1.0,0.9240362548211213
1794,0a8612e9d0df52f1,True,1.0,1.0,1.0,1.0,1.0,1.0,1.0
1795,5143553713f05db3,True,1.0,1.0,0.8956136503957777,1.0,1.0,1.0,0.9565056876649073
1796,84765426fd0a5a99,True,1.0,1.0,0.7405174719076821,1.0,1.0,1.0,0.8918822799615342
1797,4900cab7493059e2,True,1.0,1.0,0.9515971910582242,1.0,1.0,1.0,0.9798321629409267
1798,5f2c3f928abe5f5b,True,1.0,1.0,0.7640604488436019,1.0,1.0,1.0,0.9016918536848341
1799,2861c47f508652e8,True,1.0,1.0,1.0,1.0,1.0,1.0,1.0
1800,6747e9a7ad2f5643,True,1.0,1.0,0.862292474631166,1.0,1.0,1.0,0.9426218644296526
1801,bef85b7ac1dc5207,True,1.0,1.0,0.7897737296801982,1.0,1.0,1.0,0.9124057207000825
1802,6d3f9d5ca5e05aa2,True,1.0,1.0,0.83797591940012,1.0,1.0,1.0,0.9324899664167167
1803,7263ccb23351549b,True,1.0,1.0,0.498101680827174,1.0,1.0,0.5,0.7908757003446558
1804,b2ec50201ac25ada,True,1.0,1.0,1.0,1.0,1.0,1.0,1.0
1805,8993f8b000855b17,True,1.0,1.0,0.8216065209866241,1.0,1.0,1.0,0.9256693837444266
1806,61f8e636db175a83,True,1.0,1.0,0.8267678302360355,1.0,1.0,1.0,0.9278199292650148
1807,b523d101fb0958c3,True,1.0,1.0,0.6805262320640291,1.0,1.0,1.0,0.8668859300266787
1808,fd11a0fc35cb52e4,True,1.0,1.0,1.0,1.0,1.0,1.0,1.0
1809,55a584a116ec5e6d,True,1.0,1.0,1.0,1.0,1.0,1.0,1.0
1810,9c68b0b158bb5d03,True,1.0,1.0,0.6205244098080805,1.0,0.0,1.0,0.6752185040867001
1811,895513fa202c506f,True,1.0,1.0,1.0,1.0,1.0,1.0,1.0
1812,fb2402a506065225,True,1.0,1.0,0.10868248422638323,1.0,1.0,1.0,0.628617701760993
1813,213c18fea71457d2,True,1.0,1.0,0.6046281020167302,1.0,1.0,1.0,0.8352617091736376
1814,34b8a3355a255f29,True,1.0,1.0,0.8581781132809102,1.0,1.0,1.0,0.9409075472003793
1815,69792eb6a5415c5f,True,1.0,1.0,0.7968287126368125,1.0,1.0,1.0,0.9153452969320052
1816,7399b61d44ea592a,True,1.0,1.0,1.0,1.0,1.0,1.0,1.0
1817,644b16fd65f956b8,True,1.0,1.0,1.0,1.0,1.0,1.0,1.0
1818,0fb815b347a359ca,True,1.0,1.0,0.9660357756856477,1.0,1.0,1.0,0.9858482398690199
1819,1a585b7022ed54df,True,1.0,1.0,0.8533474053461716,1.0,1.0,1.0,0.9388947522275716
1820,10214bdcdd9c5607,True,1.0,1.0,1.0,1.0,1.0,1.0,1.0
1821,32c74fb957e45651,True,1.0,1.0,0.7613933986447362,1.0,1.0,1.0,0.9005805827686402
1822,b867b28707205c0b,True,1.0,1.0,0.9695913310576452,1.0,1.0,1.0,0.9873297212740187
1823,fd6c8bf8f80f5f53,True,1.0,1.0,0.6209010926577695,1.0,1.0,1.0,0.8420421219407372
1824,4986d2307c895bdb,True,1.0,1.0,0.6183936303298465,1.0,1.0,1.0,0.8409973459707695
1825,b49e63992eee56b1,True,1.0,1.0,0.8276886094609635,1.0,1.0,1.0,0.9282035872754015
1826,bb5b44d240945ed0,True,1.0,1.0,1.0,1.0,1.0,1.0,1.0
1827,da56fca2caff52e4,True,1.0,0.0,0.0,1.0,1.0,1.0,0.0
1828,1e3b603ccda457c5,True,1.0,1.0,1.0,1.0,1.0,1.0,1.0
1829,11ba25cefa3b5a5e,True,1.0,1.0,1.0,1.0,1.0,1.0,1.0
1830,f3c9dcda27ba51a7,True,1.0,1.0,0.8499324190519663,1.0,1.0,1.0,0.9374718412716526
1831,944fda18b9205994,True,1.0,1.0,1.0,1.0,1.0,1.0,1.0
1832,775e5b7f1b235e12,True,1.0,1.0,0.7622465051934657,1.0,1.0,1.0,0.9009360438306108
1833,c1019bca7cd95123,True,1.0,1.0,1.0,1.0,1.0,1.0,1.0
1834,440364f63ee95043,True,1.0,1.0,0.9894666254196638,1.0,1.0,1.0,0.9956110939248598
1835,fc0d202904585a6a,True,1.0,1.0,0.7027118806518561,1.0,1.0,1.0,0.8761299502716068
1836,4940444d511c5594,True,1.0,1.0,1.0,1.0,1.0,1.0,1.0
1837,26459a22067d556e,True,1.0,1.0,1.0,1.0,1.0,1.0,1.0
1838,3c4e1784d9295821,True,1.0,1.0,0.8236064749276704,1.0,1.0,1.0,0.9265026978865293
1839,680c8d90658556da,True,1.0,1.0,0.6324946918432247,1.0,1.0,1.0,0.8468727882680103
1840,741ee8b9ea3059a5,True,1.0,1.0,1.0,1.0,1.0,1.0,1.0
1841,426cc213a80352f9,True,1.0,1.0,0.8591717340693952,1.0,1.0,1.0,0.9413215558622481
1842,8eca6838e7c75493,True,1.0,1.0,0.7927661204688352,1.0,1.0,1.0,0.913652550195348
1843,ee741b93dca35dd4,True,1.0,1.0,0.6796781118575725,1.0,1.0,1.0,0.8665325466073219
1844,8fd10a64f7255d5c,True,1.0,1.0,0.8016116986621591,1.0,1.0,1.0,0.9173382077758996
1845,61e0ce212ed75a50,True,1.0,1.0,1.0,1.0,1.0,1.0,1.0
1846,e14f1ffbe6f856e8,True,1.0,1.0,0.9182423584488145,1.0,1.0,1.0,0.9659343160203394
1847,6aa2d225dc0d5b6e,True,1.0,1.0,1.0,1.0,1.0,1.0,1.0
1848,f15b26c87a0e557d,True,1.0,1.0,0.8250117106252605,1.0,1.0,1.0,0.9270882127605251
1849,0d472b2f14735fd1,True,1.0,1.0,1.0,1.0,1.0,1.0,1.0
1850,d3a7653499875f98,True,1.0,1.0,1.0,1.0,1.0,1.0,1.0
1851,7e3d6e037fbc506c,True,1.0,1.0,0.7632206014940945,1.0,1.0,1.0,0.901341917289206
1852,52c337a436ab5362,True,1.0,1.0,0.7272132571393973,1.0,1.0,1.0,0.8863388571414156
1853,d5b18d6105c25004,True,1.0,1.0,1.0,1.0,1.0,1.0,1.0
1854,17bc4c71fc425620,True,1.0,1.0,1.0,0.0,1.0,0.0,0.5833333333333334
1855,2963ac11563356d9,True,1.0,1.0,0.9023311975950201,1.0,1.0,1.0,0.9593046656645917
1856,2ae2e400efe35400,True,1.0,1.0,0.8600739534051932,1.0,1.0,1.0,0.9416974805854972
1857,bdfdf52ac60755a9,True,1.0,1.0,1.0,1.0,0.0,1.0,0.8333333333333334
1858,bcf2a79dad3f56f2,True,1.0,1.0,1.0,1.0,1.0,1.0,1.0
1859,49bd1e2dd88457e3,True,1.0,1.0,1.0,1.0,1.0,1.0,1.0
1860,7be1e4f2c85e50a8,True,1.0,1.0,0.9383657763735068,1.0,1.0,1.0,0.9743190734889611
1861,c6851e9ed6b95ab0,True,1.0,1.0,0.8097984792326146,1.0,1.0,1.0,0.9207493663469227
1862,d85c679f79b552ae,True,1.0,1.0,1.0,1.0,1.0,1.0,1.0
1863,d961ad586b625f55,True,1.0,1.0,1.0,1.0,1.0,1.0,1.0
1864,7736a52445b1522d,True,1.0,1.0,1.0,1.0,1.0,1.0,1.0
1865,a83a32870332554f,True,1.0,1.0,0.7728584124554854,1.0,1.0,1.0,0.9053576718564522
1866,9064ebbda4425d30,True,1.0,1.0,1.0,1.0,1.0,1.0,1.0
1867,2c5cbab120595d79,True,1.0,1.0,0.9163379634853243,1.0,1.0,1.0,0.9651408181188851
1868,4972962184a75fa7,True,1.0,1.0,0.7624887615978837,1.0,1.0,1.0,0.9010369839991181
1869,4946bc8012cb5e83,True,1.0,1.0,0.8486600509918715,1.0,1.0,1.0,0.9369416879132798
1870,5f09264f730f5366,True,1.0,1.0,0.836008228093257,1.0,1.0,1.0,0.9316700950388571
1871,a861711ff302554b,True,1.0,1.0,1.0,1.0,1.0,1.0,1.0
1872,7276ff87d3c2557c,True,1.0,1.0,1.0,1.0,1.0,1.0,1.0
1873,534efc35151f543d,True,1.0,1.0,1.0,1.0,1.0,1.0,1.0
1874,7b4a9abdf718584b,True,1.0,0.0,0.0,1.0,1.0,1.0,0.0
1875,fa80f505766d50fa,True,1.0,1.0,1.0,1.0,1.0,1.0,1.0
1876,46ce401b30ac56e9,True,1.0,1.0,0.9673972736354162,1.0,1.0,1.0,0.9864155306814234
1877,72cb0bed47ab5464,True,1.0,1.0,0.9397155611043779,1.0,1.0,1.0,0.9748814837934908
1878,03c0cf33d2105598,True,1.0,1.0,1.0,1.0,1.0,1.0,1.0
1879,d97244a589ca587f,True,1.0,1.0,0.9532695908153742,1.0,1.0,1.0,0.9805289961730725
1880,1584747ded7f5564,True,1.0,1.0,0.5957189480067456,1.0,1.0,1.0,0.8315495616694774
1881,f2a41314d1575761,True,1.0,1.0,1.0,1.0,1.0,1.0,1.0
1882,6233d1b3e62a5772,True,1.0,1.0,1.0,1.0,1.0,1.0,1.0
1883,70becaf36f845b1d,True,1.0,1.0,1.0,1.0,1.0,1.0,1.0
1884,b5668089b793502b,True,1.0,1.0,0.9323220463259138,1.0,1.0,1.0,0.9718008526357974
1885,4f61422adb195d3c,True,1.0,1.0,0.7463604658798382,1.0,1.0,1.0,0.8943168607832659
1886,a7ce5a625a525b45,True,1.0,1.0,1.0,1.0,1.0,1.0,1.0
1887,0854af027e06530a,True,1.0,1.0,1.0,1.0,1.0,1.0,1.0
1888,702351f9d23159ad,True,1.0,1.0,0.8779485399281691,1.0,1.0,1.0,0.9491452249700704
1889,f84b6dbc1cd35f61,True,1.0,1.0,0.9190317305663305,1.0,1.0,1.0,0.9662632210693044
1890,46e614a434b650e3,True,1.0,1.0,0.585533306218443,1.0,1.0,1.0,0.8273055442576845
1891,d8effdc24c235d3f,True,1.0,1.0,0.9279847302501171,1.0,1.0,1.0,0.9699936376042154
1892,7b22018666ac5b0e,True,1.0,0.0,0.0,1.0,1.0,1.0,0.0
1893,0839e30e439d511f,True,1.0,1.0,0.6480733876067695,1.0,1.0,1.0,0.8533639115028206
1894,eeb4b973450f50e9,True,1.0,1.0,1.0,1.0,0.0,1.0,0.8333333333333334
1895,8354786ba35c5440,True,1.0,1.0,0.888134399143765,1.0,1.0,1.0,0.9533893329765687
1896,8208f7794645559d,True,1.0,1.0,1.0,1.0,1.0,1.0,1.0
1897,5e9e8c31277d5edc,True,1.0,1.0,0.9362314620597295,1.0,1.0,1.0,0.9734297758582207
1898,d68d495f8f605301,True,1.0,1.0,0.881793688583189,1.0,1.0,1.0,0.9507473702429955
1899,fa16987e17c25356,True,1.0,1.0,0.9402502084159681,1.0,1.0,1.0,0.9751042535066533
1900,ce3d0bc0b2d55876,True,1.0,1.0,0.6910349747558763,1.0,1.0,1.0,0.8712645728149484
1901,ed7a09d2f93d5e90,True,1.0,1.0,0.85165116564009,1.0,1.0,1.0,0.9381879856833709
1902,1615cf8bd43759c2,True,1.0,0.0,0.0,1.0,1.0,1.0,0.0
1903,46cd5885206b5c6d,True,1.0,1.0,1.0,1.0,1.0,1.0,1.0
1904,1d6a5273610a56e6,True,1.0,1.0,1.0,1.0,1.0,1.0,1.0
1905,eeeaf1937c015ab9,True,1.0,1.0,0.6095736847102071,1.0,1.0,1.0,0.8373223686292529
1906,ad601a0f5b8350dd,True,1.0,1.0,0.8827047302584066,1.0,1.0,1.0,0.9511269709410027
1907,ba2ebab05dfd523e,True,1.0,1.0,0.5153135709909017,1.0,1.0,1.0,0.798047321246209
1908,0bb3e400083659c7,True,1.0,1.0,1.0,1.0,1.0,1.0,1.0
1909,c65cb00fba005ab1,True,1.0,1.0,0.9855891414390682,1.0,1.0,1.0,0.9939954755996118
1910,f8b524a4e8925503,True,1.0,1.0,0.9960366443324229,1.0,1.0,1.0,0.9983486018051763
1911,4745746f9a555951,True,1.0,1.0,1.0,1.0,1.0,1.0,1.0
1912,fbf241ca4b6758d8,True,1.0,1.0,1.0,1.0,1.0,1.0,1.0
1913,1987c158de8a5120,True,1.0,1.0,0.5611346496929611,1.0,1.0,1.0,0.8171394373720672
1914,2f2caab982ad5739,True,1.0,1.0,1.0,1.0,1.0,1.0,1.0
1915,8cbb22946ab55633,True,1.0,1.0,0.6693273309417088,1.0,1.0,1.0,0.862219721225712
1916,9c03b730a5725c00,True,1.0,1.0,0.8974089320653481,1.0,1.0,1.0,0.9572537216938951
1917,c3ed0328b37b586b,True,1.0,1.0,0.8080947071816151,1.0,1.0,1.0,0.9200394613256729
1918,f21d5b2f9a5e5276,True,1.0,1.0,0.6113735346496686,1.0,1.0,1.0,0.8380723061040286
1919,4edc56ca4aac5896,True,1.0,1.0,0.9579344642268115,1.0,1.0,1.0,0.9824726934278382
1920,182fe7c6dd5b5e44,True,1.0,1.0,1.0,1.0,1.0,1.0,1.0
1921,b07ccbd562295ef9,True,1.0,1.0,0.7039429911171242,1.0,1.0,1.0,0.8766429129654684
1922,4ee4ab24a93f5375,True,1.0,1.0,0.8646144456435968,1.0,1.0,1.0,0.9435893523514988
1923,31e7be6258f35c5a,True,1.0,1.0,0.947916822462115,1.0,1.0,1.0,0.9782986760258812
1924,8ca0e93beaa056de,True,1.0,0.0,0.0,1.0,1.0,1.0,0.0
1925,3632fd6cd4295719,True,1.0,1.0,0.7271674348708386,1.0,1.0,1.0,0.8863197645295161
1926,4f12e3acfb125088,True,1.0,1.0,0.9047644646433185,1.0,1.0,1.0,0.960318526934716
1927,9d22457757985690,True,1.0,1.0,0.7831832502208186,1.0,1.0,1.0,0.9096596875920078
1928,a98bfcdd7d6c5683,True,1.0,1.0,1.0,1.0,1.0,1.0,1.0
1929,d96d1690e3c05f36,True,1.0,1.0,1.0,1.0,1.0,1.0,1.0
1930,88d3ee1e3b435a28,True,1.0,1.0,0.7893786302321333,1.0,1.0,1.0,0.9122410959300554
1931,33197ac2a7445bd7,True,1.0,1.0,0.9008580319910421,1.0,1.0,1.0,0.9586908466629342
1932,68ba851239655c3a,True,1.0,1.0,0.6250935706706742,1.0,1.0,1.0,0.8437889877794476
1933,a004456be0fd5ce0,True,1.0,1.0,0.9995465203617014,1.0,1.0,1.0,0.999811050150709
1934,d50b69bed8f2570c,True,1.0,1.0,0.706516314959163,1.0,1.0,1.0,0.8777151312329846
1935,b793d920bf6f53cd,True,1.0,1.0,0.8593471855043175,1.0,1.0,1.0,0.941394660626799
1936,fd9dc6fb2e145ef4,True,1.0,1.0,1.0,1.0,1.0,1.0,1.0
1937,eda5fa80573953b8,True,1.0,1.0,0.8945119301423515,1.0,1.0,1.0,0.9560466375593132
1938,28871fc023c85fe6,True,1.0,1.0,0.709722020532629,1.0,1.0,1.0,0.8790508418885955
1939,f42258b638fc5b64,True,1.0,1.0,0.9107939550294906,1.0,1.0,1.0,0.962830814595621
1940,d75b5c57a3c45583,True,1.0,1.0,1.0,1.0,1.0,1.0,1.0
1941,ffb972d89b065422,True,1.0,1.0,1.0,1.0,1.0,1.0,1.0
1942,14f29b916f44585a,True,1.0,1.0,0.6556312706381454,1.0,1.0,1.0,0.8565130294325606
1943,690cbb033f3750c7,True,1.0,1.0,1.0,1.0,1.0,1.0,1.0
1944,132cc1207858500c,True,1.0,1.0,0.6180880243696303,1.0,1.0,1.0,0.8408700101540125
1945,83aba0a1454c59e4,True,1.0,1.0,1.0,1.0,1.0,1.0,1.0
1946,1295e8271e37569f,True,1.0,1.0,0.9041322243024195,1.0,1.0,1.0,0.9600550934593414
1947,a2047f9cb3865b75,True,1.0,1.0,0.11988407415037029,1.0,1.0,1.0,0.6332850308959876
1948,a28a7a914fbc5919,True,1.0,1.0,1.0,1.0,1.0,0.5,1.0
1949,3e1dd9067b365a42,True,1.0,1.0,1.0,1.0,1.0,1.0,1.0
1950,5c838efd36805c92,True,1.0,1.0,0.9019843022233124,1.0,1.0,1.0,0.9591601259263802
1951,597d1cf34bcc5e53,True,1.0,1.0,0.8940958087862853,1.0,1.0,1.0,0.9558732536609522
1952,a31e932f22d35521,True,1.0,1.0,0.8913940847195978,1.0,1.0,1.0,0.9547475352998324
1953,e9c2ed7aa8275015,True,1.0,1.0,0.8780368741046373,1.0,1.0,1.0,0.9491820308769322
1954,79fab476b73a5d06,True,1.0,1.0,0.7268449711500591,1.0,1.0,1.0,0.8861854046458579
1955,98cf54a70d5e5da9,True,1.0,1.0,1.0,1.0,1.0,1.0,1.0
1956,41890b20b92953b4,True,1.0,1.0,1.0,1.0,1.0,1.0,1.0
1957,5dca8b6e3d2a5c2d,True,1.0,1.0,1.0,1.0,1.0,1.0,1.0
1958,d184c07f6a0a5aaf,True,1.0,1.0,0.8820173503582149,1.0,1.0,1.0,0.9508405626492561
1959,ebd299a3953a50ad,True,1.0,1.0,0.7669418231018582,1.0,1.0,1.0,0.9028924262924409
1960,a1065191d3525bb1,True,1.0,1.0,0.8186400017904357,1.0,1.0,1.0,0.9244333340793482
1961,9e2a2f6ba6705d0a,True,1.0,1.0,0.7016831482147232,1.0,1.0,1.0,0.8757013117561346
1962,9c941c942f955a5a,True,1.0,1.0,0.8318026577402615,1.0,1.0,1.0,0.9299177740584423
1963,e393bc5cafe95872,True,1.0,1.0,0.8758525818213829,1.0,1.0,1.0,0.9482719090922429
1964,e317ddda18f25545,True,1.0,1.0,0.8838124309731498,1.0,1.0,1.0,0.9515885129054791
1965,e8c4f72606fb5cb0,True,1.0,1.0,0.5564683085922472,1.0,1.0,1.0,0.815195128580103
1966,1f53a73b41095041,True,1.0,1.0,0.8521375671307017,1.0,1.0,1.0,0.9383906529711257
1967,61b99cf0e08d559a,True,1.0,1.0,1.0,1.0,1.0,1.0,1.0
1968,7e5925fce8df5e44,True,1.0,1.0,1.0,0.0,1.0,0.0,0.5833333333333334
1969,b5b46d4db32a5d8c,True,1.0,1.0,1.0,1.0,1.0,1.0,1.0
1970,a6186e0af3a55d93,True,1.0,1.0,0.8554550709932459,1.0,1.0,1.0,0.9397729462471857
1971,c3ef435d900256c1,True,1.0,1.0,0.824657829641016,1.0,1.0,1.0,0.9269407623504233
1972,3971312f7bb55ea2,True,1.0,1.0,0.77269943776699,1.0,1.0,1.0,0.9052914324029125
1973,b1b2eb47b045566c,True,1.0,0.0,0.0,1.0,1.0,1.0,0.0
1974,eac61acb69665f21,True,1.0,1.0,0.8038813906003801,1.0,1.0,1.0,0.9182839127501584
1975,b8de09ba44a054df,True,1.0,1.0,0.9384457470699675,1.0,1.0,1.0,0.9743523946124865
1976,4e3103d8feb95170,True,1.0,0.0,0.0,1.0,1.0,1.0,0.0
1977,466b634cd806541b,True,1.0,1.0,1.0,1.0,1.0,1.0,1.0
1978,63ec12363eef5e89,True,1.0,1.0,0.9107675868018482,1.0,1.0,1.0,0.9628198278341035
1979,d345cd51380a5243,True,1.0,1.0,0.9049307943925028,1.0,1.0,1.0,0.9603878309968762
1980,1c3d4987efaf5aae,True,1.0,1.0,1.0,1.0,1.0,1.0,1.0
1981,f07e9711c5285e75,True,1.0,1.0,0.954811926350902,1.0,1.0,1.0,0.9811716359795425
1982,da0d775d13c956be,True,1.0,1.0,0.6426732692709921,1.0,1.0,1.0,0.8511138621962466
1983,6d9063dd44bc55cc,True,1.0,1.0,0.7174309407173443,1.0,1.0,1.0,0.8822628919655601
1984,025aab0da0e652b7,True,1.0,1.0,0.5589564977360815,1.0,1.0,1.0,0.8162318740567006
1985,eb85aecce15f5e63,True,1.0,1.0,0.9526599332345463,1.0,1.0,1.0,0.980274972181061
1986,aba7212ffa3458b6,True,1.0,1.0,0.7774740125210041,1.0,1.0,1.0,0.9072808385504184
1987,36471f2ea86a54ba,True,1.0,1.0,0.7605138087755038,1.0,1.0,1.0,0.9002140869897932
1988,db747c98e01c5b42,True,1.0,1.0,1.0,1.0,1.0,1.0,1.0
1989,d1225aaedc8a5d48,True,1.0,1.0,1.0,1.0,1.0,1.0,1.0
1990,1d811c0428d255cd,True,1.0,1.0,1.0,1.0,1.0,1.0,1.0
1991,f9592039b6aa5165,True,1.0,1.0,0.6736393521449241,1.0,1.0,1.0,0.8640163967270517
1992,bffb3b45a1c55080,True,1.0,1.0,0.9557138156812005,1.0,1.0,1.0,0.9815474232005003
1993,34d782c068c855be,True,1.0,1.0,1.0,1.0,1.0,1.0,1.0
1994,b6a5d96d702a5ffd,True,1.0,1.0,1.0,1.0,1.0,1.0,1.0
1995,3b5422b60c4f5c4b,True,1.0,1.0,1.0,1.0,1.0,1.0,1.0
1996,0bf961d076bc5a15,True,1.0,1.0,1.0,1.0,1.0,1.0,1.0
1997,ddc5aacc5d785804,True,1.0,1.0,1.0,1.0,1.0,1.0,1.0
1998,6eac35cd4c6e53b0,True,1.0,1.0,0.7380868860325096,1.0,1.0,1.0,0.8908695358468789
1999,382c08ff59d5504b,True,1.0,1.0,1.0,1.0,1.0,1.0,1.0
2000,75d9973be85e50f0,True,1.0,1.0,0.819026929940592,1.0,1.0,1.0,0.9245945541419133
2001,440690fa94cb50d5,True,1.0,1.0,1.0,1.0,1.0,1.0,1.0
2002,3eef6c6972dd538f,True,1.0,1.0,0.8756939262589735,1.0,1.0,1.0,0.9482058026079055
2003,2f7f6af0b98354be,True,1.0,1.0,1.0,1.0,1.0,1.0,1.0
2004,7a5ad5a3fcd85c7a,True,1.0,1.0,1.0,1.0,1.0,1.0,1.0
2005,81997d01d8f65c19,True,1.0,1.0,0.9325091294344864,1.0,1.0,1.0,0.9718788039310361
2006,7e8b3ed18d295d9c,True,1.0,1.0,1.0,1.0,1.0,1.0,1.0
2007,54ed7e46291c5fcf,True,1.0,1.0,0.7707116840184589,1.0,1.0,1.0,0.9044632016743579
2008,fdd02b27e20c515e,True,1.0,1.0,0.8604149868351681,1.0,1.0,1.0,0.9418395778479868
2009,f755005e289d5ccd,True,1.0,1.0,1.0,1.0,1.0,1.0,1.0
2010,1a928640315c5332,True,1.0,1.0,0.981257827591289,1.0,1.0,1.0,0.9921907614963704
2011,e736f6ed766658fb,True,1.0,1.0,0.9306439161790848,1.0,1.0,1.0,0.9711016317412854
2012,7d51b80c3aa25109,True,1.0,1.0,0.7377641328924918,1.0,1.0,1.0,0.8907350553718715
2013,c20bcc28c238595c,True,1.0,1.0,0.8107519108665118,1.0,1.0,1.0,0.9211466295277132
2014,409711b03072566a,True,1.0,0.0,0.0,1.0,1.0,1.0,0.0
2015,fe4459e9f02052d3,True,1.0,1.0,0.941202107952998,1.0,1.0,0.5,0.9755008783137491
2016,c87001c4251e559a,True,1.0,1.0,1.0,1.0,1.0,1.0,1.0
2017,c2ebbcddd45457f8,True,1.0,1.0,0.836134704087631,1.0,1.0,1.0,0.9317227933698463
2018,d861e8c8589e5433,True,1.0,1.0,0.6386824882535281,1.0,1.0,1.0,0.8494510367723033
2019,6cd0498ce2d857f3,True,1.0,1.0,0.8355059956535404,1.0,1.0,1.0,0.9314608315223086
2020,be1a32191a715329,True,1.0,1.0,0.9243942732257671,1.0,1.0,1.0,0.9684976138440696
2021,8615a4df3a525ccc,True,1.0,1.0,0.9052880462351657,1.0,1.0,1.0,0.9605366859313191
2022,b0b98b1a4d1552c7,True,1.0,1.0,0.8883169442521885,1.0,1.0,1.0,0.953465393438412
2023,ee91209e45fe5141,True,1.0,1.0,0.7947589888166591,1.0,1.0,1.0,0.9144829120069412
2024,fefad5f7d3405512,True,1.0,1.0,0.9991031005990338,1.0,1.0,1.0,0.9996262919162641
2025,b0e6764ee8a35223,True,1.0,1.0,0.7346742922549065,1.0,1.0,1.0,0.8894476217728777
2026,51c83516a5d8585a,True,1.0,1.0,1.0,1.0,1.0,1.0,1.0
2027,ec372e5b0ad7504f,True,1.0,0.0,0.0,0.0,1.0,0.5,0.0
2028,986cc16cb2295630,True,1.0,1.0,0.522675327221973,1.0,1.0,1.0,0.8011147196758222
2029,95bb1e65b61b5e04,True,1.0,1.0,0.8269785987758222,1.0,1.0,1.0,0.9279077494899259
2030,c90d3a1a568a59d3,True,1.0,1.0,1.0,1.0,1.0,1.0,1.0
2031,87f7b4b94e2b5264,True,1.0,1.0,0.9529852837974043,1.0,1.0,1.0,0.9804105349155852
2032,fd30ed65f94d51b2,True,1.0,1.0,0.5929406774791643,1.0,1.0,1.0,0.8303919489496518
2033,249478c83c155093,True,1.0,1.0,0.7338528732009869,1.0,1.0,1.0,0.8891053638337446
2034,752b0c820740589e,True,1.0,1.0,0.7878459337494973,1.0,1.0,1.0,0.9116024723956239
2035,6d9c2a30a6435937,True,1.0,1.0,0.9949533577041548,1.0,1.0,1.0,0.9978972323767312
2036,0c027fc454685c14,True,1.0,1.0,0.997178956000678,1.0,1.0,1.0,0.9988245650002825
2037,c73dd42b15465858,True,1.0,1.0,0.7054047724799092,1.0,1.0,1.0,0.8772519885332954
2038,657274955033592a,True,1.0,1.0,0.7538461212506379,1.0,1.0,1.0,0.8974358838544324
2039,22343d7492d158bb,True,1.0,1.0,1.0,1.0,1.0,1.0,1.0
2040,5c2c553d990d5a17,True,1.0,1.0,0.8811054704570522,1.0,1.0,1.0,0.9504606126904385
2041,0f42590c7ad65eb4,True,1.0,1.0,1.0,1.0,1.0,1.0,1.0
2042,e6a5ca65ce135d1c,True,1.0,1.0,0.9306356035097612,1.0,1.0,1.0,0.9710981681290671
2043,ee88e21932e6564f,True,1.0,1.0,0.9816963456493178,1.0,1.0,1.0,0.9923734773538824
2044,14f07c5159ac566b,True,1.0,1.0,0.7565483349978134,1.0,1.0,1.0,0.8985618062490889
2045,749a8604cf285389,True,1.0,1.0,0.8086683168575114,1.0,1.0,1.0,0.9202784653572964
2046,8e35889ee2cb559d,True,1.0,1.0,0.9439093024692269,1.0,1.0,1.0,0.9766288760288445
2047,11de8888bf235231,True,1.0,1.0,1.0,1.0,1.0,1.0,1.0
2048,6083bfcb495d5f9a,True,1.0,1.0,1.0,1.0,1.0,1.0,1.0
2049,2f3cd5f3b7ee59cc,True,1.0,1.0,0.8692968116190269,1.0,1.0,1.0,0.9455403381745945
2050,85482a4d20fd5eac,True,1.0,1.0,0.8912723988966689,1.0,1.0,1.0,0.9546968328736121
2051,612903ce91a2507c,True,1.0,1.0,1.0,1.0,1.0,1.0,1.0
2052,e45023fbb46857d6,True,1.0,1.0,0.7788907455846475,1.0,1.0,1.0,0.9078711439936032
2053,b02bf210eda55579,True,1.0,0.0,0.0,1.0,1.0,0.5,0.0
2054,1c295a44b8d856d0,True,1.0,1.0,0.7974562949862676,1.0,1.0,1.0,0.9156067895776115
2055,fa9a6007ed205fe7,True,1.0,1.0,1.0,1.0,1.0,1.0,1.0
2056,26b5e3878f2250ac,True,1.0,1.0,1.0,1.0,1.0,1.0,1.0
2057,153ae46b6ba65721,True,1.0,1.0,1.0,1.0,1.0,1.0,1.0
2058,3d2adf8b0bb65492,True,1.0,1.0,0.8264522033372208,1.0,1.0,1.0,0.9276884180571754
2059,54db5162fc6c563c,True,1.0,1.0,0.8036211211577078,1.0,1.0,1.0,0.9181754671490449
2060,3f655357375b5f03,True,1.0,1.0,1.0,1.0,1.0,1.0,1.0
2061,a3af72210c7553c4,True,1.0,1.0,1.0,1.0,1.0,1.0,1.0
2062,9017962112f85d62,True,1.0,1.0,0.7002303302492454,1.0,1.0,1.0,0.8750959709371856
2063,c95348f67fa059ae,True,1.0,1.0,1.0,1.0,1.0,1.0,1.0
2064,91d22882380a5e4b,True,1.0,1.0,1.0,1.0,1.0,1.0,1.0
2065,a8d02b285a5451a0,True,1.0,1.0,1.0,1.0,1.0,1.0,1.0
2066,89321ac9caaf505a,True,1.0,1.0,0.8559434215001843,1.0,1.0,1.0,0.9399764256250768
2067,2c120899a8d05979,True,1.0,1.0,0.9098472455527717,1.0,1.0,1.0,0.962436352313655
2068,1b54d7f77eca559b,True,1.0,1.0,0.9218364776052388,1.0,1.0,1.0,0.9674318656688495
2069,75c91bd683535274,True,1.0,1.0,0.8485034199835056,1.0,1.0,1.0,0.9368764249931273
2070,7f2934ac111854f5,True,1.0,1.0,1.0,1.0,1.0,1.0,1.0
2071,e7aded473b7e5183,True,1.0,1.0,0.9240778287777579,1.0,1.0,1.0,0.9683657619907325
2072,6157537c48ab553d,True,1.0,1.0,0.8865551394442218,1.0,1.0,1.0,0.9527313081017591
2073,40f6df731aed5f6f,True,1.0,1.0,0.8381017789762987,1.0,1.0,1.0,0.9325424079067911
2074,75994f74c5485493,True,1.0,0.0,0.0,1.0,1.0,1.0,0.0
2075,abcb112aeb3458cf,True,1.0,1.0,0.5851355728489114,1.0,1.0,1.0,0.8271398220203797
2076,75b3192cd5825661,True,1.0,1.0,0.961918132916081,1.0,1.0,1.0,0.9841325553817004
2077,27b8eae78cf05c1e,True,1.0,1.0,0.7521367592599033,1.0,1.0,1.0,0.8967236496916264
2078,599cd3d1986c5509,True,1.0,1.0,1.0,1.0,1.0,1.0,1.0
2079,982bd8015c9352f5,True,1.0,1.0,0.9185775576709946,1.0,1.0,1.0,0.9660739823629143
2080,50a5cd7410e85782,True,1.0,1.0,0.6542983815797153,1.0,1.0,1.0,0.8559576589915481
2081,acfe9f2fe77c5b79,True,1.0,1.0,0.6738463938761018,1.0,1.0,1.0,0.8641026641150424
2082,781386f5659b5cdf,True,1.0,1.0,0.8491566179780279,1.0,1.0,1.0,0.9371485908241782
2083,b7505d7478385be9,True,1.0,1.0,1.0,1.0,1.0,1.0,1.0
2084,3afbbcf248dc5405,True,1.0,1.0,0.813778584680021,1.0,1.0,1.0,0.9224077436166754
2085,86018dbae1485c1c,True,1.0,1.0,1.0,1.0,1.0,1.0,1.0
2086,e0d14f6cb7df526e,True,1.0,1.0,1.0,1.0,1.0,1.0,1.0
2087,d89b0ef5c58b5621,True,1.0,1.0,1.0,1.0,1.0,1.0,1.0
2088,80793d56acc15d48,True,1.0,1.0,1.0,0.0,1.0,1.0,0.5833333333333334
2089,3b225aa246f35197,True,1.0,1.0,0.618943148121891,1.0,1.0,1.0,0.8412263117174547
2090,6289749098c55328,True,1.0,1.0,0.7602108258785606,1.0,1.0,1.0,0.9000878441160669
2091,230b5f3fb3f157fe,True,1.0,1.0,0.6183704324884169,1.0,1.0,1.0,0.840987680203507
2092,6762c1ac11a15adf,True,1.0,1.0,0.8307169640554489,1.0,1.0,1.0,0.9294654016897704
2093,50eebed7d9655bb5,True,1.0,1.0,1.0,1.0,1.0,1.0,1.0
2094,97e2daddecd557a4,True,1.0,1.0,0.9275933768543957,1.0,1.0,1.0,0.9698305736893316
2095,bf00c76f25185b83,True,1.0,1.0,0.8885337229514412,1.0,1.0,1.0,0.9535557178964339
2096,04e3e7c9b4bf5ddf,True,1.0,1.0,1.0,1.0,1.0,1.0,1.0
2097,d45dddb7bbfe5914,True,1.0,1.0,0.8675194125753787,1.0,1.0,1.0,0.9447997552397411
2098,8d39d3f85647574c,True,1.0,1.0,0.798317647368255,1.0,1.0,1.0,0.9159656864034394
2099,8d5ac1ce6fb75faf,True,1.0,1.0,0.8549415950797269,1.0,1.0,1.0,0.9395589979498862
2100,b07f7a319de35f9a,True,1.0,1.0,0.7938172646950166,1.0,1.0,1.0,0.9140905269562568
2101,002e450c6cba5895,True,1.0,1.0,0.9114465756197155,1.0,1.0,1.0,0.9631027398415481
2102,e96035d0292956f1,True,1.0,1.0,0.9943195202943552,1.0,1.0,0.0,0.9976331334559814
2103,393eaed8070a5d2c,True,1.0,1.0,0.8800351099471161,1.0,1.0,1.0,0.9500146291446318
2104,10ddf2c0942a5704,True,1.0,1.0,1.0,1.0,1.0,1.0,1.0
2105,d7350c01eab55ed0,True,1.0,1.0,0.9932767818167988,1.0,1.0,1.0,0.9971986590903329
2106,dcb18ea8a7ea5d66,True,1.0,1.0,0.9630586456793954,1.0,1.0,1.0,0.9846077690330813
2107,8b279a20979950d6,True,1.0,1.0,1.0,1.0,1.0,1.0,1.0
2108,9696a32e868259e3,True,1.0,1.0,1.0,1.0,1.0,1.0,1.0
2109,684ff3674eeb54ea,True,1.0,0.0,0.0,1.0,1.0,1.0,0.0
2110,7fbe5b01c5a9525c,True,1.0,1.0,0.8925971055230857,1.0,1.0,1.0,0.9552487939679524
2111,d33c6db306f35ef9,True,1.0,1.0,1.0,1.0,1.0,0.5,1.0
2112,12ace39c31df5dd8,True,1.0,1.0,0.7765567271519473,1.0,1.0,1.0,0.9068986363133114
2113,cb91b17626f85892,True,1.0,1.0,1.0,1.0,1.0,1.0,1.0
2114,f252e2d96f805926,True,1.0,1.0,1.0,1.0,1.0,1.0,1.0
2115,50433807834059b1,True,1.0,1.0,0.6981765849601534,1.0,1.0,1.0,0.8742402437333973
2116,b12f2581dde259f4,True,1.0,1.0,0.613856482267828,1.0,1.0,1.0,0.839106867611595
2117,a806a92596d6570b,True,1.0,1.0,1.0,1.0,1.0,1.0,1.0
2118,fb3eed693c845412,True,1.0,1.0,1.0,1.0,1.0,1.0,1.0
2119,e69e63297ed85a68,True,1.0,1.0,0.7626073204986006,1.0,1.0,1.0,0.9010863835410836
2120,7dda9e548f79596b,True,1.0,1.0,1.0,1.0,1.0,1.0,1.0
2121,80c159e90ae755f3,True,1.0,1.0,0.9123784310670301,1.0,1.0,1.0,0.9634910129445959
2122,5259a5b9d00d54a7,True,1.0,1.0,0.8405073937742358,1.0,1.0,1.0,0.9335447474059316
2123,fd87474daeb05e69,True,1.0,1.0,0.7236476125392977,1.0,1.0,1.0,0.884853171891374
2124,271bd521cc6c50ae,True,1.0,1.0,0.9045777126015978,1.0,1.0,1.0,0.9602407135839991
2125,8d63ae7a5eec54da,True,1.0,1.0,1.0,1.0,1.0,1.0,1.0
2126,ab51ae81c26b5f5e,True,1.0,1.0,1.0,1.0,1.0,1.0,1.0
2127,60f2c00b9ced513f,True,1.0,1.0,0.7949726704410699,1.0,1.0,1.0,0.9145719460171126
2128,73e4db7c9a4d5076,True,1.0,1.0,0.5960329187537226,1.0,1.0,1.0,0.8316803828140511
2129,87d3c1135ac85583,True,1.0,1.0,0.8498520457921718,1.0,1.0,1.0,0.9374383524134049
2130,8e7cc5d34d415b43,True,1.0,1.0,0.698863059091659,1.0,1.0,1.0,0.8745262746215245
2131,a00a4902bd105b99,True,1.0,1.0,0.8492162455793799,1.0,1.0,1.0,0.937173435658075
2132,6c3a055d6ac15aa9,True,1.0,1.0,0.8558104214616076,1.0,1.0,1.0,0.9399210089423365
2133,0687eed0cf265533,True,1.0,1.0,0.7536969891844428,1.0,1.0,1.0,0.8973737454935179
2134,bf2bd235d7225732,True,1.0,0.0,0.0,1.0,1.0,1.0,0.0
2135,7beae7492ff45866,True,1.0,1.0,0.9529630647852578,1.0,1.0,1.0,0.9804012769938574
2136,69f1c6885a4859c9,True,1.0,1.0,0.7603352725014673,1.0,1.0,1.0,0.9001396968756114
2137,a317560bc1215a39,True,1.0,1.0,0.8322489608915916,0.0,1.0,1.0,0.5134370670381632
2138,eeba0804c2645281,True,1.0,1.0,1.0,1.0,1.0,1.0,1.0
2139,0bd3bce35ed159be,True,1.0,1.0,0.7015777744505401,1.0,1.0,1.0,0.8756574060210583
2140,378f82a326bd5875,True,1.0,1.0,0.7141178406899017,1.0,1.0,1.0,0.8808824336207923
2141,6ae88d39556d57ec,True,1.0,1.0,0.7330042847284458,1.0,1.0,1.0,0.8887517853035192
2142,cddadd26002959f4,True,1.0,1.0,0.8830886406926087,1.0,1.0,1.0,0.9512869336219203
2143,1f6d3d52a6685c15,True,1.0,1.0,0.852204907214361,1.0,1.0,1.0,0.9384187113393171
2144,edf7281f49b9573d,True,1.0,1.0,1.0,1.0,1.0,1.0,1.0
2145,5503e65e815a58c7,True,1.0,1.0,0.8735662889956376,1.0,1.0,1.0,0.9473192870815157
2146,c3d6016d73645955,True,1.0,1.0,0.8173261030897747,1.0,1.0,1.0,0.9238858762874061
2147,fc0fc7649a335d27,True,1.0,1.0,1.0,1.0,1.0,1.0,1.0
2148,fd3b8f88745c5c2d,True,1.0,1.0,1.0,1.0,1.0,1.0,1.0
2149,56706b5fe8b4575f,True,1.0,1.0,0.6584143163137778,1.0,1.0,1.0,0.8576726317974074
2150,66fff80a93805b34,True,1.0,0.0,0.0,1.0,1.0,1.0,0.0
2151,02e1537a43d55ab2,True,1.0,1.0,1.0,1.0,1.0,1.0,1.0
2152,0d150320916f5b2d,True,1.0,1.0,0.908995826195932,1.0,1.0,1.0,0.9620815942483049
2153,7c94fd89afb95a88,True,1.0,1.0,0.8500517759925754,1.0,1.0,1.0,0.9375215733302399
2154,e1886e081b945907,True,1.0,0.0,0.0,1.0,1.0,1.0,0.0
2155,a41f538fa8e25be0,True,1.0,1.0,0.9906356019305458,1.0,1.0,1.0,0.9960981674710606
2156,1b95b6689ee75fab,True,1.0,0.0,0.0,1.0,1.0,1.0,0.0
2157,21ef33c75fee5561,True,1.0,1.0,0.6936935291275881,1.0,1.0,1.0,0.8723723038031617
2158,3bbe96de854e5ff3,True,1.0,1.0,1.0,1.0,1.0,1.0,1.0
2159,93b50a6df30b5453,True,1.0,1.0,0.8844295224748323,1.0,1.0,1.0,0.9518456343645134
2160,0e5653822a7a56b3,True,1.0,1.0,0.8678819474061295,1.0,1.0,1.0,0.9449508114192205
2161,388e7bfc1d1957b4,True,1.0,0.0,0.0,1.0,1.0,1.0,0.0
2162,9e12f81268d75fbb,True,1.0,1.0,1.0,1.0,1.0,1.0,1.0
2163,778dc72ff2ec5e94,True,1.0,1.0,1.0,1.0,1.0,1.0,1.0
2164,667fff5344295416,True,1.0,1.0,0.960863219644637,1.0,1.0,1.0,0.9836930081852654
2165,75aa8f2b9b6250e4,True,1.0,1.0,0.9246302389126555,1.0,1.0,1.0,0.9685959328802731
2166,6b5b038496cb56ba,True,1.0,1.0,1.0,1.0,1.0,1.0,1.0
2167,6892e067e25257f8,True,1.0,1.0,0.7765833095741997,1.0,1.0,1.0,0.9069097123225832
2168,d97108bcdab25c24,True,1.0,1.0,0.5985360438293785,1.0,1.0,1.0,0.8327233515955744
2169,b9e254f3d4a75454,True,1.0,1.0,0.7745557614691664,1.0,1.0,1.0,0.9060649006121526
2170,a64a3e4f2048576d,True,1.0,1.0,0.7812259832783576,1.0,1.0,1.0,0.9088441596993156
2171,b1e10e4f03155c70,True,1.0,1.0,0.7799778835563949,1.0,1.0,1.0,0.9083241181484979
2172,8d21608fa8c354f1,True,1.0,1.0,0.9265835966888407,1.0,1.0,1.0,0.9694098319536836
2173,71674e79275f5abb,True,1.0,1.0,1.0,1.0,1.0,1.0,1.0
2174,1cb21a59cbf95e1e,True,1.0,1.0,0.9694698172387812,1.0,1.0,1.0,0.9872790905161589
2175,611ff428aa8a5e86,True,1.0,1.0,0.6214871242322481,1.0,1.0,1.0,0.8422863017634367
2176,dfd5770faffa5ba7,True,1.0,1.0,0.7819769954005721,1.0,1.0,1.0,0.9091570814169051
2177,3716402a783c5689,True,1.0,1.0,0.9819782999326584,1.0,1.0,1.0,0.9924909583052743
2178,b605703d3fb05725,True,1.0,1.0,1.0,1.0,1.0,1.0,1.0
2179,04d0fb4e3ab25115,True,1.0,1.0,0.9230073563316521,1.0,1.0,1.0,0.9679197318048551
2180,7e6d49b500545236,True,1.0,1.0,1.0,1.0,1.0,1.0,1.0
2181,346a78f56b165dea,True,1.0,1.0,0.7846151066906163,1.0,1.0,1.0,0.9102562944544235
2182,ea90773e4a7c5723,True,1.0,1.0,1.0,1.0,1.0,1.0,1.0
2183,82cd87ad4f1d5969,True,1.0,1.0,1.0,1.0,1.0,1.0,1.0
2184,0fc0217e2dd05256,True,1.0,1.0,1.0,1.0,1.0,1.0,1.0
2185,faf7e71648b65503,True,1.0,1.0,0.6790631552655316,1.0,1.0,1.0,0.8662763146939715
2186,8cee2a96b57d58ba,True,1.0,1.0,1.0,1.0,1.0,1.0,1.0
2187,d5fbd3df4a505559,True,1.0,1.0,1.0,1.0,1.0,1.0,1.0
2188,f231f20bdcb55426,True,1.0,1.0,0.965925398445923,1.0,1.0,1.0,0.985802249352468
2189,0cf7d096e8c05fed,True,1.0,1.0,0.8241853004951845,1.0,1.0,1.0,0.9267438752063267
2190,ac328bbd087d5cf2,True,1.0,1.0,0.741099617317433,1.0,1.0,1.0,0.8921248405489304
2191,1db88198fce854da,True,1.0,1.0,0.7863104425965863,1.0,1.0,1.0,0.9109626844152444
2192,1164ea5308cf5aae,True,1.0,1.0,1.0,1.0,1.0,1.0,1.0
2193,cea55cd8ec6f5185,True,1.0,1.0,0.9051301159457387,1.0,1.0,1.0,0.9604708816440578
2194,e747d6fdc59252f3,True,1.0,1.0,0.8360715315346975,1.0,1.0,1.0,0.9316964714727906
2195,d64a3964875f5b41,True,1.0,0.0,0.0,0.0,1.0,1.0,0.0
2196,dfa4c26313d45198,True,1.0,1.0,0.8866182136463776,1.0,1.0,1.0,0.9527575890193241
2197,dc8554c53a2a5afc,True,1.0,1.0,0.8085402406785479,1.0,1.0,1.0,0.9202251002827282
2198,67e27e4b89325f31,True,1.0,1.0,1.0,1.0,1.0,1.0,1.0
2199,1f12591bdae05306,True,1.0,1.0,1.0,1.0,1.0,1.0,1.0
2200,c81b474102d75351,True,1.0,1.0,1.0,1.0,1.0,1.0,1.0
2201,c5ff0a82eabb5b05,True,1.0,1.0,0.7060290949475942,1.0,1.0,1.0,0.8775121228948309
2202,0027991369e05ab2,True,1.0,1.0,0.8100830599357538,1.0,1.0,1.0,0.9208679416398974
2203,5d47863332065766,True,1.0,1.0,0.8142945406258946,1.0,1.0,1.0,0.9226227252607894
2204,51b855943c3a54ee,True,1.0,1.0,0.8875079386557518,1.0,1.0,1.0,0.9531283077732299
2205,685e5e9083185108,True,1.0,1.0,1.0,1.0,1.0,1.0,1.0
2206,0590bd1f5b2057f2,True,1.0,1.0,1.0,1.0,1.0,1.0,1.0
2207,e917a198bd9757a4,True,1.0,1.0,1.0,1.0,1.0,1.0,1.0
2208,a75e220cee925c10,True,1.0,1.0,0.7876028037647723,1.0,1.0,1.0,0.9115011682353217
2209,407b876e623a5c51,True,1.0,1.0,1.0,1.0,1.0,1.0,1.0
2210,77ebf0edb75c5b69,True,1.0,1.0,0.7293868919120274,1.0,1.0,1.0,0.8872445382966782
2211,ca7e845b9c19597c,True,1.0,1.0,0.6985985428489363,1.0,1.0,1.0,0.8744160595203901
2212,c10ed86969435545,True,1.0,1.0,1.0,1.0,1.0,1.0,1.0
2213,556283de632c5226,True,1.0,1.0,0.8489596943754129,1.0,1.0,1.0,0.9370665393230887
2214,81e0ac3869b95ef4,True,1.0,1.0,1.0,1.0,1.0,1.0,1.0
2215,2d9d3d15e7f25716,True,1.0,1.0,0.9920651343179855,1.0,1.0,1.0,0.9966938059658274
2216,8d5023e971cc5f4c,True,1.0,1.0,0.880382381048335,1.0,1.0,1.0,0.9501593254368063
2217,eddb4834d5e459c6,True,1.0,1.0,0.9965850636394866,1.0,1.0,1.0,0.9985771098497861
2218,ccd3ef26274b5b13,True,1.0,1.0,1.0,0.0,1.0,1.0,0.5833333333333334
2219,58788ce811c755b5,True,1.0,1.0,1.0,1.0,1.0,1.0,1.0
2220,602e1bc4f8575d4e,True,1.0,1.0,1.0,0.0,1.0,1.0,0.5833333333333334
2221,fb0a26a28ec359ce,True,1.0,1.0,0.6898867967213609,1.0,1.0,1.0,0.870786165300567
2222,105ca02169f45519,True,1.0,1.0,0.9803797821086729,1.0,1.0,1.0,0.991824909211947
2223,74d1662073cd5fc1,True,1.0,1.0,1.0,1.0,1.0,1.0,1.0
2224,1ec58e13fee45a30,True,1.0,1.0,0.6325996943840185,1.0,1.0,1.0,0.8469165393266743
2225,0480033cdea65921,True,1.0,1.0,0.854265588748452,1.0,1.0,1.0,0.9392773286451884
2226,7ea67f197fe25ba7,True,1.0,1.0,0.546969594387201,1.0,1.0,1.0,0.8112373309946671
2227,87ab048362385059,True,1.0,1.0,0.8087561030128763,1.0,1.0,1.0,0.9203150429220317
2228,2e6e8eebd05f5da2,True,1.0,1.0,0.774281613396895,1.0,1.0,1.0,0.9059506722487063
2229,7ae00644dbef537f,True,1.0,1.0,0.8300858409164601,1.0,1.0,1.0,0.9292024337151917
2230,447a983c9fc45077,True,1.0,1.0,1.0,1.0,1.0,1.0,1.0
2231,a924eaf3a0c35078,True,1.0,1.0,0.8353318828202507,1.0,1.0,1.0,0.9313882845084378
2232,729c7f95c12f5dd4,True,1.0,1.0,0.7322150066132442,1.0,1.0,1.0,0.8884229194221852
2233,a8c2268684c35a80,True,1.0,1.0,0.7972497560531916,1.0,1.0,1.0,0.9155207316888299
2234,a4717050e0c05d1e,True,1.0,1.0,0.711948649139465,1.0,1.0,1.0,0.8799786038081104
2235,6bf0e7ba6477572b,True,1.0,1.0,0.9545405720212772,1.0,1.0,1.0,0.9810585716755321
2236,d7fdaa2d555c5272,True,1.0,1.0,0.9564934649927961,1.0,1.0,1.0,0.9818722770803318
2237,ac7bd595b9a3544c,True,1.0,1.0,1.0,1.0,1.0,1.0,1.0
2238,2428ecd565d05b50,True,1.0,1.0,0.5817720213242983,1.0,1.0,1.0,0.8257383422184575
2239,45d416b638f95a9c,True,1.0,1.0,0.8711353468967229,1.0,1.0,1.0,0.9463063945403012
2240,7a140c5865295d91,True,1.0,1.0,0.8286562790967594,1.0,1.0,1.0,0.9286067829569831
2241,f3b3336807f8590b,True,1.0,1.0,0.9351487742115455,1.0,1.0,1.0,0.9729786559214774
2242,6a383816e5c1568b,True,1.0,1.0,0.6094340087803813,1.0,1.0,1.0,0.837264170325159
2243,ed76cdcd1c6c5078,True,1.0,1.0,1.0,1.0,1.0,1.0,1.0
2244,d3102c58562a5689,True,1.0,0.0,0.0,1.0,1.0,1.0,0.0
2245,e54bb40453165fac,True,1.0,1.0,0.9850991031302713,1.0,1.0,1.0,0.9937912929709464
2246,c9ca538cb3235e43,True,1.0,0.0,0.0,1.0,1.0,1.0,0.0
2247,157ad2289b20545e,True,1.0,1.0,1.0,1.0,1.0,0.0,1.0
2248,26e5d2127cf9563d,True,1.0,1.0,0.9977456242892762,1.0,1.0,1.0,0.9990606767871985
2249,61766a0be9165cb7,True,1.0,1.0,0.6685058227343493,1.0,1.0,1.0,0.8618774261393122
2250,131c6cc5af9c58b6,True,1.0,1.0,0.831831873690007,1.0,1.0,0.5,0.9299299473708361
2251,f518d10b147c5398,True,1.0,1.0,0.7767128815998583,1.0,1.0,1.0,0.9069637006666076
2252,85dd82b1048e5509,True,1.0,1.0,0.7234213627130447,1.0,1.0,1.0,0.8847589011304353
2253,037698dae8d65558,True,1.0,1.0,0.7303397700557361,1.0,1.0,0.5,0.8876415708565567
2254,dbb53601c8fb585f,True,1.0,1.0,0.4827256137598403,1.0,1.0,1.0,0.7844690057332668
2255,966e42e47cc85a5c,True,1.0,1.0,0.5637072592850323,1.0,1.0,1.0,0.8182113580354301
2256,fa8627edacbd5ea0,True,1.0,1.0,1.0,1.0,1.0,1.0,1.0
2257,d6015087928d57e8,True,1.0,1.0,0.7288064297817128,1.0,1.0,1.0,0.8870026790757137
2258,35eba76323535988,True,1.0,1.0,0.6698779194297957,1.0,1.0,1.0,0.8624491330957481
2259,2fd50ca82a7a5df4,True,1.0,1.0,1.0,1.0,1.0,1.0,1.0
2260,a754894e5e355c0f,True,1.0,1.0,1.0,1.0,1.0,1.0,1.0
2261,7ef3374d49a45a86,True,1.0,1.0,0.7543886872522472,1.0,1.0,1.0,0.8976619530217697
2262,624602ce65455c07,True,1.0,1.0,1.0,1.0,1.0,0.5,1.0
2263,6097ef5cbbfd5dd9,True,1.0,1.0,0.9978822751253791,1.0,1.0,1.0,0.9991176146355746
2264,177b58cd935356f2,True,1.0,1.0,0.9365685455597044,1.0,1.0,1.0,0.9735702273165435
2265,0599b72c60335651,True,1.0,0.0,0.0,1.0,1.0,1.0,0.0
2266,484acea96ad3506a,True,1.0,1.0,0.7650657259670253,1.0,1.0,1.0,0.9021107191529273
2267,130e977c13995170,True,1.0,1.0,1.0,1.0,1.0,1.0,1.0
2268,354e4afad1eb56c2,True,1.0,1.0,1.0,1.0,1.0,1.0,1.0
2269,daf38cecd5045cf6,True,1.0,1.0,1.0,1.0,1.0,0.5,1.0
2270,69bc8107e82b54db,True,1.0,1.0,0.7288795188868034,1.0,1.0,1.0,0.8870331328695014
2271,bbb5018d017754d0,True,1.0,1.0,0.9406573728637901,1.0,1.0,1.0,0.9752739053599125
2272,4a7156af749e54fc,True,1.0,1.0,0.8248580577685223,1.0,1.0,1.0,0.9270241907368844
2273,8a2df3fb1632552a,True,1.0,1.0,1.0,1.0,1.0,1.0,1.0
2274,c67262b6c33b5b0f,True,1.0,1.0,0.5187732537027806,1.0,1.0,1.0,0.7994888557094919
2275,eb8fd3a2b08e5e52,True,1.0,1.0,0.8501546004901227,1.0,1.0,1.0,0.9375644168708845
2276,0ee1f95f55d95f7e,True,1.0,1.0,0.5900188794136715,1.0,1.0,1.0,0.8291745330890298
2277,27c1c1822dc75f7b,True,1.0,1.0,0.753304840649805,1.0,1.0,1.0,0.8972103502707521
2278,b1cb5523e43b594a,True,1.0,1.0,0.655268652138476,1.0,1.0,1.0,0.8563619383910317
2279,6afbce15383553d7,True,1.0,1.0,0.6132119040032831,1.0,1.0,1.0,0.8388382933347013
2280,c6e62024ca7e5959,True,1.0,1.0,0.8646010655102906,1.0,1.0,1.0,0.9435837772959544
2281,e095e7e21ab65691,True,1.0,1.0,0.7286114826891011,1.0,1.0,1.0,0.8869214511204588
2282,e5dc48dd83585491,True,1.0,1.0,0.8256645950441587,1.0,1.0,1.0,0.9273602479350661
2283,2274256d3852572f,True,1.0,1.0,0.7843120578170111,1.0,1.0,1.0,0.9101300240904213
2284,e5fba7e447ff5a61,True,1.0,1.0,0.8595542383084878,1.0,1.0,1.0,0.9414809326285365
2285,448808123f695637,True,1.0,1.0,1.0,1.0,1.0,1.0,1.0
2286,cb5022a3bef557e3,True,1.0,1.0,0.8398401356937361,1.0,1.0,1.0,0.9332667232057235
2287,d925879cb467504c,True,1.0,1.0,1.0,1.0,1.0,1.0,1.0
2288,74cdabf6dd8e5052,True,1.0,1.0,1.0,1.0,1.0,1.0,1.0
2289,0a44947ca9e85579,True,1.0,1.0,1.0,1.0,1.0,1.0,1.0
2290,6394162caa7c5821,True,1.0,1.0,0.767218315176779,1.0,1.0,1.0,0.9030076313236579
2291,932f0bf1d23b5ba7,True,1.0,0.0,0.0,1.0,1.0,1.0,0.0
2292,1e858b49f4a95ee8,True,1.0,1.0,1.0,1.0,1.0,1.0,1.0
2293,a8c150e293ac5bd3,True,1.0,1.0,0.7106841061898809,1.0,1.0,1.0,0.8794517109124503
2294,62053f814af95fce,True,1.0,1.0,0.9074541345177652,1.0,1.0,1.0,0.9614392227157355
2295,7fcd06d455d55572,True,1.0,1.0,0.7202931620670046,1.0,1.0,1.0,0.8834554841945853
2296,b0546b8af0f95c05,True,1.0,1.0,1.0,1.0,1.0,1.0,1.0
2297,df140a20f6b55c9b,True,1.0,1.0,0.8742028879299147,1.0,1.0,1.0,0.9475845366374646
2298,b868adf3ec2e56a5,True,1.0,1.0,0.5913013005310802,1.0,1.0,1.0,0.8297088752212834
2299,5e119121956f52be,True,1.0,1.0,1.0,1.0,1.0,1.0,1.0
2300,ff4dceb630df54fa,True,1.0,1.0,1.0,1.0,1.0,1.0,1.0
2301,b4f05c1e42ea5aec,True,1.0,1.0,1.0,1.0,1.0,1.0,1.0
2302,9a95f91ea98652ca,True,1.0,1.0,0.9551566084149262,1.0,1.0,0.5,0.9813152535062194
2303,c6b7a8d63fc95d3a,True,1.0,0.0,0.0,1.0,1.0,1.0,0.0
2304,c081afa672dc56a2,True,1.0,1.0,0.7062498144934555,1.0,1.0,1.0,0.8776040893722731
2305,42643a30b402538f,True,1.0,1.0,1.0,1.0,1.0,0.5,1.0
2306,fab1993d5d4759da,True,1.0,1.0,0.8848291692317507,1.0,1.0,1.0,0.9520121538465628
2307,d06d8235012b56fe,True,1.0,1.0,0.8658431420108551,1.0,1.0,1.0,0.9441013091711895
2308,77412f2abf325814,True,1.0,1.0,0.7205570939977007,1.0,1.0,1.0,0.8835654558323753
2309,83b2e42ed5eb568f,True,1.0,1.0,1.0,1.0,1.0,1.0,1.0
2310,622dde55dc125052,True,1.0,1.0,0.6258155624420187,1.0,1.0,1.0,0.8440898176841745
2311,200c447283ed50eb,True,1.0,1.0,0.9950132335404149,1.0,1.0,1.0,0.9979221806418396
2312,444d8e18dcce5e49,True,1.0,1.0,0.7924110103139803,1.0,1.0,1.0,0.9135045876308251
2313,da3dac3ca6545198,True,1.0,1.0,0.7711154392594334,1.0,1.0,1.0,0.9046314330247639
2314,8113ea1b58245172,True,1.0,1.0,0.7046375387840794,1.0,1.0,1.0,0.8769323078266997
2315,c26281cfd29f5c15,True,1.0,1.0,1.0,1.0,1.0,1.0,1.0
2316,5c9c6666d0725c64,True,1.0,0.0,0.0,1.0,1.0,1.0,0.0
2317,a52bce0753d8563e,True,1.0,1.0,0.791977040567847,1.0,1.0,1.0,0.9133237669032696
2318,8c6c4c4b507c5eb1,True,1.0,1.0,0.8210990017818846,1.0,1.0,0.5,0.9254579174091185
2319,1cb1b58a3129563c,True,1.0,1.0,0.8987345221587281,1.0,1.0,1.0,0.9578060508994701
2320,a96c1b6145ca513e,True,1.0,1.0,0.7456346031098567,1.0,1.0,1.0,0.8940144179624404
2321,cdf704c535245f57,True,1.0,1.0,0.7408845682372595,1.0,1.0,1.0,0.8920352367655248
2322,303d7a8f1262569e,True,1.0,1.0,1.0,1.0,1.0,1.0,1.0
2323,483042d5dc175e99,True,1.0,0.0,0.0,1.0,1.0,1.0,0.0
2324,87df22d07dcb567c,True,1.0,1.0,0.6080512041068815,1.0,1.0,1.0,0.8366880017112006
2325,fa70c2e191965353,True,1.0,1.0,0.8207539411877542,1.0,1.0,1.0,0.9253141421615642
2326,b0fe3222f2905745,True,1.0,1.0,0.9904822942708038,1.0,1.0,1.0,0.9960342892795016
2327,b17e8b3c64295431,True,1.0,1.0,0.7736056748108021,1.0,1.0,1.0,0.9056690311711675
2328,e7da21c4ef4a5e3f,True,1.0,1.0,1.0,1.0,1.0,1.0,1.0
2329,05304817b887541e,True,1.0,1.0,0.8590366791025161,1.0,1.0,1.0,0.9412652829593817
2330,b53b172e95895a12,True,1.0,0.0,0.0,0.0,1.0,0.0,0.0
2331,70bd598e1c305d92,True,1.0,1.0,1.0,1.0,1.0,1.0,1.0
2332,58cf6aaf126b5727,True,1.0,0.0,0.0,0.0,1.0,1.0,0.0
2333,94625815a7b351b5,True,1.0,1.0,0.8652434569056906,1.0,1.0,1.0,0.9438514403773711
2334,4e19d097005e55b5,True,1.0,1.0,0.6358598196759132,1.0,1.0,1.0,0.8482749248649638
2335,faf80a4ecf8858fe,True,1.0,1.0,0.8766080249312763,1.0,1.0,1.0,0.9485866770546986
2336,b1649a41e6155dd2,True,1.0,0.0,0.0,1.0,1.0,1.0,0.0
2337,fc33d014431a5b1b,True,1.0,1.0,0.6942875113930036,1.0,1.0,1.0,0.8726197964137515
2338,77fa15ffcefb580e,True,1.0,1.0,0.5189719294490389,1.0,1.0,1.0,0.7995716372704328
2339,d61ff1ca160557e8,True,1.0,1.0,0.8258667344546778,1.0,1.0,1.0,0.9274444726894492
2340,cdc469758f7c502b,True,1.0,1.0,1.0,1.0,1.0,1.0,1.0
2341,c04902b5c32056e0,True,1.0,1.0,0.72244623415358,1.0,1.0,1.0,0.8843525975639915
2342,c9520de7084f5868,True,1.0,1.0,1.0,1.0,1.0,1.0,1.0
2343,8fb11d5808355072,True,1.0,1.0,1.0,1.0,1.0,1.0,1.0
2344,ada396669cec56ef,True,1.0,1.0,0.6785802644461548,1.0,1.0,1.0,0.8660751101858978
2345,c988ef2f076359de,True,1.0,1.0,1.0,1.0,1.0,1.0,1.0
2346,e456e929ecb85b07,True,1.0,1.0,0.48749429561224905,1.0,1.0,1.0,0.7864559565051037
2347,10193911d433540b,True,1.0,1.0,0.785355087896362,1.0,1.0,1.0,0.9105646199568175
2348,8a808765078856bf,True,1.0,1.0,0.8291441359236686,1.0,1.0,1.0,0.9288100566348619
2349,8fbca2950de45a7c,True,1.0,1.0,0.8549389552642315,1.0,1.0,1.0,0.939557898026763
2350,d83802157d9858d5,True,1.0,1.0,0.7221434405136199,1.0,1.0,1.0,0.8842264335473417
2351,44f75400f3a15c14,True,1.0,1.0,0.9844745195247956,1.0,1.0,1.0,0.9935310498019981
2352,26b80207f01e593f,True,1.0,1.0,1.0,1.0,1.0,1.0,1.0
2353,983d04f21f6953f6,True,1.0,1.0,1.0,1.0,1.0,1.0,1.0
2354,0735d8974394552b,True,1.0,1.0,1.0,1.0,1.0,1.0,1.0
2355,5e89299dadf05ad1,True,1.0,1.0,0.7351493205720017,1.0,1.0,1.0,0.8896455502383341
2356,81b86d3bfe9758ac,True,1.0,1.0,0.7413122814140072,1.0,1.0,1.0,0.8922134505891698
2357,4e72d5b688ca564f,True,1.0,1.0,1.0,1.0,1.0,1.0,1.0
2358,6fdde744b66451da,True,1.0,1.0,1.0,1.0,1.0,1.0,1.0
2359,ac6e1ca0ebe75e15,True,1.0,1.0,0.9358509304857251,1.0,1.0,1.0,0.9732712210357187
2360,cd5c67041095597b,True,1.0,1.0,1.0,1.0,1.0,1.0,1.0
2361,86b0e721370e5f56,True,1.0,1.0,0.7465524645900082,1.0,1.0,1.0,0.8943968602458368
2362,114a946faf305345,True,1.0,1.0,0.7907927018935076,1.0,1.0,0.0,0.9128302924556282
2363,9568c56631be548e,True,1.0,1.0,1.0,1.0,1.0,1.0,1.0
2364,04352eb4cb195fde,True,1.0,1.0,0.8110520416977407,1.0,1.0,1.0,0.9212716840407253
2365,b1dd380dd5425b49,True,1.0,1.0,1.0,1.0,1.0,1.0,1.0
2366,29d3fc42d08d57d2,True,1.0,1.0,1.0,1.0,1.0,1.0,1.0
2367,942df6bcc0c65bf9,True,1.0,0.0,0.0,1.0,1.0,1.0,0.0
2368,77424ed925b45c77,True,1.0,1.0,0.5701981119846173,1.0,1.0,1.0,0.8209158799935906
2369,0a2b9bb1214f5e2f,True,1.0,0.0,0.0,1.0,1.0,1.0,0.0
2370,63bd566666b75e4a,True,1.0,1.0,0.8635750713012383,1.0,1.0,1.0,0.9431562797088494
2371,6f2e14d0955e5e5a,True,1.0,1.0,1.0,1.0,1.0,1.0,1.0
2372,f414059fffd45057,True,1.0,1.0,1.0,1.0,1.0,1.0,1.0
2373,ae145d614988581c,True,1.0,1.0,0.8495947226979585,1.0,1.0,1.0,0.9373311344574827
2374,b1ce459acfb95179,True,1.0,1.0,0.8818351759492703,1.0,1.0,1.0,0.9507646566455293
2375,2b760b8260af515c,True,1.0,1.0,0.7719172636845528,1.0,1.0,1.0,0.9049655265352303
2376,f2722839a7ed50fe,True,1.0,1.0,1.0,1.0,1.0,1.0,1.0
2377,dad522fc9c405963,True,1.0,1.0,1.0,1.0,1.0,1.0,1.0
2378,68505dcbf4fb5f32,True,1.0,0.0,0.0,1.0,1.0,1.0,0.0
2379,7135ce0e5eea5907,True,1.0,1.0,0.9343970135730141,1.0,1.0,1.0,0.9726654223220891
2380,0749cf83cbbd5284,True,1.0,1.0,0.904024976418425,1.0,1.0,1.0,0.9600104068410106
2381,f2f5b666a04b53f8,True,1.0,1.0,0.6435429826130152,1.0,1.0,1.0,0.8514762427554231
2382,c8f1cf1b119f5afe,True,1.0,1.0,0.8633697996070208,1.0,1.0,1.0,0.9430707498362586
2383,23df9e4092425b2b,True,1.0,1.0,0.8348992455486625,1.0,1.0,1.0,0.9312080189786093
2384,4257350828cf5e87,True,1.0,1.0,0.6821439690012178,1.0,1.0,1.0,0.8675599870838407
2385,32c0c70837d05c47,True,1.0,1.0,1.0,1.0,1.0,1.0,1.0
2386,c1553b5b161e5db1,True,1.0,1.0,0.938383162085782,1.0,1.0,1.0,0.9743263175357425
2387,8379e27735535cc1,True,1.0,1.0,0.8987054997019592,1.0,1.0,1.0,0.9577939582091496
2388,7b48c1c9cf995c36,True,1.0,1.0,0.8627269538017954,1.0,1.0,1.0,0.9428028974174149
2389,52a862ac6c845dbb,True,1.0,0.0,0.0,1.0,1.0,1.0,0.0
2390,39bcaa3072bc5198,True,1.0,1.0,1.0,1.0,1.0,1.0,1.0
2391,60729ba7537a5622,True,1.0,1.0,0.9233117090316815,1.0,1.0,1.0,0.9680465454298673
2392,e43d7861387c59f2,True,1.0,1.0,0.9992998581215434,1.0,1.0,1.0,0.9997082742173098
2393,120ae6f1d60a5613,True,1.0,1.0,0.8315416838702264,1.0,1.0,1.0,0.9298090349459276
2394,7326774073dd5f7d,True,1.0,1.0,0.6087787697984708,1.0,1.0,1.0,0.8369911540826962
2395,4c59eeddd50e5866,True,1.0,1.0,0.5955263716074363,1.0,1.0,1.0,0.8314693215030985
2396,26840e3a5da45589,True,1.0,1.0,0.5679974416905428,1.0,1.0,0.0,0.8199989340377262
2397,094846d2fa755e29,True,1.0,1.0,0.7602800132126002,1.0,1.0,1.0,0.9001166721719168
2398,61a7d33a4c3b5977,True,1.0,1.0,0.9394578420539846,1.0,1.0,1.0,0.9747741008558268
2399,835d1fae4f5b5e45,True,1.0,1.0,0.7509616217385057,1.0,1.0,1.0,0.8962340090577108
2400,4291f388556f5837,True,1.0,1.0,0.8179221585021637,1.0,1.0,1.0,0.9241342327092349
2401,d2b6dcd76085519e,True,1.0,1.0,0.8192965030226326,1.0,1.0,1.0,0.9247068762594303
2402,82cd122751085a80,True,1.0,1.0,1.0,1.0,1.0,1.0,1.0
2403,d6feccacc881504a,True,1.0,1.0,0.8241850205640616,1.0,1.0,1.0,0.926743758568359
2404,3d4f0c1ecad55944,True,1.0,1.0,0.8061953692210679,1.0,1.0,1.0,0.9192480705087783
2405,a5725e330a565f84,True,1.0,1.0,0.8642253984550332,1.0,1.0,1.0,0.9434272493562639
2406,5785ba7017515a65,True,1.0,1.0,1.0,1.0,1.0,1.0,1.0
2407,250389f21dee5793,True,1.0,1.0,0.6395808696211898,1.0,1.0,1.0,0.8498253623421624
2408,68643a176fcb5c7c,True,1.0,1.0,0.9502488718013264,1.0,1.0,1.0,0.9792703632505527
2409,f04d33e677745e8e,True,1.0,1.0,1.0,1.0,1.0,1.0,1.0
2410,efe1222923b65833,True,1.0,1.0,1.0,1.0,1.0,1.0,1.0
2411,ad898232cb525d5f,True,1.0,1.0,0.553093580917679,1.0,1.0,1.0,0.8137889920490329
2412,92729339932751f6,True,1.0,1.0,0.5602115900813583,1.0,1.0,1.0,0.816754829200566
2413,f0b762b8c08b5ff0,True,1.0,1.0,1.0,1.0,1.0,1.0,1.0
2414,8227648b1da95adb,True,1.0,1.0,0.06693944152583317,1.0,1.0,1.0,0.6112247673024305
2415,be7c407443f15fec,True,1.0,1.0,0.8788052924903197,1.0,1.0,1.0,0.9495022052043
2416,ca59ecba5722534c,True,1.0,1.0,0.9159698864717625,0.0,1.0,0.5,0.548320786029901
2417,7e647d942b9f57ed,True,1.0,1.0,1.0,1.0,1.0,1.0,1.0
2418,29647b1293bf52b0,True,1.0,1.0,1.0,1.0,1.0,1.0,1.0
2419,60fe616f485b5589,True,1.0,1.0,0.8771736245039653,1.0,1.0,1.0,0.948822343543319
2420,c7f3aa98380354ba,True,1.0,0.0,0.0,1.0,1.0,1.0,0.0
2421,9858cb2db360536b,True,1.0,1.0,0.5377873504194144,1.0,1.0,1.0,0.8074113960080892
2422,26a78d23b1075252,True,1.0,1.0,1.0,1.0,1.0,1.0,1.0
2423,ab313e9e217c581b,True,1.0,1.0,0.7400912833410246,1.0,1.0,1.0,0.8917047013920936
2424,b0cc2b2b400d5661,True,1.0,1.0,0.5697886783716212,1.0,1.0,1.0,0.8207452826548421
2425,50202ba4b1b55f6b,True,1.0,1.0,1.0,1.0,1.0,1.0,1.0
2426,0e70c369a99157c3,True,1.0,1.0,0.7582537407224076,1.0,1.0,1.0,0.8992723919676698
2427,2b7bf25209dd5705,True,1.0,1.0,0.7733404292057913,1.0,1.0,1.0,0.9055585121690797
2428,cbf53151339658cb,True,1.0,1.0,0.9011363694937572,1.0,1.0,1.0,0.9588068206223989
2429,1727319cfd2b5661,True,1.0,1.0,0.9253631240644576,1.0,1.0,1.0,0.9689013016935241
2430,3fdefe546f3159fd,True,1.0,1.0,1.0,1.0,1.0,1.0,1.0
2431,57a77b8c90465bc4,True,1.0,1.0,0.7230324525939296,1.0,1.0,1.0,0.8845968552474707
2432,326760711b775740,True,1.0,1.0,0.9751686082017964,1.0,1.0,1.0,0.9896535867507484
2433,93a208914ea85781,True,1.0,1.0,0.735163891977855,1.0,1.0,1.0,0.8896516216574396
2434,7f00cbbc74695c32,True,1.0,1.0,0.993010042864454,1.0,1.0,1.0,0.9970875178601891
2435,e1b3e5e086a05ff9,True,1.0,1.0,0.9084796376033724,1.0,1.0,1.0,0.9618665156680718
2436,6ea317e632e850f5,True,1.0,1.0,1.0,1.0,1.0,1.0,1.0
2437,3921f38b62d55f1a,True,1.0,1.0,0.8352812228731251,1.0,1.0,1.0,0.9313671761971355
2438,27244c34c9e355c2,True,1.0,1.0,0.7804164160504498,1.0,1.0,1.0,0.9085068400210208
2439,47cdeda07aeb5b19,True,1.0,1.0,0.8264454931141746,1.0,1.0,1.0,0.9276856221309061
2440,b658c12176c05fc5,True,1.0,1.0,0.9398395566280904,1.0,1.0,1.0,0.9749331485950377
2441,70b89bff643e5ef0,True,1.0,1.0,1.0,1.0,1.0,1.0,1.0
2442,9d4e8eb54f555166,True,1.0,1.0,0.7496374384639566,1.0,1.0,1.0,0.8956822660266486
2443,c6cef2558e365e85,True,1.0,1.0,1.0,1.0,1.0,1.0,1.0
2444,1c5c2e372dc954cd,True,1.0,1.0,1.0,1.0,1.0,1.0,1.0
2445,a0bc34982a4555ac,True,1.0,1.0,0.7253857686788945,1.0,1.0,1.0,0.885577403616206
2446,55c604d608af594f,True,1.0,1.0,1.0,1.0,1.0,1.0,1.0
2447,ab1adeaf66035b88,True,1.0,1.0,0.8675653934384736,1.0,1.0,1.0,0.9448189139326972
2448,d3dcb57d3c385f19,True,1.0,1.0,1.0,1.0,1.0,1.0,1.0
2449,b113e988ede45a4f,True,1.0,1.0,0.8618136247146156,1.0,1.0,1.0,0.9424223436310898
2450,1e9fb68ccf2d5bcd,True,1.0,1.0,0.8599785398915017,1.0,1.0,1.0,0.9416577249547924
2451,5667135252dd528a,True,1.0,1.0,1.0,1.0,1.0,1.0,1.0
2452,c0deb9fb709b5a64,True,1.0,0.0,0.0,1.0,1.0,1.0,0.0
2453,d58a453c3f155916,True,1.0,1.0,0.5231367394326426,1.0,1.0,1.0,0.8013069747636011
2454,4ffa52567be45f39,True,1.0,1.0,0.8964174002476916,1.0,1.0,1.0,0.9568405834365382
2455,8848228852a65400,True,1.0,1.0,0.9859963545729756,1.0,1.0,1.0,0.9941651477387398
2456,1bf819f13d1c562f,True,1.0,1.0,0.7893924739684547,1.0,1.0,1.0,0.9122468641535227
2457,c5a2a467d5e25058,True,1.0,1.0,0.9632621968573096,1.0,1.0,1.0,0.9846925820238791
2458,1508ee5a37ef5588,True,1.0,1.0,0.8182287276637561,1.0,1.0,1.0,0.9242619698598983
2459,566ee79ab35c5b14,True,1.0,1.0,1.0,1.0,1.0,1.0,1.0
2460,b1f17d9960f35562,True,1.0,1.0,0.8881175861419369,1.0,1.0,1.0,0.9533823275591403
2461,12af1e0adcb65df9,True,1.0,1.0,0.922333315644841,1.0,1.0,1.0,0.9676388815186838
2462,94a5491ee69d5e27,True,1.0,1.0,0.7411791310790911,1.0,1.0,1.0,0.8921579712829546
2463,a20a0a34d5e859ed,True,1.0,1.0,0.7460140029428957,1.0,1.0,1.0,0.8941725012262065
2464,1e4fb3a9572f5e7d,True,1.0,1.0,0.779900172206032,1.0,1.0,1.0,0.9082917384191801
2465,467a4f14137a5910,True,1.0,1.0,0.7034190915975864,1.0,1.0,1.0,0.8764246214989942
2466,af194a8f1af65eb7,True,1.0,1.0,1.0,1.0,1.0,1.0,1.0
2467,3ae3cf56296b5861,True,1.0,1.0,0.7930162736956743,1.0,1.0,1.0,0.9137567807065309
2468,a009893e14c75fd0,True,1.0,1.0,0.8822940224708401,1.0,1.0,1.0,0.9509558426961834
2469,118fa9fa499e5670,True,1.0,1.0,0.9100338700101505,1.0,1.0,0.5,0.9625141125042292
2470,25d82b3bc5bf5637,True,1.0,1.0,0.7406277256589981,1.0,1.0,1.0,0.8919282190245825
2471,af6aff5482395ecf,True,1.0,1.0,1.0,1.0,1.0,1.0,1.0
2472,0879b546c3cb5615,True,1.0,1.0,1.0,1.0,1.0,1.0,1.0
2473,5865085ba43752de,True,1.0,1.0,0.9775740536862835,1.0,1.0,1.0,0.990655855702618
2474,21b36975c4f75e9a,True,1.0,1.0,0.8996329521124681,1.0,1.0,1.0,0.9581803967135283
2475,589c06909f1c5c27,True,1.0,1.0,0.850813924110989,1.0,1.0,1.0,0.9378391350462453
2476,695990349fc551a7,True,1.0,1.0,0.7313684751638464,1.0,1.0,1.0,0.8880701979849359
2477,860be3b6be785f37,True,1.0,1.0,0.9095888035405867,1.0,1.0,1.0,0.9623286681419111
2478,a07bb9058982503d,True,1.0,1.0,1.0,1.0,1.0,1.0,1.0
2479,2c9ad43fb0cd5394,True,1.0,1.0,0.7791830773435192,1.0,1.0,1.0,0.9079929488931331
2480,1c4544c0876f5a08,True,1.0,1.0,0.8609010640772029,1.0,1.0,1.0,0.9420421100321678
2481,8e501ed74f025c52,True,1.0,1.0,0.7372153423769248,1.0,1.0,1.0,0.890506392657052
2482,854521fe3b945040,True,1.0,1.0,1.0,1.0,1.0,1.0,1.0
2483,b1899626476e5293,True,1.0,1.0,0.8876729039667668,1.0,1.0,1.0,0.9531970433194861
2484,d8338aefbb73570f,True,1.0,1.0,0.9175827110433089,1.0,1.0,1.0,0.965659462934712
2485,820e9a9314405b62,True,1.0,1.0,1.0,1.0,1.0,1.0,1.0
2486,f5b613e3fa03593d,True,1.0,1.0,1.0,1.0,1.0,1.0,1.0
2487,92e7b3a7f4d054f3,True,1.0,1.0,0.9551022647656962,1.0,1.0,1.0,0.98129261031904
2488,07930113a85651b0,True,1.0,1.0,1.0,1.0,1.0,1.0,1.0
2489,112db94505025ec5,True,1.0,1.0,0.9066049957217829,1.0,1.0,1.0,0.9610854148840762
2490,97ade9e6fa5e5646,True,1.0,1.0,1.0,1.0,1.0,1.0,1.0
2491,300226e9649b51fd,True,1.0,1.0,0.9589466373220348,1.0,1.0,0.0,0.9828944322175145
2492,4b875117d12e5ef6,True,1.0,1.0,0.7831653236158266,1.0,1.0,1.0,0.9096522181732611
2493,ace74ef421f8514f,True,1.0,1.0,0.7058065955105817,1.0,1.0,1.0,0.8774194147960758
2494,0c3c4cd553475d3a,True,1.0,1.0,0.8684117474767673,1.0,1.0,1.0,0.9451715614486531
2495,74a397722f465751,True,1.0,1.0,1.0,1.0,1.0,1.0,1.0
2496,324cb0d226a45b91,True,1.0,1.0,0.6947226110288449,1.0,1.0,1.0,0.8728010879286853
2497,cdd00e6a0e4754e5,True,1.0,0.0,0.0,1.0,1.0,1.0,0.0
2498,865dfd5f72fa599b,True,1.0,1.0,0.8149798885738506,1.0,1.0,1.0,0.9229082869057711
2499,661cdcf44ebe5c68,True,1.0,1.0,0.9647306446386953,1.0,1.0,1.0,0.985304435266123
2500,789eca1c50f85cb4,True,1.0,1.0,0.5517933425637784,1.0,1.0,1.0,0.8132472260682411
2501,f6a8d6a5c5b355d0,True,1.0,1.0,1.0,1.0,1.0,1.0,1.0
2502,f5edba52c4545fe3,True,1.0,1.0,0.6379676651456163,1.0,1.0,1.0,0.8491531938106736
2503,473a047c10f45ef3,True,1.0,1.0,1.0,1.0,1.0,1.0,1.0
2504,6770ba617cae540e,True,1.0,1.0,0.7453460524131249,1.0,1.0,1.0,0.8938941885054686
2505,91ae20bf459859fe,True,1.0,1.0,0.7793061525389645,1.0,1.0,1.0,0.9080442302245686
2506,864977c14b9754eb,True,1.0,1.0,0.8791864584090664,1.0,1.0,1.0,0.949661024337111
2507,864b2d366f575b14,True,1.0,1.0,1.0,1.0,1.0,1.0,1.0
2508,a43337e3cf725ea6,True,1.0,1.0,0.8598357143438171,1.0,1.0,1.0,0.9415982143099239
2509,475a45837ca75030,True,1.0,1.0,0.6860188250734922,1.0,1.0,1.0,0.8691745104472884
2510,9c1e4098a32a5432,True,1.0,1.0,0.8252227088488834,1.0,1.0,1.0,0.9271761286870347
2511,9b86b7cc0b41507b,True,1.0,0.0,0.0,1.0,1.0,1.0,0.0
2512,87a12c9888c75e21,True,1.0,1.0,0.8453997388513464,1.0,1.0,1.0,0.9355832245213943
2513,7f93aad83fb15871,True,1.0,1.0,1.0,1.0,1.0,1.0,1.0
2514,7d9515c88f0254f4,True,1.0,1.0,1.0,1.0,1.0,1.0,1.0
2515,cf7876c4ad0752b5,True,1.0,1.0,1.0,1.0,1.0,1.0,1.0
2516,611bde5a2b585c9d,True,1.0,1.0,0.6826739489555972,1.0,1.0,1.0,0.8677808120648322
2517,c1255801436851c4,True,1.0,1.0,0.8421389641113735,1.0,1.0,1.0,0.9342245683797389
2518,8c47d8fc41a55f31,True,1.0,1.0,0.8302444719995331,1.0,1.0,1.0,0.9292685299998054
2519,afd9edcb6d94521f,True,1.0,0.0,0.0,1.0,1.0,1.0,0.0
2520,c64ddb8e7b675aa3,True,1.0,1.0,0.9337206491198292,1.0,1.0,1.0,0.9723836037999289
2521,583113c5db20565d,True,1.0,1.0,0.8472347881835217,1.0,1.0,1.0,0.9363478284098008
2522,6f44533cf2965b47,True,1.0,1.0,1.0,1.0,1.0,1.0,1.0
2523,ab8af92e0bda5def,True,1.0,1.0,1.0,1.0,1.0,1.0,1.0
2524,03059436fa185bf8,True,1.0,1.0,0.8572978662404226,1.0,1.0,1.0,0.9405407776001761
2525,55194edb46265f3d,True,1.0,1.0,0.9468940641633361,1.0,1.0,1.0,0.9778725267347234
2526,3c584e53042d5157,True,1.0,1.0,0.9492746543783964,1.0,1.0,1.0,0.9788644393243319
2527,a0c45624aa5251db,True,1.0,1.0,1.0,1.0,1.0,1.0,1.0
2528,7053e82f2f1c5364,True,1.0,1.0,1.0,1.0,1.0,1.0,1.0
2529,0bcae698fd905226,True,1.0,1.0,0.9850447890945134,1.0,1.0,1.0,0.9937686621227139
2530,7ccfef5040b359df,True,1.0,1.0,1.0,1.0,1.0,1.0,1.0
2531,8875d7f59f045de3,True,1.0,1.0,1.0,1.0,1.0,1.0,1.0
2532,3e6526b2f7755050,True,1.0,1.0,1.0,1.0,1.0,1.0,1.0
2533,10209c0e885f5162,True,1.0,1.0,0.7317564193425666,1.0,1.0,1.0,0.8882318413927361
2534,0c81f22d5e0658de,True,1.0,1.0,0.8096934334802547,1.0,1.0,1.0,0.9207055972834395
2535,c70300305bb9547e,True,1.0,1.0,0.6844607231630214,1.0,1.0,1.0,0.8685253013179256
2536,2380261642d25251,True,1.0,1.0,1.0,1.0,1.0,1.0,1.0
2537,7a2abf5475ac59ca,True,1.0,1.0,1.0,1.0,1.0,1.0,1.0
2538,21e13e3ac13856b1,True,1.0,1.0,0.715172336441254,1.0,1.0,1.0,0.8813218068505225
2539,c400f7664ba35555,True,1.0,1.0,0.7810460108843338,1.0,1.0,1.0,0.9087691712018057
2540,7602906d3c785da3,True,1.0,1.0,1.0,1.0,1.0,1.0,1.0
2541,9a179eb32481553e,True,1.0,1.0,1.0,1.0,1.0,1.0,1.0
2542,45c6be97d810541f,True,1.0,1.0,0.650161302375853,1.0,1.0,1.0,0.8542338759899387
2543,f289e368449b517b,True,1.0,1.0,0.7478117650951093,1.0,1.0,1.0,0.8949215687896288
2544,afa8102c20685ec5,True,1.0,1.0,0.8181306078425049,1.0,1.0,1.0,0.9242210866010437
2545,bdad96248e575296,True,1.0,1.0,0.8373256574956441,1.0,1.0,1.0,0.9322190239565185
2546,d9d22fcc4d395fc9,True,1.0,1.0,0.37726402162995376,1.0,1.0,1.0,0.7405266756791473
2547,ae28b46a42d051a4,True,1.0,1.0,1.0,1.0,1.0,1.0,1.0
2548,b87e9553091a5216,True,1.0,1.0,1.0,1.0,1.0,1.0,1.0
2549,47f9e40a21f7510a,True,1.0,1.0,1.0,1.0,1.0,1.0,1.0
2550,ead391b66ff253c1,True,1.0,1.0,1.0,1.0,1.0,1.0,1.0
2551,ec4557ae01265fc4,True,1.0,1.0,0.8168612253982217,1.0,1.0,1.0,0.9236921772492591
2552,fab7cc2db66f5e63,True,1.0,1.0,1.0,1.0,1.0,1.0,1.0
2553,ae124de305ca5cb1,True,1.0,1.0,0.8359177395240804,1.0,1.0,1.0,0.931632391468367
2554,3ba8b6918fc45634,True,1.0,1.0,0.8551315421765501,1.0,1.0,0.0,0.9396381425735626
2555,b42ed6a1fecd5e91,True,1.0,1.0,0.9815106257702843,1.0,1.0,1.0,0.9922960940709519
2556,f5cb61c359ce574b,True,1.0,1.0,0.6333204809101876,1.0,1.0,1.0,0.8472168670459115
2557,22af89102e0650b7,True,1.0,1.0,0.9071253224776288,1.0,1.0,1.0,0.961302217699012
2558,48a547f135595df8,True,1.0,1.0,0.6992387009828422,1.0,1.0,1.0,0.8746827920761843
2559,82ab50d6b3ef5a43,True,1.0,1.0,0.9413929697279013,1.0,1.0,1.0,0.9755804040532922
2560,92aee2a7b815565f,True,1.0,1.0,1.0,1.0,1.0,1.0,1.0
2561,4007544abfa3548f,True,1.0,1.0,1.0,1.0,1.0,1.0,1.0
2562,b42af31e8e9b596d,True,1.0,1.0,1.0,1.0,1.0,1.0,1.0
2563,4d4ef3ee372d5afc,True,1.0,1.0,0.7688534468617944,1.0,1.0,1.0,0.9036889361924144
2564,c9b41d0b992158c6,True,1.0,1.0,0.9668588228228883,1.0,1.0,0.5,0.9861911761762036
2565,a8df71513975500b,True,1.0,1.0,0.7635789913977503,1.0,1.0,1.0,0.9014912464157293
2566,41598eaa4cef5f77,True,1.0,1.0,1.0,1.0,1.0,1.0,1.0
2567,fe94da01811e53fc,True,1.0,1.0,0.6542727148428511,1.0,1.0,1.0,0.8559469645178547
2568,e024d36bdd205a12,True,1.0,1.0,1.0,1.0,1.0,1.0,1.0
2569,c4fd814210875a8e,True,1.0,1.0,1.0,1.0,1.0,1.0,1.0
2570,9c5d0ef404c65196,True,1.0,1.0,1.0,1.0,1.0,1.0,1.0
2571,77db0b134a185494,True,1.0,1.0,0.8414069254162595,1.0,1.0,1.0,0.9339195522567748
2572,c2a01dd3d1d45258,True,1.0,1.0,1.0,1.0,1.0,1.0,1.0
2573,c38664c4b23853a3,True,1.0,1.0,0.842983720354338,1.0,1.0,1.0,0.9345765501476407
2574,c766d336f81858c5,True,1.0,1.0,1.0,1.0,1.0,1.0,1.0
2575,40726c708b17504a,True,1.0,1.0,0.9277407239528929,1.0,1.0,1.0,0.9698919683137053
2576,75570ebf4f3551c1,True,1.0,1.0,0.6337148213381094,1.0,1.0,1.0,0.8473811755575457
2577,03ffae8f89f65f90,True,1.0,1.0,1.0,0.0,1.0,1.0,0.5833333333333334
2578,6b363ffce294521f,True,1.0,1.0,0.5226010543348075,1.0,1.0,1.0,0.8010837726395031
2579,de2379f94fc85652,True,1.0,1.0,0.8201443340003777,1.0,1.0,1.0,0.9250601391668241
2580,ebfd1e0fff105c51,True,1.0,1.0,1.0,1.0,1.0,1.0,1.0
2581,d7f2f0a77e3e5b4d,True,1.0,1.0,0.8104070140144679,1.0,1.0,1.0,0.9210029225060282
2582,5f402207dd7d5977,True,1.0,1.0,0.5620770478357432,1.0,1.0,1.0,0.817532103264893
2583,668835640c6057e0,True,1.0,1.0,0.8200336224597709,1.0,1.0,1.0,0.9250140093582379
2584,8a6fbabba3745db9,True,1.0,1.0,0.813635016798323,1.0,1.0,1.0,0.922347923665968
2585,bb57439423df56c7,True,1.0,1.0,0.8242131670027134,1.0,1.0,1.0,0.9267554862511306
2586,8857612d0dad5e95,True,1.0,1.0,0.5948569554468843,1.0,1.0,1.0,0.8311903981028684
2587,c2735759fe9957a5,True,1.0,1.0,1.0,1.0,1.0,1.0,1.0
2588,6cf6aa937d7c5c71,True,1.0,1.0,0.8503244769167734,1.0,1.0,1.0,0.9376351987153223
2589,b1b1e99705dc5afc,True,1.0,1.0,0.8693379833495055,1.0,1.0,1.0,0.945557493062294
2590,d93d307c5aeb5338,True,1.0,1.0,0.8024295046189158,1.0,1.0,1.0,0.9176789602578816
2591,ed01297783a05dba,True,1.0,1.0,0.8541827521175569,0.0,1.0,1.0,0.5225761467156488
2592,2b610cc56f635751,True,1.0,1.0,0.9022680993543022,1.0,1.0,1.0,0.9592783747309591
2593,24179dca21ec5427,True,1.0,1.0,1.0,1.0,1.0,1.0,1.0
2594,6732b99133eb5d36,True,1.0,1.0,1.0,1.0,1.0,1.0,1.0
2595,f1dabe118a6955d6,True,1.0,1.0,1.0,1.0,1.0,1.0,1.0
2596,d929120b36a95db5,True,1.0,1.0,1.0,1.0,1.0,1.0,1.0
2597,a78e1f18f3b255d8,True,1.0,1.0,0.782459106881483,1.0,1.0,1.0,0.9093579612006178
2598,784ddfd058865dcb,True,1.0,1.0,0.905270718170298,1.0,1.0,0.0,0.9605294659042908
2599,9cab6ab13a3059de,True,1.0,1.0,0.7288799930480518,1.0,1.0,1.0,0.8870333304366883
2600,8b9afa7045785acc,True,1.0,1.0,1.0,1.0,1.0,1.0,1.0
2601,5445d4283a475bf6,True,1.0,1.0,0.7253039624072009,1.0,1.0,1.0,0.8855433176696671
2602,9a50c3fce9d75d95,True,1.0,1.0,1.0,1.0,1.0,0.5,1.0
2603,1a1fbb255ec55813,True,1.0,1.0,1.0,1.0,1.0,1.0,1.0
2604,e4b8bdb842ae567e,True,1.0,1.0,0.805044196752061,1.0,1.0,1.0,0.9187684153133587
2605,2a4db0773ca95ce5,True,1.0,0.0,0.0,1.0,1.0,1.0,0.0
2606,32f2729bfe435c65,True,1.0,1.0,1.0,1.0,1.0,1.0,1.0
2607,f1849aa89eed53d1,True,1.0,1.0,1.0,1.0,1.0,1.0,1.0
2608,0691c520f834559d,True,1.0,1.0,0.7794421653182971,1.0,1.0,1.0,0.9081009022159572
2609,f1ae4feebfda5b75,True,1.0,1.0,0.8701821651796937,1.0,1.0,1.0,0.945909235491539
2610,9bb4006483955eb9,True,1.0,1.0,0.8131026975028358,1.0,1.0,1.0,0.922126123959515
2611,1371cce68aa95a4e,True,1.0,1.0,1.0,1.0,1.0,1.0,1.0
2612,0db36f777178525a,True,1.0,1.0,0.8342503314037744,1.0,1.0,1.0,0.9309376380849059
2613,30d10a9c1f8352da,True,1.0,1.0,0.836573960483096,1.0,1.0,1.0,0.9319058168679567
2614,ed90bab84c475e4f,True,1.0,1.0,1.0,1.0,1.0,1.0,1.0
2615,e5d2a01ab5b0562a,True,1.0,1.0,0.8974442058060164,1.0,1.0,0.5,0.9572684190858401
2616,1081728e06ca5239,True,1.0,1.0,1.0,1.0,1.0,1.0,1.0
2617,09436f14d3185748,True,1.0,1.0,1.0,1.0,1.0,1.0,1.0
2618,ad8fec600a4c5ed7,True,1.0,1.0,0.8538179273953165,1.0,1.0,1.0,0.9390908030813819
2619,01c019a7360f5445,True,1.0,1.0,0.7904676588152132,1.0,1.0,1.0,0.9126948578396722
2620,ceedeccf36c35c11,True,1.0,1.0,0.9276659392730224,1.0,1.0,1.0,0.969860808030426
2621,5ab5923ac60c5e8a,True,1.0,1.0,0.734003658584565,1.0,1.0,1.0,0.889168191076902
2622,db7dbae63ff15234,True,1.0,1.0,1.0,1.0,1.0,1.0,1.0
2623,74a8af10863e5455,True,1.0,0.0,0.0,1.0,1.0,1.0,0.0
2624,9324eafb3ef25fdb,True,1.0,1.0,0.9821779475030332,1.0,1.0,1.0,0.9925741447929305
2625,3b56d2b022d25026,True,1.0,1.0,0.9807206981656601,1.0,1.0,1.0,0.991966957569025
2626,7251f2907bd952cb,True,1.0,1.0,0.9253402569540196,1.0,1.0,1.0,0.9688917737308415
2627,fde793c65573590a,True,1.0,1.0,0.5969602278565379,1.0,1.0,1.0,0.8320667616068907
2628,47bf6a2499af5368,True,1.0,1.0,1.0,1.0,1.0,1.0,1.0
2629,f24ade1ee3ac51ce,True,1.0,1.0,1.0,1.0,1.0,1.0,1.0
2630,d9983fb6d20e5413,True,1.0,1.0,1.0,1.0,1.0,1.0,1.0
2631,759441833751576b,True,1.0,1.0,1.0,1.0,1.0,1.0,1.0
2632,e814805effdb5b56,True,1.0,0.0,0.0,0.0,1.0,0.5,0.0
2633,6f8043e8b0a95706,True,1.0,1.0,1.0,1.0,1.0,1.0,1.0
2634,6303f880d5c05166,True,1.0,1.0,1.0,1.0,1.0,1.0,1.0
2635,045f4ecec234564b,True,1.0,1.0,0.7643391204895873,1.0,1.0,1.0,0.9018079668706614
2636,22a9f8694d425753,True,1.0,1.0,0.5387394759212177,1.0,1.0,1.0,0.8078081149671741
2637,db4f9f954c2e597f,True,1.0,1.0,1.0,1.0,1.0,1.0,1.0
2638,a6be7050ff205933,True,1.0,1.0,0.8299203300031934,1.0,1.0,0.5,0.9291334708346639
2639,27209d511a785510,True,1.0,1.0,0.7954527211257377,1.0,1.0,1.0,0.9147719671357241
2640,abf403b697c457ad,True,1.0,1.0,1.0,1.0,1.0,1.0,1.0
2641,d6835050c97f528d,True,1.0,1.0,1.0,1.0,1.0,1.0,1.0
2642,92778c3bfcda566d,True,1.0,1.0,1.0,0.0,1.0,1.0,0.5833333333333334
2643,e69be869445455c7,True,1.0,1.0,0.9231833688073723,1.0,1.0,1.0,0.967993070336405
2644,26cc0e92707756f2,True,1.0,1.0,1.0,1.0,1.0,1.0,1.0
2645,8a7750196bc65a14,True,1.0,1.0,0.7308275607275782,1.0,1.0,1.0,0.8878448169698242
2646,4ba0a7c883e85b4f,True,1.0,1.0,1.0,1.0,1.0,1.0,1.0
2647,c82bebed0dac5691,True,1.0,1.0,0.7861035296949549,1.0,1.0,1.0,0.9108764707062312
2648,15d9ac47a2e05a2b,True,1.0,1.0,1.0,1.0,1.0,1.0,1.0
2649,428532e023bc5783,True,1.0,1.0,0.7628632752857794,1.0,1.0,1.0,0.9011930313690747
2650,4bfd5690eb3d5c6e,True,1.0,1.0,0.7732075090176144,1.0,1.0,1.0,0.9055031287573394
2651,8b7212ba11ec5f3b,True,1.0,1.0,0.8223056758477111,1.0,1.0,0.5,0.9259606982698796
2652,131ab0263b07507c,True,1.0,0.0,0.0,1.0,1.0,1.0,0.0
2653,b0d77b56b10d5861,True,1.0,1.0,1.0,1.0,1.0,1.0,1.0
2654,77f11643ced5562a,True,1.0,1.0,0.9283106925720032,1.0,1.0,1.0,0.9701294552383347
2655,21e98ee0ac165e2c,True,1.0,1.0,1.0,1.0,1.0,1.0,1.0
2656,96164ad9ed8557a7,True,1.0,1.0,0.8958830284812184,1.0,1.0,1.0,0.956617928533841
2657,18dd0b3ef6b75b70,True,1.0,1.0,0.8816093640741165,1.0,1.0,1.0,0.9506705683642153
2658,f3282fb9352c5c9c,True,1.0,1.0,0.8027032685812019,1.0,1.0,1.0,0.9177930285755007
2659,1a442597212150c2,True,1.0,1.0,1.0,1.0,1.0,1.0,1.0
2660,077dd2d55c17560f,True,1.0,1.0,0.6349661663721164,1.0,1.0,1.0,0.8479025693217151
2661,629368f516d85124,True,1.0,1.0,1.0,1.0,1.0,1.0,1.0
2662,cdba9f9589685289,True,1.0,1.0,0.9288630674026727,1.0,1.0,1.0,0.9703596114177803
2663,aad72be88eab564c,True,1.0,1.0,0.7168022663646573,1.0,1.0,1.0,0.8820009443186073
2664,0cb87152ed5e5ca1,True,1.0,1.0,0.802301105693676,1.0,1.0,1.0,0.9176254607056983
2665,d224548a04525f2c,True,1.0,1.0,0.9395581695849026,1.0,1.0,1.0,0.9748159039937093
2666,60615c7f766c5a10,True,1.0,1.0,1.0,1.0,1.0,1.0,1.0
2667,e57f09cee57d5ee1,True,1.0,1.0,0.8270379518378624,1.0,1.0,1.0,0.9279324799324428
2668,9048dd95941958d8,True,1.0,1.0,1.0,1.0,1.0,1.0,1.0
2669,29c9d694a2a15357,True,1.0,1.0,1.0,1.0,1.0,1.0,1.0
2670,ebfb953d479d5982,True,1.0,1.0,1.0,1.0,1.0,1.0,1.0
2671,d11ecb84b9b1511c,True,1.0,1.0,0.8994758827432298,1.0,1.0,1.0,0.9581149511430125
2672,97eca45f93285d17,True,1.0,1.0,0.5485601132626479,1.0,1.0,1.0,0.8119000471927699
2673,93a4b61a25b0509f,True,1.0,1.0,1.0,1.0,1.0,1.0,1.0
2674,c423fa3a18fa5187,True,1.0,1.0,1.0,1.0,1.0,1.0,1.0
2675,d46b1d647640578f,True,1.0,1.0,0.9340271117836231,1.0,1.0,1.0,0.9725112965765096
2676,f7c495f7030a5ac1,True,1.0,1.0,0.899875804753178,1.0,1.0,1.0,0.9582815853138241
2677,022de8051c3f5b83,True,1.0,1.0,1.0,1.0,1.0,1.0,1.0
2678,09978bee1b655865,True,1.0,1.0,0.7923074109123588,1.0,1.0,1.0,0.913461421213483
2679,64b35b9f9f84585a,True,1.0,1.0,0.7117766660363786,1.0,1.0,1.0,0.8799069441818244
2680,bb3926e0e90c5657,True,1.0,1.0,0.9958597699012931,1.0,1.0,1.0,0.9982749041255388
2681,62a97d527fd45916,True,1.0,1.0,0.9207268035207469,1.0,1.0,1.0,0.9669695014669779
2682,4bfd04f7517b5381,True,1.0,1.0,1.0,1.0,1.0,1.0,1.0
2683,87a1c55863135418,True,1.0,1.0,0.6648630810526444,1.0,1.0,1.0,0.8603596171052684
2684,24acfb08c5ef55f5,True,1.0,1.0,1.0,0.0,1.0,1.0,0.5833333333333334
2685,e98f83538a315982,True,1.0,1.0,0.8507783098355458,1.0,1.0,1.0,0.9378242957648109
2686,953aea8a2a085404,True,1.0,1.0,0.9856264843125585,1.0,1.0,1.0,0.9940110351302328
2687,f039cb3455f356ac,True,1.0,1.0,0.7338063879288491,1.0,1.0,1.0,0.8890859949703538
2688,c473976e5a2f5111,True,1.0,1.0,0.5494450742167276,1.0,1.0,1.0,0.8122687809236364
2689,d1971f367cb85683,True,1.0,1.0,0.8339750632599099,1.0,1.0,1.0,0.9308229430249625
2690,6af296d59322504d,True,1.0,1.0,1.0,1.0,1.0,1.0,1.0
2691,690d5fcd5dd056dc,True,1.0,1.0,1.0,1.0,1.0,1.0,1.0
2692,c2f911300954542a,True,1.0,1.0,0.9317299874944578,1.0,1.0,1.0,0.971554161456024
2693,95de48bebbb35484,True,1.0,1.0,1.0,1.0,1.0,1.0,1.0
2694,5146509d64145fcc,True,1.0,1.0,0.8544711969884061,1.0,1.0,1.0,0.9393629987451693
2695,a354ac8030d55e5e,True,1.0,1.0,1.0,1.0,1.0,1.0,1.0
2696,073b782b57115061,True,1.0,1.0,0.9058862787657627,1.0,1.0,1.0,0.9607859494857345
2697,06fbdeb141965cca,True,1.0,1.0,1.0,1.0,1.0,1.0,1.0
2698,7f002eadb0845994,True,1.0,1.0,0.8712751198534495,1.0,1.0,1.0,0.9463646332722706
2699,9a675656c3c85f4c,True,1.0,1.0,0.5804949814300399,1.0,1.0,1.0,0.8252062422625167
2700,9195f25b12bd56d9,True,1.0,1.0,0.8600674629573775,1.0,1.0,1.0,0.9416947762322406
2701,090594c37ce256a3,True,1.0,1.0,1.0,1.0,1.0,1.0,1.0
2702,4158d702c66351d4,True,1.0,1.0,1.0,1.0,1.0,1.0,1.0
2703,e81d82f764c853c0,True,1.0,1.0,0.9493611910006128,1.0,1.0,1.0,0.9789004962502553
2704,6efbee464bcd5780,True,1.0,1.0,0.8726964632844527,1.0,1.0,1.0,0.9469568597018553
2705,1b3de6f75c0559d8,True,1.0,1.0,0.8083038558787007,1.0,1.0,1.0,0.9201266066161252
2706,3fca9a087e505470,True,1.0,1.0,0.8457974054357168,1.0,1.0,1.0,0.9357489189315485
2707,6a064f6f4529550a,True,1.0,1.0,0.61442231244343,1.0,1.0,1.0,0.8393426301847625
2708,1d6b6b43809a50cf,True,1.0,1.0,1.0,1.0,1.0,1.0,1.0
2709,6907f601feee5114,True,1.0,1.0,0.6899136938832202,1.0,1.0,1.0,0.8707973724513417
2710,2251b1d81d0051c1,True,1.0,1.0,1.0,1.0,1.0,1.0,1.0
2711,f9c0cc538bb457c8,True,1.0,1.0,0.9951791430490464,1.0,1.0,1.0,0.9979913096037695
2712,6aa26df6c6d052cb,True,1.0,1.0,0.7397726261840063,1.0,1.0,1.0,0.8915719275766693
2713,451b114eef365ee0,True,1.0,1.0,0.7269572722851244,1.0,1.0,1.0,0.8862321967854685
2714,a3bb30f4190a5f5d,True,1.0,1.0,0.9549921008262159,1.0,1.0,1.0,0.98124670867759
2715,b4561c216e6c5e21,True,1.0,1.0,1.0,1.0,1.0,1.0,1.0
2716,f205c912572b559e,True,1.0,1.0,0.7922980304515898,1.0,1.0,1.0,0.9134575126881623
2717,91d37a0aabe95056,True,1.0,1.0,0.7030044642019866,1.0,1.0,1.0,0.8762518600841611
2718,1bfbaec4ef9b556c,True,1.0,1.0,0.639346117507777,1.0,1.0,1.0,0.8497275489615738
2719,e2e83df1a791542b,True,1.0,1.0,0.9278112762466526,1.0,1.0,1.0,0.9699213651027719
2720,c2790319345a58cf,True,1.0,1.0,1.0,1.0,1.0,1.0,1.0
2721,6795e4cf76f55755,True,1.0,1.0,0.9177371577917219,1.0,1.0,1.0,0.9657238157465509
2722,79984c4826f653fd,True,1.0,1.0,1.0,1.0,1.0,1.0,1.0
2723,bdda68728bf157dd,True,1.0,1.0,0.8302206049514783,1.0,1.0,1.0,0.9292585853964493
2724,5ee074d138be53d4,True,1.0,1.0,1.0,1.0,1.0,1.0,1.0
2725,b3056d1269ae5df9,True,1.0,1.0,0.583993600151831,1.0,1.0,1.0,0.8266640000632629
2726,7da863f64a5f5e90,True,1.0,0.0,0.0,1.0,1.0,0.5,0.0
2727,891fe2fc30c95109,True,1.0,1.0,1.0,1.0,1.0,1.0,1.0
2728,c6fc9d4d4dec5609,True,1.0,1.0,0.9117472682020598,1.0,1.0,1.0,0.9632280284175249
2729,a06715f1cb8358c0,True,1.0,1.0,0.8888252141728592,1.0,1.0,1.0,0.9536771725720247
2730,073d05efa44b5241,True,1.0,1.0,1.0,1.0,1.0,0.0,1.0
2731,2835dec909575f74,True,1.0,1.0,0.9921589093694098,1.0,1.0,1.0,0.9967328789039206
2732,57e7565904e05728,True,1.0,1.0,1.0,1.0,1.0,1.0,1.0
2733,fd2de60bf6745e9a,True,1.0,1.0,0.8329545245362237,1.0,1.0,1.0,0.9303977185567599
2734,645e303a25a65190,True,1.0,1.0,0.8639396959123025,1.0,1.0,1.0,0.943308206630126
2735,71c47324c7eb5657,True,1.0,1.0,0.854371968709237,1.0,1.0,1.0,0.9393216536288488
2736,3bd0bc4b1100504c,True,1.0,1.0,0.822363328264374,0.0,1.0,1.0,0.5093180534434891
2737,376450d3edc951fc,True,1.0,1.0,0.80003044696827,1.0,1.0,1.0,0.9166793529034458
2738,ce567ba416055525,True,1.0,1.0,0.7861881082653968,1.0,1.0,1.0,0.9109117117772486
2739,8671b777d49e5dea,True,1.0,1.0,0.9748572579267699,1.0,1.0,1.0,0.9895238574694876
2740,4abad0cd5fee5f43,True,1.0,1.0,0.7652196916708217,1.0,1.0,1.0,0.902174871529509
2741,5a064a908e64596b,True,1.0,1.0,1.0,1.0,1.0,1.0,1.0
2742,f0455664b24358a7,True,1.0,1.0,1.0,1.0,1.0,1.0,1.0
2743,277c6ebd67da5320,True,1.0,1.0,0.8102174490875375,1.0,1.0,1.0,0.9209239371198072
2744,8625ec015e075c02,True,1.0,1.0,0.7539966546106986,1.0,1.0,1.0,0.8974986060877912
2745,43c65ce08ad6564e,True,1.0,1.0,0.6207048084297525,1.0,1.0,1.0,0.8419603368457302
2746,906587437cf95447,True,1.0,1.0,0.7930372683848206,1.0,1.0,1.0,0.9137655284936752
2747,f465e74f13e652ce,True,1.0,1.0,0.8315491789045201,1.0,1.0,0.0,0.9298121578768833
2748,d753a5379cc15b69,True,1.0,1.0,0.7410454212384404,1.0,1.0,1.0,0.8921022588493502
2749,73fabf2a0bdc5af4,True,1.0,1.0,0.6834885461779088,1.0,1.0,1.0,0.8681202275741287
2750,a5a1e608305d53a8,True,1.0,1.0,0.7595165195048701,1.0,1.0,1.0,0.8997985497936959
2751,cf45427178d25b3d,True,1.0,1.0,0.810674686494032,1.0,1.0,1.0,0.9211144527058467
2752,5628a405141e5e29,True,1.0,1.0,1.0,1.0,1.0,1.0,1.0
2753,bd4dcb8371d85f1d,True,1.0,1.0,1.0,1.0,1.0,1.0,1.0
2754,6201f6d1b5f65431,True,1.0,1.0,0.8492993636888354,1.0,1.0,1.0,0.9372080682036814
2755,6c8d2b130c4d5288,True,1.0,0.0,0.0,1.0,1.0,1.0,0.0
2756,15208e349fb854b4,True,1.0,1.0,0.7226042559758075,1.0,1.0,1.0,0.8844184399899198
2757,e8d6682562335254,True,1.0,1.0,1.0,1.0,1.0,1.0,1.0
2758,682660223761501d,True,1.0,1.0,1.0,1.0,1.0,1.0,1.0
2759,89ab22734ce45927,True,1.0,1.0,0.8640169738910238,1.0,1.0,1.0,0.9433404057879266
2760,a6e7189b4bd35946,True,1.0,1.0,0.9916676288102358,1.0,1.0,1.0,0.9965281786709316
2761,2ac5f9fae5a95215,True,1.0,1.0,0.9460045698624975,1.0,1.0,1.0,0.9775019041093739
2762,5982df20d90a59cc,True,1.0,1.0,1.0,0.0,1.0,1.0,0.5833333333333334
2763,b966c10ea361593f,True,1.0,1.0,0.5419246883614129,1.0,1.0,0.5,0.8091352868172553
2764,e15cc5e1d2f85a26,True,1.0,1.0,0.9281435885079445,1.0,1.0,1.0,0.970059828544977
2765,ded4ce0e91b4596a,True,1.0,1.0,0.8281667299102007,1.0,1.0,1.0,0.9284028041292504
2766,47fdf7c04b155eac,True,1.0,1.0,0.6809628762009012,1.0,1.0,0.0,0.8670678650837088
2767,a0ff6ccbf156551f,True,1.0,1.0,0.904548414145244,1.0,1.0,1.0,0.9602285058938517
2768,8a5809217c605979,True,1.0,1.0,1.0,1.0,1.0,1.0,1.0
2769,1f1c016bd3715dc2,True,1.0,1.0,0.9036331592878425,1.0,1.0,1.0,0.9598471497032678
2770,0a649534cf715ba2,True,1.0,0.0,0.0,1.0,1.0,1.0,0.0
2771,5ea6697ab5c552b6,True,1.0,1.0,1.0,1.0,1.0,1.0,1.0
2772,841f506a559f534f,True,1.0,1.0,0.988588215237599,1.0,1.0,1.0,0.9952450896823329
2773,5a0b3bf9218f56a2,True,1.0,1.0,1.0,1.0,1.0,1.0,1.0
2774,ba02d873678c5cf9,True,1.0,1.0,0.9994113527582429,1.0,1.0,1.0,0.9997547303159345
2775,92ec09fc760c5c4d,True,1.0,1.0,0.9838374017282943,1.0,1.0,1.0,0.993265584053456
2776,1d33935825d8539f,True,1.0,1.0,0.8043735005055904,1.0,1.0,1.0,0.918488958543996
2777,59c00a21c1315d9b,True,1.0,1.0,1.0,1.0,1.0,1.0,1.0
2778,afa712d7affc5fbf,True,1.0,1.0,0.83675622201511,1.0,1.0,1.0,0.9319817591729626
2779,4154c963fb4f578d,True,1.0,1.0,0.8800815732789875,1.0,1.0,1.0,0.9500339888662448
2780,fc8f087133c55220,True,1.0,1.0,0.6972784264854217,1.0,1.0,1.0,0.8738660110355925
2781,fc09376fd45c509a,True,1.0,1.0,0.918514724377598,1.0,1.0,1.0,0.9660478018239992
2782,b7598f311c365e95,True,1.0,1.0,0.9010327310607916,1.0,1.0,1.0,0.9587636379419965
2783,3756dc24f9e65fd7,True,1.0,0.0,0.0,1.0,1.0,0.5,0.0
2784,d9eeceb896445e10,True,1.0,1.0,0.8827606926273794,1.0,1.0,1.0,0.9511502885947415
2785,9bd57127fa3b5d8d,True,1.0,1.0,0.6958817355984995,1.0,1.0,1.0,0.8732840564993748
2786,c77d96b1b7d65d8a,True,1.0,1.0,1.0,1.0,1.0,1.0,1.0
2787,310d65ad9aee5366,True,1.0,1.0,1.0,1.0,1.0,1.0,1.0
2788,1509901c10495792,True,1.0,1.0,0.9072656307042658,1.0,1.0,1.0,0.9613606794601107
2789,84e16f3286255759,True,1.0,1.0,0.7267265351997189,1.0,1.0,1.0,0.8861360563332162
2790,a8d904be723d5ab9,True,1.0,1.0,0.7452619413174829,1.0,1.0,1.0,0.8938591422156179
2791,c08100986326547c,True,1.0,1.0,0.9843775022745258,1.0,1.0,1.0,0.9934906259477191
2792,9f841033bc335965,True,1.0,0.0,0.0,1.0,1.0,1.0,0.0
2793,6f385b24c5a651bf,True,1.0,1.0,0.9111212897693716,1.0,1.0,1.0,0.9629672040705715
2794,2bd04a0902095129,True,1.0,0.0,0.0,1.0,1.0,1.0,0.0
2795,8c9f50cc72685ca7,True,1.0,1.0,0.8289270536068595,1.0,1.0,1.0,0.9287196056695247
2796,2a10522631ab5a56,True,1.0,1.0,1.0,1.0,1.0,0.5,1.0
2797,9d8312bf37795d27,True,1.0,1.0,0.8776088068315174,1.0,1.0,1.0,0.9490036695131323
2798,ade66429cb58544c,True,1.0,1.0,0.7754098071668931,1.0,1.0,1.0,0.9064207529862055
2799,6856c3ad77315d3c,True,1.0,1.0,0.7692394768400496,1.0,1.0,1.0,0.9038497820166874
2800,cdc6e3f7dcb25376,True,1.0,1.0,1.0,1.0,1.0,1.0,1.0
2801,36f96e28725c5f5e,True,1.0,1.0,0.8143570241250077,1.0,1.0,1.0,0.9226487600520864
2802,3c26d6bf58555468,True,1.0,1.0,1.0,1.0,1.0,1.0,1.0
2803,bfc7b627dfdf5f58,True,1.0,1.0,0.6267467235755522,1.0,1.0,1.0,0.8444778014898134
2804,0bced38a12a352c4,True,1.0,1.0,1.0,1.0,1.0,1.0,1.0
2805,96bf2644106456f6,True,1.0,1.0,0.8576964887184122,1.0,1.0,1.0,0.9407068702993384
2806,3cc3ea967df55cf0,True,1.0,1.0,1.0,1.0,1.0,1.0,1.0
2807,fb2a6578f15d5ff5,True,1.0,1.0,1.0,1.0,1.0,0.5,1.0
2808,6b2cda5004dc5df9,True,1.0,1.0,1.0,1.0,1.0,1.0,1.0
2809,bb85e87e90ae52ec,True,1.0,1.0,1.0,0.0,1.0,1.0,0.5833333333333334
2810,5c665c5453cc54a0,True,1.0,1.0,1.0,1.0,1.0,1.0,1.0
2811,d00c78600089543a,True,1.0,1.0,0.7019082104388724,1.0,1.0,1.0,0.8757950876828634
2812,93e2377357d9551e,True,1.0,1.0,0.9300238049997562,1.0,1.0,1.0,0.9708432520832316
2813,afa0bb26045b5981,True,1.0,1.0,0.632471994584487,1.0,1.0,1.0,0.8468633310768695
2814,3d6f193fad315d97,True,1.0,1.0,0.9722131315876558,1.0,1.0,1.0,0.9884221381615234
2815,74f87045b75156f4,True,1.0,1.0,0.8300389743944165,1.0,1.0,1.0,0.9291829059976736
2816,77daa055e4ed5ae2,True,1.0,1.0,0.8239230429860099,1.0,1.0,1.0,0.9266346012441709
2817,ac3410e696505284,True,1.0,1.0,0.6221784224088834,1.0,1.0,1.0,0.8425743426703681
2818,1f7afb10d4cc5319,True,1.0,1.0,0.7245432908570578,1.0,1.0,1.0,0.8852263711904408
2819,7bd504ce0e1950b9,True,1.0,1.0,0.7002391559228434,1.0,1.0,1.0,0.8750996483011848
2820,df3d0104b7665474,True,1.0,1.0,0.8025531347633704,1.0,1.0,1.0,0.917730472818071
2821,107e89e927fa571a,True,1.0,1.0,0.8498963450297746,1.0,1.0,1.0,0.9374568104290727
2822,cb10eedc602a59ab,True,1.0,1.0,1.0,1.0,1.0,1.0,1.0
2823,14ee80bbba6b587a,True,1.0,1.0,0.7033723615195575,1.0,1.0,1.0,0.876405150633149
2824,18492b6ce9905b13,True,1.0,1.0,0.7007884316701438,1.0,1.0,1.0,0.8753285131958933
2825,c61fe0459c4451ef,True,1.0,0.0,0.0,1.0,1.0,1.0,0.0
2826,f55f99174afa5d7e,True,1.0,1.0,0.8378751460699202,1.0,1.0,1.0,0.9324479775291334
2827,4bda94d100d65f0d,True,1.0,1.0,1.0,1.0,1.0,1.0,1.0
2828,bde1cb24aeb45289,True,1.0,1.0,0.7680402317253016,1.0,1.0,1.0,0.903350096552209
2829,4674e35da8425113,True,1.0,1.0,1.0,1.0,1.0,1.0,1.0
2830,5322f39a6130560c,True,1.0,1.0,1.0,1.0,1.0,1.0,1.0
2831,c5dfe79ae983556a,True,1.0,1.0,1.0,1.0,1.0,1.0,1.0
2832,0bbfb35740e25929,True,1.0,1.0,0.8687578371111262,1.0,1.0,1.0,0.9453157654629692
2833,c282872767cb5199,True,1.0,1.0,1.0,1.0,1.0,1.0,1.0
2834,a67f68a6c9e85668,True,1.0,1.0,0.8320388518254126,1.0,1.0,1.0,0.9300161882605886
2835,d5407856a57357ce,True,1.0,1.0,1.0,1.0,1.0,1.0,1.0
2836,4e8e687d6fd55093,True,1.0,1.0,0.7821887045242045,1.0,1.0,1.0,0.9092452935517518
2837,cd008a1ed571512f,True,1.0,1.0,0.8149707573586134,1.0,1.0,1.0,0.9229044822327556
2838,ba8af38306035c11,True,1.0,1.0,1.0,1.0,1.0,1.0,1.0
2839,ba83a36f96af5ceb,True,1.0,1.0,0.8422686839807263,1.0,1.0,1.0,0.9342786183253026
2840,82bebb2c1ca55736,True,1.0,1.0,0.9819186399711035,1.0,1.0,1.0,0.9924660999879599
2841,2cd2afde48275675,True,1.0,1.0,0.8468468123215869,1.0,1.0,1.0,0.9361861718006613
2842,697f7ae6d60f5f2d,True,1.0,1.0,1.0,1.0,1.0,1.0,1.0
2843,08b29b05bc4650f8,True,1.0,1.0,0.7423058573430239,1.0,1.0,1.0,0.8926274405595933
2844,237b75204e495145,True,1.0,1.0,0.518569550155815,1.0,1.0,1.0,0.7994039792315896
2845,9056de7dce5a50d3,True,1.0,1.0,0.7313497053547985,1.0,1.0,1.0,0.888062377231166
2846,29051d7805db50d0,True,1.0,1.0,0.5312539635696718,1.0,1.0,1.0,0.8046891514873632
2847,21bc638f113e5f63,True,1.0,1.0,0.9659285087739637,1.0,1.0,1.0,0.9858035453224848
2848,d35af9a0d57656d4,True,1.0,1.0,1.0,1.0,1.0,1.0,1.0
2849,175f0101f12750b1,True,1.0,1.0,0.821615725297881,1.0,1.0,1.0,0.9256732188741171
2850,77c1bc7a68b55fb9,True,1.0,1.0,0.6788494599027299,1.0,1.0,1.0,0.8661872749594708
2851,1a37d69ab5805f15,True,1.0,1.0,0.916030986416071,1.0,1.0,1.0,0.9650129110066962
2852,65d2b64fb7375094,True,1.0,1.0,0.8877252784238616,1.0,1.0,1.0,0.9532188660099422
2853,673a88a4037f5b6b,True,1.0,1.0,0.0,1.0,1.0,1.0,0.5833333333333334
2854,0bdc177e43cf5df8,True,1.0,1.0,0.6926996116417005,1.0,1.0,1.0,0.8719581715173752
2855,a3df0f8925b251e0,True,1.0,1.0,1.0,1.0,1.0,1.0,1.0
2856,3c58a86242fe5671,True,1.0,1.0,1.0,1.0,1.0,1.0,1.0
2857,774160714b7e5ca4,True,1.0,1.0,1.0,1.0,1.0,1.0,1.0
2858,d63949c1e1a25eab,True,1.0,1.0,1.0,1.0,1.0,1.0,1.0
2859,719eb7fea14c5b94,True,1.0,1.0,1.0,1.0,1.0,1.0,1.0
2860,6f7c844cb6c0587a,True,1.0,1.0,0.8332627374503068,1.0,1.0,1.0,0.9305261406042945
2861,08a80ada64475443,True,1.0,1.0,0.42554621491999295,1.0,1.0,1.0,0.7606442562166637
2862,d0672a5ab71d59fb,True,1.0,1.0,1.0,1.0,1.0,1.0,1.0
2863,804236dcfffa523e,True,1.0,1.0,0.7606473874007367,1.0,1.0,1.0,0.900269744750307
2864,6740833c5f9d571a,True,1.0,1.0,0.9118083460301549,1.0,1.0,1.0,0.9632534775125645
2865,33b379cc74255b15,True,1.0,1.0,0.9507726462354588,1.0,1.0,1.0,0.9794886025981079
2866,0a6906b694b65108,True,1.0,1.0,1.0,1.0,1.0,1.0,1.0
2867,58b6adc2f0495506,True,0.0,1.0,0.0,0.0,1.0,1.0,0.0
2868,average,False,0.9982554082344731,0.9549895324494069,0.8292130503808313,0.9776692254012561,0.9989532449406838,0.9759246336357292,0.8948192315642393
