,token,valid,no_at_fault_collisions,drivable_area_compliance,ego_progress,time_to_collision_within_bound,comfort,driving_direction_compliance,score
0,73fabf2a0bdc5af4,True,1.0,1.0,0.7374684794719647,1.0,1.0,1.0,0.890611866446652
1,4a6dd3df952b5703,True,1.0,1.0,1.0,1.0,1.0,1.0,1.0
2,69bc8107e82b54db,True,1.0,1.0,0.728880672435319,1.0,1.0,1.0,0.8870336135147162
3,e98f83538a315982,True,1.0,1.0,0.8507783098355458,1.0,1.0,1.0,0.9378242957648109
4,d4374a032e28535e,True,1.0,1.0,1.0,1.0,1.0,1.0,1.0
5,88d3ee1e3b435a28,True,1.0,1.0,0.7850840720896953,1.0,1.0,1.0,0.9104516967040398
6,5322f39a6130560c,True,1.0,1.0,1.0,1.0,1.0,1.0,1.0
7,697f7ae6d60f5f2d,True,1.0,0.0,0.0,1.0,1.0,1.0,0.0
8,a514e82818cb55da,True,1.0,1.0,0.7350252262763841,1.0,1.0,1.0,0.8895938442818268
9,c6724cca6a1559a1,True,1.0,1.0,0.9041533032446206,1.0,1.0,1.0,0.9600638763519252
10,1727319cfd2b5661,True,1.0,1.0,0.9253631240644576,1.0,1.0,1.0,0.9689013016935241
11,d00c78600089543a,True,1.0,1.0,1.0,1.0,1.0,1.0,1.0
12,635495c0e2295c4d,True,1.0,1.0,1.0,1.0,1.0,1.0,1.0
13,5b21d7acaa545a46,True,1.0,1.0,1.0,1.0,1.0,1.0,1.0
14,ed01297783a05dba,True,1.0,1.0,0.842627089189816,1.0,1.0,1.0,0.9344279538290899
15,3d84e6189fdd51bb,True,1.0,0.0,0.0,1.0,1.0,1.0,0.0
16,054054d63ad85fa3,True,1.0,1.0,0.7476675299284706,1.0,1.0,1.0,0.8948614708035295
17,61f8e636db175a83,True,1.0,1.0,0.8293463213384126,1.0,1.0,1.0,0.9288943005576719
18,ac3410e696505284,True,1.0,1.0,0.6221784224088834,1.0,1.0,1.0,0.8425743426703681
19,fb2402a506065225,True,1.0,1.0,0.10868248422638323,1.0,1.0,1.0,0.628617701760993
20,0fa603b5789956f1,True,1.0,1.0,0.9338112626799847,1.0,1.0,1.0,0.9724213594499936
21,fc8a40e606a25836,True,1.0,0.0,0.0,1.0,1.0,1.0,0.0
22,09d33cf8b87c5ae3,True,1.0,1.0,0.6081081425442216,1.0,1.0,1.0,0.8367117260600923
23,ddc7d737df1957cb,True,1.0,1.0,1.0,1.0,1.0,1.0,1.0
24,d4af857a65825fc1,True,1.0,1.0,0.8842894688775357,1.0,1.0,1.0,0.9517872786989732
25,dabc9043dbb9560b,True,1.0,1.0,0.8154575459598882,1.0,1.0,1.0,0.92310731081662
26,c11b8e3e58e857f6,True,1.0,0.0,0.0,1.0,1.0,1.0,0.0
27,41598eaa4cef5f77,True,1.0,1.0,1.0,1.0,1.0,1.0,1.0
28,6183ed1d16f05d11,True,1.0,1.0,1.0,1.0,1.0,1.0,1.0
29,65d2b64fb7375094,True,1.0,1.0,0.8877252784238616,1.0,1.0,1.0,0.9532188660099422
30,ab2b84d310be5bed,True,1.0,1.0,0.7204636673721083,1.0,1.0,1.0,0.8835265280717118
31,d33aaa347f795d0b,True,1.0,1.0,0.8243253379660719,1.0,1.0,1.0,0.9268022241525299
32,54db5162fc6c563c,True,1.0,1.0,0.8028707794434236,1.0,1.0,1.0,0.9178628247680932
33,e16ed6e841ee58cd,True,1.0,1.0,1.0,1.0,1.0,1.0,1.0
34,7dae0a8be0545755,True,1.0,1.0,0.6901673592877222,1.0,1.0,1.0,0.8709030663698843
35,8c5518bf679458df,True,1.0,1.0,0.807411613318977,1.0,1.0,1.0,0.919754838882907
36,90551e9098aa5b12,True,1.0,1.0,1.0,1.0,1.0,1.0,1.0
37,cf45427178d25b3d,True,1.0,1.0,0.7989270742170925,1.0,1.0,1.0,0.9162196142571218
38,4bfd04f7517b5381,True,1.0,1.0,1.0,1.0,1.0,1.0,1.0
39,cc63d140e4285f30,True,1.0,1.0,1.0,1.0,1.0,1.0,1.0
40,9a675656c3c85f4c,True,1.0,1.0,0.5520612576019331,1.0,1.0,1.0,0.8133588573341388
41,411af42484ea5bb5,True,1.0,1.0,0.9729507653905339,1.0,1.0,1.0,0.988729485579389
42,ad6af1cce80c5983,True,1.0,1.0,1.0,1.0,1.0,1.0,1.0
43,e317ddda18f25545,True,1.0,0.0,0.0,1.0,1.0,1.0,0.0
44,6d3f9d5ca5e05aa2,True,1.0,1.0,0.83797591940012,1.0,1.0,1.0,0.9324899664167167
45,3b5422b60c4f5c4b,True,1.0,1.0,1.0,1.0,1.0,1.0,1.0
46,1584747ded7f5564,True,1.0,1.0,0.5958983146128252,1.0,1.0,1.0,0.8316242977553437
47,a4525819e5c25936,True,1.0,1.0,1.0,1.0,1.0,1.0,1.0
48,c1255801436851c4,True,1.0,1.0,0.8421389641113735,1.0,1.0,1.0,0.9342245683797389
49,4e8e687d6fd55093,True,1.0,1.0,0.7284773369170382,1.0,1.0,1.0,0.8868655570487659
50,98867b3fc7a95c24,True,1.0,1.0,0.8693136564040279,1.0,1.0,1.0,0.9455473568350117
51,3f38262eb4d55376,True,1.0,1.0,0.8875471645561013,1.0,1.0,1.0,0.9531446518983756
52,b1ce459acfb95179,True,1.0,1.0,0.8818351759492703,1.0,1.0,1.0,0.9507646566455293
53,e745423278015ece,True,1.0,1.0,0.9441989112212499,1.0,1.0,1.0,0.9767495463421874
54,b53b172e95895a12,True,1.0,0.0,0.0,1.0,1.0,1.0,0.0
55,177b58cd935356f2,True,1.0,1.0,1.0,0.0,1.0,1.0,0.5833333333333334
56,5865085ba43752de,True,1.0,1.0,0.9775740536862835,1.0,1.0,1.0,0.990655855702618
57,690d5fcd5dd056dc,True,1.0,1.0,1.0,1.0,1.0,1.0,1.0
58,14128c4b87b15777,True,1.0,1.0,0.633853090526539,1.0,1.0,1.0,0.8474387877193913
59,fc0fc7649a335d27,True,1.0,1.0,1.0,1.0,1.0,1.0,1.0
60,e8c4f72606fb5cb0,True,1.0,1.0,0.546203756077502,1.0,1.0,1.0,0.8109182316989592
61,75f8f9a90db75078,True,1.0,1.0,0.8531517280848021,1.0,1.0,1.0,0.9388132200353342
62,eb3e272209a4520f,True,1.0,1.0,0.7680082415742773,1.0,1.0,1.0,0.9033367673226156
63,359651aff6c55fc3,True,1.0,1.0,0.748262075102029,1.0,1.0,1.0,0.8951091979591789
64,b9e254f3d4a75454,True,1.0,1.0,0.7745557614691664,1.0,1.0,1.0,0.9060649006121526
65,ff4dceb630df54fa,True,1.0,1.0,1.0,1.0,1.0,1.0,1.0
66,cdd00e6a0e4754e5,True,1.0,0.0,0.0,1.0,1.0,1.0,0.0
67,6ac3f5626d2b555b,True,1.0,1.0,1.0,1.0,1.0,1.0,1.0
68,d345cd51380a5243,True,1.0,1.0,0.9049307943925028,1.0,1.0,1.0,0.9603878309968762
69,fba8aa5a1cb8583e,True,1.0,1.0,1.0,1.0,1.0,1.0,1.0
70,812dd82ab5fb5742,True,1.0,1.0,0.697218383372028,1.0,1.0,1.0,0.8738409930716783
71,d782b032259d5cc0,True,1.0,1.0,0.7650632647027257,1.0,1.0,1.0,0.9021096936261358
72,9410f817dff058c2,True,1.0,1.0,1.0,1.0,1.0,1.0,1.0
73,0561ac957ffc5c4f,True,1.0,1.0,1.0,1.0,1.0,1.0,1.0
74,d89b0ef5c58b5621,True,1.0,1.0,1.0,1.0,1.0,1.0,1.0
75,04f548a98d695310,True,1.0,1.0,1.0,0.0,1.0,1.0,0.5833333333333334
76,90ed944de9405835,True,1.0,1.0,0.855935189309036,1.0,1.0,1.0,0.9399729955454316
77,804236dcfffa523e,True,1.0,1.0,0.7606473874007367,1.0,1.0,1.0,0.900269744750307
78,5259a5b9d00d54a7,True,1.0,1.0,0.8405073937742358,1.0,1.0,1.0,0.9335447474059316
79,39e13f76e8b55320,True,1.0,1.0,1.0,1.0,1.0,1.0,1.0
80,0dc4e0a3f0195741,True,1.0,1.0,0.636077088343234,1.0,1.0,1.0,0.8483654534763474
81,189b5f98f6e6549c,True,1.0,1.0,1.0,1.0,1.0,1.0,1.0
82,07930113a85651b0,True,1.0,1.0,1.0,1.0,1.0,1.0,1.0
83,16cd404f3eaa5cd0,True,1.0,1.0,0.943067344380279,1.0,1.0,1.0,0.9762780601584495
84,8e501ed74f025c52,True,1.0,1.0,0.7372153423769248,1.0,1.0,1.0,0.890506392657052
85,fd525d3c25b15c97,True,1.0,1.0,0.8296302725545565,1.0,1.0,1.0,0.9290126135643986
86,5c9c6666d0725c64,True,1.0,0.0,0.0,1.0,1.0,1.0,0.0
87,f84498af5b4f55eb,True,1.0,1.0,1.0,1.0,1.0,1.0,1.0
88,4c59eeddd50e5866,True,1.0,1.0,0.6165982685313167,1.0,1.0,1.0,0.8402492785547153
89,eb3531cddadb57e9,True,1.0,1.0,1.0,1.0,1.0,1.0,1.0
90,af5ebe3ccf8f50ed,True,1.0,1.0,0.5540282960949191,1.0,1.0,1.0,0.8141784567062164
91,8062fe1c1def5111,True,1.0,1.0,1.0,1.0,1.0,1.0,1.0
92,bca2f135ebf4542c,True,1.0,1.0,0.7900684917721769,1.0,1.0,1.0,0.9125285382384071
93,1309e3cfb6f25c6e,True,1.0,1.0,1.0,1.0,1.0,1.0,1.0
94,d961ad586b625f55,True,1.0,1.0,1.0,1.0,1.0,1.0,1.0
95,f2fdedb5a4ba5c4c,True,1.0,1.0,0.7392473654405703,1.0,1.0,1.0,0.891353068933571
96,94e4d365aeec5cec,True,1.0,1.0,1.0,1.0,1.0,0.5,1.0
97,09436f14d3185748,True,1.0,1.0,1.0,1.0,1.0,1.0,1.0
98,be7c407443f15fec,True,1.0,1.0,0.8788052924903197,1.0,1.0,1.0,0.9495022052043
99,017e89f6f6a85d79,True,1.0,1.0,1.0,1.0,1.0,1.0,1.0
100,04f8f8b4cf0c52e7,True,1.0,1.0,1.0,1.0,1.0,1.0,1.0
101,3c93ac00b682563d,True,1.0,1.0,0.6175023501463432,1.0,1.0,1.0,0.840625979227643
102,82bebb2c1ca55736,True,1.0,0.0,0.0,1.0,1.0,1.0,0.0
103,18b121dcc082591e,True,1.0,1.0,1.0,1.0,1.0,1.0,1.0
104,30c52d38e4975fe7,True,1.0,1.0,0.8316215144866863,1.0,1.0,1.0,0.9298422977027859
105,bb1650a0e72e5b7d,True,1.0,1.0,1.0,1.0,1.0,1.0,1.0
106,ff1a305b2c1752af,True,1.0,1.0,0.8102652723161266,1.0,1.0,1.0,0.9209438634650526
107,0a672fa6dbb95d68,True,1.0,1.0,0.776958370378558,1.0,1.0,1.0,0.9070659876577324
108,cd5c67041095597b,True,1.0,1.0,1.0,1.0,1.0,1.0,1.0
109,31e7be6258f35c5a,True,1.0,1.0,0.947916822462115,1.0,1.0,1.0,0.9782986760258812
110,83472e2adb545cd5,True,1.0,1.0,1.0,1.0,1.0,1.0,1.0
111,6829197915d25514,True,1.0,1.0,1.0,1.0,1.0,1.0,1.0
112,1b95b6689ee75fab,True,1.0,1.0,0.7741945777462289,1.0,1.0,1.0,0.9059144073942621
113,189e9c0a20085a38,True,1.0,1.0,0.5703794014295203,1.0,1.0,1.0,0.8209914172623001
114,c38319fd82be5bf0,True,1.0,1.0,0.5554186488377638,1.0,1.0,1.0,0.8147577703490683
115,0278f1a2ae3b5ae5,True,1.0,1.0,0.7936468955375867,1.0,1.0,1.0,0.9140195398073278
116,d4f989ee320e52e9,True,1.0,1.0,1.0,1.0,1.0,1.0,1.0
117,01d061d9a66451ea,True,1.0,1.0,1.0,1.0,1.0,1.0,1.0
118,d5b18d6105c25004,True,1.0,1.0,1.0,1.0,1.0,1.0,1.0
119,36077daf1cda5d05,True,1.0,1.0,1.0,1.0,1.0,1.0,1.0
120,661cdcf44ebe5c68,True,1.0,1.0,0.9647306446386953,1.0,1.0,1.0,0.985304435266123
121,18023ea42fe95bdb,True,1.0,1.0,0.709649457349377,1.0,1.0,1.0,0.8790206072289072
122,f9592039b6aa5165,True,1.0,1.0,0.6736393521449241,1.0,1.0,1.0,0.8640163967270517
123,0f3cdfd8866b5915,True,1.0,1.0,0.6854497857967614,1.0,1.0,1.0,0.8689374107486506
124,ae28b46a42d051a4,True,1.0,1.0,1.0,1.0,1.0,1.0,1.0
125,51754449a4dd5f27,True,1.0,1.0,1.0,0.0,1.0,1.0,0.5833333333333334
126,12d283af921a5f09,True,1.0,1.0,1.0,1.0,1.0,0.0,1.0
127,5c838efd36805c92,True,1.0,1.0,0.9019843022233124,1.0,1.0,1.0,0.9591601259263802
128,49f37d1d50ef5873,True,1.0,1.0,1.0,1.0,1.0,1.0,1.0
129,c5ff0a82eabb5b05,True,1.0,1.0,0.7060290949475942,1.0,1.0,1.0,0.8775121228948309
130,29be20efdac25f74,True,1.0,1.0,0.9417922094416092,1.0,1.0,1.0,0.9757467539340038
131,89ec780cbf965fba,True,1.0,1.0,0.93283876986758,1.0,1.0,1.0,0.9720161541114916
132,c66c7433e8855d01,True,1.0,1.0,0.7334238554095385,1.0,1.0,1.0,0.888926606420641
133,cdc469758f7c502b,True,1.0,1.0,1.0,1.0,1.0,1.0,1.0
134,7631ace833c857ba,True,1.0,1.0,0.9134948709232393,1.0,1.0,1.0,0.9639561962180164
135,49b8cbfbe63e5c09,True,1.0,1.0,0.612418932730352,1.0,1.0,1.0,0.8385078886376466
136,9726171368175cc6,True,1.0,1.0,1.0,1.0,1.0,1.0,1.0
137,40f6df731aed5f6f,True,1.0,1.0,0.8390661070081591,1.0,1.0,1.0,0.9329442112533997
138,00b2afbb751b59c6,True,1.0,1.0,0.9318217793417073,1.0,1.0,1.0,0.9715924080590447
139,b337627936ea5488,True,1.0,1.0,0.8871443496927843,1.0,1.0,1.0,0.9529768123719936
140,436da44562c95ac0,True,1.0,1.0,1.0,1.0,1.0,1.0,1.0
141,599cd3d1986c5509,True,1.0,1.0,1.0,1.0,1.0,1.0,1.0
142,49bd1e2dd88457e3,True,1.0,1.0,1.0,1.0,1.0,1.0,1.0
143,f55316b2f9655692,True,1.0,1.0,0.7675095646783833,1.0,1.0,1.0,0.9031289852826596
144,5f2fff93dc3356d6,True,1.0,1.0,0.925153835451731,1.0,1.0,1.0,0.9688140981048878
145,92e499cae59d57d4,True,1.0,0.0,0.0,1.0,1.0,1.0,0.0
146,4c721a83046651e4,True,1.0,1.0,1.0,1.0,1.0,1.0,1.0
147,f8ec4186e4f15c8f,True,1.0,1.0,1.0,1.0,1.0,1.0,1.0
148,e69be869445455c7,True,1.0,0.0,0.0,1.0,1.0,1.0,0.0
149,3ba2c46a8d445efd,True,1.0,1.0,0.8901052196519857,1.0,1.0,1.0,0.9542105081883273
150,17631c945bb959f6,True,1.0,1.0,1.0,1.0,1.0,1.0,1.0
151,310d65ad9aee5366,True,1.0,1.0,1.0,1.0,1.0,1.0,1.0
152,f8b524a4e8925503,True,1.0,1.0,0.9960366443324229,1.0,1.0,1.0,0.9983486018051763
153,6c3a055d6ac15aa9,True,1.0,1.0,0.8114308696403443,1.0,1.0,1.0,0.9214295290168101
154,214bd73e71715f2c,True,1.0,1.0,0.9787536684036603,1.0,1.0,1.0,0.9911473618348584
155,6aa2d225dc0d5b6e,True,1.0,1.0,1.0,1.0,1.0,1.0,1.0
156,63ec12363eef5e89,True,1.0,1.0,0.9107675868018482,1.0,1.0,1.0,0.9628198278341035
157,af064082155f5dc0,True,1.0,1.0,1.0,1.0,1.0,1.0,1.0
158,53feb52497035b3e,True,1.0,1.0,1.0,1.0,1.0,1.0,1.0
159,65bed9b54a335206,True,1.0,1.0,0.6396705584677799,1.0,1.0,1.0,0.8498627326949082
160,1139adeebbbe5d34,True,1.0,1.0,1.0,1.0,1.0,1.0,1.0
161,c9902a827ade5f45,True,1.0,1.0,0.7568451548546614,1.0,1.0,1.0,0.8986854811894421
162,0aee34efc8445718,True,1.0,1.0,0.9105766637517319,1.0,1.0,1.0,0.9627402765632217
163,075154c90a0a5d7c,True,1.0,1.0,0.6412554347563401,1.0,1.0,1.0,0.8505230978151417
164,6f385b24c5a651bf,True,1.0,1.0,0.9111212897693716,1.0,1.0,1.0,0.9629672040705715
165,b958e6967993560f,True,1.0,1.0,0.8122990404351342,1.0,1.0,1.0,0.9217912668479725
166,785b0e9d5d505db4,True,1.0,1.0,0.8707539647118238,1.0,1.0,1.0,0.9461474852965933
167,cacf768cc27e5574,True,1.0,1.0,0.5274999466297347,1.0,1.0,1.0,0.8031249777623893
168,0ee1f95f55d95f7e,True,1.0,1.0,0.5900188794136715,1.0,1.0,1.0,0.8291745330890298
169,daea2a5f018858f6,True,1.0,1.0,0.9270365192616012,1.0,1.0,1.0,0.9695985496923338
170,29d3fc42d08d57d2,True,1.0,1.0,1.0,1.0,1.0,1.0,1.0
171,c2f911300954542a,True,1.0,1.0,0.9317299874944578,1.0,1.0,1.0,0.971554161456024
172,84358d0871db53dc,True,1.0,1.0,1.0,1.0,1.0,1.0,1.0
173,1f13bc7f674b5ebe,True,1.0,1.0,1.0,1.0,1.0,1.0,1.0
174,9b1bea0cc0d75583,True,1.0,1.0,0.9394987389983922,1.0,1.0,1.0,0.9747911412493301
175,0ae4ce0255695d31,True,1.0,1.0,0.6128916904702881,1.0,1.0,1.0,0.8387048710292868
176,7dc47eb4f41e523d,True,1.0,1.0,1.0,1.0,1.0,1.0,1.0
177,7bacd3cec5df553f,True,1.0,1.0,1.0,1.0,1.0,1.0,1.0
178,0eae7eacff765533,True,1.0,1.0,0.9783519933929973,1.0,1.0,1.0,0.9909799972470822
179,6efb5186a9e55a68,True,1.0,1.0,1.0,1.0,1.0,1.0,1.0
180,d7a0ac2136015985,True,1.0,1.0,1.0,1.0,1.0,1.0,1.0
181,02e1537a43d55ab2,True,1.0,1.0,1.0,1.0,1.0,1.0,1.0
182,981dc3169f655892,True,1.0,0.0,0.0,1.0,1.0,1.0,0.0
183,026bb114391d5b81,True,1.0,1.0,1.0,1.0,1.0,1.0,1.0
184,41890b20b92953b4,True,1.0,1.0,1.0,1.0,1.0,1.0,1.0
185,9c68b0b158bb5d03,True,1.0,1.0,0.6634877190782479,1.0,0.0,1.0,0.69311988294927
186,4dba0d7ebbf95639,True,1.0,1.0,0.8531056762502559,1.0,1.0,1.0,0.9387940317709399
187,7a7ff4cc1f1a501e,True,1.0,1.0,0.8656730399418444,1.0,1.0,1.0,0.9440304333091017
188,1d16c78634695b4a,True,1.0,0.0,0.0,1.0,1.0,0.5,0.0
189,0a6906b694b65108,True,1.0,1.0,1.0,1.0,1.0,1.0,1.0
190,73864df7d2d25214,True,1.0,1.0,0.8910411479985003,1.0,1.0,1.0,0.9546004783327083
191,305eb53245715f7e,True,1.0,1.0,0.449578470841735,1.0,1.0,1.0,0.7706576961840562
192,bb89143f371a53b5,True,1.0,1.0,0.6599192526111621,1.0,1.0,1.0,0.8582996885879842
193,7f19b2fd14435b73,True,1.0,1.0,0.7636475714367531,1.0,1.0,1.0,0.9015198214319805
194,bdfdf52ac60755a9,True,1.0,1.0,1.0,1.0,0.0,1.0,0.8333333333333334
195,f203a01d3a8055f1,True,1.0,1.0,1.0,1.0,1.0,1.0,1.0
196,1d0334886e9f535b,True,1.0,1.0,1.0,1.0,1.0,1.0,1.0
197,0bbfb35740e25929,True,1.0,1.0,0.8687578371111262,1.0,1.0,1.0,0.9453157654629692
198,b962399e13f35965,True,1.0,1.0,0.9020879216300669,1.0,1.0,1.0,0.9592033006791946
199,4d1a4e9606075497,True,1.0,1.0,1.0,1.0,1.0,0.5,1.0
200,5350e5a376c259f6,True,1.0,1.0,1.0,1.0,1.0,1.0,1.0
201,223a8f20abb752e9,True,1.0,1.0,0.9829131728143783,1.0,1.0,1.0,0.9928804886726575
202,8317ed430d8e50c3,True,1.0,1.0,1.0,1.0,1.0,1.0,1.0
203,6f44533cf2965b47,True,1.0,1.0,1.0,1.0,1.0,1.0,1.0
204,73ba0e501a005971,True,1.0,1.0,0.775082004229765,1.0,1.0,1.0,0.9062841684290688
205,92778c3bfcda566d,True,1.0,1.0,1.0,0.0,1.0,1.0,0.5833333333333334
206,35ae50756b8952b9,True,1.0,1.0,1.0,1.0,1.0,1.0,1.0
207,648b875dc34259c2,True,1.0,1.0,1.0,1.0,1.0,1.0,1.0
208,3632fd6cd4295719,True,1.0,1.0,0.7220816983124051,1.0,1.0,1.0,0.8842007076301689
209,95d9b54f00325665,True,1.0,1.0,0.6528868392886301,1.0,1.0,1.0,0.8553695163702626
210,fb42b4cbf6b95b6c,True,1.0,1.0,1.0,1.0,1.0,1.0,1.0
211,25b846255c715c69,True,1.0,1.0,1.0,1.0,1.0,1.0,1.0
212,82e1485de4fa5b71,True,1.0,1.0,0.7185233320347345,1.0,1.0,1.0,0.8827180550144726
213,29ba983123655159,True,1.0,1.0,0.8564881964481108,1.0,1.0,1.0,0.9402034151867129
214,f04d33e677745e8e,True,1.0,1.0,1.0,1.0,1.0,1.0,1.0
215,3bd0bc4b1100504c,True,1.0,1.0,1.0,0.0,1.0,1.0,0.5833333333333334
216,d1dd156bb9b1599d,True,1.0,1.0,0.6361197623500319,1.0,1.0,1.0,0.8483832343125132
217,e5fba7e447ff5a61,True,1.0,1.0,0.8595542383084878,1.0,1.0,1.0,0.9414809326285365
218,8c5a6a5b602859b2,True,1.0,1.0,0.7376330238005443,1.0,1.0,1.0,0.8906804265835602
219,7bd486db42e35b18,True,1.0,1.0,1.0,1.0,1.0,1.0,1.0
220,8b7212ba11ec5f3b,True,1.0,0.0,0.0,1.0,1.0,0.5,0.0
221,7c94fd89afb95a88,True,1.0,1.0,0.845197178053813,1.0,1.0,1.0,0.9354988241890888
222,453bdd4f77af5c90,True,1.0,1.0,0.6597110040848614,1.0,1.0,1.0,0.8582129183686922
223,18b5995484435fbe,True,1.0,1.0,1.0,1.0,1.0,1.0,1.0
224,d6835050c97f528d,True,1.0,1.0,1.0,1.0,1.0,1.0,1.0
225,198b7ec55c3b5a5c,True,1.0,1.0,0.927128802397435,1.0,1.0,1.0,0.9696370009989312
226,82226888c99e531c,True,1.0,1.0,1.0,1.0,1.0,1.0,1.0
227,eb8fd3a2b08e5e52,True,1.0,1.0,0.8501546004901227,1.0,1.0,1.0,0.9375644168708845
228,c020f63dbf0d59a6,True,1.0,1.0,0.7500779311314476,1.0,1.0,1.0,0.8958658046381031
229,eeafee3118a35987,True,1.0,1.0,0.7768360973106854,1.0,1.0,1.0,0.9070150405461188
230,684ff3674eeb54ea,True,1.0,0.0,0.0,1.0,1.0,1.0,0.0
231,01c019a7360f5445,True,1.0,1.0,0.7932329242566958,1.0,1.0,1.0,0.9138470517736232
232,fc33d014431a5b1b,True,1.0,1.0,0.6942875113930036,1.0,1.0,1.0,0.8726197964137515
233,8984fe1857e057b3,True,1.0,1.0,1.0,1.0,1.0,1.0,1.0
234,97e2daddecd557a4,True,1.0,1.0,0.9275933768543957,1.0,1.0,1.0,0.9698305736893316
235,a4581d8af5f755a9,True,1.0,1.0,0.7725168909342133,1.0,1.0,1.0,0.9052153712225888
236,466b634cd806541b,True,1.0,1.0,1.0,1.0,1.0,1.0,1.0
237,59db265fc4cf5a41,True,1.0,1.0,0.9713263781620591,1.0,1.0,1.0,0.9880526575675246
238,7b22018666ac5b0e,True,1.0,0.0,0.0,1.0,1.0,1.0,0.0
239,fbd963d6b7e750a6,True,1.0,1.0,0.7625732178026956,1.0,1.0,1.0,0.9010721740844566
240,6bc3bf1ef6a85616,True,1.0,1.0,1.0,1.0,1.0,1.0,1.0
241,92c38e520e515a8a,True,1.0,1.0,1.0,1.0,1.0,1.0,1.0
242,b1649a41e6155dd2,True,1.0,0.0,0.0,1.0,1.0,1.0,0.0
243,c5dfe79ae983556a,True,1.0,1.0,1.0,1.0,1.0,1.0,1.0
244,667fff5344295416,True,1.0,1.0,0.9860063046832297,1.0,1.0,1.0,0.9941692936180123
245,49074bfb7c9e5c26,True,1.0,1.0,0.7968131443767257,1.0,1.0,1.0,0.9153388101569689
246,8ead980b5c845769,True,1.0,1.0,1.0,1.0,1.0,1.0,1.0
247,7dbe342f2b1c57c5,True,1.0,1.0,1.0,1.0,1.0,1.0,1.0
248,a9853ab9c01c53d2,True,1.0,1.0,1.0,1.0,1.0,1.0,1.0
249,73b4c0560bd85b5e,True,1.0,1.0,1.0,1.0,1.0,1.0,1.0
250,aba7212ffa3458b6,True,1.0,1.0,0.7546034835427248,1.0,1.0,1.0,0.8977514514761354
251,58f3f43098985e77,True,1.0,1.0,0.8748946050913824,1.0,1.0,1.0,0.9478727521214093
252,a28a7a914fbc5919,True,1.0,1.0,1.0,1.0,1.0,0.5,1.0
253,e6d59439935a5309,True,1.0,1.0,0.9889263151807964,1.0,1.0,1.0,0.9953859646586652
254,679c8386480d5023,True,1.0,1.0,0.9777732056849724,1.0,1.0,1.0,0.9907388357020718
255,7569116c33145d2a,True,1.0,1.0,1.0,0.0,1.0,1.0,0.5833333333333334
256,dc0152c1caca5d94,True,1.0,1.0,0.9267471644260287,1.0,1.0,1.0,0.9694779851775119
257,883b090e1bca577a,True,1.0,1.0,1.0,1.0,1.0,1.0,1.0
258,db740574ddc053f0,True,1.0,1.0,1.0,1.0,1.0,1.0,1.0
259,60b5ba011ea65e68,True,1.0,1.0,0.772260639657597,1.0,1.0,1.0,0.905108599857332
260,407ff7eab601527c,True,1.0,1.0,0.8374616469357953,1.0,1.0,1.0,0.9322756862232481
261,5098fc0bc21450f9,True,1.0,1.0,1.0,1.0,1.0,1.0,1.0
262,d54047580ffb5dba,True,1.0,1.0,0.8219466246389,1.0,1.0,1.0,0.9258110935995417
263,ef1f8e45b9f05e4f,True,1.0,1.0,0.9200313051382994,1.0,1.0,1.0,0.9666797104742915
264,93e2377357d9551e,True,1.0,1.0,0.9300238049997562,1.0,1.0,1.0,0.9708432520832316
265,643b177aa4235fe7,True,1.0,1.0,1.0,1.0,1.0,1.0,1.0
266,b9182baaae3b5ab2,True,1.0,1.0,1.0,1.0,1.0,1.0,1.0
267,93dab1bad99e58f7,True,1.0,1.0,0.8695424034991721,1.0,1.0,1.0,0.945642668124655
268,fa16987e17c25356,True,1.0,1.0,0.9402502084159681,1.0,1.0,1.0,0.9751042535066533
269,0bced38a12a352c4,True,1.0,1.0,1.0,1.0,1.0,1.0,1.0
270,e96035d0292956f1,True,1.0,1.0,0.9890460673128951,0.0,1.0,0.0,0.5787691947137062
271,fb8f21990ffb52d5,True,1.0,1.0,0.8681945767740563,1.0,1.0,1.0,0.9450810736558569
272,353a7c23eed25597,True,1.0,1.0,1.0,1.0,1.0,1.0,1.0
273,fdd599e861875d9f,True,1.0,1.0,0.9738156301540943,1.0,1.0,1.0,0.9890898458975393
274,34048f1ce51452d0,True,1.0,1.0,1.0,1.0,1.0,1.0,1.0
275,ab51ae81c26b5f5e,True,1.0,1.0,1.0,1.0,1.0,1.0,1.0
276,74a397722f465751,True,1.0,1.0,1.0,1.0,1.0,1.0,1.0
277,42ba77cc2fb05229,True,1.0,1.0,0.5190103896573306,1.0,1.0,1.0,0.799587662357221
278,2a4db0773ca95ce5,True,1.0,1.0,0.8812133770532323,1.0,1.0,1.0,0.9505055737721801
279,534efc35151f543d,True,1.0,1.0,1.0,1.0,1.0,1.0,1.0
280,c84b4ca798ca563a,True,1.0,1.0,1.0,1.0,1.0,1.0,1.0
281,6363aa6d3d715e03,True,1.0,1.0,0.6744125793406106,1.0,1.0,1.0,0.8643385747252544
282,d1e0ebfac8cb510e,True,1.0,1.0,0.8952199202955189,1.0,1.0,1.0,0.9563416334564662
283,ab052def6aec532e,True,1.0,1.0,0.9470716354830454,1.0,1.0,1.0,0.9779465147846023
284,f2a8ed3f01f15ef3,True,1.0,1.0,0.6373640275500938,1.0,1.0,1.0,0.8489016781458725
285,32cc73faa9755edb,True,1.0,1.0,0.8274009488870182,1.0,1.0,1.0,0.9280837287029242
286,8c6c4c4b507c5eb1,True,1.0,1.0,0.8241394410744102,0.0,1.0,0.5,0.5100581004476709
287,2df5fba355f65937,True,1.0,1.0,0.9296669585272302,1.0,1.0,1.0,0.9706945660530127
288,f8bec974b86952e9,True,1.0,1.0,1.0,1.0,1.0,1.0,1.0
289,60216ba3ee9557d9,True,1.0,1.0,0.8165023854127476,1.0,1.0,1.0,0.9235426605886449
290,d9983fb6d20e5413,True,1.0,1.0,1.0,1.0,1.0,1.0,1.0
291,d8effdc24c235d3f,True,1.0,1.0,0.9362671890131133,1.0,1.0,1.0,0.9734446620887972
292,10c1bbbe7d805eba,True,1.0,1.0,0.8083899308001,1.0,1.0,0.0,0.9201624711667084
293,483faae37fd95b91,True,1.0,1.0,0.7906869807451028,1.0,1.0,1.0,0.9127862419771261
294,1b439c269a83590c,True,1.0,1.0,1.0,1.0,1.0,1.0,1.0
295,02328c7410405c5a,True,1.0,1.0,0.7989766315808812,1.0,1.0,1.0,0.9162402631587004
296,6d9c2a30a6435937,True,1.0,1.0,0.9949533577041548,1.0,1.0,1.0,0.9978972323767312
297,9b86b7cc0b41507b,True,1.0,0.0,0.0,1.0,1.0,1.0,0.0
298,77ebf0edb75c5b69,True,1.0,1.0,0.7092507657988149,1.0,1.0,0.5,0.8788544857495063
299,fc844eb140035b27,True,1.0,1.0,1.0,1.0,1.0,1.0,1.0
300,8fc671c2e6c05780,True,1.0,1.0,0.7589469487679672,1.0,1.0,1.0,0.8995612286533197
301,faf80a4ecf8858fe,True,1.0,1.0,0.8687468013110955,1.0,1.0,1.0,0.9453111672129565
302,52f7393aa83854f6,True,1.0,1.0,0.6684587230500773,1.0,1.0,1.0,0.8618578012708656
303,022de8051c3f5b83,True,1.0,1.0,1.0,1.0,1.0,1.0,1.0
304,57dceadaafe053ef,True,1.0,0.0,0.0,1.0,1.0,1.0,0.0
305,4e1da51967095494,True,1.0,1.0,0.9535330525618023,1.0,1.0,1.0,0.9806387719007509
306,563cd0d9beb7563a,True,1.0,1.0,0.8242616247794237,1.0,1.0,1.0,0.9267756769914266
307,66a897321eb45503,True,1.0,1.0,0.7615456913371892,1.0,1.0,1.0,0.9006440380571622
308,9056de7dce5a50d3,True,1.0,1.0,0.7313497053547985,1.0,1.0,1.0,0.888062377231166
309,a3d10c0a5a835300,True,1.0,1.0,0.654104386134689,1.0,1.0,1.0,0.8558768275561204
310,45e8b10f95925c47,True,1.0,1.0,0.9936103158226872,1.0,1.0,1.0,0.9973376315927863
311,2cc43d98cfa55ab6,True,1.0,1.0,1.0,1.0,1.0,1.0,1.0
312,58c018c299d05214,True,1.0,1.0,0.5397925350319592,1.0,1.0,1.0,0.8082468895966497
313,29213c31b5895c5f,True,1.0,1.0,0.7617306871680952,1.0,1.0,1.0,0.900721119653373
314,6d0a7f0bb4e7584b,True,1.0,1.0,0.5563570316168234,1.0,1.0,1.0,0.8151487631736763
315,831e535bf528567d,True,1.0,1.0,0.7395159123521815,1.0,1.0,1.0,0.8914649634800756
316,981ceb0924575bc3,True,1.0,1.0,0.9320218361161071,1.0,1.0,1.0,0.9716757650483779
317,4ae996307c6d5733,True,1.0,1.0,0.5508273338941782,1.0,1.0,1.0,0.8128447224559076
318,bd77aab92bda5261,True,1.0,1.0,1.0,1.0,1.0,1.0,1.0
319,f231f20bdcb55426,True,1.0,1.0,0.965925398445923,1.0,1.0,1.0,0.985802249352468
320,18538a3ac6c45eef,True,1.0,1.0,0.6733234630012315,1.0,1.0,1.0,0.8638847762505132
321,b1c09de2415c5b14,True,1.0,1.0,0.8369102150418565,1.0,1.0,1.0,0.9320459229341068
322,864977c14b9754eb,True,1.0,1.0,0.7376296035079024,1.0,1.0,1.0,0.8906790014616259
323,729b53c777da522e,True,1.0,1.0,0.8301153864234583,1.0,1.0,1.0,0.9292147443431076
324,5503e65e815a58c7,True,1.0,1.0,0.8662164148651238,1.0,1.0,1.0,0.9442568395271348
325,5971a8d84ff45bfa,True,1.0,1.0,0.8822634848990824,1.0,1.0,1.0,0.950943118707951
326,36c6d1ea21015e5f,True,1.0,1.0,0.8318202957577462,1.0,1.0,1.0,0.9299251232323943
327,40c5ce24f85a5540,True,1.0,1.0,0.9258465210852105,1.0,1.0,1.0,0.9691027171188377
328,d3102c58562a5689,True,1.0,0.0,0.0,1.0,1.0,1.0,0.0
329,baff5b48a5c056ec,True,1.0,0.0,0.0,1.0,1.0,0.5,0.0
330,50433807834059b1,True,1.0,1.0,0.6981765849601534,1.0,1.0,1.0,0.8742402437333973
331,6d9063dd44bc55cc,True,1.0,1.0,0.7174309407173443,1.0,1.0,1.0,0.8822628919655601
332,afe2240435575a92,True,1.0,1.0,0.8518689067148576,1.0,1.0,1.0,0.9382787111311908
333,d96d1690e3c05f36,True,1.0,1.0,1.0,1.0,1.0,1.0,1.0
334,6cd0498ce2d857f3,True,1.0,1.0,0.8355059956535404,1.0,1.0,1.0,0.9314608315223086
335,32c0c70837d05c47,True,1.0,1.0,1.0,1.0,1.0,1.0,1.0
336,8b1ba99df5d05f8b,True,1.0,1.0,0.87902605861638,1.0,1.0,1.0,0.9495941910901583
337,2b201c0ffa245b8b,True,1.0,1.0,0.9163607468866567,1.0,1.0,1.0,0.9651503112027736
338,6a064f6f4529550a,True,1.0,1.0,0.6103372507126782,1.0,1.0,1.0,0.8376405211302825
339,ed90bab84c475e4f,True,1.0,1.0,1.0,1.0,1.0,1.0,1.0
340,60a317c40ae656c0,True,1.0,0.0,0.0,1.0,1.0,1.0,0.0
341,b7c35b12755c5d44,True,1.0,1.0,1.0,1.0,1.0,1.0,1.0
342,f4da0138413c595a,True,1.0,1.0,0.9275320595283757,1.0,1.0,1.0,0.96980502480349
343,27209d511a785510,True,1.0,1.0,0.7954527211257377,1.0,1.0,1.0,0.9147719671357241
344,c39af88ae1be534a,True,1.0,1.0,0.9209357434950705,1.0,1.0,1.0,0.9670565597896127
345,f0b762b8c08b5ff0,True,1.0,1.0,1.0,1.0,1.0,1.0,1.0
346,df3d0104b7665474,True,1.0,0.0,0.0,1.0,1.0,1.0,0.0
347,3e6526b2f7755050,True,1.0,1.0,1.0,1.0,1.0,1.0,1.0
348,17c5c685420d5729,True,1.0,1.0,1.0,1.0,1.0,0.0,1.0
349,fa70c2e191965353,True,1.0,1.0,0.8207539411877542,1.0,1.0,1.0,0.9253141421615642
350,ff5e13b14d735e52,True,1.0,1.0,1.0,1.0,1.0,1.0,1.0
351,750d0f9df6ef55a2,True,1.0,1.0,1.0,1.0,1.0,1.0,1.0
352,1371cce68aa95a4e,True,1.0,1.0,1.0,1.0,1.0,1.0,1.0
353,e7da21c4ef4a5e3f,True,1.0,1.0,1.0,1.0,1.0,1.0,1.0
354,12ace39c31df5dd8,True,1.0,1.0,0.7765567271519473,1.0,1.0,1.0,0.9068986363133114
355,8c9f50cc72685ca7,True,1.0,1.0,0.8289270536068595,1.0,1.0,1.0,0.9287196056695247
356,3971312f7bb55ea2,True,1.0,1.0,0.77269943776699,1.0,1.0,1.0,0.9052914324029125
357,7276ff87d3c2557c,True,1.0,1.0,1.0,1.0,1.0,1.0,1.0
358,597fd00be3675d16,True,1.0,1.0,1.0,1.0,1.0,1.0,1.0
359,c2790319345a58cf,True,1.0,1.0,1.0,1.0,1.0,1.0,1.0
360,e89ad5d8a66250f0,True,1.0,1.0,0.7728583168876431,1.0,1.0,1.0,0.9053576320365179
361,c493172b908c5df9,True,1.0,1.0,0.6641373734315893,1.0,1.0,1.0,0.8600572389298288
362,8993f8b000855b17,True,1.0,1.0,0.8216065209866241,1.0,1.0,1.0,0.9256693837444266
363,9bfe6fa481105f43,True,1.0,1.0,0.7926371608585092,1.0,1.0,1.0,0.9135988170243788
364,283f93bc73b2571b,True,1.0,1.0,0.8045611903309088,1.0,1.0,1.0,0.9185671626378786
365,9195f25b12bd56d9,True,1.0,1.0,0.8600674629573775,1.0,1.0,1.0,0.9416947762322406
366,59c00a21c1315d9b,True,1.0,1.0,1.0,1.0,1.0,1.0,1.0
367,4972962184a75fa7,True,1.0,0.0,0.0,1.0,1.0,1.0,0.0
368,b8a1d133723f5897,True,1.0,1.0,0.37263210271772507,1.0,1.0,1.0,0.7385967094657188
369,9da553c408fb54ea,True,1.0,0.0,0.0,1.0,1.0,1.0,0.0
370,63fd66d1098f5c53,True,1.0,0.0,0.0,1.0,1.0,1.0,0.0
371,dc482250cdb35c9e,True,1.0,1.0,0.8150990966875341,1.0,1.0,1.0,0.9229579569531392
372,8bb939128dfd5f7d,True,1.0,1.0,0.8390994363188473,1.0,1.0,1.0,0.9329580984661864
373,6fdde744b66451da,True,1.0,1.0,1.0,1.0,1.0,1.0,1.0
374,5f09264f730f5366,True,1.0,1.0,0.836008228093257,1.0,1.0,1.0,0.9316700950388571
375,e69e63297ed85a68,True,1.0,1.0,0.7626073204986006,1.0,1.0,1.0,0.9010863835410836
376,29770ed8cd49511e,True,1.0,1.0,0.9073748546156213,1.0,1.0,1.0,0.9614061894231756
377,56706b5fe8b4575f,True,1.0,1.0,0.6517307404854692,1.0,1.0,1.0,0.8548878085356121
378,3ef7a107ecc75162,True,1.0,0.0,0.0,1.0,1.0,1.0,0.0
379,f3047391e1f25aad,True,1.0,1.0,1.0,1.0,1.0,1.0,1.0
380,0bcae698fd905226,True,1.0,1.0,0.9700109426976017,1.0,1.0,1.0,0.9875045594573341
381,f03963c1aacd54f4,True,1.0,1.0,0.050519938326854384,1.0,1.0,1.0,0.6043833076361893
382,b38366e3befc5200,True,1.0,1.0,0.8169964252823336,1.0,1.0,0.5,0.9237485105343056
383,088cebb101bf5ed6,True,1.0,1.0,1.0,1.0,1.0,1.0,1.0
384,d11ecb84b9b1511c,True,1.0,1.0,0.8994758827432298,1.0,1.0,1.0,0.9581149511430125
385,38736da1e9dc51c8,True,1.0,1.0,0.8904374148349111,1.0,1.0,1.0,0.9543489228478798
386,93b50a6df30b5453,True,1.0,1.0,0.8844295224748323,1.0,1.0,1.0,0.9518456343645134
387,6154b9589f9553fa,True,1.0,1.0,1.0,1.0,1.0,1.0,1.0
388,b7c8677392845e18,True,1.0,1.0,0.838836639525594,1.0,1.0,1.0,0.9328485998023308
389,8199bcc7c60a521c,True,1.0,1.0,0.9054871066057084,1.0,1.0,1.0,0.9606196277523784
390,1f12591bdae05306,True,1.0,1.0,0.9320027633840299,1.0,1.0,1.0,0.971667818076679
391,d861e8c8589e5433,True,1.0,1.0,0.6386824882535281,1.0,1.0,1.0,0.8494510367723033
392,7e5925fce8df5e44,True,0.0,1.0,0.0,0.0,1.0,1.0,0.0
393,fc09376fd45c509a,True,1.0,1.0,0.918514724377598,1.0,1.0,1.0,0.9660478018239992
394,f958234391c05be3,True,1.0,1.0,0.7130724844026175,1.0,1.0,1.0,0.8804468685010907
395,e17906596dab5e6c,True,1.0,1.0,0.7299926623004718,1.0,1.0,1.0,0.8874969426251965
396,6907f601feee5114,True,1.0,1.0,0.6899136938832202,1.0,1.0,1.0,0.8707973724513417
397,8e0ecc2622425ef0,True,1.0,1.0,1.0,1.0,1.0,1.0,1.0
398,e3bfee2b093e5e35,True,1.0,1.0,1.0,1.0,1.0,1.0,1.0
399,50a5cd7410e85782,True,1.0,0.0,0.0,1.0,1.0,1.0,0.0
400,1e9fb68ccf2d5bcd,True,1.0,1.0,0.8599785398915017,1.0,1.0,1.0,0.9416577249547924
401,69f80a41cbaa5c1b,True,1.0,1.0,0.7341887104574665,1.0,1.0,1.0,0.8892452960239444
402,4bda94d100d65f0d,True,1.0,1.0,1.0,1.0,1.0,1.0,1.0
403,5143553713f05db3,True,1.0,1.0,0.8956136503957777,1.0,1.0,1.0,0.9565056876649073
404,6246c97eee435b98,True,1.0,1.0,0.7434185592698187,1.0,1.0,1.0,0.8930910663624244
405,3aa2680fdc805d09,True,1.0,1.0,0.8086067049926629,1.0,1.0,1.0,0.9202527937469428
406,fa16fc0f1e9851a3,True,1.0,1.0,0.8448730631638947,1.0,1.0,1.0,0.9353637763182894
407,c9b41d0b992158c6,True,1.0,1.0,0.5851745259878061,1.0,1.0,0.0,0.8271560524949192
408,1961d1075a085a1d,True,1.0,1.0,0.9595189179314361,1.0,1.0,1.0,0.9831328824714317
409,73e4db7c9a4d5076,True,1.0,1.0,0.5692496228380207,1.0,1.0,1.0,0.8205206761825087
410,efc87f8726645319,True,1.0,1.0,0.9267704841776943,1.0,1.0,1.0,0.969487701740706
411,045cd0254b3f5ad2,True,1.0,1.0,0.8721008899295143,1.0,1.0,1.0,0.9467087041372976
412,04424acda0755c93,True,1.0,1.0,1.0,1.0,1.0,1.0,1.0
413,bcccfa73a6845d11,True,1.0,1.0,1.0,1.0,1.0,1.0,1.0
414,1f67195591a95027,True,1.0,1.0,0.8813039159123965,1.0,1.0,1.0,0.9505432982968319
415,f25f862298af549d,True,1.0,1.0,0.8815378433331502,1.0,1.0,1.0,0.9506407680554793
416,03a97a30526b5c14,True,1.0,1.0,0.761163108392726,1.0,1.0,1.0,0.9004846284969692
417,d0818bf765555782,True,1.0,1.0,0.9848300569595414,1.0,1.0,1.0,0.993679190399809
418,ab4015c25a66588a,True,1.0,1.0,0.8756149204326574,1.0,1.0,1.0,0.9481728835136073
419,4ccdd6c153335a2b,True,1.0,1.0,0.587089084947969,1.0,1.0,1.0,0.8279537853949871
420,37b3d87596685948,True,1.0,1.0,0.805885479000542,1.0,1.0,1.0,0.9191189495835591
421,e095e7e21ab65691,True,1.0,1.0,0.72001281267776,1.0,1.0,1.0,0.8833386719490667
422,47bf6a2499af5368,True,1.0,1.0,1.0,1.0,1.0,1.0,1.0
423,1a37d69ab5805f15,True,1.0,1.0,0.90893063907918,1.0,1.0,1.0,0.9620544329496584
424,fdd02b27e20c515e,True,1.0,1.0,0.8353885165322438,1.0,1.0,1.0,0.9314118818884349
425,e6e189b1aaa85d41,True,1.0,1.0,0.7426860331357847,1.0,1.0,1.0,0.8927858471399103
426,2072f71b7e8f5ece,True,1.0,1.0,0.7333568070255037,1.0,1.0,1.0,0.8888986695939599
427,87bf38cb3c39548d,True,1.0,1.0,0.9948241997973714,1.0,1.0,1.0,0.9978434165822381
428,9cab6ab13a3059de,True,1.0,1.0,0.7288799930480518,1.0,1.0,1.0,0.8870333304366883
429,7e3d6e037fbc506c,True,1.0,1.0,0.63718145209786,1.0,1.0,1.0,0.848825605040775
430,79fab476b73a5d06,True,1.0,1.0,0.7268449711500591,1.0,1.0,1.0,0.8861854046458579
431,a566f9d36b5d5921,True,1.0,1.0,0.7288347346482948,1.0,1.0,1.0,0.8870144727701229
432,13f7b495f8065eec,True,1.0,1.0,0.7719745137533894,1.0,1.0,1.0,0.904989380730579
433,d1971f367cb85683,True,1.0,1.0,0.8081552948670313,1.0,1.0,1.0,0.9200647061945965
434,082381ecf93c57d6,True,1.0,1.0,0.7018470932499257,1.0,1.0,1.0,0.875769622187469
435,5f402207dd7d5977,True,1.0,1.0,0.5620770478357432,1.0,1.0,1.0,0.817532103264893
436,690cbb033f3750c7,True,1.0,1.0,1.0,1.0,1.0,1.0,1.0
437,a3399fc1f78b55f2,True,1.0,1.0,0.7428433122510139,1.0,1.0,1.0,0.8928513801045891
438,1f7afb10d4cc5319,True,1.0,1.0,0.7554042377883876,1.0,1.0,1.0,0.8980850990784948
439,a75e220cee925c10,True,1.0,1.0,0.763087534205503,1.0,1.0,1.0,0.9012864725856263
440,963b4781dbe558de,True,1.0,1.0,1.0,1.0,1.0,1.0,1.0
441,e074c5e6917e5f1d,True,1.0,1.0,0.8186843834987045,1.0,1.0,1.0,0.9244518264577936
442,6795e4cf76f55755,True,1.0,1.0,0.9174579080765084,1.0,1.0,1.0,0.9656074616985452
443,3f11ac11755857c2,True,1.0,1.0,0.7939548531499409,1.0,1.0,1.0,0.914147855479142
444,3d8c71ff899f50e6,True,1.0,1.0,1.0,1.0,1.0,1.0,1.0
445,4d31d76919495557,True,1.0,1.0,1.0,1.0,1.0,1.0,1.0
446,7dda9e548f79596b,True,1.0,1.0,1.0,1.0,1.0,1.0,1.0
447,06fbdeb141965cca,True,1.0,1.0,1.0,1.0,1.0,1.0,1.0
448,8db638d42ddc59f2,True,1.0,1.0,1.0,1.0,1.0,1.0,1.0
449,5146509d64145fcc,True,1.0,1.0,0.8544711969884061,1.0,1.0,1.0,0.9393629987451693
450,34f30283d3bd53ec,True,1.0,1.0,0.8637572477099721,1.0,1.0,1.0,0.9432321865458216
451,cbf0e5deee8956a9,True,1.0,1.0,0.5837132246986807,1.0,1.0,1.0,0.8265471769577836
452,2a484ffd16785a64,True,1.0,1.0,0.9084588617331498,1.0,1.0,1.0,0.961857859055479
453,81e0ac3869b95ef4,True,1.0,1.0,1.0,1.0,1.0,1.0,1.0
454,87a1c55863135418,True,1.0,1.0,0.6648630810526444,1.0,1.0,1.0,0.8603596171052684
455,db4f9f954c2e597f,True,1.0,1.0,1.0,1.0,1.0,1.0,1.0
456,fb1c9ac223bf5bbe,True,1.0,1.0,1.0,1.0,1.0,1.0,1.0
457,274fcb576b3b59a8,True,1.0,1.0,1.0,1.0,1.0,1.0,1.0
458,5785ba7017515a65,True,1.0,1.0,1.0,1.0,1.0,1.0,1.0
459,d5407856a57357ce,True,1.0,1.0,1.0,1.0,1.0,1.0,1.0
460,c61fe0459c4451ef,True,1.0,1.0,0.7833412277278893,1.0,1.0,1.0,0.9097255115532872
461,ba02d873678c5cf9,True,1.0,1.0,0.9872434669849331,1.0,1.0,1.0,0.9946847779103889
462,8eca6838e7c75493,True,1.0,1.0,0.7927661204688352,1.0,1.0,1.0,0.913652550195348
463,150d706a5add549a,True,1.0,1.0,0.8575717802967071,1.0,1.0,1.0,0.9406549084569612
464,258fd15174fb5e47,True,1.0,1.0,0.86803469582003,1.0,1.0,1.0,0.9450144565916792
465,625a015c1f7c5170,True,1.0,1.0,1.0,1.0,1.0,0.0,1.0
466,cecce24905cb5641,True,1.0,1.0,1.0,1.0,1.0,1.0,1.0
467,77fa15ffcefb580e,True,1.0,1.0,0.5189719294490389,1.0,1.0,1.0,0.7995716372704328
468,b5d5d15093af5638,True,1.0,1.0,0.8972276389920937,1.0,1.0,1.0,0.9571781829133723
469,2a48beb84af65349,True,1.0,1.0,0.5319229724100404,1.0,1.0,0.5,0.8049679051708502
470,e0cd66542e715685,True,1.0,1.0,0.6735519096574417,1.0,1.0,1.0,0.8639799623572674
471,6225b347244658c1,True,1.0,1.0,0.6557271131272475,1.0,1.0,1.0,0.8565529638030198
472,8470cdca41255e20,True,1.0,1.0,1.0,1.0,1.0,1.0,1.0
473,33aa90792d5855a7,True,1.0,1.0,1.0,1.0,1.0,1.0,1.0
474,4257350828cf5e87,True,1.0,1.0,0.6821439690012178,1.0,1.0,1.0,0.8675599870838407
475,c400f7664ba35555,True,1.0,1.0,0.7608961733835248,1.0,1.0,1.0,0.9003734055764686
476,e648d5c380455667,True,1.0,1.0,0.8813511168507681,1.0,1.0,1.0,0.9505629653544867
477,7238724f2bff58f0,True,1.0,1.0,0.5814856571565817,1.0,1.0,1.0,0.8256190238152424
478,26ca54769df65193,True,1.0,1.0,0.903019580273381,1.0,1.0,1.0,0.9595914917805755
479,67286bba873e56f1,True,1.0,1.0,1.0,1.0,1.0,1.0,1.0
480,d443368fa4615242,True,1.0,1.0,1.0,1.0,1.0,1.0,1.0
481,bd2b1a4530a1538b,True,1.0,1.0,0.5428451162137997,1.0,1.0,1.0,0.8095187984224165
482,4e2cc4b2c43055fe,True,1.0,1.0,0.6568580159282111,1.0,1.0,0.5,0.8570241733034214
483,33197ac2a7445bd7,True,1.0,1.0,0.9008580319910421,1.0,1.0,1.0,0.9586908466629342
484,cd008a1ed571512f,True,1.0,1.0,0.8149707573586134,1.0,1.0,1.0,0.9229044822327556
485,1ec58e13fee45a30,True,1.0,1.0,0.6325996943840185,1.0,1.0,1.0,0.8469165393266743
486,40d32b824b705cbc,True,1.0,1.0,0.8557828730370579,1.0,1.0,1.0,0.9399095304321076
487,712475eda7975c99,True,1.0,1.0,0.6346127469922509,1.0,1.0,1.0,0.8477553112467712
488,084ce89976f1505e,True,1.0,1.0,1.0,0.0,1.0,1.0,0.5833333333333334
489,6233d1b3e62a5772,True,1.0,1.0,1.0,1.0,1.0,1.0,1.0
490,7786cc7e34a05294,True,1.0,1.0,1.0,1.0,1.0,1.0,1.0
491,1f1c016bd3715dc2,True,1.0,0.0,0.0,1.0,1.0,1.0,0.0
492,d72d183a16e05cf3,True,1.0,1.0,0.8919293518310969,1.0,1.0,1.0,0.954970563262957
493,013d05a439b95210,True,1.0,1.0,1.0,1.0,1.0,1.0,1.0
494,6227e5b0f0d4592e,True,1.0,1.0,0.8035664820579878,1.0,1.0,1.0,0.9181527008574949
495,0bdc177e43cf5df8,True,1.0,1.0,0.692133017486235,1.0,1.0,1.0,0.8717220906192645
496,75994f74c5485493,True,1.0,1.0,0.9259220473626402,1.0,1.0,1.0,0.9691341864010999
497,b1cb5523e43b594a,True,1.0,1.0,0.655268652138476,1.0,1.0,1.0,0.8563619383910317
498,cdda15bd879d5a30,True,1.0,1.0,0.7383187312018112,1.0,1.0,1.0,0.8909661380007546
499,08e5f4c2c0965b15,True,1.0,1.0,1.0,1.0,1.0,1.0,1.0
500,a20a0a34d5e859ed,True,1.0,1.0,0.7491691087279483,1.0,1.0,1.0,0.8954871286366451
501,865033089cfd5288,True,1.0,1.0,0.8520066740698256,1.0,1.0,1.0,0.9383361141957606
502,59b32114d8b252c8,True,1.0,1.0,0.4999690299882787,1.0,1.0,1.0,0.7916537624951161
503,8e785a7a6df95636,True,1.0,1.0,0.48024486775027103,1.0,1.0,1.0,0.783435361562613
504,284fd1657c8659e1,True,1.0,1.0,1.0,1.0,1.0,1.0,1.0
505,bedf9db2d7b15abd,True,1.0,1.0,1.0,1.0,1.0,1.0,1.0
506,af194a8f1af65eb7,True,1.0,1.0,1.0,1.0,1.0,1.0,1.0
507,55a584a116ec5e6d,True,1.0,1.0,1.0,1.0,1.0,1.0,1.0
508,0d472b2f14735fd1,True,1.0,1.0,1.0,1.0,1.0,1.0,1.0
509,60ae22c26d59572e,True,1.0,1.0,1.0,1.0,1.0,1.0,1.0
510,55992af369b95456,True,1.0,1.0,0.7183030100554098,1.0,1.0,1.0,0.8826262541897542
511,bf2bd235d7225732,True,1.0,0.0,0.0,1.0,1.0,1.0,0.0
512,a1d40a879acc5165,True,0.0,1.0,0.0,0.0,1.0,1.0,0.0
513,702351f9d23159ad,True,1.0,1.0,0.8779485399281691,1.0,1.0,1.0,0.9491452249700704
514,3fa4c6924d3c55ab,True,1.0,1.0,0.6568077657772291,1.0,1.0,1.0,0.8570032357405122
515,f68aaf95d7825182,True,1.0,1.0,1.0,1.0,1.0,1.0,1.0
516,5d1312c4f2aa5bbf,True,1.0,1.0,0.5860176868466691,1.0,1.0,1.0,0.8275073695194455
517,77db0b134a185494,True,1.0,1.0,0.8443202893478841,1.0,1.0,1.0,0.9351334538949517
518,daf38cecd5045cf6,True,1.0,1.0,1.0,1.0,1.0,0.5,1.0
519,38b4ff11393c5dec,True,1.0,1.0,1.0,1.0,1.0,1.0,1.0
520,6aa26df6c6d052cb,True,1.0,1.0,0.7411990654781183,1.0,1.0,1.0,0.8921662772825494
521,70becaf36f845b1d,True,1.0,1.0,1.0,1.0,1.0,1.0,1.0
522,6f7355de329659f2,True,1.0,1.0,0.8980224657925492,1.0,1.0,1.0,0.9575093607468954
523,dccee2a69ee5501d,True,1.0,1.0,1.0,1.0,1.0,1.0,1.0
524,260efd01066156ab,True,1.0,1.0,0.8445432178512375,1.0,1.0,1.0,0.935226340771349
525,09bfb9a8f83b5079,True,1.0,1.0,0.9349395878584744,1.0,1.0,1.0,0.972891494941031
526,4885d99d4c3959b8,True,1.0,1.0,0.8144614141719346,1.0,1.0,1.0,0.9226922559049727
527,9048dd95941958d8,True,1.0,1.0,1.0,1.0,1.0,1.0,1.0
528,31f2d9d9334d5a06,True,1.0,1.0,0.6630094576882426,1.0,1.0,1.0,0.8595872740367678
529,f722930665045683,True,1.0,1.0,1.0,1.0,1.0,1.0,1.0
530,005f87dd980253a5,True,1.0,1.0,0.6935263251450147,1.0,1.0,1.0,0.8723026354770894
531,112db94505025ec5,True,1.0,0.0,0.0,1.0,1.0,1.0,0.0
532,1a6595a6c7cb5531,True,1.0,1.0,0.6946904843130703,1.0,1.0,1.0,0.8727877017971126
533,ec78d882433a50ca,True,1.0,1.0,0.732671905283243,1.0,1.0,1.0,0.8886132938680179
534,85482a4d20fd5eac,True,1.0,1.0,0.8912723988966689,1.0,1.0,1.0,0.9546968328736121
535,8c47d8fc41a55f31,True,1.0,1.0,0.8302444719995331,1.0,1.0,1.0,0.9292685299998054
536,727ed49214315cd6,True,1.0,1.0,1.0,1.0,1.0,1.0,1.0
537,7fdcd804a7a95b6c,True,0.0,1.0,0.0,0.0,1.0,1.0,0.0
538,9f4f46e620785407,True,1.0,1.0,0.9046857974091145,1.0,1.0,1.0,0.9602857489204645
539,5ed4446679c35566,True,1.0,0.0,0.0,1.0,1.0,1.0,0.0
540,cd16888f31015b81,True,1.0,1.0,1.0,1.0,1.0,0.5,1.0
541,fce43d129a9154a1,True,1.0,1.0,0.9457313146572719,1.0,1.0,1.0,0.9773880477738633
542,27c1c1822dc75f7b,True,1.0,1.0,0.753304840649805,1.0,1.0,1.0,0.8972103502707521
543,18375bbfe4c85ae3,True,1.0,1.0,0.6640165423084464,1.0,1.0,1.0,0.8600068926285194
544,671da9103fe05141,True,1.0,1.0,0.7710644834816125,1.0,1.0,1.0,0.904610201450672
545,4a7156af749e54fc,True,1.0,1.0,0.7739984307743675,1.0,1.0,1.0,0.9058326794893198
546,da4d89151b245e0c,True,1.0,1.0,0.7220833518331254,1.0,1.0,1.0,0.8842013965971356
547,bc1b30ec654c5d78,True,1.0,1.0,1.0,1.0,1.0,1.0,1.0
548,b62d1a9194025d38,True,1.0,1.0,0.5394252798259389,1.0,1.0,1.0,0.8080938665941412
549,e1886e081b945907,True,1.0,1.0,0.6880340199311235,1.0,1.0,1.0,0.8700141749713014
550,8227648b1da95adb,True,1.0,1.0,0.07251989914408233,1.0,1.0,1.0,0.613549957976701
551,e5ec53f2b9875433,True,1.0,1.0,0.8632834206291091,0.0,1.0,1.0,0.5263680919287955
552,c50b9b8950ba5347,True,1.0,1.0,1.0,1.0,1.0,1.0,1.0
553,5667135252dd528a,True,1.0,1.0,0.9761144011285506,1.0,1.0,1.0,0.9900476671368961
554,9204b6df37ec56ba,True,1.0,1.0,0.6935059703163957,1.0,1.0,1.0,0.8722941542984982
555,c6e62024ca7e5959,True,1.0,1.0,0.8646010655102906,1.0,1.0,1.0,0.9435837772959544
556,8ca0e93beaa056de,True,1.0,0.0,0.0,1.0,1.0,1.0,0.0
557,f3e0463f3cf4505e,True,1.0,1.0,0.9036693998511377,1.0,1.0,1.0,0.959862249937974
558,21e98ee0ac165e2c,True,1.0,1.0,1.0,1.0,1.0,1.0,1.0
559,10657b4beeeb5461,True,1.0,1.0,0.8956883133328889,1.0,1.0,1.0,0.956536797222037
560,f039cb3455f356ac,True,1.0,1.0,0.7338063879288491,1.0,1.0,1.0,0.8890859949703538
561,3704fc999582536e,True,1.0,1.0,1.0,1.0,1.0,1.0,1.0
562,9bfae11fe1af5b67,True,1.0,1.0,0.7440340794997582,1.0,1.0,1.0,0.8933475331248992
563,fb21dbec77535015,True,1.0,0.0,0.0,1.0,1.0,1.0,0.0
564,aba1622c877f51bb,True,1.0,1.0,1.0,1.0,1.0,1.0,1.0
565,39bcaa3072bc5198,True,1.0,1.0,1.0,1.0,1.0,1.0,1.0
566,77f11643ced5562a,True,1.0,1.0,0.9282259896580873,1.0,1.0,1.0,0.9700941623575364
567,63ec67c4a58a5e5b,True,1.0,0.0,0.0,1.0,1.0,1.0,0.0
568,580a10ad9ad55a5d,True,1.0,1.0,0.5432408222720425,1.0,1.0,1.0,0.8096836759466844
569,ba6136583b6254e2,True,1.0,1.0,1.0,1.0,1.0,1.0,1.0
570,d753a5379cc15b69,True,1.0,1.0,0.7410454212384404,1.0,1.0,1.0,0.8921022588493502
571,61876d1f48505069,True,1.0,1.0,0.8293151566663598,1.0,1.0,1.0,0.9288813152776498
572,592f536375e755b6,True,1.0,1.0,0.6195465349995941,1.0,1.0,1.0,0.8414777229164976
573,2638cdfa752b5d7c,True,1.0,1.0,0.8301936195342757,1.0,1.0,1.0,0.9292473414726148
574,64cdae0a751357ee,True,1.0,1.0,0.710561486767336,1.0,1.0,1.0,0.87940061948639
575,bacbab3d771e59fd,True,1.0,0.0,0.0,1.0,1.0,1.0,0.0
576,55c604d608af594f,True,1.0,1.0,1.0,1.0,1.0,1.0,1.0
577,da888593e9a0518c,True,1.0,1.0,0.8798401672392717,1.0,1.0,1.0,0.9499334030163632
578,04e105927ad451ab,True,1.0,1.0,0.9480164531395638,1.0,1.0,1.0,0.9783401888081515
579,a5a1e608305d53a8,True,1.0,1.0,0.7595165195048701,1.0,1.0,1.0,0.8997985497936959
580,8b5e10656ccb5269,True,1.0,1.0,0.7654109275458536,1.0,1.0,1.0,0.9022545531441057
581,a00a4902bd105b99,True,1.0,1.0,0.8492162455793799,1.0,1.0,1.0,0.937173435658075
582,6b0d21782a3b5a22,True,1.0,1.0,0.6086022556178926,1.0,1.0,1.0,0.8369176065074552
583,b23f49937a48507e,True,1.0,1.0,1.0,1.0,1.0,1.0,1.0
584,e024d36bdd205a12,True,1.0,1.0,1.0,1.0,1.0,1.0,1.0
585,c82bebed0dac5691,True,1.0,1.0,0.8742137230248278,1.0,1.0,1.0,0.947589051260345
586,20f825e0d33a5160,True,1.0,1.0,1.0,1.0,1.0,1.0,1.0
587,825663ce94fe5df1,True,1.0,1.0,0.5965547744137483,1.0,1.0,1.0,0.8318978226723951
588,b556cea74b125dfa,True,1.0,1.0,0.6637144619672282,1.0,1.0,1.0,0.8598810258196784
589,583113c5db20565d,True,1.0,1.0,0.8560340276148888,1.0,1.0,1.0,0.9400141781728704
590,451f66014a765bce,True,1.0,1.0,0.9878651886345531,1.0,1.0,1.0,0.9949438285977305
591,46e614a434b650e3,True,1.0,1.0,0.585533306218443,1.0,1.0,1.0,0.8273055442576845
592,26b5e3878f2250ac,True,1.0,1.0,1.0,1.0,1.0,1.0,1.0
593,69938a4507ba5419,True,1.0,1.0,0.8940282152907941,1.0,1.0,1.0,0.9558450897044976
594,f412a36812a55b62,True,1.0,1.0,0.6018160149067927,1.0,1.0,1.0,0.8340900062111637
595,932f0bf1d23b5ba7,True,1.0,0.0,0.0,1.0,1.0,0.5,0.0
596,b7122fd86c855943,True,1.0,1.0,0.5566882379622727,1.0,1.0,1.0,0.8152867658176136
597,4e19d097005e55b5,True,1.0,1.0,0.5630261071596476,1.0,1.0,1.0,0.8179275446498532
598,66329b9ed3785e0e,True,1.0,1.0,0.8323245571228817,1.0,1.0,1.0,0.9301352321345341
599,d5fbd3df4a505559,True,1.0,1.0,1.0,1.0,1.0,1.0,1.0
600,78f941ea974f5084,True,1.0,1.0,1.0,1.0,1.0,1.0,1.0
601,bc42935ebf1854f6,True,1.0,1.0,1.0,1.0,1.0,1.0,1.0
602,6a383816e5c1568b,True,1.0,1.0,0.5183141772611853,1.0,1.0,1.0,0.7992975738588273
603,46ce401b30ac56e9,True,1.0,1.0,0.9673972736354162,1.0,1.0,1.0,0.9864155306814234
604,6afbce15383553d7,True,1.0,1.0,0.6132119040032831,1.0,1.0,1.0,0.8388382933347013
605,7515bed58abd5f21,True,1.0,1.0,0.9309259765104649,1.0,1.0,1.0,0.9712191568793603
606,71c47324c7eb5657,True,1.0,1.0,0.854371968709237,1.0,1.0,1.0,0.9393216536288488
607,520f3dc854275784,True,1.0,1.0,0.8383489070121738,1.0,1.0,1.0,0.9326453779217392
608,97c09fe94495563a,True,1.0,0.0,0.0,1.0,1.0,0.5,0.0
609,9c5d0ef404c65196,True,1.0,1.0,1.0,1.0,1.0,1.0,1.0
610,36e789a0e4035ad7,True,1.0,1.0,0.8370351634719123,1.0,1.0,1.0,0.9320979847799634
611,473a047c10f45ef3,True,1.0,1.0,1.0,1.0,1.0,1.0,1.0
612,bfdb40b3dded57fd,True,1.0,1.0,0.7417785735694131,1.0,1.0,1.0,0.8924077389872554
613,1665bb5ab9d55dca,True,1.0,1.0,0.5892241867313063,1.0,1.0,1.0,0.8288434111380442
614,784ddfd058865dcb,True,1.0,1.0,0.905270718170298,1.0,1.0,0.0,0.9605294659042908
615,fe4459e9f02052d3,True,1.0,1.0,0.912837477809523,1.0,1.0,0.5,0.9636822824206345
616,4cc313afb2665204,True,1.0,1.0,0.8027383895933502,1.0,1.0,1.0,0.9178076623305627
617,45c6be97d810541f,True,1.0,1.0,0.650161302375853,1.0,1.0,1.0,0.8542338759899387
618,cf2e8812889754b1,True,1.0,1.0,1.0,1.0,1.0,1.0,1.0
619,242d17bd2af15992,True,1.0,1.0,0.8033534867468726,1.0,1.0,1.0,0.9180639528111968
620,e1ea05ca230f5c42,True,1.0,1.0,0.8302407796598262,1.0,1.0,1.0,0.9292669915249275
621,94625815a7b351b5,True,1.0,1.0,0.8652434569056906,1.0,1.0,1.0,0.9438514403773711
622,8d5023e971cc5f4c,True,1.0,1.0,0.8743456370654233,1.0,1.0,1.0,0.9476440154439264
623,1b613bcca44b5b29,True,1.0,0.0,0.0,0.0,1.0,0.5,0.0
624,dec31dc25db65e6c,True,1.0,1.0,0.6673447250100638,1.0,1.0,1.0,0.8613936354208599
625,388e7bfc1d1957b4,True,1.0,0.0,0.0,1.0,1.0,1.0,0.0
626,c3634ce5c5535b16,True,1.0,1.0,0.8343958245407846,1.0,1.0,1.0,0.930998260225327
627,d7fdaa2d555c5272,True,0.0,1.0,0.0,0.0,1.0,0.0,0.0
628,2428ecd565d05b50,True,1.0,1.0,0.5817720213242983,1.0,1.0,1.0,0.8257383422184575
629,dad522fc9c405963,True,1.0,1.0,1.0,0.0,1.0,0.0,0.5833333333333334
630,60fe616f485b5589,True,1.0,1.0,0.8567389187263069,1.0,1.0,1.0,0.9403078828026278
631,d5489fba77675698,True,1.0,1.0,0.6693769471657403,1.0,1.0,1.0,0.8622403946523919
632,ed2466a660ba5661,True,1.0,1.0,0.9336458722367942,1.0,1.0,1.0,0.972352446765331
633,107e89e927fa571a,True,1.0,1.0,0.844227125420859,1.0,1.0,1.0,0.9350946355920247
634,bb85e87e90ae52ec,True,1.0,1.0,1.0,0.0,1.0,1.0,0.5833333333333334
635,61e0ce212ed75a50,True,1.0,1.0,1.0,1.0,1.0,1.0,1.0
636,21d6b11a81755b6d,True,1.0,1.0,0.8451695744724083,1.0,1.0,1.0,0.9354873226968369
637,c10ed86969435545,True,1.0,1.0,1.0,1.0,1.0,1.0,1.0
638,6e0bd197608f5bc5,True,1.0,1.0,0.9235062557459565,1.0,1.0,1.0,0.9681276065608152
639,e4b5a2693d2d5a31,True,1.0,1.0,0.7438361381833453,1.0,1.0,1.0,0.8932650575763939
640,b07ccbd562295ef9,True,1.0,1.0,0.7039429911171242,1.0,1.0,1.0,0.8766429129654684
641,abcbb3c7020550c5,True,1.0,1.0,0.8233959123640974,1.0,1.0,1.0,0.9264149634850405
642,6289749098c55328,True,1.0,1.0,0.7602108258785606,1.0,1.0,1.0,0.9000878441160669
643,22343d7492d158bb,True,1.0,1.0,1.0,1.0,1.0,1.0,1.0
644,447a983c9fc45077,True,1.0,1.0,1.0,1.0,1.0,1.0,1.0
645,9e2a2f6ba6705d0a,True,1.0,1.0,0.7016831482147232,1.0,1.0,1.0,0.8757013117561346
646,2fd50ca82a7a5df4,True,1.0,1.0,0.9317123867188575,1.0,1.0,1.0,0.971546827799524
647,65b19795c92c5d77,True,1.0,1.0,0.7080327417049519,1.0,1.0,1.0,0.8783469757103965
648,84136b2623ef5618,True,1.0,1.0,0.8981289454467566,1.0,1.0,1.0,0.9575537272694818
649,5997813b7cc55036,True,1.0,1.0,0.9963384618646689,1.0,1.0,1.0,0.9984743591102787
650,449ed0c45858583f,True,1.0,1.0,0.8673694614191914,1.0,1.0,1.0,0.9447372755913297
651,86b0e721370e5f56,True,1.0,1.0,0.7464959114445455,1.0,1.0,1.0,0.8943732964352273
652,a31e932f22d35521,True,1.0,1.0,0.8316455823191138,1.0,1.0,1.0,0.9298523259662974
653,beaa12171da45b46,True,1.0,1.0,0.889302755620059,1.0,1.0,1.0,0.9538761481750245
654,e6c36a6be3c75127,True,1.0,1.0,1.0,1.0,1.0,1.0,1.0
655,75570ebf4f3551c1,True,1.0,1.0,0.6101184681250933,1.0,1.0,1.0,0.8375493617187889
656,eeb4b973450f50e9,True,1.0,1.0,1.0,1.0,0.0,1.0,0.8333333333333334
657,297a54df537c5317,True,1.0,1.0,0.8948459392438658,1.0,1.0,1.0,0.9561858080182774
658,0fc0217e2dd05256,True,1.0,1.0,1.0,1.0,1.0,1.0,1.0
659,da56fca2caff52e4,True,1.0,1.0,0.575436410914915,1.0,1.0,1.0,0.8230985045478812
660,2835dec909575f74,True,1.0,1.0,0.9921589093694098,1.0,1.0,1.0,0.9967328789039206
661,d1225aaedc8a5d48,True,1.0,1.0,1.0,1.0,1.0,1.0,1.0
662,0e681d3870795a3a,True,1.0,1.0,1.0,1.0,1.0,1.0,1.0
663,457acf87bc885550,True,1.0,1.0,0.625685519966576,1.0,1.0,1.0,0.8440356333194066
664,08a80ada64475443,True,1.0,1.0,0.7874750438827576,1.0,1.0,1.0,0.911447934951149
665,05741acd510e52f7,True,1.0,1.0,0.8577100599147035,1.0,1.0,1.0,0.9407125249644599
666,50202ba4b1b55f6b,True,1.0,1.0,1.0,1.0,1.0,1.0,1.0
667,94b9b31c975a5796,True,1.0,1.0,0.842421400578607,1.0,1.0,0.0,0.9343422502410862
668,58cf6aaf126b5727,True,1.0,0.0,0.0,0.0,1.0,1.0,0.0
669,03660e332def5cfa,True,1.0,1.0,0.758747821646192,1.0,1.0,1.0,0.8994782590192467
670,7bc20084dcb15f05,True,1.0,1.0,1.0,1.0,1.0,1.0,1.0
671,012dc5d8043555ef,True,1.0,1.0,1.0,1.0,1.0,1.0,1.0
672,0a887c5364a457cd,True,1.0,1.0,0.8722780595914797,1.0,1.0,1.0,0.9467825248297833
673,4bfb085c53cc522f,True,1.0,0.0,0.0,1.0,1.0,1.0,0.0
674,ee545028f8a85e6f,True,1.0,1.0,0.8374666062682168,1.0,1.0,1.0,0.9322777526117569
675,6770ba617cae540e,True,1.0,1.0,0.7453460524131249,1.0,1.0,1.0,0.8938941885054686
676,8a9ecc24c4f25c3c,True,1.0,1.0,1.0,1.0,1.0,1.0,1.0
677,e44b06b920d35486,True,1.0,1.0,0.9226339407611259,1.0,1.0,1.0,0.9677641419838025
678,e933d70dd378598f,True,1.0,1.0,0.7748302789415619,1.0,1.0,1.0,0.9061792828923174
679,b42af31e8e9b596d,True,1.0,1.0,1.0,1.0,1.0,1.0,1.0
680,4940444d511c5594,True,1.0,1.0,1.0,1.0,1.0,1.0,1.0
681,1f0f883695f05e6c,True,1.0,1.0,0.734279459152238,1.0,1.0,1.0,0.8892831079800992
682,1457dddd3ea65845,True,1.0,1.0,1.0,1.0,1.0,1.0,1.0
683,157ad2289b20545e,True,1.0,1.0,1.0,1.0,1.0,0.0,1.0
684,e253ff0b4fd758cc,True,1.0,1.0,1.0,1.0,1.0,1.0,1.0
685,f07e9711c5285e75,True,1.0,1.0,0.9537582008219351,1.0,1.0,1.0,0.9807325836758064
686,f91647b196dd5180,True,1.0,1.0,0.7553582581100207,1.0,1.0,1.0,0.8980659408791754
687,b1f17d9960f35562,True,1.0,1.0,0.8881175861419369,1.0,1.0,1.0,0.9533823275591403
688,2963ac11563356d9,True,1.0,1.0,0.9066391368909422,1.0,1.0,1.0,0.9610996403712259
689,a6da1090aa335503,True,1.0,1.0,1.0,1.0,1.0,1.0,1.0
690,864e62539b8c58f9,True,1.0,1.0,0.7071615009350061,1.0,1.0,1.0,0.8779839587229192
691,3f188244418552d9,True,1.0,1.0,0.7429687318164785,1.0,1.0,1.0,0.892903638256866
692,cb2db72bfca85119,True,1.0,1.0,0.7201111690152119,1.0,1.0,1.0,0.8833796537563382
693,1d33935825d8539f,True,1.0,1.0,0.8032972928662762,1.0,1.0,1.0,0.9180405386942817
694,e81d82f764c853c0,True,1.0,1.0,0.9086407899282007,1.0,1.0,1.0,0.9619336624700837
695,9d4e8eb54f555166,True,1.0,1.0,0.7496374384639566,1.0,1.0,1.0,0.8956822660266486
696,644b16fd65f956b8,True,1.0,1.0,1.0,1.0,1.0,1.0,1.0
697,36ea923bc32b5181,True,1.0,1.0,1.0,1.0,1.0,1.0,1.0
698,1bfbaec4ef9b556c,True,1.0,1.0,0.639346117507777,1.0,1.0,1.0,0.8497275489615738
699,80dea9d7cb445906,True,1.0,1.0,1.0,1.0,1.0,1.0,1.0
700,1a31ffd5dc39532f,True,1.0,1.0,1.0,1.0,1.0,0.0,1.0
701,73bc1971e0735c22,True,1.0,1.0,0.8578971178293967,1.0,1.0,1.0,0.9407904657622487
702,d925879cb467504c,True,1.0,1.0,1.0,1.0,1.0,1.0,1.0
703,f9349f5d723b5421,True,1.0,1.0,1.0,1.0,1.0,1.0,1.0
704,393eaed8070a5d2c,True,1.0,1.0,0.8829949754137965,1.0,1.0,1.0,0.9512479064224152
705,a89b31979d265539,True,1.0,1.0,0.8412791679177992,1.0,1.0,1.0,0.9338663199657496
706,d3dcb57d3c385f19,True,1.0,1.0,1.0,1.0,1.0,1.0,1.0
707,68643a176fcb5c7c,True,1.0,1.0,0.9502488718013264,1.0,1.0,1.0,0.9792703632505527
708,d697dea3ebba5047,True,1.0,1.0,0.9406567420146901,1.0,1.0,1.0,0.9752736425061208
709,70b89bff643e5ef0,True,1.0,1.0,1.0,1.0,1.0,1.0,1.0
710,ba8af38306035c11,True,1.0,1.0,1.0,1.0,1.0,1.0,1.0
711,74ea43025c935b2e,True,1.0,1.0,0.846429352353279,1.0,1.0,1.0,0.9360122301471995
712,27b8eae78cf05c1e,True,1.0,1.0,0.44177415647594814,1.0,1.0,1.0,0.7674058985316451
713,645e303a25a65190,True,1.0,1.0,0.8639396959123025,1.0,1.0,1.0,0.943308206630126
714,037698dae8d65558,True,1.0,1.0,0.7303397700557361,1.0,1.0,0.5,0.8876415708565567
715,c2ebbcddd45457f8,True,1.0,1.0,0.836134704087631,1.0,1.0,1.0,0.9317227933698463
716,c3ef435d900256c1,True,1.0,1.0,0.7624602876715537,1.0,1.0,1.0,0.9010251198631473
717,e194cef299cf5264,True,1.0,1.0,1.0,1.0,1.0,1.0,1.0
718,80a22559c9565d0a,True,1.0,1.0,1.0,0.0,1.0,1.0,0.5833333333333334
719,985af967de8f5f3f,True,1.0,1.0,0.8689751251275784,1.0,1.0,1.0,0.945406302136491
720,a3ece675f714527b,True,1.0,1.0,0.5819481063891092,1.0,1.0,1.0,0.8258117109954622
721,b87e9553091a5216,True,1.0,1.0,1.0,1.0,1.0,1.0,1.0
722,0ca7781c66ea5fc9,True,1.0,1.0,0.7684783715638371,1.0,1.0,1.0,0.9035326548182655
723,82f70d5f3a11576d,True,1.0,1.0,0.7429815817287592,1.0,1.0,1.0,0.892908992386983
724,4bc793d4a9ef5860,True,1.0,1.0,1.0,1.0,1.0,1.0,1.0
725,bd6d465e3fe95e7c,True,0.0,1.0,0.0,0.0,1.0,1.0,0.0
726,f205c912572b559e,True,1.0,1.0,0.8403783466822315,1.0,1.0,1.0,0.9334909777842632
727,e97cd418ab4c5691,True,1.0,1.0,1.0,1.0,1.0,1.0,1.0
728,e694febcad5b5185,True,1.0,1.0,0.5279803946129036,1.0,1.0,1.0,0.8033251644220432
729,2f7f6af0b98354be,True,1.0,1.0,1.0,1.0,1.0,1.0,1.0
730,18973046d1215390,True,1.0,1.0,0.8712014151460816,1.0,1.0,1.0,0.946333922977534
731,2472d00839f65c25,True,1.0,1.0,1.0,1.0,1.0,1.0,1.0
732,854521fe3b945040,True,1.0,1.0,1.0,1.0,1.0,1.0,1.0
733,fbf241ca4b6758d8,True,1.0,1.0,1.0,1.0,1.0,1.0,1.0
734,95bb1e65b61b5e04,True,1.0,1.0,0.8269785987758222,1.0,1.0,1.0,0.9279077494899259
735,c28c7b29e80059d2,True,1.0,1.0,0.8741861992264027,1.0,1.0,1.0,0.9475775830110011
736,b111bb8716b756d2,True,1.0,1.0,1.0,1.0,1.0,1.0,1.0
737,ff0ad146b37756e3,True,1.0,0.0,0.0,1.0,1.0,1.0,0.0
738,e46762b07ca45b74,True,1.0,1.0,0.6252085087740427,1.0,1.0,1.0,0.8438368786558511
739,a82d8d2d870a5280,True,1.0,1.0,0.5403519733062687,1.0,1.0,1.0,0.808479988877612
740,8a7750196bc65a14,True,1.0,1.0,0.8277352316070936,1.0,1.0,1.0,0.9282230131696223
741,625804443c0555ac,True,1.0,1.0,0.8102648720120407,1.0,1.0,1.0,0.9209436966716836
742,6f2f0885518356ef,True,1.0,1.0,0.648022665108989,1.0,1.0,1.0,0.8533427771287454
743,131c6cc5af9c58b6,True,1.0,1.0,0.8354670238351013,1.0,1.0,0.5,0.9314445932646255
744,33bae177e9c75992,True,1.0,1.0,0.9004723018180051,1.0,1.0,1.0,0.9585301257575022
745,a2b7733806b355ac,True,1.0,1.0,1.0,1.0,1.0,1.0,1.0
746,9644977ff3b15622,True,1.0,1.0,1.0,1.0,1.0,0.0,1.0
747,fd38927a12a152fa,True,1.0,1.0,0.7888602350594656,1.0,1.0,1.0,0.912025097941444
748,45d416b638f95a9c,True,1.0,1.0,0.7679452413852876,1.0,1.0,1.0,0.9033105172438699
749,6856c3ad77315d3c,True,1.0,1.0,0.7692394768400496,1.0,1.0,1.0,0.9038497820166874
750,1c4544c0876f5a08,True,1.0,1.0,0.8609010640772029,1.0,1.0,1.0,0.9420421100321678
751,1679f30058f75db4,True,1.0,1.0,0.9884928450680815,1.0,1.0,1.0,0.9952053521117007
752,d6641a8596f25d47,True,1.0,1.0,0.9527944275544843,1.0,1.0,1.0,0.9803310114810352
753,cf039efb320e55ec,True,1.0,1.0,0.7523080157261756,1.0,1.0,1.0,0.8967950065525732
754,eeba0804c2645281,True,1.0,1.0,1.0,1.0,1.0,1.0,1.0
755,03059436fa185bf8,True,1.0,1.0,0.8543301000717871,1.0,1.0,1.0,0.9393042083632447
756,a85c442c31bc557f,True,1.0,1.0,0.8864106221135721,1.0,1.0,1.0,0.9526710925473217
757,8b328af730c75e49,True,1.0,1.0,0.7910466554337585,1.0,1.0,1.0,0.9129361064307328
758,c4f1593154f95224,True,1.0,1.0,1.0,1.0,1.0,1.0,1.0
759,13bae3f5ab31581d,True,1.0,1.0,1.0,1.0,1.0,1.0,1.0
760,0cf7d096e8c05fed,True,1.0,1.0,0.8241853004951845,1.0,1.0,1.0,0.9267438752063267
761,2e6e8eebd05f5da2,True,1.0,1.0,0.774281613396895,1.0,1.0,1.0,0.9059506722487063
762,7251f2907bd952cb,True,1.0,1.0,0.9254177942485138,1.0,1.0,1.0,0.9689240809368806
763,1e60548b4c00538a,True,1.0,1.0,0.7148274488998827,1.0,1.0,1.0,0.8811781037082844
764,944fda18b9205994,True,1.0,1.0,1.0,1.0,1.0,1.0,1.0
765,f625dafc811b5c1f,True,1.0,1.0,0.8576142543685927,1.0,1.0,1.0,0.9406726059869136
766,c6b7a8d63fc95d3a,True,1.0,0.0,0.0,1.0,1.0,1.0,0.0
767,25d56d0a299a50fb,True,1.0,0.0,0.0,1.0,1.0,0.0,0.0
768,f9c0cc538bb457c8,True,1.0,1.0,0.9951791430490464,1.0,1.0,1.0,0.9979913096037695
769,c0ee4f794af35185,True,1.0,1.0,1.0,1.0,1.0,1.0,1.0
770,50eebed7d9655bb5,True,0.0,0.0,0.0,0.0,1.0,0.5,0.0
771,a8ca647927f25ae9,True,1.0,1.0,0.9275580450912804,1.0,1.0,1.0,0.9698158521213669
772,4e3103d8feb95170,True,1.0,0.0,0.0,0.0,1.0,1.0,0.0
773,e0094ac69a8955fb,True,1.0,1.0,1.0,1.0,1.0,1.0,1.0
774,4ba0a7c883e85b4f,True,1.0,1.0,1.0,1.0,1.0,1.0,1.0
775,1424caab55de5db7,True,1.0,1.0,0.8944364367559928,1.0,1.0,1.0,0.9560151819816637
776,1d6a5273610a56e6,True,1.0,1.0,1.0,1.0,1.0,1.0,1.0
777,955916fd66da5657,True,1.0,1.0,0.9255993320910316,1.0,1.0,1.0,0.9689997217045966
778,aa5b0658c4e6529d,True,1.0,1.0,0.9921682083494144,1.0,1.0,1.0,0.9967367534789227
779,d4e058ec6a795ef1,True,1.0,1.0,0.8426791334804067,1.0,1.0,1.0,0.9344496389501694
780,74cdabf6dd8e5052,True,1.0,1.0,1.0,1.0,1.0,1.0,1.0
781,1c295a44b8d856d0,True,1.0,1.0,0.7974578488719061,1.0,1.0,1.0,0.9156074370299608
782,c0deb9fb709b5a64,True,1.0,0.0,0.0,1.0,1.0,1.0,0.0
783,4bb645483bf4594a,True,1.0,1.0,1.0,1.0,1.0,1.0,1.0
784,bb9c441a4c2b5791,True,1.0,1.0,0.828390545258243,1.0,1.0,1.0,0.9284960605242679
785,c67262b6c33b5b0f,True,1.0,1.0,0.5187732537027806,1.0,1.0,1.0,0.7994888557094919
786,9edd49210af95749,True,1.0,1.0,0.7426325215743639,1.0,1.0,1.0,0.8927635506559849
787,d11b9fcd004e5270,True,1.0,1.0,0.7788449711699844,1.0,1.0,1.0,0.9078520713208268
788,db94e239ea1a5468,True,1.0,1.0,0.7240416135250013,1.0,1.0,1.0,0.8850173389687505
789,114a946faf305345,True,1.0,1.0,0.7851135943208236,1.0,1.0,1.0,0.9104639976336765
790,0b046094d70257ed,True,1.0,1.0,1.0,1.0,1.0,1.0,1.0
791,1fa7d30105dd5ebd,True,1.0,1.0,0.5278667962877629,1.0,1.0,1.0,0.8032778317865678
792,1b9e4e6c5e91568d,True,1.0,1.0,0.8700106948661338,1.0,1.0,1.0,0.9458377895275557
793,a1eab14904fc5807,True,1.0,1.0,0.6376923895382254,1.0,1.0,1.0,0.8490384956409273
794,68b2ef4a0f9d505e,True,1.0,1.0,0.999996548380769,1.0,1.0,1.0,0.9999985618253205
795,2f2caab982ad5739,True,1.0,1.0,1.0,1.0,1.0,1.0,1.0
796,895513fa202c506f,True,1.0,1.0,1.0,1.0,1.0,1.0,1.0
797,47f8cc513134512b,True,1.0,1.0,0.9600231670532179,1.0,1.0,1.0,0.9833429862721741
798,3e1daba01cbe5973,True,1.0,1.0,0.713980816977391,1.0,1.0,1.0,0.8808253404072462
799,0c8e3fd67ae45324,True,1.0,1.0,0.8562079723664994,1.0,1.0,1.0,0.9400866551527081
800,8a808765078856bf,True,1.0,1.0,0.8291441359236686,1.0,1.0,1.0,0.9288100566348619
801,15b400ceaa505015,True,1.0,1.0,0.9203254697321104,1.0,1.0,1.0,0.966802279055046
802,c42697d5870e5dee,True,1.0,1.0,1.0,1.0,1.0,1.0,1.0
803,9191f3f8644d50cb,True,1.0,1.0,1.0,1.0,1.0,1.0,1.0
804,562e11865ef75220,True,1.0,1.0,1.0,1.0,1.0,1.0,1.0
805,860be3b6be785f37,True,1.0,1.0,0.9095888035405867,1.0,1.0,1.0,0.9623286681419111
806,1081728e06ca5239,True,1.0,1.0,1.0,1.0,1.0,1.0,1.0
807,e393bc5cafe95872,True,1.0,1.0,0.8758525818213829,1.0,1.0,1.0,0.9482719090922429
808,de2379f94fc85652,True,1.0,1.0,0.8201443340003777,1.0,1.0,1.0,0.9250601391668241
809,db747c98e01c5b42,True,1.0,1.0,1.0,1.0,1.0,1.0,1.0
810,24dd5bba8f2f5c53,True,1.0,1.0,0.9463543639788221,1.0,1.0,1.0,0.9776476516578425
811,7da863f64a5f5e90,True,1.0,0.0,0.0,1.0,1.0,0.5,0.0
812,dbcee699816e524c,True,1.0,1.0,0.5497756691314106,1.0,1.0,1.0,0.8124065288047544
813,4f2ac10c0fc1566a,True,1.0,1.0,0.7805901856932932,1.0,1.0,1.0,0.9085792440388722
814,f518d10b147c5398,True,1.0,1.0,0.7767128815998583,1.0,1.0,1.0,0.9069637006666076
815,fdf7643412e85c31,True,1.0,1.0,0.8825312050924555,1.0,1.0,1.0,0.9510546687885232
816,9820fb92380b522b,True,1.0,1.0,0.5870375084523919,1.0,1.0,0.5,0.8279322951884965
817,9e8403c32a50530b,True,1.0,1.0,0.9058489268391084,1.0,1.0,1.0,0.9607703861829618
818,b2ec50201ac25ada,True,1.0,1.0,1.0,1.0,1.0,1.0,1.0
819,0f69087034985e9e,True,1.0,1.0,0.7327849772876376,1.0,1.0,1.0,0.8886604072031824
820,18d8181124185dfa,True,1.0,1.0,0.8404406103995704,1.0,1.0,1.0,0.933516920999821
821,81464a4119075069,True,1.0,1.0,0.6983100774281245,1.0,1.0,1.0,0.8742958655950518
822,4bf95781578b59ec,True,1.0,1.0,1.0,1.0,1.0,1.0,1.0
823,e1c80a4e90a1501d,True,1.0,1.0,0.823988530142754,1.0,1.0,1.0,0.9266618875594809
824,bb74197177cb51b0,True,1.0,1.0,1.0,1.0,1.0,1.0,1.0
825,a067cd2e442c5a4a,True,1.0,1.0,1.0,1.0,1.0,1.0,1.0
826,af07e6e213f2582e,True,1.0,1.0,0.9270727776035748,1.0,1.0,1.0,0.9696136573348229
827,6f2baa8c8c8e5942,True,1.0,1.0,1.0,1.0,1.0,1.0,1.0
828,22e04303d53f54f5,True,1.0,0.0,0.0,1.0,1.0,1.0,0.0
829,b658c12176c05fc5,True,1.0,1.0,0.9398395566280904,1.0,1.0,1.0,0.9749331485950377
830,5971485918d155dd,True,1.0,0.0,0.0,1.0,1.0,1.0,0.0
831,08ac82bf0eeb5661,True,1.0,1.0,1.0,1.0,1.0,1.0,1.0
832,778dc72ff2ec5e94,True,1.0,1.0,1.0,1.0,1.0,1.0,1.0
833,afa8102c20685ec5,True,1.0,1.0,0.8181306078425049,1.0,1.0,1.0,0.9242210866010437
834,b9400f20792f5936,True,1.0,1.0,0.9089884400705585,1.0,1.0,1.0,0.962078516696066
835,f84b6dbc1cd35f61,True,1.0,1.0,0.9190317305663305,1.0,1.0,1.0,0.9662632210693044
836,af98af49fda35a8c,True,1.0,1.0,0.8293966999147553,1.0,1.0,1.0,0.928915291631148
837,ea7d8f38a0a05149,True,1.0,1.0,0.6157556249010302,1.0,1.0,1.0,0.8398981770420959
838,af6aff5482395ecf,True,1.0,1.0,1.0,1.0,1.0,1.0,1.0
839,c35e290a671a5084,True,1.0,1.0,1.0,1.0,1.0,0.5,1.0
840,3370b43bf64151a6,True,1.0,1.0,1.0,1.0,1.0,1.0,1.0
841,9c9944c9e8b3583e,True,1.0,1.0,0.7485520727218898,1.0,1.0,1.0,0.8952300303007874
842,81997d01d8f65c19,True,1.0,1.0,0.9325091294344864,1.0,1.0,1.0,0.9718788039310361
843,e9c2ed7aa8275015,True,1.0,1.0,0.8780368741046373,1.0,1.0,1.0,0.9491820308769322
844,a8c2268684c35a80,True,1.0,1.0,0.7972497560531916,1.0,1.0,1.0,0.9155207316888299
845,840de743ab1c50cc,True,1.0,0.0,0.0,1.0,1.0,1.0,0.0
846,986cc16cb2295630,True,1.0,1.0,0.4586808313780075,1.0,1.0,1.0,0.7744503464075031
847,7d930b1f5365521f,True,1.0,1.0,1.0,1.0,1.0,1.0,1.0
848,b8cf57333fc65efe,True,1.0,0.0,0.0,1.0,1.0,1.0,0.0
849,8fd10a64f7255d5c,True,1.0,1.0,0.8016116986621591,1.0,1.0,1.0,0.9173382077758996
850,42a20478abeb54d5,True,1.0,1.0,1.0,1.0,1.0,0.0,1.0
851,323747032b285187,True,1.0,1.0,1.0,0.0,1.0,1.0,0.5833333333333334
852,83cb0b794de45f7e,True,1.0,1.0,0.8585157588435325,1.0,1.0,1.0,0.9410482328514718
853,642ba15d21c05f4e,True,1.0,1.0,0.964024546502209,1.0,1.0,1.0,0.9850102277092537
854,a64a3e4f2048576d,True,1.0,1.0,0.7826425772675697,1.0,1.0,1.0,0.9094344071948207
855,5e5a77fb1990565b,True,1.0,1.0,0.5834348275294612,1.0,1.0,1.0,0.8264311781372755
856,1cb1b58a3129563c,True,1.0,1.0,0.8987345221587281,1.0,1.0,1.0,0.9578060508994701
857,eda5fa80573953b8,True,1.0,1.0,0.8945119301423515,1.0,1.0,1.0,0.9560466375593132
858,fcb205c7324051ae,True,1.0,1.0,1.0,1.0,1.0,1.0,1.0
859,433d630eed9d5f3a,True,1.0,1.0,0.9103651978961972,1.0,1.0,1.0,0.9626521657900821
860,b64b160540265465,True,1.0,1.0,0.9972637757146385,1.0,1.0,1.0,0.9988599065477661
861,0577532eba755552,True,1.0,1.0,0.7242441199249723,1.0,1.0,1.0,0.885101716635405
862,3f655357375b5f03,True,1.0,1.0,1.0,1.0,1.0,1.0,1.0
863,5e9e03ce875059ed,True,1.0,1.0,0.7807479421014691,1.0,1.0,1.0,0.9086449758756121
864,cba2150084b1510a,True,1.0,1.0,0.9485651698398038,1.0,1.0,1.0,0.9785688207665849
865,ef68308faf305171,True,1.0,1.0,1.0,1.0,1.0,1.0,1.0
866,b966c10ea361593f,True,1.0,1.0,0.5361458538304964,1.0,1.0,0.5,0.8067274390960403
867,10214bdcdd9c5607,True,1.0,1.0,1.0,1.0,1.0,1.0,1.0
868,062255c18e275666,True,1.0,1.0,1.0,1.0,1.0,1.0,1.0
869,dfeb840d983e55ca,True,1.0,1.0,0.8162124848674782,1.0,1.0,1.0,0.9234218686947826
870,c2a01dd3d1d45258,True,1.0,1.0,1.0,1.0,1.0,1.0,1.0
871,bcd26bf1bf055164,True,1.0,1.0,1.0,1.0,1.0,1.0,1.0
872,ac6d9537bf315302,True,1.0,1.0,0.8188565579953753,1.0,1.0,1.0,0.9245235658314064
873,1c3d4987efaf5aae,True,1.0,1.0,1.0,1.0,1.0,1.0,1.0
874,b8b3f457e7ac5382,True,1.0,1.0,1.0,1.0,1.0,1.0,1.0
875,4d4ef3ee372d5afc,True,1.0,1.0,0.7688534468617944,1.0,1.0,1.0,0.9036889361924144
876,c9520de7084f5868,True,1.0,1.0,1.0,1.0,1.0,1.0,1.0
877,8fe72ff0763b5ba9,True,1.0,1.0,1.0,1.0,1.0,1.0,1.0
878,d0884d449b2959fe,True,1.0,1.0,0.8584144019627943,1.0,1.0,1.0,0.9410060008178309
879,76ec850d346b5ca7,True,1.0,1.0,1.0,1.0,1.0,1.0,1.0
880,059009aa4252526c,True,1.0,1.0,1.0,1.0,1.0,1.0,1.0
881,b60afdbc7cc65971,True,1.0,1.0,1.0,1.0,1.0,1.0,1.0
882,625bda810b66583a,True,1.0,1.0,0.9227764947396494,1.0,1.0,1.0,0.9678235394748539
883,d1d19175f88e5b2e,True,1.0,1.0,0.6784683768529195,1.0,1.0,1.0,0.8660284903553831
884,ed7a09d2f93d5e90,True,1.0,1.0,0.8610655702749239,1.0,1.0,1.0,0.9421106542812184
885,0be1a98f7d1f5fce,True,1.0,1.0,1.0,1.0,1.0,1.0,1.0
886,1c5aaf9e884b5ce9,True,1.0,1.0,0.9765039251564579,1.0,1.0,1.0,0.9902099688151909
887,8dae886e0ed1501c,True,1.0,1.0,0.6286512667184699,1.0,1.0,1.0,0.8452713611326957
888,5b8d892592635d5f,True,1.0,1.0,1.0,1.0,1.0,1.0,1.0
889,5d8677f177185a61,True,1.0,1.0,0.8423530091100068,1.0,1.0,1.0,0.9343137537958363
890,667ad9e70e1d525c,True,1.0,1.0,0.6605501288764573,1.0,1.0,0.5,0.8585625536985239
891,d1e46ac6cbe15c1e,True,1.0,1.0,1.0,0.0,1.0,1.0,0.5833333333333334
892,47f9e40a21f7510a,True,1.0,1.0,1.0,1.0,1.0,1.0,1.0
893,3e8e85cf14c65da8,True,1.0,0.0,0.0,1.0,1.0,1.0,0.0
894,6c996448c2e45ca1,True,1.0,1.0,0.7626389090128856,1.0,1.0,1.0,0.9010995454220355
895,04e3e7c9b4bf5ddf,True,1.0,1.0,1.0,1.0,1.0,1.0,1.0
896,ce567ba416055525,True,1.0,1.0,0.8186368845578785,1.0,1.0,1.0,0.9244320352324493
897,4946bc8012cb5e83,True,1.0,1.0,0.8349694569889938,1.0,1.0,1.0,0.9312372737454141
898,b5b8d20688385790,True,1.0,1.0,1.0,1.0,1.0,1.0,1.0
899,592abdaa0cb25437,True,1.0,1.0,1.0,0.0,1.0,1.0,0.5833333333333334
900,0d161d05f98354dc,True,0.0,1.0,0.0,0.0,1.0,1.0,0.0
901,331882a4388559b6,True,1.0,1.0,1.0,1.0,1.0,1.0,1.0
902,2db824526e9458f2,True,1.0,1.0,1.0,1.0,1.0,1.0,1.0
903,7fd97ff49f5b5761,True,1.0,1.0,0.7320706800957102,1.0,1.0,1.0,0.8883627833732125
904,e57f09cee57d5ee1,True,1.0,1.0,0.9196912673743259,1.0,1.0,1.0,0.9665380280726358
905,9c8bbeb504c05892,True,1.0,0.0,0.0,1.0,1.0,1.0,0.0
906,2055bd0e7a885e4a,True,1.0,1.0,0.8467006320286083,1.0,1.0,1.0,0.9361252633452534
907,ce82b44e8dfd5e1d,True,1.0,1.0,0.9309651206126444,1.0,1.0,1.0,0.9712354669219351
908,0599b72c60335651,True,1.0,1.0,0.6801454624161444,1.0,1.0,1.0,0.8667272760067268
909,76f952632729540f,True,1.0,1.0,0.8189439112788081,1.0,1.0,1.0,0.9245599630328366
910,d3a7653499875f98,True,1.0,1.0,1.0,1.0,1.0,1.0,1.0
911,a8a10f07becb5a55,True,1.0,1.0,1.0,1.0,1.0,1.0,1.0
912,b022d508550251bf,True,1.0,1.0,1.0,1.0,1.0,1.0,1.0
913,0363f17229aa5b57,True,1.0,1.0,1.0,1.0,1.0,1.0,1.0
914,8df9b515d98e5c38,True,1.0,1.0,0.7969104522860609,1.0,1.0,1.0,0.9153793551191921
915,86018dbae1485c1c,True,1.0,1.0,1.0,1.0,1.0,1.0,1.0
916,444d8e18dcce5e49,True,1.0,1.0,0.7924110103139803,1.0,1.0,1.0,0.9135045876308251
917,ed3e5181549254bc,True,1.0,1.0,1.0,1.0,1.0,1.0,1.0
918,7fbe5b01c5a9525c,True,1.0,1.0,0.8925971055230857,1.0,1.0,1.0,0.9552487939679524
919,2be1cc28e5af523e,True,1.0,1.0,1.0,1.0,1.0,1.0,1.0
920,0a8612e9d0df52f1,True,1.0,1.0,1.0,1.0,1.0,1.0,1.0
921,0bb3e400083659c7,True,1.0,1.0,1.0,1.0,1.0,1.0,1.0
922,fb4908bfeaf75ab1,True,1.0,1.0,1.0,1.0,1.0,1.0,1.0
923,c73dd42b15465858,True,1.0,1.0,0.7054047724799092,1.0,1.0,1.0,0.8772519885332954
924,2d9d3d15e7f25716,True,1.0,0.0,0.0,1.0,1.0,1.0,0.0
925,e3e49101a8b45645,True,1.0,1.0,0.7755409769712686,1.0,1.0,1.0,0.9064754070713619
926,a754894e5e355c0f,True,1.0,1.0,1.0,1.0,1.0,1.0,1.0
927,5350c9f947cb5482,True,1.0,1.0,0.9378255047435606,1.0,1.0,1.0,0.974093960309817
928,0bd98f90f42350a3,True,1.0,1.0,0.9059397796986077,1.0,1.0,1.0,0.9608082415410865
929,21ef33c75fee5561,True,1.0,1.0,0.6936935291275881,1.0,1.0,1.0,0.8723723038031617
930,eff63ffe642d5409,True,1.0,1.0,0.8112276607984108,1.0,1.0,1.0,0.9213448586660045
931,0d5b8da00d505be0,True,1.0,1.0,0.9862514230571521,1.0,1.0,1.0,0.9942714262738134
932,bae8f15e2e5b5328,True,1.0,1.0,0.9602834389208204,1.0,1.0,1.0,0.9834514328836752
933,3f4013b6af2d5850,True,1.0,1.0,0.7797328891904709,1.0,1.0,1.0,0.9082220371626962
934,752b0c820740589e,True,1.0,1.0,0.6810001330277052,1.0,1.0,1.0,0.8670833887615439
935,cea55cd8ec6f5185,True,1.0,1.0,0.9723123058203271,1.0,1.0,1.0,0.9884634607584696
936,8671b777d49e5dea,True,1.0,1.0,0.9748572579267699,1.0,1.0,1.0,0.9895238574694876
937,a15cc20cfcc35d48,True,1.0,1.0,0.7457792372102232,1.0,1.0,1.0,0.8940746821709263
938,cdc9d2e591cc552c,True,1.0,1.0,1.0,1.0,1.0,1.0,1.0
939,077dd2d55c17560f,True,1.0,1.0,0.6349661663721164,1.0,1.0,1.0,0.8479025693217151
940,8a2df3fb1632552a,True,1.0,1.0,1.0,1.0,1.0,1.0,1.0
941,0d7cf272469a5a97,True,1.0,1.0,0.6366070597434275,1.0,1.0,1.0,0.8485862748930947
942,6f31e863bab65c62,True,1.0,1.0,0.8330227763641048,1.0,1.0,1.0,0.930426156818377
943,b0d77b56b10d5861,True,1.0,1.0,1.0,1.0,1.0,1.0,1.0
944,88466abb967954e5,True,1.0,1.0,0.9669139297999043,1.0,1.0,1.0,0.9862141374166269
945,c5c7922b844d592f,True,1.0,1.0,0.8749241948961647,1.0,1.0,1.0,0.9478850812067353
946,f6ab99e351c95b45,True,1.0,1.0,0.9249855671861703,1.0,1.0,1.0,0.968743986327571
947,b50b164056715968,True,1.0,1.0,0.9385885809373361,1.0,1.0,1.0,0.9744119087238902
948,c710ccf4dffd58a7,True,1.0,1.0,1.0,1.0,1.0,1.0,1.0
949,10ddf2c0942a5704,True,1.0,1.0,1.0,1.0,1.0,1.0,1.0
950,6732b99133eb5d36,True,1.0,1.0,1.0,1.0,1.0,1.0,1.0
951,4c46222756735317,True,1.0,1.0,0.9489934312219807,1.0,1.0,1.0,0.9787472630091587
952,4900cab7493059e2,True,1.0,1.0,0.9605247995666902,1.0,1.0,1.0,0.9835519998194542
953,6bf0e7ba6477572b,True,1.0,1.0,0.9545405720212772,1.0,1.0,1.0,0.9810585716755321
954,475a45837ca75030,True,1.0,1.0,0.6860188250734922,1.0,1.0,1.0,0.8691745104472884
955,7399b61d44ea592a,True,1.0,1.0,1.0,1.0,1.0,1.0,1.0
956,7e647d942b9f57ed,True,1.0,1.0,1.0,1.0,1.0,1.0,1.0
957,986b3349c460538b,True,1.0,1.0,0.8173950349056239,1.0,1.0,1.0,0.9239145978773434
958,ccd3ef26274b5b13,True,1.0,1.0,1.0,0.0,1.0,1.0,0.5833333333333334
959,33f04aa1460b5dc5,True,0.0,0.0,0.0,0.0,1.0,0.0,0.0
960,08c1c8fbe5435208,True,1.0,1.0,0.7928778072228583,1.0,1.0,1.0,0.9136990863428576
961,e15cc5e1d2f85a26,True,1.0,1.0,0.8268114897816927,1.0,1.0,1.0,0.927838120742372
962,29b1f4b4868f59e3,True,1.0,1.0,0.9184080852810904,1.0,1.0,1.0,0.966003368867121
963,8d1b3ba5749b5a76,True,1.0,1.0,0.7413585032621598,1.0,1.0,1.0,0.8922327096925665
964,e721852571e5573b,True,1.0,1.0,0.6882899149727091,1.0,1.0,0.5,0.8701207979052955
965,47b1e103c4f1584a,True,1.0,1.0,0.9772743518855864,1.0,1.0,1.0,0.9905309799523278
966,cf1ad202aadb5ee6,True,1.0,1.0,1.0,1.0,1.0,1.0,1.0
967,d45dddb7bbfe5914,True,1.0,0.0,0.0,1.0,1.0,1.0,0.0
968,08b8808b5cf351c3,True,1.0,1.0,0.7351642822412627,1.0,1.0,1.0,0.8896517842671928
969,75d9973be85e50f0,True,1.0,1.0,0.819026929940592,1.0,1.0,1.0,0.9245945541419133
970,4cfa7ad13dc952b3,True,1.0,1.0,0.9983972563511098,1.0,1.0,1.0,0.9993321901462956
971,942df6bcc0c65bf9,True,1.0,0.0,0.0,1.0,1.0,1.0,0.0
972,86aae04a66c45970,True,1.0,1.0,0.6839536077746622,1.0,1.0,1.0,0.8683140032394426
973,fab7cc2db66f5e63,True,1.0,1.0,1.0,1.0,1.0,1.0,1.0
974,d025c5fb0df05ef7,True,1.0,1.0,0.9812707101594009,1.0,1.0,1.0,0.9921961292330836
975,68a3518b15a75c25,True,1.0,0.0,0.0,1.0,1.0,0.5,0.0
976,ce9f5160229b5755,True,1.0,1.0,1.0,1.0,1.0,1.0,1.0
977,e404f3b25f405019,True,1.0,1.0,0.6368055450873777,1.0,1.0,1.0,0.8486689771197407
978,d46b1d647640578f,True,1.0,1.0,0.9340271117836231,1.0,1.0,1.0,0.9725112965765096
979,c3d6016d73645955,True,1.0,1.0,0.9035380793014607,0.0,1.0,1.0,0.5431408663756087
980,9fc65b945c175ebb,True,1.0,1.0,0.9927656248324718,1.0,1.0,1.0,0.9969856770135298
981,cfa1a5ff80355988,True,1.0,1.0,0.5308504230245866,1.0,1.0,1.0,0.8045210095935778
982,8187be48a9d95d91,True,1.0,1.0,0.8705935766362636,1.0,1.0,1.0,0.9460806569317765
983,1ac0023fd2655313,True,1.0,1.0,0.9403749372696013,1.0,1.0,1.0,0.9751562238623338
984,0027991369e05ab2,True,1.0,1.0,0.8921810358449008,1.0,1.0,1.0,0.955075431602042
985,c0b730b08f685ef3,True,1.0,1.0,1.0,1.0,1.0,1.0,1.0
986,17bc4c71fc425620,True,1.0,1.0,1.0,1.0,1.0,1.0,1.0
987,36f96e28725c5f5e,True,1.0,1.0,0.8142152168938235,1.0,1.0,1.0,0.9225896737057598
988,ee9ddfe6625b5969,True,1.0,1.0,0.8933359186423421,1.0,1.0,1.0,0.9555566327676425
989,42643a30b402538f,True,1.0,1.0,1.0,1.0,1.0,1.0,1.0
990,19c8d441cb445d87,True,1.0,1.0,0.7190109696739545,1.0,1.0,1.0,0.8829212373641476
991,e24d893472bf5ce0,True,1.0,1.0,1.0,1.0,1.0,1.0,1.0
992,5c5f0c06d7035bb7,True,1.0,1.0,1.0,1.0,1.0,1.0,1.0
993,803addaf65355261,True,1.0,1.0,0.7332502837229222,1.0,1.0,1.0,0.8888542848845509
994,ac328bbd087d5cf2,True,1.0,1.0,0.7427907948437245,1.0,1.0,1.0,0.8928294978515519
995,bdaa773585685d09,True,1.0,1.0,1.0,1.0,1.0,0.5,1.0
996,e43d7861387c59f2,True,1.0,1.0,0.8625099709117784,1.0,1.0,1.0,0.9427124878799077
997,757c23c6819c589c,True,1.0,0.0,0.0,1.0,1.0,1.0,0.0
998,ea60e66a13335f6e,True,1.0,1.0,0.8207938853024757,1.0,1.0,1.0,0.9253307855426982
999,1c8ca8c10d1a5757,True,1.0,1.0,0.7609407134133748,1.0,1.0,1.0,0.9003919639222394
1000,dbadf83c8bc85324,True,1.0,1.0,0.8556114330274643,1.0,1.0,1.0,0.939838097094777
1001,75c91bd683535274,True,1.0,1.0,0.8212321730816354,1.0,1.0,1.0,0.9255134054506815
1002,428532e023bc5783,True,1.0,1.0,0.7785968911460628,1.0,1.0,1.0,0.9077487046441929
1003,9838aa01c0de5dc8,True,1.0,1.0,0.8802293333018018,0.0,1.0,1.0,0.5334288888757507
1004,8d21608fa8c354f1,True,1.0,0.0,0.0,1.0,1.0,0.5,0.0
1005,ee8a391c71ab5f5f,True,1.0,1.0,0.7052828222604655,1.0,1.0,1.0,0.8772011759418605
1006,5f2c3f928abe5f5b,True,1.0,1.0,0.7640604488436019,1.0,1.0,1.0,0.9016918536848341
1007,b5991c2d51f65715,True,1.0,0.0,0.0,1.0,1.0,1.0,0.0
1008,108b8b1ea5fd57ff,True,1.0,1.0,1.0,1.0,1.0,1.0,1.0
1009,c2f56a56716f55e3,True,1.0,1.0,0.7186692388465091,1.0,1.0,1.0,0.8827788495193788
1010,b5efcbfe3c6f5888,True,1.0,1.0,0.5586027339705087,1.0,1.0,1.0,0.816084472487712
1011,56464bef8d91590f,True,1.0,1.0,0.6679011765827653,1.0,1.0,1.0,0.8616254902428189
1012,e656eb8f3cdf590c,True,1.0,1.0,1.0,1.0,1.0,1.0,1.0
1013,87e14b8fa1665ee2,True,1.0,1.0,0.9991272855223183,1.0,1.0,1.0,0.9996363689676326
1014,d5a79b89fb985129,True,1.0,1.0,0.617434177410436,1.0,1.0,1.0,0.840597573921015
1015,fe0a6bd36c395735,True,1.0,1.0,0.6983089839898314,1.0,1.0,1.0,0.874295409995763
1016,2c6d90e9889e56c2,True,1.0,1.0,0.8554930607891826,1.0,1.0,1.0,0.9397887753288261
1017,9858cb2db360536b,True,1.0,1.0,0.5398437970064086,1.0,1.0,1.0,0.8082682487526703
1018,1a585b7022ed54df,True,1.0,1.0,0.8533474053461716,1.0,1.0,1.0,0.9388947522275716
1019,067d731005885300,True,1.0,1.0,1.0,1.0,1.0,1.0,1.0
1020,f75c8c639ded5924,True,1.0,1.0,0.887728043958005,1.0,1.0,1.0,0.9532200183158354
1021,c95348f67fa059ae,True,1.0,1.0,1.0,1.0,1.0,1.0,1.0
1022,e747d6fdc59252f3,True,1.0,1.0,0.835991339967303,1.0,1.0,1.0,0.9316630583197095
1023,a0bc34982a4555ac,True,1.0,1.0,0.7313408826636156,1.0,1.0,1.0,0.8880587011098399
1024,f3c9dcda27ba51a7,True,1.0,1.0,0.8499324190519663,1.0,1.0,1.0,0.9374718412716526
1025,ab8af92e0bda5def,True,1.0,1.0,1.0,1.0,1.0,1.0,1.0
1026,5ec473ffad5c55ba,True,1.0,1.0,0.9161666830896478,1.0,1.0,1.0,0.9650694512873533
1027,fcb6bd60c8905c79,True,1.0,1.0,0.8279508571194508,1.0,1.0,1.0,0.9283128571331045
1028,230b5f3fb3f157fe,True,1.0,0.0,0.0,1.0,1.0,0.5,0.0
1029,c7f3aa98380354ba,True,1.0,0.0,0.0,1.0,1.0,1.0,0.0
1030,8d63ae7a5eec54da,True,1.0,1.0,1.0,1.0,1.0,1.0,1.0
1031,4e72d5b688ca564f,True,1.0,1.0,1.0,1.0,1.0,1.0,1.0
1032,5016bf8ca2ee554c,True,1.0,0.0,0.0,1.0,1.0,1.0,0.0
1033,27f3c1e778bf5748,True,1.0,1.0,0.859640122286286,1.0,1.0,1.0,0.9415167176192858
1034,2a4ee10b521258a2,True,1.0,1.0,0.9024727228786199,1.0,1.0,1.0,0.9593636345327582
1035,5fd5fdcf5c1552b9,True,1.0,1.0,1.0,1.0,1.0,1.0,1.0
1036,ea8e1b52032857e1,True,1.0,1.0,1.0,1.0,1.0,1.0,1.0
1037,f2a41314d1575761,True,1.0,1.0,1.0,1.0,1.0,1.0,1.0
1038,46369836a9b654ee,True,1.0,1.0,0.8669829994521874,1.0,1.0,1.0,0.9445762497717447
1039,a120ebfcfb775487,True,1.0,1.0,0.8118633236444806,1.0,1.0,1.0,0.9216097181852003
1040,281798a7d40559bb,True,1.0,0.0,0.0,1.0,1.0,1.0,0.0
1041,f1849aa89eed53d1,True,1.0,1.0,1.0,1.0,1.0,1.0,1.0
1042,0691c520f834559d,True,1.0,1.0,0.7794421653182971,1.0,1.0,1.0,0.9081009022159572
1043,cc652b7870745fa5,True,1.0,1.0,0.8010045612255029,1.0,1.0,1.0,0.9170852338439595
1044,b4561c216e6c5e21,True,1.0,1.0,1.0,1.0,1.0,1.0,1.0
1045,92427e4a55475ba6,True,1.0,1.0,0.8008237211491473,1.0,1.0,1.0,0.9170098838121447
1046,5a73f6b4c9855899,True,1.0,1.0,0.8908657035444947,1.0,1.0,1.0,0.9545273764768728
1047,e0a1d14a2cea5d4a,True,1.0,1.0,0.5216811532384007,1.0,1.0,1.0,0.8007004805160003
1048,75b3192cd5825661,True,1.0,1.0,0.961918132916081,1.0,1.0,1.0,0.9841325553817004
1049,83aba0a1454c59e4,True,1.0,1.0,1.0,1.0,1.0,1.0,1.0
1050,5a13ac37ca725a30,True,1.0,1.0,0.6395213060428186,1.0,1.0,1.0,0.8498005441845078
1051,7defd0c32cd8546a,True,1.0,1.0,1.0,1.0,1.0,1.0,1.0
1052,65fed1ea595559ba,True,1.0,1.0,0.5271830656092815,1.0,1.0,1.0,0.8029929440038673
1053,6c8305cdaa0653ca,True,1.0,1.0,1.0,1.0,1.0,1.0,1.0
1054,b2cc98272c505ed6,True,1.0,1.0,1.0,1.0,1.0,1.0,1.0
1055,631115d8e54d58fc,True,1.0,1.0,0.8640928681388604,1.0,1.0,1.0,0.9433720283911918
1056,32189cc0a3bf535a,True,1.0,1.0,1.0,1.0,1.0,1.0,1.0
1057,9017962112f85d62,True,1.0,1.0,0.7002303302492454,1.0,1.0,1.0,0.8750959709371856
1058,c766d336f81858c5,True,1.0,1.0,1.0,1.0,1.0,1.0,1.0
1059,abcb112aeb3458cf,True,1.0,1.0,0.5851355728489114,1.0,1.0,1.0,0.8271398220203797
1060,fe94da01811e53fc,True,1.0,1.0,0.6542727148428511,1.0,1.0,1.0,0.8559469645178547
1061,dc8554c53a2a5afc,True,1.0,1.0,0.8085402406785479,1.0,1.0,1.0,0.9202251002827282
1062,9c03b730a5725c00,True,1.0,1.0,0.8871105236529296,1.0,1.0,1.0,0.9529627181887207
1063,8371ac42ba585d35,True,0.5,1.0,0.40813770604781224,0.0,1.0,1.0,0.1683620220932942
1064,e22c4b8440c759b7,True,1.0,1.0,1.0,1.0,1.0,1.0,1.0
1065,e149babe2348549e,True,1.0,1.0,0.8302778036540525,1.0,1.0,1.0,0.9292824181891884
1066,0eb72de48c875897,True,1.0,1.0,1.0,1.0,1.0,1.0,1.0
1067,e1b3e5e086a05ff9,True,1.0,1.0,0.916641665921926,1.0,1.0,1.0,0.9652673608008024
1068,0fcb8c19983c51b6,True,1.0,1.0,0.8315835222068806,1.0,1.0,1.0,0.9298264675862002
1069,c08100986326547c,True,1.0,1.0,0.9843775022745258,1.0,1.0,1.0,0.9934906259477191
1070,f3e09f0670d25426,True,1.0,1.0,1.0,1.0,1.0,1.0,1.0
1071,fddb0bdd1d7f53e0,True,1.0,1.0,0.7026524160154181,1.0,1.0,1.0,0.8761051733397576
1072,06067b68f2655a55,True,1.0,1.0,0.5756780328958631,1.0,1.0,1.0,0.8231991803732762
1073,629f93034f995ebc,True,1.0,1.0,1.0,1.0,1.0,1.0,1.0
1074,bb3926e0e90c5657,True,1.0,1.0,0.9120838892530835,1.0,1.0,1.0,0.9633682871887848
1075,d6015087928d57e8,True,1.0,1.0,0.7288064297817128,1.0,1.0,1.0,0.8870026790757137
1076,3921f38b62d55f1a,True,1.0,1.0,0.8352812228731251,1.0,1.0,1.0,0.9313671761971355
1077,3d5103c659255a72,True,1.0,1.0,1.0,1.0,1.0,1.0,1.0
1078,af2f022a0d685312,True,1.0,1.0,0.7380314746425624,1.0,1.0,1.0,0.8908464477677344
1079,c344575de7545bbe,True,1.0,1.0,1.0,1.0,1.0,1.0,1.0
1080,d983f3c9756357b2,True,1.0,1.0,1.0,1.0,1.0,1.0,1.0
1081,a0ff6ccbf156551f,True,1.0,1.0,0.9045621613024583,1.0,1.0,1.0,0.9602342338760242
1082,88c2643d470951b3,True,1.0,1.0,0.6578836163403533,1.0,1.0,1.0,0.8574515068084806
1083,11ef3e2ec35051d8,True,1.0,1.0,0.864170338943593,1.0,1.0,1.0,0.9434043078931639
1084,11d28b80cd0a56d5,True,1.0,1.0,0.6529206810033957,1.0,1.0,1.0,0.8553836170847483
1085,4d4ed59397825822,True,0.5,1.0,0.6625504919657651,0.0,1.0,1.0,0.22136468582620106
1086,2dd2bd50fcc458d7,True,1.0,1.0,0.7147428382510159,1.0,1.0,1.0,0.8811428492712566
1087,b937ec3b9c845118,True,1.0,1.0,0.939679065584705,1.0,1.0,1.0,0.9748662773269604
1088,35bc469fdde35a17,True,1.0,1.0,0.8121268852124541,1.0,1.0,1.0,0.9217195355051891
1089,b38a9c035ce15dd5,True,1.0,1.0,0.872489058979914,1.0,1.0,1.0,0.9468704412416308
1090,5b3bc72c557a5a17,True,1.0,1.0,0.7623434674267747,1.0,1.0,1.0,0.9009764447611562
1091,7f002eadb0845994,True,1.0,1.0,0.8712751198534495,1.0,1.0,1.0,0.9463646332722706
1092,586c5b66ad8158ee,True,1.0,0.0,0.0,1.0,1.0,0.5,0.0
1093,6486c6ab411c5baf,True,1.0,0.0,0.0,1.0,1.0,1.0,0.0
1094,91d37a0aabe95056,True,1.0,1.0,0.7030044642019866,1.0,1.0,1.0,0.8762518600841611
1095,3cc3ea967df55cf0,True,1.0,1.0,1.0,1.0,1.0,1.0,1.0
1096,000bf168dd5159af,True,1.0,0.0,0.0,0.0,1.0,1.0,0.0
1097,aefbf6f8b9fe5824,True,1.0,1.0,1.0,1.0,1.0,1.0,1.0
1098,8ba3e54303a352c8,True,1.0,1.0,1.0,1.0,1.0,1.0,1.0
1099,faf7e71648b65503,True,1.0,1.0,0.6764416215885489,1.0,1.0,1.0,0.8651840089952287
1100,9dcc18a23f4d57d8,True,1.0,1.0,0.7561413869186406,1.0,1.0,1.0,0.8983922445494336
1101,f3931b33198d5570,True,1.0,1.0,1.0,1.0,1.0,1.0,1.0
1102,eef98aae7e42579d,True,1.0,1.0,1.0,1.0,1.0,1.0,1.0
1103,a1665c3aeb8f551f,True,1.0,1.0,1.0,1.0,1.0,1.0,1.0
1104,5b39d0cccc8e55f2,True,1.0,1.0,1.0,1.0,1.0,1.0,1.0
1105,f755005e289d5ccd,True,1.0,1.0,1.0,1.0,1.0,1.0,1.0
1106,4fdf85786f785a83,True,1.0,1.0,0.8304293080644365,1.0,1.0,1.0,0.9293455450268485
1107,1542482ff0ad537e,True,1.0,1.0,0.9479287423775139,1.0,1.0,1.0,0.9783036426572975
1108,680c8d90658556da,True,1.0,1.0,0.6324946918432247,1.0,1.0,1.0,0.8468727882680103
1109,6a8571daa3445923,True,0.0,1.0,0.0,0.0,1.0,1.0,0.0
1110,d0672a5ab71d59fb,True,1.0,1.0,1.0,1.0,1.0,1.0,1.0
1111,06db90857b4e575d,True,1.0,1.0,0.8730864968958297,1.0,1.0,1.0,0.9471193737065957
1112,60681597a59d5cf9,True,1.0,1.0,0.5587493808312408,1.0,1.0,1.0,0.8161455753463503
1113,59c8fb57fe4058ea,True,1.0,1.0,1.0,1.0,1.0,1.0,1.0
1114,6b97412307ad5c16,True,1.0,1.0,0.7591718631365636,1.0,1.0,1.0,0.8996549429735682
1115,4999981a1cac596e,True,1.0,1.0,0.8043813186856764,1.0,1.0,1.0,0.918492216119032
1116,885f450f0b875861,True,1.0,1.0,1.0,1.0,1.0,1.0,1.0
1117,985240456390586f,True,1.0,1.0,1.0,1.0,1.0,1.0,1.0
1118,37ebe75f19b1549a,True,1.0,1.0,0.7223784421208223,1.0,1.0,1.0,0.8843243508836759
1119,24179dca21ec5427,True,1.0,1.0,1.0,1.0,1.0,1.0,1.0
1120,4ee4ab24a93f5375,True,1.0,1.0,0.8646144456435968,1.0,1.0,1.0,0.9435893523514988
1121,a317560bc1215a39,True,1.0,1.0,0.8388723501487966,1.0,1.0,1.0,0.9328634792286653
1122,a78e1f18f3b255d8,True,1.0,1.0,0.7847093289010114,1.0,1.0,1.0,0.9102955537087548
1123,090594c37ce256a3,True,1.0,1.0,1.0,1.0,1.0,1.0,1.0
1124,ad568870afa55435,True,1.0,1.0,0.9144123629399116,1.0,1.0,1.0,0.9643384845582966
1125,9b4a82c95856552f,True,1.0,1.0,0.6999943398118266,1.0,1.0,1.0,0.8749976415882611
1126,b5668089b793502b,True,1.0,1.0,0.9323220463259138,1.0,1.0,1.0,0.9718008526357974
1127,073b782b57115061,True,1.0,1.0,0.7524066368720308,1.0,1.0,1.0,0.8968360986966796
1128,1e4fb3a9572f5e7d,True,1.0,1.0,0.779900172206032,1.0,1.0,1.0,0.9082917384191801
1129,76cd37d3370f5d04,True,1.0,1.0,1.0,1.0,1.0,1.0,1.0
1130,fcb157cfb7785486,True,1.0,0.0,0.0,1.0,1.0,1.0,0.0
1131,c672b42254b3556d,True,1.0,1.0,0.8341625866609095,1.0,1.0,1.0,0.9309010777753789
1132,5dae1d43c2e55113,True,1.0,0.0,0.0,1.0,1.0,1.0,0.0
1133,37c15bc4d99a5365,True,1.0,1.0,0.6502458780368355,1.0,1.0,1.0,0.8542691158486816
1134,74a8e53c9a6f50a3,True,1.0,1.0,1.0,1.0,1.0,1.0,1.0
1135,9a2894f199095f96,True,1.0,1.0,0.8105559499924111,1.0,1.0,1.0,0.9210649791635047
1136,68505dcbf4fb5f32,True,1.0,0.0,0.0,1.0,1.0,1.0,0.0
1137,5ab5923ac60c5e8a,True,1.0,1.0,0.7259220992392217,1.0,1.0,1.0,0.8858008746830089
1138,218d9b0348fe5687,True,1.0,1.0,0.8100002724607723,1.0,1.0,1.0,0.9208334468586551
1139,bc427a4503535af2,True,1.0,1.0,0.6353270728615593,1.0,1.0,1.0,0.8480529470256496
1140,d4e5d3e55e3751f9,True,1.0,1.0,0.9162436276082815,1.0,1.0,1.0,0.9651015115034506
1141,da3dac3ca6545198,True,1.0,1.0,0.6988696950531815,1.0,1.0,1.0,0.8745290396054922
1142,2cd2afde48275675,True,1.0,1.0,0.8468468123215869,1.0,1.0,1.0,0.9361861718006613
1143,094846d2fa755e29,True,1.0,1.0,0.7602800132126002,1.0,1.0,1.0,0.9001166721719168
1144,24a036d6f97d5a50,True,1.0,1.0,0.6527229459717687,1.0,1.0,1.0,0.855301227488237
1145,dcc3b1a2a6da565a,True,1.0,1.0,0.8652255567922007,1.0,1.0,1.0,0.9438439819967502
1146,5a3613f60fb454d4,True,1.0,1.0,0.7937537124449824,1.0,1.0,1.0,0.9140640468520761
1147,050667565815536a,True,1.0,1.0,0.8365678851086652,1.0,1.0,1.0,0.9319032854619439
1148,1b54d7f77eca559b,True,1.0,1.0,0.9296641949882746,1.0,1.0,1.0,0.9706934145784478
1149,db86c1d1516f557d,True,1.0,1.0,0.7118122957992313,1.0,1.0,1.0,0.8799217899163464
1150,da03ba74198a524b,True,1.0,0.0,0.0,1.0,1.0,1.0,0.0
1151,55dab3d9ebd95046,True,1.0,0.0,0.0,1.0,1.0,1.0,0.0
1152,5e279bb4bb105df9,True,1.0,1.0,0.7458420680237787,1.0,1.0,1.0,0.8941008616765744
1153,5bdef7e091525742,True,1.0,1.0,0.8660761202328852,1.0,1.0,1.0,0.9441983834303688
1154,56780fc1a6bc53a8,True,1.0,1.0,1.0,1.0,1.0,1.0,1.0
1155,9568c56631be548e,True,1.0,1.0,1.0,1.0,1.0,1.0,1.0
1156,3ba8b6918fc45634,True,1.0,1.0,0.8724634070217394,1.0,1.0,0.0,0.9468597529257248
1157,0386351e2a11529e,True,1.0,1.0,0.8593164402211211,1.0,1.0,1.0,0.9413818500921338
1158,18f485e808bf58da,True,1.0,1.0,0.8145110170935236,1.0,1.0,1.0,0.9227129237889682
1159,613181e5c29d526a,True,1.0,1.0,0.656082920205211,1.0,1.0,1.0,0.8567012167521714
1160,cff12b59b73c537e,True,1.0,1.0,1.0,1.0,1.0,1.0,1.0
1161,2e6e9e72249a5980,True,1.0,1.0,0.5427255066780701,1.0,1.0,1.0,0.8094689611158626
1162,ba72861df9725061,True,1.0,1.0,1.0,1.0,1.0,1.0,1.0
1163,ce978770a87253c8,True,1.0,1.0,1.0,1.0,1.0,1.0,1.0
1164,b4a85f85ef7e532d,True,1.0,1.0,0.9420142364477776,1.0,1.0,1.0,0.975839265186574
1165,120ae6f1d60a5613,True,1.0,1.0,0.8784078946277128,1.0,1.0,1.0,0.949336622761547
1166,5cdca96b002d5331,True,1.0,1.0,0.9143332686021093,1.0,1.0,1.0,0.9643055285842123
1167,773005dea0fc53ab,True,1.0,1.0,0.7876780598391994,1.0,1.0,1.0,0.9115325249329999
1168,b281c2ccb36359e3,True,1.0,1.0,0.9603006657856803,1.0,1.0,1.0,0.9834586107440334
1169,0a99133136835ee9,True,1.0,1.0,1.0,1.0,1.0,1.0,1.0
1170,6762c1ac11a15adf,True,1.0,1.0,0.8307169640554489,1.0,1.0,1.0,0.9294654016897704
1171,ace74ef421f8514f,True,1.0,1.0,0.7058065955105817,1.0,1.0,1.0,0.8774194147960758
1172,c55ef877ea075993,True,1.0,1.0,0.830985231549833,1.0,1.0,1.0,0.9295771798124304
1173,08b29b05bc4650f8,True,1.0,1.0,0.7423058573430239,1.0,1.0,1.0,0.8926274405595933
1174,fa9a6007ed205fe7,True,1.0,1.0,0.8400222727727519,1.0,1.0,1.0,0.9333426136553132
1175,84765426fd0a5a99,True,1.0,1.0,0.7405174719076821,1.0,1.0,1.0,0.8918822799615342
1176,98cf54a70d5e5da9,True,1.0,0.0,0.0,1.0,1.0,1.0,0.0
1177,c12d0bb341fc59c0,True,1.0,1.0,0.9117341986836005,1.0,1.0,1.0,0.9632225827848334
1178,afbf26b6d3bb5bee,True,1.0,1.0,0.7847449964221874,1.0,1.0,1.0,0.9103104151759114
1179,a87f744c67175bc4,True,1.0,1.0,0.7127520487654215,1.0,1.0,1.0,0.880313353652259
1180,8be90fab0cf45555,True,1.0,1.0,0.9907267574430854,1.0,1.0,1.0,0.9961361489346189
1181,053d94cd59495804,True,1.0,1.0,1.0,1.0,1.0,1.0,1.0
1182,d0910fc41d785f46,True,1.0,1.0,1.0,1.0,1.0,1.0,1.0
1183,644d0407ee0a5337,True,1.0,0.0,0.0,1.0,1.0,1.0,0.0
1184,df140a20f6b55c9b,True,1.0,1.0,0.8508202542227351,1.0,1.0,1.0,0.9378417725928063
1185,775e5b7f1b235e12,True,1.0,1.0,0.7622465051934657,1.0,1.0,1.0,0.9009360438306108
1186,90caeda16d835f42,True,1.0,1.0,0.7630914701870423,1.0,1.0,1.0,0.9012881125779343
1187,f32e1b068c3351eb,True,1.0,1.0,0.7338458536098136,1.0,1.0,1.0,0.889102439004089
1188,1e78181bb1c150e4,True,0.0,1.0,0.0,0.0,1.0,1.0,0.0
1189,3fdefe546f3159fd,True,1.0,1.0,0.7492374659974478,1.0,1.0,0.5,0.8955156108322698
1190,2a764e45008651e0,True,1.0,1.0,1.0,1.0,1.0,1.0,1.0
1191,b1b2eb47b045566c,True,1.0,0.0,0.0,0.0,1.0,1.0,0.0
1192,b86c171d4a9d51e3,True,1.0,1.0,1.0,1.0,1.0,1.0,1.0
1193,2807cd605f1156da,True,1.0,0.0,0.0,1.0,1.0,1.0,0.0
1194,7b4a9abdf718584b,True,1.0,0.0,0.0,1.0,1.0,1.0,0.0
1195,5d47863332065766,True,1.0,1.0,0.8142945406258946,1.0,1.0,1.0,0.9226227252607894
1196,1a1fbb255ec55813,True,1.0,1.0,1.0,1.0,1.0,1.0,1.0
1197,c423fa3a18fa5187,True,1.0,1.0,1.0,1.0,1.0,1.0,1.0
1198,14e8d439dd5a5da0,True,1.0,1.0,0.8317955111159265,1.0,1.0,1.0,0.9299147962983026
1199,7326774073dd5f7d,True,1.0,1.0,0.6087787697984708,1.0,1.0,1.0,0.8369911540826962
1200,ba84537a483f508a,True,1.0,1.0,0.6224695856425942,1.0,1.0,1.0,0.8426956606844143
1201,4104fd0bb7845b56,True,1.0,1.0,0.9183799029331369,1.0,1.0,1.0,0.9659916262221403
1202,4158d702c66351d4,True,1.0,1.0,1.0,1.0,1.0,1.0,1.0
1203,f15b26c87a0e557d,True,1.0,1.0,0.8213664162718955,1.0,1.0,1.0,0.9255693401132898
1204,d8320bd0be9a50b3,True,1.0,1.0,0.7737868817553646,1.0,1.0,1.0,0.9057445340647353
1205,9630074ccab7581e,True,1.0,1.0,0.8610118780537419,1.0,1.0,1.0,0.9420882825223925
1206,0f8b3b73fda650e4,True,1.0,1.0,0.7726052864807309,1.0,1.0,1.0,0.9052522027003045
1207,8f0f7125a2e856b8,True,1.0,1.0,1.0,1.0,1.0,1.0,1.0
1208,84a6ca68a66e536a,True,1.0,1.0,1.0,1.0,1.0,1.0,1.0
1209,01fc240ee1d25c9e,True,1.0,1.0,0.9017079542562044,1.0,1.0,1.0,0.9590449809400852
1210,0db36f777178525a,True,1.0,1.0,0.8342361444788675,1.0,1.0,1.0,0.9309317268661949
1211,bf2c48523de254ea,True,1.0,1.0,0.916721469724434,1.0,1.0,1.0,0.9653006123851808
1212,7c7dc37236745d94,True,1.0,0.0,0.0,1.0,1.0,1.0,0.0
1213,2f1d36641ecb509a,True,1.0,1.0,1.0,1.0,1.0,1.0,1.0
1214,83d3fda04c1f57bd,True,1.0,1.0,1.0,1.0,1.0,1.0,1.0
1215,b8de09ba44a054df,True,1.0,1.0,0.9384457470699675,1.0,1.0,1.0,0.9743523946124865
1216,fe3a1294722e5e1e,True,1.0,1.0,1.0,0.0,1.0,1.0,0.5833333333333334
1217,2ead0bb5e6705b4a,True,1.0,1.0,0.8743420196363356,1.0,1.0,1.0,0.9476425081818065
1218,69f1c6885a4859c9,True,1.0,1.0,0.7603352725014673,1.0,1.0,1.0,0.9001396968756114
1219,390cb416304c5d2a,True,1.0,1.0,0.512763585016557,1.0,1.0,1.0,0.7969848270902321
1220,fc4811f1f2745645,True,1.0,1.0,0.8254354964761721,1.0,1.0,1.0,0.927264790198405
1221,aee61beda170540c,True,1.0,1.0,0.7479372476432883,1.0,1.0,1.0,0.8949738531847035
1222,2a10522631ab5a56,True,1.0,1.0,1.0,1.0,1.0,0.5,1.0
1223,9fc116e61c8e50e8,True,1.0,1.0,1.0,1.0,1.0,1.0,1.0
1224,32f2729bfe435c65,True,1.0,1.0,1.0,1.0,1.0,1.0,1.0
1225,5628a405141e5e29,True,1.0,1.0,1.0,1.0,1.0,1.0,1.0
1226,ed97bf4877fa5bb0,True,1.0,1.0,0.98508137698636,1.0,1.0,1.0,0.99378390707765
1227,11de8888bf235231,True,1.0,1.0,1.0,1.0,1.0,1.0,1.0
1228,9a95f91ea98652ca,True,1.0,1.0,1.0,1.0,1.0,1.0,1.0
1229,234a85adedc75216,True,1.0,1.0,1.0,1.0,1.0,1.0,1.0
1230,39fd7cb73aa259db,True,1.0,1.0,1.0,1.0,1.0,1.0,1.0
1231,214abdb588465704,True,1.0,1.0,0.6973591962288334,1.0,1.0,1.0,0.8738996650953471
1232,79984c4826f653fd,True,1.0,1.0,1.0,1.0,1.0,1.0,1.0
1233,4cf1c34e608158a6,True,1.0,1.0,1.0,1.0,1.0,1.0,1.0
1234,8ab73218fe4a539e,True,1.0,1.0,0.5427639508930837,1.0,1.0,1.0,0.809484979538785
1235,1975d15fde2955ff,True,1.0,1.0,0.7187848345243864,1.0,1.0,1.0,0.882827014385161
1236,93eb75a6d0fc5db4,True,1.0,1.0,0.9329427975886148,1.0,1.0,1.0,0.9720594989952561
1237,60615c7f766c5a10,True,1.0,1.0,1.0,1.0,1.0,1.0,1.0
1238,d8d4f191f3bc5f34,True,1.0,1.0,0.8240534188367121,1.0,1.0,1.0,0.9266889245152967
1239,7984326209765d68,True,1.0,1.0,0.899278925358022,1.0,1.0,1.0,0.9580328855658425
1240,0438474da1ac593d,True,1.0,1.0,1.0,1.0,1.0,1.0,1.0
1241,b523d101fb0958c3,True,1.0,1.0,0.6774763447723847,1.0,1.0,1.0,0.8656151436551603
1242,15dd65ee730d54d4,True,1.0,1.0,0.7882014652187428,1.0,1.0,1.0,0.9117506105078096
1243,d06d8235012b56fe,True,1.0,1.0,0.7854610358578724,1.0,1.0,1.0,0.9106087649407802
1244,81f6d1d0bc835cb3,True,1.0,1.0,0.9210828880825783,1.0,1.0,1.0,0.9671178700344076
1245,291ac232cc94582a,True,1.0,0.0,0.0,1.0,1.0,1.0,0.0
1246,837ce609a8ec58e9,True,1.0,1.0,1.0,1.0,1.0,1.0,1.0
1247,a2701552b0f95f7b,True,1.0,1.0,1.0,1.0,1.0,1.0,1.0
1248,2ac5f9fae5a95215,True,1.0,1.0,0.9460045698624975,1.0,1.0,1.0,0.9775019041093739
1249,e54bb40453165fac,True,1.0,1.0,0.9850991031302713,1.0,1.0,1.0,0.9937912929709464
1250,b868adf3ec2e56a5,True,1.0,1.0,0.5965394043243035,1.0,1.0,1.0,0.8318914184684599
1251,33c7945f43795064,True,1.0,1.0,0.9803311880317171,1.0,1.0,1.0,0.9918046616798821
1252,2391f12d7e6a5e7f,True,1.0,0.0,0.0,1.0,1.0,1.0,0.0
1253,bddb70b4743352ce,True,1.0,0.0,0.0,1.0,1.0,1.0,0.0
1254,1987c158de8a5120,True,1.0,1.0,0.5615046697843575,1.0,1.0,1.0,0.817293612410149
1255,a8df71513975500b,True,1.0,1.0,0.7520290174788401,1.0,1.0,1.0,0.89667875728285
1256,7f00cbbc74695c32,True,1.0,1.0,0.9930759075822891,1.0,1.0,1.0,0.9971149614926205
1257,f98bff8bb0675d96,True,1.0,1.0,0.9206625596207011,1.0,1.0,1.0,0.9669427331752921
1258,d6e4774d5cc65309,True,1.0,1.0,1.0,1.0,1.0,1.0,1.0
1259,80ae73dfb4c45e8d,True,1.0,1.0,0.9760892799597446,1.0,1.0,1.0,0.9900371999832269
1260,c4284fce4a2f5213,True,1.0,1.0,0.6806190688851176,1.0,1.0,1.0,0.8669246120354656
1261,5177cf8521f05855,True,1.0,1.0,0.9561935610280421,1.0,1.0,1.0,0.9817473170950176
1262,29518f7a31945a13,True,1.0,1.0,0.9362095551892345,1.0,1.0,1.0,0.9734206479955144
1263,5b265648c07a54b8,True,1.0,1.0,0.541237155651637,1.0,1.0,1.0,0.8088488148548487
1264,f820630d5f0a50ed,True,1.0,1.0,0.8814363617379626,1.0,1.0,1.0,0.9505984840574845
1265,a98bfcdd7d6c5683,True,1.0,1.0,1.0,1.0,1.0,1.0,1.0
1266,ee0e03f19a735d67,True,1.0,1.0,0.8118815143101631,1.0,1.0,1.0,0.9216172976292346
1267,e5d2a01ab5b0562a,True,1.0,1.0,0.7336540767908051,1.0,1.0,1.0,0.8890225319961688
1268,8d5d769b1f1e5802,True,1.0,1.0,0.8255247996380789,1.0,1.0,1.0,0.9273019998491995
1269,612903ce91a2507c,True,1.0,1.0,1.0,1.0,1.0,1.0,1.0
1270,a06715f1cb8358c0,True,1.0,1.0,0.8888252141728592,1.0,1.0,1.0,0.9536771725720247
1271,e5599a8884235d93,True,1.0,1.0,0.5205152965895636,1.0,1.0,1.0,0.8002147069123181
1272,048c19bd1b5954b3,True,1.0,1.0,1.0,1.0,1.0,1.0,1.0
1273,fc8f087133c55220,True,1.0,1.0,0.6972784264854217,1.0,1.0,1.0,0.8738660110355925
1274,385e44b3382350f1,True,1.0,1.0,1.0,0.0,1.0,1.0,0.5833333333333334
1275,ffcbea07e13e540d,True,1.0,1.0,1.0,1.0,1.0,1.0,1.0
1276,47da19c4edbe5b95,True,1.0,1.0,0.6716288052942468,1.0,1.0,1.0,0.8631786688726028
1277,90b8f3760e535ef6,True,1.0,1.0,0.9681361676454319,1.0,1.0,1.0,0.9867234031855966
1278,d93d307c5aeb5338,True,1.0,1.0,0.8024295046189158,1.0,1.0,1.0,0.9176789602578816
1279,7bd504ce0e1950b9,True,1.0,1.0,0.7519456779290014,1.0,1.0,1.0,0.8966440324704172
1280,da0d775d13c956be,True,1.0,1.0,0.6426732692709921,1.0,1.0,1.0,0.8511138621962466
1281,ea90773e4a7c5723,True,1.0,1.0,1.0,1.0,1.0,1.0,1.0
1282,249478c83c155093,True,1.0,1.0,0.7164857570806816,1.0,1.0,1.0,0.881869065450284
1283,4745746f9a555951,True,1.0,1.0,1.0,1.0,1.0,1.0,1.0
1284,4952a782e55057b7,True,1.0,1.0,0.9678006017459041,1.0,1.0,1.0,0.9865835840607934
1285,42545a072b1a5820,True,1.0,1.0,0.8329574711069666,1.0,1.0,1.0,0.9303989462945695
1286,f7c495f7030a5ac1,True,1.0,1.0,0.8955317102702045,1.0,1.0,1.0,0.9564715459459187
1287,4e1b2f2152b551e2,True,1.0,1.0,0.835461657288577,1.0,1.0,1.0,0.9314423572035738
1288,548b6b9700f25610,True,1.0,1.0,1.0,1.0,1.0,1.0,1.0
1289,3c584e53042d5157,True,0.0,1.0,0.0,0.0,1.0,1.0,0.0
1290,578b2f71b5d750a8,True,1.0,1.0,1.0,1.0,1.0,1.0,1.0
1291,002e450c6cba5895,True,1.0,1.0,0.9128722373400515,1.0,1.0,1.0,0.9636967655583547
1292,ce3d0bc0b2d55876,True,1.0,1.0,0.6910888375813042,1.0,1.0,1.0,0.8712870156588769
1293,c9ca538cb3235e43,True,1.0,0.0,0.0,1.0,1.0,1.0,0.0
1294,eed30293a86e5feb,True,1.0,1.0,1.0,1.0,1.0,1.0,1.0
1295,120ef06f3e0b5990,True,1.0,1.0,1.0,1.0,1.0,1.0,1.0
1296,3ff436e401ed5828,True,1.0,1.0,1.0,1.0,1.0,1.0,1.0
1297,17b0992157365222,True,1.0,1.0,1.0,1.0,1.0,1.0,1.0
1298,d85c679f79b552ae,True,1.0,1.0,1.0,1.0,1.0,1.0,1.0
1299,014369205e025f0c,True,1.0,1.0,0.7491875540846754,1.0,1.0,1.0,0.8954948142019482
1300,2c0e25d51b0b5e31,True,1.0,1.0,0.8035004050725869,1.0,1.0,1.0,0.9181251687802444
1301,510e507046865b40,True,1.0,1.0,0.7227023662421663,1.0,1.0,1.0,0.8844593192675694
1302,451b114eef365ee0,True,1.0,1.0,0.7269349229448386,1.0,1.0,1.0,0.8862228845603495
1303,a7eeec2ad80b58a1,True,1.0,1.0,0.9067386135309835,1.0,1.0,1.0,0.9611410889712432
1304,2256b2a677aa5509,True,1.0,1.0,0.879781427762284,1.0,1.0,1.0,0.9499089282342851
1305,c801a9f6c4e05919,True,1.0,1.0,0.8785317047435378,1.0,1.0,1.0,0.9493882103098074
1306,d151cc1bccd958d3,True,1.0,1.0,0.7943145937068847,1.0,1.0,1.0,0.9142977473778687
1307,14297ef551f652d3,True,1.0,1.0,1.0,1.0,1.0,1.0,1.0
1308,ae145d614988581c,True,1.0,1.0,0.8095427264574887,1.0,1.0,1.0,0.9206428026906203
1309,6e67504ab65f5314,True,1.0,1.0,0.7534046957892657,1.0,1.0,1.0,0.8972519565788607
1310,0e2f2cb6712550b7,True,1.0,1.0,0.8829878779729762,1.0,1.0,1.0,0.9512449491554067
1311,1c2eb038a9ea5caa,True,1.0,1.0,0.9285474858104238,1.0,1.0,1.0,0.9702281190876766
1312,f304e815462d5f1f,True,1.0,1.0,0.9691089531268019,1.0,1.0,1.0,0.9871287304695008
1313,9bebc9f8507c5cf4,True,1.0,1.0,1.0,1.0,1.0,1.0,1.0
1314,122a6e620fcb5c80,True,1.0,1.0,0.8559227008722935,1.0,1.0,1.0,0.9399677920301223
1315,128ea9f2561d53d1,True,1.0,1.0,1.0,1.0,1.0,1.0,1.0
1316,0e04335474bf5b6e,True,1.0,1.0,0.5816007099501735,1.0,1.0,1.0,0.825666962479239
1317,dadaa10f428c501e,True,1.0,1.0,0.6535568087985424,1.0,1.0,1.0,0.8556486703327261
1318,0bc2eec7ad2c5599,True,1.0,1.0,1.0,1.0,1.0,1.0,1.0
1319,3a7fa6d4bfb65f4b,True,1.0,1.0,1.0,1.0,1.0,1.0,1.0
1320,876278ea40b25284,True,1.0,1.0,1.0,1.0,1.0,1.0,1.0
1321,749a8604cf285389,True,1.0,1.0,0.8138933856745721,1.0,1.0,1.0,0.9224555773644051
1322,fb2a6578f15d5ff5,True,1.0,1.0,1.0,1.0,1.0,0.5,1.0
1323,455f894b6e3b58ab,True,1.0,1.0,1.0,1.0,1.0,1.0,1.0
1324,450d66ced3175d35,True,1.0,1.0,1.0,1.0,1.0,1.0,1.0
1325,864b2d366f575b14,True,1.0,1.0,1.0,1.0,1.0,1.0,1.0
1326,8560e670c7865e3f,True,1.0,1.0,1.0,1.0,1.0,1.0,1.0
1327,d75b5c57a3c45583,True,1.0,1.0,1.0,1.0,1.0,1.0,1.0
1328,66fff80a93805b34,True,1.0,0.0,0.0,1.0,1.0,1.0,0.0
1329,0bf961d076bc5a15,True,1.0,1.0,1.0,1.0,1.0,1.0,1.0
1330,c35a248a5941531d,True,1.0,1.0,1.0,1.0,1.0,1.0,1.0
1331,d099441c0eb55204,True,1.0,1.0,1.0,0.0,1.0,1.0,0.5833333333333334
1332,6b5b038496cb56ba,True,1.0,1.0,1.0,1.0,1.0,1.0,1.0
1333,c1019bca7cd95123,True,1.0,1.0,1.0,1.0,1.0,1.0,1.0
1334,c38664c4b23853a3,True,1.0,1.0,0.8480287779113509,1.0,1.0,1.0,0.9366786574630629
1335,51586a8c23a4569a,True,1.0,1.0,1.0,1.0,1.0,1.0,1.0
1336,d35af9a0d57656d4,True,1.0,1.0,1.0,1.0,1.0,1.0,1.0
1337,ff66468144595101,True,1.0,1.0,1.0,1.0,1.0,1.0,1.0
1338,5c2c553d990d5a17,True,1.0,1.0,0.8811054704570522,1.0,1.0,1.0,0.9504606126904385
1339,b87ed2985e545397,True,1.0,1.0,1.0,1.0,1.0,1.0,1.0
1340,62b0d1b0d5b35c44,True,1.0,1.0,1.0,1.0,1.0,0.0,1.0
1341,8bc0584436b25488,True,1.0,1.0,0.7731850885941386,1.0,1.0,1.0,0.9054937869142243
1342,3cbb6c030b1e5d19,True,1.0,0.0,0.0,1.0,1.0,1.0,0.0
1343,c227b95266d75371,True,1.0,1.0,0.7501757277114901,1.0,1.0,1.0,0.8959065532131208
1344,6747e9a7ad2f5643,True,1.0,1.0,0.862292474631166,1.0,1.0,1.0,0.9426218644296526
1345,a55fa060a119508b,True,1.0,1.0,0.9771984045966433,1.0,1.0,1.0,0.9904993352486015
1346,d68d495f8f605301,True,1.0,1.0,0.881793688583189,1.0,1.0,1.0,0.9507473702429955
1347,8354786ba35c5440,True,1.0,1.0,0.8768142478534896,1.0,1.0,1.0,0.9486726032722874
1348,87f7b4b94e2b5264,True,1.0,1.0,0.9529852837974043,1.0,1.0,1.0,0.9804105349155852
1349,f5eb7105d1d358c5,True,1.0,1.0,0.8274424381754135,1.0,1.0,1.0,0.9281010159064224
1350,e5ab81a4896751e3,True,1.0,1.0,1.0,1.0,1.0,1.0,1.0
1351,9696a32e868259e3,True,1.0,1.0,1.0,1.0,1.0,1.0,1.0
1352,33c84d1650d45e15,True,1.0,1.0,0.8610470201420439,1.0,1.0,1.0,0.942102925059185
1353,d2ce22d49c4c5166,True,1.0,1.0,1.0,1.0,1.0,1.0,1.0
1354,61c31afab34d5e94,True,1.0,0.0,0.0,1.0,1.0,0.5,0.0
1355,513ac26c90be51d0,True,1.0,1.0,0.8054405828284537,1.0,1.0,1.0,0.9189335761785223
1356,0735d8974394552b,True,1.0,1.0,1.0,1.0,1.0,1.0,1.0
1357,65676c8917335c2c,True,1.0,1.0,0.9663477906765399,1.0,1.0,1.0,0.985978246115225
1358,662ddec48b93598e,True,1.0,1.0,0.9273915710599259,1.0,1.0,1.0,0.9697464879416358
1359,1bf819f13d1c562f,True,1.0,1.0,0.7893924739684547,1.0,1.0,1.0,0.9122468641535227
1360,6a5b0bbd55395628,True,1.0,1.0,0.7889204327049831,1.0,1.0,1.0,0.912050180293743
1361,7f93aad83fb15871,True,1.0,1.0,1.0,1.0,1.0,1.0,1.0
1362,0613490d89e25d03,True,1.0,1.0,0.9954342879572379,1.0,1.0,1.0,0.9980976199821825
1363,656d501570ce5e54,True,1.0,1.0,0.7232725040243826,1.0,1.0,1.0,0.8846968766768262
1364,08684d8a5d675f4a,True,1.0,1.0,1.0,1.0,1.0,1.0,1.0
1365,49c9a9f57deb5a8c,True,1.0,1.0,0.9425219009628221,0.0,1.0,1.0,0.5593841254011759
1366,6419172479825092,True,1.0,1.0,1.0,1.0,1.0,1.0,1.0
1367,a79297e78d8857b4,True,1.0,1.0,0.7652104445327716,1.0,1.0,1.0,0.9021710185553214
1368,5496f69033515dd4,True,1.0,1.0,0.8897973621220223,1.0,1.0,1.0,0.9540822342175094
1369,75aa8f2b9b6250e4,True,1.0,1.0,0.9246302389126555,1.0,1.0,1.0,0.9685959328802731
1370,d6981f197dd555fd,True,1.0,1.0,0.807629594580651,1.0,1.0,1.0,0.9198456644086046
1371,82cd87ad4f1d5969,True,1.0,1.0,1.0,1.0,1.0,1.0,1.0
1372,a752896c43c2526e,True,1.0,1.0,0.7629718361205104,1.0,1.0,1.0,0.9012382650502127
1373,9d18c2e4a9c35be7,True,1.0,1.0,1.0,1.0,1.0,1.0,1.0
1374,0442b2728b8058fd,True,1.0,1.0,0.8204079430585075,1.0,1.0,1.0,0.9251699762743781
1375,60f8e416f5f457b3,True,1.0,0.0,0.0,1.0,1.0,1.0,0.0
1376,243fa5b33c1f5845,True,1.0,1.0,1.0,1.0,1.0,1.0,1.0
1377,39f81c49a1ba5f41,True,1.0,1.0,1.0,1.0,1.0,1.0,1.0
1378,f5a6d648a71e5d47,True,1.0,1.0,0.8053068905911649,1.0,1.0,1.0,0.9188778710796521
1379,92ec09fc760c5c4d,True,1.0,1.0,0.9838374017282943,1.0,1.0,1.0,0.993265584053456
1380,b9633d9afd4356a8,True,1.0,1.0,0.8861391998382321,1.0,1.0,1.0,0.9525579999325967
1381,4eff4682a7795fe1,True,1.0,1.0,1.0,1.0,1.0,1.0,1.0
1382,668835640c6057e0,True,1.0,1.0,0.8201289951035117,1.0,1.0,1.0,0.9250537479597964
1383,c95d7e81eec75f65,True,1.0,1.0,0.9040763916300039,1.0,1.0,1.0,0.9600318298458349
1384,d6b2af6a4fbd5a88,True,1.0,1.0,0.7697128862335723,1.0,1.0,1.0,0.9040470359306552
1385,d49b986924cd5bed,True,1.0,1.0,0.5500950905062849,1.0,1.0,1.0,0.8125396210442855
1386,134b10cfe7e753e6,True,1.0,1.0,0.7901464877584758,1.0,1.0,1.0,0.9125610365660316
1387,d61ed977dd8a5197,True,1.0,1.0,1.0,1.0,1.0,1.0,1.0
1388,b1dd380dd5425b49,True,1.0,1.0,1.0,1.0,1.0,1.0,1.0
1389,47fdf7c04b155eac,True,1.0,1.0,0.6809628762009012,1.0,1.0,0.0,0.8670678650837088
1390,5ae9a8971a6754f1,True,1.0,1.0,1.0,1.0,1.0,1.0,1.0
1391,ca7e845b9c19597c,True,1.0,1.0,0.6985985428489363,1.0,1.0,1.0,0.8744160595203901
1392,4a096077f8165879,True,1.0,1.0,1.0,1.0,1.0,1.0,1.0
1393,a45b1d5e36b35909,True,1.0,1.0,0.8220629741147634,1.0,1.0,1.0,0.925859572547818
1394,f776577c7428592b,True,1.0,1.0,0.8193178684380231,1.0,1.0,1.0,0.924715778515843
1395,9e1be9753cf75e57,True,1.0,1.0,0.6130706437633123,1.0,1.0,1.0,0.8387794349013801
1396,a92ed51516c358dc,True,1.0,1.0,0.9858977789598015,0.0,1.0,1.0,0.5774574078999173
1397,0fa9d28a2e58550c,True,1.0,1.0,0.8682716203140687,1.0,1.0,1.0,0.9451131751308619
1398,11ba25cefa3b5a5e,True,1.0,1.0,1.0,1.0,1.0,1.0,1.0
1399,c5a2a467d5e25058,True,1.0,1.0,1.0,1.0,1.0,1.0,1.0
1400,07bf0601ad425977,True,1.0,1.0,0.6308686631147119,1.0,1.0,1.0,0.8461952762977966
1401,1741767a7646583a,True,1.0,1.0,0.8371521278074128,1.0,1.0,1.0,0.9321467199197553
1402,38a75ff02ee95756,True,1.0,1.0,0.8165173631819516,1.0,1.0,1.0,0.923548901325813
1403,0012a35a78a151b5,True,1.0,1.0,0.8000393991383757,1.0,1.0,1.0,0.9166830829743233
1404,a6e7189b4bd35946,True,1.0,1.0,0.8650416037023079,1.0,1.0,1.0,0.9437673348759615
1405,35eba76323535988,True,1.0,1.0,0.6857794432580568,1.0,1.0,1.0,0.8690747680241904
1406,e3d3be1bc77e517e,True,1.0,1.0,1.0,1.0,1.0,1.0,1.0
1407,86fbb46276605d14,True,1.0,1.0,1.0,1.0,1.0,1.0,1.0
1408,d798fc24805d5f19,True,1.0,1.0,0.7457641503968426,1.0,1.0,1.0,0.8940683959986844
1409,b219a12536715748,True,1.0,1.0,0.8553286089712928,1.0,1.0,1.0,0.9397202537380386
1410,0536ffc8d9555b0f,True,1.0,1.0,1.0,1.0,1.0,1.0,1.0
1411,26f3ef1a426f57be,True,1.0,1.0,1.0,1.0,1.0,1.0,1.0
1412,2218fd73bd8d54da,True,1.0,1.0,1.0,1.0,1.0,1.0,1.0
1413,2dd890fcd27352c5,True,1.0,1.0,0.8282428565413545,1.0,1.0,1.0,0.9284345235588978
1414,e5dc48dd83585491,True,1.0,1.0,0.8256645950441587,1.0,1.0,1.0,0.9273602479350661
1415,324cb0d226a45b91,True,1.0,1.0,0.6947226110288449,1.0,1.0,1.0,0.8728010879286853
1416,119bd713e2db5e25,True,1.0,1.0,0.763621806548598,1.0,1.0,1.0,0.9015090860619158
1417,2fec62bc2f325559,True,1.0,1.0,1.0,1.0,1.0,1.0,1.0
1418,0146e76ccdba5d9d,True,1.0,1.0,0.7378165026157363,1.0,1.0,1.0,0.8907568760898901
1419,bbb5018d017754d0,True,1.0,1.0,0.9432581310155046,1.0,1.0,1.0,0.9763575545897935
1420,34ab6d35dfef5366,True,1.0,1.0,0.8850584290119552,1.0,1.0,1.0,0.9521076787549814
1421,669972d5c4c55872,True,1.0,1.0,0.49108869733296423,1.0,1.0,1.0,0.7879536238887351
1422,91d449d737cc50fb,True,1.0,1.0,0.5884835078391003,1.0,1.0,1.0,0.8285347949329585
1423,179a2670a5965eeb,True,1.0,1.0,0.8161344910541257,1.0,1.0,1.0,0.9233893712725524
1424,cbc47540cc665da4,True,1.0,1.0,0.8128506512999812,0.0,1.0,1.0,0.5053544380416589
1425,85028441255156b3,True,1.0,1.0,0.8530345375069053,1.0,1.0,1.0,0.9387643906278772
1426,e13b89a8813159df,True,1.0,1.0,0.6660703041487338,1.0,1.0,1.0,0.8608626267286391
1427,cd41ee390afb5da7,True,1.0,1.0,0.806935955360007,1.0,1.0,0.5,0.9195566480666696
1428,1509901c10495792,True,1.0,1.0,0.9072656307042658,1.0,1.0,1.0,0.9613606794601107
1429,f5edba52c4545fe3,True,1.0,1.0,0.6379676651456163,1.0,1.0,1.0,0.8491531938106736
1430,5c665c5453cc54a0,True,1.0,1.0,1.0,1.0,1.0,1.0,1.0
1431,92aea46cab86531b,True,1.0,1.0,1.0,1.0,1.0,1.0,1.0
1432,a41f538fa8e25be0,True,1.0,1.0,1.0,1.0,1.0,1.0,1.0
1433,a5f411a2c379503d,True,1.0,1.0,0.7606519192292502,1.0,1.0,1.0,0.9002716330121876
1434,d61fe42422225edf,True,1.0,0.0,0.0,1.0,1.0,1.0,0.0
1435,bdda68728bf157dd,True,1.0,1.0,0.8365242489273805,1.0,1.0,1.0,0.9318851037197419
1436,afd9edcb6d94521f,True,1.0,0.0,0.0,1.0,1.0,0.0,0.0
1437,602e1bc4f8575d4e,True,1.0,0.0,0.0,0.0,1.0,1.0,0.0
1438,ffb972d89b065422,True,1.0,1.0,1.0,1.0,1.0,1.0,1.0
1439,2591ee089f6e5dba,True,1.0,1.0,0.753857588732444,1.0,1.0,1.0,0.8974406619718517
1440,5a12337425265ea1,True,1.0,1.0,0.8817093992263071,1.0,1.0,1.0,0.950712249677628
1441,9926034a82415038,True,1.0,1.0,0.8031080187500197,1.0,1.0,1.0,0.9179616744791749
1442,1ecaacbc53a754e7,True,1.0,1.0,1.0,1.0,1.0,1.0,1.0
1443,d663992c13fa5438,True,1.0,1.0,0.7334295432473492,1.0,1.0,1.0,0.8889289763530622
1444,a5cde0f1dace5561,True,1.0,1.0,1.0,1.0,1.0,1.0,1.0
1445,9ab8b2e7de985004,True,1.0,0.0,0.0,1.0,1.0,1.0,0.0
1446,1bee33a086b25a5f,True,1.0,1.0,1.0,1.0,1.0,1.0,1.0
1447,c6acf71b8b3b560c,True,1.0,1.0,0.8491078933094655,1.0,1.0,1.0,0.937128288878944
1448,c8c9563dbe59572a,True,1.0,1.0,0.6331312726489594,1.0,1.0,1.0,0.8471380302703997
1449,282d1f01eef856f5,True,1.0,1.0,1.0,1.0,1.0,1.0,1.0
1450,a806a92596d6570b,True,1.0,1.0,1.0,1.0,1.0,1.0,1.0
1451,b2f336de7d295a8b,True,1.0,1.0,0.886361650196653,1.0,1.0,1.0,0.9526506875819388
1452,4edc56ca4aac5896,True,1.0,1.0,0.9579344642268115,1.0,1.0,1.0,0.9824726934278382
1453,95e6e7c4cfe15b91,True,1.0,1.0,0.6368007058035952,1.0,1.0,1.0,0.848666960751498
1454,b4f05c1e42ea5aec,True,1.0,1.0,1.0,1.0,1.0,1.0,1.0
1455,ed7e9a246a01525d,True,1.0,1.0,1.0,0.0,1.0,1.0,0.5833333333333334
1456,2d6a7d3813ef54e0,True,1.0,1.0,0.8643442020009884,1.0,1.0,1.0,0.9434767508337453
1457,b6a5d96d702a5ffd,True,1.0,1.0,1.0,1.0,1.0,1.0,1.0
1458,27967352b2a95cbe,True,1.0,1.0,0.6365552342157136,1.0,1.0,1.0,0.848564680923214
1459,bcac47f590d854a7,True,1.0,1.0,0.7710228965596102,1.0,1.0,1.0,0.9045928735665042
1460,663c00bac2e05721,True,1.0,1.0,0.5195992716193697,1.0,1.0,1.0,0.799833029841404
1461,51c83516a5d8585a,True,1.0,1.0,1.0,1.0,1.0,1.0,1.0
1462,f5dccbabc2f95bbd,True,1.0,1.0,0.9630397326297211,1.0,1.0,1.0,0.9845998885957171
1463,21bc638f113e5f63,True,1.0,1.0,0.9659285087739637,1.0,1.0,1.0,0.9858035453224848
1464,bf0e7609184e533b,True,1.0,0.0,0.0,1.0,1.0,1.0,0.0
1465,741ee8b9ea3059a5,True,1.0,1.0,1.0,1.0,1.0,1.0,1.0
1466,ddc5aacc5d785804,True,1.0,1.0,1.0,1.0,1.0,1.0,1.0
1467,a0c45624aa5251db,True,1.0,1.0,1.0,1.0,1.0,0.5,1.0
1468,e9a71ddab0055f99,True,1.0,1.0,0.5550230120033023,1.0,1.0,1.0,0.8145929216680425
1469,2d6d2dd79ad75ea5,True,1.0,1.0,1.0,1.0,1.0,1.0,1.0
1470,0563edc821b6543d,True,1.0,1.0,1.0,1.0,1.0,1.0,1.0
1471,2251b1d81d0051c1,True,1.0,1.0,1.0,1.0,1.0,1.0,1.0
1472,47bfcc64021a518d,True,1.0,1.0,0.7507702472547076,1.0,1.0,1.0,0.8961542696894615
1473,b7c371d55ca65cf8,True,1.0,1.0,0.6084685498682109,1.0,1.0,1.0,0.8368618957784212
1474,82cd122751085a80,True,1.0,1.0,1.0,1.0,1.0,1.0,1.0
1475,6d024ab27b8e517b,True,1.0,0.0,0.0,1.0,1.0,1.0,0.0
1476,4f12e3acfb125088,True,1.0,1.0,0.9047644646433185,1.0,1.0,1.0,0.960318526934716
1477,c574d461642f5deb,True,1.0,1.0,1.0,1.0,1.0,1.0,1.0
1478,7053e82f2f1c5364,True,1.0,1.0,0.9476399101586327,1.0,1.0,1.0,0.9781832958994303
1479,c81f2105e14758ea,True,1.0,1.0,0.9683270161105464,1.0,1.0,1.0,0.9868029233793942
1480,1f53a73b41095041,True,1.0,1.0,0.8521375671307017,1.0,1.0,1.0,0.9383906529711257
1481,fd87474daeb05e69,True,1.0,1.0,0.7015061806144489,1.0,1.0,1.0,0.8756275752560203
1482,655c3f17ee2d5683,True,1.0,1.0,1.0,1.0,1.0,1.0,1.0
1483,51b855943c3a54ee,True,1.0,1.0,0.8876924585167746,1.0,1.0,1.0,0.9532051910486561
1484,6740833c5f9d571a,True,1.0,1.0,0.9006297363437245,1.0,1.0,1.0,0.9585957234765519
1485,b7505d7478385be9,True,1.0,1.0,1.0,1.0,1.0,1.0,1.0
1486,81102abfeaa25562,True,1.0,1.0,0.8132718329791727,1.0,1.0,1.0,0.9221965970746554
1487,2cd54836815b5fb0,True,1.0,1.0,0.9797077667517067,1.0,1.0,1.0,0.9915449028132111
1488,f590f07cbcc15388,True,1.0,1.0,0.8294620310935983,1.0,1.0,1.0,0.928942512955666
1489,9bd57127fa3b5d8d,True,1.0,1.0,0.6947979606799466,1.0,1.0,1.0,0.8728324836166443
1490,ead391b66ff253c1,True,1.0,1.0,1.0,1.0,1.0,1.0,1.0
1491,b605703d3fb05725,True,1.0,1.0,1.0,1.0,1.0,1.0,1.0
1492,d894554636eb52f4,True,1.0,1.0,0.5958391335753013,1.0,1.0,1.0,0.8315996389897089
1493,c84db99f6a4f51ae,True,1.0,1.0,0.791795435643067,1.0,1.0,1.0,0.9132480981846113
1494,e1d5cb7ac38f5038,True,1.0,1.0,1.0,1.0,1.0,1.0,1.0
1495,89321ac9caaf505a,True,1.0,1.0,0.8559434215001843,1.0,1.0,1.0,0.9399764256250768
1496,c4808a6f1f7f5470,True,1.0,1.0,0.865440452611688,1.0,1.0,1.0,0.9439335219215366
1497,9bbaed3bac735053,True,1.0,0.0,0.0,1.0,1.0,1.0,0.0
1498,62e7b4eb1cc954ad,True,1.0,1.0,0.7443279836187987,1.0,1.0,1.0,0.8934699931744995
1499,f714eb04f5495273,True,1.0,1.0,0.848172686508025,1.0,1.0,1.0,0.9367386193783438
1500,7e76a2b3918656f9,True,1.0,1.0,0.6280668492272348,1.0,1.0,1.0,0.8450278538446812
1501,86ecfd85bd095b7f,True,1.0,1.0,1.0,1.0,1.0,1.0,1.0
1502,0d2e670274c65f81,True,1.0,1.0,0.6724711649356159,1.0,1.0,1.0,0.8635296520565067
1503,2ca1cea5e7bf5219,True,1.0,1.0,0.9820618060185097,1.0,1.0,1.0,0.9925257525077124
1504,476c37463b4f580e,True,1.0,1.0,1.0,1.0,1.0,1.0,1.0
1505,c6851e9ed6b95ab0,True,1.0,1.0,0.8097984792326146,1.0,1.0,1.0,0.9207493663469227
1506,206322cf0cf45186,True,1.0,1.0,1.0,1.0,1.0,1.0,1.0
1507,bd2591ae189c5a38,True,1.0,1.0,1.0,1.0,1.0,1.0,1.0
1508,8aaf40c869ca574f,True,1.0,1.0,0.8409524321155247,1.0,1.0,1.0,0.9337301800481352
1509,5dca8b6e3d2a5c2d,True,1.0,1.0,1.0,1.0,1.0,1.0,1.0
1510,0839e30e439d511f,True,1.0,1.0,0.6480733876067695,1.0,1.0,1.0,0.8533639115028206
1511,8615a4df3a525ccc,True,1.0,1.0,0.9052880462351657,1.0,1.0,1.0,0.9605366859313191
1512,3e730f46f6f055a3,True,1.0,1.0,0.7989104584586928,1.0,1.0,1.0,0.9162126910244552
1513,9e12f81268d75fbb,True,1.0,1.0,1.0,1.0,1.0,1.0,1.0
1514,b387a02b67e45a4b,True,1.0,1.0,0.9064607541550889,1.0,1.0,1.0,0.961025314231287
1515,d97108bcdab25c24,True,1.0,1.0,0.5937019049434052,1.0,1.0,1.0,0.8307091270597522
1516,ada396669cec56ef,True,1.0,1.0,0.6792585472838113,1.0,1.0,1.0,0.8663577280349214
1517,44f75400f3a15c14,True,1.0,1.0,0.9844745195247956,1.0,1.0,1.0,0.9935310498019981
1518,6d92cfa21e805f31,True,1.0,1.0,0.8812000766652047,1.0,1.0,1.0,0.9505000319438354
1519,adfdcd3c5a9a5fb9,True,1.0,1.0,1.0,1.0,1.0,1.0,1.0
1520,04d0fb4e3ab25115,True,1.0,1.0,0.9230073563316521,1.0,1.0,1.0,0.9679197318048551
1521,bef85b7ac1dc5207,True,1.0,1.0,0.7897737296801982,1.0,1.0,1.0,0.9124057207000825
1522,d7f2f0a77e3e5b4d,True,1.0,1.0,0.8104070140144679,1.0,1.0,1.0,0.9210029225060282
1523,c5e8daf69c6552a7,True,1.0,1.0,0.6993824806407699,1.0,1.0,1.0,0.8747427002669874
1524,27e100e5fd605194,True,1.0,1.0,0.8418682170825155,1.0,1.0,1.0,0.9341117571177149
1525,b7f26baef02d54ea,True,1.0,1.0,1.0,1.0,1.0,1.0,1.0
1526,7b00e131a2885ecf,True,1.0,1.0,1.0,1.0,1.0,1.0,1.0
1527,4c629e2da77a50c7,True,1.0,1.0,0.9139726266315026,1.0,1.0,1.0,0.9641552610964594
1528,13d078252f4653f3,True,1.0,1.0,0.7725479983768423,1.0,1.0,1.0,0.9052283326570176
1529,3ae3cf56296b5861,True,1.0,1.0,0.7897065587084604,1.0,1.0,1.0,0.9123777327951919
1530,f1b71a95642b5da2,True,1.0,1.0,0.7506392755352348,1.0,1.0,1.0,0.8960996981396812
1531,ced5e9f4d448524e,True,1.0,1.0,0.9579241848450246,1.0,1.0,1.0,0.9824684103520935
1532,3d00fb1cdc87515e,True,1.0,0.0,0.0,1.0,1.0,1.0,0.0
1533,84a6257839b65f93,True,1.0,1.0,0.794193157155251,1.0,1.0,1.0,0.9142471488146878
1534,af3ca613840a5058,True,1.0,1.0,0.9753551273975342,0.0,1.0,0.0,0.5730646364156392
1535,b8d2227c06a351e4,True,1.0,1.0,0.19706305874870325,1.0,1.0,1.0,0.665442941145293
1536,9a179eb32481553e,True,1.0,1.0,1.0,1.0,1.0,1.0,1.0
1537,40726c708b17504a,True,1.0,1.0,0.9277407239528929,1.0,1.0,1.0,0.9698919683137053
1538,2dbf2462b447576f,True,1.0,1.0,1.0,1.0,1.0,1.0,1.0
1539,a8c150e293ac5bd3,True,1.0,1.0,0.7106841061898809,1.0,1.0,1.0,0.8794517109124503
1540,04377176d16d5a0f,True,1.0,1.0,0.952092661972572,1.0,1.0,1.0,0.9800386091552383
1541,10193911d433540b,True,1.0,1.0,0.785355087896362,1.0,1.0,1.0,0.9105646199568175
1542,50676507e4e2554f,True,1.0,1.0,0.5945349981438276,1.0,1.0,0.0,0.8310562492265948
1543,b0a73894d5a75e59,True,1.0,1.0,0.764802981886549,1.0,1.0,1.0,0.9020012424527287
1544,069dab3272205ecb,True,1.0,1.0,1.0,1.0,1.0,1.0,1.0
1545,0472df00162f5fc5,True,1.0,1.0,0.9559662491227314,1.0,1.0,1.0,0.9816526038011381
1546,868e873c94b75b38,True,1.0,1.0,0.6831822900940216,1.0,1.0,1.0,0.8679926208725091
1547,72cb0bed47ab5464,True,1.0,1.0,0.9397155611043779,1.0,1.0,1.0,0.9748814837934908
1548,8875d7f59f045de3,True,1.0,1.0,1.0,1.0,1.0,1.0,1.0
1549,6b2cda5004dc5df9,True,0.0,1.0,0.0,0.0,1.0,1.0,0.0
1550,47bc25abb0705dc9,True,1.0,1.0,0.8075929928833803,1.0,1.0,1.0,0.9198304137014084
1551,e814805effdb5b56,True,1.0,1.0,0.740588350319887,1.0,1.0,0.0,0.8919118126332863
1552,774ebe12eab151b6,True,1.0,1.0,0.9512994521270193,1.0,1.0,1.0,0.9797081050529247
1553,213c18fea71457d2,True,1.0,1.0,0.6046281020167302,1.0,1.0,1.0,0.8352617091736376
1554,99e900e2392c5e87,True,1.0,1.0,0.7728491354202014,1.0,1.0,1.0,0.9053538064250839
1555,62a97d527fd45916,True,1.0,1.0,0.9207268035207469,1.0,1.0,1.0,0.9669695014669779
1556,700237dffc2d5be7,True,1.0,1.0,1.0,1.0,1.0,1.0,1.0
1557,7beae7492ff45866,True,1.0,1.0,0.9529630647852578,1.0,1.0,1.0,0.9804012769938574
1558,0e70c369a99157c3,True,1.0,1.0,0.7582537407224076,1.0,1.0,1.0,0.8992723919676698
1559,18649e595e7b51ab,True,1.0,1.0,1.0,1.0,1.0,1.0,1.0
1560,d6353a288d0b545d,True,1.0,1.0,0.5689930038099043,1.0,1.0,1.0,0.8204137515874601
1561,0bd3bce35ed159be,True,1.0,1.0,0.7015777744505401,1.0,1.0,1.0,0.8756574060210583
1562,f60b8b3796c45845,True,1.0,1.0,0.6502172974904895,1.0,1.0,1.0,0.8542572072877039
1563,7d5618d384ac5071,True,1.0,1.0,0.8159895600950654,1.0,1.0,1.0,0.923328983372944
1564,5ea6697ab5c552b6,True,1.0,1.0,1.0,1.0,1.0,1.0,1.0
1565,bb57439423df56c7,True,1.0,1.0,0.8242131670027134,1.0,1.0,1.0,0.9267554862511306
1566,ba82b67601605dd3,True,1.0,1.0,0.8438249510868916,1.0,1.0,1.0,0.9349270629528714
1567,3b225aa246f35197,True,1.0,1.0,0.618943148121891,1.0,1.0,1.0,0.8412263117174547
1568,b12f2581dde259f4,True,1.0,1.0,0.613856482267828,1.0,1.0,1.0,0.839106867611595
1569,8d39d3f85647574c,True,1.0,1.0,0.798317647368255,1.0,1.0,1.0,0.9159656864034394
1570,10209c0e885f5162,True,1.0,1.0,0.7313986814813311,1.0,1.0,1.0,0.8880827839505546
1571,6f7c844cb6c0587a,True,1.0,1.0,0.8332627374503068,1.0,1.0,1.0,0.9305261406042945
1572,378f82a326bd5875,True,1.0,1.0,0.7040361271197006,1.0,1.0,1.0,0.8766817196332086
1573,7a61f0a7cbe15387,True,1.0,1.0,1.0,1.0,1.0,1.0,1.0
1574,0088dd94bbb85394,True,1.0,1.0,0.8055001316734107,1.0,1.0,1.0,0.9189583881972544
1575,94839be4b8c95789,True,1.0,1.0,1.0,1.0,1.0,1.0,1.0
1576,05304817b887541e,True,1.0,1.0,0.8541456499719045,1.0,1.0,0.5,0.9392273541549603
1577,b1b1e99705dc5afc,True,1.0,1.0,0.8693379833495055,1.0,1.0,1.0,0.945557493062294
1578,622dde55dc125052,True,1.0,1.0,0.6258155624420187,1.0,1.0,1.0,0.8440898176841745
1579,de1662269d685ce0,True,1.0,1.0,1.0,1.0,1.0,1.0,1.0
1580,e83f4b6e1dd25c90,True,1.0,1.0,0.9604616013967121,0.0,1.0,1.0,0.5668590005819634
1581,c2f27daee5bd5a3e,True,1.0,1.0,0.77897180380323,1.0,1.0,1.0,0.9079049182513458
1582,1a442597212150c2,True,1.0,1.0,1.0,1.0,1.0,1.0,1.0
1583,26a78d23b1075252,True,1.0,1.0,1.0,1.0,1.0,1.0,1.0
1584,aa1f80806fa35b9f,True,1.0,1.0,1.0,1.0,1.0,1.0,1.0
1585,3d726e71b9925965,True,1.0,1.0,0.8671957050234281,1.0,1.0,1.0,0.9446648770930951
1586,5a064a908e64596b,True,1.0,1.0,1.0,1.0,1.0,1.0,1.0
1587,f2f5b666a04b53f8,True,1.0,1.0,0.6435429826130152,1.0,1.0,1.0,0.8514762427554231
1588,e12d472387385ef6,True,1.0,1.0,1.0,1.0,1.0,1.0,1.0
1589,b696510357665996,True,1.0,1.0,0.9662030996183937,1.0,1.0,1.0,0.9859179581743307
1590,6618e0dc30c95169,True,1.0,1.0,1.0,1.0,1.0,1.0,1.0
1591,2389414c94075d6a,True,1.0,0.0,0.0,1.0,1.0,1.0,0.0
1592,d58c4ad27c525465,True,1.0,1.0,0.9608460789931378,1.0,1.0,1.0,0.9836858662471407
1593,09978bee1b655865,True,1.0,1.0,0.7923074109123588,1.0,1.0,1.0,0.913461421213483
1594,3d2adf8b0bb65492,True,1.0,1.0,0.8185148272593197,1.0,1.0,1.0,0.9243811780247165
1595,2dd7293bcb445815,True,1.0,1.0,0.536879910508659,1.0,1.0,1.0,0.8070332960452746
1596,0749cf83cbbd5284,True,1.0,1.0,0.9055717274272582,1.0,1.0,1.0,0.9606548864280242
1597,ac6472ee06855dd3,True,1.0,1.0,1.0,1.0,1.0,1.0,1.0
1598,c6aec764d6d059e9,True,1.0,1.0,0.795219459906609,1.0,1.0,1.0,0.9146747749610871
1599,259c9d9aac5457fc,True,1.0,1.0,1.0,0.0,1.0,1.0,0.5833333333333334
1600,c64ddb8e7b675aa3,True,1.0,1.0,0.9326107756094468,1.0,1.0,1.0,0.9719211565039362
1601,7b48c1c9cf995c36,True,1.0,1.0,0.8627269538017954,1.0,1.0,1.0,0.9428028974174149
1602,58b96e6ca9a95ff4,True,1.0,1.0,0.6630303727208772,1.0,1.0,1.0,0.8595959886336989
1603,f8e036dd79a954d6,True,1.0,1.0,1.0,1.0,1.0,1.0,1.0
1604,d224548a04525f2c,True,1.0,1.0,0.9395581695849026,1.0,1.0,1.0,0.9748159039937093
1605,1a9a1f65b4cc5d1d,True,1.0,1.0,1.0,1.0,1.0,1.0,1.0
1606,c6cef2558e365e85,True,1.0,1.0,0.8914290233106761,1.0,1.0,1.0,0.954762093046115
1607,6394162caa7c5821,True,1.0,1.0,0.7427724354520852,1.0,1.0,1.0,0.8928218481050355
1608,a8d02b285a5451a0,True,1.0,1.0,1.0,1.0,1.0,1.0,1.0
1609,a13d45e804265392,True,1.0,1.0,0.1974942018477852,1.0,1.0,1.0,0.6656225841032438
1610,c9ab8a82cfa054ff,True,1.0,1.0,0.8999023322140814,1.0,1.0,1.0,0.958292638422534
1611,953aea8a2a085404,True,1.0,1.0,0.9856264843125585,1.0,1.0,1.0,0.9940110351302328
1612,61b99cf0e08d559a,True,1.0,1.0,1.0,1.0,1.0,1.0,1.0
1613,c4fd814210875a8e,True,1.0,1.0,1.0,1.0,1.0,1.0,1.0
1614,115c513494975ef3,True,1.0,1.0,0.9124529470753726,1.0,1.0,1.0,0.9635220612814054
1615,4e9b792f30975e78,True,1.0,1.0,0.8077769486176289,1.0,1.0,1.0,0.9199070619240121
1616,9f841033bc335965,True,1.0,0.0,0.0,1.0,1.0,1.0,0.0
1617,c520f76d99f359f2,True,1.0,1.0,0.9374840542199684,1.0,1.0,1.0,0.9739516892583202
1618,0a2b9bb1214f5e2f,True,1.0,1.0,0.7691456984427812,1.0,1.0,1.0,0.9038107076844922
1619,fa7793ced9cc559e,True,1.0,1.0,0.9721889320768455,1.0,1.0,1.0,0.9884120550320189
1620,6af296d59322504d,True,1.0,1.0,1.0,1.0,1.0,1.0,1.0
1621,820636c082c1539b,True,1.0,1.0,0.9201784986638003,1.0,1.0,1.0,0.9667410411099168
1622,7779c453de865aff,True,1.0,1.0,0.8108620656300989,1.0,1.0,1.0,0.9211925273458745
1623,c4ba306cfe4f59f6,True,1.0,1.0,1.0,1.0,1.0,1.0,1.0
1624,a19dd8ff9c4e5fc7,True,1.0,1.0,0.9499113107329095,1.0,1.0,1.0,0.979129712805379
1625,4007544abfa3548f,True,1.0,1.0,1.0,1.0,1.0,1.0,1.0
1626,346a78f56b165dea,True,1.0,1.0,0.7846151066906163,1.0,1.0,1.0,0.9102562944544235
1627,8209b6700b535e8e,True,1.0,1.0,1.0,1.0,1.0,1.0,1.0
1628,62053f814af95fce,True,1.0,1.0,0.9074541345177652,1.0,1.0,1.0,0.9614392227157355
1629,f3b3336807f8590b,True,1.0,1.0,0.9140120724124614,1.0,1.0,1.0,0.9641716968385255
1630,d14f40d60d165b25,True,1.0,1.0,1.0,1.0,1.0,1.0,1.0
1631,6201f6d1b5f65431,True,1.0,1.0,0.8261534986700577,1.0,1.0,1.0,0.9275639577791907
1632,c988ef2f076359de,True,1.0,1.0,1.0,1.0,1.0,1.0,1.0
1633,c5099436d08c5e1f,True,1.0,1.0,1.0,1.0,1.0,1.0,1.0
1634,7602906d3c785da3,True,1.0,1.0,1.0,1.0,1.0,1.0,1.0
1635,252522eebf5e5dc1,True,1.0,1.0,1.0,1.0,1.0,1.0,1.0
1636,de8957bb05ae5d5d,True,1.0,1.0,1.0,1.0,1.0,1.0,1.0
1637,8794578fbb0e57f4,True,1.0,1.0,0.8130519822497849,1.0,1.0,1.0,0.9221049926040771
1638,839206ee819e582f,True,1.0,1.0,0.8885616090484645,1.0,1.0,1.0,0.9535673371035269
1639,5f78b2fcada85eef,True,1.0,1.0,0.9270243160095422,1.0,1.0,1.0,0.9695934650039759
1640,8a91af177fee5522,True,1.0,1.0,0.867694917892419,1.0,1.0,1.0,0.9448728824551745
1641,da83e9a4e38a5d6e,True,1.0,1.0,0.8800737594866471,1.0,1.0,1.0,0.9500307331194362
1642,7ea67f197fe25ba7,True,1.0,1.0,0.546969594387201,1.0,1.0,1.0,0.8112373309946671
1643,2380261642d25251,True,1.0,1.0,1.0,1.0,1.0,1.0,1.0
1644,467a4f14137a5910,True,1.0,1.0,0.7466647832318624,1.0,1.0,1.0,0.8944436596799427
1645,04b80ae53fc5549e,True,1.0,1.0,1.0,1.0,1.0,1.0,1.0
1646,ec7ec2875d5f5fe9,True,1.0,1.0,0.790908751179633,1.0,1.0,1.0,0.912878646324847
1647,71674e79275f5abb,True,1.0,1.0,1.0,1.0,1.0,1.0,1.0
1648,e736f6ed766658fb,True,1.0,1.0,0.8386982140507275,1.0,1.0,1.0,0.9327909225211365
1649,38c2e9619e425ab8,True,1.0,1.0,1.0,1.0,1.0,1.0,1.0
1650,02e8fd3cc3c3556f,True,1.0,1.0,0.7720425770110316,1.0,1.0,1.0,0.9050177404212633
1651,d64a3964875f5b41,True,1.0,0.0,0.0,0.0,1.0,1.0,0.0
1652,6c8af7c93b5751c4,True,1.0,1.0,0.7921576453599364,1.0,1.0,1.0,0.9133990188999735
1653,57e7565904e05728,True,1.0,1.0,1.0,1.0,1.0,1.0,1.0
1654,4a07aac45fc35fcf,True,1.0,1.0,0.5869120326038632,1.0,1.0,1.0,0.827880013584943
1655,6350e3b4ec0a59dc,True,1.0,1.0,0.5869442171918762,1.0,1.0,1.0,0.8278934238299485
1656,1526b1720d35559e,True,1.0,1.0,1.0,1.0,1.0,0.5,1.0
1657,b4d64308573f5bdf,True,1.0,1.0,1.0,1.0,1.0,1.0,1.0
1658,44062179c5b350bc,True,1.0,1.0,1.0,1.0,1.0,1.0,1.0
1659,5d3573d6da7952d3,True,1.0,1.0,0.9216337226254782,1.0,1.0,1.0,0.9673473844272825
1660,611ff428aa8a5e86,True,1.0,1.0,0.6214871242322481,1.0,1.0,1.0,0.8422863017634367
1661,5593db2f64115fbf,True,1.0,1.0,0.9034843970967931,1.0,1.0,1.0,0.9597851654569971
1662,841f506a559f534f,True,1.0,1.0,0.9390677744637012,1.0,1.0,1.0,0.9746115726932087
1663,a332b717471c5704,True,1.0,1.0,0.8003666725992936,1.0,1.0,1.0,0.9168194469163723
1664,fde793c65573590a,True,1.0,1.0,0.5969602278565379,1.0,1.0,1.0,0.8320667616068907
1665,ca59ecba5722534c,True,1.0,1.0,0.893713089854484,1.0,1.0,0.5,0.9557137874393683
1666,556283de632c5226,True,1.0,1.0,0.8489596943754129,1.0,1.0,1.0,0.9370665393230887
1667,2274256d3852572f,True,1.0,1.0,0.7843120578170111,1.0,1.0,1.0,0.9101300240904213
1668,774160714b7e5ca4,True,1.0,1.0,1.0,1.0,1.0,1.0,1.0
1669,448808123f695637,True,1.0,1.0,1.0,1.0,1.0,1.0,1.0
1670,e0388cc13b635cd7,True,1.0,1.0,0.8643792360130158,1.0,1.0,1.0,0.9434913483387565
1671,47e64379df6b55b2,True,1.0,1.0,0.8798248916430949,1.0,1.0,1.0,0.9499270381846229
1672,e18ac69f49cf582f,True,1.0,1.0,0.787189927119318,1.0,1.0,1.0,0.9113291362997158
1673,85a5db2b47125f31,True,1.0,1.0,1.0,1.0,1.0,1.0,1.0
1674,a6f3c89c3d745a5b,True,1.0,1.0,0.9162141215589157,1.0,1.0,1.0,0.965089217316215
1675,aab44cff9f3552b1,True,1.0,1.0,1.0,1.0,1.0,1.0,1.0
1676,8379e27735535cc1,True,1.0,1.0,0.8987054997019592,1.0,1.0,1.0,0.9577939582091496
1677,8a5809217c605979,True,1.0,1.0,1.0,1.0,1.0,1.0,1.0
1678,0192c3bca9ca5c67,True,1.0,1.0,1.0,1.0,1.0,1.0,1.0
1679,36adada77e2f54ba,True,1.0,1.0,0.8852766393179166,1.0,1.0,1.0,0.9521985997157986
1680,f24b703a3f14583f,True,1.0,1.0,0.7887381401962771,1.0,1.0,1.0,0.911974225081782
1681,ccce59bb3b3a5c29,True,1.0,1.0,1.0,1.0,1.0,1.0,1.0
1682,ed1ae68f8c0f5f3a,True,1.0,1.0,1.0,0.0,1.0,1.0,0.5833333333333334
1683,e610e8c900a75a0b,True,1.0,1.0,1.0,1.0,1.0,1.0,1.0
1684,51552f78760d5a11,True,1.0,1.0,0.802741586896968,1.0,1.0,1.0,0.9178089945404033
1685,0937290700b851a0,True,1.0,1.0,1.0,1.0,1.0,1.0,1.0
1686,7f2934ac111854f5,True,1.0,1.0,1.0,1.0,1.0,1.0,1.0
1687,6157537c48ab553d,True,1.0,1.0,0.8865551394442218,1.0,1.0,1.0,0.9527313081017591
1688,f24ade1ee3ac51ce,True,1.0,1.0,1.0,1.0,1.0,1.0,1.0
1689,4f98b9b2f76e57be,True,1.0,1.0,1.0,1.0,1.0,1.0,1.0
1690,001b34b45b2f50e4,True,1.0,1.0,1.0,1.0,1.0,1.0,1.0
1691,f2655b7cd5d15a20,True,1.0,1.0,0.696379128132043,1.0,1.0,1.0,0.8734913033883512
1692,eac61acb69665f21,True,1.0,1.0,0.8038813906003801,1.0,1.0,1.0,0.9182839127501584
1693,3c58a86242fe5671,True,1.0,1.0,1.0,1.0,1.0,1.0,1.0
1694,1d811c0428d255cd,True,1.0,1.0,1.0,1.0,1.0,1.0,1.0
1695,cf081b6882d159f5,True,1.0,1.0,1.0,1.0,1.0,1.0,1.0
1696,23df9e4092425b2b,True,1.0,1.0,0.8411405222367058,1.0,1.0,1.0,0.9338085509319608
1697,39a2b9bc296c5b76,True,1.0,1.0,1.0,1.0,1.0,1.0,1.0
1698,20024f7ea9635ed8,True,1.0,1.0,1.0,1.0,1.0,1.0,1.0
1699,cbbc4cdfaf2e5106,True,1.0,1.0,0.7883182330985786,1.0,1.0,1.0,0.9117992637910745
1700,e9d7cc484394548f,True,1.0,1.0,1.0,1.0,1.0,1.0,1.0
1701,6f045b164624549f,True,1.0,1.0,1.0,1.0,1.0,1.0,1.0
1702,0a08850db6e35ab7,True,1.0,1.0,0.786140343848391,1.0,1.0,1.0,0.9108918099368296
1703,8fbca2950de45a7c,True,1.0,1.0,0.8549389552642315,1.0,1.0,1.0,0.939557898026763
1704,1edf90bb34fc5d3f,True,1.0,1.0,1.0,1.0,1.0,1.0,1.0
1705,278518f5fd0354b3,True,1.0,1.0,0.8858722611309393,1.0,1.0,1.0,0.9524467754712247
1706,27244c34c9e355c2,True,1.0,0.0,0.0,1.0,1.0,1.0,0.0
1707,ef27f4eeb34e5b83,True,1.0,1.0,0.6973255801393187,1.0,1.0,1.0,0.8738856583913828
1708,14ce4ee85a9c5471,True,1.0,1.0,0.8043614981291011,1.0,1.0,1.0,0.9184839575537921
1709,7736a52445b1522d,True,1.0,1.0,1.0,1.0,1.0,1.0,1.0
1710,963d98eaf75259f6,True,1.0,1.0,0.9568923034985306,1.0,1.0,1.0,0.9820384597910544
1711,0fd48798118057f7,True,1.0,1.0,0.6681776221038883,1.0,1.0,1.0,0.8617406758766202
1712,f55f99174afa5d7e,True,1.0,1.0,0.818604554042723,1.0,1.0,1.0,0.9244185641844679
1713,feb4ce395d4d54fb,True,1.0,1.0,0.7876034308880365,1.0,1.0,1.0,0.9115014295366818
1714,923e4fcf3daa57f8,True,1.0,1.0,1.0,0.0,1.0,1.0,0.5833333333333334
1715,3eef6c6972dd538f,True,1.0,1.0,0.8756939262589735,1.0,1.0,1.0,0.9482058026079055
1716,27725219ce8a55ff,True,1.0,1.0,0.8868263107914113,1.0,1.0,1.0,0.952844296163088
1717,291e2af79c2258d5,True,1.0,1.0,1.0,1.0,1.0,1.0,1.0
1718,ccffd575a3fb5958,True,1.0,1.0,0.9337807170734251,1.0,1.0,1.0,0.9724086321139271
1719,b17da95d765b51c4,True,1.0,1.0,1.0,1.0,1.0,1.0,1.0
1720,2458f368da645ef5,True,1.0,1.0,0.691258383761666,1.0,1.0,1.0,0.8713576599006941
1721,e4b8bdb842ae567e,True,1.0,1.0,0.805044196752061,1.0,1.0,1.0,0.9187684153133587
1722,5798a6e25f2553e4,True,1.0,1.0,0.7635838274285907,1.0,1.0,1.0,0.9014932614285794
1723,3afb7780247f51bb,True,1.0,1.0,0.872498580838623,1.0,1.0,1.0,0.9468744086827595
1724,08226b91e42858de,True,1.0,1.0,1.0,1.0,1.0,1.0,1.0
1725,b92ea560ae10562b,True,1.0,1.0,1.0,1.0,1.0,1.0,1.0
1726,f769ef75631451c8,True,1.0,1.0,0.9618322968678515,1.0,1.0,1.0,0.9840967903616048
1727,55a241ed2c5a553b,True,1.0,1.0,0.8814371256184218,1.0,1.0,1.0,0.950598802341009
1728,264a59ce900b5405,True,1.0,1.0,0.9303795495847657,1.0,1.0,1.0,0.9709914789936525
1729,bdffdc5fc2fa542b,True,1.0,1.0,0.8022994017490097,1.0,1.0,1.0,0.9176247507287542
1730,620a34ec02795768,True,1.0,1.0,0.9991183101272219,0.0,1.0,1.0,0.5829659625530091
1731,b17e8b3c64295431,True,1.0,1.0,0.7704944123492147,1.0,1.0,1.0,0.9043726718121728
1732,ec574c9ae43e56a9,True,1.0,1.0,1.0,1.0,1.0,1.0,1.0
1733,4f61422adb195d3c,True,1.0,1.0,0.7981830924052784,1.0,1.0,1.0,0.9159096218355326
1734,063f7dfe767d55aa,True,1.0,1.0,0.8729173882513852,1.0,1.0,1.0,0.9470489117714105
1735,1b963a72d0cf5320,True,1.0,1.0,0.7628817889617417,1.0,1.0,1.0,0.9012007454007257
1736,354e4afad1eb56c2,True,1.0,1.0,1.0,1.0,1.0,1.0,1.0
1737,bb73caa6692856bf,True,1.0,1.0,0.982790977169845,1.0,1.0,1.0,0.9928295738207688
1738,923b8c36b7995ade,True,1.0,1.0,0.805454450158892,1.0,1.0,1.0,0.9189393542328718
1739,7d4c548895955e0d,True,1.0,1.0,0.7723789442003444,1.0,1.0,0.5,0.9051578934168102
1740,2829df17720c501f,True,1.0,1.0,0.7990331556659411,1.0,1.0,1.0,0.9162638148608089
1741,80c267878c6a54fa,True,1.0,1.0,1.0,1.0,1.0,1.0,1.0
1742,8cbb22946ab55633,True,1.0,0.0,0.0,1.0,1.0,1.0,0.0
1743,f3509f572c4f5bbb,True,1.0,1.0,0.7260854187084993,1.0,1.0,1.0,0.8858689244618748
1744,1b3de6f75c0559d8,True,1.0,1.0,0.8107769623123326,1.0,1.0,1.0,0.9211570676301385
1745,5d68b0c80cab59c4,True,1.0,1.0,0.7452558991587072,1.0,1.0,1.0,0.8938566246494614
1746,7cc683dca0155801,True,1.0,1.0,1.0,1.0,1.0,1.0,1.0
1747,22a9f8694d425753,True,1.0,1.0,0.5387394759212177,1.0,1.0,1.0,0.8078081149671741
1748,cdc9eb7c7ddb5b08,True,1.0,1.0,0.5558638582105173,1.0,1.0,1.0,0.8149432742543823
1749,1c45a4d22fcc5b2e,True,1.0,1.0,0.8125838881420705,1.0,1.0,1.0,0.9219099533925293
1750,cd2a694affd65d94,True,1.0,1.0,0.5774580145609659,1.0,1.0,1.0,0.8239408394004024
1751,d9d22fcc4d395fc9,True,1.0,1.0,0.753888082809119,1.0,1.0,1.0,0.8974533678371329
1752,56c64f7e47b15e0d,True,1.0,1.0,1.0,1.0,1.0,1.0,1.0
1753,82ab50d6b3ef5a43,True,1.0,1.0,0.9413929697279013,1.0,1.0,1.0,0.9755804040532922
1754,75e0217f16f459c4,True,1.0,1.0,0.7194413464253661,1.0,1.0,1.0,0.8831005610105692
1755,e456e929ecb85b07,True,1.0,1.0,0.4328840481918633,1.0,1.0,1.0,0.7637016867466097
1756,a52bce0753d8563e,True,1.0,1.0,0.791977040567847,1.0,1.0,1.0,0.9133237669032696
1757,26e5d2127cf9563d,True,1.0,1.0,0.9977456242892762,1.0,1.0,1.0,0.9990606767871985
1758,79322494f7975811,True,1.0,1.0,1.0,1.0,1.0,1.0,1.0
1759,c43a415dd7d2585d,True,1.0,1.0,0.7916252722865634,1.0,1.0,1.0,0.9131771967860681
1760,5bc7217fee5c5fc5,True,1.0,1.0,0.750454306482348,1.0,1.0,1.0,0.8960226277009783
1761,073d05efa44b5241,True,1.0,0.0,0.0,1.0,1.0,0.0,0.0
1762,54b1735112ed5840,True,1.0,1.0,0.9013572051247626,1.0,1.0,1.0,0.9588988354686512
1763,4e2f593274aa5417,True,1.0,1.0,1.0,1.0,1.0,1.0,1.0
1764,74d1662073cd5fc1,True,1.0,1.0,1.0,1.0,1.0,1.0,1.0
1765,ece3a3dc01cd53d2,True,1.0,1.0,0.6383955282313585,1.0,1.0,1.0,0.8493314700963994
1766,47f3a90709ad56ed,True,1.0,1.0,0.8099619204442431,1.0,1.0,1.0,0.920817466851768
1767,ee9a7d622e33569a,True,1.0,1.0,0.9266937897817773,1.0,1.0,1.0,0.9694557457424072
1768,4986d2307c895bdb,True,1.0,1.0,0.6183936303298465,1.0,1.0,1.0,0.8409973459707695
1769,58b6d3046d18508e,True,1.0,1.0,0.7821419043116425,1.0,1.0,1.0,0.9092257934631843
1770,21e13e3ac13856b1,True,1.0,1.0,0.7218941749602573,1.0,1.0,1.0,0.8841225729001071
1771,eb72736f2edf5380,True,1.0,1.0,0.9017793489038811,0.0,1.0,1.0,0.5424080620432837
1772,812464919a4f5362,True,1.0,1.0,0.8164925875380674,1.0,1.0,1.0,0.9235385781408615
1773,97ade9e6fa5e5646,True,1.0,1.0,1.0,1.0,1.0,1.0,1.0
1774,fefad5f7d3405512,True,1.0,1.0,0.9990730953863812,1.0,1.0,1.0,0.9996137897443255
1775,bd4be260be50516f,True,1.0,1.0,1.0,0.0,1.0,1.0,0.5833333333333334
1776,3aa8e5d80d5d5d9b,True,1.0,1.0,0.8415067906216621,1.0,1.0,1.0,0.9339611627590259
1777,3ae59f6099b65d31,True,1.0,1.0,0.5333192659472896,1.0,1.0,1.0,0.805549694144704
1778,657274955033592a,True,1.0,1.0,0.7538461212506379,1.0,1.0,1.0,0.8974358838544324
1779,8a6de2af60965cd0,True,1.0,1.0,0.8139986730926787,1.0,1.0,1.0,0.9224994471219494
1780,9ecb516bac035ce4,True,1.0,1.0,0.9064692552459493,1.0,1.0,1.0,0.9610288563524789
1781,f38ecbfea0075cca,True,1.0,1.0,0.8734163551831132,1.0,1.0,1.0,0.9472568146596304
1782,abda798b87535e07,True,1.0,1.0,0.5875202121909203,1.0,1.0,1.0,0.8281334217462168
1783,cbda46701b0d57b8,True,1.0,1.0,0.9889609657416061,1.0,1.0,1.0,0.9954004023923358
1784,239d0568fc2250df,True,1.0,1.0,0.9673577755745423,1.0,1.0,1.0,0.9863990731560593
1785,c8f1cf1b119f5afe,True,1.0,1.0,0.8633697996070208,1.0,1.0,1.0,0.9430707498362586
1786,1b818742aecc51d0,True,1.0,1.0,0.688832005029492,1.0,1.0,1.0,0.8703466687622884
1787,c7c9121707745be3,True,1.0,1.0,1.0,0.0,1.0,1.0,0.5833333333333334
1788,025aab0da0e652b7,True,1.0,1.0,0.5919050820437188,1.0,1.0,1.0,0.8299604508515496
1789,73298d57a59e5252,True,1.0,1.0,0.817546979491895,1.0,1.0,1.0,0.923977908121623
1790,1df82f9400b35ebb,True,1.0,1.0,1.0,1.0,1.0,1.0,1.0
1791,2c5cbab120595d79,True,1.0,1.0,0.9163379634853243,1.0,1.0,1.0,0.9651408181188851
1792,11aef9f936f45518,True,1.0,1.0,0.79406878647822,1.0,1.0,1.0,0.9141953276992583
1793,2eb7c4dc6ec65123,True,1.0,1.0,1.0,1.0,1.0,1.0,1.0
1794,7263ccb23351549b,True,1.0,1.0,0.6456862523924991,1.0,1.0,1.0,0.8523692718302079
1795,05da61a9928e5ec1,True,1.0,1.0,1.0,1.0,1.0,1.0,1.0
1796,729c7f95c12f5dd4,True,1.0,1.0,0.7583188179095487,1.0,1.0,1.0,0.8992995074623119
1797,0c3c4cd553475d3a,True,1.0,1.0,0.8979153919496432,1.0,1.0,1.0,0.9574647466456847
1798,df240e44ad0d5c3c,True,1.0,1.0,0.6559252480178969,1.0,1.0,1.0,0.856635520007457
1799,f713c584fcfe5824,True,1.0,1.0,0.6477011710381072,1.0,1.0,1.0,0.8532088212658779
1800,91afe72955de5b85,True,1.0,1.0,0.5925160657513946,1.0,1.0,1.0,0.8302150273964144
1801,a0f695da4a815955,True,1.0,1.0,1.0,1.0,1.0,1.0,1.0
1802,e99ca54f8f4d585f,True,1.0,1.0,0.9310976114024089,1.0,1.0,1.0,0.9712906714176702
1803,682660223761501d,True,1.0,1.0,1.0,1.0,1.0,1.0,1.0
1804,fd30ed65f94d51b2,True,1.0,1.0,0.5929406774791643,1.0,1.0,1.0,0.8303919489496518
1805,dd393ea6b72059c3,True,1.0,1.0,1.0,1.0,1.0,1.0,1.0
1806,578fc7fcef215f0f,True,1.0,1.0,0.7368437876702099,1.0,1.0,1.0,0.8903515781959208
1807,ba3833aabbb85e7b,True,1.0,1.0,0.7833551199998428,1.0,1.0,1.0,0.9097312999999345
1808,c0f364f8ed645542,True,1.0,1.0,0.782973005041634,1.0,1.0,1.0,0.9095720854340142
1809,2fbf549d6aac59b9,True,1.0,1.0,0.6077142466585644,1.0,1.0,1.0,0.8365476027744019
1810,fc0d202904585a6a,True,1.0,1.0,0.7027118806518561,1.0,1.0,1.0,0.8761299502716068
1811,ec2200402d965ced,True,1.0,0.0,0.0,1.0,1.0,1.0,0.0
1812,94c6fd3f9ec85914,True,1.0,0.0,0.0,1.0,1.0,0.0,0.0
1813,7ef3374d49a45a86,True,1.0,1.0,0.7543886872522472,1.0,1.0,1.0,0.8976619530217697
1814,1b00de050fdd5214,True,1.0,1.0,1.0,1.0,1.0,1.0,1.0
1815,43311faf65e25505,True,1.0,1.0,1.0,1.0,1.0,1.0,1.0
1816,5ae3a0ab54a950d7,True,1.0,1.0,1.0,1.0,1.0,1.0,1.0
1817,a1d5046565c75d87,True,1.0,1.0,0.8251110403560412,1.0,1.0,1.0,0.9271296001483504
1818,8113ea1b58245172,True,1.0,1.0,0.7046375387840794,1.0,1.0,1.0,0.8769323078266997
1819,a669b18e5ecd575d,True,1.0,1.0,0.7506162541261429,1.0,1.0,1.0,0.8960901058858929
1820,69616d6f715256dc,True,0.0,1.0,0.0,0.0,1.0,0.5,0.0
1821,6efbee464bcd5780,True,1.0,1.0,0.8726964632844527,1.0,1.0,1.0,0.9469568597018553
1822,b85f00b0919a5180,True,1.0,1.0,0.9184465336911652,1.0,1.0,1.0,0.9660193890379855
1823,55194edb46265f3d,True,1.0,1.0,0.9468940641633361,1.0,1.0,1.0,0.9778725267347234
1824,17cac31ef9135faf,True,1.0,1.0,0.8806575631872657,1.0,1.0,1.0,0.9502739846613607
1825,e966ed2a366b5bcb,True,1.0,1.0,0.5906905346229367,1.0,1.0,1.0,0.8294543894262235
1826,03ffae8f89f65f90,True,1.0,1.0,1.0,1.0,1.0,1.0,1.0
1827,d1dcd412f339598a,True,1.0,1.0,0.8840823189975546,0.0,1.0,1.0,0.5350342995823144
1828,ef34a4f536c5598c,True,1.0,1.0,1.0,1.0,1.0,1.0,1.0
1829,91fbe6fb1a3d5717,True,1.0,1.0,1.0,1.0,1.0,1.0,1.0
1830,4023fa59fcfd5671,True,1.0,1.0,0.5273120050770876,1.0,1.0,1.0,0.8030466687821199
1831,2595e56a8af75a60,True,1.0,1.0,1.0,1.0,1.0,1.0,1.0
1832,5e9e8c31277d5edc,True,1.0,1.0,0.9660910274034781,1.0,1.0,1.0,0.9858712614181159
1833,4154c963fb4f578d,True,1.0,1.0,0.8800815732789875,1.0,1.0,1.0,0.9500339888662448
1834,9149c990800952c0,True,1.0,1.0,1.0,1.0,1.0,1.0,1.0
1835,c70300305bb9547e,True,1.0,1.0,0.7003990666854556,1.0,1.0,1.0,0.8751662777856065
1836,a35a1d0c099151cc,True,1.0,1.0,0.7848158220880004,1.0,1.0,1.0,0.9103399258700001
1837,52f07f442baa5fe5,True,1.0,1.0,0.5962800950277055,1.0,1.0,1.0,0.8317833729282107
1838,3a0e2f53c9585e94,True,1.0,1.0,0.8629175316530584,1.0,1.0,0.5,0.942882304855441
1839,a96c1b6145ca513e,True,1.0,1.0,0.7492141825758596,1.0,1.0,1.0,0.8955059094066081
1840,87df22d07dcb567c,True,1.0,1.0,0.6715044692484847,1.0,1.0,1.0,0.8631268621868685
1841,263f5537c4f85b38,True,1.0,1.0,0.8197120741048488,1.0,1.0,1.0,0.9248800308770203
1842,9c941c942f955a5a,True,1.0,1.0,0.7815718242165242,1.0,1.0,1.0,0.9089882600902183
1843,dbb9c9811b275fd8,True,1.0,1.0,0.7102862149263065,1.0,1.0,1.0,0.879285922885961
1844,382c08ff59d5504b,True,1.0,1.0,1.0,1.0,1.0,1.0,1.0
1845,c73482934be65cec,True,1.0,1.0,0.7802431748592124,1.0,1.0,1.0,0.9084346561913385
1846,9540f5a8db575a50,True,1.0,1.0,1.0,1.0,1.0,1.0,1.0
1847,b07f7a319de35f9a,True,1.0,1.0,0.5704674528687487,1.0,1.0,1.0,0.8210281053619787
1848,fd2de60bf6745e9a,True,1.0,1.0,0.8780480899311187,1.0,1.0,1.0,0.9491867041379661
1849,aea14d7408d255bb,True,1.0,1.0,0.8454034347635552,1.0,1.0,1.0,0.9355847644848146
1850,607298120f23583c,True,1.0,1.0,1.0,1.0,1.0,1.0,1.0
1851,eb430bd4f0095c28,True,1.0,1.0,0.7424611463261422,1.0,1.0,1.0,0.8926921443025592
1852,96d7b6bf87f45e33,True,1.0,1.0,0.936370523841362,1.0,1.0,1.0,0.9734877182672341
1853,efe1222923b65833,True,1.0,1.0,1.0,1.0,1.0,1.0,1.0
1854,bb5b44d240945ed0,True,1.0,1.0,1.0,1.0,1.0,1.0,1.0
1855,e3082eaad29750fd,True,1.0,1.0,0.7797374789783758,1.0,1.0,1.0,0.9082239495743233
1856,9c2063a3e137542a,True,1.0,1.0,0.6677358254284342,1.0,1.0,1.0,0.8615565939285142
1857,ce124b0ef61757d1,True,1.0,1.0,0.9238195248960528,1.0,1.0,1.0,0.9682581353733554
1858,f7b7dcf856ce587d,True,1.0,1.0,1.0,1.0,1.0,1.0,1.0
1859,602213f964f651c1,True,1.0,1.0,0.6341540313348025,1.0,1.0,1.0,0.8475641797228345
1860,624602ce65455c07,True,1.0,1.0,1.0,1.0,1.0,0.5,1.0
1861,cd2e3c6240d55147,True,1.0,1.0,0.7326905281840752,1.0,1.0,1.0,0.8886210534100313
1862,8551111013245067,True,1.0,1.0,1.0,1.0,1.0,1.0,1.0
1863,c77d96b1b7d65d8a,True,1.0,1.0,1.0,1.0,1.0,1.0,1.0
1864,0965108c193757a9,True,1.0,1.0,1.0,1.0,1.0,1.0,1.0
1865,fa1f681041595461,True,1.0,1.0,1.0,1.0,1.0,1.0,1.0
1866,f84819b5dc2a5130,True,1.0,1.0,0.741654823784469,1.0,1.0,1.0,0.8923561765768621
1867,974041ac230056eb,True,1.0,1.0,1.0,0.0,1.0,1.0,0.5833333333333334
1868,8c75e07d70c558df,True,1.0,1.0,1.0,1.0,1.0,1.0,1.0
1869,f465e74f13e652ce,True,1.0,1.0,0.9263399679361496,1.0,1.0,0.0,0.9693083199733957
1870,caaf011808a15c9e,True,1.0,1.0,0.7918056389933168,1.0,1.0,1.0,0.9132523495805488
1871,92389245b55d579b,True,1.0,1.0,0.8626705382233437,1.0,1.0,1.0,0.9427793909263933
1872,153ae46b6ba65721,True,1.0,1.0,1.0,1.0,1.0,1.0,1.0
1873,271bd521cc6c50ae,True,1.0,1.0,0.9045777126015978,1.0,1.0,1.0,0.9602407135839991
1874,2ad17379a25d55d9,True,1.0,0.0,0.0,1.0,1.0,1.0,0.0
1875,5e89299dadf05ad1,True,1.0,1.0,0.747375812814393,1.0,1.0,1.0,0.8947399220059972
1876,19c4aecbe4b65ef4,True,1.0,1.0,0.7837267780074073,1.0,1.0,1.0,0.9098861575030863
1877,2db50cd1c1ea5837,True,1.0,1.0,0.7959917649934077,1.0,1.0,1.0,0.9149965687472532
1878,a1ce49c5eeb75711,True,1.0,1.0,0.9554808391540419,1.0,1.0,1.0,0.9814503496475174
1879,2d365fc1fbd35aab,True,1.0,1.0,0.7580426276796413,1.0,1.0,1.0,0.8991844281998506
1880,43ebecce459052f2,True,1.0,1.0,0.9873877971302553,1.0,1.0,1.0,0.9947449154709398
1881,97eca45f93285d17,True,1.0,1.0,0.65772798361294,1.0,1.0,1.0,0.857386659838725
1882,6d4a26f442705f49,True,1.0,1.0,0.871809156693991,1.0,1.0,1.0,0.9465871486224963
1883,77424ed925b45c77,True,1.0,1.0,0.5701981119846173,1.0,1.0,1.0,0.8209158799935906
1884,197f2dea642850e7,True,1.0,1.0,0.754628627832742,1.0,1.0,1.0,0.8977619282636425
1885,e49e9763e6ea5ffb,True,1.0,1.0,0.7775765378032207,1.0,1.0,1.0,0.9073235574180085
1886,a924eaf3a0c35078,True,1.0,1.0,0.8353318828202507,1.0,1.0,1.0,0.9313882845084378
1887,bc958ef21282524c,True,1.0,1.0,1.0,1.0,1.0,1.0,1.0
1888,714a2012b2a75d4f,True,1.0,1.0,1.0,1.0,1.0,1.0,1.0
1889,5ee074d138be53d4,True,1.0,1.0,1.0,1.0,1.0,1.0,1.0
1890,bd957829755e50cb,True,1.0,1.0,0.8094575669753944,1.0,1.0,1.0,0.920607319573081
1891,87d3c1135ac85583,True,1.0,1.0,0.873786442417195,1.0,1.0,1.0,0.9474110176738314
1892,5a0b3bf9218f56a2,True,1.0,1.0,1.0,1.0,1.0,1.0,1.0
1893,4e52fd2c46fa5a3f,True,1.0,1.0,1.0,1.0,1.0,1.0,1.0
1894,89fcf773eb5d514e,True,1.0,0.0,0.0,1.0,1.0,0.0,0.0
1895,27ba50b0cfa75e8d,True,1.0,1.0,1.0,1.0,1.0,1.0,1.0
1896,d3cbad95b20b5125,True,1.0,1.0,0.9760498679741217,1.0,1.0,1.0,0.9900207783225508
1897,aa4430320c3151e3,True,1.0,1.0,1.0,1.0,1.0,1.0,1.0
1898,fd9dc6fb2e145ef4,True,1.0,1.0,1.0,1.0,1.0,1.0,1.0
1899,fa8627edacbd5ea0,True,1.0,1.0,1.0,1.0,1.0,1.0,1.0
1900,9fc437191831579a,True,1.0,1.0,0.9668024432794223,1.0,1.0,1.0,0.9861676846997592
1901,709f0d99dfa0567e,True,1.0,1.0,0.7692212445613235,1.0,1.0,1.0,0.9038421852338848
1902,c9374cc3f2d45d75,True,1.0,1.0,1.0,1.0,1.0,1.0,1.0
1903,e8858099d9b652f2,True,1.0,1.0,0.9776081797392816,1.0,1.0,1.0,0.9906700748913674
1904,e344674ba93250b5,True,1.0,1.0,0.9104377341881674,1.0,1.0,1.0,0.9626823892450697
1905,e7116a2035205221,True,1.0,1.0,1.0,1.0,1.0,1.0,1.0
1906,974a70027f8f593c,True,1.0,1.0,1.0,1.0,1.0,1.0,1.0
1907,8fdb21d863c5504b,True,1.0,1.0,0.9359864722575347,1.0,1.0,1.0,0.9733276967739727
1908,c2735759fe9957a5,True,1.0,1.0,1.0,1.0,1.0,1.0,1.0
1909,a8d904be723d5ab9,True,1.0,0.0,0.0,1.0,1.0,1.0,0.0
1910,5aac73b6f21a5a86,True,1.0,1.0,1.0,1.0,1.0,1.0,1.0
1911,63bd566666b75e4a,True,1.0,1.0,0.8635750713012383,1.0,1.0,1.0,0.9431562797088494
1912,eaee116f6fae5472,True,1.0,1.0,0.9803628877230782,1.0,1.0,1.0,0.991817869884616
1913,4588d3bc87cd5a49,True,1.0,1.0,0.6719981795316325,1.0,1.0,1.0,0.8633325748048469
1914,a4e50a4546d0513e,True,1.0,1.0,0.9134106333671363,1.0,1.0,1.0,0.9639210972363067
1915,4f8e1da188be5033,True,1.0,1.0,0.8792383018966761,1.0,1.0,1.0,0.9496826257902816
1916,906587437cf95447,True,1.0,1.0,0.7931518743757614,1.0,1.0,1.0,0.9138132809899006
1917,c9aa2159bc3a50a0,True,1.0,1.0,0.8997924196531762,1.0,1.0,1.0,0.9582468415221568
1918,d4c4bdedcfd25465,True,1.0,1.0,0.8720167939393922,1.0,1.0,1.0,0.9466736641414135
1919,7f3a478c21ce55f9,True,1.0,1.0,0.7817159495222751,1.0,1.0,1.0,0.909048312300948
1920,61984566807c5b11,True,0.0,1.0,0.0,0.0,1.0,0.5,0.0
1921,250389f21dee5793,True,1.0,1.0,0.5296872225872526,1.0,1.0,0.5,0.8040363427446886
1922,1cb21a59cbf95e1e,True,1.0,1.0,0.9694698172387812,1.0,1.0,1.0,0.9872790905161589
1923,0c81f22d5e0658de,True,0.5,1.0,0.4040923528535958,0.0,1.0,1.0,0.16751924017783246
1924,8cd3ad22a81c52b6,True,1.0,1.0,1.0,1.0,1.0,1.0,1.0
1925,a2047f9cb3865b75,True,1.0,1.0,0.12075898986918554,1.0,1.0,1.0,0.6336495791121607
1926,b1899626476e5293,True,1.0,1.0,0.8821254653864092,1.0,1.0,1.0,0.9508856105776705
1927,a83a32870332554f,True,1.0,1.0,0.7728584124554854,1.0,1.0,1.0,0.9053576718564522
1928,a5f724194aaa55f7,True,1.0,1.0,0.8851503324105807,1.0,1.0,1.0,0.952145971837742
1929,409711b03072566a,True,1.0,0.0,0.0,1.0,1.0,1.0,0.0
1930,d763dadacfd55928,True,1.0,1.0,0.9949533257282772,1.0,1.0,1.0,0.9978972190534489
1931,cf7045e0db215eea,True,1.0,1.0,1.0,1.0,1.0,1.0,1.0
1932,f985ec5a35285901,True,1.0,1.0,0.8351080357098395,1.0,1.0,1.0,0.9312950148790998
1933,7d3779771cae5d94,True,1.0,1.0,1.0,1.0,1.0,1.0,1.0
1934,6a85f61bdde35d74,True,1.0,1.0,0.8333272671067002,1.0,1.0,1.0,0.930553027961125
1935,29c9d694a2a15357,True,1.0,1.0,1.0,1.0,1.0,1.0,1.0
1936,4d267b88562f52da,True,1.0,1.0,0.8106905443806389,1.0,1.0,1.0,0.9211210601585996
1937,c95f789949355567,True,1.0,1.0,0.6155402234104138,1.0,1.0,1.0,0.8398084264210057
1938,cf1c7170df175256,True,1.0,1.0,0.8550594698412516,1.0,1.0,1.0,0.9396081124338549
1939,440690fa94cb50d5,True,1.0,1.0,1.0,1.0,1.0,1.0,1.0
1940,f92ecd09fdf45404,True,1.0,1.0,0.875683670963928,1.0,1.0,1.0,0.9482015295683034
1941,2692d8b89688506f,True,1.0,1.0,0.8451032084639372,1.0,1.0,1.0,0.9354596701933072
1942,726a691895a75bfc,True,1.0,1.0,0.9607920220171475,1.0,1.0,1.0,0.9836633425071448
1943,b113e988ede45a4f,True,1.0,0.0,0.0,1.0,1.0,0.5,0.0
1944,6fdea0636809523e,True,1.0,1.0,1.0,1.0,1.0,1.0,1.0
1945,a547f498303e5b17,True,1.0,1.0,0.7342316396959603,1.0,1.0,1.0,0.8892631832066501
1946,aee53565120f533b,True,1.0,1.0,0.8191876316430388,1.0,1.0,1.0,0.9246615131845995
1947,95de48bebbb35484,True,1.0,1.0,1.0,1.0,1.0,1.0,1.0
1948,4b875117d12e5ef6,True,1.0,1.0,0.783985187115785,1.0,1.0,1.0,0.9099938279649105
1949,c81b474102d75351,True,1.0,1.0,1.0,1.0,1.0,1.0,1.0
1950,869ee63671f65126,True,1.0,1.0,0.7756610126537399,1.0,1.0,1.0,0.9065254219390583
1951,fd99b81c7f2b5ed7,True,1.0,1.0,1.0,1.0,1.0,1.0,1.0
1952,18dd0b3ef6b75b70,True,1.0,1.0,0.8816093640741165,1.0,1.0,1.0,0.9506705683642153
1953,42629decf8ad5328,True,1.0,1.0,1.0,1.0,1.0,1.0,1.0
1954,f0455664b24358a7,True,1.0,1.0,1.0,1.0,1.0,1.0,1.0
1955,cdf704c535245f57,True,1.0,1.0,0.7408845682372595,1.0,1.0,1.0,0.8920352367655248
1956,7e6d49b500545236,True,1.0,1.0,1.0,1.0,1.0,1.0,1.0
1957,892904870078578a,True,1.0,1.0,0.8878543719578449,1.0,1.0,1.0,0.9532726549824354
1958,ea141bd5c40259de,True,1.0,1.0,1.0,1.0,1.0,1.0,1.0
1959,28a0cdbbc1e55291,True,1.0,1.0,0.5763604510118132,1.0,1.0,1.0,0.8234835212549222
1960,fab1fef0e2dc57cd,True,1.0,1.0,0.9228814040365353,1.0,1.0,1.0,0.9678672516818897
1961,d1b4625f7363548e,True,1.0,1.0,0.9055725080159098,1.0,1.0,1.0,0.9606552116732958
1962,db1231d931455d2c,True,1.0,0.0,0.0,1.0,1.0,1.0,0.0
1963,41da8ea7c14754d2,True,1.0,1.0,1.0,1.0,1.0,1.0,1.0
1964,6cbc045e25c2506d,True,1.0,0.0,0.0,1.0,1.0,1.0,0.0
1965,a62faaedb18d5b76,True,1.0,1.0,0.9049358177875585,1.0,1.0,1.0,0.9603899240781493
1966,6e813b55dcb35df7,True,1.0,1.0,0.8777777976814071,1.0,1.0,1.0,0.949074082367253
1967,2b610cc56f635751,True,1.0,1.0,0.8434405048465836,1.0,1.0,1.0,0.9347668770194097
1968,736e79c663bf5310,True,1.0,1.0,0.7603969191810386,1.0,1.0,1.0,0.9001653829920994
1969,e1cb9d3c53135bfa,True,1.0,1.0,0.8805876437162302,1.0,1.0,1.0,0.9502448515484293
1970,64b35b9f9f84585a,True,1.0,1.0,0.707205583574977,1.0,1.0,1.0,0.8780023264895737
1971,6c62867b6d7a51fa,True,1.0,1.0,0.9201585622010438,1.0,1.0,1.0,0.9667327342504349
1972,e10a3a8d627e5700,True,1.0,1.0,1.0,1.0,1.0,1.0,1.0
1973,80c159e90ae755f3,True,1.0,1.0,0.9123784310670301,1.0,1.0,1.0,0.9634910129445959
1974,47cdeda07aeb5b19,True,1.0,1.0,0.7310654665939932,1.0,1.0,1.0,0.8879439444141638
1975,e6056b57c0515735,True,1.0,1.0,1.0,1.0,1.0,1.0,1.0
1976,a004456be0fd5ce0,True,1.0,1.0,0.9880134612302781,1.0,1.0,1.0,0.9950056088459492
1977,5325126716b45ac4,True,1.0,1.0,0.9197814575023543,1.0,1.0,1.0,0.9665756072926476
1978,e60d3950023a5e46,True,1.0,1.0,0.7221802053395798,1.0,1.0,1.0,0.8842417522248249
1979,d50b69bed8f2570c,True,1.0,1.0,0.706516314959163,1.0,1.0,1.0,0.8777151312329846
1980,09779eb483435cab,True,1.0,1.0,1.0,1.0,1.0,1.0,1.0
1981,de49d859c60758e9,True,1.0,1.0,0.871828934998783,1.0,1.0,1.0,0.9465953895828262
1982,11c529f1623b5034,True,1.0,1.0,0.9835896233274888,1.0,1.0,1.0,0.9931623430531203
1983,4909b88b347c5764,True,1.0,1.0,1.0,1.0,1.0,1.0,1.0
1984,9ac86ade68505597,True,1.0,1.0,0.8121555464247163,1.0,1.0,1.0,0.9217314776769651
1985,cf0b2ecc4f4d5ee7,True,1.0,1.0,0.7547292994948442,1.0,1.0,1.0,0.8978038747895184
1986,a2c15720170d5507,True,1.0,1.0,1.0,1.0,1.0,1.0,1.0
1987,7a2abf5475ac59ca,True,1.0,1.0,1.0,1.0,1.0,1.0,1.0
1988,9d22457757985690,True,1.0,1.0,0.7831832502208186,1.0,1.0,1.0,0.9096596875920078
1989,303d9d8e1bbf5053,True,1.0,1.0,1.0,1.0,1.0,1.0,1.0
1990,91defa409f0254d5,True,1.0,1.0,0.6904691799802334,1.0,1.0,1.0,0.871028824991764
1991,eb9827bfdf925815,True,1.0,1.0,1.0,1.0,1.0,0.0,1.0
1992,20f93aa93fe05157,True,1.0,1.0,0.8373196043615908,1.0,1.0,1.0,0.9322165018173294
1993,2322850f71fa5c4d,True,1.0,1.0,0.641950633100823,1.0,1.0,1.0,0.8508127637920095
1994,5282504f73a759b9,True,1.0,1.0,0.9853710430754491,1.0,1.0,1.0,0.9939046012814371
1995,8cafe946e9c752fc,True,1.0,1.0,0.7591490173837911,1.0,1.0,1.0,0.899645423909913
1996,8728071969cc5091,True,1.0,1.0,0.7118242265688123,1.0,1.0,1.0,0.8799267610703385
1997,ad8912b904665e0f,True,1.0,1.0,0.9070872326451923,1.0,1.0,1.0,0.9612863469354967
1998,a3bb30f4190a5f5d,True,1.0,1.0,0.9549921008262159,1.0,1.0,1.0,0.98124670867759
1999,13ae6351239c5343,True,1.0,1.0,0.8845458919099467,1.0,1.0,1.0,0.9518941216291444
2000,118fa9fa499e5670,True,1.0,1.0,0.8822697641901316,1.0,1.0,0.5,0.9509457350792214
2001,f1ca8dd77f205599,True,1.0,0.0,0.0,0.0,1.0,1.0,0.0
2002,653d8cea5acd5614,True,1.0,1.0,0.7873091291141832,1.0,1.0,1.0,0.9113788037975764
2003,781386f5659b5cdf,True,1.0,1.0,0.8597977381643727,1.0,1.0,1.0,0.9415823909018219
2004,5aad75c605655367,True,1.0,1.0,1.0,1.0,1.0,1.0,1.0
2005,d834813ce20a54e1,True,1.0,1.0,1.0,1.0,1.0,1.0,1.0
2006,adc1a3a3dd1c501e,True,1.0,1.0,1.0,1.0,1.0,1.0,1.0
2007,d83802157d9858d5,True,1.0,1.0,0.7221434405136199,1.0,1.0,1.0,0.8842264335473417
2008,f2722839a7ed50fe,True,1.0,1.0,1.0,1.0,1.0,1.0,1.0
2009,9b95066419ea5427,True,1.0,1.0,1.0,1.0,1.0,1.0,1.0
2010,c7d7e1aa241a56a7,True,1.0,1.0,0.9773568386795239,1.0,1.0,1.0,0.9905653494498017
2011,72d13a5ce3af5ca6,True,1.0,1.0,1.0,1.0,1.0,1.0,1.0
2012,6745b762c9df5f94,True,1.0,1.0,1.0,1.0,1.0,1.0,1.0
2013,0d8610ae20005e45,True,1.0,1.0,0.9391851032148721,1.0,1.0,0.5,0.9746604596728634
2014,5e119121956f52be,True,1.0,1.0,1.0,1.0,1.0,1.0,1.0
2015,8601b9cf8c6852f3,True,1.0,1.0,0.8169070755569381,1.0,1.0,1.0,0.9237112814820575
2016,25d82b3bc5bf5637,True,1.0,1.0,0.7020185936422518,1.0,1.0,1.0,0.8758410806842716
2017,2d741bb457ed5434,True,1.0,1.0,0.7290481736220473,1.0,1.0,1.0,0.887103405675853
2018,6eac35cd4c6e53b0,True,1.0,1.0,1.0,1.0,1.0,1.0,1.0
2019,c04902b5c32056e0,True,1.0,1.0,0.72244623415358,1.0,1.0,1.0,0.8843525975639915
2020,c778933c0b8f5093,True,1.0,1.0,1.0,1.0,1.0,1.0,1.0
2021,dfa4c26313d45198,True,1.0,1.0,0.8866182136463776,1.0,1.0,1.0,0.9527575890193241
2022,3f1682073dd950a3,True,1.0,1.0,1.0,1.0,1.0,1.0,1.0
2023,a4778444628f5c49,True,1.0,1.0,1.0,1.0,1.0,1.0,1.0
2024,a3df0f8925b251e0,True,1.0,1.0,1.0,1.0,1.0,1.0,1.0
2025,ffef12d9476e557b,True,1.0,1.0,0.8774217399678419,1.0,1.0,1.0,0.9489257249866009
2026,cfe730cbf7e55330,True,1.0,1.0,0.8921392199822081,1.0,1.0,1.0,0.95505800832592
2027,173369dc059d5fe9,True,1.0,1.0,0.7697075985900673,1.0,1.0,1.0,0.9040448327458614
2028,bd9abb7104dc5408,True,1.0,0.0,0.0,1.0,1.0,1.0,0.0
2029,a5725e330a565f84,True,1.0,1.0,0.877474203746872,1.0,1.0,1.0,0.94894758489453
2030,9551ef5e14315cc0,True,1.0,1.0,1.0,1.0,1.0,0.0,1.0
2031,dee9cc93aed75630,True,1.0,1.0,0.9033112553293369,1.0,1.0,1.0,0.9597130230538905
2032,3458fad66b245ac3,True,1.0,1.0,0.7862869507260644,1.0,1.0,1.0,0.9109528961358602
2033,a4a08c828e87562c,True,1.0,1.0,0.8319238343553774,1.0,1.0,1.0,0.9299682643147406
2034,10bb4009fdf4513b,True,1.0,1.0,0.5906076521462466,1.0,1.0,1.0,0.8294198550609361
2035,cc8a7b88b06b56c2,True,1.0,1.0,1.0,1.0,1.0,1.0,1.0
2036,26459a22067d556e,True,1.0,1.0,1.0,1.0,1.0,1.0,1.0
2037,376450d3edc951fc,True,1.0,1.0,0.80003044696827,1.0,1.0,1.0,0.9166793529034458
2038,80793d56acc15d48,True,1.0,1.0,1.0,0.0,1.0,1.0,0.5833333333333334
2039,cce0795c7ff05129,True,1.0,1.0,0.8727531729573582,1.0,1.0,1.0,0.9469804887322327
2040,ac6e1ca0ebe75e15,True,1.0,1.0,0.9358509304857251,1.0,1.0,1.0,0.9732712210357187
2041,9e24f7a402a85804,True,1.0,1.0,1.0,1.0,1.0,1.0,1.0
2042,9f8764247caa5e71,True,1.0,1.0,0.9284276079663341,1.0,1.0,1.0,0.9701781699859726
2043,a7aa2b49e81b5d4f,True,1.0,1.0,0.7064590914812383,1.0,1.0,1.0,0.8776912881171827
2044,5bdeb71025415ed9,True,1.0,0.0,0.0,1.0,1.0,1.0,0.0
2045,c30bc48417bf5354,True,1.0,1.0,0.8070890653352387,1.0,1.0,1.0,0.9196204438896828
2046,c6c7e6c737cb5f4c,True,1.0,1.0,1.0,1.0,1.0,1.0,1.0
2047,9577987ee2e85304,True,1.0,1.0,1.0,1.0,1.0,1.0,1.0
2048,f2117260382b5d83,True,1.0,1.0,0.902601359346583,1.0,1.0,1.0,0.9594172330610763
2049,983d04f21f6953f6,True,1.0,1.0,0.9720611165185232,1.0,1.0,0.5,0.9883587985493847
2050,4b43cd9b3d3f576c,True,1.0,1.0,0.800763357078036,1.0,1.0,1.0,0.9169847321158483
2051,b4d9c8edfbda58dc,True,1.0,1.0,0.8204732304942938,1.0,1.0,1.0,0.9251971793726224
2052,5445d4283a475bf6,True,1.0,1.0,0.7294977406802305,1.0,1.0,1.0,0.8872907252834293
2053,ab1adeaf66035b88,True,1.0,1.0,0.8675653934384736,1.0,1.0,1.0,0.9448189139326972
2054,dfd5770faffa5ba7,True,1.0,1.0,0.7819769954005721,1.0,1.0,1.0,0.9091570814169051
2055,acfe9f2fe77c5b79,True,1.0,1.0,0.6742882339226044,1.0,1.0,1.0,0.8642867641344184
2056,1c6e6f287c2354f1,True,1.0,1.0,0.6357360866856064,1.0,1.0,1.0,0.8482233694523359
2057,41785a426b555ab9,True,1.0,1.0,0.9347619366921579,1.0,1.0,1.0,0.9728174736217324
2058,3739c038002f57ca,True,1.0,1.0,0.9342216096595536,1.0,1.0,1.0,0.9725923373581473
2059,1a6043a86e7056a8,True,1.0,1.0,0.7949484869115266,1.0,1.0,1.0,0.9145618695464695
2060,a99338e1112e5f65,True,1.0,0.0,0.0,1.0,1.0,1.0,0.0
2061,02e9f697f2d055ee,True,1.0,1.0,0.8919127742025682,1.0,1.0,1.0,0.9549636559177367
2062,e6a5ca65ce135d1c,True,1.0,1.0,0.9306356035097612,1.0,1.0,1.0,0.9710981681290671
2063,ae124de305ca5cb1,True,1.0,1.0,0.8359177395240804,1.0,1.0,1.0,0.931632391468367
2064,bde1cb24aeb45289,True,1.0,1.0,0.7680402317253016,1.0,1.0,1.0,0.903350096552209
2065,bbd5fbbe6cbb5a6f,True,1.0,1.0,1.0,1.0,1.0,1.0,1.0
2066,66583dab627951a2,True,1.0,1.0,0.692604181274603,1.0,1.0,1.0,0.8719184088644178
2067,e82fe0d7d02054b8,True,1.0,1.0,0.7138118771223236,1.0,1.0,1.0,0.8807549488009682
2068,6b363ffce294521f,True,1.0,1.0,0.5287346781261649,1.0,1.0,1.0,0.8036394492192355
2069,9d8312bf37795d27,True,1.0,1.0,0.8776088068315174,1.0,1.0,1.0,0.9490036695131323
2070,155c340aae355cd4,True,1.0,1.0,0.9886718954397199,1.0,1.0,1.0,0.9952799564332167
2071,4b3d6fc60b815701,True,1.0,0.0,0.0,1.0,1.0,1.0,0.0
2072,bd4dcb8371d85f1d,True,1.0,1.0,1.0,1.0,1.0,1.0,1.0
2073,81b86d3bfe9758ac,True,1.0,1.0,0.7413122814140072,1.0,1.0,1.0,0.8922134505891698
2074,92729339932751f6,True,1.0,1.0,0.5602115900813583,1.0,1.0,1.0,0.816754829200566
2075,13d2650251d25e83,True,1.0,1.0,1.0,1.0,1.0,1.0,1.0
2076,280321506e7c5f52,True,1.0,1.0,0.8446053581231774,1.0,1.0,1.0,0.9352522325513238
2077,d6aa1499d0be503a,True,1.0,1.0,0.857358390036405,1.0,1.0,1.0,0.9405659958485021
2078,b154733410575500,True,1.0,1.0,0.8919450369731498,1.0,1.0,1.0,0.9549770987388125
2079,4cb70e4f5d4b5fdf,True,1.0,1.0,1.0,1.0,1.0,1.0,1.0
2080,dbf083df3f5c55d7,True,1.0,1.0,1.0,1.0,1.0,1.0,1.0
2081,3a8a3a691f4450b5,True,1.0,1.0,0.8851648692406504,1.0,1.0,1.0,0.9521520288502711
2082,f79397c87fbf5965,True,1.0,1.0,1.0,1.0,1.0,1.0,1.0
2083,685e5e9083185108,True,1.0,1.0,1.0,1.0,1.0,1.0,1.0
2084,6b9ddb691b38551a,True,1.0,1.0,0.8618947999197264,1.0,1.0,1.0,0.9424561666332193
2085,9bb4006483955eb9,True,1.0,1.0,0.8131026975028358,1.0,1.0,1.0,0.922126123959515
2086,a6e08764c0245823,True,1.0,1.0,0.7564590597651096,1.0,1.0,1.0,0.8985246082354624
2087,7b37b72faaa25b5d,True,1.0,1.0,0.9375942939227432,1.0,1.0,1.0,0.9739976224678096
2088,68bbcb5f42845480,True,1.0,1.0,0.9162659879954488,1.0,1.0,1.0,0.965110828331437
2089,01c4dab17c975e13,True,1.0,1.0,1.0,1.0,1.0,1.0,1.0
2090,a34e53ca202b5fa3,True,1.0,1.0,0.903809036158361,1.0,1.0,1.0,0.9599204317326504
2091,16e645697d7559b3,True,1.0,1.0,0.9292853136268097,1.0,1.0,1.0,0.970535547344504
2092,aeea0bc96b5255e9,True,1.0,1.0,0.6345304479514569,1.0,1.0,1.0,0.8477210199797737
2093,de51843c0c1a51d4,True,1.0,1.0,0.8421777603493653,1.0,1.0,1.0,0.9342407334789021
2094,85dd82b1048e5509,True,1.0,1.0,0.7582462878379562,1.0,1.0,1.0,0.8992692865991484
2095,e2e83df1a791542b,True,1.0,1.0,0.9219577494367835,1.0,1.0,1.0,0.9674823955986597
2096,440364f63ee95043,True,1.0,1.0,0.9894666254196638,1.0,1.0,1.0,0.9956110939248598
2097,85b1968fa2fd5552,True,1.0,1.0,0.963459600355436,1.0,1.0,1.0,0.9847748334814317
2098,43c65ce08ad6564e,True,1.0,1.0,0.6207048084297525,1.0,1.0,1.0,0.8419603368457302
2099,86c897328378504d,True,1.0,1.0,1.0,1.0,1.0,1.0,1.0
2100,4646c3058d13526c,True,1.0,1.0,0.6607075292481415,1.0,1.0,1.0,0.8586281371867256
2101,04aa69f18d255c96,True,1.0,1.0,1.0,1.0,1.0,1.0,1.0
2102,67f7d1c129be5c4b,True,1.0,1.0,0.7498610594091831,1.0,1.0,1.0,0.8957754414204929
2103,c8deb087395357c3,True,1.0,1.0,0.8495296851192824,1.0,1.0,1.0,0.9373040354663678
2104,cb0505ba89415347,True,1.0,1.0,1.0,1.0,1.0,1.0,1.0
2105,93c2bfeb7c885a2e,True,1.0,1.0,0.7455704580119845,1.0,1.0,1.0,0.893987690838327
2106,4f68cdad89a65c7a,True,1.0,1.0,0.6376642891110121,1.0,1.0,1.0,0.8490267871295885
2107,2c9ad43fb0cd5394,True,1.0,1.0,0.8355771195363185,1.0,1.0,1.0,0.9314904664734661
2108,8eefb96f7e5f598e,True,1.0,1.0,0.837482299802309,1.0,1.0,1.0,0.9322842915842955
2109,25e9d76574075cee,True,1.0,1.0,0.6419968625751797,1.0,1.0,1.0,0.8508320260729917
2110,b42ed6a1fecd5e91,True,1.0,1.0,0.9788450794134801,0.0,1.0,1.0,0.5745187830889501
2111,277c6ebd67da5320,True,1.0,1.0,0.8102174490875375,1.0,1.0,1.0,0.9209239371198072
2112,ec4557ae01265fc4,True,1.0,1.0,0.7266974680927396,1.0,1.0,1.0,0.8861239450386416
2113,303d7a8f1262569e,True,1.0,1.0,1.0,1.0,1.0,1.0,1.0
2114,26840e3a5da45589,True,1.0,1.0,0.6010527614841449,1.0,1.0,0.0,0.8337719839517271
2115,ca5969a1b0775849,True,1.0,1.0,1.0,1.0,1.0,1.0,1.0
2116,1db88198fce854da,True,1.0,1.0,0.7863104425965863,1.0,1.0,1.0,0.9109626844152444
2117,75128a99a5765e31,True,1.0,1.0,1.0,1.0,1.0,1.0,1.0
2118,9a1a2dd68d9f5b10,True,1.0,1.0,0.7609827870361033,1.0,1.0,1.0,0.9004094945983764
2119,ce1f8997a8ce502b,True,1.0,1.0,1.0,1.0,1.0,1.0,1.0
2120,2469647d2d055825,True,1.0,1.0,1.0,1.0,1.0,1.0,1.0
2121,87a12c9888c75e21,True,1.0,1.0,0.8453997388513464,1.0,1.0,1.0,0.9355832245213943
2122,91496ec9ca5f5d5f,True,1.0,1.0,0.8196974624693519,1.0,1.0,1.0,0.9248739426955632
2123,6d3db8abd9ad52eb,True,1.0,1.0,1.0,1.0,1.0,1.0,1.0
2124,b27e6e6bf91d59be,True,1.0,1.0,0.7846469210037263,1.0,1.0,1.0,0.9102695504182193
2125,b02bf210eda55579,True,1.0,1.0,1.0,1.0,1.0,1.0,1.0
2126,e309a82b568d5669,True,1.0,1.0,1.0,1.0,1.0,1.0,1.0
2127,fb0a26a28ec359ce,True,1.0,1.0,0.8599430341054037,1.0,1.0,1.0,0.9416429308772516
2128,f32d809c7175588c,True,1.0,1.0,1.0,1.0,1.0,1.0,1.0
2129,f8b1bb7447c257dc,True,1.0,1.0,0.727184460825182,1.0,1.0,1.0,0.8863268586771591
2130,89ab22734ce45927,True,1.0,1.0,0.8640169738910238,1.0,1.0,1.0,0.9433404057879266
2131,2bae2509df025832,True,1.0,1.0,0.7598866559912045,1.0,1.0,1.0,0.8999527733296686
2132,c63599ac19bc5e9a,True,1.0,1.0,1.0,1.0,1.0,1.0,1.0
2133,326760711b775740,True,1.0,1.0,0.9751686082017964,1.0,1.0,1.0,0.9896535867507484
2134,14f07c5159ac566b,True,1.0,0.0,0.0,1.0,1.0,0.0,0.0
2135,a8db36bc378c599d,True,1.0,0.0,0.0,1.0,1.0,1.0,0.0
2136,fbb8f13bd26a5eee,True,1.0,1.0,0.8230087974778674,1.0,1.0,1.0,0.926253665615778
2137,865dfd5f72fa599b,True,1.0,1.0,0.8106555381451429,1.0,1.0,1.0,0.9211064742271429
2138,85ee18c706cf5966,True,1.0,1.0,0.9102019395724905,1.0,1.0,1.0,0.9625841414885378
2139,52a862ac6c845dbb,True,1.0,1.0,0.8242029936222942,1.0,1.0,0.0,0.9267512473426226
2140,ef43bbb93f0d50eb,True,1.0,1.0,0.7936382638611269,1.0,1.0,1.0,0.9140159432754696
2141,1316af62e13e5dd5,True,1.0,1.0,1.0,1.0,1.0,1.0,1.0
2142,ebfd1e0fff105c51,True,1.0,1.0,1.0,1.0,1.0,1.0,1.0
2143,52de85cf514f5afd,True,1.0,1.0,1.0,1.0,1.0,1.0,1.0
2144,7ae00644dbef537f,True,1.0,1.0,0.8300858409164601,1.0,1.0,1.0,0.9292024337151917
2145,6ea317e632e850f5,True,1.0,1.0,1.0,1.0,1.0,1.0,1.0
2146,77412f2abf325814,True,1.0,1.0,0.7205570939977007,1.0,1.0,1.0,0.8835654558323753
2147,35d07990fee95985,True,1.0,1.0,1.0,1.0,1.0,1.0,1.0
2148,8eac67d757755066,True,1.0,1.0,0.8853988215292397,1.0,1.0,1.0,0.9522495089705165
2149,695990349fc551a7,True,1.0,1.0,0.7313684751638464,1.0,1.0,1.0,0.8880701979849359
2150,e7aded473b7e5183,True,1.0,1.0,0.9240778287777579,1.0,1.0,1.0,0.9683657619907325
2151,d777782391de54bf,True,1.0,1.0,0.7854264579973632,1.0,1.0,1.0,0.9105943574989013
2152,130e977c13995170,True,1.0,1.0,1.0,1.0,1.0,1.0,1.0
2153,29051d7805db50d0,True,1.0,1.0,0.5312539635696718,1.0,1.0,1.0,0.8046891514873632
2154,0687eed0cf265533,True,1.0,1.0,0.7536969891844428,1.0,1.0,1.0,0.8973737454935179
2155,aa2b8af510775368,True,1.0,1.0,0.7621664654104385,1.0,1.0,1.0,0.9009026939210161
2156,80fc476837d9530d,True,1.0,1.0,0.9104007939626192,1.0,1.0,1.0,0.9626669974844247
2157,6496c4adf0f65e78,True,1.0,1.0,0.9094644955904417,1.0,1.0,1.0,0.9622768731626841
2158,4211afd0df14524c,True,1.0,1.0,1.0,1.0,1.0,1.0,1.0
2159,77c1bc7a68b55fb9,True,1.0,1.0,0.6239612140715053,1.0,1.0,1.0,0.8433171725297939
2160,f25f295b364a5f29,True,1.0,1.0,0.9532522599106243,1.0,1.0,1.0,0.9805217749627602
2161,5cf3fc5bbafd57bf,True,1.0,1.0,1.0,1.0,1.0,1.0,1.0
2162,8b279a20979950d6,True,1.0,1.0,1.0,1.0,1.0,1.0,1.0
2163,7d51b80c3aa25109,True,1.0,1.0,0.7442020175409203,1.0,1.0,1.0,0.8934175073087168
2164,c707d147a5655289,True,1.0,1.0,1.0,1.0,1.0,1.0,1.0
2165,fa80f505766d50fa,True,1.0,1.0,1.0,1.0,1.0,1.0,1.0
2166,3afbbcf248dc5405,True,1.0,1.0,0.7022164567774988,1.0,1.0,1.0,0.8759235236572911
2167,1a928640315c5332,True,1.0,0.0,0.0,1.0,1.0,1.0,0.0
2168,4eab329460d853f6,True,1.0,1.0,0.7519721680865897,1.0,1.0,1.0,0.8966550700360791
2169,b7568427b45a57c9,True,1.0,1.0,0.8820761086918533,1.0,1.0,1.0,0.9508650452882721
2170,2b7bf25209dd5705,True,1.0,1.0,0.7733404292057913,1.0,1.0,1.0,0.9055585121690797
2171,566ee79ab35c5b14,True,1.0,1.0,1.0,1.0,1.0,1.0,1.0
2172,3d6f193fad315d97,True,1.0,1.0,0.9722131315876558,1.0,1.0,1.0,0.9884221381615234
2173,e0cbc7ab694157a5,True,1.0,1.0,0.8165632276790421,1.0,1.0,1.0,0.9235680115329341
2174,92e7b3a7f4d054f3,True,1.0,1.0,0.9551022647656962,1.0,1.0,1.0,0.98129261031904
2175,1b65613f0242544a,True,1.0,1.0,0.6108943828639276,1.0,1.0,1.0,0.8378726595266365
2176,5b24b678ff67555d,True,1.0,1.0,0.9468675087428333,1.0,1.0,1.0,0.9778614619761806
2177,aa5f2769e03f5a8b,True,1.0,1.0,1.0,1.0,1.0,1.0,1.0
2178,aabb4c5a82d65945,True,1.0,1.0,0.9104727374942013,1.0,1.0,1.0,0.9626969739559174
2179,8299207e310b595e,True,1.0,1.0,0.9397176628887357,1.0,1.0,1.0,0.9748823595369732
2180,0d49407b94b259e8,True,1.0,1.0,1.0,1.0,1.0,1.0,1.0
2181,71af26e14ba65545,True,1.0,1.0,0.8753949492762507,1.0,1.0,0.5,0.9480812288651045
2182,4cbe138f73975e82,True,1.0,1.0,0.8876962565491946,1.0,1.0,1.0,0.9532067735621643
2183,b1e10e4f03155c70,True,1.0,1.0,0.7799778835563949,1.0,1.0,1.0,0.9083241181484979
2184,a43337e3cf725ea6,True,1.0,1.0,0.8599126046997857,1.0,1.0,1.0,0.941630251958244
2185,ee91209e45fe5141,True,1.0,1.0,0.7971503182929137,1.0,1.0,1.0,0.9154792992887141
2186,c6fc9d4d4dec5609,True,1.0,1.0,0.9058448616161503,1.0,1.0,1.0,0.9607686923400626
2187,d514826bdd045d68,True,1.0,1.0,1.0,1.0,1.0,1.0,1.0
2188,5d68790fd55c5e41,True,1.0,1.0,0.6649672688835411,1.0,1.0,1.0,0.8604030287014753
2189,b3056d1269ae5df9,True,1.0,1.0,0.5839944889720271,1.0,1.0,1.0,0.8266643704050113
2190,982bd8015c9352f5,True,1.0,1.0,0.8543448799220988,1.0,1.0,1.0,0.9393103666342079
2191,132cc1207858500c,True,1.0,1.0,0.6180880243696303,1.0,1.0,1.0,0.8408700101540125
2192,1295e8271e37569f,True,1.0,1.0,0.9041322243024195,1.0,1.0,1.0,0.9600550934593414
2193,ebfb953d479d5982,True,1.0,0.0,0.0,1.0,1.0,1.0,0.0
2194,fefe6361de855419,True,1.0,1.0,0.7805752930824137,1.0,1.0,1.0,0.908573038784339
2195,851a15966923546b,True,1.0,1.0,1.0,1.0,1.0,1.0,1.0
2196,f582317803e65752,True,1.0,1.0,0.8049178927155949,1.0,1.0,1.0,0.9187157886314979
2197,a9fb1181686753ec,True,1.0,0.0,0.0,1.0,1.0,1.0,0.0
2198,de28290571ec523a,True,1.0,1.0,1.0,1.0,1.0,1.0,1.0
2199,e00c640657fb5895,True,1.0,1.0,0.7181872605418868,1.0,1.0,1.0,0.8825780252257861
2200,c052667192cb5ade,True,1.0,1.0,0.7913827541547017,1.0,1.0,1.0,0.9130761475644591
2201,0367791336c3533e,True,1.0,1.0,0.5285955994009824,1.0,1.0,1.0,0.8035814997504094
2202,d2b6dcd76085519e,True,1.0,1.0,0.8082594402364033,1.0,1.0,1.0,0.9201081000985013
2203,6097ef5cbbfd5dd9,True,1.0,1.0,0.9972288082644781,1.0,1.0,1.0,0.9988453367768658
2204,ce0c8678bc8559b9,True,1.0,1.0,0.8761913909213785,1.0,1.0,1.0,0.9484130795505744
2205,59928d37e9245bf3,True,1.0,1.0,1.0,1.0,1.0,1.0,1.0
2206,5a7626d57d61594b,True,1.0,1.0,0.836726557430192,1.0,1.0,1.0,0.9319693989292466
2207,611a1729dd145afb,True,1.0,1.0,1.0,1.0,1.0,1.0,1.0
2208,3a43a45778b85666,True,1.0,1.0,1.0,1.0,1.0,1.0,1.0
2209,3128b8da22c75dd0,True,1.0,0.0,0.0,1.0,1.0,1.0,0.0
2210,966e42e47cc85a5c,True,1.0,1.0,0.5637072592850323,1.0,1.0,1.0,0.8182113580354301
2211,0116de776d6b5d1b,True,1.0,1.0,1.0,1.0,1.0,1.0,1.0
2212,3e1dd9067b365a42,True,1.0,1.0,1.0,1.0,1.0,1.0,1.0
2213,f21d5b2f9a5e5276,True,1.0,1.0,0.6168676492228513,1.0,1.0,1.0,0.8403615205095214
2214,880d9918a2635d59,True,1.0,1.0,0.6213195631825603,1.0,1.0,1.0,0.8422164846594001
2215,84e16f3286255759,True,1.0,1.0,0.7267265351997189,1.0,1.0,1.0,0.8861360563332162
2216,91d22882380a5e4b,True,1.0,1.0,1.0,1.0,1.0,1.0,1.0
2217,f938c73be4165c7f,True,1.0,1.0,0.7635509675339699,1.0,1.0,1.0,0.9014795698058208
2218,5b7700fa99d95a94,True,1.0,1.0,0.7449171676134745,1.0,1.0,1.0,0.8937154865056144
2219,3545234b609d5f4a,True,1.0,1.0,0.5913265297069202,1.0,1.0,1.0,0.8297193873778834
2220,407b876e623a5c51,True,1.0,1.0,1.0,1.0,1.0,1.0,1.0
2221,ed76cdcd1c6c5078,True,1.0,1.0,1.0,1.0,1.0,1.0,1.0
2222,3c7c1b09e9625732,True,1.0,1.0,1.0,0.0,1.0,1.0,0.5833333333333334
2223,629368f516d85124,True,1.0,0.0,0.0,1.0,1.0,1.0,0.0
2224,1d2e6d44fd635391,True,1.0,1.0,0.8775274149670296,1.0,1.0,1.0,0.9489697562362623
2225,fd3b8f88745c5c2d,True,1.0,1.0,1.0,1.0,1.0,1.0,1.0
2226,b7bb53ad2bb1505f,True,1.0,1.0,0.9710952155663863,1.0,1.0,1.0,0.9879563398193275
2227,bffb3b45a1c55080,True,1.0,1.0,0.9557138156812005,1.0,1.0,1.0,0.9815474232005003
2228,371672ed85805daf,True,1.0,1.0,1.0,1.0,1.0,1.0,1.0
2229,007845701f635565,True,1.0,1.0,0.9593577221466563,1.0,1.0,1.0,0.9830657175611067
2230,26b80207f01e593f,True,1.0,1.0,1.0,1.0,1.0,1.0,1.0
2231,70f718ebc8b4505e,True,1.0,1.0,0.9882494675517793,1.0,1.0,1.0,0.9951039448132414
2232,d7350c01eab55ed0,True,1.0,1.0,0.9932767818167988,1.0,1.0,1.0,0.9971986590903329
2233,a354ac8030d55e5e,True,1.0,1.0,1.0,1.0,1.0,1.0,1.0
2234,def10158059d5eb1,True,1.0,1.0,1.0,1.0,1.0,1.0,1.0
2235,b36d274e71b3566b,True,1.0,1.0,0.693576856279955,1.0,1.0,1.0,0.872323690116648
2236,fd16b1d0d41352ee,True,1.0,1.0,0.9054223494159206,1.0,1.0,1.0,0.9605926455899669
2237,21b36975c4f75e9a,True,1.0,1.0,0.8996329521124681,1.0,1.0,1.0,0.9581803967135283
2238,182fe7c6dd5b5e44,True,1.0,1.0,1.0,1.0,1.0,1.0,1.0
2239,fb3eed693c845412,True,1.0,1.0,0.951790837247878,1.0,1.0,1.0,0.9799128488532824
2240,6d593ca981fd56b8,True,1.0,1.0,0.8739564116807457,1.0,1.0,1.0,0.9474818382003107
2241,5bb280e3aebe5a67,True,1.0,1.0,0.7522041142782241,1.0,1.0,1.0,0.8967517142825935
2242,dbb53601c8fb585f,True,1.0,1.0,0.776063910997059,1.0,1.0,1.0,0.9066932962487746
2243,a009893e14c75fd0,True,1.0,1.0,0.8822940224708401,1.0,1.0,1.0,0.9509558426961834
2244,e45023fbb46857d6,True,1.0,1.0,0.7036549316012104,1.0,1.0,1.0,0.876522888167171
2245,0879b546c3cb5615,True,1.0,1.0,1.0,1.0,1.0,1.0,1.0
2246,907f2c5fde6f5db8,True,1.0,1.0,1.0,1.0,1.0,1.0,1.0
2247,6892e067e25257f8,True,1.0,1.0,0.7765833095741997,1.0,1.0,1.0,0.9069097123225832
2248,23978c649a7e597c,True,1.0,1.0,0.8112858120665606,1.0,1.0,1.0,0.9213690883610669
2249,14ee80bbba6b587a,True,1.0,1.0,0.769486896151604,1.0,1.0,0.0,0.9039528733965017
2250,3388246402ca591e,True,1.0,1.0,0.775501481123718,1.0,1.0,1.0,0.9064589504682159
2251,29647b1293bf52b0,True,1.0,1.0,1.0,1.0,1.0,1.0,1.0
2252,8a2637d104fb5194,True,1.0,1.0,0.9398470885210446,1.0,1.0,1.0,0.9749362868837687
2253,0e5653822a7a56b3,True,1.0,1.0,0.8678819474061295,1.0,1.0,1.0,0.9449508114192205
2254,6af09cbf5d405f49,True,1.0,1.0,0.5485684782768041,1.0,1.0,1.0,0.811903532615335
2255,0dd9b379a2e3595f,True,1.0,1.0,0.634653847300066,1.0,1.0,1.0,0.8477724363750275
2256,24cad1842cf15f29,True,1.0,1.0,0.795547173290334,1.0,1.0,1.0,0.9148113222043058
2257,754bdad5455f53ad,True,1.0,1.0,0.8075585283195631,1.0,1.0,1.0,0.9198160534664845
2258,7f2a06cede325573,True,1.0,1.0,1.0,1.0,1.0,1.0,1.0
2259,833545ff73da5eb5,True,1.0,0.0,0.0,1.0,1.0,0.0,0.0
2260,c3907cc0d2ed5600,True,1.0,1.0,0.9624127675467515,1.0,1.0,1.0,0.9843386531444799
2261,5659c2c128ec5db7,True,1.0,1.0,0.9833974861246371,1.0,1.0,1.0,0.9930822858852655
2262,70bf5f0d100d580f,True,1.0,1.0,1.0,0.0,1.0,1.0,0.5833333333333334
2263,a07bb9058982503d,True,1.0,1.0,1.0,1.0,1.0,1.0,1.0
2264,0dfcc232f8445d3f,True,1.0,1.0,0.9361629076263516,1.0,1.0,1.0,0.9734012115109798
2265,8867ae193b7a5ba8,True,1.0,1.0,1.0,1.0,1.0,1.0,1.0
2266,cf31c5ada8c353bc,True,1.0,1.0,0.8589146666018708,1.0,1.0,1.0,0.9412144444174461
2267,2dbaea2c3ad8531f,True,1.0,1.0,0.8941860498449762,1.0,1.0,1.0,0.9559108541020734
2268,2b760b8260af515c,True,1.0,1.0,0.7719172636845528,1.0,1.0,1.0,0.9049655265352303
2269,300226e9649b51fd,True,1.0,1.0,0.9344848868619079,1.0,1.0,1.0,0.9727020361924618
2270,db7dbae63ff15234,True,1.0,1.0,1.0,1.0,1.0,1.0,1.0
2271,3276f87a152651f0,True,1.0,1.0,0.8150180065204768,1.0,1.0,1.0,0.9229241693835321
2272,332ac89545ed5822,True,1.0,1.0,1.0,1.0,1.0,1.0,1.0
2273,c6bd79f439c254a0,True,1.0,1.0,0.8212317620330734,1.0,1.0,1.0,0.9255132341804472
2274,30d10a9c1f8352da,True,1.0,1.0,0.8400859017557718,1.0,1.0,1.0,0.9333691257315716
2275,4674e35da8425113,True,1.0,1.0,1.0,1.0,1.0,1.0,1.0
2276,9e970e2a22da585c,True,1.0,1.0,1.0,1.0,1.0,1.0,1.0
2277,21c961133b0c52d5,True,1.0,1.0,0.8038528229077927,1.0,1.0,1.0,0.9182720095449136
2278,b0fe3222f2905745,True,1.0,1.0,0.9904822942708038,1.0,1.0,1.0,0.9960342892795016
2279,2e8c4827d8c757a3,True,1.0,1.0,1.0,1.0,1.0,1.0,1.0
2280,ba7da1b0100054f4,True,1.0,1.0,0.7657256083799455,1.0,1.0,1.0,0.9023856701583105
2281,efb9929eed1852f0,True,1.0,0.0,0.0,1.0,1.0,0.5,0.0
2282,cc1862b24d0157bb,True,1.0,1.0,1.0,1.0,1.0,1.0,1.0
2283,eb92f4cdb4fa54dd,True,1.0,1.0,1.0,1.0,1.0,1.0,1.0
2284,d5ece6235301571f,True,1.0,1.0,1.0,1.0,1.0,1.0,1.0
2285,00f49d71f0eb507b,True,1.0,1.0,0.7600235363784189,1.0,1.0,1.0,0.9000098068243413
2286,8224a14715c2577b,True,1.0,1.0,0.7161319573118012,1.0,1.0,1.0,0.8817216488799172
2287,91ae20bf459859fe,True,1.0,1.0,0.8772693479758932,1.0,1.0,1.0,0.9488622283232888
2288,9064ebbda4425d30,True,1.0,1.0,1.0,1.0,1.0,1.0,1.0
2289,21560b9edc8c5b8c,True,1.0,1.0,0.7023189948635983,1.0,1.0,1.0,0.8759662478598326
2290,b7febc4ae909501b,True,1.0,1.0,0.6755048793601253,1.0,1.0,1.0,0.8647936997333856
2291,83b2e42ed5eb568f,True,1.0,1.0,1.0,1.0,1.0,1.0,1.0
2292,a93fe1ec53155bf7,True,1.0,1.0,0.7225446900771143,1.0,1.0,1.0,0.8843936208654642
2293,8c156f5b675b5657,True,1.0,1.0,1.0,1.0,1.0,1.0,1.0
2294,6ae88d39556d57ec,True,1.0,1.0,0.7330042847284458,1.0,1.0,1.0,0.8887517853035192
2295,e0e228212a655d7f,True,1.0,1.0,0.7633739506743171,1.0,1.0,1.0,0.9014058127809655
2296,9ab7d16dd4a6551f,True,1.0,1.0,0.744271010643687,1.0,1.0,1.0,0.8934462544348696
2297,12af1e0adcb65df9,True,1.0,1.0,0.922333315644841,1.0,1.0,1.0,0.9676388815186838
2298,92aee2a7b815565f,True,1.0,1.0,1.0,1.0,1.0,1.0,1.0
2299,8f7ea84594aa5d75,True,1.0,1.0,1.0,1.0,1.0,1.0,1.0
2300,d3b390ffae355616,True,1.0,1.0,0.8274870151424644,1.0,1.0,1.0,0.9281195896426935
2301,820e9a9314405b62,True,1.0,1.0,1.0,1.0,1.0,1.0,1.0
2302,04582784acfe5725,True,1.0,1.0,1.0,1.0,1.0,1.0,1.0
2303,589c06909f1c5c27,True,1.0,1.0,0.850813924110989,1.0,1.0,1.0,0.9378391350462453
2304,bfc7b627dfdf5f58,True,1.0,1.0,0.5829598214931764,1.0,1.0,1.0,0.8262332589554902
2305,3b910accfc12560a,True,1.0,1.0,0.5449984919225944,1.0,1.0,1.0,0.810416038301081
2306,1615cf8bd43759c2,True,1.0,0.0,0.0,1.0,1.0,1.0,0.0
2307,407c0f671669566d,True,1.0,1.0,0.8234100582330576,1.0,1.0,1.0,0.9264208575971074
2308,6929a902435e56b0,True,1.0,1.0,0.7570249803788075,1.0,1.0,1.0,0.8987604084911697
2309,7a140c5865295d91,True,1.0,1.0,0.8294858323887145,1.0,1.0,1.0,0.9289524301619645
2310,3aa9d1c9ceb35906,True,1.0,1.0,0.8054080180354706,1.0,1.0,1.0,0.9189200075147794
2311,96bf2644106456f6,True,1.0,1.0,0.8576964887184122,1.0,1.0,1.0,0.9407068702993384
2312,179bc3ae5b9f56b0,True,1.0,1.0,0.8504610714039733,1.0,1.0,1.0,0.937692113084989
2313,3d4f0c1ecad55944,True,1.0,1.0,0.8061953692210679,1.0,1.0,1.0,0.9192480705087783
2314,93a208914ea85781,True,1.0,1.0,0.771463015903336,1.0,1.0,1.0,0.90477625662639
2315,57fc7e48f73a5218,True,1.0,1.0,0.6529223476175547,1.0,1.0,1.0,0.8553843115073144
2316,50cc657e2283511b,True,1.0,1.0,0.893757870734411,1.0,1.0,1.0,0.9557324461393378
2317,0fa4d1e0739659b4,True,1.0,1.0,0.6634233921177203,1.0,1.0,0.0,0.8597597467157168
2318,0f42590c7ad65eb4,True,1.0,1.0,1.0,1.0,1.0,1.0,1.0
2319,000d6961709c5904,True,1.0,1.0,1.0,1.0,1.0,1.0,1.0
2320,b80d3fb49fc858d1,True,1.0,1.0,0.683937580882871,1.0,1.0,1.0,0.8683073253678629
2321,7fa812aae88d5752,True,1.0,1.0,0.8204051177333455,1.0,1.0,1.0,0.9251687990555606
2322,32c74fb957e45651,True,1.0,1.0,0.7613933986447362,1.0,1.0,1.0,0.9005805827686402
2323,835d1fae4f5b5e45,True,1.0,1.0,0.7509616217385057,1.0,1.0,1.0,0.8962340090577108
2324,22af89102e0650b7,True,1.0,1.0,0.9100971164545845,1.0,1.0,1.0,0.9625404651894103
2325,f5b613e3fa03593d,True,1.0,1.0,1.0,1.0,1.0,1.0,1.0
2326,73b1bfef98ae5664,True,1.0,1.0,0.9980019814076334,1.0,1.0,1.0,0.9991674922531807
2327,06091e78878d510e,True,1.0,1.0,0.9053331328026328,1.0,1.0,1.0,0.960555472001097
2328,1e037812f8d7530d,True,1.0,1.0,0.795642428262191,1.0,1.0,1.0,0.9148510117759129
2329,3d523a73f2815ea4,True,1.0,1.0,0.9166141361680337,1.0,1.0,1.0,0.9652558900700141
2330,8fb11d5808355072,True,1.0,1.0,1.0,0.0,1.0,1.0,0.5833333333333334
2331,14fb2a9aad8850d2,True,1.0,1.0,0.8212822313249584,1.0,1.0,1.0,0.9255342630520659
2332,6c1a4bb1d99b52a3,True,1.0,1.0,0.8123644708999836,1.0,1.0,1.0,0.9218185295416599
2333,6659724ab0a8566c,True,1.0,1.0,0.8177145084279658,1.0,1.0,1.0,0.9240477118449858
2334,74f87045b75156f4,True,1.0,1.0,0.8300389743944165,1.0,1.0,1.0,0.9291829059976736
2335,73a3a880d8d8522c,True,1.0,1.0,0.8695817684298217,1.0,1.0,1.0,0.9456590701790923
2336,8208f7794645559d,True,1.0,1.0,1.0,1.0,1.0,1.0,1.0
2337,01314f10793f5ad7,True,1.0,1.0,0.7782798797154494,1.0,1.0,1.0,0.907616616548104
2338,046cdc424d515ee1,True,1.0,1.0,0.5733364999977396,1.0,1.0,1.0,0.8222235416657249
2339,b890de4c4ff65ddb,True,1.0,1.0,0.6842975263128009,1.0,1.0,1.0,0.8684573026303338
2340,8cee2a96b57d58ba,True,1.0,1.0,1.0,1.0,1.0,1.0,1.0
2341,34d782c068c855be,True,1.0,1.0,1.0,1.0,1.0,1.0,1.0
2342,407bc420086a58f6,True,1.0,0.0,0.0,1.0,1.0,1.0,0.0
2343,d422c9b6689c52bf,True,1.0,1.0,0.9430168176639941,1.0,1.0,1.0,0.9762570073599975
2344,948e6a45c7cd5837,True,1.0,1.0,0.6338766092697702,1.0,1.0,1.0,0.8474485871957377
2345,23803695a4c1547c,True,1.0,1.0,1.0,1.0,1.0,1.0,1.0
2346,450df2d719cb5c88,True,1.0,1.0,0.5838801381381277,1.0,1.0,1.0,0.8266167242242198
2347,1e3b603ccda457c5,True,1.0,1.0,1.0,1.0,1.0,1.0,1.0
2348,6cf6aa937d7c5c71,True,1.0,1.0,0.8503244769167734,1.0,1.0,1.0,0.9376351987153223
2349,28871fc023c85fe6,True,1.0,1.0,0.709722020532629,1.0,1.0,1.0,0.8790508418885955
2350,d6feccacc881504a,True,1.0,1.0,0.845988324183878,1.0,1.0,1.0,0.9358284684099493
2351,afe18a576559502d,True,1.0,1.0,1.0,1.0,1.0,1.0,1.0
2352,a43d920a23d95caa,True,1.0,1.0,0.6479556636062133,1.0,1.0,1.0,0.8533148598359221
2353,50f111c89e0958a9,True,1.0,1.0,1.0,1.0,1.0,1.0,1.0
2354,68d46e380acc5f56,True,1.0,1.0,0.9604869951954726,1.0,1.0,1.0,0.9835362479981136
2355,afa0bb26045b5981,True,1.0,1.0,0.632471994584487,1.0,1.0,1.0,0.8468633310768695
2356,604bdac2bba05309,True,1.0,1.0,0.9673758286947928,1.0,1.0,1.0,0.986406595289497
2357,e77441c822075f1b,True,1.0,1.0,0.6244186227409902,1.0,1.0,1.0,0.8435077594754126
2358,16a1dfd2dcae512b,True,1.0,1.0,0.9497624053058259,1.0,1.0,1.0,0.9790676688774275
2359,fd11a0fc35cb52e4,True,1.0,1.0,1.0,1.0,1.0,1.0,1.0
2360,616812339ccb533e,True,1.0,1.0,1.0,1.0,1.0,1.0,1.0
2361,611bde5a2b585c9d,True,1.0,1.0,0.726700316699799,1.0,1.0,1.0,0.8861251319582495
2362,14476e3c036f5ec8,True,1.0,1.0,0.8597724684824396,1.0,1.0,1.0,0.9415718618676832
2363,9311d9a2409c5224,True,1.0,1.0,0.6369339268093396,1.0,1.0,0.0,0.8487224695038914
2364,fb7d83b69f38539f,True,1.0,1.0,1.0,1.0,1.0,1.0,1.0
2365,3b84c23dd4ee5af8,True,1.0,1.0,1.0,1.0,1.0,1.0,1.0
2366,18492b6ce9905b13,True,1.0,1.0,0.7007884316701438,1.0,1.0,1.0,0.8753285131958933
2367,0480033cdea65921,True,1.0,1.0,1.0,1.0,1.0,1.0,1.0
2368,d32754e8c47e5771,True,1.0,0.0,0.0,1.0,1.0,1.0,0.0
2369,ceedeccf36c35c11,True,1.0,1.0,0.9276659392730224,1.0,1.0,1.0,0.969860808030426
2370,d98a25449e205e55,True,1.0,1.0,0.7584520948211219,1.0,1.0,1.0,0.8993550395088007
2371,61766a0be9165cb7,True,1.0,1.0,0.6685058227343493,1.0,1.0,1.0,0.8618774261393122
2372,22dde440a0c35d31,True,1.0,1.0,0.8081348351985822,1.0,1.0,1.0,0.9200561813327427
2373,55204d7112015beb,True,1.0,1.0,0.922583813828747,1.0,1.0,1.0,0.967743255761978
2374,ac4c20c8dd0a5e68,True,1.0,1.0,1.0,1.0,1.0,1.0,1.0
2375,230a57eaa1a25864,True,1.0,1.0,0.8674552695004804,1.0,1.0,1.0,0.9447730289585335
2376,240f44eb30c7500b,True,1.0,1.0,1.0,1.0,1.0,1.0,1.0
2377,edf7281f49b9573d,True,1.0,1.0,0.9615862734235818,1.0,1.0,1.0,0.9839942805931591
2378,77daa055e4ed5ae2,True,1.0,1.0,0.8237772932821245,1.0,1.0,1.0,0.9265738722008852
2379,97e5f17eb7235c14,True,1.0,1.0,0.8919712371380382,1.0,1.0,1.0,0.9549880154741825
2380,126dbed7a6b458ee,True,1.0,1.0,0.8604117749800465,1.0,1.0,1.0,0.9418382395750194
2381,cf7876c4ad0752b5,True,1.0,1.0,1.0,1.0,1.0,1.0,1.0
2382,ec372e5b0ad7504f,True,1.0,0.0,0.0,0.0,1.0,0.5,0.0
2383,03c0cf33d2105598,True,1.0,1.0,1.0,1.0,1.0,1.0,1.0
2384,6fd56fa51891517e,True,1.0,1.0,0.8449055926558888,1.0,1.0,1.0,0.935377330273287
2385,c7cb2e43b2d053b7,True,1.0,1.0,0.9016533917281608,1.0,1.0,1.0,0.9590222465534003
2386,c26281cfd29f5c15,True,1.0,1.0,1.0,1.0,1.0,1.0,1.0
2387,3a2875c07f035d2d,True,1.0,1.0,0.826252464899645,1.0,1.0,1.0,0.9276051937081854
2388,5802564fbfb558f8,True,1.0,1.0,0.779213878002265,1.0,1.0,1.0,0.9080057825009438
2389,6bb854e8312e5c30,True,1.0,1.0,0.8785783603286605,1.0,1.0,1.0,0.9494076501369418
2390,a5b2403d85fc511d,True,1.0,1.0,1.0,1.0,1.0,0.5,1.0
2391,200c447283ed50eb,True,1.0,1.0,0.9982644116163732,1.0,1.0,1.0,0.9992768381734889
2392,13cd1cf21a4f5acb,True,1.0,0.0,0.0,1.0,1.0,1.0,0.0
2393,c65c265780365bb1,True,1.0,0.0,0.0,1.0,1.0,1.0,0.0
2394,f44600c092b959f4,True,1.0,0.0,0.0,1.0,1.0,1.0,0.0
2395,96f15b834684542e,True,1.0,1.0,0.8005098183862265,1.0,1.0,1.0,0.9168790909942611
2396,eea2ca9965e35b7a,True,1.0,1.0,0.5809869069222484,1.0,1.0,1.0,0.8254112112176036
2397,cfd45b3514125d2e,True,1.0,1.0,0.5589283405883899,1.0,1.0,1.0,0.816220141911829
2398,1dfce400c1ba574c,True,1.0,1.0,0.829133099838278,1.0,1.0,1.0,0.9288054582659492
2399,7582f7769dfb5d11,True,1.0,1.0,1.0,1.0,1.0,1.0,1.0
2400,0b81fee06b6156d5,True,1.0,1.0,1.0,1.0,1.0,1.0,1.0
2401,2c120899a8d05979,True,1.0,1.0,0.9382710714740182,1.0,1.0,1.0,0.9742796131141743
2402,0d95350d8f3b516b,True,1.0,1.0,1.0,1.0,1.0,1.0,1.0
2403,c59ff27cf18056b4,True,1.0,1.0,0.8928146358833581,1.0,1.0,1.0,0.9553394316180658
2404,b5b46d4db32a5d8c,True,1.0,1.0,1.0,1.0,1.0,1.0,1.0
2405,569670245b515d11,True,1.0,1.0,0.7572522517233836,1.0,1.0,1.0,0.8988551048847432
2406,e698c7da1faf53f5,True,1.0,1.0,0.7738869380987997,1.0,1.0,1.0,0.9057862242078332
2407,5ddfd1fe80af5ceb,True,1.0,1.0,0.555204421128195,1.0,1.0,1.0,0.8146685088034147
2408,63efdfe040865222,True,1.0,1.0,0.7323556830624018,1.0,1.0,1.0,0.8884815346093341
2409,94d209006f485164,True,1.0,1.0,1.0,1.0,1.0,1.0,1.0
2410,aecf8e9ea11c5a06,True,1.0,0.0,0.0,1.0,1.0,1.0,0.0
2411,8d04552a13985dc6,True,1.0,1.0,0.8171770417868283,1.0,1.0,1.0,0.9238237674111783
2412,94a3b8d43f515d6e,True,1.0,1.0,0.8841281013157232,1.0,1.0,1.0,0.9517200422148847
2413,25e5bbbced86504c,True,1.0,1.0,0.7069370221666996,1.0,1.0,1.0,0.8778904259027915
2414,ee88e21932e6564f,True,1.0,1.0,0.9793406565759815,1.0,1.0,1.0,0.9913919402399923
2415,ba2ebab05dfd523e,True,1.0,1.0,0.4459137173695819,1.0,1.0,1.0,0.7691307155706592
2416,e8d6682562335254,True,1.0,1.0,1.0,1.0,1.0,1.0,1.0
2417,a1bfecf3560e5aa3,True,1.0,1.0,1.0,1.0,1.0,1.0,1.0
2418,74cc0056b2c05248,True,1.0,1.0,1.0,1.0,1.0,1.0,1.0
2419,6872fa29d1345d03,True,1.0,1.0,0.9555145646177509,1.0,1.0,1.0,0.9814644019240628
2420,3acc6eea1ed15f20,True,1.0,1.0,0.8410309477533608,1.0,1.0,1.0,0.9337628948972337
2421,2ae2e400efe35400,True,1.0,1.0,0.8600739534051932,1.0,1.0,1.0,0.9416974805854972
2422,fd6c8bf8f80f5f53,True,1.0,1.0,0.6209010926577695,1.0,1.0,1.0,0.8420421219407372
2423,52a66f215e855378,True,1.0,1.0,0.9269937768010466,1.0,1.0,1.0,0.9695807403337694
2424,891fe2fc30c95109,True,1.0,1.0,1.0,1.0,1.0,1.0,1.0
2425,3043c8dc13aa548b,True,1.0,1.0,1.0,1.0,1.0,1.0,1.0
2426,fb73ca8c7d5f5d34,True,1.0,1.0,1.0,0.0,1.0,1.0,0.5833333333333334
2427,6303f880d5c05166,True,1.0,1.0,1.0,1.0,1.0,1.0,1.0
2428,82531fc4fe8f5a26,True,1.0,1.0,1.0,1.0,1.0,1.0,1.0
2429,ba8dead3eb765a14,True,1.0,1.0,0.9715665435407037,1.0,1.0,1.0,0.9881527264752932
2430,b60cd9b5f9a75b57,True,1.0,1.0,0.9731794429652324,1.0,1.0,1.0,0.9888247679021802
2431,ac7bd595b9a3544c,True,1.0,1.0,1.0,1.0,1.0,1.0,1.0
2432,b8de9baf9a155a1b,True,1.0,1.0,0.7690149521070494,1.0,1.0,1.0,0.9037562300446039
2433,b614d476ea185810,True,1.0,1.0,1.0,1.0,1.0,1.0,1.0
2434,a65896c3c7be51ca,True,1.0,0.0,0.0,1.0,1.0,1.0,0.0
2435,d25a0ab96d165b78,True,1.0,1.0,0.9233417274519122,1.0,1.0,1.0,0.9680590531049634
2436,e23fdb8f34b35d20,True,1.0,1.0,0.780241512974269,1.0,1.0,1.0,0.9084339637392788
2437,b0e6764ee8a35223,True,1.0,1.0,0.8809279377464209,1.0,1.0,1.0,0.9503866407276753
2438,0b0a92d14c3c508e,True,1.0,1.0,1.0,1.0,1.0,1.0,1.0
2439,40c9fc73f7275730,True,1.0,1.0,1.0,1.0,1.0,1.0,1.0
2440,2133a31c391f5108,True,1.0,1.0,0.8740996674646204,1.0,1.0,1.0,0.9475415281102585
2441,0530c20c3c71533a,True,1.0,1.0,0.891793011402345,1.0,1.0,1.0,0.9549137547509771
2442,d58a453c3f155916,True,1.0,1.0,0.6472417940670602,1.0,1.0,1.0,0.8530174141946084
2443,66dca10d8f315889,True,1.0,1.0,0.55390616253105,1.0,1.0,1.0,0.8141275677212708
2444,c87001c4251e559a,True,1.0,1.0,1.0,1.0,1.0,1.0,1.0
2445,6f8043e8b0a95706,True,1.0,1.0,1.0,1.0,1.0,1.0,1.0
2446,0092e40a13ea52f4,True,1.0,1.0,1.0,1.0,1.0,1.0,1.0
2447,58788ce811c755b5,True,1.0,1.0,1.0,1.0,1.0,1.0,1.0
2448,4291f388556f5837,True,1.0,1.0,0.8179221585021637,1.0,1.0,1.0,0.9241342327092349
2449,597d1cf34bcc5e53,True,1.0,1.0,0.8940958087862853,1.0,1.0,1.0,0.9558732536609522
2450,52c337a436ab5362,True,1.0,1.0,0.6712898068101093,1.0,1.0,1.0,0.8630374195042122
2451,237b75204e495145,True,1.0,1.0,0.5209051858613227,1.0,1.0,1.0,0.8003771607755512
2452,1c2e4c20931858f2,True,1.0,1.0,0.8074083109172684,1.0,1.0,1.0,0.9197534628821952
2453,60729ba7537a5622,True,1.0,1.0,0.9494726336252983,1.0,1.0,1.0,0.9789469306772075
2454,b5d72ce63e11581b,True,1.0,0.0,0.0,1.0,1.0,1.0,0.0
2455,c282872767cb5199,True,1.0,1.0,1.0,1.0,1.0,1.0,1.0
2456,6bb2c2106e435a57,True,1.0,1.0,0.8442239000072637,1.0,1.0,1.0,0.9350932916696931
2457,11094634534c53fd,True,1.0,1.0,0.7157306254951535,1.0,1.0,1.0,0.8815544272896473
2458,3bbe96de854e5ff3,True,1.0,1.0,1.0,1.0,1.0,1.0,1.0
2459,7be1e4f2c85e50a8,True,1.0,1.0,0.9383657763735068,1.0,1.0,1.0,0.9743190734889611
2460,79ea5e55d0385928,True,1.0,1.0,0.6329564072559951,1.0,1.0,1.0,0.8470651696899979
2461,57a77b8c90465bc4,True,1.0,1.0,0.7230324525939296,1.0,1.0,1.0,0.8845968552474707
2462,60f2c00b9ced513f,True,1.0,1.0,0.7949726704410699,1.0,1.0,1.0,0.9145719460171126
2463,2bd04a0902095129,True,1.0,0.0,0.0,1.0,1.0,1.0,0.0
2464,8848228852a65400,True,1.0,1.0,0.9859963545729756,1.0,1.0,1.0,0.9941651477387398
2465,be7004554c8750bc,True,1.0,1.0,1.0,1.0,1.0,0.5,1.0
2466,2861c47f508652e8,True,1.0,1.0,1.0,1.0,1.0,1.0,1.0
2467,bdad96248e575296,True,1.0,1.0,0.8373256574956441,1.0,1.0,1.0,0.9322190239565185
2468,673a88a4037f5b6b,True,1.0,1.0,0.0,1.0,1.0,1.0,0.5833333333333334
2469,2fd7f2b6eaae5d04,True,1.0,1.0,0.9981083241011434,1.0,1.0,1.0,0.9992118017088097
2470,eed4abcb01455af9,True,1.0,1.0,1.0,1.0,1.0,1.0,1.0
2471,61a7d33a4c3b5977,True,1.0,0.0,0.0,1.0,1.0,1.0,0.0
2472,3a61d7ced3ca590d,True,1.0,1.0,1.0,1.0,1.0,1.0,1.0
2473,bf8a9586c59551f2,True,1.0,1.0,0.8343194910692059,1.0,1.0,1.0,0.9309664546121691
2474,dd671af93db454aa,True,0.0,1.0,0.0,0.0,1.0,1.0,0.0
2475,534431abbbd75d4f,True,1.0,1.0,1.0,1.0,1.0,1.0,1.0
2476,c20bcc28c238595c,True,1.0,1.0,0.8107519108665118,1.0,1.0,1.0,0.9211466295277132
2477,c81fe92ff9c15e8d,True,1.0,1.0,0.7883610294218144,1.0,1.0,1.0,0.9118170955924226
2478,bcf2a79dad3f56f2,True,1.0,1.0,1.0,1.0,1.0,1.0,1.0
2479,abf403b697c457ad,True,1.0,1.0,1.0,1.0,1.0,1.0,1.0
2480,0854af027e06530a,True,1.0,1.0,1.0,1.0,1.0,1.0,1.0
2481,a66018d8ad8f594d,True,1.0,1.0,0.8722615573422273,1.0,1.0,1.0,0.9467756488925948
2482,e917a198bd9757a4,True,1.0,1.0,1.0,1.0,1.0,1.0,1.0
2483,ab313e9e217c581b,True,1.0,1.0,0.7430567031000397,1.0,1.0,1.0,0.8929402929583499
2484,af0e1a3043ba51c6,True,1.0,1.0,1.0,1.0,1.0,1.0,1.0
2485,d929120b36a95db5,True,1.0,1.0,1.0,1.0,1.0,1.0,1.0
2486,c5b7c7d45f1d5ac1,True,1.0,1.0,1.0,1.0,1.0,1.0,1.0
2487,c2fdffb4c2915577,True,1.0,1.0,0.6775422497565861,1.0,1.0,1.0,0.8656426040652442
2488,2258bd346b3f5376,True,1.0,1.0,0.8238893535745634,1.0,1.0,1.0,0.9266205639894013
2489,961d67f58f40502f,True,1.0,1.0,1.0,1.0,1.0,1.0,1.0
2490,96164ad9ed8557a7,True,1.0,1.0,0.7465155951531521,1.0,1.0,1.0,0.8943814979804801
2491,ad8fec600a4c5ed7,True,1.0,1.0,0.8362848821796144,1.0,1.0,0.5,0.9317853675748392
2492,96704b3a6c235f12,True,1.0,1.0,0.9121933858599022,1.0,1.0,1.0,0.9634139107749592
2493,bb0e1af8651d525b,True,1.0,1.0,1.0,1.0,1.0,1.0,1.0
2494,f42258b638fc5b64,True,1.0,1.0,0.5984457826323618,1.0,1.0,1.0,0.8326857427634842
2495,77160cf8a6b8581d,True,1.0,1.0,0.7393153976697713,1.0,1.0,1.0,0.8913814156957379
2496,d9953ee7b30f5ac3,True,1.0,1.0,0.7805442618222856,1.0,1.0,1.0,0.908560109092619
2497,cdba9f9589685289,True,1.0,1.0,0.9288630674026727,1.0,1.0,1.0,0.9703596114177803
2498,94d21a3c26c65363,True,1.0,1.0,0.5806897915679363,1.0,1.0,1.0,0.8252874131533069
2499,f68c27c86c235646,True,1.0,1.0,0.7744696071594377,1.0,1.0,1.0,0.906029002983099
2500,93a4b61a25b0509f,True,1.0,1.0,1.0,1.0,1.0,1.0,1.0
2501,8d4dc358499159c9,True,1.0,1.0,0.6613296004034304,1.0,1.0,1.0,0.8588873335014293
2502,2930485ddc4458da,True,1.0,1.0,0.9201604845298391,1.0,1.0,1.0,0.9667335352207663
2503,9c1e4098a32a5432,True,1.0,1.0,0.8253218278107177,1.0,1.0,1.0,0.9272174282544657
2504,71e87d45fe895277,True,1.0,1.0,1.0,1.0,1.0,1.0,1.0
2505,4abad0cd5fee5f43,True,1.0,1.0,0.7652196916708217,1.0,1.0,1.0,0.902174871529509
2506,3502b30911d75ed8,True,1.0,1.0,0.5519431942845657,1.0,1.0,1.0,0.8133096642852357
2507,54ed7e46291c5fcf,True,1.0,1.0,0.757222095794984,1.0,1.0,1.0,0.8988425399145766
2508,64f56e62619850b2,True,1.0,1.0,0.9685670301005229,1.0,1.0,1.0,0.9869029292085513
2509,0c027fc454685c14,True,1.0,1.0,0.997178956000678,1.0,1.0,1.0,0.9988245650002825
2510,8be5583b37785664,True,1.0,1.0,0.7750637145621265,1.0,1.0,1.0,0.9062765477342194
2511,42052560d5925f35,True,1.0,1.0,1.0,1.0,1.0,1.0,1.0
2512,0ddc071278375700,True,1.0,1.0,0.7423105782593727,1.0,1.0,1.0,0.892629407608072
2513,115e8a71aafc5d3d,True,1.0,1.0,0.759028020397289,1.0,1.0,1.0,0.8995950084988703
2514,e2e6c22bce7f59fc,True,1.0,1.0,0.8683279913116076,1.0,1.0,1.0,0.9451366630465031
2515,74a8af10863e5455,True,1.0,0.0,0.0,1.0,1.0,1.0,0.0
2516,1eb0e6e749975996,True,0.0,1.0,0.0,0.0,1.0,0.0,0.0
2517,f289e368449b517b,True,1.0,1.0,0.7419423481633496,1.0,1.0,1.0,0.8924759784013956
2518,f414059fffd45057,True,1.0,1.0,1.0,1.0,1.0,1.0,1.0
2519,37102588c8ac59ef,True,1.0,1.0,1.0,1.0,1.0,1.0,1.0
2520,d813c6a4706e5411,True,1.0,0.0,0.0,1.0,1.0,1.0,0.0
2521,26983ee0a39e5a32,True,1.0,1.0,0.9334837098396681,1.0,1.0,1.0,0.9722848790998618
2522,d0d1b5bd3b83551d,True,1.0,1.0,0.6784133679629232,1.0,1.0,1.0,0.8660055699845514
2523,f3282fb9352c5c9c,True,1.0,0.0,0.0,1.0,1.0,1.0,0.0
2524,e14f1ffbe6f856e8,True,1.0,1.0,0.9182423584488145,1.0,1.0,1.0,0.9659343160203394
2525,7335659408525112,True,1.0,1.0,0.8493315596006021,1.0,1.0,1.0,0.9372214831669176
2526,ac944958cb6d5209,True,1.0,1.0,1.0,1.0,1.0,1.0,1.0
2527,8d293b5028e555a3,True,1.0,1.0,1.0,1.0,1.0,1.0,1.0
2528,cdc6e3f7dcb25376,True,1.0,1.0,0.9840802139745408,1.0,1.0,1.0,0.9933667558227253
2529,0cb87152ed5e5ca1,True,1.0,1.0,0.802301105693676,1.0,1.0,1.0,0.9176254607056983
2530,a0eb6fa78dc2558f,True,1.0,1.0,0.8438910743648174,1.0,1.0,1.0,0.9349546143186739
2531,4339d22a9e205757,True,1.0,1.0,0.7322489025898671,1.0,1.0,1.0,0.8884370427457778
2532,20472dd2ff805948,True,1.0,1.0,1.0,1.0,1.0,1.0,1.0
2533,76dceae4c9c353b5,True,1.0,1.0,0.6724613424320208,1.0,1.0,1.0,0.8635255593466753
2534,789eca1c50f85cb4,True,1.0,1.0,0.550333377980502,1.0,1.0,1.0,0.8126389074918757
2535,88642e4f16be55bd,True,1.0,1.0,1.0,1.0,1.0,1.0,1.0
2536,3b8d6a01f5705389,True,1.0,1.0,0.8236750417179756,1.0,1.0,1.0,0.9265312673824898
2537,e0d14f6cb7df526e,True,1.0,1.0,1.0,1.0,1.0,1.0,1.0
2538,f099b753f4345fb5,True,1.0,1.0,1.0,1.0,1.0,1.0,1.0
2539,13cfa80cabf85b80,True,1.0,1.0,1.0,1.0,1.0,1.0,1.0
2540,045f4ecec234564b,True,1.0,1.0,0.7699800145182727,1.0,1.0,1.0,0.9041583393826137
2541,8dc4430d96355057,True,1.0,1.0,1.0,1.0,1.0,1.0,1.0
2542,ab01e3ce19875471,True,1.0,1.0,1.0,1.0,1.0,1.0,1.0
2543,6083bfcb495d5f9a,True,1.0,1.0,1.0,1.0,1.0,1.0,1.0
2544,7c8cb841bdfd5c56,True,1.0,1.0,0.9885112170750304,1.0,1.0,1.0,0.995213007114596
2545,4dbe96a8a7be58dc,True,1.0,1.0,0.6489430940847489,1.0,1.0,1.0,0.8537262892019788
2546,ddfeb4814eba5cf8,True,1.0,1.0,1.0,1.0,1.0,1.0,1.0
2547,ae50b115259f5a24,True,1.0,1.0,1.0,1.0,1.0,0.0,1.0
2548,a6186e0af3a55d93,True,1.0,1.0,0.8554550709932459,1.0,1.0,1.0,0.9397729462471857
2549,038c0a3e665c51d2,True,1.0,1.0,0.9181564474117432,1.0,1.0,1.0,0.9658985197548929
2550,48b503ec9c5a5d7a,True,1.0,1.0,0.9550940999484625,1.0,1.0,1.0,0.9812892083118593
2551,a067e1b873c8534d,True,1.0,1.0,0.5319599504149675,1.0,1.0,1.0,0.8049833126729031
2552,008844070af456e3,True,1.0,1.0,0.5759746932069547,1.0,1.0,1.0,0.8233227888362311
2553,7d22e4c9e8605ed2,True,1.0,1.0,0.8453444343556643,1.0,1.0,1.0,0.9355601809815268
2554,dcb18ea8a7ea5d66,True,1.0,1.0,0.9630586456793954,1.0,1.0,1.0,0.9846077690330813
2555,36471f2ea86a54ba,True,1.0,1.0,0.7605138087755038,1.0,1.0,1.0,0.9002140869897932
2556,4d7462e08df954a1,True,1.0,1.0,1.0,1.0,1.0,1.0,1.0
2557,1550976459b45017,True,1.0,1.0,1.0,1.0,1.0,1.0,1.0
2558,fd75eff84fb15543,True,1.0,1.0,0.8630648002152432,1.0,1.0,1.0,0.9429436667563514
2559,ad898232cb525d5f,True,1.0,1.0,0.553093580917679,1.0,1.0,1.0,0.8137889920490329
2560,d18b4bcf67b05c57,True,1.0,1.0,0.6963000251645236,1.0,1.0,1.0,0.8734583438185516
2561,01052f67ec24538c,True,1.0,1.0,0.9732217905627163,1.0,1.0,1.0,0.9888424127344652
2562,f7b40e0f94c25b3b,True,1.0,1.0,1.0,1.0,1.0,1.0,1.0
2563,9a50c3fce9d75d95,True,1.0,1.0,1.0,1.0,1.0,0.5,1.0
2564,dd83ce8b0dec51d2,True,1.0,1.0,0.6084336343266321,1.0,1.0,1.0,0.8368473476360968
2565,ade66429cb58544c,True,1.0,1.0,0.7754098071668931,1.0,1.0,1.0,0.9064207529862055
2566,ba83a36f96af5ceb,True,1.0,1.0,0.8397871298209324,1.0,1.0,1.0,0.9332446374253885
2567,c4a4767fa7675875,True,1.0,1.0,1.0,1.0,1.0,1.0,1.0
2568,352ef6e0384c5938,True,1.0,1.0,0.6906953810916298,1.0,1.0,1.0,0.8711230754548458
2569,759441833751576b,True,1.0,1.0,1.0,1.0,1.0,1.0,1.0
2570,67e27e4b89325f31,True,1.0,1.0,1.0,1.0,1.0,1.0,1.0
2571,48f72313812d5f53,True,1.0,1.0,1.0,1.0,1.0,1.0,1.0
2572,a67f68a6c9e85668,True,1.0,1.0,0.8320388518254126,1.0,1.0,1.0,0.9300161882605886
2573,d33c6db306f35ef9,True,1.0,1.0,1.0,1.0,1.0,0.5,1.0
2574,efd0435305f5532a,True,1.0,1.0,1.0,1.0,1.0,1.0,1.0
2575,fbd06f49da055ea8,True,1.0,1.0,0.8980292229438467,1.0,1.0,1.0,0.9575121762266029
2576,455037cfe9a95796,True,1.0,1.0,1.0,1.0,1.0,1.0,1.0
2577,7e8b3ed18d295d9c,True,1.0,1.0,1.0,1.0,1.0,1.0,1.0
2578,bd377bbe5b695df0,True,1.0,1.0,0.8077727472163718,1.0,1.0,1.0,0.919905311340155
2579,330af4c06f715d2d,True,1.0,1.0,0.8659516818882801,1.0,1.0,1.0,0.9441465341201166
2580,105ca02169f45519,True,1.0,1.0,0.9793208148083226,1.0,1.0,1.0,0.991383672836801
2581,fde7abb615895be2,True,1.0,1.0,0.7292803769434324,1.0,1.0,1.0,0.8872001570597634
2582,68ba851239655c3a,True,1.0,1.0,0.6439651802160411,1.0,1.0,1.0,0.8516521584233505
2583,0590bd1f5b2057f2,True,1.0,1.0,1.0,1.0,1.0,1.0,1.0
2584,d2dd81d9f7665fde,True,1.0,1.0,0.922393879650586,1.0,1.0,1.0,0.9676641165210774
2585,24acfb08c5ef55f5,True,1.0,1.0,1.0,1.0,1.0,1.0,1.0
2586,1baf6c7677a95a6a,True,1.0,1.0,0.5250487473641394,1.0,1.0,1.0,0.802103644735058
2587,b27e2139fbb959fa,True,1.0,1.0,1.0,1.0,1.0,1.0,1.0
2588,46cd5885206b5c6d,True,1.0,1.0,1.0,1.0,1.0,1.0,1.0
2589,d9eeceb896445e10,True,1.0,1.0,0.8840159488165867,1.0,1.0,1.0,0.9516733120069111
2590,38a5d409f1095059,True,1.0,0.0,0.0,1.0,1.0,1.0,0.0
2591,5982df20d90a59cc,True,1.0,1.0,1.0,1.0,1.0,1.0,1.0
2592,bf00c76f25185b83,True,1.0,1.0,0.8885337229514412,1.0,1.0,1.0,0.9535557178964339
2593,3bd2edbc70605e87,True,1.0,1.0,0.9268792726871063,1.0,1.0,1.0,0.9695330302862942
2594,33423262feb656a3,True,1.0,0.0,0.0,1.0,1.0,1.0,0.0
2595,4cca4c982f9855c5,True,1.0,1.0,1.0,1.0,1.0,1.0,1.0
2596,1f6d3d52a6685c15,True,1.0,1.0,0.852204907214361,1.0,1.0,1.0,0.9384187113393171
2597,cbf53151339658cb,True,1.0,1.0,0.9011363694937572,1.0,1.0,1.0,0.9588068206223989
2598,c473976e5a2f5111,True,1.0,1.0,0.5494450742167276,1.0,1.0,1.0,0.8122687809236364
2599,8ee20c966e7853c1,True,1.0,1.0,0.9749377615388454,1.0,1.0,1.0,0.9895574006411856
2600,8e35889ee2cb559d,True,1.0,1.0,1.0,0.0,1.0,1.0,0.5833333333333334
2601,0fb815b347a359ca,True,1.0,1.0,0.9694621640317156,1.0,1.0,1.0,0.9872759016798814
2602,483042d5dc175e99,True,1.0,0.0,0.0,1.0,1.0,1.0,0.0
2603,ad601a0f5b8350dd,True,1.0,1.0,0.8827047302584066,1.0,1.0,1.0,0.9511269709410027
2604,d61ff1ca160557e8,True,1.0,1.0,0.8258667344546778,1.0,1.0,1.0,0.9274444726894492
2605,22e43e5928b95b7a,True,1.0,1.0,1.0,1.0,1.0,1.0,1.0
2606,4b26762f1d5a509d,True,1.0,1.0,0.7879651768660866,1.0,1.0,1.0,0.911652157027536
2607,2721fbd6b58d558a,True,1.0,1.0,0.6909110427553532,1.0,1.0,1.0,0.8712129344813971
2608,8b9afa7045785acc,True,1.0,1.0,1.0,1.0,1.0,1.0,1.0
2609,7d9515c88f0254f4,True,1.0,0.0,0.0,0.0,1.0,0.0,0.0
2610,d8338aefbb73570f,True,1.0,1.0,0.9175827110433089,1.0,1.0,1.0,0.965659462934712
2611,ee741b93dca35dd4,True,1.0,1.0,0.6867656469457426,1.0,1.0,1.0,0.8694856862273928
2612,311302972dd15a8b,True,1.0,1.0,0.8593096588127948,1.0,1.0,1.0,0.9413790245053312
2613,ce01babf6dfb598e,True,1.0,1.0,0.6965059975363239,1.0,1.0,1.0,0.8735441656401349
2614,ff1a4e51e3f558ce,True,1.0,1.0,1.0,1.0,1.0,1.0,1.0
2615,14f29b916f44585a,True,1.0,1.0,0.6556312706381454,1.0,1.0,1.0,0.8565130294325606
2616,32dd24533788546c,True,1.0,1.0,1.0,1.0,1.0,1.0,1.0
2617,1fc38f9fc93f5a29,True,1.0,1.0,0.8676062299490992,1.0,1.0,1.0,0.9448359291454581
2618,294335a3e5e45496,True,1.0,1.0,1.0,1.0,1.0,1.0,1.0
2619,87124bde96ba59b1,True,1.0,1.0,0.7415063219755309,1.0,1.0,1.0,0.892294300823138
2620,6a934e9ad62352ee,True,1.0,1.0,0.7254394164613499,1.0,1.0,1.0,0.8855997568588959
2621,58b6adc2f0495506,True,1.0,1.0,1.0,1.0,1.0,1.0,1.0
2622,15208e349fb854b4,True,1.0,1.0,0.7589355584784518,1.0,1.0,1.0,0.8995564826993551
2623,0969be1cc6a85a76,True,1.0,1.0,0.6756249527470438,1.0,1.0,1.0,0.8648437303112683
2624,e7d6dc36775b52cc,True,1.0,1.0,1.0,1.0,1.0,1.0,1.0
2625,a584a676d2b859c7,True,1.0,1.0,1.0,1.0,1.0,1.0,1.0
2626,7cbf7bab041151e1,True,1.0,1.0,0.8098995668453937,1.0,1.0,1.0,0.9207914861855807
2627,24593b75ebb35271,True,1.0,1.0,0.8905002764314454,1.0,1.0,1.0,0.9543751151797689
2628,8deec95251e95c2d,True,1.0,1.0,0.6851290646651629,1.0,1.0,1.0,0.8688037769438178
2629,aad72be88eab564c,True,1.0,1.0,0.7168022663646573,1.0,1.0,1.0,0.8820009443186073
2630,eff5e373dade52e7,True,1.0,1.0,0.7853103685831705,1.0,1.0,1.0,0.9105459869096544
2631,260d0c0225eb534d,True,1.0,1.0,1.0,1.0,1.0,1.0,1.0
2632,1ee0c099f86a585e,True,1.0,1.0,1.0,1.0,1.0,1.0,1.0
2633,e2a0ac6a977b5c70,True,1.0,1.0,0.875262364604708,1.0,1.0,1.0,0.9480259852519617
2634,c081afa672dc56a2,True,1.0,1.0,0.6222191988833774,1.0,1.0,1.0,0.842591332868074
2635,3862c9ed94ab5f90,True,1.0,1.0,0.6953437273435837,1.0,1.0,1.0,0.8730598863931599
2636,c856f2dbe8715b80,True,1.0,1.0,0.8977522897365214,1.0,1.0,1.0,0.9573967873902172
2637,a861711ff302554b,True,1.0,1.0,1.0,1.0,1.0,1.0,1.0
2638,8a6fbabba3745db9,True,1.0,1.0,0.813635016798323,1.0,1.0,1.0,0.922347923665968
2639,16b6a51da6515191,True,1.0,1.0,1.0,1.0,1.0,1.0,1.0
2640,ccd6fe2d044e5309,True,1.0,1.0,1.0,1.0,1.0,1.0,1.0
2641,a3af72210c7553c4,True,1.0,1.0,1.0,1.0,1.0,1.0,1.0
2642,3b56d2b022d25026,True,1.0,1.0,0.9863922067973577,1.0,1.0,1.0,0.9943300861655656
2643,40a69dc4d1f854a8,True,1.0,1.0,0.9422547314555396,1.0,1.0,1.0,0.9759394714398081
2644,cb91b17626f85892,True,1.0,1.0,1.0,1.0,1.0,1.0,1.0
2645,49119e0bd9335681,True,1.0,1.0,1.0,1.0,1.0,1.0,1.0
2646,f6a8d6a5c5b355d0,True,1.0,1.0,1.0,1.0,1.0,1.0,1.0
2647,131ab0263b07507c,True,1.0,0.0,0.0,1.0,1.0,1.0,0.0
2648,33b379cc74255b15,True,1.0,1.0,0.9507726462354588,1.0,1.0,1.0,0.9794886025981079
2649,c90d3a1a568a59d3,True,1.0,1.0,1.0,1.0,1.0,1.0,1.0
2650,8ea9276bf0ee55f5,True,1.0,1.0,0.7862955242610536,1.0,1.0,1.0,0.9109564684421056
2651,42559fd839fa54b2,True,1.0,1.0,0.6837754163758504,1.0,1.0,1.0,0.868239756823271
2652,afa712d7affc5fbf,True,1.0,1.0,0.83675622201511,1.0,1.0,1.0,0.9319817591729626
2653,484acea96ad3506a,True,1.0,1.0,0.7650657259670253,1.0,1.0,1.0,0.9021107191529273
2654,04352eb4cb195fde,True,1.0,1.0,0.7587175466392787,1.0,1.0,1.0,0.8994656444330328
2655,e67e31370c185b83,True,1.0,1.0,1.0,1.0,1.0,1.0,1.0
2656,2f3cd5f3b7ee59cc,True,1.0,1.0,0.8692968116190269,1.0,1.0,1.0,0.9455403381745945
2657,2a8b9c88615450a8,True,1.0,1.0,1.0,1.0,1.0,1.0,1.0
2658,e92a637d847e516c,True,1.0,1.0,0.9487373761041367,1.0,1.0,1.0,0.9786405733767237
2659,8d5ac1ce6fb75faf,True,1.0,1.0,0.8549415950797269,1.0,1.0,1.0,0.9395589979498862
2660,56a1470952cb57a0,True,1.0,1.0,0.8058192736762059,1.0,1.0,1.0,0.9190913640317525
2661,0dd6fe46c94055ec,True,1.0,1.0,1.0,1.0,1.0,1.0,1.0
2662,700cac410af95cc4,True,1.0,1.0,1.0,1.0,1.0,1.0,1.0
2663,583e9cc4115258e4,True,1.0,1.0,0.8610800739164972,1.0,1.0,0.5,0.9421166974652072
2664,4ffa52567be45f39,True,1.0,1.0,0.8597138184074312,1.0,1.0,1.0,0.9415474243364296
2665,3aa2f4406fc750da,True,1.0,1.0,0.9508570681451755,1.0,1.0,1.0,0.9795237783938231
2666,2a79320a3e3b5239,True,1.0,1.0,0.7929634861792331,1.0,1.0,1.0,0.9137347859080137
2667,9ca9d2ce60a35d66,True,1.0,1.0,0.5709801868219964,1.0,1.0,1.0,0.8212417445091651
2668,f962927ff5dc518c,True,1.0,1.0,0.8311897048912554,1.0,1.0,1.0,0.9296623770380231
2669,f2495a0cce605703,True,1.0,1.0,0.6001229497365704,1.0,1.0,1.0,0.8333845623902377
2670,bc2532765f5a5262,True,1.0,1.0,0.777563263380066,1.0,1.0,1.0,0.9073180264083609
2671,dc26fde28bc65ef6,True,1.0,1.0,0.5573284737318356,1.0,1.0,1.0,0.8155535307215982
2672,14d53f85ccc65f23,True,1.0,1.0,0.9776628436407521,1.0,1.0,1.0,0.99069285151698
2673,84204f2655e4500b,True,1.0,1.0,1.0,1.0,1.0,1.0,1.0
2674,ea492662cb205db2,True,1.0,1.0,0.8197572590462779,1.0,1.0,1.0,0.9248988579359492
2675,4fd0583319865636,True,1.0,1.0,0.8984650130950023,1.0,1.0,1.0,0.9576937554562509
2676,07952d3dbf4550de,True,1.0,1.0,0.701692140993688,1.0,1.0,1.0,0.87570505874737
2677,cda381919f5e5dca,True,1.0,1.0,0.844240186224621,1.0,1.0,1.0,0.9351000775935921
2678,87c6ef5053865368,True,1.0,0.0,0.0,1.0,1.0,0.5,0.0
2679,c1553b5b161e5db1,True,1.0,1.0,0.7462057615545519,1.0,1.0,1.0,0.8942524006477299
2680,03503ef42eeb5573,True,1.0,0.0,0.0,1.0,1.0,1.0,0.0
2681,3f5d3b68c1a156ed,True,1.0,1.0,0.8936737462728225,1.0,1.0,1.0,0.9556973942803427
2682,44b1999e4b2551b8,True,1.0,1.0,0.7759702265473107,1.0,1.0,1.0,0.9066542610613796
2683,8d6583f3e3c15034,True,1.0,1.0,0.7607466114227693,1.0,1.0,1.0,0.9003110880928206
2684,e565610cd7b15784,True,1.0,1.0,1.0,1.0,1.0,1.0,1.0
2685,b0546b8af0f95c05,True,1.0,1.0,1.0,1.0,1.0,1.0,1.0
2686,c738206669ed589c,True,1.0,1.0,1.0,1.0,1.0,1.0,1.0
2687,bf1d8c493e7458d2,True,1.0,1.0,0.8884345187267872,1.0,1.0,1.0,0.953514382802828
2688,2ec759b29e0155b5,True,1.0,1.0,0.7009300456615555,1.0,1.0,1.0,0.8753875190256482
2689,bedb83878e215e4e,True,1.0,1.0,1.0,1.0,1.0,1.0,1.0
2690,ddd6640cba7e584c,True,1.0,1.0,1.0,1.0,1.0,1.0,1.0
2691,6d72ae3e84185e81,True,1.0,1.0,1.0,1.0,1.0,1.0,1.0
2692,984716e6e27e59ee,True,1.0,1.0,1.0,1.0,1.0,1.0,1.0
2693,69a1f3e84f6758b0,True,1.0,1.0,0.7066351318967561,1.0,1.0,1.0,0.8777646382903151
2694,7ccfef5040b359df,True,1.0,1.0,1.0,1.0,1.0,1.0,1.0
2695,70ac542a408b5b93,True,1.0,1.0,0.8055170237665396,1.0,1.0,1.0,0.9189654265693914
2696,0bb13e6e40385c18,True,1.0,1.0,0.6019850738321811,1.0,1.0,1.0,0.8341604474300754
2697,0436604d25145231,True,1.0,1.0,0.9077756057030912,1.0,1.0,1.0,0.9615731690429546
2698,dd71dee142f05d7d,True,1.0,1.0,0.9199602485740994,1.0,1.0,1.0,0.9666501035725416
2699,ee9a17a589805c85,True,1.0,1.0,0.7540017589039609,1.0,1.0,1.0,0.8975007328766503
2700,5b3f41f636aa5136,True,1.0,1.0,1.0,1.0,1.0,1.0,1.0
2701,69792eb6a5415c5f,True,1.0,1.0,0.7968287126368125,1.0,1.0,1.0,0.9153452969320052
2702,ff91d9e01e4259b1,True,1.0,1.0,0.7991145409068351,1.0,1.0,1.0,0.916297725377848
2703,bde076eb186a52d5,True,1.0,1.0,1.0,1.0,1.0,1.0,1.0
2704,3716402a783c5689,True,1.0,1.0,0.8228082835296503,1.0,1.0,1.0,0.9261701181373544
2705,d0dc567530ef57dd,True,1.0,1.0,0.7809182458772402,1.0,1.0,1.0,0.9087159357821833
2706,df11795878cb5419,True,1.0,1.0,0.5995017081767314,1.0,1.0,1.0,0.8331257117403048
2707,a7ce5a625a525b45,True,1.0,1.0,1.0,1.0,1.0,1.0,1.0
2708,1d7ff3e8eed15ced,True,1.0,1.0,0.8656070402322199,1.0,1.0,1.0,0.9440029334300917
2709,3c26d6bf58555468,True,1.0,1.0,1.0,1.0,1.0,1.0,1.0
2710,b6e039ab90075f16,True,1.0,1.0,1.0,1.0,1.0,1.0,1.0
2711,660451aead9653b7,True,1.0,1.0,0.9259506203170288,1.0,1.0,1.0,0.9691460917987621
2712,7c8dfd86366157b2,True,1.0,1.0,0.4315798439664384,0.0,1.0,1.0,0.34649160165268267
2713,cd7575ed015c5678,True,1.0,1.0,0.8565127171546455,1.0,1.0,1.0,0.9402136321477691
2714,2e54d786ec095896,True,1.0,1.0,1.0,1.0,1.0,1.0,1.0
2715,b27212debb885706,True,1.0,1.0,0.9981779230983531,1.0,1.0,1.0,0.9992408012909805
2716,e03d76c4983954eb,True,1.0,1.0,0.9232682320813145,1.0,1.0,1.0,0.9680284300338812
2717,2ee2b26e0f20509d,True,1.0,1.0,0.7879367536299385,1.0,1.0,1.0,0.9116403140124744
2718,6b8774b008675f8d,True,1.0,1.0,0.7534914709151583,1.0,1.0,1.0,0.8972881128813159
2719,5d3e45ad38ef5b9c,True,1.0,1.0,0.9661005965422422,1.0,1.0,1.0,0.9858752485592676
2720,e88e44d720f65e0e,True,1.0,1.0,0.7812771593121179,1.0,1.0,1.0,0.9088654830467159
2721,0a44947ca9e85579,True,1.0,1.0,1.0,1.0,1.0,1.0,1.0
2722,b793d920bf6f53cd,True,1.0,1.0,0.9706657891456849,1.0,1.0,1.0,0.9877774121440354
2723,134651c94f73576f,True,1.0,1.0,0.7530439504395885,1.0,1.0,1.0,0.8971016460164952
2724,1508ee5a37ef5588,True,1.0,1.0,0.8182287276637561,1.0,1.0,1.0,0.9242619698598983
2725,2944ba8cf77c5ad9,True,1.0,1.0,0.6819066400972449,1.0,1.0,1.0,0.8674611000405187
2726,6b9c0c971f9d5b9a,True,1.0,1.0,0.9006488465953105,1.0,1.0,1.0,0.9586036860813794
2727,7145c064885a53c4,True,1.0,1.0,0.7891804117580238,1.0,1.0,1.0,0.9121585048991765
2728,cb10eedc602a59ab,True,1.0,1.0,1.0,1.0,1.0,1.0,1.0
2729,dc39ce9c251551bb,True,1.0,1.0,1.0,1.0,1.0,1.0,1.0
2730,cbe3a6c80bfb5327,True,1.0,1.0,1.0,1.0,1.0,1.0,1.0
2731,e4237030b1b75a8d,True,1.0,1.0,1.0,1.0,1.0,1.0,1.0
2732,d97244a589ca587f,True,1.0,1.0,0.9532695908153742,1.0,1.0,1.0,0.9805289961730725
2733,cb5022a3bef557e3,True,1.0,1.0,0.9287014336079106,1.0,1.0,1.0,0.9702922640032959
2734,3756dc24f9e65fd7,True,1.0,0.0,0.0,1.0,1.0,1.0,0.0
2735,fbe55fdc31135ad5,True,1.0,1.0,1.0,0.0,1.0,1.0,0.5833333333333334
2736,b0b98b1a4d1552c7,True,1.0,1.0,0.8883169442521885,1.0,1.0,1.0,0.953465393438412
2737,9324eafb3ef25fdb,True,1.0,1.0,0.9821779475030332,1.0,1.0,1.0,0.9925741447929305
2738,c5388dbd766353cf,True,1.0,1.0,1.0,1.0,1.0,1.0,1.0
2739,202d3d3e3b9356a3,True,1.0,1.0,0.9228049210765665,1.0,1.0,1.0,0.9678353837819027
2740,f1ae4feebfda5b75,True,1.0,1.0,0.8812042145668272,1.0,1.0,1.0,0.9505017560695114
2741,21990e031d705957,True,1.0,0.0,0.0,1.0,1.0,1.0,0.0
2742,a5977f7fb4fd5386,True,1.0,1.0,1.0,1.0,1.0,1.0,1.0
2743,b49e63992eee56b1,True,1.0,1.0,0.8756043981672553,1.0,1.0,1.0,0.9481684992363565
2744,b435ec4c5baa5a2c,True,1.0,1.0,1.0,1.0,1.0,1.0,1.0
2745,7fcd06d455d55572,True,1.0,1.0,0.7202931620670046,1.0,1.0,1.0,0.8834554841945853
2746,84a832f4cdbc5aef,True,1.0,1.0,1.0,1.0,1.0,1.0,1.0
2747,6c8d2b130c4d5288,True,1.0,1.0,0.8063660536198264,1.0,1.0,1.0,0.9193191890082609
2748,a4717050e0c05d1e,True,1.0,1.0,0.711948649139465,1.0,1.0,1.0,0.8799786038081104
2749,3fca9a087e505470,True,1.0,1.0,0.8457621313756103,1.0,1.0,1.0,0.9357342214065043
2750,cb52442dd7165211,True,1.0,1.0,1.0,1.0,1.0,1.0,1.0
2751,794584aa724a55f4,True,1.0,1.0,1.0,1.0,1.0,1.0,1.0
2752,7135ce0e5eea5907,True,1.0,1.0,0.8735415177453423,1.0,1.0,1.0,0.9473089657272259
2753,52c77cea68eb5afc,True,1.0,1.0,0.9780765144537811,1.0,1.0,1.0,0.990865214355742
2754,d2c7bb24957c56ad,True,1.0,1.0,1.0,1.0,1.0,1.0,1.0
2755,6fed9368351f54d5,True,1.0,1.0,1.0,1.0,1.0,1.0,1.0
2756,1814002af9f253c6,True,1.0,1.0,1.0,1.0,1.0,1.0,1.0
2757,ded4ce0e91b4596a,True,1.0,1.0,0.8281667299102007,1.0,1.0,1.0,0.9284028041292504
2758,bc8d49758c6b5612,True,1.0,1.0,0.7582876375052467,1.0,1.0,1.0,0.8992865156271862
2759,15d9ac47a2e05a2b,True,1.0,1.0,1.0,1.0,1.0,1.0,1.0
2760,432dcd9a21c25043,True,1.0,1.0,0.6831001212933587,1.0,1.0,1.0,0.8679583838722328
2761,48a547f135595df8,True,1.0,1.0,0.6992387009828422,1.0,1.0,1.0,0.8746827920761843
2762,fb6e02b5752e5754,True,1.0,1.0,1.0,1.0,1.0,1.0,1.0
2763,69df428fe853580e,True,1.0,1.0,1.0,1.0,1.0,1.0,1.0
2764,b0cc2b2b400d5661,True,1.0,1.0,0.5697886783716212,1.0,1.0,1.0,0.8207452826548421
2765,4342cb36fbba580b,True,1.0,1.0,0.7277541108899611,1.0,1.0,1.0,0.8865642128708172
2766,3c4e1784d9295821,True,1.0,1.0,0.8236064749276704,1.0,1.0,1.0,0.9265026978865293
2767,861c55d61243570c,True,1.0,1.0,1.0,1.0,1.0,1.0,1.0
2768,be1a32191a715329,True,1.0,1.0,0.9243942732257671,1.0,1.0,1.0,0.9684976138440696
2769,3a7818b46809570a,True,1.0,1.0,0.7250297105517091,1.0,1.0,1.0,0.8854290460632122
2770,c39f042bbc0256ba,True,1.0,1.0,0.8645221656808644,1.0,1.0,1.0,0.9435509023670269
2771,a0707360c69459d4,True,1.0,1.0,1.0,1.0,1.0,1.0,1.0
2772,b867b28707205c0b,True,1.0,0.0,0.0,1.0,1.0,0.0,0.0
2773,088b38f5e629514b,True,1.0,1.0,0.8366637167422329,1.0,1.0,1.0,0.9319432153092637
2774,e9cfc98fdc09590a,True,1.0,1.0,0.9796766975255475,1.0,1.0,1.0,0.9915319573023115
2775,2556a5c923c95128,True,1.0,1.0,0.8642049285526632,1.0,1.0,1.0,0.9434187202302763
2776,da9ae73013715f70,True,1.0,1.0,0.9404359686509819,1.0,1.0,1.0,0.9751816536045759
2777,48d1f3140a8c5487,True,1.0,1.0,0.6973974588433955,1.0,1.0,1.0,0.8739156078514148
2778,3c0e4d6b508d5e10,True,1.0,1.0,0.7888460547438484,1.0,1.0,1.0,0.9120191894766035
2779,ffb89fa44ab351b9,True,1.0,1.0,0.6312796070106361,1.0,1.0,1.0,0.8463665029210984
2780,45d77984273c5205,True,1.0,1.0,1.0,1.0,1.0,1.0,1.0
2781,426cc213a80352f9,True,1.0,1.0,0.8591717340693952,1.0,1.0,1.0,0.9413215558622481
2782,1ad96f74e72750db,True,1.0,1.0,1.0,1.0,1.0,1.0,1.0
2783,178e844e8bd155ca,True,1.0,1.0,1.0,1.0,1.0,1.0,1.0
2784,e8e49013253b5e7c,True,1.0,1.0,0.6757119577892486,1.0,1.0,1.0,0.8648799824121869
2785,174ac6135bf65de9,True,1.0,1.0,0.8400867371366407,1.0,1.0,1.0,0.9333694738069337
2786,f66d06ec0f355fac,True,1.0,1.0,0.8077783998203256,1.0,1.0,0.5,0.9199076665918023
2787,a6be7050ff205933,True,1.0,0.0,0.0,1.0,1.0,1.0,0.0
2788,54292820fab05539,True,0.0,1.0,0.0,0.0,1.0,1.0,0.0
2789,14576a845ffc521a,True,1.0,1.0,0.946435286030683,1.0,1.0,1.0,0.9776813691794514
2790,85649e978e60550d,True,1.0,1.0,0.8685863615794432,1.0,1.0,1.0,0.945244317324768
2791,eddb4834d5e459c6,True,1.0,1.0,0.9965850636394866,1.0,1.0,1.0,0.9985771098497861
2792,e59b32f05f5e54f0,True,1.0,1.0,0.5988234876022408,1.0,1.0,0.0,0.832843119834267
2793,c3987ea376cb5a69,True,1.0,1.0,1.0,1.0,1.0,1.0,1.0
2794,a3dd6d539acc5c9b,True,1.0,1.0,0.9500480877538784,1.0,1.0,1.0,0.9791867032307827
2795,8857612d0dad5e95,True,1.0,1.0,0.5948569554468843,1.0,1.0,1.0,0.8311903981028684
2796,7a5ad5a3fcd85c7a,True,1.0,1.0,1.0,1.0,1.0,1.0,1.0
2797,45ebc34cbe405c3e,True,1.0,1.0,0.964539973379812,1.0,1.0,1.0,0.985224988908255
2798,f1dabe118a6955d6,True,1.0,1.0,1.0,1.0,1.0,1.0,1.0
2799,c76dce931d555c6a,True,1.0,1.0,0.6578212971205744,1.0,1.0,1.0,0.857425540466906
2800,d3afcd1be60851a9,True,1.0,1.0,0.8071367837948544,1.0,1.0,1.0,0.9196403265811893
2801,04fafb805d465314,True,1.0,1.0,0.798588353054412,1.0,1.0,0.5,0.9160784804393384
2802,52d3f15d6ca75701,True,1.0,1.0,0.8409863115599657,1.0,1.0,1.0,0.933744296483319
2803,0b99739b06c455bf,True,1.0,1.0,0.8808186764617201,1.0,1.0,1.0,0.9503411151923834
2804,42e65d558a9c5813,True,1.0,1.0,0.9136881949376564,1.0,1.0,1.0,0.9640367478906903
2805,817f460a4ad7577a,True,1.0,1.0,1.0,1.0,1.0,1.0,1.0
2806,34b8a3355a255f29,True,1.0,1.0,0.860295820756943,1.0,1.0,1.0,0.9417899253153929
2807,0af68cc78d085fdb,True,1.0,1.0,0.7714831702868622,1.0,1.0,1.0,0.9047846542861926
2808,93d4ab80a0cf5f01,True,1.0,1.0,1.0,1.0,1.0,1.0,1.0
2809,3968f1bc11085a70,True,1.0,1.0,0.7051331222652689,1.0,1.0,1.0,0.877138800943862
2810,1c5c2e372dc954cd,True,1.0,1.0,1.0,1.0,1.0,1.0,1.0
2811,175f0101f12750b1,True,1.0,1.0,0.821615725297881,1.0,1.0,1.0,0.9256732188741171
2812,d2c77b46ecee58f9,True,1.0,1.0,1.0,1.0,1.0,1.0,1.0
2813,1164ea5308cf5aae,True,1.0,1.0,1.0,1.0,1.0,1.0,1.0
2814,16df188810315dc7,True,1.0,1.0,0.6581478704433945,1.0,1.0,1.0,0.8575616126847477
2815,1d6b6b43809a50cf,True,1.0,1.0,1.0,1.0,1.0,1.0,1.0
2816,d0c86990fe0d5bc8,True,1.0,1.0,0.866381078951677,1.0,1.0,1.0,0.9443254495631987
2817,28a4a08f11a05407,True,1.0,1.0,0.878115653913896,1.0,1.0,1.0,0.9492148557974568
2818,7d51dcbc514953ea,True,1.0,1.0,1.0,1.0,1.0,1.0,1.0
2819,a1065191d3525bb1,True,1.0,1.0,0.7704539838666875,1.0,1.0,1.0,0.9043558266111198
2820,87ab048362385059,True,1.0,1.0,0.8087561030128763,1.0,1.0,1.0,0.9203150429220317
2821,ced087f9c2915f2a,True,1.0,1.0,0.7686553105649436,1.0,1.0,1.0,0.9036063794020599
2822,eb85aecce15f5e63,True,1.0,1.0,0.974842448698693,1.0,1.0,1.0,0.9895176869577886
2823,cddadd26002959f4,True,1.0,1.0,0.8123740200071226,1.0,1.0,1.0,0.9218225083363011
2824,465d43bf893d5e66,True,1.0,1.0,0.6844859563217257,1.0,1.0,1.0,0.8685358151340523
2825,f5cb61c359ce574b,True,1.0,1.0,0.6333204809101876,1.0,1.0,1.0,0.8472168670459115
2826,0d150320916f5b2d,True,1.0,1.0,0.9339606835307305,1.0,1.0,1.0,0.9724836181378044
2827,719eb7fea14c5b94,True,1.0,1.0,1.0,1.0,1.0,1.0,1.0
2828,f252e2d96f805926,True,1.0,1.0,1.0,1.0,1.0,1.0,1.0
2829,b7598f311c365e95,True,1.0,1.0,0.8131989142577467,1.0,1.0,1.0,0.9221662142740611
2830,9e4128df16395eb4,True,1.0,1.0,1.0,1.0,1.0,1.0,1.0
2831,2aa64c0ff1f059fd,True,1.0,1.0,1.0,1.0,1.0,1.0,1.0
2832,68df055f82485e95,True,1.0,1.0,0.42206509358721417,0.0,1.0,0.5,0.3425271223280059
2833,e45572ab63ef5deb,True,1.0,1.0,1.0,1.0,1.0,0.5,1.0
2834,c65cb00fba005ab1,True,1.0,1.0,0.9843389448373089,1.0,1.0,1.0,0.9934745603488787
2835,fab1993d5d4759da,True,1.0,1.0,0.8848291692317507,1.0,1.0,1.0,0.9520121538465628
2836,c93008394b945625,True,1.0,1.0,0.707496094081368,1.0,1.0,1.0,0.8781233725339034
2837,c8fa1980b26e5f46,True,1.0,1.0,0.7988317867376249,1.0,1.0,1.0,0.9161799111406771
2838,68b83d28894e5bc1,True,1.0,1.0,0.9115395311831936,1.0,1.0,1.0,0.9631414713263307
2839,eeeaf1937c015ab9,True,1.0,1.0,0.8060427182899794,1.0,1.0,1.0,0.919184465954158
2840,94a5491ee69d5e27,True,1.0,1.0,0.7411791310790911,1.0,1.0,1.0,0.8921579712829546
2841,ba86b1fc40075e26,True,1.0,1.0,1.0,1.0,1.0,1.0,1.0
2842,1e858b49f4a95ee8,True,1.0,1.0,1.0,1.0,1.0,1.0,1.0
2843,26cc0e92707756f2,True,1.0,1.0,1.0,1.0,1.0,1.0,1.0
2844,0a649534cf715ba2,True,1.0,0.0,0.0,1.0,1.0,1.0,0.0
2845,ffed00245f3f5d00,True,1.0,1.0,0.7827949462606136,1.0,1.0,1.0,0.9094978942752556
2846,c9e050ae7be45001,True,1.0,1.0,1.0,0.0,1.0,1.0,0.5833333333333334
2847,01ff2ecc002851a1,True,1.0,1.0,0.5660104167670454,1.0,1.0,1.0,0.8191710069862689
2848,ebd299a3953a50ad,True,1.0,1.0,0.7350233414193531,1.0,1.0,1.0,0.8895930589247305
2849,4023c5e9f11e5056,True,1.0,1.0,0.8616792172331421,1.0,1.0,1.0,0.9423663405138093
2850,70bd598e1c305d92,True,1.0,1.0,1.0,1.0,1.0,1.0,1.0
2851,534942a69dea5054,True,1.0,1.0,0.825427103907733,1.0,1.0,1.0,0.9272612932948888
2852,594dba6254d4500b,True,1.0,1.0,0.7673515330409894,1.0,1.0,1.0,0.9030631387670788
2853,8625ec015e075c02,True,1.0,1.0,0.6942754066487139,1.0,1.0,1.0,0.8726147527702975
2854,b1861baea30d54ef,True,1.0,1.0,0.8818444569273591,1.0,1.0,0.0,0.950768523719733
2855,4bfd5690eb3d5c6e,True,1.0,1.0,0.7732075090176144,1.0,1.0,1.0,0.9055031287573394
2856,8e7cc5d34d415b43,True,1.0,1.0,0.7049403386168772,1.0,1.0,1.0,0.8770584744236989
2857,d559cac76f5a5a7d,True,1.0,1.0,1.0,1.0,1.0,1.0,1.0
2858,3a8a83bdb2c05a02,True,1.0,1.0,0.8987317830164139,1.0,1.0,1.0,0.9578049095901724
2859,87751a071a7e50a4,True,1.0,1.0,0.9872980007811686,1.0,1.0,1.0,0.9947075003254868
2860,6f2e14d0955e5e5a,True,1.0,1.0,1.0,1.0,1.0,1.0,1.0
2861,dee99345e2015845,True,1.0,1.0,0.7638598884577806,1.0,1.0,1.0,0.9016082868574086
2862,8eae3eab30c95228,True,1.0,1.0,0.8907816736327407,1.0,1.0,1.0,0.954492364013642
2863,c3ed0328b37b586b,True,1.0,1.0,0.8070000237390971,1.0,1.0,1.0,0.9195833432246238
2864,d63949c1e1a25eab,True,1.0,1.0,1.0,1.0,1.0,1.0,1.0
2865,c7cd4edb7b455e9f,True,1.0,0.0,0.0,1.0,1.0,1.0,0.0
2866,ecaafd3b7f635e0d,True,1.0,1.0,0.9167841316460577,1.0,1.0,1.0,0.9653267215191906
2867,d184c07f6a0a5aaf,True,1.0,1.0,0.9265412426202406,1.0,1.0,1.0,0.9693921844251002
2868,average,True,0.9935495118549512,0.9463040446304045,0.8160529350675112,0.9728033472803347,0.9989539748953975,0.9741980474198048,0.8812038626653573
