,token,valid,no_at_fault_collisions,drivable_area_compliance,ego_progress,time_to_collision_within_bound,comfort,driving_direction_compliance,score
0,2575048779565f0b,True,1.0,1.0,0.7712735970829773,1.0,1.0,1.0,0.9046973321179071
1,0d391852df3f5737,True,1.0,1.0,1.0,1.0,1.0,1.0,1.0
2,99b52fa162c550d4,True,1.0,1.0,0.8020372846655355,1.0,1.0,1.0,0.9175155352773064
3,baeb667505f850af,True,1.0,0.0,0.0,1.0,1.0,1.0,0.0
4,919ee41f5fa65358,True,1.0,1.0,1.0,1.0,1.0,1.0,1.0
5,00ff8eeb53cc598b,True,1.0,1.0,0.9851881631068852,1.0,1.0,1.0,0.9938284012945354
6,ebb1e037f19b5c55,True,1.0,1.0,0.796876401733714,1.0,1.0,1.0,0.9153651673890475
7,da9ee145e2b05480,True,1.0,0.0,0.0,1.0,1.0,1.0,0.0
8,6dc36068505c5de2,True,1.0,1.0,1.0,1.0,1.0,1.0,1.0
9,1ebb462c6acd5b4d,True,1.0,1.0,0.6945841158585098,1.0,1.0,1.0,0.8727433816077124
10,9833f2646439513e,True,1.0,1.0,1.0,1.0,1.0,1.0,1.0
11,c308037e34c45bed,True,1.0,1.0,0.8177097016991406,1.0,1.0,1.0,0.9240457090413084
12,3a29d6bc75a557f1,True,1.0,1.0,1.0,1.0,1.0,1.0,1.0
13,6a5c90faa1cc5f03,True,1.0,1.0,0.7840120150345573,1.0,1.0,1.0,0.9100050062643988
14,6cd23fffac65568b,True,1.0,1.0,0.6585514459013506,1.0,1.0,1.0,0.8577297691255628
15,27f481628fff5c70,True,1.0,1.0,0.5803389284471915,1.0,1.0,1.0,0.8251412201863298
16,8b3679b7c11d5ada,True,1.0,1.0,1.0,1.0,1.0,1.0,1.0
17,97b98a9d8e935607,True,1.0,1.0,0.7872055197093971,1.0,1.0,1.0,0.9113356332122488
18,8b10128072e6539f,True,1.0,1.0,1.0,1.0,1.0,1.0,1.0
19,8ff8a3cf55355131,True,1.0,1.0,0.5446825399297001,1.0,1.0,1.0,0.8102843916373751
20,ad243dacb0315588,True,1.0,1.0,0.8953871348088193,1.0,1.0,1.0,0.9564113061703413
21,8f41a318d1a45310,True,1.0,1.0,1.0,1.0,1.0,1.0,1.0
22,0774f6d8e3185794,True,1.0,1.0,0.8552981988856828,1.0,1.0,1.0,0.9397075828690346
23,030706565b1f552d,True,1.0,1.0,0.7372232431534261,1.0,1.0,1.0,0.8905096846472609
24,54d86279a0015154,True,1.0,1.0,1.0,1.0,1.0,1.0,1.0
25,beecbff2fd37592e,True,1.0,1.0,1.0,1.0,1.0,1.0,1.0
26,123bc88af914514c,True,1.0,1.0,1.0,1.0,1.0,1.0,1.0
27,d8346b35ed785e1d,True,1.0,1.0,0.8648496022685681,1.0,1.0,1.0,0.94368733427857
28,bfdf115b602357a0,True,1.0,1.0,1.0,1.0,1.0,1.0,1.0
29,64bb182ef4035065,True,1.0,1.0,1.0,1.0,1.0,1.0,1.0
30,0e6a9b4fe9ec5443,True,1.0,1.0,0.7668800200655996,1.0,1.0,1.0,0.9028666750273331
31,4ddab8ee947255d9,True,1.0,1.0,0.6502104294167793,1.0,1.0,1.0,0.8542543455903248
32,23ad4e776c025531,True,1.0,1.0,1.0,1.0,1.0,1.0,1.0
33,111485c5e6f458a9,True,1.0,1.0,1.0,1.0,1.0,1.0,1.0
34,5e4da70ec09f5282,True,1.0,1.0,0.4895483265465552,1.0,1.0,1.0,0.7873118027277313
35,0c267e7911165e9f,True,1.0,1.0,0.8720752619565971,1.0,1.0,1.0,0.9466980258152488
36,593653db007b5826,True,1.0,1.0,1.0,1.0,1.0,1.0,1.0
37,d743862c9c555961,True,1.0,1.0,1.0,1.0,1.0,1.0,1.0
38,9a89dccc70835d69,True,1.0,1.0,0.7336084572702329,1.0,1.0,1.0,0.8890035238625971
39,4800c57e89db5eae,True,1.0,1.0,1.0,1.0,1.0,1.0,1.0
40,a5ddad9bbb505316,True,1.0,1.0,0.7837626023402505,1.0,1.0,1.0,0.9099010843084377
41,f37c90e977e856c8,True,1.0,1.0,1.0,1.0,1.0,1.0,1.0
42,998a30325ca25437,True,1.0,1.0,1.0,1.0,1.0,1.0,1.0
43,fe41706ad44652b0,True,1.0,1.0,0.7689685239492877,1.0,1.0,1.0,0.90373688497887
44,e10bd715492150e3,True,1.0,1.0,0.6769981067473586,1.0,1.0,1.0,0.8654158778113995
45,a708f8c8db805496,True,1.0,1.0,1.0,1.0,1.0,1.0,1.0
46,be709e9a5d085f75,True,1.0,1.0,0.715502610946242,1.0,1.0,1.0,0.8814594212276008
47,1fe5f6af95e15489,True,1.0,1.0,0.6667538068798069,1.0,1.0,1.0,0.8611474195332529
48,15d5078041dd5a4f,True,1.0,1.0,0.5975052477362843,1.0,1.0,1.0,0.8322938532234518
49,73eda22129255831,True,1.0,1.0,0.9167119647680015,1.0,1.0,1.0,0.9652966519866674
50,ae68b10cd5085e7c,True,1.0,1.0,0.8708336717291518,1.0,1.0,1.0,0.9461806965538132
51,8e2d1588daa3536f,True,1.0,1.0,0.8861910086253011,1.0,1.0,1.0,0.9525795869272088
52,5603aa72d59e58b2,True,1.0,1.0,0.9579655737537295,1.0,1.0,1.0,0.9824856557307206
53,7cdcf11e211759cf,True,1.0,1.0,0.8182080338099207,1.0,1.0,1.0,0.9242533474208002
54,47510e3eddd950ad,True,1.0,1.0,0.6314302647460969,1.0,1.0,1.0,0.8464292769775404
55,601eee0a0e2d52a3,True,1.0,1.0,1.0,1.0,1.0,1.0,1.0
56,d8faa48b75625ac0,True,1.0,1.0,1.0,1.0,1.0,1.0,1.0
57,e4553dc9b5725cb7,True,1.0,1.0,1.0,1.0,1.0,1.0,1.0
58,12b32c24d2cf5309,True,1.0,1.0,1.0,1.0,1.0,1.0,1.0
59,df78364de73e581b,True,1.0,1.0,0.8535486868126809,1.0,1.0,1.0,0.9389786195052837
60,70af821c5fe95428,True,1.0,1.0,0.9762359869380832,1.0,1.0,1.0,0.9900983278908679
61,838caf9ffb875248,True,1.0,1.0,0.7904042227453723,1.0,1.0,1.0,0.9126684261439051
62,e62eeef3ef7055b9,True,1.0,1.0,0.6210335767709564,1.0,1.0,1.0,0.8420973236545652
63,a627522c77eb526c,True,1.0,1.0,0.9336540249714647,1.0,1.0,1.0,0.9723558437381102
64,5a2719c85ee9570c,True,1.0,1.0,0.6656075402147926,1.0,1.0,1.0,0.8606698084228303
65,9e4febcde4875181,True,1.0,1.0,0.74971331415253,1.0,1.0,1.0,0.8957138808968875
66,2a1cb4c27a4459a7,True,1.0,1.0,1.0,1.0,1.0,0.5,1.0
67,ef89947a381a50bf,True,1.0,1.0,1.0,1.0,1.0,1.0,1.0
68,1c31e37ce65b52d9,True,1.0,1.0,0.8272357598689402,1.0,1.0,1.0,0.9280148999453918
69,83242e2595a85111,True,1.0,1.0,0.8377748375955875,1.0,1.0,1.0,0.9324061823314947
70,8f273271b9eb537e,True,1.0,1.0,0.7587885772415341,1.0,1.0,1.0,0.8994952405173059
71,7cc4cef34e635c5a,True,1.0,0.0,0.0,1.0,1.0,1.0,0.0
72,58d40da0cce05d8c,True,1.0,1.0,0.7079810961254892,1.0,1.0,1.0,0.8783254567189539
73,fb00299d62585308,True,1.0,1.0,0.8781257017072451,1.0,1.0,1.0,0.9492190423780188
74,0613d88c01b453c9,True,1.0,1.0,1.0,1.0,1.0,1.0,1.0
75,6781255a85605dd5,True,1.0,1.0,1.0,1.0,1.0,1.0,1.0
76,c1cc5d15c3f554e3,True,1.0,1.0,1.0,1.0,1.0,1.0,1.0
77,d0fccf42f606569a,True,1.0,1.0,0.4362532520100042,1.0,1.0,1.0,0.7651055216708351
78,6c6a6b002f715d03,True,1.0,1.0,0.7442779140782677,1.0,1.0,1.0,0.8934491308659448
79,5a8855c7c104596c,True,1.0,1.0,1.0,1.0,1.0,1.0,1.0
80,72c898c5c6a45939,True,1.0,1.0,0.9439454524005559,1.0,1.0,1.0,0.9766439385002316
81,2248832a822755d9,True,1.0,1.0,1.0,1.0,1.0,1.0,1.0
82,1511499da17054b0,True,1.0,1.0,1.0,1.0,1.0,1.0,1.0
83,d56cc988cfa250c6,True,1.0,1.0,1.0,0.0,1.0,1.0,0.5833333333333334
84,50702dbe2f785ae5,True,1.0,1.0,0.6614740555544428,1.0,1.0,1.0,0.8589475231476845
85,21acd3bbf97b5cbe,True,1.0,1.0,1.0,1.0,1.0,1.0,1.0
86,de0fd47c70d3500a,True,1.0,0.0,0.0,1.0,1.0,0.5,0.0
87,6d26431aced45f83,True,1.0,1.0,0.8476416127685367,1.0,1.0,1.0,0.936517338653557
88,489bb0ed93455b69,True,1.0,1.0,0.8036542275597862,1.0,1.0,1.0,0.9181892614832442
89,8e7906efc10a5e42,True,1.0,1.0,0.8012638406429827,1.0,1.0,0.5,0.9171932669345763
90,cadeb92fe01652e3,True,1.0,1.0,0.8364348808022376,1.0,1.0,1.0,0.9318478670009324
91,670f9d50643c5874,True,1.0,1.0,0.7464180783748453,1.0,1.0,1.0,0.8943408659895189
92,687da3cabde458b5,True,1.0,1.0,0.9730323651397683,1.0,1.0,1.0,0.9887634854749034
93,d6bb49ff956f5b50,True,1.0,1.0,1.0,1.0,1.0,1.0,1.0
94,eccba8e0ad6651c3,True,1.0,1.0,1.0,1.0,1.0,1.0,1.0
95,8bdf510cc78751f1,True,1.0,1.0,0.584622195203245,1.0,1.0,1.0,0.8269259146680188
96,3b1e0182cb145b8d,True,1.0,1.0,0.8572049380679339,1.0,1.0,1.0,0.9405020575283057
97,8647866881f3587e,True,1.0,1.0,0.6600623688410133,1.0,1.0,1.0,0.8583593203504222
98,74b5ee27fa1b5612,True,1.0,1.0,0.5767661633687504,1.0,1.0,1.0,0.8236525680703126
99,45224683225b5617,True,1.0,1.0,0.6735322613357094,1.0,1.0,1.0,0.8639717755565456
100,fedeb108feed57c0,True,1.0,1.0,0.7508824827719978,1.0,1.0,1.0,0.8962010344883323
101,0e9044c5aec15041,True,1.0,1.0,0.875782656956557,1.0,1.0,1.0,0.9482427737318987
102,f6195258cc20552f,True,1.0,1.0,1.0,1.0,1.0,1.0,1.0
103,a59aff81f75759ff,True,1.0,1.0,1.0,1.0,1.0,1.0,1.0
104,d258d4d9b2235df6,True,1.0,1.0,0.6801588638225253,1.0,1.0,1.0,0.8667328599260523
105,6639fa7905a3599b,True,1.0,1.0,0.8733733457721268,1.0,1.0,1.0,0.9472388940717195
106,008b419a63b75917,True,1.0,1.0,0.7736917850817405,1.0,1.0,1.0,0.9057049104507252
107,015011d2b73158b7,True,1.0,1.0,0.9941336588085566,1.0,1.0,1.0,0.9975556911702319
108,fac35c75801751bd,True,1.0,1.0,0.6922654080986217,1.0,1.0,1.0,0.8717772533744257
109,5e02e80df7fe5f5b,True,1.0,1.0,0.7060217124436701,1.0,1.0,1.0,0.8775090468515292
110,aeeba19e19c35ccb,True,1.0,1.0,0.7917222600123599,1.0,1.0,1.0,0.9132176083384834
111,02902d180b405100,True,1.0,1.0,1.0,1.0,1.0,1.0,1.0
112,c9628d0526bb58c5,True,1.0,1.0,0.731714100149006,1.0,1.0,1.0,0.8882142083954191
113,19a79abcf14059d2,True,1.0,1.0,0.9026995676789791,1.0,1.0,1.0,0.9594581531995746
114,d82f1b20a55d5bcd,True,1.0,1.0,0.9604468235312312,1.0,1.0,1.0,0.9835195098046796
115,c1839a3333695317,True,1.0,1.0,1.0,1.0,1.0,1.0,1.0
116,b930ed8abf2b5e8d,True,1.0,1.0,1.0,1.0,1.0,1.0,1.0
117,33c848df67305ec1,True,1.0,1.0,1.0,1.0,1.0,1.0,1.0
118,029585f0509d52b0,True,1.0,0.0,0.0,0.0,1.0,0.5,0.0
119,f4511c17c15a531f,True,1.0,1.0,0.9093825352724684,1.0,1.0,1.0,0.9622427230301952
120,06cfef4de99d5ead,True,1.0,1.0,1.0,1.0,1.0,1.0,1.0
121,29d075e26b5156fc,True,1.0,1.0,1.0,1.0,1.0,1.0,1.0
122,633df956d5645243,True,1.0,1.0,1.0,1.0,1.0,1.0,1.0
123,7cb9260c8be35c5c,True,1.0,1.0,0.8618454835829217,1.0,1.0,1.0,0.9424356181595508
124,43fccd5d69235617,True,1.0,1.0,0.7678813702439994,1.0,1.0,1.0,0.9032839042683332
125,d5bf13024f755ee4,True,1.0,1.0,0.709994379807937,1.0,1.0,1.0,0.8791643249199738
126,8e5ce0a119585d3b,True,1.0,1.0,0.7846889150060505,0.0,1.0,1.0,0.49362038125252106
127,a489c23d292e56fa,True,1.0,1.0,0.6919035766454543,1.0,1.0,1.0,0.8716264902689392
128,43761f0721035214,True,1.0,1.0,1.0,1.0,1.0,1.0,1.0
129,c91c301500e95244,True,1.0,1.0,1.0,1.0,1.0,1.0,1.0
130,a26ee25cd4995271,True,1.0,1.0,0.7876808327500142,1.0,1.0,1.0,0.9115336803125059
131,8013f74ddcf055db,True,1.0,0.0,0.0,1.0,1.0,1.0,0.0
132,d7c017783af2520b,True,1.0,1.0,1.0,1.0,1.0,1.0,1.0
133,e0545b6d2b755ea9,True,1.0,1.0,0.7911953464714199,1.0,1.0,1.0,0.9129980610297582
134,b91f8a685d7457c4,True,1.0,1.0,0.9980638622486124,1.0,1.0,1.0,0.9991932759369219
135,8ddef59113ee5c86,True,1.0,1.0,1.0,1.0,1.0,1.0,1.0
136,2d1b94bfdcd35217,True,1.0,1.0,1.0,1.0,1.0,1.0,1.0
137,b96dd2fae674571c,True,1.0,1.0,0.7047551015296232,1.0,1.0,1.0,0.8769812923040097
138,936c2cf5b8345663,True,1.0,1.0,1.0,1.0,1.0,1.0,1.0
139,43cc094e7af0518e,True,1.0,1.0,1.0,1.0,1.0,1.0,1.0
140,79e7ccb136775266,True,1.0,1.0,0.8193422873656506,1.0,1.0,1.0,0.9247259530690211
141,502fc2f7b9415e11,True,1.0,1.0,1.0,1.0,1.0,1.0,1.0
142,eaf3255921e35495,True,1.0,1.0,1.0,1.0,1.0,1.0,1.0
143,b93262812f855475,True,1.0,1.0,0.6056055232216128,1.0,1.0,1.0,0.8356689680090054
144,f19d96f947fa52d9,True,1.0,1.0,1.0,1.0,1.0,1.0,1.0
145,1586603a5a6353e6,True,1.0,1.0,0.531222566757693,1.0,1.0,1.0,0.804676069482372
146,e0865304e2b95eaa,True,1.0,1.0,1.0,1.0,1.0,1.0,1.0
147,e536fdecd7ba54a5,True,1.0,1.0,0.8114008793559481,1.0,1.0,1.0,0.9214170330649784
148,f99a74d444e651d3,True,1.0,1.0,0.7921184848235977,1.0,1.0,1.0,0.9133827020098324
149,291a9c13b9345fd7,True,1.0,1.0,0.8695099790986704,1.0,1.0,1.0,0.9456291579577792
150,eccb91aff29c5415,True,1.0,1.0,0.9346911231757566,1.0,1.0,1.0,0.9727879679898986
151,5c34deba76605c7b,True,1.0,1.0,1.0,1.0,1.0,1.0,1.0
152,81161847b27b5bad,True,1.0,1.0,0.7811579363024915,1.0,1.0,1.0,0.9088158067927048
153,4b4a268bee4c5ab5,True,1.0,1.0,1.0,1.0,1.0,1.0,1.0
154,f6483f2f9126533f,True,1.0,1.0,0.7578089520720356,1.0,1.0,1.0,0.8990870633633481
155,64f47c2f2c7754cb,True,1.0,1.0,0.6533968963667953,1.0,1.0,0.5,0.8555820401528313
156,ea34282dc63d5a9a,True,1.0,1.0,0.7146404152566939,1.0,1.0,1.0,0.8811001730236224
157,01876d7aa6f55554,True,1.0,1.0,0.47860582140367003,1.0,1.0,1.0,0.7827524255848625
158,bb2645c10ec25a6b,True,1.0,1.0,0.7901973997631065,1.0,1.0,1.0,0.9125822499012944
159,ee69970ae6f85870,True,1.0,1.0,1.0,1.0,1.0,1.0,1.0
160,4936360c43435011,True,1.0,1.0,0.7240673253236184,1.0,1.0,1.0,0.8850280522181744
161,c7e06d79e58454ae,True,1.0,1.0,1.0,1.0,1.0,1.0,1.0
162,00f925ab5406520f,True,1.0,1.0,0.9223115926192664,1.0,1.0,1.0,0.9676298302580276
163,c648574640a65934,True,1.0,1.0,0.8825200172814901,1.0,1.0,1.0,0.9510500072006209
164,fdd71ab4630a5fb8,True,1.0,1.0,0.8757489338265195,1.0,1.0,1.0,0.9482287224277165
165,268ab283b4a95126,True,1.0,1.0,0.9056417793059894,1.0,1.0,1.0,0.9606840747108288
166,649ee93e67cc58bb,True,1.0,1.0,1.0,1.0,1.0,1.0,1.0
167,0a0d91d55b0757f8,True,1.0,1.0,0.9107160327328032,1.0,1.0,1.0,0.9627983469720013
168,b432924be8c151d8,True,1.0,1.0,0.8274309152922994,1.0,1.0,1.0,0.9280962147051248
169,ef703bb40b9a516c,True,1.0,1.0,0.9905215730069526,1.0,1.0,1.0,0.9960506554195637
170,7f2cd560a3c3528a,True,1.0,1.0,0.8768600670107198,1.0,1.0,1.0,0.9486916945877999
171,6f11adda2af357ff,True,1.0,1.0,0.9780848636968683,1.0,1.0,0.0,0.9908686932070285
172,8e9e20dde3ed5f0d,True,1.0,1.0,0.5294057756893698,1.0,1.0,1.0,0.803919073203904
173,fe9ad4d0e8d355e2,True,1.0,1.0,0.9605151455388735,1.0,1.0,1.0,0.983547977307864
174,4889752cac5f5e59,True,1.0,1.0,0.9180358950768149,1.0,1.0,1.0,0.9658482896153395
175,1e80afcdb0b65cc4,True,1.0,1.0,0.9184457225829652,1.0,1.0,1.0,0.9660190510762355
176,162436ec6cca53a4,True,1.0,1.0,0.8261972877022038,1.0,1.0,1.0,0.9275822032092517
177,1a66019703c45296,True,1.0,0.0,0.0,1.0,1.0,1.0,0.0
178,86027694aed550bd,True,1.0,1.0,1.0,1.0,1.0,1.0,1.0
179,d65373ac727f541f,True,1.0,1.0,1.0,1.0,1.0,1.0,1.0
180,7762b47b2ed156a9,True,1.0,1.0,0.9082134915036698,1.0,1.0,1.0,0.9617556214598624
181,e801c47d97b95978,True,1.0,1.0,0.655896278634888,1.0,1.0,1.0,0.8566234494312033
182,3c93f87b0bb0561d,True,1.0,1.0,1.0,1.0,1.0,1.0,1.0
183,d54eba5510dc5469,True,1.0,1.0,0.8054200595279785,1.0,1.0,1.0,0.9189250248033244
184,6c737af6c9a752dc,True,1.0,1.0,0.8253181615826546,1.0,1.0,1.0,0.9272159006594394
185,7f9f4661a4875959,True,1.0,1.0,0.7629381758788578,1.0,1.0,1.0,0.9012242399495242
186,d37cdaefc82d5cb2,True,1.0,1.0,1.0,1.0,1.0,1.0,1.0
187,2f5ae1e4cf9d59fa,True,1.0,0.0,0.0,1.0,1.0,1.0,0.0
188,ffac18af5cea540a,True,1.0,1.0,0.5698854790589554,1.0,1.0,1.0,0.8207856162745647
189,013456829c0050ce,True,1.0,1.0,1.0,1.0,1.0,1.0,1.0
190,c4b85436e314515b,True,1.0,1.0,0.678360879904297,1.0,1.0,1.0,0.8659836999601237
191,9abf3af825a35a9e,True,1.0,1.0,1.0,1.0,1.0,1.0,1.0
192,afbf82af256b5711,True,1.0,1.0,0.7396723772365253,1.0,1.0,1.0,0.8915301571818856
193,dddf14378c355c3a,True,1.0,1.0,0.8918588356157579,1.0,1.0,1.0,0.9549411815065657
194,887c38b0c24d5b51,True,1.0,1.0,0.8445837817267731,1.0,1.0,1.0,0.9352432423861554
195,2eac5afe2036526c,True,1.0,1.0,0.9316145816194888,1.0,1.0,1.0,0.9715060756747871
196,75cfb9c37e425214,True,1.0,1.0,0.8903000732513228,1.0,1.0,1.0,0.9542916971880512
197,81a726148d245594,True,1.0,1.0,1.0,1.0,1.0,1.0,1.0
198,7d74c894066f5b2c,True,1.0,1.0,1.0,1.0,1.0,1.0,1.0
199,92079b2eb4675c0d,True,1.0,1.0,0.7164767517091418,1.0,1.0,1.0,0.8818653132121425
200,c96b4de8d3d55287,True,1.0,1.0,0.8196630651409187,1.0,1.0,1.0,0.9248596104753828
201,41892d06df125856,True,1.0,1.0,1.0,1.0,1.0,1.0,1.0
202,8181a3050dfa51b4,True,1.0,1.0,0.6119484064956572,1.0,1.0,1.0,0.8383118360398573
203,0f9e883357585ec4,True,1.0,1.0,1.0,1.0,1.0,1.0,1.0
204,5876e4def8615813,True,1.0,1.0,0.8523994689793627,1.0,1.0,1.0,0.938499778741401
205,f50843b06ec259f2,True,1.0,1.0,0.8928902735652294,1.0,1.0,1.0,0.9553709473188455
206,11d4b52fb458559f,True,1.0,1.0,1.0,1.0,1.0,1.0,1.0
207,d2fbab8bed795b5a,True,1.0,1.0,1.0,1.0,1.0,1.0,1.0
208,5d2ee89308f958be,True,1.0,1.0,0.7186284986539472,1.0,1.0,1.0,0.8827618744391447
209,72b0f2dcaf1f59a1,True,1.0,1.0,0.9738211119740047,1.0,1.0,1.0,0.9890921299891686
210,c5ff90667143574a,True,1.0,1.0,0.9877985257022738,1.0,1.0,1.0,0.9949160523759474
211,938ceea80dd85b62,True,1.0,1.0,0.7970115061679988,1.0,1.0,1.0,0.9154214609033328
212,973f0873af40574e,True,1.0,0.0,0.0,1.0,1.0,1.0,0.0
213,35fb7e0858ae5bc8,True,1.0,1.0,0.751686064620869,1.0,1.0,0.5,0.8965358602586955
214,01fea9c4f9f45634,True,1.0,1.0,0.9805665147114144,1.0,1.0,1.0,0.9919027144630893
215,bf0441f2960b5e17,True,1.0,1.0,0.8820846526708799,1.0,1.0,1.0,0.9508686052795333
216,611145a947d95451,True,1.0,1.0,0.9181311841609489,1.0,1.0,1.0,0.9658879934003953
217,4421e25bf73a553b,True,1.0,0.0,0.0,1.0,1.0,1.0,0.0
218,917f7087f2665add,True,1.0,1.0,0.8202765253906906,1.0,1.0,1.0,0.9251152189127877
219,c4e78f6c6fbc5ebe,True,1.0,1.0,0.7223492357801615,1.0,1.0,1.0,0.8843121815750673
220,ead9740dd25f59c3,True,1.0,1.0,1.0,1.0,1.0,1.0,1.0
221,14d36ea6b2d858a0,True,1.0,1.0,0.5337894232669544,1.0,1.0,1.0,0.8057455930278977
222,aefd4ac2f4005309,True,1.0,1.0,0.9219599767075507,1.0,1.0,1.0,0.9674833236281462
223,082ea12d7b2355cb,True,1.0,0.0,0.0,0.0,1.0,1.0,0.0
224,be503a7ef2805c88,True,1.0,1.0,1.0,1.0,1.0,1.0,1.0
225,555226e5142f50ed,True,1.0,1.0,1.0,1.0,1.0,1.0,1.0
226,507a3844cf3051de,True,1.0,0.0,0.0,1.0,1.0,1.0,0.0
227,763821f100605f76,True,1.0,1.0,0.8889723989604777,1.0,1.0,1.0,0.9537384995668656
228,67628d15c5b45860,True,1.0,1.0,0.7727127384883808,1.0,1.0,1.0,0.9052969743701587
229,1f7910e143ab5300,True,1.0,1.0,0.9540767766327943,1.0,1.0,1.0,0.9808653235969977
230,dcf6caabbee354f7,True,1.0,1.0,0.8264462141367012,1.0,1.0,1.0,0.9276859225569588
231,6dcb6aa97a07588b,True,1.0,1.0,0.8400742248291706,1.0,1.0,1.0,0.9333642603454878
232,6a6362156db75390,True,1.0,1.0,0.9056555982865662,1.0,1.0,1.0,0.9606898326194026
233,3420dd4340635018,True,1.0,1.0,0.7418154237806176,1.0,1.0,1.0,0.892423093241924
234,39108eefc8e95e0e,True,1.0,1.0,0.765587940152463,1.0,1.0,1.0,0.9023283083968595
235,9f547ab121b456e1,True,0.0,1.0,0.0,0.0,1.0,1.0,0.0
236,1a9928bcc34451aa,True,1.0,1.0,1.0,1.0,1.0,1.0,1.0
237,206ccbdfb1e25bf2,True,1.0,1.0,0.9061090654307895,1.0,1.0,0.5,0.960878777262829
238,8bb0f6034d505f75,True,1.0,1.0,0.5355493740167343,1.0,1.0,1.0,0.806478905840306
239,491dce963f7f5b57,True,1.0,1.0,1.0,1.0,1.0,1.0,1.0
240,964c8941cfe558bb,True,1.0,1.0,0.8634778482862674,1.0,1.0,1.0,0.9431157701192779
241,47e3bbbd82b2583b,True,1.0,1.0,1.0,1.0,1.0,1.0,1.0
242,728988dc8a8b502a,True,1.0,1.0,0.7447625034162774,1.0,1.0,1.0,0.8936510430901156
243,9ed452bde7335185,True,1.0,1.0,0.7925014475936513,1.0,1.0,1.0,0.9135422698306881
244,f02b15cc225b5d9a,True,1.0,1.0,1.0,1.0,1.0,1.0,1.0
245,0c4bf4c931b05734,True,1.0,1.0,0.600697486193952,1.0,1.0,1.0,0.8336239525808132
246,3d744662757d5ca2,True,1.0,1.0,0.9149927046749545,1.0,1.0,1.0,0.9645802936145644
247,387504d3db1852b0,True,1.0,1.0,0.5487382446218012,1.0,1.0,1.0,0.8119742685924173
248,8fce05a181775f63,True,1.0,1.0,0.8467556015671688,1.0,1.0,1.0,0.9361481673196538
249,308e246a1d995edd,True,1.0,0.0,0.0,1.0,1.0,1.0,0.0
250,df57cf24b8025365,True,1.0,1.0,0.9617754182510072,1.0,1.0,1.0,0.9840730909379197
251,f91ece9be7be56f6,True,1.0,1.0,0.5908137774725641,1.0,1.0,1.0,0.8295057406135684
252,fec2bf4f1842590c,True,1.0,1.0,0.8912623212487794,1.0,1.0,1.0,0.9546926338536581
253,40508dfbe0f35d8e,True,1.0,1.0,0.8138774148425111,1.0,1.0,1.0,0.9224489228510463
254,2c1c564733075187,True,1.0,0.0,0.0,1.0,1.0,1.0,0.0
255,b4f362c0d9015d07,True,1.0,1.0,0.7427621212282746,1.0,1.0,1.0,0.892817550511781
256,429cd9dc9d2154a4,True,1.0,1.0,1.0,1.0,1.0,1.0,1.0
257,ced4cade3bea53e7,True,1.0,1.0,1.0,1.0,1.0,1.0,1.0
258,4434242a192c58b4,True,1.0,1.0,1.0,0.0,1.0,1.0,0.5833333333333334
259,df92aab39a395584,True,1.0,1.0,1.0,1.0,1.0,1.0,1.0
260,3808a6ba716d5da1,True,1.0,1.0,0.8697953757771855,1.0,1.0,1.0,0.945748073240494
261,acb57a529dae5da1,True,1.0,1.0,0.8032205973996729,1.0,1.0,1.0,0.9180085822498637
262,0dd3297ee86d56c9,True,1.0,1.0,1.0,0.0,1.0,1.0,0.5833333333333334
263,92c920c643695ff3,True,1.0,1.0,0.8222613003306782,1.0,1.0,1.0,0.925942208471116
264,029a9572e05a5914,True,1.0,1.0,0.9832496087688446,1.0,1.0,1.0,0.993020670320352
265,3038555c47555d08,True,1.0,1.0,0.8764289238384192,1.0,1.0,1.0,0.9485120515993414
266,b8deacee10515f02,True,1.0,1.0,1.0,1.0,1.0,0.0,1.0
267,4a557f1bfe3b5645,True,1.0,1.0,1.0,0.0,1.0,1.0,0.5833333333333334
268,53a7531622255064,True,1.0,1.0,1.0,1.0,1.0,1.0,1.0
269,be527ba55a8a548b,True,1.0,1.0,0.7561965150890503,1.0,1.0,1.0,0.8984152146204375
270,131a036a111e54f3,True,1.0,1.0,1.0,1.0,1.0,1.0,1.0
271,ff94ab2c81a25745,True,1.0,1.0,0.8380570521255416,1.0,1.0,1.0,0.9325237717189756
272,cf9a762e8aaa55b4,True,1.0,1.0,1.0,1.0,1.0,1.0,1.0
273,ef72c411731f5e79,True,1.0,1.0,0.5752364394025651,1.0,1.0,1.0,0.8230151830844021
274,899ed9ca42d750c6,True,1.0,1.0,1.0,1.0,1.0,1.0,1.0
275,9502cdbb06dd516f,True,1.0,1.0,1.0,1.0,1.0,1.0,1.0
276,97c8e9ca10ba5a69,True,1.0,1.0,0.7541211373297833,1.0,1.0,1.0,0.8975504738874097
277,645f5f6b94345fc3,True,1.0,1.0,0.7223666432237473,1.0,1.0,1.0,0.8843194346765614
278,f750532882175c31,True,1.0,1.0,0.866685640369035,1.0,1.0,1.0,0.9444523501537646
279,a70f950103b558b9,True,1.0,0.0,0.0,1.0,1.0,0.0,0.0
280,89751620b3555ef8,True,1.0,1.0,1.0,1.0,1.0,1.0,1.0
281,40ef82b4d5735701,True,1.0,1.0,1.0,1.0,1.0,1.0,1.0
282,cff46947b17c5415,True,1.0,1.0,1.0,1.0,1.0,1.0,1.0
283,c022ad6a9b6f5367,True,1.0,1.0,1.0,1.0,1.0,1.0,1.0
284,41470fb14dab5d99,True,0.0,1.0,0.0,0.0,1.0,1.0,0.0
285,8ce3ec49327d572e,True,1.0,1.0,1.0,1.0,1.0,1.0,1.0
286,3f03e086a6d6571d,True,1.0,1.0,0.7760887897405051,1.0,1.0,1.0,0.9067036623918772
287,ba0dffc45509514e,True,1.0,1.0,0.7762082217052931,1.0,1.0,1.0,0.9067534257105389
288,61d71be9811b5554,True,1.0,0.0,0.0,1.0,1.0,0.0,0.0
289,0f97d412a94255ac,True,1.0,1.0,1.0,1.0,1.0,1.0,1.0
290,54229e2cb94b5adb,True,1.0,1.0,0.674257763919331,1.0,1.0,1.0,0.8642740682997213
291,d76955208924513a,True,1.0,1.0,0.8239601254408488,1.0,1.0,1.0,0.9266500522670204
292,23742ff81ee85c96,True,1.0,1.0,1.0,1.0,1.0,1.0,1.0
293,a08ed58ddc6d53b3,True,1.0,1.0,1.0,1.0,1.0,1.0,1.0
294,d8c6aedcb54a56fb,True,1.0,1.0,0.8004133555162594,1.0,1.0,1.0,0.9168388981317747
295,e7a7c61c543e5b88,True,1.0,1.0,0.7902203655992178,1.0,1.0,1.0,0.9125918189996741
296,42c7526fc6845005,True,1.0,1.0,0.9675821648707313,1.0,1.0,1.0,0.986492568696138
297,85dba97943515cbd,True,1.0,1.0,0.741218721690254,1.0,1.0,1.0,0.8921744673709392
298,2ee8d10b988c58b2,True,1.0,1.0,0.9980111258757606,1.0,1.0,1.0,0.9991713024482336
299,f91b769af7815ea5,True,1.0,1.0,0.7136835071217004,1.0,1.0,1.0,0.8807014613007085
300,3c542be991515ccd,True,1.0,1.0,0.7938306887585973,1.0,1.0,1.0,0.9140961203160822
301,842c341a579a525e,True,1.0,1.0,0.8691263837784443,1.0,1.0,1.0,0.9454693265743518
302,a04a20407bf95386,True,1.0,1.0,0.8381963533457863,1.0,1.0,1.0,0.9325818138940777
303,c440ceb9353f50b6,True,1.0,1.0,0.7275708328859127,1.0,1.0,1.0,0.886487847035797
304,57139af318a45873,True,1.0,1.0,1.0,1.0,1.0,1.0,1.0
305,1039f028cca95109,True,1.0,1.0,0.7226001093790766,1.0,1.0,1.0,0.8844167122412818
306,59127196fe025553,True,1.0,1.0,1.0,1.0,1.0,1.0,1.0
307,a998a0d0131f5208,True,1.0,1.0,0.6381485626472811,1.0,1.0,1.0,0.8492285677697003
308,e817f131c7815d82,True,1.0,1.0,1.0,1.0,1.0,1.0,1.0
309,78f8d55c59105b7b,True,1.0,1.0,1.0,1.0,1.0,1.0,1.0
310,7a64a496ba815aa8,True,1.0,1.0,0.7056603815024837,1.0,1.0,1.0,0.8773584922927015
311,4b259f30bb73511d,True,1.0,1.0,1.0,1.0,1.0,1.0,1.0
312,df0122d3b7d35eb9,True,1.0,1.0,1.0,1.0,1.0,1.0,1.0
313,184c11a8cc875403,True,1.0,0.0,0.0,1.0,1.0,1.0,0.0
314,543075ac6a275db3,True,1.0,1.0,0.7831317555572065,1.0,1.0,1.0,0.9096382314821693
315,43440ae761cd5a8e,True,1.0,1.0,0.8498001464380777,1.0,1.0,1.0,0.9374167276825324
316,8051c60f20705909,True,1.0,1.0,0.8734537083064579,1.0,1.0,1.0,0.9472723784610242
317,e453e4cb030955c7,True,1.0,1.0,0.7955421889525572,1.0,1.0,1.0,0.9148092453968989
318,6d846dadde695838,True,1.0,1.0,0.7594404298948655,1.0,1.0,1.0,0.8997668457895273
319,e24e2c91fb5759dc,True,1.0,1.0,0.759329017462752,1.0,1.0,1.0,0.8997204239428133
320,143234de18d5587f,True,1.0,1.0,1.0,0.0,1.0,1.0,0.5833333333333334
321,9b94fe18b9ea5b73,True,1.0,1.0,1.0,1.0,1.0,1.0,1.0
322,7767ce3fbd5f5f50,True,1.0,1.0,0.9873449915061069,1.0,1.0,1.0,0.9947270797942113
323,d0ae9b081c1857cf,True,1.0,1.0,0.8123407582554492,1.0,1.0,1.0,0.9218086492731038
324,4dd9d92ade255f95,True,1.0,1.0,0.994320855982913,1.0,1.0,1.0,0.9976336899928805
325,8c3d43af9a905864,True,1.0,1.0,1.0,1.0,1.0,1.0,1.0
326,ccaf88fb91a25119,True,1.0,1.0,0.6232899082130378,1.0,1.0,1.0,0.8430374617554324
327,17296f6032025ecc,True,1.0,1.0,0.8047123235863232,1.0,1.0,1.0,0.9186301348276347
328,330fe55520e351fb,True,1.0,1.0,1.0,1.0,1.0,1.0,1.0
329,daa09f8522125950,True,1.0,1.0,1.0,1.0,1.0,1.0,1.0
330,0868436794795421,True,1.0,1.0,0.7707657575333247,1.0,1.0,1.0,0.904485732305552
331,1cbb42e800785a61,True,1.0,1.0,0.9868029434896969,1.0,1.0,1.0,0.9945012264540404
332,2a49d54f73775909,True,1.0,1.0,1.0,1.0,1.0,1.0,1.0
333,767f7fdfb0a356e0,True,1.0,1.0,1.0,1.0,1.0,1.0,1.0
334,99e4c28a82735b10,True,1.0,1.0,0.5917472209794469,1.0,1.0,1.0,0.8298946754081028
335,e826fc97761759f9,True,1.0,1.0,1.0,1.0,1.0,1.0,1.0
336,10d18b323ff35a1f,True,1.0,1.0,1.0,1.0,1.0,1.0,1.0
337,764bbbaf51f85bd8,True,1.0,0.0,0.0,1.0,1.0,0.0,0.0
338,da64267c15aa5531,True,1.0,1.0,1.0,1.0,1.0,1.0,1.0
339,955098957a615194,True,1.0,1.0,0.5964933100355401,1.0,1.0,1.0,0.8318722125148085
340,edcad0bfc4b15515,True,1.0,1.0,0.7387279057488707,1.0,1.0,1.0,0.8911366273953627
341,0cc24c1449cd54f9,True,1.0,1.0,1.0,1.0,1.0,1.0,1.0
342,1b4af0da5a485c17,True,1.0,1.0,0.9707612859310879,1.0,1.0,1.0,0.9878172024712866
343,f7a5f237abcd5b04,True,1.0,1.0,0.9581563543527967,1.0,1.0,1.0,0.9825651476469986
344,ff1044970b525386,True,1.0,1.0,1.0,1.0,1.0,1.0,1.0
345,2b482f615de15efb,True,1.0,1.0,1.0,1.0,1.0,1.0,1.0
346,bc2314763cfc545d,True,1.0,1.0,0.8077971443122491,1.0,1.0,1.0,0.9199154767967705
347,9fb619b502495ffc,True,1.0,1.0,0.9381589252647746,1.0,1.0,1.0,0.9742328855269894
348,d9880e5e2cff5787,True,1.0,1.0,1.0,1.0,1.0,1.0,1.0
349,4b5846fcc3725b95,True,1.0,1.0,0.7954841966561917,1.0,1.0,1.0,0.9147850819400799
350,fa6480e0a896514c,True,1.0,1.0,1.0,1.0,1.0,1.0,1.0
351,0b57b00279885fd4,True,1.0,1.0,0.8820206543097128,1.0,1.0,1.0,0.9508419392957137
352,476c5597de1b5455,True,1.0,1.0,1.0,1.0,1.0,1.0,1.0
353,ae15b0488a6c5bd8,True,1.0,1.0,1.0,1.0,1.0,1.0,1.0
354,1c25de3a1c805da1,True,1.0,1.0,0.6935807347076817,1.0,1.0,1.0,0.8723253061282007
355,a4c23fa815945fe3,True,1.0,1.0,0.8820484014842974,1.0,1.0,1.0,0.9508535006184573
356,4356c31443585d79,True,1.0,1.0,0.8374129808489889,1.0,1.0,0.0,0.9322554086870788
357,9b8fa6b5b4505d22,True,1.0,1.0,0.7807081573898351,1.0,1.0,1.0,0.9086283989124313
358,ffbe4e0250f45a3a,True,1.0,1.0,0.68685646326318,1.0,1.0,1.0,0.8695235263596582
359,29949ff80141506e,True,1.0,1.0,0.7734917628689614,1.0,1.0,1.0,0.9056215678620673
360,7d6c25f47aa658e8,True,1.0,1.0,1.0,1.0,1.0,1.0,1.0
361,60f9200ffade5c53,True,1.0,1.0,0.8243619493211243,1.0,1.0,1.0,0.9268174788838017
362,c1e76b8992fa5182,True,1.0,1.0,0.9230050949539218,1.0,1.0,1.0,0.9679187895641341
363,bba5d587cab25dfa,True,1.0,1.0,1.0,1.0,1.0,1.0,1.0
364,05f9443de2185b91,True,1.0,1.0,0.8388294613372764,1.0,1.0,1.0,0.9328456088905318
365,f4d95a784b725915,True,1.0,1.0,0.9985054159597068,1.0,1.0,1.0,0.9993772566498779
366,2c29f40d1a1d5b28,True,1.0,1.0,0.9541251203948315,1.0,1.0,1.0,0.9808854668311797
367,beeb0c78917a528a,True,1.0,1.0,1.0,0.0,1.0,1.0,0.5833333333333334
368,60e35d8a323b5b5f,True,1.0,1.0,0.7164029767398886,1.0,1.0,1.0,0.8818345736416203
369,5f859ab2a2205477,True,1.0,1.0,0.5526459996726256,1.0,1.0,1.0,0.813602499863594
370,3741be84f7c15b5a,True,1.0,1.0,0.8599177538564312,1.0,1.0,1.0,0.9416323974401797
371,4be4c3659ea0575c,True,1.0,1.0,1.0,1.0,1.0,1.0,1.0
372,7b429e3d4ad159a2,True,1.0,1.0,1.0,1.0,1.0,1.0,1.0
373,c4884a363f805a18,True,1.0,1.0,0.9929409980979437,1.0,1.0,1.0,0.9970587492074765
374,18176fbd46ba5000,True,1.0,1.0,1.0,1.0,1.0,1.0,1.0
375,298fff3a2ae95293,True,1.0,1.0,0.814108239475151,1.0,1.0,1.0,0.9225450997813129
376,9dff2b84ff305fff,True,1.0,1.0,0.9819807281262825,1.0,1.0,1.0,0.9924919700526177
377,9986c0e5f88f547f,True,1.0,1.0,0.8923998368516741,1.0,1.0,1.0,0.9551665986881975
378,4a681a6497d35e68,True,1.0,1.0,1.0,1.0,1.0,1.0,1.0
379,0dd23f4ea286544f,True,1.0,1.0,0.714417862443068,1.0,1.0,1.0,0.8810074426846116
380,4d3807c5fd5d573f,True,1.0,1.0,0.9205423761829199,1.0,1.0,1.0,0.9668926567428833
381,d20dc707981f56e7,True,1.0,1.0,1.0,1.0,1.0,1.0,1.0
382,a5c9bcab52165145,True,1.0,1.0,0.9722518107363859,1.0,1.0,1.0,0.9884382544734942
383,1d58f582aa95543b,True,1.0,1.0,0.8261200575287776,1.0,1.0,1.0,0.9275500239703239
384,3e09adf2d7055216,True,1.0,1.0,1.0,1.0,1.0,1.0,1.0
385,aff4d44c562f5eef,True,1.0,1.0,1.0,1.0,1.0,1.0,1.0
386,ec1fc260f1c15d42,True,1.0,1.0,0.7917846966433042,1.0,1.0,1.0,0.9132436236013768
387,74308c04628b5879,True,1.0,1.0,0.9099368319126105,1.0,1.0,1.0,0.9624736799635878
388,8f5485a8338c5278,True,1.0,1.0,0.9076043664885296,1.0,1.0,1.0,0.9615018193702207
389,1d95772619d35606,True,1.0,1.0,0.8706808405108964,1.0,1.0,1.0,0.9461170168795402
390,bd09fe587b1a59e3,True,1.0,1.0,1.0,1.0,1.0,1.0,1.0
391,d2777b7b71325a67,True,1.0,1.0,0.7914158410881228,1.0,1.0,1.0,0.9130899337867179
392,0a2f44ba3be05531,True,1.0,1.0,0.7758305626684524,1.0,1.0,1.0,0.9065960677785219
393,bd9af5e4299b5fb6,True,1.0,0.0,0.0,1.0,1.0,1.0,0.0
394,3813108829ab54c2,True,1.0,1.0,0.7730937636375984,1.0,1.0,1.0,0.9054557348489993
395,fdaf1d60259d5466,True,1.0,1.0,0.9533119690665773,1.0,1.0,1.0,0.9805466537777404
396,d53c6de1a159537b,True,1.0,1.0,0.804926677508264,1.0,1.0,1.0,0.9187194489617766
397,3b0cda86b999528c,True,1.0,1.0,0.6102464438355609,1.0,1.0,1.0,0.8376026849314838
398,c9cf4a630abf5bc7,True,1.0,1.0,1.0,1.0,1.0,1.0,1.0
399,23993a36d4e75a1d,True,1.0,1.0,1.0,1.0,1.0,1.0,1.0
400,9ddee0363c1f530a,True,1.0,1.0,1.0,1.0,1.0,1.0,1.0
401,679b181821395966,True,1.0,1.0,0.8587648445565527,1.0,1.0,1.0,0.9411520185652303
402,135ae32b6edc55c5,True,1.0,1.0,1.0,1.0,1.0,1.0,1.0
403,93e2f4fc13a35269,True,1.0,1.0,0.8841663109514282,1.0,1.0,1.0,0.9517359628964285
404,17eb5d70d9f15c7e,True,1.0,1.0,0.8764714358955061,1.0,1.0,1.0,0.9485297649564609
405,14d9640a8b9d5d7d,True,1.0,0.0,0.0,1.0,1.0,1.0,0.0
406,7140077d03e25c2c,True,1.0,1.0,0.7603348995180734,1.0,1.0,1.0,0.900139541465864
407,6b50fb6bf8265936,True,0.0,1.0,0.0,0.0,1.0,1.0,0.0
408,4280b7024092550c,True,1.0,1.0,1.0,1.0,1.0,1.0,1.0
409,b46f5915049e52a5,True,1.0,1.0,0.8590684315861162,1.0,1.0,1.0,0.9412785131608817
410,5b891b54880f5fab,True,1.0,1.0,0.8407622690346234,1.0,1.0,1.0,0.9336509454310931
411,e5c10d26102f51e3,True,1.0,0.0,0.0,1.0,1.0,1.0,0.0
412,87b32a1aeeb85613,True,1.0,1.0,0.7510696663713073,1.0,1.0,1.0,0.8962790276547113
413,b75644dcc9ca58fe,True,1.0,1.0,0.8656382356797448,1.0,1.0,1.0,0.9440159315332272
414,a73467a2eede50e9,True,1.0,1.0,0.7829027629249373,1.0,1.0,1.0,0.9095428178853906
415,28c89352b09b55d4,True,1.0,1.0,0.6636774732712206,1.0,1.0,1.0,0.8598656138630085
416,3fbc15dbb18756ba,True,1.0,1.0,1.0,1.0,1.0,1.0,1.0
417,6404a27bddb85488,True,1.0,1.0,1.0,1.0,1.0,1.0,1.0
418,ebb383e16f7c5121,True,1.0,1.0,1.0,1.0,1.0,1.0,1.0
419,3be6682bde7d5548,True,1.0,1.0,0.8633025941701264,1.0,1.0,1.0,0.9430427475708859
420,71c32c511a445d13,True,1.0,1.0,0.6282665442216926,1.0,1.0,1.0,0.8451110600923718
421,73c8918f6d995213,True,1.0,1.0,0.8825293948123101,1.0,1.0,1.0,0.9510539145051292
422,4c5164f4b17d5581,True,1.0,1.0,1.0,1.0,1.0,1.0,1.0
423,333a4f8a12dc564d,True,1.0,1.0,0.6766896917490778,1.0,1.0,1.0,0.8652873715621157
424,3380ae828ea75d1e,True,0.0,1.0,0.0,0.0,1.0,0.0,0.0
425,3e2a45dbe6fa50aa,True,1.0,1.0,0.9482730600093822,1.0,1.0,1.0,0.9784471083372427
426,6322316826a2547a,True,1.0,1.0,0.7609521691308803,1.0,1.0,1.0,0.9003967371378668
427,253dba7510ca56b8,True,1.0,1.0,0.8656384899445758,1.0,1.0,1.0,0.9440160374769065
428,d961e40cb8185341,True,1.0,1.0,1.0,1.0,1.0,0.5,1.0
429,67abcf0964415891,True,1.0,1.0,1.0,1.0,1.0,1.0,1.0
430,7d923c664b7b5dae,True,1.0,1.0,0.6826693065971569,1.0,1.0,1.0,0.8677788777488153
431,03c50783a77551a2,True,1.0,1.0,0.7393515005405783,1.0,1.0,1.0,0.8913964585585742
432,63d6fbc938bc58cb,True,1.0,0.0,0.0,1.0,1.0,1.0,0.0
433,8362f66ef1aa51b1,True,1.0,1.0,0.8287305549636758,1.0,1.0,1.0,0.9286377312348648
434,526b66c665085401,True,1.0,1.0,0.8775816342420165,1.0,1.0,1.0,0.9489923476008402
435,83d03e995ce55e9b,True,1.0,1.0,0.9639008561834079,1.0,1.0,1.0,0.9849586900764199
436,df4bbe0b4f6d5312,True,1.0,1.0,1.0,0.0,1.0,1.0,0.5833333333333334
437,61b108df4a5f53fb,True,1.0,1.0,0.9476527125017503,1.0,1.0,1.0,0.9781886302090627
438,d7c74666773f5575,True,1.0,1.0,0.5903853910476734,1.0,1.0,1.0,0.8293272462698639
439,2a9a3fe02d46551c,True,1.0,1.0,0.7287010832877583,1.0,1.0,1.0,0.8869587847032326
440,8c867708395f5374,True,1.0,1.0,1.0,1.0,1.0,1.0,1.0
441,57d9e7f9125751e2,True,1.0,1.0,0.7987805660445322,1.0,1.0,1.0,0.9161585691852218
442,3f4cedf4897a568e,True,1.0,1.0,0.8468527829868757,1.0,1.0,1.0,0.9361886595778648
443,315aedf84f9f59c3,True,0.5,1.0,1.0,0.0,1.0,1.0,0.2916666666666667
444,13fa82d6564e5bac,True,1.0,1.0,0.9713877067887206,1.0,1.0,1.0,0.9880782111619668
445,3b0d2b5f50f752c7,True,1.0,1.0,1.0,1.0,1.0,1.0,1.0
446,21b98219003453af,True,1.0,1.0,0.8462072002117406,1.0,1.0,1.0,0.9359196667548919
447,3cdaaa2bcfd55b68,True,1.0,1.0,1.0,1.0,1.0,1.0,1.0
448,e0307c8f17145414,True,1.0,1.0,0.5760993458278627,1.0,1.0,1.0,0.8233747274282761
449,8f82805b2edb5a25,True,1.0,1.0,0.7061100696834625,1.0,1.0,1.0,0.8775458623681094
450,efb0bd5e26305e5b,True,1.0,1.0,0.7003945806952089,1.0,1.0,1.0,0.8751644086230037
451,28c74da2ea1d5629,True,1.0,1.0,1.0,1.0,1.0,1.0,1.0
452,78ea729667c1558b,True,1.0,1.0,0.8588364500182942,1.0,1.0,1.0,0.9411818541742892
453,f40f57ad82885f04,True,1.0,1.0,1.0,1.0,1.0,1.0,1.0
454,0388cd6f1af65029,True,1.0,1.0,1.0,1.0,1.0,1.0,1.0
455,52a4ade5aede53d9,True,1.0,1.0,0.876850550606017,1.0,1.0,1.0,0.9486877294191739
456,bd5f0b15f9a65bf1,True,1.0,0.0,0.0,1.0,1.0,1.0,0.0
457,8562e5f582e251cf,True,1.0,1.0,0.7480354299089738,1.0,1.0,1.0,0.8950147624620725
458,8ca47b84db7053a8,True,1.0,1.0,1.0,1.0,1.0,1.0,1.0
459,a0024513b78656f1,True,1.0,1.0,1.0,1.0,1.0,1.0,1.0
460,66f9739ef19d5742,True,1.0,1.0,1.0,1.0,1.0,1.0,1.0
461,be9423a8f0e75d33,True,1.0,1.0,0.9624915662141001,1.0,1.0,0.0,0.9843714859225416
462,2b641a3ecff5580e,True,1.0,1.0,0.9629251986541492,1.0,1.0,1.0,0.9845521661058955
463,4e734888d8465563,True,1.0,1.0,1.0,1.0,1.0,1.0,1.0
464,41d49aa70484596d,True,1.0,1.0,0.6567135385063405,1.0,1.0,1.0,0.8569639743776419
465,55016fc4cd15505d,True,1.0,1.0,1.0,1.0,1.0,0.5,1.0
466,cab75d9e74eb52a1,True,1.0,1.0,0.924248147766426,1.0,1.0,1.0,0.9684367282360108
467,58d69daf413c5d5a,True,1.0,1.0,0.5537175184557707,1.0,1.0,1.0,0.8140489660232378
468,9bb9d42a74165cf0,True,1.0,1.0,0.7463530216199354,1.0,1.0,1.0,0.8943137590083063
469,9c63c33c198e5aa9,True,1.0,1.0,0.860948512453302,1.0,1.0,1.0,0.9420618801888758
470,ef51ebb0662159d9,True,1.0,1.0,0.9218984622199516,1.0,1.0,1.0,0.9674576925916464
471,4b9402651fd85547,True,1.0,1.0,0.7188702261967329,1.0,1.0,1.0,0.8828625942486387
472,6b3d5914f92b54d9,True,1.0,1.0,0.7881729193677445,1.0,1.0,1.0,0.9117387164032268
473,44f6f13541dd526e,True,1.0,1.0,0.858555328153754,1.0,1.0,1.0,0.9410647200640643
474,69d2af69b1b75698,True,1.0,1.0,1.0,1.0,1.0,1.0,1.0
475,9e1a8204e14e56e1,True,1.0,1.0,0.9819537973889112,1.0,1.0,1.0,0.9924807489120463
476,3068d16e627b5e69,True,1.0,1.0,0.7303284683422753,1.0,1.0,1.0,0.8876368618092814
477,15f703b63e545d42,True,1.0,1.0,0.8124352411386772,1.0,1.0,1.0,0.9218480171411155
478,daaa1858309c5938,True,1.0,1.0,1.0,1.0,1.0,1.0,1.0
479,f4d869c13a015a28,True,1.0,1.0,0.6793972138693999,1.0,1.0,1.0,0.8664155057789166
480,4c5501833dfd5bb4,True,1.0,1.0,0.6136466094158763,1.0,1.0,1.0,0.8390194205899485
481,c0649cc8913954cd,True,1.0,1.0,1.0,1.0,1.0,1.0,1.0
482,8c2e3aa977d95da5,True,1.0,1.0,0.9932816202121952,1.0,1.0,1.0,0.9972006750884147
483,99127f15fd9b5847,True,1.0,1.0,1.0,1.0,1.0,1.0,1.0
484,177abd8780ad5476,True,1.0,1.0,1.0,1.0,1.0,1.0,1.0
485,1b8f0a989c8b5636,True,1.0,1.0,0.9566348219693815,1.0,1.0,1.0,0.9819311758205757
486,022cc20c8dd45bc5,True,1.0,1.0,1.0,1.0,1.0,1.0,1.0
487,0059b8e52a3f55e8,True,1.0,1.0,0.6467051568327794,1.0,1.0,1.0,0.8527938153469914
488,6a101cae21b1532d,True,1.0,1.0,0.6011483090690088,1.0,1.0,1.0,0.8338117954454204
489,4131dd1f0fd5571b,True,1.0,1.0,0.8611294374986818,1.0,1.0,1.0,0.9421372656244508
490,e12cd09a8f515c73,True,1.0,1.0,0.9026001795302201,1.0,1.0,1.0,0.959416741470925
491,5250ee99c1f05d97,True,1.0,1.0,0.7676101794137111,1.0,1.0,1.0,0.9031709080890463
492,fb92846550d15dc1,True,1.0,1.0,1.0,1.0,1.0,1.0,1.0
493,4a4ce3ba90ad5614,True,1.0,1.0,0.8263200766704656,1.0,1.0,1.0,0.9276333652793607
494,c6f0769e0c465417,True,1.0,1.0,0.787997737711767,1.0,1.0,1.0,0.9116657240465695
495,2a359c1d62ed5843,True,1.0,1.0,0.7794595223239872,1.0,1.0,1.0,0.9081081343016614
496,833189ada8fa5ba2,True,1.0,1.0,1.0,1.0,1.0,1.0,1.0
497,bb25cbb49f9157ae,True,1.0,1.0,1.0,1.0,1.0,1.0,1.0
498,59cc5d51c60d5a1d,True,1.0,1.0,1.0,1.0,1.0,1.0,1.0
499,f642f93db71f5dfb,True,1.0,1.0,1.0,1.0,1.0,1.0,1.0
500,42032a0cedd95dc9,True,1.0,1.0,1.0,1.0,1.0,1.0,1.0
501,093362cabde15b52,True,1.0,1.0,0.8292291547359134,1.0,1.0,1.0,0.9288454811399639
502,4e00bf86cd1e5a14,True,1.0,1.0,0.9291592705119757,1.0,1.0,1.0,0.9704830293799898
503,f6ee3ce42dfc56e3,True,1.0,1.0,1.0,1.0,1.0,1.0,1.0
504,d767dfeed9965477,True,1.0,1.0,0.5076911816020694,1.0,1.0,1.0,0.7948713256675289
505,a4cd60ef102957cb,True,1.0,1.0,0.7687964927939259,1.0,1.0,1.0,0.9036652053308024
506,b43de4c16b8d5e99,True,1.0,1.0,0.7519610166573913,1.0,1.0,1.0,0.8966504236072463
507,e9bb1dab462252e9,True,1.0,1.0,1.0,1.0,1.0,1.0,1.0
508,b393ab92c8ac5e77,True,0.5,0.0,0.0,0.0,1.0,1.0,0.0
509,9e1cdfa2d2185645,True,1.0,1.0,0.7630345707837098,1.0,1.0,1.0,0.9012644044932124
510,a6c229d05cdb5016,True,1.0,1.0,1.0,1.0,1.0,1.0,1.0
511,2e8d3c1cd8b15c97,True,1.0,1.0,0.8067369608850417,1.0,1.0,1.0,0.9194737337021007
512,5041cdf76ecb5ee7,True,1.0,1.0,0.650856644442241,1.0,1.0,1.0,0.8545236018509338
513,460110d5a345522d,True,1.0,1.0,1.0,1.0,1.0,1.0,1.0
514,3c379ee75e765c6e,True,1.0,1.0,1.0,1.0,1.0,1.0,1.0
515,aadb2479ded750e4,True,1.0,1.0,0.8689584131014785,1.0,1.0,1.0,0.9453993387922827
516,b431359c21975fe6,True,1.0,1.0,0.9088371012969331,1.0,1.0,1.0,0.9620154588737222
517,6ce0bfddedef5981,True,1.0,1.0,0.9600451287523927,1.0,1.0,1.0,0.9833521369801635
518,7c8900e0a2ef5024,True,1.0,1.0,0.5629766164453988,1.0,1.0,0.5,0.8179069235189161
519,6f4f660648e15c84,True,1.0,1.0,1.0,1.0,1.0,1.0,1.0
520,69e8a01f073d5080,True,1.0,1.0,0.5894738433422482,1.0,1.0,1.0,0.8289474347259368
521,3b6e03834b255849,True,1.0,1.0,0.5313408686340215,1.0,1.0,1.0,0.8047253619308424
522,570ba391cb6158c2,True,1.0,1.0,0.6360832590997483,1.0,1.0,1.0,0.8483680246248951
523,e1d83d0f913a5263,True,1.0,1.0,0.9192670923918616,1.0,1.0,1.0,0.966361288496609
524,1b18327179f15a8f,True,1.0,1.0,0.6864222155564608,1.0,1.0,1.0,0.869342589815192
525,a8c4188597da52a2,True,1.0,1.0,1.0,1.0,1.0,1.0,1.0
526,2f191795b29f52b2,True,1.0,1.0,1.0,1.0,1.0,1.0,1.0
527,3bc729311a8a5d48,True,1.0,1.0,0.753852639206663,1.0,1.0,1.0,0.8974385996694428
528,54a295777c3a5d46,True,1.0,1.0,0.6569410629908488,1.0,1.0,1.0,0.8570587762461871
529,887e4d57da835b12,True,1.0,1.0,1.0,1.0,1.0,1.0,1.0
530,881f60d0faa35c17,True,1.0,1.0,0.7862945238900461,1.0,1.0,1.0,0.9109560516208525
531,989aefa473b75a2a,True,1.0,0.0,0.0,1.0,1.0,0.5,0.0
532,09a004a6ded55f7e,True,1.0,1.0,0.8682075488564945,1.0,1.0,1.0,0.9450864786902061
533,ddf632a3ce305812,True,1.0,1.0,1.0,1.0,1.0,1.0,1.0
534,12c3a7aea386584b,True,1.0,1.0,1.0,1.0,1.0,1.0,1.0
535,604f30d83d8652ae,True,1.0,1.0,1.0,0.0,1.0,1.0,0.5833333333333334
536,bcc94c5142785550,True,1.0,1.0,0.8181224214283843,1.0,1.0,1.0,0.9242176755951602
537,3187a6d159fb51d8,True,1.0,1.0,1.0,1.0,1.0,1.0,1.0
538,50e871f60296566b,True,1.0,1.0,1.0,1.0,1.0,1.0,1.0
539,5b20163cab175e68,True,1.0,1.0,0.7729587622351206,1.0,1.0,1.0,0.9053994842646335
540,6d8767e46d975896,True,1.0,1.0,1.0,1.0,1.0,1.0,1.0
541,be1ef67efd445f45,True,1.0,1.0,1.0,1.0,1.0,1.0,1.0
542,a0e088521cf1547d,True,1.0,1.0,1.0,1.0,1.0,1.0,1.0
543,f53ee13c32ac5bec,True,1.0,1.0,1.0,1.0,1.0,1.0,1.0
544,31602c26eedc5f7e,True,1.0,1.0,0.9522457913572844,1.0,1.0,1.0,0.9801024130655351
545,6b4ae810d2195d79,True,1.0,1.0,1.0,1.0,1.0,1.0,1.0
546,b667e90bf3055cea,True,1.0,1.0,1.0,1.0,1.0,1.0,1.0
547,70d9d518ad0f5382,True,0.0,1.0,0.0,0.0,1.0,1.0,0.0
548,61a236d173ef5055,True,1.0,1.0,0.9379214117813034,1.0,1.0,1.0,0.9741339215755431
549,a810e698e69e5e70,True,1.0,1.0,0.7658004091260296,1.0,1.0,1.0,0.9024168371358456
550,199bda2914215d57,True,1.0,1.0,1.0,1.0,1.0,1.0,1.0
551,56e1329f01d95164,True,1.0,1.0,0.9246151757427536,1.0,1.0,1.0,0.9685896565594807
552,fe5247f772d15ec0,True,1.0,1.0,0.7828235654069137,1.0,1.0,1.0,0.9095098189195473
553,fe4bac0ae9bc5639,True,1.0,1.0,0.5515713615311881,1.0,1.0,1.0,0.8131547339713284
554,50e5a63ba7ac5d51,True,1.0,1.0,1.0,1.0,1.0,1.0,1.0
555,1a46cad936c05c2b,True,1.0,1.0,1.0,1.0,1.0,1.0,1.0
556,3889b6ba58845785,True,1.0,1.0,0.8012550401931811,1.0,1.0,1.0,0.9171896000804921
557,7505cca154d95d60,True,1.0,1.0,0.8926399915579208,1.0,1.0,1.0,0.9552666631491338
558,6b8554204c935ab0,True,1.0,1.0,1.0,1.0,1.0,1.0,1.0
559,5568ad08c60d510f,True,1.0,1.0,0.7584790533651211,1.0,1.0,1.0,0.8993662722354672
560,94817f3d96fe5072,True,1.0,1.0,1.0,1.0,1.0,1.0,1.0
561,ef41e9c7f99d5d85,True,1.0,1.0,0.7459166126843617,1.0,1.0,1.0,0.8941319219518173
562,b39c69db9eb45416,True,1.0,1.0,0.5670294727010569,1.0,1.0,1.0,0.8195956136254403
563,6451d6a270c75f58,True,1.0,1.0,1.0,1.0,1.0,1.0,1.0
564,6a5d6dff67a45a95,True,1.0,1.0,0.8971383846425859,1.0,1.0,1.0,0.9571409936010774
565,490f13844af5590d,True,1.0,1.0,1.0,1.0,1.0,1.0,1.0
566,0c437f9a102c57f4,True,1.0,1.0,0.8691277425810774,1.0,1.0,1.0,0.9454698927421156
567,e3893ed312f45501,True,1.0,1.0,1.0,1.0,1.0,1.0,1.0
568,35119c815b1b59ef,True,1.0,1.0,1.0,1.0,1.0,1.0,1.0
569,73471e4908bc5708,True,1.0,1.0,0.6136695814601754,1.0,1.0,1.0,0.8390289922750731
570,29af925fc44b5380,True,1.0,1.0,0.9212983143025966,1.0,1.0,1.0,0.9672076309594152
571,24ce107c0e75533a,True,1.0,1.0,0.5657250021572251,1.0,1.0,1.0,0.8190520842321772
572,6cad8c31d4725496,True,1.0,1.0,0.9287934508489906,1.0,1.0,1.0,0.9703306045204126
573,7c04e29efc0c5e46,True,1.0,1.0,1.0,1.0,1.0,1.0,1.0
574,f14e7ed78b5d55b4,True,1.0,1.0,0.8128519429699884,1.0,1.0,1.0,0.9220216429041619
575,04a8b092cd525260,True,1.0,1.0,1.0,1.0,1.0,1.0,1.0
576,43066c8c8e325fcf,True,1.0,1.0,0.97397137415371,1.0,1.0,1.0,0.9891547392307126
577,55de917b2f545939,True,1.0,1.0,0.8112375212397884,1.0,1.0,1.0,0.9213489671832452
578,a622f6b5e06f52d0,True,1.0,1.0,1.0,1.0,1.0,1.0,1.0
579,b20e8629283e540c,True,1.0,1.0,0.6273002916921748,1.0,1.0,1.0,0.8447084548717395
580,365c2516e26f5502,True,1.0,1.0,0.8879465116751126,1.0,1.0,1.0,0.953311046531297
581,952dbeff58945400,True,1.0,1.0,1.0,1.0,1.0,1.0,1.0
582,661ce644db6d5546,True,1.0,1.0,1.0,1.0,1.0,1.0,1.0
583,75bb2e7612425d57,True,1.0,1.0,1.0,1.0,1.0,1.0,1.0
584,551867c095c35991,True,1.0,1.0,0.7162831596464135,1.0,1.0,1.0,0.8817846498526724
585,dfaaa711e0a557ba,True,1.0,1.0,1.0,1.0,1.0,1.0,1.0
586,de22e3d2143f51f7,True,1.0,1.0,0.8334585595940963,1.0,1.0,1.0,0.9306077331642069
587,377d556af9d25dab,True,1.0,1.0,1.0,1.0,1.0,1.0,1.0
588,f860c4879d1c5996,True,1.0,0.0,0.0,1.0,1.0,1.0,0.0
589,42d1bc19fbc35965,True,1.0,1.0,1.0,1.0,1.0,1.0,1.0
590,4384cab8593f505e,True,1.0,1.0,0.8233246805113845,1.0,1.0,1.0,0.9263852835464101
591,574b305b50435885,True,1.0,1.0,1.0,1.0,1.0,1.0,1.0
592,dfb58c90fd2e52fa,True,1.0,1.0,0.9748732762439911,1.0,1.0,1.0,0.9895305317683296
593,ac36d9e5cb0752d2,True,1.0,1.0,0.6737366618532201,1.0,1.0,1.0,0.8640569424388417
594,7e8979818a51520e,True,1.0,1.0,0.9198162763023481,1.0,1.0,1.0,0.9665901151259785
595,cdd097ea065a5ff7,True,1.0,1.0,0.9227962882930056,1.0,1.0,1.0,0.9678317867887524
596,e4ae770961c15455,True,1.0,1.0,0.9136277910484941,1.0,1.0,1.0,0.9640115796035392
597,7f08b90f7a44554b,True,1.0,1.0,0.8144969759614922,1.0,1.0,1.0,0.9227070733172885
598,0b0a419d29cf5e9a,True,1.0,1.0,0.7324946192522425,1.0,1.0,1.0,0.8885394246884344
599,af94f29d37e55b02,True,1.0,0.0,0.0,1.0,1.0,1.0,0.0
600,0ae1539816f55b5f,True,1.0,1.0,0.8905840987679533,1.0,1.0,1.0,0.9544100411533138
601,1029003770aa5e2e,True,1.0,1.0,1.0,1.0,1.0,1.0,1.0
602,60c5f18db58c54da,True,1.0,1.0,0.8727659897732171,1.0,1.0,1.0,0.9469858290721738
603,3e68b96c1d745820,True,1.0,1.0,0.682373033396113,1.0,1.0,1.0,0.8676554305817138
604,069c6a5e408653ab,True,1.0,1.0,0.6490660882388269,1.0,1.0,1.0,0.8537775367661778
605,df5915c3464e569e,True,1.0,0.0,0.0,1.0,1.0,1.0,0.0
606,ad54eadf72625631,True,1.0,1.0,0.5667046573904717,1.0,1.0,1.0,0.8194602739126965
607,5b1acae08f2e5d76,True,1.0,1.0,0.9625230822781856,1.0,1.0,1.0,0.9843846176159107
608,5abe25231fd05639,True,1.0,1.0,1.0,1.0,1.0,1.0,1.0
609,b2872eb05a455f97,True,1.0,1.0,0.22262702207239388,1.0,1.0,1.0,0.6760945925301641
610,024d89a3e1e752dc,True,1.0,1.0,0.875882284789496,1.0,1.0,1.0,0.9482842853289567
611,039e37993d565b25,True,1.0,1.0,1.0,1.0,1.0,1.0,1.0
612,b036f9ef53cd5536,True,1.0,1.0,1.0,1.0,1.0,1.0,1.0
613,5c5e0e2c9d225b98,True,1.0,1.0,0.9567184799373735,1.0,1.0,1.0,0.981966033307239
614,b48c29fc1bd15ca0,True,1.0,1.0,0.800819596388435,1.0,1.0,1.0,0.9170081651618479
615,83280d03b9995f85,True,1.0,1.0,0.9157125788889595,1.0,1.0,1.0,0.9648802412037331
616,212c67511de75043,True,1.0,1.0,1.0,1.0,1.0,1.0,1.0
617,b3edadc19d8a5812,True,1.0,1.0,0.7295238592591959,1.0,1.0,1.0,0.8873016080246648
618,42c1346e9b585c5b,True,1.0,1.0,0.8767001991322815,1.0,1.0,1.0,0.9486250829717839
619,b7ec6bbfa73a52e5,True,1.0,1.0,1.0,1.0,1.0,1.0,1.0
620,39d78cc469d65bf8,True,1.0,1.0,0.9121455719416196,1.0,1.0,1.0,0.9633939883090082
621,dbfcc3b5aa945597,True,1.0,1.0,0.8701513128785101,1.0,1.0,1.0,0.945896380366046
622,a197927702b850f4,True,1.0,1.0,0.7738616625623166,1.0,1.0,1.0,0.9057756927342986
623,6be41ab63cf05b6e,True,1.0,1.0,0.9673499761085053,1.0,1.0,1.0,0.9863958233785439
624,d2b7b43e05be5082,True,1.0,1.0,0.9234245336257756,1.0,1.0,1.0,0.9680935556774065
625,1e8bf2f0e05e58b0,True,1.0,1.0,1.0,1.0,1.0,1.0,1.0
626,2e9c19d0168c58ac,True,1.0,1.0,1.0,1.0,1.0,1.0,1.0
627,99c561c0507851d8,True,1.0,1.0,0.9707351571775616,1.0,1.0,1.0,0.9878063154906508
628,879d4e4e0d2b5386,True,1.0,1.0,0.967342448785457,1.0,1.0,1.0,0.9863926869939403
629,f4495a91b9fb505d,True,1.0,1.0,0.7234553268490591,1.0,1.0,1.0,0.8847730528537747
630,14d53eb06a7d582a,True,1.0,0.0,0.0,1.0,1.0,1.0,0.0
631,6c5d84e81aca5755,True,1.0,1.0,0.7665510121168098,1.0,1.0,1.0,0.902729588382004
632,52094c2441105f4d,True,1.0,1.0,0.877812490737492,1.0,1.0,1.0,0.9490885378072883
633,fbe67126a4285628,True,1.0,1.0,1.0,1.0,1.0,1.0,1.0
634,0f2ee0e7661d5ccf,True,1.0,1.0,0.642327452783623,1.0,1.0,1.0,0.8509697719931762
635,0f3edc5110485b13,True,1.0,1.0,0.7725553737680607,1.0,1.0,1.0,0.9052314057366919
636,36f71d88df925b39,True,1.0,1.0,1.0,1.0,1.0,1.0,1.0
637,16dbc607f5f75479,True,1.0,1.0,1.0,1.0,1.0,1.0,1.0
638,d5d4f1c1a2f0589e,True,1.0,1.0,0.9904264762655878,1.0,1.0,1.0,0.9960110317773282
639,178d9a3c6c6852a4,True,1.0,1.0,0.8408643550556922,1.0,1.0,1.0,0.9336934812732052
640,a612f42e6f9d592e,True,1.0,1.0,1.0,1.0,1.0,1.0,1.0
641,f1bdf7e4e9f5534e,True,1.0,1.0,0.8140672768372883,1.0,1.0,1.0,0.9225280320155368
642,6dcd43697e01597d,True,1.0,1.0,0.9427186846796266,1.0,1.0,1.0,0.9761327852831778
643,7daa0ad6ca5356fc,True,1.0,1.0,1.0,1.0,1.0,1.0,1.0
644,4a40d0564325502c,True,1.0,1.0,0.847059719582521,1.0,1.0,1.0,0.9362748831593838
645,f4814e7eb01252b6,True,1.0,1.0,1.0,1.0,1.0,1.0,1.0
646,29c5f96fb4e95d3a,True,1.0,1.0,0.8688849246064339,1.0,1.0,1.0,0.945368718586014
647,d318551a8ce150e5,True,1.0,1.0,1.0,1.0,1.0,1.0,1.0
648,555af87f71415a3d,True,1.0,1.0,1.0,1.0,1.0,1.0,1.0
649,4fb652e8a58f5623,True,1.0,1.0,0.7749390800562429,1.0,1.0,1.0,0.9062246166901012
650,9089d6dfa77e5488,True,1.0,1.0,1.0,1.0,1.0,1.0,1.0
651,e5d133c0ed5b51f6,True,1.0,1.0,1.0,1.0,1.0,1.0,1.0
652,0e15e43a4c725f49,True,1.0,1.0,1.0,1.0,1.0,1.0,1.0
653,6b678e4f19c05dea,True,1.0,1.0,1.0,1.0,1.0,1.0,1.0
654,e9f927ace9f4542d,True,1.0,1.0,0.9404662455273499,1.0,1.0,1.0,0.9751942689697292
655,85406e57732a5121,True,1.0,1.0,0.9333006718381054,1.0,1.0,1.0,0.9722086132658773
656,cce49307530e5b60,True,1.0,1.0,1.0,1.0,1.0,1.0,1.0
657,3e1e7bc23c515108,True,1.0,1.0,0.6432187229726516,1.0,1.0,1.0,0.8513411345719382
658,cb2a52e9af3a5e0a,True,1.0,1.0,1.0,1.0,1.0,1.0,1.0
659,8b8ae78cc3685216,True,1.0,1.0,0.8668157538413246,1.0,1.0,1.0,0.944506564100552
660,932938d86cfc5d6f,True,1.0,0.0,0.0,1.0,1.0,1.0,0.0
661,da751fd130625cce,True,1.0,1.0,0.5678656126463272,1.0,1.0,1.0,0.8199440052693031
662,dde50b95cefd5ecd,True,1.0,1.0,0.7962198593683177,1.0,1.0,1.0,0.9150916080701323
663,bfcbb192c11b5736,True,1.0,1.0,1.0,1.0,1.0,1.0,1.0
664,e9f68a55225a536c,True,1.0,1.0,0.905195569776279,1.0,1.0,1.0,0.9604981540734495
665,b2dd5bf723d55469,True,1.0,1.0,0.9690846355798565,1.0,1.0,1.0,0.9871185981582734
666,98b3a0bf3cce5649,True,1.0,1.0,1.0,1.0,1.0,1.0,1.0
667,7abf60c1594953cf,True,1.0,1.0,0.915596895980415,1.0,1.0,1.0,0.9648320399918395
668,569da35d0f00545a,True,1.0,1.0,0.855927956744059,1.0,1.0,1.0,0.9399699819766912
669,7da6ba784b8b5ff0,True,1.0,1.0,0.7755175784288413,1.0,1.0,1.0,0.9064656576786838
670,00ddbc829ecb563e,True,1.0,1.0,1.0,1.0,1.0,1.0,1.0
671,392a50db492b536e,True,1.0,1.0,0.6205530141403279,1.0,1.0,1.0,0.8418970892251366
672,b58f2b3b894a58bb,True,1.0,1.0,0.6293273814194693,1.0,1.0,1.0,0.8455530755914454
673,2c76300c674f5769,True,1.0,1.0,0.7799093694312947,1.0,1.0,1.0,0.9082955705963728
674,6e575fd36c4d5de3,True,0.0,1.0,0.0,0.0,1.0,1.0,0.0
675,fa23f65e1638570e,True,1.0,1.0,0.816240419147038,1.0,1.0,1.0,0.9234335079779324
676,2738dcd449ef567f,True,1.0,1.0,0.7874963335157675,1.0,1.0,1.0,0.9114568056315697
677,b39df49b8b565ac3,True,1.0,1.0,0.8208871362195587,1.0,1.0,1.0,0.9253696400914828
678,50aa287e430e5ab3,True,1.0,1.0,1.0,1.0,1.0,1.0,1.0
679,e683a9a072485098,True,1.0,1.0,0.8150795529105369,1.0,1.0,1.0,0.9229498137127238
680,496b53024fb657ae,True,1.0,1.0,0.8496973276995298,1.0,1.0,1.0,0.9373738865414708
681,92fe6ff13c005ee3,True,1.0,1.0,0.7544983482158857,1.0,1.0,1.0,0.8977076450899523
682,8d0a07b3cb955714,True,1.0,1.0,0.9157627150597812,1.0,1.0,1.0,0.9649011312749088
683,e052a41759445a28,True,1.0,1.0,0.577162556840373,1.0,1.0,1.0,0.823817732016822
684,b5b57305df6f5b99,True,1.0,1.0,1.0,1.0,1.0,1.0,1.0
685,7155820d49975164,True,1.0,1.0,0.885969847458506,1.0,1.0,1.0,0.9524874364410442
686,7fbe895b20a45dfb,True,1.0,1.0,0.9285035394446571,1.0,1.0,1.0,0.9702098081019406
687,290091fca02b5939,True,1.0,1.0,1.0,1.0,1.0,1.0,1.0
688,01329f4a29285dfe,True,1.0,0.0,0.0,1.0,1.0,1.0,0.0
689,314c032aadbd5011,True,1.0,1.0,1.0,1.0,1.0,1.0,1.0
690,42007c7edb945956,True,1.0,1.0,0.7643937943531803,1.0,1.0,1.0,0.9018307476471584
691,dedf2d5568c758ae,True,1.0,1.0,1.0,1.0,1.0,1.0,1.0
692,310ef687176e5160,True,1.0,1.0,1.0,1.0,1.0,1.0,1.0
693,9839d83635495727,True,1.0,1.0,0.767429137875821,1.0,1.0,1.0,0.9030954741149254
694,cf9af12edb535bc0,True,1.0,1.0,0.8255235720177908,1.0,1.0,1.0,0.9273014883407461
695,b2b801ee99c95758,True,1.0,1.0,0.7406564998803734,1.0,1.0,1.0,0.891940208283489
696,5d7fa55b96075e5c,True,1.0,1.0,0.7367208642732531,1.0,1.0,1.0,0.8903003601138555
697,1dae5903323e5214,True,1.0,1.0,1.0,1.0,1.0,1.0,1.0
698,6215ad2b225e5b1a,True,1.0,1.0,0.8077388429626321,1.0,1.0,1.0,0.9198911845677634
699,8959015fc1fe5791,True,1.0,1.0,0.6326390651515361,1.0,1.0,1.0,0.84693294381314
700,f640e9a42e215992,True,1.0,1.0,0.913632360318724,1.0,1.0,1.0,0.964013483466135
701,d2e124f077ee53cb,True,1.0,1.0,1.0,1.0,1.0,1.0,1.0
702,5b272b7aa3315c4f,True,1.0,1.0,0.930433433274584,1.0,1.0,1.0,0.9710139305310767
703,5cb9850a89b6578e,True,1.0,1.0,0.6619319317919845,1.0,1.0,1.0,0.8591383049133269
704,e5d91842b228552a,True,1.0,1.0,0.8267882828967552,1.0,1.0,1.0,0.9278284512069813
705,14cb24f3f9fc51c8,True,1.0,1.0,1.0,1.0,1.0,1.0,1.0
706,4b85f48b7172519f,True,1.0,1.0,1.0,1.0,1.0,1.0,1.0
707,3baab5739cb95408,True,1.0,1.0,0.8443171212577707,1.0,1.0,0.0,0.9351321338574045
708,75b6813b1f4556ce,True,1.0,0.0,0.0,1.0,1.0,0.5,0.0
709,0ddc4576607e561e,True,1.0,1.0,0.7229660996589137,1.0,1.0,1.0,0.884569208191214
710,4c9e695fc66c583a,True,1.0,1.0,0.8323246947917118,1.0,1.0,1.0,0.9301352894965467
711,114f66c4cf785eab,True,1.0,1.0,0.8821283261939192,1.0,1.0,1.0,0.9508868025807997
712,247490a783f25c47,True,1.0,1.0,0.6645452699848385,1.0,1.0,1.0,0.860227195827016
713,322023693f1f5f55,True,1.0,1.0,0.6239510369858615,1.0,1.0,1.0,0.8433129320774423
714,f3aaed259ab15dcc,True,1.0,1.0,1.0,1.0,1.0,1.0,1.0
715,c53328cc0fb15f17,True,1.0,1.0,0.9851069547713416,1.0,1.0,1.0,0.9937945644880589
716,631249cc108f5e1e,True,1.0,1.0,0.7428991848694948,1.0,1.0,1.0,0.8928746603622896
717,df84a00692885ec0,True,1.0,1.0,0.9827159063695345,1.0,1.0,1.0,0.9927982943206395
718,367ead111dcb5764,True,1.0,1.0,0.6106786732510142,1.0,1.0,1.0,0.8377827805212559
719,62bae469f29c5ecb,True,1.0,1.0,1.0,1.0,1.0,1.0,1.0
720,30e7a7c93a225968,True,1.0,1.0,1.0,1.0,1.0,1.0,1.0
721,75523a91f0b15884,True,1.0,1.0,0.9438483079651391,1.0,1.0,1.0,0.9766034616521413
722,f6db2434c92450b8,True,1.0,1.0,1.0,1.0,1.0,1.0,1.0
723,04a6f384cd2056c1,True,1.0,1.0,0.7495662543670931,1.0,1.0,1.0,0.8956526059862888
724,9b7eb62d80db55e7,True,1.0,1.0,1.0,1.0,1.0,1.0,1.0
725,0f65bd2bac90534a,True,1.0,1.0,1.0,1.0,1.0,1.0,1.0
726,6544f1c9668c58c3,True,1.0,1.0,1.0,1.0,1.0,1.0,1.0
727,bdd67f08ac585568,True,1.0,1.0,0.8980815389338771,1.0,1.0,1.0,0.9575339745557822
728,f18ef27ec008527a,True,1.0,1.0,0.7202401550555197,1.0,1.0,1.0,0.8834333979397999
729,5dcc8367111b5fad,True,1.0,1.0,1.0,1.0,1.0,1.0,1.0
730,4749b2486da65268,True,1.0,1.0,1.0,1.0,1.0,1.0,1.0
731,3ebe88aecd0c5d20,True,1.0,1.0,0.6913435368894827,1.0,1.0,1.0,0.8713931403706178
732,e55ee684113c5e7d,True,1.0,1.0,1.0,1.0,1.0,1.0,1.0
733,595909c413ac56dd,True,1.0,0.0,0.0,1.0,1.0,1.0,0.0
734,88b50c0011ba516b,True,1.0,1.0,0.986489883894308,1.0,1.0,1.0,0.9943707849559617
735,9a2c4c75f3785517,True,1.0,1.0,0.5834754814663345,1.0,1.0,1.0,0.8264481172776393
736,d409347e88455122,True,1.0,1.0,0.7423714562764091,1.0,1.0,1.0,0.8926547734485037
737,fe068f6ae8135412,True,1.0,1.0,0.8560195146532169,1.0,1.0,1.0,0.9400081311055071
738,e05f3bbcb266504c,True,1.0,1.0,1.0,1.0,1.0,1.0,1.0
739,48e9a54281845595,True,1.0,1.0,0.9234858938940105,1.0,1.0,1.0,0.9681191224558378
740,3b4031def0f45d96,True,1.0,1.0,0.5406289124391671,1.0,1.0,1.0,0.8085953801829863
741,766a723ba30f574c,True,1.0,1.0,1.0,1.0,1.0,1.0,1.0
742,380ae43ebd795e88,True,1.0,1.0,0.812348901754035,1.0,1.0,1.0,0.9218120423975146
743,3d1bf2cf5ad151c7,True,1.0,1.0,0.7452215631126095,1.0,1.0,1.0,0.8938423179635873
744,eb3dc7204bd55d17,True,1.0,1.0,0.7589548761651603,1.0,1.0,1.0,0.8995645317354835
745,acc47057bb3d556d,True,1.0,1.0,1.0,1.0,1.0,1.0,1.0
746,58169843acb45a62,True,1.0,1.0,0.7398196333436617,1.0,1.0,1.0,0.8915915138931924
747,6c578cebcf47592b,True,1.0,0.0,0.0,1.0,1.0,1.0,0.0
748,982b57b1c7c7503a,True,1.0,1.0,1.0,1.0,1.0,1.0,1.0
749,b9e5b11ac3745f8c,True,1.0,1.0,1.0,1.0,1.0,1.0,1.0
750,aaf1c9da44cb567b,True,1.0,1.0,0.9863952085067752,1.0,1.0,1.0,0.9943313368778229
751,315ade412d0f5304,True,1.0,1.0,1.0,1.0,1.0,1.0,1.0
752,4e09d6c847dc5d3e,True,1.0,1.0,0.5378823431966503,1.0,1.0,1.0,0.8074509763319376
753,1bc6668f3dff5822,True,1.0,1.0,0.7824850149099357,1.0,1.0,1.0,0.9093687562124733
754,d063f70ffb44513e,True,1.0,1.0,0.9191470876098382,1.0,1.0,1.0,0.9663112865040993
755,a422962469ff5d27,True,1.0,1.0,1.0,1.0,1.0,1.0,1.0
756,60e45802b0245195,True,1.0,1.0,1.0,1.0,1.0,1.0,1.0
757,d44d7aacab755892,True,1.0,1.0,0.8127979660346136,1.0,1.0,1.0,0.9219991525144223
758,4020785f2bf55d0b,True,1.0,1.0,0.790847294953753,1.0,1.0,1.0,0.9128530395640638
759,971d199e8b9b5e71,True,1.0,1.0,0.6574966592077474,1.0,1.0,1.0,0.8572902746698947
760,e0dbf07da5c55877,True,1.0,0.0,0.0,1.0,1.0,0.5,0.0
761,4d6afade8dd35690,True,1.0,1.0,1.0,1.0,1.0,1.0,1.0
762,3b6865082c225fe8,True,1.0,1.0,1.0,1.0,1.0,1.0,1.0
763,f025b78e77b25fba,True,1.0,1.0,0.6361318292688927,1.0,1.0,1.0,0.848388262195372
764,0cd0aaeb35c95094,True,1.0,1.0,0.9125241007677988,1.0,1.0,1.0,0.9635517086532494
765,2d30620b507f5f7c,True,1.0,1.0,0.9885632028327803,1.0,1.0,1.0,0.9952346678469919
766,62ebe5d1697f5b73,True,1.0,1.0,1.0,1.0,1.0,1.0,1.0
767,87efb8cf52135247,True,1.0,1.0,0.584200032962739,1.0,1.0,1.0,0.8267500137344745
768,bf1184622f355af4,True,1.0,1.0,0.6878303514611283,1.0,1.0,0.5,0.8699293131088034
769,9a95d2419f1e592a,True,1.0,0.0,0.0,1.0,1.0,1.0,0.0
770,f308a472f26056a7,True,1.0,1.0,0.7443539139712977,1.0,1.0,1.0,0.8934807974880407
771,73aaa82bd3bb596c,True,1.0,1.0,1.0,1.0,1.0,1.0,1.0
772,cb9992677d95539f,True,1.0,1.0,0.860159566826023,1.0,1.0,1.0,0.9417331528441762
773,e820310f7d0b5016,True,1.0,1.0,1.0,1.0,1.0,1.0,1.0
774,24b9908a6761529b,True,1.0,1.0,1.0,1.0,1.0,1.0,1.0
775,dcb8fbfc6c1d5fd6,True,1.0,1.0,1.0,1.0,1.0,1.0,1.0
776,df2257e552655d84,True,1.0,1.0,0.9118104787311573,1.0,1.0,1.0,0.9632543661379822
777,a5a4a6add0d05113,True,1.0,1.0,1.0,1.0,1.0,1.0,1.0
778,8cbfcb387ec85461,True,1.0,1.0,1.0,1.0,1.0,1.0,1.0
779,b7648a9b27e7574e,True,0.0,1.0,0.0,0.0,1.0,0.0,0.0
780,c40ede27ed35520b,True,1.0,1.0,0.8626563209961603,1.0,1.0,1.0,0.9427734670817335
781,b4dbd03935ce53fa,True,1.0,1.0,0.8711789999597084,1.0,1.0,1.0,0.9463245833165451
782,c2915f2ac7f55f97,True,1.0,1.0,0.9909919806824596,1.0,1.0,1.0,0.9962466586176916
783,5883b0e7c7215e80,True,1.0,1.0,0.8039191626376037,1.0,1.0,1.0,0.9182996510990016
784,3c114912e4cf590c,True,1.0,1.0,1.0,0.0,1.0,1.0,0.5833333333333334
785,019b86fe2e215b6e,True,1.0,1.0,0.5933536112811885,1.0,1.0,1.0,0.8305640047004953
786,7b6749c7b2795906,True,1.0,1.0,0.8115186757946424,1.0,1.0,1.0,0.9214661149144344
787,914113b241ca5e51,True,1.0,1.0,0.8619016908655837,1.0,1.0,1.0,0.9424590378606599
788,c9c4bcd94e755b0f,True,1.0,1.0,0.8189747863536168,1.0,1.0,1.0,0.9245728276473404
789,1cff7a7ece6851c4,True,1.0,1.0,0.7445178969869214,1.0,1.0,1.0,0.8935491237445506
790,9106979ff1c15ad3,True,1.0,1.0,1.0,1.0,1.0,1.0,1.0
791,2135b76284735f17,True,1.0,1.0,0.7736595740998962,1.0,1.0,1.0,0.90569148920829
792,3284cc6a78b05b9e,True,1.0,1.0,0.7083250107570773,1.0,1.0,1.0,0.8784687544821156
793,f78a67043d9e5477,True,1.0,1.0,1.0,1.0,1.0,1.0,1.0
794,fc1785d55b675c6c,True,1.0,1.0,0.7216368542462795,1.0,1.0,1.0,0.8840153559359498
795,e1e8aae3165c5652,True,1.0,1.0,0.7902369954797891,1.0,1.0,1.0,0.9125987481165788
796,1983aff496265a16,True,1.0,1.0,0.8674944894030827,1.0,1.0,1.0,0.9447893705846178
797,a709a9bbafe555e1,True,1.0,1.0,1.0,1.0,1.0,1.0,1.0
798,de31419c6502517b,True,1.0,1.0,0.6961100603717268,1.0,1.0,1.0,0.8733791918215529
799,ca8b5c5ed914507c,True,1.0,0.0,0.0,1.0,1.0,1.0,0.0
800,a3882e6ae8635832,True,1.0,1.0,0.7220537467480146,1.0,1.0,1.0,0.8841890611450061
801,25dbdd29ce325538,True,1.0,1.0,0.9014090331946899,1.0,1.0,1.0,0.9589204304977875
802,5ea2a4ecc18752fa,True,1.0,1.0,1.0,1.0,1.0,1.0,1.0
803,80a81ca168f454b9,True,1.0,1.0,0.8865398376385166,1.0,1.0,1.0,0.9527249323493819
804,5a0af6d9e7a45c95,True,1.0,1.0,1.0,1.0,1.0,1.0,1.0
805,f470121c6add5665,True,0.0,0.0,0.0,0.0,1.0,1.0,0.0
806,1f174dcc44335ad6,True,1.0,1.0,0.8104149466261971,1.0,1.0,1.0,0.9210062277609156
807,b354451e4f8859f9,True,1.0,1.0,0.7650603483742766,1.0,1.0,1.0,0.902108478489282
808,6dd8c9210247547d,True,1.0,0.0,0.0,1.0,1.0,1.0,0.0
809,6a9d9f877efb51e3,True,1.0,1.0,0.5814717125244766,1.0,1.0,1.0,0.8256132135518652
810,75b312bbd4e25c17,True,1.0,1.0,1.0,1.0,1.0,1.0,1.0
811,238f1cddb9415996,True,1.0,1.0,0.8495460505959962,1.0,1.0,1.0,0.9373108544149984
812,76b1b05efba353fe,True,1.0,0.0,0.0,1.0,1.0,1.0,0.0
813,e06567ac03815716,True,1.0,1.0,0.9456287036874453,1.0,1.0,1.0,0.9773452932031023
814,c20a7d6f7c9e5379,True,1.0,0.0,0.0,1.0,1.0,1.0,0.0
815,0f23b65ea5a6556e,True,1.0,1.0,0.6091990145309253,1.0,1.0,1.0,0.8371662560545522
816,81d6a870aab05080,True,1.0,1.0,0.9144550455632625,1.0,1.0,1.0,0.9643562689846927
817,5583c1447acd5f31,True,1.0,1.0,1.0,1.0,1.0,1.0,1.0
818,6881586931a25031,True,1.0,1.0,0.7200972753957665,1.0,1.0,0.5,0.883373864748236
819,2d2a1f08e4895258,True,1.0,1.0,1.0,1.0,1.0,1.0,1.0
820,0ffcae2811b257ee,True,0.0,1.0,0.0,0.0,1.0,1.0,0.0
821,88207b881eb5573c,True,1.0,1.0,1.0,1.0,1.0,1.0,1.0
822,d655ae3476c9530c,True,1.0,1.0,0.7651662790456499,1.0,1.0,1.0,0.9021526162690208
823,23ee145aa4de582b,True,1.0,1.0,1.0,1.0,1.0,1.0,1.0
824,8043aa566aa45878,True,1.0,1.0,0.809544923443312,1.0,1.0,1.0,0.9206437181013799
825,c091585789c859db,True,0.0,1.0,0.0,0.0,1.0,1.0,0.0
826,87a70998eed25e32,True,1.0,1.0,0.9797048897603787,1.0,1.0,1.0,0.9915437040668245
827,167fd80fa8635037,True,1.0,1.0,0.7848724177768317,1.0,1.0,1.0,0.9103635074070132
828,1a1b315baec45bc3,True,1.0,1.0,1.0,1.0,1.0,1.0,1.0
829,59797b950d9e52ba,True,1.0,1.0,0.9727993613484621,1.0,1.0,1.0,0.9886664005618592
830,635faea61539589a,True,1.0,1.0,1.0,1.0,1.0,0.0,1.0
831,da6bafca1d9f5b58,True,1.0,1.0,0.6313028917176409,1.0,1.0,1.0,0.8463762048823504
832,f74148c131c15381,True,1.0,1.0,0.9257131371172487,1.0,1.0,1.0,0.9690471404655203
833,1ca75f05f31d51cc,True,1.0,1.0,0.7459921936353904,1.0,1.0,1.0,0.894163414014746
834,2da6f8c86c135473,True,1.0,1.0,0.8128783856336024,1.0,1.0,1.0,0.9220326606806677
835,5ebf3103a78b5e39,True,1.0,1.0,0.8980291633802266,1.0,1.0,0.5,0.9575121514084278
836,01da0653d99c5903,True,1.0,1.0,0.9480433799555229,1.0,1.0,1.0,0.9783514083148012
837,3cf11c2988d25d2b,True,1.0,1.0,0.7797173959249213,1.0,1.0,1.0,0.908215581635384
838,06836a56443a572c,True,1.0,1.0,1.0,0.0,1.0,1.0,0.5833333333333334
839,020ba7462c6f52b3,True,1.0,1.0,1.0,1.0,1.0,1.0,1.0
840,aee1ca352fdd55f1,True,1.0,1.0,0.7257180123569608,1.0,1.0,1.0,0.885715838482067
841,8e2fece463df5dcb,True,1.0,1.0,0.7943087076024983,1.0,1.0,1.0,0.9142952948343743
842,1ad3e9d726b35d0e,True,1.0,1.0,1.0,1.0,1.0,1.0,1.0
843,24b68863c230509c,True,1.0,1.0,0.788255390785016,1.0,1.0,1.0,0.9117730794937566
844,e4b6a49b32545d95,True,1.0,1.0,0.7694401720350087,1.0,1.0,1.0,0.903933405014587
845,b08965aff8165bec,True,1.0,1.0,0.8443012890434802,1.0,1.0,1.0,0.9351255371014501
846,5c162b0d30f35b55,True,1.0,1.0,0.9546074253225679,1.0,1.0,1.0,0.9810864272177366
847,2569d386da9c54ff,True,1.0,0.0,0.0,1.0,1.0,1.0,0.0
848,0c77bbb199f3589f,True,1.0,1.0,1.0,1.0,1.0,1.0,1.0
849,7e8549121120596a,True,1.0,1.0,1.0,1.0,1.0,1.0,1.0
850,67b05cf704325e6b,True,1.0,0.0,0.0,1.0,1.0,1.0,0.0
851,76b4369e21a15a7a,True,1.0,1.0,1.0,1.0,1.0,1.0,1.0
852,3c462254687e5ef8,True,1.0,1.0,0.9288773713497466,1.0,1.0,1.0,0.9703655713957278
853,a1ef22ffca3a5993,True,1.0,1.0,1.0,1.0,1.0,1.0,1.0
854,84cd08b147745635,True,1.0,1.0,1.0,1.0,1.0,1.0,1.0
855,fff1abbe76e55819,True,1.0,1.0,0.6549311535495809,1.0,1.0,1.0,0.8562213139789921
856,d31b4eb761a15872,True,1.0,1.0,0.8525645381779886,1.0,1.0,1.0,0.938568557574162
857,5bd8cf3fa67a524f,True,1.0,1.0,0.9492889634434517,1.0,1.0,1.0,0.9788704014347717
858,11ee697033a159a9,True,1.0,1.0,0.7790268881963363,1.0,1.0,1.0,0.9079278700818069
859,93bc5a4ab6a95986,True,1.0,1.0,0.8745032027011532,1.0,1.0,1.0,0.9477096677921472
860,862378e4a52553be,True,1.0,1.0,0.8440191652570933,1.0,1.0,1.0,0.9350079855237888
861,fa72fd5d5f285388,True,1.0,1.0,1.0,1.0,1.0,1.0,1.0
862,182688f3d2c25fc8,True,1.0,1.0,0.8813717449864598,1.0,1.0,1.0,0.9505715604110249
863,67debdeae60b5fa4,True,1.0,1.0,0.7760468351855215,1.0,1.0,1.0,0.9066861813273007
864,ba58a70fcf8e5c64,True,1.0,0.0,0.0,1.0,1.0,1.0,0.0
865,80ad06a7a2975213,True,1.0,1.0,1.0,1.0,1.0,1.0,1.0
866,0590cb08d06a5905,True,1.0,1.0,0.9216402550210021,1.0,1.0,1.0,0.9673501062587508
867,8d3ac506e17050ba,True,1.0,1.0,0.5331172097071126,1.0,1.0,1.0,0.8054655040446302
868,4f359b56679c50ff,True,1.0,1.0,1.0,1.0,1.0,1.0,1.0
869,f9bce7199ad8555d,True,1.0,1.0,1.0,1.0,1.0,1.0,1.0
870,a3d1310fbc3f50a5,True,1.0,1.0,0.8864949818777828,1.0,1.0,1.0,0.9527062424490761
871,6b72426a8dd155bb,True,1.0,1.0,0.8270223045887024,1.0,1.0,1.0,0.9279259602452926
872,4d2fceb0b30f59cd,True,1.0,1.0,0.6787700111374455,1.0,1.0,1.0,0.866154171307269
873,fe800ded24045b44,True,1.0,1.0,0.9694814648885745,1.0,1.0,1.0,0.9872839437035728
874,a65539b18da350df,True,1.0,0.0,0.0,1.0,1.0,1.0,0.0
875,307f28eca5e25b39,True,1.0,1.0,1.0,1.0,1.0,1.0,1.0
876,94ac0f71d5615e4c,True,1.0,0.0,0.0,1.0,1.0,1.0,0.0
877,f3572fcbcd285f1e,True,1.0,0.0,0.0,1.0,1.0,1.0,0.0
878,c7a44a2e52bc5e22,True,1.0,1.0,0.9561494863221806,1.0,1.0,0.5,0.9817289526342418
879,bff12156468e5f16,True,1.0,1.0,0.6342777957921647,1.0,1.0,1.0,0.8476157482467354
880,e9505f806d8d5998,True,1.0,0.0,0.0,1.0,1.0,1.0,0.0
881,bed45577041051b8,True,1.0,1.0,0.8189315894521301,1.0,1.0,1.0,0.9245548289383875
882,a2839b1b4f0352e4,True,1.0,1.0,0.8378823035256896,1.0,1.0,1.0,0.9324509598023707
883,2db75185de1d5763,True,1.0,1.0,1.0,1.0,1.0,1.0,1.0
884,f558dbb8523f552f,True,1.0,1.0,1.0,1.0,1.0,1.0,1.0
885,a984f0459c1055d5,True,1.0,1.0,0.6855404985186286,1.0,1.0,1.0,0.8689752077160953
886,70645140f08352ca,True,1.0,1.0,1.0,1.0,1.0,1.0,1.0
887,32e5d7e804c65214,True,1.0,1.0,0.8369558785791982,1.0,1.0,1.0,0.9320649494079992
888,e9fd1602f4555be6,True,1.0,1.0,1.0,1.0,1.0,1.0,1.0
889,7ef6481e00005279,True,1.0,1.0,0.8671814468613688,1.0,1.0,1.0,0.9446589361922371
890,182a718050bd598a,True,1.0,1.0,0.7627980736639209,1.0,1.0,1.0,0.9011658640266337
891,631712394f5b5d72,True,1.0,1.0,0.7990107099602721,1.0,1.0,1.0,0.9162544624834467
892,7217a95078bf52f2,True,1.0,1.0,0.6593403627813509,1.0,1.0,1.0,0.8580584844922295
893,59f118e966905d1e,True,1.0,1.0,1.0,1.0,1.0,1.0,1.0
894,ea8b66a838c75042,True,1.0,1.0,1.0,1.0,1.0,1.0,1.0
895,6fcec1c4552351ed,True,1.0,1.0,0.6670198091883912,1.0,1.0,1.0,0.8612582538284963
896,dece3a034000579e,True,1.0,1.0,1.0,1.0,1.0,1.0,1.0
897,7597912d2a175b46,True,1.0,1.0,1.0,1.0,1.0,1.0,1.0
898,edf7e758c7075ce8,True,1.0,1.0,0.49831328625492377,1.0,1.0,1.0,0.7909638692728849
899,e6289d35e92c56b9,True,1.0,1.0,0.5879321836789382,1.0,1.0,1.0,0.8283050765328909
900,0b2bdcb48c3e561a,True,1.0,1.0,0.7553639806012838,1.0,1.0,1.0,0.8980683252505349
901,0e3f26bc3e1056ba,True,1.0,1.0,1.0,1.0,1.0,1.0,1.0
902,443099f672655d56,True,1.0,1.0,0.872046179260918,1.0,1.0,1.0,0.9466859080253824
903,dafc83b1558053e9,True,1.0,1.0,1.0,1.0,1.0,1.0,1.0
904,16a738813dbe5496,True,1.0,1.0,0.9204956479406001,1.0,1.0,1.0,0.9668731866419167
905,34bead43250559f7,True,1.0,1.0,0.8505100828277462,1.0,1.0,1.0,0.937712534511561
906,cca534b6970f5c8e,True,1.0,1.0,0.7818002435919702,1.0,1.0,1.0,0.9090834348299875
907,ba86ae71bc105215,True,1.0,1.0,1.0,1.0,1.0,1.0,1.0
908,763bab6e8b6b5826,True,1.0,1.0,0.8057818079494982,1.0,1.0,1.0,0.919075753312291
909,f5af188b17e85ef0,True,1.0,1.0,1.0,1.0,1.0,1.0,1.0
910,bc60aa8501245df7,True,1.0,1.0,0.7856706252790462,1.0,1.0,1.0,0.9106960938662692
911,1347c91c511a5918,True,1.0,1.0,0.8823507627483463,1.0,1.0,1.0,0.9509794844784777
912,75c40d79f7135ea0,True,1.0,1.0,0.8852183410543544,1.0,1.0,1.0,0.9521743087726477
913,84431cd14c765efc,True,1.0,1.0,1.0,1.0,1.0,1.0,1.0
914,530176929c015182,True,1.0,0.0,0.0,1.0,1.0,1.0,0.0
915,87d1648c9e27512b,True,1.0,1.0,0.8638078756424871,1.0,1.0,0.0,0.9432532815177029
916,7498dbe0e2b65539,True,1.0,1.0,0.7477734984197137,1.0,1.0,1.0,0.8949056243415474
917,f3fd7b1cf6055ad5,True,1.0,1.0,0.7886569981478805,1.0,1.0,1.0,0.9119404158949501
918,89e8716cd98f54a0,True,1.0,1.0,0.7856394694789884,1.0,1.0,1.0,0.9106831122829119
919,f5d9b1df3fef57ec,True,1.0,1.0,1.0,1.0,1.0,1.0,1.0
920,b9c8a72571a85792,True,1.0,1.0,1.0,1.0,1.0,1.0,1.0
921,06c9339fdc3e5404,True,1.0,0.0,0.0,1.0,1.0,1.0,0.0
922,110d0ce0345d5113,True,1.0,1.0,0.8052025675875573,1.0,1.0,1.0,0.9188344031614822
923,33cdc99603ed57b9,True,1.0,1.0,0.8673214470394491,1.0,1.0,1.0,0.9447172695997704
924,c66027dcfef35daf,True,1.0,1.0,0.8504874846115589,1.0,1.0,1.0,0.9377031185881496
925,be861669f7ff5de4,True,1.0,1.0,1.0,1.0,1.0,1.0,1.0
926,772a0e9ce5825b3a,True,1.0,1.0,0.8968222361732132,1.0,1.0,1.0,0.9570092650721721
927,38db478c95eb5079,True,1.0,1.0,1.0,1.0,1.0,1.0,1.0
928,087e15b24dd55c90,True,1.0,1.0,0.7879817644810273,1.0,1.0,1.0,0.9116590685337614
929,1db38f4b73ac5b62,True,1.0,1.0,0.6889176857006213,1.0,1.0,1.0,0.8703823690419256
930,1979ed31b57b59ea,True,1.0,1.0,0.5486215910954397,1.0,1.0,1.0,0.8119256629564333
931,7aed9edff97256c0,True,1.0,0.0,0.0,1.0,1.0,1.0,0.0
932,c617243cb58658eb,True,1.0,1.0,0.7776511856545459,1.0,1.0,1.0,0.9073546606893942
933,b562ff054b765717,True,1.0,1.0,0.8625945013055789,1.0,1.0,1.0,0.9427477088773246
934,e96f254899095cf1,True,1.0,1.0,0.7458183654955024,1.0,1.0,1.0,0.894090985623126
935,2649dcc8a1725fb2,True,1.0,1.0,0.95623742694249,1.0,1.0,1.0,0.9817655945593708
936,f1b802f6e9a559af,True,1.0,1.0,1.0,1.0,1.0,1.0,1.0
937,91f7454802305af8,True,1.0,1.0,0.08531417889908544,1.0,1.0,1.0,0.6188809078746189
938,6a5ed1c72b9a5d47,True,1.0,1.0,0.7007107410303778,1.0,1.0,1.0,0.8752961420959907
939,fcb4f430c99050b3,True,1.0,1.0,1.0,1.0,1.0,1.0,1.0
940,5a7f3e30fe075a16,True,1.0,1.0,1.0,1.0,1.0,1.0,1.0
941,ec68073cb7a15741,True,1.0,1.0,1.0,1.0,1.0,1.0,1.0
942,cc86bfa114035604,True,1.0,0.0,0.0,1.0,1.0,1.0,0.0
943,f082cf21642c5cbc,True,1.0,1.0,0.52426331390339,1.0,1.0,1.0,0.8017763807930791
944,79e582695923514a,True,1.0,1.0,0.6075869858298368,1.0,1.0,1.0,0.8364945774290987
945,f75d3314a8c85955,True,1.0,1.0,0.8313872182182024,1.0,1.0,1.0,0.9297446742575843
946,fe703fbf263151f2,True,1.0,1.0,1.0,1.0,1.0,1.0,1.0
947,574aa2eca31057d5,True,1.0,1.0,1.0,1.0,1.0,1.0,1.0
948,962deb8ccdaf50e3,True,1.0,1.0,0.6572466364592555,1.0,1.0,1.0,0.8571860985246899
949,4143d1c692f95b56,True,1.0,1.0,0.8873194197197318,1.0,1.0,1.0,0.9530497582165549
950,3f11b8c2347f5714,True,1.0,1.0,0.6275584001677383,1.0,1.0,1.0,0.844816000069891
951,27ff47ea8aea59cf,True,1.0,1.0,0.7084265816417399,1.0,1.0,1.0,0.8785110756840583
952,81b16700f22d5688,True,1.0,1.0,1.0,1.0,1.0,1.0,1.0
953,6f393be3019c508a,True,1.0,1.0,0.9587561337960425,1.0,1.0,1.0,0.9828150557483509
954,150505a546335d5d,True,1.0,1.0,0.5790200491334448,1.0,1.0,1.0,0.8245916871389354
955,dfe53c7f74e5554c,True,0.0,1.0,0.0,0.0,1.0,1.0,0.0
956,81ba62d61b225021,True,1.0,1.0,1.0,1.0,1.0,1.0,1.0
957,55bc862799d350f9,True,1.0,1.0,1.0,1.0,1.0,1.0,1.0
958,6ccc026f6fc55bb0,True,1.0,1.0,1.0,1.0,1.0,1.0,1.0
959,e5c858ae96265d95,True,1.0,1.0,0.8538538449799016,1.0,1.0,1.0,0.9391057687416257
960,263ad35a0e975eda,True,1.0,1.0,0.7242519974711507,1.0,1.0,1.0,0.8851049989463128
961,807c1ce92e235b11,True,1.0,1.0,1.0,1.0,1.0,1.0,1.0
962,9c2602db70435500,True,1.0,1.0,0.6831576557585513,1.0,1.0,1.0,0.867982356566063
963,2b34624bf9455480,True,1.0,1.0,0.9787738880097829,1.0,1.0,1.0,0.9911557866707429
964,e3ee34ba4c0c59fd,True,1.0,1.0,1.0,1.0,1.0,1.0,1.0
965,458fa5236b795941,True,1.0,1.0,0.9384961933710545,1.0,1.0,0.0,0.9743734139046061
966,fb2daf8a925a5ff2,True,1.0,1.0,0.6452885844297349,1.0,1.0,1.0,0.8522035768457229
967,255c8b9b215458f9,True,1.0,1.0,0.7224151791128438,1.0,1.0,1.0,0.884339657963685
968,fc0a60a9d8245aea,True,1.0,1.0,0.6598076305888473,1.0,1.0,1.0,0.8582531794120197
969,17da0f4b109154d4,True,1.0,1.0,0.7183195691400928,1.0,1.0,1.0,0.8826331538083719
970,3bb527d97cee5163,True,1.0,1.0,0.7003581272190713,1.0,1.0,1.0,0.8751492196746131
971,8628470b20555c1d,True,1.0,1.0,0.6340353880099853,1.0,1.0,1.0,0.8475147450041606
972,8894cb9c1f385198,True,1.0,1.0,0.9441198597469097,1.0,1.0,1.0,0.976716608227879
973,e14711ef4d2f5000,True,1.0,1.0,0.6828737137281313,1.0,1.0,1.0,0.8678640473867215
974,5cf43f51d45c552f,True,1.0,1.0,0.9952447902186261,1.0,1.0,1.0,0.9980186625910942
975,97529137af275136,True,1.0,1.0,0.9021274089579067,1.0,1.0,1.0,0.959219753732461
976,5230f4ecc5e054f5,True,1.0,1.0,1.0,1.0,1.0,1.0,1.0
977,852255373f315fb6,True,1.0,1.0,0.9044974964029271,1.0,1.0,1.0,0.9602072901678863
978,262af71b5e0c5108,True,1.0,1.0,0.9003254523038615,1.0,1.0,1.0,0.9584689384599422
979,e742fc9deaac5321,True,1.0,1.0,0.8627400361192639,1.0,1.0,1.0,0.9428083483830266
980,1ad237fbbbcf51ab,True,1.0,1.0,1.0,1.0,1.0,1.0,1.0
981,47f76d2da48f57ba,True,1.0,1.0,0.7222953220045503,1.0,1.0,1.0,0.884289717501896
982,2e0a31d833765412,True,1.0,1.0,0.8136798367846687,1.0,1.0,1.0,0.9223665986602786
983,4bf65e0c75f05509,True,1.0,1.0,1.0,1.0,1.0,1.0,1.0
984,b0325428be095810,True,1.0,1.0,1.0,1.0,1.0,1.0,1.0
985,c39df8b835525d97,True,1.0,1.0,0.768491282291785,1.0,1.0,1.0,0.9035380342882439
986,fde2ed45bca05510,True,1.0,1.0,0.7868025813521288,1.0,1.0,1.0,0.9111677422300537
987,ffb2d865d42e57c0,True,1.0,1.0,0.87637596173489,1.0,1.0,1.0,0.9484899840562041
988,5d058c203f765173,True,1.0,1.0,1.0,1.0,1.0,1.0,1.0
989,35e457e286ab5db5,True,1.0,1.0,0.8524026008372223,1.0,1.0,1.0,0.938501083682176
990,076e4afb95d057cf,True,1.0,1.0,0.9535213812901489,1.0,1.0,1.0,0.9806339088708954
991,1803fa678ee652fa,True,1.0,1.0,0.8400556151780335,1.0,1.0,1.0,0.9333565063241807
992,bdef1564d4565c48,True,1.0,1.0,0.9897646674239455,1.0,1.0,1.0,0.9957352780933105
993,a46bfe77eed85821,True,1.0,1.0,0.8426903909970428,1.0,1.0,1.0,0.9344543295821012
994,3a5278b27c87565f,True,1.0,1.0,1.0,1.0,1.0,1.0,1.0
995,7c2c92e3afdd555f,True,1.0,1.0,0.6613990975629701,1.0,1.0,1.0,0.8589162906512375
996,465e7357a8965dcd,True,1.0,1.0,0.6907335438749166,1.0,1.0,1.0,0.8711389766145485
997,e09bc42b58285147,True,1.0,1.0,0.9304329071890863,1.0,1.0,1.0,0.9710137113287859
998,a85f6afede71548f,True,1.0,0.0,0.0,1.0,1.0,1.0,0.0
999,3151813685fe5b1d,True,1.0,0.0,0.0,1.0,1.0,1.0,0.0
1000,d68c7a7e02265029,True,1.0,1.0,1.0,1.0,1.0,1.0,1.0
1001,0a73f089868458e4,True,1.0,1.0,1.0,1.0,1.0,1.0,1.0
1002,114feecba2285649,True,1.0,1.0,0.8712273860135807,1.0,1.0,1.0,0.9463447441723254
1003,047b56d34f1d5aa0,True,1.0,1.0,0.6216356862502468,1.0,1.0,1.0,0.8423482026042696
1004,d09ecc45a5685873,True,1.0,1.0,0.6952801862418514,1.0,1.0,1.0,0.8730334109341048
1005,418c618fc266506b,True,1.0,1.0,1.0,1.0,1.0,1.0,1.0
1006,8118acf21ab154f7,True,1.0,1.0,0.9009203290618311,1.0,1.0,1.0,0.9587168037757628
1007,ccd74f5377b85a36,True,1.0,1.0,0.813955287573172,1.0,1.0,1.0,0.922481369822155
1008,97181536d6be5368,True,1.0,1.0,0.7033684114409695,1.0,1.0,0.5,0.8764035047670706
1009,059ca66ac38a5c28,True,1.0,1.0,0.9877859148201691,1.0,1.0,1.0,0.9949107978417371
1010,e54deddcc84150be,True,1.0,1.0,0.8548316557639598,1.0,1.0,1.0,0.9395131899016499
1011,e89a3ed626f75032,True,1.0,1.0,1.0,1.0,1.0,1.0,1.0
1012,0b3774b9729455e1,True,1.0,1.0,1.0,1.0,1.0,1.0,1.0
1013,33a4b3a5822e52db,True,1.0,1.0,1.0,1.0,1.0,1.0,1.0
1014,8d8806333d865527,True,1.0,1.0,1.0,1.0,1.0,1.0,1.0
1015,a28aff9148b55b3b,True,1.0,1.0,1.0,1.0,1.0,1.0,1.0
1016,21dbc361352b5dbd,True,1.0,1.0,0.7792712752544153,1.0,1.0,1.0,0.9080296980226731
1017,7d2043fe1fd75586,True,1.0,1.0,0.8897024746105008,1.0,1.0,1.0,0.9540426977543753
1018,cd0a001eb97a5c88,True,1.0,1.0,0.5319999034593079,1.0,1.0,1.0,0.8049999597747117
1019,6cdf58d03f8e5493,True,1.0,1.0,0.5829140439893898,1.0,1.0,1.0,0.8262141849955791
1020,9f3da1c3d8b85947,True,1.0,1.0,1.0,1.0,1.0,1.0,1.0
1021,638b83e65dd259f8,True,1.0,1.0,1.0,1.0,1.0,1.0,1.0
1022,9d6f5aa2a3a25966,True,1.0,1.0,1.0,1.0,1.0,1.0,1.0
1023,80df9e4f79c65d4d,True,1.0,1.0,0.7992057396636888,1.0,1.0,1.0,0.9163357248598704
1024,9d5e6089bd0d5caf,True,1.0,1.0,1.0,1.0,1.0,1.0,1.0
1025,bf0fa6fe20b5587f,True,1.0,1.0,1.0,1.0,1.0,1.0,1.0
1026,facc11b0d1075018,True,1.0,1.0,0.9800029457674234,1.0,1.0,1.0,0.9916678940697597
1027,4757ef31c4975240,True,1.0,1.0,1.0,1.0,1.0,1.0,1.0
1028,e2d33c999ca45ea7,True,1.0,1.0,0.8463309261896371,1.0,1.0,1.0,0.935971219245682
1029,9f44032dfc315223,True,1.0,1.0,1.0,1.0,1.0,1.0,1.0
1030,b023b7bcbab05bcb,True,1.0,1.0,0.7850772285090357,1.0,1.0,1.0,0.9104488452120982
1031,5ad9f64f2d295e4b,True,1.0,1.0,1.0,1.0,1.0,1.0,1.0
1032,1ce94ab175d8507a,True,1.0,1.0,1.0,1.0,1.0,1.0,1.0
1033,117b147622605d6a,True,1.0,1.0,0.8698604874606679,1.0,1.0,1.0,0.9457752031086116
1034,2bf94996d2325e20,True,1.0,1.0,0.8403052726302909,1.0,1.0,1.0,0.9334605302626212
1035,66ce3cbf239358c2,True,1.0,1.0,0.9766141932652941,1.0,1.0,1.0,0.9902559138605392
1036,7f62e2a838405444,True,1.0,1.0,1.0,1.0,1.0,1.0,1.0
1037,274fc7077c1b55d4,True,1.0,1.0,1.0,1.0,1.0,1.0,1.0
1038,f28c522b8a0155cc,True,1.0,1.0,1.0,1.0,1.0,1.0,1.0
1039,938b4978b8da5a08,True,1.0,1.0,1.0,0.0,1.0,1.0,0.5833333333333334
1040,814b5e08c20e57af,True,1.0,1.0,1.0,1.0,1.0,1.0,1.0
1041,0747dcc3a9b7501f,True,1.0,1.0,0.7168399060956313,1.0,1.0,1.0,0.8820166275398463
1042,e028780a88805f58,True,1.0,1.0,0.6763075716252723,1.0,1.0,1.0,0.8651281548438634
1043,24d02c4c2a325f01,True,1.0,1.0,0.9956965795035986,1.0,1.0,1.0,0.9982069081264994
1044,e66b1160e38f5483,True,1.0,1.0,0.7667892844765087,1.0,1.0,1.0,0.9028288685318787
1045,9f97b9c20ffc50b5,True,1.0,1.0,0.7705303834836602,1.0,1.0,1.0,0.9043876597848585
1046,07c5114fdb395f8b,True,1.0,1.0,0.983874731450552,1.0,1.0,1.0,0.9932811381043966
1047,dc8fc926ef0451f1,True,1.0,1.0,0.5458153471224438,1.0,1.0,1.0,0.8107563946343516
1048,9f5172e4a2cb5304,True,1.0,1.0,0.7677362207025465,1.0,1.0,1.0,0.9032234252927278
1049,d20be65e3dc65738,True,1.0,1.0,0.9665236087461139,1.0,1.0,1.0,0.9860515036442141
1050,cbe5bb78a9be547e,True,1.0,1.0,0.8957871306365128,1.0,1.0,1.0,0.956577971098547
1051,e166284508e554fa,True,1.0,1.0,0.8496870633496798,1.0,1.0,1.0,0.9373696097290333
1052,8135a67aa74e586c,True,1.0,1.0,0.848667429436656,1.0,1.0,1.0,0.9369447622652732
1053,5bfd2094e1ed528c,True,1.0,1.0,1.0,1.0,1.0,1.0,1.0
1054,6545ddda66325e39,True,1.0,1.0,1.0,1.0,1.0,1.0,1.0
1055,bcdf72879fff5ab1,True,1.0,1.0,0.8007948147627163,1.0,1.0,1.0,0.916997839484465
1056,a152c8cad6625d6a,True,1.0,1.0,0.9578051591256027,1.0,1.0,1.0,0.9824188163023345
1057,fb8df4568d585efa,True,1.0,1.0,0.4384348045810935,1.0,1.0,1.0,0.766014501908789
1058,40f09c66198258e6,True,1.0,1.0,1.0,1.0,1.0,1.0,1.0
1059,72cccfbb9c6f5e9e,True,1.0,1.0,0.8295479428951086,1.0,1.0,1.0,0.9289783095396286
1060,80a4b14aef3f5a52,True,1.0,1.0,1.0,1.0,1.0,1.0,1.0
1061,24a1c2301c6853f7,True,1.0,1.0,0.7446244902839078,1.0,1.0,0.0,0.8935935376182949
1062,c98aa74c885e5b96,True,1.0,1.0,0.8822373981757513,1.0,1.0,1.0,0.9509322492398965
1063,1854229ce0305578,True,1.0,1.0,0.7782957868503172,1.0,1.0,1.0,0.9076232445209654
1064,07a6f60eb9795462,True,1.0,1.0,0.9284037876368223,1.0,1.0,1.0,0.970168244848676
1065,8e511022e0e95a13,True,1.0,1.0,0.951003692460597,1.0,1.0,1.0,0.9795848718585821
1066,190e931f7a7a52dc,True,1.0,1.0,0.5431236622111969,1.0,1.0,1.0,0.8096348592546653
1067,3ea7ba225643556d,True,1.0,1.0,0.5595402617805151,1.0,1.0,1.0,0.8164751090752146
1068,b4b31520fc1c5ef7,True,1.0,1.0,0.9408462962541861,1.0,1.0,1.0,0.9753526234392442
1069,3b185264ec565b67,True,1.0,1.0,0.752298130529022,1.0,1.0,1.0,0.8967908877204258
1070,873a21c038f45eef,True,1.0,1.0,1.0,1.0,1.0,1.0,1.0
1071,ee4a2e2de70a510b,True,1.0,1.0,0.8056071602444649,1.0,1.0,1.0,0.9190029834351936
1072,1c047acccbcb548f,True,1.0,1.0,0.8679222529465779,1.0,1.0,1.0,0.9449676053944075
1073,63930f7b3b0e5872,True,1.0,1.0,0.7737270896866683,1.0,1.0,1.0,0.9057196207027784
1074,557a287c11cc5960,True,1.0,1.0,0.27623650829661844,1.0,1.0,1.0,0.6984318784569243
1075,d47d27f1cfb65061,True,1.0,1.0,0.7799569357615744,1.0,1.0,1.0,0.9083153899006561
1076,0481cf2b75f1532f,True,1.0,1.0,1.0,1.0,1.0,0.0,1.0
1077,8d86cfd038145f2a,True,1.0,1.0,0.8606748227268901,1.0,1.0,1.0,0.9419478428028709
1078,ab4401719a355a62,True,1.0,1.0,0.8367967269591042,1.0,1.0,1.0,0.9319986362329601
1079,cffc9ea8b6ea5920,True,1.0,1.0,0.9227635641504753,1.0,1.0,1.0,0.9678181517293648
1080,d945bc5c595d518d,True,1.0,1.0,0.6741301803679729,1.0,1.0,1.0,0.8642209084866553
1081,712427ff1635596c,True,1.0,1.0,1.0,1.0,1.0,1.0,1.0
1082,9b7108902e7158d6,True,1.0,1.0,1.0,1.0,1.0,1.0,1.0
1083,980f649f5cef5434,True,1.0,1.0,1.0,1.0,1.0,1.0,1.0
1084,25bf69b0667152fa,True,1.0,1.0,0.9026850450780375,1.0,1.0,1.0,0.9594521021158489
1085,28d91d7116785bf9,True,1.0,1.0,0.8016408220406005,1.0,1.0,1.0,0.9173503425169169
1086,601c3cce2a215275,True,1.0,1.0,0.7347218884709846,1.0,1.0,1.0,0.8894674535295769
1087,42eef0001e6c5498,True,1.0,1.0,0.7347380338073597,1.0,1.0,1.0,0.8894741807530666
1088,ee492610c55b5440,True,1.0,1.0,1.0,1.0,1.0,1.0,1.0
1089,fd4c64e354f953bd,True,1.0,1.0,0.9064110955028202,1.0,1.0,1.0,0.9610046231261751
1090,c0941949acdb5ebc,True,1.0,1.0,1.0,1.0,1.0,1.0,1.0
1091,e41f13ed67485c54,True,1.0,1.0,1.0,1.0,1.0,1.0,1.0
1092,ebfa82f4906755d4,True,1.0,1.0,1.0,1.0,1.0,1.0,1.0
1093,6e344e75ca4e543e,True,1.0,1.0,0.5937174083650144,1.0,1.0,1.0,0.830715586818756
1094,1113bc93478c56fe,True,1.0,1.0,0.5768494389892437,1.0,1.0,1.0,0.8236872662455182
1095,731f133ce3055d30,True,1.0,0.0,0.0,1.0,1.0,1.0,0.0
1096,c1686b2e1a4e5149,True,1.0,1.0,0.7700704365045627,1.0,1.0,1.0,0.9041960152102345
1097,0fc778045313531b,True,1.0,1.0,1.0,1.0,1.0,1.0,1.0
1098,55ba1ce72f1b5160,True,1.0,1.0,1.0,1.0,1.0,1.0,1.0
1099,8350f9ff4dcf5e4b,True,1.0,1.0,1.0,1.0,1.0,1.0,1.0
1100,fdde37fbe3d35bef,True,1.0,1.0,0.9458470569574328,1.0,1.0,1.0,0.9774362737322636
1101,dea63e35e7545f27,True,1.0,1.0,0.7853624457521292,1.0,1.0,1.0,0.9105676857300539
1102,c756ce81365d5a3b,True,1.0,1.0,1.0,1.0,1.0,1.0,1.0
1103,f6b2a416f38d5609,True,1.0,1.0,1.0,1.0,1.0,0.5,1.0
1104,8e00c08f68af5357,True,1.0,1.0,0.9030899587107445,1.0,1.0,1.0,0.9596208161294769
1105,0777f5a7263758be,True,1.0,1.0,1.0,1.0,1.0,1.0,1.0
1106,c0ccba48004c5eba,True,1.0,1.0,0.7949587785928974,1.0,1.0,1.0,0.9145661577470406
1107,b403192d3ea45397,True,1.0,0.0,0.0,1.0,1.0,1.0,0.0
1108,26ffff4876f75eed,True,1.0,1.0,0.611148871308119,1.0,1.0,1.0,0.837978696378383
1109,76a07493339e5e81,True,1.0,1.0,1.0,1.0,1.0,1.0,1.0
1110,1834f4fb0ca15b93,True,1.0,0.0,0.0,1.0,1.0,1.0,0.0
1111,2640335fd6565b4f,True,1.0,1.0,1.0,1.0,1.0,1.0,1.0
1112,f9c6e1eadcf45c37,True,1.0,1.0,1.0,1.0,1.0,1.0,1.0
1113,c38fcc20f071501a,True,1.0,1.0,1.0,1.0,1.0,1.0,1.0
1114,1bddf6b0b25e5de4,True,1.0,1.0,1.0,1.0,1.0,1.0,1.0
1115,1c5ca85e734859c4,True,1.0,1.0,1.0,1.0,1.0,1.0,1.0
1116,cd8713b912495b6d,True,1.0,1.0,0.966922675031224,1.0,1.0,1.0,0.9862177812630101
1117,10c9b6cd8a2e55f8,True,1.0,1.0,1.0,1.0,1.0,1.0,1.0
1118,0f5de425ef3555ff,True,1.0,1.0,1.0,1.0,1.0,1.0,1.0
1119,b54d370ffcf653ed,True,1.0,1.0,0.564530734755281,1.0,1.0,1.0,0.8185544728147004
1120,4d098db703415f00,True,1.0,1.0,0.9618374181237005,1.0,1.0,1.0,0.9840989242182085
1121,1e0c13bae35a50b3,True,1.0,1.0,0.9178996423972563,1.0,1.0,1.0,0.9657915176655235
1122,a12c7f84ebd25b1e,True,1.0,1.0,0.8507276604616704,1.0,1.0,1.0,0.9378031918590294
1123,cf43204828af5513,True,1.0,1.0,1.0,1.0,1.0,1.0,1.0
1124,666e41a5d36c50cc,True,1.0,1.0,0.9013967274009983,1.0,1.0,1.0,0.9589153030837494
1125,e1db7cf1ba505f99,True,1.0,1.0,0.7896789202373135,1.0,1.0,1.0,0.9123662167655473
1126,e30d715817b7524a,True,0.0,1.0,0.0,0.0,1.0,0.0,0.0
1127,e3d7979e2cfb5441,True,1.0,1.0,1.0,1.0,1.0,1.0,1.0
1128,de310b1492245dab,True,1.0,1.0,0.8235953361783386,1.0,1.0,0.5,0.9264980567409745
1129,54c95aa7df955414,True,1.0,1.0,0.9014053775853689,1.0,1.0,1.0,0.9589189073272371
1130,e072351fbbfd5765,True,1.0,1.0,0.6280533062609023,1.0,1.0,1.0,0.8450222109420427
1131,38f1e14586bd51e3,True,1.0,1.0,0.8236764557361067,1.0,1.0,1.0,0.9265318565567111
1132,ed166d61f7435477,True,1.0,1.0,0.5758405204687588,1.0,1.0,1.0,0.8232668835286495
1133,b7c6bbad8e3a579b,True,1.0,1.0,0.8813636832157967,1.0,1.0,0.5,0.9505682013399154
1134,64edcbd39d2b5f08,True,1.0,1.0,0.9813270381053151,1.0,1.0,1.0,0.9922195992105479
1135,667ea4f79faf5baa,True,1.0,1.0,0.5412214214564972,1.0,1.0,1.0,0.8088422589402072
1136,f620e6d6c13b53b7,True,1.0,1.0,0.5238770107698072,1.0,1.0,1.0,0.8016154211540863
1137,0bd89ca329cd55f9,True,1.0,1.0,0.5237893300199971,1.0,1.0,1.0,0.8015788875083322
1138,76cf7bb2e9625482,True,1.0,1.0,0.9065044888049251,1.0,1.0,1.0,0.9610435370020521
1139,26e7a31dd615509c,True,1.0,1.0,0.9357648840852856,1.0,1.0,1.0,0.9732353683688689
1140,20c16675ba295725,True,1.0,1.0,0.6498343477684786,1.0,1.0,1.0,0.8540976449035327
1141,360d4a6ec45d53a3,True,1.0,1.0,0.8219557754071022,1.0,1.0,1.0,0.9258149064196259
1142,c0e6947e2b455ff7,True,1.0,1.0,1.0,1.0,1.0,0.0,1.0
1143,77155a60b2ae5e75,True,1.0,1.0,0.9112994897360073,1.0,1.0,1.0,0.9630414540566697
1144,5066b57b01cb56ec,True,1.0,1.0,1.0,1.0,1.0,1.0,1.0
1145,bdf4ea0b653c5677,True,1.0,0.0,0.0,1.0,1.0,1.0,0.0
1146,50628427853659fc,True,1.0,1.0,0.7510390098527202,1.0,1.0,1.0,0.8962662541053001
1147,83e71223f25a5137,True,1.0,1.0,0.8494936335732675,1.0,1.0,1.0,0.9372890139888614
1148,7fc1ce68acb7562c,True,1.0,1.0,0.5588965096471745,1.0,1.0,1.0,0.816206879019656
1149,cbbf59be3a4e555d,True,1.0,1.0,0.861296418038521,1.0,1.0,1.0,0.9422068408493837
1150,563aa14962ba55f4,True,1.0,1.0,0.9363390586148935,1.0,1.0,1.0,0.9734746077562056
1151,e5abdd8b726e5a2f,True,1.0,1.0,1.0,1.0,1.0,1.0,1.0
1152,0f78a616bdcd55ab,True,1.0,1.0,0.40794511239122483,1.0,1.0,1.0,0.7533104634963438
1153,354a67b9e10c562e,True,1.0,1.0,0.9295742396868001,1.0,1.0,1.0,0.9706559332028334
1154,2a94741039ad566d,True,1.0,1.0,1.0,1.0,1.0,1.0,1.0
1155,c332770f3439515e,True,1.0,1.0,0.6946013444433147,1.0,1.0,1.0,0.8727505601847145
1156,5056ce4462ad5960,True,1.0,1.0,0.6712556226809417,1.0,1.0,1.0,0.8630231761170591
1157,5c872773198c5689,True,1.0,1.0,0.672129793756624,1.0,1.0,1.0,0.8633874140652601
1158,d33a0db0dd335837,True,1.0,1.0,0.7772810395344227,1.0,1.0,1.0,0.9072004331393427
1159,e9d8c81a844c5c95,True,1.0,1.0,0.7056804046536124,1.0,1.0,1.0,0.8773668352723384
1160,d6eda165241a53b9,True,0.0,1.0,0.0,0.0,1.0,1.0,0.0
1161,4c775cb227b0519d,True,1.0,1.0,0.755975461458645,1.0,1.0,1.0,0.898323108941102
1162,f2d64d93a1915c8b,True,1.0,1.0,0.883706640205074,1.0,1.0,1.0,0.9515444334187807
1163,68e8dda3806f5b88,True,1.0,1.0,0.8095101768759569,1.0,1.0,1.0,0.9206292403649821
1164,8439357bbb005600,True,1.0,1.0,0.743760649351357,1.0,1.0,1.0,0.8932336038963987
1165,ad0c441309de5d2e,True,1.0,1.0,0.9590881430217547,1.0,1.0,1.0,0.9829533929257311
1166,0317b218061b5c4d,True,1.0,1.0,1.0,1.0,1.0,1.0,1.0
1167,6268acf58d415ae8,True,1.0,1.0,0.8028535823394166,1.0,1.0,1.0,0.9178556593080902
1168,5c5a8066ceae51bc,True,1.0,1.0,0.8030631954878281,1.0,1.0,1.0,0.9179429981199284
1169,0fb88262272f5110,True,1.0,1.0,0.9940578748426404,0.0,1.0,1.0,0.5808574478511002
1170,fc48d9805c955217,True,1.0,1.0,1.0,1.0,1.0,1.0,1.0
1171,ebffacdb3be25252,True,1.0,1.0,1.0,1.0,1.0,1.0,1.0
1172,db98c374c7e65602,True,1.0,1.0,1.0,1.0,1.0,1.0,1.0
1173,b1464f6c01dc545f,True,0.0,1.0,0.0,0.0,0.0,1.0,0.0
1174,ef9d931830115c03,True,1.0,1.0,0.7937051187205859,1.0,1.0,1.0,0.9140437994669108
1175,73bf16c0312158a2,True,1.0,1.0,0.9085955266228583,1.0,1.0,1.0,0.9619148027595242
1176,93358613d3865c5c,True,1.0,1.0,0.9796979367982798,1.0,1.0,1.0,0.9915408069992834
1177,c6e19ffa3c34551c,True,1.0,1.0,0.9659603691095782,1.0,1.0,1.0,0.9858168204623242
1178,35ceec8930305499,True,1.0,1.0,0.9618183750463453,1.0,1.0,1.0,0.9840909896026439
1179,1fc2b1630a0e5c53,True,1.0,1.0,1.0,0.0,1.0,1.0,0.5833333333333334
1180,3b36add3be02517e,True,1.0,1.0,0.8079935686514915,1.0,1.0,1.0,0.9199973202714548
1181,67339e7fe4135722,True,1.0,1.0,0.7497695489154489,1.0,1.0,1.0,0.8957373120481037
1182,b41e61d24f915d6f,True,1.0,0.0,0.0,1.0,1.0,1.0,0.0
1183,c8df3a922f9d5550,True,1.0,1.0,1.0,1.0,1.0,1.0,1.0
1184,e4fdad547c9a54a7,True,1.0,1.0,1.0,1.0,1.0,1.0,1.0
1185,5422a7cee0d35e47,True,1.0,1.0,0.6951791495683438,1.0,1.0,1.0,0.8729913123201433
1186,5868a706ae7b5003,True,1.0,1.0,0.8524672810987753,1.0,1.0,1.0,0.9385280337911563
1187,cd701e198d595e2b,True,1.0,1.0,0.7181285398827588,1.0,1.0,1.0,0.8825535582844829
1188,3b7933b82dc65348,True,1.0,1.0,1.0,1.0,1.0,1.0,1.0
1189,2b4fee42169a54a8,True,1.0,1.0,0.5478776683662938,1.0,1.0,1.0,0.8116156951526223
1190,5498f9f2cfc55668,True,1.0,1.0,0.8202202489023337,1.0,1.0,1.0,0.9250917703759723
1191,025b657634505df3,True,1.0,1.0,1.0,1.0,1.0,1.0,1.0
1192,9d626ce291e85889,True,1.0,1.0,1.0,1.0,1.0,1.0,1.0
1193,c236972435215288,True,1.0,1.0,1.0,1.0,1.0,1.0,1.0
1194,534587f0abca573b,True,1.0,1.0,0.9949792649226644,1.0,1.0,1.0,0.9979080270511101
1195,657ea52878935352,True,1.0,1.0,0.7597672165241433,1.0,1.0,1.0,0.8999030068850598
1196,dbcb1f2c3979500d,True,1.0,1.0,0.94840387188107,1.0,1.0,1.0,0.9785016132837793
1197,1f7fe5fcd7965b1c,True,1.0,0.0,0.0,1.0,1.0,1.0,0.0
1198,3c943ff450265afe,True,1.0,1.0,1.0,1.0,1.0,1.0,1.0
1199,78754f4862d65445,True,1.0,1.0,0.8154375906759762,1.0,1.0,1.0,0.92309899611499
1200,f37d9bf7782d524b,True,1.0,1.0,1.0,1.0,1.0,1.0,1.0
1201,c1133aca1539575e,True,1.0,1.0,0.7655693126893378,1.0,1.0,1.0,0.9023205469538907
1202,bef748e412f85c64,True,1.0,1.0,0.8659208298970935,1.0,1.0,1.0,0.944133679123789
1203,c580790700c057e0,True,1.0,1.0,0.8737741240248815,1.0,1.0,1.0,0.9474058850103674
1204,3623049267d35a95,True,1.0,1.0,0.6050578097578944,1.0,1.0,1.0,0.8354407540657892
1205,3bc4c087ab1a50a3,True,1.0,1.0,0.630775500944171,1.0,1.0,1.0,0.846156458726738
1206,09027c0129cd568b,True,1.0,1.0,0.7824882054893445,1.0,1.0,1.0,0.9093700856205601
1207,6e738f032ad75169,True,1.0,1.0,0.7524384209084405,1.0,1.0,1.0,0.8968493420451834
1208,616ca25e91ac5136,True,1.0,1.0,0.9861033076421539,1.0,1.0,1.0,0.9942097115175641
1209,c9150b81da695ae9,True,1.0,1.0,0.8221751391343195,1.0,1.0,1.0,0.9259063079726332
1210,da5ac44917dd5ca4,True,1.0,1.0,0.6704725064046533,1.0,1.0,1.0,0.8626968776686056
1211,90f8fafcb5715404,True,1.0,1.0,0.7476774991014069,1.0,1.0,1.0,0.8948656246255862
1212,3fe8df1737825eb3,True,1.0,1.0,0.9055328112861022,1.0,1.0,1.0,0.9606386713692091
1213,e50483d19a4b5489,True,1.0,1.0,0.9838061038972986,1.0,1.0,1.0,0.9932525432905411
1214,aa09b515e34356f4,True,1.0,1.0,0.5531778567411046,1.0,1.0,1.0,0.8138241069754603
1215,b29689efa40f54e0,True,1.0,1.0,0.6386121272355039,1.0,1.0,1.0,0.8494217196814601
1216,a0b67d1ac0c35d26,True,1.0,1.0,1.0,1.0,1.0,1.0,1.0
1217,decd6b1dd7f65e1e,True,0.0,1.0,0.0,0.0,1.0,1.0,0.0
1218,ce8cc7a247f651be,True,1.0,1.0,1.0,1.0,1.0,1.0,1.0
1219,7b7cac50a37a5c24,True,1.0,1.0,1.0,1.0,1.0,1.0,1.0
1220,d306c671b1ce531c,True,1.0,1.0,0.9231642683742401,1.0,1.0,1.0,0.9679851118226
1221,f36b32268f1c5404,True,1.0,1.0,0.9012876869751787,1.0,1.0,0.5,0.958869869572991
1222,38fb216f0cc35ecc,True,1.0,1.0,1.0,0.0,1.0,1.0,0.5833333333333334
1223,6c130d90781359d4,True,1.0,1.0,0.9556233010357053,1.0,1.0,1.0,0.9815097087648773
1224,f994322c76145318,True,1.0,1.0,0.6558163003973897,1.0,1.0,1.0,0.856590125165579
1225,b5be2c625dcf54e2,True,1.0,1.0,0.9274264145613749,1.0,1.0,1.0,0.9697610060672396
1226,87a4e023d9315796,True,1.0,1.0,1.0,1.0,1.0,1.0,1.0
1227,626859d4351b5ffe,True,1.0,1.0,0.8931310711632234,1.0,1.0,1.0,0.9554712796513432
1228,3216cf4d7e975148,True,1.0,1.0,0.6987250924209524,1.0,1.0,1.0,0.8744687885087301
1229,9bc3ee11944a5bef,True,1.0,1.0,0.8788172157797356,1.0,1.0,1.0,0.9495071732415564
1230,dd25fc02c23c537b,True,1.0,1.0,1.0,1.0,1.0,1.0,1.0
1231,60dfaa1afc395c5d,True,1.0,1.0,0.7234010207282339,1.0,1.0,1.0,0.8847504253034307
1232,26e6818bd14d52a5,True,1.0,1.0,0.7542878876726783,1.0,1.0,1.0,0.8976199531969492
1233,720963308f01575e,True,1.0,1.0,1.0,1.0,1.0,1.0,1.0
1234,786f447064055cfd,True,1.0,1.0,1.0,1.0,1.0,1.0,1.0
1235,2731fa425acf52f4,True,1.0,0.0,0.0,0.0,1.0,0.5,0.0
1236,89a0561418585e07,True,1.0,1.0,0.8720986776474197,1.0,1.0,1.0,0.9467077823530916
1237,747a1e62def55db5,True,1.0,1.0,0.845764579965016,1.0,1.0,1.0,0.93573524165209
1238,348680e464e15fa2,True,1.0,1.0,0.7183750831387452,1.0,1.0,1.0,0.8826562846411439
1239,b5155b952c645ce0,True,1.0,1.0,0.7281994419488804,1.0,1.0,1.0,0.8867497674787002
1240,e8d654d610fa547f,True,1.0,1.0,1.0,1.0,1.0,1.0,1.0
1241,e7cfffa4e8dd53a8,True,1.0,0.0,0.0,0.0,1.0,1.0,0.0
1242,03c2e332abb25034,True,1.0,1.0,1.0,1.0,1.0,1.0,1.0
1243,e720bb9728785a67,True,1.0,1.0,0.9066090615578044,1.0,1.0,1.0,0.9610871089824186
1244,4dd1ab3a667b5074,True,1.0,1.0,1.0,1.0,1.0,1.0,1.0
1245,7e21aeb3afc2592b,True,1.0,1.0,1.0,1.0,1.0,0.5,1.0
1246,e2fe8539502a5fd1,True,1.0,1.0,0.9159099215942195,1.0,1.0,1.0,0.9649624673309248
1247,dc207d97e04f5ce1,True,1.0,1.0,1.0,1.0,1.0,1.0,1.0
1248,297fa313126a5f02,True,1.0,1.0,1.0,1.0,1.0,1.0,1.0
1249,e6095ad750805bff,True,1.0,1.0,1.0,1.0,1.0,1.0,1.0
1250,fb26a29303d1507e,True,1.0,1.0,0.5345168220751854,1.0,1.0,1.0,0.8060486758646604
1251,ac5327106349541c,True,1.0,1.0,0.6995570564895462,1.0,1.0,1.0,0.8748154402039776
1252,70b8b9ad6d6f54f7,True,1.0,1.0,1.0,1.0,1.0,1.0,1.0
1253,0d5496cc08dc50fe,True,1.0,1.0,1.0,1.0,1.0,1.0,1.0
1254,aaa11cdbc8d35178,True,1.0,1.0,1.0,0.0,1.0,1.0,0.5833333333333334
1255,169ccb03f27e589d,True,1.0,1.0,1.0,1.0,1.0,1.0,1.0
1256,398326681cd7500a,True,1.0,1.0,0.9131590394444398,1.0,1.0,1.0,0.9638162664351833
1257,52fae9c4f2025dc3,True,1.0,1.0,0.5492710476295899,1.0,1.0,1.0,0.8121962698456624
1258,8b5d8d7c95925564,True,1.0,1.0,1.0,1.0,1.0,1.0,1.0
1259,4104c86ea5425c40,True,1.0,1.0,0.8423271830857867,1.0,1.0,1.0,0.9343029929524111
1260,6c4bebeaa24a53ce,True,1.0,1.0,0.7228852797978815,1.0,1.0,1.0,0.8845355332491174
1261,597a23643be958dc,True,1.0,1.0,0.7386431735973598,1.0,1.0,1.0,0.8911013223322333
1262,51bf8103b6cd5b4c,True,1.0,1.0,0.9473548416347841,1.0,1.0,1.0,0.9780645173478266
1263,e0f8a20a76c25e20,True,1.0,1.0,0.9288816833659913,1.0,1.0,1.0,0.9703673680691631
1264,a780d35138495c38,True,1.0,1.0,1.0,1.0,1.0,1.0,1.0
1265,05f1a5cbc0905d8e,True,1.0,1.0,0.7759654006632574,1.0,1.0,1.0,0.9066522502763572
1266,7d368be282b85528,True,1.0,1.0,0.5895822918330592,1.0,1.0,1.0,0.828992621597108
1267,46deeff0d0495df6,True,1.0,1.0,1.0,1.0,1.0,1.0,1.0
1268,6012a63b7a3b52c7,True,1.0,1.0,0.7838665176407795,1.0,1.0,1.0,0.9099443823503247
1269,bca4325362c35dbd,True,1.0,1.0,1.0,1.0,1.0,1.0,1.0
1270,a6e683b6f2a557a4,True,1.0,1.0,0.9057085886142698,1.0,1.0,1.0,0.9607119119226124
1271,315ac5cd44ad5d1e,True,1.0,1.0,0.777851824631885,1.0,1.0,1.0,0.9074382602632854
1272,de85008572b15018,True,1.0,1.0,1.0,1.0,1.0,1.0,1.0
1273,0d6296a5295a5835,True,1.0,1.0,0.8280749980934784,1.0,1.0,1.0,0.9283645825389494
1274,67958aa8e9015aaf,True,1.0,1.0,0.6527873399001297,1.0,1.0,1.0,0.8553280582917208
1275,a8ef1b08315752f3,True,1.0,1.0,1.0,1.0,1.0,1.0,1.0
1276,78e6dbb9ee735559,True,1.0,1.0,0.915982921908743,1.0,1.0,1.0,0.9649928841286428
1277,9adad5bdab6b52fa,True,1.0,1.0,0.7568476469372771,1.0,1.0,1.0,0.8986865195571988
1278,062a9e3dd60955ce,True,1.0,1.0,0.776268066777492,1.0,1.0,1.0,0.9067783611572883
1279,73e0459194ce577f,True,1.0,1.0,1.0,1.0,1.0,1.0,1.0
1280,81c70798936b5140,True,1.0,1.0,1.0,1.0,1.0,1.0,1.0
1281,a807cfefb041572b,True,1.0,1.0,1.0,1.0,1.0,1.0,1.0
1282,bd35995b3dcb53e8,True,1.0,1.0,0.7235256649232658,0.0,1.0,1.0,0.4681356937180274
1283,f381809a5ec053f3,True,1.0,1.0,1.0,1.0,1.0,1.0,1.0
1284,f9ff7b08b88e5365,True,1.0,1.0,1.0,1.0,1.0,0.0,1.0
1285,1a5351601d8f52da,True,0.0,1.0,0.0,0.0,1.0,0.0,0.0
1286,e5caf6d750415ee7,True,1.0,1.0,1.0,1.0,1.0,1.0,1.0
1287,d1861adbe9ff5581,True,1.0,1.0,1.0,1.0,1.0,1.0,1.0
1288,d45773d48e4f5fb7,True,1.0,0.0,0.0,1.0,1.0,1.0,0.0
1289,2f1653c3481b50f1,True,1.0,1.0,1.0,1.0,1.0,1.0,1.0
1290,9e76a394983a59b6,True,1.0,1.0,1.0,1.0,1.0,1.0,1.0
1291,e6dde7de045154c3,True,1.0,1.0,1.0,1.0,1.0,1.0,1.0
1292,3dd9fe57e28e5c54,True,1.0,1.0,1.0,1.0,1.0,1.0,1.0
1293,981ab4a5d11b5090,True,1.0,1.0,0.7763015459397855,1.0,1.0,1.0,0.906792310808244
1294,b094018eef175a6b,True,1.0,1.0,0.7601984540844068,1.0,1.0,1.0,0.9000826892018362
1295,e5dd6a4462dd5e29,True,1.0,1.0,1.0,1.0,1.0,1.0,1.0
1296,a29d602c497c532d,True,1.0,1.0,0.7410973000076939,1.0,1.0,1.0,0.8921238750032058
1297,ff8fade989aa5bb8,True,1.0,1.0,0.888828115399842,1.0,1.0,1.0,0.9536783814166009
1298,cde9cee2c4f55145,True,1.0,1.0,0.9067614501881984,1.0,1.0,1.0,0.9611506042450827
1299,1039e136e6605cfb,True,1.0,0.0,0.0,1.0,1.0,1.0,0.0
1300,ecc6f4f3dd735feb,True,1.0,1.0,0.6937565335153423,1.0,1.0,1.0,0.8723985556313926
1301,18e5845edcdb500c,True,1.0,1.0,0.644272353438475,1.0,1.0,1.0,0.8517801472660312
1302,e0bb2b04e9455fa6,True,1.0,1.0,0.7689280445127372,1.0,1.0,1.0,0.9037200185469739
1303,59ea5c8c067e57e7,True,1.0,0.0,0.0,1.0,1.0,1.0,0.0
1304,17a3e2d3cba55770,True,1.0,1.0,1.0,1.0,1.0,1.0,1.0
1305,4f87ef91e3425ebc,True,1.0,1.0,0.7787638664533771,1.0,1.0,1.0,0.9078182776889072
1306,655917ea5da455c8,True,1.0,1.0,1.0,1.0,1.0,1.0,1.0
1307,12030460794b563e,True,1.0,1.0,0.7957234313581693,1.0,1.0,1.0,0.9148847630659039
1308,38ecbc57db7e561c,True,1.0,1.0,0.8058293014979602,1.0,1.0,1.0,0.9190955422908168
1309,c80bc7cdeb5e50f0,True,1.0,1.0,0.7515151448838786,1.0,1.0,1.0,0.896464643701616
1310,135337bf847b5726,True,1.0,1.0,0.6516731924495799,1.0,1.0,1.0,0.854863830187325
1311,bff155acea525206,True,1.0,1.0,1.0,1.0,1.0,1.0,1.0
1312,3f31d5d096f957c9,True,1.0,1.0,0.4740920873347127,1.0,1.0,1.0,0.7808717030561304
1313,5a35f8abb51c5303,True,1.0,1.0,1.0,1.0,1.0,1.0,1.0
1314,1134d05b608b54e8,True,1.0,1.0,0.8711554725926792,1.0,1.0,1.0,0.9463147802469497
1315,b18f4a30eea65702,True,1.0,1.0,0.9282612129372773,1.0,1.0,1.0,0.9701088387238656
1316,51d4ce9889525c4f,True,1.0,1.0,0.7756803660176331,1.0,1.0,1.0,0.9065334858406805
1317,60cfc7f20f825d8a,True,1.0,1.0,0.8806866221966254,1.0,1.0,1.0,0.9502860925819272
1318,af8dc1b01446555a,True,1.0,1.0,0.990146602806477,1.0,1.0,1.0,0.9958944178360322
1319,4d4e4d899fd95487,True,1.0,1.0,0.7171261696895692,1.0,1.0,1.0,0.8821359040373205
1320,ca2552a32a0058bc,True,1.0,1.0,0.6088449008333379,1.0,1.0,1.0,0.8370187086805574
1321,c0b8f52197ac558c,True,1.0,1.0,1.0,1.0,1.0,1.0,1.0
1322,de4ace24443b5b2d,True,1.0,1.0,1.0,1.0,1.0,1.0,1.0
1323,5102468ad3745c60,True,1.0,1.0,0.719537173949481,1.0,1.0,1.0,0.883140489145617
1324,ef16f9855fe95fda,True,1.0,1.0,0.7489677598315678,1.0,1.0,1.0,0.8954032332631533
1325,7b3e1c9932625243,True,1.0,1.0,0.6254978220520239,1.0,1.0,1.0,0.84395742585501
1326,df3b1f0f39625162,True,1.0,1.0,0.9089923910745237,1.0,1.0,1.0,0.9620801629477181
1327,e717645716555e33,True,1.0,1.0,1.0,1.0,1.0,1.0,1.0
1328,6b895016e28d513c,True,1.0,1.0,1.0,1.0,1.0,1.0,1.0
1329,cd3b1de5d5d759e7,True,1.0,1.0,1.0,1.0,1.0,1.0,1.0
1330,f376ed0415235e20,True,1.0,1.0,0.8131341422971231,1.0,1.0,1.0,0.9221392259571347
1331,7048a63246a75ea4,True,1.0,1.0,0.7060222338820261,1.0,1.0,1.0,0.8775092641175108
1332,026ee9bc920b5180,True,1.0,1.0,1.0,1.0,1.0,1.0,1.0
1333,a151ed0de3f35bf5,True,1.0,1.0,1.0,1.0,1.0,1.0,1.0
1334,1df1903e5bcd5036,True,1.0,1.0,0.9819628940621308,1.0,1.0,1.0,0.9924845391925544
1335,c77dbdd287825d1a,True,1.0,1.0,0.7596428625534023,1.0,1.0,1.0,0.8998511927305843
1336,bc1489ef42185fa1,True,1.0,1.0,0.5432410163701259,1.0,1.0,1.0,0.8096837568208858
1337,0eb2056214155957,True,1.0,1.0,1.0,1.0,1.0,1.0,1.0
1338,19d3dfdf0d2d5b6f,True,1.0,1.0,1.0,1.0,1.0,1.0,1.0
1339,c64f55518a18575b,True,1.0,1.0,0.8305461683181325,1.0,1.0,1.0,0.929394236799222
1340,4ab74b20c99e5d20,True,1.0,1.0,0.8429885856376542,1.0,1.0,0.5,0.9345785773490226
1341,e25ab8d2df785bf3,True,1.0,1.0,0.6652702730184865,1.0,1.0,1.0,0.8605292804243693
1342,9ac3f47635bd5fe1,True,1.0,1.0,0.9061987844647548,1.0,1.0,1.0,0.9609161601936478
1343,4a66983ed3545869,True,1.0,1.0,0.8391965066381863,1.0,1.0,1.0,0.9329985444325777
1344,bf1f3fe1ca935bba,True,1.0,1.0,0.7968768315309791,0.0,1.0,1.0,0.49869867980457466
1345,f2033bf66332541b,True,1.0,1.0,1.0,1.0,1.0,1.0,1.0
1346,86e62e65d9095907,True,1.0,1.0,0.8967747789449773,1.0,1.0,1.0,0.9569894912270739
1347,47d82a7c046d57bc,True,1.0,1.0,0.5630709332905464,1.0,1.0,1.0,0.8179462222043944
1348,60fbe2351f325132,True,1.0,1.0,1.0,1.0,1.0,1.0,1.0
1349,250be1db1d67582c,True,1.0,1.0,1.0,1.0,1.0,1.0,1.0
1350,d474e3bc97d253ee,True,1.0,1.0,1.0,1.0,1.0,1.0,1.0
1351,796a327cace65d27,True,1.0,1.0,1.0,1.0,1.0,1.0,1.0
1352,d6fb4629926d57db,True,1.0,1.0,0.8798490718225398,1.0,1.0,1.0,0.9499371132593916
1353,cf8f42e252855b82,True,1.0,1.0,1.0,1.0,1.0,1.0,1.0
1354,e52c457d50455d0c,True,1.0,1.0,0.7508379483371851,1.0,1.0,1.0,0.8961824784738271
1355,29fea23055595de3,True,1.0,1.0,0.7498190128538125,1.0,1.0,1.0,0.895757922022422
1356,c9fb5f51480b5ff8,True,1.0,0.0,0.0,1.0,1.0,1.0,0.0
1357,f80a6f7f4de5564d,True,1.0,1.0,0.9601712301055035,1.0,1.0,1.0,0.9834046792106266
1358,40bdfb00872f5bc4,True,1.0,1.0,1.0,1.0,1.0,1.0,1.0
1359,1fdff45f05055069,True,1.0,0.0,0.0,1.0,1.0,1.0,0.0
1360,e11091e5742d545b,True,1.0,1.0,0.6438595194522188,1.0,1.0,1.0,0.8516081331050911
1361,175fc3cad7805262,True,1.0,1.0,0.8530514088752381,1.0,1.0,1.0,0.9387714203646826
1362,fac5b39e58445a31,True,1.0,1.0,1.0,1.0,1.0,1.0,1.0
1363,303d452ddd2d58d1,True,1.0,1.0,0.8448581565139606,1.0,1.0,1.0,0.9353575652141503
1364,e84ff3e29bc05254,True,1.0,1.0,0.7476606364650007,1.0,1.0,1.0,0.8948585985270836
1365,720c4f312c0f529e,True,1.0,1.0,1.0,1.0,1.0,1.0,1.0
1366,e6bdb406a21e55ba,True,1.0,1.0,1.0,1.0,1.0,1.0,1.0
1367,80bc2d8487e552f1,True,1.0,1.0,1.0,1.0,1.0,1.0,1.0
1368,1da6196444e35b0f,True,1.0,0.0,0.0,1.0,1.0,1.0,0.0
1369,a728ab8233415a86,True,1.0,1.0,0.6158975038621642,1.0,1.0,0.5,0.8399572932759017
1370,b28ff93f850259ee,True,1.0,1.0,0.7075379249129243,1.0,1.0,1.0,0.8781408020470517
1371,999785384adc5afe,True,1.0,1.0,1.0,1.0,1.0,1.0,1.0
1372,89e9fbdf25415d68,True,1.0,0.0,0.0,1.0,1.0,1.0,0.0
1373,3d580ffc3de95e49,True,1.0,1.0,0.8115332344299508,1.0,1.0,1.0,0.9214721810124796
1374,5317b890d3e45958,True,1.0,1.0,1.0,1.0,1.0,1.0,1.0
1375,a8159c45d59f5a5f,True,1.0,1.0,0.8001930273059665,1.0,1.0,1.0,0.9167470947108193
1376,f3462625913a59c2,True,1.0,1.0,0.5701700344786836,1.0,1.0,1.0,0.8209041810327848
1377,ff5c0e17d20351ca,True,1.0,1.0,0.9248463148882977,1.0,1.0,1.0,0.9686859645367907
1378,649b2096884957a9,True,1.0,1.0,1.0,1.0,1.0,1.0,1.0
1379,cbb499611c3f53ca,True,1.0,1.0,1.0,1.0,1.0,1.0,1.0
1380,4e5b53cea7145f00,True,1.0,1.0,0.9295299464252442,1.0,1.0,1.0,0.9706374776771852
1381,ab4175e25b6c5d76,True,1.0,1.0,0.7496874151527785,1.0,1.0,1.0,0.895703089646991
1382,53928c06f3005536,True,1.0,1.0,1.0,1.0,1.0,1.0,1.0
1383,b5754d53017b5d49,True,1.0,1.0,0.918546326484502,1.0,1.0,1.0,0.9660609693685425
1384,725b2a708c8e55f1,True,1.0,1.0,1.0,1.0,1.0,1.0,1.0
1385,fa7459e482c05911,True,1.0,1.0,0.7252370902265056,1.0,1.0,1.0,0.885515454261044
1386,d53ab6056bc85085,True,1.0,1.0,0.8340557062411074,1.0,1.0,1.0,0.930856544267128
1387,555ac2e13627529e,True,1.0,1.0,1.0,1.0,1.0,1.0,1.0
1388,3dc6b109b480502f,True,1.0,1.0,1.0,1.0,1.0,1.0,1.0
1389,95ee5b14fb3a5ce0,True,1.0,0.0,0.0,0.0,1.0,1.0,0.0
1390,96fd45b48c8b5e18,True,1.0,1.0,0.7722556408581394,1.0,1.0,1.0,0.9051065170242247
1391,a28e9a19b6a05733,True,1.0,1.0,1.0,1.0,1.0,1.0,1.0
1392,6761ba552b3759fa,True,1.0,0.0,0.0,1.0,1.0,1.0,0.0
1393,0eeeee655d415970,True,1.0,1.0,0.9759528015575057,1.0,1.0,0.0,0.989980333982294
1394,4b594a8e80915943,True,1.0,1.0,0.8335489095936119,1.0,1.0,1.0,0.9306453789973382
1395,bf80166d9d045752,True,1.0,1.0,0.8045498539600427,1.0,1.0,1.0,0.9185624391500178
1396,777328bf3a3d5e15,True,1.0,1.0,0.8027076009618855,1.0,1.0,1.0,0.917794833734119
1397,3d29e22a03a15391,True,1.0,1.0,1.0,1.0,1.0,1.0,1.0
1398,fc0d0363cab85e22,True,1.0,1.0,0.7513518835840634,1.0,1.0,1.0,0.8963966181600265
1399,ece9650c827e569f,True,1.0,1.0,1.0,0.0,1.0,1.0,0.5833333333333334
1400,ba9ec722d0e05e2c,True,1.0,1.0,0.8627717342629465,1.0,1.0,1.0,0.9428215559428944
1401,bdfc5ac88bce56ed,True,1.0,1.0,0.8064734189092535,1.0,1.0,1.0,0.9193639245455222
1402,ee99fbc3e9a25112,True,1.0,1.0,0.8350663759594791,1.0,1.0,1.0,0.931277656649783
1403,a417154cf84a5426,True,0.0,1.0,0.0,0.0,1.0,1.0,0.0
1404,6df712116b7353cc,True,1.0,1.0,0.9973444473561718,1.0,1.0,1.0,0.9988935197317383
1405,463d1cf17f915536,True,1.0,1.0,0.8945080488328865,1.0,1.0,1.0,0.956045020347036
1406,616ead76f75f5b62,True,1.0,1.0,0.7847828418432471,1.0,1.0,1.0,0.9103261841013529
1407,87dc5db673bd5b2b,True,1.0,1.0,1.0,1.0,1.0,1.0,1.0
1408,cd1304eac1a25f00,True,1.0,1.0,0.9443177477743315,1.0,1.0,1.0,0.9767990615726382
1409,840d3a1a7a935536,True,1.0,1.0,1.0,1.0,1.0,1.0,1.0
1410,b894f0e8e2875363,True,1.0,1.0,1.0,1.0,1.0,1.0,1.0
1411,26565788812b5fde,True,1.0,1.0,0.9528842103933429,1.0,1.0,1.0,0.9803684209972262
1412,22878e2b2f6e5ab2,True,1.0,1.0,0.7170193478450996,1.0,1.0,1.0,0.8820913949354582
1413,2b9bb7ffb9cf5da8,True,1.0,1.0,1.0,1.0,1.0,1.0,1.0
1414,7ffe3cd6cd995118,True,1.0,1.0,1.0,1.0,1.0,1.0,1.0
1415,c24424805c075539,True,1.0,1.0,1.0,1.0,1.0,1.0,1.0
1416,d9bbf36a9fca56a9,True,1.0,1.0,0.9372408819064629,1.0,1.0,1.0,0.9738503674610263
1417,197f39226d0856ce,True,1.0,1.0,0.7898673490578103,1.0,1.0,1.0,0.9124447287740877
1418,c1e1661e600c570e,True,1.0,1.0,1.0,1.0,1.0,1.0,1.0
1419,54b907a5a03b51ef,True,1.0,1.0,0.8247106440895138,1.0,1.0,1.0,0.9269627683706307
1420,4379fb75ac085d26,True,1.0,1.0,0.7291802613072549,1.0,1.0,1.0,0.8871584422113562
1421,8c5a5e3a57535abf,True,1.0,1.0,1.0,1.0,1.0,1.0,1.0
1422,e102672eb1975e6f,True,1.0,1.0,1.0,1.0,1.0,1.0,1.0
1423,522b72a25cbb5ef9,True,1.0,1.0,0.7739285579455399,1.0,1.0,1.0,0.9058035658106416
1424,7e3ae733f7ef5c8f,True,1.0,1.0,0.8009521537633033,1.0,1.0,1.0,0.9170633974013764
1425,a549496e4b835d1b,True,1.0,1.0,0.9213011484505329,1.0,1.0,1.0,0.9672088118543888
1426,01fa845276f857c5,True,1.0,1.0,0.8220344165712286,1.0,1.0,1.0,0.9258476735713451
1427,a6d4b1f4870852a4,True,1.0,1.0,1.0,1.0,1.0,1.0,1.0
1428,5862cc032cf45893,True,1.0,1.0,0.7841930153484155,1.0,1.0,1.0,0.9100804230618399
1429,88ff8f6ad0ab5a77,True,1.0,0.0,0.0,1.0,1.0,1.0,0.0
1430,bbc1735031c25ff7,True,1.0,1.0,0.564230818893616,1.0,1.0,1.0,0.8184295078723401
1431,a89c8c3249975dc9,True,1.0,1.0,0.8936342801348647,1.0,1.0,1.0,0.9556809500561937
1432,1d3700dc6c9950e0,True,1.0,1.0,0.5268274181447199,1.0,1.0,1.0,0.8028447575602998
1433,925e046dba2f525f,True,1.0,1.0,0.8159690983246114,1.0,1.0,1.0,0.9233204576352548
1434,92c7b16cbf5a5d8c,True,1.0,1.0,1.0,1.0,1.0,1.0,1.0
1435,ef0b98c7837e5e4a,True,1.0,1.0,0.8445375091085467,1.0,1.0,1.0,0.9352239621285611
1436,1bb7bab27d1552f5,True,1.0,1.0,1.0,1.0,1.0,1.0,1.0
1437,6b7c5199f84e5aac,True,1.0,1.0,0.8784006360106402,1.0,1.0,1.0,0.9493335983377668
1438,15975dc336e75ba2,True,1.0,1.0,0.6532594998739679,1.0,1.0,1.0,0.8555247916141533
1439,e9a6f39362ba53a3,True,1.0,1.0,0.9891766521121993,1.0,1.0,1.0,0.9954902717134164
1440,3e5b0593a3e75d29,True,1.0,1.0,0.7962324228743234,1.0,1.0,1.0,0.9150968428643015
1441,51b0141596d15905,True,1.0,1.0,0.7175500515901758,1.0,1.0,1.0,0.8823125214959067
1442,30271c81460b556d,True,1.0,1.0,0.9503136205909467,1.0,1.0,1.0,0.9792973419128944
1443,2488018e08b35c68,True,1.0,1.0,0.7856326190900964,1.0,1.0,1.0,0.9106802579542069
1444,0578fbc7c369583a,True,1.0,1.0,1.0,1.0,1.0,1.0,1.0
1445,17a6a4a6137553cd,True,1.0,1.0,0.8811471201885547,1.0,1.0,1.0,0.9504779667452311
1446,690f682660e358dc,True,1.0,1.0,1.0,1.0,1.0,1.0,1.0
1447,3103614e29e25cd4,True,1.0,1.0,0.9096291368517655,1.0,1.0,1.0,0.9623454736882356
1448,dd4e7db697465be3,True,1.0,1.0,0.8288976702891475,1.0,1.0,1.0,0.9287073626204781
1449,fc6dc98b89a95817,True,1.0,1.0,0.8361212702109075,1.0,1.0,1.0,0.9317171959212115
1450,87614ec5f3da5f4a,True,1.0,1.0,1.0,1.0,1.0,1.0,1.0
1451,fa7555f0099f5c59,True,1.0,1.0,1.0,1.0,1.0,1.0,1.0
1452,34eb9be2f88a5234,True,1.0,1.0,1.0,1.0,1.0,1.0,1.0
1453,b31e39a660f1535f,True,1.0,1.0,1.0,1.0,1.0,1.0,1.0
1454,f534c8da0962552c,True,1.0,1.0,0.9224906792641103,1.0,1.0,1.0,0.9677044496933793
1455,cdec001a2536542c,True,1.0,1.0,0.8701117353432362,1.0,1.0,1.0,0.9458798897263484
1456,a1d7b6056b4b5566,True,1.0,1.0,0.9383848545356804,1.0,1.0,1.0,0.9743270227232003
1457,39cbed62434a528b,True,1.0,1.0,1.0,1.0,1.0,1.0,1.0
1458,1ebd95c73644569f,True,1.0,1.0,0.6069062913346305,1.0,1.0,1.0,0.8362109547227626
1459,8f5610a77c3257f9,True,1.0,1.0,1.0,1.0,1.0,1.0,1.0
1460,98017c16248a5f54,True,1.0,1.0,0.9046749885574104,1.0,1.0,1.0,0.9602812452322542
1461,cefc63c820c45c3b,True,1.0,1.0,1.0,1.0,1.0,1.0,1.0
1462,cb61f2ea159355a0,True,1.0,1.0,1.0,1.0,1.0,1.0,1.0
1463,205cce163e5a5b46,True,1.0,1.0,1.0,1.0,1.0,1.0,1.0
1464,0bab0d24762a596d,True,1.0,0.0,0.0,0.0,1.0,1.0,0.0
1465,1c2140b2eac55906,True,1.0,1.0,0.9451296238861296,1.0,1.0,1.0,0.9771373432858873
1466,4a2f87a2fd42549e,True,1.0,1.0,1.0,1.0,1.0,1.0,1.0
1467,cebd7d74024b5cce,True,1.0,1.0,1.0,1.0,1.0,1.0,1.0
1468,32af8f1654f057d7,True,1.0,1.0,0.6719360688846909,1.0,1.0,1.0,0.8633066953686211
1469,fb3ec8fa431c5d83,True,1.0,0.0,0.0,1.0,1.0,0.5,0.0
1470,f5f173ece87c5c11,True,1.0,1.0,0.7878841299741112,1.0,1.0,1.0,0.911618387489213
1471,7758c231f45d51de,True,1.0,1.0,0.7433443349824935,1.0,1.0,1.0,0.8930601395760389
1472,bb783ab5850c5ee2,True,1.0,1.0,0.7974370211334152,1.0,1.0,1.0,0.9155987588055897
1473,6c62956221e4511e,True,1.0,1.0,0.8640426059393004,1.0,1.0,1.0,0.9433510858080418
1474,7bce82e059a05030,True,1.0,1.0,0.8129530560569981,1.0,1.0,1.0,0.9220637733570826
1475,6a0cdff04e6b596e,True,1.0,1.0,0.9542380101297065,1.0,1.0,1.0,0.9809325042207111
1476,d607d27b421a562b,True,1.0,1.0,0.7181118448220732,1.0,1.0,1.0,0.8825466020091972
1477,3ca2e3e846e75813,True,1.0,1.0,0.7852748514333416,1.0,1.0,1.0,0.9105311880972257
1478,ccf8ef537aa65a7a,True,1.0,1.0,0.938144666807116,1.0,1.0,1.0,0.974226944502965
1479,a9c15f8aabb65b09,True,1.0,1.0,0.745500814978347,1.0,1.0,1.0,0.8939586729076446
1480,1f7588f60e8d5ff2,True,1.0,1.0,0.7621945778983238,1.0,1.0,1.0,0.900914407457635
1481,00c893a01244562c,True,1.0,1.0,0.5538307772525959,1.0,1.0,1.0,0.8140961571885817
1482,0f6aef2cc48d5621,True,1.0,1.0,0.7662437041890433,1.0,1.0,1.0,0.9026015434121014
1483,0603ebc3a71d59f5,True,1.0,1.0,0.8285698493538801,1.0,1.0,1.0,0.9285707705641167
1484,7b095ec7e3f95c4a,True,1.0,1.0,1.0,1.0,1.0,1.0,1.0
1485,a02d58c7e9ee50f5,True,1.0,1.0,1.0,1.0,1.0,1.0,1.0
1486,635d0bb58aa95282,True,1.0,1.0,0.8055297122354282,1.0,1.0,1.0,0.9189707134314284
1487,63266bfd8e1f5f15,True,0.0,1.0,0.0,0.0,1.0,1.0,0.0
1488,5a80299213875068,True,1.0,1.0,0.9979990744858952,1.0,1.0,1.0,0.9991662810357896
1489,b0aa550f818f52a0,True,1.0,1.0,0.9028476407506639,1.0,1.0,1.0,0.9595198503127765
1490,0a6021edcc74538a,True,1.0,1.0,0.829090423617741,1.0,1.0,1.0,0.9287876765073921
1491,d5f582e6945d5bc3,True,1.0,1.0,1.0,1.0,1.0,1.0,1.0
1492,5ee6495d99475e62,True,1.0,1.0,0.7290084816235092,1.0,1.0,1.0,0.8870868673431289
1493,baf0c6e99bec57db,True,1.0,1.0,0.8056467723772196,1.0,1.0,1.0,0.9190194884905081
1494,e8d869b5752751a6,True,1.0,1.0,0.9478503097007345,1.0,1.0,1.0,0.978270962375306
1495,936bb410fa70545b,True,1.0,1.0,0.8690793779383424,1.0,1.0,1.0,0.9454497408076428
1496,117372631fc4501c,True,1.0,1.0,1.0,1.0,1.0,1.0,1.0
1497,eea61634eb875210,True,1.0,1.0,1.0,1.0,1.0,1.0,1.0
1498,2d060a1354d4545e,True,1.0,1.0,1.0,1.0,1.0,1.0,1.0
1499,4fc373052fb55899,True,1.0,1.0,1.0,1.0,1.0,1.0,1.0
1500,4860585d53665508,True,1.0,1.0,1.0,1.0,1.0,1.0,1.0
1501,3336f42a7e175d0b,True,1.0,1.0,0.9198950985678181,1.0,1.0,1.0,0.9666229577365909
1502,57b2cc25579a5885,True,1.0,1.0,0.9385014081479637,1.0,1.0,1.0,0.9743755867283183
1503,1ff5f3528c36501f,True,1.0,1.0,0.859949187437965,1.0,1.0,1.0,0.9416454947658188
1504,db73bde6710e50ca,True,1.0,1.0,1.0,1.0,1.0,1.0,1.0
1505,1090e431ffef512f,True,1.0,1.0,0.8636774750312189,1.0,1.0,1.0,0.9431989479296746
1506,e1f58cff32225d3a,True,1.0,1.0,1.0,1.0,1.0,1.0,1.0
1507,780eada83bbc57b1,True,1.0,1.0,0.7877263266941448,1.0,1.0,1.0,0.9115526361225603
1508,3f2a3e63c3045c95,True,1.0,1.0,0.6810165621746366,1.0,1.0,1.0,0.8670902342394319
1509,794b439e9922527b,True,1.0,1.0,0.8389570008591662,1.0,1.0,1.0,0.9328987503579859
1510,6f8a5e89c0325aa8,True,1.0,1.0,0.9412402181101485,1.0,1.0,1.0,0.9755167575458952
1511,7b3ba1d953a15802,True,0.0,1.0,0.0,0.0,1.0,0.5,0.0
1512,0f536eebc58d5ff4,True,1.0,1.0,0.8162972200450606,1.0,1.0,1.0,0.9234571750187751
1513,62462203db6b5ba5,True,1.0,1.0,0.7160289223690509,1.0,1.0,1.0,0.8816787176537711
1514,2a2308354f4c5aa2,True,1.0,1.0,0.7582851535481415,1.0,1.0,1.0,0.8992854806450591
1515,38b01bebf6df5fb8,True,1.0,1.0,0.5557694370349157,1.0,1.0,1.0,0.8149039320978816
1516,06392ff957445576,True,1.0,1.0,0.8142462736019688,1.0,1.0,1.0,0.9226026140008203
1517,9fa75f1d5863570b,True,1.0,1.0,0.7711129213692233,1.0,1.0,1.0,0.904630383903843
1518,e52f4dccf26f55a8,True,1.0,1.0,0.6429487506606808,1.0,1.0,1.0,0.851228646108617
1519,2f67d7af0e0d51a1,True,1.0,1.0,0.767604973288898,1.0,1.0,1.0,0.9031687388703742
1520,7f78c5aac332551d,True,1.0,1.0,1.0,1.0,1.0,1.0,1.0
1521,c773514392cc56ba,True,1.0,1.0,0.8989490947243755,1.0,1.0,1.0,0.9578954561351565
1522,bc692afe313d50ee,True,1.0,1.0,0.6681893997345301,1.0,1.0,1.0,0.8617455832227208
1523,4c9a89b8cd2853d6,True,1.0,1.0,0.8159065703606923,1.0,1.0,1.0,0.923294404316955
1524,d0a77f19bd8b5348,True,1.0,1.0,1.0,1.0,1.0,1.0,1.0
1525,5bdbe484641a55fa,True,1.0,1.0,1.0,1.0,1.0,1.0,1.0
1526,dcf3da6b34935bc8,True,1.0,1.0,0.8070574797720198,1.0,1.0,1.0,0.9196072832383416
1527,e9d16ba0eb935220,True,1.0,1.0,0.5353882178428848,1.0,1.0,1.0,0.8064117574345353
1528,869f688594fc58c1,True,0.0,1.0,0.0,0.0,1.0,1.0,0.0
1529,c133861a233a51de,True,1.0,1.0,0.5225986686717995,1.0,1.0,0.0,0.8010827786132498
1530,88e6d9d5dd715516,True,1.0,1.0,0.6553266928897868,1.0,1.0,1.0,0.8563861220374113
1531,c43312ea64bc5d28,True,1.0,1.0,0.8848697011003681,1.0,1.0,1.0,0.9520290421251533
1532,9c193ab1a07454e3,True,1.0,1.0,1.0,1.0,1.0,0.5,1.0
1533,90c5557d1eec55a0,True,1.0,1.0,1.0,1.0,1.0,1.0,1.0
1534,5c4f8e6a644258d3,True,1.0,1.0,1.0,0.0,1.0,1.0,0.5833333333333334
1535,9f0193389f8a520c,True,1.0,1.0,0.6245818550169162,1.0,1.0,1.0,0.8435757729237151
1536,c505de060d305ef5,True,1.0,1.0,0.9692901638463561,1.0,1.0,1.0,0.9872042349359816
1537,c943799f7b8c5f7f,True,1.0,1.0,0.7416631466190863,1.0,1.0,1.0,0.8923596444246193
1538,a28af989d6ea5fe8,True,1.0,1.0,0.7525925601330697,1.0,1.0,1.0,0.8969135667221124
1539,7df960d73e50560b,True,1.0,1.0,1.0,1.0,1.0,1.0,1.0
1540,18d04df0d7e25316,True,1.0,1.0,0.7330388916605083,1.0,1.0,1.0,0.8887662048585451
1541,9f839d5422315781,True,1.0,1.0,1.0,1.0,1.0,0.0,1.0
1542,09fc278e5d43564f,True,1.0,1.0,0.9306039643443218,1.0,1.0,1.0,0.9710849851434674
1543,f7cef72b285555af,True,1.0,1.0,0.6360080616992858,1.0,1.0,1.0,0.8483366923747026
1544,33008a3b27ab59a1,True,1.0,1.0,0.8330719622397718,1.0,1.0,1.0,0.9304466509332382
1545,7730f64417df5d47,True,1.0,1.0,0.884130976283031,1.0,1.0,1.0,0.9517212401179296
1546,48bbe3acc93450aa,True,1.0,1.0,0.809779018794548,1.0,1.0,1.0,0.9207412578310615
1547,bcdaa4a47f925ebb,True,1.0,1.0,1.0,1.0,1.0,1.0,1.0
1548,d9e93eae3b4a5235,True,1.0,1.0,0.9913624787276942,1.0,1.0,1.0,0.996401032803206
1549,0f7e1062e04e5fb5,True,1.0,1.0,0.9967046232805592,1.0,1.0,1.0,0.9986269263668998
1550,d5039871a3fb5b04,True,1.0,1.0,0.7401598994552546,1.0,1.0,1.0,0.8917332914396895
1551,7db790f4d8965df8,True,1.0,1.0,0.7551355251244077,1.0,1.0,1.0,0.8979731354685031
1552,d32336b185505124,True,1.0,1.0,0.9476741330937665,1.0,1.0,1.0,0.978197555455736
1553,e209822e11365182,True,1.0,1.0,0.8535380207664238,1.0,1.0,1.0,0.9389741753193434
1554,205dd2add8b357f6,True,1.0,1.0,0.8774728452843276,1.0,1.0,1.0,0.9489470188684699
1555,6bacccc5dd3652c3,True,1.0,1.0,0.6699108056638545,1.0,1.0,1.0,0.8624628356932726
1556,424e3df76d475635,True,1.0,0.0,0.0,1.0,1.0,1.0,0.0
1557,998c6c28d1475e78,True,1.0,1.0,0.6777420921786269,1.0,1.0,1.0,0.8657258717410946
1558,7c2df54ec2df5a6e,True,1.0,1.0,0.9862397902304161,1.0,1.0,1.0,0.9942665792626734
1559,e8daa33268685b31,True,1.0,0.0,0.0,1.0,1.0,1.0,0.0
1560,61232ab3e2085282,True,1.0,1.0,1.0,1.0,1.0,1.0,1.0
1561,2ad04beca6e65771,True,1.0,1.0,0.9061189169222282,1.0,1.0,1.0,0.9608828820509284
1562,29163817326a5eab,True,1.0,1.0,1.0,1.0,1.0,1.0,1.0
1563,1e1913cd8d035225,True,1.0,1.0,0.9238057971627783,1.0,1.0,1.0,0.9682524154844909
1564,0da8a13fb4855214,True,1.0,1.0,0.7514578688881686,1.0,1.0,1.0,0.8964407787034036
1565,31cacaff4fa25b87,True,1.0,1.0,0.9572645739581719,1.0,1.0,1.0,0.9821935724825716
1566,063794d8842b5683,True,1.0,1.0,1.0,1.0,1.0,1.0,1.0
1567,fe74f3d6f5ea5283,True,1.0,1.0,0.7665627627267324,1.0,1.0,1.0,0.9027344844694718
1568,0b714952ea0b5017,True,1.0,1.0,0.8043905038534436,1.0,1.0,1.0,0.9184960432722682
1569,be63bfa5c6445e0e,True,1.0,1.0,1.0,1.0,1.0,1.0,1.0
1570,019eaadd84cb56f8,True,1.0,1.0,1.0,1.0,1.0,1.0,1.0
1571,73fe2f6dea43577f,True,1.0,1.0,0.5757135887691114,1.0,1.0,1.0,0.823213995320463
1572,45e9a0bc222452bf,True,1.0,1.0,0.9764678690614121,1.0,1.0,1.0,0.9901949454422551
1573,b031a0b55ab951f8,True,1.0,0.0,0.0,1.0,1.0,0.5,0.0
1574,669b4ffc8b8a5f21,True,1.0,1.0,0.880866503027345,1.0,1.0,1.0,0.9503610429280606
1575,55790fb5a5e853d0,True,1.0,1.0,0.966146534874051,1.0,1.0,1.0,0.9858943895308546
1576,6a2adb1da8dd53f3,True,1.0,1.0,0.8215159089636599,1.0,1.0,1.0,0.9256316287348584
1577,0fedf81df2db5b96,True,1.0,1.0,0.7709739043487532,1.0,1.0,1.0,0.9045724601453138
1578,7508fad57cde547d,True,1.0,1.0,1.0,1.0,1.0,1.0,1.0
1579,70847cda9b3d5b07,True,1.0,1.0,0.8355740183837415,1.0,1.0,1.0,0.931489174326559
1580,a572d70690f75ad4,True,1.0,1.0,0.8299785206354491,1.0,1.0,1.0,0.9291577169314372
1581,c9e5306d839d5427,True,1.0,1.0,0.7674907903204563,1.0,1.0,1.0,0.9031211626335235
1582,a7409a64ac2b5a94,True,1.0,1.0,0.8991988371001961,1.0,1.0,1.0,0.957999515458415
1583,06ce8610ceea51f4,True,1.0,1.0,0.7671428392136852,1.0,1.0,1.0,0.9029761830057023
1584,1434146a1ab75426,True,1.0,1.0,1.0,1.0,1.0,1.0,1.0
1585,9eb02188c5505fe1,True,1.0,1.0,0.6577141657163738,1.0,1.0,1.0,0.8573809023818223
1586,d44241b93dc95d36,True,1.0,1.0,1.0,1.0,1.0,1.0,1.0
1587,7af7ff61308e5e5c,True,1.0,1.0,0.7082642632276135,1.0,1.0,1.0,0.8784434430115056
1588,3a2203251ab65b53,True,1.0,1.0,1.0,1.0,1.0,1.0,1.0
1589,07dc9de3dd855653,True,1.0,1.0,0.6179945899324051,1.0,1.0,1.0,0.8408310791385021
1590,0e7f7322726f5b86,True,1.0,1.0,1.0,1.0,1.0,1.0,1.0
1591,25b5cecdb3b75e7c,True,1.0,1.0,1.0,1.0,1.0,1.0,1.0
1592,d870256a3b185659,True,1.0,1.0,0.8834650179985912,1.0,1.0,1.0,0.9514437574994131
1593,1e241714a35658ff,True,1.0,1.0,1.0,1.0,1.0,1.0,1.0
1594,85936ccd1b405f4c,True,1.0,1.0,1.0,1.0,1.0,1.0,1.0
1595,717d8be0b970524e,True,1.0,1.0,1.0,1.0,1.0,1.0,1.0
1596,0a6e90cccbb15213,True,1.0,1.0,0.8666240898003706,1.0,1.0,1.0,0.9444267040834878
1597,172506ac332d5af5,True,1.0,1.0,0.7734657141332213,1.0,1.0,1.0,0.9056107142221755
1598,ea21c4b17b865a4d,True,1.0,1.0,0.9119313977954199,1.0,1.0,1.0,0.9633047490814249
1599,e9b43b140b1d54bf,True,1.0,1.0,1.0,1.0,1.0,1.0,1.0
1600,f08f205e15975d97,True,1.0,1.0,0.8335408133574352,1.0,1.0,1.0,0.9306420055655981
1601,6a87e3be62aa5b5b,True,1.0,1.0,1.0,1.0,1.0,1.0,1.0
1602,94689128d3bb5ac8,True,1.0,1.0,0.9313007114238697,1.0,1.0,1.0,0.9713752964266124
1603,e7756dc30c605482,True,1.0,1.0,1.0,1.0,1.0,1.0,1.0
1604,20ae5de0a8725d9d,True,1.0,1.0,0.704480281321018,1.0,1.0,1.0,0.8768667838837576
1605,0a8ba5b315e555ab,True,1.0,1.0,0.8221296878802746,1.0,1.0,1.0,0.9258873699501144
1606,237739df15ff58cb,True,1.0,1.0,0.9544400021404553,1.0,1.0,1.0,0.981016667558523
1607,a9609780217c5831,True,1.0,1.0,0.9607399262114213,1.0,1.0,1.0,0.9836416359214256
1608,2957826433915ff9,True,1.0,0.0,0.0,1.0,1.0,1.0,0.0
1609,4acc5a24f48858ae,True,1.0,1.0,1.0,1.0,1.0,1.0,1.0
1610,aff2f948de815a32,True,1.0,1.0,0.7614822067921605,1.0,1.0,1.0,0.9006175861634002
1611,5d9e2570d7565e91,True,1.0,1.0,0.7713068325650073,1.0,1.0,1.0,0.9047111802354197
1612,9f5ac897aea35174,True,1.0,1.0,1.0,1.0,1.0,1.0,1.0
1613,62667ead92a35fbd,True,1.0,1.0,1.0,1.0,1.0,1.0,1.0
1614,56d552d6bb425954,True,1.0,1.0,0.7515532773937272,1.0,1.0,1.0,0.8964805322473864
1615,2dd8a04bcb735c5e,True,1.0,1.0,1.0,1.0,1.0,1.0,1.0
1616,63768cbe8b2d5c65,True,1.0,1.0,0.5229680710472271,1.0,1.0,1.0,0.8012366962696781
1617,4a1f69f3821e5ac5,True,1.0,1.0,1.0,1.0,1.0,1.0,1.0
1618,de9dd93857cf5ab5,True,1.0,1.0,0.8174761852961393,1.0,1.0,1.0,0.923948410540058
1619,e63d12285d215a4f,True,1.0,1.0,1.0,1.0,1.0,1.0,1.0
1620,bcea19eeb57f5cfa,True,1.0,1.0,0.7322037252466561,1.0,1.0,1.0,0.8884182188527734
1621,72d6e0ab829553ed,True,1.0,1.0,1.0,1.0,1.0,1.0,1.0
1622,152a3fbb37155fa0,True,1.0,1.0,0.8438071961645798,1.0,1.0,1.0,0.9349196650685748
1623,901722c88ebf50ea,True,1.0,1.0,0.691736536695193,1.0,1.0,1.0,0.8715568902896638
1624,d436fd792f365847,True,0.0,1.0,0.0,0.0,1.0,1.0,0.0
1625,e8bc2f6b295e5867,True,1.0,1.0,0.898898720600251,1.0,1.0,1.0,0.9578744669167712
1626,378d79a6bf715912,True,1.0,1.0,0.8227022890673117,1.0,1.0,1.0,0.9261259537780466
1627,78e0e3e1292d5431,True,1.0,1.0,1.0,1.0,1.0,1.0,1.0
1628,b3de35a12e36586c,True,1.0,1.0,1.0,1.0,1.0,1.0,1.0
1629,0179d579d30e588c,True,1.0,1.0,1.0,1.0,1.0,1.0,1.0
1630,cd6e2fc752755753,True,1.0,1.0,1.0,1.0,1.0,1.0,1.0
1631,467191a24ffe57aa,True,1.0,1.0,1.0,1.0,1.0,1.0,1.0
1632,52e0d1590e0e529d,True,1.0,1.0,0.5224408932384624,1.0,1.0,1.0,0.8010170388493593
1633,7602fcbad344586a,True,1.0,1.0,0.7901108106278122,1.0,1.0,1.0,0.9125461710949218
1634,98b414a515bb5b99,True,1.0,1.0,0.5348500881083215,1.0,1.0,1.0,0.8061875367118007
1635,bcc370e566845fc6,True,1.0,1.0,0.6842794272522507,1.0,1.0,1.0,0.8684497613551044
1636,463c7c8c669d57cf,True,1.0,1.0,0.830242160773577,1.0,1.0,1.0,0.9292675669889904
1637,f665cf888bbd5595,True,1.0,1.0,0.9681864275361163,1.0,1.0,1.0,0.9867443448067151
1638,cdf51b82bae55641,True,1.0,1.0,1.0,1.0,1.0,1.0,1.0
1639,f51f9c282b9a54aa,True,1.0,1.0,1.0,1.0,1.0,1.0,1.0
1640,59402b7bd60b5da7,True,1.0,1.0,0.6936023856335615,1.0,1.0,1.0,0.8723343273473173
1641,3721b675d426567c,True,1.0,1.0,1.0,1.0,1.0,1.0,1.0
1642,8712b89ee20152e4,True,1.0,1.0,0.5112513487637577,1.0,1.0,1.0,0.7963547286515658
1643,a76311c957b05f8c,True,1.0,1.0,1.0,1.0,1.0,1.0,1.0
1644,650c7a9e7ea45062,True,1.0,1.0,0.9278061771080678,1.0,1.0,1.0,0.969919240461695
1645,fefc295622155532,True,1.0,1.0,0.6239504878150725,1.0,1.0,1.0,0.8433127032562803
1646,c11764f655de59fd,True,1.0,1.0,0.9127764455795312,1.0,1.0,1.0,0.9636568523248047
1647,7a35be74d30b5a74,True,1.0,1.0,1.0,1.0,1.0,1.0,1.0
1648,a96b1d87c73555b9,True,1.0,1.0,0.5607541830233224,1.0,1.0,1.0,0.816980909593051
1649,609d74e2399c53ad,True,1.0,1.0,0.6883745943807092,1.0,1.0,1.0,0.8701560809919622
1650,e14abaa91ad3511b,True,1.0,1.0,0.5727578995501186,1.0,1.0,1.0,0.8219824581458828
1651,f199bfb931d65f4f,True,1.0,1.0,1.0,1.0,1.0,1.0,1.0
1652,58a74755dc6a506a,True,1.0,0.0,0.0,1.0,1.0,1.0,0.0
1653,0da520f851415d75,True,1.0,1.0,1.0,1.0,1.0,1.0,1.0
1654,589acfd69c38539a,True,1.0,1.0,0.869321424334596,1.0,1.0,1.0,0.9455505934727483
1655,17a015f4ef9b56d0,True,1.0,1.0,1.0,1.0,1.0,1.0,1.0
1656,4c771d89311d548a,True,1.0,1.0,1.0,1.0,1.0,1.0,1.0
1657,4e54c991bd0259cb,True,1.0,1.0,0.9068287049115058,1.0,1.0,1.0,0.9611786270464607
1658,ee42b86599ca5632,True,1.0,1.0,0.9042050082984452,1.0,1.0,1.0,0.9600854201243522
1659,37a2f90109f85bff,True,1.0,0.0,0.0,1.0,1.0,1.0,0.0
1660,ec044ac1af1655be,True,1.0,0.0,0.0,1.0,1.0,1.0,0.0
1661,c15774bfb6655d18,True,1.0,1.0,0.8761387727729628,1.0,1.0,1.0,0.9483911553220677
1662,78c9157a55905d81,True,0.0,1.0,0.0,0.0,1.0,1.0,0.0
1663,b227439005885966,True,1.0,1.0,0.6823098208161397,1.0,1.0,1.0,0.8676290920067249
1664,39168e35ed085e11,True,1.0,1.0,0.6853317964171484,1.0,1.0,1.0,0.8688882485071452
1665,26ca3d6741065921,True,1.0,1.0,1.0,1.0,1.0,1.0,1.0
1666,7a7e8074ee5c5389,True,1.0,1.0,0.5649940467008829,1.0,1.0,1.0,0.8187475194587012
1667,c6d6faaea8915ef2,True,1.0,0.0,0.0,1.0,1.0,1.0,0.0
1668,48f00d40d416591d,True,1.0,1.0,1.0,1.0,1.0,1.0,1.0
1669,f069ac62d63e5e25,True,1.0,1.0,0.8094604267617085,1.0,1.0,1.0,0.920608511150712
1670,b204289cd95c59b5,True,1.0,1.0,0.9560774400835491,1.0,1.0,1.0,0.9816989333681455
1671,30f09e001cf55013,True,1.0,1.0,0.9419671641507098,1.0,1.0,1.0,0.9758196517294624
1672,d80488b4e04c5e47,True,1.0,1.0,0.6508532375285654,1.0,1.0,1.0,0.8545221823035689
1673,458e833803315b4f,True,1.0,1.0,0.5062632642265733,1.0,1.0,1.0,0.7942763600944055
1674,80957a180a325353,True,1.0,1.0,1.0,1.0,1.0,1.0,1.0
1675,480f8beca45f53cd,True,1.0,0.0,0.0,1.0,1.0,1.0,0.0
1676,131c7298c6745bde,True,1.0,1.0,1.0,1.0,1.0,1.0,1.0
1677,8f5b6181d28e5d4a,True,1.0,1.0,0.879169082038657,1.0,1.0,1.0,0.9496537841827738
1678,c69d4cbd79ea52a0,True,1.0,1.0,1.0,1.0,1.0,1.0,1.0
1679,c86c1d9c6e9c58aa,True,1.0,1.0,0.7331225834971482,1.0,1.0,1.0,0.8888010764571451
1680,84e5eb12cb6e54a6,True,1.0,1.0,0.9049274266545005,1.0,1.0,0.5,0.9603864277727086
1681,bdc6855188a351ca,True,1.0,1.0,1.0,1.0,1.0,1.0,1.0
1682,a09e4156f577568a,True,1.0,1.0,1.0,1.0,1.0,1.0,1.0
1683,420d59a27cb053ae,True,1.0,1.0,0.8555066736276218,1.0,1.0,1.0,0.9397944473448424
1684,8a492ff6a81054a7,True,1.0,0.0,0.0,1.0,1.0,1.0,0.0
1685,69b32d0447ac5c28,True,1.0,1.0,1.0,1.0,1.0,1.0,1.0
1686,7240e214b6bc5b44,True,1.0,1.0,1.0,1.0,1.0,1.0,1.0
1687,2fd327a8eff250ba,True,1.0,1.0,1.0,1.0,1.0,1.0,1.0
1688,d0bf0c6c025c5c8c,True,1.0,1.0,0.49620124452193826,1.0,1.0,1.0,0.790083851884141
1689,5bd2bc00e2d358e0,True,1.0,1.0,1.0,1.0,1.0,1.0,1.0
1690,1cb3b57dac2d5435,True,1.0,1.0,0.8443240506008296,1.0,1.0,1.0,0.935135021083679
1691,152449b7967c541d,True,1.0,1.0,0.7440236027805974,1.0,1.0,1.0,0.8933431678252489
1692,345f39f8de925db9,True,1.0,1.0,0.9124039557513667,1.0,1.0,1.0,0.9635016482297362
1693,7e1cc7d77132505a,True,1.0,1.0,0.9295853958977346,1.0,1.0,1.0,0.9706605816240561
1694,96d9a24139ca5ad4,True,1.0,1.0,0.6697078214269329,1.0,1.0,1.0,0.8623782589278887
1695,38c390af2fac51e0,True,1.0,1.0,0.643771112792763,1.0,1.0,1.0,0.8515712969969845
1696,71217bf1294b5c4b,True,1.0,1.0,0.8297226464106916,1.0,1.0,1.0,0.9290511026711216
1697,74277113f82c56f3,True,1.0,1.0,0.9641286428843275,1.0,1.0,1.0,0.9850536012018031
1698,a41e9aff2ee457c2,True,1.0,1.0,0.9362982720953059,1.0,1.0,1.0,0.9734576133730442
1699,c9b3ce1062455ad6,True,1.0,1.0,0.9114227385481961,1.0,1.0,1.0,0.963092807728415
1700,265a62af0b2954a5,True,1.0,1.0,0.460274960572332,1.0,1.0,1.0,0.7751145669051384
1701,64b6d412bf15576e,True,1.0,1.0,1.0,1.0,1.0,1.0,1.0
1702,ec8eced041bb5ad5,True,1.0,1.0,1.0,1.0,1.0,1.0,1.0
1703,9d7b9273d56f5d02,True,1.0,1.0,1.0,1.0,1.0,1.0,1.0
1704,91b143f42de55e14,True,1.0,1.0,0.4906957757397075,1.0,1.0,1.0,0.7877899065582114
1705,ab8f5b7368a45a6d,True,1.0,1.0,0.8214874696637171,1.0,1.0,1.0,0.9256197790265488
1706,d3cca8ce7e1458ad,True,1.0,1.0,1.0,1.0,1.0,1.0,1.0
1707,f2d7208949535747,True,1.0,1.0,0.5985993011010705,1.0,1.0,1.0,0.8327497087921127
1708,de3ea1d3c1e0588a,True,0.0,1.0,0.0,0.0,1.0,1.0,0.0
1709,b7ee1af184835990,True,1.0,1.0,1.0,1.0,1.0,1.0,1.0
1710,bd3312be2419553c,True,1.0,1.0,0.54574283730312,1.0,1.0,1.0,0.8107261822096333
1711,a899eed59bf85d84,True,1.0,1.0,0.4115787901223875,0.0,1.0,1.0,0.33815782921766147
1712,2ad650691b5d58f0,True,1.0,1.0,0.9030453231629479,1.0,1.0,1.0,0.9596022179845617
1713,d01ce29c2b1951a2,True,1.0,1.0,0.7724624532317564,1.0,1.0,1.0,0.9051926888465651
1714,33c05d622bbe59a8,True,1.0,1.0,0.9002557750888452,1.0,1.0,1.0,0.9584399062870189
1715,4ceb0bc19e0f57d5,True,1.0,1.0,1.0,1.0,1.0,1.0,1.0
1716,66d152defe7b59e2,True,1.0,1.0,1.0,1.0,1.0,1.0,1.0
1717,65729e98f81a526e,True,1.0,1.0,1.0,1.0,1.0,1.0,1.0
1718,56f5294b63df53b9,True,1.0,1.0,1.0,1.0,1.0,1.0,1.0
1719,cf693fb497155dee,True,1.0,1.0,0.7729794405102532,1.0,1.0,1.0,0.9054081002126054
1720,40843dcbac9d5c2e,True,1.0,1.0,0.5470992546710196,1.0,1.0,1.0,0.8112913561129248
1721,98fd4ae8de6450b2,True,1.0,1.0,0.6186154670884532,1.0,1.0,1.0,0.8410897779535222
1722,0d1800f960bf5d51,True,1.0,1.0,0.8959877320742804,1.0,1.0,1.0,0.9566615550309502
1723,3e7bec3b1c4359b6,True,1.0,1.0,0.9082038762373159,1.0,1.0,1.0,0.9617516150988816
1724,4dd9f8881881500d,True,1.0,1.0,1.0,1.0,1.0,1.0,1.0
1725,52fb49766a14554c,True,1.0,1.0,1.0,1.0,1.0,1.0,1.0
1726,ac5bcee811565a00,True,1.0,0.0,0.0,1.0,1.0,1.0,0.0
1727,9b10283b8df6565e,True,1.0,1.0,1.0,1.0,1.0,1.0,1.0
1728,55d3d0c71390575b,True,1.0,1.0,0.7822901396218958,1.0,1.0,1.0,0.90928755817579
1729,247ba5f9646c5528,True,1.0,1.0,1.0,1.0,1.0,1.0,1.0
1730,6d585a6698f55c8b,True,1.0,1.0,0.5219360972407585,1.0,1.0,1.0,0.8008067071836494
1731,77ae9dba6f05550d,True,1.0,1.0,0.8015502587271751,1.0,1.0,1.0,0.9173126078029896
1732,a7a0fe1f804c5fa5,True,1.0,1.0,0.9561307210096497,1.0,1.0,1.0,0.9817211337540207
1733,59dcc37e3f235412,True,1.0,1.0,1.0,1.0,1.0,1.0,1.0
1734,8d27cb5d1d1e5ad1,True,1.0,1.0,0.7750746980328195,1.0,1.0,1.0,0.9062811241803415
1735,3af3b3a7a8635164,True,1.0,1.0,1.0,1.0,1.0,1.0,1.0
1736,0c136e28e54f58b6,True,1.0,1.0,1.0,1.0,1.0,1.0,1.0
1737,93ed1cf3d95a5dab,True,1.0,0.0,0.0,1.0,1.0,0.0,0.0
1738,553d5ef6d98e5728,True,1.0,1.0,0.785779824211712,1.0,1.0,1.0,0.9107415934215467
1739,29efe3c61a4a580f,True,1.0,1.0,1.0,1.0,1.0,1.0,1.0
1740,20911cdf7e285a63,True,1.0,1.0,1.0,1.0,1.0,1.0,1.0
1741,013fbdcd9db35b43,True,1.0,1.0,1.0,1.0,1.0,1.0,1.0
1742,2b3b9bb9f6525589,True,1.0,1.0,1.0,1.0,1.0,1.0,1.0
1743,624f26fa47485b3d,True,1.0,1.0,0.7700811861635091,1.0,1.0,1.0,0.9042004942347953
1744,a567ea679ba056ce,True,1.0,1.0,0.6870379340719822,1.0,1.0,1.0,0.8695991391966592
1745,b91aab23acc957c5,True,1.0,1.0,0.6523948243801946,1.0,1.0,1.0,0.8551645101584144
1746,b44d5d0d2d1b531e,True,0.0,1.0,0.0,0.0,1.0,1.0,0.0
1747,d1bae9e7d9785598,True,0.0,0.0,0.0,0.0,1.0,0.0,0.0
1748,a23ebe50e290544b,True,1.0,1.0,0.8353277569328372,1.0,1.0,1.0,0.9313865653886823
1749,1252d1484b33558c,True,1.0,1.0,0.8983371854137616,1.0,1.0,1.0,0.9576404939224007
1750,681dc1d77f125936,True,1.0,1.0,0.7746016122256644,1.0,1.0,1.0,0.9060840050940269
1751,788ea82253cb559c,True,1.0,1.0,1.0,0.0,1.0,1.0,0.5833333333333334
1752,0ccd35e238885817,True,1.0,1.0,1.0,1.0,1.0,1.0,1.0
1753,f1bd1724d07957cc,True,1.0,1.0,1.0,0.0,1.0,1.0,0.5833333333333334
1754,ba3cdbcd0c3f5e49,True,1.0,1.0,0.7109796220846479,1.0,1.0,1.0,0.87957484253527
1755,d88a725f8b125d74,True,1.0,1.0,0.906766255407521,1.0,1.0,1.0,0.9611526064198004
1756,135b319cf4b1584c,True,1.0,1.0,0.8832023544067833,1.0,1.0,1.0,0.9513343143361598
1757,1198cf572c315f9c,True,1.0,1.0,1.0,1.0,1.0,1.0,1.0
1758,7682ed33c75a5116,True,1.0,1.0,0.5613212035838365,1.0,1.0,1.0,0.817217168159932
1759,e3c90a2ce83f5d9f,True,1.0,1.0,0.5891624265959623,1.0,1.0,1.0,0.8288176777483175
1760,07667a86040c5332,True,1.0,1.0,0.706614398394544,1.0,1.0,1.0,0.8777559993310601
1761,4abb45d9ee1a5c5c,True,1.0,1.0,1.0,1.0,1.0,1.0,1.0
1762,0c4bafb20cea5e44,True,1.0,1.0,1.0,1.0,1.0,1.0,1.0
1763,7f0cd8a968f45cf9,True,1.0,1.0,1.0,1.0,1.0,1.0,1.0
1764,4655358777d95867,True,1.0,1.0,1.0,1.0,1.0,1.0,1.0
1765,d4c431871c755ba3,True,1.0,1.0,0.9579581237055135,1.0,1.0,1.0,0.9824825515439639
1766,531415bb29245095,True,1.0,1.0,1.0,1.0,1.0,1.0,1.0
1767,ca4686a3d8a55f9f,True,1.0,1.0,0.8915603101025267,1.0,1.0,1.0,0.9548167958760528
1768,30f959771e1e588d,True,1.0,1.0,0.8197468081158445,1.0,1.0,1.0,0.924894503381602
1769,5a468d5e9d955993,True,1.0,1.0,0.9563079465075747,1.0,1.0,1.0,0.9817949777114894
1770,ca000fa91efb560c,True,1.0,1.0,0.8075505734377278,1.0,1.0,0.5,0.9198127389323867
1771,4ed57aa187415e7f,True,1.0,1.0,0.8232002869879285,1.0,1.0,1.0,0.9263334529116368
1772,f0b6499b393152be,True,1.0,0.0,0.0,1.0,1.0,1.0,0.0
1773,ab8d6b4c8b20564b,True,1.0,1.0,1.0,1.0,1.0,0.0,1.0
1774,d2c9ae71df055417,True,1.0,1.0,0.7944196463624098,1.0,1.0,1.0,0.9143415193176708
1775,ee461de4700c5148,True,1.0,1.0,0.6043410564481481,1.0,1.0,0.0,0.835142106853395
1776,4a839f2910c150c6,True,1.0,1.0,1.0,1.0,1.0,1.0,1.0
1777,b504737fcab3545b,True,1.0,1.0,0.8745844966782913,1.0,1.0,1.0,0.9477435402826213
1778,d88fdf29aeed58f5,True,1.0,1.0,0.9823797984728169,1.0,1.0,1.0,0.9926582493636736
1779,c4f21fef5b86535b,True,1.0,1.0,1.0,1.0,1.0,1.0,1.0
1780,1c77ba7488d35c52,True,1.0,1.0,0.9249675222002625,1.0,1.0,1.0,0.9687364675834426
1781,69baa41122b45e43,True,1.0,1.0,0.8276110884945593,1.0,1.0,1.0,0.9281712868727331
1782,fd20892efbe35102,True,1.0,1.0,0.8229477322856826,1.0,1.0,1.0,0.9262282217857011
1783,40ee16c17fc05cfb,True,1.0,0.0,0.0,1.0,1.0,1.0,0.0
1784,ff412420037b524a,True,1.0,1.0,0.9622165107222721,1.0,1.0,1.0,0.9842568794676133
1785,e0f45205e41155ed,True,1.0,1.0,1.0,1.0,1.0,1.0,1.0
1786,61720db8cab2508a,True,1.0,1.0,0.8113242048304017,1.0,1.0,1.0,0.9213850853460007
1787,7fad5a0c8cdd5fc4,True,1.0,1.0,1.0,1.0,1.0,1.0,1.0
1788,5c084920ee285003,True,1.0,1.0,0.7327170738344088,1.0,1.0,1.0,0.8886321140976703
1789,0156027594b85857,True,1.0,1.0,0.9251421950064858,1.0,1.0,1.0,0.9688092479193692
1790,5a1f551705995574,True,1.0,1.0,1.0,1.0,1.0,1.0,1.0
1791,1223890860725b50,True,1.0,1.0,0.7241830664818182,1.0,1.0,1.0,0.8850762777007576
1792,4fbca0f4292355cb,True,1.0,1.0,0.7102253367787231,1.0,1.0,1.0,0.8792605569911346
1793,0e850ac8266c552e,True,1.0,1.0,1.0,1.0,1.0,1.0,1.0
1794,b821203c112455cb,True,1.0,1.0,1.0,1.0,1.0,1.0,1.0
1795,978a5c11fbff5589,True,1.0,1.0,0.5550370718703272,1.0,1.0,1.0,0.8145987799459696
1796,1db7c81f96855ce9,True,1.0,1.0,0.5612062288364749,1.0,1.0,1.0,0.8171692620151978
1797,85f25c14e0125133,True,1.0,1.0,0.8225187925887504,1.0,1.0,1.0,0.9260494969119794
1798,2aa9dce62cd75fce,True,1.0,1.0,0.9559583131160673,1.0,1.0,1.0,0.9816492971316947
1799,60abcfb4e1c756d8,True,1.0,1.0,1.0,1.0,1.0,0.5,1.0
1800,2a06b778a64b545e,True,1.0,0.0,0.0,1.0,1.0,1.0,0.0
1801,46aea2dcb1485353,True,1.0,1.0,0.9912743315751715,1.0,1.0,1.0,0.9963643048229881
1802,27861c4d747751ba,True,1.0,1.0,1.0,1.0,1.0,1.0,1.0
1803,14743d928b9257a1,True,1.0,1.0,0.7623046197899737,1.0,1.0,1.0,0.9009602582458224
1804,a075b9f46b7b5831,True,1.0,1.0,1.0,1.0,1.0,1.0,1.0
1805,e41740b9529753af,True,1.0,1.0,1.0,1.0,1.0,1.0,1.0
1806,974d5c00402f55aa,True,1.0,1.0,1.0,1.0,1.0,1.0,1.0
1807,32f53a8cb63f55db,True,1.0,1.0,1.0,1.0,1.0,1.0,1.0
1808,775df8f025845f5f,True,1.0,1.0,1.0,1.0,1.0,1.0,1.0
1809,e89a30bba6345ada,True,1.0,1.0,0.5888724133674615,1.0,1.0,1.0,0.828696838903109
1810,96c003cecfbd5a91,True,1.0,1.0,0.5437906785678379,1.0,1.0,1.0,0.8099127827365992
1811,22a9516d643c5e4b,True,1.0,1.0,0.7027409612322888,1.0,1.0,1.0,0.8761420671801203
1812,ea38508ef0de57c3,True,1.0,1.0,0.7151462331422133,1.0,1.0,1.0,0.8813109304759221
1813,712bbcdd69af5f26,True,1.0,1.0,0.8736053944205842,1.0,1.0,1.0,0.9473355810085767
1814,4a9a5d2dcc045ec4,True,1.0,1.0,0.7667534748126418,1.0,1.0,1.0,0.9028139478386007
1815,c79ab4c1abcb56fa,True,1.0,1.0,0.5126027260079848,1.0,1.0,1.0,0.796917802503327
1816,04fbbb5817255f30,True,1.0,1.0,0.9675421659094509,1.0,1.0,1.0,0.9864759024622712
1817,19282fb074525def,True,1.0,1.0,0.19397890905168236,1.0,1.0,1.0,0.6641578787715343
1818,35f226ec4cac52fc,True,1.0,1.0,1.0,1.0,1.0,1.0,1.0
1819,ecf0448cf58a54fb,True,1.0,1.0,0.8875115970538564,1.0,1.0,1.0,0.9531298321057736
1820,4c83b81ddcc757b1,True,1.0,1.0,0.8810940366342579,1.0,1.0,1.0,0.9504558485976075
1821,3e77b33549485e34,True,1.0,1.0,0.9028008910137125,1.0,1.0,1.0,0.9595003712557135
1822,ca009ab283bc5484,True,1.0,1.0,1.0,1.0,1.0,1.0,1.0
1823,556118fe6e455038,True,1.0,1.0,0.8044165424852621,1.0,1.0,1.0,0.9185068927021925
1824,67e538558b0b5f93,True,1.0,1.0,0.7410087367597848,1.0,1.0,1.0,0.8920869736499103
1825,4b892b0f3efa5255,True,1.0,1.0,1.0,1.0,1.0,1.0,1.0
1826,876f405da0da5016,True,1.0,1.0,1.0,1.0,1.0,1.0,1.0
1827,8af8486e96a45fa4,True,1.0,1.0,0.919892953749788,1.0,1.0,1.0,0.9666220640624116
1828,f3521da962a75e3d,True,1.0,1.0,1.0,1.0,1.0,1.0,1.0
1829,0ce170237acd51c2,True,1.0,1.0,1.0,1.0,1.0,1.0,1.0
1830,a454e18ca33d5cb7,True,1.0,1.0,1.0,1.0,1.0,1.0,1.0
1831,8a1eb240e9355b45,True,1.0,1.0,0.8657471542941901,1.0,1.0,1.0,0.9440613142892459
1832,f73281d701fd56a6,True,1.0,1.0,0.8016391846773246,1.0,1.0,1.0,0.9173496602822185
1833,acc78986a3805c7e,True,1.0,1.0,1.0,1.0,1.0,1.0,1.0
1834,d0d94d5dca655084,True,1.0,1.0,0.8638815678530785,1.0,1.0,1.0,0.9432839866054493
1835,a4d55f73b8ad51b9,True,1.0,1.0,0.5563427036674625,1.0,1.0,1.0,0.815142793194776
1836,12f2dccfb88957f9,True,1.0,1.0,1.0,1.0,1.0,1.0,1.0
1837,88b49de4eea35896,True,1.0,1.0,0.9494911485934256,1.0,1.0,1.0,0.9789546452472607
1838,15e6ef7a85b35d10,True,1.0,1.0,0.8445171297923478,1.0,1.0,1.0,0.9352154707468117
1839,011376b151f2526c,True,1.0,1.0,1.0,0.0,1.0,1.0,0.5833333333333334
1840,8f67b84df6b75bd1,True,1.0,1.0,0.7975148114734726,1.0,1.0,1.0,0.9156311714472802
1841,a38e63debd3256ef,True,1.0,1.0,0.7260019951774691,1.0,1.0,1.0,0.8858341646572788
1842,db62e3168cd051aa,True,1.0,1.0,0.7749618645027545,1.0,1.0,1.0,0.9062341102094811
1843,253c33ffe10a5aa7,True,1.0,1.0,0.9047658230742047,1.0,1.0,1.0,0.9603190929475853
1844,253ec4fb977d52d6,True,1.0,0.0,0.0,1.0,1.0,1.0,0.0
1845,8ff80000e9a05eca,True,1.0,1.0,1.0,1.0,1.0,1.0,1.0
1846,04c8cad554925432,True,1.0,1.0,0.8199710319092898,1.0,1.0,1.0,0.924987929962204
1847,9468f5ec72415a29,True,1.0,1.0,1.0,1.0,1.0,1.0,1.0
1848,30422125ddd4590b,True,1.0,1.0,0.6478379427398995,0.0,1.0,1.0,0.43659914280829143
1849,b5e2d8766c6d51b2,True,1.0,1.0,0.9338765474866555,1.0,1.0,1.0,0.9724485614527731
1850,62974364debd5463,True,1.0,1.0,0.7706086137697944,1.0,1.0,1.0,0.9044202557374144
1851,8f828599b2285a97,True,1.0,1.0,0.7892949333416117,1.0,1.0,1.0,0.9122062222256716
1852,4d6456183bd056bc,True,1.0,1.0,0.6644331996227194,1.0,1.0,1.0,0.8601804998427998
1853,71531dafe28052ac,True,1.0,1.0,0.8813052944297698,1.0,1.0,1.0,0.9505438726790708
1854,0f1d91e077d05381,True,1.0,1.0,0.9096403808828548,0.0,1.0,1.0,0.5456834920345228
1855,c44755b18af45385,True,1.0,1.0,1.0,1.0,1.0,1.0,1.0
1856,6121050efd515252,True,1.0,1.0,1.0,1.0,1.0,1.0,1.0
1857,a21ebf4902fa5e27,True,1.0,1.0,0.8897046576172016,1.0,1.0,1.0,0.9540436073405006
1858,365808b195f35dff,True,1.0,1.0,0.7927164799674028,1.0,1.0,1.0,0.9136318666530845
1859,82ba424ca77e5a4a,True,1.0,1.0,0.6501855546146585,1.0,1.0,1.0,0.8542439810894411
1860,d66634cbe1b65b95,True,1.0,1.0,0.798815817758416,1.0,1.0,1.0,0.9161732573993401
1861,bc9bc971088c5df6,True,1.0,1.0,1.0,1.0,1.0,1.0,1.0
1862,f87414e8321c5fa7,True,1.0,1.0,1.0,1.0,1.0,1.0,1.0
1863,8b90b26a4deb5019,True,1.0,1.0,1.0,1.0,1.0,1.0,1.0
1864,05c3b54be1cc52d0,True,1.0,1.0,0.8094260082440167,1.0,1.0,1.0,0.9205941701016735
1865,75a76122cf43569e,True,1.0,1.0,0.8405123034142084,1.0,1.0,1.0,0.9335467930892535
1866,2dfc1e8df2ef5da1,True,1.0,1.0,0.8166741194432755,1.0,1.0,1.0,0.923614216434698
1867,c484b85e7b07535c,True,1.0,1.0,0.8518075467436884,1.0,1.0,1.0,0.9382531444765368
1868,68d1f5f305cf5aae,True,1.0,1.0,0.8434159774967478,1.0,1.0,1.0,0.9347566572903115
1869,c841c36b56fb53f2,True,1.0,1.0,0.5702090756529408,1.0,1.0,1.0,0.8209204481887253
1870,2d9d1d9aa6d25bd9,True,1.0,1.0,0.8820591975988642,1.0,1.0,1.0,0.9508579989995267
1871,2d151a8187f050bf,True,1.0,1.0,0.966700559679988,1.0,1.0,1.0,0.9861252331999951
1872,c65181647b3b5092,True,1.0,1.0,0.9239365789604961,1.0,1.0,1.0,0.9683069079002067
1873,09dc77e888295011,True,1.0,1.0,0.7925506021359559,1.0,1.0,1.0,0.9135627508899816
1874,5a3ac99dc74c57ea,True,1.0,1.0,0.7858244036388606,1.0,1.0,1.0,0.9107601681828585
1875,14769a8e472350cc,True,1.0,1.0,1.0,0.0,1.0,1.0,0.5833333333333334
1876,c08cd52346155301,True,1.0,1.0,1.0,1.0,1.0,1.0,1.0
1877,dc50a0853e295e88,True,1.0,1.0,0.8325256769214353,1.0,1.0,1.0,0.930219032050598
1878,0f8d3b14831a5ccc,True,1.0,1.0,0.6765611337165179,1.0,1.0,1.0,0.8652338057152158
1879,b87b792b9a025344,True,1.0,1.0,0.6669842419891737,1.0,1.0,1.0,0.8612434341621557
1880,081b5785002b5962,True,1.0,1.0,1.0,1.0,1.0,1.0,1.0
1881,93080b4cb0435e4a,True,0.5,1.0,0.40633559182468826,0.0,1.0,1.0,0.16798658163014338
1882,ac40749eddb45a13,True,1.0,1.0,0.8557774422551315,1.0,1.0,1.0,0.9399072676063048
1883,ebc5a6ec11205f0c,True,1.0,1.0,1.0,1.0,1.0,1.0,1.0
1884,bbb2fd3f27635227,True,1.0,1.0,0.9736930862134996,1.0,1.0,1.0,0.9890387859222916
1885,ff14af5a86c55674,True,1.0,1.0,0.7402004150418128,1.0,1.0,1.0,0.8917501729340888
1886,00abc794f8ce5195,True,1.0,1.0,0.9787422155775408,1.0,1.0,1.0,0.9911425898239754
1887,06329b33572752d8,True,1.0,1.0,1.0,1.0,1.0,1.0,1.0
1888,a9e8e0a755d758a1,True,1.0,1.0,0.7717303495156058,1.0,1.0,1.0,0.9048876456315025
1889,e02db4e2c5ed5b76,True,1.0,1.0,0.9765057818992517,1.0,1.0,1.0,0.9902107424580215
1890,d7ba299450ae53e2,True,1.0,1.0,0.7613909781098016,1.0,1.0,1.0,0.9005795742124173
1891,8ffb4bbf7d845255,True,1.0,1.0,0.8968095358952222,1.0,1.0,1.0,0.9570039732896759
1892,a208267045685266,True,1.0,1.0,0.908233418530892,1.0,1.0,1.0,0.9617639243878716
1893,d8c1754607175755,True,1.0,1.0,0.7810318708623687,1.0,1.0,1.0,0.9087632795259869
1894,e6c5a792f2f058f3,True,1.0,1.0,0.9557988418354935,1.0,1.0,1.0,0.9815828507647889
1895,8413eaf2b8e45e3b,True,1.0,1.0,0.8101661149405515,1.0,1.0,1.0,0.9209025478918965
1896,bc88b69c56ec5a0f,True,1.0,1.0,1.0,1.0,1.0,1.0,1.0
1897,deff279b0c815e5a,True,1.0,1.0,1.0,1.0,1.0,1.0,1.0
1898,277cdfc9479e52c4,True,1.0,1.0,0.7482254255271008,1.0,1.0,1.0,0.8950939273029587
1899,1fbea664b0805a19,True,1.0,1.0,0.612999002167771,1.0,1.0,1.0,0.8387495842365712
1900,cfb7ecec39485237,True,1.0,1.0,0.5134302600461009,1.0,1.0,1.0,0.797262608352542
1901,e40b2bf57fa5576f,True,1.0,1.0,0.7828213446850087,1.0,1.0,1.0,0.9095088936187535
1902,d7b1d984a0ff5791,True,1.0,1.0,0.9705353186214426,1.0,1.0,1.0,0.987723049425601
1903,3a4b7b872e3452ac,True,1.0,1.0,1.0,1.0,1.0,1.0,1.0
1904,02145ce72fd95a85,True,1.0,1.0,1.0,1.0,1.0,1.0,1.0
1905,43162b00fe4550b8,True,1.0,0.0,0.0,0.0,1.0,0.5,0.0
1906,39e0bf171e6d5e88,True,1.0,1.0,0.7579470682694932,1.0,1.0,1.0,0.8991446117789555
1907,1c078ca2e3625bb0,True,1.0,1.0,0.772825404122573,1.0,1.0,1.0,0.9053439183844053
1908,e631898f3f38551c,True,1.0,1.0,0.8814725872034236,1.0,1.0,1.0,0.9506135780014265
1909,ec90dfde532d5633,True,1.0,1.0,0.7509543315893875,1.0,1.0,1.0,0.8962309714955782
1910,07846b829b3a575e,True,1.0,1.0,0.7184722539470749,1.0,1.0,1.0,0.8826967724779479
1911,ff60af032dbd5caa,True,1.0,1.0,0.5742633194192541,1.0,1.0,1.0,0.8226097164246893
1912,df65991258ba5334,True,1.0,1.0,0.9719427330280638,1.0,1.0,1.0,0.9883094720950266
1913,434aa60fb0165165,True,1.0,1.0,0.6291360726223842,1.0,1.0,1.0,0.8454733635926601
1914,a4f91ed474295f00,True,1.0,1.0,0.6039814236293083,1.0,1.0,1.0,0.8349922598455451
1915,11568fab86df5183,True,1.0,0.0,0.0,1.0,1.0,1.0,0.0
1916,49a53d11de6d5b1d,True,1.0,1.0,1.0,1.0,1.0,1.0,1.0
1917,ee835ef3f912599c,True,1.0,1.0,1.0,0.0,1.0,1.0,0.5833333333333334
1918,a99b2322093b5c13,True,1.0,1.0,1.0,1.0,1.0,1.0,1.0
1919,715d1ae75d215269,True,1.0,1.0,0.9009418130625689,1.0,1.0,0.0,0.9587257554427371
1920,b69046ccdede5ae9,True,1.0,1.0,0.9603814455777205,1.0,1.0,1.0,0.9834922689907168
1921,4b3302a602155f76,True,1.0,1.0,0.9004702313074785,1.0,1.0,1.0,0.9585292630447828
1922,f6c6b09c85e357ee,True,1.0,1.0,1.0,1.0,1.0,1.0,1.0
1923,ab505f8775065375,True,1.0,1.0,1.0,1.0,1.0,1.0,1.0
1924,56acc09e62b45e21,True,1.0,1.0,0.6011860876948869,1.0,1.0,1.0,0.8338275365395362
1925,77bff1fe494e52dd,True,0.5,0.0,0.0,0.0,1.0,1.0,0.0
1926,3daa044b17795a85,True,1.0,1.0,1.0,1.0,1.0,1.0,1.0
1927,a98e0fd4eee7534a,True,1.0,1.0,0.9254485946622943,1.0,1.0,1.0,0.9689369144426226
1928,825269c866465320,True,1.0,0.0,0.0,0.0,1.0,1.0,0.0
1929,360670b878f45284,True,1.0,1.0,1.0,1.0,1.0,1.0,1.0
1930,0a77356a8ee85133,True,1.0,1.0,0.8581704281652139,1.0,1.0,1.0,0.9409043450688391
1931,a73ba1e90a735dad,True,1.0,1.0,0.8880742722530556,1.0,1.0,1.0,0.9533642801054398
1932,3a54e9d3717d5760,True,1.0,1.0,0.8046636560918716,1.0,1.0,1.0,0.9186098567049465
1933,1c9f36db867b50bf,True,1.0,1.0,0.788734463559659,1.0,1.0,1.0,0.911972693149858
1934,fd001bff97c155b3,True,1.0,0.0,0.0,1.0,1.0,1.0,0.0
1935,7b73da0bb98b5e56,True,1.0,1.0,0.8484233456364476,1.0,1.0,1.0,0.9368430606818533
1936,60f76df7b8a95157,True,1.0,1.0,0.9058056055896908,1.0,1.0,1.0,0.9607523356623712
1937,05769097cb6c5b91,True,1.0,1.0,0.8507192392106013,1.0,1.0,1.0,0.9377996830044172
1938,8c67448dd4da50a3,True,1.0,1.0,0.8959695031918464,1.0,1.0,1.0,0.9566539596632694
1939,06faec49379750a5,True,1.0,1.0,0.8801265478909808,1.0,1.0,1.0,0.9500527282879087
1940,3f0c448b71005686,True,1.0,1.0,1.0,1.0,1.0,0.0,1.0
1941,67077701cdd85c9d,True,1.0,1.0,0.49622851256265776,1.0,1.0,1.0,0.7900952135677741
1942,86cad912457d5115,True,1.0,1.0,1.0,1.0,1.0,1.0,1.0
1943,fff690c93ca15495,True,1.0,1.0,0.7694873475062919,1.0,1.0,1.0,0.903953061460955
1944,b4d19eea031f50ac,True,1.0,1.0,0.8346779501704399,1.0,1.0,1.0,0.9311158125710165
1945,f140d31943145068,True,1.0,1.0,0.8911847679726073,1.0,1.0,1.0,0.9546603199885864
1946,6e5ae240ac8a5862,True,1.0,1.0,1.0,1.0,1.0,1.0,1.0
1947,028d10ed5c105755,True,1.0,1.0,1.0,1.0,1.0,1.0,1.0
1948,96588474ccef5f60,True,1.0,1.0,1.0,1.0,1.0,1.0,1.0
1949,81a0a6181d335250,True,1.0,1.0,0.955631517139614,1.0,1.0,1.0,0.9815131321415058
1950,085f9a1ec71b50c2,True,1.0,1.0,1.0,1.0,1.0,1.0,1.0
1951,6a4e62fc55535e82,True,1.0,1.0,0.9046308382751124,1.0,1.0,1.0,0.9602628492812967
1952,e617fe519ab754dc,True,1.0,1.0,0.8391775880215596,1.0,1.0,1.0,0.9329906616756499
1953,8a17d8a06b425d2d,True,1.0,1.0,1.0,1.0,1.0,1.0,1.0
1954,bc91cb648d525c6c,True,1.0,1.0,0.8924731119749812,1.0,1.0,1.0,0.9551971299895756
1955,a2c3aa64478d533b,True,1.0,1.0,0.5715437723335771,1.0,1.0,1.0,0.8214765718056571
1956,7461c860b4d25bf2,True,1.0,1.0,1.0,1.0,1.0,1.0,1.0
1957,82e84851ea985ba8,True,1.0,1.0,0.8753838702366439,1.0,1.0,1.0,0.9480766125986015
1958,43458f6eab155322,True,1.0,1.0,0.9932509499364799,1.0,1.0,1.0,0.9971878958068666
1959,a9e622747fc45a0a,True,1.0,1.0,0.8959481366531654,1.0,1.0,1.0,0.956645056938819
1960,b3aebfbff38e596f,True,1.0,1.0,0.9768693065626949,1.0,1.0,1.0,0.9903622110677895
1961,1f29aa63bc64550d,True,1.0,1.0,0.8254734893671652,1.0,1.0,1.0,0.9272806205696522
1962,c848c9ccc6e55adf,True,1.0,1.0,0.9309043373126856,1.0,1.0,1.0,0.9712101405469523
1963,e0cc59c7dc8c50bd,True,1.0,1.0,0.8996241733437076,1.0,1.0,1.0,0.9581767388932114
1964,6492ae3886505280,True,1.0,1.0,0.9709341068769398,1.0,1.0,1.0,0.9878892111987249
1965,3380d56c05ba594b,True,1.0,1.0,0.8637171906544534,1.0,1.0,1.0,0.9432154961060223
1966,c3d5c730ba905b86,True,1.0,1.0,1.0,1.0,1.0,1.0,1.0
1967,6b8b72c830b85a62,True,1.0,1.0,0.7563757474044291,1.0,1.0,1.0,0.8984898947518455
1968,f1e870d5d8275cac,True,1.0,1.0,0.928136113050939,1.0,1.0,1.0,0.9700567137712245
1969,8dfef734a010531e,True,1.0,1.0,0.6552459686070811,1.0,1.0,1.0,0.8563524869196172
1970,ce19d75d9b55589d,True,1.0,1.0,0.8527937727207003,1.0,1.0,1.0,0.9386640719669584
1971,520c2defbbc958a0,True,1.0,1.0,0.6656265698007899,1.0,1.0,1.0,0.8606777374169958
1972,391a5c7303f05c39,True,1.0,1.0,0.7912296707216758,1.0,1.0,1.0,0.9130123628006982
1973,ab19982dd5cd57ac,True,1.0,1.0,1.0,1.0,1.0,1.0,1.0
1974,2882be3ae16b50e3,True,1.0,1.0,1.0,1.0,1.0,1.0,1.0
1975,d615904971e05b5a,True,0.0,0.0,0.0,0.0,1.0,1.0,0.0
1976,5d12ad55fdd858e1,True,1.0,1.0,0.8245255975588784,1.0,1.0,1.0,0.9268856656495327
1977,12c9ecb5687f572b,True,1.0,1.0,1.0,1.0,1.0,1.0,1.0
1978,a8d4a3fc503c5f83,True,1.0,1.0,0.8707368416013366,1.0,1.0,1.0,0.9461403506672236
1979,5395d42cc65e5c06,True,1.0,1.0,0.9413196318928654,1.0,1.0,1.0,0.9755498466220273
1980,b9f4efacc7695435,True,1.0,0.0,0.0,1.0,1.0,1.0,0.0
1981,e4174e91095b530b,True,1.0,1.0,0.7706904331987957,1.0,1.0,1.0,0.9044543471661649
1982,e97db5c7da675b13,True,1.0,1.0,0.8913303367317846,1.0,1.0,1.0,0.9547209736382435
1983,ba8f7c5757365a36,True,1.0,1.0,0.8827947402769304,1.0,1.0,1.0,0.9511644751153877
1984,0045af58281456a0,True,1.0,1.0,0.6362968952429572,1.0,1.0,1.0,0.8484570396845655
1985,4d48843c558b5807,True,1.0,1.0,1.0,1.0,1.0,1.0,1.0
1986,ab88e1b94ce953bf,True,1.0,1.0,0.8578645232027223,1.0,1.0,1.0,0.940776884667801
1987,6cb33358dfbc5a84,True,1.0,1.0,0.7853756729410111,1.0,1.0,1.0,0.9105731970587546
1988,870da24dc798525e,True,1.0,1.0,0.8430928975024481,1.0,1.0,1.0,0.93462204062602
1989,15f1c723f81a50b2,True,1.0,1.0,0.9248202416451655,1.0,1.0,1.0,0.9686751006854856
1990,a9f639a57ac75fa5,True,1.0,1.0,0.7229442372504916,1.0,1.0,1.0,0.8845600988543715
1991,815422a6d14358fc,True,1.0,1.0,0.5689029131927125,1.0,1.0,1.0,0.8203762138302969
1992,c5ec810bb3625418,True,1.0,1.0,0.7816253156232456,1.0,1.0,1.0,0.9090105481763523
1993,d9cf5623b4f85cad,True,1.0,1.0,0.8246672143309516,1.0,1.0,1.0,0.9269446726378966
1994,cde54c98cbec5255,True,1.0,1.0,0.9491668933313169,1.0,1.0,1.0,0.9788195388880486
1995,3f1152860b695e59,True,1.0,1.0,1.0,1.0,1.0,1.0,1.0
1996,5dc491914c6a595f,True,1.0,1.0,0.8776438930398598,1.0,1.0,1.0,0.9490182887666082
1997,e9d869eb2d255788,True,1.0,1.0,0.7496109735797609,1.0,1.0,1.0,0.8956712389915671
1998,5f448f3d0f8c5e95,True,1.0,1.0,0.9376577031813204,1.0,1.0,1.0,0.9740240429922169
1999,ed2a869a8d1c5eb7,True,1.0,1.0,0.782627964296036,1.0,1.0,1.0,0.9094283184566816
2000,3d1c445859d85d51,True,1.0,1.0,0.9786949330603324,1.0,1.0,1.0,0.9911228887751385
2001,e6077696f29b54ca,True,0.0,1.0,0.0,0.0,1.0,1.0,0.0
2002,e4ad471729c65fc9,True,1.0,1.0,0.9691592576408917,1.0,1.0,1.0,0.9871496906837048
2003,6e3cf172a2755fae,True,1.0,1.0,0.7261880400225872,1.0,1.0,1.0,0.8859116833427446
2004,1ed78a92956f5c5c,True,1.0,1.0,1.0,1.0,1.0,1.0,1.0
2005,b874be1fb9885c0e,True,1.0,1.0,0.7880149377577318,1.0,1.0,1.0,0.9116728907323882
2006,a37f67a1fe095025,True,1.0,1.0,1.0,1.0,1.0,1.0,1.0
2007,c099ebaef4c251d6,True,1.0,1.0,0.8535723116082258,1.0,1.0,1.0,0.9389884631700941
2008,1f095494fe755244,True,1.0,1.0,0.9235504108269688,1.0,1.0,1.0,0.968146004511237
2009,5e25570a2f725a17,True,1.0,1.0,1.0,0.0,1.0,1.0,0.5833333333333334
2010,249c1b68ba355e43,True,1.0,1.0,0.9806889798134837,1.0,1.0,1.0,0.9919537415889516
2011,22c1a51ffc1f5022,True,1.0,1.0,1.0,1.0,1.0,1.0,1.0
2012,5fe06174763b5c36,True,1.0,1.0,0.8696261765470782,1.0,1.0,1.0,0.9456775735612825
2013,980e0f0b4d975c23,True,1.0,1.0,1.0,1.0,1.0,1.0,1.0
2014,0d0972c70bd955cc,True,1.0,1.0,0.8247508626391227,1.0,1.0,1.0,0.9269795260996344
2015,74c8385c2d845cde,True,1.0,1.0,0.8843713845444505,1.0,1.0,1.0,0.9518214102268544
2016,9580cc2199c55666,True,1.0,1.0,0.5688438823838075,1.0,1.0,1.0,0.8203516176599198
2017,bc551b5cc30b5ef5,True,1.0,1.0,1.0,1.0,1.0,1.0,1.0
2018,0da11f45cc1b51ac,True,1.0,1.0,1.0,1.0,1.0,1.0,1.0
2019,f0a338ae8f3a56bd,True,1.0,1.0,0.7833768907938794,1.0,1.0,1.0,0.9097403711641164
2020,49ae6840ff7f5e91,True,1.0,1.0,0.9592346988108259,1.0,1.0,1.0,0.9830144578378442
2021,e2acd907240850a3,True,1.0,1.0,1.0,1.0,1.0,1.0,1.0
2022,92e33be532965ecf,True,1.0,1.0,1.0,1.0,1.0,1.0,1.0
2023,3136969223325aa5,True,1.0,1.0,1.0,1.0,1.0,1.0,1.0
2024,94cabec7888a5bb3,True,1.0,1.0,0.7924159979843582,1.0,1.0,1.0,0.913506665826816
2025,ff44394af7265df3,True,1.0,1.0,0.6473234018229365,1.0,1.0,1.0,0.8530514174262235
2026,484bac10bd295459,True,1.0,1.0,0.8945415143151351,1.0,1.0,1.0,0.956058964297973
2027,1d0c8aa56b6350bf,True,1.0,1.0,1.0,1.0,1.0,1.0,1.0
2028,8cec7d21f7dc540b,True,1.0,1.0,0.6216196376862958,1.0,1.0,1.0,0.8423415157026232
2029,521247f86d7f57c0,True,1.0,1.0,1.0,1.0,1.0,1.0,1.0
2030,84ad97e1c9c85d4e,True,1.0,1.0,0.7313992230301233,1.0,1.0,1.0,0.8880830095958846
2031,153af25086535f35,True,1.0,0.0,0.0,0.0,1.0,1.0,0.0
2032,2696e377ac3e579b,True,1.0,1.0,0.9759606907127595,1.0,1.0,1.0,0.9899836211303165
2033,9ebf7c0f1b4f5f39,True,1.0,1.0,0.9046930546060638,1.0,1.0,1.0,0.9602887727525266
2034,fe789ce80d4f5b2e,True,1.0,0.0,0.0,1.0,1.0,1.0,0.0
2035,db817c126780531f,True,1.0,1.0,0.7027152550150028,1.0,1.0,1.0,0.8761313562562512
2036,8b9aa871306555d0,True,1.0,1.0,0.5887530797424353,1.0,1.0,1.0,0.8286471165593481
2037,23514d24647a52a3,True,1.0,1.0,0.7180159240444617,1.0,1.0,1.0,0.8825066350185257
2038,2cae5f08e11a5dbd,True,1.0,1.0,0.9082629308117465,1.0,1.0,1.0,0.961776221171561
2039,d1c5fed75ec951fa,True,1.0,1.0,0.835813847694256,1.0,1.0,1.0,0.93158910320594
2040,d5ebca598bce566e,True,1.0,1.0,1.0,1.0,1.0,1.0,1.0
2041,51a384b48ace570a,True,1.0,1.0,0.8527444424646201,1.0,1.0,1.0,0.9386435176935918
2042,37a8f4466b8b5110,True,1.0,1.0,0.7244237418032881,1.0,1.0,1.0,0.8851765590847034
2043,1ed469afe6545946,True,1.0,1.0,0.8334262984210183,1.0,1.0,1.0,0.9305942910087577
2044,80cbc88e2410561e,True,1.0,1.0,0.6097211287449877,1.0,1.0,1.0,0.8373838036437449
2045,53abaebc66d4549e,True,1.0,1.0,0.9900304834618172,1.0,1.0,1.0,0.9958460347757572
2046,cf533c1e7f6852e5,True,1.0,1.0,0.7513710835602205,1.0,1.0,1.0,0.8964046181500919
2047,c51da2f899b55508,True,1.0,1.0,1.0,1.0,1.0,1.0,1.0
2048,c5b4ff1be8bb5113,True,1.0,1.0,0.771963867382034,1.0,1.0,1.0,0.9049849447425142
2049,140a3ea8607f528f,True,1.0,1.0,0.5353735934812932,1.0,1.0,1.0,0.8064056639505388
2050,ab2ac765df3154b7,True,1.0,1.0,0.6554577156853458,1.0,1.0,1.0,0.8564407148688941
2051,cdb932bd30715a52,True,1.0,1.0,0.6990287933718714,1.0,1.0,1.0,0.8745953305716131
2052,5469a6a592ef55d0,True,1.0,1.0,0.9675084582213248,1.0,1.0,1.0,0.9864618575922187
2053,25c3b9fa44c058a6,True,1.0,1.0,0.7265476581574735,1.0,1.0,1.0,0.8860615242322806
2054,95f42de7bd075f88,True,1.0,1.0,1.0,1.0,1.0,1.0,1.0
2055,8239fb2f8d705dea,True,1.0,1.0,0.7540651124802259,1.0,1.0,0.5,0.8975271302000941
2056,d9634d08b1a85ec4,True,1.0,1.0,1.0,1.0,1.0,1.0,1.0
2057,e7f8a61d807f5914,True,1.0,1.0,1.0,1.0,1.0,1.0,1.0
2058,6717940e53d45558,True,1.0,1.0,0.5224569617521914,1.0,1.0,1.0,0.8010237340634131
2059,66c2b2bf35745563,True,1.0,1.0,0.948324631821622,1.0,1.0,1.0,0.9784685965923424
2060,c18b1648f6045467,True,1.0,1.0,0.6246190184817159,1.0,1.0,1.0,0.843591257700715
2061,7eff17574e8d53d2,True,1.0,1.0,0.9662729248193119,1.0,1.0,1.0,0.9859470520080467
2062,c5f7658763815835,True,1.0,1.0,0.9871775726061789,1.0,1.0,1.0,0.9946573219192412
2063,99dae52a2a6451da,True,1.0,1.0,0.634217524538764,1.0,1.0,1.0,0.847590635224485
2064,8c12150f849b5b10,True,1.0,1.0,0.92366719259201,1.0,1.0,1.0,0.9681946635800042
2065,a5b24b47fef85a1b,True,1.0,1.0,0.7452412287133323,1.0,1.0,1.0,0.8938505119638885
2066,54e010de01625177,True,1.0,1.0,1.0,0.0,1.0,1.0,0.5833333333333334
2067,349606982fb252ae,True,1.0,1.0,0.804025756283856,1.0,1.0,1.0,0.9183440651182734
2068,3f265d778b65596b,True,1.0,1.0,1.0,0.0,1.0,1.0,0.5833333333333334
2069,2158d459f8b259c3,True,1.0,1.0,0.8367594862618478,1.0,1.0,1.0,0.9319831192757699
2070,bf929b24f13b5c37,True,0.0,1.0,0.0,0.0,1.0,1.0,0.0
2071,7c42db62ed515a8c,True,1.0,1.0,1.0,1.0,1.0,1.0,1.0
2072,018690bcb255590d,True,1.0,1.0,0.9482139811402385,1.0,1.0,1.0,0.978422492141766
2073,2a08c81705d755c7,True,1.0,1.0,0.8538260022763261,1.0,1.0,1.0,0.9390941676151359
2074,c013f92386ab5921,True,1.0,1.0,1.0,1.0,1.0,1.0,1.0
2075,c8ab144242b05eba,True,1.0,1.0,0.9187165056461066,1.0,1.0,1.0,0.9661318773525444
2076,4bbfb5ec60205e63,True,1.0,1.0,1.0,1.0,1.0,1.0,1.0
2077,9ee3c3a666d35a5c,True,1.0,1.0,0.8747389740343716,1.0,1.0,1.0,0.9478079058476548
2078,dd9750d89740502d,True,1.0,1.0,0.9616106357259635,1.0,1.0,1.0,0.9840044315524848
2079,93c36f72811852d3,True,1.0,1.0,0.9968521609812242,1.0,1.0,1.0,0.9986884004088434
2080,f228a1710d2f5ccd,True,1.0,1.0,0.6871434540562827,1.0,1.0,1.0,0.8696431058567845
2081,071f7885a37e591f,True,1.0,1.0,1.0,1.0,1.0,1.0,1.0
2082,f559d26401125dbe,True,1.0,1.0,1.0,1.0,1.0,1.0,1.0
2083,b27bb0eced055858,True,1.0,1.0,1.0,1.0,1.0,1.0,1.0
2084,a622ff338b425c28,True,1.0,1.0,0.9570152860869757,1.0,1.0,1.0,0.98208970253624
2085,2cdba8acff3454a7,True,1.0,1.0,0.8409318638977346,1.0,1.0,1.0,0.9337216099573894
2086,37837c3f78625095,True,1.0,1.0,0.6145773588510864,1.0,1.0,1.0,0.8394072328546193
2087,472899393e8f55e1,True,1.0,1.0,0.7884994676392795,1.0,1.0,1.0,0.9118747781830331
2088,6bd962139e2658da,True,1.0,1.0,0.7190659507086151,1.0,1.0,1.0,0.8829441461285897
2089,715cff26bcee5d6a,True,1.0,1.0,0.897838422555094,1.0,1.0,1.0,0.9574326760646225
2090,918b6721bcf75d38,True,1.0,1.0,0.6323185336922476,1.0,1.0,1.0,0.8467993890384364
2091,f5442665da9f554c,True,1.0,1.0,0.883035753927551,1.0,1.0,1.0,0.9512648974698129
2092,e3eaafd948b15069,True,1.0,1.0,0.5746367886394858,1.0,1.0,1.0,0.8227653285997857
2093,f66694a622cf5c99,True,1.0,1.0,0.6882144403955838,1.0,1.0,1.0,0.8700893501648266
2094,702cb8df08c15df6,True,1.0,1.0,0.790577152790808,1.0,1.0,1.0,0.9127404803295033
2095,b74b5977823b527a,True,1.0,1.0,1.0,1.0,1.0,1.0,1.0
2096,22f31aadcc76590b,True,1.0,1.0,1.0,1.0,1.0,1.0,1.0
2097,da765dd341585db9,True,1.0,1.0,0.777243710583643,1.0,1.0,1.0,0.9071848794098513
2098,3afcfc58857f5790,True,1.0,1.0,1.0,1.0,1.0,1.0,1.0
2099,d04049c3978354f0,True,1.0,1.0,0.5107941208868955,1.0,1.0,1.0,0.7961642170362064
2100,913212df2a415e44,True,1.0,1.0,0.8513608265575507,1.0,1.0,1.0,0.938067011065646
2101,9e3c4f7d62315b95,True,1.0,1.0,0.9848812211223881,1.0,1.0,1.0,0.993700508800995
2102,87c5cdc6c5a45ef2,True,1.0,1.0,1.0,0.0,1.0,1.0,0.5833333333333334
2103,6d7d043389ac52c5,True,1.0,1.0,1.0,1.0,1.0,1.0,1.0
2104,a371624958cb52ea,True,1.0,1.0,1.0,1.0,1.0,1.0,1.0
2105,a9343b1abc5957ab,True,1.0,1.0,0.9036597399297842,1.0,1.0,0.5,0.9598582249707434
2106,baf11c6f018d56f9,True,1.0,1.0,0.7923832123218113,1.0,1.0,1.0,0.913493005134088
2107,3d37ed78124057a1,True,1.0,1.0,0.641920196959622,1.0,1.0,1.0,0.8508000820665091
2108,b53db7bbc74956ed,True,1.0,1.0,0.8487866103236019,1.0,1.0,1.0,0.9369944209681674
2109,69486575fad551b7,True,1.0,1.0,1.0,1.0,1.0,1.0,1.0
2110,f4da372227475285,True,1.0,1.0,0.9384522985702851,1.0,1.0,1.0,0.9743551244042855
2111,b1457b7279f75735,True,1.0,1.0,1.0,1.0,1.0,1.0,1.0
2112,64a7186ab49b5cdc,True,1.0,1.0,0.7626055705660292,1.0,1.0,1.0,0.9010856544025122
2113,4ed3817e66d85c10,True,1.0,0.0,0.0,1.0,1.0,1.0,0.0
2114,92beafb962d457db,True,1.0,1.0,0.7668760643514144,1.0,1.0,1.0,0.9028650268130893
2115,0202782270ab5a62,True,1.0,1.0,0.8466662317197328,1.0,1.0,1.0,0.9361109298832219
2116,d6deeba48d2c5dfe,True,1.0,1.0,0.632616563581221,1.0,1.0,1.0,0.8469235681588421
2117,6688db9c3a425bb6,True,1.0,0.0,0.0,1.0,1.0,1.0,0.0
2118,5825e60bec9f59fb,True,1.0,1.0,0.6692511163270498,1.0,1.0,1.0,0.8621879651362708
2119,4b683f53656f5bdd,True,1.0,1.0,0.8033367423467397,1.0,1.0,1.0,0.9180569759778082
2120,c60be3c852c55da2,True,1.0,1.0,1.0,1.0,1.0,1.0,1.0
2121,69a3d7249bc85849,True,1.0,1.0,0.8306530220492914,1.0,1.0,1.0,0.9294387591872048
2122,f809d95714a05fad,True,1.0,1.0,1.0,1.0,1.0,1.0,1.0
2123,efbfc794e30f528f,True,1.0,1.0,0.8746515816054041,1.0,1.0,1.0,0.9477714923355851
2124,20d3a5f5b9e6549f,True,1.0,1.0,0.9460517318618049,1.0,1.0,1.0,0.9775215549424187
2125,9e787f2f65a85f08,True,1.0,0.0,0.0,1.0,1.0,1.0,0.0
2126,81aa7cde0f3f5b68,True,1.0,1.0,1.0,1.0,1.0,1.0,1.0
2127,2f6b9bbb16cb59ba,True,1.0,1.0,0.960746605739,1.0,1.0,1.0,0.9836444190579167
2128,63573ea2fdb85b0e,True,1.0,1.0,0.9021961264775709,1.0,1.0,1.0,0.9592483860323212
2129,7e2675bbae325f36,True,1.0,1.0,0.8369763678125139,1.0,1.0,1.0,0.9320734865885475
2130,1895b756b1b0539d,True,1.0,1.0,1.0,1.0,1.0,1.0,1.0
2131,120e412f13585a21,True,1.0,1.0,0.9192610421728085,1.0,1.0,1.0,0.9663587675720035
2132,27eb0ba03f385c69,True,1.0,1.0,0.5306928771049358,1.0,1.0,1.0,0.8044553654603899
2133,61874b16298352f3,True,1.0,1.0,0.9152749926658335,1.0,1.0,1.0,0.964697913610764
2134,f6f14df95f6c52af,True,1.0,1.0,0.909041793425291,1.0,1.0,0.0,0.962100747260538
2135,0992d669b9a25a25,True,1.0,1.0,0.7771865489830323,1.0,1.0,1.0,0.9071610620762635
2136,77cf9dfc36c35df7,True,1.0,1.0,0.8468821905997941,1.0,1.0,1.0,0.9362009127499142
2137,da36c99454f65715,True,1.0,1.0,0.9519302251342001,1.0,1.0,1.0,0.97997092713925
2138,e87f90ab04a25be9,True,1.0,1.0,0.7858082023275766,1.0,1.0,1.0,0.9107534176364903
2139,4cdcf106cb5d5c63,True,1.0,1.0,1.0,1.0,1.0,1.0,1.0
2140,936037f7683c50e8,True,1.0,1.0,0.854049353543445,1.0,1.0,1.0,0.9391872306431021
2141,2576105926375ce7,True,1.0,1.0,0.8485248358684765,1.0,1.0,1.0,0.9368853482785319
2142,08c2b3b529de59d4,True,1.0,1.0,0.8835057199401646,1.0,1.0,1.0,0.9514607166417353
2143,7ccd759aa0535b9a,True,1.0,1.0,0.7108378466432168,1.0,1.0,1.0,0.8795157694346737
2144,3972714235c35bcc,True,1.0,1.0,1.0,1.0,1.0,1.0,1.0
2145,fe810492129f57a8,True,1.0,1.0,0.42200612722246755,1.0,1.0,1.0,0.7591692196760281
2146,43fd9868f2ed549f,True,1.0,1.0,0.7744809261772424,1.0,1.0,1.0,0.9060337192405177
2147,f227c6775ba75451,True,1.0,1.0,0.7194195331776613,1.0,1.0,1.0,0.8830914721573588
2148,10fcb2c79add5558,True,1.0,1.0,0.5992586342690637,1.0,1.0,1.0,0.8330244309454432
2149,6632c49f6f675b7b,True,1.0,1.0,1.0,1.0,1.0,1.0,1.0
2150,88c0bfe353235280,True,1.0,1.0,0.8357811180315358,1.0,1.0,0.5,0.9315754658464733
2151,7ff005be930e5ad6,True,1.0,1.0,0.4985225662094608,1.0,1.0,1.0,0.791051069253942
2152,7dac1567fa8d574c,True,1.0,1.0,0.6475434341898091,1.0,1.0,1.0,0.8531430975790871
2153,ab2d918fa2e2543d,True,1.0,1.0,0.9414073414115817,1.0,1.0,1.0,0.9755863922548258
2154,7cee421600545b00,True,1.0,1.0,0.6944712708378478,1.0,1.0,1.0,0.8726963628491032
2155,87eae54f57ea5690,True,1.0,1.0,0.7909642516587749,1.0,1.0,1.0,0.9129017715244895
2156,bce567be125d523e,True,1.0,1.0,0.9011621696954922,1.0,1.0,1.0,0.9588175707064551
2157,ae33eb2afd655f7d,True,1.0,1.0,0.6815292814158486,1.0,1.0,1.0,0.8673038672566036
2158,9bd12765d98b514f,True,1.0,1.0,0.8077505731077619,1.0,1.0,1.0,0.9198960721282341
2159,b547cd052795562c,True,1.0,1.0,0.7282871870144623,1.0,1.0,1.0,0.8867863279226927
2160,c1e0af56e9eb50b8,True,1.0,0.0,0.0,1.0,1.0,0.0,0.0
2161,a60f7352182a5e93,True,1.0,1.0,1.0,1.0,1.0,1.0,1.0
2162,b38af8cb560c5295,True,1.0,1.0,0.7859728766007315,1.0,1.0,1.0,0.9108220319169714
2163,7e082b46989356a4,True,1.0,1.0,1.0,1.0,1.0,1.0,1.0
2164,d8af5ee176db5d89,True,1.0,1.0,0.8023037862834198,1.0,1.0,1.0,0.9176265776180915
2165,61a9157ac995542c,True,1.0,1.0,1.0,1.0,1.0,1.0,1.0
2166,9e1761b29988514c,True,1.0,1.0,0.6960755862724889,1.0,1.0,1.0,0.873364827613537
2167,aee5c527d8e85667,True,1.0,1.0,0.782718122766804,1.0,1.0,1.0,0.9094658844861683
2168,1e98fee7a7cc5254,True,1.0,1.0,0.7057308375925471,1.0,1.0,1.0,0.8773878489968947
2169,d7708962e5cc554f,True,1.0,1.0,1.0,1.0,1.0,1.0,1.0
2170,991f13bf4e7f590e,True,1.0,1.0,0.9314582888833427,1.0,1.0,1.0,0.9714409537013928
2171,cd34209eec085b73,True,1.0,1.0,0.8419097396541713,1.0,1.0,1.0,0.934129058189238
2172,6347504b632c5be1,True,1.0,1.0,0.567286327913414,1.0,1.0,1.0,0.8197026366305892
2173,719a6c965dd55d00,True,1.0,1.0,1.0,1.0,1.0,1.0,1.0
2174,ae97dc76df0952f2,True,1.0,1.0,0.8681435481167216,1.0,1.0,1.0,0.9450598117153005
2175,ea1c363c888b59c7,True,1.0,1.0,0.7578278605888034,1.0,1.0,1.0,0.8990949419120015
2176,b9d45c43c2fd5165,True,1.0,1.0,0.792177637826053,1.0,1.0,1.0,0.9134073490941889
2177,29d3a233b1915c1a,True,1.0,1.0,1.0,1.0,1.0,1.0,1.0
2178,a51fda3f10da5432,True,1.0,0.0,0.0,1.0,1.0,1.0,0.0
2179,0f8e3ba3d90958d1,True,1.0,1.0,0.9538669873835858,1.0,1.0,1.0,0.9807779114098274
2180,5c7513fea7b45963,True,1.0,1.0,1.0,1.0,1.0,1.0,1.0
2181,704fafc3d8fd5258,True,1.0,1.0,1.0,1.0,1.0,1.0,1.0
2182,8d9d0d3caa9b5905,True,1.0,1.0,1.0,1.0,1.0,1.0,1.0
2183,8686e685b08a5c3e,True,1.0,1.0,0.9640092662720764,1.0,1.0,1.0,0.9850038609466986
2184,a911eef9f873522a,True,1.0,1.0,0.7846366370358837,1.0,1.0,1.0,0.9102652654316182
2185,c0e6ee59f6455107,True,1.0,1.0,1.0,1.0,1.0,1.0,1.0
2186,4d8baa6e638f5cfb,True,1.0,1.0,1.0,1.0,1.0,1.0,1.0
2187,85229d62b0965482,True,1.0,1.0,0.9281312939334662,1.0,1.0,1.0,0.9700547058056109
2188,7c7c063205ec5f3c,True,1.0,1.0,1.0,1.0,1.0,1.0,1.0
2189,6c28c001109f5718,True,1.0,1.0,0.7997059939711292,1.0,1.0,1.0,0.9165441641546371
2190,44137cf5578956d1,True,1.0,1.0,0.9207878563288109,1.0,1.0,0.0,0.9669949401370045
2191,2497e961a13e50f8,True,1.0,1.0,0.7124001000286388,1.0,1.0,1.0,0.8801667083452661
2192,83873a51bef051ac,True,1.0,1.0,0.8131796190809225,1.0,1.0,1.0,0.9221581746170511
2193,f48e825b763050bb,True,1.0,1.0,1.0,1.0,1.0,1.0,1.0
2194,a9fc9ff67fef5b5c,True,1.0,1.0,1.0,1.0,1.0,1.0,1.0
2195,abdf3c37dc03596c,True,1.0,1.0,0.7642751548256886,1.0,1.0,1.0,0.9017813145107035
2196,8b5dd405c14c5249,True,1.0,1.0,1.0,1.0,1.0,1.0,1.0
2197,2f6263adaf4f54c5,True,1.0,1.0,0.9039974700025475,1.0,1.0,1.0,0.9599989458343948
2198,4738ed6a4f665c01,True,1.0,1.0,1.0,1.0,1.0,1.0,1.0
2199,241098fe619c5de0,True,1.0,1.0,0.9139009459549667,1.0,1.0,1.0,0.9641253941479029
2200,ed19f6a36af757b7,True,1.0,1.0,0.7605135909485193,1.0,1.0,1.0,0.9002139962285497
2201,9839a7913075581e,True,1.0,1.0,0.7832069346580485,1.0,1.0,1.0,0.9096695561075202
2202,d9150469e9885120,True,1.0,1.0,0.7997152351405976,1.0,1.0,1.0,0.9165480146419157
2203,6420c06f99465b53,True,1.0,1.0,0.9771767369590085,1.0,1.0,1.0,0.9904903070662536
2204,d15124ba09f35a70,True,1.0,1.0,0.8641967387646949,1.0,1.0,1.0,0.9434153078186229
2205,a3a47ea11a5e5939,True,1.0,1.0,1.0,1.0,1.0,1.0,1.0
2206,e34c3d18bc405ace,True,1.0,1.0,1.0,1.0,1.0,1.0,1.0
2207,c61d55c28f3b538d,True,1.0,1.0,0.7010279264902463,1.0,1.0,1.0,0.8754283027042692
2208,afe3f2650ff85a95,True,1.0,1.0,1.0,1.0,1.0,1.0,1.0
2209,24c278846879520f,True,1.0,1.0,0.7164135540128178,1.0,1.0,1.0,0.8818389808386741
2210,d57d041213c554d3,True,1.0,1.0,1.0,1.0,1.0,1.0,1.0
2211,0ee2bbd11d4451c3,True,1.0,1.0,1.0,1.0,1.0,1.0,1.0
2212,dce197f508425f2b,True,1.0,1.0,1.0,1.0,1.0,1.0,1.0
2213,ac019d81388056be,True,1.0,1.0,0.9496329017406286,1.0,1.0,1.0,0.9790137090585952
2214,e4ec48f9d6f85d23,True,1.0,1.0,0.9954007566798561,1.0,1.0,1.0,0.9980836486166066
2215,24db96c8c21753d5,True,1.0,1.0,1.0,1.0,1.0,1.0,1.0
2216,f1b0cf7d344052ba,True,1.0,1.0,0.9626389899355009,1.0,1.0,1.0,0.9844329124731255
2217,08ca490a89c4544e,True,1.0,1.0,0.7617464853606349,1.0,1.0,1.0,0.9007277022335979
2218,2e1d4bde0a16514b,True,1.0,1.0,0.5355305635396654,1.0,1.0,1.0,0.8064710681415272
2219,b3b9745591dd569c,True,1.0,1.0,0.9415093784005621,1.0,1.0,1.0,0.9756289076669008
2220,ca3e9faa3258522b,True,1.0,1.0,1.0,1.0,1.0,1.0,1.0
2221,71fefe3bc0f0591e,True,1.0,1.0,0.8289079432430302,1.0,1.0,1.0,0.9287116430179293
2222,579942d331b9571d,True,1.0,1.0,0.6996937514958195,1.0,1.0,1.0,0.8748723964565914
2223,9bb8633f7c0157fb,True,1.0,1.0,0.8650073213754317,1.0,1.0,1.0,0.9437530505730966
2224,ce2de8af70e05a57,True,1.0,1.0,0.854120140819664,1.0,1.0,1.0,0.9392167253415268
2225,8f976b493bbc59b4,True,1.0,1.0,1.0,1.0,1.0,1.0,1.0
2226,9e2858dd989e5cc4,True,1.0,1.0,0.9803132161556899,1.0,1.0,1.0,0.9917971733982042
2227,346e3a62c61e50df,True,1.0,1.0,0.80417016753962,1.0,1.0,1.0,0.9184042364748417
2228,1cf59919c4f15605,True,1.0,1.0,0.7947201879489294,1.0,1.0,1.0,0.9144667449787205
2229,315e61d0629c54d6,True,1.0,1.0,0.739114341931062,1.0,1.0,1.0,0.8912976424712759
2230,a161122c95815233,True,1.0,1.0,0.490215974494255,1.0,1.0,1.0,0.7875899893726063
2231,ed5b36731bad5a32,True,1.0,1.0,0.9492496407786982,1.0,1.0,1.0,0.9788540169911242
2232,bef3d5467aca5f04,True,1.0,1.0,0.7840140061952657,1.0,1.0,1.0,0.910005835914694
2233,fceded25dc595e06,True,1.0,1.0,0.937835550119479,1.0,1.0,1.0,0.9740981458831163
2234,51a80bf5fd575fa2,True,1.0,1.0,0.8161990211585998,1.0,1.0,1.0,0.9234162588160832
2235,6b4cf0c1208155f5,True,1.0,1.0,0.8613560074457943,1.0,1.0,1.0,0.942231669769081
2236,20fd202ba2e1572a,True,1.0,1.0,1.0,1.0,1.0,1.0,1.0
2237,a9359dafbcdd5af6,True,1.0,1.0,1.0,1.0,1.0,1.0,1.0
2238,489facb8ac705f4a,True,1.0,1.0,1.0,1.0,1.0,1.0,1.0
2239,0eaa844dc2605267,True,1.0,1.0,0.7013336016421431,1.0,1.0,1.0,0.875555667350893
2240,6df89719fce05527,True,1.0,1.0,0.939600171513943,1.0,1.0,1.0,0.9748334047974763
2241,6b61ec04ecb25221,True,1.0,1.0,0.7018171791971912,1.0,1.0,1.0,0.8757571579988297
2242,48b2f85cc68c5a0a,True,1.0,0.0,0.0,1.0,1.0,1.0,0.0
2243,fe520672ef8f5770,True,1.0,1.0,1.0,1.0,1.0,1.0,1.0
2244,662d6c1f51815bad,True,1.0,1.0,1.0,1.0,1.0,1.0,1.0
2245,b8baf3c807cd50b4,True,1.0,1.0,1.0,1.0,1.0,0.0,1.0
2246,51e4c182629c50a7,True,1.0,1.0,0.5511149766780756,1.0,1.0,1.0,0.8129645736158647
2247,96c4cb076c9954e6,True,1.0,1.0,0.881394431536077,1.0,1.0,1.0,0.9505810131400322
2248,f7341516d74658fc,True,1.0,1.0,0.7911131371913006,1.0,1.0,1.0,0.912963807163042
2249,c9f8032d2d725257,True,1.0,1.0,0.9909955728582824,1.0,1.0,1.0,0.9962481553576176
2250,5c4c3448f7a1517f,True,1.0,0.0,0.0,1.0,0.0,0.0,0.0
2251,8840042ede42578a,True,1.0,1.0,0.7263837600553656,1.0,1.0,1.0,0.8859932333564023
2252,e194e033ee72504a,True,1.0,1.0,0.925898955100381,1.0,1.0,1.0,0.9691245646251586
2253,c53ae2fe6cc751e7,True,1.0,1.0,0.9786490856680155,1.0,1.0,1.0,0.9911037856950063
2254,9d6eac20a6fb5cd9,True,1.0,0.0,0.0,1.0,1.0,1.0,0.0
2255,8b608a6353a95bce,True,1.0,1.0,0.7885124698955182,1.0,1.0,1.0,0.9118801957897992
2256,cf1ba57897845189,True,1.0,1.0,0.7981364994419597,1.0,1.0,1.0,0.9158902081008166
2257,989ce8f4205654d3,True,1.0,1.0,0.839994482606647,1.0,1.0,1.0,0.9333310344194362
2258,b1ae78ae6e005119,True,1.0,1.0,1.0,1.0,1.0,1.0,1.0
2259,fb0297e3fc9b573e,True,1.0,1.0,0.9190401525448133,1.0,1.0,1.0,0.9662667302270055
2260,c370f836e3275da4,True,1.0,1.0,0.8931532610564831,1.0,1.0,1.0,0.9554805254402012
2261,81b89c24f6a5579f,True,1.0,1.0,0.8845797958055874,1.0,1.0,0.5,0.9519082482523281
2262,42d2414f92c651bf,True,1.0,1.0,1.0,1.0,1.0,0.5,1.0
2263,260d8dc1970256a0,True,1.0,1.0,0.9839615474344582,1.0,1.0,1.0,0.9933173114310243
2264,4f2041f942aa5630,True,1.0,1.0,0.47758114624518755,1.0,1.0,1.0,0.7823254776021615
2265,56fe5be4b9dc5c77,True,1.0,1.0,0.6645331038809754,1.0,1.0,1.0,0.8602221266170731
2266,536a4f2c870d5e58,True,1.0,1.0,0.6480059993959634,1.0,1.0,1.0,0.8533358330816515
2267,ce28bbe99d7f5f43,True,1.0,1.0,0.9306816971921702,1.0,1.0,1.0,0.9711173738300709
2268,3ca720caa0ff5082,True,1.0,1.0,0.9037638443368828,1.0,1.0,1.0,0.9599016018070344
2269,b7c1448b395e56c6,True,1.0,1.0,0.7283420777919711,1.0,1.0,1.0,0.886809199079988
2270,8b2a7b6817795ae7,True,1.0,1.0,0.857836768325679,1.0,1.0,1.0,0.9407653201356996
2271,05d6d7d83b97547c,True,1.0,1.0,0.6264255131305565,1.0,1.0,1.0,0.8443439638043985
2272,449f88cb93fe53d8,True,1.0,1.0,1.0,1.0,1.0,1.0,1.0
2273,d60ec6837413567c,True,1.0,1.0,1.0,1.0,1.0,1.0,1.0
2274,c78f87b2bd4151d4,True,1.0,1.0,0.8612378724817653,1.0,1.0,1.0,0.9421824468674022
2275,77071a33907c58f2,True,1.0,1.0,0.7893496071400019,1.0,1.0,1.0,0.9122290029750008
2276,e6eeac307f6d507d,True,1.0,1.0,1.0,1.0,1.0,1.0,1.0
2277,485b59c15a7d5e8f,True,1.0,1.0,0.8763886794272724,1.0,1.0,1.0,0.9484952830946968
2278,77b5e5af1c1057fc,True,1.0,1.0,0.8534337331235275,1.0,1.0,1.0,0.9389307221348031
2279,953b6023473258bb,True,1.0,1.0,0.5513511686431921,1.0,1.0,1.0,0.8130629869346634
2280,575a40958ae65abd,True,1.0,1.0,1.0,1.0,1.0,1.0,1.0
2281,d3a9acba43a05b83,True,1.0,1.0,0.8384496769873552,1.0,1.0,1.0,0.932687365411398
2282,3e5bb75bed1d58ad,True,1.0,1.0,1.0,1.0,1.0,1.0,1.0
2283,dfb757230bed57d8,True,1.0,1.0,1.0,0.0,1.0,1.0,0.5833333333333334
2284,25cb9b6179435488,True,1.0,1.0,0.8675842974002129,1.0,1.0,1.0,0.9448267905834221
2285,819d4bdcb0855118,True,1.0,1.0,0.9095135141448613,1.0,1.0,1.0,0.9622972975603589
2286,963591d88d6a53b6,True,1.0,1.0,0.5588977533983117,1.0,1.0,1.0,0.8162073972492966
2287,f40172a8fb1a54ee,True,1.0,1.0,1.0,1.0,1.0,1.0,1.0
2288,69ad18166f085da8,True,1.0,1.0,1.0,1.0,1.0,1.0,1.0
2289,2d6a04ea9ef55fd5,True,1.0,1.0,0.9559358660735606,1.0,1.0,1.0,0.9816399441973168
2290,11482e143a4e5dec,True,1.0,1.0,0.638608487449929,1.0,1.0,1.0,0.849420203104137
2291,90693e0d94f05e85,True,1.0,1.0,0.7907028237310285,1.0,1.0,1.0,0.9127928432212619
2292,0f49301527005b0e,True,1.0,1.0,0.6106781211322125,1.0,1.0,1.0,0.8377825504717552
2293,d5ff634ca2dd5801,True,1.0,1.0,1.0,1.0,1.0,1.0,1.0
2294,9bcd2d9e4c0e56b8,True,1.0,1.0,0.82701441963642,1.0,1.0,1.0,0.9279226748485083
2295,5cbb02f3e0e253e5,True,1.0,1.0,1.0,1.0,1.0,1.0,1.0
2296,04674da1553352ad,True,1.0,1.0,1.0,1.0,1.0,1.0,1.0
2297,6d605a6595d75fa9,True,1.0,1.0,1.0,1.0,1.0,1.0,1.0
2298,952c1875f64057b9,True,1.0,0.0,0.0,1.0,1.0,1.0,0.0
2299,95733bb0b55e5d5f,True,1.0,1.0,0.6910101599018966,1.0,1.0,1.0,0.8712542332924569
2300,1caa3a4c5d5d510e,True,1.0,1.0,0.693763618048201,1.0,1.0,1.0,0.8724015075200837
2301,4cdef6ce55a7542b,True,1.0,1.0,0.8842347235077564,1.0,1.0,1.0,0.9517644681282319
2302,456ef599efa85659,True,1.0,1.0,0.8392243217002852,1.0,1.0,1.0,0.9330101340417855
2303,d1e4600c80ab519a,True,1.0,1.0,0.5649201450197587,1.0,1.0,1.0,0.8187167270915662
2304,c36c131b21f65a13,True,1.0,1.0,0.8386528007719696,1.0,1.0,1.0,0.9327720003216541
2305,5e48f684248053bd,True,1.0,1.0,1.0,1.0,1.0,1.0,1.0
2306,deb63152bd9453e0,True,0.0,1.0,0.0,0.0,1.0,0.0,0.0
2307,3402ab10c02a5e25,True,1.0,1.0,0.612678384059326,1.0,1.0,1.0,0.8386159933580525
2308,d651033bf05e5da3,True,1.0,1.0,0.9977714797607183,1.0,1.0,1.0,0.9990714499002994
2309,8ff412b66d24593c,True,1.0,1.0,1.0,1.0,1.0,1.0,1.0
2310,824944b52b98552b,True,1.0,1.0,1.0,1.0,1.0,1.0,1.0
2311,9e28afceaa155cf4,True,1.0,1.0,1.0,1.0,1.0,1.0,1.0
2312,badd4b6320d05d87,True,1.0,1.0,1.0,1.0,1.0,1.0,1.0
2313,e62a5092735359ee,True,1.0,1.0,0.6272931840162497,1.0,1.0,1.0,0.844705493340104
2314,f2b83fb414eb5cf0,True,1.0,1.0,0.6549414178272457,1.0,1.0,1.0,0.8562255907613524
2315,d5085a26c5915a49,True,1.0,1.0,0.7972592106113914,1.0,1.0,1.0,0.9155246710880798
2316,dc2279179bb25d08,True,1.0,1.0,0.6432676834891485,1.0,1.0,1.0,0.8513615347871452
2317,2959d5dbe8235765,True,1.0,1.0,0.8183250434515557,1.0,1.0,1.0,0.9243021014381482
2318,35b108769e3c5d33,True,1.0,1.0,0.9489261016387367,1.0,1.0,1.0,0.9787192090161403
2319,3a2616c871335ef4,True,1.0,1.0,0.8526944667422898,1.0,1.0,1.0,0.938622694475954
2320,8153e70fc0545d5a,True,1.0,1.0,0.6139442545755616,1.0,1.0,1.0,0.839143439406484
2321,aa10437e9b425118,True,1.0,1.0,1.0,1.0,1.0,1.0,1.0
2322,cdac2937953e5398,True,1.0,1.0,0.7392638906145282,1.0,1.0,1.0,0.8913599544227201
2323,8bd32ab85e615190,True,1.0,1.0,0.887493920208631,1.0,1.0,1.0,0.9531224667535962
2324,9ba21cb552c35238,True,1.0,0.0,0.0,1.0,1.0,1.0,0.0
2325,eeab709ca6e05d14,True,1.0,1.0,0.9522402902459698,1.0,1.0,1.0,0.9801001209358207
2326,aa072830a2d15d9f,True,1.0,1.0,0.8327832570474945,1.0,1.0,1.0,0.9303263571031227
2327,a2d7be8710535e33,True,1.0,1.0,0.7714305744325801,1.0,1.0,1.0,0.9047627393469084
2328,5abd4abd73db5739,True,1.0,1.0,0.98434072663436,1.0,1.0,1.0,0.9934753027643167
2329,edeaf2305fa85143,True,1.0,1.0,0.8823171286926595,1.0,1.0,1.0,0.9509654702886081
2330,e3608421b9825fbd,True,1.0,1.0,0.9608697127580262,1.0,1.0,1.0,0.9836957136491776
2331,aa7d4f9537495b1f,True,1.0,1.0,0.9126096204432483,1.0,1.0,1.0,0.9635873418513535
2332,98ae2c97a0375eaf,True,1.0,1.0,0.8102813758964554,1.0,1.0,1.0,0.9209505732901898
2333,761d3f2365c25886,True,1.0,1.0,0.8786282411345134,1.0,1.0,1.0,0.9494284338060472
2334,dc096269aef55bf0,True,1.0,1.0,0.725038945517439,1.0,1.0,1.0,0.8854328939655995
2335,e76485315c2c5028,True,1.0,1.0,1.0,1.0,1.0,1.0,1.0
2336,9100530861d851b0,True,1.0,1.0,1.0,1.0,1.0,1.0,1.0
2337,ef0914834c445c21,True,1.0,1.0,1.0,1.0,1.0,1.0,1.0
2338,836615f5978b56e5,True,1.0,1.0,0.9278101679597095,1.0,1.0,1.0,0.9699209033165456
2339,34f2427ba79a587b,True,1.0,1.0,0.7421023882790553,1.0,1.0,1.0,0.8925426617829397
2340,8a880b6ff1dd59ab,True,1.0,0.0,0.0,1.0,1.0,1.0,0.0
2341,08fcb3344bea538d,True,1.0,1.0,0.6003189447934837,1.0,1.0,1.0,0.8334662269972849
2342,be382c6340e75946,True,0.5,0.0,0.0,0.0,1.0,1.0,0.0
2343,4c1a6bbf7aaa5228,True,1.0,1.0,1.0,1.0,1.0,1.0,1.0
2344,4f47f41d84c450e8,True,1.0,1.0,1.0,1.0,1.0,1.0,1.0
2345,13ca5b247813585a,True,1.0,1.0,1.0,1.0,1.0,1.0,1.0
2346,9483fae2cfc352eb,True,1.0,1.0,0.5255950208023069,1.0,1.0,1.0,0.8023312586676279
2347,06df6b00bdad5229,True,1.0,1.0,1.0,1.0,1.0,1.0,1.0
2348,12fac37cef195384,True,1.0,1.0,0.8906096731941239,1.0,1.0,1.0,0.9544206971642183
2349,d9f67f2d224a5aaf,True,1.0,1.0,1.0,1.0,1.0,1.0,1.0
2350,8b788f2715985cee,True,1.0,1.0,1.0,1.0,1.0,1.0,1.0
2351,ad8ac16631a15da5,True,1.0,1.0,0.8525600663628842,1.0,1.0,1.0,0.9385666943178684
2352,d5a0b92fbf8b51df,True,1.0,1.0,1.0,1.0,1.0,1.0,1.0
2353,7607a0bd144e53b0,True,1.0,1.0,1.0,1.0,1.0,1.0,1.0
2354,4ae68544ec0f502c,True,1.0,1.0,0.7306581373837017,1.0,1.0,1.0,0.8877742239098757
2355,f69367f756605199,True,1.0,1.0,1.0,1.0,1.0,1.0,1.0
2356,432598c0bda65445,True,1.0,1.0,0.7679066828601246,1.0,1.0,1.0,0.9032944511917186
2357,8e33b543120b53d5,True,1.0,1.0,0.8812951252338318,1.0,1.0,1.0,0.9505396355140965
2358,834a23e3dd25542c,True,1.0,1.0,0.8530730739235397,1.0,1.0,1.0,0.9387804474681415
2359,8451437af5ba59ea,True,1.0,1.0,0.7777297459438968,1.0,1.0,1.0,0.9073873941432904
2360,f51357fd3f59500a,True,1.0,0.0,0.0,1.0,1.0,1.0,0.0
2361,5a4709a2348f58a7,True,1.0,1.0,1.0,1.0,1.0,1.0,1.0
2362,59c6eefd08af59b9,True,1.0,1.0,0.8026450426641756,1.0,1.0,1.0,0.9177687677767398
2363,066c0c3f45915cba,True,1.0,1.0,1.0,1.0,1.0,1.0,1.0
2364,7ec8d2521964548f,True,1.0,1.0,0.7258174889695554,1.0,1.0,1.0,0.885757287070648
2365,0c54c8dfbe56567f,True,1.0,1.0,0.8634279939993404,1.0,1.0,1.0,0.9430949974997253
2366,0e016d945ce25090,True,1.0,1.0,0.7984320920609651,1.0,1.0,1.0,0.9160133716920688
2367,193ee69c47495e07,True,1.0,1.0,0.8025628315464253,1.0,1.0,1.0,0.9177345131443438
2368,a82ce9edf79d56a6,True,1.0,1.0,0.8643264882905914,1.0,1.0,1.0,0.9434693701210798
2369,9c768fba2b4c5d19,True,1.0,1.0,0.8432146642384718,1.0,1.0,1.0,0.9346727767660298
2370,7956c9ed4b855859,True,1.0,0.0,0.0,1.0,1.0,1.0,0.0
2371,4e52e843b10f55eb,True,1.0,1.0,1.0,1.0,1.0,1.0,1.0
2372,fb1d534ccf82583f,True,1.0,1.0,0.7317995814372138,1.0,1.0,1.0,0.8882498255988391
2373,dffc6ff890745dbe,True,1.0,1.0,0.5931543446975212,1.0,1.0,1.0,0.8304809769573005
2374,334ddbed40095e07,True,1.0,1.0,0.7428228459116949,1.0,1.0,1.0,0.8928428524632062
2375,c471f8a9626d5f11,True,1.0,1.0,0.5313520378072891,1.0,1.0,1.0,0.8047300157530372
2376,45c1c24ad1d35bfb,True,1.0,1.0,0.7249274563412459,1.0,1.0,1.0,0.8853864401421858
2377,924f7c86a30b55c7,True,1.0,0.0,0.0,1.0,1.0,1.0,0.0
2378,bc12361c48f15f75,True,1.0,1.0,1.0,0.0,1.0,1.0,0.5833333333333334
2379,303948f28d5b52ab,True,1.0,1.0,0.7621728773289539,1.0,1.0,1.0,0.9009053655537308
2380,ac2e86e04c0a5287,True,1.0,1.0,0.7956440390104376,1.0,1.0,1.0,0.9148516829210157
2381,7fef3d49daa652cb,True,1.0,1.0,0.7875737510667896,1.0,1.0,1.0,0.9114890629444957
2382,b9a8107ff09d5961,True,1.0,1.0,0.8378286674264732,1.0,1.0,1.0,0.9324286114276972
2383,adfc4abb1c4d50b3,True,1.0,1.0,1.0,1.0,1.0,1.0,1.0
2384,34f4fd0a288b5199,True,1.0,1.0,1.0,1.0,1.0,1.0,1.0
2385,0a50c123ca24584f,True,1.0,1.0,1.0,1.0,1.0,1.0,1.0
2386,61530f7ee9945c70,True,1.0,1.0,0.9373429277888834,1.0,1.0,1.0,0.9738928865787013
2387,bd6d1d10391854e0,True,1.0,1.0,0.8353641071117134,1.0,1.0,1.0,0.9314017112965471
2388,7fcf6a30139b5d3e,True,1.0,1.0,0.9069583787690565,1.0,1.0,1.0,0.9612326578204402
2389,5f8d8f88750f57b7,True,1.0,1.0,0.8837344763636652,1.0,1.0,1.0,0.9515560318181938
2390,7d6f05aa48385ce8,True,1.0,1.0,0.8991035977946547,1.0,1.0,1.0,0.9579598324144394
2391,83c7a6c3c0b15b36,True,1.0,1.0,0.9995348839122427,1.0,1.0,1.0,0.9998062016301011
2392,9c1e8e69c7cd537b,True,1.0,1.0,0.9945843534527711,1.0,1.0,1.0,0.9977434806053213
2393,d2440edd19d954b5,True,1.0,1.0,1.0,1.0,1.0,1.0,1.0
2394,8564551c362e5f26,True,1.0,1.0,0.985613003621047,1.0,1.0,1.0,0.9940054181754362
2395,c9f514edbbb55dd9,True,1.0,1.0,1.0,1.0,1.0,1.0,1.0
2396,6532afe679315809,True,1.0,1.0,0.7441230724756897,1.0,1.0,1.0,0.8933846135315373
2397,87554f4ef47252e4,True,1.0,1.0,0.8685498910816967,1.0,1.0,1.0,0.9452291212840404
2398,fb44fa6567a65ad0,True,1.0,1.0,0.963965639340893,1.0,1.0,1.0,0.9849856830587053
2399,07419a24b8e05171,True,1.0,1.0,1.0,1.0,1.0,1.0,1.0
2400,edbd8b34cdc65008,True,1.0,1.0,0.9650694323429898,1.0,1.0,1.0,0.985445596809579
2401,3ffea9df17af502b,True,1.0,1.0,1.0,1.0,1.0,1.0,1.0
2402,91c7e207e3395557,True,1.0,0.0,0.0,1.0,1.0,1.0,0.0
2403,e9adc94d4e9c5fbb,True,1.0,1.0,0.8151362014335143,1.0,1.0,1.0,0.9229734172639642
2404,eb15f0d956eb5ac4,True,1.0,1.0,0.8946500165522092,1.0,1.0,0.5,0.9561041735634205
2405,9a0b762c08af59f8,True,1.0,1.0,0.5126397543584031,1.0,1.0,1.0,0.7969332309826681
2406,2193ada652c557c3,True,1.0,1.0,0.8138768355489607,1.0,1.0,1.0,0.9224486814787336
2407,84fc6d5788a95edd,True,1.0,1.0,0.8138736944023166,1.0,1.0,1.0,0.9224473726676319
2408,af34277ea53e5f77,True,1.0,1.0,0.902960706535183,1.0,1.0,1.0,0.9595669610563262
2409,36cdfb296218516d,True,1.0,1.0,0.9131548966825775,1.0,1.0,1.0,0.9638145402844073
2410,e247c988c28957fc,True,1.0,1.0,0.8243789600864171,1.0,1.0,1.0,0.9268245667026737
2411,418f3b3a155f5655,True,1.0,1.0,0.8591567579295847,1.0,1.0,1.0,0.9413153158039936
2412,a60e8e8afe675063,True,1.0,1.0,0.770195254569404,1.0,1.0,1.0,0.9042480227372517
2413,49c2b08936335901,True,1.0,0.0,0.0,0.0,1.0,1.0,0.0
2414,25f4a620bd5f51cc,True,1.0,1.0,0.6614579108648255,1.0,1.0,1.0,0.8589407961936774
2415,c87fe1d7a3bd57cb,True,1.0,1.0,0.6481912378852878,1.0,1.0,1.0,0.8534130157855365
2416,673cfe7af7db5911,True,1.0,1.0,1.0,1.0,1.0,1.0,1.0
2417,b7620d238eaf5023,True,1.0,1.0,0.9384993064958569,1.0,1.0,1.0,0.9743747110399403
2418,fc7b8441f81b5296,True,1.0,1.0,1.0,1.0,1.0,1.0,1.0
2419,35f13a6de1575fdc,True,1.0,1.0,1.0,1.0,1.0,1.0,1.0
2420,36a10b24956c5db7,True,1.0,1.0,0.7716783314249039,1.0,1.0,1.0,0.9048659714270433
2421,03817943eb905452,True,1.0,1.0,1.0,1.0,1.0,1.0,1.0
2422,21747e180852591a,True,1.0,1.0,0.7027799268488882,1.0,1.0,1.0,0.8761583028537036
2423,d130c508fb26575e,True,1.0,1.0,0.8000521204776416,1.0,1.0,1.0,0.9166883835323506
2424,d1ba8c31750e5cbd,True,1.0,1.0,0.7164782870110539,1.0,1.0,1.0,0.8818659529212725
2425,f8b10bcaa98a53e8,True,1.0,1.0,1.0,1.0,1.0,1.0,1.0
2426,97b8b4204a2a5484,True,1.0,1.0,1.0,1.0,1.0,1.0,1.0
2427,78a46fe48bf15051,True,1.0,1.0,0.6112273810944502,1.0,1.0,1.0,0.8380114087893542
2428,9135a6d270475c7f,True,1.0,1.0,0.5933324276672614,1.0,1.0,1.0,0.8305551781946923
2429,69e8fff107b05199,True,1.0,1.0,0.8213982127290425,1.0,1.0,1.0,0.9255825886371011
2430,dc47dc70547551f6,True,1.0,1.0,0.7251663267688427,1.0,1.0,1.0,0.8854859694870179
2431,caa0f73288d75ba7,True,1.0,0.0,0.0,1.0,1.0,1.0,0.0
2432,5f09eaa4509f5997,True,1.0,1.0,0.39764987511985683,1.0,1.0,0.5,0.7490207812999404
2433,e5224fa3a0f95b04,True,1.0,1.0,0.6650636254277479,1.0,1.0,1.0,0.8604431772615616
2434,d08754ee7c5c5949,True,1.0,1.0,1.0,1.0,1.0,1.0,1.0
2435,947829285f5d5526,True,1.0,1.0,0.9720265522722187,1.0,1.0,1.0,0.9883443967800911
2436,9e9da0b49c475ca1,True,1.0,1.0,0.8106227372722589,1.0,1.0,1.0,0.9210928071967746
2437,d08756521e64547e,True,1.0,1.0,0.9253515664302541,1.0,1.0,1.0,0.9688964860126058
2438,93a59ff864b45716,True,1.0,1.0,1.0,1.0,1.0,1.0,1.0
2439,1fc48e89034758e7,True,1.0,1.0,0.7212369845084634,1.0,1.0,1.0,0.883848743545193
2440,1e527ab20dd55310,True,1.0,1.0,0.8565148527681762,1.0,1.0,1.0,0.9402145219867402
2441,65b76ee44ba5521c,True,1.0,1.0,1.0,1.0,1.0,1.0,1.0
2442,46f4d9ea67c75a76,True,1.0,1.0,1.0,1.0,1.0,1.0,1.0
2443,017514eaeeef5716,True,1.0,1.0,1.0,1.0,1.0,1.0,1.0
2444,d9c4acb18e675789,True,1.0,1.0,0.9995042527140978,1.0,1.0,1.0,0.9997934386308741
2445,505f4ccbd00d5e99,True,1.0,1.0,0.7996445105226766,1.0,1.0,1.0,0.9165185460511153
2446,a9bdcf08c1ce5f5a,True,1.0,1.0,0.8423635500426577,1.0,1.0,1.0,0.9343181458511074
2447,756ce42a326f5033,True,1.0,1.0,0.7985900004406442,1.0,1.0,1.0,0.9160791668502685
2448,127b9e23f1805690,True,1.0,1.0,0.7980416135796388,1.0,1.0,1.0,0.9158506723248495
2449,ed4bcfb05c405bac,True,1.0,1.0,0.7118566120652188,1.0,1.0,1.0,0.8799402550271745
2450,ee80a7cf312253e2,True,1.0,1.0,0.5602306446414496,1.0,1.0,1.0,0.8167627686006039
2451,861984dda2c458ee,True,1.0,0.0,0.0,1.0,1.0,0.0,0.0
2452,8eda03e314a456a4,True,1.0,1.0,1.0,1.0,1.0,1.0,1.0
2453,eae658a09ef152a9,True,1.0,1.0,1.0,0.0,1.0,1.0,0.5833333333333334
2454,351663288cc45157,True,1.0,1.0,1.0,1.0,1.0,1.0,1.0
2455,debd166df3a85845,True,1.0,1.0,0.9201678201216013,1.0,1.0,1.0,0.9667365917173338
2456,fab7537b12d254bd,True,0.0,1.0,0.0,0.0,1.0,1.0,0.0
2457,a05ccb0dca555526,True,1.0,1.0,0.8548356680105961,1.0,1.0,1.0,0.9395148616710817
2458,ddc1271ea57154bc,True,1.0,1.0,1.0,1.0,1.0,1.0,1.0
2459,f9505a84a7745537,True,1.0,1.0,0.7690710896145484,1.0,1.0,1.0,0.9037796206727284
2460,65451b2015ec58c7,True,1.0,1.0,0.5464387404872245,1.0,1.0,1.0,0.8110161418696769
2461,8a8732cf61dd5452,True,1.0,1.0,0.6541582076663965,1.0,1.0,1.0,0.8558992531943318
2462,1558511dc7b45b86,True,1.0,1.0,0.9847848067485464,1.0,1.0,1.0,0.9936603361452278
2463,b5cc4dfa26465b62,True,1.0,1.0,1.0,1.0,1.0,1.0,1.0
2464,352290f8ed8e572e,True,1.0,1.0,1.0,1.0,1.0,1.0,1.0
2465,e64d993cb8a75338,True,1.0,1.0,1.0,1.0,1.0,1.0,1.0
2466,40d43586b1195366,True,1.0,1.0,0.8585555719745448,1.0,1.0,1.0,0.9410648216560604
2467,9d1d720d0e2e511e,True,1.0,1.0,1.0,1.0,1.0,1.0,1.0
2468,b1906c6b8b8f5f56,True,1.0,1.0,1.0,1.0,1.0,1.0,1.0
2469,7ccf4b40faff5ac4,True,1.0,1.0,1.0,1.0,1.0,1.0,1.0
2470,e6dc564e1a3a588e,True,1.0,1.0,0.771563545456406,1.0,1.0,1.0,0.9048181439401691
2471,b1bb3b767e405b79,True,1.0,1.0,1.0,1.0,1.0,0.5,1.0
2472,f72ccf055618500a,True,1.0,1.0,0.7832906424379757,1.0,1.0,1.0,0.9097044343491566
2473,f4eec162c14e5bfa,True,1.0,1.0,1.0,1.0,1.0,1.0,1.0
2474,7aaa5ff3f0d255ef,True,1.0,1.0,0.8848429208831782,1.0,1.0,1.0,0.9520178837013242
2475,1bd8492a6487562f,True,1.0,1.0,1.0,1.0,1.0,1.0,1.0
2476,cc7a2b953265554a,True,1.0,1.0,0.6654382232254722,1.0,1.0,1.0,0.8605992596772801
2477,020dee65dab453bb,True,1.0,1.0,1.0,1.0,1.0,1.0,1.0
2478,8c9cbf03c46b5ddc,True,1.0,1.0,1.0,1.0,1.0,1.0,1.0
2479,3d324bda0cec57ab,True,1.0,1.0,0.9380783783155618,1.0,1.0,1.0,0.9741993242981507
2480,d398c8ceafe050be,True,1.0,1.0,1.0,1.0,1.0,1.0,1.0
2481,131f0303c9e9582a,True,1.0,1.0,0.6416429845888917,1.0,1.0,1.0,0.8506845769120382
2482,eff5b15eb0935b33,True,1.0,1.0,1.0,1.0,1.0,1.0,1.0
2483,f0c41eb61ba65434,True,1.0,1.0,1.0,1.0,1.0,1.0,1.0
2484,e1ca840974745c96,True,1.0,1.0,0.6740680702805215,1.0,1.0,1.0,0.8641950292835506
2485,ecd769043adc5346,True,1.0,1.0,0.7761893220039193,1.0,1.0,1.0,0.9067455508349663
2486,31091c3173c6596a,True,1.0,1.0,1.0,1.0,1.0,1.0,1.0
2487,8569121235665be9,True,1.0,1.0,0.8160490145996946,1.0,1.0,1.0,0.923353756083206
2488,8580d0bf545b5261,True,1.0,1.0,0.7954060474970859,1.0,1.0,1.0,0.9147525197904525
2489,2c0f41d407295efa,True,1.0,1.0,0.5764861145832711,1.0,1.0,1.0,0.823535881076363
2490,d044b887d646511b,True,1.0,1.0,0.9796580765793877,1.0,1.0,1.0,0.9915241985747448
2491,b4507882ebac5f7a,True,1.0,1.0,1.0,1.0,1.0,1.0,1.0
2492,9c0cc184e0895e70,True,1.0,1.0,0.7072180073431035,1.0,1.0,1.0,0.8780075030596265
2493,fee60d4bd08f550a,True,1.0,1.0,1.0,1.0,1.0,1.0,1.0
2494,7df1cd3745675ca9,True,0.0,1.0,0.0,0.0,1.0,1.0,0.0
2495,2c67391395c65d6a,True,1.0,1.0,1.0,1.0,1.0,1.0,1.0
2496,8dc7d00ce175549d,True,1.0,1.0,0.9120724917275674,1.0,1.0,1.0,0.9633635382198197
2497,d77a9c90baf35d87,True,1.0,1.0,1.0,1.0,1.0,1.0,1.0
2498,a5d23e7aa6265f80,True,1.0,1.0,0.8032954626962066,1.0,1.0,1.0,0.9180397761234195
2499,78a8c3b8447d5489,True,1.0,1.0,0.7795030916366509,1.0,1.0,1.0,0.9081262881819377
2500,d3badb5f8c125e12,True,1.0,1.0,1.0,1.0,1.0,1.0,1.0
2501,59baf497f88254c8,True,1.0,1.0,0.819699884274766,1.0,1.0,1.0,0.9248749517811525
2502,44894928f21d5e38,True,1.0,1.0,1.0,1.0,1.0,1.0,1.0
2503,435298980d7e5fb1,True,1.0,1.0,0.7647138642478563,1.0,1.0,1.0,0.9019641101032735
2504,128076b6be9a5209,True,1.0,1.0,0.8268716045823957,1.0,1.0,1.0,0.9278631685759983
2505,f0a6222ab3e55174,True,1.0,1.0,1.0,1.0,1.0,0.5,1.0
2506,7b8bb16c6e9b512c,True,1.0,1.0,0.5915017111255154,1.0,1.0,1.0,0.8297923796356313
2507,cae6cbccfd535659,True,1.0,1.0,0.6825552884402474,1.0,1.0,1.0,0.8677313701834364
2508,f6268af57ef35a2b,True,1.0,1.0,1.0,1.0,1.0,1.0,1.0
2509,ccb49e301e40523f,True,1.0,1.0,0.9109328892618295,1.0,1.0,1.0,0.9628887038590955
2510,c0ea178930145138,True,1.0,1.0,1.0,1.0,1.0,1.0,1.0
2511,667140c426e45393,True,1.0,1.0,0.40490286860537894,1.0,1.0,1.0,0.7520428619189078
2512,5a37ffc78c1e5782,True,1.0,1.0,0.9217300371278505,1.0,1.0,1.0,0.9673875154699377
2513,0f206a62842b59b2,True,1.0,1.0,1.0,1.0,1.0,1.0,1.0
2514,689b619dfd3652c3,True,1.0,1.0,0.863155938250764,1.0,1.0,1.0,0.9429816409378183
2515,1a7b42fbbaf65c18,True,1.0,1.0,0.8078413176076853,1.0,1.0,1.0,0.9199338823365356
2516,77dd24d1d09c5e50,True,1.0,1.0,0.8912284861075888,1.0,1.0,1.0,0.9546785358781621
2517,662cb541b8db54a1,True,1.0,1.0,0.742129972038159,1.0,1.0,1.0,0.8925541550158996
2518,1148c72f141c532d,True,0.0,0.0,0.0,0.0,1.0,1.0,0.0
2519,099ded1754bb5d98,True,1.0,1.0,0.5848889450406977,1.0,1.0,1.0,0.827037060433624
2520,8d0806dc9c865904,True,1.0,1.0,1.0,1.0,1.0,1.0,1.0
2521,72080a4a90a65d4b,True,1.0,1.0,0.9365258359790793,1.0,1.0,1.0,0.9735524316579497
2522,7398c63b60075187,True,1.0,1.0,1.0,1.0,1.0,1.0,1.0
2523,873568760d365a73,True,1.0,1.0,0.7541937779612514,1.0,1.0,1.0,0.8975807408171881
2524,795b989aef8a5b42,True,1.0,1.0,0.8824611225705016,1.0,1.0,1.0,0.951025467737709
2525,f424ee234e385b95,True,1.0,1.0,0.9116560856690948,1.0,1.0,1.0,0.9631900356954562
2526,6666f491ef505a49,True,1.0,1.0,0.5986604119773016,1.0,1.0,1.0,0.832775171657209
2527,2422d2b260235078,True,1.0,1.0,0.972042221515344,1.0,1.0,1.0,0.9883509256313934
2528,2834297c33cd5d50,True,1.0,0.0,0.0,1.0,1.0,1.0,0.0
2529,6ae2bcc5c2c050e4,True,1.0,1.0,1.0,1.0,1.0,1.0,1.0
2530,5012cae5e4fc57a1,True,1.0,1.0,1.0,1.0,1.0,1.0,1.0
2531,c46978b319c7533d,True,1.0,0.0,0.0,1.0,1.0,1.0,0.0
2532,cd5af222f868534b,True,1.0,1.0,0.8389421162959786,1.0,1.0,1.0,0.9328925484566577
2533,b81d52bf71365207,True,1.0,1.0,0.8159107311119085,1.0,1.0,1.0,0.9232961379632952
2534,c66aeafedcbd5140,True,1.0,1.0,0.7500020702259802,1.0,1.0,1.0,0.8958341959274918
2535,c7c04f1581855ac4,True,1.0,1.0,0.9456239570195416,1.0,1.0,1.0,0.9773433154248089
2536,d01b6e67a995589c,True,1.0,1.0,0.9256460106234761,1.0,1.0,1.0,0.9690191710931151
2537,2025f4a272e15733,True,1.0,1.0,1.0,1.0,1.0,1.0,1.0
2538,67094a5dcc8c5ff6,True,1.0,1.0,1.0,1.0,1.0,1.0,1.0
2539,36899d67473c5c91,True,1.0,0.0,0.0,1.0,1.0,1.0,0.0
2540,68ba9a9b2d6f572d,True,1.0,1.0,0.7478496174050613,1.0,1.0,1.0,0.8949373405854422
2541,1c3e7aa7df415acb,True,1.0,1.0,0.6803703476126978,1.0,1.0,1.0,0.8668209781719574
2542,5252cad32bf358b2,True,1.0,1.0,0.5533636313418924,1.0,1.0,1.0,0.8139015130591218
2543,ba8688a796b55984,True,1.0,1.0,0.903828007061689,1.0,1.0,1.0,0.9599283362757038
2544,cb0905651ea35122,True,1.0,1.0,0.8473757328083019,1.0,1.0,1.0,0.9364065553367924
2545,948099bc138855b6,True,1.0,1.0,0.779698166414605,1.0,1.0,1.0,0.9082075693394187
2546,ceccd4369b5f552d,True,1.0,1.0,0.6487029258595305,1.0,1.0,1.0,0.8536262191081377
2547,2c90fc5cc8905562,True,1.0,1.0,0.8617578861758189,1.0,1.0,1.0,0.9423991192399246
2548,cecf3adea347569b,True,1.0,1.0,0.8477593033254753,1.0,1.0,1.0,0.9365663763856147
2549,dd32aebcb8e6550e,True,1.0,1.0,0.7912213979427191,1.0,1.0,1.0,0.9130089158094662
2550,9f1b6ff3a4865c8a,True,1.0,1.0,1.0,1.0,1.0,1.0,1.0
2551,0b23b3823c4d57da,True,1.0,1.0,0.6519178548294698,1.0,1.0,1.0,0.8549657728456124
2552,59e4fc5b37f55556,True,1.0,1.0,1.0,1.0,1.0,1.0,1.0
2553,cd8518ca186155f9,True,1.0,0.0,0.0,0.0,1.0,1.0,0.0
2554,0b3d3edbc52d5ddd,True,1.0,1.0,0.9156533314972343,1.0,1.0,1.0,0.9648555547905143
2555,868b74972b4c59fd,True,1.0,1.0,0.8561343295298539,1.0,1.0,1.0,0.9400559706374391
2556,70d3c6183c525745,True,1.0,1.0,1.0,1.0,1.0,1.0,1.0
2557,6361bbead79c5ac2,True,1.0,1.0,0.7505435072928913,1.0,1.0,1.0,0.8960597947053713
2558,7320f05fb6675c76,True,1.0,1.0,0.715651037006819,0.0,1.0,1.0,0.46485459875284124
2559,6e10835f184d5921,True,1.0,1.0,0.8468215169148114,1.0,1.0,1.0,0.9361756320478382
2560,44cbdb68f39f579d,True,1.0,1.0,1.0,1.0,1.0,1.0,1.0
2561,6ce7347fb53b5d83,True,1.0,1.0,0.9516000832357332,1.0,1.0,1.0,0.9798333680148889
2562,49f69d3d75b65659,True,1.0,1.0,1.0,1.0,1.0,1.0,1.0
2563,1541f285d1525ca0,True,1.0,1.0,1.0,1.0,1.0,1.0,1.0
2564,744f8d8edaf859fe,True,1.0,1.0,0.6601306872549011,1.0,1.0,1.0,0.8583877863562087
2565,dc87013816e059f5,True,1.0,1.0,1.0,1.0,1.0,1.0,1.0
2566,f23073987e7956e3,True,1.0,1.0,1.0,1.0,1.0,1.0,1.0
2567,bdbf1319d21c5cab,True,1.0,1.0,1.0,1.0,1.0,1.0,1.0
2568,ae6787095e5e545a,True,1.0,1.0,0.9883826576615341,1.0,1.0,1.0,0.9951594406923059
2569,44cc84f91c6b5bf5,True,1.0,1.0,1.0,1.0,1.0,1.0,1.0
2570,f636a93caad2585f,True,1.0,1.0,0.7935293291187565,1.0,1.0,1.0,0.9139705537994819
2571,6b6afd7690245e14,True,1.0,1.0,0.7823550616182612,1.0,1.0,1.0,0.9093146090076089
2572,7e87b622a4e35128,True,1.0,1.0,0.8317505379821681,1.0,1.0,1.0,0.9298960574925701
2573,f1f233f26fcf590b,True,1.0,1.0,1.0,1.0,1.0,1.0,1.0
2574,d957b8de88d154cb,True,1.0,1.0,0.8763498786785656,1.0,1.0,1.0,0.9484791161160689
2575,06ea285b61b55a54,True,1.0,1.0,0.973567092770125,1.0,1.0,1.0,0.9889862886542188
2576,d24a3d77682d55b6,True,1.0,1.0,0.8949752044816411,1.0,1.0,1.0,0.9562396685340172
2577,58d75e229a0e52bc,True,1.0,1.0,1.0,1.0,1.0,1.0,1.0
2578,8ce2cf49a1955788,True,1.0,1.0,1.0,1.0,1.0,1.0,1.0
2579,25c1569ea1d753f2,True,1.0,1.0,0.9511898025921082,1.0,1.0,1.0,0.9796624177467117
2580,38f3b89b93ba5032,True,1.0,1.0,0.782119931542404,1.0,1.0,1.0,0.9092166381426683
2581,17c627139c325a9c,True,1.0,1.0,0.8223788514761863,1.0,1.0,1.0,0.9259911881150776
2582,2928cfbed3d15000,True,1.0,1.0,1.0,1.0,1.0,1.0,1.0
2583,713c5a168c2452dc,True,1.0,1.0,0.8247773851377861,1.0,1.0,1.0,0.9269905771407442
2584,575453863ce05f35,True,1.0,1.0,1.0,1.0,1.0,1.0,1.0
2585,63a10444501d5ead,True,1.0,1.0,1.0,1.0,1.0,1.0,1.0
2586,3251e54ebe415e5c,True,1.0,1.0,1.0,1.0,1.0,1.0,1.0
2587,54fc99ad3c555e09,True,1.0,1.0,0.8026939118341623,1.0,1.0,1.0,0.917789129930901
2588,256f41bada0e5028,True,1.0,1.0,0.6963186117266583,1.0,1.0,0.5,0.873466088219441
2589,d546193a3a28587f,True,1.0,1.0,1.0,1.0,1.0,1.0,1.0
2590,e131caa356115811,True,1.0,1.0,0.7306916052909879,1.0,1.0,1.0,0.8877881688712449
2591,814e85810b7757bb,True,1.0,1.0,1.0,1.0,1.0,1.0,1.0
2592,c5bec7e4a75f5ca1,True,1.0,1.0,1.0,1.0,1.0,1.0,1.0
2593,8de2e76340335ed9,True,1.0,1.0,0.8529424902841081,1.0,1.0,1.0,0.9387260376183783
2594,d26786f5e54e53f3,True,1.0,1.0,0.8762414652862327,1.0,1.0,1.0,0.9484339438692636
2595,8c477c76153f588e,True,1.0,1.0,0.6482231737201782,1.0,1.0,1.0,0.8534263223834077
2596,f8ded55c8f855116,True,1.0,1.0,0.9693887464022761,1.0,1.0,1.0,0.9872453110009484
2597,75f36091b3ec57e5,True,1.0,1.0,0.7638917370939501,1.0,1.0,1.0,0.9016215571224793
2598,b11b571fd6a35e9e,True,1.0,1.0,0.6908253916409037,1.0,1.0,1.0,0.8711772465170432
2599,270768ccd1df5e0d,True,1.0,1.0,1.0,1.0,1.0,1.0,1.0
2600,d64abcb201245b5a,True,1.0,1.0,1.0,1.0,1.0,1.0,1.0
2601,a5d356da90d05835,True,1.0,1.0,0.8348903786687304,1.0,1.0,1.0,0.9312043244453042
2602,3a7b323176855920,True,1.0,1.0,0.7821447736343222,1.0,1.0,1.0,0.909226989014301
2603,1e80c5febdd25875,True,1.0,1.0,0.9277855671619493,1.0,1.0,1.0,0.9699106529841455
2604,17de441a1185528d,True,1.0,1.0,0.7255419199713934,1.0,1.0,1.0,0.8856424666547472
2605,2b2484954fc85b54,True,1.0,1.0,1.0,1.0,1.0,1.0,1.0
2606,3b88ba584a4a5d7e,True,1.0,1.0,1.0,1.0,1.0,1.0,1.0
2607,09da6a53016b5333,True,1.0,1.0,1.0,1.0,1.0,1.0,1.0
2608,dc9bf97cb9e151ad,True,1.0,1.0,1.0,1.0,1.0,1.0,1.0
2609,cfdeb32366475b04,True,1.0,1.0,1.0,1.0,1.0,0.5,1.0
2610,59bb570b4290572d,True,1.0,1.0,0.9304311515361109,1.0,1.0,1.0,0.9710129798067128
2611,8d27ff75eeb1559e,True,1.0,1.0,0.792989367135339,1.0,1.0,1.0,0.9137455696397246
2612,a61948a5dada537e,True,1.0,1.0,1.0,1.0,1.0,1.0,1.0
2613,e0c8f4849910501f,True,1.0,1.0,0.8840700290647467,1.0,1.0,1.0,0.9516958454436445
2614,f6e64f5e788b5101,True,1.0,1.0,0.8708928948501691,1.0,1.0,1.0,0.9462053728542371
2615,1c64f911576a502d,True,1.0,1.0,1.0,1.0,1.0,1.0,1.0
2616,d44e6abed19b5ba5,True,1.0,1.0,1.0,1.0,1.0,1.0,1.0
2617,b88e5601e3055bd8,True,1.0,1.0,1.0,1.0,1.0,1.0,1.0
2618,72191253c85a5227,True,1.0,1.0,0.9565037641403088,1.0,1.0,1.0,0.9818765683917953
2619,1cf600346a7e5fc5,True,1.0,1.0,0.8100368499079416,1.0,1.0,1.0,0.9208486874616423
2620,255caf4a6fb2584a,True,1.0,1.0,0.7562825217138384,1.0,1.0,1.0,0.8984510507140993
2621,8abc81ff3045543b,True,1.0,1.0,0.9733876239508547,1.0,1.0,1.0,0.9889115099795228
2622,498bf3fdec5e5506,True,1.0,1.0,1.0,1.0,1.0,1.0,1.0
2623,a2cc6aa1e3c252a7,True,1.0,1.0,0.7395475271364901,1.0,1.0,1.0,0.8914781363068709
2624,a36cdc9ebe595113,True,1.0,1.0,0.9898294591482876,1.0,1.0,1.0,0.9957622746451197
2625,c9b12b21fa7c57fd,True,1.0,1.0,1.0,1.0,1.0,1.0,1.0
2626,a19d3096f2625fdb,True,1.0,1.0,1.0,1.0,1.0,1.0,1.0
2627,cace9e6345445eee,True,1.0,0.0,0.0,1.0,1.0,0.5,0.0
2628,d8c6268b250e585c,True,1.0,1.0,0.9085787505482245,1.0,1.0,1.0,0.9619078127284268
2629,5ddaadb992ef5c1f,True,1.0,1.0,0.9258087491912442,1.0,1.0,1.0,0.9690869788296851
2630,a6fd750fe57d5bb9,True,1.0,0.0,0.0,0.0,1.0,1.0,0.0
2631,87b2c0e49070537f,True,1.0,1.0,1.0,1.0,1.0,1.0,1.0
2632,b1c410cdd06b5bb4,True,1.0,1.0,0.8204870018614009,1.0,1.0,1.0,0.9252029174422504
2633,cb8822d19cc45d85,True,1.0,1.0,0.8207554712101968,1.0,1.0,1.0,0.9253147796709152
2634,46a90143da335a9a,True,1.0,1.0,1.0,1.0,1.0,1.0,1.0
2635,16a40c5db95c5467,True,1.0,1.0,0.9863231020952244,1.0,1.0,1.0,0.9943012925396769
2636,15ae8f60881b52ae,True,1.0,1.0,0.6372275016132795,1.0,1.0,1.0,0.8488447923388666
2637,e0b7d625d3f55cd8,True,1.0,1.0,0.7195687890638721,1.0,1.0,1.0,0.8831536621099468
2638,e08a526c85475c4b,True,1.0,1.0,1.0,1.0,1.0,1.0,1.0
2639,14b6e7ce317d531f,True,1.0,0.0,0.0,1.0,1.0,1.0,0.0
2640,e22fe7366ecd5c70,True,1.0,1.0,1.0,1.0,1.0,1.0,1.0
2641,17ecb960d15d5b5f,True,1.0,1.0,0.6803995318013873,1.0,1.0,1.0,0.8668331382505782
2642,599c8b2bc9b252a7,True,1.0,0.0,0.0,1.0,1.0,1.0,0.0
2643,3cc02c2389685e70,True,1.0,1.0,1.0,1.0,1.0,1.0,1.0
2644,418eb2a0ba415e93,True,1.0,1.0,0.7325900267876101,1.0,1.0,1.0,0.8885791778281709
2645,cb5ec9cf4fb556c7,True,1.0,1.0,0.8501974830619475,1.0,1.0,1.0,0.9375822846091447
2646,1d372d9debb155cb,True,1.0,1.0,0.8118377182002932,1.0,1.0,1.0,0.9215990492501221
2647,63eeb15e6e3e5504,True,1.0,1.0,0.7383627103596889,1.0,1.0,1.0,0.8909844626498704
2648,5e092c66c1bf5f3b,True,1.0,1.0,0.9213093946316261,1.0,1.0,0.0,0.9672122477631776
2649,898e245e2b0056b0,True,1.0,1.0,1.0,1.0,1.0,1.0,1.0
2650,b1b21ee9179a5fd8,True,1.0,1.0,0.7188972557429891,1.0,1.0,1.0,0.8828738565595788
2651,ada00fe35a595d6b,True,1.0,1.0,1.0,1.0,1.0,1.0,1.0
2652,c472d369df235104,True,1.0,1.0,0.70937667239542,1.0,1.0,1.0,0.878906946831425
2653,943cbb2398a150b4,True,1.0,1.0,0.5466681507072126,1.0,1.0,1.0,0.8111117294613385
2654,8d1d97f4b7d05914,True,1.0,1.0,1.0,1.0,1.0,1.0,1.0
2655,605ac5873f015baf,True,1.0,1.0,0.8963131479128644,1.0,1.0,1.0,0.9567971449636935
2656,7bea1ee3e6bc584d,True,1.0,1.0,1.0,1.0,1.0,1.0,1.0
2657,467879c3d37054f5,True,1.0,1.0,0.8050115669126733,1.0,1.0,1.0,0.9187548195469472
2658,b648072650cc5932,True,1.0,1.0,1.0,1.0,1.0,1.0,1.0
2659,d93e31dfb0c25be5,True,1.0,1.0,1.0,1.0,1.0,1.0,1.0
2660,b069ef19c0ba5887,True,1.0,1.0,0.6907529386552411,1.0,1.0,1.0,0.8711470577730172
2661,33a43f22312c570d,True,1.0,1.0,0.6404545430754807,1.0,1.0,1.0,0.850189392948117
2662,697c73f258ef5745,True,1.0,1.0,0.6384783982844489,1.0,1.0,0.5,0.8493659992851871
2663,cc2ab80d336a56e0,True,1.0,1.0,0.8036874619264783,1.0,1.0,1.0,0.9182031091360326
2664,6b96870196f95d29,True,1.0,1.0,0.828491910625672,1.0,1.0,1.0,0.9285382960940299
2665,4bb2fc18f5ee5dcb,True,1.0,1.0,0.8019640730113593,1.0,1.0,1.0,0.9174850304213997
2666,8d069310b22a5716,True,1.0,1.0,1.0,1.0,1.0,1.0,1.0
2667,f2592c08589e5398,True,1.0,1.0,0.8084471938473982,1.0,1.0,1.0,0.9201863307697492
2668,80f6c94fed0c5519,True,1.0,1.0,0.9223239115059059,1.0,1.0,1.0,0.9676349631274608
2669,b60b509ee8ba5197,True,1.0,1.0,0.7862518439715911,1.0,1.0,1.0,0.9109382683214964
2670,75bf56ae8b9d5673,True,1.0,0.0,0.0,1.0,1.0,1.0,0.0
2671,608c6909618b5642,True,1.0,1.0,0.7407915771793938,1.0,1.0,1.0,0.891996490491414
2672,75857e1f177b5af4,True,1.0,1.0,0.6281479247806151,1.0,1.0,1.0,0.8450616353252562
2673,59159c92e5d9571d,True,1.0,1.0,0.8921265213873617,1.0,1.0,1.0,0.9550527172447341
2674,ef23fc3dea3551b5,True,1.0,1.0,1.0,1.0,1.0,1.0,1.0
2675,f102658ad87c561f,True,1.0,1.0,0.7599247288113553,1.0,1.0,1.0,0.8999686370047314
2676,dec6932758755596,True,1.0,1.0,0.684881607901704,1.0,1.0,1.0,0.8687006699590434
2677,1ebc11a17d925215,True,1.0,1.0,0.7984187055281219,1.0,1.0,1.0,0.9160077939700507
2678,ca41dc3231965d47,True,1.0,1.0,0.9317516166780038,1.0,1.0,1.0,0.9715631736158349
2679,2115a02d06035ce0,True,1.0,1.0,0.7899922645558709,1.0,1.0,1.0,0.9124967768982796
2680,abb2ccc5501c58f3,True,1.0,1.0,0.5256347724408209,1.0,1.0,1.0,0.802347821850342
2681,e7c691d409295501,True,1.0,1.0,0.7571889422457362,1.0,1.0,1.0,0.8988287259357234
2682,365c0937de9d5885,True,1.0,1.0,0.9996119734931744,1.0,1.0,1.0,0.9998383222888227
2683,9881bb008f61514a,True,1.0,1.0,0.7519218388929879,1.0,1.0,1.0,0.896634099538745
2684,8183cdc6ff5a5726,True,1.0,1.0,0.7617198448679835,1.0,1.0,1.0,0.9007166020283265
2685,b11992c2f91d5188,True,1.0,1.0,0.8629739851258648,1.0,1.0,1.0,0.942905827135777
2686,c09cdf83367d5d3f,True,1.0,1.0,0.8101099983279687,1.0,1.0,1.0,0.920879165969987
2687,685911b9ba8b554f,True,1.0,1.0,0.8953396843798969,1.0,1.0,1.0,0.9563915351582905
2688,1d63ddad646b5496,True,1.0,1.0,0.9490421624149511,1.0,1.0,1.0,0.9787675676728963
2689,1a099ccfccfa567f,True,1.0,1.0,1.0,1.0,1.0,1.0,1.0
2690,0b7ee9446b7f541e,True,1.0,1.0,1.0,1.0,1.0,1.0,1.0
2691,c5709bf1224a5401,True,1.0,1.0,0.9023939266332036,1.0,1.0,1.0,0.9593308027638349
2692,b2def33d6adc50fc,True,1.0,1.0,1.0,1.0,1.0,1.0,1.0
2693,a6b4447359075e54,True,1.0,1.0,0.9445704246242426,1.0,1.0,1.0,0.9769043435934344
2694,828cf870f41a50ed,True,1.0,1.0,0.9263169990413598,1.0,1.0,1.0,0.9692987496005666
2695,433a4b88d64350dd,True,1.0,1.0,0.4940815319442628,1.0,1.0,1.0,0.7892006383101094
2696,4ba033878f8b5284,True,1.0,1.0,0.8754447792052705,1.0,1.0,1.0,0.9481019913355294
2697,60b09bc0e48c5d97,True,1.0,1.0,0.9857823929804278,1.0,1.0,1.0,0.9940759970751781
2698,a39ec7322394565f,True,1.0,1.0,0.8977058851818667,1.0,1.0,1.0,0.9573774521591112
2699,9baf79c0513b5228,True,1.0,1.0,0.7400499197183898,1.0,1.0,1.0,0.8916874665493291
2700,d754cb22172b5b75,True,1.0,0.0,0.0,1.0,1.0,1.0,0.0
2701,11f0b99dbce15be4,True,1.0,1.0,0.9838378549473596,1.0,1.0,1.0,0.9932657728947332
2702,5c5d006eb7b854c3,True,1.0,0.0,0.0,1.0,1.0,1.0,0.0
2703,1968ed26cc315d75,True,1.0,1.0,0.5749345887261053,1.0,1.0,1.0,0.8228894119692104
2704,dd149fc9cb395631,True,1.0,1.0,0.9268503460969606,1.0,1.0,1.0,0.9695209775404002
2705,98107116251650a6,True,1.0,1.0,0.736923745676569,1.0,1.0,1.0,0.8903848940319037
2706,19efcf474dd85579,True,1.0,1.0,0.8847093393740294,1.0,1.0,1.0,0.9519622247391789
2707,39e708ddd82155ea,True,1.0,1.0,0.7254901736315592,1.0,1.0,1.0,0.8856209056798163
2708,67eac979dc2b5c12,True,1.0,1.0,0.76954260589233,1.0,1.0,1.0,0.9039760857884708
2709,e0ae2ba5807f558a,True,1.0,1.0,0.7480488856545189,1.0,1.0,1.0,0.8950203690227162
2710,390d9e3b03a15695,True,1.0,1.0,0.8721932310010189,1.0,1.0,1.0,0.9467471795837579
2711,1ebfee14fc925d6e,True,1.0,1.0,1.0,1.0,1.0,1.0,1.0
2712,18d232e64db55ba9,True,1.0,1.0,0.8876728486871838,1.0,1.0,1.0,0.9531970202863266
2713,57eebf7c02c05c63,True,1.0,1.0,0.8132253385992232,1.0,1.0,1.0,0.922177224416343
2714,11118a8c74d95c5c,True,1.0,1.0,0.7953702250984354,1.0,1.0,1.0,0.9147375937910147
2715,f597ea9aeb7f512d,True,1.0,1.0,0.8418586299498585,1.0,1.0,1.0,0.9341077624791078
2716,9b2878b173fc5b04,True,1.0,1.0,0.8758409410885679,1.0,1.0,1.0,0.9482670587869033
2717,e4d88f52d2b45609,True,1.0,1.0,0.9749666866354008,1.0,1.0,1.0,0.9895694527647504
2718,e36849f8d9e15ce8,True,1.0,1.0,0.8535523415020216,1.0,1.0,1.0,0.9389801422925089
2719,9d7108a109a2571f,True,1.0,1.0,0.7239809233636268,1.0,1.0,1.0,0.8849920514015112
2720,736e564340a8557f,True,1.0,1.0,1.0,1.0,1.0,1.0,1.0
2721,0e4dac4154695627,True,1.0,1.0,0.7476177948279618,1.0,1.0,1.0,0.894840747844984
2722,a7c6cc3a1840584f,True,1.0,1.0,1.0,1.0,1.0,1.0,1.0
2723,5c9f7765dd945010,True,1.0,1.0,0.8393859883278549,1.0,1.0,1.0,0.9330774951366063
2724,798842f0b1c253b4,True,1.0,1.0,0.8542129352065093,1.0,1.0,1.0,0.9392553896693788
2725,2f233e4005e05c1e,True,1.0,1.0,0.7621418747877386,1.0,1.0,1.0,0.9008924478282244
2726,a616a9583c735698,True,1.0,0.0,0.0,0.0,1.0,1.0,0.0
2727,99889a4679b15509,True,1.0,1.0,1.0,1.0,1.0,1.0,1.0
2728,33e4d8b62def5fbc,True,1.0,1.0,0.7943891937208138,1.0,1.0,1.0,0.9143288307170058
2729,1290e3066cbc5397,True,1.0,1.0,1.0,1.0,1.0,1.0,1.0
2730,cd4e4564d732554e,True,1.0,1.0,0.9322064143044785,1.0,1.0,1.0,0.971752672626866
2731,47a83e9f70525906,True,1.0,1.0,0.9437531513974889,1.0,1.0,1.0,0.976563813082287
2732,cdc030cdbc9153ae,True,1.0,1.0,1.0,1.0,1.0,1.0,1.0
2733,1819bb47db9e59ff,True,1.0,1.0,0.8979763342551818,1.0,1.0,1.0,0.9574901392729925
2734,75abd414138d5a4e,True,1.0,1.0,0.7791213191605562,1.0,1.0,1.0,0.9079672163168984
2735,a6b9a83019915658,True,1.0,1.0,1.0,1.0,1.0,1.0,1.0
2736,0eb7dda83bbe5fb2,True,1.0,1.0,1.0,1.0,1.0,1.0,1.0
2737,0c86ab0f851559e8,True,1.0,1.0,1.0,1.0,1.0,1.0,1.0
2738,7b4ba1d02376503b,True,1.0,1.0,0.824770628691886,1.0,1.0,1.0,0.9269877619549525
2739,30d5d8dfd52451a9,True,1.0,1.0,1.0,1.0,1.0,1.0,1.0
2740,f6d575d8e0a45772,True,1.0,1.0,0.6528581785683821,1.0,1.0,1.0,0.8553575744034925
2741,e6dae41a69575555,True,1.0,1.0,0.7517350999340355,1.0,1.0,1.0,0.8965562916391815
2742,aef8ab04144650cd,True,1.0,1.0,0.7076238984874319,1.0,1.0,1.0,0.8781766243697633
2743,95ccb71300195f57,True,1.0,1.0,0.9288231881079078,1.0,1.0,0.0,0.9703429950449616
2744,efb7ddb02e9f59f1,True,1.0,1.0,0.8855236870864653,1.0,1.0,1.0,0.9523015362860271
2745,5e4dd8c91b8453bf,True,1.0,1.0,1.0,1.0,1.0,1.0,1.0
2746,7dfae2f3b33a5d6e,True,1.0,1.0,1.0,1.0,1.0,1.0,1.0
2747,0e60a3a86ce2570d,True,1.0,1.0,0.5536334698893571,1.0,1.0,1.0,0.8140139457872322
2748,524ca5715b155976,True,1.0,1.0,1.0,1.0,1.0,1.0,1.0
2749,ecaca52a9b295117,True,1.0,1.0,1.0,1.0,1.0,1.0,1.0
2750,0d1b753fd19f55cb,True,1.0,1.0,0.7089929128670994,1.0,1.0,1.0,0.8787470470279581
2751,291f4ffb6dc754d2,True,1.0,1.0,1.0,1.0,1.0,1.0,1.0
2752,649c1659d8975ae3,True,1.0,1.0,0.6628547982384546,1.0,1.0,1.0,0.8595228325993561
2753,b9d14f59883a5496,True,0.0,0.0,0.0,0.0,1.0,0.5,0.0
2754,38b08f2868a75306,True,1.0,1.0,0.6032505553033976,1.0,1.0,1.0,0.8346877313764156
2755,25000ee050145f13,True,1.0,1.0,0.8081379094372506,1.0,1.0,1.0,0.9200574622655212
2756,2bbff4dbce4053b8,True,1.0,1.0,0.735447213538729,1.0,1.0,1.0,0.8897696723078038
2757,19768d49bbd45f08,True,1.0,1.0,0.8892471616401119,1.0,1.0,1.0,0.9538529840167133
2758,c8507cfbe8575463,True,1.0,1.0,0.8871785024498339,0.0,1.0,1.0,0.5363243760207641
2759,3b53493dfe335ea6,True,1.0,0.0,0.0,1.0,1.0,1.0,0.0
2760,f4aca518cfa05850,True,1.0,1.0,0.5052283355998689,1.0,1.0,1.0,0.7938451398332788
2761,69ce68dff3ff566d,True,1.0,1.0,0.5824890988042357,1.0,1.0,1.0,0.8260371245017648
2762,9090d50c08b05715,True,1.0,1.0,1.0,1.0,1.0,1.0,1.0
2763,dded75c35039515f,True,1.0,1.0,1.0,1.0,1.0,1.0,1.0
2764,ad4698e8271356b3,True,1.0,1.0,0.7703387655304135,1.0,1.0,1.0,0.9043078189710055
2765,ed105c47e38b55e4,True,1.0,1.0,1.0,1.0,1.0,1.0,1.0
2766,218adf8c450058eb,True,1.0,1.0,1.0,1.0,1.0,1.0,1.0
2767,3bf1265b7ab65fc2,True,1.0,1.0,0.9769475460583883,1.0,1.0,1.0,0.9903948108576618
2768,b84056c4268153fb,True,1.0,1.0,1.0,1.0,0.0,1.0,0.8333333333333334
2769,29b49b3e2c0f5ec2,True,1.0,1.0,1.0,1.0,1.0,1.0,1.0
2770,937ca624cc2658a6,True,1.0,1.0,0.9613573099488716,1.0,1.0,1.0,0.9838988791453632
2771,aff9661937e85b81,True,1.0,1.0,0.7873247498619498,1.0,1.0,1.0,0.9113853124424791
2772,32837dd54e375ca0,True,1.0,1.0,0.956149988017157,1.0,1.0,1.0,0.9817291616738154
2773,3dd0dfc88c6a5de8,True,1.0,0.0,0.0,0.0,1.0,1.0,0.0
2774,fce752b25ce55380,True,1.0,1.0,1.0,1.0,1.0,1.0,1.0
2775,fd765c984c93597f,True,1.0,1.0,1.0,1.0,1.0,1.0,1.0
2776,812b2b639eb759f4,True,1.0,1.0,0.8609237432927155,1.0,1.0,1.0,0.9420515597052982
2777,59ced21f109a5320,True,1.0,1.0,1.0,1.0,1.0,1.0,1.0
2778,f952ad55ab565465,True,1.0,1.0,0.8286080607091858,1.0,1.0,1.0,0.9285866919621607
2779,4e39c50ddb075303,True,1.0,1.0,1.0,1.0,1.0,1.0,1.0
2780,919aa2aa25a951f4,True,1.0,1.0,0.6809631982921962,1.0,1.0,1.0,0.8670679992884152
2781,dccd7bde9a0b5bfe,True,1.0,1.0,0.6698315650195603,1.0,1.0,1.0,0.8624298187581502
2782,c25c6a709afc5552,True,1.0,1.0,1.0,1.0,1.0,1.0,1.0
2783,bfcb040f50425141,True,1.0,1.0,1.0,1.0,1.0,1.0,1.0
2784,6f6d4e85ebdb5013,True,1.0,1.0,1.0,1.0,1.0,1.0,1.0
2785,41cf41279f5459f6,True,1.0,1.0,0.858062842584443,1.0,1.0,1.0,0.940859517743518
2786,0acd819b9eae51f7,True,1.0,0.0,0.0,1.0,1.0,1.0,0.0
2787,f4fc2446b41e55ba,True,1.0,1.0,0.8752677922763415,1.0,1.0,1.0,0.9480282467818091
2788,863e343b2fe45cc1,True,1.0,1.0,0.7987476873141736,1.0,1.0,1.0,0.916144869714239
2789,8799520f3ff95bfc,True,1.0,1.0,0.9904727128022246,1.0,1.0,1.0,0.9960302970009268
2790,4b82ec1d991358e2,True,1.0,1.0,0.7823999435802662,1.0,1.0,1.0,0.909333309825111
2791,96540ed00a785607,True,1.0,1.0,0.7765936216829779,1.0,1.0,1.0,0.9069140090345741
2792,c4c1e92307c55e8a,True,1.0,1.0,0.8984136236812987,1.0,1.0,1.0,0.9576723432005411
2793,9fe3ed9455355edb,True,1.0,1.0,1.0,0.0,1.0,1.0,0.5833333333333334
2794,a8377f936650561b,True,1.0,1.0,0.6425159186793223,1.0,1.0,1.0,0.8510482994497176
2795,4e50c7903a8c5303,True,1.0,1.0,1.0,1.0,1.0,1.0,1.0
2796,c83d1e0923295d5a,True,1.0,1.0,1.0,1.0,1.0,1.0,1.0
2797,d7c78dbb6fb25194,True,1.0,1.0,0.639233572520017,1.0,1.0,1.0,0.8496806552166737
2798,1351ae1e0afb5c16,True,1.0,1.0,0.9435314151679327,1.0,1.0,1.0,0.9764714229866387
2799,086e0f2ff2c45bb3,True,1.0,1.0,1.0,1.0,1.0,1.0,1.0
2800,404a7bf372cb5eac,True,1.0,1.0,0.5997952539828586,1.0,1.0,1.0,0.8332480224928577
2801,2c43056133655292,True,1.0,1.0,0.9568768475062889,1.0,1.0,1.0,0.982032019794287
2802,fd02cd78f5b55d6f,True,1.0,1.0,0.5568879675575302,1.0,1.0,1.0,0.8153699864823043
2803,b8bd18a1ccf45918,True,1.0,1.0,0.7165229905816031,1.0,1.0,1.0,0.8818845794090012
2804,9b5c31b36c5b5aa9,True,1.0,1.0,0.8143458203587675,1.0,1.0,1.0,0.922644091816153
2805,9dfb79c738b155b4,True,1.0,1.0,0.6884565801366305,1.0,1.0,1.0,0.8701902417235962
2806,ebd8d87ff33b5b7a,True,1.0,1.0,0.8554400066949817,1.0,1.0,1.0,0.9397666694562424
2807,9ee5cb5e3908569a,True,1.0,1.0,0.8052394744393927,1.0,1.0,1.0,0.9188497810164137
2808,72fe517eb6fe5e27,True,1.0,1.0,1.0,1.0,1.0,0.0,1.0
2809,f4991b521fa15f17,True,1.0,1.0,1.0,1.0,1.0,1.0,1.0
2810,166b654c0db95953,True,1.0,1.0,0.9096972495639993,1.0,1.0,1.0,0.9623738539849999
2811,4145cfd5d9b659fa,True,1.0,1.0,0.7387637284573827,1.0,1.0,1.0,0.8911515535239095
2812,cc71f3639268516f,True,1.0,1.0,0.7315499801969227,1.0,1.0,1.0,0.8881458250820512
2813,e8a004bfab7d5034,True,1.0,1.0,0.8171644359606794,1.0,1.0,1.0,0.9238185149836164
2814,9678b0cccb565681,True,1.0,1.0,1.0,1.0,1.0,1.0,1.0
2815,f9532e6ad0b05fbb,True,1.0,1.0,0.944028045010092,1.0,1.0,1.0,0.9766783520875384
2816,bb22d36aec8e53df,True,1.0,1.0,0.6333335475660058,1.0,1.0,1.0,0.8472223114858357
2817,b8cc094c43575a31,True,1.0,1.0,0.78461644386,1.0,1.0,1.0,0.9102568516083333
2818,b8314864431a5665,True,1.0,1.0,0.7529460021461374,1.0,1.0,1.0,0.8970608342275573
2819,ef35eef8e3ae56ef,True,1.0,0.0,0.0,1.0,1.0,1.0,0.0
2820,c7ef706bfbef5f7c,True,1.0,1.0,0.7617735538577622,1.0,1.0,1.0,0.9007389807740677
2821,3bf40232476b591b,True,1.0,1.0,0.9036068936823936,1.0,1.0,1.0,0.9598362057009974
2822,561ac555b4a85edc,True,1.0,1.0,0.8600682680689137,1.0,1.0,1.0,0.9416951116953807
2823,a67c6744e6c45edb,True,1.0,1.0,0.8340806711794,1.0,1.0,0.0,0.9308669463247501
2824,fa02f1587177551c,True,1.0,1.0,1.0,1.0,1.0,1.0,1.0
2825,fa7f471f19aa5806,True,1.0,1.0,0.8970054687008191,1.0,1.0,1.0,0.9570856119586746
2826,a7fa674076175448,True,1.0,1.0,0.7474818730303925,1.0,1.0,1.0,0.8947841137626634
2827,a0da100b0dcb543c,True,1.0,1.0,1.0,1.0,1.0,1.0,1.0
2828,c95f17dbae835b51,True,1.0,1.0,0.5425402482289678,1.0,1.0,1.0,0.8093917700954032
2829,f5c4d4a66e13514d,True,1.0,1.0,0.8600440312902895,1.0,1.0,1.0,0.9416850130376208
2830,cdf8b694cdb75ac7,True,1.0,1.0,0.7915599829720321,1.0,1.0,1.0,0.9131499929050134
2831,ab548d52e69b5ed4,True,1.0,1.0,0.24430674335514363,1.0,1.0,1.0,0.6851278097313097
2832,c820630081b056f7,True,1.0,1.0,0.924123131452242,1.0,1.0,1.0,0.9683846381051008
2833,89de641f85f25a3b,True,1.0,1.0,1.0,1.0,1.0,1.0,1.0
2834,3e429827093e538d,True,1.0,1.0,0.8204511562096513,1.0,1.0,1.0,0.9251879817540214
2835,0af464147919575d,True,1.0,1.0,1.0,1.0,1.0,1.0,1.0
2836,f733e02fa876535a,True,1.0,1.0,0.8565010847239842,1.0,1.0,1.0,0.94020878530166
2837,000926dda92d592d,True,1.0,1.0,0.8097612854892411,1.0,1.0,1.0,0.9207338689538505
2838,862ca192b71f5d93,True,1.0,1.0,1.0,1.0,1.0,1.0,1.0
2839,d70e995b6ec6546a,True,1.0,1.0,0.9845363240373732,1.0,1.0,1.0,0.9935568016822388
2840,bf3ea6a284d85269,True,1.0,1.0,0.7800257170385954,1.0,1.0,1.0,0.9083440487660814
2841,45935e0787fd5a31,True,1.0,1.0,0.7966909061037247,1.0,1.0,1.0,0.9152878775432187
2842,d90d4f05ebde5bed,True,1.0,1.0,0.8796446838661316,1.0,1.0,1.0,0.9498519516108882
2843,239705f6ca945846,True,1.0,1.0,0.45406407867471676,1.0,1.0,1.0,0.7725266994477987
2844,a3fe8c1981c45693,True,1.0,1.0,1.0,1.0,1.0,0.5,1.0
2845,eb9fd90de700597b,True,1.0,1.0,0.9626833005838167,1.0,1.0,1.0,0.9844513752432569
2846,86f148317f03504b,True,1.0,1.0,0.7771138678260323,1.0,1.0,1.0,0.9071307782608468
2847,ac04f9fd4233550c,True,1.0,1.0,0.854285965324252,1.0,1.0,1.0,0.939285818885105
2848,2ea6bdf1e8905fd8,True,1.0,1.0,0.8825140279787913,1.0,1.0,1.0,0.9510475116578297
2849,e3a04835bb6357ad,True,1.0,1.0,0.6519578351548035,1.0,1.0,1.0,0.8549824313145015
2850,45878940b52550ea,True,1.0,1.0,1.0,1.0,1.0,1.0,1.0
2851,9e2fa21e8eac5c11,True,1.0,1.0,0.7827538613036042,1.0,1.0,1.0,0.9094807755431683
2852,878f3ddae1b7550f,True,1.0,1.0,0.858228511080059,1.0,1.0,1.0,0.940928546283358
2853,52f0b8a2023656cf,True,1.0,1.0,0.8601279445233653,1.0,1.0,1.0,0.9417199768847354
2854,95c73c4a8d775324,True,1.0,1.0,1.0,1.0,1.0,1.0,1.0
2855,f0297d1838cd5b1f,True,1.0,1.0,0.7185716484099673,1.0,1.0,1.0,0.8827381868374863
2856,13310ca9a7715154,True,1.0,1.0,0.6619133002646381,1.0,1.0,1.0,0.8591305417769326
2857,e63c18e2bcfa5526,True,1.0,1.0,1.0,1.0,1.0,1.0,1.0
2858,e03da8beb33a5e06,True,1.0,1.0,1.0,1.0,1.0,1.0,1.0
2859,7c541724eabb537a,True,1.0,1.0,0.8708509855362059,1.0,1.0,1.0,0.9461879106400858
2860,bd0dd422fbc152e5,True,1.0,1.0,0.8114486609466364,1.0,1.0,1.0,0.9214369420610984
2861,c1e612a123d059d7,True,1.0,1.0,0.7392851673432923,1.0,1.0,1.0,0.8913688197263717
2862,4d38d745131c5de1,True,1.0,1.0,1.0,1.0,1.0,0.0,1.0
2863,1b7b7697be9c5dc5,True,1.0,0.0,0.0,1.0,1.0,1.0,0.0
2864,7178178922315ef7,True,1.0,1.0,1.0,1.0,1.0,1.0,1.0
2865,6fb8d5597c8c5881,True,1.0,1.0,0.9154220879300206,1.0,1.0,1.0,0.9647592033041752
2866,68aac08d307653e5,True,1.0,1.0,0.7593036436925585,1.0,1.0,1.0,0.8997098515385661
2867,c687799dac8d5aa2,True,1.0,1.0,0.08856912712796138,1.0,1.0,1.0,0.6202371363033172
2868,3651c6423caa5145,True,1.0,1.0,1.0,1.0,1.0,1.0,1.0
2869,4cf608d9de4e5349,True,1.0,1.0,0.6511046924854843,1.0,1.0,1.0,0.854626955202285
2870,387bb49da88353dc,True,1.0,1.0,0.9877023831050942,1.0,1.0,1.0,0.9948759929604559
2871,13336a542595599f,True,1.0,1.0,1.0,1.0,1.0,1.0,1.0
2872,30d3af9350045c29,True,1.0,1.0,0.7675859204759317,1.0,1.0,1.0,0.9031608001983048
2873,10b19bf49b67574f,True,1.0,1.0,0.8218987865716644,1.0,1.0,1.0,0.9257911610715267
2874,0a3da14f3cba564a,True,1.0,0.0,0.0,1.0,1.0,1.0,0.0
2875,b6968f154bfb5a5d,True,1.0,1.0,0.6894886956516919,1.0,1.0,1.0,0.8706202898548717
2876,cb3c9e9327b25cdc,True,1.0,1.0,1.0,1.0,1.0,1.0,1.0
2877,7b4fca2db9255996,True,0.0,1.0,0.0,0.0,1.0,1.0,0.0
2878,6ec94adda61e5483,True,1.0,1.0,1.0,1.0,1.0,1.0,1.0
2879,4376d00ed2245c21,True,1.0,1.0,0.5453809127061291,1.0,1.0,1.0,0.8105753802942205
2880,f5ac458eab7b5ba5,True,1.0,1.0,0.9527892826640083,1.0,1.0,1.0,0.9803288677766702
2881,b3509fd31f495cfb,True,1.0,0.0,0.0,1.0,1.0,1.0,0.0
2882,e96c8f66dae15d60,True,1.0,1.0,1.0,1.0,1.0,1.0,1.0
2883,b2fb8aee62dc5b09,True,1.0,1.0,0.783047422441728,1.0,1.0,1.0,0.9096030926840534
2884,4291f43bae455b98,True,1.0,1.0,1.0,1.0,1.0,1.0,1.0
2885,e27870f87c3656b1,True,1.0,1.0,0.8918061289367925,1.0,1.0,1.0,0.9549192203903303
2886,812d49975bf357fc,True,1.0,1.0,0.911369829806608,1.0,1.0,1.0,0.96307076241942
2887,740f68663d3255e1,True,1.0,1.0,0.8071550730308419,1.0,1.0,1.0,0.919647947096184
2888,e8f5c2714bfe5213,True,1.0,1.0,0.9797344517920143,1.0,1.0,1.0,0.991556021580006
2889,250e6e2e6a9d5ee8,True,1.0,1.0,1.0,1.0,1.0,1.0,1.0
2890,ffcc0535b4fa5628,True,1.0,1.0,0.7563194563829158,1.0,1.0,1.0,0.8984664401595482
2891,742ec95b24ee529c,True,1.0,1.0,0.5534116691492309,1.0,1.0,1.0,0.8139215288121795
2892,ac2bc045e07151a3,True,1.0,1.0,1.0,1.0,1.0,1.0,1.0
2893,e133b313fabc56b4,True,1.0,1.0,0.808627572521577,1.0,1.0,1.0,0.9202614885506571
2894,458ab847ffa957e8,True,1.0,1.0,0.9304027285486495,1.0,1.0,1.0,0.9710011368952706
2895,ee5975ff12275983,True,1.0,1.0,1.0,1.0,1.0,1.0,1.0
2896,d89a663c15da5ce2,True,1.0,1.0,0.9134634550776657,1.0,1.0,1.0,0.9639431062823607
2897,07e885122c9b5bd1,True,1.0,1.0,0.850670215891468,1.0,1.0,0.5,0.9377792566214449
2898,de9f2e538b69576c,True,1.0,1.0,1.0,1.0,1.0,1.0,1.0
2899,f24e615d71a155ae,True,1.0,1.0,0.9711978381840223,1.0,1.0,1.0,0.9879990992433426
2900,bb870b710b7a53e8,True,1.0,1.0,1.0,1.0,1.0,1.0,1.0
2901,045a93a43af35fd1,True,1.0,1.0,1.0,1.0,1.0,1.0,1.0
2902,3fac271cd0795af0,True,1.0,1.0,0.7923438211685522,1.0,1.0,1.0,0.9134765921535634
2903,e4d27e2ed6ac513e,True,1.0,1.0,0.8690143425038319,1.0,1.0,1.0,0.9454226427099299
2904,54a706251c0558d2,True,1.0,0.0,0.0,1.0,1.0,1.0,0.0
2905,d789efd527395984,True,1.0,1.0,1.0,1.0,1.0,1.0,1.0
2906,50833a9c9b265db8,True,1.0,0.0,0.0,1.0,1.0,1.0,0.0
2907,d780d3a3f10d567b,True,1.0,1.0,0.6793707586586287,1.0,1.0,1.0,0.8664044827744286
2908,ecbe3bf1006155c7,True,1.0,1.0,0.8200334684858225,1.0,1.0,1.0,0.9250139452024261
2909,06e62670ddb152d9,True,1.0,1.0,1.0,1.0,1.0,1.0,1.0
2910,516cb0d01d1f5b32,True,1.0,1.0,0.937003155420606,1.0,1.0,1.0,0.9737513147585858
2911,3e9b399280e250fc,True,1.0,1.0,0.7470313177468553,1.0,1.0,1.0,0.8945963823945231
2912,a8fb178e35d25d73,True,1.0,0.0,0.0,1.0,1.0,1.0,0.0
2913,c8d1d4dd7889577b,True,1.0,1.0,0.8794272915610823,1.0,1.0,1.0,0.9497613714837844
2914,c42677f7e56f5c3f,True,1.0,1.0,1.0,1.0,1.0,1.0,1.0
2915,0ea5bbb7337d5a56,True,1.0,1.0,0.7767653253573554,1.0,1.0,1.0,0.9069855522322315
2916,458aff4d43725bd3,True,1.0,1.0,1.0,1.0,1.0,1.0,1.0
2917,ef3dd8a6f4995678,True,1.0,1.0,0.5364770647656786,1.0,1.0,1.0,0.8068654436523661
2918,76476276b198570d,True,1.0,1.0,0.7359851668775746,1.0,1.0,1.0,0.8899938195323228
2919,ec7ca545f4055a2b,True,1.0,1.0,0.9291794974530204,1.0,1.0,1.0,0.9704914572720919
2920,1c2170ed2977545e,True,1.0,1.0,0.8071087959475759,1.0,1.0,1.0,0.9196286649781568
2921,a4f48656cf78572a,True,1.0,1.0,0.9449573898852515,1.0,1.0,1.0,0.9770655791188547
2922,7c30e0debf0c532b,True,1.0,1.0,1.0,1.0,1.0,1.0,1.0
2923,64a1d44d73015a60,True,1.0,1.0,1.0,1.0,1.0,1.0,1.0
2924,b470096ee3425c5a,True,1.0,1.0,1.0,1.0,1.0,1.0,1.0
2925,1753feeb7c0e552c,True,1.0,1.0,1.0,1.0,1.0,1.0,1.0
2926,0698ddce973b50ba,True,1.0,1.0,1.0,1.0,1.0,1.0,1.0
2927,518661c5f7625f5b,True,1.0,1.0,1.0,1.0,1.0,1.0,1.0
2928,e61699cda2f15e01,True,1.0,1.0,0.967074929023081,1.0,1.0,1.0,0.9862812204262837
2929,8fa565e2239853e3,True,1.0,1.0,0.5496618227249931,1.0,1.0,1.0,0.8123590928020805
2930,8b177f84759e56e0,True,1.0,1.0,0.9362274582015481,1.0,1.0,1.0,0.9734281075839784
2931,a8aba52e8a6151bf,True,1.0,1.0,0.7448425750264176,1.0,1.0,1.0,0.8936844062610074
2932,9114a3a480dd5466,True,1.0,1.0,0.8390116388062069,1.0,1.0,1.0,0.9329215161692529
2933,15faa071a7145ad6,True,1.0,1.0,0.6311649059631264,1.0,1.0,1.0,0.8463187108179694
2934,ab94d64d31ea5435,True,1.0,0.0,0.0,1.0,1.0,1.0,0.0
2935,80199eddf2cc590f,True,1.0,1.0,0.6875787768529716,1.0,1.0,1.0,0.8698244903554048
2936,1e751703427e5a3c,True,1.0,1.0,0.7606774234265351,1.0,1.0,1.0,0.9002822597610564
2937,72d842bc596b536b,True,1.0,1.0,1.0,1.0,1.0,1.0,1.0
2938,b52b4358ca335eb9,True,1.0,1.0,0.6406256342479038,1.0,1.0,1.0,0.8502606809366267
2939,c2cb368d78e858c7,True,1.0,1.0,0.7562235806634799,1.0,1.0,1.0,0.8984264919431166
2940,a2c2e046132e5596,True,1.0,0.0,0.0,1.0,1.0,1.0,0.0
2941,3b0d8847b4a25a92,True,1.0,1.0,1.0,1.0,1.0,1.0,1.0
2942,04cdd9195f885ac6,True,1.0,1.0,1.0,1.0,1.0,1.0,1.0
2943,411ce5449bda5b1d,True,1.0,1.0,1.0,1.0,1.0,1.0,1.0
2944,fc5d32be7f785570,True,1.0,1.0,0.6418461200451644,1.0,1.0,1.0,0.8507692166854852
2945,8aae579b8090538a,True,0.5,0.0,0.0,0.0,1.0,1.0,0.0
2946,542d8c3b05145bbe,True,1.0,1.0,0.8575599674561424,1.0,1.0,1.0,0.9406499864400594
2947,3ec3d2ab34f756e6,True,1.0,1.0,0.7313159721865721,1.0,1.0,1.0,0.888048321744405
2948,0ebb578555b25ab2,True,1.0,1.0,0.8858167393012155,1.0,1.0,1.0,0.9524236413755065
2949,29a13686ed375688,True,1.0,1.0,0.8593681444837856,1.0,1.0,1.0,0.9414033935349106
2950,f530d03c88b652a7,True,1.0,1.0,0.7814858487368349,1.0,1.0,1.0,0.9089524369736811
2951,f20518f97cb558d4,True,1.0,1.0,0.8535060781956245,1.0,1.0,1.0,0.9389608659148436
2952,7f86145a2a8a514b,True,1.0,0.0,0.0,1.0,1.0,1.0,0.0
2953,e59da7b4970654fd,True,1.0,1.0,0.7839406718223938,1.0,1.0,1.0,0.9099752799259974
2954,d142ab856b7653df,True,1.0,1.0,0.8163995101286012,1.0,1.0,1.0,0.9234997958869172
2955,a7f5d22750b75466,True,1.0,1.0,1.0,1.0,1.0,1.0,1.0
2956,5382d1898c5f506d,True,1.0,1.0,1.0,1.0,1.0,1.0,1.0
2957,d38090818a0b5bed,True,1.0,1.0,0.8822948297849474,1.0,1.0,1.0,0.9509561790770614
2958,24ae3c9d96485b98,True,1.0,1.0,0.8108341879058059,1.0,1.0,0.0,0.9211809116274191
2959,8ff50d5fa36956fa,True,1.0,1.0,1.0,1.0,1.0,1.0,1.0
2960,cb53746741b25730,True,1.0,1.0,0.8569086310331236,1.0,1.0,1.0,0.9403785962638015
2961,2371a65f76025bfd,True,1.0,1.0,0.6222471951830217,1.0,1.0,1.0,0.8426029979929256
2962,be851166b6665891,True,1.0,1.0,0.7851002772355112,1.0,1.0,1.0,0.9104584488481297
2963,average,True,0.9875126560917988,0.9503881201484982,0.8139274459090241,0.9689503881201486,0.9989875126560918,0.9777252784340196,0.8819838922309211
