,token,valid,no_at_fault_collisions,drivable_area_compliance,ego_progress,time_to_collision_within_bound,comfort,driving_direction_compliance,score
0,e2ae96f479935b31,True,1.0,1.0,1.0,1.0,1.0,1.0,1.0
1,4e3fb4e28014505e,True,1.0,1.0,1.0,1.0,1.0,1.0,1.0
2,f5c9c516bf7a5ce8,True,1.0,1.0,1.0,1.0,1.0,1.0,1.0
3,6ddd79643130526d,True,1.0,1.0,1.0,1.0,1.0,1.0,1.0
4,0ad9939a6b875bf8,True,1.0,1.0,0.6341318951895388,1.0,1.0,1.0,0.8475549563289745
5,dfb437fd895b5e96,True,1.0,1.0,1.0,1.0,1.0,1.0,1.0
6,659373708e8e5a4f,True,1.0,1.0,0.5886030853178261,1.0,1.0,1.0,0.8285846188824276
7,584a741051cd523f,True,1.0,1.0,0.7270944768327712,1.0,1.0,1.0,0.886289365346988
8,7bb715f6c245555e,True,1.0,1.0,0.7700704589793054,1.0,1.0,1.0,0.9041960245747106
9,cc7afdc5a1e95b5a,True,1.0,1.0,0.9748551615297659,1.0,1.0,1.0,0.9895229839707357
10,524695a4857859fe,True,1.0,1.0,1.0,1.0,1.0,1.0,1.0
11,e7b269e3a51c5713,True,1.0,1.0,1.0,0.0,1.0,1.0,0.5833333333333334
12,324f93888ec35bb2,True,1.0,1.0,0.7783568572354903,1.0,1.0,1.0,0.9076486905147876
13,dc2d59ce7b1258cf,True,1.0,1.0,1.0,1.0,1.0,1.0,1.0
14,01e4bff700f15523,True,1.0,1.0,0.807851985700521,1.0,1.0,1.0,0.9199383273752172
15,dd30198e0e6b5bd8,True,1.0,1.0,1.0,1.0,1.0,1.0,1.0
16,ea57966419605846,True,1.0,1.0,0.7480859777648602,1.0,1.0,1.0,0.8950358240686919
17,21f64c6cfe835cbe,True,1.0,1.0,0.8849912191473067,1.0,1.0,1.0,0.9520796746447111
18,4511645a5e9a5bcd,True,1.0,1.0,0.981385330259233,1.0,1.0,1.0,0.9922438876080136
19,7e052b9f5ca25531,True,1.0,1.0,0.698595225459567,1.0,1.0,1.0,0.8744146772748196
20,184e4aef7e095f7a,True,1.0,1.0,1.0,1.0,1.0,1.0,1.0
21,90831b78d185503a,True,1.0,1.0,0.7643588403929614,1.0,1.0,1.0,0.9018161834970672
22,71adcc94aa6856a6,True,1.0,1.0,0.1680900226993169,1.0,1.0,1.0,0.653370842791382
23,0d3dd11b84c8518e,True,1.0,1.0,0.6978881541918197,1.0,1.0,1.0,0.8741200642465916
24,74df22cda10a5cf9,True,1.0,1.0,1.0,1.0,1.0,1.0,1.0
25,47d7aecedea25a0b,True,1.0,1.0,0.9434716757091819,1.0,1.0,1.0,0.9764465315454925
26,f23d4a49b1c753bc,True,1.0,1.0,0.8429515820316129,1.0,1.0,1.0,0.9345631591798388
27,adccb045b1495f50,True,1.0,1.0,0.9298497624512198,1.0,1.0,1.0,0.9707707343546749
28,680e24fa0952531b,True,1.0,1.0,0.9212326111479641,1.0,1.0,1.0,0.967180254644985
29,2115792748a75f88,True,1.0,1.0,1.0,0.0,1.0,1.0,0.5833333333333334
30,620f272061ea5f3a,True,1.0,1.0,1.0,1.0,1.0,1.0,1.0
31,2f03781e3fd05c28,True,1.0,1.0,1.0,1.0,1.0,1.0,1.0
32,9a1b2cdfbe7d56c0,True,1.0,1.0,0.7845733601427645,1.0,1.0,1.0,0.9102389000594853
33,65271f4c14985330,True,1.0,0.0,0.0,1.0,1.0,1.0,0.0
34,e66d21ee45e65dac,True,1.0,1.0,0.7365335516464481,1.0,1.0,1.0,0.89022231318602
35,9ad434ec99685d35,True,1.0,1.0,0.8778545444140846,1.0,1.0,1.0,0.9491060601725353
36,7819725bfb845e82,True,1.0,1.0,1.0,1.0,1.0,1.0,1.0
37,8e8b2b62eff65719,True,1.0,1.0,1.0,1.0,1.0,1.0,1.0
38,f377405106115a34,True,1.0,1.0,0.5156514015867019,1.0,1.0,0.5,0.7981880839944591
39,59b5e5a171965609,True,1.0,1.0,0.8939825797760461,1.0,1.0,1.0,0.9558260749066859
40,fbe786c417ca5245,True,1.0,1.0,1.0,1.0,1.0,1.0,1.0
41,b2b73ef16f0a5a9f,True,1.0,1.0,1.0,1.0,1.0,1.0,1.0
42,68f10c13166b592b,True,1.0,1.0,0.9485820690762071,1.0,1.0,1.0,0.9785758621150863
43,f561d19a11375418,True,1.0,1.0,0.9218713892773098,1.0,1.0,1.0,0.9674464121988792
44,a681a147f3375cac,True,1.0,1.0,0.8657954293852,1.0,1.0,1.0,0.9440814289105001
45,94f5959417f75349,True,1.0,1.0,0.8447370836544629,1.0,1.0,1.0,0.9353071181893595
46,c4d87486264d508a,True,1.0,1.0,0.9067470885984275,1.0,1.0,1.0,0.9611446202493448
47,3f54d4297dc459c3,True,1.0,1.0,1.0,1.0,1.0,1.0,1.0
48,bf1db71f1cc35b98,True,1.0,1.0,0.7334756551336975,1.0,1.0,1.0,0.8889481896390405
49,400a99ae89275e4d,True,1.0,1.0,1.0,1.0,1.0,1.0,1.0
50,7cead15dfaab593e,True,1.0,1.0,0.7348574513744974,1.0,1.0,1.0,0.8895239380727072
51,99213b077bdf516b,True,1.0,1.0,0.5211323649351276,1.0,1.0,1.0,0.8004718187229698
52,5d87c059eba15807,True,1.0,1.0,0.8922934142218502,1.0,1.0,1.0,0.9551222559257709
53,8d6afa56bbb95f18,True,1.0,1.0,0.8592561368645177,1.0,1.0,1.0,0.9413567236935491
54,48183678cb965e68,True,1.0,1.0,0.6010852356789578,1.0,1.0,1.0,0.8337855148662324
55,2d2b781181f156dc,True,1.0,0.0,0.0,1.0,1.0,1.0,0.0
56,7f92403d0c6e5b5d,True,1.0,1.0,0.9950178252127111,1.0,1.0,1.0,0.9979240938386296
57,c8649af783035c0f,True,1.0,1.0,0.6810368755661168,1.0,1.0,1.0,0.8670986981525486
58,6c9e40634f705f56,True,1.0,1.0,0.6871991388634343,1.0,1.0,1.0,0.8696663078597643
59,b5823453f7875542,True,1.0,1.0,1.0,1.0,1.0,1.0,1.0
60,8dee25a9bcb35544,True,1.0,1.0,0.7042703877967721,1.0,1.0,1.0,0.876779328248655
61,e4673b6cec6b521a,True,1.0,1.0,0.9846366476228567,1.0,1.0,1.0,0.9935986031761903
62,18a85f2812b45525,True,1.0,1.0,1.0,1.0,1.0,1.0,1.0
63,918a76140b9a5f92,True,1.0,1.0,0.8537809179960772,1.0,1.0,1.0,0.9390753824983656
64,76e72a3b44205ec0,True,1.0,1.0,1.0,1.0,1.0,1.0,1.0
65,614a0b6a482455af,True,1.0,1.0,0.9012048025511483,1.0,1.0,1.0,0.9588353343963117
66,4355d2853ef15044,True,1.0,1.0,1.0,1.0,1.0,1.0,1.0
67,52ab5e0a4e075cad,True,1.0,1.0,0.7986342104780224,1.0,1.0,1.0,0.916097587699176
68,815565a62f775c7c,True,1.0,1.0,0.7154895819454374,1.0,1.0,1.0,0.8814539924772656
69,68c666c7045f5609,True,1.0,1.0,0.854550934624434,1.0,1.0,1.0,0.9393962227601809
70,6a8a6b3a7d5f55cd,True,1.0,1.0,0.6796416846353897,1.0,1.0,1.0,0.866517368598079
71,cecd27d3ba0e54fd,True,1.0,1.0,0.7975895673719182,1.0,1.0,1.0,0.9156623197382993
72,749a9bb4860f5cc1,True,1.0,1.0,0.8345579884476362,1.0,1.0,1.0,0.9310658285198484
73,d56e3d307eb8525a,True,1.0,1.0,1.0,1.0,1.0,1.0,1.0
74,4b563d8a22145ed6,True,1.0,1.0,1.0,1.0,1.0,1.0,1.0
75,b4aeb4bbd9035964,True,1.0,1.0,1.0,1.0,1.0,1.0,1.0
76,25d6781d5063561a,True,1.0,1.0,0.8614889129514581,1.0,1.0,0.5,0.9422870470631075
77,85b599a5e238576a,True,1.0,1.0,0.8512157307554069,1.0,1.0,1.0,0.9380065544814196
78,dd2bc3e6bb8353b8,True,1.0,1.0,0.9603440675951281,1.0,1.0,1.0,0.9834766948313035
79,2352a994954555ba,True,1.0,1.0,1.0,1.0,1.0,1.0,1.0
80,dc145331696d5400,True,1.0,1.0,1.0,1.0,1.0,1.0,1.0
81,5a2e2da8e6b75138,True,1.0,0.0,0.0,1.0,1.0,1.0,0.0
82,be0ac32b1590510e,True,1.0,1.0,0.4716438701282704,1.0,1.0,1.0,0.779851612553446
83,6a947d290fe257ce,True,1.0,1.0,0.8482098907630994,1.0,1.0,1.0,0.9367541211512913
84,d4358e3962b758ce,True,1.0,1.0,0.8897613829910531,1.0,1.0,0.0,0.9540672429129389
85,d192ad1c7fa95445,True,1.0,1.0,0.8273527747223425,1.0,1.0,1.0,0.9280636561343094
86,2f7190c1da685537,True,1.0,1.0,1.0,1.0,1.0,1.0,1.0
87,e80197fe19435d28,True,1.0,1.0,0.9187650224249951,1.0,1.0,1.0,0.9661520926770812
88,60b3c9715d995c1d,True,1.0,1.0,0.9709664501792226,1.0,1.0,1.0,0.987902687574676
89,035db9ac34715b07,True,1.0,1.0,0.8216922363559599,1.0,1.0,1.0,0.9257050984816498
90,3256f37c21915104,True,1.0,1.0,1.0,1.0,1.0,1.0,1.0
91,aaf90b3acdce5063,True,1.0,1.0,0.9500047442464084,1.0,1.0,1.0,0.9791686434360035
92,41d7b533797c5209,True,1.0,1.0,0.968002546688687,1.0,1.0,1.0,0.986667727786953
93,2695738230ce5ad0,True,1.0,1.0,0.9414056379227481,1.0,1.0,1.0,0.9755856824678117
94,5c0a94addace52e2,True,1.0,1.0,0.8077581222414071,1.0,1.0,1.0,0.9198992176005863
95,9b5772aa3a955db1,True,1.0,1.0,0.7479785529991556,1.0,1.0,1.0,0.8949910637496482
96,b24575ef9d575fb4,True,1.0,1.0,0.817340832449119,1.0,1.0,1.0,0.9238920135204663
97,4b499c985f02545f,True,1.0,1.0,0.9192854585558751,1.0,1.0,1.0,0.9663689410649479
98,c4d424c8f74e5b70,True,1.0,1.0,1.0,1.0,1.0,1.0,1.0
99,38dd6b1bb76e5301,True,1.0,1.0,1.0,1.0,1.0,1.0,1.0
100,e773519a60035714,True,1.0,1.0,1.0,1.0,1.0,1.0,1.0
101,ae07a1ea49135359,True,1.0,1.0,0.7993364986919301,1.0,1.0,1.0,0.9163902077883043
102,2f9b9537ea1c5018,True,1.0,1.0,0.8999562885145389,1.0,1.0,1.0,0.9583151202143911
103,cc3ebf79ba985643,True,1.0,1.0,0.7446490163984829,1.0,1.0,1.0,0.8936037568327012
104,c9ecfe02b17a5c40,True,1.0,1.0,0.7695540261748436,1.0,1.0,1.0,0.9039808442395181
105,bc281591c2165d73,True,1.0,1.0,0.5725435888530713,1.0,1.0,1.0,0.8218931620221129
106,cea6c267a5a05b3c,True,1.0,1.0,0.9619140669406857,1.0,1.0,1.0,0.9841308612252857
107,a0e0603db4105ad9,True,1.0,1.0,1.0,1.0,1.0,1.0,1.0
108,559e3fe66db15d66,True,1.0,1.0,1.0,1.0,1.0,1.0,1.0
109,7d399fe8e4335fc3,True,1.0,1.0,0.7558972567010159,1.0,1.0,1.0,0.8982905236254233
110,8d4601efa6b6581e,True,1.0,1.0,1.0,1.0,1.0,1.0,1.0
111,875d89dc1f225205,True,1.0,0.0,0.0,1.0,1.0,1.0,0.0
112,44699d8556a1519e,True,1.0,1.0,0.7364276924436284,1.0,1.0,1.0,0.8901782051848451
113,4c22cdcc527e5a36,True,1.0,1.0,0.9038149080895248,1.0,1.0,1.0,0.9599228783706354
114,bd0f9349cc1053a3,True,1.0,1.0,1.0,1.0,1.0,1.0,1.0
115,a6229e66c0e656d8,True,1.0,1.0,0.8947397738019512,1.0,1.0,1.0,0.9561415724174797
116,2c79b7300d3a5219,True,1.0,1.0,1.0,1.0,1.0,1.0,1.0
117,b8ca1857a0f75fb4,True,1.0,1.0,0.5884029540831643,1.0,1.0,1.0,0.8285012308679852
118,ee380d59f0f450c6,True,1.0,1.0,0.8136960198098441,1.0,1.0,1.0,0.9223733415874351
119,410171a43ce453c2,True,1.0,1.0,1.0,1.0,1.0,1.0,1.0
120,f2909a9ad9cb552e,True,1.0,0.0,0.0,1.0,1.0,1.0,0.0
121,fda0145d54065b7c,True,1.0,1.0,1.0,1.0,1.0,1.0,1.0
122,1ed8702288c15895,True,1.0,1.0,0.8868723830672199,1.0,1.0,1.0,0.952863492944675
123,85adece1f9d55cc6,True,1.0,1.0,0.7557285752611199,1.0,1.0,1.0,0.8982202396921334
124,abb9477dd3305951,True,1.0,1.0,1.0,1.0,1.0,1.0,1.0
125,4cf809416df6527e,True,1.0,1.0,1.0,1.0,1.0,1.0,1.0
126,397a31d685fc5af7,True,1.0,1.0,0.7984257765469003,1.0,1.0,1.0,0.9160107402278751
127,e1c0081536575390,True,1.0,1.0,1.0,1.0,1.0,1.0,1.0
128,701c95bcdaa65c14,True,1.0,1.0,0.6996722416614674,1.0,1.0,1.0,0.8748634340256114
129,4f21925f1a7c5983,True,1.0,1.0,0.7670140030199387,1.0,1.0,1.0,0.9029225012583079
130,9972c06c954b5770,True,1.0,1.0,1.0,0.0,1.0,1.0,0.5833333333333334
131,8a843c4264a35d16,True,1.0,1.0,0.8980003229953661,1.0,1.0,1.0,0.9575001345814025
132,f674a05cc42b5d4a,True,1.0,1.0,0.9225141669536594,1.0,1.0,1.0,0.9677142362306914
133,fd4b31afd0915f92,True,1.0,0.0,0.0,1.0,1.0,1.0,0.0
134,05ee09cb75205555,True,1.0,1.0,1.0,1.0,1.0,1.0,1.0
135,d70f77951917593a,True,1.0,1.0,0.6625999981965359,1.0,1.0,1.0,0.8594166659152233
136,4495218e41b35f25,True,1.0,1.0,1.0,1.0,1.0,1.0,1.0
137,8cf86f67f10f574a,True,1.0,1.0,0.7509650488792292,1.0,1.0,1.0,0.8962354370330122
138,83d8368f99cb5470,True,1.0,1.0,0.6916366716648507,1.0,1.0,1.0,0.8715152798603545
139,2cce988d410654e2,True,1.0,1.0,1.0,1.0,1.0,1.0,1.0
140,9b7be67193ae5772,True,1.0,0.0,0.0,1.0,1.0,1.0,0.0
141,cc9e361d27725cb7,True,1.0,1.0,0.9461423368520784,1.0,1.0,1.0,0.9775593070216994
142,7aaa1817f97e5e5e,True,1.0,1.0,1.0,1.0,1.0,1.0,1.0
143,752255614d7f569a,True,1.0,1.0,0.7023167825083231,1.0,1.0,1.0,0.8759653260451347
144,a87eceb632f253c7,True,1.0,1.0,0.7936486462145269,1.0,1.0,1.0,0.9140202692560528
145,dc2a5d567a8e5f17,True,1.0,1.0,0.8391517035437676,1.0,1.0,1.0,0.9329798764765699
146,05f1c7e44f74538c,True,1.0,1.0,1.0,1.0,1.0,1.0,1.0
147,9bdf0d338d625e2a,True,1.0,1.0,1.0,1.0,1.0,1.0,1.0
148,462ba3dea9fb590b,True,1.0,1.0,0.642309699124888,1.0,1.0,1.0,0.85096237463537
149,91795d835c905882,True,1.0,1.0,0.9456044357477696,1.0,1.0,1.0,0.9773351815615706
150,580524859b485a1b,True,1.0,1.0,0.5389467267609248,1.0,1.0,1.0,0.8078944694837187
151,bcf787cdb66453f0,True,1.0,1.0,0.9219416297160752,1.0,1.0,1.0,0.9674756790483646
152,ea408ea92ea9549b,True,1.0,1.0,0.7948183097014957,1.0,1.0,1.0,0.9145076290422899
153,f0e0408bae9b5037,True,1.0,1.0,1.0,1.0,1.0,1.0,1.0
154,bf6e5d04e0d7576e,True,1.0,1.0,0.7415903576595435,1.0,1.0,1.0,0.8923293156914763
155,1559a9e324d6519d,True,1.0,1.0,1.0,1.0,1.0,1.0,1.0
156,5dea796da1ce5b02,True,1.0,1.0,0.4202163741259343,1.0,1.0,1.0,0.7584234892191394
157,a0d88b07304b5398,True,1.0,1.0,1.0,1.0,1.0,1.0,1.0
158,21bd985c9d7155e5,True,1.0,1.0,0.7908666095042534,1.0,1.0,1.0,0.912861087293439
159,790a5a0973815ab3,True,1.0,1.0,0.8687161715398029,1.0,1.0,1.0,0.9452984048082511
160,213870b088245664,True,1.0,1.0,0.6646179550509765,1.0,1.0,1.0,0.8602574812712401
161,689abfdd66235378,True,1.0,0.0,0.0,1.0,1.0,1.0,0.0
162,f9cfac7b9f30506d,True,1.0,1.0,0.8096039387700266,1.0,1.0,0.5,0.9206683078208444
163,d14f03fdfc1d5d54,True,1.0,1.0,0.8563447683234359,1.0,1.0,1.0,0.9401436534680983
164,508209397e8f5714,True,1.0,1.0,0.5441255007972038,1.0,1.0,1.0,0.810052291998835
165,8e711b3a85205804,True,1.0,1.0,0.9613890852608016,1.0,1.0,1.0,0.9839121188586674
166,c052a8877f7f5d37,True,1.0,1.0,0.9256559359206386,1.0,1.0,1.0,0.9690233066335994
167,7686d88b5ae4513e,True,1.0,1.0,1.0,1.0,1.0,1.0,1.0
168,3af98cdf0bc35f44,True,1.0,1.0,0.5865854774079406,1.0,1.0,1.0,0.8277439489199753
169,0393e11b085a5cc2,True,1.0,1.0,1.0,1.0,1.0,1.0,1.0
170,9f699a1331785e57,True,1.0,1.0,0.8484653117205933,1.0,1.0,1.0,0.9368605465502471
171,83291306454c5e84,True,1.0,1.0,0.8073077907156887,1.0,1.0,1.0,0.9197115794648703
172,d637ce98fc5353be,True,1.0,1.0,1.0,1.0,1.0,1.0,1.0
173,08e8092f5e66571f,True,1.0,1.0,0.8047629073057713,1.0,1.0,1.0,0.9186512113774047
174,5ce3b2260be35a1e,True,1.0,1.0,1.0,1.0,1.0,1.0,1.0
175,e56402797d665711,True,1.0,1.0,0.7616509403661952,1.0,1.0,1.0,0.9006878918192479
176,3328705b7cf0517a,True,1.0,1.0,0.7529120611201126,1.0,1.0,1.0,0.8970466921333803
177,86536c24d4805ac7,True,1.0,1.0,0.6675003171783965,1.0,1.0,1.0,0.8614584654909985
178,7229dee5d2685deb,True,1.0,1.0,0.6559701191298792,1.0,1.0,1.0,0.8566542163041163
179,6389fb6f9d675e3b,True,1.0,1.0,0.7512163508751584,1.0,1.0,1.0,0.8963401461979826
180,b474c79361415cb0,True,1.0,1.0,0.5382445725734529,1.0,1.0,1.0,0.8076019052389386
181,02c173ffafdd5be5,True,1.0,1.0,0.5835704599910878,1.0,1.0,1.0,0.8264876916629532
182,160e6592389759c5,True,1.0,1.0,1.0,0.0,1.0,1.0,0.5833333333333334
183,6f5b0bae72eb5307,True,1.0,1.0,0.8032804221844844,1.0,1.0,1.0,0.9180335092435351
184,49b32cb088ae53fe,True,1.0,1.0,0.5728422952369465,1.0,1.0,1.0,0.8220176230153943
185,0a51eb8adf8e5391,True,1.0,1.0,0.7056554806792102,1.0,1.0,1.0,0.8773564502830044
186,c16d0c6076ab5a85,True,1.0,1.0,1.0,1.0,1.0,1.0,1.0
187,b4d40a7532c05cd0,True,1.0,1.0,0.6402998161598952,1.0,1.0,1.0,0.8501249233999563
188,9bb20085732d5f8d,True,1.0,1.0,1.0,1.0,1.0,1.0,1.0
189,1f2f210163c358f8,True,1.0,1.0,0.8772914663845554,1.0,1.0,1.0,0.9488714443268981
190,0e6cae45fdd5536b,True,1.0,1.0,0.9360539096936488,1.0,1.0,1.0,0.973355795705687
191,fa1a3ccade2e50bf,True,1.0,1.0,0.5396569148848376,1.0,1.0,1.0,0.8081903812020156
192,bd06d301fe645a28,True,1.0,1.0,0.8188182045745459,1.0,1.0,1.0,0.924507585239394
193,f07e9b76d6e0503d,True,1.0,1.0,0.7565950798964125,1.0,1.0,1.0,0.8985812832901718
194,f9c41d66eb3c5d86,True,1.0,1.0,0.5715722901903947,1.0,1.0,1.0,0.8214884542459977
195,5c4d8dfcb0aa5541,True,1.0,0.0,0.0,1.0,1.0,1.0,0.0
196,9fd28a8f6fd85254,True,1.0,1.0,0.7799122606976809,1.0,1.0,0.0,0.9082967752907004
197,90482225be14588c,True,1.0,1.0,0.9634502795778722,1.0,1.0,1.0,0.9847709498241134
198,f038fc7ffdab5bad,True,1.0,0.0,0.0,1.0,1.0,1.0,0.0
199,9276407219215151,True,1.0,1.0,0.8409140678465056,1.0,1.0,1.0,0.933714194936044
200,34a6eb93916e5962,True,1.0,1.0,0.8139954458727042,1.0,1.0,1.0,0.92249810244696
201,fb259f736cd55252,True,1.0,1.0,0.8525930603332714,1.0,1.0,1.0,0.9385804418055298
202,687dc7e79cf65570,True,1.0,1.0,1.0,1.0,1.0,1.0,1.0
203,88d08f76270d5e37,True,1.0,1.0,0.839297558543177,1.0,1.0,1.0,0.9330406493929905
204,038948dd9db85d2a,True,1.0,1.0,1.0,1.0,1.0,1.0,1.0
205,2ccb0b6871c9515c,True,1.0,1.0,0.9297518301806347,1.0,1.0,1.0,0.9707299292419312
206,3f80c1a045a056e4,True,1.0,1.0,0.7749542859276214,1.0,1.0,1.0,0.9062309524698423
207,582d1109ddf75e76,True,1.0,1.0,1.0,1.0,1.0,1.0,1.0
208,b0ec3fbe5d07514d,True,1.0,1.0,0.6319078364857829,1.0,1.0,1.0,0.8466282652024096
209,3fb1b622b5e155cc,True,1.0,1.0,1.0,1.0,1.0,1.0,1.0
210,cf9b7b96f5a057d0,True,1.0,1.0,0.5493055078452284,1.0,1.0,1.0,0.8122106282688452
211,f742c7490c2d5b98,True,1.0,1.0,0.8888751314840071,1.0,1.0,1.0,0.9536979714516697
212,135899b9eb4f543e,True,1.0,1.0,1.0,1.0,1.0,1.0,1.0
213,d7d57d8fb3b6589a,True,1.0,1.0,0.8655985219956747,1.0,1.0,1.0,0.9439993841648645
214,c65fbb9cff2a59e5,True,1.0,1.0,0.7623351269267649,1.0,1.0,1.0,0.9009729695528187
215,b39406677030585e,True,0.0,1.0,0.0,0.0,1.0,1.0,0.0
216,03388b830f975734,True,1.0,1.0,1.0,1.0,1.0,1.0,1.0
217,12c01b203ea85b41,True,1.0,1.0,0.9503140985093347,1.0,1.0,1.0,0.9792975410455561
218,98b99d5d44c05a5b,True,1.0,1.0,0.9833370294147018,1.0,1.0,1.0,0.993057095589459
219,f10d0ad9103c5495,True,1.0,1.0,0.9969237681720008,1.0,1.0,1.0,0.9987182367383337
220,412e722526585e4a,True,1.0,1.0,0.8525745807916388,1.0,1.0,1.0,0.9385727419965161
221,40dcc0a979075ffd,True,1.0,1.0,0.5616391029898355,1.0,1.0,1.0,0.8173496262457648
222,653ebb370df45ca5,True,1.0,1.0,0.9729742988601624,1.0,1.0,1.0,0.9887392911917342
223,20a276a12f2150c5,True,1.0,1.0,1.0,1.0,1.0,1.0,1.0
224,a81fbf9466e05120,True,1.0,1.0,0.7337701303499058,1.0,1.0,1.0,0.8890708876457941
225,5016d5a7a87a538d,True,1.0,1.0,0.859819133718827,1.0,1.0,1.0,0.9415913057161779
226,11714a81e1c45a54,True,1.0,1.0,1.0,1.0,1.0,1.0,1.0
227,89652dfe12165def,True,1.0,1.0,1.0,1.0,1.0,1.0,1.0
228,3ad6a3f7a0f155f8,True,1.0,0.0,0.0,1.0,1.0,0.5,0.0
229,2615f45588965f4c,True,1.0,1.0,1.0,1.0,1.0,0.5,1.0
230,60a62673dd78534c,True,1.0,1.0,0.7955207451490012,1.0,1.0,1.0,0.9148003104787504
231,1825640c9ed75a4b,True,1.0,1.0,0.8724852281229973,1.0,1.0,1.0,0.9468688450512488
232,0fde069313a35062,True,1.0,0.0,0.0,1.0,1.0,1.0,0.0
233,c28b41c8410f5465,True,1.0,1.0,0.8651948363349168,1.0,1.0,1.0,0.9438311818062154
234,8ea6783a7b195706,True,1.0,1.0,0.840453035693723,1.0,1.0,1.0,0.9335220982057179
235,4d94decfbcd35ae6,True,1.0,1.0,0.774499850148899,1.0,1.0,1.0,0.9060416042287079
236,1afdce6720e45022,True,1.0,1.0,0.8383971908728779,1.0,1.0,1.0,0.9326654961970324
237,8127022f9d745e8c,True,1.0,1.0,0.6544165171316676,1.0,1.0,1.0,0.8560068821381949
238,2030d3a5ed675084,True,1.0,0.0,0.0,1.0,1.0,0.5,0.0
239,0c38a8ace1f5548e,True,1.0,1.0,0.9300409983565268,1.0,1.0,1.0,0.9708504159818862
240,314e2f70ce905b5e,True,1.0,1.0,1.0,1.0,1.0,1.0,1.0
241,d0fc0e92a9e4552f,True,1.0,1.0,0.7836978643405149,1.0,1.0,1.0,0.9098741101418812
242,4b98bb0bbbc75b1f,True,1.0,1.0,0.6933889067938406,1.0,1.0,1.0,0.8722453778307669
243,dc472958283b57cc,True,1.0,1.0,0.9922995489289762,1.0,1.0,1.0,0.9967914787204067
244,96a0bbef8c335c3e,True,1.0,1.0,1.0,1.0,1.0,1.0,1.0
245,6bd234c45e885cb2,True,1.0,1.0,1.0,1.0,1.0,1.0,1.0
246,7dfe5f8b766b5893,True,1.0,1.0,1.0,1.0,1.0,1.0,1.0
247,85005d733df9577f,True,1.0,1.0,1.0,1.0,1.0,1.0,1.0
248,0dfdaa7ed7445e7c,True,1.0,1.0,0.7444965325527357,1.0,1.0,1.0,0.8935402218969731
249,6fa0a76b37b558bd,True,1.0,1.0,0.8905402777670526,1.0,1.0,1.0,0.9543917824029385
250,aa4272ed1b785b94,True,1.0,1.0,0.912299412841139,1.0,1.0,1.0,0.963458088683808
251,346f28fb35365c73,True,1.0,1.0,0.8036129457143165,1.0,1.0,1.0,0.9181720607142986
252,53259c7d4d8952eb,True,1.0,1.0,0.929970923296892,1.0,1.0,1.0,0.9708212180403718
253,5feede5c5a3c5116,True,1.0,1.0,0.6637704929365212,1.0,1.0,1.0,0.8599043720568839
254,4f50d7c22352505e,True,1.0,1.0,0.8647077052380114,1.0,1.0,1.0,0.943628210515838
255,7a146021c3485224,True,1.0,1.0,1.0,1.0,1.0,1.0,1.0
256,da01de71bce95578,True,1.0,1.0,1.0,1.0,1.0,1.0,1.0
257,c672f1584cb75697,True,1.0,1.0,1.0,1.0,1.0,1.0,1.0
258,4a25aaca58b85ea5,True,1.0,1.0,0.8484355003556975,1.0,1.0,1.0,0.9368481251482073
259,a60202554bf55ef1,True,1.0,1.0,0.9947898811723911,1.0,1.0,1.0,0.9978291171551629
260,e38dd745e363544c,True,1.0,1.0,0.8421154970583342,1.0,1.0,1.0,0.9342147904409726
261,542bec9a7d6e5c52,True,1.0,1.0,0.9978908587053475,1.0,1.0,1.0,0.9991211911272281
262,4ccda56c15a55d57,True,1.0,1.0,0.9452687244907981,1.0,1.0,1.0,0.9771953018711659
263,5c8f6ebe705d5013,True,1.0,1.0,1.0,1.0,1.0,1.0,1.0
264,c2156c6760fd55b5,True,1.0,1.0,1.0,1.0,1.0,0.5,1.0
265,d151becf4b395f13,True,1.0,1.0,1.0,1.0,1.0,1.0,1.0
266,ff89c9bf77dc58ce,True,1.0,1.0,1.0,1.0,1.0,1.0,1.0
267,364dd4c7c4cf55cb,True,1.0,1.0,0.4996927391517011,1.0,1.0,1.0,0.7915386413132088
268,cd96f8a73c7a5d07,True,1.0,1.0,0.7139683340845974,1.0,1.0,1.0,0.8808201392019156
269,b11eb5c328075b94,True,1.0,1.0,0.7045788662655196,1.0,1.0,1.0,0.8769078609439664
270,31960634eefb5d47,True,1.0,1.0,0.8045865769313238,1.0,1.0,1.0,0.9185777403880516
271,f2695c7680505b79,True,1.0,1.0,0.9456542237636595,1.0,1.0,1.0,0.9773559265681916
272,c7979a062bff5710,True,1.0,1.0,1.0,1.0,1.0,1.0,1.0
273,ae2c1faedb3356f9,True,1.0,0.0,0.0,1.0,1.0,1.0,0.0
274,c49e7550cee75722,True,1.0,1.0,1.0,1.0,1.0,1.0,1.0
275,29b743b5bdd1527e,True,1.0,1.0,0.6449302012237761,1.0,1.0,1.0,0.8520542505099066
276,83a9fe7e03fd5755,True,1.0,1.0,0.6764712662981022,1.0,1.0,1.0,0.8651963609575426
277,143420292ce554f6,True,1.0,1.0,1.0,1.0,1.0,1.0,1.0
278,dadc8dc029e15f0f,True,1.0,1.0,0.7712654641721546,1.0,1.0,1.0,0.9046939434050644
279,08b6a130aaa35629,True,1.0,1.0,1.0,1.0,1.0,1.0,1.0
280,e91f2da06b8e517f,True,1.0,1.0,0.7225168643144798,1.0,1.0,1.0,0.8843820267977
281,099ff4835ee45eb6,True,1.0,1.0,0.9757089524117784,1.0,1.0,1.0,0.9898787301715744
282,0fc28fe43e5d5693,True,1.0,1.0,1.0,1.0,1.0,1.0,1.0
283,3466b16cf2c95855,True,1.0,1.0,0.7007501544160212,1.0,1.0,1.0,0.8753125643400089
284,8954aa7e05085876,True,1.0,1.0,0.8731116468796714,1.0,1.0,1.0,0.9471298528665297
285,1cddf5eb97425ac1,True,1.0,1.0,1.0,1.0,1.0,0.5,1.0
286,5a7acfd6f26553f9,True,1.0,1.0,1.0,1.0,1.0,1.0,1.0
287,61046515c9885bf5,True,1.0,1.0,0.7484324294145269,1.0,1.0,1.0,0.8951801789227195
288,92da1e3c12fa54b6,True,1.0,1.0,0.7401907130022899,1.0,1.0,1.0,0.8917461304176207
289,a2b2f9572f3a5b05,True,1.0,1.0,0.8475961337419833,1.0,1.0,1.0,0.9364983890591597
290,4668c53b54255008,True,1.0,1.0,0.787534432127965,1.0,1.0,1.0,0.9114726800533187
291,88ac42d0eaca5c57,True,1.0,1.0,1.0,1.0,1.0,1.0,1.0
292,b090f02ef43f5d41,True,1.0,1.0,0.6076467720781001,1.0,1.0,1.0,0.836519488365875
293,d99103d5b5025654,True,1.0,1.0,0.5384483877801438,1.0,1.0,1.0,0.8076868282417266
294,1b301e5f9ede59d7,True,1.0,0.0,0.0,1.0,1.0,1.0,0.0
295,434f74e0c3e25cdd,True,1.0,1.0,1.0,1.0,1.0,1.0,1.0
296,06737d2244bd53cc,True,1.0,1.0,0.6158242196988009,1.0,1.0,1.0,0.8399267582078337
297,1d3cf448005f56c1,True,1.0,1.0,1.0,1.0,1.0,1.0,1.0
298,805158120d1c552e,True,1.0,1.0,1.0,1.0,1.0,1.0,1.0
299,151436bbacb858b5,True,1.0,1.0,1.0,1.0,1.0,1.0,1.0
300,56c652d4f2715e43,True,1.0,1.0,0.5686737652604004,1.0,1.0,1.0,0.8202807355251668
301,11cadec88a8e547d,True,1.0,0.0,0.0,1.0,0.0,0.0,0.0
302,baef20f6b33e594e,True,1.0,1.0,1.0,1.0,1.0,1.0,1.0
303,7288ac3781fd51a8,True,1.0,1.0,1.0,1.0,1.0,1.0,1.0
304,bf8fcd79b7fa532d,True,1.0,1.0,0.8047588478113717,1.0,1.0,1.0,0.9186495199214049
305,616fa9b07f5653ef,True,1.0,1.0,0.7665838443645693,1.0,1.0,1.0,0.9027432684852372
306,2f8e10ba1a8f5672,True,1.0,1.0,1.0,1.0,1.0,1.0,1.0
307,8322121dbb82511f,True,1.0,1.0,0.9387207275168585,1.0,1.0,1.0,0.9744669697986911
308,c33832506a165cd3,True,1.0,1.0,0.7378759755334479,1.0,1.0,1.0,0.8907816564722699
309,ccdb8ab156ba5b06,True,1.0,1.0,0.8969662255667642,1.0,1.0,1.0,0.9570692606528185
310,0c3c5692dcdd5bdc,True,1.0,1.0,1.0,1.0,1.0,1.0,1.0
311,27a8d6913e5b557b,True,1.0,1.0,0.9688801837342114,1.0,1.0,1.0,0.9870334098892547
312,67dff3c1993f57a5,True,1.0,1.0,0.6136447694714522,1.0,1.0,0.0,0.8390186539464385
313,cdd72f4a568a55a0,True,1.0,1.0,1.0,1.0,1.0,1.0,1.0
314,a2652d512cf35d1e,True,1.0,1.0,0.7690616109787406,1.0,1.0,1.0,0.9037756712411419
315,cbb9f6ff18285688,True,1.0,1.0,0.8038062871376512,1.0,1.0,1.0,0.9182526196406879
316,cfb1ab3fe0185b20,True,1.0,1.0,0.9043128458184865,1.0,1.0,1.0,0.9601303524243695
317,4cfe4dc173bb5e2e,True,1.0,1.0,0.7355889108537754,1.0,1.0,1.0,0.8898287128557397
318,e463ad284c0d595c,True,1.0,1.0,0.8364281834173601,1.0,1.0,1.0,0.9318450764239001
319,47a8cb60d2275feb,True,1.0,1.0,0.9459748709747449,1.0,1.0,1.0,0.9774895295728103
320,6bcfc8d05b4c5d96,True,1.0,1.0,1.0,1.0,1.0,1.0,1.0
321,7c49f7aca6c05e2a,True,1.0,1.0,0.550310050525131,1.0,1.0,1.0,0.8126291877188047
322,cf05c9f4f6e55af3,True,1.0,1.0,0.6952016995726255,1.0,1.0,1.0,0.8730007081552605
323,342ae335113257f6,True,1.0,1.0,0.9811541921446651,1.0,1.0,1.0,0.9921475800602771
324,eb19160d56255b73,True,1.0,1.0,0.6583567443284153,1.0,1.0,1.0,0.857648643470173
325,34ac200e359653b5,True,1.0,1.0,0.9232548335349452,1.0,1.0,1.0,0.9680228473062272
326,11650e6f32715f8f,True,1.0,1.0,1.0,1.0,1.0,1.0,1.0
327,d8d27319eb585277,True,1.0,1.0,1.0,1.0,1.0,1.0,1.0
328,0614c017a1f65b80,True,1.0,1.0,0.5795155949361951,1.0,1.0,1.0,0.824798164556748
329,12821eee232458b8,True,1.0,1.0,0.7741961043086512,1.0,1.0,1.0,0.905915043461938
330,578d2af2c3625ace,True,1.0,1.0,1.0,1.0,1.0,1.0,1.0
331,2c58e549903354fc,True,1.0,1.0,0.7383014078386123,1.0,1.0,1.0,0.8909589199327552
332,85865789fb545e3c,True,1.0,0.0,0.0,1.0,1.0,1.0,0.0
333,229de058ec7b59bd,True,1.0,1.0,1.0,1.0,1.0,1.0,1.0
334,d2d63c8eb7545fc1,True,1.0,1.0,1.0,1.0,1.0,1.0,1.0
335,77519294678a5fed,True,1.0,1.0,0.7645313186050171,1.0,1.0,1.0,0.9018880494187571
336,4196ab00e95e532d,True,1.0,1.0,1.0,1.0,1.0,1.0,1.0
337,c0c3f6eb7f445755,True,1.0,1.0,0.7883125263356593,1.0,1.0,1.0,0.9117968859731914
338,dca6a613dc2c5051,True,1.0,1.0,0.7200692998247293,1.0,1.0,1.0,0.8833622082603038
339,6e944f00e04c5f1c,True,1.0,1.0,0.8219055404578337,1.0,1.0,1.0,0.9257939751907641
340,50708f973eec5e38,True,1.0,1.0,0.7257965866756845,1.0,1.0,1.0,0.8857485777815352
341,1028df4fc9055ed8,True,1.0,1.0,0.8800760724245547,1.0,1.0,1.0,0.9500316968435644
342,4f5b00e0de115593,True,1.0,1.0,0.7765833448188396,0.0,1.0,1.0,0.49024306034118315
343,11e7fdeb883b5381,True,1.0,1.0,0.5466351395294642,1.0,1.0,1.0,0.8110979748039434
344,8de4253bc36f54df,True,1.0,0.0,0.0,1.0,1.0,0.0,0.0
345,d858b7c7e6105207,True,1.0,1.0,0.8985612275768478,1.0,1.0,1.0,0.9577338448236866
346,31c26928703053d2,True,1.0,1.0,1.0,1.0,1.0,1.0,1.0
347,3e543e1eac325854,True,1.0,1.0,0.6090994599801519,1.0,1.0,1.0,0.83712477499173
348,23fb1660b6985e05,True,1.0,1.0,0.8489625192170407,1.0,1.0,1.0,0.9370677163404336
349,5fffee1a19495dc6,True,1.0,1.0,0.6631566880102375,1.0,1.0,1.0,0.8596486200042657
350,e49e37e5fed25c9a,True,1.0,1.0,0.742140339746771,1.0,1.0,1.0,0.8925584748944879
351,1aabc43f2a7453f1,True,1.0,1.0,0.7802308992581816,1.0,1.0,1.0,0.9084295413575756
352,d64b2da8ffb65c16,True,1.0,1.0,0.9588016021490783,1.0,1.0,0.5,0.9828340008954491
353,d3e3c4998ad25800,True,1.0,1.0,0.9073338116485212,1.0,1.0,1.0,0.9613890881868837
354,b5d0bfdf09375423,True,1.0,1.0,1.0,1.0,1.0,1.0,1.0
355,1e1f35531c5856bb,True,1.0,1.0,0.6584583851505564,1.0,1.0,1.0,0.8576909938127318
356,9ba306d42ab75911,True,1.0,1.0,0.7930359516617242,1.0,1.0,1.0,0.9137649798590518
357,f35e97504024530b,True,1.0,1.0,1.0,1.0,1.0,1.0,1.0
358,1b056ac7f7995a8a,True,1.0,1.0,0.8670420374171933,1.0,1.0,1.0,0.9446008489238306
359,4abc4549b6d45891,True,1.0,1.0,1.0,1.0,1.0,1.0,1.0
360,ab40048b88b257c3,True,1.0,1.0,0.9870941752781084,1.0,1.0,1.0,0.9946225730325452
361,49454db3d9ef54a1,True,1.0,1.0,0.7949746965812283,1.0,1.0,1.0,0.9145727902421784
362,61b15ca533845a97,True,1.0,1.0,0.9474880002411147,1.0,1.0,1.0,0.9781200001004645
363,f93751942d4e5c48,True,1.0,1.0,1.0,1.0,1.0,1.0,1.0
364,5c883441084d58d7,True,1.0,0.0,0.0,0.0,1.0,1.0,0.0
365,cde38b08b4a157f5,True,1.0,1.0,1.0,1.0,1.0,1.0,1.0
366,01f2481a8cfc5803,True,1.0,1.0,0.9218295537334175,1.0,1.0,1.0,0.9674289807222572
367,a37ac5585e74546d,True,1.0,1.0,1.0,1.0,1.0,1.0,1.0
368,4c684da98f405857,True,1.0,1.0,0.960467993302127,1.0,1.0,1.0,0.983528330542553
369,afe83cb6c0ae5f67,True,1.0,1.0,0.9542778425056693,1.0,1.0,1.0,0.9809491010440289
370,2fa0f34bd2da5b39,True,1.0,1.0,0.9450170634910575,1.0,1.0,1.0,0.977090443121274
371,ce3ff067f10b526b,True,1.0,1.0,1.0,0.0,1.0,0.5,0.5833333333333334
372,1cd73301d5745314,True,1.0,1.0,0.9895629059788963,1.0,1.0,1.0,0.9956512108245401
373,434a1b5995365a33,True,1.0,1.0,0.8263864043850798,1.0,1.0,1.0,0.9276610018271166
374,bf1fbbbc7f5d5c5d,True,1.0,1.0,0.5868104391846914,1.0,1.0,1.0,0.8278376829936214
375,56af844c0e0a53ce,True,1.0,1.0,0.8211438593028378,1.0,1.0,1.0,0.925476608042849
376,167063f69e8357d8,True,1.0,1.0,1.0,1.0,1.0,1.0,1.0
377,f4cc7553b85f5fb0,True,1.0,1.0,0.9544036789120098,1.0,1.0,1.0,0.9810015328800041
378,a62cc53f0187532a,True,1.0,1.0,0.9197992208113759,1.0,1.0,1.0,0.9665830086714067
379,dd2546a068da5ffe,True,1.0,1.0,0.7834020704655332,1.0,1.0,1.0,0.9097508626939721
380,23ee5a5b9a1a550c,True,1.0,1.0,1.0,1.0,1.0,1.0,1.0
381,34a2cb9790ae53f3,True,1.0,1.0,0.9183574051758877,1.0,1.0,1.0,0.9659822521566198
382,e0e1551b09f15a74,True,1.0,1.0,0.6756708070604555,1.0,1.0,1.0,0.8648628362751897
383,3eaee893ba995c48,True,1.0,1.0,0.9529962084191601,1.0,1.0,1.0,0.9804150868413167
384,16d3b353ffe650de,True,1.0,1.0,0.6335117010181537,1.0,1.0,1.0,0.8472965420908974
385,1379782dce4751e4,True,1.0,1.0,1.0,1.0,1.0,1.0,1.0
386,1844ec136eb05d57,True,1.0,1.0,0.8019005462403456,1.0,1.0,1.0,0.9174585609334773
387,78adf1b8ed315c4f,True,1.0,1.0,0.8525476081279664,1.0,1.0,1.0,0.9385615033866527
388,96a228d4d055523a,True,1.0,0.0,0.0,1.0,1.0,1.0,0.0
389,13fcbcdacbe35755,True,1.0,1.0,0.8870475662024869,1.0,1.0,1.0,0.9529364859177029
390,efbd7ea4d97c5cb9,True,1.0,1.0,0.8565751037791697,1.0,1.0,1.0,0.9402396265746541
391,b1e09de4af085129,True,1.0,1.0,0.7998110062745523,1.0,1.0,1.0,0.9165879192810635
392,a2b2c80a9db75f5f,True,1.0,1.0,1.0,1.0,1.0,1.0,1.0
393,3012e1628f7d5d3a,True,1.0,1.0,0.7336138355754078,1.0,1.0,1.0,0.8890057648230867
394,a7ca0cd746e7551e,True,1.0,1.0,0.7289525141759342,1.0,1.0,1.0,0.8870635475733059
395,55237cf0b8c45ec9,True,1.0,1.0,0.8264065047550117,1.0,1.0,1.0,0.927669376981255
396,65dbd10f84db5a53,True,1.0,1.0,0.6319649693714912,1.0,1.0,1.0,0.8466520705714546
397,0802a51b0a1d512c,True,1.0,1.0,0.5700493034861254,1.0,1.0,0.5,0.8208538764525523
398,bc7ae4f9eced56c9,True,1.0,1.0,0.7543813545583511,1.0,1.0,1.0,0.8976588977326463
399,704527beccac5701,True,1.0,1.0,0.7503778418781486,1.0,1.0,1.0,0.8959907674492286
400,c038901b4a0259ab,True,1.0,0.0,0.0,1.0,1.0,1.0,0.0
401,a93fa981f60d50af,True,0.0,1.0,0.0,0.0,1.0,1.0,0.0
402,1b96821ba3425e3b,True,1.0,1.0,0.9061187465136478,1.0,1.0,1.0,0.9608828110473532
403,def47af8d5a35090,True,1.0,1.0,0.8594355468826981,1.0,1.0,1.0,0.9414314778677909
404,702b40dba11550ae,True,1.0,1.0,0.83770503411488,1.0,1.0,1.0,0.9323770975478666
405,3d17efc5625f5c4f,True,1.0,1.0,0.8113530670938344,1.0,1.0,1.0,0.9213971112890977
406,37e2bc0cb5a053a5,True,1.0,1.0,0.8005007824658782,1.0,1.0,1.0,0.9168753260274493
407,3dcc0fdcb0395855,True,1.0,1.0,1.0,1.0,1.0,1.0,1.0
408,b13f0b445e605951,True,1.0,1.0,1.0,1.0,1.0,1.0,1.0
409,6743ebcc6f5259b8,True,1.0,1.0,0.6604045276689042,1.0,1.0,1.0,0.8585018865287101
410,43c74ea303715baf,True,1.0,1.0,0.9385897492621885,1.0,1.0,1.0,0.974412395525912
411,1eade5af9ee65696,True,1.0,1.0,0.9046400111675231,1.0,1.0,1.0,0.9602666713198014
412,b27f68fe02b059ca,True,1.0,1.0,0.9229999063791966,1.0,1.0,1.0,0.9679166276579986
413,f18158051cc457d8,True,1.0,1.0,1.0,1.0,1.0,1.0,1.0
414,fc1800501fa157a7,True,1.0,1.0,0.914686889519486,1.0,1.0,1.0,0.9644528706331191
415,49d613966f25569b,True,1.0,1.0,0.9516514708849861,1.0,1.0,1.0,0.9798547795354109
416,9ed85925d375504b,True,1.0,1.0,1.0,1.0,1.0,1.0,1.0
417,3ce3c32cb4655d3d,True,1.0,1.0,1.0,1.0,1.0,1.0,1.0
418,b641f849bdd55fd7,True,1.0,1.0,0.8715077541068007,1.0,1.0,1.0,0.9464615642111669
419,6e3c7a34388e5ae3,True,0.0,1.0,0.0,0.0,1.0,1.0,0.0
420,d55a7602f48e582b,True,1.0,1.0,0.6252154616340602,1.0,1.0,1.0,0.8438397756808583
421,103ac69be43f55b5,True,1.0,1.0,0.6724311182946331,1.0,1.0,1.0,0.8635129659560971
422,b7d52a0a64825b14,True,1.0,1.0,1.0,1.0,1.0,1.0,1.0
423,870886385ca15345,True,1.0,1.0,1.0,1.0,1.0,1.0,1.0
424,0efc84a20a7d5b07,True,1.0,1.0,0.5728812037669617,1.0,1.0,1.0,0.8220338349029007
425,09ce454826895686,True,1.0,1.0,0.8175790744890679,1.0,1.0,1.0,0.9239912810371115
426,b5e3abde704b54c8,True,1.0,1.0,0.5632673307793986,1.0,1.0,1.0,0.8180280544914161
427,48a6621d92dd5be3,True,1.0,1.0,0.7965073249272367,1.0,1.0,1.0,0.9152113853863487
428,9f03709a3c1e5725,True,1.0,1.0,0.6044318353678831,1.0,1.0,1.0,0.8351799314032847
429,326bf8cbf6375f03,True,1.0,1.0,0.9571282334445942,1.0,1.0,1.0,0.9821367639352475
430,2d0517c112625a09,True,1.0,1.0,0.9860360931981093,1.0,1.0,1.0,0.9941817054992121
431,c2aa6f44aad45549,True,1.0,0.0,0.0,0.0,1.0,0.5,0.0
432,4bbc76cff4355b53,True,1.0,1.0,1.0,1.0,1.0,1.0,1.0
433,3ece2b5bbf095290,True,1.0,1.0,0.7916377397076171,1.0,1.0,1.0,0.9131823915448405
434,2af5b66260bf5795,True,1.0,1.0,0.8519304136478482,1.0,1.0,1.0,0.9383043390199367
435,d926deb799a65bea,True,1.0,1.0,0.790420272240217,1.0,1.0,1.0,0.9126751134334238
436,a38cf6735cfc5f54,True,1.0,1.0,0.7621245765598321,1.0,1.0,1.0,0.9008852402332633
437,758cc7a721c2546d,True,1.0,1.0,0.8385797277885637,1.0,1.0,1.0,0.9327415532452349
438,9fdd329b72e85179,True,1.0,1.0,0.5870494064823525,1.0,1.0,1.0,0.8279372527009802
439,c16f84d1251552af,True,1.0,1.0,0.749652968838031,1.0,1.0,1.0,0.8956887370158463
440,171e0bea742d52d0,True,1.0,1.0,0.9350006925352267,1.0,1.0,1.0,0.9729169552230111
441,cf7d3181a516574a,True,1.0,1.0,0.8062405936417859,1.0,1.0,1.0,0.9192669140174109
442,53f1331b9dd45ffa,True,1.0,1.0,0.8569199041294614,1.0,1.0,1.0,0.9403832933872756
443,1517632ca5a8577b,True,1.0,1.0,1.0,1.0,1.0,1.0,1.0
444,e4054a16eede5400,True,1.0,1.0,1.0,1.0,1.0,1.0,1.0
445,0d857e82084e56be,True,1.0,1.0,0.7090422471950316,1.0,1.0,1.0,0.8787676029979298
446,5a06f03022ec5b67,True,1.0,1.0,0.6345892584997869,1.0,1.0,1.0,0.8477455243749112
447,9d1bd4fa169c5ebe,True,1.0,1.0,0.6795402582692596,1.0,1.0,1.0,0.8664751076121915
448,1633456bc3ec569d,True,1.0,1.0,1.0,1.0,1.0,1.0,1.0
449,e9799c219eb25a48,True,1.0,1.0,1.0,1.0,1.0,1.0,1.0
450,931c9ec2bfa55d47,True,1.0,1.0,0.5599649710217939,1.0,1.0,1.0,0.8166520712590808
451,111174636b57539b,True,1.0,0.0,0.0,1.0,1.0,1.0,0.0
452,6fbe0e06902e5304,True,1.0,1.0,0.9103328549003814,1.0,1.0,1.0,0.9626386895418255
453,67e6aea894f0568f,True,1.0,1.0,0.9392140554941193,1.0,1.0,1.0,0.9746725231225497
454,f9df92352a5f53f2,True,1.0,1.0,1.0,1.0,1.0,1.0,1.0
455,c1f91d06e8285351,True,1.0,1.0,0.7823926324054389,1.0,1.0,1.0,0.9093302635022663
456,c262c31769935486,True,1.0,1.0,0.9214175683833343,1.0,1.0,1.0,0.9672573201597227
457,511741d6df93540d,True,1.0,1.0,0.9991861406431609,1.0,1.0,1.0,0.9996608919346505
458,8f105ffb008c5801,True,1.0,1.0,0.9877051661123398,1.0,1.0,1.0,0.9948771525468082
459,4c53f29ce2365ef1,True,1.0,1.0,1.0,1.0,1.0,1.0,1.0
460,48ef77409741520d,True,1.0,1.0,0.9412850793833198,1.0,1.0,1.0,0.9755354497430501
461,70633315e71a5979,True,1.0,1.0,1.0,1.0,1.0,1.0,1.0
462,52a92230f3245182,True,1.0,1.0,0.7272787937118471,1.0,1.0,1.0,0.8863661640466031
463,4db7ecab510656e1,True,1.0,1.0,0.9129351967722309,1.0,1.0,1.0,0.9637229986550961
464,e26d9a5288165f2a,True,1.0,1.0,0.9329790866360864,1.0,1.0,1.0,0.9720746194317028
465,4b6b3a81cc235dbf,True,1.0,1.0,1.0,1.0,1.0,1.0,1.0
466,fec68cb4b42a5b30,True,1.0,1.0,0.8052530778998697,1.0,1.0,1.0,0.9188554491249458
467,639352b63c715c1f,True,1.0,1.0,1.0,1.0,1.0,1.0,1.0
468,173b456bbf29598f,True,1.0,1.0,0.840475745849805,1.0,1.0,1.0,0.9335315607707521
469,35f448c5566658be,True,1.0,1.0,0.7910629220932107,1.0,1.0,1.0,0.9129428842055045
470,eed926191448591a,True,1.0,1.0,1.0,1.0,1.0,1.0,1.0
471,629a5819ea0a55b8,True,1.0,1.0,0.7803230653542945,1.0,1.0,1.0,0.9084679438976228
472,fb188ed7e53552c5,True,1.0,1.0,1.0,1.0,1.0,1.0,1.0
473,3fa1e0c2313358ba,True,1.0,1.0,0.6527629803593059,1.0,1.0,0.5,0.8553179084830441
474,80767d5d26ef52bf,True,1.0,1.0,1.0,1.0,1.0,1.0,1.0
475,583f7d0d8b27513c,True,1.0,1.0,1.0,1.0,1.0,0.5,1.0
476,12f5053055935463,True,1.0,1.0,1.0,1.0,1.0,1.0,1.0
477,cdab92d3f2d955db,True,1.0,1.0,1.0,1.0,1.0,1.0,1.0
478,0d145fab90475c8f,True,1.0,1.0,0.816323353307069,1.0,1.0,1.0,0.9234680638779453
479,b7c9a2a8db7d5b48,True,1.0,1.0,0.8508627256281086,1.0,1.0,1.0,0.937859469011712
480,f03f53f19c6254b8,True,1.0,1.0,0.7606709683628228,1.0,1.0,1.0,0.9002795701511762
481,41f275bfd30e514a,True,1.0,1.0,0.9561338024601034,1.0,1.0,1.0,0.9817224176917098
482,514964ba4d115d35,True,1.0,1.0,0.6042506303532358,1.0,1.0,1.0,0.8351044293138482
483,cde748c5a6905684,True,1.0,1.0,0.9797507892631605,1.0,1.0,1.0,0.9915628288596503
484,b7922416f6935fc4,True,1.0,1.0,0.9748820471019399,1.0,1.0,1.0,0.989534186292475
485,ed69e15d85ab50a6,True,1.0,1.0,0.8154842645154646,1.0,1.0,1.0,0.9231184435481102
486,33c321ae43da54c6,True,1.0,1.0,0.6991559278953193,1.0,1.0,1.0,0.8746483032897164
487,9c26c2cea984590f,True,1.0,1.0,0.9854451676830432,1.0,1.0,1.0,0.9939354865346014
488,95effa16c4bb5c12,True,0.5,1.0,0.4691446721397346,0.0,1.0,0.0,0.18107180669577805
489,81f1c631c7325b0f,True,1.0,0.0,0.0,1.0,1.0,1.0,0.0
490,9e20b3d7da855668,True,1.0,1.0,0.8159896678840475,1.0,1.0,1.0,0.9233290282850198
491,571c1c28470e5dcc,True,1.0,1.0,0.8731303143085897,1.0,1.0,1.0,0.9471376309619123
492,a8455a10df085d45,True,1.0,1.0,0.6040608555427983,1.0,1.0,1.0,0.8350253564761659
493,fe469d42385259e2,True,1.0,1.0,0.9321338421787597,1.0,1.0,1.0,0.9717224342411499
494,0ef0e20c09865753,True,1.0,1.0,0.986331409324737,1.0,1.0,1.0,0.994304753885307
495,f064ef8fafcf5528,True,1.0,1.0,0.901735277887427,1.0,1.0,1.0,0.9590563657864278
496,78e3ba9d36dc59a0,True,1.0,1.0,1.0,1.0,1.0,1.0,1.0
497,dd6f3d80501c5026,True,1.0,0.0,0.0,1.0,1.0,1.0,0.0
498,21cef59c18245d4c,True,1.0,1.0,1.0,1.0,1.0,1.0,1.0
499,cb84621ac42a5df2,True,1.0,1.0,1.0,1.0,1.0,1.0,1.0
500,4cb4fba2908b5dbb,True,1.0,1.0,0.9509534696650459,1.0,1.0,1.0,0.9795639456937691
501,9a22009eaa1250fe,True,1.0,1.0,0.7772955896357366,1.0,1.0,1.0,0.907206495681557
502,ba63a9cd4e3f5129,True,1.0,0.0,0.0,1.0,1.0,1.0,0.0
503,9a23e7bc52e657c3,True,1.0,0.0,0.0,0.0,1.0,1.0,0.0
504,0cb51b0d4e285c55,True,1.0,1.0,1.0,1.0,1.0,1.0,1.0
505,18b76ccc45d25f5c,True,1.0,1.0,0.8369276055830139,1.0,1.0,0.0,0.9320531689929226
506,2114e7e213c45fc0,True,1.0,1.0,1.0,1.0,1.0,1.0,1.0
507,7be8784c329456b4,True,1.0,1.0,1.0,1.0,1.0,1.0,1.0
508,71729b03a1e95896,True,1.0,1.0,0.7075250987609463,1.0,1.0,1.0,0.878135457817061
509,9bb9ee9f03525ac0,True,1.0,1.0,0.7772391838123504,1.0,1.0,1.0,0.907182993255146
510,2302da9c486d5e3b,True,1.0,1.0,0.8343397752253812,1.0,1.0,1.0,0.9309749063439088
511,ecf10edba55e5595,True,1.0,1.0,0.8819569494004942,1.0,1.0,1.0,0.9508153955835392
512,551cf39c34f75b25,True,1.0,1.0,0.676688259398183,1.0,1.0,1.0,0.8652867747492429
513,6edc8f2bcb3054be,True,1.0,1.0,0.8084625736943954,1.0,1.0,1.0,0.9201927390393315
514,14fe69db03425780,True,1.0,0.0,0.0,1.0,1.0,1.0,0.0
515,7d296a6ef0955155,True,1.0,1.0,0.9349900766782764,1.0,1.0,1.0,0.9729125319492818
516,4299796c2c845718,True,1.0,1.0,0.7793463983448338,1.0,1.0,1.0,0.9080609993103473
517,492a64b807da5cfb,True,1.0,1.0,0.768011967340844,1.0,1.0,1.0,0.9033383197253517
518,e6e99834855a5f10,True,1.0,1.0,0.7175161800225311,1.0,1.0,1.0,0.8822984083427213
519,f8331125139c53d2,True,1.0,1.0,0.9364542055968313,1.0,1.0,1.0,0.9735225856653464
520,c1d95d8a3260541c,True,1.0,1.0,0.8238290160469843,1.0,1.0,1.0,0.9265954233529102
521,6e6c19ea921f550d,True,1.0,1.0,0.8697181139256372,1.0,1.0,1.0,0.9457158808023488
522,4b5fd21bc8bd5a8b,True,1.0,1.0,0.7999535476644596,1.0,1.0,1.0,0.9166473115268582
523,d35a0c5da0c55970,True,1.0,1.0,0.9745014302260794,1.0,1.0,1.0,0.989375595927533
524,b1a1b2a18fa4504f,True,1.0,1.0,0.7455277743459986,1.0,1.0,1.0,0.8939699059774995
525,530df64bb4b5533f,True,1.0,1.0,1.0,0.0,1.0,1.0,0.5833333333333334
526,0cf22b3901945e24,True,1.0,1.0,0.7842394185931412,1.0,1.0,1.0,0.9100997577471421
527,398b056b300955e1,True,1.0,1.0,1.0,1.0,1.0,1.0,1.0
528,8a46ac0d50d4505e,True,1.0,1.0,0.9939126240945437,1.0,1.0,1.0,0.9974635933727266
529,520e72270acb562a,True,1.0,1.0,0.9094512659426923,1.0,1.0,1.0,0.9622713608094552
530,a159a54ad01d5f4f,True,1.0,1.0,0.8249550870578043,1.0,1.0,1.0,0.9270646196074184
531,aa41c7c6037e5950,True,1.0,1.0,0.6292224800859431,1.0,1.0,1.0,0.8455093667024762
532,2cc526803c3250c9,True,1.0,1.0,0.9923435148710512,1.0,1.0,1.0,0.9968097978629379
533,233cd84fc1c35f3f,True,1.0,1.0,0.8365936527729406,1.0,1.0,1.0,0.9319140219887253
534,ff86cfb959e1545e,True,1.0,1.0,0.7441989641231004,1.0,1.0,1.0,0.8934162350512919
535,3cfa3f1b82885efa,True,0.0,1.0,0.0,0.0,1.0,1.0,0.0
536,7a754395c711541c,True,1.0,1.0,0.7928545194491683,1.0,1.0,1.0,0.9136893831038201
537,b77b4b6eb149553f,True,1.0,1.0,1.0,1.0,1.0,1.0,1.0
538,6239683a6e0d556d,True,1.0,1.0,1.0,1.0,1.0,1.0,1.0
539,350b10a4761e5c11,True,1.0,1.0,1.0,1.0,1.0,1.0,1.0
540,28f3ee6207ae50d6,True,1.0,1.0,0.48628547177877146,1.0,1.0,1.0,0.7859522799078213
541,a84816a320d450a6,True,1.0,1.0,0.8984339419137519,1.0,1.0,1.0,0.95768080913073
542,ed896606c8d658fc,True,1.0,1.0,0.8981348208102208,1.0,1.0,1.0,0.957556175337592
543,d1e9fac71909545f,True,1.0,1.0,1.0,1.0,1.0,1.0,1.0
544,df36523fdaeb5882,True,1.0,1.0,0.8695509763844571,1.0,1.0,1.0,0.9456462401601904
545,aaf949be7f2150df,True,1.0,1.0,0.8445488368168306,1.0,1.0,1.0,0.9352286820070127
546,fec541917e3f5029,True,1.0,1.0,0.656443296863116,1.0,1.0,1.0,0.8568513736929649
547,e377a0a97c895d9c,True,1.0,1.0,0.9948227296502413,1.0,1.0,1.0,0.9978428040209338
548,78c1a7b545cf5592,True,1.0,1.0,1.0,1.0,1.0,1.0,1.0
549,ce27f725951058f3,True,1.0,1.0,1.0,1.0,1.0,1.0,1.0
550,d5110a9cb2b352d5,True,1.0,1.0,0.6868391831682685,1.0,1.0,1.0,0.8695163263201119
551,f5e28113983e54bd,True,1.0,1.0,0.8747540819059024,1.0,1.0,1.0,0.947814200794126
552,8feb2ae5cc2451c3,True,1.0,1.0,1.0,1.0,1.0,1.0,1.0
553,bae779013dfe5537,True,1.0,1.0,0.7558607731883084,1.0,1.0,1.0,0.8982753221617951
554,64185eb977005752,True,1.0,1.0,1.0,1.0,1.0,1.0,1.0
555,05c6edc5f05c5932,True,1.0,1.0,0.7893749862695244,1.0,1.0,1.0,0.9122395776123019
556,422a764bf2dc593c,True,1.0,1.0,0.846934057880972,1.0,1.0,1.0,0.9362225241170717
557,987f5dced605588a,True,1.0,1.0,0.8551897128803175,1.0,1.0,1.0,0.939662380366799
558,d74f4eda6af854c4,True,1.0,1.0,0.7990298241978473,1.0,1.0,1.0,0.916262426749103
559,af67221644ad5bd3,True,1.0,1.0,0.6614759972429424,1.0,1.0,1.0,0.8589483321845593
560,4d50c69f430850a0,True,1.0,1.0,1.0,1.0,1.0,1.0,1.0
561,1b5521472b795718,True,0.0,0.0,0.0,0.0,1.0,1.0,0.0
562,a61ba5902ded5c56,True,1.0,1.0,0.8225574228547793,1.0,1.0,1.0,0.926065592856158
563,c87dc623a8b3564d,True,1.0,1.0,0.7180241423991109,1.0,1.0,1.0,0.8825100593329629
564,0b4617cb0ac15035,True,1.0,1.0,0.8483613308960677,1.0,1.0,1.0,0.9368172212066949
565,a9ffe9bb174851e6,True,1.0,1.0,0.8523158423219712,0.0,1.0,1.0,0.5217982676341547
566,aa7cf4712b635bb0,True,1.0,1.0,1.0,1.0,1.0,1.0,1.0
567,14976ab056005044,True,1.0,1.0,0.8237738462476824,1.0,1.0,1.0,0.9265724359365343
568,c8b9b19008605f76,True,1.0,1.0,0.8371832452145224,1.0,1.0,1.0,0.932159685506051
569,ec398c5c12055eed,True,1.0,1.0,0.9671945804991386,1.0,1.0,1.0,0.9863310752079745
570,8fc0b7212263588f,True,1.0,1.0,0.9369647096937148,1.0,1.0,1.0,0.9737352957057146
571,3e4c9c9e67545b03,True,1.0,1.0,0.6259426840082548,1.0,1.0,1.0,0.8441427850034394
572,7db6a3bd77405292,True,1.0,1.0,1.0,1.0,1.0,1.0,1.0
573,5aae47691f185a21,True,1.0,1.0,0.8433739863379737,1.0,1.0,1.0,0.9347391609741557
574,23d71fb39b0456f5,True,1.0,0.0,0.0,0.0,1.0,1.0,0.0
575,b9148aabf55250e9,True,1.0,1.0,0.6494713439423284,1.0,1.0,1.0,0.8539463933093036
576,6a5a73243cbe5f1d,True,1.0,1.0,1.0,1.0,1.0,1.0,1.0
577,1ce148cba6f35d51,True,1.0,1.0,1.0,1.0,1.0,1.0,1.0
578,8dda399c53aa5be8,True,1.0,1.0,0.9661378380715925,1.0,1.0,1.0,0.9858907658631635
579,e726c3ae361058c1,True,1.0,1.0,1.0,1.0,1.0,1.0,1.0
580,b50b8f11d75a5cb0,True,1.0,1.0,1.0,1.0,1.0,1.0,1.0
581,c0475666b2a55982,True,1.0,1.0,1.0,1.0,1.0,1.0,1.0
582,2daa400892ce5a95,True,1.0,1.0,0.5506721029319,1.0,1.0,1.0,0.8127800428882916
583,01ace31ecf365cbb,True,1.0,1.0,0.75262581628774,1.0,1.0,1.0,0.8969274234532248
584,dbff1141343a5736,True,1.0,1.0,0.8860444873944241,1.0,1.0,1.0,0.9525185364143433
585,53ed75baf8ef5022,True,1.0,1.0,0.8760066902171867,1.0,1.0,1.0,0.9483361209238277
586,66e75a9c2da75db6,True,1.0,1.0,0.8806917565552005,1.0,1.0,1.0,0.9502882318980003
587,1f248c6b5f2f5234,True,1.0,1.0,1.0,1.0,1.0,1.0,1.0
588,1a2027db44a350ff,True,1.0,0.0,0.0,1.0,1.0,1.0,0.0
589,6dca7faa6d145d77,True,1.0,1.0,0.9078319135065547,1.0,1.0,1.0,0.9615966306277312
590,07dd30b182de5fa5,True,1.0,1.0,0.5955430834074481,1.0,1.0,1.0,0.8314762847531033
591,02799c5e8bf35595,True,1.0,1.0,0.7833895876600911,1.0,1.0,1.0,0.909745661525038
592,0727a3cccad352d7,True,1.0,1.0,1.0,1.0,1.0,1.0,1.0
593,49f0872dbe1958e6,True,1.0,1.0,0.9326430606251614,1.0,1.0,1.0,0.9719346085938172
594,29c3b3019c9e535a,True,1.0,1.0,0.7369613361516792,1.0,1.0,1.0,0.8904005567298663
595,995f8bcf61f95fad,True,1.0,1.0,1.0,1.0,1.0,1.0,1.0
596,c2736d03415f515b,True,1.0,1.0,1.0,1.0,1.0,1.0,1.0
597,6704953640e55b83,True,1.0,0.0,0.0,1.0,1.0,1.0,0.0
598,ee88f3dfa73a5f65,True,1.0,1.0,1.0,1.0,1.0,1.0,1.0
599,ef300f8a9cf254bc,True,1.0,1.0,0.8566549172610536,1.0,1.0,1.0,0.9402728821921057
600,bc089c23e7f95250,True,1.0,1.0,0.9180330126939082,1.0,1.0,1.0,0.9658470886224618
601,84ec7e450e205d8f,True,1.0,1.0,0.8762402726769167,1.0,1.0,1.0,0.9484334469487153
602,003a1fdca9505c09,True,1.0,0.0,0.0,1.0,1.0,1.0,0.0
603,1947a9758e045ce9,True,1.0,1.0,1.0,1.0,1.0,1.0,1.0
604,012ca60989175c54,True,1.0,1.0,1.0,1.0,1.0,1.0,1.0
605,ff32fea658445802,True,1.0,1.0,0.8495677256408526,1.0,1.0,1.0,0.9373198856836886
606,6771ec6dba275364,True,1.0,1.0,1.0,1.0,1.0,1.0,1.0
607,58ba738c8dd15d55,True,1.0,1.0,0.9083082104150062,1.0,1.0,1.0,0.9617950876729192
608,1d2710d5bcfd52a7,True,1.0,1.0,0.7916611402221294,1.0,1.0,1.0,0.9131921417592205
609,e4007492f3d55374,True,1.0,1.0,0.9790205672801665,1.0,1.0,1.0,0.9912585697000694
610,032ae6630661521a,True,1.0,1.0,1.0,0.0,1.0,1.0,0.5833333333333334
611,779852a1160f56f9,True,1.0,1.0,0.791407400708282,1.0,1.0,1.0,0.9130864169617842
612,33bfb486ff965e4b,True,1.0,1.0,1.0,1.0,1.0,1.0,1.0
613,e1b645135dae5fe9,True,1.0,1.0,1.0,1.0,1.0,1.0,1.0
614,83fd1c194c0c5441,True,1.0,1.0,0.7979326292601084,1.0,1.0,1.0,0.9158052621917118
615,8172f888cc1f5c0f,True,1.0,1.0,0.6167359188854918,1.0,1.0,1.0,0.8403066328689549
616,315673fa4e595935,True,1.0,1.0,1.0,1.0,1.0,1.0,1.0
617,0f186e17ed445c5a,True,1.0,1.0,0.8271049248723624,1.0,1.0,1.0,0.9279603853634844
618,fa9e58947ab65890,True,1.0,1.0,0.8243272914215635,1.0,1.0,1.0,0.9268030380923181
619,01d53ccf583c5a49,True,1.0,1.0,1.0,1.0,1.0,1.0,1.0
620,9a594a58c8125976,True,1.0,1.0,0.9386584942586905,1.0,1.0,1.0,0.9744410392744545
621,6d4f69f0aabc5c4e,True,1.0,0.0,0.0,1.0,1.0,0.5,0.0
622,e83a3108893753f0,True,1.0,1.0,0.7015436976621937,1.0,1.0,1.0,0.8756432073592474
623,f68fcc74e570541d,True,1.0,1.0,0.6219933629762412,1.0,1.0,0.5,0.8424972345734338
624,94500c64b0e457bb,True,1.0,1.0,0.9079955752964657,1.0,1.0,1.0,0.9616648230401941
625,690efce01f2054a7,True,1.0,1.0,0.7998588301868744,1.0,1.0,1.0,0.9166078459111976
626,470d0eceeaf75102,True,1.0,1.0,0.9058423977058487,1.0,1.0,1.0,0.9607676657107703
627,89ad209b83755848,True,1.0,1.0,0.9203596346390428,1.0,1.0,1.0,0.9668165144329345
628,73f2ce543024548e,True,1.0,1.0,0.8499576441006034,1.0,1.0,1.0,0.9374823517085847
629,1212ba4b68e95583,True,0.0,1.0,0.0,0.0,1.0,1.0,0.0
630,23f10a2b432555b9,True,1.0,1.0,1.0,1.0,1.0,1.0,1.0
631,1ec7ff5bb8cf5477,True,1.0,1.0,1.0,0.0,1.0,1.0,0.5833333333333334
632,563fd35940785c61,True,1.0,1.0,0.8559133765838165,1.0,1.0,1.0,0.9399639069099236
633,8b3bd35b8b945918,True,1.0,1.0,0.7600623880495753,1.0,1.0,1.0,0.9000259950206564
634,a5be642219735a49,True,1.0,1.0,0.9000500960011845,1.0,1.0,1.0,0.9583542066671602
635,d90cd23a434f5c55,True,1.0,1.0,1.0,0.0,1.0,1.0,0.5833333333333334
636,63b69a3c54e95277,True,1.0,1.0,0.6694229567167639,1.0,1.0,1.0,0.8622595652986517
637,90dbd48d165958cc,True,1.0,1.0,0.9467893065888262,1.0,1.0,1.0,0.9778288777453442
638,09c56525e8e853a8,True,1.0,1.0,0.86681311084295,1.0,1.0,1.0,0.9445054628512292
639,b84c079a32635d34,True,1.0,1.0,0.7697031331049162,1.0,1.0,1.0,0.9040429721270483
640,b17966d55b335270,True,1.0,1.0,0.7887196859014103,1.0,1.0,0.5,0.9119665357922543
641,976107b532bb5301,True,1.0,1.0,0.9537230815042185,1.0,1.0,1.0,0.9807179506267577
642,70f72122f1605fa1,True,1.0,1.0,0.86414558515578,1.0,1.0,0.5,0.9433939938149084
643,508cd663b9a85228,True,1.0,1.0,0.701801151549107,1.0,1.0,1.0,0.875750479812128
644,834a7c22e2c55c71,True,1.0,1.0,0.6456267161081269,1.0,1.0,1.0,0.852344465045053
645,116a7c91c85d5b5d,True,1.0,1.0,0.990018635472837,0.0,1.0,1.0,0.5791744314470154
646,b65dbda85d085330,True,1.0,1.0,0.7049211913727875,1.0,1.0,1.0,0.8770504964053281
647,11c5f66a6657545d,True,1.0,1.0,0.8913342792641339,1.0,1.0,1.0,0.9547226163600557
648,78b4153a6d3e5b33,True,1.0,1.0,1.0,1.0,1.0,1.0,1.0
649,aea962fd9c025957,True,1.0,1.0,0.9334457934757332,1.0,1.0,1.0,0.9722690806148888
650,5f3fbfc334c0579c,True,1.0,1.0,1.0,1.0,1.0,1.0,1.0
651,a978cd72e68155b1,True,1.0,1.0,1.0,1.0,1.0,1.0,1.0
652,ec3969afeb945ddb,True,0.0,0.0,0.0,0.0,0.0,0.0,0.0
653,4e252b23d8935563,True,1.0,1.0,0.9850695076429108,1.0,1.0,1.0,0.9937789615178795
654,44c39701a6d65696,True,1.0,1.0,1.0,1.0,1.0,1.0,1.0
655,d551f73a1e4251aa,True,1.0,1.0,0.7813402612230652,1.0,1.0,0.5,0.9088917755096105
656,6919cfa3396a52ff,True,1.0,1.0,1.0,1.0,1.0,1.0,1.0
657,17c882b28a195c3d,True,1.0,1.0,0.7925857056821825,1.0,1.0,1.0,0.913577377367576
658,3b2fc0d01dbc50ce,True,1.0,1.0,1.0,1.0,1.0,1.0,1.0
659,092e56d3db8b5e24,True,1.0,1.0,0.6877316789902561,1.0,1.0,1.0,0.8698881995792734
660,971af37715285683,True,1.0,1.0,1.0,1.0,1.0,1.0,1.0
661,ebe1b48a47f356a4,True,1.0,1.0,0.7919989510371255,1.0,1.0,1.0,0.913332896265469
662,36ee69ae43b85587,True,1.0,1.0,1.0,1.0,1.0,1.0,1.0
663,a35847734fc65508,True,1.0,1.0,1.0,1.0,1.0,1.0,1.0
664,5ad18b7f7b2a52c7,True,1.0,1.0,1.0,1.0,1.0,1.0,1.0
665,7e862e783690532d,True,1.0,1.0,0.811957948699625,1.0,1.0,1.0,0.9216491452915104
666,b66db24cee7957a2,True,1.0,1.0,0.9052415427296274,1.0,1.0,1.0,0.9605173094706781
667,50a0fd7b031e5ca6,True,1.0,1.0,0.5690081822294509,1.0,1.0,1.0,0.8204200759289378
668,613c91adcbe55cd5,True,1.0,1.0,0.6520348657915511,1.0,1.0,1.0,0.8550145274131463
669,0185fc1c73c759a7,True,1.0,1.0,1.0,1.0,1.0,1.0,1.0
670,16e5aafc056f5e1e,True,1.0,1.0,1.0,1.0,1.0,1.0,1.0
671,53a22c2f65fd57d5,True,1.0,1.0,0.6603697092977602,1.0,1.0,1.0,0.8584873788740667
672,d91edafc567a5fcc,True,1.0,1.0,0.8609576572035214,1.0,1.0,1.0,0.9420656905014672
673,7e97cc0349b4590b,True,1.0,1.0,0.9217818030861941,1.0,1.0,1.0,0.9674090846192476
674,86d70bab6f1b598c,True,1.0,1.0,0.7348063266133789,1.0,1.0,1.0,0.8895026360889079
675,725cc9599c3455ad,True,1.0,1.0,1.0,1.0,1.0,1.0,1.0
676,8723bbb08b8e5cc8,True,1.0,1.0,1.0,1.0,1.0,1.0,1.0
677,8f0f0f9061b35356,True,1.0,1.0,0.7866230529052288,1.0,1.0,1.0,0.911092938710512
678,0a571473239f5c89,True,1.0,1.0,0.9327013161032156,1.0,1.0,1.0,0.9719588817096732
679,3efebf87894a552e,True,1.0,1.0,0.6903008393326029,1.0,1.0,1.0,0.8709586830552513
680,e6fd7389cbfb5943,True,1.0,1.0,1.0,1.0,1.0,1.0,1.0
681,91416eb4bba85377,True,1.0,1.0,0.8907048171030931,1.0,1.0,1.0,0.954460340459622
682,95448c5ace9e5a22,True,1.0,1.0,1.0,1.0,1.0,1.0,1.0
683,5bbd26efb97658ec,True,1.0,1.0,0.8337987544787069,1.0,1.0,0.0,0.9307494810327945
684,a0e9cbedca0a56b7,True,1.0,1.0,1.0,1.0,1.0,1.0,1.0
685,227d62f5dfd95624,True,1.0,1.0,1.0,1.0,1.0,1.0,1.0
686,cac5deee337257e1,True,1.0,0.0,0.0,1.0,1.0,1.0,0.0
687,bf23bdc36a8050f5,True,1.0,0.0,0.0,1.0,1.0,1.0,0.0
688,fe8efa6c8dc4573e,True,1.0,1.0,0.8681451775954155,1.0,1.0,1.0,0.9450604906647565
689,d08ae5bc8a435f97,True,1.0,1.0,1.0,1.0,1.0,1.0,1.0
690,c04b59204ebe55f9,True,1.0,1.0,0.7209908422050483,1.0,1.0,1.0,0.8837461842521034
691,1a243b05959f5787,True,1.0,1.0,0.7841750842881646,1.0,1.0,1.0,0.9100729517867352
692,1d359a03436458f0,True,1.0,1.0,0.6667360297556082,1.0,1.0,1.0,0.86114001239817
693,e970702e97ea50b2,True,1.0,1.0,1.0,1.0,1.0,1.0,1.0
694,666573b1628a5475,True,1.0,1.0,0.9043299588717907,1.0,1.0,1.0,0.9601374828632462
695,6cfeeb3aab5b5681,True,1.0,1.0,1.0,1.0,1.0,1.0,1.0
696,0d40059cfdf75e7a,True,1.0,1.0,0.962614166736083,1.0,1.0,1.0,0.9844225694733679
697,229e86f19e7d5ced,True,1.0,1.0,1.0,1.0,1.0,1.0,1.0
698,0145102e6c2f5803,True,1.0,1.0,0.8731644407519843,1.0,1.0,1.0,0.9471518503133268
699,dbb26055ea9351dc,True,1.0,1.0,0.7544214255653261,1.0,1.0,1.0,0.8976755939855524
700,0e272e003af65a71,True,1.0,1.0,0.5978253806167493,1.0,1.0,1.0,0.8324272419236456
701,351f4333f34258b6,True,1.0,1.0,0.9371687890953663,1.0,1.0,1.0,0.9738203287897359
702,4f61c0897822586c,True,1.0,1.0,1.0,1.0,1.0,1.0,1.0
703,fad0701870e750a5,True,1.0,0.0,0.0,0.0,1.0,1.0,0.0
704,84876bb274165ade,True,1.0,1.0,0.7903260323704728,1.0,1.0,1.0,0.9126358468210304
705,c7440ee97f0b5e75,True,1.0,0.0,0.0,1.0,1.0,1.0,0.0
706,087df0996ade50d3,True,1.0,1.0,0.8738457677811861,1.0,1.0,1.0,0.9474357365754941
707,98a0d06140945295,True,1.0,1.0,0.9288213775490534,1.0,1.0,1.0,0.9703422406454388
708,f24730f3bb525e73,True,1.0,1.0,0.8959978402200101,1.0,1.0,1.0,0.9566657667583375
709,eb872b2d7e7c52bf,True,1.0,1.0,1.0,1.0,1.0,1.0,1.0
710,a247fa5eb7b454a4,True,1.0,1.0,0.9539936611822705,1.0,1.0,1.0,0.9808306921592793
711,9bd3994107ba52bc,True,1.0,1.0,0.8407788604557694,1.0,1.0,1.0,0.9336578585232372
712,bdbb9d4559ec5bd1,True,1.0,1.0,0.9476989919366692,1.0,1.0,1.0,0.9782079133069455
713,11356a48a75c5e31,True,0.5,0.0,0.0,0.0,1.0,1.0,0.0
714,58366177d30259f5,True,1.0,1.0,0.8032200132226828,1.0,1.0,1.0,0.9180083388427844
715,72e48f99d8265b71,True,1.0,0.0,0.0,1.0,1.0,0.0,0.0
716,9320c42b53b052f0,True,1.0,1.0,0.9221389397382752,1.0,1.0,1.0,0.9675578915576146
717,958677976f9c5b0a,True,1.0,1.0,0.7278714308472768,1.0,1.0,1.0,0.8866130961863653
718,aed9613a27115d52,True,1.0,1.0,1.0,1.0,1.0,1.0,1.0
719,bd1e37aab1c7530f,True,1.0,1.0,1.0,1.0,1.0,1.0,1.0
720,c7ce79ec4bf956c4,True,1.0,1.0,0.9941425588072288,1.0,1.0,1.0,0.997559399503012
721,94652fa0c64d5846,True,1.0,1.0,0.8640314197197841,1.0,1.0,1.0,0.9433464248832434
722,e132b016eee85b16,True,1.0,1.0,0.9433700483736959,1.0,1.0,1.0,0.9764041868223732
723,74831c9ae5a15f99,True,1.0,1.0,0.5595982041572124,1.0,1.0,1.0,0.8164992517321719
724,b9db0f40e33853b3,True,1.0,1.0,0.7566594989423526,1.0,1.0,1.0,0.8986081245593137
725,9387d5660fcf5d98,True,1.0,1.0,0.8036928085905474,1.0,1.0,1.0,0.918205336912728
726,f25881a0f78f5aa9,True,1.0,1.0,1.0,1.0,1.0,1.0,1.0
727,c8bf35e6c9065d83,True,1.0,1.0,0.8117095777817733,1.0,1.0,1.0,0.9215456574090721
728,6050bcf9baab54f6,True,1.0,1.0,0.559231067087451,1.0,1.0,1.0,0.8163462779531047
729,0225c61734025867,True,1.0,1.0,0.9511508396957042,1.0,1.0,1.0,0.9796461832065434
730,be0064dac5f85957,True,1.0,1.0,0.7893525680965049,1.0,1.0,1.0,0.912230236706877
731,d05f1fb1af98505d,True,1.0,0.0,0.0,1.0,1.0,1.0,0.0
732,1bc892186af15042,True,1.0,1.0,0.8148110749665344,1.0,1.0,1.0,0.9228379479027226
733,2efcd18376fb51b7,True,1.0,1.0,0.7111678173595313,1.0,1.0,1.0,0.879653257233138
734,bb6cf07ad4a350f6,True,1.0,1.0,0.6993254594944507,1.0,1.0,1.0,0.8747189414560211
735,3d04f4c65587562b,True,1.0,1.0,0.8814462863480454,1.0,1.0,1.0,0.9506026193116855
736,8b57a471e74e573f,True,1.0,1.0,1.0,1.0,1.0,1.0,1.0
737,4d1e72e6a45853c3,True,1.0,1.0,0.9819126215989157,1.0,1.0,1.0,0.9924635923328816
738,b4bcd9085faf5842,True,1.0,1.0,0.8258067293563306,1.0,1.0,1.0,0.9274194705651378
739,54ae4b189e79541b,True,1.0,1.0,0.7555148401115946,1.0,1.0,0.5,0.8981311833798311
740,06bdef9a9bbc5aaf,True,1.0,1.0,0.7850831078524583,1.0,1.0,1.0,0.9104512949385243
741,ec64154dcf525edb,True,1.0,1.0,1.0,1.0,1.0,1.0,1.0
742,9b91401bbfad5a3e,True,1.0,1.0,0.8636685711453056,1.0,1.0,1.0,0.9431952379772106
743,6ce3e4a1792651a8,True,1.0,1.0,0.7031787128405783,1.0,1.0,1.0,0.8763244636835742
744,9b25bbac0aac5357,True,1.0,1.0,1.0,1.0,1.0,1.0,1.0
745,cf696c3ba1995fd8,True,1.0,1.0,0.7375723689794688,1.0,1.0,1.0,0.8906551537414454
746,16aa734bed8a5f81,True,1.0,1.0,0.761963441781233,1.0,1.0,1.0,0.9008181007421804
747,8cac1b4a21585010,True,1.0,1.0,0.8524384850436417,1.0,1.0,1.0,0.9385160354348508
748,8fe203611a555812,True,1.0,1.0,0.5346765936573602,1.0,1.0,1.0,0.8061152473572335
749,1013821ba47c55b3,True,1.0,1.0,0.9160030000504822,1.0,1.0,1.0,0.9650012500210342
750,06eaba80b0bf50f0,True,1.0,1.0,1.0,1.0,1.0,1.0,1.0
751,bd218550d4d35e5c,True,1.0,1.0,0.7979106643855332,1.0,1.0,1.0,0.9157961101606388
752,108fd8b55b1952af,True,1.0,1.0,1.0,1.0,1.0,1.0,1.0
753,43a4f01072795345,True,1.0,1.0,1.0,1.0,1.0,1.0,1.0
754,6cec94a1d70c5cf4,True,1.0,1.0,0.7509647144589786,1.0,1.0,1.0,0.896235297691241
755,c538fa98187053d8,True,1.0,1.0,1.0,1.0,1.0,1.0,1.0
756,c5972dc8ab5c5f70,True,1.0,1.0,1.0,1.0,1.0,1.0,1.0
757,75a8be89195651aa,True,1.0,1.0,1.0,1.0,1.0,1.0,1.0
758,feff7ece85635a65,True,1.0,1.0,0.9900021329467152,1.0,1.0,1.0,0.9958342220611313
759,335576eae9705bfc,True,1.0,1.0,0.7911464649464864,1.0,1.0,1.0,0.9129776937277027
760,b2229456008c518d,True,1.0,1.0,0.60662287677705,1.0,1.0,1.0,0.8360928653237708
761,54220704df92547d,True,1.0,1.0,0.9361026535131548,1.0,1.0,1.0,0.9733761056304813
762,b683672d37cc5001,True,1.0,1.0,0.4988058783501673,1.0,1.0,1.0,0.7911691159792363
763,03af0c992a5a5ffc,True,1.0,1.0,1.0,1.0,1.0,1.0,1.0
764,26cae32c50095246,True,1.0,1.0,0.58638961114627,1.0,1.0,1.0,0.8276623379776126
765,40c362dd278b5280,True,1.0,1.0,1.0,1.0,1.0,1.0,1.0
766,814c6b482fd850ab,True,1.0,1.0,0.9619696954964321,1.0,1.0,1.0,0.9841540397901799
767,d6f52d0bbaf5523c,True,1.0,1.0,0.7766333486025141,1.0,1.0,1.0,0.9069305619177142
768,c65ad538a2275dd8,True,1.0,1.0,0.8891681943203906,1.0,1.0,1.0,0.9538200809668295
769,b6247a5245a5554f,True,1.0,1.0,1.0,1.0,1.0,1.0,1.0
770,38cce6a01e6753ea,True,0.0,1.0,0.0,0.0,1.0,0.5,0.0
771,003ead1914c051d7,True,1.0,1.0,0.8709002391551205,1.0,1.0,1.0,0.9462084329813002
772,068a26b124475a4a,True,1.0,1.0,1.0,1.0,1.0,1.0,1.0
773,9e9e33077f375062,True,1.0,1.0,0.6820625913830283,1.0,1.0,1.0,0.8675260797429285
774,7ed454741a7f54d5,True,1.0,1.0,0.8801254107893272,1.0,1.0,1.0,0.950052254495553
775,d78ce77ffdf75554,True,1.0,1.0,1.0,1.0,1.0,1.0,1.0
776,dce06ee8c9fc572f,True,1.0,1.0,0.7214898776513163,1.0,1.0,1.0,0.8839541156880485
777,216b31d31f085114,True,1.0,1.0,0.8247136780353561,1.0,1.0,1.0,0.9269640325147317
778,40e9f6044a485b14,True,1.0,1.0,1.0,1.0,1.0,0.5,1.0
779,32454d817bcb5305,True,1.0,1.0,1.0,1.0,1.0,1.0,1.0
780,ea32cdfc9478501d,True,1.0,1.0,0.7412503039086772,1.0,1.0,1.0,0.8921876266286155
781,fae7a01d5d815f04,True,1.0,1.0,0.9869955659848311,1.0,1.0,1.0,0.9945814858270129
782,2e21fba9a22851ae,True,1.0,1.0,1.0,1.0,1.0,1.0,1.0
783,4c111cf640f258b4,True,1.0,1.0,0.6363829103910471,1.0,1.0,1.0,0.848492879329603
784,9cc2069263cc5e4a,True,1.0,1.0,1.0,1.0,1.0,1.0,1.0
785,fdee882945885aa7,True,1.0,1.0,0.8788609215387834,1.0,1.0,1.0,0.949525383974493
786,2e6dbcea86d555f4,True,1.0,1.0,0.8667949597011757,1.0,1.0,1.0,0.9444978998754898
787,b762ea96cfa75157,True,1.0,1.0,1.0,1.0,1.0,1.0,1.0
788,582ac6cc2a1758a3,True,1.0,1.0,0.7374361519256087,1.0,1.0,1.0,0.8905983966356703
789,1e04c6a2644f5c2b,True,1.0,1.0,1.0,1.0,1.0,1.0,1.0
790,3265e31c65705a5f,True,1.0,1.0,1.0,1.0,1.0,1.0,1.0
791,86c6c03a41a057d6,True,1.0,1.0,1.0,1.0,1.0,1.0,1.0
792,e49a1ec4a5af596b,True,1.0,1.0,0.8252645392061343,1.0,1.0,1.0,0.927193558002556
793,471d0206688f5e3b,True,1.0,1.0,0.6820230557701024,1.0,1.0,1.0,0.867509606570876
794,1ef49bbbadd55818,True,1.0,1.0,0.8677043318062365,1.0,1.0,1.0,0.9448768049192653
795,4b5f475a2afc5ed0,True,1.0,1.0,1.0,1.0,1.0,1.0,1.0
796,dce07c446c7955aa,True,1.0,1.0,1.0,1.0,1.0,1.0,1.0
797,3123935b28265c80,True,1.0,1.0,1.0,1.0,1.0,1.0,1.0
798,82521f61cf965167,True,1.0,1.0,0.7750935342681564,1.0,1.0,1.0,0.9062889726117319
799,28e28842e3d759da,True,1.0,1.0,0.9575548126333946,1.0,1.0,1.0,0.9823145052639144
800,7e35bd1fea5b50da,True,1.0,1.0,1.0,1.0,1.0,1.0,1.0
801,e241e150a9c157b8,True,1.0,1.0,0.6423799628695377,1.0,1.0,1.0,0.8509916511956407
802,65858c2fe6b5501f,True,1.0,1.0,1.0,1.0,1.0,1.0,1.0
803,320446eca62c59fe,True,1.0,0.0,0.0,1.0,1.0,1.0,0.0
804,64a8b055818c5bef,True,1.0,1.0,0.7003068078845082,1.0,1.0,1.0,0.8751278366185451
805,ff137d1eea555686,True,1.0,1.0,0.8571574306634292,1.0,1.0,1.0,0.9404822627764288
806,2e194d0e7a675b51,True,1.0,1.0,0.8259749110705643,1.0,1.0,1.0,0.9274895462794017
807,cc0668b663b25703,True,1.0,1.0,0.6746246297149716,1.0,1.0,1.0,0.8644269290479049
808,4b09402394995325,True,1.0,1.0,0.7089914338193087,1.0,1.0,1.0,0.8787464307580453
809,f8fd766eb013577f,True,1.0,1.0,0.9581199399760711,1.0,1.0,0.5,0.9825499749900297
810,a6b34e50b7995664,True,1.0,1.0,1.0,1.0,1.0,1.0,1.0
811,cd59c2696d01521a,True,1.0,1.0,0.7558742150862153,1.0,1.0,1.0,0.8982809229525897
812,bdf6ce6385325a58,True,1.0,1.0,0.7937074544206877,1.0,1.0,1.0,0.9140447726752865
813,646244aaa99d5c9c,True,1.0,1.0,0.9202172254922051,1.0,1.0,1.0,0.9667571772884188
814,96587a61c6c05d71,True,1.0,1.0,0.8472861634729005,1.0,1.0,1.0,0.9363692347803753
815,cd9db9ad41d35989,True,1.0,1.0,0.9566159269973573,0.0,1.0,1.0,0.5652566362488989
816,87339a4d32305504,True,1.0,0.0,0.0,1.0,1.0,1.0,0.0
817,63980d0b4c9352c4,True,1.0,1.0,0.8251294762187549,1.0,1.0,1.0,0.9271372817578145
818,7595830169065d37,True,1.0,1.0,0.6353065289431908,1.0,1.0,1.0,0.8480443870596629
819,6bea22b0ee0e5929,True,1.0,0.0,0.0,1.0,1.0,1.0,0.0
820,1ff55a9fd29a5bf5,True,1.0,1.0,0.7687290297605329,1.0,1.0,1.0,0.9036370957335554
821,52248a6939af5fd6,True,1.0,1.0,0.8011909131568715,1.0,1.0,1.0,0.9171628804820298
822,5d7e99b7eea65475,True,1.0,0.0,0.0,1.0,1.0,1.0,0.0
823,0751ef23000050f8,True,1.0,1.0,1.0,1.0,1.0,1.0,1.0
824,fa40f1c24ced584f,True,1.0,1.0,0.9031117611833578,1.0,1.0,1.0,0.9596299004930658
825,2564ab331db05cb9,True,1.0,1.0,1.0,1.0,1.0,1.0,1.0
826,b435be7b7b1b5dd4,True,1.0,1.0,1.0,1.0,1.0,1.0,1.0
827,c497ee89b6205eb8,True,1.0,1.0,0.97487488462559,1.0,1.0,1.0,0.9895312019273291
828,4dd4ae3362325296,True,1.0,1.0,1.0,1.0,1.0,1.0,1.0
829,1c542cec168557e3,True,1.0,1.0,0.6670255880884783,1.0,1.0,1.0,0.8612606617035325
830,9e898d5e24c1537e,True,1.0,1.0,0.7617264491702487,1.0,1.0,1.0,0.9007193538209369
831,70679dba8428549e,True,1.0,1.0,0.9111389170596698,1.0,1.0,1.0,0.9629745487748624
832,e99744bcd703522c,True,1.0,1.0,0.7257999499512898,1.0,1.0,1.0,0.8857499791463708
833,9e4c1639be465a8a,True,1.0,1.0,0.8025515221318921,1.0,1.0,1.0,0.9177298008882883
834,ebc294355ca753b0,True,1.0,1.0,0.6847631731364832,1.0,1.0,1.0,0.8686513221402014
835,36a229f658875a2e,True,1.0,1.0,0.9219196381671733,1.0,1.0,1.0,0.9674665159029888
836,f9f4354a1d12565d,True,1.0,1.0,1.0,1.0,1.0,1.0,1.0
837,c7a1cded8d4652e2,True,1.0,1.0,0.7670016476075576,1.0,1.0,1.0,0.9029173531698156
838,8c6aed532f8555cd,True,1.0,1.0,0.8658591295939595,1.0,1.0,1.0,0.9441079706641498
839,87b8587f94c5549a,True,1.0,1.0,1.0,1.0,1.0,1.0,1.0
840,218b80dbcd8551b8,True,1.0,1.0,0.8521431985181204,1.0,1.0,1.0,0.93839299938255
841,42a04da3bc0351e1,True,1.0,1.0,0.7535361884705065,1.0,1.0,1.0,0.8973067451960444
842,de235386b6c65ebd,True,1.0,1.0,1.0,1.0,1.0,1.0,1.0
843,60e9369e91da5d9c,True,1.0,1.0,0.7641706211669649,1.0,1.0,1.0,0.9017377588195687
844,ddc62293e7875556,True,1.0,1.0,1.0,1.0,1.0,1.0,1.0
845,1dd4683469e457c5,True,1.0,1.0,1.0,1.0,1.0,1.0,1.0
846,13cbee7dbb4853ec,True,1.0,1.0,1.0,1.0,1.0,1.0,1.0
847,0cf1a04807e1505b,True,1.0,1.0,1.0,1.0,1.0,1.0,1.0
848,51e697d3f5255ac3,True,1.0,1.0,1.0,1.0,1.0,1.0,1.0
849,9cd4479e1a9355a1,True,1.0,1.0,1.0,1.0,1.0,1.0,1.0
850,4386a0ba98f95bb3,True,1.0,1.0,0.910446731432345,1.0,1.0,1.0,0.9626861380968105
851,5d78f0d383a95860,True,1.0,1.0,0.6346044923119818,1.0,1.0,1.0,0.8477518717966591
852,06a1f481118057b2,True,1.0,1.0,0.7670051638839709,1.0,1.0,1.0,0.9029188182849879
853,27d74807a89a5268,True,1.0,1.0,1.0,1.0,1.0,1.0,1.0
854,d3cd01aa67de516f,True,1.0,1.0,0.7368910574823497,1.0,1.0,1.0,0.8903712739509789
855,f3c165d6e31f524d,True,1.0,1.0,1.0,1.0,1.0,1.0,1.0
856,ba69db6d6eb15ceb,True,1.0,1.0,0.6556939258967314,1.0,1.0,1.0,0.8565391357903046
857,c719960a45715a9c,True,1.0,1.0,0.9988239352942607,1.0,1.0,1.0,0.9995099730392752
858,1a4d88c3ccc6586d,True,1.0,1.0,0.8936892176473269,1.0,1.0,1.0,0.9557038406863861
859,2914f532ca9e56ce,True,1.0,1.0,1.0,1.0,1.0,1.0,1.0
860,45441aede44b5547,True,1.0,1.0,0.7886627183961568,1.0,1.0,1.0,0.9119427993317321
861,d0afb786443a5659,True,1.0,1.0,0.775872811881482,1.0,1.0,1.0,0.9066136716172842
862,beee170c9d8159ad,True,1.0,1.0,0.7229291956896644,1.0,1.0,1.0,0.8845538315373602
863,ac2f5c84d6fc5cdf,True,1.0,1.0,0.7701726937549265,1.0,1.0,1.0,0.904238622397886
864,c653006470bf521f,True,1.0,1.0,1.0,1.0,1.0,1.0,1.0
865,fda9b858e7e4588f,True,1.0,1.0,1.0,1.0,1.0,1.0,1.0
866,05929f9dc5d152a7,True,1.0,1.0,1.0,1.0,1.0,1.0,1.0
867,62b620262e1b5b25,True,1.0,1.0,1.0,1.0,1.0,1.0,1.0
868,3e42abec9c495419,True,1.0,1.0,0.9234803826640848,1.0,1.0,1.0,0.9681168261100354
869,5009bb0ce61b5921,True,1.0,1.0,0.9152626394740828,1.0,1.0,1.0,0.9646927664475345
870,a5851164f3ee5b71,True,1.0,1.0,0.8210618550581087,1.0,1.0,1.0,0.9254424396075454
871,c05d72324d015584,True,1.0,1.0,0.7950904899083323,1.0,1.0,1.0,0.9146210374618051
872,51d961409a285653,True,1.0,1.0,1.0,1.0,1.0,1.0,1.0
873,92bbb17b853a5aa2,True,1.0,1.0,1.0,1.0,1.0,1.0,1.0
874,91081d9b9b0452b9,True,1.0,1.0,1.0,1.0,1.0,1.0,1.0
875,53f8bc4012fe5f29,True,1.0,1.0,0.5143083846287435,1.0,1.0,1.0,0.7976284935953099
876,26eeb11cbcd9593b,True,1.0,1.0,1.0,1.0,1.0,1.0,1.0
877,fcdc1e7c917e5283,True,1.0,1.0,0.803718787529441,1.0,1.0,1.0,0.9182161614706005
878,c2ed826b31065c66,True,1.0,1.0,0.7487521192494979,1.0,1.0,1.0,0.8953133830206242
879,88f3df2443c55e59,True,1.0,1.0,0.7963828049656152,1.0,1.0,1.0,0.9151595020690063
880,940becbbb9d05594,True,1.0,1.0,1.0,1.0,1.0,1.0,1.0
881,3a2b28ef68385d75,True,1.0,1.0,1.0,1.0,1.0,1.0,1.0
882,5ab779b8a0995778,True,1.0,1.0,1.0,1.0,1.0,1.0,1.0
883,9dd982b0637453c2,True,1.0,1.0,0.679440927309509,1.0,1.0,1.0,0.8664337197122954
884,6bd6995e2a275d91,True,1.0,1.0,0.7997326752776637,1.0,1.0,1.0,0.9165552813656932
885,2e1c1db92800578d,True,1.0,1.0,1.0,1.0,1.0,1.0,1.0
886,4ac1bcffb2bb5010,True,1.0,1.0,0.9344278603360393,1.0,1.0,1.0,0.9726782751400164
887,dac84d4f931e54ab,True,1.0,1.0,0.6144829270499288,1.0,1.0,1.0,0.8393678862708036
888,934c8ac938ad5dca,True,1.0,1.0,0.7917367113245934,1.0,1.0,1.0,0.9132236297185806
889,94d74f87c8435b61,True,1.0,1.0,0.9096638217327182,1.0,1.0,1.0,0.9623599257219659
890,f9de30ccbddd50dc,True,1.0,1.0,1.0,1.0,1.0,1.0,1.0
891,96dc22c0224255ca,True,1.0,1.0,1.0,1.0,1.0,1.0,1.0
892,5a5e81f1432a51a1,True,1.0,1.0,0.5342967061478322,1.0,1.0,1.0,0.8059569608949301
893,58dd10abb9ba5388,True,1.0,0.0,0.0,1.0,1.0,1.0,0.0
894,5594163f2d8751f6,True,1.0,1.0,1.0,1.0,1.0,1.0,1.0
895,b3c7b9fbf4655722,True,1.0,1.0,0.9853024765934256,1.0,1.0,1.0,0.9938760319139274
896,e658c60a7b705bea,True,1.0,1.0,0.8742165568057227,1.0,1.0,1.0,0.9475902320023845
897,771b7e7196585f07,True,1.0,1.0,1.0,1.0,1.0,1.0,1.0
898,79ea7fb311c4574a,True,1.0,1.0,0.8465509731174942,1.0,1.0,1.0,0.9360629054656225
899,9a8acc75f4c05ace,True,1.0,1.0,0.7514480522163483,1.0,1.0,1.0,0.8964366884234783
900,2a2cb941f34b5bc4,True,1.0,0.0,0.0,1.0,1.0,1.0,0.0
901,cc5e04be1f105d15,True,1.0,1.0,0.6940688626774509,1.0,1.0,1.0,0.8725286927822712
902,83f2ecc101925a5d,True,1.0,1.0,1.0,1.0,1.0,1.0,1.0
903,d37afaf062ea5835,True,1.0,1.0,0.7177040064832503,1.0,1.0,1.0,0.882376669368021
904,d4b29b90b8af5f81,True,1.0,1.0,1.0,1.0,1.0,1.0,1.0
905,f5ebfa68c2315d0c,True,1.0,1.0,1.0,1.0,1.0,1.0,1.0
906,985e562ded345da4,True,1.0,1.0,1.0,1.0,1.0,1.0,1.0
907,7fb88e704c1a5cca,True,1.0,1.0,1.0,1.0,1.0,1.0,1.0
908,184f5d3c75275c6e,True,1.0,1.0,1.0,1.0,1.0,1.0,1.0
909,dd2d7e23754e58d3,True,1.0,1.0,0.7946337478324585,1.0,1.0,1.0,0.9144307282635245
910,68ca75d95a615a5d,True,1.0,1.0,0.8717584051662313,1.0,1.0,1.0,0.9465660021525965
911,f1106b0f8f745eae,True,1.0,1.0,0.6309002784464797,1.0,1.0,1.0,0.8462084493526998
912,608f33b279a15cfc,True,1.0,1.0,1.0,1.0,1.0,1.0,1.0
913,4dca385d371c57fb,True,1.0,1.0,0.7556993580737802,1.0,1.0,1.0,0.8982080658640751
914,22ff5ba619a250b0,True,1.0,1.0,1.0,1.0,1.0,1.0,1.0
915,c0d4412fa9f15f5b,True,1.0,1.0,0.8551149227683608,1.0,1.0,1.0,0.9396312178201504
916,ce516bdfc6e45d5b,True,1.0,1.0,0.9602014644237817,1.0,1.0,1.0,0.9834172768432424
917,0b3a16034cc35dc0,True,1.0,1.0,0.7659113934587143,1.0,1.0,1.0,0.9024630806077977
918,a071167fdae35f84,True,1.0,1.0,0.9246008374681008,1.0,1.0,1.0,0.9685836822783753
919,61c675d850d75cd1,True,1.0,1.0,0.8314992244235938,1.0,1.0,1.0,0.9297913435098307
920,542304e2baf25357,True,1.0,1.0,0.9720326074435309,1.0,1.0,1.0,0.9883469197681379
921,3de31c78c86c52b7,True,1.0,1.0,0.9347104810297995,1.0,1.0,1.0,0.9727960337624165
922,d08c7fa247395729,True,1.0,1.0,0.9964106863909362,1.0,1.0,1.0,0.9985044526628902
923,e7295df63d0751d2,True,1.0,1.0,1.0,1.0,1.0,1.0,1.0
924,bca16f667139563e,True,1.0,1.0,0.8480532517389439,1.0,1.0,1.0,0.9366888548912266
925,e000d4f7fdfb5f6b,True,1.0,0.0,0.0,1.0,1.0,1.0,0.0
926,8d0d984d4e2a5363,True,1.0,1.0,0.6014704345504096,1.0,1.0,1.0,0.833946014396004
927,2774b2c338a3500c,True,1.0,1.0,0.770001110644788,1.0,1.0,1.0,0.9041671294353284
928,5f8eb8f944eb596c,True,1.0,1.0,1.0,1.0,1.0,1.0,1.0
929,c5510354351d5d5e,True,1.0,1.0,1.0,1.0,1.0,1.0,1.0
930,8a1fa33cd5d45d48,True,1.0,1.0,0.8795466929560029,1.0,1.0,1.0,0.9498111220650012
931,d655411faf595661,True,1.0,1.0,0.9905677389979298,1.0,1.0,1.0,0.9960698912491374
932,866e7ca97d3c5548,True,1.0,1.0,0.8270406083491855,1.0,1.0,1.0,0.9279335868121606
933,b8434dfe0fbf56f0,True,1.0,1.0,0.5549821444879568,1.0,1.0,1.0,0.8145758935366487
934,b20a2f0ea9135457,True,1.0,1.0,0.8518441791634135,1.0,1.0,1.0,0.9382684079847556
935,af2b5213e6895680,True,1.0,1.0,0.8317878562885987,1.0,1.0,1.0,0.9299116067869161
936,fa8c164985255698,True,1.0,1.0,0.5618352304622667,1.0,1.0,1.0,0.8174313460259445
937,9284ea4dbd0c52ff,True,1.0,1.0,0.8072467114754432,1.0,1.0,1.0,0.9196861297814346
938,afa37504b1da59bf,True,1.0,1.0,1.0,1.0,1.0,1.0,1.0
939,2f6ef141a25657e5,True,1.0,1.0,0.8129140827625935,1.0,1.0,1.0,0.922047534484414
940,10d0706cdc655c9f,True,1.0,1.0,0.819746556779291,1.0,1.0,1.0,0.9248943986580379
941,66ccc68c8f755683,True,1.0,1.0,1.0,1.0,1.0,0.0,1.0
942,3c24bf88e9b150dd,True,1.0,1.0,0.35183313650543646,1.0,1.0,1.0,0.7299304735439319
943,0aa8c67f04b75a41,True,1.0,1.0,0.8726798147188652,1.0,1.0,1.0,0.9469499227995272
944,918d03455301591b,True,1.0,1.0,0.5599953530782029,1.0,1.0,1.0,0.8166647304492513
945,e1540b19efec5d97,True,1.0,1.0,0.8005573641086036,1.0,1.0,1.0,0.9168989017119182
946,a3b663577f605feb,True,1.0,1.0,0.8896238686500357,1.0,1.0,1.0,0.9540099452708483
947,c6ad08c8eca55275,True,1.0,1.0,0.9272019179035492,1.0,1.0,1.0,0.9696674657931456
948,18e40fd61be753b9,True,1.0,1.0,0.9621249433933304,1.0,1.0,1.0,0.9842187264138876
949,7f47c3fca9075a31,True,1.0,1.0,0.8272837649656783,1.0,1.0,1.0,0.9280349020690326
950,e61e8cbd0df957f0,True,1.0,1.0,1.0,1.0,1.0,1.0,1.0
951,1835975eaaf65843,True,1.0,1.0,1.0,1.0,1.0,1.0,1.0
952,76031bb4f8f7566d,True,1.0,1.0,1.0,1.0,1.0,1.0,1.0
953,3a84cbdfcbf554a6,True,1.0,1.0,0.5721464096902548,1.0,1.0,1.0,0.8217276707042728
954,5cfbf7afa66458c3,True,1.0,1.0,1.0,1.0,1.0,1.0,1.0
955,bb8497b5cf575e3a,True,1.0,1.0,0.8235925765167038,1.0,1.0,1.0,0.92649690688196
956,0e479a9039ef5c10,True,1.0,1.0,0.8662750601865086,1.0,1.0,1.0,0.9442812750777119
957,68559679a9bd5d3c,True,1.0,1.0,0.8422812537714713,1.0,1.0,1.0,0.934283855738113
958,150f1c76c75352cf,True,1.0,1.0,0.8153054226001465,1.0,1.0,1.0,0.9230439260833944
959,10ee9a1679d759e4,True,1.0,1.0,0.784086547324996,1.0,1.0,1.0,0.9100360613854152
960,0c3f741051575a36,True,1.0,1.0,0.8106804828126648,1.0,1.0,1.0,0.9211168678386104
961,0f71d72c3b415be6,True,1.0,1.0,0.6518920730302507,1.0,1.0,1.0,0.854955030429271
962,4c8d222d98115a86,True,1.0,1.0,1.0,1.0,1.0,1.0,1.0
963,ba13a6004a0c5f8d,True,1.0,1.0,0.716342971308637,1.0,1.0,1.0,0.8818095713785987
964,826b4daba60a5648,True,1.0,1.0,0.6332120587125769,1.0,1.0,1.0,0.8471716911302404
965,249dd85ebaa65b9f,True,1.0,1.0,0.9395839301195303,1.0,1.0,1.0,0.9748266375498043
966,04f569ff8cb3504d,True,1.0,1.0,0.7546277247057201,1.0,1.0,1.0,0.8977615519607167
967,d89e9c599cf5571b,True,1.0,1.0,0.8670311940858835,1.0,1.0,1.0,0.9445963308691181
968,86c622a3ec1255ee,True,1.0,1.0,0.7804983744417201,1.0,1.0,1.0,0.9085409893507167
969,61768c493892576d,True,1.0,1.0,0.6305140107497664,1.0,1.0,1.0,0.8460475044790693
970,312d2bf03023521a,True,1.0,1.0,0.7399056760427687,1.0,1.0,1.0,0.8916273650178203
971,e3ed22f3bc385b45,True,1.0,1.0,1.0,1.0,1.0,0.0,1.0
972,7d6a50d3acb55383,True,1.0,1.0,0.9339105052911706,1.0,1.0,1.0,0.9724627105379877
973,6c903f55bc7650e1,True,1.0,1.0,0.8818319687251759,1.0,1.0,1.0,0.9507633203021566
974,8d64d2c9f19c57c5,True,1.0,1.0,0.8372555612465243,1.0,1.0,1.0,0.9321898171860518
975,faba362f85a95b6c,True,1.0,1.0,0.9034472917521098,1.0,1.0,1.0,0.9597697048967125
976,f2acd82c43fd5490,True,1.0,1.0,1.0,1.0,1.0,1.0,1.0
977,bb7aca330b2c5ac2,True,1.0,1.0,0.7258713966943242,1.0,1.0,1.0,0.885779748622635
978,6011fd3aa3a85fa1,True,1.0,1.0,0.8549459946455806,1.0,1.0,1.0,0.9395608311023252
979,3486294123695bed,True,1.0,1.0,0.7951616934511379,1.0,1.0,1.0,0.9146507056046408
980,1e73524ff61b5a70,True,1.0,1.0,0.9389397387563764,1.0,1.0,1.0,0.9745582244818234
981,cdeb1bce85c45cb2,True,1.0,1.0,0.8928097221371475,1.0,1.0,1.0,0.9553373842238114
982,bc23c66181b15e25,True,1.0,1.0,0.9096310305204137,1.0,1.0,1.0,0.962346262716839
983,e7d1a48359b65c2d,True,1.0,1.0,0.7515416567705157,1.0,1.0,1.0,0.8964756903210481
984,1e2e250cbb555fe6,True,1.0,1.0,0.8702536476923937,1.0,1.0,1.0,0.9459390198718308
985,77b99279c5265bab,True,1.0,0.0,0.0,1.0,1.0,1.0,0.0
986,a4bf921a024f551e,True,1.0,1.0,0.8907498739284847,1.0,1.0,1.0,0.9544791141368686
987,e343f38ae86a57fd,True,1.0,1.0,1.0,1.0,1.0,1.0,1.0
988,575317389c085760,True,1.0,1.0,0.8101071264984758,1.0,1.0,1.0,0.9208779693743651
989,cb22383a26cf594e,True,1.0,1.0,1.0,1.0,1.0,1.0,1.0
990,3166dd05c45f59e8,True,1.0,1.0,1.0,1.0,1.0,1.0,1.0
991,52c1d14554bb51f5,True,1.0,1.0,0.7108368869593347,1.0,1.0,1.0,0.8795153695663895
992,c2f9c48979255481,True,1.0,1.0,1.0,1.0,1.0,1.0,1.0
993,c4e83619721455b0,True,1.0,1.0,0.5597891460397115,1.0,1.0,1.0,0.8165788108498798
994,5aafc350fc705533,True,1.0,1.0,0.8386566483560404,1.0,1.0,1.0,0.9327736034816835
995,93a5e1de2d185374,True,1.0,1.0,1.0,1.0,1.0,1.0,1.0
996,3e09a3c33726545c,True,1.0,1.0,1.0,1.0,1.0,1.0,1.0
997,90797642e4065c3c,True,1.0,1.0,0.565737242885765,1.0,1.0,1.0,0.8190571845357354
998,3fd20b372fd15206,True,1.0,1.0,0.9719549211590742,1.0,1.0,1.0,0.9883145504829476
999,7eaba7fa332d55cd,True,1.0,1.0,0.7746661877925883,1.0,1.0,1.0,0.9061109115802451
1000,bc8aad9d72385289,True,1.0,1.0,1.0,1.0,1.0,1.0,1.0
1001,185dd0f2003e5d35,True,1.0,1.0,1.0,1.0,1.0,1.0,1.0
1002,afb6f330e8665731,True,1.0,0.0,0.0,1.0,1.0,1.0,0.0
1003,bf7e92340c6454a2,True,1.0,1.0,0.785923976835566,0.0,1.0,1.0,0.4941349903481525
1004,3e1c321be4295fc7,True,1.0,0.0,0.0,1.0,1.0,0.0,0.0
1005,9215555823945665,True,1.0,1.0,0.8510668757713262,1.0,1.0,1.0,0.9379445315713859
1006,a992bba6c1d054f3,True,1.0,1.0,0.8248982473812632,1.0,1.0,1.0,0.9270409364088597
1007,ca4be8d422eb5f56,True,1.0,1.0,1.0,1.0,1.0,1.0,1.0
1008,307fee530f99569a,True,1.0,1.0,0.9616513901973672,1.0,1.0,1.0,0.9840214125822363
1009,8551466c8066505e,True,1.0,1.0,0.8341056167903856,1.0,1.0,1.0,0.9308773403293275
1010,015ef5e7f5a55db8,True,1.0,1.0,1.0,1.0,1.0,1.0,1.0
1011,1a0ce53e0a4755e5,True,1.0,1.0,0.8439794915029198,1.0,1.0,1.0,0.9349914547928831
1012,2b3383daa2175aa8,True,1.0,1.0,0.9006934629035469,1.0,1.0,1.0,0.9586222762098112
1013,a75469eea7815984,True,1.0,1.0,1.0,1.0,1.0,1.0,1.0
1014,402b6ac9448a58d7,True,1.0,1.0,0.7012638710363354,1.0,1.0,1.0,0.8755266129318064
1015,8166c5e0f62a5a19,True,1.0,1.0,0.6701120368285718,1.0,1.0,1.0,0.8625466820119049
1016,4b4c7883539d5eb9,True,1.0,1.0,1.0,1.0,1.0,1.0,1.0
1017,1b25edea36205814,True,1.0,1.0,0.5852219762355144,0.0,1.0,1.0,0.41050915676479766
1018,4e60581353585fdc,True,1.0,1.0,0.5199218164563391,1.0,1.0,1.0,0.7999674235234746
1019,ab807bda4fdd5274,True,1.0,1.0,1.0,1.0,1.0,1.0,1.0
1020,4f37ec7f0ac75960,True,1.0,1.0,0.8050710089274324,1.0,1.0,1.0,0.9187795870530969
1021,7ac6ec682a515136,True,0.0,1.0,0.0,0.0,1.0,0.5,0.0
1022,ed2103838dae5993,True,1.0,1.0,0.8548889836129872,1.0,1.0,1.0,0.9395370765054114
1023,ab872f589011527d,True,1.0,1.0,0.8975838245143338,1.0,1.0,1.0,0.957326593547639
1024,472472b9f03a5b8f,True,1.0,1.0,1.0,1.0,1.0,1.0,1.0
1025,016d6a913efa5ff1,True,1.0,1.0,0.789455387838176,1.0,1.0,1.0,0.9122730782659066
1026,0aa18dd2372d5e11,True,1.0,1.0,1.0,1.0,1.0,1.0,1.0
1027,7b2f3235b4cb5374,True,1.0,1.0,0.6488582814882033,1.0,1.0,1.0,0.8536909506200847
1028,a31780d642695a21,True,1.0,1.0,1.0,1.0,1.0,1.0,1.0
1029,fd9b227cec3d5c3f,True,1.0,1.0,0.9744056996391236,1.0,1.0,1.0,0.9893357081829682
1030,41c548e7d8aa5f1a,True,1.0,1.0,0.7098391345255285,1.0,1.0,1.0,0.879099639385637
1031,33ee6f1f594d50ca,True,1.0,1.0,1.0,0.0,1.0,1.0,0.5833333333333334
1032,81de41d688185082,True,1.0,1.0,0.8874621226770566,1.0,1.0,1.0,0.9531092177821069
1033,81410acd84c0516a,True,1.0,1.0,1.0,1.0,1.0,1.0,1.0
1034,6cc1bbadf8f25f7c,True,1.0,1.0,0.8144031964883794,1.0,1.0,1.0,0.9226679985368248
1035,b5025be9867f503e,True,1.0,1.0,0.6112113479040149,1.0,1.0,1.0,0.8380047282933395
1036,9edf148b1ed05a22,True,1.0,1.0,1.0,1.0,1.0,1.0,1.0
1037,054743e97abd5b9c,True,1.0,1.0,0.884481495241284,1.0,1.0,1.0,0.9518672896838684
1038,cba63a3ef5bc51b3,True,1.0,1.0,1.0,1.0,1.0,1.0,1.0
1039,8b31009bc5115cb5,True,1.0,1.0,1.0,1.0,1.0,0.0,1.0
1040,d8bbb945380d5d78,True,1.0,1.0,1.0,1.0,1.0,1.0,1.0
1041,742119ab3b9753a7,True,1.0,1.0,0.9710017051806438,1.0,1.0,1.0,0.9879173771586016
1042,52bc37cb7789510b,True,1.0,1.0,0.6217124006663354,1.0,1.0,1.0,0.8423801669443064
1043,09a859498436512e,True,1.0,1.0,1.0,1.0,1.0,1.0,1.0
1044,d715fbc6ea0551f8,True,1.0,0.0,0.0,1.0,1.0,1.0,0.0
1045,63873e2afca95e70,True,1.0,1.0,1.0,1.0,1.0,1.0,1.0
1046,718ebae5b23855f7,True,1.0,1.0,1.0,1.0,1.0,1.0,1.0
1047,2c3e04a929b85f30,True,1.0,1.0,0.913169014424465,1.0,1.0,1.0,0.9638204226768604
1048,a92bb2331b0e5485,True,1.0,1.0,0.762802665197618,1.0,1.0,1.0,0.9011677771656741
1049,64859d25f1b555dd,True,1.0,1.0,0.830184948603912,1.0,1.0,1.0,0.9292437285849634
1050,b83ed953a4105ddc,True,1.0,1.0,1.0,1.0,1.0,1.0,1.0
1051,6c9959c7421b59a0,True,1.0,1.0,1.0,1.0,1.0,1.0,1.0
1052,e779c1cc4ae45a84,True,1.0,1.0,1.0,1.0,1.0,1.0,1.0
1053,3296619ed0855e31,True,1.0,1.0,1.0,1.0,1.0,1.0,1.0
1054,ef6e61a4a7ed550a,True,1.0,1.0,0.8538618351950895,1.0,1.0,1.0,0.939109097997954
1055,cf3b2b1199045e08,True,1.0,1.0,0.901424803167679,1.0,1.0,1.0,0.9589270013198662
1056,4b7b765455d1517c,True,1.0,1.0,1.0,1.0,1.0,1.0,1.0
1057,19227b35432f567e,True,1.0,1.0,0.830014592885734,1.0,1.0,1.0,0.9291727470357225
1058,909655c780e152ac,True,1.0,1.0,1.0,1.0,1.0,1.0,1.0
1059,15165972946050eb,True,1.0,1.0,0.9052894441045115,1.0,1.0,1.0,0.9605372683768798
1060,198bc5f3280e52cd,True,1.0,1.0,1.0,1.0,1.0,1.0,1.0
1061,c16d549602375cc0,True,1.0,1.0,0.8740349272555524,1.0,1.0,1.0,0.9475145530231469
1062,9f191d1313c95362,True,1.0,1.0,1.0,1.0,1.0,1.0,1.0
1063,f71e5dcd9df85d97,True,1.0,0.0,0.0,1.0,1.0,1.0,0.0
1064,1709553afe405eb4,True,1.0,1.0,1.0,0.0,1.0,1.0,0.5833333333333334
1065,ddaf241c401e560a,True,1.0,1.0,0.6577188253182864,1.0,1.0,1.0,0.8573828438826193
1066,2f05406bcdd55a21,True,1.0,1.0,1.0,1.0,1.0,1.0,1.0
1067,3fb360a01b775e07,True,1.0,1.0,0.8156518303242166,1.0,1.0,1.0,0.9231882626350902
1068,f863be1a4d1d5e96,True,1.0,1.0,0.785469322790638,1.0,1.0,1.0,0.9106122178294326
1069,e6ff81ab83355450,True,1.0,1.0,0.9494357275345477,1.0,1.0,1.0,0.978931553139395
1070,7f572219da4e5fd4,True,1.0,1.0,1.0,1.0,1.0,1.0,1.0
1071,1e91e4b9af695706,True,1.0,1.0,1.0,1.0,1.0,1.0,1.0
1072,9164913b818a58b1,True,1.0,0.0,0.0,1.0,1.0,1.0,0.0
1073,29b6c8cc1e055352,True,1.0,1.0,0.7809153562036577,1.0,1.0,1.0,0.9087147317515241
1074,4749d401a5a95254,True,1.0,1.0,0.8046785996910685,1.0,1.0,1.0,0.9186160832046119
1075,9b9aa93df6b15de7,True,1.0,1.0,0.8995410050223239,1.0,1.0,1.0,0.9581420854259682
1076,3ae2ab1099d65c2a,True,1.0,1.0,0.999024200550828,1.0,1.0,1.0,0.9995934168961783
1077,b72c6ad506465ebb,True,1.0,1.0,1.0,1.0,1.0,1.0,1.0
1078,28d8f3699547568b,True,1.0,1.0,0.8486533676954504,1.0,1.0,1.0,0.9369389032064377
1079,f94d84bd174d59ce,True,1.0,1.0,1.0,1.0,1.0,1.0,1.0
1080,d2a2e2498d505b76,True,1.0,1.0,0.7565573154987056,1.0,1.0,1.0,0.8985655481244607
1081,fce6a1ea8fce5644,True,1.0,1.0,0.6453043377580836,1.0,1.0,1.0,0.8522101407325349
1082,19d9dc5184675c50,True,1.0,1.0,0.7089266248353193,1.0,1.0,1.0,0.8787194270147164
1083,7d32ec3f13b9525b,True,1.0,1.0,1.0,1.0,1.0,1.0,1.0
1084,973043f273bc5940,True,1.0,1.0,0.8667032284752203,1.0,1.0,1.0,0.9444596785313418
1085,4c53b20bf0925c0c,True,1.0,0.0,0.0,1.0,1.0,1.0,0.0
1086,43c9ac6f2bf95da0,True,1.0,1.0,1.0,1.0,1.0,1.0,1.0
1087,d2d30ecb18db52f9,True,1.0,1.0,0.7433958394178675,1.0,1.0,1.0,0.8930815997574447
1088,8084b4b0d97b5d93,True,1.0,1.0,1.0,1.0,1.0,1.0,1.0
1089,a1ecc6a16c2f5b5e,True,1.0,1.0,0.8278613136537192,1.0,1.0,1.0,0.9282755473557164
1090,8b477eda939951d6,True,1.0,0.0,0.0,1.0,1.0,1.0,0.0
1091,515b2946ba2457b5,True,1.0,0.0,0.0,1.0,1.0,1.0,0.0
1092,07b814bfc2fb565d,True,1.0,0.0,0.0,1.0,1.0,1.0,0.0
1093,72781f1cbd405769,True,1.0,1.0,0.5424614006326128,1.0,1.0,1.0,0.8093589169302553
1094,6adef8f2b0795473,True,1.0,1.0,1.0,1.0,1.0,0.5,1.0
1095,a6862e7424815856,True,1.0,1.0,1.0,1.0,1.0,1.0,1.0
1096,26101d0a7f79587c,True,1.0,1.0,1.0,1.0,1.0,1.0,1.0
1097,a1a8c4053bc7577e,True,1.0,1.0,0.8971713727556171,1.0,1.0,1.0,0.9571547386481738
1098,301f483843535f89,True,1.0,1.0,1.0,1.0,1.0,1.0,1.0
1099,0a746c037a905da7,True,1.0,1.0,0.8075907863733756,1.0,1.0,1.0,0.9198294943222397
1100,6b19d4325f075ad0,True,1.0,1.0,0.8872103488455934,1.0,1.0,1.0,0.9530043120189973
1101,4bc122716deb519f,True,1.0,1.0,1.0,1.0,1.0,1.0,1.0
1102,816c515aa3dc5462,True,1.0,1.0,0.9747152862573786,1.0,1.0,1.0,0.9894647026072411
1103,a091a6a6033c559f,True,1.0,1.0,0.7019139503541629,1.0,1.0,1.0,0.8757974793142346
1104,dd8ac2f25ac75478,True,1.0,1.0,0.8070153108423839,1.0,1.0,1.0,0.9195897128509932
1105,f4af3907bb665bf7,True,1.0,1.0,1.0,1.0,1.0,1.0,1.0
1106,f75560fb13f25476,True,1.0,1.0,1.0,1.0,1.0,0.5,1.0
1107,07bc26f4b1735347,True,1.0,1.0,0.8002404881883045,1.0,1.0,1.0,0.9167668700784602
1108,8f741adb793f51c9,True,1.0,1.0,0.815128295880486,1.0,1.0,0.5,0.9229701232835358
1109,305d73038ef35efe,True,1.0,1.0,1.0,1.0,1.0,1.0,1.0
1110,e443a0e9bbc75c69,True,1.0,1.0,0.7245685347942428,1.0,1.0,1.0,0.8852368894976012
1111,982671de6e755ca0,True,1.0,1.0,0.7253913106304689,1.0,1.0,1.0,0.8855797127626954
1112,090a482cb7335520,True,1.0,1.0,0.9245179301028675,1.0,1.0,1.0,0.9685491375428615
1113,53e360156fe05050,True,1.0,1.0,0.674216931228366,1.0,1.0,1.0,0.8642570546784859
1114,1b736bfe747b5987,True,1.0,1.0,1.0,1.0,1.0,1.0,1.0
1115,fb62cea889d654ec,True,1.0,1.0,0.8521198498382921,1.0,1.0,1.0,0.9383832707659551
1116,179ea24426e95029,True,1.0,1.0,1.0,1.0,0.0,1.0,0.8333333333333334
1117,7b2758fa57ef54b7,True,1.0,1.0,0.6140657199032638,1.0,1.0,1.0,0.8391940499596933
1118,9b20027801905b4c,True,1.0,1.0,1.0,1.0,1.0,1.0,1.0
1119,2b052ebbd7ec543b,True,1.0,1.0,1.0,1.0,1.0,0.0,1.0
1120,ac140df715d5573b,True,1.0,1.0,0.8326572653402508,1.0,1.0,1.0,0.9302738605584379
1121,afd632f043e35a49,True,1.0,0.0,0.0,1.0,1.0,1.0,0.0
1122,fbf9670a3e82519c,True,1.0,1.0,1.0,1.0,1.0,1.0,1.0
1123,2335928f0e065bca,True,1.0,1.0,1.0,1.0,1.0,1.0,1.0
1124,96af2f9a0f9352ab,True,1.0,1.0,1.0,1.0,1.0,1.0,1.0
1125,c10c52fd674f5277,True,1.0,1.0,0.830489078981049,1.0,1.0,1.0,0.929370449575437
1126,c768a604b14e5956,True,1.0,1.0,0.8253417122676191,1.0,1.0,1.0,0.9272257134448413
1127,84c2b46556315af6,True,1.0,1.0,0.7354933295808788,1.0,1.0,1.0,0.8897888873253662
1128,2ef80fbe7233514a,True,1.0,1.0,0.8410222816934024,1.0,1.0,1.0,0.9337592840389176
1129,3acfdef9ef305e77,True,1.0,1.0,1.0,1.0,1.0,1.0,1.0
1130,16c1e641b6d350b1,True,1.0,1.0,1.0,1.0,1.0,1.0,1.0
1131,b61a73309da75ac3,True,1.0,1.0,0.9127895444176329,1.0,1.0,1.0,0.9636623101740138
1132,18236bb0b875582d,True,1.0,1.0,1.0,1.0,1.0,1.0,1.0
1133,bee7eebe90dd5285,True,1.0,1.0,1.0,1.0,1.0,1.0,1.0
1134,5a3a4277dc785511,True,1.0,1.0,0.6327188573739508,1.0,1.0,1.0,0.8469661905724796
1135,6cc0563c1a0d5c3a,True,1.0,1.0,0.7971504960182156,1.0,1.0,0.5,0.9154793733409231
1136,bff29edb43425586,True,1.0,1.0,0.7689578592015309,1.0,1.0,1.0,0.9037324413339712
1137,68b64b027ed2512a,True,1.0,1.0,0.628885404736318,1.0,1.0,1.0,0.8453689186401325
1138,c20397c103e65d12,True,1.0,0.0,0.0,1.0,1.0,1.0,0.0
1139,d70f8a8eeeeb5e82,True,1.0,1.0,0.8310677849732413,1.0,1.0,1.0,0.9296115770721839
1140,8b7722d516e553ba,True,1.0,1.0,0.9798830138594647,1.0,1.0,1.0,0.9916179224414435
1141,09df1da0af885ddd,True,1.0,1.0,0.7594972838887079,1.0,1.0,1.0,0.8997905349536283
1142,330e7ebc96d05251,True,1.0,1.0,0.9477534107091966,1.0,1.0,1.0,0.9782305877954985
1143,598d8ce13c2e5452,True,1.0,1.0,0.9627371598099898,1.0,1.0,1.0,0.9844738165874958
1144,e0aee9e955b35c08,True,1.0,1.0,0.6054016436687485,1.0,1.0,1.0,0.8355840181953118
1145,4f663e3f821e5c85,True,1.0,1.0,0.9075897997083086,1.0,1.0,1.0,0.9614957498784619
1146,9e290b24dff55dff,True,1.0,1.0,0.5703638714349809,1.0,1.0,1.0,0.820984946431242
1147,859dea9ce9215b47,True,1.0,1.0,0.8143874647664229,1.0,1.0,1.0,0.9226614436526761
1148,afc395b46c2c5d7b,True,1.0,1.0,0.7701399912110254,1.0,1.0,1.0,0.9042249963379273
1149,60c9aabf696a5756,True,1.0,1.0,1.0,1.0,1.0,1.0,1.0
1150,d3193f2f5983500f,True,1.0,1.0,0.7654599504955547,1.0,1.0,1.0,0.9022749793731478
1151,76d34ae8c95156b2,True,1.0,1.0,0.8351320525291681,1.0,1.0,1.0,0.9313050218871535
1152,8220631d2c6a52f4,True,1.0,1.0,1.0,1.0,1.0,1.0,1.0
1153,b42b3012c31c5b03,True,1.0,1.0,1.0,1.0,1.0,1.0,1.0
1154,16ee6602bb5c5e99,True,1.0,1.0,1.0,1.0,1.0,1.0,1.0
1155,fe8eddd5ec8654cd,True,1.0,0.0,0.0,1.0,1.0,1.0,0.0
1156,4c3718ea056c5656,True,1.0,1.0,1.0,1.0,1.0,0.5,1.0
1157,926d8c9ced715a42,True,1.0,1.0,1.0,1.0,1.0,1.0,1.0
1158,71357a4fc5c65199,True,1.0,1.0,0.9053562049818283,1.0,1.0,1.0,0.9605650854090951
1159,52cb0688ae7c5bed,True,1.0,1.0,1.0,1.0,1.0,1.0,1.0
1160,d9f878bd57425c2c,True,1.0,1.0,0.9582597541470282,1.0,1.0,1.0,0.982608230894595
1161,bae48b8677205cad,True,1.0,1.0,1.0,1.0,1.0,1.0,1.0
1162,af7ef7050e425cb9,True,1.0,0.0,0.0,1.0,1.0,1.0,0.0
1163,dbd898b3533f5ac5,True,1.0,1.0,0.7323781377838056,1.0,1.0,1.0,0.8884908907432524
1164,055dff3e32835333,True,1.0,1.0,0.7027154895924296,1.0,1.0,1.0,0.8761314539968458
1165,93b2aee4f638552e,True,1.0,1.0,1.0,1.0,1.0,1.0,1.0
1166,a294ae1045875e02,True,1.0,1.0,0.9093268508277874,1.0,1.0,1.0,0.9622195211782447
1167,3f56f99e2cf15355,True,1.0,1.0,0.8777691162581769,1.0,1.0,1.0,0.9490704651075736
1168,687fa6fce3ab5f91,True,1.0,1.0,0.7437583019754156,1.0,1.0,1.0,0.8932326258230899
1169,150c33d5cd005743,True,1.0,1.0,1.0,1.0,1.0,1.0,1.0
1170,38afc409029551e0,True,1.0,0.0,0.0,1.0,1.0,1.0,0.0
1171,aa2c4edb15d45c84,True,1.0,0.0,0.0,1.0,1.0,1.0,0.0
1172,e10fd359f695575f,True,1.0,1.0,0.8463258003100338,1.0,1.0,1.0,0.935969083462514
1173,f65f43d44343500b,True,1.0,1.0,0.7288871237363589,1.0,1.0,1.0,0.8870363015568161
1174,737920796b595b0f,True,1.0,1.0,0.5167483192052743,1.0,1.0,1.0,0.7986451330021976
1175,7684ff2627555f4e,True,1.0,1.0,0.9977065177295906,1.0,1.0,1.0,0.9990443823873294
1176,6801df96fcdd5bd9,True,1.0,1.0,0.7153254565901842,1.0,1.0,1.0,0.8813856069125768
1177,dc7dda8b400157ef,True,1.0,1.0,0.5944832905483963,1.0,1.0,1.0,0.8310347043951651
1178,89ca9afebf9b5229,True,1.0,0.0,0.0,1.0,1.0,1.0,0.0
1179,cd9d029138325c2c,True,1.0,1.0,0.8224425646796059,1.0,1.0,1.0,0.926017735283169
1180,2a799223058c5ed7,True,1.0,1.0,0.7288946684234613,1.0,1.0,1.0,0.8870394451764422
1181,8b83388ca9005cf1,True,1.0,1.0,0.7928378645698193,1.0,1.0,1.0,0.913682443570758
1182,1678ddd4a18b5fd8,True,1.0,1.0,1.0,1.0,1.0,0.5,1.0
1183,1aa15402bceb5743,True,1.0,1.0,0.704806331669683,1.0,1.0,1.0,0.8770026381957012
1184,3a243db0d1d15fcf,True,1.0,1.0,0.7870693325539215,1.0,1.0,1.0,0.911278888564134
1185,5a03ac06c53d5b19,True,1.0,1.0,1.0,1.0,1.0,1.0,1.0
1186,36c9f5ba92385cee,True,1.0,1.0,0.8144637252141059,1.0,1.0,1.0,0.9226932188392108
1187,868e70f831cb551c,True,1.0,1.0,1.0,1.0,1.0,1.0,1.0
1188,0c931f9db55e5fcc,True,1.0,1.0,0.09265594123797738,1.0,1.0,1.0,0.6219399755158239
1189,eefc84cb86d45529,True,1.0,1.0,0.8290516007496604,1.0,1.0,1.0,0.9287715003123586
1190,33f9db8342475213,True,1.0,1.0,0.7079268661559044,1.0,1.0,1.0,0.8783028608982936
1191,6fb754e903985d44,True,1.0,1.0,0.9037262982925912,1.0,1.0,1.0,0.9598859576219129
1192,1b6ca45027e3531c,True,1.0,1.0,0.7940091481533681,0.0,1.0,1.0,0.49750381173057007
1193,0dc54a8c8203567b,True,1.0,1.0,0.7217489031781489,1.0,1.0,1.0,0.8840620429908954
1194,b657c9d393895b93,True,1.0,1.0,0.9059416832635924,1.0,1.0,1.0,0.9608090346931636
1195,50cf8d1fd8c250a5,True,1.0,1.0,0.9252003837216187,1.0,1.0,1.0,0.9688334932173411
1196,6e5a14ce293c5ae8,True,1.0,1.0,1.0,1.0,1.0,1.0,1.0
1197,c932b69d2fed5f3c,True,1.0,1.0,0.859214606430022,1.0,1.0,1.0,0.9413394193458425
1198,ac3411f9c2b8530e,True,1.0,1.0,1.0,1.0,1.0,1.0,1.0
1199,7eb910e54ef55811,True,1.0,1.0,1.0,1.0,1.0,1.0,1.0
1200,a1d53677e05456b3,True,1.0,1.0,1.0,1.0,1.0,1.0,1.0
1201,e8dd949cee3c5f30,True,1.0,1.0,0.7135683458131714,1.0,1.0,1.0,0.8806534774221548
1202,137f854539c45fe1,True,1.0,0.0,0.0,1.0,1.0,1.0,0.0
1203,d4bbe6333e6356b5,True,1.0,1.0,0.8737921944418697,1.0,1.0,1.0,0.9474134143507791
1204,a8a72fb28dc6592b,True,1.0,1.0,1.0,1.0,1.0,1.0,1.0
1205,b899b71cf6c95ff2,True,1.0,1.0,0.866001424274675,1.0,1.0,1.0,0.9441672601144478
1206,46adda2ea05a50a4,True,1.0,1.0,0.9176984485645577,1.0,1.0,1.0,0.965707686901899
1207,56a5e83ad14c558a,True,1.0,1.0,0.8044171862279096,1.0,1.0,1.0,0.9185071609282957
1208,aa22b810e3395182,True,1.0,1.0,0.9167226745049035,1.0,1.0,1.0,0.9653011143770431
1209,c2cf2b10f7e953c4,True,1.0,1.0,1.0,1.0,1.0,1.0,1.0
1210,b770bd5be66d5339,True,1.0,1.0,0.6285865445283729,1.0,1.0,1.0,0.8452443935534887
1211,27cf243155ac526c,True,1.0,1.0,0.6926684014336049,1.0,1.0,1.0,0.871945167264002
1212,52bffad1e6895ff1,True,1.0,0.0,0.0,1.0,1.0,1.0,0.0
1213,7fdfa29d75525f46,True,1.0,1.0,1.0,1.0,1.0,1.0,1.0
1214,795d49f6b8ec5f69,True,1.0,1.0,0.8417469653498492,1.0,1.0,1.0,0.9340612355624373
1215,4e021aea953652b9,True,1.0,1.0,0.5387394069116381,1.0,1.0,1.0,0.8078080862131826
1216,b11d39291cd55ed7,True,1.0,1.0,0.9264297834871477,1.0,1.0,1.0,0.9693457431196449
1217,d060c613969b5092,True,1.0,1.0,0.7628105468550697,1.0,1.0,1.0,0.9011710611896123
1218,2d264d513abb5a7d,True,1.0,0.0,0.0,0.0,1.0,1.0,0.0
1219,c6ef6a6fcd2c5466,True,1.0,1.0,0.8959136544398364,1.0,1.0,1.0,0.9566306893499318
1220,b9ef517f054450b7,True,1.0,1.0,1.0,1.0,1.0,1.0,1.0
1221,684a977a365b5e73,True,1.0,1.0,1.0,1.0,1.0,1.0,1.0
1222,e941bb5a630f58ae,True,1.0,1.0,0.5544712302575618,1.0,1.0,1.0,0.8143630126073175
1223,3c448f4385bf58e1,True,1.0,1.0,1.0,1.0,1.0,1.0,1.0
1224,75a1c2654839522e,True,1.0,1.0,0.8825386033724346,1.0,1.0,1.0,0.9510577514051811
1225,a0b0528663735dbd,True,1.0,1.0,1.0,1.0,1.0,1.0,1.0
1226,4d6e0b4cf60f5e98,True,1.0,1.0,1.0,1.0,1.0,1.0,1.0
1227,ad8f9de7692d5f59,True,1.0,1.0,0.9227932340637666,1.0,1.0,1.0,0.9678305141932361
1228,6e7339e7dc70532a,True,1.0,1.0,1.0,1.0,1.0,1.0,1.0
1229,43768792861e5c7e,True,1.0,1.0,0.7848377820093327,1.0,1.0,1.0,0.9103490758372219
1230,f42c66a9b7a456f7,True,1.0,1.0,0.9669106094424543,1.0,1.0,1.0,0.9862127539343559
1231,111191a59b9c53c2,True,1.0,1.0,0.7715448781892861,1.0,1.0,1.0,0.9048103659122025
1232,43a759f57b1d51e4,True,1.0,1.0,0.8045472566291062,1.0,1.0,1.0,0.9185613569287941
1233,1c7ccdd40a3f505a,True,1.0,1.0,1.0,1.0,1.0,1.0,1.0
1234,350a93fe67645bf1,True,1.0,1.0,0.7672131999894403,1.0,1.0,1.0,0.9030054999956002
1235,10d172af1ba359a2,True,1.0,1.0,0.8189016309205599,1.0,1.0,1.0,0.9245423462168999
1236,551ce60633b65fd0,True,1.0,1.0,0.87761327479472,1.0,1.0,1.0,0.9490055311644667
1237,ad47566ea29a57bf,True,1.0,1.0,0.5752060228947006,1.0,1.0,1.0,0.8230025095394585
1238,dd16377ecfa45fe0,True,1.0,1.0,1.0,1.0,1.0,1.0,1.0
1239,128e9fbd01125cc7,True,1.0,1.0,1.0,1.0,1.0,1.0,1.0
1240,de2c2bde3a615d75,True,1.0,1.0,0.7303042095127786,1.0,1.0,1.0,0.8876267539636578
1241,68e2e4227c355dd9,True,1.0,1.0,0.8036483256015398,1.0,1.0,1.0,0.9181868023339749
1242,5da61ef9efda5191,True,1.0,1.0,0.7700934624779803,1.0,1.0,1.0,0.9042056093658252
1243,ca7c752bcdfa5e4d,True,1.0,1.0,1.0,1.0,1.0,1.0,1.0
1244,144116b6c1e35d3e,True,1.0,1.0,0.6878530216582116,1.0,1.0,1.0,0.8699387590242549
1245,9b4cfcda4a755b05,True,1.0,1.0,0.8760108833753079,1.0,1.0,1.0,0.948337868073045
1246,e05cdac678ea503c,True,1.0,1.0,0.8311055333614885,1.0,1.0,1.0,0.9296273055672869
1247,b09d0393d8095685,True,1.0,1.0,0.6938672075609849,1.0,1.0,1.0,0.872444669817077
1248,c2ddfc9b18815c97,True,1.0,1.0,0.6909700126761184,1.0,1.0,1.0,0.871237505281716
1249,fccd90b794b15d6a,True,1.0,1.0,1.0,1.0,1.0,1.0,1.0
1250,b83f5bd6726e5996,True,1.0,1.0,0.9446783162920461,1.0,1.0,1.0,0.9769492984550192
1251,92e3a80a8f775ce2,True,1.0,1.0,0.5816258558412861,1.0,1.0,1.0,0.8256774399338692
1252,5655270788dc5fa3,True,1.0,1.0,0.6329445724980192,1.0,1.0,1.0,0.8470602385408412
1253,8072e0c324205e72,True,1.0,1.0,1.0,1.0,1.0,1.0,1.0
1254,84aa4100e3cc59c4,True,1.0,1.0,0.6019150066725824,1.0,1.0,1.0,0.8341312527802427
1255,b8d4a8d9b16859d4,True,1.0,1.0,0.91979227370118,1.0,1.0,1.0,0.9665801140421584
1256,771a9923745f59c5,True,1.0,1.0,0.9829859822683549,1.0,1.0,1.0,0.9929108259451479
1257,3bcb5a54eca95746,True,1.0,1.0,1.0,1.0,1.0,1.0,1.0
1258,da6d3b6810995466,True,1.0,0.0,0.0,1.0,1.0,1.0,0.0
1259,c0d51ca7b8af5414,True,1.0,1.0,0.7399389340037179,1.0,1.0,1.0,0.8916412225015491
1260,3aa165d52c2051e1,True,1.0,1.0,1.0,0.0,1.0,1.0,0.5833333333333334
1261,340f9f95b1e459ab,True,1.0,1.0,0.901786788801742,1.0,1.0,1.0,0.9590778286673926
1262,134c369c82f05262,True,1.0,1.0,0.9944303764702987,1.0,1.0,1.0,0.9976793235292911
1263,09e2eda76fde54ae,True,1.0,1.0,1.0,1.0,1.0,1.0,1.0
1264,840f4e28181e53d9,True,1.0,1.0,0.985569512575435,1.0,1.0,1.0,0.9939872969064313
1265,c8dc1e0c85f75036,True,1.0,1.0,1.0,1.0,1.0,1.0,1.0
1266,92135b7bae0b5259,True,1.0,1.0,0.8051542388846107,1.0,1.0,1.0,0.9188142662019212
1267,38878741cbee5e88,True,1.0,1.0,0.9250807090195649,1.0,1.0,1.0,0.968783628758152
1268,a425dd8a1b5552db,True,1.0,0.0,0.0,1.0,1.0,1.0,0.0
1269,adccdafdfc3d5e0c,True,1.0,1.0,0.8378688480685365,1.0,1.0,1.0,0.93244535336189
1270,6b258d7ddf7d53f3,True,1.0,1.0,1.0,1.0,1.0,1.0,1.0
1271,47c8c3903f245f96,True,1.0,1.0,1.0,1.0,1.0,1.0,1.0
1272,055c41d3c8e75bdc,True,1.0,1.0,0.8288504999136878,1.0,1.0,1.0,0.9286877082973698
1273,1cac49b248b05705,True,1.0,1.0,0.8137784331785328,1.0,1.0,1.0,0.9224076804910553
1274,3b5ea54bfd575d68,True,1.0,1.0,0.8056537947995771,1.0,1.0,1.0,0.9190224144998238
1275,9a9b75516db85d76,True,1.0,1.0,0.8847810945957041,1.0,1.0,1.0,0.9519921227482101
1276,0d7f280bf979592b,True,1.0,1.0,0.5746993641867898,1.0,1.0,1.0,0.8227914017444958
1277,fb2289e9d46258f2,True,1.0,1.0,0.9221405346319435,1.0,1.0,1.0,0.9675585560966432
1278,e56891a5170256f1,True,1.0,1.0,1.0,1.0,1.0,1.0,1.0
1279,aaf9003e92855b6c,True,1.0,1.0,0.8635805040807049,1.0,1.0,1.0,0.9431585433669604
1280,86c5b7af4b47513d,True,1.0,1.0,0.632805583687211,1.0,1.0,1.0,0.8470023265363379
1281,ff4f691f82915561,True,1.0,0.0,0.0,1.0,1.0,1.0,0.0
1282,b72ed3ae0ad551a8,True,1.0,1.0,0.9234534670394279,1.0,1.0,1.0,0.9681056112664282
1283,326a8c0625d856cc,True,1.0,1.0,0.6916208961117554,1.0,1.0,1.0,0.8715087067132314
1284,e3194cb3328b512f,True,1.0,1.0,1.0,1.0,1.0,1.0,1.0
1285,ae06592110305073,True,1.0,1.0,0.8320408805714085,1.0,1.0,1.0,0.9300170335714202
1286,28926b7190705b82,True,1.0,1.0,0.7274180980255376,1.0,1.0,1.0,0.8864242075106407
1287,8e958f3833835138,True,1.0,1.0,0.9282028686749991,1.0,1.0,1.0,0.9700845286145828
1288,0e7f0228aa865b5c,True,1.0,1.0,1.0,1.0,1.0,1.0,1.0
1289,8926a4661fd05f7e,True,1.0,1.0,0.8009344829198638,1.0,1.0,1.0,0.9170560345499433
1290,d016df0950fc5e69,True,1.0,1.0,0.7990551670417292,1.0,1.0,1.0,0.9162729862673871
1291,9952eefa82585b83,True,1.0,1.0,0.9077505368573129,1.0,1.0,1.0,0.961562723690547
1292,7404939e443458cc,True,1.0,1.0,1.0,1.0,1.0,1.0,1.0
1293,78a98ffdcd4b558a,True,1.0,1.0,1.0,1.0,1.0,1.0,1.0
1294,f583323fe0215871,True,1.0,1.0,0.8219318754273801,1.0,1.0,1.0,0.9258049480947417
1295,3adebc0f04ed5311,True,1.0,1.0,1.0,1.0,1.0,1.0,1.0
1296,3154180ecf9a5e67,True,1.0,1.0,0.8149584911415452,1.0,1.0,1.0,0.9228993713089771
1297,ead04653ed0c5545,True,1.0,1.0,1.0,1.0,1.0,1.0,1.0
1298,15bd04021cc75727,True,1.0,1.0,0.9252181022073134,1.0,1.0,1.0,0.9688408759197139
1299,03ec8e118cb0541d,True,1.0,1.0,1.0,1.0,1.0,1.0,1.0
1300,d14ccafb937a543a,True,1.0,1.0,0.7884086736044892,1.0,1.0,1.0,0.9118369473352038
1301,4de864abe4f255bd,True,1.0,1.0,0.9218362484516952,1.0,1.0,1.0,0.9674317701882064
1302,f70c1fa8bbfc5d77,True,1.0,1.0,0.8369914450405154,1.0,1.0,1.0,0.9320797687668815
1303,850551ecc7a35ebf,True,1.0,1.0,1.0,0.0,1.0,1.0,0.5833333333333334
1304,d2cac33c80f45434,True,1.0,1.0,0.6650888774139126,1.0,1.0,1.0,0.8604536989224636
1305,8060b1342b775188,True,1.0,1.0,0.9366547307203826,1.0,1.0,1.0,0.9736061378001594
1306,dadfddb20a29587d,True,1.0,1.0,0.961073790272029,1.0,1.0,1.0,0.9837807459466786
1307,1ebcf2ddce325598,True,1.0,1.0,1.0,1.0,1.0,1.0,1.0
1308,3c3dfd5b93dc5f54,True,1.0,1.0,0.7102266507458443,1.0,1.0,1.0,0.8792611044774352
1309,4e7cd1f8ab6353ff,True,1.0,1.0,0.8181618164038331,1.0,1.0,1.0,0.9242340901682639
1310,58dcca6583f6599e,True,1.0,1.0,0.8585803712819216,1.0,1.0,1.0,0.9410751547008006
1311,e39a79ae2ceb5829,True,1.0,1.0,0.7446200210548048,1.0,1.0,1.0,0.893591675439502
1312,b0902109adea5e0f,True,1.0,1.0,0.8541646075100976,1.0,1.0,1.0,0.9392352531292074
1313,d26771df718251d1,True,1.0,1.0,1.0,1.0,1.0,1.0,1.0
1314,0a51eebaccc95c36,True,1.0,1.0,0.8725702480613396,1.0,1.0,1.0,0.9469042700255582
1315,a7d3e71b8ca456a9,True,0.0,1.0,0.0,0.0,1.0,1.0,0.0
1316,0e9d524cb7ab5e2a,True,1.0,1.0,1.0,1.0,1.0,1.0,1.0
1317,36716a89eb9c5ef9,True,1.0,1.0,1.0,1.0,1.0,1.0,1.0
1318,0b4dfcb47cb85e89,True,1.0,1.0,0.8258672235596398,1.0,1.0,1.0,0.9274446764831833
1319,ea8ce810e307587d,True,1.0,1.0,0.7475576442729414,1.0,1.0,1.0,0.8948156851137256
1320,65ae67808d1f5de5,True,1.0,1.0,0.8680996543632661,1.0,1.0,1.0,0.9450415226513608
1321,65e41bd322a25dd1,True,1.0,1.0,0.5502101881051394,1.0,1.0,1.0,0.8125875783771415
1322,055417b420d5598f,True,1.0,1.0,0.7484061229353398,1.0,1.0,1.0,0.8951692178897249
1323,46e5a6cf37de5493,True,1.0,1.0,1.0,1.0,1.0,1.0,1.0
1324,7c0a753f5a2f5230,True,1.0,1.0,1.0,1.0,1.0,1.0,1.0
1325,990d981b1366595b,True,1.0,1.0,0.6903792466302807,1.0,1.0,1.0,0.870991352762617
1326,337a46b592e654da,True,1.0,1.0,0.9474785111140446,0.0,1.0,1.0,0.5614493796308518
1327,769a27bde35050d1,True,0.0,1.0,0.0,0.0,1.0,1.0,0.0
1328,749ac04eaa475981,True,1.0,1.0,1.0,1.0,1.0,1.0,1.0
1329,7e9f20074e1b5e68,True,1.0,1.0,0.8858674197634951,1.0,1.0,1.0,0.9524447582347896
1330,969198fbd19d59b1,True,1.0,1.0,0.7636962210815267,1.0,1.0,1.0,0.9015400921173028
1331,36a7254be1af5120,True,1.0,1.0,0.9387777677651229,1.0,1.0,1.0,0.9744907365688013
1332,cf4d1288c560569f,True,1.0,1.0,0.7762013280194274,1.0,1.0,1.0,0.9067505533414281
1333,e0657b3fd2ac5c55,True,1.0,1.0,0.810450792210287,1.0,1.0,1.0,0.9210211634209529
1334,94c7ef641e1c5dd7,True,1.0,1.0,0.8095839275986165,1.0,1.0,1.0,0.9206599698327569
1335,a41a728fda515594,True,1.0,1.0,0.7033465850682825,1.0,1.0,1.0,0.8763944104451177
1336,5a41a7f756c551ce,True,1.0,1.0,0.95264710416775,1.0,1.0,1.0,0.9802696267365625
1337,93092fbeb57f5e9a,True,1.0,1.0,1.0,0.0,1.0,1.0,0.5833333333333334
1338,8b2b4c67ddcf5c36,True,1.0,1.0,1.0,1.0,1.0,1.0,1.0
1339,d9bb15db6f025acb,True,1.0,1.0,0.7830694032608001,1.0,1.0,1.0,0.9096122513586667
1340,69966a921d43544d,True,1.0,1.0,0.9901828654628176,1.0,1.0,1.0,0.995909527276174
1341,fe132c4b31ff5fc7,True,1.0,1.0,0.673581007759232,1.0,1.0,1.0,0.8639920865663466
1342,f28cb1d6c0cf568f,True,1.0,1.0,0.8447037296045377,1.0,1.0,1.0,0.9352932206685574
1343,bbf8fd8a87565e05,True,1.0,1.0,1.0,1.0,1.0,1.0,1.0
1344,67fee242b1a35834,True,1.0,1.0,0.7806907397659192,1.0,1.0,1.0,0.908621141569133
1345,40df19739f215995,True,1.0,1.0,0.7469215862037812,1.0,1.0,1.0,0.8945506609182422
1346,5361459e4c1b5899,True,1.0,1.0,0.9553824519853596,1.0,1.0,1.0,0.9814093549938999
1347,193b39b2ec4f53af,True,1.0,1.0,0.921717283203056,1.0,1.0,1.0,0.9673822013346066
1348,d67eda0cf1305a71,True,1.0,1.0,0.7661815381586451,1.0,1.0,1.0,0.9025756408994354
1349,b31417a335cf5955,True,1.0,1.0,1.0,1.0,1.0,1.0,1.0
1350,95193473b1cb5434,True,1.0,1.0,0.8152520694299955,1.0,1.0,1.0,0.9230216955958315
1351,6e0bfaa448c5587d,True,1.0,1.0,0.6073296235157503,1.0,1.0,1.0,0.8363873431315626
1352,b53158c719675897,True,1.0,1.0,0.5836248300971341,1.0,1.0,1.0,0.8265103458738059
1353,906ad81ffb6953a5,True,1.0,1.0,0.7373653258560735,1.0,1.0,1.0,0.890568885773364
1354,50a5b2cbb4515594,True,1.0,1.0,0.7007744842589751,1.0,1.0,1.0,0.8753227017745729
1355,8d6e4249496b504c,True,1.0,1.0,0.87327456040574,1.0,1.0,1.0,0.9471977335023917
1356,dd6549a070e25b02,True,1.0,1.0,0.8572360463881996,1.0,1.0,1.0,0.9405150193284165
1357,350ef3908a9c5db6,True,1.0,1.0,1.0,1.0,1.0,1.0,1.0
1358,567469e556cf5e6b,True,1.0,1.0,0.744502576444722,1.0,1.0,1.0,0.8935427401853008
1359,228dbe4bb59c537b,True,1.0,1.0,0.9000414265013424,1.0,1.0,1.0,0.9583505943755594
1360,d471c0c48cb05f04,True,1.0,1.0,0.7891944903944745,1.0,1.0,1.0,0.9121643709976978
1361,d6a60e406ebc5b01,True,1.0,1.0,0.9223369095293195,1.0,1.0,1.0,0.9676403789705498
1362,2601ffe0d2a056be,True,1.0,1.0,1.0,1.0,1.0,1.0,1.0
1363,3f87b5859c3c525a,True,1.0,1.0,1.0,1.0,1.0,1.0,1.0
1364,3dcb4ddd8afe598d,True,1.0,1.0,0.8524033124635472,1.0,1.0,1.0,0.9385013801931447
1365,81c5dc6459f75000,True,1.0,1.0,0.9977583512737004,1.0,1.0,1.0,0.9990659796973752
1366,afbde7335ad05055,True,1.0,1.0,1.0,1.0,1.0,1.0,1.0
1367,bcbe67b78b825aec,True,1.0,1.0,1.0,1.0,1.0,1.0,1.0
1368,dac744da64d35664,True,1.0,1.0,0.8292188538216496,1.0,1.0,1.0,0.928841189092354
1369,cc65333a2182508c,True,1.0,1.0,0.5228006380878139,1.0,1.0,1.0,0.8011669325365891
1370,523ab1ffcace56f6,True,1.0,1.0,0.7152007084013506,1.0,1.0,1.0,0.8813336285005627
1371,08fc5ba619bc535c,True,1.0,1.0,1.0,1.0,1.0,1.0,1.0
1372,1f2b81cc64b45658,True,1.0,1.0,0.9476898668688792,1.0,1.0,1.0,0.9782041111953662
1373,629ad0d696ed5a25,True,1.0,1.0,0.9496980340501441,1.0,1.0,1.0,0.9790408475208934
1374,e7a838e8611f56b0,True,1.0,1.0,0.8010721902726076,1.0,1.0,1.0,0.9171134126135865
1375,005fcf3e9a125706,True,1.0,1.0,0.7065832781168979,1.0,1.0,1.0,0.8777430325487074
1376,ca18572aeb9755ba,True,1.0,1.0,0.680966832430605,1.0,1.0,1.0,0.8670695135127521
1377,fc2a5f9f60965ab9,True,1.0,1.0,1.0,1.0,1.0,1.0,1.0
1378,8b54e86cb8b05114,True,1.0,1.0,0.5751110640611623,1.0,1.0,1.0,0.8229629433588176
1379,051b3ee34e3b59ec,True,1.0,1.0,0.8450054933638094,1.0,1.0,1.0,0.9354189555682538
1380,2b4e72f733d35e89,True,1.0,1.0,1.0,1.0,1.0,1.0,1.0
1381,63070010ae7159f2,True,1.0,1.0,0.7489398406514365,1.0,1.0,1.0,0.8953916002714318
1382,b66f066aad62515e,True,1.0,1.0,0.9046101691028711,1.0,1.0,1.0,0.9602542371261963
1383,c3d78ec633fa57be,True,1.0,1.0,1.0,1.0,1.0,1.0,1.0
1384,b172a207771456f1,True,1.0,1.0,0.8522356286700832,1.0,1.0,1.0,0.938431511945868
1385,20ae5f5df50a5865,True,1.0,1.0,0.8208706845835583,1.0,1.0,1.0,0.9253627852431493
1386,d4ac0a1865ac5c25,True,1.0,1.0,1.0,1.0,1.0,1.0,1.0
1387,1ed9f27f63645f09,True,1.0,1.0,1.0,1.0,1.0,1.0,1.0
1388,cb163ff9424a5aee,True,1.0,1.0,1.0,1.0,1.0,1.0,1.0
1389,859b85899c105afc,True,1.0,1.0,1.0,1.0,1.0,1.0,1.0
1390,01b78ea52da8595a,True,1.0,1.0,0.7689757603041293,1.0,1.0,1.0,0.9037399001267206
1391,a8a743157c605bfe,True,1.0,1.0,0.6758132076046924,1.0,1.0,1.0,0.8649221698352885
1392,2dca181fa97153a0,True,1.0,1.0,0.7534619740530243,1.0,1.0,1.0,0.8972758225220935
1393,866f7eb093ac5244,True,1.0,1.0,0.7242687823449463,1.0,1.0,1.0,0.8851119926437278
1394,6162cfa976a1521f,True,1.0,1.0,1.0,1.0,1.0,1.0,1.0
1395,3b10bf025bd65e4b,True,1.0,1.0,1.0,1.0,1.0,1.0,1.0
1396,cdf6bdc01f055c77,True,1.0,1.0,0.7490791135243388,1.0,1.0,1.0,0.8954496306351412
1397,4ef621a8318b5085,True,1.0,1.0,0.9629955771498696,1.0,1.0,0.5,0.9845814904791124
1398,9ef1d618435d5e53,True,1.0,1.0,0.6617781295497013,1.0,1.0,1.0,0.8590742206457088
1399,41d8a2d6fa6853c5,True,1.0,1.0,0.8826234176172312,1.0,1.0,1.0,0.9510930906738464
1400,431ae29947e95c26,True,1.0,1.0,1.0,1.0,1.0,1.0,1.0
1401,5b7d7e1a42c95cd7,True,1.0,0.0,0.0,1.0,1.0,1.0,0.0
1402,69c991e96f74541f,True,1.0,1.0,0.8213547145806653,1.0,1.0,1.0,0.9255644644086106
1403,76473ec469ed5a65,True,1.0,1.0,0.9173517159907865,1.0,1.0,1.0,0.9655632149961612
1404,b94c811448e75d1c,True,1.0,1.0,1.0,1.0,1.0,1.0,1.0
1405,79bb6b3243f151a6,True,1.0,1.0,0.5218118505162848,1.0,1.0,1.0,0.8007549377151187
1406,de03efda68e65021,True,1.0,1.0,0.7883690464166414,1.0,1.0,1.0,0.9118204360069339
1407,7ed9d0ca20ac5e2c,True,1.0,1.0,0.9253052570346546,1.0,1.0,1.0,0.9688771904311061
1408,4b6b5bac92ae5f56,True,1.0,1.0,0.7034139651616842,1.0,1.0,1.0,0.876422485484035
1409,dd79f9aa92105761,True,1.0,1.0,0.7736572635636859,1.0,1.0,1.0,0.9056905264848693
1410,eee59dd716c05e1b,True,1.0,1.0,0.8632884979571797,1.0,1.0,1.0,0.943036874148825
1411,ed9a6ef4e38b58ec,True,1.0,1.0,0.8472926986914139,1.0,1.0,1.0,0.9363719577880891
1412,21b0b3ef9d2e59ed,True,1.0,1.0,1.0,1.0,1.0,1.0,1.0
1413,a2336870ff485514,True,1.0,1.0,1.0,1.0,1.0,1.0,1.0
1414,c06773e2267b568e,True,1.0,1.0,0.8667266580423545,1.0,1.0,1.0,0.944469440850981
1415,02ecdf935f895a86,True,1.0,1.0,0.7684670761244051,1.0,1.0,1.0,0.9035279483851687
1416,490463fd7e9e5769,True,1.0,1.0,0.6375922186214882,1.0,1.0,1.0,0.8489967577589534
1417,190808cc16cc53af,True,1.0,1.0,0.8759457998674255,1.0,1.0,1.0,0.9483107499447607
1418,871164a7e40652b5,True,1.0,1.0,0.6983615666816357,1.0,1.0,1.0,0.8743173194506815
1419,d70c87fa9c59524a,True,1.0,1.0,0.9451590604072581,1.0,1.0,1.0,0.9771496085030241
1420,c2ae8e85ce2052ff,True,1.0,1.0,1.0,1.0,1.0,1.0,1.0
1421,d7bf550698b55562,True,1.0,1.0,0.7082984462568893,1.0,1.0,1.0,0.8784576859403707
1422,cf07d06219ef5cd4,True,1.0,1.0,1.0,1.0,1.0,1.0,1.0
1423,7383ddb2fac255cb,True,1.0,1.0,0.6292371467556157,1.0,1.0,1.0,0.8455154778148399
1424,fd8d10736c675232,True,1.0,1.0,0.853726992965746,1.0,1.0,1.0,0.9390529137357274
1425,a5ee1632a31556a1,True,1.0,1.0,0.818446127835869,1.0,1.0,1.0,0.9243525532649454
1426,63c33ef5af265f74,True,1.0,1.0,0.6594949730907409,1.0,1.0,1.0,0.8581229054544753
1427,07fb7a73409e53cf,True,1.0,1.0,1.0,1.0,1.0,1.0,1.0
1428,6a13232f3c97575a,True,1.0,1.0,0.8023979880189728,1.0,1.0,1.0,0.9176658283412387
1429,39dba8a42eaa5ea0,True,1.0,1.0,1.0,1.0,1.0,1.0,1.0
1430,5d7c7edca69d5e73,True,1.0,1.0,1.0,0.0,1.0,0.5,0.5833333333333334
1431,6af6e8242e045406,True,1.0,1.0,0.8758706256359003,1.0,1.0,1.0,0.9482794273482918
1432,6157148c5fa25838,True,1.0,1.0,0.9769988980766018,1.0,1.0,1.0,0.9904162075319173
1433,ab8034dd8873524b,True,1.0,1.0,0.8748056573501243,1.0,1.0,1.0,0.9478356905625519
1434,375d03a139615179,True,1.0,0.0,0.0,1.0,1.0,1.0,0.0
1435,a0be9e4c6cc15ec7,True,1.0,1.0,0.6642152650776079,1.0,1.0,1.0,0.8600896937823367
1436,08a8fc71ab1b57c2,True,1.0,1.0,0.7265220925377052,1.0,1.0,1.0,0.8860508718907104
1437,d69b6aacdd0459e3,True,1.0,1.0,1.0,1.0,1.0,1.0,1.0
1438,43e7125800a6532c,True,1.0,1.0,0.8194057728395858,1.0,1.0,1.0,0.9247524053498274
1439,28345af8c4505291,True,1.0,1.0,0.8824261658763188,1.0,1.0,1.0,0.9510109024484662
1440,f99992756cbb5adb,True,1.0,0.0,0.0,1.0,1.0,1.0,0.0
1441,d8acd89d5cc95e9a,True,1.0,1.0,0.9326294987865742,1.0,1.0,1.0,0.9719289578277394
1442,0d93c2f3442752d9,True,1.0,1.0,0.9148339541646314,1.0,1.0,1.0,0.9645141475685964
1443,b7215e8a4eb6552a,True,1.0,1.0,0.7225536409117529,1.0,1.0,1.0,0.8843973503798971
1444,62c0730b5f435548,True,1.0,1.0,0.8141607090768278,1.0,1.0,1.0,0.922566962115345
1445,5e96a7620956567a,True,1.0,1.0,0.9102896616491101,1.0,1.0,1.0,0.9626206923537959
1446,cbec1eda814e5065,True,1.0,1.0,1.0,1.0,1.0,1.0,1.0
1447,835d02f9df8d5117,True,1.0,1.0,1.0,1.0,1.0,1.0,1.0
1448,83a4e663032f5c9a,True,1.0,1.0,0.5348383051767533,1.0,1.0,1.0,0.8061826271569806
1449,eeee7091fa995250,True,1.0,1.0,0.8125401646140158,1.0,1.0,1.0,0.9218917352558399
1450,9d423dea34235b41,True,1.0,1.0,1.0,1.0,1.0,1.0,1.0
1451,4907817195ff5d6f,True,1.0,1.0,0.866950284959642,1.0,1.0,1.0,0.9445626187331841
1452,a1e689b17ca65053,True,1.0,1.0,0.7205623029231095,1.0,1.0,1.0,0.8835676262179623
1453,3580cf9f59395963,True,1.0,1.0,0.936624178709505,1.0,1.0,1.0,0.9735934077956271
1454,bc842040229c5e52,True,1.0,1.0,0.8565895380396793,1.0,1.0,1.0,0.9402456408498664
1455,5474ade2411457f3,True,1.0,1.0,1.0,1.0,1.0,1.0,1.0
1456,a0ce26a6f335530d,True,1.0,1.0,1.0,1.0,1.0,1.0,1.0
1457,80ae852346955098,True,1.0,1.0,0.7238114915514491,1.0,1.0,1.0,0.8849214548131038
1458,5fe951e403f25012,True,1.0,1.0,0.7713863739732164,1.0,1.0,1.0,0.9047443224888402
1459,803569f800575929,True,1.0,1.0,0.8091669661279989,1.0,1.0,1.0,0.9204862358866661
1460,d9d78961c83a5acb,True,1.0,1.0,0.9977569810252201,1.0,1.0,1.0,0.9990654087605084
1461,e90d6c211deb5f05,True,1.0,1.0,1.0,1.0,1.0,1.0,1.0
1462,80722f66bc3b54c0,True,1.0,1.0,0.7645394779208847,1.0,1.0,1.0,0.9018914491337019
1463,16d4835b75b05efb,True,1.0,1.0,0.7773227926758598,1.0,1.0,1.0,0.9072178302816082
1464,cdb1d43f01565d9c,True,1.0,1.0,0.8512650695120688,1.0,1.0,1.0,0.9380271122966954
1465,b619e01b47775ec5,True,1.0,1.0,0.7047715038656419,1.0,1.0,1.0,0.8769881266106841
1466,58c61cbce5825c91,True,1.0,0.0,0.0,1.0,1.0,1.0,0.0
1467,2d723f3d7b9458b8,True,1.0,1.0,0.8335356154719793,1.0,1.0,1.0,0.9306398397799914
1468,cc2587bf27c75cc2,True,1.0,1.0,1.0,1.0,1.0,1.0,1.0
1469,57af94e8290254bb,True,1.0,1.0,1.0,1.0,1.0,1.0,1.0
1470,0c91824ce1e65b6e,True,1.0,1.0,0.6764936251683977,1.0,1.0,1.0,0.865205677153499
1471,d30c567171635154,True,0.0,1.0,0.0,0.0,1.0,1.0,0.0
1472,ff6f020133855f6a,True,1.0,1.0,1.0,1.0,1.0,0.5,1.0
1473,02f1ad081f41550e,True,0.0,1.0,0.0,1.0,1.0,1.0,0.0
1474,f1f69cb418a05b54,True,1.0,1.0,0.8839039806837159,1.0,1.0,1.0,0.9516266586182148
1475,7d99843a72555dd3,True,1.0,1.0,1.0,1.0,1.0,1.0,1.0
1476,b14d21a164615e3e,True,1.0,1.0,1.0,1.0,1.0,1.0,1.0
1477,fc8de9b657805f00,True,1.0,1.0,0.8362924975382265,1.0,1.0,1.0,0.9317885406409276
1478,83e42a2487695ac5,True,1.0,1.0,0.8634136280460837,1.0,1.0,1.0,0.9430890116858682
1479,082dba79a46d57b2,True,1.0,1.0,1.0,1.0,1.0,1.0,1.0
1480,a7cf529d15425b63,True,1.0,1.0,1.0,1.0,1.0,1.0,1.0
1481,2be07b9c94db5de7,True,1.0,1.0,0.8495724680177572,1.0,1.0,1.0,0.9373218616740656
1482,9d4e4e721d77503e,True,1.0,1.0,0.8516756935630833,1.0,1.0,1.0,0.9381982056512846
1483,6376b9b848385361,True,1.0,1.0,1.0,1.0,1.0,1.0,1.0
1484,a38bd3c8068d5ebb,True,1.0,1.0,1.0,1.0,1.0,1.0,1.0
1485,62aefe5efb00563f,True,1.0,1.0,0.8418755676486129,1.0,1.0,1.0,0.9341148198535887
1486,2754e05ff9d35719,True,1.0,1.0,0.7466058357721415,1.0,1.0,1.0,0.8944190982383923
1487,fe61cae0e4ae5f1a,True,1.0,1.0,0.6916831368369638,1.0,1.0,1.0,0.871534640348735
1488,dcfc13ba3a4150a6,True,1.0,1.0,1.0,1.0,1.0,1.0,1.0
1489,105e820419e05224,True,1.0,1.0,0.8722668561803991,1.0,1.0,1.0,0.946777856741833
1490,b8e377d0f7b95014,True,1.0,1.0,0.7509185940696934,1.0,1.0,1.0,0.8962160808623723
1491,684ac2e9651d5e63,True,1.0,1.0,0.6163723302701889,1.0,1.0,1.0,0.8401551376125788
1492,5491f2f619e25dfb,True,1.0,1.0,0.8246197798667305,1.0,1.0,1.0,0.9269249082778043
1493,6058f9d8998e5a95,True,1.0,1.0,0.5494257027408557,1.0,1.0,1.0,0.8122607094753566
1494,c8629b9dd63e56ad,True,1.0,0.0,0.0,1.0,1.0,1.0,0.0
1495,ac2da3da332b5a04,True,1.0,1.0,0.6241143783152978,1.0,1.0,1.0,0.8433809909647074
1496,fb643a2514195bfa,True,1.0,1.0,1.0,0.0,1.0,1.0,0.5833333333333334
1497,e758a9ddb8a85469,True,1.0,1.0,1.0,1.0,1.0,1.0,1.0
1498,d16db4733f1e5524,True,1.0,1.0,0.7440117286809602,1.0,1.0,1.0,0.8933382202837334
1499,792d9ff087745f33,True,1.0,1.0,0.8501870729937013,1.0,1.0,1.0,0.937577947080709
1500,6316ea076a0e597f,True,1.0,1.0,0.8629933697360734,1.0,1.0,1.0,0.9429139040566973
1501,09be81c492625fd5,True,1.0,1.0,0.7770033955643253,1.0,1.0,1.0,0.9070847481518022
1502,96b5b1c350745a73,True,1.0,1.0,0.955167844341654,1.0,1.0,1.0,0.9813199351423559
1503,fb311858e737556d,True,1.0,1.0,0.6471815394848903,1.0,1.0,1.0,0.8529923081187043
1504,8eeeb7c3d5b158d8,True,1.0,1.0,1.0,1.0,1.0,1.0,1.0
1505,fb43d35afc375bb2,True,1.0,1.0,1.0,1.0,1.0,1.0,1.0
1506,8e9d920cd8595185,True,1.0,1.0,0.7208575446220233,0.0,1.0,1.0,0.4670239769258431
1507,a9c6cd5519815308,True,1.0,1.0,1.0,1.0,1.0,1.0,1.0
1508,c5af9333bf63510d,True,1.0,1.0,0.7722391150745412,1.0,1.0,1.0,0.9050996312810589
1509,2d7a04e2df2d5bd3,True,1.0,1.0,0.8669062127933546,1.0,1.0,1.0,0.9445442553305643
1510,718c914ede2f5229,True,1.0,1.0,0.7967174546549214,1.0,1.0,1.0,0.9152989394395505
1511,c284f9a1803f585f,True,1.0,1.0,1.0,1.0,1.0,1.0,1.0
1512,5d5dfc678c9759a1,True,1.0,1.0,0.7653673339381166,1.0,1.0,1.0,0.9022363891408819
1513,495a149c042a5636,True,1.0,1.0,1.0,1.0,1.0,1.0,1.0
1514,6247bc8d9df7529d,True,1.0,1.0,1.0,1.0,1.0,1.0,1.0
1515,ddd3fc0cf919567b,True,1.0,1.0,1.0,1.0,1.0,1.0,1.0
1516,277c41e4b5d858f1,True,1.0,1.0,0.8440859546329174,1.0,1.0,1.0,0.9350358144303822
1517,d360ce59cdc15efc,True,1.0,0.0,0.0,1.0,1.0,1.0,0.0
1518,7fded53ec049537a,True,1.0,1.0,1.0,1.0,1.0,1.0,1.0
1519,ae821f2ac8d55180,True,1.0,1.0,0.9900737068013924,1.0,1.0,1.0,0.9958640445005802
1520,01a58976a2e45a3d,True,1.0,1.0,1.0,1.0,1.0,1.0,1.0
1521,c1b38e62a97d590d,True,1.0,1.0,0.7471281738620557,1.0,1.0,1.0,0.8946367391091897
1522,9c0b17fc7987544e,True,1.0,1.0,0.714323104895868,1.0,1.0,1.0,0.8809679603732784
1523,83ec4461559c5388,True,1.0,1.0,1.0,1.0,1.0,1.0,1.0
1524,3e941f8f03c1512d,True,1.0,1.0,0.9022198457093376,1.0,1.0,1.0,0.9592582690455572
1525,910198c6086a5a34,True,1.0,1.0,0.7525481047275021,1.0,1.0,1.0,0.8968950436364592
1526,fd676fd01e475e33,True,1.0,1.0,1.0,1.0,1.0,1.0,1.0
1527,6545ea70cb285327,True,1.0,1.0,0.9805454504359442,1.0,1.0,1.0,0.9918939376816435
1528,69e0bc4a585d504a,True,1.0,1.0,0.7041900497635609,1.0,1.0,1.0,0.8767458540681504
1529,fe6105aa925d5621,True,1.0,1.0,1.0,1.0,1.0,0.0,1.0
1530,c7215f0ccee350f8,True,1.0,1.0,0.7907907903498497,1.0,1.0,1.0,0.912829495979104
1531,98527843384f5f43,True,1.0,1.0,0.8869092212664014,1.0,1.0,1.0,0.9528788421943339
1532,b86152f6ab29580e,True,1.0,1.0,0.7836322508657457,1.0,1.0,1.0,0.9098467711940607
1533,eb0095eae628560d,True,1.0,1.0,0.9805615258468006,1.0,1.0,1.0,0.9919006357695003
1534,807f6b90b60d5685,True,0.0,1.0,0.0,0.0,1.0,1.0,0.0
1535,20f1de62f5795dab,True,1.0,1.0,1.0,1.0,1.0,1.0,1.0
1536,31013d67978e5284,True,1.0,1.0,0.8066776487342083,1.0,1.0,1.0,0.9194490203059201
1537,c7fe7790d2225990,True,1.0,1.0,1.0,1.0,1.0,1.0,1.0
1538,44cedd469129548d,True,1.0,1.0,0.8352584270103695,1.0,1.0,1.0,0.9313576779209872
1539,83158ad924fc506c,True,1.0,1.0,1.0,1.0,1.0,1.0,1.0
1540,7c33d9bd65e956e1,True,1.0,1.0,1.0,1.0,1.0,1.0,1.0
1541,6360aa4dd01151c3,True,1.0,0.0,0.0,1.0,1.0,1.0,0.0
1542,d4278d63cd605813,True,1.0,1.0,0.7772102761248068,1.0,1.0,1.0,0.9071709483853362
1543,54169f6efe825b79,True,1.0,1.0,1.0,1.0,1.0,1.0,1.0
1544,63f6c401c24557e1,True,1.0,1.0,0.8935315029077734,1.0,1.0,1.0,0.9556381262115723
1545,26a1ceab4d455a77,True,1.0,0.0,0.0,1.0,1.0,1.0,0.0
1546,51ed8d0e57055ed3,True,1.0,1.0,0.7800598088101869,1.0,1.0,1.0,0.9083582536709112
1547,e34d17f003a052f5,True,1.0,1.0,1.0,1.0,1.0,1.0,1.0
1548,8db7275969855f22,True,1.0,1.0,1.0,1.0,1.0,1.0,1.0
1549,8b80580ff95254e8,True,1.0,1.0,0.934301927774937,1.0,1.0,1.0,0.972625803239557
1550,3b2f051d7b9553e9,True,1.0,1.0,0.832448070043414,1.0,1.0,1.0,0.9301866958514226
1551,b0b461ce7bd959ec,True,1.0,1.0,0.8645782637519603,1.0,1.0,1.0,0.9435742765633167
1552,75c7777c6f415535,True,1.0,0.0,0.0,1.0,1.0,1.0,0.0
1553,7231c4ecc0395010,True,1.0,1.0,0.8657398954315888,1.0,1.0,1.0,0.944058289763162
1554,bfbc82c4f65a5208,True,1.0,1.0,1.0,1.0,1.0,1.0,1.0
1555,2a6936d84bda531f,True,1.0,1.0,1.0,1.0,1.0,1.0,1.0
1556,a1ac8820c36e51c3,True,1.0,1.0,1.0,1.0,1.0,1.0,1.0
1557,71e2924dcf525bc7,True,1.0,1.0,0.6372591233629568,1.0,1.0,1.0,0.8488579680678986
1558,f17ee11904385731,True,1.0,1.0,0.8294880562147321,1.0,1.0,1.0,0.9289533567561383
1559,ab845dd1ff3c522d,True,1.0,1.0,0.8989868830252876,1.0,1.0,1.0,0.9579112012605364
1560,d7b1349fb4775cc1,True,1.0,1.0,0.6203177384371362,1.0,1.0,1.0,0.84179905768214
1561,0af18cfd826c5086,True,1.0,1.0,0.7799592836255276,1.0,1.0,1.0,0.9083163681773031
1562,2d0c8a7a065e5995,True,1.0,1.0,0.7838183204169419,1.0,1.0,1.0,0.9099243001737257
1563,7e5bb23808a850ca,True,1.0,1.0,1.0,1.0,1.0,1.0,1.0
1564,f5d967a1fedb5e3b,True,1.0,1.0,0.8179929070154675,1.0,1.0,1.0,0.9241637112564448
1565,22b526a96ad65c88,True,1.0,1.0,0.7732226572947462,1.0,1.0,1.0,0.9055094405394776
1566,28ef9307f6035143,True,1.0,1.0,0.5736745060859704,1.0,1.0,1.0,0.822364377535821
1567,43fe2321124251d3,True,1.0,1.0,1.0,1.0,1.0,1.0,1.0
1568,1c064ec24fa15900,True,1.0,1.0,0.8530196835191441,1.0,1.0,1.0,0.93875820146631
1569,d849d3813e3052d0,True,1.0,1.0,0.8128664744604838,1.0,1.0,1.0,0.9220276976918682
1570,36610114f460541b,True,1.0,1.0,0.8732858989802774,1.0,1.0,1.0,0.9472024579084489
1571,9f105aba36355fe1,True,1.0,1.0,0.81921183629954,1.0,1.0,1.0,0.9246715984581417
1572,8693307093e0553b,True,1.0,0.0,0.0,1.0,1.0,1.0,0.0
1573,c240593c969a5cfc,True,1.0,1.0,1.0,1.0,1.0,1.0,1.0
1574,0ceeda78f4745942,True,1.0,1.0,0.7319216096657257,1.0,1.0,1.0,0.8883006706940524
1575,15bc35249e5656b6,True,1.0,1.0,0.7825579552896321,1.0,1.0,1.0,0.9093991480373468
1576,611576c7588c543b,True,1.0,1.0,0.9133661006915752,1.0,1.0,1.0,0.963902541954823
1577,5b707d3c85dd5ff0,True,1.0,1.0,0.6194825126635766,1.0,1.0,1.0,0.841451046943157
1578,6123057c78785150,True,1.0,1.0,1.0,1.0,1.0,1.0,1.0
1579,c9c7f9354f935514,True,1.0,1.0,0.8930136986226146,1.0,1.0,1.0,0.9554223744260893
1580,d74329969d1155bf,True,1.0,1.0,0.9933358669972799,0.0,1.0,1.0,0.5805566112488666
1581,722ad5b3698c52c6,True,1.0,1.0,1.0,1.0,1.0,1.0,1.0
1582,c54227acd96156e1,True,1.0,1.0,0.8618804333466591,1.0,1.0,1.0,0.942450180561108
1583,9f1d535f158c5758,True,1.0,1.0,1.0,1.0,1.0,1.0,1.0
1584,da1a3756e4465c03,True,1.0,1.0,0.9662599274686923,1.0,1.0,1.0,0.9859416364452884
1585,333ba3fb0fc85da9,True,1.0,1.0,0.8400674199205631,1.0,1.0,1.0,0.9333614249669013
1586,9a38ba16ae8d57be,True,1.0,1.0,1.0,1.0,1.0,1.0,1.0
1587,651f88b4c46e50a2,True,1.0,1.0,0.9922800506670725,1.0,1.0,1.0,0.9967833544446135
1588,7f02ca014f7253db,True,1.0,1.0,0.6157792185333035,1.0,1.0,1.0,0.8399080077222099
1589,ed534c3b8d86515e,True,1.0,1.0,0.8606200851727773,1.0,1.0,1.0,0.9419250354886572
1590,01b9125ad835592f,True,1.0,1.0,1.0,1.0,1.0,1.0,1.0
1591,831a14b3c0bb5c50,True,1.0,1.0,0.8481564364542061,1.0,1.0,1.0,0.9367318485225858
1592,171ac85821875613,True,1.0,1.0,0.7613701971407393,1.0,1.0,1.0,0.9005709154753081
1593,f001f00535065622,True,1.0,1.0,0.8335713185810045,1.0,1.0,1.0,0.9306547160754185
1594,14c2bb3737ab519c,True,1.0,1.0,0.604889623847696,1.0,1.0,1.0,0.8353706766032066
1595,f233f263a7e75621,True,1.0,0.0,0.0,1.0,1.0,1.0,0.0
1596,b97a9b788ef8540c,True,1.0,1.0,0.7810830118531235,1.0,1.0,1.0,0.9087845882721348
1597,0f24ec666e145cab,True,1.0,1.0,0.8798611492688586,1.0,1.0,1.0,0.949942145528691
1598,f12f96257dce5e91,True,1.0,1.0,0.6991994504009593,1.0,1.0,1.0,0.8746664376670664
1599,29560d02d4615d4c,True,1.0,0.0,0.0,1.0,1.0,1.0,0.0
1600,3968adecd59c551e,True,1.0,1.0,0.965170690837471,1.0,1.0,1.0,0.9854877878489462
1601,9020d65504e554b3,True,1.0,0.0,0.0,1.0,1.0,1.0,0.0
1602,580dac44fa305877,True,1.0,1.0,0.6124591969870058,1.0,1.0,0.5,0.8385246654112524
1603,19d546524016560f,True,1.0,1.0,0.7513941852897457,1.0,1.0,1.0,0.8964142438707273
1604,635eb3ecbf415418,True,1.0,1.0,0.9169905676448524,1.0,1.0,1.0,0.9654127365186884
1605,ae90dd8267ce57a0,True,1.0,0.0,0.0,1.0,1.0,1.0,0.0
1606,f86adcbec849574a,True,1.0,1.0,1.0,1.0,1.0,1.0,1.0
1607,3e11d77a9aca5bb7,True,1.0,1.0,0.752680982301904,1.0,1.0,1.0,0.89695040929246
1608,3931a353a1f6520d,True,1.0,1.0,0.8834515959644869,1.0,1.0,1.0,0.9514381649852028
1609,552fd48bfce35a20,True,1.0,1.0,1.0,1.0,1.0,1.0,1.0
1610,8b53a14edf305638,True,1.0,1.0,0.8693595739368251,1.0,1.0,1.0,0.9455664891403437
1611,66ba432a760c586c,True,1.0,1.0,0.7726485551176022,1.0,1.0,1.0,0.905270231299001
1612,fcbc81e3caa75186,True,1.0,1.0,0.787325226839835,1.0,1.0,1.0,0.9113855111832646
1613,19d7afdb02055502,True,1.0,1.0,0.7967557316117581,1.0,1.0,1.0,0.9153148881715659
1614,2647308c0cbe519c,True,1.0,1.0,1.0,1.0,1.0,1.0,1.0
1615,2e393fad09985c87,True,1.0,0.0,0.0,1.0,1.0,1.0,0.0
1616,8c4218fc392a52be,True,1.0,1.0,1.0,1.0,1.0,1.0,1.0
1617,96d8920289b55395,True,1.0,1.0,0.8063520912026506,1.0,1.0,1.0,0.9193133713344377
1618,8f8ccbd6ffcb54b9,True,1.0,1.0,0.8521514899554619,1.0,1.0,1.0,0.938396454148109
1619,406d4391f1205862,True,1.0,1.0,0.836461678214635,1.0,1.0,1.0,0.9318590325894313
1620,4509bc830bbc5fbd,True,1.0,0.0,0.0,0.0,1.0,1.0,0.0
1621,de41a196a12e56d0,True,1.0,1.0,1.0,1.0,1.0,1.0,1.0
1622,95c5cd4c17d9594a,True,1.0,1.0,0.8331292061853529,1.0,1.0,1.0,0.9304705025772305
1623,01add9e74d3c5053,True,1.0,1.0,0.6272600614079066,1.0,1.0,1.0,0.8446916922532944
1624,fa5edfd430ba550d,True,1.0,1.0,0.7790680143860034,0.0,1.0,1.0,0.49127833932750137
1625,3fd7c487c29f53bc,True,1.0,1.0,0.8904451561562587,1.0,1.0,1.0,0.9543521483984412
1626,d112a49d72925b06,True,1.0,1.0,0.9605617557713934,1.0,1.0,1.0,0.9835673982380806
1627,e87ffda7f5655c3c,True,1.0,1.0,0.9048681587287656,1.0,1.0,1.0,0.9603617328036522
1628,61e104b6c5d35dc6,True,1.0,1.0,0.7496639677122726,1.0,1.0,1.0,0.8956933198801136
1629,1cff6bb966075bc7,True,1.0,1.0,1.0,1.0,1.0,1.0,1.0
1630,330ca2e9aa935a3a,True,1.0,1.0,1.0,1.0,1.0,1.0,1.0
1631,d9fac9fdd2bd5036,True,1.0,1.0,1.0,0.0,1.0,1.0,0.5833333333333334
1632,da924c882e6e52d0,True,1.0,1.0,1.0,1.0,1.0,1.0,1.0
1633,2a7b12a784c351c3,True,1.0,0.0,0.0,1.0,1.0,1.0,0.0
1634,f6c528f78bdf593c,True,1.0,1.0,0.778694413389852,1.0,1.0,1.0,0.9077893389124383
1635,e44a31dd99af5556,True,1.0,1.0,0.7608869159709545,1.0,1.0,1.0,0.9003695483212311
1636,f9d9a2a2e2d25a8c,True,1.0,1.0,0.6963564892612276,1.0,1.0,1.0,0.8734818705255115
1637,5111244533fb5d1f,True,1.0,1.0,0.994330376832606,1.0,1.0,1.0,0.9976376570135859
1638,c678ab21b707538f,True,1.0,1.0,0.815222220269783,1.0,1.0,1.0,0.9230092584457429
1639,2d88ea430674513d,True,1.0,1.0,0.6229218191300011,1.0,1.0,1.0,0.8428840913041671
1640,84d0b82110465b43,True,1.0,1.0,1.0,1.0,1.0,1.0,1.0
1641,8429a35187bb5c08,True,1.0,1.0,1.0,1.0,1.0,1.0,1.0
1642,01f3a4a21dc2582f,True,1.0,1.0,0.6439652360811081,1.0,1.0,1.0,0.8516521817004618
1643,099ba96d3bca51c3,True,1.0,1.0,0.5896069031010778,1.0,1.0,1.0,0.8290028762921158
1644,55e7ff380d7e5491,True,1.0,1.0,1.0,1.0,1.0,1.0,1.0
1645,0fa0e8a25eec5e1e,True,1.0,1.0,0.8807763417229162,1.0,1.0,1.0,0.9503234757178817
1646,947518978dcd5005,True,1.0,1.0,0.725925472693242,1.0,1.0,1.0,0.8858022802888508
1647,7ef36a2139b45d9a,True,1.0,1.0,1.0,1.0,1.0,1.0,1.0
1648,0d35a8e6a98a5759,True,1.0,1.0,1.0,1.0,1.0,1.0,1.0
1649,ef1c8f5af4525791,True,1.0,0.0,0.0,1.0,1.0,1.0,0.0
1650,761985c4330555f2,True,1.0,1.0,0.9710025957577795,1.0,1.0,1.0,0.9879177482324081
1651,8128635441b358c4,True,1.0,1.0,0.6822464933718907,1.0,1.0,1.0,0.867602705571621
1652,77e18238b9d55c97,True,1.0,1.0,0.9694770348473917,1.0,1.0,1.0,0.9872820978530799
1653,4b7a9aaecd8b5c5e,True,1.0,1.0,0.9717854416516984,1.0,1.0,1.0,0.9882439340215411
1654,823f87e2960853d9,True,1.0,1.0,0.6974968695314665,1.0,1.0,1.0,0.8739570289714443
1655,4cc916aa782854a6,True,1.0,1.0,0.8354443716398047,1.0,1.0,1.0,0.9314351548499186
1656,0033fc4b187a5f1f,True,1.0,1.0,0.877561596740184,1.0,1.0,1.0,0.9489839986417433
1657,1faa10d7c34553d2,True,1.0,1.0,0.8315634668840883,1.0,1.0,1.0,0.9298181112017034
1658,60021a9f6c585c16,True,1.0,1.0,0.8653297952086747,1.0,1.0,1.0,0.943887414670281
1659,eabbb4546a145980,True,1.0,1.0,1.0,1.0,1.0,1.0,1.0
1660,706a6c85e65858c8,True,1.0,1.0,0.903612192630927,1.0,1.0,1.0,0.9598384135962196
1661,44a82a16cdbc5813,True,1.0,1.0,0.9784069079004486,1.0,1.0,1.0,0.9910028782918535
1662,3cf9c200e3485696,True,1.0,1.0,0.9680069447275784,1.0,1.0,1.0,0.9866695603031577
1663,40660dbe143d52c1,True,1.0,1.0,0.8119810361415429,1.0,1.0,1.0,0.9216587650589761
1664,82b3e6e3bfa15ecf,True,1.0,1.0,0.6835170780703593,1.0,1.0,1.0,0.8681321158626497
1665,62fc6bfdfba650ed,True,1.0,1.0,1.0,1.0,1.0,1.0,1.0
1666,f322d71f14a35cfa,True,1.0,1.0,1.0,1.0,1.0,1.0,1.0
1667,9cd4b5f3bbf85357,True,1.0,1.0,1.0,1.0,1.0,1.0,1.0
1668,3b6f7096a2cf5621,True,1.0,1.0,0.9211322244394045,1.0,1.0,1.0,0.9671384268497518
1669,74abadad5fd65d44,True,1.0,1.0,0.5671243879836192,1.0,1.0,1.0,0.8196351616598413
1670,4a6ab6e35934543a,True,1.0,1.0,1.0,1.0,1.0,1.0,1.0
1671,f313a28be30f5bd8,True,1.0,1.0,1.0,1.0,1.0,1.0,1.0
1672,63c1254fe8ef5145,True,1.0,1.0,1.0,1.0,1.0,1.0,1.0
1673,d9b79e606e595700,True,1.0,1.0,0.8668928795424704,1.0,1.0,1.0,0.9445386998093627
1674,961cd53fde9a5c3d,True,1.0,1.0,1.0,1.0,1.0,1.0,1.0
1675,30d639fe2d5057e3,True,1.0,1.0,1.0,1.0,1.0,1.0,1.0
1676,5576401890e55a6e,True,1.0,1.0,1.0,1.0,1.0,1.0,1.0
1677,d2a40dbaca5750e4,True,1.0,1.0,0.7263410434334282,1.0,1.0,1.0,0.8859754347639285
1678,e31131deed6656ea,True,1.0,1.0,1.0,1.0,1.0,1.0,1.0
1679,e058b97f439c51c7,True,1.0,1.0,0.9633912243986343,1.0,1.0,1.0,0.984746343499431
1680,455fdf27af915de2,True,1.0,1.0,1.0,1.0,1.0,1.0,1.0
1681,95a4b51d1d865ba0,True,1.0,1.0,0.5241429451522552,1.0,1.0,1.0,0.801726227146773
1682,cc4a4dc2afc75aed,True,1.0,1.0,1.0,1.0,1.0,1.0,1.0
1683,d928098371595be7,True,1.0,1.0,0.9695161780189847,1.0,1.0,1.0,0.9872984075079104
1684,153dfbd3d4355809,True,1.0,1.0,0.6267507557731187,1.0,1.0,1.0,0.8444794815721327
1685,616382bea2ff5853,True,1.0,0.0,0.0,1.0,1.0,1.0,0.0
1686,549af9d2e33d5996,True,1.0,1.0,0.910567658405154,1.0,1.0,1.0,0.9627365243354808
1687,562019740aeb5d7e,True,1.0,1.0,1.0,1.0,1.0,1.0,1.0
1688,3c31377fc8f65160,True,1.0,1.0,0.9591735661058463,1.0,1.0,1.0,0.982988985877436
1689,beb963305ad75bb3,True,1.0,1.0,1.0,1.0,1.0,1.0,1.0
1690,fc58a8b4d619577d,True,1.0,0.0,0.0,1.0,1.0,1.0,0.0
1691,11b9e3f204815f4a,True,1.0,1.0,0.9291619975945172,0.0,1.0,0.5,0.5538174989977155
1692,0f3d66a03c5e500b,True,1.0,1.0,0.9951174208790045,1.0,1.0,1.0,0.9979655920329185
1693,e6206364da5b51f3,True,1.0,1.0,1.0,1.0,1.0,1.0,1.0
1694,6c3bb8f40a9a533c,True,1.0,1.0,1.0,1.0,1.0,1.0,1.0
1695,ca68dbc018a35aa3,True,1.0,1.0,0.9849256494481828,1.0,1.0,1.0,0.9937190206034096
1696,c84e6787935b5483,True,1.0,1.0,0.8163799431164385,1.0,1.0,0.5,0.9234916429651827
1697,52d4fbbe8bd551dc,True,1.0,1.0,0.9093349337615435,1.0,1.0,1.0,0.9622228890673098
1698,b1a5c303ca3f5607,True,1.0,1.0,0.8735049670358526,1.0,1.0,1.0,0.9472937362649386
1699,ae09c3f715ed58c7,True,1.0,1.0,1.0,1.0,1.0,1.0,1.0
1700,d1d48a8f642b5874,True,1.0,0.0,0.0,1.0,1.0,0.0,0.0
1701,c3976331b5e456d4,True,1.0,0.0,0.0,1.0,1.0,1.0,0.0
1702,88518b03093d5036,True,1.0,1.0,1.0,1.0,1.0,1.0,1.0
1703,a0b3a3b623235a49,True,1.0,1.0,1.0,1.0,1.0,1.0,1.0
1704,9d21f2742b1a5b27,True,1.0,1.0,1.0,1.0,1.0,1.0,1.0
1705,0371700bf65b51e0,True,1.0,1.0,0.9649490175198436,1.0,1.0,1.0,0.9853954239666015
1706,e973ce0e5d605df5,True,1.0,1.0,1.0,1.0,1.0,1.0,1.0
1707,01167513b5b55ca1,True,1.0,1.0,0.507481017970317,1.0,1.0,1.0,0.7947837574876321
1708,14f10a29b9235b38,True,1.0,1.0,0.9139335094994867,1.0,1.0,1.0,0.9641389622914528
1709,7bfd8ff8489158cc,True,1.0,1.0,0.9387005902577534,1.0,1.0,1.0,0.974458579274064
1710,4b5fc0f1425c5288,True,1.0,1.0,1.0,1.0,1.0,1.0,1.0
1711,a7ce8d99f16150ac,True,1.0,1.0,0.7994962817825457,1.0,1.0,1.0,0.9164567840760607
1712,69610203b8c35c96,True,1.0,1.0,1.0,1.0,1.0,1.0,1.0
1713,b2f8e3b0a7a1565e,True,1.0,1.0,0.776321357274345,1.0,1.0,1.0,0.9068005655309771
1714,eb527d130d8d5e33,True,1.0,1.0,0.8527751713372936,1.0,1.0,1.0,0.938656321390539
1715,f38d4f3f7e425c91,True,1.0,1.0,0.7510855654630023,1.0,1.0,1.0,0.896285652276251
1716,090af86f693c507b,True,1.0,1.0,0.6020495044550942,1.0,1.0,1.0,0.8341872935229558
1717,53400e82ca375c5f,True,1.0,1.0,0.7779506168401541,1.0,1.0,1.0,0.9074794236833975
1718,dddf76663455527f,True,1.0,1.0,0.9870953975550824,1.0,1.0,1.0,0.9946230823146177
1719,01226863089b5e1d,True,1.0,1.0,0.8956746296095679,1.0,1.0,1.0,0.9565310956706533
1720,200bc08880505a6e,True,1.0,1.0,1.0,1.0,1.0,1.0,1.0
1721,a4213d4e327c5b6e,True,1.0,1.0,1.0,1.0,1.0,1.0,1.0
1722,e56f85ee56395a99,True,1.0,1.0,1.0,1.0,1.0,1.0,1.0
1723,2e7d8157798851f3,True,1.0,1.0,0.7856146771416052,1.0,1.0,1.0,0.9106727821423354
1724,db5d96563dcb5427,True,1.0,1.0,1.0,1.0,1.0,1.0,1.0
1725,33baec8b94e15a39,True,1.0,1.0,0.8601506669204132,1.0,1.0,1.0,0.9417294445501723
1726,f1940c1eca9857cb,True,1.0,1.0,1.0,1.0,1.0,1.0,1.0
1727,209069959e1d5531,True,1.0,1.0,0.7948473246690659,1.0,1.0,1.0,0.9145197186121109
1728,016d8cf09d875f57,True,1.0,1.0,0.8000472803347015,1.0,1.0,1.0,0.9166863668061257
1729,ade979d99d51517f,True,1.0,1.0,1.0,1.0,1.0,1.0,1.0
1730,60fa28b4cd8a57fb,True,1.0,1.0,0.7832299615618663,1.0,1.0,1.0,0.9096791506507776
1731,0b66f76610bc5f63,True,1.0,1.0,0.7687076898987658,1.0,1.0,1.0,0.9036282041244857
1732,b2b49c0ddec25abc,True,1.0,1.0,1.0,1.0,1.0,1.0,1.0
1733,6b8daf3b57175e70,True,1.0,1.0,1.0,1.0,1.0,1.0,1.0
1734,550045c2be39530a,True,1.0,1.0,1.0,1.0,1.0,1.0,1.0
1735,f70c8122d2a65847,True,1.0,1.0,0.9478965287910691,1.0,1.0,1.0,0.9782902203296121
1736,d31c6e5e85b95aea,True,1.0,1.0,0.6441767978208385,1.0,1.0,1.0,0.8517403324253494
1737,ae312bf769445e43,True,1.0,0.0,0.0,1.0,1.0,1.0,0.0
1738,abf38de966305279,True,1.0,1.0,0.8851783140829629,1.0,1.0,1.0,0.9521576308679012
1739,5ee6f86b7dec5484,True,1.0,1.0,1.0,1.0,1.0,1.0,1.0
1740,1e15c5256da5549a,True,1.0,1.0,1.0,1.0,1.0,1.0,1.0
1741,71c1fef0966d5df4,True,1.0,1.0,0.7494464123147244,1.0,1.0,1.0,0.895602671797802
1742,0a177b48593d521c,True,1.0,1.0,1.0,1.0,1.0,1.0,1.0
1743,d2789ec30aaa5d6a,True,1.0,1.0,1.0,1.0,1.0,1.0,1.0
1744,4c7c3a0a401d5f38,True,1.0,1.0,0.8512450267916499,1.0,1.0,1.0,0.9380187611631875
1745,e3418fb50fa55320,True,1.0,1.0,0.8621241324462738,1.0,1.0,1.0,0.942551721852614
1746,48271cdeceb35236,True,1.0,1.0,1.0,1.0,1.0,1.0,1.0
1747,cbc1c1f392825ad6,True,1.0,1.0,0.5990512151539793,1.0,1.0,1.0,0.832938006314158
1748,aac7679545c75aed,True,1.0,1.0,0.909312477150118,1.0,1.0,1.0,0.9622135321458826
1749,fd1e4ae4c102553c,True,1.0,1.0,1.0,1.0,1.0,1.0,1.0
1750,2fdb40cf92e75107,True,1.0,1.0,0.9334363622374076,1.0,1.0,1.0,0.9722651509322532
1751,11936935515f5daa,True,1.0,1.0,1.0,1.0,1.0,1.0,1.0
1752,3761f5d0d74d55eb,True,1.0,1.0,0.8402295885764482,1.0,1.0,1.0,0.9334289952401867
1753,f669f89b3272514c,True,1.0,1.0,0.8954588059901282,1.0,1.0,1.0,0.9564411691625535
1754,55d102de4d6150f8,True,1.0,1.0,0.8546214998619655,1.0,1.0,1.0,0.9394256249424856
1755,295e5c491ca35642,True,1.0,1.0,1.0,1.0,1.0,1.0,1.0
1756,0b1a626ef31150b3,True,1.0,1.0,0.8581725502106672,1.0,1.0,1.0,0.9409052292544446
1757,8b8466eb334f5957,True,1.0,1.0,0.8449163846127363,1.0,1.0,1.0,0.9353818269219735
1758,3bf2974c80c55503,True,1.0,1.0,0.5760975566678542,1.0,1.0,1.0,0.8233739819449393
1759,c6281b21b9015448,True,1.0,1.0,0.5251426748880388,1.0,1.0,1.0,0.8021427812033495
1760,e5f2eb158bc65167,True,1.0,1.0,0.609642307327604,1.0,1.0,1.0,0.8373509613865018
1761,48f70b92d6895a39,True,1.0,0.0,0.0,1.0,1.0,0.5,0.0
1762,b1f641fdea505c99,True,1.0,1.0,0.9497761716833724,1.0,1.0,1.0,0.9790734048680717
1763,334c241ababf57ae,True,1.0,1.0,0.9455405737354773,1.0,1.0,1.0,0.9773085723897822
1764,13c76ba40a5e5987,True,1.0,1.0,0.7125866126375561,1.0,1.0,1.0,0.8802444219323151
1765,32399e644e53534a,True,1.0,1.0,0.5970962648739755,1.0,1.0,1.0,0.8321234436974899
1766,a7fa8bccce9253cb,True,0.0,1.0,0.0,0.0,1.0,1.0,0.0
1767,b441db826d515eb7,True,1.0,1.0,0.7759361548545262,1.0,1.0,1.0,0.9066400645227192
1768,2a3a3e232e86560b,True,1.0,1.0,0.8629887123654514,1.0,1.0,1.0,0.9429119634856047
1769,5d003b19e1a25253,True,1.0,1.0,0.7776022456427482,1.0,1.0,1.0,0.9073342690178118
1770,3d776c43acfd5327,True,1.0,1.0,0.841570884593297,1.0,1.0,1.0,0.9339878685805404
1771,9de91fbb8b275885,True,1.0,1.0,0.947570194048235,1.0,1.0,1.0,0.9781542475200978
1772,baff37ac37675490,True,1.0,1.0,0.8288937903930436,1.0,1.0,1.0,0.9287057459971014
1773,93e2a76b34b559fc,True,1.0,1.0,0.9646224694207219,1.0,1.0,1.0,0.9852593622586342
1774,f4e2ec6e37535056,True,1.0,1.0,1.0,1.0,1.0,1.0,1.0
1775,60e8f2447c205324,True,1.0,1.0,0.8868354197242343,1.0,1.0,1.0,0.9528480915517643
1776,f79931e74df250f7,True,1.0,1.0,0.8202793377648787,1.0,1.0,1.0,0.9251163907353662
1777,6e79ddf19ead53f1,True,1.0,1.0,0.8372412856911556,1.0,1.0,1.0,0.9321838690379814
1778,eaba7fd433c45e20,True,1.0,1.0,0.9948433895614652,1.0,1.0,1.0,0.9978514123172771
1779,8cd8d1a23e4351f8,True,1.0,1.0,1.0,1.0,1.0,1.0,1.0
1780,9c13995a8a285f90,True,1.0,1.0,1.0,1.0,1.0,1.0,1.0
1781,9bafc41b5ee0547c,True,1.0,1.0,1.0,1.0,1.0,1.0,1.0
1782,32a9021303f65743,True,1.0,0.0,0.0,1.0,1.0,1.0,0.0
1783,1bf45a481f1d52e3,True,1.0,1.0,1.0,1.0,1.0,1.0,1.0
1784,62c59eb9ece45d86,True,1.0,1.0,0.7732613433908642,1.0,1.0,1.0,0.9055255597461933
1785,d11fc492a41e5279,True,1.0,1.0,0.7450202267439369,1.0,1.0,1.0,0.8937584278099737
1786,fdc126183c355692,True,1.0,1.0,1.0,1.0,1.0,1.0,1.0
1787,8eb6e6b220755d3b,True,1.0,1.0,0.8646016470133836,1.0,1.0,1.0,0.9435840195889099
1788,d4e9c2fa89c55897,True,1.0,1.0,1.0,1.0,1.0,1.0,1.0
1789,74693ae387e752fa,True,1.0,1.0,0.8646716539614678,1.0,1.0,1.0,0.9436131891506117
1790,690e07e19bf55c7c,True,1.0,1.0,0.730720211208127,1.0,1.0,1.0,0.8878000880033863
1791,1b203e7299655c9c,True,1.0,1.0,0.8822528547417161,1.0,1.0,1.0,0.950938689475715
1792,cfd47fe44d355d32,True,1.0,1.0,0.8881937492641981,1.0,1.0,1.0,0.9534140621934158
1793,7af0e9b8a12056e8,True,1.0,0.0,0.0,1.0,1.0,1.0,0.0
1794,d232efb9cc535426,True,1.0,1.0,0.6092528474660026,1.0,1.0,1.0,0.8371886864441679
1795,4f85a2301691525a,True,1.0,1.0,0.8029511564316621,1.0,1.0,1.0,0.9178963151798593
1796,642a177df62954ad,True,0.5,1.0,0.5497465853948623,1.0,1.0,1.0,0.4061972052905963
1797,fc14b78a566f5620,True,1.0,1.0,0.7842502286092616,1.0,1.0,1.0,0.9101042619205257
1798,4d6f4dbf01c2567c,True,1.0,1.0,1.0,1.0,1.0,1.0,1.0
1799,381a23cb547c53fd,True,1.0,1.0,0.9433209699396402,1.0,1.0,1.0,0.97638373747485
1800,c41c11cf85b751e2,True,1.0,1.0,0.8377280132953403,1.0,1.0,1.0,0.9323866722063917
1801,c5d626fc4b6c5efb,True,1.0,1.0,1.0,1.0,1.0,1.0,1.0
1802,19a718729d3a5e37,True,1.0,1.0,1.0,1.0,1.0,1.0,1.0
1803,9de4d5414a4a50c4,True,1.0,1.0,0.8532692207955583,1.0,1.0,1.0,0.9388621753314826
1804,0a06f8a3204d5e11,True,1.0,1.0,0.975196392463485,1.0,1.0,1.0,0.9896651635264521
1805,55368b53e7ba5dda,True,1.0,1.0,0.7277032240581384,1.0,1.0,1.0,0.8865430100242243
1806,46c94b5d7c89561c,True,1.0,1.0,0.857855623941208,1.0,1.0,1.0,0.94077317664217
1807,c9ddc670b1195efd,True,1.0,1.0,0.803751126843638,1.0,1.0,1.0,0.9182296361848493
1808,0d63314a528159c9,True,1.0,1.0,0.7715804602930835,1.0,1.0,1.0,0.9048251917887847
1809,eefe691a7cbb55c8,True,1.0,1.0,1.0,1.0,1.0,1.0,1.0
1810,0df6f24a95e75544,True,1.0,1.0,0.9158819646842007,1.0,1.0,1.0,0.9649508186184169
1811,7900d1167dfe5c24,True,1.0,1.0,1.0,1.0,1.0,1.0,1.0
1812,7a9225f5c4355f92,True,1.0,1.0,0.9862194803762934,1.0,1.0,1.0,0.9942581168234556
1813,774aad2507f75660,True,1.0,1.0,0.7014118394322939,1.0,1.0,1.0,0.8755882664301224
1814,98042465f30c589d,True,1.0,1.0,1.0,1.0,1.0,1.0,1.0
1815,93b93c0235375b93,True,1.0,1.0,1.0,1.0,1.0,1.0,1.0
1816,447e7b334e165460,True,1.0,1.0,0.9580821703003727,1.0,1.0,1.0,0.9825342376251553
1817,490f4995542058fc,True,1.0,1.0,0.6991475627532442,1.0,1.0,1.0,0.8746448178138517
1818,66d5ea23c45c51c4,True,1.0,1.0,0.8454143734870564,1.0,1.0,1.0,0.9355893222862735
1819,790e0f5c7fce5627,True,1.0,1.0,1.0,1.0,1.0,1.0,1.0
1820,84a763e08d2c5ac6,True,1.0,1.0,1.0,1.0,1.0,1.0,1.0
1821,ed02d0df47ca55e7,True,1.0,1.0,1.0,1.0,1.0,1.0,1.0
1822,41c18772e7ac5696,True,1.0,1.0,0.6544521921169737,1.0,1.0,1.0,0.8560217467154058
1823,55644491cba35aad,True,1.0,1.0,0.7793994989920964,1.0,1.0,1.0,0.9080831245800401
1824,47f29dad0bec52d2,True,1.0,1.0,0.6630606516577328,0.0,1.0,1.0,0.442941938190722
1825,76615d386ce6519e,True,1.0,1.0,0.48996119979246566,1.0,1.0,1.0,0.7874838332468608
1826,695cc61845975896,True,1.0,1.0,1.0,1.0,1.0,1.0,1.0
1827,8b6aa9462f5157b3,True,1.0,1.0,1.0,1.0,1.0,1.0,1.0
1828,5593d7326b9c59aa,True,1.0,1.0,1.0,1.0,1.0,1.0,1.0
1829,b61a78b163d654e0,True,1.0,1.0,0.7436442782251187,1.0,1.0,1.0,0.8931851159271328
1830,9963c72e34ae5101,True,1.0,1.0,0.710091917223275,1.0,1.0,1.0,0.879204965509698
1831,a6b457a7eb6a5cde,True,1.0,1.0,0.7774748948909703,1.0,1.0,1.0,0.907281206204571
1832,dd182f5d47495d7f,True,1.0,1.0,0.8270233668252519,1.0,1.0,1.0,0.927926402843855
1833,b2eba34ff4c359cc,True,1.0,1.0,0.633913169809062,1.0,1.0,1.0,0.8474638207537758
1834,f407714273645434,True,1.0,1.0,0.8402215949365701,1.0,1.0,1.0,0.9334256645569042
1835,994ab680895a55d2,True,1.0,1.0,0.9156605774644703,1.0,1.0,1.0,0.9648585739435293
1836,54580876ee835959,True,1.0,1.0,0.8059310704686631,1.0,1.0,1.0,0.9191379460286097
1837,cb3bbfd7864d53f5,True,1.0,1.0,1.0,1.0,1.0,1.0,1.0
1838,85da27c3381e5e63,True,1.0,1.0,0.8930126186802361,1.0,1.0,1.0,0.9554219244500984
1839,a44bb178ec7d5c6a,True,1.0,1.0,0.9724685287475648,1.0,1.0,1.0,0.9885285536448186
1840,956bda5985a559f1,True,1.0,0.0,0.0,1.0,1.0,1.0,0.0
1841,e7d1f889fc4d5309,True,1.0,1.0,1.0,1.0,1.0,1.0,1.0
1842,0497454a0d735bc1,True,1.0,1.0,0.6949300983596661,1.0,1.0,1.0,0.8728875409831942
1843,e5fb0daef05956f0,True,1.0,1.0,0.8771410448958691,1.0,1.0,1.0,0.9488087687066121
1844,0928c39f05db52c5,True,1.0,1.0,0.8714797170627712,1.0,1.0,1.0,0.946449882109488
1845,5cb436b6276f59ae,True,1.0,1.0,1.0,0.0,1.0,1.0,0.5833333333333334
1846,844da9644e225af5,True,1.0,1.0,0.961954245417743,1.0,1.0,1.0,0.984147602257393
1847,bcd38d9246695d74,True,1.0,1.0,0.8800649006496407,1.0,1.0,1.0,0.9500270419373503
1848,c2466f5ae7a25ad8,True,1.0,1.0,0.7141757820865849,1.0,1.0,1.0,0.8809065758694103
1849,c63b3d251ef85a13,True,1.0,1.0,0.821798335848212,1.0,1.0,1.0,0.9257493066034218
1850,945dafbf488554b7,True,1.0,1.0,0.8551710327374981,1.0,1.0,1.0,0.9396545969739575
1851,303e7dd5717f54cd,True,1.0,0.0,0.0,1.0,1.0,0.5,0.0
1852,f18efb3a137b529a,True,1.0,1.0,0.7749132241414494,1.0,1.0,1.0,0.9062138433922705
1853,24f29711e1a05cb5,True,1.0,1.0,1.0,1.0,1.0,1.0,1.0
1854,d1fdb156118a52ae,True,1.0,1.0,0.7402771512257008,1.0,1.0,1.0,0.891782146344042
1855,4f099d4882445433,True,1.0,1.0,1.0,1.0,1.0,1.0,1.0
1856,2462c21ce2bb5f2d,True,1.0,0.0,0.0,1.0,1.0,0.0,0.0
1857,5671f9e107965dc3,True,1.0,1.0,0.8335663544478489,1.0,1.0,1.0,0.9306526476866037
1858,0165d0814e905c1c,True,1.0,1.0,1.0,1.0,1.0,1.0,1.0
1859,703aa650ece25a02,True,1.0,1.0,0.9878112483916631,1.0,1.0,1.0,0.9949213534965263
1860,f47841466d835000,True,1.0,1.0,1.0,1.0,1.0,1.0,1.0
1861,218ebafd6210550e,True,1.0,1.0,0.9076414425110838,1.0,1.0,1.0,0.9615172677129517
1862,bdf99b84030a5a0f,True,1.0,1.0,0.923535048117157,1.0,1.0,1.0,0.9681396033821489
1863,566bd5e6d09153e0,True,1.0,1.0,1.0,1.0,1.0,1.0,1.0
1864,2c7e5f987d5752c7,True,1.0,1.0,1.0,1.0,1.0,1.0,1.0
1865,223d02be29c65e81,True,1.0,1.0,0.9198567181543623,1.0,1.0,1.0,0.9666069658976509
1866,2360cd7b0fd85480,True,1.0,1.0,1.0,1.0,1.0,1.0,1.0
1867,a479822714c6558b,True,1.0,1.0,0.7413751589820395,1.0,1.0,1.0,0.8922396495758499
1868,b04bbf1d4ecf5f56,True,1.0,1.0,0.923161217386182,1.0,1.0,1.0,0.9679838405775758
1869,23f0187033d658d9,True,1.0,1.0,0.9562597183655487,1.0,1.0,1.0,0.9817748826523119
1870,302803d07e7059dc,True,1.0,1.0,1.0,1.0,1.0,1.0,1.0
1871,a03faf9254a55468,True,1.0,1.0,0.899911475221354,1.0,1.0,1.0,0.9582964480088975
1872,af6ce3c064fa5a56,True,1.0,0.0,0.0,1.0,1.0,0.5,0.0
1873,975c802f6f175888,True,1.0,1.0,0.8021079564421352,1.0,1.0,1.0,0.9175449818508897
1874,7dd7ec944ff15821,True,1.0,1.0,1.0,1.0,1.0,1.0,1.0
1875,be0e8eae708f5d4b,True,1.0,1.0,0.8544866951277412,0.0,1.0,1.0,0.5227027896365589
1876,570967c07a8251a2,True,1.0,1.0,0.7573455006664324,1.0,1.0,1.0,0.8988939586110135
1877,1ded576bc1325cae,True,1.0,1.0,1.0,1.0,1.0,1.0,1.0
1878,989a085ea31e50ba,True,1.0,1.0,0.9055272565921509,1.0,1.0,1.0,0.9606363569133962
1879,6280a12d79b4518a,True,1.0,1.0,0.9847287381820672,1.0,1.0,1.0,0.993636974242528
1880,4865eea1e54c5a8e,True,1.0,1.0,0.8680391689008898,1.0,1.0,1.0,0.9450163203753709
1881,5f88affe449253a9,True,1.0,1.0,0.8823165949556101,1.0,1.0,1.0,0.9509652478981708
1882,f8f7f1ebe2fc5bda,True,1.0,1.0,1.0,1.0,1.0,1.0,1.0
1883,5930f153954b5060,True,1.0,1.0,0.6862290104159876,1.0,1.0,1.0,0.8692620876733281
1884,7f396948993153fe,True,1.0,1.0,1.0,1.0,1.0,1.0,1.0
1885,304be364cb4050ce,True,1.0,1.0,1.0,1.0,1.0,1.0,1.0
1886,31042b6e5c455b82,True,1.0,1.0,0.8754685512505436,1.0,1.0,1.0,0.9481118963543932
1887,8fccd42a7937508a,True,1.0,1.0,1.0,1.0,1.0,1.0,1.0
1888,b86df9a9f50e525a,True,1.0,1.0,0.6297374117025777,1.0,1.0,1.0,0.8457239215427407
1889,dc2675fb11d6540d,True,1.0,1.0,0.8625371268356723,1.0,1.0,1.0,0.9427238028481968
1890,939be40082d9515a,True,1.0,1.0,0.8846308128091367,1.0,1.0,0.5,0.9519295053371403
1891,60b2a90a21b15e4a,True,1.0,1.0,1.0,1.0,1.0,1.0,1.0
1892,9bbf6e2211fb56d9,True,1.0,1.0,1.0,1.0,1.0,1.0,1.0
1893,850f844463075fb3,True,1.0,1.0,1.0,1.0,1.0,1.0,1.0
1894,572e6c81e32958f2,True,1.0,1.0,0.8929532791689101,1.0,1.0,0.5,0.9553971996537126
1895,04715723caea505e,True,1.0,1.0,0.9758776683686748,1.0,1.0,1.0,0.9899490284869478
1896,225eb6e22af55972,True,1.0,1.0,1.0,1.0,1.0,1.0,1.0
1897,802ea08c7ae1530a,True,1.0,1.0,1.0,1.0,1.0,1.0,1.0
1898,2653ecf542e259fc,True,1.0,1.0,1.0,1.0,1.0,1.0,1.0
1899,557fe4dc6b2a5c76,True,1.0,1.0,1.0,1.0,1.0,1.0,1.0
1900,153733002b5a5d25,True,1.0,1.0,1.0,1.0,1.0,1.0,1.0
1901,59504d2ffda35a72,True,1.0,1.0,1.0,1.0,1.0,1.0,1.0
1902,f748ff8ee5be533a,True,1.0,1.0,0.45852201126778164,1.0,1.0,1.0,0.7743841713615757
1903,9c32ba9f42f75187,True,1.0,1.0,1.0,1.0,1.0,1.0,1.0
1904,35234d714b5d5da9,True,1.0,1.0,0.7435423659755487,1.0,1.0,1.0,0.893142652489812
1905,2adba5d32c3a560f,True,1.0,1.0,0.7375309167445618,1.0,1.0,1.0,0.8906378819769007
1906,86877e183c4e5864,True,1.0,1.0,1.0,1.0,1.0,1.0,1.0
1907,8be5c83488ff5980,True,1.0,1.0,0.7376519688325418,1.0,1.0,1.0,0.8906883203468924
1908,e2209d1558d75150,True,1.0,1.0,0.8793806294566752,1.0,1.0,1.0,0.9497419289402812
1909,3d20913330f152ee,True,1.0,1.0,0.5483376641736724,1.0,1.0,1.0,0.8118073600723635
1910,63b91b18f46a5a96,True,1.0,1.0,1.0,1.0,1.0,1.0,1.0
1911,9e79198b9fd559a1,True,1.0,1.0,1.0,1.0,1.0,1.0,1.0
1912,134221cd9f46577f,True,1.0,1.0,0.9087132336317639,1.0,1.0,1.0,0.9619638473465683
1913,581b5ae61b1c569d,True,1.0,1.0,1.0,1.0,1.0,1.0,1.0
1914,1d3dfbbe8a0a54f6,True,1.0,1.0,0.8800329826877169,1.0,1.0,1.0,0.9500137427865486
1915,e09425a247f752e5,True,1.0,1.0,0.9538862424529105,1.0,1.0,1.0,0.9807859343553794
1916,78c26c7e63c3534c,True,1.0,1.0,0.5158200452067184,1.0,1.0,1.0,0.7982583521694661
1917,db180d0c665454aa,True,1.0,1.0,0.7654927283949796,1.0,1.0,1.0,0.9022886368312415
1918,533c27383d335f4f,True,1.0,1.0,1.0,1.0,1.0,1.0,1.0
1919,1dcac8bb6872533b,True,1.0,1.0,0.8727161985970406,1.0,1.0,1.0,0.9469650827487669
1920,0663f1541eeb58b6,True,1.0,1.0,1.0,1.0,1.0,0.5,1.0
1921,61b6aabef76153af,True,1.0,1.0,0.9166147504437728,1.0,1.0,1.0,0.9652561460182386
1922,b541b6d67bad546d,True,1.0,1.0,1.0,1.0,1.0,1.0,1.0
1923,2fd95381df705415,True,1.0,1.0,0.792185749837558,1.0,1.0,1.0,0.9134107290989825
1924,b9238f564f875dfc,True,1.0,1.0,0.8517872594257053,1.0,1.0,1.0,0.9382446914273772
1925,17ea7a2cc29957fa,True,1.0,1.0,1.0,1.0,1.0,1.0,1.0
1926,a3e0421d08d25e5b,True,1.0,1.0,0.6522183613833279,1.0,1.0,1.0,0.8550909839097199
1927,1ed850327b905ebd,True,1.0,0.0,0.0,1.0,1.0,0.5,0.0
1928,9147a0ae2bf751c8,True,1.0,1.0,0.7205768208572468,1.0,1.0,1.0,0.8835736753571862
1929,cde6be1eb8f85b3c,True,1.0,1.0,0.9167609621613095,1.0,1.0,1.0,0.9653170675672124
1930,2e67ddf209365112,True,1.0,1.0,0.6501399580249406,1.0,1.0,1.0,0.8542249825103919
1931,13625214a30e5005,True,1.0,1.0,0.9079359934709664,1.0,1.0,1.0,0.9616399972795694
1932,059ce0fdfc67544c,True,1.0,1.0,0.8276430486427272,1.0,1.0,1.0,0.9281846036011364
1933,cfc12b02334c5a15,True,1.0,1.0,0.8349736270399211,1.0,1.0,1.0,0.9312390112666339
1934,36037c6abc0558dc,True,1.0,1.0,0.7999602023986031,1.0,1.0,1.0,0.9166500843327513
1935,059912706b0758dc,True,1.0,1.0,0.9289407865370436,1.0,1.0,1.0,0.9703919943904348
1936,2352aa62dbbe58d2,True,1.0,1.0,0.6308009171640212,1.0,1.0,1.0,0.8461670488183421
1937,b04b5637f4e05625,True,1.0,1.0,0.9478063355926306,1.0,1.0,1.0,0.9782526398302628
1938,c5ae8b49dc6b54f6,True,1.0,1.0,0.8207296370345363,1.0,1.0,1.0,0.9253040154310567
1939,499f1df141b05d36,True,1.0,1.0,0.6709959805853135,1.0,1.0,1.0,0.8629149919105473
1940,cf34e1f8d98f56ee,True,1.0,1.0,1.0,1.0,1.0,1.0,1.0
1941,d09bb687e7e15b97,True,1.0,1.0,1.0,1.0,1.0,1.0,1.0
1942,9db7131f4c8d57dd,True,1.0,0.0,0.0,1.0,1.0,1.0,0.0
1943,148188e5281e53cd,True,1.0,1.0,0.9311902015966765,1.0,1.0,1.0,0.9713292506652819
1944,a8a34f54618050f6,True,0.0,0.0,0.0,0.0,1.0,0.5,0.0
1945,79efd3e82ef059b6,True,1.0,1.0,1.0,1.0,1.0,1.0,1.0
1946,bca002ce93bd5997,True,1.0,1.0,1.0,1.0,1.0,1.0,1.0
1947,16e4bd114af157a4,True,1.0,1.0,1.0,1.0,1.0,1.0,1.0
1948,442b2cf63c6f570a,True,1.0,1.0,0.6812044527336683,1.0,1.0,1.0,0.8671685219723617
1949,c70cfaf737215fca,True,1.0,1.0,0.8267622513872604,1.0,1.0,1.0,0.9278176047446918
1950,a49be33c358b5cb4,True,1.0,1.0,0.5583414404488112,1.0,1.0,1.0,0.8159756001870045
1951,1ceec301ab6552b1,True,1.0,1.0,1.0,1.0,1.0,1.0,1.0
1952,0a91b3a6e4ae56fe,True,1.0,1.0,0.8442026373981087,1.0,1.0,1.0,0.9350844322492119
1953,02e3c48291855ae8,True,1.0,1.0,0.8012041120538027,1.0,1.0,1.0,0.9171683800224179
1954,5aa4b6dc8f0759b5,True,1.0,1.0,0.8364645917521346,1.0,1.0,1.0,0.9318602465633893
1955,cc9afc95afab5758,True,1.0,1.0,0.8968453533876303,1.0,1.0,1.0,0.957018897244846
1956,fc9b5914f47e58fe,True,1.0,1.0,0.7027086631760704,1.0,1.0,1.0,0.8761286096566959
1957,ea4d19ff25ac52f6,True,0.0,0.0,0.0,0.0,1.0,1.0,0.0
1958,92d2f07fc6075f5d,True,1.0,1.0,1.0,0.0,1.0,1.0,0.5833333333333334
1959,41bddf65c8155bd5,True,1.0,1.0,0.7834227495693074,1.0,1.0,1.0,0.9097594789872114
1960,d81e608168615b51,True,1.0,1.0,1.0,1.0,1.0,1.0,1.0
1961,48ee746b1bfb5e7a,True,1.0,1.0,1.0,1.0,1.0,1.0,1.0
1962,0122ce98b2735558,True,1.0,0.0,0.0,1.0,1.0,1.0,0.0
1963,a9c1456b9deb5184,True,1.0,1.0,0.7844311976111058,1.0,1.0,1.0,0.910179665671294
1964,9b3a284d78f458f3,True,1.0,1.0,0.8261811967962672,1.0,1.0,1.0,0.9275754986651114
1965,3ec88bf115c95f69,True,1.0,1.0,1.0,0.0,1.0,1.0,0.5833333333333334
1966,6bf9b9cf5ae25aba,True,1.0,1.0,0.7646462092825707,1.0,1.0,1.0,0.9019359205344045
1967,ae07b0ef14e25e47,True,1.0,1.0,0.6894466082126097,1.0,1.0,1.0,0.8706027534219207
1968,00c489998dd4555c,True,1.0,1.0,1.0,1.0,1.0,1.0,1.0
1969,cd9e6c1924c35b85,True,1.0,1.0,0.87758202942029,1.0,1.0,1.0,0.9489925122584543
1970,8a88b869e2ca552d,True,1.0,1.0,1.0,1.0,1.0,1.0,1.0
1971,cb02d1e1315a5e67,True,1.0,1.0,0.9571634836317892,0.0,1.0,1.0,0.5654847848465788
1972,230f2d1902125696,True,1.0,1.0,1.0,1.0,1.0,1.0,1.0
1973,9ab5654cfc9f5724,True,1.0,1.0,0.8466013238503712,1.0,1.0,1.0,0.9360838849376547
1974,9e7ae0e0f04255fa,True,0.0,1.0,0.0,0.0,1.0,0.0,0.0
1975,396eba48b9c5529d,True,1.0,1.0,0.806483994881329,1.0,1.0,1.0,0.9193683312005537
1976,80386d2e9c215d3b,True,1.0,1.0,0.8284519022832286,1.0,1.0,1.0,0.9285216259513452
1977,b32ef3cb010c5903,True,1.0,1.0,0.9353080535452835,1.0,1.0,1.0,0.9730450223105347
1978,f631a836a63855e0,True,1.0,1.0,0.8813053884280633,1.0,1.0,1.0,0.9505439118450264
1979,44f736cbb0365616,True,1.0,1.0,1.0,1.0,1.0,1.0,1.0
1980,c823f9a693a05d93,True,1.0,1.0,0.8713606490645532,1.0,1.0,1.0,0.9464002704435638
1981,7077e840fef95b8f,True,1.0,1.0,0.9280249591929491,1.0,1.0,1.0,0.9700103996637287
1982,6d83f0adc26e5ee5,True,1.0,1.0,0.5575485618774724,1.0,1.0,1.0,0.8156452341156135
1983,1ff00d6929bb5569,True,1.0,1.0,0.9739252751843684,1.0,1.0,1.0,0.9891355313268203
1984,3953e2236a735999,True,1.0,1.0,0.8180570712424008,1.0,1.0,1.0,0.9241904463510003
1985,9337165de94b5a40,True,1.0,1.0,1.0,1.0,1.0,1.0,1.0
1986,5c3080b50d365629,True,1.0,1.0,0.7489864626192123,1.0,1.0,1.0,0.8954110260913385
1987,83e895f722575452,True,1.0,1.0,0.36118992112775133,1.0,1.0,1.0,0.7338291338032298
1988,56886aeb0f685bea,True,1.0,1.0,0.9469214196340939,1.0,1.0,1.0,0.9778839248475392
1989,a06eec37a0f058b2,True,1.0,1.0,0.8208684865363273,1.0,1.0,1.0,0.9253618693901364
1990,e6e2b0d2f0495557,True,1.0,1.0,0.7895105386790401,1.0,1.0,1.0,0.9122960577829334
1991,389bfba2e25f581b,True,1.0,1.0,0.8722332427599775,1.0,1.0,1.0,0.9467638511499906
1992,fd513762a5ea5dd4,True,1.0,1.0,1.0,1.0,1.0,0.5,1.0
1993,f6a5c2b1f50d5afc,True,1.0,1.0,0.8928151205357951,1.0,1.0,1.0,0.9553396335565812
1994,e04d45a55abd5fd5,True,1.0,1.0,1.0,1.0,1.0,1.0,1.0
1995,15454d7562d45fe6,True,1.0,1.0,0.8543611229542987,1.0,1.0,1.0,0.9393171345642911
1996,e91c1fdb29a858f3,True,1.0,1.0,0.9524597921580045,1.0,1.0,1.0,0.9801915800658353
1997,268ed4d63bb85cae,True,1.0,1.0,0.9613176654302149,1.0,1.0,1.0,0.9838823605959229
1998,5b6e0702773c5bdb,True,1.0,1.0,0.8024120815898828,1.0,1.0,1.0,0.9176717006624511
1999,dd443a8a8d805e57,True,1.0,1.0,1.0,1.0,1.0,1.0,1.0
2000,ec7125e961205a2d,True,1.0,1.0,0.9555133270437481,1.0,1.0,1.0,0.9814638862682283
2001,f6e9ee0b3a81575b,True,1.0,1.0,0.9111183106374736,1.0,1.0,1.0,0.962965962765614
2002,10db4b6fe64b5c10,True,0.0,0.0,0.0,0.0,1.0,0.5,0.0
2003,d6daa3b927f45168,True,1.0,1.0,1.0,1.0,1.0,1.0,1.0
2004,5f3da1e584905c8e,True,1.0,1.0,1.0,1.0,1.0,1.0,1.0
2005,ef91e3538f775238,True,1.0,1.0,0.9125312247250684,1.0,1.0,1.0,0.9635546769687785
2006,0f6d159f5f0c52d0,True,1.0,1.0,0.8951420238891308,1.0,1.0,1.0,0.9563091766204712
2007,d9d93568b27e5649,True,1.0,1.0,0.9302248392049115,1.0,1.0,1.0,0.9709270163353798
2008,f2280f25f98852c0,True,1.0,1.0,0.8472646034699567,1.0,1.0,1.0,0.9363602514458153
2009,750b8c926ffd5895,True,1.0,1.0,1.0,1.0,1.0,1.0,1.0
2010,85aaf087e6fe54ee,True,1.0,1.0,0.7090460193137432,1.0,1.0,1.0,0.8787691747140597
2011,8c7db74b9aef5a9e,True,1.0,1.0,1.0,1.0,1.0,1.0,1.0
2012,d59310a4fd6e5fde,True,1.0,1.0,1.0,1.0,1.0,1.0,1.0
2013,35e4b04bab1058d5,True,1.0,1.0,0.7983025391497126,1.0,1.0,1.0,0.9159593913123802
2014,b60ecc0b221751d7,True,1.0,1.0,1.0,1.0,1.0,1.0,1.0
2015,d51f75f9ae88529a,True,1.0,1.0,0.9512149777030643,1.0,1.0,1.0,0.9796729073762768
2016,e69feea0fa7953e0,True,1.0,1.0,0.7940666894059192,1.0,1.0,1.0,0.914194453919133
2017,671dcd0d1c86592c,True,1.0,1.0,0.725948373046418,1.0,1.0,1.0,0.8858118221026742
2018,7580af9b56085218,True,1.0,1.0,0.9709424432316287,1.0,1.0,1.0,0.9878926846798453
2019,28c5e10661025e5f,True,1.0,1.0,0.8818285841143457,1.0,1.0,1.0,0.950761910047644
2020,4413dc9f17ab56b0,True,1.0,1.0,0.7789151085518227,1.0,1.0,1.0,0.9078812952299261
2021,0a4752bc6c8b5174,True,1.0,1.0,0.8045358640610373,1.0,1.0,1.0,0.9185566100254322
2022,0578756b879c55d0,True,1.0,1.0,1.0,1.0,1.0,1.0,1.0
2023,ac24fb00e61a5da2,True,1.0,1.0,0.7955571117291,1.0,1.0,1.0,0.9148154632204584
2024,b30ee22eca0a57ef,True,1.0,1.0,0.8213309405988974,1.0,1.0,1.0,0.9255545585828738
2025,e1e4717862d25d42,True,1.0,1.0,0.7116290306838766,1.0,1.0,1.0,0.8798454294516153
2026,0b1250020ea95539,True,1.0,1.0,0.9170222144066169,1.0,1.0,1.0,0.9654259226694237
2027,1b471d7f756a5c7f,True,1.0,1.0,1.0,1.0,1.0,1.0,1.0
2028,c543bad7f8ff5eae,True,1.0,1.0,0.7013239893122154,1.0,1.0,1.0,0.8755516622134231
2029,eb1315c4860c5189,True,1.0,0.0,0.0,1.0,1.0,1.0,0.0
2030,7964bed69f7e597e,True,1.0,1.0,1.0,1.0,1.0,1.0,1.0
2031,226f50441ff35772,True,1.0,1.0,1.0,1.0,1.0,1.0,1.0
2032,33c925ac7b905e8f,True,1.0,1.0,1.0,1.0,1.0,1.0,1.0
2033,0ffe6d569128598a,True,1.0,1.0,1.0,1.0,1.0,1.0,1.0
2034,a08215e27d775f96,True,1.0,1.0,0.8900880215662298,1.0,1.0,1.0,0.9542033423192624
2035,0a4cf95e90d45770,True,1.0,1.0,1.0,1.0,1.0,1.0,1.0
2036,fa39ec6686705dac,True,1.0,1.0,0.9385042490473177,1.0,1.0,1.0,0.9743767704363823
2037,7da9641127dd514b,True,1.0,1.0,0.5680024537981075,1.0,1.0,1.0,0.8200010224158781
2038,e7c485c237b352cd,True,1.0,1.0,0.9295273996202239,1.0,1.0,1.0,0.9706364165084267
2039,ef97c6e9f11b59a7,True,1.0,1.0,0.7219308802388558,1.0,1.0,1.0,0.8841378667661899
2040,e53fc4a1bbe0568b,True,1.0,1.0,1.0,1.0,1.0,1.0,1.0
2041,85185d3ba8b35890,True,1.0,1.0,1.0,1.0,1.0,1.0,1.0
2042,9c4e60dd8e9959d8,True,1.0,1.0,1.0,1.0,1.0,1.0,1.0
2043,0a3caedd4a7c5394,True,1.0,1.0,0.9229688093968134,1.0,1.0,1.0,0.9679036705820057
2044,6907c80d73775279,True,1.0,1.0,0.8778914879656502,1.0,1.0,1.0,0.949121453319021
2045,c2cf3991e2e65486,True,1.0,1.0,1.0,1.0,1.0,1.0,1.0
2046,0cf908f72d885124,True,1.0,1.0,1.0,1.0,1.0,1.0,1.0
2047,61be266ee38a5891,True,1.0,1.0,0.8014532524767396,1.0,1.0,1.0,0.9172721885319749
2048,80fb7c16b92856a3,True,1.0,1.0,0.9533192672546309,1.0,1.0,1.0,0.9805496946894295
2049,ef11e35afed25326,True,1.0,1.0,0.7083144481872252,1.0,1.0,1.0,0.8784643534113439
2050,4501554f824e59fc,True,1.0,1.0,0.6923559359356948,1.0,1.0,1.0,0.8718149733065395
2051,db3833e656c256dd,True,1.0,1.0,0.9196329094052464,1.0,1.0,1.0,0.9665137122521861
2052,c74dd20cc31755b0,True,1.0,1.0,0.920315235608533,1.0,1.0,1.0,0.9667980148368888
2053,ae472d675a965aca,True,1.0,1.0,0.7279465261867699,1.0,1.0,1.0,0.8866443859111541
2054,861805c4ff585f84,True,1.0,0.0,0.0,1.0,1.0,0.0,0.0
2055,51467056c4f35555,True,1.0,1.0,0.8047940756781934,1.0,1.0,1.0,0.9186641981992473
2056,21d65485fa3c55e7,True,1.0,0.0,0.0,1.0,1.0,1.0,0.0
2057,42c8571d47305166,True,1.0,1.0,1.0,1.0,1.0,1.0,1.0
2058,22f1319717ec58f0,True,1.0,1.0,0.8427227869377943,1.0,1.0,1.0,0.9344678278907477
2059,e95b2a30d9f456e2,True,1.0,1.0,1.0,1.0,1.0,1.0,1.0
2060,ec75cc0ff5825fb9,True,1.0,1.0,0.5398425556991088,1.0,1.0,1.0,0.8082677315412953
2061,6fe374eabe7b5dea,True,1.0,1.0,0.9830315629143298,1.0,1.0,1.0,0.9929298178809708
2062,87929fb304eb5bcc,True,1.0,1.0,0.8890502757859232,1.0,1.0,1.0,0.9537709482441347
2063,f1ae86b9b6a75893,True,1.0,1.0,1.0,1.0,1.0,1.0,1.0
2064,922b13fe723c505a,True,1.0,1.0,0.8004708451540067,1.0,1.0,1.0,0.9168628521475028
2065,f2a54a0461005d6c,True,1.0,1.0,1.0,1.0,1.0,1.0,1.0
2066,fa0f2e54ad7259b0,True,1.0,1.0,0.9641275724537636,1.0,1.0,1.0,0.9850531551890681
2067,2751f9eb641455c9,True,1.0,1.0,0.7914710524737181,1.0,1.0,1.0,0.9131129385307158
2068,49365bdfac13581d,True,1.0,1.0,1.0,1.0,1.0,1.0,1.0
2069,ef65f88fc1a55fdc,True,1.0,1.0,1.0,1.0,1.0,1.0,1.0
2070,2d1f929350f65cdc,True,1.0,1.0,1.0,1.0,1.0,1.0,1.0
2071,5db9d1088a615a4b,True,1.0,1.0,1.0,1.0,1.0,1.0,1.0
2072,a2737c768a335e27,True,1.0,0.0,0.0,1.0,1.0,1.0,0.0
2073,6f790c3c333058b2,True,1.0,1.0,0.7639262611823032,1.0,1.0,1.0,0.901635942159293
2074,314f25442fd753b4,True,1.0,1.0,0.5932160605585339,1.0,1.0,1.0,0.8305066918993891
2075,889aac2576295c91,True,0.0,1.0,0.0,0.0,1.0,1.0,0.0
2076,7385c74727eb53b5,True,1.0,1.0,0.8945571234187326,1.0,1.0,1.0,0.9560654680911386
2077,ac0fb7997f4e5106,True,1.0,1.0,1.0,1.0,1.0,1.0,1.0
2078,fe746b45992f5a69,True,1.0,1.0,1.0,1.0,1.0,0.0,1.0
2079,eb0a89861a32518e,True,1.0,1.0,0.9868547418760029,1.0,1.0,1.0,0.9945228091150012
2080,79ecc8e6e5fa5dd5,True,1.0,1.0,0.9955459022471118,1.0,1.0,1.0,0.9981441259362965
2081,facbbc93a1925184,True,1.0,1.0,0.7508793810366664,1.0,1.0,1.0,0.8961997420986111
2082,b805c900794c53f5,True,1.0,1.0,0.7894822004513408,1.0,1.0,1.0,0.9122842501880587
2083,82e6bac5509d5471,True,1.0,1.0,0.8282435840673263,1.0,1.0,1.0,0.9284348266947194
2084,1623cbaee7295b13,True,1.0,1.0,1.0,1.0,1.0,1.0,1.0
2085,bbde51f27b4455c2,True,1.0,1.0,0.8109668336924981,1.0,1.0,1.0,0.9212361807052076
2086,d26170a35d1c5e33,True,1.0,1.0,0.7775870350628877,1.0,1.0,1.0,0.9073279312762033
2087,8486dcafaee75d76,True,1.0,1.0,1.0,1.0,1.0,1.0,1.0
2088,72928620ac2a55a0,True,1.0,0.0,0.0,1.0,1.0,1.0,0.0
2089,13fcb47bb63951e7,True,1.0,1.0,0.5364779571374034,1.0,1.0,1.0,0.8068658154739182
2090,805fed6cba8c5fd3,True,1.0,1.0,1.0,1.0,1.0,1.0,1.0
2091,7857a22b3bc85bb4,True,1.0,1.0,0.9206581846891366,1.0,1.0,1.0,0.9669409102871404
2092,882a63bc231e5987,True,1.0,1.0,1.0,1.0,1.0,1.0,1.0
2093,599e006109385ae5,True,1.0,1.0,0.8031514418475727,1.0,1.0,1.0,0.9179797674364886
2094,77868241ec115a11,True,1.0,1.0,0.8048673777707726,1.0,1.0,1.0,0.918694740737822
2095,5c786c10eb7f57da,True,1.0,1.0,0.9148438309526299,1.0,1.0,1.0,0.9645182628969291
2096,7feaf6410f1854a8,True,1.0,1.0,0.8156742350131134,1.0,1.0,1.0,0.9231975979221305
2097,69e3344606a55c73,True,1.0,1.0,1.0,1.0,1.0,1.0,1.0
2098,a0c719046be7530e,True,1.0,1.0,0.94165827649979,1.0,1.0,1.0,0.9756909485415791
2099,93ca181d363358eb,True,1.0,1.0,0.7194672420928967,1.0,1.0,1.0,0.8831113508720403
2100,c89f33e9f07d5aa8,True,1.0,1.0,0.5138875930404737,1.0,1.0,1.0,0.797453163766864
2101,d01e896e6c325436,True,1.0,1.0,1.0,1.0,1.0,1.0,1.0
2102,e727c1d090125d64,True,1.0,1.0,1.0,1.0,1.0,1.0,1.0
2103,a572393e361e5b6c,True,1.0,1.0,0.645203820935372,1.0,1.0,1.0,0.8521682587230717
2104,90e387c7930d56de,True,1.0,1.0,0.8254528936633576,1.0,1.0,1.0,0.927272039026399
2105,e0c6e5c235ed5b7b,True,1.0,1.0,0.9171980120891169,1.0,1.0,1.0,0.9654991717037987
2106,49e3bfda06d45f7e,True,1.0,1.0,0.9362839323242637,1.0,1.0,1.0,0.9734516384684433
2107,bdff1d80a75e5307,True,1.0,1.0,0.7504939390475893,1.0,1.0,1.0,0.8960391412698289
2108,fe4e5fdf88195cfa,True,1.0,1.0,0.9010153234704651,1.0,1.0,1.0,0.9587563847793605
2109,4f6fb990b8875e5f,True,1.0,1.0,1.0,1.0,1.0,1.0,1.0
2110,75ffe77189e95d43,True,1.0,1.0,0.731290596602739,1.0,1.0,1.0,0.8880377485844746
2111,fdba4d15c05554e1,True,1.0,1.0,0.9041441949526691,1.0,1.0,1.0,0.9600600812302789
2112,29143e2319415eec,True,1.0,1.0,1.0,1.0,1.0,1.0,1.0
2113,6e9027bc59c857a9,True,1.0,1.0,0.5934682801358314,1.0,1.0,1.0,0.8306117833899297
2114,585a681f4ad95682,True,1.0,1.0,0.6892519124422529,1.0,1.0,1.0,0.870521630184272
2115,60a560bfff6f528b,True,1.0,1.0,0.47659770604739393,1.0,1.0,1.0,0.7819157108530809
2116,85159c024a355d8d,True,1.0,1.0,0.9644795596809315,1.0,1.0,1.0,0.9851998165337216
2117,afd8795214205519,True,1.0,1.0,1.0,1.0,1.0,1.0,1.0
2118,c7b679fb61655f22,True,1.0,1.0,1.0,1.0,1.0,1.0,1.0
2119,ba7553f511f653b3,True,1.0,1.0,0.6331985161994781,1.0,1.0,1.0,0.8471660484164492
2120,9cdaa8f652bf5a27,True,1.0,1.0,0.6963456882202838,1.0,1.0,1.0,0.8734773700917849
2121,6840e07af4275492,True,1.0,1.0,0.9788054320624314,1.0,1.0,1.0,0.991168930026013
2122,cf12097663665430,True,1.0,1.0,0.5398120163721888,1.0,1.0,1.0,0.8082550068217453
2123,60af77348f6257b6,True,1.0,1.0,0.5541012936624656,1.0,1.0,1.0,0.8142088723593607
2124,5b1954a42c2455e7,True,1.0,1.0,0.7294369369314475,1.0,1.0,1.0,0.887265390388103
2125,43c3a96bede25b1c,True,1.0,1.0,0.7362848101808338,1.0,1.0,1.0,0.8901186709086808
2126,a25711b4fdcc50df,True,1.0,1.0,1.0,1.0,1.0,1.0,1.0
2127,c0a14b9e841a5aee,True,1.0,1.0,1.0,1.0,1.0,1.0,1.0
2128,86bc41537b2e5bb5,True,1.0,1.0,0.7331497272600209,1.0,1.0,1.0,0.888812386358342
2129,dd157f14e18f5a1a,True,1.0,1.0,1.0,1.0,1.0,1.0,1.0
2130,04f5b9e8203c5a92,True,1.0,1.0,1.0,1.0,1.0,1.0,1.0
2131,4b0be4847dd45b5c,True,1.0,1.0,0.6443878943137337,1.0,1.0,1.0,0.851828289297389
2132,e2442187de045407,True,1.0,1.0,0.8680018808897472,1.0,1.0,1.0,0.9450007837040614
2133,d5eca47b1fc25d20,True,1.0,1.0,0.7958726738101287,1.0,1.0,1.0,0.914946947420887
2134,0809e84efac053e6,True,1.0,1.0,1.0,1.0,1.0,1.0,1.0
2135,e3ddabf456b155a9,True,1.0,1.0,0.899037536236748,1.0,1.0,1.0,0.9579323067653117
2136,e6a27e83c6025b68,True,1.0,1.0,0.8362278364906898,1.0,1.0,1.0,0.9317615985377875
2137,67bb26a522b45b5a,True,1.0,1.0,1.0,1.0,1.0,1.0,1.0
2138,2567ec8e92d05eb6,True,1.0,1.0,0.9695445098096268,1.0,1.0,1.0,0.9873102124206778
2139,f33eaf7a7ddc5891,True,1.0,1.0,0.8005076063109519,1.0,1.0,1.0,0.91687816929623
2140,0a5780be84565110,True,1.0,1.0,1.0,1.0,1.0,1.0,1.0
2141,fa4e4826f5585647,True,1.0,1.0,0.7827156926219231,1.0,1.0,1.0,0.9094648719258013
2142,25cbb9887e5d5752,True,1.0,1.0,1.0,1.0,1.0,1.0,1.0
2143,38aff0f1a2f357f6,True,1.0,1.0,0.9659232722726558,1.0,1.0,1.0,0.9858013634469399
2144,fd391501d37752ba,True,1.0,1.0,0.9879091393919475,1.0,1.0,0.5,0.9949621414133114
2145,2e1835a7c6445310,True,1.0,1.0,0.9372199445226184,1.0,1.0,1.0,0.9738416435510909
2146,0abc30416c5a59cd,True,1.0,1.0,0.8462949007058089,1.0,1.0,1.0,0.9359562086274203
2147,7b4383b378035cb7,True,1.0,1.0,0.6178058027330545,1.0,1.0,1.0,0.8407524178054393
2148,984c4c329ba05bd2,True,1.0,1.0,1.0,1.0,1.0,1.0,1.0
2149,14d112b14e9a5d5c,True,1.0,1.0,0.9068542855684744,1.0,1.0,1.0,0.961189285653531
2150,45c3a52706c555df,True,1.0,1.0,0.7542279412407954,1.0,1.0,1.0,0.8975949755169981
2151,e485bc6cdd285588,True,1.0,1.0,0.6100773707685252,1.0,1.0,1.0,0.8375322378202189
2152,771c4e378bef58e4,True,0.0,0.0,0.0,0.0,1.0,1.0,0.0
2153,569a63e20e845d44,True,1.0,1.0,0.7340510263019292,1.0,1.0,1.0,0.8891879276258038
2154,7b29ee091c295f7a,True,1.0,1.0,1.0,1.0,1.0,1.0,1.0
2155,253adcf13a3f5c15,True,1.0,1.0,1.0,1.0,1.0,1.0,1.0
2156,f8c4bf250c1c512c,True,1.0,1.0,0.8878041889098605,1.0,1.0,1.0,0.9532517453791085
2157,8f9712da66485b70,True,1.0,1.0,0.776686285195077,1.0,1.0,1.0,0.9069526188312821
2158,33cef4cafef9503b,True,1.0,1.0,0.6807137744115836,1.0,1.0,1.0,0.8669640726714931
2159,c69051fe82a95f3c,True,1.0,1.0,1.0,1.0,1.0,1.0,1.0
2160,8cc8fe63227d5c07,True,1.0,1.0,1.0,1.0,1.0,1.0,1.0
2161,603d4a913f315a41,True,1.0,1.0,1.0,1.0,1.0,1.0,1.0
2162,20f0988b6050572a,True,1.0,1.0,0.8557043633400649,1.0,1.0,1.0,0.9398768180583604
2163,de80647014f35dbb,True,1.0,1.0,0.7836913682983563,1.0,1.0,1.0,0.9098714034576485
2164,4e3f39fa6dfc5d12,True,1.0,1.0,0.5566333014622924,1.0,1.0,1.0,0.8152638756092885
2165,4849a426de8e5d24,True,1.0,1.0,0.957425209560347,1.0,1.0,1.0,0.9822605039834779
2166,a44db880afe95be7,True,1.0,1.0,0.61291917234387,1.0,1.0,1.0,0.8387163218099459
2167,7fb1c845280a55aa,True,1.0,1.0,0.6114554785981025,1.0,1.0,1.0,0.838106449415876
2168,fc0a5277292352d9,True,1.0,1.0,0.9038053904394729,1.0,1.0,1.0,0.9599189126831137
2169,64d046ec9cee51d4,True,1.0,1.0,0.6481388379865771,1.0,1.0,1.0,0.853391182494407
2170,6a3518e83ad751f6,True,1.0,1.0,1.0,1.0,1.0,1.0,1.0
2171,8afbc18a03e2572f,True,1.0,1.0,0.8906779807960713,1.0,1.0,1.0,0.9544491586650298
2172,2d0334f7e7d75853,True,1.0,1.0,0.807025412828837,1.0,1.0,1.0,0.9195939220120154
2173,05afd4630a525f78,True,1.0,1.0,0.7086601819002246,1.0,1.0,1.0,0.8786084091250936
2174,08dad3e5005658df,True,1.0,1.0,0.6416510281053319,1.0,1.0,1.0,0.8506879283772216
2175,86641ef36dfc5c16,True,1.0,1.0,1.0,1.0,1.0,1.0,1.0
2176,1b35b775c4a95647,True,1.0,1.0,1.0,1.0,1.0,1.0,1.0
2177,53b9b277e6305400,True,1.0,1.0,0.8493963555996826,1.0,1.0,1.0,0.9372484814998678
2178,e61cc4ac32d7538a,True,1.0,1.0,0.5313742800716744,1.0,1.0,1.0,0.8047392833631978
2179,c28f3febaf635777,True,1.0,1.0,0.8509902708138124,1.0,1.0,1.0,0.9379126128390886
2180,df4dfd432ba25781,True,1.0,1.0,1.0,1.0,1.0,1.0,1.0
2181,4f466c389dce58e4,True,1.0,1.0,0.6934894701977106,1.0,1.0,1.0,0.8722872792490461
2182,926ea834d8f256d5,True,1.0,1.0,0.7300138925238283,1.0,1.0,1.0,0.8875057885515951
2183,07d45fff78625de2,True,1.0,1.0,1.0,1.0,1.0,1.0,1.0
2184,1d1dde59c417522f,True,1.0,1.0,0.8250283581616081,1.0,1.0,1.0,0.9270951492340034
2185,fe37acae391d507c,True,1.0,1.0,0.8642020902317389,1.0,1.0,1.0,0.943417537596558
2186,fe5bd33f199d5a64,True,1.0,1.0,0.8637551242198123,1.0,1.0,1.0,0.9432313017582551
2187,b989e46aae3a5332,True,1.0,1.0,1.0,1.0,1.0,1.0,1.0
2188,cbcd554895c75231,True,1.0,0.0,0.0,1.0,1.0,1.0,0.0
2189,90c51d90c33b5cef,True,1.0,1.0,0.9580978342210803,1.0,1.0,1.0,0.9825407642587836
2190,c844ccab55295a05,True,1.0,1.0,1.0,1.0,1.0,1.0,1.0
2191,c296ded44f9a509a,True,1.0,0.0,0.0,1.0,1.0,1.0,0.0
2192,e5e21bbf8d665374,True,1.0,1.0,1.0,1.0,1.0,1.0,1.0
2193,bb4f37403cea5b0e,True,1.0,1.0,0.6560201325808698,1.0,1.0,1.0,0.8566750552420291
2194,9b0f5a2f65e45867,True,1.0,0.0,0.0,1.0,1.0,0.5,0.0
2195,f0fb575adb8a5171,True,1.0,1.0,0.8381439187534299,1.0,1.0,1.0,0.9325599661472624
2196,dfa220d6e64f5d84,True,1.0,1.0,1.0,1.0,1.0,1.0,1.0
2197,507c91dd2444555e,True,1.0,1.0,0.8324566883674934,1.0,1.0,1.0,0.9301902868197889
2198,8f4e4b81b2b15283,True,1.0,1.0,1.0,1.0,1.0,1.0,1.0
2199,689ed7a2ee4b583d,True,1.0,0.0,0.0,1.0,1.0,1.0,0.0
2200,c62b532b8f355b16,True,1.0,1.0,0.8524733560611929,1.0,1.0,1.0,0.938530565025497
2201,08e025b8ab6253bc,True,1.0,0.0,0.0,1.0,1.0,1.0,0.0
2202,ead55e845b5f561d,True,1.0,1.0,1.0,1.0,1.0,1.0,1.0
2203,0490beca807c5e9f,True,1.0,1.0,0.8424570123103698,1.0,1.0,1.0,0.9343570884626541
2204,75b0adddd02558ba,True,1.0,1.0,0.8854431710533018,1.0,1.0,1.0,0.9522679879388759
2205,6250b1bc5d735d1a,True,1.0,1.0,0.5865859185098198,1.0,1.0,1.0,0.827744132712425
2206,65612a858cc756b3,True,1.0,1.0,0.8409232242324326,1.0,1.0,1.0,0.9337180100968469
2207,a1592a3b82bb5060,True,1.0,1.0,1.0,1.0,1.0,1.0,1.0
2208,189654afe9465b09,True,1.0,1.0,0.8050765869379307,1.0,1.0,1.0,0.9187819112241377
2209,b8f2f60346035cb0,True,1.0,1.0,0.7193762248695148,1.0,1.0,1.0,0.8830734270289645
2210,0c5feb2794e9579c,True,1.0,1.0,0.6739916179339206,1.0,1.0,1.0,0.8641631741391335
2211,e6db7be94a175aec,True,1.0,0.0,0.0,1.0,1.0,1.0,0.0
2212,9e0633fbdeac55bb,True,1.0,1.0,0.8843269222701164,1.0,1.0,1.0,0.9518028842792151
2213,d99e2e84c46f577d,True,1.0,1.0,0.5641788250567368,1.0,1.0,1.0,0.8184078437736403
2214,4de72cf1449b51c8,True,1.0,1.0,0.9323397063103729,1.0,1.0,1.0,0.9718082109626552
2215,4dad8cf0704c5c43,True,1.0,1.0,1.0,1.0,1.0,1.0,1.0
2216,af0e2b61cba953de,True,1.0,1.0,0.5859415528164286,1.0,1.0,1.0,0.8274756470068452
2217,7d66b9b9d4df5fe8,True,1.0,1.0,0.6964998332587591,1.0,1.0,1.0,0.8735415971911497
2218,bc93e095f13c54b2,True,1.0,1.0,1.0,1.0,1.0,1.0,1.0
2219,40884b7d89be5e0b,True,1.0,1.0,0.7642167160219908,1.0,1.0,1.0,0.9017569650091629
2220,36f34c9e02a15801,True,1.0,1.0,1.0,1.0,1.0,1.0,1.0
2221,fd89a82cf20e5632,True,1.0,1.0,0.9474956679803774,1.0,1.0,1.0,0.978123194991824
2222,9a1b945bf0125d1d,True,1.0,1.0,1.0,1.0,1.0,1.0,1.0
2223,d93832e29afa5f8b,True,1.0,1.0,0.8401571376830155,1.0,1.0,1.0,0.9333988073679231
2224,7084e524e59c50ab,True,1.0,1.0,0.9230440239731019,1.0,1.0,1.0,0.9679350099887923
2225,76df9fb807c9580a,True,1.0,1.0,0.7345875658223275,1.0,1.0,1.0,0.8894114857593031
2226,6b0a15391789599e,True,1.0,1.0,0.11819170685871078,1.0,1.0,1.0,0.6325798778577961
2227,7f5f77992cd859ef,True,1.0,1.0,0.5861500039673191,1.0,1.0,1.0,0.8275625016530496
2228,50142143082f5c0e,True,1.0,1.0,1.0,1.0,1.0,1.0,1.0
2229,43f586c2ca4b5929,True,1.0,1.0,0.7330760572773677,1.0,1.0,1.0,0.8887816905322365
2230,8d068ed41e335268,True,1.0,1.0,0.7857867590052074,1.0,1.0,1.0,0.9107444829188364
2231,57f2781030b25387,True,1.0,1.0,0.8381537219119021,1.0,1.0,1.0,0.9325640507966259
2232,20728d3e677b593d,True,1.0,1.0,0.6318186815211714,1.0,1.0,1.0,0.8465911173004881
2233,a83d8c6015e85622,True,1.0,1.0,0.7871135078795191,1.0,1.0,1.0,0.9112972949497996
2234,fdfad1317cd75455,True,1.0,1.0,1.0,1.0,1.0,1.0,1.0
2235,f6ce545dcc975501,True,1.0,1.0,1.0,1.0,1.0,1.0,1.0
2236,368cb65e8fef57b7,True,1.0,1.0,0.6684051248024094,1.0,1.0,1.0,0.8618354686676706
2237,581e219460ef5789,True,1.0,1.0,0.7511317154717886,1.0,1.0,1.0,0.8963048814465786
2238,e073c9ed32975c17,True,1.0,1.0,0.9550284816745345,1.0,1.0,1.0,0.9812618673643895
2239,cee52329bc8855af,True,1.0,1.0,0.8511044886925477,1.0,1.0,1.0,0.9379602036218948
2240,6c64511810415244,True,1.0,1.0,0.8850005740962384,1.0,1.0,1.0,0.9520835725400993
2241,0d8754f6d53d5968,True,1.0,1.0,0.684337790813719,1.0,1.0,1.0,0.8684740795057163
2242,132d1ec43fc058e1,True,1.0,1.0,0.9659214090630895,1.0,1.0,1.0,0.9858005871096207
2243,82ef8b099fb55f0c,True,1.0,1.0,1.0,1.0,1.0,1.0,1.0
2244,5e2b839cccb95921,True,1.0,1.0,0.9829618520736864,1.0,1.0,0.5,0.9929007716973693
2245,a15d7c93c85e5505,True,1.0,1.0,0.9489488044197212,1.0,1.0,1.0,0.9787286685082172
2246,893455c02e16508b,True,1.0,1.0,0.9397383653242848,1.0,1.0,1.0,0.9748909855517853
2247,bebbdf5c01b85cf1,True,1.0,1.0,0.8023063511074587,1.0,1.0,1.0,0.9176276462947746
2248,54a48973672c5352,True,1.0,1.0,1.0,1.0,1.0,1.0,1.0
2249,4af64a41372d564f,True,1.0,1.0,0.804679903327055,1.0,1.0,1.0,0.9186166263862728
2250,da53dac7558e563d,True,1.0,1.0,0.9260114958161351,1.0,1.0,1.0,0.9691714565900563
2251,295b050f45615ad6,True,1.0,1.0,0.964785440662657,1.0,1.0,1.0,0.9853272669427738
2252,f0135d40a8f05feb,True,1.0,1.0,0.810969303376321,1.0,1.0,1.0,0.9212372097401338
2253,f409dfb714ed539c,True,1.0,1.0,0.850485780079148,1.0,1.0,1.0,0.9377024083663117
2254,bc85f0c7a2305ef5,True,1.0,1.0,0.9048131546210936,1.0,1.0,1.0,0.9603388144254557
2255,7db2c53b0e9e5971,True,1.0,1.0,0.5158764400639663,1.0,1.0,1.0,0.7982818500266525
2256,efe0cf18491855e6,True,1.0,1.0,0.9255020450563777,1.0,1.0,1.0,0.9689591854401574
2257,b3055bb6f80d5167,True,1.0,1.0,1.0,1.0,1.0,1.0,1.0
2258,f8e2454674f75e0f,True,1.0,1.0,1.0,1.0,1.0,1.0,1.0
2259,7ffaa3cf8bf45474,True,1.0,1.0,1.0,1.0,1.0,1.0,1.0
2260,52dac3f651ae5950,True,1.0,1.0,0.8171139195531121,1.0,1.0,1.0,0.9237974664804632
2261,f618df9b13b75f68,True,1.0,1.0,0.9604281522382065,1.0,1.0,1.0,0.9835117300992527
2262,f2291b8766215c41,True,1.0,1.0,0.666317873605974,1.0,1.0,1.0,0.8609657806691559
2263,a1fa084b258b5672,True,1.0,1.0,0.8723591115330204,1.0,1.0,1.0,0.9468162964720918
2264,b4c5bd35a81f517e,True,1.0,1.0,1.0,0.0,1.0,1.0,0.5833333333333334
2265,098c8aa8816b5805,True,0.0,1.0,0.0,0.0,1.0,1.0,0.0
2266,9f521d00c3ef55b7,True,1.0,1.0,0.8379928542524017,1.0,1.0,1.0,0.9324970226051673
2267,961138ed0ca9525b,True,1.0,1.0,0.911176661123259,1.0,1.0,1.0,0.9629902754680245
2268,1f9d4228103950f8,True,1.0,1.0,0.6504343003743378,1.0,1.0,1.0,0.8543476251559742
2269,160d02b02f4d5f77,True,1.0,1.0,1.0,1.0,1.0,1.0,1.0
2270,37d818085d0f56e8,True,1.0,1.0,0.81441135915546,1.0,1.0,1.0,0.9226713996481083
2271,934f7ab607405431,True,1.0,1.0,1.0,1.0,1.0,1.0,1.0
2272,cb71a934523a5d4a,True,1.0,1.0,0.905625820882409,1.0,1.0,1.0,0.9606774253676704
2273,eeae24d38eb15e0a,True,1.0,1.0,0.5017044218102462,1.0,1.0,1.0,0.792376842420936
2274,885aa5c90eb9554c,True,1.0,1.0,0.8864149874432129,1.0,1.0,1.0,0.952672911434672
2275,546c6d1bfc455f77,True,1.0,1.0,0.9135374888247819,1.0,1.0,1.0,0.9639739536769923
2276,13b137cecf4b57e9,True,0.0,1.0,0.0,0.0,1.0,1.0,0.0
2277,a76f3192f58250c2,True,1.0,1.0,0.9092473059248476,1.0,1.0,1.0,0.9621863774686865
2278,6782b9c3686f58f3,True,1.0,1.0,0.43107796206970295,1.0,1.0,0.5,0.7629491508623762
2279,ccb2ae93b23b5826,True,1.0,1.0,0.7795745920643581,1.0,1.0,1.0,0.9081560800268159
2280,c6be203c41a155e4,True,1.0,0.0,0.0,1.0,1.0,1.0,0.0
2281,454e63f98e365a3a,True,1.0,1.0,1.0,1.0,1.0,1.0,1.0
2282,7e8ca7a00f83587d,True,1.0,1.0,0.7745516114947837,1.0,1.0,1.0,0.9060631714561599
2283,5d004fb36ca95fa0,True,1.0,1.0,1.0,1.0,1.0,1.0,1.0
2284,41bf372d03d95267,True,1.0,1.0,1.0,1.0,1.0,1.0,1.0
2285,c4bacbfebba15b26,True,1.0,1.0,0.7350305790861921,1.0,1.0,0.5,0.8895960746192467
2286,0beacadfbc4553ea,True,1.0,1.0,0.8370186164159492,1.0,1.0,1.0,0.9320910901733122
2287,0924309bada05ea6,True,1.0,1.0,0.8050954451862403,1.0,1.0,1.0,0.9187897688276001
2288,453be1f585b1589f,True,1.0,1.0,0.9058982187195228,1.0,1.0,1.0,0.9607909244664677
2289,b5674c9c6c735d57,True,1.0,1.0,0.914042098367996,1.0,1.0,1.0,0.9641842076533317
2290,0503cc398e2656be,True,1.0,1.0,0.9581267761770522,0.0,1.0,1.0,0.5658861567404384
2291,529d2e20dc615c3b,True,1.0,1.0,1.0,1.0,1.0,1.0,1.0
2292,850fd96a46b25445,True,1.0,1.0,0.8656619170978731,1.0,1.0,1.0,0.9440257987907804
2293,5ac5a4a182b859f7,True,1.0,1.0,0.9091287570474452,1.0,1.0,1.0,0.9621369821031022
2294,08977ce458945f04,True,1.0,1.0,0.87262909818897,1.0,1.0,1.0,0.9469287909120708
2295,d68ae36caae15586,True,1.0,1.0,0.8378235758215733,1.0,1.0,1.0,0.9324264899256556
2296,da137494751e500f,True,1.0,1.0,0.7638631044501982,1.0,1.0,1.0,0.9016096268542494
2297,a19a97133a285e39,True,1.0,1.0,1.0,1.0,1.0,1.0,1.0
2298,d42e15faa6375e18,True,1.0,1.0,1.0,1.0,1.0,1.0,1.0
2299,44f758bf2bee53ce,True,1.0,1.0,0.9218986686876302,1.0,1.0,1.0,0.9674577786198458
2300,0498b27fee425645,True,1.0,1.0,0.6134612183085458,1.0,1.0,1.0,0.8389421742952274
2301,de56fef875ac5a5e,True,1.0,1.0,0.6187047424155593,1.0,1.0,1.0,0.8411269760064831
2302,bfb583c3969950ba,True,1.0,1.0,0.7995146537177689,1.0,1.0,1.0,0.9164644390490704
2303,8b3423345f3657b0,True,1.0,1.0,1.0,1.0,1.0,1.0,1.0
2304,71220ef085f459fc,True,1.0,1.0,1.0,1.0,1.0,1.0,1.0
2305,c159f0c331075464,True,1.0,1.0,1.0,1.0,1.0,1.0,1.0
2306,e797167404675bfa,True,1.0,1.0,0.7331460595768571,1.0,1.0,1.0,0.8888108581570237
2307,a760f4373fd751e4,True,1.0,1.0,0.8047818949710117,1.0,1.0,1.0,0.9186591229045882
2308,b0b850e74a1e5bc7,True,1.0,1.0,1.0,1.0,1.0,1.0,1.0
2309,5be85314d55654f1,True,1.0,1.0,1.0,1.0,1.0,1.0,1.0
2310,fad5349c0f7c501a,True,1.0,1.0,0.6948659386999857,1.0,1.0,1.0,0.8728608077916608
2311,0bf5bbbd53fe5ea6,True,1.0,1.0,1.0,1.0,1.0,1.0,1.0
2312,cf50ffa22c81555d,True,1.0,1.0,0.8274668910213528,1.0,1.0,1.0,0.9281112045922303
2313,db4bcafb6d775b4f,True,1.0,0.0,0.0,1.0,1.0,1.0,0.0
2314,e429babc45b05f4e,True,1.0,1.0,0.8980375085786496,1.0,1.0,1.0,0.9575156285744374
2315,03986e48fa5e5f90,True,1.0,1.0,0.9407235923315892,1.0,1.0,1.0,0.9753014968048288
2316,5005f44bd2135f3b,True,1.0,1.0,0.8336095124445394,1.0,1.0,1.0,0.9306706301852247
2317,8430e9ba6d395dd2,True,1.0,1.0,0.8118126248374773,1.0,1.0,1.0,0.9215885936822822
2318,a631fec170525388,True,1.0,1.0,0.7233900314438569,1.0,1.0,1.0,0.8847458464349405
2319,76a494d09cd75446,True,1.0,1.0,0.7759178693984424,1.0,1.0,1.0,0.9066324455826843
2320,d9b28b3ee70e57f2,True,1.0,1.0,1.0,1.0,1.0,1.0,1.0
2321,e13e38532130514b,True,1.0,1.0,1.0,1.0,1.0,1.0,1.0
2322,8c384d60912b5f73,True,1.0,1.0,0.7118800233817834,1.0,1.0,1.0,0.8799500097424097
2323,b2f5adcdf3dd5227,True,1.0,1.0,1.0,1.0,1.0,1.0,1.0
2324,a1493423e0d1521c,True,1.0,1.0,1.0,1.0,1.0,1.0,1.0
2325,1661876892b952e5,True,1.0,1.0,0.8221681956988565,1.0,1.0,1.0,0.9259034148745235
2326,1e92a7ac3d645cdd,True,1.0,1.0,0.8114922486973678,1.0,1.0,1.0,0.9214551036239031
2327,3bdecfdccc335eda,True,1.0,1.0,0.8602989883117205,1.0,1.0,1.0,0.9417912451298834
2328,00f20c2762515d09,True,1.0,1.0,0.9903980419535173,1.0,1.0,1.0,0.9959991841472989
2329,df7662125da1513f,True,1.0,1.0,1.0,1.0,1.0,1.0,1.0
2330,c21ec33e15b458a1,True,1.0,1.0,0.8230265514375824,1.0,1.0,1.0,0.9262610630989926
2331,f35c6a6f6a1157b3,True,1.0,1.0,1.0,1.0,1.0,1.0,1.0
2332,ffcbf5f098625d83,True,1.0,1.0,0.6219575638492199,1.0,1.0,1.0,0.8424823182705082
2333,972fa3a96b9f5301,True,1.0,1.0,0.8673049677262975,1.0,1.0,1.0,0.9447104032192906
2334,b1e0acd51fbf5895,True,1.0,1.0,0.6207665566509076,1.0,1.0,1.0,0.8419860652712116
2335,81b8a8b98a655f0f,True,1.0,1.0,1.0,1.0,1.0,1.0,1.0
2336,d5d0d0797e4a5d5b,True,0.0,1.0,0.0,1.0,1.0,1.0,0.0
2337,37c816fee82753e3,True,0.0,1.0,0.0,0.0,1.0,1.0,0.0
2338,e59fd69b1be85258,True,1.0,1.0,0.7584147914463841,1.0,1.0,1.0,0.8993394964359934
2339,789c2205e7865e94,True,1.0,1.0,0.8808032588506624,1.0,1.0,1.0,0.950334691187776
2340,584d2d7503175ef5,True,1.0,1.0,0.8568162806681545,1.0,1.0,1.0,0.9403401169450644
2341,58a10d0c924050cf,True,0.0,1.0,0.0,0.0,1.0,1.0,0.0
2342,986ebb8642ae5b64,True,1.0,1.0,0.7987699064164707,1.0,1.0,1.0,0.9161541276735296
2343,b1e78f926612520e,True,1.0,1.0,1.0,1.0,1.0,1.0,1.0
2344,8470627d628e55f6,True,1.0,1.0,0.7918185060174406,1.0,1.0,1.0,0.9132577108406003
2345,3a31f6e6819d5ab2,True,1.0,1.0,0.9899450632704304,1.0,1.0,1.0,0.9958104430293461
2346,ca8a417f32d859ba,True,1.0,1.0,1.0,0.0,1.0,0.5,0.5833333333333334
2347,1f54430427975391,True,1.0,1.0,0.5802341665012287,1.0,1.0,1.0,0.8250975693755119
2348,1c1086a1254c5c9e,True,1.0,1.0,0.8206842712365671,1.0,1.0,1.0,0.9252851130152363
2349,8f224f01713a5376,True,1.0,1.0,1.0,1.0,1.0,1.0,1.0
2350,431869f33ace51a0,True,1.0,1.0,0.8536639790333973,1.0,1.0,1.0,0.9390266579305822
2351,9a4e8cacd6095527,True,1.0,1.0,0.6237474477262044,1.0,1.0,1.0,0.8432281032192518
2352,a7d3076a7b7b58b2,True,1.0,1.0,0.971280165073612,1.0,1.0,1.0,0.9880334021140049
2353,21fb4d702ea85f63,True,1.0,1.0,0.80106421614711,1.0,1.0,1.0,0.9171100900612958
2354,7683c293a5a55dce,True,1.0,1.0,1.0,1.0,1.0,1.0,1.0
2355,262333f372975eef,True,1.0,1.0,1.0,1.0,1.0,1.0,1.0
2356,9cf612ff6e4f5bd5,True,1.0,1.0,1.0,0.0,1.0,0.0,0.5833333333333334
2357,367967cea49c5dda,True,1.0,1.0,1.0,0.0,1.0,0.5,0.5833333333333334
2358,9c7fe79bcaed5bae,True,1.0,1.0,1.0,1.0,1.0,1.0,1.0
2359,cfb9e8d047515e4c,True,1.0,1.0,0.7119209617539826,1.0,1.0,1.0,0.8799670673974926
2360,518221a430885093,True,1.0,1.0,0.7969624993042259,1.0,1.0,1.0,0.9154010413767608
2361,46b79218b0195050,True,1.0,1.0,1.0,1.0,1.0,1.0,1.0
2362,a541237b06645d49,True,1.0,1.0,0.8708664352934623,1.0,1.0,1.0,0.9461943480389426
2363,db1794b15b1a54b4,True,1.0,1.0,0.868502069768743,1.0,1.0,1.0,0.9452091957369761
2364,c447b75808ee5ea6,True,1.0,1.0,0.9748172070380967,1.0,1.0,1.0,0.9895071695992069
2365,d6f66c51d98a5db6,True,1.0,1.0,0.9010579454671644,1.0,1.0,1.0,0.9587741439446518
2366,eb81d53204735bcc,True,1.0,1.0,1.0,1.0,1.0,1.0,1.0
2367,14f724bc59705bb4,True,1.0,1.0,0.8009908962499844,1.0,1.0,1.0,0.9170795401041602
2368,5167871fd80b575d,True,1.0,1.0,0.6261976449391902,1.0,1.0,1.0,0.8442490187246626
2369,e8ae48e9ca4a58fc,True,1.0,1.0,1.0,1.0,1.0,1.0,1.0
2370,1647fbd477655958,True,1.0,1.0,0.7895449739209708,1.0,1.0,1.0,0.9123104058004046
2371,22ec7d1614785b35,True,1.0,1.0,0.5799277511152668,1.0,1.0,1.0,0.8249698962980277
2372,d73cabbfed045bf2,True,1.0,1.0,0.6155431868715334,1.0,1.0,1.0,0.8398096611964722
2373,6de13c6c9af05cac,True,1.0,1.0,0.8487511708699137,0.0,1.0,1.0,0.520312987862464
2374,d6ec2a0b9fe25a58,True,1.0,1.0,1.0,1.0,1.0,1.0,1.0
2375,ec04801554fb518f,True,1.0,1.0,0.8877427640664696,1.0,1.0,1.0,0.9532261516943623
2376,32a19a2ab50f563d,True,1.0,0.0,0.0,1.0,1.0,1.0,0.0
2377,43e42cf1a2175b88,True,1.0,1.0,0.8625744625625775,1.0,1.0,1.0,0.9427393594010739
2378,9e522849163c53b8,True,1.0,1.0,0.7157980881074559,1.0,1.0,1.0,0.8815825367114399
2379,f641cb06f2175d36,True,1.0,1.0,0.8324317271291035,1.0,1.0,1.0,0.9301798863037932
2380,e46bb2932c0452b2,True,1.0,1.0,0.7258011408870488,1.0,1.0,1.0,0.8857504753696036
2381,93bbe5e3e6cd5411,True,1.0,1.0,0.7869208596263076,1.0,1.0,1.0,0.9112170248442949
2382,3b8cbe3ce6465e62,True,1.0,1.0,1.0,1.0,1.0,1.0,1.0
2383,5368a45f74ed5f66,True,1.0,1.0,1.0,1.0,1.0,1.0,1.0
2384,44a4f1048fcc57ea,True,1.0,1.0,0.7811536030090941,1.0,1.0,1.0,0.9088140012537892
2385,b63793ec1e0350e6,True,1.0,1.0,0.9523996831440559,1.0,1.0,1.0,0.9801665346433567
2386,170ea72e455e5e57,True,1.0,1.0,1.0,1.0,1.0,1.0,1.0
2387,31134bc6685c57ae,True,1.0,1.0,1.0,1.0,1.0,1.0,1.0
2388,a62a20e735805039,True,1.0,1.0,1.0,1.0,1.0,1.0,1.0
2389,3cd95c48caa05aaa,True,1.0,1.0,0.9052083074241559,1.0,1.0,1.0,0.9605034614267316
2390,5777bfe33e865897,True,1.0,1.0,0.7780174386875574,1.0,1.0,1.0,0.9075072661198155
2391,dbfc9f81daf956a9,True,1.0,1.0,1.0,1.0,1.0,1.0,1.0
2392,93574a28917b5395,True,1.0,1.0,0.736753990138988,1.0,1.0,1.0,0.8903141625579116
2393,43493f9be4735732,True,1.0,1.0,1.0,1.0,1.0,1.0,1.0
2394,d484aff53cd1589f,True,1.0,1.0,1.0,1.0,1.0,1.0,1.0
2395,e775640dbaf45c91,True,1.0,1.0,1.0,1.0,1.0,1.0,1.0
2396,fd9ae566c34f5acd,True,1.0,1.0,1.0,1.0,1.0,1.0,1.0
2397,a862b4e7cbc05869,True,1.0,1.0,1.0,1.0,1.0,1.0,1.0
2398,1a0f27ced7e056f6,True,1.0,1.0,1.0,1.0,1.0,1.0,1.0
2399,e244b2ddf97a57d6,True,1.0,1.0,0.796302122969438,1.0,1.0,1.0,0.9151258845705992
2400,69dec5959d7d53a9,True,1.0,1.0,0.6104443288648754,1.0,1.0,1.0,0.8376851370270314
2401,f154d2accd365815,True,1.0,1.0,0.7686436576641643,1.0,1.0,1.0,0.9036015240267351
2402,40348970451a52e3,True,1.0,1.0,0.8446076771375656,1.0,1.0,0.5,0.935253198807319
2403,95165bfbaadf5a64,True,1.0,1.0,1.0,1.0,1.0,1.0,1.0
2404,48109ecc22f65d58,True,1.0,1.0,1.0,1.0,1.0,1.0,1.0
2405,34787bf8b0d95f31,True,1.0,1.0,1.0,1.0,1.0,1.0,1.0
2406,0370ac4af44a5bfc,True,1.0,1.0,0.7395963087614783,1.0,1.0,1.0,0.8914984619839492
2407,f9c8ec6aefc05be4,True,1.0,0.0,0.0,1.0,1.0,1.0,0.0
2408,69575edb6db5507f,True,1.0,1.0,0.957583686805116,1.0,1.0,1.0,0.9823265361687983
2409,511ba067a1835f86,True,1.0,1.0,1.0,1.0,1.0,1.0,1.0
2410,58e19769184c5f43,True,1.0,1.0,1.0,1.0,1.0,1.0,1.0
2411,fb4a03d7f9395b9a,True,1.0,1.0,0.7497901093610503,1.0,1.0,1.0,0.8957458789004376
2412,bc253d8424935910,True,1.0,1.0,0.9494379474782101,1.0,1.0,1.0,0.9789324781159209
2413,669bad5f20bd5256,True,1.0,1.0,0.8455680105062469,1.0,1.0,1.0,0.9356533377109363
2414,9e10e31698a650a1,True,1.0,0.0,0.0,0.0,1.0,1.0,0.0
2415,4543fc207fbb553e,True,1.0,1.0,0.7819018275154116,1.0,1.0,1.0,0.9091257614647548
2416,202d0026e8ff5a3c,True,1.0,1.0,1.0,1.0,1.0,1.0,1.0
2417,5ebe40763ac05b5c,True,1.0,1.0,0.33763291328043477,1.0,1.0,0.5,0.7240137138668478
2418,f5c6f00966f152ec,True,1.0,1.0,0.8075612112030701,1.0,1.0,1.0,0.9198171713346125
2419,cf3b00d5d2b953d3,True,1.0,1.0,1.0,1.0,1.0,1.0,1.0
2420,b7205dc330035bf4,True,1.0,1.0,0.9485895180756944,1.0,1.0,1.0,0.9785789658648726
2421,05987b88b7be5bea,True,1.0,1.0,1.0,1.0,1.0,1.0,1.0
2422,11d702a710115591,True,1.0,1.0,0.9639151379969472,1.0,1.0,1.0,0.9849646408320613
2423,a8245437ee3d5dd7,True,1.0,0.0,0.0,1.0,1.0,0.5,0.0
2424,6a8087fb9f3e5751,True,1.0,1.0,0.8356505874956867,1.0,1.0,1.0,0.9315210781232027
2425,2d24100bcb1e57e2,True,1.0,1.0,1.0,1.0,1.0,1.0,1.0
2426,c460ec097ed958a2,True,1.0,1.0,1.0,1.0,1.0,1.0,1.0
2427,a227effbc53d5fda,True,1.0,1.0,0.7285881358690611,1.0,1.0,1.0,0.8869117232787754
2428,3078139bae8e592d,True,1.0,1.0,0.8843980272449651,1.0,1.0,1.0,0.9518325113520687
2429,9f4bf4a979835749,True,1.0,1.0,0.7678285494865043,1.0,1.0,1.0,0.9032618956193769
2430,d51cd13cfbe35a4b,True,1.0,1.0,1.0,1.0,1.0,1.0,1.0
2431,847432a116d35db0,True,1.0,1.0,0.7625978770719317,1.0,1.0,1.0,0.9010824487799716
2432,34336b5c8ad1562e,True,1.0,0.0,0.0,1.0,1.0,1.0,0.0
2433,4566a3d9b5e95d9b,True,1.0,1.0,1.0,1.0,1.0,1.0,1.0
2434,d37242b32b51586b,True,1.0,1.0,0.7782969691702303,1.0,1.0,1.0,0.9076237371542626
2435,10f15e844ab15831,True,1.0,1.0,0.8641292360461095,1.0,1.0,1.0,0.9433871816858789
2436,d2853234152359b3,True,1.0,1.0,0.7458103250172401,1.0,1.0,1.0,0.89408763542385
2437,e9c2b75226b85cfe,True,1.0,1.0,1.0,1.0,1.0,1.0,1.0
2438,a41bdf91223654f7,True,1.0,1.0,0.9840779945576978,1.0,1.0,1.0,0.9933658310657073
2439,ae33fa122ac45a10,True,1.0,1.0,0.6550561716233791,1.0,1.0,1.0,0.8562734048430746
2440,16c38196f44751bd,True,1.0,1.0,0.7641217380875329,1.0,1.0,1.0,0.9017173908698054
2441,3c3cc389d4ee512b,True,1.0,1.0,0.607370881252061,1.0,1.0,1.0,0.8364045338550254
2442,befdd4140e4252e5,True,1.0,1.0,1.0,1.0,1.0,1.0,1.0
2443,447650d1d57c58b7,True,1.0,1.0,0.6560965754244776,1.0,1.0,1.0,0.8567069064268656
2444,1972837deb725c63,True,1.0,1.0,0.7890593795877727,1.0,1.0,1.0,0.9121080748282386
2445,3361cb5b061556d0,True,1.0,1.0,0.6359514450343879,1.0,1.0,1.0,0.8483131020976616
2446,2150cda2905d51ca,True,1.0,1.0,1.0,1.0,1.0,1.0,1.0
2447,b711cfd42ac55706,True,1.0,1.0,0.6362763644073123,1.0,1.0,1.0,0.8484484851697135
2448,1be3fd906c435f85,True,1.0,1.0,0.785571294841421,1.0,1.0,1.0,0.9106547061839253
2449,ac45c0d29f1e5d76,True,1.0,0.0,0.0,1.0,1.0,1.0,0.0
2450,e51779c52d7956bd,True,1.0,1.0,1.0,0.0,1.0,1.0,0.5833333333333334
2451,a5c89cf130d858a4,True,1.0,1.0,1.0,1.0,1.0,1.0,1.0
2452,d7d752a4a8b95a59,True,1.0,1.0,0.8345458790169966,1.0,1.0,1.0,0.9310607829237485
2453,6cd97f45067e5bea,True,1.0,1.0,1.0,1.0,1.0,1.0,1.0
2454,4d0c174b077e5603,True,1.0,1.0,1.0,1.0,1.0,1.0,1.0
2455,039cc112267b5d97,True,1.0,1.0,0.6633803262500573,1.0,1.0,1.0,0.8597418026041904
2456,360b5fec28655626,True,1.0,1.0,0.9447060957173807,1.0,1.0,1.0,0.9769608732155753
2457,e2116f0f33b25eb5,True,1.0,1.0,0.8088357153344936,1.0,1.0,1.0,0.9203482147227057
2458,bd4adf326a205d51,True,1.0,1.0,0.8345390842656334,1.0,1.0,1.0,0.9310579517773473
2459,4e811c006997541d,True,1.0,1.0,1.0,1.0,1.0,1.0,1.0
2460,d497c1998ba75bb9,True,1.0,1.0,0.7095234893482446,1.0,1.0,1.0,0.8789681205617685
2461,8636c755aabe5792,True,1.0,1.0,0.8297279653111276,1.0,1.0,1.0,0.9290533188796365
2462,ed8294474bc35b6c,True,1.0,1.0,1.0,1.0,1.0,1.0,1.0
2463,b9013028b5d45eee,True,1.0,1.0,1.0,1.0,1.0,1.0,1.0
2464,c2331abea9b5551f,True,1.0,0.0,0.0,1.0,1.0,1.0,0.0
2465,25b719c231d85e56,True,1.0,0.0,0.0,0.0,1.0,0.5,0.0
2466,7fa02fbd7287526f,True,1.0,1.0,0.8669645602920197,1.0,1.0,1.0,0.9445685667883416
2467,f512480c969a5eab,True,0.0,1.0,0.0,0.0,1.0,1.0,0.0
2468,14b4283d229a5e3d,True,1.0,1.0,0.6673791975591756,1.0,1.0,1.0,0.8614079989829898
2469,68513836ad24543b,True,1.0,1.0,1.0,1.0,1.0,1.0,1.0
2470,517530489c455086,True,1.0,1.0,0.8437292757280713,1.0,1.0,1.0,0.9348871982200299
2471,310fcecd57a95e06,True,1.0,1.0,0.9010710301984969,1.0,1.0,1.0,0.9587795959160403
2472,58857855de47556e,True,1.0,1.0,0.6335360817870473,1.0,1.0,1.0,0.847306700744603
2473,38b3c670b2ad55c7,True,1.0,1.0,0.8710323564731969,0.0,1.0,1.0,0.5295968151971654
2474,9690846adfb751cc,True,1.0,1.0,0.8611943723122969,1.0,1.0,1.0,0.9421643217967904
2475,ebd940b0039e5cd1,True,1.0,1.0,1.0,1.0,1.0,1.0,1.0
2476,65fc12f7836f58ed,True,1.0,1.0,1.0,1.0,1.0,1.0,1.0
2477,9215943615c45afd,True,1.0,1.0,0.7544924968916937,1.0,1.0,1.0,0.8977052070382058
2478,39640455f50c544c,True,1.0,1.0,1.0,1.0,1.0,1.0,1.0
2479,aab517c2e5e75245,True,1.0,1.0,0.5970826040522177,1.0,1.0,1.0,0.8321177516884241
2480,13d1fc5b0ccd5abb,True,1.0,1.0,0.9266629084086562,1.0,1.0,1.0,0.9694428785036067
2481,baa0c0c3397d5ed5,True,1.0,1.0,0.8661603011399187,1.0,1.0,1.0,0.9442334588082995
2482,1c7a7a95bc3354b8,True,1.0,1.0,1.0,1.0,1.0,1.0,1.0
2483,9d213c7b9ab4550d,True,1.0,1.0,0.9198673888378169,1.0,1.0,1.0,0.966611412015757
2484,0b97850e408e5a95,True,1.0,1.0,0.4470552998033001,1.0,1.0,1.0,0.7696063749180416
2485,152679f2edce5c73,True,1.0,1.0,1.0,0.0,1.0,1.0,0.5833333333333334
2486,74df9f9decc45b84,True,1.0,1.0,1.0,1.0,1.0,1.0,1.0
2487,4310513b861550dc,True,1.0,1.0,1.0,1.0,1.0,1.0,1.0
2488,4f7b03242ab05a2d,True,1.0,1.0,0.9369194589801765,1.0,1.0,1.0,0.9737164412417402
2489,b15b2d36b1ea51cc,True,1.0,1.0,0.8590331901858921,1.0,1.0,1.0,0.9412638292441217
2490,bf2a9740fda85514,True,1.0,1.0,0.7709288427207754,1.0,1.0,1.0,0.9045536844669897
2491,3c8a95ec33f45af6,True,1.0,1.0,0.6879305454631415,1.0,1.0,1.0,0.8699710606096422
2492,db07a6d7eacd57d1,True,1.0,1.0,1.0,1.0,1.0,1.0,1.0
2493,75f5cc1f425c501d,True,1.0,1.0,1.0,1.0,1.0,1.0,1.0
2494,df4bfb41bc3b5ded,True,1.0,1.0,0.9453804637061659,1.0,1.0,1.0,0.9772418598775691
2495,19cee80b71525f86,True,1.0,1.0,0.8740765282094237,1.0,1.0,1.0,0.9475318867539265
2496,2fb759c52be35681,True,1.0,1.0,0.8476488346616359,1.0,1.0,1.0,0.9365203477756815
2497,1bea55e75a9b593b,True,1.0,1.0,0.8966823614039113,1.0,1.0,1.0,0.9569509839182965
2498,015593741e7050f7,True,1.0,1.0,0.723263631712733,1.0,1.0,1.0,0.8846931798803054
2499,1fe2f21f53c05378,True,1.0,1.0,0.7934203423932882,1.0,1.0,1.0,0.91392514266387
2500,1ea152f7056659a9,True,1.0,0.0,0.0,1.0,1.0,1.0,0.0
2501,597f506bb5fd5a83,True,1.0,1.0,1.0,1.0,1.0,1.0,1.0
2502,d382617fe91a5c5d,True,1.0,1.0,0.6181562613434982,1.0,1.0,1.0,0.8408984422264577
2503,a8fd739baf0a5935,True,1.0,1.0,0.7946142923491528,1.0,1.0,1.0,0.9144226218121471
2504,79d3720b23b6533e,True,1.0,1.0,0.7787924595287613,1.0,1.0,1.0,0.9078301914703172
2505,2b52c607f324583e,True,1.0,1.0,0.8984991737386482,1.0,1.0,1.0,0.95770798905777
2506,1484455d33b85a75,True,1.0,1.0,1.0,0.0,1.0,1.0,0.5833333333333334
2507,ec68f8027f415301,True,1.0,1.0,0.7674513961428726,1.0,1.0,1.0,0.9031047483928636
2508,c0be0cb86f2c5cf1,True,1.0,1.0,0.8617607521377773,1.0,1.0,1.0,0.9424003133907405
2509,991972800a895109,True,1.0,1.0,1.0,1.0,1.0,1.0,1.0
2510,9369b11c1f5857e8,True,1.0,1.0,0.7141428803688067,1.0,1.0,1.0,0.8808928668203361
2511,aab1c6b4ac3d57a4,True,1.0,1.0,1.0,1.0,1.0,1.0,1.0
2512,eaa64f296ff85b61,True,1.0,1.0,1.0,1.0,1.0,1.0,1.0
2513,0df213c579225af6,True,1.0,1.0,0.8651382639783082,1.0,1.0,1.0,0.9438076099909617
2514,254dee7f5f1f5f17,True,1.0,1.0,0.8590102341288881,1.0,1.0,1.0,0.9412542642203702
2515,76dd2e9ad6f753b8,True,1.0,1.0,1.0,1.0,1.0,1.0,1.0
2516,8bacfc35148b5dad,True,1.0,1.0,0.7397112128749063,1.0,1.0,1.0,0.8915463386978777
2517,dfd27e2c5d7f50fb,True,1.0,1.0,0.7833178619904924,1.0,1.0,1.0,0.9097157758293718
2518,469dfe790903577a,True,1.0,1.0,0.8701422259885747,1.0,1.0,1.0,0.9458925941619061
2519,e776468d9bf65a8a,True,1.0,1.0,0.9261100363100462,1.0,1.0,1.0,0.9692125151291858
2520,801f4878074a5a59,True,1.0,1.0,0.5687443378534315,1.0,1.0,1.0,0.8203101407722632
2521,09832085301555df,True,1.0,1.0,1.0,1.0,1.0,1.0,1.0
2522,b8acb965678c5953,True,1.0,1.0,0.7920135270491442,1.0,1.0,1.0,0.9133389696038101
2523,9aad3780bef85c98,True,1.0,1.0,1.0,1.0,1.0,1.0,1.0
2524,de7b87d6624754cf,True,1.0,1.0,0.9006553498310603,1.0,1.0,1.0,0.9586063957629417
2525,41b4a4440a3e59fc,True,1.0,1.0,1.0,1.0,1.0,1.0,1.0
2526,2a12546539045e5b,True,1.0,1.0,1.0,1.0,1.0,1.0,1.0
2527,c77bcde9378b551c,True,1.0,1.0,0.9444316360122255,1.0,1.0,0.0,0.9768465150050939
2528,86f80cbf4c6b5e50,True,1.0,1.0,0.7536385337590561,1.0,1.0,1.0,0.8973493890662733
2529,8ba84ea2cc4a5ead,True,1.0,0.0,0.0,1.0,1.0,1.0,0.0
2530,d4daf5d0fd355401,True,1.0,1.0,0.795450308783606,1.0,1.0,1.0,0.9147709619931691
2531,fb54b190735e579f,True,1.0,1.0,1.0,0.0,1.0,1.0,0.5833333333333334
2532,f0f77f6f5cb4562c,True,1.0,1.0,1.0,0.0,1.0,1.0,0.5833333333333334
2533,f3f9b7c1f6e95b82,True,1.0,1.0,1.0,1.0,1.0,1.0,1.0
2534,f7b170baa6bd5b95,True,1.0,1.0,1.0,1.0,1.0,1.0,1.0
2535,82b8033d05e355f1,True,1.0,1.0,1.0,1.0,1.0,1.0,1.0
2536,eb822e0610545fd6,True,1.0,1.0,0.5424630148562121,1.0,1.0,1.0,0.8093595895234217
2537,dcff89b03b925c41,True,1.0,1.0,0.4895602327697819,1.0,1.0,1.0,0.7873167636540758
2538,7956fe13f69e53dc,True,1.0,1.0,0.8551249423472639,1.0,1.0,1.0,0.9396353926446933
2539,1e4df42d4cea5416,True,1.0,1.0,1.0,1.0,1.0,1.0,1.0
2540,1d7fd5ffc1e3571c,True,1.0,1.0,1.0,1.0,1.0,1.0,1.0
2541,f754138d3e3e5fd5,True,1.0,1.0,0.8807482924752564,1.0,1.0,1.0,0.9503117885313568
2542,612827ed516257e8,True,1.0,1.0,1.0,1.0,1.0,1.0,1.0
2543,0f337f2c23215a9e,True,1.0,1.0,1.0,1.0,1.0,1.0,1.0
2544,12800b02eb685132,True,1.0,1.0,0.8224819190635627,1.0,1.0,1.0,0.9260341329431512
2545,e8d9bf10ffc95001,True,1.0,1.0,1.0,0.0,1.0,1.0,0.5833333333333334
2546,3866b4b85a135f66,True,1.0,1.0,0.9509936726825738,1.0,1.0,1.0,0.9795806969510724
2547,9f461cae559d5e15,True,1.0,1.0,0.9139842802819135,1.0,1.0,1.0,0.9641601167841306
2548,ec921ad4a3d05806,True,1.0,1.0,1.0,1.0,1.0,1.0,1.0
2549,eb2797d76e3b5384,True,1.0,1.0,1.0,1.0,1.0,1.0,1.0
2550,2ba94c9278825a74,True,1.0,1.0,0.960507658774864,1.0,1.0,1.0,0.98354485782286
2551,3495be9149e0537d,True,1.0,1.0,0.6684493381658715,1.0,1.0,1.0,0.8618538909024465
2552,78cfb731b49c5aed,True,1.0,1.0,0.8228392767851278,1.0,1.0,1.0,0.9261830319938033
2553,97d06e94283a5a65,True,1.0,1.0,0.9805794828909987,1.0,1.0,1.0,0.9919081178712496
2554,2d357ffc1fdd5c89,True,1.0,1.0,1.0,0.0,1.0,1.0,0.5833333333333334
2555,1ca03ed089925396,True,1.0,1.0,0.8943812542706981,1.0,1.0,1.0,0.9559921892794575
2556,0b12ac5676875ade,True,1.0,1.0,0.8529047077871922,1.0,1.0,1.0,0.9387102949113301
2557,81e0cc64152b5264,True,1.0,1.0,1.0,1.0,1.0,1.0,1.0
2558,1fd4a838b258571f,True,1.0,1.0,0.9366206381907209,1.0,1.0,1.0,0.9735919325794672
2559,58ad6156b5895541,True,1.0,1.0,0.6242056673060558,1.0,1.0,1.0,0.8434190280441899
2560,36d7d1e453cf5158,True,1.0,1.0,1.0,1.0,1.0,1.0,1.0
2561,0456452c8a13546c,True,1.0,0.0,0.0,1.0,1.0,1.0,0.0
2562,4db50b60ca1f57f1,True,1.0,1.0,0.8754316088446135,0.0,1.0,1.0,0.5314298370185889
2563,5b0d99a97ff55fa5,True,1.0,1.0,1.0,1.0,1.0,1.0,1.0
2564,0166f867762a56e1,True,1.0,1.0,0.9591444796812757,1.0,1.0,1.0,0.982976866533865
2565,cc853dd8697f51b3,True,1.0,1.0,0.6266816741963472,1.0,1.0,1.0,0.8444506975818115
2566,3978c2d5fb6e5f5a,True,1.0,1.0,0.7462056968676509,1.0,1.0,1.0,0.8942523736948546
2567,d7928caf300452e2,True,1.0,1.0,0.7526829922520065,1.0,1.0,1.0,0.8969512467716694
2568,b8b9e355618b58cd,True,1.0,1.0,0.5874498672996898,1.0,1.0,1.0,0.8281041113748708
2569,0324b2d1ca2e5b6e,True,1.0,1.0,1.0,1.0,1.0,1.0,1.0
2570,6b580c6ff00b511f,True,1.0,1.0,0.7415290507576139,1.0,1.0,1.0,0.8923037711490057
2571,dd282698a1cf543e,True,1.0,1.0,1.0,1.0,1.0,1.0,1.0
2572,9482776d16a6551d,True,1.0,1.0,0.616500610752857,1.0,1.0,1.0,0.8402085878136903
2573,0c9105d8ad6a5f52,True,1.0,1.0,1.0,1.0,1.0,1.0,1.0
2574,c5408aef4f3a538b,True,1.0,1.0,1.0,1.0,1.0,1.0,1.0
2575,ddc25b8617cb5aa0,True,1.0,1.0,0.9565256899649944,1.0,1.0,1.0,0.9818857041520811
2576,6f2459c4df665173,True,1.0,1.0,0.9638284063621149,1.0,1.0,0.5,0.9849285026508813
2577,14618f22bb605676,True,1.0,1.0,0.8879394751611729,1.0,1.0,1.0,0.9533081146504886
2578,1e09c94f9cfb5fc9,True,1.0,1.0,1.0,1.0,1.0,1.0,1.0
2579,1fe885bcdf8d53de,True,1.0,1.0,0.8635098214730107,1.0,1.0,1.0,0.9431290922804211
2580,277f191c94b952f3,True,1.0,1.0,0.8957031575690328,1.0,1.0,1.0,0.9565429823204304
2581,5816a23cfee25d4e,True,1.0,1.0,1.0,1.0,1.0,1.0,1.0
2582,677d8d1e838b5793,True,1.0,1.0,0.7562271652184623,1.0,1.0,1.0,0.8984279855076927
2583,f55fd99d0cd65b58,True,1.0,0.0,0.0,1.0,1.0,1.0,0.0
2584,68ece717ce6553e7,True,1.0,1.0,1.0,1.0,1.0,1.0,1.0
2585,4b000a2bc6fe5305,True,1.0,1.0,0.7403376650537226,1.0,1.0,1.0,0.8918073604390511
2586,192220ae5c0a54a6,True,1.0,1.0,1.0,1.0,1.0,1.0,1.0
2587,f253fd0891d3562a,True,1.0,1.0,1.0,1.0,1.0,1.0,1.0
2588,f4544174530b5715,True,1.0,1.0,0.6239656072666472,1.0,1.0,1.0,0.8433190030277696
2589,0e2ed241aa315929,True,1.0,1.0,0.786691207274818,1.0,1.0,1.0,0.9111213363645074
2590,4d7fd20d02ae5ed4,True,1.0,1.0,0.655263234278851,1.0,1.0,1.0,0.8563596809495212
2591,f79b805ec2435c98,True,1.0,1.0,1.0,1.0,1.0,1.0,1.0
2592,7648e7b33ecf55d5,True,1.0,1.0,0.9036778092559662,1.0,1.0,1.0,0.9598657538566525
2593,8fe49f5c68d65801,True,1.0,1.0,0.9116510880931372,1.0,1.0,1.0,0.9631879533721405
2594,b60f0f172ace5051,True,1.0,1.0,0.7650674853970142,1.0,1.0,1.0,0.9021114522487559
2595,e7dc959cb4745b66,True,1.0,1.0,0.7297757033965184,1.0,1.0,1.0,0.8874065430818826
2596,1486e66f72ee562f,True,1.0,1.0,0.5848894608624136,1.0,1.0,1.0,0.827037275359339
2597,91c479d90ccb521a,True,1.0,1.0,0.6563180242323206,1.0,1.0,1.0,0.856799176763467
2598,48f6a3bdc0bf5d64,True,1.0,1.0,1.0,1.0,1.0,1.0,1.0
2599,8d0697930b5e5df0,True,1.0,1.0,0.6832553685244108,1.0,1.0,1.0,0.8680230702185044
2600,7a6d3719323a5188,True,1.0,1.0,1.0,1.0,1.0,1.0,1.0
2601,e16c585e12445a60,True,1.0,1.0,1.0,1.0,1.0,1.0,1.0
2602,aca9ba55e052575b,True,1.0,1.0,0.7755868018738203,1.0,1.0,1.0,0.9064945007807585
2603,4e1e5dfc07e459cd,True,1.0,1.0,0.8485788204264527,1.0,1.0,1.0,0.9369078418443553
2604,6c84b52f0d155cac,True,1.0,1.0,0.9881308745063436,1.0,1.0,1.0,0.9950545310443099
2605,21128a317e82595f,True,1.0,1.0,0.7510858163839501,1.0,1.0,1.0,0.8962857568266459
2606,e993f3cb1dd051df,True,1.0,1.0,1.0,1.0,1.0,1.0,1.0
2607,9f62394830d05091,True,1.0,1.0,0.8904239825726935,1.0,1.0,1.0,0.9543433260719555
2608,8612b2c9d3875ac2,True,1.0,1.0,1.0,0.0,1.0,1.0,0.5833333333333334
2609,9587d6ea0a8e518f,True,1.0,1.0,0.7997481245103202,1.0,1.0,1.0,0.9165617185459668
2610,1c5019f2bc6052d6,True,1.0,1.0,1.0,1.0,1.0,1.0,1.0
2611,de18caace4a351b6,True,1.0,1.0,0.9772300039157231,1.0,1.0,1.0,0.9905125016315512
2612,69124bf1a9185f06,True,1.0,1.0,0.6358687657345233,1.0,1.0,1.0,0.8482786523893847
2613,ad702ac65d8754bb,True,1.0,1.0,1.0,1.0,1.0,1.0,1.0
2614,6162470f2d0c5e13,True,1.0,1.0,0.7013608178909715,1.0,1.0,1.0,0.8755670074545714
2615,eea52ed765aa5977,True,1.0,1.0,0.7724106944686352,1.0,1.0,1.0,0.9051711226952647
2616,f5e6e24328fd5e7c,True,1.0,1.0,0.8710090394344113,1.0,1.0,1.0,0.9462537664310048
2617,da2fb85306b2560c,True,1.0,1.0,0.7114320744879988,1.0,1.0,1.0,0.8797633643699996
2618,74da64c81fe1552e,True,1.0,1.0,0.7684200924099827,1.0,1.0,1.0,0.9035083718374928
2619,ab226645ee6f54aa,True,1.0,1.0,0.7598525739767797,1.0,1.0,0.5,0.8999385724903249
2620,742456f4f1c65425,True,1.0,1.0,1.0,1.0,1.0,0.5,1.0
2621,402c9312982a5488,True,1.0,1.0,0.7838668120349185,0.0,1.0,1.0,0.4932778383478827
2622,af4a7d40819b5870,True,1.0,0.0,0.0,0.0,1.0,1.0,0.0
2623,81e7354de4e35a97,True,1.0,1.0,0.7273993706537663,1.0,1.0,1.0,0.8864164044390693
2624,5f42f18776195578,True,1.0,1.0,0.9104720342250737,1.0,1.0,1.0,0.962696680927114
2625,d5ec09025a1e5a0d,True,1.0,1.0,1.0,1.0,1.0,1.0,1.0
2626,3b0c5c39455b5d00,True,1.0,1.0,0.7678783338890021,1.0,1.0,1.0,0.9032826391204175
2627,7777f9476f1e5bb0,True,1.0,1.0,0.8403197393573903,1.0,1.0,1.0,0.9334665580655793
2628,eed801b1cd035275,True,1.0,1.0,1.0,1.0,1.0,1.0,1.0
2629,a48a9d9bb413549a,True,1.0,1.0,0.771193790779983,1.0,1.0,1.0,0.9046640794916595
2630,b55cc20818705801,True,1.0,1.0,0.9165259956292601,1.0,1.0,1.0,0.9652191648455251
2631,1786ef7edac65502,True,1.0,1.0,0.5474292205083041,1.0,1.0,1.0,0.8114288418784601
2632,419ff14e34c45d7f,True,1.0,1.0,0.7733143844944775,1.0,1.0,1.0,0.9055476602060324
2633,616439dd808d57f1,True,1.0,1.0,1.0,1.0,1.0,1.0,1.0
2634,b72042b4093250c8,True,1.0,1.0,1.0,1.0,1.0,1.0,1.0
2635,8719c1b8087d5590,True,1.0,1.0,1.0,1.0,1.0,1.0,1.0
2636,9a1762340f11542c,True,1.0,1.0,0.9159838199599142,1.0,1.0,1.0,0.964993258316631
2637,6f7a20c618a9573e,True,1.0,1.0,0.9833234234174928,1.0,1.0,1.0,0.9930514264239553
2638,47b8a869ffed5965,True,1.0,1.0,1.0,1.0,1.0,1.0,1.0
2639,f33405d075755825,True,1.0,1.0,0.5405753029967161,1.0,1.0,1.0,0.8085730429152984
2640,ffe87d190cd358c8,True,1.0,1.0,1.0,1.0,1.0,1.0,1.0
2641,34c872c16eb0577c,True,1.0,1.0,1.0,1.0,1.0,1.0,1.0
2642,33b5a72931215b30,True,1.0,1.0,1.0,1.0,1.0,1.0,1.0
2643,ceea7304846852b9,True,1.0,1.0,0.8153210478609895,1.0,1.0,1.0,0.9230504366087455
2644,2942d4fb604d5b5f,True,1.0,1.0,0.6983231614919033,1.0,1.0,1.0,0.8743013172882931
2645,2c9ea4fc0e8e5ef2,True,1.0,1.0,0.9761703955698099,1.0,1.0,1.0,0.9900709981540875
2646,f749ff64838c5664,True,1.0,0.0,0.0,1.0,1.0,1.0,0.0
2647,2e405d459d8b5d9c,True,1.0,1.0,0.7335359086363172,1.0,1.0,1.0,0.8889732952651322
2648,e44b9b8654a15bfd,True,1.0,1.0,0.8586557283984639,1.0,1.0,1.0,0.94110655349936
2649,db36572d530a5ed3,True,1.0,1.0,0.6875472363487396,1.0,1.0,1.0,0.8698113484786415
2650,538ed1acbf145c8b,True,1.0,1.0,0.5891617100684021,1.0,1.0,1.0,0.8288173791951676
2651,ccf5fed938d95a04,True,1.0,1.0,1.0,1.0,1.0,1.0,1.0
2652,a18d2b32f8415373,True,1.0,1.0,0.5208473587691074,1.0,1.0,1.0,0.8003530661537948
2653,e0b9f01f36d75552,True,1.0,1.0,0.7289829983352534,1.0,1.0,1.0,0.8870762493063555
2654,7bbacd116bd75f85,True,1.0,1.0,0.916264613864327,1.0,1.0,1.0,0.9651102557768029
2655,e0dd84d2357d5ed8,True,1.0,1.0,0.8464779604093183,1.0,1.0,1.0,0.9360324835038826
2656,4161016e65df5b37,True,1.0,0.0,0.0,1.0,1.0,0.5,0.0
2657,ee9615c4b10d5ec9,True,1.0,1.0,1.0,1.0,1.0,1.0,1.0
2658,50dac69523a15131,True,1.0,1.0,1.0,1.0,1.0,1.0,1.0
2659,b197862351735b60,True,1.0,1.0,0.9345356419678318,1.0,1.0,1.0,0.9727231841532632
2660,da848499bd6759c9,True,1.0,1.0,0.9101336969894709,1.0,1.0,1.0,0.9625557070789462
2661,f93c0db62e075508,True,1.0,1.0,0.7183258616827417,1.0,1.0,1.0,0.8826357757011424
2662,0a2a71c0b34c5f10,True,1.0,0.0,0.0,1.0,1.0,1.0,0.0
2663,210e056a17d1522d,True,1.0,1.0,0.8568671753066704,1.0,1.0,1.0,0.940361323044446
2664,38b7b1afe2bf516b,True,1.0,1.0,1.0,1.0,1.0,0.5,1.0
2665,3fb200a0fddb5c8e,True,1.0,1.0,1.0,1.0,1.0,1.0,1.0
2666,86dfdf03f928570a,True,1.0,1.0,0.8959486685291037,1.0,1.0,1.0,0.9566452785537932
2667,82fd7dab2b6b5101,True,1.0,1.0,0.8664409811916288,1.0,1.0,1.0,0.9443504088298452
2668,129c4e6b058a5f6d,True,1.0,0.0,0.0,1.0,1.0,1.0,0.0
2669,cbf41000a2105ca1,True,1.0,1.0,0.6844049171543544,1.0,1.0,1.0,0.8685020488143144
2670,652e91c4f9b1505a,True,1.0,0.0,0.0,0.0,1.0,1.0,0.0
2671,03f248caa9c35a98,True,1.0,1.0,1.0,1.0,1.0,1.0,1.0
2672,3190b058710b520b,True,1.0,1.0,0.8066441216729764,1.0,1.0,1.0,0.9194350506970735
2673,6d540c863075575c,True,1.0,1.0,0.979131287560126,1.0,1.0,1.0,0.9913047031500525
2674,dae9ebb7c5ff5c6a,True,1.0,1.0,0.8255946806756059,1.0,1.0,1.0,0.927331116948169
2675,2f260b8b9dee5b0c,True,1.0,1.0,1.0,1.0,1.0,1.0,1.0
2676,4925a678992c5726,True,1.0,1.0,1.0,1.0,1.0,1.0,1.0
2677,b7e9b4a46b9a5533,True,1.0,1.0,0.8925782338556875,1.0,1.0,1.0,0.9552409307732032
2678,cbc6f9e782c950ad,True,1.0,1.0,1.0,1.0,1.0,1.0,1.0
2679,f033f87821135704,True,1.0,1.0,1.0,1.0,1.0,1.0,1.0
2680,fe55e4c568a753a9,True,1.0,1.0,0.9514090722732351,1.0,1.0,1.0,0.979753780113848
2681,8a8bf2275db85432,True,1.0,1.0,0.7457145042116327,1.0,1.0,1.0,0.8940477100881803
2682,9696c1f82bc05ffc,True,1.0,1.0,0.8577153163349414,1.0,1.0,1.0,0.940714715139559
2683,308908fd6d9a5631,True,1.0,1.0,0.7541071847798058,1.0,1.0,1.0,0.8975446603249191
2684,6292d2ef6730548d,True,1.0,1.0,0.7375158100245329,1.0,1.0,1.0,0.8906315875102221
2685,6482eb343a2b5329,True,1.0,1.0,0.8569883408964223,1.0,1.0,1.0,0.9404118087068426
2686,3493d0184aea5ee8,True,1.0,1.0,0.8738998935776094,1.0,1.0,1.0,0.9474582889906706
2687,402f952c89ae550c,True,1.0,1.0,0.7159534580941682,1.0,1.0,1.0,0.8816472742059034
2688,e036ba13ad4d5784,True,1.0,1.0,1.0,1.0,1.0,1.0,1.0
2689,9b79840e85be5c10,True,1.0,1.0,1.0,1.0,1.0,1.0,1.0
2690,69fab78920a55a7a,True,1.0,1.0,0.5965657188422506,1.0,1.0,1.0,0.8319023828509376
2691,1fedc5971443588d,True,1.0,1.0,0.9255234313260708,1.0,1.0,1.0,0.9689680963858628
2692,9c42f5a9d56c5ebf,True,1.0,1.0,0.7918331965199891,1.0,1.0,1.0,0.9132638318833287
2693,b7bcc88d87ba59ae,True,1.0,1.0,1.0,1.0,1.0,1.0,1.0
2694,b3e8baac7b4d5e4a,True,1.0,0.0,0.0,1.0,1.0,1.0,0.0
2695,eb74b3c99b175bc1,True,1.0,1.0,0.9059199102643324,1.0,1.0,1.0,0.9607999626101386
2696,4203da2e7a8b518d,True,1.0,1.0,0.7715824712320726,1.0,1.0,1.0,0.9048260296800302
2697,85c5f81a8dec5628,True,1.0,0.0,0.0,0.0,1.0,1.0,0.0
2698,abbfc957d5545f53,True,1.0,1.0,0.6934756090087402,1.0,1.0,1.0,0.8722815037536417
2699,fff973197a795e6a,True,1.0,1.0,0.8762576377499115,1.0,1.0,1.0,0.9484406823957965
2700,e5e0c85236f95d91,True,1.0,1.0,0.6326917453421701,1.0,1.0,1.0,0.8469548938925708
2701,1c7bdbbc34c853bf,True,1.0,1.0,1.0,1.0,1.0,1.0,1.0
2702,cccd69e7a6ff5be3,True,1.0,1.0,1.0,1.0,1.0,1.0,1.0
2703,c3e80fd14bce51a0,True,0.0,1.0,0.0,0.0,1.0,1.0,0.0
2704,3f85ed22ffdf5683,True,1.0,1.0,0.7325660193108285,1.0,1.0,1.0,0.8885691747128451
2705,4a9901b941be5695,True,1.0,1.0,0.8056648210854757,1.0,1.0,1.0,0.9190270087856148
2706,045044cb9f21527e,True,1.0,1.0,1.0,1.0,1.0,1.0,1.0
2707,d68e0b255e055d35,True,1.0,1.0,1.0,1.0,1.0,1.0,1.0
2708,c126718a51d85fbd,True,1.0,1.0,0.9866331480529825,1.0,1.0,1.0,0.9944304783554093
2709,4e5e09ac14395d70,True,1.0,1.0,0.8104437317999702,1.0,1.0,1.0,0.921018221583321
2710,c55b4a959c2d5b8e,True,1.0,1.0,1.0,1.0,1.0,1.0,1.0
2711,e7b0fe1f4b13597c,True,1.0,1.0,1.0,1.0,1.0,1.0,1.0
2712,639ed89313465584,True,1.0,1.0,1.0,1.0,1.0,1.0,1.0
2713,ff60c00aba8b554e,True,1.0,1.0,0.6737441575070209,1.0,1.0,1.0,0.8640600656279253
2714,a175a8b7f4c55cf6,True,1.0,1.0,0.8092082220640363,1.0,1.0,1.0,0.9205034258600152
2715,37d8b3ca81905645,True,1.0,1.0,1.0,1.0,1.0,1.0,1.0
2716,acd37cf126fa5a59,True,1.0,1.0,1.0,1.0,1.0,1.0,1.0
2717,9bbdfa78ebc85eec,True,1.0,1.0,1.0,0.0,1.0,1.0,0.5833333333333334
2718,dc3b040ef45c5094,True,1.0,1.0,0.8362334228074849,1.0,1.0,1.0,0.9317639261697854
2719,dac176e7b40c5671,True,1.0,1.0,0.7661681099687327,1.0,1.0,1.0,0.9025700458203053
2720,7d635921b94555f6,True,1.0,1.0,1.0,1.0,1.0,1.0,1.0
2721,65871def84015af2,True,1.0,1.0,0.9063199526103654,1.0,1.0,1.0,0.9609666469209855
2722,ac2046c2652451fc,True,1.0,1.0,0.9238003565016385,1.0,1.0,1.0,0.9682501485423494
2723,3f67051b121a5e43,True,1.0,1.0,0.8591515516458837,1.0,1.0,1.0,0.9413131465191182
2724,851ef663a5775acd,True,1.0,1.0,1.0,1.0,1.0,1.0,1.0
2725,ab74b3b32d8c5006,True,1.0,1.0,0.8721662338807277,1.0,1.0,1.0,0.9467359307836366
2726,6e983b745cb9535b,True,1.0,1.0,1.0,1.0,1.0,1.0,1.0
2727,cfaa12a747e45fb4,True,1.0,1.0,0.6749138657200993,1.0,1.0,1.0,0.8645474440500415
2728,87b468bcdad158c2,True,1.0,1.0,1.0,1.0,1.0,1.0,1.0
2729,f19a48878cfe5bb0,True,1.0,1.0,0.7394688826109932,1.0,1.0,1.0,0.8914453677545805
2730,7868ce187ae55819,True,1.0,1.0,1.0,1.0,1.0,1.0,1.0
2731,73ce0b2145845c71,True,1.0,1.0,0.5831476018672106,1.0,1.0,1.0,0.8263115007780044
2732,3296651e2cf0547d,True,1.0,1.0,0.6869235281527007,1.0,1.0,1.0,0.8695514700636253
2733,77761cd0edf15867,True,1.0,1.0,1.0,1.0,1.0,1.0,1.0
2734,9be9c9c84b625515,True,1.0,1.0,0.8241388667833548,1.0,1.0,1.0,0.9267245278263978
2735,77ee60147e0e55b7,True,1.0,1.0,0.9959778423556443,1.0,1.0,1.0,0.9983241009815185
2736,e76c53ede9205ba9,True,1.0,1.0,0.7435627331680139,1.0,1.0,1.0,0.8931511388200057
2737,38f555fbc07f5185,True,1.0,1.0,0.9638542543447576,1.0,1.0,1.0,0.9849392726436491
2738,3f64ff364b585a3b,True,1.0,1.0,0.8681772841260617,1.0,1.0,0.5,0.945073868385859
2739,d24706485f0452eb,True,1.0,1.0,0.8737948018580414,1.0,1.0,1.0,0.9474145007741838
2740,d8699a1844cc5541,True,1.0,1.0,1.0,1.0,1.0,1.0,1.0
2741,5b4cbfe57b9b524b,True,1.0,1.0,0.8369253807348205,1.0,1.0,1.0,0.9320522419728419
2742,b669576d14655afc,True,1.0,1.0,0.9068318917799543,1.0,1.0,1.0,0.9611799549083143
2743,e11f2ff7ffba5b45,True,1.0,1.0,1.0,1.0,1.0,1.0,1.0
2744,3379515437535154,True,1.0,1.0,1.0,1.0,1.0,1.0,1.0
2745,b7bd6325ead95dd8,True,1.0,1.0,0.8025373618256104,1.0,1.0,1.0,0.917723900760671
2746,2125a58a235f5e11,True,1.0,1.0,0.805358570204368,1.0,1.0,1.0,0.91889940425182
2747,73c897c7de1454af,True,1.0,1.0,0.6200491148352653,1.0,1.0,1.0,0.8416871311813606
2748,72a9c8aa9d1a580c,True,1.0,1.0,0.8948076965587196,1.0,1.0,1.0,0.9561698735661333
2749,826112ca75e750af,True,1.0,1.0,0.9099459804981335,1.0,1.0,1.0,0.9624774918742224
2750,a2d180a344d15054,True,1.0,1.0,0.7231800606436565,1.0,1.0,1.0,0.8846583586015235
2751,6e6d55e69a6a5d18,True,1.0,1.0,0.5476195119060748,1.0,1.0,1.0,0.8115081299608645
2752,54e1372d95955eaa,True,1.0,1.0,1.0,1.0,1.0,1.0,1.0
2753,6c7142e6f9435ab6,True,1.0,1.0,1.0,1.0,1.0,1.0,1.0
2754,7effab69ce785772,True,1.0,1.0,1.0,0.0,1.0,1.0,0.5833333333333334
2755,c41d82a41da35d8d,True,1.0,0.0,0.0,1.0,1.0,1.0,0.0
2756,795696bd00095944,True,1.0,0.0,0.0,1.0,1.0,1.0,0.0
2757,7e134ea5ffa259f2,True,1.0,1.0,0.9365293073176932,1.0,1.0,1.0,0.9735538780490388
2758,e694a2cdf01e52b8,True,1.0,1.0,0.8703808205732516,1.0,1.0,1.0,0.9459920085721881
2759,49d0c7d110f15c0e,True,1.0,1.0,0.7354107504771835,1.0,1.0,1.0,0.8897544793654931
2760,c0afed32320d53ec,True,1.0,1.0,1.0,1.0,1.0,1.0,1.0
2761,454446c80b625c47,True,1.0,1.0,0.8810669472621452,1.0,1.0,1.0,0.9504445613592272
2762,dda361f4db52537a,True,1.0,1.0,1.0,1.0,1.0,1.0,1.0
2763,770c714d82535180,True,1.0,1.0,0.9591949610725954,1.0,1.0,1.0,0.9829979004469148
2764,da668c88a6ef562c,True,1.0,1.0,0.7989780130103764,1.0,1.0,1.0,0.9162408387543235
2765,2649eb9e1a445b29,True,1.0,1.0,0.6117560371102708,1.0,1.0,1.0,0.8382316821292796
2766,10ffaee1fe81544d,True,1.0,1.0,1.0,1.0,1.0,1.0,1.0
2767,57960c0eaa6b554b,True,1.0,1.0,0.9313146667006311,1.0,1.0,1.0,0.9713811111252629
2768,06d348162e80510a,True,1.0,1.0,0.8854746720875943,1.0,1.0,1.0,0.952281113369831
2769,6104f0887cc25767,True,1.0,1.0,1.0,1.0,1.0,1.0,1.0
2770,88fb8b083a2d56c7,True,1.0,1.0,1.0,1.0,1.0,1.0,1.0
2771,082988f40658562c,True,1.0,1.0,0.6883452994004375,1.0,1.0,1.0,0.8701438747501823
2772,cbc996c2f68c541c,True,1.0,1.0,0.7589987068361266,1.0,1.0,1.0,0.8995827945150529
2773,7c7e92d50f92564b,True,1.0,1.0,0.8549873132643312,1.0,1.0,1.0,0.9395780471934714
2774,41f86f5fb97d505c,True,1.0,1.0,0.7419176369423659,1.0,1.0,1.0,0.8924656820593192
2775,1074509550cc5bf8,True,1.0,1.0,0.4509000293193163,1.0,1.0,1.0,0.7712083455497151
2776,5f2aad4e03625d30,True,1.0,1.0,1.0,1.0,1.0,1.0,1.0
2777,f36969fd00f15050,True,1.0,1.0,1.0,1.0,1.0,1.0,1.0
2778,112cdade50865f4e,True,1.0,1.0,0.23957409622004944,1.0,1.0,1.0,0.6831558734250206
2779,e28e57068b0b5cf3,True,1.0,0.0,0.0,1.0,1.0,1.0,0.0
2780,22f98151a771573a,True,1.0,1.0,0.8298529892407287,1.0,1.0,1.0,0.929105412183637
2781,988cf241460c557e,True,1.0,1.0,0.787237724775762,1.0,1.0,1.0,0.9113490519899008
2782,566f63e4108c5d48,True,1.0,1.0,0.9307836609279176,1.0,1.0,1.0,0.9711598587199658
2783,2a34f4d0aefc5039,True,1.0,1.0,0.5963960415905422,1.0,1.0,1.0,0.8318316839960592
2784,f93a7b7a8fe95c6f,True,1.0,1.0,0.7604685531259939,1.0,1.0,1.0,0.9001952304691642
2785,3a8cbc5f12e25e1f,True,1.0,1.0,0.9369933714296578,1.0,1.0,1.0,0.9737472380956907
2786,45b4f09799295069,True,1.0,1.0,0.8737021957661527,1.0,1.0,1.0,0.9473759149025636
2787,c6c1dab6af9858f9,True,1.0,1.0,0.7653535502805864,1.0,1.0,1.0,0.9022306459502444
2788,9e76720cbd565595,True,1.0,1.0,0.748440433229592,1.0,1.0,1.0,0.8951835138456633
2789,614c50b897445f89,True,1.0,1.0,0.8987978369179092,1.0,1.0,1.0,0.9578324320491287
2790,d07fa319e6045a3d,True,1.0,1.0,0.8777038499130065,1.0,1.0,1.0,0.9490432707970861
2791,17d8604b0bc65ce5,True,1.0,1.0,0.5567089967373257,1.0,1.0,1.0,0.815295415307219
2792,42160b555f2a5aa0,True,1.0,1.0,0.7902625593696699,1.0,1.0,1.0,0.9126093997373624
2793,90ed1fb3861c56d7,True,1.0,1.0,1.0,1.0,1.0,1.0,1.0
2794,0057ce5b81c35a81,True,1.0,1.0,0.9685998718336558,1.0,1.0,1.0,0.9869166132640231
2795,fd8299e81b435b94,True,1.0,1.0,0.8370037048878168,1.0,1.0,1.0,0.9320848770365903
2796,average,True,0.9894492131616596,0.948140200286123,0.8147496030847962,0.9663805436337625,0.9989270386266095,0.9805078683834049,0.8795050137989274
