,token,valid,no_at_fault_collisions,drivable_area_compliance,ego_progress,time_to_collision_within_bound,comfort,driving_direction_compliance,score
0,70e6b8db27e55b53,True,1.0,1.0,1.0,1.0,1.0,1.0,1.0
1,812a8e70ad07507d,True,1.0,1.0,0.7815213149654665,1.0,1.0,1.0,0.9089672145689445
2,c75331b9d30957a1,True,1.0,1.0,0.9275943334504121,1.0,1.0,1.0,0.969830972271005
3,373707159e77583c,True,1.0,1.0,0.8954290408792032,1.0,1.0,1.0,0.9564287670330014
4,9a6489254d5f5577,True,1.0,1.0,0.8271817691976605,1.0,1.0,1.0,0.9279924038323585
5,8673d97f94ae5700,True,1.0,1.0,0.8552153544953258,1.0,1.0,1.0,0.9396730643730523
6,6347553d03555ffa,True,1.0,1.0,1.0,1.0,1.0,1.0,1.0
7,b389efc36b545908,True,1.0,1.0,0.6453630823432633,1.0,1.0,0.5,0.8522346176430263
8,960d5334ae8f54a5,True,1.0,1.0,1.0,1.0,1.0,1.0,1.0
9,789af91cd1755b7e,True,1.0,1.0,0.7508714066126255,1.0,1.0,1.0,0.8961964194219273
10,4ed6b1b83e0c5bbe,True,1.0,1.0,0.5873196835668589,1.0,1.0,1.0,0.828049868152858
11,f1992f61c13e5998,True,1.0,1.0,1.0,0.0,1.0,1.0,0.5833333333333334
12,354ac12e8832565a,True,1.0,1.0,1.0,1.0,1.0,1.0,1.0
13,3b3e36e9d816563c,True,1.0,1.0,1.0,1.0,1.0,1.0,1.0
14,0b4c7130090c5e85,True,1.0,1.0,1.0,1.0,1.0,1.0,1.0
15,8cbe3bf8cf9c5718,True,1.0,1.0,0.991580492448723,1.0,1.0,1.0,0.9964918718536345
16,03d4ec82e7ac5804,True,1.0,1.0,0.8188595829544557,1.0,1.0,1.0,0.9245248262310232
17,4b6430ca30c45a3c,True,1.0,1.0,0.5885619067195202,1.0,1.0,1.0,0.8285674611331334
18,59c19d828f665a79,True,1.0,1.0,0.8174150017922274,1.0,1.0,1.0,0.923922917413428
19,ce9ee9a68a4c5e93,True,1.0,1.0,1.0,1.0,1.0,1.0,1.0
20,7900996a42f35f67,True,1.0,1.0,1.0,1.0,1.0,1.0,1.0
21,4302a0a4b9f05b61,True,1.0,1.0,0.537044116691866,1.0,1.0,1.0,0.8071017152882775
22,bf1064685f045d97,True,1.0,0.0,0.0,1.0,1.0,1.0,0.0
23,71017c020a0b5a75,True,1.0,1.0,0.7825956901166469,1.0,1.0,1.0,0.9094148708819363
24,a0f499d0aab45bab,True,0.0,1.0,0.0,0.0,1.0,1.0,0.0
25,56b80cb2ca2c5983,True,1.0,1.0,0.5914565341994902,1.0,1.0,1.0,0.8297735559164542
26,87a5fd24e88d5e0a,True,1.0,1.0,0.790382818039607,1.0,1.0,1.0,0.9126595075165028
27,24429c08a8375061,True,1.0,1.0,0.8317640859313559,1.0,1.0,1.0,0.9299017024713981
28,2d4d907377f35695,True,1.0,1.0,0.7555728032551586,1.0,1.0,1.0,0.8981553346896494
29,c772799eaf1f5ad1,True,1.0,1.0,0.7323793847187542,1.0,1.0,1.0,0.8884914102994809
30,4a71a24c376f5388,True,1.0,1.0,1.0,1.0,1.0,1.0,1.0
31,39bbb12794ca56a3,True,1.0,1.0,0.6675069817098647,1.0,1.0,1.0,0.8614612423791103
32,e849e6a954285f60,True,1.0,1.0,0.9186261605377207,1.0,1.0,1.0,0.9660942335573837
33,b76b03503cf95c02,True,1.0,1.0,1.0,1.0,1.0,1.0,1.0
34,ddddd9e7e4925db9,True,1.0,1.0,0.703683084104885,1.0,1.0,1.0,0.8765346183770354
35,95329718628e5f7f,True,0.0,1.0,0.0,0.0,1.0,1.0,0.0
36,84d10a502c1b5a74,True,1.0,1.0,1.0,1.0,1.0,1.0,1.0
37,7d664c7260d45737,True,1.0,1.0,0.9257221055924925,1.0,1.0,1.0,0.9690508773302051
38,199a2738284e52c9,True,1.0,1.0,1.0,1.0,1.0,1.0,1.0
39,090d6a17e77d59b5,True,1.0,1.0,0.9663458125587236,1.0,1.0,1.0,0.9859774218994682
40,ab6e020759565f9f,True,1.0,1.0,0.768199641660142,1.0,1.0,1.0,0.9034165173583926
41,7021139b47cf5370,True,1.0,1.0,0.9250201053047634,1.0,1.0,1.0,0.968758377210318
42,8ee3467219fc5c8a,True,1.0,1.0,0.7862726346008647,1.0,1.0,1.0,0.9109469310836936
43,3770407dcc67520c,True,1.0,1.0,0.798709819407323,1.0,1.0,0.5,0.9161290914197179
44,a4ba9521736a59f9,True,0.5,0.0,0.0,0.0,1.0,0.5,0.0
45,263367576c285a2a,True,1.0,1.0,1.0,1.0,1.0,1.0,1.0
46,74c77891a7d45a15,True,1.0,1.0,0.9064338622151352,1.0,1.0,1.0,0.9610141092563064
47,36e98388f7a35159,True,1.0,1.0,1.0,1.0,1.0,1.0,1.0
48,48b6d9fdf22d5a23,True,1.0,1.0,0.5592867567928721,1.0,1.0,1.0,0.8163694819970301
49,3e634fa2ea715bb1,True,1.0,1.0,1.0,1.0,1.0,1.0,1.0
50,f6eec3b743985122,True,1.0,1.0,0.8629404319000739,1.0,1.0,1.0,0.9428918466250308
51,248a920cf01751f1,True,1.0,1.0,1.0,1.0,1.0,1.0,1.0
52,476ad53b78325ef2,True,1.0,1.0,0.44898107481968463,1.0,1.0,1.0,0.7704087811748686
53,6de81a38cd7655dd,True,1.0,1.0,1.0,1.0,1.0,1.0,1.0
54,0ba54149d1575f95,True,1.0,1.0,0.9064613110205005,1.0,1.0,1.0,0.9610255462585419
55,72c1d1069773561d,True,1.0,0.0,0.0,1.0,1.0,0.5,0.0
56,1d538fa6a8825de1,True,1.0,1.0,1.0,1.0,1.0,1.0,1.0
57,5abef8058afa529f,True,0.0,1.0,0.0,1.0,1.0,1.0,0.0
58,bbd85b27fa465894,True,1.0,1.0,1.0,1.0,1.0,1.0,1.0
59,e0416692bc5251ba,True,1.0,1.0,0.7113365081788294,1.0,1.0,1.0,0.8797235450745123
60,39147f08f4645365,True,1.0,1.0,0.9389250402209973,1.0,1.0,1.0,0.9745521000920823
61,c52f491ebd5b521a,True,1.0,1.0,0.7889635680145809,1.0,1.0,1.0,0.9120681533394087
62,eaf08861a02351a5,True,1.0,1.0,0.8514520408048147,1.0,1.0,1.0,0.9381050170020062
63,9d55692d15dc5155,True,1.0,1.0,1.0,1.0,1.0,1.0,1.0
64,f264f464b21753de,True,1.0,1.0,0.9421157095638436,1.0,1.0,1.0,0.9758815456516015
65,bf4c97f6024b5029,True,1.0,1.0,0.9446229674691625,1.0,1.0,1.0,0.9769262364454844
66,482601c870805c11,True,1.0,1.0,0.9287181366390975,1.0,1.0,1.0,0.970299223599624
67,cb70f332bc5f5bcf,True,1.0,0.0,0.0,0.0,1.0,1.0,0.0
68,8d8f5c8c6c29525c,True,1.0,1.0,0.8873668803924515,1.0,1.0,1.0,0.9530695334968549
69,33fcb42a03535525,True,1.0,1.0,0.6681010215423798,1.0,1.0,1.0,0.8617087589759915
70,5b61b9072cad5dbc,True,1.0,1.0,0.9835562551755487,1.0,1.0,1.0,0.9931484396564786
71,b6589175626f5510,True,1.0,1.0,0.7045018052256495,1.0,1.0,1.0,0.8768757521773539
72,2d55129330045d3f,True,1.0,1.0,1.0,1.0,1.0,1.0,1.0
73,11182a0af9c95c8c,True,1.0,1.0,0.7039665402986769,1.0,1.0,1.0,0.8766527251244488
74,b528a0aa02695437,True,1.0,1.0,0.8593305059191083,1.0,1.0,1.0,0.9413877107996284
75,f34d9948bdc257ab,True,1.0,1.0,1.0,1.0,1.0,1.0,1.0
76,ad84af7b33615884,True,1.0,1.0,1.0,1.0,1.0,0.0,1.0
77,f191de4360a35ad8,True,1.0,1.0,0.6253173492120714,1.0,1.0,1.0,0.8438822288383632
78,674ebcb39a4d528f,True,1.0,1.0,0.7321705177505371,1.0,1.0,1.0,0.8884043823960571
79,3d34ef81b357566e,True,1.0,1.0,1.0,1.0,1.0,1.0,1.0
80,deb8de65573253b7,True,1.0,1.0,1.0,1.0,1.0,1.0,1.0
81,45845be1b56d59c7,True,1.0,1.0,1.0,1.0,1.0,1.0,1.0
82,1eff566e627f56b9,True,1.0,1.0,0.8770495332638771,1.0,1.0,1.0,0.948770638859949
83,5a454b4d1c535366,True,1.0,1.0,0.859635278176336,1.0,1.0,1.0,0.9415146992401399
84,62515ff6d52a5e89,True,1.0,1.0,0.8203548206264464,1.0,1.0,1.0,0.9251478419276861
85,d4849a52aaa55a9f,True,1.0,1.0,1.0,1.0,1.0,1.0,1.0
86,388391c4b8d45c36,True,1.0,0.0,0.0,1.0,1.0,1.0,0.0
87,683e518fbfa650d5,True,1.0,1.0,1.0,1.0,1.0,1.0,1.0
88,be63913f07ee5245,True,1.0,1.0,0.804597703826076,1.0,1.0,1.0,0.9185823765941983
89,63ab092351905a60,True,1.0,1.0,0.8651119935674202,1.0,1.0,1.0,0.9437966639864251
90,254290b4b4a35869,True,1.0,1.0,1.0,0.0,1.0,1.0,0.5833333333333334
91,a763369e30305f95,True,1.0,1.0,0.8354009092678973,1.0,1.0,1.0,0.9314170455282905
92,559c83269c035643,True,1.0,1.0,1.0,1.0,1.0,1.0,1.0
93,98c7a48dd75052ab,True,0.0,1.0,0.0,0.0,1.0,0.5,0.0
94,5e4f0ddf24da5f97,True,1.0,1.0,0.8170348934860029,1.0,1.0,1.0,0.9237645389525012
95,0a7ed373b7de5037,True,1.0,0.0,0.0,1.0,1.0,1.0,0.0
96,4543b41a1fec5a97,True,1.0,1.0,0.9116460550257283,1.0,1.0,1.0,0.9631858562607202
97,002a52b0ed5650da,True,1.0,1.0,0.8027427278942592,1.0,1.0,1.0,0.9178094699559413
98,e6e40103bfcb539e,True,1.0,1.0,0.7439900540444933,1.0,1.0,1.0,0.8933291891852054
99,776069d80826529d,True,1.0,1.0,0.6870255135511651,1.0,1.0,1.0,0.8695939639796522
100,ba9d1824bc8c5e7d,True,1.0,1.0,0.6667436510620224,1.0,1.0,1.0,0.8611431879425093
101,7d59e0ea1e0d524b,True,1.0,1.0,0.5695112960460078,1.0,1.0,1.0,0.8206297066858367
102,39fde97003dd540e,True,1.0,1.0,0.6616272958179886,1.0,1.0,1.0,0.8590113732574952
103,6a66294fe97f54db,True,1.0,1.0,0.8621351625815588,1.0,1.0,1.0,0.9425563177423162
104,269e03fbbb4c5856,True,1.0,1.0,1.0,1.0,1.0,1.0,1.0
105,c62dafe55b9d538d,True,1.0,1.0,1.0,1.0,1.0,1.0,1.0
106,a4ab5ff4ba7259f9,True,1.0,1.0,0.5688574929569876,1.0,1.0,1.0,0.8203572887320781
107,1cffb22700735548,True,1.0,1.0,1.0,1.0,1.0,1.0,1.0
108,cc934224447a5c86,True,1.0,0.0,0.0,1.0,1.0,0.0,0.0
109,7b8d8487706f501e,True,0.0,1.0,0.0,0.0,1.0,1.0,0.0
110,1719439969a55cc6,True,1.0,1.0,0.9446550657139375,1.0,1.0,1.0,0.9769396107141407
111,d1d1cb2c2a5b5a29,True,1.0,1.0,0.7967484918200428,1.0,1.0,1.0,0.9153118715916845
112,62c5045db3c159aa,True,1.0,1.0,1.0,1.0,1.0,1.0,1.0
113,1288b2d19d695376,True,1.0,1.0,1.0,1.0,1.0,1.0,1.0
114,3e41024d080454b5,True,1.0,1.0,1.0,1.0,1.0,1.0,1.0
115,de4facce62b05f57,True,1.0,1.0,0.894652533661938,1.0,1.0,1.0,0.9561052223591409
116,c8d4707fcc465f8b,True,1.0,1.0,0.9374244636170397,1.0,1.0,1.0,0.9739268598404331
117,66f8bdd077ff5fc3,True,1.0,1.0,0.7998083177740726,1.0,1.0,1.0,0.9165867990725302
118,798f1981bb285b09,True,1.0,1.0,0.6284443275432573,1.0,1.0,1.0,0.8451851364763572
119,bc8d053770cf5449,True,1.0,1.0,1.0,1.0,1.0,1.0,1.0
120,cc7d3c360c345a4b,True,1.0,1.0,0.7766643010126885,1.0,1.0,1.0,0.9069434587552868
121,1682c020a94054fa,True,1.0,1.0,0.8941814369700424,1.0,1.0,1.0,0.955908932070851
122,f71f0d4ca6db5d40,True,1.0,1.0,0.7241292475251596,1.0,1.0,1.0,0.8850538531354832
123,132ea05c88d355ca,True,1.0,1.0,0.8092420783151658,1.0,1.0,1.0,0.9205175326313192
124,05965158ab845b47,True,1.0,1.0,0.7941969066326343,1.0,1.0,1.0,0.914248711096931
125,54e1cb577c0a5f7e,True,1.0,1.0,0.8507676175190437,1.0,1.0,1.0,0.9378198406329349
126,ca62812a55ce5f0b,True,1.0,1.0,0.8123346804843574,1.0,1.0,1.0,0.9218061168684822
127,aa2962e446b45e1f,True,1.0,1.0,1.0,1.0,1.0,1.0,1.0
128,f24100a519ef5940,True,1.0,1.0,0.8737894303422038,1.0,1.0,1.0,0.9474122626425849
129,1dbaa3f0d0345e61,True,1.0,1.0,1.0,1.0,1.0,1.0,1.0
130,6a090fe8d71a5f38,True,1.0,1.0,1.0,1.0,1.0,1.0,1.0
131,1981a85eb4ba5001,True,0.0,1.0,0.0,0.0,1.0,0.5,0.0
132,ef4cd07fc8245457,True,1.0,1.0,1.0,1.0,1.0,1.0,1.0
133,7291b74b016d5672,True,1.0,1.0,1.0,1.0,1.0,1.0,1.0
134,4cac9f6cd85a5b47,True,1.0,1.0,0.8842893869870083,1.0,1.0,1.0,0.9517872445779201
135,ec8a3deaeb1a53ac,True,1.0,1.0,0.6360885352873449,1.0,1.0,1.0,0.8483702230363938
136,ec3c0587b1775b7c,True,1.0,1.0,0.798697547622556,1.0,1.0,1.0,0.916123978176065
137,526a568a22795441,True,1.0,1.0,1.0,1.0,1.0,1.0,1.0
138,5a7633ce22365440,True,1.0,1.0,0.6797381738288321,1.0,1.0,1.0,0.8665575724286801
139,d9c700e9e21b50ba,True,1.0,1.0,1.0,1.0,1.0,1.0,1.0
140,b5ca533bca505ceb,True,1.0,1.0,1.0,1.0,1.0,1.0,1.0
141,bc68d211a62d5c19,True,1.0,1.0,1.0,1.0,1.0,1.0,1.0
142,cbe7b4e464235ca6,True,1.0,1.0,0.6967937755486285,1.0,1.0,1.0,0.873664073145262
143,39cf3b9137615a6b,True,1.0,1.0,0.8064828730329591,1.0,1.0,1.0,0.9193678637637329
144,06b2df49f0455bd0,True,1.0,1.0,0.6364366503689617,1.0,1.0,1.0,0.8485152709870674
145,eda3453c6d5355e0,True,1.0,1.0,0.7801757652288647,1.0,1.0,1.0,0.9084065688453603
146,54511f27d12e5a58,True,1.0,1.0,0.8005024666050591,1.0,1.0,1.0,0.916876027752108
147,ae01be6a753e5f98,True,1.0,1.0,0.8030160588592381,1.0,1.0,1.0,0.9179233578580158
148,247ae110b0c454cb,True,1.0,1.0,1.0,1.0,1.0,1.0,1.0
149,f7f7750b2dc2548e,True,1.0,1.0,0.7782822130116386,1.0,1.0,1.0,0.9076175887548494
150,4d0df74bfb035f8a,True,1.0,1.0,0.6283044719245896,1.0,1.0,1.0,0.8451268633019123
151,0fc626b8de655cc7,True,1.0,1.0,0.7442060820455902,1.0,1.0,1.0,0.8934192008523292
152,883bb02a4f7c5f0a,True,1.0,1.0,1.0,1.0,1.0,1.0,1.0
153,3f19f97d980754f7,True,1.0,1.0,0.8584993091590439,1.0,1.0,1.0,0.9410413788162684
154,cb8b1f36617c50d4,True,1.0,0.0,0.0,1.0,1.0,1.0,0.0
155,038e954a77a95537,True,1.0,1.0,1.0,1.0,1.0,1.0,1.0
156,04676f5bccee5447,True,1.0,1.0,0.48787001800129787,1.0,1.0,1.0,0.7866125075005407
157,1d037ee2ffda5d69,True,1.0,1.0,1.0,1.0,1.0,1.0,1.0
158,5be54baed8b35bd7,True,1.0,1.0,1.0,1.0,1.0,1.0,1.0
159,d4f972826d645ca8,True,1.0,1.0,0.5641776560115157,1.0,1.0,1.0,0.8184073566714649
160,ade646d3c19b5bb0,True,1.0,1.0,1.0,1.0,1.0,0.5,1.0
161,a08bb182c3d558da,True,1.0,1.0,0.6081911744740721,1.0,1.0,1.0,0.8367463226975301
162,8e9f743d92c05d10,True,1.0,1.0,1.0,1.0,1.0,1.0,1.0
163,92c6df44cf055882,True,1.0,1.0,0.6435566614835184,1.0,1.0,1.0,0.8514819422847993
164,28113a97a08b5ff1,True,1.0,1.0,1.0,1.0,1.0,1.0,1.0
165,f93bfd9479fd52ee,True,1.0,1.0,0.7744540604595685,1.0,1.0,1.0,0.9060225251914868
166,70b9e5ded0b057d7,True,1.0,1.0,0.6519084087840298,1.0,1.0,1.0,0.8549618369933457
167,daf715295e7d576b,True,1.0,1.0,1.0,1.0,1.0,1.0,1.0
168,d2361c07df2f51c2,True,1.0,1.0,0.6645336481693793,1.0,1.0,1.0,0.8602223534039081
169,f874757c4b46591b,True,1.0,1.0,0.97761648270414,1.0,1.0,1.0,0.9906735344600582
170,16a2c04634ab5112,True,1.0,1.0,1.0,1.0,1.0,1.0,1.0
171,eabdad9a669b5739,True,1.0,1.0,1.0,1.0,1.0,1.0,1.0
172,d745bef1cebc52e7,True,1.0,1.0,1.0,1.0,1.0,1.0,1.0
173,bf8c5276f9a6539d,True,1.0,1.0,0.759146893998961,1.0,1.0,1.0,0.8996445391662338
174,c5ee24aa8f5059d6,True,1.0,1.0,1.0,1.0,1.0,1.0,1.0
175,2e586c7da7c55eb3,True,1.0,1.0,1.0,1.0,1.0,1.0,1.0
176,8651cc01649b5d5b,True,1.0,1.0,0.6384334163431808,1.0,1.0,1.0,0.8493472568096587
177,cd89b212efe9585a,True,1.0,1.0,1.0,1.0,1.0,1.0,1.0
178,b156e8110afb5efd,True,1.0,1.0,0.7938944615144987,1.0,1.0,0.0,0.9141226922977078
179,b662afef6f935725,True,1.0,1.0,0.5935668545368006,1.0,1.0,1.0,0.8306528560570002
180,47fae9a1708b5101,True,1.0,1.0,1.0,1.0,1.0,1.0,1.0
181,faa12c2adc7c521f,True,1.0,0.0,0.0,1.0,1.0,0.5,0.0
182,7f54c08f50ef5ace,True,1.0,1.0,0.5051527685531619,1.0,1.0,1.0,0.7938136535638174
183,2c439b29049252a7,True,1.0,1.0,1.0,1.0,1.0,1.0,1.0
184,c354c8cf3c975581,True,1.0,0.0,0.0,1.0,1.0,0.0,0.0
185,2381f042c0855f20,True,1.0,1.0,1.0,1.0,1.0,1.0,1.0
186,927b73fea33f5218,True,1.0,1.0,0.8491732668296682,1.0,1.0,1.0,0.9371555278456952
187,443b9c514efc5829,True,1.0,1.0,1.0,1.0,1.0,1.0,1.0
188,65fd7014a79b5cba,True,1.0,1.0,0.6011131798784151,1.0,1.0,1.0,0.8337971582826729
189,9248ce20618c5513,True,1.0,1.0,0.8331181268175375,1.0,1.0,1.0,0.930465886173974
190,956e3aa8415b5712,True,1.0,1.0,0.6074398876653488,1.0,1.0,1.0,0.8364332865272287
191,f6855b72b0aa57e2,True,1.0,1.0,0.8938501650534654,1.0,1.0,1.0,0.9557709021056106
192,2f4117000a605404,True,1.0,1.0,0.9334484569485392,1.0,1.0,1.0,0.9722701903952246
193,92471a550d745af1,True,1.0,1.0,1.0,1.0,1.0,1.0,1.0
194,910ce583575e5f8d,True,1.0,1.0,0.7058231442126612,1.0,1.0,1.0,0.8774263100886088
195,dac5a6aa183b5e73,True,1.0,0.0,0.0,1.0,1.0,1.0,0.0
196,1d7a96e116735b6c,True,1.0,1.0,0.7380412332951787,1.0,1.0,1.0,0.8908505138729911
197,6062e3ace278511a,True,1.0,1.0,0.8028054780950773,1.0,1.0,1.0,0.9178356158729489
198,71bacc65bda2569c,True,1.0,1.0,0.8423364908468184,1.0,1.0,1.0,0.9343068711861743
199,f42bdbb0a30c5854,True,1.0,1.0,1.0,1.0,1.0,1.0,1.0
200,1c62222c7c0b522f,True,1.0,1.0,1.0,1.0,1.0,1.0,1.0
201,be87511d69ba58e7,True,1.0,1.0,0.9308212698407841,1.0,1.0,1.0,0.9711755291003268
202,667afe1f010351c5,True,0.0,1.0,0.0,0.0,1.0,0.5,0.0
203,cda41068b4b65ae0,True,1.0,0.0,0.0,1.0,1.0,1.0,0.0
204,c23c39c3fedd5bfa,True,1.0,1.0,0.9358422007787287,1.0,1.0,1.0,0.9732675836578036
205,8c1e2438ad5f514a,True,1.0,1.0,1.0,1.0,1.0,1.0,1.0
206,742ac4ddb9d7557d,True,1.0,1.0,1.0,1.0,1.0,1.0,1.0
207,d88f286835b95ff3,True,1.0,1.0,1.0,1.0,1.0,1.0,1.0
208,82ab6983691a5599,True,1.0,1.0,1.0,1.0,1.0,1.0,1.0
209,a27fe5d9685c5795,True,1.0,1.0,0.7883301703830138,1.0,1.0,1.0,0.9118042376595891
210,613770d7f39051be,True,1.0,1.0,0.9613569104105452,1.0,1.0,1.0,0.9838987126710604
211,27bcec96f13c5426,True,1.0,1.0,0.9362940058827636,1.0,1.0,1.0,0.9734558357844848
212,a305b24487775cfc,True,1.0,1.0,1.0,0.0,1.0,1.0,0.5833333333333334
213,f5cf721a02df5ba1,True,1.0,1.0,0.826547355393256,1.0,1.0,1.0,0.9277280647471899
214,c13f0e8db9b15c69,True,1.0,1.0,1.0,1.0,1.0,1.0,1.0
215,7015bc44f34252f4,True,1.0,1.0,1.0,1.0,0.0,1.0,0.8333333333333334
216,fe0a33d7599a59b3,True,1.0,1.0,1.0,1.0,1.0,1.0,1.0
217,e6a94b91b19f5315,True,1.0,1.0,1.0,1.0,1.0,1.0,1.0
218,8a540001f3f0514d,True,1.0,1.0,0.944976644073067,1.0,1.0,1.0,0.9770736016971112
219,2de709220e34507e,True,1.0,1.0,1.0,1.0,1.0,1.0,1.0
220,82ee38a271b15bb1,True,1.0,0.0,0.0,1.0,1.0,1.0,0.0
221,f49e8b1837cd5b23,True,1.0,1.0,0.7551940944477138,1.0,1.0,1.0,0.8979975393532141
222,3461796610c15a0e,True,1.0,1.0,1.0,1.0,1.0,1.0,1.0
223,f33a23766bcb55a6,True,1.0,1.0,0.5923334809783931,1.0,1.0,1.0,0.8301389504076638
224,13fe271547945a97,True,1.0,1.0,1.0,1.0,1.0,1.0,1.0
225,2403645ef4fe5b10,True,1.0,1.0,0.9313332184528791,1.0,1.0,1.0,0.9713888410220329
226,eb6c8a396bb75a89,True,1.0,1.0,0.1319795381487771,1.0,1.0,1.0,0.6383248075619905
227,ac0f18be77bd585c,True,1.0,1.0,0.607259894704439,1.0,1.0,1.0,0.836358289460183
228,6da3bcc544be52d3,True,1.0,1.0,0.6232815994124616,1.0,1.0,1.0,0.8430339997551922
229,0ac3823481f15815,True,1.0,1.0,0.7224516430344042,1.0,1.0,1.0,0.8843548512643351
230,39c08e30ff9255ef,True,1.0,1.0,1.0,1.0,1.0,1.0,1.0
231,ef5dcc2415915678,True,1.0,1.0,0.9741760286368217,1.0,1.0,1.0,0.9892400119320092
232,664106f910475a53,True,1.0,1.0,0.6103559084528837,1.0,1.0,1.0,0.8376482951887015
233,692bea45f3de5fd0,True,1.0,0.0,0.0,1.0,1.0,1.0,0.0
234,1f57ce2072e25edb,True,1.0,1.0,0.9032520114282532,1.0,1.0,1.0,0.9596883380951056
235,ff9058bacb845910,True,1.0,1.0,1.0,0.0,1.0,1.0,0.5833333333333334
236,7ce6c5c094c55055,True,1.0,1.0,0.7818587990751649,1.0,1.0,1.0,0.9091078329479854
237,4314c162a57f568e,True,1.0,1.0,0.7922490374817762,1.0,1.0,1.0,0.9134370989507401
238,460c1bc090365d1b,True,1.0,1.0,1.0,1.0,1.0,0.0,1.0
239,8a249b6f42f35ca2,True,1.0,1.0,0.6072733935051035,1.0,1.0,1.0,0.8363639139604597
240,071b435a4f4057e0,True,1.0,1.0,0.8772200955290897,1.0,1.0,1.0,0.9488417064704541
241,1f211666d4465388,True,1.0,1.0,0.7552800299203927,1.0,1.0,1.0,0.8980333458001636
242,3ef16d00a16b5c94,True,1.0,1.0,0.7718247933584954,1.0,1.0,1.0,0.9049269972327064
243,3cfcca572cdc5b75,True,1.0,0.0,0.0,1.0,1.0,1.0,0.0
244,483bb60b0a0451e6,True,1.0,1.0,0.7691110283679744,1.0,1.0,1.0,0.9037962618199894
245,6ac603d43fbb57ef,True,1.0,1.0,0.8783525283924632,1.0,1.0,1.0,0.9493135534968596
246,3a36b098acee53b9,True,1.0,1.0,1.0,1.0,1.0,1.0,1.0
247,f7d40806c7045d54,True,1.0,1.0,0.6392640676545062,0.0,1.0,1.0,0.4330266948560442
248,d5fc95fa66025d7a,True,1.0,1.0,0.7247568625219734,1.0,1.0,1.0,0.8853153593841556
249,66e559e29cca52e0,True,1.0,1.0,1.0,1.0,1.0,1.0,1.0
250,7c150adbe5225f20,True,1.0,1.0,1.0,0.0,1.0,1.0,0.5833333333333334
251,7c4757c2c9675f2b,True,1.0,0.0,0.0,1.0,1.0,0.0,0.0
252,7b13f467f23c5a2b,True,1.0,1.0,1.0,0.0,1.0,1.0,0.5833333333333334
253,6e821a856fe45177,True,1.0,1.0,1.0,1.0,1.0,0.5,1.0
254,0c5365f52bac5785,True,1.0,1.0,1.0,1.0,1.0,1.0,1.0
255,1801a3d3fffc57f5,True,1.0,1.0,0.7160570737454092,1.0,1.0,1.0,0.8816904473939204
256,1a1f73871bea5afa,True,1.0,1.0,0.7270058763779962,1.0,1.0,1.0,0.8862524484908317
257,9a3778686fd058d2,True,1.0,1.0,0.7757473639334602,1.0,1.0,1.0,0.9065614016389417
258,396c599d06e65f68,True,1.0,1.0,0.7879616613866003,0.0,1.0,1.0,0.49498402557775006
259,08b1894421c455ed,True,1.0,1.0,1.0,1.0,1.0,1.0,1.0
260,888913e0978f559b,True,1.0,1.0,0.5473881075236315,1.0,1.0,1.0,0.8114117114681797
261,c388df5240dd5f6c,True,1.0,1.0,0.7704230951361829,1.0,1.0,1.0,0.9043429563067429
262,b9f3b69b160e5ad0,True,1.0,0.0,0.0,1.0,1.0,1.0,0.0
263,ea1302023ad258ff,True,1.0,1.0,0.7746089227660254,1.0,1.0,1.0,0.9060870511525106
264,a0b9c3ee286454cb,True,1.0,1.0,1.0,1.0,1.0,1.0,1.0
265,ee8e4ad158ef5a8d,True,1.0,1.0,1.0,1.0,1.0,1.0,1.0
266,d66a4334c9625c4a,True,1.0,1.0,0.8006326935430751,1.0,1.0,1.0,0.9169302889762813
267,dc5bfa6f51225853,True,1.0,1.0,0.8968698247596898,1.0,1.0,1.0,0.9570290936498708
268,52d9d533ca4e5980,True,1.0,1.0,0.5038145013624358,1.0,1.0,1.0,0.7932560422343483
269,ce09ed938df353d1,True,1.0,1.0,1.0,1.0,1.0,1.0,1.0
270,bed7a2c445315bb7,True,1.0,1.0,0.7205292643380493,1.0,1.0,1.0,0.8835538601408538
271,d25b6512a43f5e54,True,1.0,1.0,0.810220111827237,0.0,1.0,1.0,0.5042583799280154
272,25226305bdff5efd,True,1.0,1.0,1.0,1.0,1.0,1.0,1.0
273,24108688ab4856ab,True,1.0,0.0,0.0,1.0,1.0,1.0,0.0
274,54b1308d42085066,True,1.0,1.0,0.9133796661264142,1.0,1.0,1.0,0.9639081942193393
275,c2072dd6a3f85da0,True,1.0,1.0,0.5562498590270784,1.0,1.0,1.0,0.8151041079279494
276,1f90968aaeb55128,True,0.0,1.0,0.0,0.0,1.0,1.0,0.0
277,b2c0a19be09f5b76,True,1.0,1.0,0.7389881538593472,1.0,1.0,1.0,0.8912450641080613
278,c51ec68aa4fe5f05,True,1.0,1.0,1.0,1.0,1.0,1.0,1.0
279,5218653349a6502a,True,1.0,0.0,0.0,1.0,1.0,1.0,0.0
280,61c5308743b35db2,True,1.0,1.0,0.6683191977323765,1.0,1.0,1.0,0.8617996657218235
281,fd30fae9e4f35fa8,True,1.0,1.0,0.6113457008747893,1.0,1.0,1.0,0.8380607086978289
282,6871543e963f5bdf,True,1.0,1.0,0.23640562455785785,1.0,1.0,1.0,0.6818356768991074
283,0d602f62f3ad5c65,True,1.0,1.0,0.9047801434982581,1.0,1.0,1.0,0.9603250597909408
284,df7e2f19b3cc5ba6,True,1.0,1.0,1.0,1.0,1.0,1.0,1.0
285,23b4e574c41a57bd,True,1.0,1.0,0.5958218476545014,1.0,1.0,1.0,0.8315924365227089
286,9a4575e2dfd75ffb,True,1.0,1.0,0.8899931958166067,1.0,1.0,1.0,0.9541638315902529
287,52cad7d83eb65e75,True,1.0,1.0,0.9459643416221489,0.0,1.0,1.0,0.5608184756758954
288,caa3170f8c3b5cfe,True,1.0,1.0,0.8391186917793585,1.0,1.0,1.0,0.9329661215747326
289,2189449ddbf65bff,True,1.0,1.0,0.8523905380815234,1.0,1.0,1.0,0.9384960575339681
290,919fcdbcf46f58d1,True,1.0,1.0,0.975908980456383,1.0,1.0,1.0,0.9899620751901596
291,f7a9f82f17b256e2,True,1.0,1.0,0.9131680511326242,1.0,1.0,1.0,0.9638200213052602
292,99f3a7ec61305307,True,1.0,1.0,0.7299162031076855,1.0,1.0,1.0,0.8874650846282023
293,7d80c95c24645b06,True,1.0,1.0,0.8662072984148866,1.0,1.0,1.0,0.9442530410062027
294,37b96c1d86665204,True,1.0,1.0,0.8091943587851227,1.0,1.0,1.0,0.9204976494938011
295,36650ce9087150de,True,1.0,1.0,0.6694831458304509,1.0,1.0,1.0,0.8622846440960212
296,7edfabe116e25844,True,1.0,1.0,0.8877492270297141,1.0,1.0,1.0,0.9532288445957141
297,c2eecf5cfe46536f,True,1.0,1.0,1.0,1.0,1.0,1.0,1.0
298,4024c1a4953e57a7,True,1.0,1.0,1.0,1.0,1.0,1.0,1.0
299,ad34e2d0d3865530,True,1.0,1.0,0.6922611831816784,1.0,1.0,1.0,0.871775492992366
300,1712f51cf5df564a,True,1.0,1.0,0.9062628781164941,1.0,1.0,1.0,0.9609428658818725
301,e9fcec80707952c3,True,1.0,1.0,0.12171591707478809,1.0,1.0,1.0,0.6340482987811616
302,2c978eb63fec5d2a,True,1.0,1.0,0.8680797198295779,1.0,1.0,1.0,0.9450332165956574
303,747f309bac56509f,True,1.0,1.0,0.9121801587133721,1.0,1.0,1.0,0.963408399463905
304,cc6022c226c15d80,True,1.0,0.0,0.0,1.0,1.0,1.0,0.0
305,632a1b53a6875b22,True,1.0,1.0,0.8239938327081037,1.0,1.0,1.0,0.9266640969617098
306,026e84581e0f5044,True,1.0,1.0,0.8006787819606139,1.0,1.0,1.0,0.9169494924835891
307,626b5dc253965ecb,True,1.0,1.0,0.9400912714327456,1.0,1.0,1.0,0.975038029763644
308,7272f8ee7e64591e,True,1.0,1.0,0.8240762257922853,1.0,1.0,1.0,0.9266984274134522
309,52a632acca085891,True,1.0,1.0,0.8911718541984622,1.0,1.0,1.0,0.9546549392493593
310,62108a4000e85dae,True,1.0,1.0,1.0,1.0,1.0,1.0,1.0
311,4b3a1e85619e557f,True,1.0,1.0,1.0,1.0,1.0,1.0,1.0
312,0038810163a05e09,True,1.0,1.0,1.0,1.0,1.0,1.0,1.0
313,cbe2fffee4105dbf,True,1.0,1.0,0.7803883242640842,1.0,1.0,1.0,0.9084951351100351
314,a5d3eca1660f5855,True,1.0,1.0,1.0,1.0,0.0,1.0,0.8333333333333334
315,243480f0f2545b3b,True,1.0,1.0,1.0,1.0,1.0,1.0,1.0
316,32a409f974555830,True,1.0,1.0,0.1265431895605685,1.0,1.0,1.0,0.6360596623169036
317,4a4316b978495bba,True,1.0,1.0,0.8234075323881829,1.0,1.0,1.0,0.9264198051617428
318,126fd1a0d1675f57,True,1.0,1.0,0.7494185519883141,1.0,1.0,1.0,0.8955910633284642
319,f860a73be2cd5fe5,True,1.0,1.0,0.9009021346573726,1.0,1.0,1.0,0.9587092227739052
320,92ebb72e83325bb1,True,1.0,0.0,0.0,1.0,1.0,1.0,0.0
321,bc2fe3314b345c63,True,1.0,1.0,0.9653755510614278,1.0,1.0,1.0,0.9855731462755949
322,1693d395bec753ae,True,1.0,1.0,1.0,1.0,1.0,1.0,1.0
323,5fed3ec5ed1351c1,True,1.0,1.0,1.0,1.0,1.0,1.0,1.0
324,87100d8379c158cc,True,1.0,1.0,1.0,1.0,1.0,1.0,1.0
325,77a891db719c5273,True,1.0,1.0,1.0,0.0,1.0,1.0,0.5833333333333334
326,9c63a8a78f3251d3,True,1.0,1.0,1.0,1.0,1.0,1.0,1.0
327,f34af4dbbbd35a23,True,1.0,1.0,0.9761386504210272,1.0,1.0,1.0,0.9900577710087614
328,afbbcee34f1850fd,True,1.0,1.0,0.36748142608665463,1.0,1.0,1.0,0.7364505942027728
329,af5f095a4d815525,True,1.0,1.0,1.0,1.0,1.0,1.0,1.0
330,ac808bd1bfac5425,True,1.0,0.0,0.0,1.0,1.0,1.0,0.0
331,54e57dfcbf295398,True,1.0,1.0,1.0,1.0,1.0,1.0,1.0
332,97b1ea53fad65625,True,1.0,1.0,0.9795597033026583,1.0,1.0,1.0,0.9914832097094409
333,3984225e4458525b,True,1.0,1.0,0.7873790257429465,1.0,1.0,1.0,0.9114079273928944
334,2bc38f766c8851fa,True,1.0,1.0,0.8728787054311359,1.0,1.0,0.0,0.94703279392964
335,88152114a47d5175,True,1.0,1.0,1.0,1.0,1.0,1.0,1.0
336,ae73a52a1a5d54ac,True,1.0,1.0,1.0,1.0,1.0,1.0,1.0
337,f9a9b5ee707e501e,True,0.5,1.0,0.44127277469092674,0.0,1.0,1.0,0.17526516139394308
338,c98ef0c5c89c51d6,True,1.0,0.0,0.0,1.0,1.0,1.0,0.0
339,515fefed28a65a88,True,1.0,1.0,0.7849723282654749,1.0,1.0,1.0,0.9104051367772813
340,4f6abcc897955dfd,True,1.0,1.0,1.0,1.0,1.0,0.0,1.0
341,bdb0f78978cd5307,True,1.0,1.0,0.8724643512764687,1.0,1.0,1.0,0.9468601463651952
342,deb16bb9771a582a,True,1.0,1.0,1.0,1.0,1.0,1.0,1.0
343,d796c1764d575153,True,0.0,1.0,0.0,0.0,1.0,1.0,0.0
344,3d11d1a35e8f500d,True,1.0,1.0,0.8178218697045685,1.0,1.0,1.0,0.924092445710237
345,f2e2e64000445230,True,1.0,1.0,0.9808241321989869,1.0,1.0,1.0,0.9920100550829112
346,dc0c3446973f56b3,True,1.0,1.0,1.0,1.0,1.0,1.0,1.0
347,d12fdbd7f3265051,True,1.0,1.0,0.8570318360152984,1.0,1.0,1.0,0.940429931673041
348,4b3c6a95987c552d,True,1.0,1.0,1.0,1.0,1.0,1.0,1.0
349,0ee0eabadd125c7b,True,1.0,1.0,0.9780156839385814,1.0,1.0,1.0,0.9908398683077423
350,537935a8e7b653f2,True,1.0,1.0,0.7067121425041177,1.0,1.0,0.5,0.8777967260433824
351,5085749584aa5377,True,1.0,1.0,0.587922660095302,1.0,1.0,1.0,0.8283011083730424
352,6f525eba8afc547c,True,1.0,1.0,0.8777648040086536,1.0,1.0,1.0,0.949068668336939
353,d113b39be843564f,True,1.0,1.0,0.881359122463512,1.0,1.0,1.0,0.9505663010264632
354,72779ff1ead25f44,True,1.0,1.0,0.7575673086067121,1.0,1.0,1.0,0.89898637858613
355,7a1b61727c255889,True,1.0,1.0,0.66801768839744,1.0,1.0,1.0,0.8616740368322667
356,a48870c447ef5fe5,True,1.0,1.0,0.6864411864226596,1.0,1.0,1.0,0.8693504943427749
357,42dc421e37c154e5,True,1.0,1.0,1.0,1.0,1.0,1.0,1.0
358,d987180f18155985,True,1.0,1.0,1.0,1.0,1.0,1.0,1.0
359,19b1cc462216591a,True,1.0,1.0,0.931148983371029,1.0,1.0,1.0,0.9713120764045954
360,c79b2a28285f5e11,True,1.0,1.0,0.8637935736352245,1.0,1.0,1.0,0.9432473223480101
361,3047f87f67555d16,True,1.0,1.0,1.0,1.0,1.0,1.0,1.0
362,e5e1dbb69578517b,True,1.0,1.0,0.6248385056062187,1.0,1.0,1.0,0.8436827106692578
363,fbc91394092b5dbb,True,1.0,1.0,0.7797569214414333,1.0,1.0,1.0,0.9082320506005971
364,534e6a7d7e8c528b,True,1.0,0.0,0.0,1.0,1.0,1.0,0.0
365,14d171fcb9295596,True,1.0,1.0,1.0,1.0,1.0,1.0,1.0
366,56af8eae4788597f,True,1.0,1.0,1.0,1.0,1.0,1.0,1.0
367,96f19d920d5558e9,True,1.0,1.0,0.8272208256983663,1.0,1.0,1.0,0.9280086773743194
368,f7544894729252f5,True,1.0,1.0,0.7291921664599699,1.0,1.0,1.0,0.8871634026916541
369,d3322747793a5dda,True,0.0,1.0,0.0,0.0,1.0,1.0,0.0
370,b7453f77be5b53df,True,1.0,1.0,0.775929202324651,1.0,1.0,1.0,0.9066371676352712
371,70428e7a613e55cc,True,1.0,1.0,0.9542462398919023,1.0,1.0,1.0,0.9809359332882925
372,55bd10ac74585a12,True,1.0,1.0,1.0,0.0,1.0,1.0,0.5833333333333334
373,667360ba7d595e46,True,1.0,1.0,0.6744179325112316,1.0,1.0,1.0,0.8643408052130132
374,85164858b3e55841,True,0.5,1.0,0.41527059430451846,0.0,1.0,1.0,0.16984804048010801
375,02bfb6340c185b97,True,1.0,1.0,0.685719650237852,1.0,1.0,1.0,0.8690498542657717
376,e67c2879271350c1,True,1.0,1.0,0.8462818188578014,1.0,1.0,0.5,0.9359507578574172
377,03e24d87e7315809,True,1.0,1.0,0.9180369228315989,1.0,1.0,1.0,0.9658487178464995
378,cd9330daeec55224,True,1.0,1.0,0.5587702291188724,1.0,1.0,1.0,0.8161542621328635
379,c9f0c60627ba5237,True,1.0,1.0,1.0,1.0,1.0,1.0,1.0
380,c35f0df7bfdb5140,True,0.0,1.0,0.0,0.0,1.0,1.0,0.0
381,cec165c3246d5529,True,1.0,0.0,0.0,1.0,1.0,1.0,0.0
382,ad781cbf672a5485,True,1.0,1.0,0.7103527869190097,1.0,1.0,1.0,0.879313661216254
383,ab1fd108d5885b58,True,1.0,1.0,1.0,1.0,1.0,0.0,1.0
384,e3caf69e02f857ba,True,1.0,1.0,0.7496532663185052,1.0,1.0,1.0,0.8956888609660437
385,3ce72ef7e80855e2,True,1.0,1.0,0.8362026122399433,1.0,1.0,1.0,0.9317510884333098
386,df30f32cd2ee5633,True,1.0,1.0,1.0,1.0,1.0,1.0,1.0
387,56da58294b3d53c5,True,1.0,1.0,0.7891794657882396,1.0,1.0,1.0,0.9121581107450999
388,2070f12707d95924,True,1.0,1.0,0.7451643617027206,1.0,1.0,1.0,0.8938184840428002
389,28123c233d33567e,True,1.0,1.0,0.8881563221021467,1.0,1.0,1.0,0.9533984675425611
390,aa34b08bfad85fac,True,1.0,1.0,0.8512105717031299,1.0,1.0,1.0,0.938004404876304
391,91e06c22962d53bb,True,1.0,1.0,0.8422785233681471,1.0,1.0,1.0,0.9342827180700614
392,7d1fdeb7e341522d,True,1.0,1.0,1.0,1.0,1.0,1.0,1.0
393,415b05ca44da5fbb,True,1.0,1.0,1.0,1.0,1.0,1.0,1.0
394,7d40448fd04e5e28,True,1.0,1.0,1.0,1.0,1.0,1.0,1.0
395,9a00d37375a95d7e,True,1.0,1.0,0.5616195250330198,1.0,1.0,1.0,0.8173414687637583
396,7022b42a3743507a,True,1.0,1.0,1.0,1.0,1.0,1.0,1.0
397,734ef653644c55b9,True,1.0,1.0,0.9021066353034076,1.0,1.0,0.0,0.9592110980430865
398,6fe1f4f8dbcd57b5,True,1.0,1.0,0.779114715513886,1.0,1.0,1.0,0.9079644647974524
399,e26de26a56dd5d21,True,1.0,1.0,0.5845728040056267,1.0,1.0,1.0,0.8269053350023444
400,80d8679b8c215769,True,1.0,1.0,1.0,1.0,1.0,1.0,1.0
401,a20beaedf66b59f3,True,1.0,1.0,0.6959628086522928,1.0,1.0,1.0,0.8733178369384552
402,be33fb4e1b435f1d,True,1.0,1.0,0.9023208299205125,1.0,1.0,1.0,0.9593003458002135
403,5a4811a0bde955b3,True,1.0,0.0,0.0,1.0,1.0,1.0,0.0
404,9157afe90f035621,True,1.0,1.0,1.0,1.0,1.0,1.0,1.0
405,690fef019ad25dd6,True,1.0,1.0,1.0,1.0,1.0,1.0,1.0
406,efeac78f0da05463,True,1.0,1.0,0.8093376349575024,1.0,1.0,1.0,0.9205573478989594
407,6387e5c4dd2f5e2a,True,1.0,1.0,0.7656418810633097,1.0,1.0,1.0,0.9023507837763791
408,b77b106f469055bd,True,1.0,1.0,0.8076797685461701,1.0,1.0,1.0,0.9198665702275708
409,aed7c50719f959a1,True,1.0,1.0,1.0,1.0,1.0,1.0,1.0
410,0c4f97d3255155e4,True,1.0,1.0,0.7437099822616198,1.0,1.0,1.0,0.8932124926090083
411,c93a302d2fb2508f,True,1.0,1.0,0.7270773738882856,1.0,1.0,1.0,0.8862822391201189
412,7f9c22da74d35642,True,1.0,1.0,0.8911694383575419,1.0,1.0,1.0,0.9546539326489758
413,814a2807af5f51f7,True,1.0,1.0,1.0,1.0,1.0,1.0,1.0
414,51c2558524435a31,True,1.0,1.0,0.8900085744864128,1.0,1.0,1.0,0.9541702393693386
415,43ce8a5ddf8f5541,True,1.0,1.0,1.0,1.0,1.0,1.0,1.0
416,3bae0e44f3095a9c,True,1.0,1.0,0.6838680170570047,1.0,1.0,1.0,0.8682783404404186
417,5f70e91ff9d250f5,True,1.0,1.0,0.7641242816366253,1.0,1.0,1.0,0.9017184506819271
418,f0d6814d23245178,True,1.0,1.0,1.0,1.0,1.0,1.0,1.0
419,3fe4d3672285579c,True,1.0,1.0,0.9987440396594014,1.0,1.0,1.0,0.9994766831914172
420,2de3f6af0a69509d,True,1.0,1.0,0.7983719971988672,1.0,1.0,1.0,0.9159883321661946
421,9b09b277214d5623,True,1.0,1.0,1.0,1.0,1.0,0.0,1.0
422,b8104b69b2d9509b,True,1.0,1.0,0.7272583297758337,1.0,1.0,1.0,0.8863576374065975
423,07064359a6215354,True,1.0,1.0,0.9296324282824914,1.0,1.0,1.0,0.970680178451038
424,bd646d9caaef57d8,True,1.0,1.0,1.0,1.0,1.0,1.0,1.0
425,196375ae13835990,True,1.0,1.0,0.9837912577499872,1.0,1.0,1.0,0.993246357395828
426,a9c27d1fdee5599e,True,1.0,1.0,1.0,1.0,1.0,1.0,1.0
427,84aade0568085ba5,True,1.0,1.0,1.0,0.0,1.0,1.0,0.5833333333333334
428,8436ac812af859df,True,1.0,1.0,1.0,1.0,1.0,1.0,1.0
429,674e6f0f529a51f7,True,1.0,1.0,0.6351714028618861,1.0,1.0,1.0,0.8479880845257859
430,cc54b0f77c84506d,True,1.0,1.0,0.8689440801630982,1.0,1.0,1.0,0.9453933667346242
431,8c36f77fe7215dd7,True,1.0,1.0,0.9368938942774889,1.0,1.0,1.0,0.973705789282287
432,51ab6f367130574d,True,1.0,1.0,0.8141701767614188,1.0,1.0,1.0,0.9225709069839244
433,6b183b48b7175f38,True,1.0,1.0,0.924402912237932,1.0,1.0,1.0,0.9685012134324716
434,e375b42cd83a5bf3,True,1.0,1.0,1.0,1.0,1.0,1.0,1.0
435,624b5f7f1f4a503e,True,1.0,1.0,0.6007071372087852,1.0,1.0,1.0,0.8336279738369937
436,2e037aeeebce56df,True,1.0,1.0,0.716195764629194,1.0,1.0,1.0,0.8817482352621641
437,8b0d50e645eb5ac7,True,1.0,1.0,0.8066778833919539,1.0,1.0,1.0,0.9194491180799808
438,ce6eb4e00dac5ae3,True,1.0,1.0,1.0,1.0,1.0,1.0,1.0
439,70e6f01ee485510a,True,1.0,1.0,0.799549337369852,1.0,1.0,1.0,0.9164788905707716
440,276396e455bb57b5,True,1.0,1.0,0.637096145850403,1.0,1.0,1.0,0.8487900607710013
441,2eb2bc9d3b35584f,True,1.0,1.0,1.0,1.0,1.0,1.0,1.0
442,76f053cb2f8851c7,True,1.0,1.0,1.0,1.0,1.0,1.0,1.0
443,1e921882661b5a6b,True,1.0,1.0,0.7460861970331123,1.0,1.0,1.0,0.8942025820971301
444,26e5c3fb8af15012,True,1.0,1.0,0.6168159717851984,1.0,1.0,1.0,0.8403399882438327
445,ce2f1ac423965b7a,True,1.0,1.0,1.0,1.0,1.0,1.0,1.0
446,155c42ad43525252,True,1.0,1.0,0.805901398100145,1.0,1.0,1.0,0.919125582541727
447,5e5b6eaacd3f5bdd,True,0.0,1.0,0.0,0.0,1.0,1.0,0.0
448,07c46d77aba054ec,True,1.0,1.0,1.0,1.0,1.0,0.5,1.0
449,150bfebecc525d57,True,1.0,1.0,1.0,0.0,1.0,0.5,0.5833333333333334
450,e71bd2560b255f76,True,1.0,1.0,1.0,0.0,0.0,1.0,0.4166666666666667
451,994db6ebee835fbd,True,1.0,1.0,1.0,1.0,1.0,1.0,1.0
452,ed8384b107d95d89,True,1.0,1.0,0.7542725899617743,1.0,1.0,1.0,0.8976135791507392
453,3d43337c0e6b5910,True,1.0,1.0,0.7166182399842266,1.0,1.0,1.0,0.8819242666600945
454,aacc2ed7ba2859c5,True,1.0,1.0,0.7300166825345322,1.0,1.0,1.0,0.887506951056055
455,ab51ce190cca5673,True,1.0,1.0,0.776509676566753,1.0,1.0,1.0,0.9068790319028137
456,0715626fc800527e,True,1.0,1.0,1.0,1.0,1.0,1.0,1.0
457,480325e1f5085385,True,1.0,1.0,1.0,0.0,1.0,1.0,0.5833333333333334
458,f05325ffb9425a4b,True,1.0,1.0,1.0,1.0,1.0,1.0,1.0
459,e511376fdf3250e5,True,1.0,1.0,0.8744513948562571,1.0,1.0,1.0,0.9476880811901071
460,79e011726ebe5aa0,True,1.0,0.0,0.0,1.0,1.0,0.0,0.0
461,e2fe44045eac5b89,True,1.0,1.0,1.0,1.0,1.0,1.0,1.0
462,7c75567759e15900,True,1.0,1.0,1.0,1.0,1.0,1.0,1.0
463,9ca89d773ed651ab,True,1.0,1.0,0.835385048811602,1.0,1.0,1.0,0.9314104370048342
464,e9ed7dbcb6365ea2,True,1.0,1.0,0.874869496409449,1.0,1.0,1.0,0.9478622901706037
465,3f664a7d5f5e5bba,True,1.0,1.0,1.0,1.0,1.0,1.0,1.0
466,87a7a9f8aa325467,True,1.0,1.0,1.0,1.0,1.0,1.0,1.0
467,2d8b8e77af38568f,True,1.0,1.0,0.6485663480098152,1.0,1.0,1.0,0.8535693116707564
468,806b014bc8c15160,True,1.0,1.0,0.5864616428995567,1.0,1.0,1.0,0.8276923512081487
469,2620b03dcfcc567b,True,1.0,1.0,0.8196466961399461,1.0,1.0,1.0,0.9248527900583108
470,4f67484c73e2503a,True,1.0,1.0,0.8799849962799527,1.0,1.0,1.0,0.9499937484499803
471,908f696abf7c5a26,True,1.0,1.0,0.7903281664834111,1.0,1.0,1.0,0.9126367360347546
472,e8d7197f07635cfb,True,1.0,1.0,1.0,1.0,1.0,1.0,1.0
473,159b8a11bd775e91,True,0.0,1.0,0.0,0.0,1.0,1.0,0.0
474,dc4b44d8961e538a,True,1.0,1.0,0.7658388020372064,1.0,1.0,1.0,0.9024328341821694
475,ad0beea498f15978,True,1.0,1.0,0.7622424153459706,1.0,1.0,1.0,0.9009343397274877
476,7aeb6cedbf4353ef,True,1.0,1.0,0.9638979243740811,1.0,1.0,0.5,0.9849574684892004
477,14f16328a6c0551e,True,1.0,1.0,0.7752073922712093,1.0,1.0,1.0,0.9063364134463372
478,a30baeb5294658b3,True,1.0,1.0,0.8350199624333816,1.0,1.0,1.0,0.9312583176805758
479,39a769c19105586e,True,1.0,1.0,0.6197447328297547,1.0,1.0,1.0,0.8415603053457312
480,95bd905e3f685a28,True,1.0,1.0,0.7768515927111375,1.0,1.0,1.0,0.9070214969629738
481,8b1d45137881582a,True,1.0,1.0,0.5692963111756207,1.0,1.0,1.0,0.8205401296565086
482,12d4637822bb5f19,True,1.0,0.0,0.0,1.0,1.0,1.0,0.0
483,342953cadb9f57b2,True,1.0,1.0,0.8744581712186832,1.0,1.0,1.0,0.9476909046744514
484,d01d51c26594547c,True,1.0,1.0,1.0,1.0,1.0,1.0,1.0
485,8179a26d74615228,True,1.0,1.0,0.8678323799484492,1.0,1.0,1.0,0.9449301583118538
486,053895d2bfc754f3,True,1.0,1.0,0.8296220851037923,1.0,1.0,1.0,0.9290092021265801
487,6239cdb801bc51c2,True,1.0,1.0,0.6914126838776525,1.0,1.0,1.0,0.8714219516156886
488,7fb4ab2c7e8c527f,True,1.0,1.0,1.0,1.0,1.0,1.0,1.0
489,9406203fdb815e58,True,1.0,1.0,0.71839106924599,1.0,1.0,1.0,0.8826629455191625
490,e4eebb1bdcdf5ae6,True,1.0,1.0,0.9544954256437245,1.0,1.0,1.0,0.9810397606848852
491,70da6b21101d555f,True,1.0,1.0,1.0,1.0,1.0,0.0,1.0
492,efc8eef1e7b551d9,True,1.0,1.0,0.8644431520895021,1.0,1.0,1.0,0.9435179800372925
493,8de5173c05ee56f5,True,1.0,0.0,0.0,1.0,1.0,0.0,0.0
494,f49f94b388d8561d,True,1.0,1.0,1.0,1.0,1.0,1.0,1.0
495,a452d968db965d77,True,1.0,1.0,0.9113593388147819,1.0,1.0,0.0,0.9630663911728258
496,1d4b518f1b175184,True,1.0,1.0,1.0,1.0,1.0,1.0,1.0
497,2cbf505c735c5c34,True,1.0,1.0,0.838548154433684,1.0,1.0,1.0,0.9327283976807017
498,9fc5098e21355c6e,True,1.0,1.0,0.8587675841682443,1.0,1.0,1.0,0.9411531600701019
499,bd5e1c226cca5d3e,True,1.0,1.0,0.8482102343605966,1.0,1.0,1.0,0.9367542643169152
500,66a0abcb3eac57df,True,1.0,1.0,0.6669834917485307,1.0,1.0,1.0,0.8612431215618878
501,4e12d62c42575ac3,True,1.0,1.0,0.09472824242248344,1.0,1.0,1.0,0.6228034343427015
502,83c72c93de355a6b,True,1.0,1.0,1.0,1.0,1.0,1.0,1.0
503,55d6a50a401f52f7,True,0.0,1.0,0.0,0.0,1.0,1.0,0.0
504,24a09c3c8a985e8e,True,1.0,1.0,1.0,0.0,1.0,1.0,0.5833333333333334
505,0774f845fe6b5de3,True,1.0,1.0,1.0,1.0,1.0,1.0,1.0
506,11811a7320ab58db,True,1.0,1.0,0.9753199221968469,1.0,1.0,1.0,0.9897166342486862
507,96cb1a2412095a90,True,1.0,1.0,0.8221120855118937,1.0,1.0,1.0,0.9258800356299557
508,23f357c023c2584f,True,1.0,1.0,0.6560939074940058,1.0,1.0,1.0,0.8567057947891691
509,9707c6cbc83556f6,True,1.0,1.0,1.0,1.0,1.0,1.0,1.0
510,927222aceeaa52bb,True,1.0,1.0,1.0,1.0,1.0,1.0,1.0
511,b3c1a2ac292d5e3f,True,1.0,1.0,1.0,1.0,1.0,1.0,1.0
512,cb50b764d69557b9,True,1.0,1.0,0.9458079288679967,1.0,1.0,1.0,0.9774199703616654
513,3bf245d895b25ec0,True,1.0,1.0,1.0,1.0,1.0,1.0,1.0
514,a916c0c016825703,True,1.0,1.0,1.0,1.0,1.0,1.0,1.0
515,54d1762cf973535b,True,1.0,1.0,0.9581643832379055,1.0,1.0,1.0,0.9825684930157941
516,065ec41ed01d59ca,True,1.0,1.0,1.0,0.0,1.0,1.0,0.5833333333333334
517,f11cf1d1b58454d8,True,1.0,1.0,0.8523102462337041,1.0,1.0,1.0,0.9384626025973768
518,70ee383e3b335c16,True,1.0,1.0,0.6832895930521409,1.0,1.0,1.0,0.868037330438392
519,46320fa2dc795a5a,True,1.0,1.0,1.0,1.0,1.0,1.0,1.0
520,35cf51dd13d559c0,True,1.0,1.0,0.8978792069267415,0.0,1.0,0.0,0.5407830028861423
521,ed98d12e4c99536d,True,1.0,1.0,1.0,1.0,1.0,0.5,1.0
522,5e80270349cb530c,True,1.0,1.0,0.9214341781403892,1.0,1.0,1.0,0.9672642408918288
523,8704f4971e305ed3,True,1.0,1.0,1.0,1.0,1.0,1.0,1.0
524,819d34b59e6159ad,True,1.0,1.0,1.0,1.0,1.0,1.0,1.0
525,b1bcfdce40d5572e,True,1.0,1.0,0.7502852628836275,1.0,1.0,0.5,0.8959521928681782
526,c8b422346e1f5252,True,1.0,1.0,1.0,1.0,1.0,1.0,1.0
527,d44d886053b15b23,True,1.0,0.0,0.0,0.0,1.0,0.0,0.0
528,d0de8d6a350d55d9,True,1.0,1.0,1.0,1.0,1.0,1.0,1.0
529,59c3714116c25a7c,True,1.0,0.0,0.0,1.0,1.0,1.0,0.0
530,e54d150b34215b84,True,1.0,1.0,1.0,1.0,1.0,1.0,1.0
531,676880c7e31252c0,True,1.0,1.0,0.6056162384371381,1.0,1.0,1.0,0.8356734326821408
532,b1e1c1a12339588a,True,1.0,1.0,1.0,1.0,1.0,1.0,1.0
533,b677a8a95c395ad2,True,1.0,1.0,0.7229737167728512,1.0,1.0,1.0,0.884572381988688
534,e55fc5c3ee36528b,True,1.0,1.0,1.0,1.0,1.0,1.0,1.0
535,2d578825c3a8565f,True,0.0,1.0,0.0,0.0,1.0,0.0,0.0
536,f6b9867069845fd2,True,1.0,1.0,0.5324448200894514,1.0,1.0,1.0,0.8051853417039382
537,83d9a73b7a3650c7,True,1.0,1.0,0.8016517640516243,1.0,1.0,1.0,0.9173549016881767
538,089e8e85fb9b5f6c,True,1.0,1.0,0.6718633115643056,1.0,1.0,0.5,0.8632763798184606
539,735587b14e39568c,True,1.0,0.0,0.0,1.0,1.0,1.0,0.0
540,d6396ef1c0c55d33,True,1.0,1.0,0.8469817582634244,1.0,1.0,1.0,0.9362423992764267
541,f1d33f8016b153ef,True,1.0,1.0,1.0,1.0,1.0,1.0,1.0
542,fa545b09688957b8,True,1.0,1.0,0.886631699688842,1.0,1.0,1.0,0.9527632082036842
543,8c7e28b482935cd8,True,1.0,1.0,1.0,1.0,1.0,1.0,1.0
544,32013abf6afd5d2e,True,1.0,1.0,0.8051648281176615,1.0,1.0,1.0,0.918818678382359
545,9861c0473b505895,True,1.0,1.0,1.0,1.0,1.0,1.0,1.0
546,9baf3c1d42b25070,True,1.0,1.0,1.0,1.0,1.0,1.0,1.0
547,4f8fc653ac98588e,True,1.0,1.0,1.0,1.0,1.0,1.0,1.0
548,bcb48691833d5afe,True,1.0,1.0,0.978565961369019,1.0,1.0,1.0,0.9910691505704246
549,0769a262b53b589e,True,1.0,1.0,0.6140119222933227,1.0,1.0,1.0,0.8391716342888844
550,55bb551a2aa85849,True,1.0,1.0,0.8636150384546991,1.0,1.0,1.0,0.9431729326894579
551,6326e62f04625791,True,1.0,1.0,1.0,1.0,1.0,1.0,1.0
552,9873c047e9155996,True,1.0,1.0,0.7637702508028018,1.0,1.0,1.0,0.9015709378345007
553,006e2728d7115fa7,True,1.0,1.0,0.6600165557157321,1.0,1.0,1.0,0.8583402315482217
554,aa74d194063c5d0b,True,1.0,1.0,0.7575593313699462,1.0,1.0,1.0,0.8989830547374776
555,cd828def214c571e,True,1.0,1.0,0.8832744241464804,1.0,1.0,1.0,0.9513643433943667
556,aa1b434771cb52d0,True,1.0,1.0,0.2731680606179657,1.0,1.0,1.0,0.6971533585908191
557,358d973661955d68,True,1.0,1.0,1.0,1.0,1.0,1.0,1.0
558,ec3a67acceec55cc,True,1.0,1.0,1.0,1.0,1.0,1.0,1.0
559,b5a8b9b436b05bad,True,1.0,1.0,1.0,1.0,1.0,1.0,1.0
560,d58fe7e3c5575f27,True,1.0,1.0,1.0,1.0,1.0,1.0,1.0
561,19611832f7595b10,True,0.0,0.0,0.0,0.0,1.0,0.5,0.0
562,cd7568df56095ff2,True,1.0,1.0,1.0,1.0,1.0,1.0,1.0
563,71f883f1ec8f5e37,True,1.0,1.0,1.0,1.0,1.0,1.0,1.0
564,9940f912e66a5918,True,1.0,1.0,1.0,1.0,1.0,1.0,1.0
565,de664d2cb249576d,True,1.0,1.0,0.9004340074653927,1.0,1.0,1.0,0.9585141697772469
566,9b88dfaff2615c83,True,1.0,1.0,0.7838807867134217,1.0,1.0,1.0,0.9099503277972589
567,94c3ef5a3168570a,True,1.0,1.0,0.9678558127940067,1.0,1.0,1.0,0.9866065886641694
568,b23be6b0d9765878,True,1.0,1.0,0.8520702219255287,1.0,1.0,1.0,0.9383625924689704
569,39b4d546300958ad,True,1.0,1.0,1.0,1.0,1.0,1.0,1.0
570,d0dcc4b5cf6a53ab,True,1.0,1.0,1.0,1.0,1.0,1.0,1.0
571,03b33d7830ba522b,True,1.0,1.0,0.5766244196375179,1.0,1.0,1.0,0.8235935081822991
572,20403b65d87d5e5a,True,1.0,1.0,1.0,1.0,1.0,1.0,1.0
573,b5b7e0338624532b,True,1.0,1.0,1.0,1.0,1.0,1.0,1.0
574,614d5297c1a05a46,True,1.0,1.0,0.8742882093976851,1.0,1.0,1.0,0.9476200872490356
575,1370cea130165b51,True,1.0,1.0,1.0,1.0,1.0,1.0,1.0
576,abe4fa26de85552d,True,1.0,1.0,1.0,1.0,1.0,1.0,1.0
577,ed95bd64d5a555c8,True,1.0,1.0,0.7944483325681599,1.0,1.0,1.0,0.9143534719034
578,45d6c16000b75270,True,1.0,1.0,1.0,1.0,1.0,1.0,1.0
579,3dfa374651035868,True,1.0,1.0,1.0,1.0,1.0,1.0,1.0
580,b3b8a7989ba5519f,True,1.0,1.0,1.0,1.0,1.0,1.0,1.0
581,8d8f238bb7315004,True,1.0,1.0,0.7228430410344616,1.0,1.0,1.0,0.8845179337643589
582,9243ca15a76e552f,True,1.0,1.0,0.9045997469269125,1.0,1.0,1.0,0.9602498945528802
583,b2abc819ebf45c11,True,1.0,1.0,0.7990237466467763,1.0,1.0,1.0,0.9162598944361569
584,660e14c77a1c550b,True,1.0,1.0,0.6507231823442895,1.0,1.0,1.0,0.8544679926434539
585,9aadb4c8a77d5849,True,1.0,1.0,0.9111510637407776,1.0,1.0,1.0,0.9629796098919906
586,79a151c333745253,True,1.0,1.0,0.8316804699332404,1.0,1.0,1.0,0.9298668624721835
587,e2ae05340dba502d,True,1.0,1.0,0.5247079726449535,1.0,1.0,1.0,0.8019616552687306
588,93ff1c769e6f5507,True,1.0,1.0,0.8799950569297268,1.0,1.0,1.0,0.949997940387386
589,6c76134176255a21,True,1.0,1.0,0.8198355872401255,1.0,1.0,1.0,0.9249314946833856
590,a6c24c9ca7335016,True,1.0,1.0,1.0,1.0,1.0,1.0,1.0
591,ea789512f1be5a47,True,1.0,1.0,1.0,1.0,1.0,1.0,1.0
592,d852a7b32d6c5448,True,1.0,1.0,0.7616160780889674,0.0,1.0,1.0,0.4840066992037364
593,f9ed38d9ddfa531e,True,1.0,0.0,0.0,1.0,1.0,1.0,0.0
594,113d448b6ea8555c,True,1.0,1.0,1.0,1.0,1.0,1.0,1.0
595,260f5d5245015db6,True,1.0,1.0,1.0,1.0,1.0,1.0,1.0
596,40c06c252a275c50,True,1.0,1.0,0.6694386461485915,1.0,1.0,1.0,0.8622661025619132
597,64ee149f402a5601,True,1.0,1.0,1.0,1.0,1.0,1.0,1.0
598,a3f82403e6945aa7,True,1.0,1.0,0.9400044398271816,1.0,1.0,0.5,0.9750018499279923
599,daa3dbcfc784564c,True,1.0,1.0,0.8587255960016684,1.0,1.0,1.0,0.9411356650006951
600,208247acd8ca5e2c,True,1.0,1.0,0.17916994485655555,1.0,1.0,1.0,0.6579874770235649
601,290a914d4ef15443,True,1.0,1.0,0.8851670319108588,1.0,1.0,1.0,0.9521529299628577
602,20a6e330d8f1571b,True,1.0,1.0,1.0,1.0,1.0,0.0,1.0
603,7752ef9225b65783,True,1.0,1.0,1.0,1.0,1.0,1.0,1.0
604,359f62a656b9586d,True,1.0,1.0,0.881304805090417,1.0,1.0,1.0,0.9505436687876738
605,4e27d27410c85f81,True,1.0,1.0,0.8442021427962975,1.0,1.0,1.0,0.9350842261651239
606,f9720f622fd4511b,True,1.0,1.0,0.6619650246326375,1.0,1.0,1.0,0.8591520935969323
607,7d5f417c01fb5a87,True,1.0,1.0,0.5265922576037636,1.0,1.0,1.0,0.8027467740015681
608,02379e524f105926,True,1.0,1.0,1.0,1.0,1.0,1.0,1.0
609,54bf100910bc5b10,True,1.0,1.0,0.9689504786071762,1.0,1.0,1.0,0.9870626994196567
610,bf5be5d94ffa52f8,True,1.0,1.0,1.0,1.0,1.0,1.0,1.0
611,eb5ef679c80959fe,True,1.0,1.0,1.0,1.0,1.0,1.0,1.0
612,396a8c19c4ac58f3,True,1.0,1.0,1.0,1.0,1.0,1.0,1.0
613,1108eba0b4415340,True,1.0,1.0,0.8334784791371286,1.0,1.0,1.0,0.9306160329738035
614,1a1aa689c53951ba,True,1.0,1.0,1.0,0.0,1.0,1.0,0.5833333333333334
615,8a6717a888fe55f9,True,1.0,1.0,0.7884672499750394,1.0,1.0,1.0,0.9118613541562665
616,20ec6765e35d5cd1,True,1.0,1.0,1.0,1.0,1.0,1.0,1.0
617,a4f2f32aa59f53b9,True,1.0,1.0,0.8477920419828592,1.0,1.0,1.0,0.936580017492858
618,0b4a7c2ba59e5a8c,True,1.0,1.0,0.8410881043202443,1.0,1.0,1.0,0.9337867101334352
619,6498149e85ef5b8d,True,1.0,1.0,1.0,1.0,1.0,1.0,1.0
620,4a29aee6f5bd5073,True,1.0,1.0,0.6019157476526491,1.0,1.0,1.0,0.8341315615219371
621,6d3bb2ecca3e54b4,True,1.0,1.0,1.0,1.0,1.0,1.0,1.0
622,df2ed02abeba57fe,True,1.0,1.0,0.9957331880898382,1.0,1.0,1.0,0.9982221617040992
623,4175cdc49ec759f5,True,1.0,1.0,0.8942917066606938,1.0,1.0,1.0,0.9559548777752891
624,5099c20d468f5cf4,True,1.0,1.0,0.9778450618559358,1.0,1.0,1.0,0.9907687757733066
625,706cc8e44dbd557d,True,1.0,1.0,0.8575507339396624,1.0,1.0,1.0,0.940646139141526
626,af335d636f4c516e,True,1.0,1.0,0.9243270039609276,1.0,1.0,1.0,0.9684695849837199
627,5fd68bb785b258ef,True,0.0,1.0,0.0,0.0,1.0,1.0,0.0
628,f29d6171f46b551d,True,1.0,1.0,0.7974390695002848,1.0,1.0,1.0,0.9155996122917852
629,7fa739c174a55eaa,True,1.0,1.0,0.8341411358405965,1.0,1.0,1.0,0.9308921399335818
630,c30e5bb7e0595851,True,1.0,1.0,0.6544409256530125,1.0,1.0,1.0,0.8560170523554218
631,f750e0c7f8375bae,True,1.0,1.0,0.7143612099735323,1.0,1.0,1.0,0.8809838374889717
632,a5b6e054384c586c,True,1.0,1.0,0.5248367898940005,1.0,1.0,1.0,0.8020153291225002
633,ad0701a39edd5c5a,True,1.0,1.0,0.9203894608880948,1.0,1.0,1.0,0.9668289420367061
634,f14a3d3672035597,True,1.0,1.0,1.0,1.0,1.0,1.0,1.0
635,8b7d99b5ae2a5219,True,1.0,1.0,1.0,1.0,1.0,1.0,1.0
636,406564d5dc7358f6,True,1.0,1.0,1.0,1.0,1.0,1.0,1.0
637,21d4990a6b4f597a,True,1.0,1.0,0.7629612183861906,1.0,1.0,1.0,0.9012338409942461
638,ef4e7ef102395420,True,1.0,1.0,1.0,1.0,1.0,1.0,1.0
639,ba2973ad6189568b,True,1.0,1.0,0.8231657142770054,1.0,1.0,1.0,0.926319047615419
640,83b935eff1815935,True,1.0,1.0,0.9128824235383339,1.0,1.0,1.0,0.9637010098076392
641,35aa38c73e9251a7,True,1.0,1.0,0.9126601026200348,1.0,1.0,1.0,0.9636083760916812
642,221199c4bcef5e62,True,1.0,1.0,1.0,1.0,1.0,1.0,1.0
643,b133316a0e795993,True,1.0,1.0,0.820613443312793,1.0,1.0,1.0,0.9252556013803304
644,38d08753fa4651c2,True,0.0,1.0,0.0,0.0,1.0,1.0,0.0
645,5027a61161365407,True,1.0,1.0,0.9501246097594267,1.0,1.0,1.0,0.9792185873997612
646,0334cae9f1ef56ae,True,1.0,1.0,0.7982441252296328,1.0,1.0,1.0,0.9159350521790137
647,b58a12e346235cd0,True,1.0,0.0,0.0,1.0,1.0,1.0,0.0
648,ca85e7b7b71559b3,True,1.0,0.0,0.0,1.0,1.0,1.0,0.0
649,3c7319cc63ab58c9,True,0.0,1.0,0.0,0.0,1.0,1.0,0.0
650,a698a93fec1e57fa,True,1.0,1.0,0.6678553068402574,1.0,1.0,1.0,0.8616063778501073
651,3d0c780c0aba552e,True,1.0,1.0,1.0,1.0,1.0,1.0,1.0
652,d1ef1e42fa15573d,True,1.0,1.0,0.9372294583306131,1.0,1.0,1.0,0.9738456076377554
653,61d847c3a95f5032,True,1.0,1.0,0.8579874513975014,1.0,1.0,1.0,0.940828104748959
654,36e1ce5794595e73,True,1.0,1.0,1.0,1.0,1.0,1.0,1.0
655,30827c8c62c55b46,True,1.0,1.0,0.8006445832229009,1.0,1.0,1.0,0.916935243009542
656,fb4ac387cd285171,True,1.0,1.0,0.9627420530359172,1.0,1.0,1.0,0.9844758554316323
657,1f5144778210505c,True,1.0,1.0,1.0,1.0,1.0,1.0,1.0
658,20c8f9038443596e,True,1.0,1.0,0.8067587619172356,1.0,1.0,1.0,0.9194828174655149
659,f63a2f8e05115d52,True,1.0,1.0,1.0,1.0,1.0,1.0,1.0
660,f3a327d6e0e45d9a,True,1.0,1.0,1.0,1.0,1.0,0.0,1.0
661,f096ff143e815978,True,1.0,1.0,0.9027956374563172,1.0,1.0,1.0,0.9594981822734655
662,768ae2e06b1e5d90,True,1.0,1.0,0.8887842989567595,1.0,1.0,1.0,0.9536601245653165
663,02c8da231eb15ed2,True,1.0,1.0,1.0,1.0,1.0,1.0,1.0
664,4ad7866306895cca,True,1.0,1.0,0.6135174330299453,1.0,1.0,1.0,0.8389655970958105
665,bc667a4fc0f454d7,True,1.0,1.0,0.8795593244473782,1.0,1.0,1.0,0.9498163851864075
666,e0164d976037592c,True,1.0,1.0,0.8357455807957365,1.0,1.0,1.0,0.9315606586648902
667,ef81756601bc569f,True,1.0,1.0,1.0,1.0,1.0,1.0,1.0
668,7f2edc964c6d5323,True,1.0,1.0,0.9096003182710748,1.0,1.0,1.0,0.9623334659462811
669,2805fe41d7d9543a,True,1.0,1.0,0.7206269158609496,1.0,1.0,1.0,0.8835945482753956
670,2972c31a52275dc1,True,1.0,1.0,0.6624627018695559,1.0,1.0,1.0,0.8593594591123149
671,89e02236312d5038,True,1.0,0.0,0.0,1.0,1.0,1.0,0.0
672,69976d75e3a5521e,True,1.0,1.0,1.0,0.0,1.0,1.0,0.5833333333333334
673,4554dbd136da53b8,True,1.0,1.0,0.9588366736929073,1.0,1.0,1.0,0.9828486140387115
674,513a97511d135ebd,True,1.0,1.0,0.870400965131617,1.0,1.0,1.0,0.9460004021381737
675,159ec1accaf55d3f,True,1.0,1.0,1.0,1.0,1.0,1.0,1.0
676,0cbeffce57295a2b,True,1.0,1.0,1.0,1.0,1.0,1.0,1.0
677,0670d0c81a5550c4,True,1.0,1.0,0.8173252351210127,1.0,1.0,1.0,0.9238855146337553
678,4ae7296f92115e83,True,1.0,1.0,0.8460439769698631,1.0,1.0,1.0,0.9358516570707763
679,c239a3efe5df5739,True,1.0,1.0,0.9085072848092959,1.0,1.0,1.0,0.9618780353372066
680,cf0aec572cdd543e,True,1.0,1.0,0.9543415496222027,1.0,1.0,1.0,0.9809756456759179
681,69f50b1f6c4d5f4b,True,1.0,1.0,1.0,1.0,1.0,1.0,1.0
682,1abf52a927025259,True,1.0,0.0,0.0,1.0,1.0,1.0,0.0
683,1893fb783df95146,True,1.0,1.0,1.0,1.0,1.0,1.0,1.0
684,592f9e4317dd52e2,True,1.0,1.0,0.9663762472589297,1.0,1.0,1.0,0.985990103024554
685,d57dda19866556c3,True,1.0,1.0,0.7724727279185972,1.0,1.0,1.0,0.9051969699660821
686,4fbe9cf1d64d58ef,True,1.0,1.0,1.0,1.0,1.0,1.0,1.0
687,8676d43a96795310,True,1.0,1.0,0.8727268569838604,1.0,1.0,1.0,0.9469695237432751
688,7d70562315ff5bc1,True,1.0,1.0,1.0,1.0,1.0,1.0,1.0
689,4cdd4e33b01a52a8,True,1.0,1.0,0.8798517925254898,1.0,1.0,1.0,0.9499382468856208
690,d54e58ba5e575ac0,True,1.0,1.0,1.0,1.0,1.0,1.0,1.0
691,0c0044f312655c94,True,1.0,1.0,0.6502596742283357,1.0,1.0,1.0,0.8542748642618067
692,ba7d6b30a3a15384,True,1.0,1.0,0.7971116859650357,1.0,1.0,1.0,0.9154632024854316
693,8bb7091fe0d959fc,True,1.0,1.0,1.0,1.0,1.0,1.0,1.0
694,008144fe47ac5f74,True,1.0,1.0,0.8212747237784702,1.0,1.0,1.0,0.925531134907696
695,cc8b8b4ae726592a,True,1.0,1.0,1.0,1.0,1.0,1.0,1.0
696,bf0a29ccead65750,True,1.0,1.0,0.7218920798507499,1.0,1.0,1.0,0.8841216999378124
697,2908ea54e9955267,True,1.0,0.0,0.0,1.0,1.0,1.0,0.0
698,3d6703caa0c951a8,True,1.0,1.0,0.8961654828883845,1.0,1.0,1.0,0.9567356178701601
699,bb6cb09beb1e5e3f,True,1.0,1.0,1.0,1.0,1.0,1.0,1.0
700,0221ed2a1c495f23,True,1.0,0.0,0.0,1.0,1.0,1.0,0.0
701,449baff4aece5ab3,True,1.0,1.0,1.0,1.0,1.0,1.0,1.0
702,6c81fef5b490580a,True,1.0,1.0,0.8425602309379813,1.0,1.0,0.0,0.9344000962241589
703,cbadd750cbd6581b,True,1.0,1.0,0.7679964238527504,1.0,1.0,1.0,0.9033318432719794
704,a51ed55eaa9c54c9,True,1.0,1.0,0.8025024867419963,1.0,1.0,1.0,0.9177093694758319
705,8635c0dd984c51f3,True,1.0,1.0,1.0,1.0,1.0,1.0,1.0
706,7f0309b4cbb85029,True,1.0,1.0,0.761481542348979,1.0,1.0,1.0,0.9006173093120746
707,0994517bde3c5188,True,1.0,1.0,0.5272336483994131,1.0,1.0,1.0,0.8030140201664221
708,b5bdef8a05605164,True,1.0,1.0,0.9639368652945236,1.0,1.0,1.0,0.9849736938727182
709,7b263d7980f55503,True,1.0,1.0,0.9770199014247963,1.0,1.0,1.0,0.9904249589269986
710,ee4ca385da5d5778,True,1.0,1.0,0.7795105406564267,1.0,1.0,1.0,0.9081293919401778
711,fa937665dc4a5d08,True,1.0,1.0,1.0,1.0,1.0,1.0,1.0
712,236914bd075052ca,True,1.0,1.0,0.8087136307409467,1.0,1.0,1.0,0.920297346142061
713,8f1247f8436c5208,True,1.0,0.0,0.0,1.0,1.0,1.0,0.0
714,b4d8ee8da1c153f9,True,0.0,1.0,0.0,0.0,1.0,1.0,0.0
715,00b838c358175255,True,1.0,1.0,0.863218682864287,1.0,1.0,1.0,0.9430077845267864
716,ef7fb2d0c7bf52a4,True,1.0,1.0,0.8674475728428857,1.0,1.0,1.0,0.944769822017869
717,b462af5600bf5f88,True,1.0,1.0,1.0,1.0,1.0,1.0,1.0
718,f52211f2dec85537,True,1.0,1.0,0.9617370295510241,1.0,1.0,1.0,0.9840570956462601
719,3c90de2a12a558b2,True,1.0,1.0,0.738518901057782,1.0,1.0,1.0,0.891049542107409
720,541d2d0ac174524b,True,1.0,1.0,0.6841742043380984,1.0,1.0,1.0,0.8684059184742076
721,9e04987475e85dd5,True,1.0,1.0,0.8114815455731402,1.0,1.0,1.0,0.9214506439888085
722,c68108211dfa57e0,True,1.0,1.0,0.625835935463033,1.0,1.0,1.0,0.8440983064429304
723,c928d5d9ddc25082,True,1.0,1.0,0.06107535981460895,1.0,1.0,1.0,0.6087813999227537
724,5b78dd344203528e,True,1.0,1.0,0.6740173388583853,1.0,1.0,1.0,0.864173891190994
725,f36dbc258c8b5e17,True,1.0,1.0,1.0,1.0,1.0,1.0,1.0
726,40ce7057faae541e,True,1.0,1.0,0.8146057551559928,1.0,1.0,1.0,0.9227523979816636
727,21f55c28bb945892,True,1.0,1.0,0.6610120081865941,1.0,1.0,1.0,0.8587550034110808
728,60826aa0bcfc5225,True,1.0,0.0,0.0,1.0,1.0,0.5,0.0
729,5209e1f6a97e592a,True,1.0,1.0,0.7761203316438677,1.0,1.0,1.0,0.9067168048516115
730,163c9ec0110e5384,True,1.0,1.0,0.7101391481564355,1.0,1.0,1.0,0.8792246450651815
731,d84b338d48335e67,True,1.0,1.0,0.757914663179194,1.0,1.0,0.5,0.8991311096579975
732,78a50eb4d40e5ffa,True,1.0,1.0,0.6227250482215171,1.0,1.0,1.0,0.842802103425632
733,4efe0ad78b655ecd,True,1.0,1.0,0.5047208603022388,1.0,1.0,1.0,0.7936336917925996
734,8aa8e3e16c035d5e,True,1.0,1.0,1.0,1.0,1.0,1.0,1.0
735,4dd817ed8b515ab1,True,1.0,1.0,0.9645893420245918,1.0,1.0,1.0,0.9852455591769133
736,2087ff145dae502d,True,1.0,1.0,1.0,1.0,1.0,1.0,1.0
737,0f78ffea52a85031,True,1.0,1.0,1.0,1.0,1.0,1.0,1.0
738,2a5a7c87bce352a7,True,1.0,1.0,0.837545060896099,1.0,1.0,1.0,0.9323104420400412
739,a4f4a240e54e56b2,True,1.0,0.0,0.0,1.0,1.0,1.0,0.0
740,49bdbf5ee25c5024,True,1.0,1.0,0.7641074432508896,1.0,1.0,1.0,0.9017114346878706
741,4711d15a356a54e9,True,1.0,1.0,1.0,1.0,1.0,1.0,1.0
742,4300f964edbd5ce4,True,1.0,1.0,1.0,1.0,1.0,1.0,1.0
743,431840d399445a32,True,1.0,1.0,0.7722010116182689,1.0,1.0,1.0,0.9050837548409453
744,96eed7e55d4c5f8b,True,1.0,1.0,0.8345420473919207,1.0,1.0,1.0,0.9310591864133002
745,c2ce362b9cf95fee,True,1.0,1.0,0.6860009323213373,1.0,1.0,1.0,0.8691670551338905
746,5d5d1442b83d5c5c,True,1.0,1.0,0.6966966785665281,1.0,1.0,1.0,0.8736236160693868
747,c2116c7a0b15556d,True,1.0,1.0,0.8962131898756405,1.0,1.0,1.0,0.9567554957815169
748,1ea920764abe5dcb,True,1.0,1.0,0.7680290917737104,1.0,1.0,1.0,0.9033454549057126
749,31222d2fc6f95e0d,True,1.0,1.0,0.9859412946999886,1.0,1.0,1.0,0.9941422061249953
750,faf6d9be89f0538c,True,1.0,1.0,0.7726429758640937,1.0,1.0,1.0,0.905267906610039
751,610271d0c1515c8c,True,1.0,1.0,0.777521114351553,1.0,1.0,1.0,0.9073004643131471
752,1f2bbc5cb66b523a,True,1.0,1.0,0.8700824656084014,1.0,1.0,1.0,0.9458676940035007
753,4acd373578e357d1,True,1.0,1.0,0.6258419071969193,1.0,1.0,1.0,0.844100794665383
754,55e018d3bd3d5abc,True,1.0,1.0,0.9465914811599644,1.0,1.0,1.0,0.9777464504833185
755,2313aa310e16503d,True,1.0,1.0,1.0,1.0,1.0,1.0,1.0
756,d83c3b7416f3577e,True,1.0,1.0,0.8474200751109895,1.0,1.0,1.0,0.9364250312962455
757,12d426c6727d507a,True,1.0,1.0,0.7333395941922679,1.0,1.0,1.0,0.8888914975801115
758,81d893bd99de519b,True,1.0,0.0,0.0,1.0,1.0,1.0,0.0
759,2ec48f094e475d85,True,1.0,1.0,1.0,1.0,1.0,1.0,1.0
760,2a68e10c7d305af4,True,1.0,1.0,0.9628794020121332,1.0,1.0,1.0,0.9845330841717223
761,595596a88cce5c9d,True,1.0,1.0,0.7843919381345362,1.0,1.0,1.0,0.9101633075560568
762,7a90cd45ef505058,True,1.0,1.0,1.0,1.0,1.0,1.0,1.0
763,f40843145ae35cd8,True,1.0,1.0,0.6245534638954869,1.0,1.0,1.0,0.8435639432897862
764,4f5e535c78385629,True,1.0,1.0,1.0,1.0,1.0,1.0,1.0
765,a2ed8d7503b85e2d,True,1.0,1.0,0.8941804906601437,1.0,1.0,1.0,0.9559085377750599
766,e0e85d4fc9545225,True,1.0,1.0,0.6101324861439319,1.0,1.0,1.0,0.8375552025599716
767,ca4f746c0a4f5396,True,1.0,1.0,0.7053252292104136,1.0,1.0,1.0,0.877218845504339
768,2919cd502115582a,True,1.0,1.0,1.0,1.0,1.0,1.0,1.0
769,6bd5888420e851a1,True,1.0,1.0,1.0,1.0,1.0,1.0,1.0
770,b0b25b314843551d,True,1.0,1.0,1.0,1.0,1.0,1.0,1.0
771,699a6c3e2fc4597e,True,1.0,1.0,0.8492282459970263,1.0,1.0,1.0,0.9371784358320943
772,5fb039973cf85b11,True,1.0,1.0,0.9035337797410776,1.0,1.0,1.0,0.9598057415587823
773,535e19c081ec5c28,True,1.0,1.0,0.8869533251570185,1.0,1.0,1.0,0.9528972188154244
774,cdfc50d75d0c56df,True,1.0,1.0,1.0,1.0,1.0,1.0,1.0
775,9d87610ffed85509,True,1.0,1.0,0.953809768378297,1.0,1.0,1.0,0.9807540701576238
776,222a07b15e165f6f,True,1.0,1.0,1.0,1.0,1.0,1.0,1.0
777,b5ee0c4a00765073,True,1.0,1.0,0.8584374823001116,1.0,1.0,1.0,0.9410156176250465
778,b24954d56c155570,True,1.0,1.0,1.0,1.0,1.0,1.0,1.0
779,09babda49aa659a1,True,1.0,1.0,1.0,1.0,1.0,1.0,1.0
780,e5bb04b7c6695184,True,1.0,1.0,1.0,1.0,1.0,1.0,1.0
781,00eb3a4e0f8052e9,True,1.0,1.0,0.7921790576286849,1.0,1.0,1.0,0.9134079406786187
782,777c2c183e49504e,True,1.0,1.0,0.9800586611572625,1.0,1.0,1.0,0.9916911088155261
783,5233faf7f9935f97,True,1.0,1.0,0.8128870970018548,1.0,1.0,1.0,0.9220362904174394
784,661d0a5bf2735f03,True,1.0,1.0,0.871606581442315,1.0,1.0,1.0,0.9465027422676312
785,1e6597b57a335949,True,1.0,1.0,1.0,1.0,1.0,1.0,1.0
786,d532c0b3a43a52dc,True,1.0,1.0,0.9183551326915528,1.0,1.0,1.0,0.965981305288147
787,73939fc4dcdf57c4,True,1.0,1.0,1.0,0.0,1.0,1.0,0.5833333333333334
788,580004d79c9b53b8,True,1.0,1.0,0.845317989726772,1.0,1.0,1.0,0.935549162386155
789,e4c83b8feafe5cb4,True,1.0,1.0,0.8785485163787928,1.0,1.0,1.0,0.9493952151578303
790,797606b9788852f2,True,1.0,1.0,1.0,1.0,1.0,1.0,1.0
791,3e44ba1b6a675c54,True,1.0,1.0,0.711916120349036,1.0,1.0,1.0,0.8799650501454317
792,1a5f614c9b815e92,True,1.0,1.0,1.0,1.0,1.0,1.0,1.0
793,e27b4628314951bb,True,1.0,1.0,0.7852850908719166,1.0,1.0,1.0,0.9105354545299652
794,2e2cc58c9aa450e7,True,1.0,1.0,0.7264846352618652,1.0,1.0,1.0,0.886035264692444
795,9897a102ee075dee,True,1.0,1.0,0.7805555506728632,1.0,1.0,1.0,0.9085648127803596
796,331a4a4334df5c34,True,1.0,1.0,0.6351021260758506,1.0,1.0,1.0,0.8479592191982711
797,61d7fbf592275c75,True,1.0,1.0,0.693527369183701,1.0,1.0,1.0,0.8723030704932088
798,d9435ec2640f586f,True,1.0,0.0,0.0,1.0,1.0,1.0,0.0
799,f77c053616475084,True,1.0,1.0,0.6329465469577623,1.0,1.0,1.0,0.847061061232401
800,782f0fff66145718,True,1.0,1.0,0.9827933912839573,1.0,1.0,1.0,0.9928305797016489
801,bf4fdfa51e215217,True,1.0,1.0,0.8413699604884259,1.0,1.0,1.0,0.9339041502035107
802,e6ff5e16c5f25533,True,1.0,1.0,0.9195186409271254,1.0,1.0,1.0,0.9664661003863023
803,8b1193abd0b75de0,True,1.0,1.0,0.9975813163313805,0.0,1.0,1.0,0.5823255484714086
804,e2e2578cd6b6505f,True,1.0,1.0,0.6820906609169453,1.0,1.0,1.0,0.8675377753820604
805,2243d4e976fb5b77,True,1.0,1.0,1.0,1.0,1.0,1.0,1.0
806,5ae0b5e6a95f5335,True,1.0,1.0,1.0,1.0,1.0,1.0,1.0
807,1a775d7198a654e0,True,1.0,1.0,0.822082207475149,1.0,1.0,1.0,0.9258675864479787
808,02325da26296565c,True,1.0,1.0,1.0,1.0,1.0,1.0,1.0
809,d5f845d28a5e513f,True,1.0,1.0,0.7849307150937344,1.0,1.0,1.0,0.9103877979557226
810,eb2304df049d5ce3,True,1.0,1.0,0.9948026792250914,1.0,1.0,1.0,0.9978344496771214
811,eec0bc4e1b185d67,True,1.0,1.0,0.9674500869285159,1.0,1.0,1.0,0.9864375362202149
812,402ec186b8ea545e,True,1.0,1.0,0.9723168297762045,1.0,1.0,1.0,0.9884653457400852
813,b3f47592bf415aa3,True,1.0,1.0,0.7882115736768093,1.0,1.0,1.0,0.9117548223653372
814,dcd5dc3f53d9533f,True,1.0,1.0,1.0,1.0,1.0,0.5,1.0
815,125839faad9a5f7d,True,1.0,1.0,1.0,1.0,1.0,1.0,1.0
816,65caa24efb4556af,True,1.0,1.0,0.6189801263017415,1.0,1.0,1.0,0.8412417192923923
817,e29b049a9bf3509c,True,1.0,1.0,1.0,1.0,1.0,1.0,1.0
818,03269d4ad9e45809,True,1.0,0.0,0.0,1.0,1.0,0.5,0.0
819,535d4220196452ed,True,1.0,1.0,1.0,1.0,1.0,1.0,1.0
820,20ffc5c3de7c591a,True,1.0,1.0,0.7005374892864967,1.0,1.0,1.0,0.8752239538693737
821,f1ceb70bd72a5048,True,1.0,1.0,0.5125196229682505,1.0,1.0,1.0,0.7968831762367711
822,028613e11f415422,True,1.0,1.0,0.8886401686097416,1.0,1.0,1.0,0.9536000702540589
823,7eab8efaacef55bb,True,1.0,1.0,1.0,1.0,1.0,1.0,1.0
824,d5ea47f2ec1550b2,True,1.0,1.0,0.9523456440568997,1.0,1.0,1.0,0.9801440183570417
825,1b3ed6f1e9b8574d,True,1.0,1.0,0.5494596869875267,1.0,1.0,1.0,0.8122748695781361
826,c763328b4b3855b6,True,1.0,1.0,0.9734813463039174,1.0,1.0,1.0,0.9889505609599656
827,c12b3554dcd655c0,True,1.0,1.0,0.8973723014970267,1.0,1.0,1.0,0.9572384589570945
828,d1af94a471135add,True,1.0,1.0,0.8688631481331902,1.0,1.0,1.0,0.945359645055496
829,3f3d9b32f2fa53ef,True,1.0,1.0,1.0,1.0,1.0,1.0,1.0
830,0db4879927b35dc0,True,1.0,1.0,0.9153005666576577,1.0,1.0,1.0,0.9647085694406906
831,4a7fd1bd37ed5463,True,1.0,1.0,0.7289485926060669,1.0,1.0,1.0,0.8870619135858613
832,75f91ced021c543e,True,1.0,1.0,1.0,1.0,1.0,1.0,1.0
833,5c55fbcddea45f87,True,1.0,1.0,0.5227814888472708,1.0,1.0,1.0,0.8011589536863628
834,6d088615a8c05649,True,1.0,1.0,0.6968354742499511,1.0,1.0,1.0,0.8736814476041462
835,b47df4a21c515394,True,1.0,1.0,0.6812166225449096,1.0,1.0,1.0,0.8671735927270458
836,056c6ca971b355b4,True,1.0,1.0,0.7694166971588741,1.0,1.0,1.0,0.9039236238161976
837,8d7e4421c3e45c99,True,1.0,1.0,0.7802750242281009,1.0,1.0,1.0,0.9084479267617086
838,a5f5f03bc998578d,True,1.0,1.0,0.8992506438992859,1.0,1.0,1.0,0.9580211016247024
839,24e453c47f635ae2,True,1.0,1.0,0.7380526729800331,1.0,1.0,1.0,0.890855280408347
840,64b99da814205341,True,1.0,1.0,0.8519636506744807,1.0,1.0,1.0,0.9383181877810336
841,8d06ea883e7853a9,True,1.0,1.0,0.7737517978472069,1.0,1.0,1.0,0.9057299157696695
842,cbdda157b6705786,True,1.0,1.0,0.6558276653095062,1.0,1.0,1.0,0.8565948605456276
843,81286af2aa9c5e17,True,1.0,1.0,0.5075629541273585,1.0,1.0,1.0,0.7948178975530661
844,fa919203c245502d,True,1.0,1.0,0.8126926117195195,1.0,1.0,1.0,0.9219552548831332
845,b691d77ef9ff5d5e,True,1.0,1.0,1.0,1.0,1.0,1.0,1.0
846,6916caadd44a5806,True,1.0,1.0,0.7927642648943314,0.0,1.0,1.0,0.4969851103726381
847,7f1f382094685881,True,1.0,1.0,0.8849419901159727,1.0,1.0,1.0,0.952059162548322
848,24edcd5e5b7f546a,True,1.0,1.0,0.9435129862273771,1.0,1.0,1.0,0.976463744261407
849,df2b37f4a1b85a4e,True,1.0,1.0,0.8777534571532652,1.0,1.0,1.0,0.9490639404805271
850,d496c44726c35e33,True,1.0,1.0,1.0,1.0,1.0,1.0,1.0
851,0ef7ecd9c0035467,True,1.0,1.0,0.7936525968509249,1.0,1.0,1.0,0.9140219153545521
852,dd9b1479609c5c59,True,1.0,0.0,0.0,1.0,1.0,1.0,0.0
853,01e6276eff385ea8,True,1.0,1.0,0.6530464685850386,1.0,1.0,1.0,0.8554360285770994
854,5bb6cc197a7455e4,True,1.0,1.0,1.0,1.0,1.0,1.0,1.0
855,54ab49005da25b3e,True,1.0,1.0,0.5932594528628261,1.0,1.0,1.0,0.8305247720261776
856,5757a661eb0f54d2,True,1.0,1.0,1.0,1.0,1.0,1.0,1.0
857,ac28e0768c6a5821,True,1.0,1.0,1.0,1.0,1.0,1.0,1.0
858,9184d994aedd50b1,True,1.0,1.0,0.5718852447776589,1.0,1.0,1.0,0.8216188519906913
859,9d74f6f9b0a25c90,True,0.0,1.0,0.0,0.0,1.0,1.0,0.0
860,6477d5ad590955ba,True,1.0,1.0,0.9165141590944703,1.0,1.0,1.0,0.9652142329560293
861,4b58ef9360555bac,True,0.0,1.0,0.0,0.0,1.0,1.0,0.0
862,6e49f2f1c4e456f1,True,1.0,1.0,0.6468053547213047,1.0,1.0,1.0,0.8528355644672102
863,f3f9f7a6f8f15f49,True,1.0,1.0,1.0,1.0,1.0,1.0,1.0
864,dd1ab5d48c6358ef,True,1.0,1.0,0.7822589975821389,1.0,1.0,1.0,0.9092745823258911
865,35fa5481e4de5703,True,1.0,1.0,0.8094161661695342,1.0,1.0,1.0,0.9205900692373059
866,81f49ac925aa5781,True,1.0,1.0,1.0,1.0,1.0,1.0,1.0
867,ccd53fdd1b6e51b8,True,1.0,1.0,0.6436069013495352,1.0,1.0,1.0,0.8515028755623063
868,73c6bf15d3cc58e4,True,1.0,1.0,0.7850867487920544,1.0,1.0,1.0,0.9104528119966894
869,ac73220f793d522e,True,1.0,1.0,0.8489014439751146,1.0,1.0,1.0,0.9370422683229643
870,553c80b72cdc5c04,True,1.0,1.0,0.8639594371683522,1.0,1.0,1.0,0.94331643215348
871,8872d388cf435f07,True,1.0,1.0,1.0,1.0,1.0,1.0,1.0
872,169528411ca85ba4,True,1.0,1.0,0.9243571393654009,1.0,1.0,1.0,0.9684821414022503
873,47e0ff3bc36a5f69,True,1.0,1.0,0.8059716379705582,1.0,1.0,1.0,0.9191548491543992
874,ea91c9a3a75f514c,True,1.0,1.0,0.7924189722705487,1.0,1.0,1.0,0.9135079051127285
875,9900336c08095d0f,True,1.0,1.0,0.7501346785813912,1.0,1.0,0.5,0.895889449408913
876,de64687e89f25285,True,1.0,0.0,0.0,1.0,1.0,1.0,0.0
877,f51a75fadd695f06,True,1.0,1.0,0.7136686034864577,1.0,1.0,1.0,0.8806952514526906
878,4b55193d36c35e4a,True,1.0,1.0,1.0,0.0,1.0,0.0,0.5833333333333334
879,bd4dac2ccde55c08,True,1.0,1.0,0.8276824293158013,1.0,1.0,1.0,0.9282010122149172
880,ff83944cb2845479,True,1.0,1.0,0.9515318510938454,1.0,1.0,1.0,0.9798049379557691
881,fe4b2cf4e9ad5b37,True,1.0,1.0,0.9747610523838365,1.0,1.0,1.0,0.9894837718265985
882,70f3a3d098bf5381,True,1.0,1.0,1.0,1.0,1.0,1.0,1.0
883,26e8589d8c485726,True,1.0,1.0,0.9039657664647816,1.0,1.0,1.0,0.9599857360269923
884,2376e90f1bf85c50,True,1.0,1.0,0.9134064058439174,1.0,1.0,1.0,0.9639193357682988
885,68188bae28595f7c,True,1.0,1.0,1.0,1.0,1.0,1.0,1.0
886,e76e7c89a8935276,True,1.0,1.0,0.8560912110072081,1.0,1.0,1.0,0.9400380045863367
887,69ddc43178e9572a,True,1.0,1.0,1.0,1.0,1.0,1.0,1.0
888,355dadd64723531e,True,1.0,1.0,0.9371845810739428,1.0,1.0,1.0,0.9738269087808096
889,deae4b3cac52513c,True,1.0,1.0,0.8572826352955986,1.0,1.0,1.0,0.9405344313731661
890,f94a9ce36b8e5516,True,1.0,1.0,1.0,1.0,1.0,1.0,1.0
891,74707039ce5550d1,True,1.0,1.0,0.7711118564579137,1.0,1.0,1.0,0.9046299401907975
892,3ce814811e5252dc,True,1.0,1.0,0.9654611386157539,1.0,1.0,1.0,0.9856088077565642
893,e2080118123b5cc8,True,1.0,1.0,0.7999758076294597,1.0,1.0,1.0,0.9166565865122749
894,ca58b2e039305479,True,1.0,0.0,0.0,1.0,1.0,1.0,0.0
895,4ac092ec1bee5e7a,True,1.0,1.0,1.0,1.0,1.0,1.0,1.0
896,71629f355b5e5b19,True,1.0,0.0,0.0,1.0,1.0,1.0,0.0
897,a3f2ea7187975b13,True,1.0,1.0,1.0,1.0,1.0,1.0,1.0
898,f5a9eba40a9055f3,True,1.0,1.0,1.0,1.0,1.0,1.0,1.0
899,be027cd33b835419,True,1.0,1.0,0.8531734862611772,1.0,1.0,1.0,0.9388222859421571
900,808e5edcddce51c3,True,1.0,1.0,0.9443031364456047,1.0,1.0,1.0,0.976792973519002
901,557690c1c31357b1,True,1.0,1.0,0.9319527430718608,1.0,1.0,1.0,0.971646976279942
902,7caa2336614b5ad3,True,1.0,1.0,0.9645880033958079,1.0,1.0,1.0,0.98524500141492
903,c5b585ddf50d5f1f,True,1.0,1.0,1.0,1.0,1.0,1.0,1.0
904,6e59104beb995339,True,1.0,1.0,0.79502959244126,1.0,1.0,1.0,0.9145956635171917
905,f6038d685a4d55b4,True,1.0,1.0,1.0,1.0,1.0,0.5,1.0
906,654f6079561e5cdb,True,1.0,1.0,0.9888770757664664,1.0,1.0,1.0,0.9953654482360278
907,53414ba6577d5923,True,1.0,1.0,0.7136745737595722,1.0,1.0,1.0,0.8806977390664885
908,680f4753a59c5a24,True,0.0,1.0,0.0,0.0,1.0,1.0,0.0
909,a58d5374dae0552a,True,1.0,1.0,0.7626072909355873,1.0,1.0,1.0,0.9010863712231614
910,82c913dd14e05a84,True,1.0,1.0,1.0,1.0,1.0,1.0,1.0
911,1809a28a46465129,True,1.0,1.0,1.0,1.0,1.0,1.0,1.0
912,13e6cd945bf95a1f,True,1.0,1.0,0.6862406940027616,1.0,1.0,1.0,0.869266955834484
913,8781cde1032354cb,True,1.0,1.0,1.0,1.0,1.0,1.0,1.0
914,40c083a3c4ff5b45,True,1.0,0.0,0.0,0.0,1.0,1.0,0.0
915,fbf2eaa61abb5a2f,True,1.0,1.0,0.9346428861749874,1.0,1.0,1.0,0.9727678692395781
916,79c024b87e175129,True,1.0,1.0,0.9804923076118013,1.0,1.0,1.0,0.9918717948382505
917,cdae0433bb5d5b9e,True,1.0,1.0,1.0,1.0,1.0,1.0,1.0
918,afe269451bc757e1,True,1.0,1.0,0.5954659989257637,1.0,1.0,1.0,0.8314441662190681
919,7b7ce3374d1e51dc,True,1.0,1.0,1.0,1.0,1.0,1.0,1.0
920,60991b5c52d85113,True,1.0,1.0,1.0,1.0,1.0,1.0,1.0
921,e90b4ad6e7905adf,True,1.0,1.0,0.7928550618144266,1.0,1.0,1.0,0.9136896090893444
922,8af2a66435ea565a,True,1.0,1.0,0.9403295621346954,1.0,1.0,1.0,0.9751373175561232
923,866fab78f1da518b,True,1.0,1.0,1.0,1.0,1.0,1.0,1.0
924,86e394f2cb345082,True,1.0,1.0,1.0,1.0,1.0,1.0,1.0
925,9326163d4c9c5d16,True,1.0,1.0,0.8780871536678697,1.0,1.0,0.0,0.9492029806949457
926,1eb474de58ca5d6f,True,1.0,1.0,0.9296773278795911,1.0,1.0,1.0,0.9706988866164963
927,61573a0820cc553a,True,1.0,1.0,0.6614048603964661,1.0,1.0,1.0,0.8589186918318609
928,c73914d4fedc513f,True,1.0,1.0,0.8550426481556546,1.0,1.0,1.0,0.9396011033981894
929,026e7b1e0e335625,True,1.0,1.0,1.0,1.0,1.0,1.0,1.0
930,89ae8d041c145f8f,True,1.0,1.0,1.0,1.0,1.0,1.0,1.0
931,f15b772180455c2f,True,1.0,1.0,0.7407831004250408,1.0,1.0,1.0,0.8919929585104337
932,feb90d2112ec57cf,True,1.0,1.0,0.7986913625101963,1.0,1.0,1.0,0.9161214010459151
933,f0cdcc3967335c01,True,1.0,1.0,1.0,1.0,1.0,1.0,1.0
934,a7705685069f5979,True,1.0,1.0,0.9291698547050181,1.0,1.0,1.0,0.9704874394604243
935,154d0d1b363f5501,True,1.0,1.0,1.0,1.0,1.0,1.0,1.0
936,f2dd261c41755967,True,1.0,1.0,0.8019125489213248,1.0,1.0,1.0,0.917463562050552
937,b2e27f20100b54ba,True,1.0,1.0,1.0,1.0,1.0,1.0,1.0
938,a312f24a197d530c,True,1.0,1.0,0.8797113139361251,1.0,1.0,1.0,0.9498797141400521
939,71ed3e4fcadc5322,True,1.0,1.0,0.7700725091289269,1.0,1.0,1.0,0.9041968788037195
940,c9459a7641335bba,True,1.0,1.0,0.9855580257882968,1.0,1.0,1.0,0.9939825107451238
941,87423b239de058c9,True,1.0,1.0,0.8659491184960262,1.0,1.0,1.0,0.9441454660400108
942,159972aee8265c33,True,0.0,0.0,0.0,0.0,1.0,0.5,0.0
943,ad8e3279524854c3,True,1.0,1.0,0.8640784492210526,1.0,1.0,1.0,0.943366020508772
944,14b25ce243865457,True,1.0,1.0,0.9440085363738941,1.0,1.0,1.0,0.9766702234891226
945,12177b43d67d51a7,True,1.0,1.0,1.0,1.0,1.0,1.0,1.0
946,bd70654aee0f54a6,True,1.0,1.0,1.0,1.0,1.0,1.0,1.0
947,8f41958d23a65c48,True,1.0,0.0,0.0,1.0,1.0,0.0,0.0
948,283f39e817575b93,True,1.0,1.0,0.7040743079621975,1.0,1.0,0.5,0.8766976283175824
949,6f0e15842e1b5924,True,1.0,1.0,0.7801361511851135,1.0,1.0,1.0,0.9083900629937972
950,bb249c2d0c8a568c,True,1.0,1.0,0.8558376510897088,1.0,1.0,1.0,0.939932354620712
951,6828c3caaaca56e1,True,1.0,1.0,0.8124823974091353,1.0,1.0,0.0,0.9218676655871397
952,b22ea864484d514f,True,1.0,1.0,1.0,1.0,1.0,1.0,1.0
953,7c62648ff8a25812,True,1.0,1.0,0.8712498749609908,1.0,1.0,1.0,0.9463541145670794
954,4827434c5d3659cd,True,1.0,1.0,1.0,1.0,1.0,1.0,1.0
955,9104884bcb915c08,True,1.0,1.0,0.9093893668511007,1.0,1.0,1.0,0.962245569521292
956,0f83bb5cecbe56df,True,1.0,1.0,0.8088043316339918,1.0,1.0,1.0,0.92033513818083
957,1935e5d682ff5981,True,1.0,1.0,0.8492752725074348,1.0,1.0,1.0,0.9371980302114311
958,46c8d578ddb55784,True,1.0,0.0,0.0,1.0,1.0,1.0,0.0
959,3e053f89d1c55a7e,True,1.0,1.0,0.8779709152649267,1.0,1.0,1.0,0.9491545480270528
960,ae3496e6ce435e73,True,1.0,1.0,1.0,0.0,1.0,1.0,0.5833333333333334
961,fe71d216396c5ab3,True,1.0,1.0,1.0,1.0,1.0,1.0,1.0
962,67c2aef1f35a523e,True,1.0,1.0,1.0,1.0,1.0,1.0,1.0
963,291d82d04ec359e0,True,1.0,1.0,0.7499189015404895,1.0,1.0,1.0,0.8957995423085373
964,116aacf9868e5e4e,True,1.0,1.0,0.9110940222455528,1.0,1.0,1.0,0.9629558426023137
965,c9968e9ec0135b9d,True,1.0,1.0,1.0,1.0,1.0,1.0,1.0
966,0f622aef14545f59,True,1.0,1.0,0.8318767159475495,1.0,1.0,1.0,0.9299486316448123
967,1b3ae7a2d38d5c6c,True,1.0,1.0,0.8229633481802651,1.0,1.0,1.0,0.9262347284084438
968,b95ff3bc9cf45e47,True,1.0,1.0,0.7230043089386191,1.0,1.0,1.0,0.8845851287244247
969,9cb247f1ef445fb9,True,1.0,1.0,0.9009805352976309,1.0,1.0,1.0,0.9587418897073462
970,3ef30aa787de56fa,True,1.0,1.0,1.0,1.0,1.0,1.0,1.0
971,e3ef42c62ba2595b,True,1.0,1.0,1.0,1.0,1.0,1.0,1.0
972,c86e7d3c0dfb57bd,True,1.0,0.0,0.0,1.0,1.0,1.0,0.0
973,ec60244b07ad5466,True,1.0,1.0,1.0,1.0,1.0,1.0,1.0
974,5a8a6c9d92935076,True,1.0,0.0,0.0,1.0,1.0,1.0,0.0
975,de0726643f515304,True,1.0,1.0,0.8139255072118781,1.0,1.0,1.0,0.9224689613382825
976,2ee0fbae6edc5e0d,True,1.0,1.0,1.0,1.0,1.0,1.0,1.0
977,77f45b5536f854bf,True,1.0,1.0,1.0,1.0,1.0,1.0,1.0
978,094551eaba7351f5,True,1.0,1.0,0.9280099079944985,1.0,1.0,1.0,0.9700041283310409
979,569f53e485335820,True,1.0,1.0,1.0,1.0,1.0,1.0,1.0
980,317f5b44a4615e30,True,1.0,1.0,0.9694537405205709,1.0,1.0,1.0,0.9872723918835712
981,0feb5eb464bc52b0,True,1.0,1.0,0.8956878080821906,1.0,1.0,1.0,0.9565365867009127
982,1862fb50f5b0518a,True,1.0,1.0,0.9469081201418494,1.0,1.0,1.0,0.9778783833924373
983,5517642e588e59d0,True,1.0,1.0,0.622448772850845,1.0,1.0,1.0,0.8426869886878521
984,650d84864184549e,True,1.0,1.0,0.790356250651985,1.0,1.0,1.0,0.9126484377716605
985,dd2b5010e1d25d72,True,1.0,1.0,0.8732747618604753,1.0,1.0,1.0,0.9471978174418648
986,27b5c3ce868856a2,True,1.0,1.0,0.8978852682310381,1.0,1.0,1.0,0.9574521950962659
987,8237f47b224952b4,True,1.0,0.0,0.0,1.0,1.0,1.0,0.0
988,4126aeb4289c593c,True,1.0,1.0,1.0,1.0,1.0,1.0,1.0
989,a15ed2f3e39c5c0d,True,1.0,1.0,1.0,1.0,1.0,1.0,1.0
990,755461a5329554de,True,1.0,1.0,0.8641727754322699,1.0,1.0,1.0,0.943405323096779
991,76e0272a57f55674,True,1.0,1.0,0.7674656965168495,1.0,1.0,1.0,0.9031107068820207
992,71246cbb6de459d6,True,1.0,1.0,0.8582249044589975,1.0,1.0,1.0,0.9409270435245823
993,1c3c37eeacd15c92,True,1.0,1.0,0.7772592026546425,1.0,1.0,1.0,0.9071913344394344
994,9b7ffde4ab9c53a5,True,1.0,1.0,1.0,1.0,1.0,1.0,1.0
995,aa4897ec11395ec8,True,1.0,1.0,0.8859907895779441,1.0,1.0,1.0,0.9524961623241435
996,6074e965781b510e,True,1.0,1.0,1.0,1.0,1.0,1.0,1.0
997,16d3bf2e9bf75eb4,True,1.0,0.0,0.0,1.0,1.0,1.0,0.0
998,06279fdb46815c6c,True,1.0,1.0,1.0,1.0,1.0,0.5,1.0
999,774006a654915196,True,1.0,1.0,0.7613927900007688,1.0,1.0,1.0,0.900580329166987
1000,30b35ae958ee5bae,True,1.0,1.0,0.816856924945604,1.0,1.0,1.0,0.9236903853940017
1001,66cd30f395c45537,True,1.0,1.0,0.7477947669583642,1.0,1.0,1.0,0.8949144862326518
1002,e36edd3aedf05e30,True,1.0,1.0,0.7329989155190312,1.0,1.0,1.0,0.8887495481329296
1003,6370add5182e51b7,True,1.0,1.0,1.0,1.0,1.0,1.0,1.0
1004,b04064e074f55bb0,True,1.0,1.0,0.681427150408772,1.0,1.0,1.0,0.8672613126703217
1005,4f8d9bfa869553bb,True,1.0,1.0,1.0,1.0,1.0,1.0,1.0
1006,3789d42ea83f569d,True,1.0,1.0,0.6424012907587847,1.0,1.0,1.0,0.8510005378161604
1007,5f4ad64db9ac5419,True,1.0,1.0,1.0,1.0,1.0,1.0,1.0
1008,6d72d039fb9a551b,True,1.0,1.0,0.6340776980819267,1.0,1.0,1.0,0.8475323742008029
1009,8a4a0c6823cd5e33,True,1.0,1.0,0.9375461103820631,1.0,1.0,1.0,0.9739775459925264
1010,4b721ff0b7025f21,True,1.0,1.0,1.0,0.0,1.0,1.0,0.5833333333333334
1011,72808a9b1e7f5f15,True,1.0,1.0,1.0,1.0,1.0,1.0,1.0
1012,0ed2cf016ddc5f90,True,0.0,1.0,0.0,0.0,1.0,1.0,0.0
1013,88454b0190ff551f,True,1.0,1.0,1.0,1.0,1.0,1.0,1.0
1014,67d74f48ba2a548e,True,1.0,1.0,0.9440255695528939,1.0,1.0,1.0,0.9766773206470392
1015,ae878998fecb50a5,True,1.0,1.0,0.6314933886893254,1.0,1.0,1.0,0.8464555786205522
1016,eab63019e1825aea,True,1.0,1.0,1.0,1.0,1.0,1.0,1.0
1017,c90097f9ce775eab,True,1.0,1.0,0.6638109727923893,1.0,1.0,1.0,0.8599212386634956
1018,b30e51044c885122,True,1.0,1.0,1.0,1.0,1.0,1.0,1.0
1019,4dd55e4b78955eca,True,1.0,1.0,0.9939247589045018,1.0,1.0,1.0,0.9974686495435424
1020,bc63d7f1ab7759ee,True,1.0,1.0,0.9256195240939371,1.0,1.0,1.0,0.9690081350391404
1021,d3d9e16508ae5756,True,1.0,0.0,0.0,1.0,1.0,1.0,0.0
1022,659d1e0ce6cd5c97,True,1.0,1.0,0.9398571649651776,1.0,1.0,1.0,0.9749404854021574
1023,bc3d973c3543556c,True,1.0,1.0,0.8166618597236743,1.0,1.0,1.0,0.9236091082181975
1024,94e8a92d53635c38,True,1.0,1.0,1.0,1.0,1.0,1.0,1.0
1025,355835bced0c591f,True,1.0,0.0,0.0,1.0,1.0,1.0,0.0
1026,d719f6e5de715f5a,True,1.0,1.0,1.0,1.0,1.0,1.0,1.0
1027,fd63045289ac5df7,True,1.0,1.0,1.0,1.0,1.0,1.0,1.0
1028,324b5f24fb0c5f3f,True,1.0,1.0,0.791732624701466,1.0,1.0,1.0,0.9132219269589442
1029,2b5dabfa534156c0,True,1.0,1.0,0.8558075151259236,1.0,1.0,1.0,0.9399197979691348
1030,b0070f55eda95848,True,1.0,1.0,0.9424900344183295,1.0,1.0,1.0,0.9760375143409705
1031,5f548f26b9a7572f,True,1.0,1.0,1.0,1.0,1.0,1.0,1.0
1032,56587c89d25856b7,True,1.0,1.0,0.901302295193592,1.0,1.0,1.0,0.9588759563306634
1033,c404e4b4b7a455d3,True,1.0,1.0,1.0,1.0,1.0,1.0,1.0
1034,e26d616b5c4b5642,True,0.0,1.0,0.0,1.0,1.0,1.0,0.0
1035,4faa4706a50958e2,True,1.0,1.0,0.6169240549608985,1.0,1.0,1.0,0.8403850229003744
1036,0093ff0188ea5b90,True,1.0,1.0,1.0,1.0,1.0,1.0,1.0
1037,a9c9765a005351b9,True,1.0,1.0,1.0,0.0,1.0,1.0,0.5833333333333334
1038,5624b4732b135079,True,1.0,1.0,0.706007419248748,1.0,1.0,1.0,0.877503091353645
1039,6012210b020c53a9,True,1.0,1.0,0.8324302653138064,1.0,1.0,0.5,0.9301792772140859
1040,45408d0676b7570c,True,1.0,1.0,0.8524820987639536,1.0,1.0,1.0,0.938534207818314
1041,d243aa8117495932,True,1.0,1.0,1.0,1.0,1.0,1.0,1.0
1042,13848a5be84f5a4a,True,1.0,1.0,0.8402261319513278,1.0,1.0,1.0,0.93342755497972
1043,a1adc0fae78f5a3f,True,1.0,1.0,0.8877540597935923,1.0,1.0,1.0,0.9532308582473301
1044,b15572e37ce95d98,True,1.0,1.0,1.0,1.0,1.0,1.0,1.0
1045,db1f0ea31f525bdb,True,1.0,1.0,0.9778320086507828,1.0,1.0,1.0,0.990763336937826
1046,2d4b17f8d7585219,True,1.0,1.0,1.0,1.0,1.0,1.0,1.0
1047,607b63930d2855da,True,1.0,0.0,0.0,1.0,1.0,0.0,0.0
1048,37430d1c47995fdd,True,1.0,1.0,0.8173547570099464,1.0,1.0,1.0,0.9238978154208111
1049,22642c0ae9605891,True,1.0,0.0,0.0,1.0,1.0,1.0,0.0
1050,dd162898ecf351d4,True,0.0,1.0,0.0,0.0,1.0,1.0,0.0
1051,65f236a74a3d53a4,True,0.0,0.0,0.0,0.0,1.0,1.0,0.0
1052,d3719519c1f95276,True,1.0,1.0,0.8361102881125596,1.0,1.0,1.0,0.9317126200468998
1053,773ae953dba953b4,True,1.0,1.0,0.863139409472848,1.0,1.0,1.0,0.9429747539470199
1054,806b0f2b2ade5454,True,1.0,1.0,1.0,1.0,1.0,1.0,1.0
1055,5ea36cebd2575b16,True,1.0,1.0,1.0,1.0,1.0,1.0,1.0
1056,f2e1685f07675799,True,1.0,1.0,0.9444883222925609,0.0,1.0,1.0,0.5602034676219003
1057,103c3ee1db23521d,True,1.0,1.0,0.8600226110277842,1.0,1.0,1.0,0.9416760879282434
1058,ecb0765ba5c05fa3,True,1.0,1.0,0.9489553696999128,1.0,1.0,1.0,0.9787314040416303
1059,f638ae3f35d25d55,True,0.0,1.0,0.0,0.0,1.0,1.0,0.0
1060,a4f950bf8f9b590b,True,1.0,1.0,0.8575903150304337,1.0,1.0,1.0,0.9406626312626806
1061,4899341a782f5409,True,1.0,1.0,1.0,1.0,1.0,1.0,1.0
1062,0df6533b550c58c1,True,1.0,1.0,1.0,0.0,1.0,1.0,0.5833333333333334
1063,5d3fbc3605fb5bb9,True,1.0,1.0,0.9836401829085545,1.0,1.0,1.0,0.9931834095452311
1064,8912a46529c059a1,True,1.0,1.0,0.8132236644575592,1.0,1.0,1.0,0.9221765268573163
1065,d5b37b79dde85eb1,True,1.0,1.0,0.7164294887942574,1.0,1.0,1.0,0.8818456203309406
1066,cb1d400e9da85f43,True,1.0,1.0,1.0,1.0,1.0,1.0,1.0
1067,2b5d551f5466530e,True,1.0,1.0,0.7994580714252714,1.0,1.0,1.0,0.9164408630938631
1068,33c1e6fe4ce650bf,True,1.0,1.0,0.8758129913987347,1.0,1.0,1.0,0.9482554130828061
1069,5b3db54a43ca52ed,True,1.0,1.0,0.8737624678471675,1.0,1.0,1.0,0.9474010282696531
1070,1407c7f0f32a5738,True,1.0,1.0,1.0,1.0,1.0,1.0,1.0
1071,4102a6399acf528b,True,1.0,1.0,0.7692912052258893,1.0,1.0,1.0,0.9038713355107872
1072,e6e4e254f1c55405,True,1.0,1.0,0.7415931837463614,1.0,1.0,1.0,0.8923304932276506
1073,0d2403a8031f540c,True,1.0,1.0,1.0,1.0,1.0,1.0,1.0
1074,4a4bf6e11a875f33,True,1.0,1.0,0.8370307012071407,1.0,1.0,1.0,0.9320961255029753
1075,2783db04f9b05383,True,1.0,1.0,0.9718535786412642,1.0,1.0,1.0,0.9882723244338601
1076,f54559dd98e75d83,True,1.0,1.0,1.0,1.0,1.0,1.0,1.0
1077,6dfed7a32cf45d59,True,1.0,1.0,1.0,0.0,1.0,1.0,0.5833333333333334
1078,367ee5f18e345a72,True,1.0,1.0,0.9670121619866011,1.0,1.0,1.0,0.986255067494417
1079,5303407715805679,True,1.0,1.0,0.6756085642299087,1.0,1.0,1.0,0.864836901762462
1080,8b1aea091a6f5a16,True,1.0,1.0,1.0,1.0,1.0,1.0,1.0
1081,b4c9294d8e3952b8,True,1.0,1.0,0.9983979394156709,1.0,1.0,1.0,0.9993324747565295
1082,d22135cc2a13514f,True,1.0,1.0,1.0,1.0,1.0,1.0,1.0
1083,d3fe95784a34578f,True,1.0,1.0,0.9674167965277483,1.0,1.0,1.0,0.9864236652198951
1084,1175b3b9d27252ef,True,1.0,1.0,0.9446207502375887,1.0,1.0,1.0,0.9769253125989953
1085,7c68734f0453501c,True,1.0,1.0,0.9975843087589232,1.0,1.0,1.0,0.9989934619828847
1086,05d6f076bdc855d1,True,1.0,1.0,1.0,1.0,1.0,1.0,1.0
1087,ff76d319bd9558f9,True,1.0,1.0,1.0,1.0,1.0,1.0,1.0
1088,3ff5c9a5bd155bb2,True,1.0,1.0,1.0,1.0,1.0,1.0,1.0
1089,55eed45c895852b9,True,1.0,1.0,1.0,1.0,1.0,1.0,1.0
1090,26c48df074d151c6,True,1.0,1.0,0.7280372514652286,0.0,1.0,1.0,0.47001552144384523
1091,ef7089ecfb0c5028,True,1.0,0.0,0.0,0.0,1.0,1.0,0.0
1092,2f1f5a4351e15458,True,1.0,1.0,0.8968731843640255,1.0,1.0,1.0,0.9570304934850107
1093,9949b537feb55564,True,1.0,1.0,0.9085073859700444,1.0,1.0,1.0,0.9618780774875185
1094,c810620e645e53b8,True,1.0,1.0,1.0,1.0,1.0,1.0,1.0
1095,3af1019a97d959fa,True,1.0,1.0,1.0,1.0,1.0,1.0,1.0
1096,a27875deccc151e0,True,1.0,1.0,0.7750062718857313,1.0,1.0,1.0,0.9062526132857215
1097,2e5e4be9579d568d,True,1.0,1.0,0.9005282170383013,1.0,1.0,1.0,0.9585534237659589
1098,bcf92cdb596a5fa2,True,1.0,1.0,0.8131659047170918,1.0,1.0,1.0,0.9221524602987884
1099,a28e921b642a5936,True,1.0,1.0,0.7563916075688116,1.0,1.0,1.0,0.8984965031536715
1100,93c82496dc8e59c5,True,1.0,1.0,1.0,1.0,1.0,1.0,1.0
1101,2aa414aa9a9057fb,True,1.0,1.0,0.703016879047594,1.0,1.0,1.0,0.8762570329364975
1102,85c0017516e95fdc,True,1.0,1.0,0.9702115988503642,1.0,1.0,1.0,0.9875881661876518
1103,c6e9b00edaa454da,True,1.0,1.0,0.8911822974960769,1.0,1.0,1.0,0.9546592906233654
1104,c37a081992495a0e,True,1.0,1.0,1.0,1.0,1.0,1.0,1.0
1105,037b976caae85af5,True,1.0,1.0,0.6677544929673918,1.0,1.0,1.0,0.8615643720697466
1106,095042ae1f985c39,True,1.0,1.0,0.624400177487765,1.0,1.0,1.0,0.8435000739532353
1107,07d1a751018a526f,True,1.0,1.0,0.8789332580171805,1.0,1.0,1.0,0.9495555241738253
1108,71dedbc865b25faf,True,1.0,0.0,0.0,1.0,1.0,1.0,0.0
1109,2c5ed5662dfb5ee9,True,1.0,1.0,0.9539460767419107,1.0,1.0,1.0,0.9808108653091295
1110,502fadfdde3554b2,True,1.0,1.0,0.9291394543437104,1.0,1.0,1.0,0.9704747726432127
1111,93141bb128bd5a34,True,1.0,1.0,0.7974509703357558,1.0,1.0,1.0,0.9156045709732316
1112,7427658d61b55fb8,True,1.0,1.0,0.9445753665938735,1.0,1.0,1.0,0.9769064027474473
1113,ed5defe615515789,True,1.0,1.0,0.9059180895218708,1.0,1.0,1.0,0.9607992039674462
1114,d68601dbb9d45f6b,True,1.0,0.0,0.0,1.0,1.0,1.0,0.0
1115,d46f1077421c5c75,True,1.0,1.0,0.9701715407954099,1.0,1.0,1.0,0.9875714753314208
1116,330166def5a35f4d,True,1.0,1.0,1.0,1.0,1.0,1.0,1.0
1117,866edd106b555de6,True,1.0,1.0,0.8027801929522759,1.0,1.0,0.5,0.9178250803967817
1118,1d612d6783845a87,True,1.0,1.0,0.8948452671432893,1.0,1.0,1.0,0.9561855279763706
1119,2035406a3a6955be,True,1.0,1.0,0.5501851816043692,1.0,1.0,1.0,0.8125771590018206
1120,f5d8dc03a0555cdc,True,1.0,1.0,0.9754026662992349,1.0,1.0,1.0,0.9897511109580145
1121,008d6e3394a65c1f,True,1.0,1.0,1.0,1.0,1.0,1.0,1.0
1122,748d7e95687d5d26,True,1.0,1.0,1.0,1.0,1.0,1.0,1.0
1123,51fd85d11ea75120,True,1.0,1.0,0.8885905357048461,1.0,1.0,1.0,0.9535793898770192
1124,69bcdc8c577252f4,True,1.0,1.0,1.0,1.0,1.0,1.0,1.0
1125,3a4e9626c9aa5fa0,True,1.0,1.0,0.9522335369088709,1.0,1.0,1.0,0.9800973070453628
1126,1b1a37c517e45fbd,True,1.0,1.0,1.0,1.0,1.0,1.0,1.0
1127,8dac96b2393f5de9,True,1.0,1.0,0.9190508268644801,1.0,1.0,1.0,0.9662711778602001
1128,ee6d63d4e8b35518,True,1.0,1.0,0.849193997401674,1.0,1.0,1.0,0.9371641655840307
1129,2318ebb3b64554fc,True,1.0,1.0,1.0,1.0,1.0,1.0,1.0
1130,72a43a590e3758f8,True,1.0,1.0,0.6605953228795551,1.0,1.0,1.0,0.8585813845331479
1131,c0a12f1497045322,True,1.0,0.0,0.0,1.0,1.0,1.0,0.0
1132,697882c22eb65ca7,True,1.0,0.0,0.0,0.0,1.0,1.0,0.0
1133,134a3394c9b756d9,True,1.0,1.0,0.7355693857208945,1.0,1.0,1.0,0.889820577383706
1134,ab7d0c4a928e5ec9,True,1.0,0.0,0.0,1.0,1.0,1.0,0.0
1135,9b4e0723f48755fb,True,1.0,1.0,0.9122467733666199,1.0,1.0,1.0,0.963436155569425
1136,dd43c6087aca5206,True,1.0,1.0,0.7023966861009864,1.0,1.0,1.0,0.8759986192087443
1137,e7b780eed68e5ce3,True,1.0,1.0,1.0,1.0,1.0,1.0,1.0
1138,18d63cca5ad554d2,True,1.0,1.0,0.875012797950528,1.0,1.0,1.0,0.9479219991460534
1139,2c14c850f6645147,True,0.0,1.0,0.0,0.0,1.0,0.0,0.0
1140,2ee44628526e524c,True,1.0,1.0,0.7797606587213383,1.0,1.0,1.0,0.9082336078005576
1141,8df6c22946e5526d,True,1.0,1.0,1.0,1.0,1.0,1.0,1.0
1142,57730912486a5853,True,1.0,1.0,0.8787027880116812,1.0,1.0,1.0,0.949459495004867
1143,06753f6c597f512b,True,1.0,1.0,1.0,1.0,1.0,1.0,1.0
1144,13da814cde3a525b,True,1.0,1.0,0.9421677052712443,1.0,1.0,1.0,0.9759032105296851
1145,3febbde773f15b51,True,1.0,1.0,1.0,1.0,1.0,1.0,1.0
1146,18c781197c445d64,True,1.0,1.0,1.0,1.0,1.0,1.0,1.0
1147,f51778edd8ea5ee5,True,1.0,0.0,0.0,1.0,1.0,1.0,0.0
1148,14c000d2a271534a,True,1.0,1.0,1.0,1.0,1.0,1.0,1.0
1149,4dde36d102a4526b,True,1.0,1.0,1.0,1.0,1.0,1.0,1.0
1150,19f93eaa916d5528,True,1.0,1.0,0.9452019805070678,1.0,1.0,1.0,0.9771674918779448
1151,299e19fc72e65ac5,True,1.0,1.0,1.0,1.0,1.0,0.0,1.0
1152,be6f90f06bc35be3,True,1.0,1.0,0.6291095409895022,1.0,1.0,1.0,0.8454623087456259
1153,4fbfc7dc71db50e2,True,1.0,1.0,0.8031619414927125,1.0,1.0,1.0,0.9179841422886302
1154,2ad9640eb724590d,True,1.0,1.0,0.7599075024385344,1.0,1.0,1.0,0.8999614593493893
1155,a59bd481d324594a,True,1.0,1.0,0.7949991085099989,1.0,1.0,1.0,0.9145829618791662
1156,f7d2b771e8425c20,True,1.0,1.0,0.6236604627362152,1.0,1.0,1.0,0.843191859473423
1157,8fc41f783d475448,True,1.0,1.0,1.0,1.0,1.0,1.0,1.0
1158,6ebf87c3da335680,True,1.0,1.0,1.0,1.0,1.0,1.0,1.0
1159,f41cf739059453a4,True,1.0,1.0,0.5957013321862231,1.0,1.0,1.0,0.8315422217442596
1160,ac55c7f072c6528d,True,1.0,1.0,0.889835879423147,1.0,1.0,1.0,0.954098283092978
1161,b425ed76adfb5351,True,1.0,1.0,0.8804239073478343,1.0,1.0,1.0,0.9501766280615976
1162,b0a3bbfe213a507b,True,1.0,1.0,0.9741954969462567,1.0,1.0,1.0,0.9892481237276071
1163,953b60711663549b,True,1.0,1.0,0.8504644331756804,1.0,1.0,1.0,0.9376935138232002
1164,86db74cc909e5437,True,1.0,0.0,0.0,0.0,1.0,1.0,0.0
1165,0972cf3a4c5d5a39,True,1.0,1.0,0.7748733450413059,1.0,1.0,1.0,0.9061972271005442
1166,e001c497823c5154,True,1.0,1.0,1.0,1.0,1.0,1.0,1.0
1167,9e991901a49a55ea,True,1.0,1.0,1.0,1.0,1.0,1.0,1.0
1168,ccc2b2377fea5191,True,1.0,1.0,1.0,1.0,1.0,1.0,1.0
1169,4e0667aa6ead5e7d,True,1.0,1.0,0.9582432808855105,1.0,1.0,1.0,0.9826013670356293
1170,366c7e46b0415253,True,1.0,1.0,0.7393534400977059,1.0,1.0,1.0,0.8913972667073775
1171,505e82147a375933,True,1.0,1.0,1.0,0.0,1.0,1.0,0.5833333333333334
1172,47c92818d9005eea,True,1.0,1.0,1.0,1.0,1.0,1.0,1.0
1173,639c2678cce95d68,True,1.0,1.0,0.8887520329829194,1.0,1.0,1.0,0.9536466804095497
1174,08e03654c0ca5151,True,1.0,1.0,1.0,1.0,1.0,1.0,1.0
1175,9dc5a17094e0569d,True,1.0,1.0,1.0,1.0,1.0,1.0,1.0
1176,ed98a4566ea95092,True,0.0,1.0,0.0,0.0,1.0,1.0,0.0
1177,485b3e83878255b2,True,1.0,1.0,0.7776266111428938,1.0,1.0,1.0,0.9073444213095391
1178,09d424ddf3a558b3,True,1.0,1.0,1.0,1.0,1.0,1.0,1.0
1179,f1b8c54a906f525e,True,1.0,1.0,1.0,1.0,1.0,1.0,1.0
1180,5cdf559f99b859a4,True,0.0,1.0,0.0,0.0,1.0,1.0,0.0
1181,c32ae6a1954651ec,True,1.0,1.0,0.852116841887067,1.0,1.0,1.0,0.9383820174529447
1182,3f2cec87b5ad5d96,True,1.0,0.0,0.0,0.0,1.0,1.0,0.0
1183,cc9a87182a05533d,True,1.0,1.0,0.7879705036457283,1.0,1.0,1.0,0.9116543765190533
1184,d2f121776fd05b4b,True,1.0,1.0,1.0,1.0,1.0,1.0,1.0
1185,31cda9ad4b8257b9,True,1.0,1.0,0.8685743123488663,1.0,1.0,1.0,0.9452392968120277
1186,00a757f8d4e45f8c,True,1.0,0.0,0.0,0.0,1.0,1.0,0.0
1187,1ab2fedfbb4b5c2f,True,1.0,1.0,0.7075102942725586,1.0,1.0,1.0,0.8781292892802327
1188,6dfba05513f05909,True,1.0,0.0,0.0,1.0,1.0,1.0,0.0
1189,c4fbbd685a1953c5,True,1.0,1.0,0.7277410684620647,1.0,1.0,1.0,0.8865587785258603
1190,41c7edfd989451cf,True,1.0,1.0,1.0,1.0,1.0,1.0,1.0
1191,11182f26946650bd,True,1.0,1.0,0.5689757070450083,1.0,1.0,1.0,0.8204065446020868
1192,0da1e53d70565ba4,True,1.0,1.0,0.9399085179106855,1.0,1.0,1.0,0.9749618824627856
1193,a460a03aab635f35,True,1.0,0.0,0.0,1.0,1.0,1.0,0.0
1194,d10c269610375646,True,1.0,1.0,1.0,1.0,1.0,1.0,1.0
1195,371d154a89425165,True,1.0,1.0,1.0,1.0,1.0,1.0,1.0
1196,ccfe1da323ed53a9,True,1.0,1.0,0.7275355746109923,1.0,1.0,1.0,0.8864731560879134
1197,822d92ab3f13502b,True,1.0,1.0,1.0,1.0,1.0,1.0,1.0
1198,5f4945f6b9b45024,True,1.0,1.0,1.0,1.0,1.0,1.0,1.0
1199,b022550645ac5dbf,True,1.0,1.0,0.7629418428466371,1.0,1.0,0.5,0.9012257678527655
1200,8390620a5e745bfa,True,1.0,1.0,0.37984579191594103,1.0,1.0,1.0,0.7416024132983088
1201,aba3b771ef0054c6,True,1.0,1.0,0.8855138570991964,1.0,1.0,1.0,0.9522974404579984
1202,c093d999a01c5e92,True,1.0,1.0,0.8900040199454979,1.0,1.0,1.0,0.9541683416439574
1203,15bfed200b0d570e,True,1.0,1.0,0.7585953600320713,1.0,1.0,1.0,0.8994147333466964
1204,6561633171e75bb6,True,1.0,1.0,1.0,1.0,1.0,1.0,1.0
1205,f2d4e4b013a3579e,True,1.0,0.0,0.0,1.0,1.0,1.0,0.0
1206,210fa74895dc5f52,True,1.0,1.0,1.0,1.0,1.0,1.0,1.0
1207,2836705e16ba5691,True,1.0,1.0,0.9562018914982278,1.0,1.0,1.0,0.9817507881242616
1208,d42d0a93b7185161,True,1.0,1.0,0.6045291453387246,1.0,1.0,1.0,0.8352204772244686
1209,2ccebcdb0da25be5,True,1.0,1.0,0.9759756079288896,1.0,1.0,0.5,0.9899898366370374
1210,c3c6442b2f525269,True,1.0,1.0,0.9588434357236444,1.0,1.0,1.0,0.9828514315515186
1211,d32f8367252b53b1,True,1.0,1.0,1.0,1.0,1.0,1.0,1.0
1212,aa58dfcb46765181,True,1.0,1.0,1.0,1.0,1.0,1.0,1.0
1213,b7784f3cdf6b5991,True,1.0,0.0,0.0,1.0,1.0,1.0,0.0
1214,3dc04b54c3515f56,True,1.0,1.0,0.8523716680978073,1.0,1.0,1.0,0.938488195040753
1215,9b0a5826d2d357d8,True,1.0,1.0,0.7238134005326374,1.0,1.0,1.0,0.8849222502219322
1216,471869e791085ef6,True,1.0,1.0,0.9244248375269776,1.0,1.0,1.0,0.968510348969574
1217,ffe92084016a5795,True,1.0,1.0,0.5087679641954382,1.0,1.0,1.0,0.7953199850814325
1218,18f8562c9bb55561,True,1.0,1.0,0.7982139164285479,1.0,1.0,1.0,0.9159224651785616
1219,fffbe416ae85553b,True,1.0,1.0,0.5775166518934923,1.0,1.0,1.0,0.8239652716222885
1220,647a42b4e5075f16,True,1.0,1.0,0.3108780023915445,1.0,1.0,1.0,0.7128658343298101
1221,dcdacf7509ed5062,True,1.0,1.0,0.7930003389701614,1.0,1.0,1.0,0.9137501412375673
1222,2ef107f7be2351a5,True,1.0,1.0,0.9357407055815057,1.0,1.0,1.0,0.973225293992294
1223,b043b68462d7540c,True,1.0,1.0,1.0,1.0,1.0,1.0,1.0
1224,ec611f7d00d85b31,True,1.0,1.0,0.9651025476004474,1.0,1.0,1.0,0.9854593948335197
1225,ba8e8393326d5652,True,1.0,1.0,0.926974115364226,1.0,1.0,1.0,0.9695725480684274
1226,9c62f0bf33fd542d,True,1.0,1.0,0.8683276299089611,1.0,1.0,1.0,0.9451365124620672
1227,c054f473288d5515,True,1.0,1.0,0.8338513306642115,1.0,1.0,1.0,0.9307713877767547
1228,c169cf799b165800,True,1.0,1.0,0.5926861205337013,1.0,1.0,1.0,0.8302858835557089
1229,abb5501b10e65b19,True,1.0,1.0,1.0,1.0,1.0,1.0,1.0
1230,cd78333fa2c45328,True,1.0,1.0,0.8921896881926414,1.0,1.0,1.0,0.955079036746934
1231,e1209ca7050c5033,True,1.0,1.0,0.7781147646923005,1.0,1.0,1.0,0.9075478186217918
1232,bcf76bb937d35be9,True,1.0,1.0,1.0,1.0,1.0,1.0,1.0
1233,de16c26b38425a6b,True,1.0,1.0,1.0,1.0,1.0,1.0,1.0
1234,01ce9c82de0d5539,True,1.0,1.0,0.7589996741524698,1.0,1.0,1.0,0.8995831975635292
1235,db951dbc3e595c29,True,1.0,1.0,0.9398921559601249,1.0,1.0,1.0,0.9749550649833854
1236,a9af1e73c9575428,True,1.0,0.0,0.0,1.0,1.0,0.5,0.0
1237,e367d7a3c3b55302,True,1.0,1.0,1.0,1.0,1.0,1.0,1.0
1238,f1002f2d240c514e,True,1.0,1.0,0.7324882000823396,1.0,1.0,1.0,0.8885367500343082
1239,f39952caeb2b5014,True,1.0,1.0,1.0,1.0,1.0,1.0,1.0
1240,f3c7dc93e3bc57c1,True,1.0,1.0,0.7940923496927041,1.0,1.0,1.0,0.9142051457052934
1241,e7daf964463c530b,True,1.0,1.0,1.0,1.0,1.0,0.0,1.0
1242,6d66b095f93750f7,True,1.0,1.0,1.0,1.0,1.0,1.0,1.0
1243,4cd806a126f85b23,True,1.0,1.0,0.807567208676945,1.0,1.0,0.0,0.9198196702820605
1244,b96ea08d168f5a3d,True,1.0,1.0,0.8047808423365903,1.0,1.0,1.0,0.9186586843069127
1245,e6025eb182885adb,True,1.0,1.0,0.8550610160582207,1.0,1.0,1.0,0.9396087566909254
1246,b628faa4178d5eaf,True,1.0,1.0,0.6738761203944035,1.0,1.0,1.0,0.8641150501643349
1247,7e238e859ebb5720,True,0.0,1.0,0.0,0.0,1.0,0.0,0.0
1248,01e3dbb4fbcd5781,True,1.0,1.0,1.0,1.0,1.0,1.0,1.0
1249,77f9c895af8b59f3,True,1.0,1.0,1.0,1.0,1.0,1.0,1.0
1250,4064f2ec7a2f56ef,True,1.0,1.0,1.0,1.0,1.0,1.0,1.0
1251,512b6941e1335e0f,True,1.0,1.0,1.0,1.0,1.0,1.0,1.0
1252,e045d3abc4e95f52,True,1.0,1.0,0.800529701673578,1.0,1.0,1.0,0.9168873756973243
1253,8d7c5f26b9775cce,True,1.0,1.0,0.8112584202267995,1.0,1.0,1.0,0.9213576750944998
1254,a259460cd13f55c2,True,1.0,1.0,0.9405227357555138,0.0,1.0,1.0,0.5585511398981308
1255,df8bff51c1d95e09,True,1.0,1.0,1.0,1.0,1.0,1.0,1.0
1256,d20659149c14557c,True,0.5,1.0,0.8987005215274056,0.0,1.0,1.0,0.27056260865154286
1257,5ab14dca42a058d9,True,1.0,1.0,0.8787822603464556,1.0,1.0,1.0,0.9494926084776898
1258,8659bfccd4195fb6,True,1.0,1.0,0.7842052873116625,1.0,1.0,1.0,0.9100855363798593
1259,a589b9ccbe3e5d1c,True,1.0,1.0,0.6357704615551417,1.0,1.0,1.0,0.8482376923146423
1260,b5cb26f114e3558e,True,1.0,1.0,0.8588384766073927,1.0,1.0,1.0,0.9411826985864136
1261,81a473b817565cb9,True,1.0,1.0,0.7170113638721872,1.0,1.0,1.0,0.882088068280078
1262,85ab290d4e535060,True,1.0,1.0,1.0,1.0,1.0,1.0,1.0
1263,ab0c43fd9f2c5481,True,1.0,1.0,0.9848218669259448,1.0,1.0,1.0,0.9936757778858102
1264,b318cf82212f5443,True,1.0,1.0,0.6665456648064724,1.0,1.0,1.0,0.8610606936693634
1265,980db9371e6b52de,True,1.0,1.0,0.9785247590229283,1.0,1.0,1.0,0.9910519829262201
1266,28ecaf0359ee5029,True,1.0,1.0,0.927701051973051,1.0,1.0,1.0,0.9698754383221045
1267,7cdcc814be255d9f,True,1.0,1.0,0.9802247061655853,1.0,1.0,1.0,0.9917602942356606
1268,16f3b92e5d56573a,True,1.0,1.0,1.0,0.0,1.0,1.0,0.5833333333333334
1269,313756e5fc655c0e,True,1.0,1.0,1.0,1.0,1.0,1.0,1.0
1270,9a1d23e8ed1b5837,True,1.0,1.0,1.0,0.0,1.0,1.0,0.5833333333333334
1271,b6765fe7ee17596e,True,1.0,1.0,1.0,1.0,1.0,1.0,1.0
1272,8777c80c80ad53e8,True,1.0,1.0,1.0,1.0,1.0,1.0,1.0
1273,0b6912dfdcf450c1,True,1.0,1.0,1.0,0.0,1.0,1.0,0.5833333333333334
1274,9389ef5de0935e29,True,1.0,1.0,0.6015868554622614,1.0,1.0,1.0,0.8339945231092756
1275,6fbdacdf660253b6,True,1.0,1.0,0.8496430436309882,1.0,1.0,1.0,0.9373512681795785
1276,00185dab0ba153b9,True,1.0,1.0,0.9818492677125268,1.0,1.0,1.0,0.9924371948802194
1277,efd90f7518445bef,True,1.0,1.0,1.0,1.0,1.0,1.0,1.0
1278,db601036b2fb58d7,True,1.0,1.0,1.0,1.0,1.0,1.0,1.0
1279,79cfc07ef4645c81,True,1.0,1.0,0.581878907944166,1.0,1.0,1.0,0.825782878310069
1280,d577027e9c295bde,True,0.0,0.0,0.0,0.0,1.0,1.0,0.0
1281,9695a17335715894,True,1.0,1.0,0.7548262674358359,1.0,1.0,1.0,0.897844278098265
1282,ee7be0b111a85c25,True,1.0,1.0,1.0,1.0,1.0,1.0,1.0
1283,d94860755c1f5594,True,1.0,1.0,0.86099805380784,1.0,1.0,1.0,0.9420825224199333
1284,f897914e6f0c52e5,True,1.0,1.0,1.0,1.0,1.0,1.0,1.0
1285,4eaf35cea96d5dd9,True,1.0,1.0,0.7055427341918319,1.0,1.0,1.0,0.8773094725799299
1286,b81c602d68a25e90,True,1.0,1.0,0.9052318594406997,1.0,1.0,1.0,0.9605132747669582
1287,df044fb9c65c5d52,True,1.0,1.0,1.0,1.0,1.0,1.0,1.0
1288,e699fb1c75b95e57,True,1.0,1.0,0.8190420257087211,1.0,1.0,1.0,0.9246008440453005
1289,c3a9557ccfb5517c,True,1.0,1.0,1.0,1.0,1.0,1.0,1.0
1290,adb5cfe871c55445,True,1.0,1.0,1.0,1.0,1.0,1.0,1.0
1291,40ffdefe6d2f541a,True,1.0,0.0,0.0,1.0,1.0,1.0,0.0
1292,3b6fb25a1e725f29,True,1.0,1.0,1.0,1.0,1.0,1.0,1.0
1293,30765e467f6c5947,True,1.0,1.0,0.9582300265287229,1.0,1.0,1.0,0.9825958443869679
1294,fb351801ac245053,True,1.0,1.0,1.0,1.0,1.0,1.0,1.0
1295,fe0c83d70ca456ae,True,1.0,1.0,0.8674578941728672,1.0,1.0,1.0,0.944774122572028
1296,834cf95826ec5c73,True,1.0,1.0,0.7716851045459545,1.0,1.0,1.0,0.9048687935608144
1297,8164612a623156ae,True,1.0,1.0,1.0,1.0,1.0,1.0,1.0
1298,55a63ecf2e985abe,True,1.0,1.0,0.5474702601057762,1.0,1.0,1.0,0.81144594171074
1299,2aade0b3987d5366,True,1.0,1.0,0.9692656256024633,1.0,1.0,1.0,0.9871940106676931
1300,4c5c196977b255f5,True,0.0,0.0,0.0,0.0,1.0,1.0,0.0
1301,fb5265ab37085422,True,1.0,1.0,1.0,0.0,1.0,1.0,0.5833333333333334
1302,f8f02729d1ee5c16,True,1.0,1.0,1.0,1.0,1.0,1.0,1.0
1303,594e39f9024a5835,True,1.0,1.0,0.8468230492934548,1.0,1.0,1.0,0.9361762705389395
1304,df020b6bdc1b59c0,True,1.0,1.0,1.0,1.0,1.0,1.0,1.0
1305,73e3a1a2ed275417,True,1.0,1.0,0.6191333008601418,1.0,1.0,1.0,0.8413055420250591
1306,8364af67153a5193,True,1.0,1.0,0.9065390986259251,1.0,1.0,1.0,0.9610579577608022
1307,e05b464c21d0597d,True,1.0,1.0,1.0,1.0,1.0,1.0,1.0
1308,f3738f5be59d5d10,True,1.0,1.0,1.0,1.0,1.0,1.0,1.0
1309,a366d90f10ca5866,True,1.0,1.0,0.9722223830518589,1.0,1.0,1.0,0.9884259929382745
1310,d3f00196d11c563c,True,1.0,1.0,0.9281299050426769,1.0,1.0,1.0,0.9700541271011153
1311,69f27d25f8a45de1,True,1.0,1.0,1.0,1.0,1.0,1.0,1.0
1312,36e3e0f9a589578d,True,1.0,1.0,0.64416652489329,1.0,1.0,1.0,0.8517360520388708
1313,c887e4bc08f85aa5,True,0.5,1.0,0.5915156404845808,0.0,1.0,1.0,0.20656575843428768
1314,44cd06a315635c09,True,1.0,1.0,0.7439353724474597,1.0,1.0,1.0,0.8933064051864416
1315,48762908e4705b55,True,1.0,1.0,0.8171719275998924,1.0,1.0,1.0,0.9238216364999552
1316,f3a61425920f57a7,True,1.0,1.0,1.0,0.0,1.0,1.0,0.5833333333333334
1317,68d4846662cd53c3,True,1.0,1.0,0.7676088899074999,1.0,1.0,1.0,0.9031703707947916
1318,313a7a6feb1c5490,True,1.0,1.0,0.7532450652501348,1.0,1.0,1.0,0.8971854438542227
1319,a1f35d4460345de8,True,1.0,1.0,1.0,1.0,1.0,1.0,1.0
1320,6894aab92b0058dd,True,1.0,1.0,1.0,1.0,1.0,1.0,1.0
1321,30dafbb048775d29,True,1.0,1.0,0.7666991258657407,1.0,1.0,1.0,0.9027913024440587
1322,6f8c03f8038757cc,True,1.0,1.0,1.0,1.0,1.0,1.0,1.0
1323,acd0bceedc6852c2,True,1.0,1.0,0.6721538343853959,1.0,1.0,1.0,0.8633974309939149
1324,1666152446cc5da7,True,1.0,1.0,0.7877012871063888,1.0,1.0,1.0,0.9115422029609953
1325,d9560f4ad686510f,True,1.0,1.0,0.6367465155814023,1.0,1.0,1.0,0.848644381492251
1326,c9614cfb18a953ae,True,1.0,1.0,1.0,1.0,1.0,1.0,1.0
1327,a19a3d9b712751f6,True,1.0,0.0,0.0,1.0,1.0,1.0,0.0
1328,15959d7a3d3a53f5,True,1.0,1.0,0.632280654269938,1.0,1.0,1.0,0.8467836059458075
1329,5022f5d01ba85e74,True,1.0,1.0,0.6530913701026397,1.0,1.0,1.0,0.8554547375427667
1330,19a595ad0fe35941,True,0.0,1.0,0.0,0.0,1.0,0.5,0.0
1331,075cf94c3db15021,True,1.0,1.0,1.0,1.0,1.0,1.0,1.0
1332,93d5e0dd29bc5e7c,True,1.0,1.0,1.0,1.0,1.0,1.0,1.0
1333,0defa8939c9851ea,True,1.0,0.0,0.0,1.0,1.0,1.0,0.0
1334,4763f30d505c5ea6,True,1.0,1.0,0.6791118834976926,1.0,1.0,1.0,0.8662966181240387
1335,9fb8affb5c295640,True,1.0,1.0,1.0,1.0,1.0,1.0,1.0
1336,ac7167da1d1a5342,True,0.0,0.0,0.0,0.0,1.0,1.0,0.0
1337,e18ca78f3c5f5a04,True,1.0,1.0,1.0,1.0,1.0,1.0,1.0
1338,b42d7dc2a3975573,True,1.0,0.0,0.0,1.0,1.0,1.0,0.0
1339,89df824d0cfd525e,True,1.0,0.0,0.0,1.0,1.0,1.0,0.0
1340,cba43d02cf795a0f,True,1.0,1.0,1.0,1.0,1.0,1.0,1.0
1341,e4f34d35c8fd5fd2,True,1.0,1.0,1.0,1.0,1.0,1.0,1.0
1342,bdb32e2af06e5bc9,True,1.0,1.0,0.9876017588781898,1.0,1.0,1.0,0.9948340661992457
1343,2818ed317df9550a,True,1.0,1.0,0.9139774116329656,1.0,1.0,1.0,0.9641572548470689
1344,6c08755130155f96,True,1.0,1.0,1.0,1.0,1.0,1.0,1.0
1345,1ebc0b5378ab5caa,True,1.0,1.0,1.0,1.0,1.0,1.0,1.0
1346,1fc5ab19306f5a47,True,1.0,1.0,0.822466340981407,1.0,1.0,1.0,0.9260276420755863
1347,0f4984d978155b23,True,1.0,1.0,0.9038508866775516,1.0,1.0,1.0,0.9599378694489799
1348,2e5997dafce45eb2,True,1.0,1.0,0.7052182214948793,1.0,1.0,1.0,0.8771742589561997
1349,2113dcf1e88b598e,True,1.0,1.0,1.0,1.0,1.0,1.0,1.0
1350,0855e09733fe5445,True,1.0,0.0,0.0,1.0,1.0,1.0,0.0
1351,f3f0ebe8d9185b69,True,1.0,1.0,0.7950540595683272,1.0,1.0,1.0,0.9146058581534696
1352,842d40cd41cf56e8,True,1.0,1.0,0.7762745196348068,1.0,1.0,1.0,0.9067810498478361
1353,df534bbfbbba5b0c,True,1.0,1.0,0.16270682002085188,1.0,1.0,1.0,0.651127841675355
1354,9b5cb743a4a4590b,True,1.0,1.0,1.0,1.0,1.0,0.0,1.0
1355,963324efc6715315,True,1.0,1.0,1.0,1.0,1.0,1.0,1.0
1356,cebdeff85ac65185,True,1.0,1.0,1.0,1.0,1.0,1.0,1.0
1357,8898650e43665faf,True,1.0,1.0,0.7050172405304417,1.0,1.0,1.0,0.877090516887684
1358,23d0ae8aedf8537b,True,1.0,1.0,1.0,1.0,1.0,1.0,1.0
1359,5237b49651b35ffb,True,1.0,1.0,1.0,1.0,1.0,1.0,1.0
1360,2ca33fd04f805478,True,1.0,1.0,1.0,1.0,1.0,1.0,1.0
1361,95612e81595b568f,True,1.0,1.0,0.9426925421080411,1.0,1.0,1.0,0.9761218925450171
1362,959a7f2070f551e9,True,1.0,1.0,0.6717080153438064,1.0,1.0,1.0,0.8632116730599194
1363,2802831d87ba5a55,True,1.0,1.0,0.6943923526335418,1.0,1.0,1.0,0.8726634802639758
1364,f3493d3b23cd55c2,True,1.0,1.0,0.718788245741086,1.0,1.0,1.0,0.8828284357254526
1365,0027db600afe56ca,True,1.0,1.0,1.0,1.0,1.0,1.0,1.0
1366,eb4bbe69b80d5f12,True,1.0,1.0,0.8704088800589704,1.0,1.0,1.0,0.946003700024571
1367,064018bfafb05f56,True,1.0,1.0,0.9341648869085706,1.0,1.0,1.0,0.9725687028785711
1368,0ae7ba2fd0f95d17,True,1.0,1.0,0.8106629889012393,1.0,1.0,1.0,0.9211095787088497
1369,8e9c1bb8232c5a14,True,1.0,1.0,0.12159314137593003,1.0,1.0,1.0,0.6339971422399708
1370,2fc619c5acbe54b8,True,1.0,1.0,0.8993326260809885,1.0,1.0,1.0,0.9580552608670786
1371,69ed5efe731251d0,True,1.0,1.0,0.9197684998102442,1.0,1.0,1.0,0.9665702082542684
1372,846863e9cd7059c5,True,1.0,1.0,1.0,1.0,1.0,1.0,1.0
1373,f3e32c06633756e9,True,1.0,1.0,0.7515519588986006,1.0,1.0,1.0,0.8964799828744169
1374,570a5855539b5c7e,True,1.0,1.0,0.8502660020172798,1.0,1.0,1.0,0.9376108341738666
1375,167d6bc7be735e55,True,1.0,1.0,1.0,1.0,1.0,1.0,1.0
1376,e77360b1bf605f87,True,1.0,1.0,1.0,1.0,1.0,1.0,1.0
1377,501de4adcf415443,True,1.0,1.0,0.8581363518541835,1.0,1.0,1.0,0.9408901466059097
1378,5396af8f09455852,True,1.0,1.0,0.5578452633033837,1.0,1.0,1.0,0.8157688597097432
1379,824cd4fff1e25cb4,True,1.0,0.0,0.0,1.0,1.0,1.0,0.0
1380,d81c4398a40b52b9,True,1.0,1.0,0.8951180366603356,1.0,1.0,1.0,0.9562991819418065
1381,5b14b00087b051e3,True,1.0,0.0,0.0,1.0,1.0,1.0,0.0
1382,36419e8c59275f61,True,1.0,1.0,1.0,1.0,1.0,1.0,1.0
1383,5004df3161065742,True,1.0,1.0,0.6836167840510059,1.0,1.0,1.0,0.8681736600212524
1384,230ab732c0d65fb3,True,1.0,1.0,1.0,1.0,1.0,1.0,1.0
1385,6e395976280452e1,True,1.0,1.0,1.0,1.0,1.0,1.0,1.0
1386,3bb3a8f506bf5980,True,1.0,1.0,1.0,1.0,1.0,0.0,1.0
1387,6fc4fc2702305dfa,True,1.0,1.0,1.0,0.0,1.0,1.0,0.5833333333333334
1388,ccdb6840a0445870,True,1.0,1.0,0.7704816911694234,1.0,1.0,1.0,0.9043673713205931
1389,06f604b0d4835371,True,1.0,1.0,0.7534699765200276,1.0,1.0,1.0,0.8972791568833448
1390,62e8d8891ff45c7b,True,1.0,1.0,0.5842202326841243,1.0,1.0,1.0,0.8267584302850518
1391,45c4158a235e514a,True,1.0,1.0,1.0,1.0,1.0,1.0,1.0
1392,d8f68111f5145cc9,True,1.0,1.0,0.954409089592797,1.0,1.0,1.0,0.9810037873303322
1393,9ecb100495a5584e,True,1.0,1.0,1.0,1.0,1.0,1.0,1.0
1394,c07f609f83b85dd6,True,1.0,1.0,0.8725117089699282,1.0,1.0,1.0,0.94687987873747
1395,748a5531d6415e0c,True,1.0,1.0,1.0,1.0,1.0,1.0,1.0
1396,8790ecedb8ac580e,True,1.0,1.0,1.0,0.0,1.0,1.0,0.5833333333333334
1397,c0e14f1288ca5066,True,0.0,1.0,0.0,0.0,1.0,1.0,0.0
1398,f16fe36eef2b5157,True,1.0,1.0,1.0,1.0,1.0,1.0,1.0
1399,5b834475a09a531c,True,1.0,1.0,0.8306970226077257,1.0,1.0,1.0,0.9294570927532191
1400,ac07a96cae965e88,True,1.0,1.0,1.0,1.0,1.0,1.0,1.0
1401,a7f3d88fe5e5534e,True,1.0,1.0,0.8228648777236331,1.0,1.0,1.0,0.9261936990515137
1402,e8e01645fcde5b8e,True,1.0,1.0,0.9134709390859633,1.0,1.0,1.0,0.9639462246191514
1403,45102df6530d59e8,True,1.0,1.0,0.9997362869597433,1.0,1.0,1.0,0.9998901195665596
1404,d792515ce4b257a4,True,1.0,1.0,0.8695433177938902,1.0,1.0,1.0,0.9456430490807876
1405,121b6c8a61d85945,True,1.0,1.0,0.6310612539214931,1.0,1.0,1.0,0.8462755224672888
1406,6d08dce7cfaa5035,True,1.0,1.0,1.0,1.0,1.0,1.0,1.0
1407,7c7ce7ea08b15930,True,1.0,1.0,0.8772437796408324,1.0,1.0,1.0,0.9488515748503469
1408,564b7ca4f210501e,True,1.0,1.0,0.7924155023039985,1.0,1.0,1.0,0.9135064592933327
1409,6b68c09f87b85dc8,True,1.0,1.0,0.9720206633060886,1.0,1.0,1.0,0.9883419430442036
1410,7755fb23f28f5b2f,True,1.0,0.0,0.0,1.0,1.0,0.0,0.0
1411,4bc95052d6d8547e,True,1.0,1.0,0.7333870441585653,1.0,1.0,1.0,0.8889112683994022
1412,dadda73214d15baf,True,1.0,1.0,0.9129658714390178,1.0,1.0,1.0,0.9637357797662575
1413,ff4125f507e35f9b,True,1.0,1.0,0.7716000364705263,1.0,1.0,1.0,0.9048333485293859
1414,c840eac7d70e5877,True,1.0,0.0,0.0,1.0,1.0,1.0,0.0
1415,9f3b77fe8cd3541c,True,1.0,1.0,0.8736863286958974,1.0,1.0,1.0,0.9473693036232905
1416,98e3abe2a38c5156,True,1.0,0.0,0.0,1.0,1.0,1.0,0.0
1417,cbd14310b3885779,True,1.0,1.0,0.8158690828786294,1.0,1.0,1.0,0.9232787845327621
1418,fe2270288c1d5628,True,1.0,1.0,0.8831604623133564,1.0,1.0,1.0,0.9513168592972319
1419,50fef67a5a9a5a4b,True,1.0,0.0,0.0,1.0,1.0,1.0,0.0
1420,56b0ed5018c25d3f,True,1.0,1.0,1.0,1.0,1.0,0.0,1.0
1421,98b148d419725caa,True,1.0,1.0,0.5821015329700441,1.0,1.0,1.0,0.8258756387375183
1422,5e81fdb02c275b17,True,1.0,1.0,0.5643554907323741,1.0,1.0,1.0,0.8184814544718225
1423,2f8dd3404f375ed8,True,1.0,1.0,0.8696221144051036,1.0,1.0,1.0,0.9456758810021265
1424,1b88b298d405518e,True,1.0,1.0,0.8809640332916587,1.0,1.0,1.0,0.9504016805381911
1425,a1325310017c5057,True,1.0,1.0,1.0,0.0,1.0,1.0,0.5833333333333334
1426,b8d114f0304d5f87,True,1.0,1.0,1.0,1.0,1.0,1.0,1.0
1427,1f381d3a242b54f0,True,1.0,1.0,0.7722068125720297,1.0,1.0,1.0,0.9050861719050124
1428,69d75ac905035187,True,1.0,1.0,0.8252548954351174,1.0,1.0,1.0,0.9271895397646324
1429,44e882ff27ec5566,True,1.0,0.0,0.0,1.0,1.0,1.0,0.0
1430,b814c5b773165d87,True,1.0,1.0,0.8089309060419686,1.0,1.0,1.0,0.920387877517487
1431,e7b5da2135fc5303,True,1.0,1.0,1.0,1.0,1.0,1.0,1.0
1432,b7f1861bff9c514e,True,1.0,1.0,1.0,0.0,1.0,1.0,0.5833333333333334
1433,76375396b08e5143,True,1.0,1.0,0.827810619572238,1.0,1.0,1.0,0.9282544248217658
1434,7bcc91de36385afe,True,1.0,1.0,0.8068077932727246,1.0,1.0,0.5,0.9195032471969685
1435,617ceb438e0d5324,True,1.0,1.0,1.0,1.0,1.0,1.0,1.0
1436,a75ca6ddabc1541b,True,1.0,1.0,1.0,1.0,1.0,1.0,1.0
1437,2abac20522fb5014,True,1.0,1.0,0.9662304776368141,1.0,1.0,1.0,0.985929365682006
1438,f2644280215250cd,True,1.0,1.0,0.10297961610464768,1.0,1.0,1.0,0.6262415067102699
1439,9d7ec713a2fb5e44,True,1.0,1.0,0.681917931948842,1.0,1.0,1.0,0.8674658049786842
1440,bde15534dcdc5933,True,1.0,1.0,1.0,1.0,1.0,1.0,1.0
1441,49d00c5507175e01,True,1.0,1.0,0.8593240192894216,1.0,1.0,1.0,0.9413850080372589
1442,2ff39958d9f35279,True,1.0,1.0,0.7763863020916041,1.0,1.0,1.0,0.9068276258715017
1443,4fabf8c780005e4f,True,1.0,1.0,1.0,1.0,1.0,1.0,1.0
1444,86db4cfb30b55a5e,True,1.0,1.0,1.0,1.0,1.0,1.0,1.0
1445,67a6bdeb096350ec,True,1.0,1.0,0.8367598392815248,1.0,1.0,1.0,0.9319832663673019
1446,b3a00387265a5cdc,True,1.0,1.0,1.0,1.0,1.0,1.0,1.0
1447,efe7a294e40e5508,True,1.0,1.0,0.9381586930593493,1.0,1.0,1.0,0.9742327887747289
1448,7766bcc52078528c,True,1.0,1.0,1.0,1.0,1.0,1.0,1.0
1449,6ba5ed2f323f53e2,True,1.0,1.0,1.0,1.0,1.0,1.0,1.0
1450,79bba6381fb85a36,True,1.0,1.0,0.9261355041354957,1.0,1.0,1.0,0.9692231267231232
1451,5806eb348e3250d9,True,1.0,1.0,0.956699423631384,1.0,1.0,0.0,0.9819580931797433
1452,b3899f957ebe5684,True,0.5,1.0,0.4822180897881542,0.0,1.0,1.0,0.1837954353725321
1453,9464277f29025ad8,True,1.0,0.0,0.0,1.0,1.0,1.0,0.0
1454,578a5ef598b9521f,True,1.0,1.0,1.0,1.0,1.0,1.0,1.0
1455,9d72593884a757a3,True,1.0,1.0,1.0,1.0,1.0,1.0,1.0
1456,5328fe5eba6e5d30,True,1.0,1.0,1.0,1.0,1.0,1.0,1.0
1457,6914bcabdeec5e0f,True,1.0,1.0,0.7661515706949824,1.0,1.0,1.0,0.9025631544562427
1458,578adc6dc97d510f,True,1.0,1.0,0.8834868602013691,1.0,1.0,1.0,0.9514528584172371
1459,38d4aa43f5f25eeb,True,1.0,1.0,1.0,1.0,1.0,1.0,1.0
1460,bed4ec62805f5790,True,1.0,1.0,1.0,1.0,1.0,1.0,1.0
1461,34bdecafedff5fdf,True,1.0,1.0,0.8868701188618147,1.0,1.0,1.0,0.9528625495257561
1462,bbc8e4799fe85548,True,1.0,1.0,0.8063147156956921,1.0,1.0,1.0,0.9192977982065385
1463,2034e8ae11cc594e,True,1.0,0.0,0.0,1.0,1.0,0.0,0.0
1464,cfc9186dc53b5d4a,True,1.0,1.0,0.7390321305380918,1.0,1.0,1.0,0.891263387724205
1465,1a8da8e47d235dbe,True,1.0,1.0,0.9356873026851358,1.0,1.0,1.0,0.9732030427854732
1466,ec5e157a5222534d,True,1.0,1.0,0.6534155546320449,1.0,1.0,1.0,0.8555898144300187
1467,19488eb3301f5d26,True,1.0,1.0,0.5916309526517305,1.0,1.0,1.0,0.8298462302715542
1468,bdb0947d0c835022,True,1.0,1.0,1.0,1.0,1.0,1.0,1.0
1469,2cd1545c4c835ead,True,1.0,1.0,0.8565801837434158,1.0,1.0,1.0,0.9402417432264233
1470,a2e0d4dc100159a5,True,1.0,1.0,0.8144288066589747,1.0,1.0,1.0,0.9226786694412393
1471,963a72ef9c615033,True,1.0,1.0,0.8780881350972772,0.0,1.0,1.0,0.5325367229571988
1472,d9422fc7065e5b62,True,1.0,1.0,0.6310910064360149,1.0,1.0,1.0,0.8462879193483396
1473,dc952092ef6a5243,True,1.0,1.0,0.6335005551537868,1.0,1.0,1.0,0.8472918979807446
1474,b56a66ac853c56e9,True,1.0,1.0,0.6166418315340131,1.0,1.0,1.0,0.8402674298058388
1475,906d7e590245576a,True,1.0,1.0,0.6073968744773075,1.0,1.0,1.0,0.8364153643655449
1476,ba09d23c78b95a66,True,1.0,1.0,1.0,1.0,1.0,1.0,1.0
1477,ba69be06341d5b2b,True,1.0,1.0,0.967648220639124,1.0,1.0,1.0,0.9865200919329684
1478,2ee34c8975525f5c,True,0.0,1.0,0.0,0.0,1.0,1.0,0.0
1479,7346e23546d15b29,True,1.0,1.0,0.6866230640724745,1.0,1.0,1.0,0.8694262766968643
1480,ecc5d9051f445174,True,1.0,1.0,1.0,1.0,1.0,1.0,1.0
1481,36383c82194a543d,True,1.0,1.0,1.0,1.0,1.0,1.0,1.0
1482,a4fb656f624e5458,True,1.0,1.0,0.7603556743391506,1.0,1.0,1.0,0.9001481976413128
1483,a6b518a433065727,True,1.0,0.0,0.0,1.0,1.0,1.0,0.0
1484,4e1193a7697853ba,True,1.0,1.0,0.8480034811808012,1.0,1.0,1.0,0.9366681171586672
1485,abdc7a57df4a56cd,True,1.0,1.0,1.0,1.0,1.0,1.0,1.0
1486,6e190fde9f8958f1,True,1.0,1.0,0.785636671939172,1.0,1.0,1.0,0.9106819466413216
1487,33c58e00f5805824,True,1.0,1.0,0.9541838520782859,1.0,1.0,1.0,0.9809099383659525
1488,62eac0a6b7e05fbf,True,1.0,1.0,1.0,1.0,1.0,1.0,1.0
1489,3010009fcb295507,True,1.0,1.0,0.8828156706505443,1.0,1.0,1.0,0.9511731961043934
1490,b845e97a49a75cd0,True,1.0,1.0,0.7384576475674447,1.0,1.0,1.0,0.8910240198197686
1491,9483bda6b31259bd,True,1.0,1.0,0.7568513438176309,1.0,1.0,0.5,0.8986880599240129
1492,88538f4b41cc5d4a,True,1.0,1.0,1.0,0.0,1.0,1.0,0.5833333333333334
1493,feff00cef4985d6b,True,1.0,1.0,0.9503948692205556,1.0,1.0,1.0,0.9793311955085647
1494,96c3433ef79a5478,True,1.0,1.0,0.7339802347427303,1.0,1.0,1.0,0.8891584311428042
1495,0bcebe354a715163,True,1.0,1.0,0.8363164206282981,1.0,1.0,1.0,0.9317985085951243
1496,cea4eb2a60da5354,True,1.0,1.0,0.9421581893359725,1.0,1.0,1.0,0.9758992455566552
1497,8ff8246f69f75f6a,True,1.0,1.0,0.8299206642746271,1.0,1.0,1.0,0.929133610114428
1498,757fb1d7679c5dc2,True,1.0,1.0,0.766235132068973,1.0,1.0,1.0,0.9025979716954055
1499,a8afec520f035a68,True,1.0,1.0,0.8054623593737636,1.0,1.0,1.0,0.9189426497390683
1500,1c044069a36c5d4b,True,1.0,1.0,0.7079309980474744,1.0,1.0,0.5,0.8783045825197809
1501,2b04c510144e5545,True,1.0,1.0,1.0,1.0,1.0,1.0,1.0
1502,994c2c1c459b5cc8,True,1.0,1.0,0.688362337780921,1.0,1.0,1.0,0.8701509740753838
1503,ab9d0f7542805d20,True,0.0,1.0,0.0,0.0,1.0,1.0,0.0
1504,e61adc75d7da50c3,True,1.0,1.0,1.0,1.0,1.0,0.0,1.0
1505,e9a26f1753a85a88,True,1.0,1.0,1.0,0.0,1.0,1.0,0.5833333333333334
1506,9d02128f653455a3,True,1.0,1.0,0.9648391231129472,1.0,1.0,1.0,0.9853496346303947
1507,c9a74fd5fd9e57c8,True,1.0,1.0,0.7292739940100132,1.0,1.0,1.0,0.8871974975041722
1508,8a92561fdd0750ad,True,1.0,1.0,0.83502205075559,1.0,1.0,1.0,0.9312591878148292
1509,0208ed2202af56b2,True,1.0,1.0,0.8243398060255648,1.0,1.0,1.0,0.9268082525106521
1510,accb5d206fd05911,True,1.0,0.0,0.0,1.0,1.0,1.0,0.0
1511,ea9f070b56115301,True,1.0,1.0,0.7212353401853048,1.0,1.0,1.0,0.8838480584105436
1512,efb87bb3ff675f08,True,1.0,1.0,0.8494243175728738,0.0,1.0,0.0,0.5205934656553641
1513,af58d13139de5d3f,True,1.0,1.0,0.8431395190446958,1.0,1.0,1.0,0.9346414662686232
1514,b4914b3d729357d1,True,1.0,0.0,0.0,1.0,1.0,1.0,0.0
1515,2cde4f39412a556d,True,1.0,1.0,0.8952657504087279,1.0,1.0,1.0,0.9563607293369699
1516,42b4245406ee5ab8,True,1.0,1.0,0.9096283332672909,1.0,1.0,1.0,0.9623451388613713
1517,cc9f9924e6f25e64,True,1.0,0.0,0.0,1.0,1.0,1.0,0.0
1518,fbc9981c30745684,True,0.5,0.0,0.0,0.0,1.0,1.0,0.0
1519,e92c94f8bdcc54c6,True,1.0,1.0,0.8490165308923848,1.0,1.0,1.0,0.9370902212051604
1520,09fda519bc395630,True,1.0,1.0,0.6881989796050015,1.0,1.0,1.0,0.8700829081687506
1521,21146ac996365854,True,1.0,1.0,0.8051175366428797,1.0,1.0,1.0,0.9187989736011999
1522,1eed252c6ca25157,True,1.0,1.0,0.5529537826753945,1.0,1.0,1.0,0.8137307427814143
1523,d5cf4595a3435917,True,1.0,1.0,1.0,1.0,1.0,1.0,1.0
1524,40d24af6505f50c9,True,1.0,1.0,0.46085368715827657,1.0,1.0,1.0,0.7753557029826151
1525,29a576f5351a5162,True,1.0,1.0,0.7879337550890112,1.0,1.0,1.0,0.9116390646204214
1526,d9fdaff6c17659bc,True,1.0,1.0,0.8020173015161789,1.0,1.0,1.0,0.9175072089650745
1527,0ebdf3a905ba522f,True,1.0,1.0,0.8632857239320315,1.0,1.0,1.0,0.9430357183050132
1528,6c8a49ddb7435fbf,True,1.0,1.0,1.0,1.0,1.0,0.0,1.0
1529,b3de01e79b725ae4,True,1.0,1.0,0.9178495642894838,1.0,1.0,1.0,0.9657706517872849
1530,1537a74401845849,True,1.0,1.0,0.6475634615140177,1.0,1.0,1.0,0.8531514422975074
1531,1cb96199b6a45732,True,1.0,1.0,0.8538314100900817,1.0,1.0,1.0,0.9390964208708673
1532,9d9aced6d8da5f28,True,1.0,1.0,1.0,1.0,1.0,1.0,1.0
1533,f740386a50c45238,True,1.0,1.0,0.8689016886042149,1.0,1.0,1.0,0.9453757035850895
1534,04e3f71d6bc15d1e,True,1.0,1.0,0.8540473881513011,1.0,1.0,1.0,0.9391864117297087
1535,0c318d7923d15b78,True,1.0,1.0,0.9461100031224546,1.0,1.0,1.0,0.9775458346343561
1536,fca1702dec8a50c6,True,1.0,1.0,1.0,1.0,1.0,1.0,1.0
1537,b657fb1afb7c54f3,True,1.0,1.0,0.815932250863912,1.0,1.0,1.0,0.9233051045266301
1538,e35a803202875fa0,True,1.0,1.0,0.847674388130393,1.0,1.0,1.0,0.9365309950543305
1539,1fc3acd944ba540e,True,1.0,1.0,0.8682544016461492,1.0,1.0,1.0,0.9451060006858955
1540,0b177a1d821055ea,True,1.0,1.0,0.8866258618697435,1.0,1.0,1.0,0.9527607757790598
1541,3cb9b99bc4185d33,True,1.0,1.0,0.881771536042542,1.0,1.0,1.0,0.9507381400177258
1542,c9903c96ff4153fe,True,1.0,1.0,0.9158054768174905,1.0,1.0,1.0,0.9649189486739544
1543,90a14e5bd7cb5f47,True,1.0,1.0,1.0,1.0,1.0,1.0,1.0
1544,491a9b7a44225a75,True,1.0,1.0,1.0,1.0,1.0,1.0,1.0
1545,993d17cce2685b9a,True,1.0,1.0,0.7788328066138525,1.0,1.0,1.0,0.9078470027557719
1546,8b93118c77d25b5d,True,1.0,1.0,1.0,1.0,0.0,1.0,0.8333333333333334
1547,e0190f0059145fc6,True,1.0,1.0,0.8784546564768482,1.0,1.0,1.0,0.9493561068653534
1548,02e3c13aa3975b02,True,1.0,1.0,0.8273583450309162,1.0,1.0,1.0,0.9280659770962151
1549,f1def9ef86125c39,True,1.0,1.0,1.0,1.0,1.0,1.0,1.0
1550,ddfadfe2f0385b3b,True,1.0,1.0,0.9856116133647813,1.0,1.0,1.0,0.9940048389019922
1551,bf896d504b4356c7,True,1.0,1.0,0.4792718279756087,1.0,1.0,1.0,0.7830299283231703
1552,30a0f5cf9ab95eee,True,1.0,1.0,0.8691932737171448,1.0,1.0,1.0,0.9454971973821437
1553,e516528c577453a7,True,1.0,1.0,1.0,1.0,1.0,1.0,1.0
1554,5ca8a2941e3f56c2,True,1.0,1.0,1.0,0.0,1.0,1.0,0.5833333333333334
1555,90c6b53ec4a252bc,True,1.0,1.0,1.0,1.0,1.0,1.0,1.0
1556,4bc54773ae245d10,True,1.0,1.0,1.0,1.0,1.0,1.0,1.0
1557,975e6554112f5a46,True,1.0,1.0,1.0,1.0,0.0,1.0,0.8333333333333334
1558,5eef9aece027548e,True,1.0,1.0,1.0,1.0,1.0,1.0,1.0
1559,04605629ea8a50cc,True,1.0,1.0,1.0,1.0,1.0,1.0,1.0
1560,0d2ff90baf395430,True,1.0,1.0,1.0,1.0,1.0,1.0,1.0
1561,283ae14565b85cc3,True,1.0,1.0,0.797426895878875,1.0,1.0,0.0,0.9155945399495312
1562,11d091d0bd985e5e,True,1.0,1.0,0.5650010352422359,1.0,1.0,1.0,0.8187504313509316
1563,072471bece365f16,True,1.0,1.0,0.8363381585713342,1.0,1.0,1.0,0.9318075660713893
1564,4fbdc88ce3f75540,True,1.0,1.0,0.8700783349522351,1.0,1.0,1.0,0.9458659728967646
1565,892f8a0d37dd5af3,True,1.0,1.0,0.9232842182189719,1.0,1.0,1.0,0.9680350909245717
1566,f2508193ac0c5f27,True,1.0,1.0,0.668098253437214,1.0,1.0,1.0,0.8617076055988392
1567,522894525b4e5168,True,1.0,0.0,0.0,1.0,1.0,1.0,0.0
1568,72720a5350e75184,True,1.0,1.0,0.91060295996021,1.0,1.0,1.0,0.9627512333167543
1569,75811dfc02ce59f7,True,1.0,1.0,0.6843598861894205,1.0,1.0,1.0,0.8684832859122585
1570,0e27333e64a45dfb,True,1.0,1.0,0.8349053105563862,1.0,1.0,1.0,0.9312105460651608
1571,e16f6f634adf50d3,True,1.0,0.0,0.0,0.0,1.0,1.0,0.0
1572,4eb5bcde81245591,True,1.0,0.0,0.0,1.0,1.0,1.0,0.0
1573,4cc1186b46d85ec4,True,1.0,1.0,0.8986154373804869,1.0,1.0,1.0,0.9577564322418696
1574,c45fc2b353c655af,True,1.0,1.0,0.8944062382409071,1.0,1.0,1.0,0.9560025992670447
1575,615329a491785c3a,True,1.0,1.0,1.0,1.0,1.0,1.0,1.0
1576,ef7822ee7fa35042,True,1.0,1.0,0.7654094110890575,1.0,1.0,1.0,0.9022539212871074
1577,55b7f0c50f4a5157,True,1.0,1.0,1.0,1.0,1.0,1.0,1.0
1578,31ffaa640cf85134,True,1.0,1.0,1.0,1.0,1.0,1.0,1.0
1579,50b72b9404da516c,True,1.0,1.0,1.0,1.0,1.0,1.0,1.0
1580,e40bf2ac511950c4,True,1.0,1.0,0.9643297135072455,1.0,1.0,1.0,0.9851373806280189
1581,32648fe3eaa45ed1,True,1.0,1.0,0.9101617427250833,1.0,1.0,1.0,0.962567392802118
1582,4631b80af7fb5f2f,True,1.0,1.0,1.0,1.0,1.0,1.0,1.0
1583,dd23e66ff660575e,True,1.0,1.0,0.8321502893064414,0.0,1.0,0.5,0.5133959538776839
1584,8c2841e7cecf5047,True,1.0,1.0,0.8604022065550029,1.0,1.0,1.0,0.9418342527312511
1585,352fabb819b95d6c,True,1.0,1.0,0.5634803222232273,1.0,1.0,1.0,0.8181168009263446
1586,c06d7badaabb5a9f,True,1.0,1.0,0.8955480940543585,1.0,1.0,1.0,0.9564783725226494
1587,98045d12586d50b6,True,1.0,0.0,0.0,0.0,1.0,1.0,0.0
1588,215c38293c335e25,True,1.0,1.0,1.0,0.0,1.0,1.0,0.5833333333333334
1589,99e3b8d3211f53d7,True,1.0,1.0,0.9002265158899415,1.0,1.0,1.0,0.9584277149541424
1590,901b2d48b2ce5bf1,True,1.0,1.0,0.7024897566166165,1.0,1.0,1.0,0.8760373985902569
1591,74d0c56b12f25f92,True,1.0,1.0,0.8516017695073598,1.0,1.0,1.0,0.9381674039614
1592,043839beb58a5dad,True,1.0,1.0,0.8234289947994298,1.0,1.0,1.0,0.9264287478330958
1593,a42cc34c8a985b67,True,1.0,1.0,0.9062533435834442,1.0,1.0,0.0,0.9609388931597684
1594,6b7e5348100b5572,True,1.0,1.0,1.0,1.0,1.0,1.0,1.0
1595,59a1d448fbdf53f6,True,1.0,1.0,1.0,1.0,1.0,1.0,1.0
1596,9f528c7bfca6509b,True,1.0,0.0,0.0,1.0,1.0,1.0,0.0
1597,45f13336bbd35146,True,1.0,0.0,0.0,1.0,1.0,1.0,0.0
1598,3d6cbc2a95885eef,True,1.0,1.0,0.14266094744607974,1.0,1.0,1.0,0.6427753947691999
1599,f727c5fa1e735d2d,True,1.0,1.0,0.981468440069608,1.0,1.0,1.0,0.99227851669567
1600,96a252e16d1553e1,True,1.0,1.0,0.9709080910117331,1.0,1.0,1.0,0.9878783712548888
1601,b6a62a2356885962,True,1.0,1.0,1.0,1.0,1.0,1.0,1.0
1602,c65a7b2b6f8c527e,True,1.0,1.0,0.9725087000905384,1.0,1.0,1.0,0.988545291704391
1603,7fcd3691c57b5f49,True,1.0,1.0,0.8840655891237192,1.0,1.0,1.0,0.9516939954682163
1604,71405d414236553c,True,1.0,1.0,0.7804360578855256,1.0,1.0,1.0,0.908515024118969
1605,4201a91014c852a8,True,1.0,1.0,0.8313625944004795,1.0,1.0,1.0,0.9297344143335332
1606,19f8a93df08452b5,True,1.0,1.0,0.7257903325936711,1.0,1.0,1.0,0.8857459719140296
1607,aab09057df0a515d,True,1.0,1.0,0.8109915903533244,1.0,1.0,0.5,0.9212464959805517
1608,b19f226d281e588a,True,1.0,1.0,0.7820279529905486,1.0,1.0,1.0,0.9091783137460618
1609,d6fc32608ecc581c,True,1.0,1.0,0.8172906969424785,1.0,1.0,1.0,0.9238711237260328
1610,dcf89e4b93ba5fbe,True,0.0,1.0,0.0,0.0,1.0,1.0,0.0
1611,7328fe7f857051ea,True,1.0,1.0,1.0,1.0,1.0,1.0,1.0
1612,fd9b66480e895706,True,1.0,1.0,0.7079900590172313,1.0,1.0,1.0,0.8783291912571798
1613,97fcdcd35af7563b,True,1.0,1.0,1.0,1.0,1.0,1.0,1.0
1614,cb7ce9515c495674,True,1.0,1.0,0.7125000047135168,1.0,1.0,1.0,0.8802083352972986
1615,8611c130815150a7,True,1.0,1.0,0.8831176479719466,1.0,1.0,1.0,0.9512990199883111
1616,277758d55617567b,True,1.0,1.0,0.6573725178551293,1.0,1.0,1.0,0.8572385491063038
1617,1bf4bffb864f5379,True,1.0,1.0,1.0,1.0,1.0,1.0,1.0
1618,04703c86cf5b5a20,True,1.0,1.0,0.8830063917414996,1.0,1.0,1.0,0.9512526632256249
1619,4d8c41cf686957d1,True,1.0,1.0,1.0,1.0,1.0,1.0,1.0
1620,96f6cde1205e5865,True,1.0,1.0,0.7328982628730557,1.0,1.0,1.0,0.8887076095304399
1621,24567f5ad57455c4,True,1.0,1.0,1.0,1.0,1.0,1.0,1.0
1622,6884907db45c5cad,True,1.0,1.0,0.9991604163828107,1.0,1.0,1.0,0.9996501734928378
1623,f62e6cb228dc50e1,True,1.0,0.0,0.0,0.0,1.0,0.5,0.0
1624,008d66a74c275479,True,1.0,1.0,1.0,1.0,1.0,1.0,1.0
1625,95ba88fe9c385123,True,1.0,1.0,1.0,1.0,1.0,1.0,1.0
1626,62d339c4086d51ba,True,1.0,1.0,0.777519598953318,1.0,1.0,1.0,0.9072998328972158
1627,3f5c9cc5b40a5ff5,True,1.0,1.0,0.7282684785483353,1.0,1.0,1.0,0.8867785327284731
1628,9c9b62965da75764,True,1.0,1.0,0.9683769098668648,1.0,1.0,1.0,0.986823712444527
1629,7ba76233a35553c2,True,1.0,1.0,1.0,1.0,1.0,1.0,1.0
1630,406f8b299de35ce2,True,1.0,0.0,0.0,1.0,1.0,1.0,0.0
1631,9016f4b84afb5913,True,1.0,1.0,1.0,1.0,1.0,1.0,1.0
1632,d3e99c65bb2a5d79,True,1.0,1.0,0.723913293035137,1.0,1.0,1.0,0.8849638720979738
1633,6ad6e6d54e845206,True,1.0,1.0,0.9038019695991903,1.0,1.0,1.0,0.959917487332996
1634,3befac537db85c6c,True,1.0,1.0,1.0,1.0,1.0,1.0,1.0
1635,8ed81a3cabde5dcf,True,1.0,1.0,0.840780515749922,1.0,1.0,1.0,0.9336585482291341
1636,66ca1ffcef4354e9,True,1.0,0.0,0.0,1.0,1.0,1.0,0.0
1637,305634c7b587567f,True,1.0,1.0,0.8143283565383804,1.0,1.0,1.0,0.9226368152243252
1638,001d444661b45635,True,1.0,1.0,0.8553156191146442,1.0,1.0,1.0,0.9397148412977684
1639,c4a50f520ab75da6,True,0.0,1.0,0.0,0.0,1.0,1.0,0.0
1640,2e6b78be8c9e5e0c,True,1.0,1.0,1.0,1.0,1.0,1.0,1.0
1641,93b0ff5c4c5c507e,True,1.0,1.0,1.0,1.0,1.0,1.0,1.0
1642,b411a654aa215f1b,True,1.0,1.0,0.7585033284410484,1.0,1.0,1.0,0.8993763868504369
1643,580b253c853c5ef9,True,1.0,1.0,1.0,1.0,1.0,1.0,1.0
1644,63c145828c3b5fd8,True,1.0,1.0,0.5733591095544861,1.0,1.0,1.0,0.8222329623143692
1645,a8da6565d00e514a,True,0.5,0.0,0.0,0.0,1.0,0.0,0.0
1646,8f60912c624e5f5f,True,1.0,1.0,1.0,1.0,1.0,1.0,1.0
1647,5403d4e6179a5354,True,1.0,1.0,0.7310519373524539,1.0,1.0,1.0,0.8879383072301891
1648,8a02c25b58bb5a2b,True,1.0,1.0,1.0,1.0,1.0,1.0,1.0
1649,238955ab60075940,True,1.0,1.0,0.8295080737858761,1.0,1.0,1.0,0.9289616974107817
1650,a164681774715cea,True,1.0,1.0,0.7629303276593319,1.0,1.0,1.0,0.901220969858055
1651,90314b74c92954d6,True,1.0,1.0,0.838538227811481,1.0,1.0,1.0,0.9327242615881172
1652,3b3f3faf6778593f,True,1.0,1.0,1.0,1.0,1.0,1.0,1.0
1653,30d90432ffb357cf,True,1.0,1.0,0.9119890013006319,1.0,1.0,1.0,0.96332875054193
1654,f158576757e95c31,True,1.0,1.0,0.82693163002483,1.0,1.0,1.0,0.9278881791770125
1655,1fd8eed8897a5667,True,1.0,1.0,1.0,1.0,1.0,1.0,1.0
1656,5239e2cfe006568b,True,1.0,1.0,0.8311004890593844,1.0,1.0,1.0,0.9296252037747434
1657,23d647e77f2d515e,True,1.0,1.0,0.7763066021534033,1.0,1.0,1.0,0.9067944175639181
1658,949a5f17807b5aac,True,1.0,1.0,0.7328882526052545,1.0,1.0,1.0,0.8887034385855227
1659,4a919f7ea2f65200,True,1.0,0.0,0.0,1.0,1.0,1.0,0.0
1660,4a35a95ee57f5572,True,1.0,1.0,1.0,1.0,1.0,1.0,1.0
1661,b98d8c3330625df2,True,1.0,1.0,0.949782195796178,1.0,1.0,1.0,0.9790759149150742
1662,c4cb19209497505a,True,1.0,1.0,1.0,1.0,1.0,1.0,1.0
1663,695d7450eb3958c1,True,1.0,1.0,0.8053438104225291,1.0,1.0,1.0,0.9188932543427205
1664,7ff27f83a8995932,True,1.0,1.0,1.0,1.0,1.0,1.0,1.0
1665,cdf234c4f4c35156,True,1.0,1.0,0.8319486140860616,1.0,1.0,1.0,0.9299785892025256
1666,e6be0f4d0dc351d0,True,1.0,1.0,1.0,1.0,1.0,1.0,1.0
1667,82e565141eb55f88,True,1.0,1.0,0.99254085821124,1.0,1.0,1.0,0.9968920242546834
1668,5af27ca0b8135d9d,True,1.0,1.0,0.9491385221428263,1.0,1.0,1.0,0.978807717559511
1669,571bb034360052d9,True,1.0,1.0,1.0,1.0,1.0,1.0,1.0
1670,e69f96075afb5d86,True,1.0,1.0,0.9243797748654043,1.0,1.0,1.0,0.9684915728605851
1671,e67729beeaa95c34,True,1.0,1.0,1.0,1.0,1.0,1.0,1.0
1672,e0522da7328d5c9e,True,1.0,1.0,0.8375958863944084,1.0,1.0,1.0,0.9323316193310035
1673,31cdd1b336305b1a,True,1.0,1.0,0.8001132795492402,1.0,1.0,1.0,0.9167138664788501
1674,563ef3c44a5a528e,True,1.0,1.0,0.5302086901133443,1.0,1.0,1.0,0.8042536208805601
1675,427ee2e0d1c05699,True,1.0,1.0,1.0,1.0,1.0,0.5,1.0
1676,6d93bbdab42255a9,True,1.0,1.0,1.0,1.0,1.0,1.0,1.0
1677,cd1234d5b4b2570d,True,1.0,1.0,0.6468700261653174,1.0,1.0,1.0,0.8528625109022157
1678,071d69045acb5971,True,1.0,0.0,0.0,1.0,1.0,0.0,0.0
1679,9300251ea784552f,True,1.0,1.0,0.9218514382647794,0.0,1.0,1.0,0.5507714326103248
1680,c1f712e1aed35216,True,1.0,1.0,0.805799179255457,1.0,1.0,1.0,0.9190829913564403
1681,a7fb000f96b35f94,True,1.0,1.0,1.0,1.0,1.0,1.0,1.0
1682,ea85208e83eb57b6,True,1.0,1.0,1.0,1.0,1.0,1.0,1.0
1683,d7ff11915cdf538e,True,1.0,1.0,1.0,1.0,1.0,1.0,1.0
1684,edd24f4c0a295030,True,1.0,1.0,0.9832613028339281,1.0,1.0,1.0,0.99302554284747
1685,a1ff2db262ab5db7,True,1.0,1.0,0.922901209446123,1.0,1.0,1.0,0.9678755039358845
1686,a4bc6340456351af,True,1.0,1.0,1.0,1.0,1.0,1.0,1.0
1687,7f0cb33eb150567e,True,1.0,1.0,1.0,1.0,1.0,1.0,1.0
1688,c1c3bb73344c593a,True,1.0,1.0,0.7929332385525175,1.0,1.0,1.0,0.9137221827302157
1689,e6b7dddf4ae95fea,True,1.0,1.0,0.9562576846432275,1.0,1.0,1.0,0.9817740352680114
1690,353988b87d995f68,True,1.0,1.0,0.8091569150631569,1.0,1.0,1.0,0.9204820479429822
1691,15cd405711fa54f8,True,1.0,1.0,0.24434278820598054,1.0,1.0,1.0,0.6851428284191585
1692,430589fe41235469,True,1.0,1.0,0.7150943160672116,1.0,1.0,1.0,0.8812892983613382
1693,de62001a07db556c,True,1.0,1.0,0.9220925201282135,1.0,1.0,1.0,0.9675385500534223
1694,97f7a14f8a835f59,True,1.0,1.0,1.0,1.0,1.0,1.0,1.0
1695,6021973f81a75e0b,True,1.0,1.0,0.6052672022534745,1.0,1.0,1.0,0.8355280009389476
1696,63a80bcca90b5dec,True,1.0,0.0,0.0,1.0,1.0,1.0,0.0
1697,c1ea7d700faa5fee,True,0.0,1.0,0.0,0.0,1.0,1.0,0.0
1698,3e96578a903d59d8,True,1.0,1.0,1.0,1.0,1.0,1.0,1.0
1699,ef0b044d86855ffe,True,1.0,1.0,1.0,1.0,1.0,1.0,1.0
1700,b934233d0ea6536b,True,1.0,1.0,1.0,1.0,1.0,1.0,1.0
1701,aa2918eb684351bd,True,1.0,1.0,1.0,1.0,1.0,1.0,1.0
1702,b50cf2a689a55433,True,1.0,1.0,0.8569909671262488,1.0,1.0,1.0,0.9404129029692703
1703,e14d9a1990535a29,True,1.0,1.0,0.5555086147884496,1.0,1.0,1.0,0.814795256161854
1704,662212c87d0d5b09,True,1.0,1.0,0.7895102608792777,1.0,1.0,1.0,0.9122959420330323
1705,ee82b0fc7b2a5208,True,1.0,1.0,0.7043113332936497,1.0,1.0,1.0,0.876796388872354
1706,99ebd32df2f453f8,True,1.0,1.0,1.0,1.0,1.0,1.0,1.0
1707,3f269e7b5ced51fa,True,1.0,1.0,1.0,1.0,1.0,1.0,1.0
1708,cedd32ec31e45cd9,True,1.0,1.0,0.7478169366896091,1.0,1.0,1.0,0.8949237236206704
1709,875f14a6967d5192,True,1.0,1.0,0.9065062767694715,1.0,1.0,1.0,0.9610442819872796
1710,c195a8cb7ccb59fd,True,1.0,1.0,0.5335349740088503,1.0,1.0,1.0,0.8056395725036877
1711,56a45baf2fb55951,True,1.0,1.0,0.9966479364917915,1.0,1.0,1.0,0.9986033068715798
1712,810b73ca95975db9,True,1.0,1.0,0.9930261404914277,1.0,1.0,1.0,0.9970942252047615
1713,024fd1e792395805,True,1.0,1.0,0.900351642478251,1.0,1.0,1.0,0.9584798510326046
1714,7b281124be57507a,True,1.0,0.0,0.0,1.0,1.0,1.0,0.0
1715,5380625bddba59a2,True,1.0,1.0,1.0,1.0,1.0,1.0,1.0
1716,9a357640ddd453d2,True,1.0,1.0,0.7724726433806612,1.0,1.0,1.0,0.9051969347419422
1717,1636385aa7ce5995,True,1.0,1.0,0.9935686752848594,1.0,1.0,1.0,0.9973202813686913
1718,73872fdc28995ad6,True,1.0,1.0,0.7596108382903036,1.0,1.0,1.0,0.8998378492876266
1719,342982275eb15441,True,1.0,1.0,0.7996100918649819,1.0,1.0,1.0,0.9165042049437425
1720,c3ace87d2f985eaa,True,1.0,1.0,0.8486348036019791,1.0,1.0,1.0,0.9369311681674913
1721,896f25f6f25e52e0,True,1.0,1.0,0.9592491675340661,1.0,1.0,1.0,0.9830204864725275
1722,0372bb63e704555a,True,1.0,1.0,0.8685228176825728,1.0,1.0,0.0,0.945217840701072
1723,e805310ff3055efa,True,1.0,1.0,1.0,1.0,1.0,1.0,1.0
1724,d37e71f395695c6f,True,1.0,1.0,0.7977100409640193,1.0,1.0,1.0,0.9157125170683414
1725,f9bd532e790f53ea,True,1.0,1.0,1.0,1.0,1.0,1.0,1.0
1726,6e0a467af0205f04,True,1.0,1.0,0.6950672122036572,1.0,1.0,1.0,0.8729446717515238
1727,a9c368a110585b1a,True,1.0,1.0,1.0,1.0,1.0,0.5,1.0
1728,3748f0fadf395c8a,True,1.0,1.0,0.8367205524583837,1.0,1.0,0.5,0.9319668968576599
1729,1f55063084fd593c,True,1.0,1.0,1.0,1.0,1.0,1.0,1.0
1730,71057ab084a75ce6,True,1.0,1.0,0.8054316954146887,1.0,1.0,1.0,0.9189298730894536
1731,25a3a5bc491d521b,True,1.0,1.0,0.7667642312688616,1.0,1.0,1.0,0.9028184296953591
1732,b5c2d13e8d5c517a,True,1.0,1.0,0.7987512676321669,1.0,1.0,1.0,0.9161463615134028
1733,71a5ed00dbe85089,True,1.0,1.0,0.6595726791285185,1.0,1.0,1.0,0.858155282970216
1734,d1cf48dea57f5d2a,True,1.0,0.0,0.0,1.0,1.0,1.0,0.0
1735,15b25b99cf2d5965,True,1.0,1.0,1.0,1.0,1.0,1.0,1.0
1736,ee95e29e1aec53e1,True,1.0,1.0,0.867379649830437,1.0,1.0,1.0,0.944741520762682
1737,5d5cef2e5d6b5d6b,True,0.0,1.0,0.0,0.0,1.0,1.0,0.0
1738,4c24c3efe0e4519d,True,1.0,1.0,0.7965189089683532,1.0,1.0,1.0,0.9152162120701473
1739,424cdafd92f25209,True,1.0,1.0,1.0,1.0,1.0,1.0,1.0
1740,5b1a620dcd675298,True,1.0,1.0,1.0,1.0,1.0,1.0,1.0
1741,8b369f66349d550a,True,1.0,1.0,1.0,1.0,1.0,1.0,1.0
1742,54c208abe15c56e5,True,1.0,1.0,1.0,1.0,1.0,1.0,1.0
1743,9ce9ec5a49b1568d,True,1.0,1.0,0.8205882271005458,1.0,1.0,1.0,0.9252450946252274
1744,2184b01d59d4550c,True,1.0,1.0,1.0,1.0,1.0,1.0,1.0
1745,1d3a143cf41f5d16,True,1.0,1.0,0.656548910465088,1.0,1.0,1.0,0.8568953793604533
1746,8a3c6c3502035e11,True,1.0,1.0,0.7232178335377863,1.0,1.0,1.0,0.884674097307411
1747,23d70775af9754e8,True,1.0,1.0,1.0,1.0,1.0,1.0,1.0
1748,8fb6a2364e0c53f9,True,1.0,1.0,0.9567163943419436,1.0,1.0,1.0,0.9819651643091433
1749,ad970e7cae1a5ead,True,1.0,1.0,1.0,1.0,1.0,1.0,1.0
1750,0eb6987fdc9b5213,True,1.0,1.0,1.0,0.0,1.0,1.0,0.5833333333333334
1751,f980b34746d45868,True,1.0,1.0,0.8073317693465972,1.0,1.0,1.0,0.9197215705610823
1752,70d79606f745562e,True,1.0,1.0,1.0,1.0,1.0,1.0,1.0
1753,75151361dbe658bb,True,1.0,1.0,1.0,1.0,1.0,1.0,1.0
1754,38f4eed7d2cb5cc0,True,1.0,1.0,1.0,1.0,1.0,1.0,1.0
1755,e36e9da57e1e5e32,True,1.0,1.0,0.5481846167644033,1.0,1.0,1.0,0.8117435903185014
1756,f3c6560a01e55c94,True,1.0,1.0,1.0,1.0,1.0,1.0,1.0
1757,10b9d1b254f35a74,True,1.0,1.0,0.6663812992611562,1.0,1.0,1.0,0.8609922080254817
1758,a25c025ea58d5409,True,1.0,1.0,0.9698568964544492,1.0,1.0,1.0,0.9874403735226872
1759,decc2e4c0f445afc,True,1.0,1.0,0.7236095996906428,1.0,1.0,1.0,0.8848373332044345
1760,d20a475e7b1956bf,True,1.0,1.0,1.0,1.0,1.0,1.0,1.0
1761,622867ce25805447,True,1.0,1.0,0.7726551977255351,1.0,1.0,1.0,0.9052729990523063
1762,70a70a9054d75d9f,True,1.0,1.0,1.0,1.0,1.0,1.0,1.0
1763,9d69a0f2f73f5035,True,1.0,1.0,1.0,0.0,1.0,1.0,0.5833333333333334
1764,ad7d51bd1b7055ca,True,1.0,1.0,0.7275168178979793,1.0,1.0,1.0,0.8864653407908247
1765,239cb4818dc458fd,True,1.0,1.0,1.0,1.0,1.0,1.0,1.0
1766,6aaf052582e35b0c,True,1.0,1.0,1.0,0.0,1.0,1.0,0.5833333333333334
1767,9af711dfa6eb5952,True,1.0,1.0,1.0,1.0,1.0,1.0,1.0
1768,b4eb56fcd01857bb,True,1.0,1.0,0.7393124312404591,1.0,1.0,1.0,0.8913801796835247
1769,9360bfdb65d153cd,True,1.0,1.0,0.8541764318901273,1.0,1.0,1.0,0.9392401799542197
1770,e9cb16355c1f5d9b,True,1.0,1.0,0.8286367131319368,1.0,1.0,1.0,0.9285986304716403
1771,01d3726e5bc2576b,True,1.0,1.0,1.0,1.0,1.0,1.0,1.0
1772,8cd3d83dd4825865,True,1.0,1.0,0.9041961852382046,1.0,1.0,1.0,0.9600817438492518
1773,948e3c9e26805b86,True,1.0,1.0,1.0,1.0,1.0,1.0,1.0
1774,21ce6f815188587a,True,1.0,1.0,0.7192002949685662,1.0,1.0,1.0,0.8830001229035692
1775,077c80ecaed0548f,True,1.0,1.0,0.08577743417683609,1.0,1.0,1.0,0.619073930907015
1776,09a0456056555b0a,True,1.0,1.0,0.7581727079187374,1.0,1.0,1.0,0.8992386282994739
1777,6c321000d6c0527a,True,1.0,1.0,1.0,1.0,1.0,1.0,1.0
1778,607fd9c5903d5376,True,1.0,1.0,0.759203691295512,0.0,1.0,1.0,0.4830015380397967
1779,4742cf16ab0f515b,True,1.0,1.0,1.0,1.0,1.0,1.0,1.0
1780,2c337eb368fb54ca,True,1.0,0.0,0.0,1.0,1.0,0.5,0.0
1781,0a8c2aac609d5a04,True,1.0,1.0,0.7359371116508607,1.0,1.0,1.0,0.889973796521192
1782,ab66df989bcc56aa,True,1.0,1.0,0.9517387753502642,1.0,1.0,1.0,0.9798911563959435
1783,b87c15c9f6cf54eb,True,1.0,1.0,1.0,1.0,1.0,1.0,1.0
1784,b0a7f01e57205fb4,True,1.0,1.0,0.05242907269409756,1.0,1.0,1.0,0.6051787802892074
1785,a8dacf347a605f0d,True,1.0,1.0,0.8033909846846944,1.0,1.0,1.0,0.9180795769519561
1786,78e8eab14d8e5d65,True,1.0,1.0,0.9198335551360196,1.0,1.0,1.0,0.9665973146400081
1787,84409129e8075bca,True,1.0,0.0,0.0,1.0,1.0,1.0,0.0
1788,46ee8e2727455a9f,True,1.0,1.0,0.98103118571471,1.0,1.0,1.0,0.9920963273811291
1789,6d5f5983c8eb5615,True,1.0,1.0,0.7936737170142931,1.0,1.0,1.0,0.9140307154226223
1790,ee526f78f4ce5d75,True,1.0,1.0,1.0,1.0,1.0,1.0,1.0
1791,248288deae795ad8,True,1.0,1.0,0.8574442778340319,1.0,1.0,1.0,0.9406017824308467
1792,0b232677746253a0,True,1.0,1.0,1.0,1.0,1.0,1.0,1.0
1793,75f9d978b4d757a2,True,1.0,1.0,0.7834863984247744,1.0,1.0,1.0,0.909785999343656
1794,7ac633604a3c572d,True,1.0,1.0,1.0,1.0,1.0,1.0,1.0
1795,52ed9777731d5ba8,True,1.0,1.0,0.91226299421525,1.0,1.0,1.0,0.9634429142563542
1796,963ea50b7eb2554b,True,1.0,1.0,1.0,1.0,1.0,1.0,1.0
1797,0e198cad33c65494,True,1.0,1.0,0.7618712691064944,1.0,1.0,1.0,0.9007796954610393
1798,a3c54d0e80375911,True,1.0,1.0,1.0,1.0,1.0,1.0,1.0
1799,03ca1900f09b5d20,True,1.0,1.0,0.7948189585704742,1.0,1.0,1.0,0.9145078994043643
1800,5c934edce20758e5,True,1.0,1.0,0.7174397105601618,1.0,1.0,1.0,0.882266546066734
1801,66908680155c550a,True,1.0,1.0,0.8964320318659014,1.0,1.0,1.0,0.9568466799441255
1802,df284ad97ad55a31,True,1.0,1.0,0.8106362883173538,1.0,1.0,1.0,0.9210984534655641
1803,83be5aa78f7652de,True,1.0,1.0,0.11355609603132713,1.0,1.0,1.0,0.6306483733463862
1804,b26b54b014205d5c,True,1.0,1.0,0.8027157805821806,1.0,1.0,1.0,0.917798241909242
1805,1cddfddca0bd560a,True,1.0,1.0,1.0,1.0,1.0,1.0,1.0
1806,8bebc6662b36505f,True,1.0,1.0,0.7893000100284535,1.0,1.0,1.0,0.9122083375118556
1807,6d7ca07eac51558e,True,1.0,1.0,1.0,1.0,1.0,1.0,1.0
1808,a5de46cebb7d5260,True,1.0,0.0,0.0,1.0,1.0,1.0,0.0
1809,b999dd3826b058a7,True,1.0,1.0,0.6217424393994875,1.0,1.0,1.0,0.8423926830831198
1810,d39ff27c54d55ef1,True,1.0,1.0,0.9665401807880153,1.0,1.0,1.0,0.9860584086616729
1811,28ecbec6051d5527,True,1.0,1.0,0.8431552423465932,1.0,1.0,0.5,0.9346480176444137
1812,d1408323ef2357be,True,1.0,1.0,0.8368549717920224,1.0,1.0,1.0,0.9320229049133427
1813,967b41c4778d5aac,True,1.0,1.0,0.8779857855026925,1.0,1.0,1.0,0.9491607439594553
1814,feb7748995f55bdd,True,1.0,1.0,1.0,1.0,1.0,1.0,1.0
1815,6fee6df4d64b5d9d,True,1.0,1.0,0.8496093087065055,1.0,1.0,1.0,0.937337211961044
1816,236c1e1f86ec5e98,True,1.0,1.0,0.9676634848418272,1.0,1.0,1.0,0.9865264520174281
1817,49a747ca28cd5d5f,True,1.0,1.0,0.7596968218634083,1.0,1.0,1.0,0.8998736757764201
1818,d55aac327e4451ba,True,1.0,1.0,0.7856577960523116,1.0,1.0,1.0,0.9106907483551298
1819,030c27139f7d57a4,True,1.0,1.0,0.678519565806632,1.0,1.0,1.0,0.8660498190860967
1820,b99d20a078a958b9,True,1.0,1.0,0.8652987311561378,1.0,1.0,0.0,0.9438744713150573
1821,abe1ac610c3d5b82,True,1.0,1.0,0.7990887097574227,1.0,1.0,1.0,0.9162869623989262
1822,927aa2c8ef7d5b5c,True,0.0,1.0,0.0,0.0,1.0,1.0,0.0
1823,4417a92b5b1956b8,True,1.0,1.0,0.9097849633429651,1.0,1.0,1.0,0.9624104013929021
1824,bb30019d8f645e62,True,1.0,0.0,0.0,1.0,1.0,1.0,0.0
1825,7e7480ffa3aa55a4,True,1.0,1.0,0.9016320013312744,0.0,1.0,1.0,0.5423466672213643
1826,b0598da891205aa3,True,1.0,1.0,0.7576254042665518,1.0,1.0,1.0,0.8990105851110632
1827,d2098ab3fc1953b3,True,1.0,1.0,1.0,1.0,1.0,1.0,1.0
1828,0b5b1309df2f5627,True,1.0,1.0,0.669164070200004,1.0,1.0,1.0,0.8621516959166683
1829,af682242313853cb,True,1.0,1.0,1.0,1.0,1.0,1.0,1.0
1830,9a94341d994d5ec9,True,1.0,1.0,0.721542122612442,1.0,1.0,1.0,0.8839758844218508
1831,c48cfa7c240d5808,True,1.0,1.0,0.9039494680986547,1.0,1.0,1.0,0.9599789450411061
1832,1fb997ffe1de58f8,True,1.0,1.0,0.7586299546057352,1.0,1.0,1.0,0.8994291477523898
1833,66225fc71bd35554,True,1.0,1.0,0.9807276042145701,1.0,1.0,1.0,0.9919698350894043
1834,2fb12c4c2eec5b8d,True,1.0,1.0,1.0,1.0,1.0,1.0,1.0
1835,765dacfed4925185,True,1.0,1.0,1.0,1.0,1.0,1.0,1.0
1836,def5763ef93655ae,True,1.0,1.0,0.8954718309857104,1.0,1.0,1.0,0.9564465962440459
1837,bbb7e4525bd05d3d,True,1.0,1.0,1.0,1.0,1.0,1.0,1.0
1838,54a9fe6636755234,True,1.0,1.0,1.0,0.0,1.0,1.0,0.5833333333333334
1839,d0785c050c1350e7,True,1.0,1.0,1.0,1.0,1.0,1.0,1.0
1840,3aff98e018195468,True,1.0,1.0,0.9212449143295947,1.0,1.0,1.0,0.9671853809706645
1841,69a4cff1f35655ff,True,1.0,1.0,0.5638958111749952,1.0,1.0,1.0,0.8182899213229146
1842,8f5cefce0c0259d9,True,1.0,1.0,0.8062332187784863,1.0,1.0,1.0,0.9192638411577025
1843,906ffee6860e524a,True,1.0,1.0,1.0,1.0,1.0,1.0,1.0
1844,7f890846214d583a,True,1.0,1.0,0.8184777576425734,1.0,1.0,1.0,0.9243657323510722
1845,8abfcd61303b52df,True,1.0,1.0,0.7211981394823365,1.0,1.0,1.0,0.8838325581176402
1846,84ed0a5827f656d8,True,1.0,1.0,0.8496163718359706,1.0,1.0,1.0,0.9373401549316545
1847,1a3569d56fbf5521,True,1.0,1.0,0.6296255448488259,1.0,1.0,1.0,0.8456773103536775
1848,0c8b9f08bfa25dc2,True,1.0,1.0,1.0,1.0,0.0,1.0,0.8333333333333334
1849,e6c8f0c4aaea52d7,True,1.0,1.0,1.0,1.0,1.0,1.0,1.0
1850,7643b4b3f33d5910,True,1.0,1.0,0.8160979182357289,1.0,1.0,1.0,0.9233741325982203
1851,905ab0794c235f69,True,1.0,0.0,0.0,1.0,1.0,1.0,0.0
1852,c9a4d6a0295f5142,True,1.0,1.0,1.0,1.0,1.0,1.0,1.0
1853,88862af321ce5c8f,True,1.0,1.0,1.0,1.0,1.0,1.0,1.0
1854,fda70850d06c51a1,True,1.0,1.0,1.0,1.0,1.0,1.0,1.0
1855,b826ee4aedc95b0c,True,1.0,1.0,0.8791927121408536,1.0,1.0,1.0,0.9496636300586889
1856,3260b9e0a6ac5b8b,True,1.0,1.0,0.6820616315708458,1.0,1.0,1.0,0.8675256798211857
1857,1a3c8066b86857b5,True,1.0,1.0,0.9451946221868096,1.0,1.0,1.0,0.9771644259111708
1858,57076e49ca7c5570,True,1.0,1.0,0.8400993480283498,1.0,1.0,1.0,0.9333747283451457
1859,43ef28a235035eac,True,1.0,1.0,0.7001593114430333,1.0,1.0,1.0,0.8750663797679307
1860,6b5a3fa1663e5a8d,True,1.0,1.0,0.7191852412245447,1.0,1.0,1.0,0.8829938505102269
1861,6b977574e52a5f1b,True,1.0,1.0,1.0,0.0,1.0,1.0,0.5833333333333334
1862,d91f0c28683e52da,True,0.0,1.0,0.0,0.0,1.0,1.0,0.0
1863,b5e7acb62778580b,True,1.0,1.0,0.9962032101255679,1.0,1.0,1.0,0.9984180042189866
1864,08dfae1bbef35bdc,True,1.0,1.0,0.8058507377985203,1.0,1.0,1.0,0.9191044740827167
1865,44230a68f8305c14,True,1.0,1.0,0.9292606775474126,1.0,1.0,1.0,0.970525282311422
1866,8fe72476d10c552a,True,1.0,1.0,0.8611159602527059,1.0,1.0,1.0,0.9421316501052942
1867,f7c57baf089e561b,True,1.0,1.0,1.0,1.0,1.0,1.0,1.0
1868,356738fb8224508b,True,1.0,1.0,1.0,1.0,1.0,1.0,1.0
1869,618902d469b5516e,True,1.0,1.0,0.8239992777251735,1.0,1.0,1.0,0.9266663657188223
1870,4d5c4013a6db5819,True,1.0,1.0,1.0,1.0,1.0,1.0,1.0
1871,e9bfb4821bfd5801,True,1.0,1.0,1.0,1.0,1.0,1.0,1.0
1872,7287189737c85540,True,1.0,1.0,1.0,1.0,1.0,1.0,1.0
1873,2c1f43c6b93c5952,True,1.0,0.0,0.0,1.0,1.0,1.0,0.0
1874,bf478a1422445c12,True,1.0,1.0,0.758163562003183,1.0,1.0,1.0,0.8992348175013264
1875,508511fd38a15d52,True,1.0,1.0,1.0,1.0,1.0,1.0,1.0
1876,0d77009a20f25175,True,1.0,1.0,0.8921028758405652,1.0,1.0,1.0,0.9550428649335689
1877,f8d3738f77c05163,True,1.0,1.0,0.8835298660166673,1.0,1.0,1.0,0.9514707775069446
1878,87fa0c79b31c563a,True,0.5,0.0,0.0,0.0,1.0,0.0,0.0
1879,28b94453e1cd578f,True,1.0,1.0,0.8678344476448041,1.0,1.0,1.0,0.9449310198520017
1880,70b8c89829d05f30,True,1.0,1.0,1.0,1.0,1.0,1.0,1.0
1881,876aec35f98a5280,True,1.0,1.0,1.0,1.0,1.0,1.0,1.0
1882,b27841ee318f5d92,True,1.0,1.0,0.9828385697542568,1.0,1.0,1.0,0.9928494040642737
1883,488dd191f7dc59a8,True,1.0,1.0,0.8425929097232974,1.0,1.0,1.0,0.9344137123847073
1884,7eb19d771c975618,True,1.0,1.0,0.5924869464395148,1.0,1.0,1.0,0.8302028943497978
1885,b9ddc4b10ef751a5,True,0.0,1.0,0.0,0.0,1.0,1.0,0.0
1886,702320a088cf5d53,True,1.0,1.0,0.5066708547725632,1.0,1.0,1.0,0.794446189488568
1887,6ed328b05b54553e,True,1.0,1.0,0.6255824843360429,1.0,1.0,1.0,0.8439927018066845
1888,fc1b6762387f5209,True,1.0,1.0,0.8996347318493281,1.0,1.0,1.0,0.9581811382705534
1889,3e7237c8a7815648,True,1.0,1.0,1.0,1.0,1.0,1.0,1.0
1890,2dad1998a320527d,True,1.0,1.0,0.8678946227747207,1.0,1.0,1.0,0.9449560928228004
1891,1e1878076a0b52d6,True,1.0,1.0,0.8154798755904333,1.0,1.0,1.0,0.9231166148293473
1892,a73f7d7149c45478,True,1.0,1.0,0.6038557828715088,1.0,1.0,1.0,0.8349399095297954
1893,35dbc03efb3c5f00,True,1.0,1.0,1.0,1.0,1.0,1.0,1.0
1894,7ed4005bb9385a16,True,1.0,1.0,0.8733988508787723,1.0,1.0,1.0,0.9472495211994886
1895,32e457e686675618,True,1.0,1.0,0.7995851821185718,1.0,1.0,1.0,0.9164938258827382
1896,9f309ebf66645913,True,1.0,1.0,0.8882500734155836,1.0,1.0,1.0,0.9534375305898265
1897,0706e8bf25805e91,True,1.0,1.0,0.9771795328977866,1.0,1.0,1.0,0.9904914720407444
1898,260c9a75f6e05785,True,1.0,1.0,1.0,1.0,1.0,1.0,1.0
1899,490475b585895e0e,True,1.0,1.0,0.8983693387138348,1.0,1.0,1.0,0.9576538911307645
1900,3c3991ec8d7a5507,True,1.0,1.0,0.7461397216156587,1.0,1.0,1.0,0.8942248840065244
1901,bf72d4d6b25f5b27,True,1.0,1.0,0.9636627411271543,1.0,1.0,1.0,0.9848594754696477
1902,5ca7353cbe4a5cf7,True,1.0,1.0,1.0,1.0,1.0,1.0,1.0
1903,f79916e26eef5b74,True,1.0,1.0,0.9828745374555627,1.0,1.0,1.0,0.9928643906064845
1904,a33054c645ce5643,True,1.0,1.0,1.0,1.0,1.0,1.0,1.0
1905,4755336a0e225d97,True,1.0,1.0,1.0,1.0,1.0,1.0,1.0
1906,4109b79d84ea5053,True,1.0,1.0,0.9082232815451886,1.0,1.0,1.0,0.9617597006438287
1907,53ab46d6ca9d5b68,True,1.0,1.0,1.0,1.0,1.0,1.0,1.0
1908,91fc00df56ae5aca,True,1.0,1.0,0.7358765674275359,1.0,1.0,1.0,0.8899485697614734
1909,46a9bf6f100c5e0a,True,1.0,1.0,0.8531492735124943,1.0,1.0,1.0,0.9388121972968726
1910,5dbf07df40a55d2e,True,1.0,1.0,0.5850106129222894,1.0,1.0,1.0,0.8270877553842872
1911,42b065f7e76d50ed,True,1.0,1.0,1.0,1.0,1.0,1.0,1.0
1912,abd6e8c330ea5694,True,1.0,1.0,0.7702462573299225,1.0,1.0,1.0,0.9042692738874677
1913,ed7a0f74484d58a8,True,1.0,1.0,1.0,1.0,1.0,1.0,1.0
1914,ee86c71bc0765fd0,True,1.0,1.0,1.0,1.0,1.0,1.0,1.0
1915,36b4b6d6e4745071,True,1.0,1.0,0.8855740951158696,1.0,1.0,1.0,0.9523225396316123
1916,4581d95a873c5679,True,1.0,0.0,0.0,0.0,1.0,0.0,0.0
1917,4afad5f528f45dfe,True,1.0,1.0,1.0,1.0,1.0,1.0,1.0
1918,3a161e0999b15823,True,1.0,1.0,0.7662146213184897,1.0,1.0,1.0,0.9025894255493707
1919,943c308c85d25ee5,True,1.0,1.0,0.7655426119327291,1.0,1.0,1.0,0.9023094216386371
1920,10d9d6d0ad405b9d,True,1.0,1.0,0.8729243700678123,1.0,1.0,1.0,0.9470518208615886
1921,fb3e4b836ab758db,True,1.0,1.0,0.9388166350771203,1.0,1.0,1.0,0.9745069312821335
1922,3d4616d64a4c5f53,True,1.0,1.0,0.9968183956077896,1.0,1.0,1.0,0.9986743315032456
1923,c41b4666b98e5b92,True,1.0,1.0,1.0,1.0,1.0,1.0,1.0
1924,345fc96fdf4c572b,True,1.0,1.0,0.874619236009325,1.0,1.0,1.0,0.9477580150038855
1925,960b735b1eac5dab,True,1.0,1.0,0.9808676164457338,1.0,1.0,1.0,0.9920281735190558
1926,192e92b5db4754a6,True,1.0,1.0,0.8434278363206971,1.0,1.0,0.0,0.9347615984669572
1927,d71f89f4f6e350b8,True,1.0,1.0,0.9150817287157299,0.0,1.0,1.0,0.5479507202982208
1928,9f4c04b7214b52a8,True,1.0,1.0,1.0,1.0,1.0,1.0,1.0
1929,9b58f5bd4e995a93,True,1.0,1.0,0.9323290196156702,1.0,1.0,1.0,0.9718037581731959
1930,2541de938ff15eee,True,1.0,1.0,0.89737242426857,1.0,1.0,1.0,0.9572385101119041
1931,b4f6a0719d2a5670,True,1.0,1.0,0.8759131522577924,1.0,1.0,1.0,0.9482971467740802
1932,14b270ee5a395ea9,True,1.0,1.0,0.9040266726896644,1.0,1.0,1.0,0.9600111136206935
1933,1218b6a218b750d8,True,1.0,1.0,1.0,1.0,1.0,1.0,1.0
1934,ea23b2bb8e5756b8,True,1.0,0.0,0.0,1.0,1.0,1.0,0.0
1935,ffd429cac51751d9,True,1.0,1.0,1.0,1.0,1.0,1.0,1.0
1936,9334f5a33c07587a,True,1.0,1.0,0.7404298944251038,1.0,1.0,1.0,0.8918457893437933
1937,c5727dc4f8665554,True,1.0,1.0,0.9885089744967295,1.0,1.0,1.0,0.9952120727069707
1938,53c908f42e685998,True,1.0,1.0,1.0,1.0,1.0,1.0,1.0
1939,0bc64fd1b3ff5d1a,True,0.0,1.0,0.0,0.0,1.0,1.0,0.0
1940,dc97241b7037592b,True,1.0,1.0,0.9755622580348206,1.0,1.0,1.0,0.9898176075145085
1941,65130561cbfb567a,True,1.0,1.0,1.0,1.0,1.0,1.0,1.0
1942,62735179d4f258ea,True,1.0,1.0,0.776211520147525,1.0,1.0,1.0,0.9067548000614688
1943,3be53588a286557f,True,1.0,1.0,0.9703501943242309,1.0,1.0,1.0,0.9876459143017629
1944,1faa29a936cd5277,True,1.0,0.0,0.0,1.0,1.0,1.0,0.0
1945,ea3b45489faf5c70,True,1.0,1.0,0.6233919794218014,1.0,1.0,1.0,0.8430799914257506
1946,af052c91de0f5295,True,1.0,1.0,1.0,1.0,1.0,1.0,1.0
1947,49ee466685265a80,True,1.0,1.0,0.9761372499486538,0.0,1.0,1.0,0.5733905208119391
1948,191dc35423a85d10,True,1.0,1.0,1.0,0.0,1.0,1.0,0.5833333333333334
1949,2223b290d60556d5,True,1.0,0.0,0.0,1.0,1.0,0.5,0.0
1950,0c6772102cc550ef,True,1.0,1.0,1.0,1.0,1.0,1.0,1.0
1951,398010cdaac05adc,True,1.0,1.0,0.9666927275799412,1.0,1.0,1.0,0.9861219698249754
1952,7fc551e4e0375d00,True,1.0,1.0,0.829294064323011,1.0,1.0,1.0,0.9288725268012546
1953,6004740a8a8052f8,True,1.0,1.0,0.9372429684851478,1.0,1.0,1.0,0.9738512368688115
1954,35b84fa433f0583f,True,1.0,1.0,0.5957594338729829,1.0,1.0,1.0,0.8315664307804096
1955,1a707ed0d7ba541d,True,1.0,1.0,0.9202074822595977,1.0,1.0,1.0,0.9667531176081656
1956,741d60ca8b7b5cb4,True,0.0,1.0,0.0,0.0,1.0,1.0,0.0
1957,7a3e5ab8218e550f,True,1.0,0.0,0.0,1.0,1.0,0.0,0.0
1958,d2937fdb8d605a73,True,1.0,1.0,0.7928913843880636,1.0,1.0,1.0,0.9137047434950265
1959,979fc47b4f245a9c,True,1.0,1.0,1.0,1.0,1.0,1.0,1.0
1960,2631b349e0ce5b83,True,1.0,1.0,0.9408576420704343,1.0,1.0,1.0,0.9753573508626809
1961,44324a7aa04f5501,True,1.0,1.0,0.9295811133954365,1.0,1.0,1.0,0.9706587972480986
1962,828b1011212253c6,True,1.0,1.0,1.0,0.0,1.0,1.0,0.5833333333333334
1963,03eef9b11774564f,True,1.0,1.0,1.0,1.0,1.0,1.0,1.0
1964,ba392de83daf5bf3,True,1.0,1.0,0.8999696606320512,1.0,1.0,1.0,0.9583206919300213
1965,9c45919236c051c0,True,1.0,1.0,0.8417564676465263,1.0,1.0,1.0,0.9340651948527192
1966,e9645135a4fe5739,True,1.0,1.0,0.7827620569756465,1.0,1.0,1.0,0.9094841904065194
1967,dcb6ca8a732551eb,True,1.0,0.0,0.0,1.0,1.0,1.0,0.0
1968,4da3c27db2495e9e,True,1.0,1.0,0.5945914658907123,1.0,1.0,1.0,0.8310797774544634
1969,569187407cd3517c,True,1.0,1.0,1.0,1.0,1.0,1.0,1.0
1970,95fa228136aa55d1,True,1.0,1.0,0.8355205479166157,1.0,1.0,1.0,0.9314668949652566
1971,e360cb69b8a55a47,True,1.0,1.0,0.9203285436404496,1.0,1.0,1.0,0.9668035598501873
1972,26af85cbc2d15e05,True,1.0,1.0,0.9835881020428399,1.0,1.0,1.0,0.9931617091845166
1973,584c0bd68dbb55e9,True,1.0,1.0,0.7055631649172347,1.0,1.0,1.0,0.8773179853821812
1974,03aa8a0576a25b63,True,1.0,1.0,0.6888446085690199,1.0,1.0,1.0,0.8703519202370916
1975,7780e502545a5df7,True,1.0,1.0,0.7339106852014334,1.0,1.0,1.0,0.8891294521672638
1976,f211c8127aff5246,True,1.0,1.0,0.9819630884405118,1.0,1.0,1.0,0.9924846201835466
1977,84b38cdaa93e5dcd,True,1.0,1.0,0.7070532156931778,1.0,1.0,1.0,0.8779388398721574
1978,83dd1484eb265a3c,True,1.0,1.0,1.0,1.0,1.0,1.0,1.0
1979,4334739a7f4e554e,True,1.0,1.0,1.0,1.0,1.0,1.0,1.0
1980,dad96574decb5a68,True,1.0,1.0,0.5013191233479116,1.0,1.0,1.0,0.7922163013949631
1981,ad2ceb40a046543c,True,1.0,1.0,1.0,1.0,1.0,1.0,1.0
1982,2497a4b846f25d99,True,1.0,1.0,0.702310510798457,1.0,1.0,1.0,0.8759627128326904
1983,0e0e30877d725664,True,1.0,1.0,0.9160726388377735,1.0,1.0,1.0,0.9650302661824055
1984,64a52073ea395752,True,1.0,1.0,0.7753036313797345,1.0,1.0,1.0,0.9063765130748894
1985,190c8d0cece45af1,True,1.0,1.0,1.0,1.0,1.0,1.0,1.0
1986,210a1c9ce3725a53,True,1.0,1.0,0.9293760712264625,1.0,1.0,1.0,0.970573363011026
1987,e45aa663bd0756d9,True,1.0,0.0,0.0,1.0,1.0,0.0,0.0
1988,582a4716d1bd55bc,True,1.0,1.0,0.8528937987288172,1.0,1.0,1.0,0.9387057494703406
1989,8d3c8a698ac65342,True,1.0,1.0,0.6634054066795936,1.0,1.0,1.0,0.859752252783164
1990,bf1370df23cf5118,True,1.0,1.0,0.8900643551251597,1.0,1.0,1.0,0.9541934813021499
1991,71031bf46f1b5cb8,True,0.0,1.0,0.0,0.0,1.0,1.0,0.0
1992,db29291cd4ee5499,True,1.0,1.0,1.0,1.0,1.0,1.0,1.0
1993,f1cc8f05115d5db6,True,1.0,1.0,1.0,1.0,1.0,1.0,1.0
1994,e22c42694be05703,True,1.0,1.0,0.781502177578862,1.0,1.0,1.0,0.9089592406578592
1995,1dc437ce152e55fa,True,1.0,1.0,0.7433539326568571,1.0,1.0,1.0,0.8930641386070238
1996,bfb373d958725fc8,True,1.0,1.0,1.0,1.0,1.0,1.0,1.0
1997,6326d00e52115da4,True,1.0,1.0,1.0,1.0,1.0,1.0,1.0
1998,f4458a9c09795afa,True,1.0,1.0,1.0,1.0,1.0,0.5,1.0
1999,e1398b3ecf3f520d,True,1.0,1.0,0.9562488543621256,1.0,1.0,1.0,0.981770355984219
2000,9b0b6d3472465b35,True,1.0,1.0,1.0,1.0,1.0,1.0,1.0
2001,43c8e05e697f5abe,True,1.0,1.0,1.0,1.0,1.0,1.0,1.0
2002,c2cfb091173a5ca2,True,1.0,1.0,1.0,1.0,1.0,1.0,1.0
2003,32a73ed06daa5b0e,True,1.0,1.0,0.8765486044184114,1.0,1.0,1.0,0.9485619185076715
2004,bc73190196b358f6,True,1.0,1.0,1.0,1.0,1.0,1.0,1.0
2005,a7a7c9782f3951a1,True,1.0,1.0,1.0,1.0,1.0,1.0,1.0
2006,5a90354cbaa45cc2,True,1.0,1.0,0.7571783975959528,1.0,1.0,1.0,0.8988243323316469
2007,efcc43b333075098,True,1.0,1.0,0.8721427572015502,1.0,1.0,1.0,0.9467261488339792
2008,31a522ae1ee151bf,True,1.0,1.0,0.8204028145612037,1.0,1.0,1.0,0.9251678394005015
2009,30638699ab8e575c,True,1.0,1.0,1.0,1.0,1.0,1.0,1.0
2010,7444ae8aea51554e,True,1.0,0.0,0.0,1.0,1.0,1.0,0.0
2011,8a2c1d34f9df5213,True,1.0,1.0,1.0,1.0,1.0,1.0,1.0
2012,9a24a904a324581d,True,1.0,1.0,1.0,1.0,1.0,1.0,1.0
2013,f53ece8c1cb9562c,True,1.0,1.0,0.8123035970409545,1.0,1.0,1.0,0.9217931654337311
2014,83f9ceae9dad56d9,True,1.0,1.0,0.5699284647208772,1.0,1.0,1.0,0.8208035269670321
2015,f6082f18c392582f,True,1.0,1.0,0.9887641950881053,1.0,1.0,0.5,0.9953184146200439
2016,912bc19c43a15d8d,True,1.0,1.0,0.8202280254582157,1.0,1.0,1.0,0.9250950106075898
2017,53d3787367c75240,True,1.0,1.0,1.0,1.0,1.0,1.0,1.0
2018,5a907598a1985222,True,1.0,1.0,0.8634064914783129,1.0,1.0,1.0,0.9430860381159638
2019,0d7d0361dc665d25,True,1.0,1.0,1.0,1.0,1.0,1.0,1.0
2020,7af63267db5c5415,True,1.0,1.0,0.7142945934226834,1.0,1.0,1.0,0.8809560805927847
2021,cd67b6a868ed5745,True,1.0,1.0,1.0,1.0,1.0,1.0,1.0
2022,e9597ce7a5a7589b,True,1.0,1.0,1.0,1.0,1.0,1.0,1.0
2023,0e08da5fbc735956,True,1.0,1.0,0.4680116261711772,1.0,1.0,1.0,0.778338177571324
2024,3eb063189dd15649,True,1.0,1.0,0.8008854627314939,1.0,1.0,1.0,0.9170356094714558
2025,5155241fdbbf57b3,True,1.0,1.0,1.0,1.0,1.0,1.0,1.0
2026,6a9642ab1a745aac,True,1.0,1.0,0.6222353427126839,1.0,1.0,1.0,0.8425980594636183
2027,2b65a8a29c455d00,True,1.0,1.0,0.7452136182975551,1.0,1.0,1.0,0.8938390076239813
2028,5f2d040ee3bf5c6e,True,1.0,1.0,0.6912743354279073,1.0,1.0,1.0,0.8713643064282947
2029,babd01c3694d5e18,True,1.0,1.0,0.9012936534104701,1.0,1.0,1.0,0.9588723555876958
2030,50ab222cd07b5bcd,True,1.0,1.0,0.8522431365411164,1.0,1.0,1.0,0.9384346402254652
2031,9170b75b8a3f527f,True,1.0,0.0,0.0,1.0,1.0,0.5,0.0
2032,68ea9d09300c5886,True,1.0,1.0,1.0,1.0,1.0,1.0,1.0
2033,cfbf3f55398f5fc6,True,1.0,0.0,0.0,1.0,1.0,1.0,0.0
2034,608913faecb959b4,True,1.0,1.0,0.8894973918736775,1.0,1.0,1.0,0.9539572466140323
2035,6919975cab1c5345,True,0.0,0.0,0.0,0.0,1.0,1.0,0.0
2036,c4b1d4fabd315035,True,1.0,1.0,1.0,1.0,1.0,1.0,1.0
2037,b5271c19eef859ed,True,1.0,1.0,0.7962437196083553,0.0,1.0,1.0,0.498434883170148
2038,1b5a55897d2950f9,True,1.0,1.0,0.752211801271318,1.0,1.0,1.0,0.8967549171963825
2039,b751857996975e6c,True,1.0,1.0,0.8465474753547682,1.0,1.0,1.0,0.9360614480644868
2040,134699ce1ce455c4,True,1.0,1.0,0.8885096825016137,1.0,1.0,1.0,0.9535457010423389
2041,b00afb2388cd5007,True,1.0,1.0,1.0,1.0,1.0,1.0,1.0
2042,62013ac84b3a57e5,True,1.0,1.0,0.8440403487556739,1.0,1.0,1.0,0.9350168119815309
2043,2f421d857f32510e,True,1.0,1.0,0.9331948058916248,1.0,1.0,1.0,0.9721645024548436
2044,482989b8df6550b5,True,0.0,1.0,0.0,1.0,1.0,1.0,0.0
2045,785a51e5263b5bec,True,1.0,1.0,0.8359863219754992,1.0,1.0,1.0,0.9316609674897913
2046,b6b0722747565854,True,1.0,1.0,0.7789853832266017,1.0,1.0,1.0,0.9079105763444174
2047,0f7854f951905e69,True,1.0,1.0,0.573723768249578,1.0,1.0,1.0,0.8223849034373242
2048,245bcbae35595474,True,1.0,1.0,1.0,1.0,1.0,1.0,1.0
2049,2eb015a011ac5fa2,True,1.0,1.0,1.0,1.0,1.0,1.0,1.0
2050,3cf6bf2e7992584c,True,1.0,1.0,1.0,1.0,1.0,1.0,1.0
2051,50209c502bd157c8,True,1.0,1.0,0.7135922192848472,1.0,1.0,1.0,0.8806634247020196
2052,fd3606c29f3f57fb,True,1.0,1.0,0.8197492031111473,1.0,1.0,1.0,0.9248955012963114
2053,1423dcf83efa5241,True,1.0,1.0,0.6804980682447194,1.0,1.0,1.0,0.8668741951019664
2054,213494be2acb5c68,True,1.0,1.0,0.760431966151669,1.0,1.0,1.0,0.9001799858965288
2055,f7a474593242588b,True,1.0,1.0,0.9725647672611666,1.0,1.0,1.0,0.988568653025486
2056,69dcc80901db5a29,True,1.0,1.0,1.0,0.0,1.0,1.0,0.5833333333333334
2057,b841de24ffcb5c87,True,1.0,1.0,0.8624038300845863,1.0,1.0,1.0,0.9426682625352442
2058,3067f3d3d5a75989,True,1.0,1.0,0.9296673568327998,1.0,1.0,1.0,0.9706947320136665
2059,cd0b91f235e25b76,True,1.0,0.0,0.0,1.0,1.0,1.0,0.0
2060,b2f320b5d94753f9,True,1.0,1.0,0.69429699426686,1.0,1.0,1.0,0.8726237476111917
2061,e706a9c88e625828,True,1.0,1.0,0.8417137296871865,1.0,1.0,1.0,0.934047387369661
2062,ada62613f2ce5a33,True,1.0,1.0,1.0,1.0,1.0,1.0,1.0
2063,0722adecc3d45ac4,True,1.0,1.0,0.8578141356093164,1.0,1.0,1.0,0.9407558898372151
2064,cd284af1ade75426,True,1.0,1.0,0.8015018306944905,1.0,1.0,1.0,0.9172924294560377
2065,878665ca715b53d3,True,1.0,1.0,0.9558205055580447,1.0,1.0,1.0,0.9815918773158518
2066,3137903199f35224,True,1.0,1.0,0.6424222978288889,1.0,1.0,1.0,0.851009290762037
2067,2a49de57fddb59bc,True,1.0,1.0,0.8808437220874163,1.0,1.0,1.0,0.9503515508697568
2068,87ecb477e85b5a58,True,1.0,1.0,0.9685552692032219,1.0,1.0,1.0,0.9868980288346757
2069,f9b3a9c625905d77,True,1.0,1.0,0.9782930993992217,1.0,1.0,1.0,0.990955458083009
2070,ef9b600e65ac5391,True,1.0,0.0,0.0,1.0,1.0,1.0,0.0
2071,5975a1af11e25fe4,True,1.0,1.0,1.0,1.0,1.0,1.0,1.0
2072,5cd75b90a44e5a65,True,1.0,1.0,1.0,1.0,1.0,1.0,1.0
2073,9a524d13e6795a95,True,1.0,1.0,0.910935126912113,1.0,1.0,1.0,0.9628896362133803
2074,e7c778d603885f57,True,1.0,1.0,0.4741095942739608,1.0,1.0,1.0,0.7808789976141504
2075,e85416da86d4567f,True,1.0,1.0,0.7457661977669158,1.0,1.0,1.0,0.8940692490695482
2076,e0a645315de658bc,True,1.0,1.0,0.8660336799629941,1.0,1.0,1.0,0.9441806999845808
2077,c9395d7ca7f75410,True,1.0,1.0,1.0,1.0,1.0,1.0,1.0
2078,8869a2f03bbd5570,True,1.0,1.0,1.0,1.0,1.0,1.0,1.0
2079,47ece51118f95d1d,True,1.0,1.0,1.0,1.0,1.0,1.0,1.0
2080,81917c1e1a9b5cdc,True,1.0,1.0,0.9590696724904214,1.0,1.0,1.0,0.9829456968710089
2081,684dc9c8167b5189,True,1.0,1.0,0.5477813793292517,1.0,1.0,1.0,0.8115755747205217
2082,8d62f19202505230,True,1.0,0.0,0.0,1.0,1.0,1.0,0.0
2083,cd72b9f6b03f5f41,True,1.0,1.0,0.8973106564628683,1.0,1.0,1.0,0.9572127735261952
2084,7ebca95e877a557b,True,1.0,1.0,0.922288975103098,1.0,1.0,1.0,0.9676204062929575
2085,92106b8512315c03,True,1.0,1.0,1.0,1.0,1.0,1.0,1.0
2086,b02be1e28abb59f1,True,1.0,1.0,0.6851433265897245,1.0,1.0,1.0,0.8688097194123853
2087,c7b030a4025a5066,True,1.0,1.0,1.0,1.0,1.0,1.0,1.0
2088,b8873bb7c3f35d15,True,1.0,1.0,1.0,0.0,1.0,1.0,0.5833333333333334
2089,1586b456d978588f,True,1.0,1.0,1.0,1.0,1.0,1.0,1.0
2090,31811172f43c5188,True,0.0,1.0,0.0,1.0,1.0,1.0,0.0
2091,018ba0bc5f145074,True,1.0,1.0,0.7804304676379807,1.0,1.0,1.0,0.9085126948491586
2092,93512ae1de725307,True,1.0,1.0,1.0,1.0,1.0,1.0,1.0
2093,5c1b8e332d105b79,True,1.0,0.0,0.0,1.0,1.0,1.0,0.0
2094,d218ff87bdc25c55,True,1.0,1.0,0.9446760040547199,0.0,1.0,1.0,0.5602816683561332
2095,955af39177fe5ba1,True,1.0,1.0,0.8320855541498341,1.0,1.0,1.0,0.9300356475624308
2096,3a3297d21e905b02,True,1.0,1.0,0.6558839683120385,1.0,1.0,1.0,0.856618320130016
2097,fc529b3abdc65998,True,1.0,1.0,1.0,1.0,1.0,1.0,1.0
2098,3a76a6ab17535552,True,1.0,1.0,0.9058233694161351,1.0,1.0,1.0,0.960759737256723
2099,282855be37635ecc,True,1.0,1.0,1.0,1.0,1.0,1.0,1.0
2100,69acf2f6a20454a0,True,1.0,1.0,0.6554921318607547,1.0,1.0,1.0,0.8564550549419812
2101,3346340e1c275766,True,1.0,0.0,0.0,1.0,1.0,1.0,0.0
2102,a99280d8424c55b2,True,1.0,1.0,1.0,1.0,1.0,1.0,1.0
2103,bda5925fd37a5818,True,1.0,1.0,1.0,1.0,1.0,1.0,1.0
2104,5955c4ef15c75350,True,1.0,1.0,0.945562742710145,1.0,1.0,1.0,0.9773178094625603
2105,8ac66bedd6d057d2,True,1.0,1.0,0.599819427473145,1.0,1.0,1.0,0.8332580947804771
2106,47359dd210e254ea,True,1.0,1.0,1.0,1.0,1.0,1.0,1.0
2107,6b52f2b62f215cb4,True,1.0,1.0,1.0,1.0,1.0,1.0,1.0
2108,8c9e3fd944c051e3,True,1.0,1.0,1.0,1.0,1.0,1.0,1.0
2109,c20652fc6a78529b,True,1.0,1.0,0.6739833715508833,1.0,1.0,1.0,0.8641597381462014
2110,695beb73604159b7,True,1.0,1.0,1.0,0.0,1.0,1.0,0.5833333333333334
2111,614cdeb09cc25923,True,1.0,1.0,0.8974317173585872,1.0,1.0,1.0,0.9572632155660781
2112,4874da28248a5026,True,1.0,1.0,1.0,1.0,1.0,1.0,1.0
2113,2bce4431c5da5d1f,True,1.0,1.0,1.0,1.0,1.0,1.0,1.0
2114,b637b5849b475a18,True,1.0,1.0,0.744200149560382,1.0,1.0,1.0,0.8934167289834924
2115,b9aa102f4d7b5751,True,1.0,1.0,1.0,1.0,1.0,1.0,1.0
2116,e83be8437b0c5862,True,1.0,1.0,1.0,1.0,1.0,1.0,1.0
2117,77919997d5c352d8,True,1.0,1.0,1.0,1.0,1.0,1.0,1.0
2118,c38eb1a738745b1e,True,1.0,1.0,0.9754222875787776,1.0,1.0,0.5,0.9897592864911573
2119,d68dba02509b50a3,True,1.0,1.0,0.8605481763079784,1.0,1.0,0.5,0.9418950734616577
2120,13b9787d163b5072,True,1.0,1.0,0.4990843004145786,1.0,1.0,1.0,0.7912851251727412
2121,58b0a1db2a145780,True,1.0,0.0,0.0,1.0,1.0,1.0,0.0
2122,aace7a7aeaf75f2c,True,1.0,1.0,0.9519933235670073,1.0,1.0,1.0,0.9799972181529197
2123,f35274c7a16657d7,True,1.0,1.0,0.8648511130868499,1.0,1.0,1.0,0.9436879637861875
2124,1b5606e475d554f7,True,1.0,1.0,0.9228191037419052,1.0,1.0,1.0,0.9678412932257938
2125,4256146a0b765876,True,1.0,1.0,1.0,1.0,1.0,1.0,1.0
2126,ed1a1174e6aa5270,True,1.0,1.0,1.0,1.0,1.0,1.0,1.0
2127,430f1f445caf5b3e,True,1.0,0.0,0.0,1.0,1.0,1.0,0.0
2128,0b9a48e2b0d351b9,True,1.0,1.0,1.0,1.0,1.0,1.0,1.0
2129,d45f18da371a5fe5,True,1.0,1.0,0.8773347969461505,1.0,1.0,1.0,0.9488894987275627
2130,2f525b2a3cf35331,True,1.0,1.0,0.921465874283604,1.0,1.0,1.0,0.9672774476181684
2131,65cf19209dc55631,True,1.0,1.0,0.421157698293208,1.0,1.0,1.0,0.75881570762217
2132,0eb28cf3dad95c46,True,1.0,1.0,1.0,1.0,1.0,1.0,1.0
2133,a2e2a360029f508f,True,1.0,0.0,0.0,1.0,1.0,1.0,0.0
2134,95528bd014555540,True,1.0,1.0,1.0,1.0,1.0,1.0,1.0
2135,0dc3dee5c8815a90,True,1.0,1.0,1.0,1.0,1.0,1.0,1.0
2136,fd7c51a15e5b54a6,True,1.0,1.0,0.6582941131013296,1.0,1.0,1.0,0.857622547125554
2137,8cba6cacb16d5acc,True,1.0,1.0,1.0,1.0,1.0,1.0,1.0
2138,a82f1c8ad27d53cc,True,1.0,1.0,0.86364330466498,1.0,1.0,1.0,0.943184710277075
2139,24e06c38547d5976,True,1.0,1.0,1.0,1.0,1.0,1.0,1.0
2140,2e883a72b2895d7c,True,1.0,1.0,0.4430705104349936,1.0,1.0,1.0,0.7679460460145807
2141,1a25d6503c075cc8,True,1.0,1.0,0.9604064887662027,1.0,1.0,1.0,0.9835027036525844
2142,6469176632cf52a0,True,1.0,1.0,0.9458146758621377,1.0,1.0,1.0,0.9774227816092241
2143,3e0511dc69b85b75,True,1.0,1.0,0.8599166488984997,1.0,1.0,1.0,0.9416319370410416
2144,e5e00457df055e1a,True,1.0,1.0,1.0,1.0,1.0,1.0,1.0
2145,6578cf959d7f52a7,True,1.0,1.0,0.5359388685292652,1.0,1.0,1.0,0.8066411952205271
2146,b191eb9b8de25005,True,1.0,1.0,1.0,1.0,1.0,1.0,1.0
2147,39b5d00781925b16,True,1.0,1.0,0.9972969163217485,1.0,1.0,1.0,0.9988737151340619
2148,1e01550fc9d656d8,True,1.0,1.0,0.7692705205928103,1.0,1.0,1.0,0.9038627169136709
2149,077031ef7dcb5ab4,True,1.0,1.0,1.0,1.0,1.0,1.0,1.0
2150,c8bf5f09438e5507,True,1.0,1.0,1.0,0.0,1.0,1.0,0.5833333333333334
2151,2f9c4ea0c97450c6,True,1.0,1.0,1.0,1.0,1.0,1.0,1.0
2152,aa84169dd1f3538d,True,1.0,1.0,1.0,1.0,1.0,1.0,1.0
2153,4b347fca93c65596,True,1.0,1.0,0.6505784914780112,1.0,1.0,1.0,0.8544077047825046
2154,4e496bfdb6b95697,True,1.0,1.0,0.9175409486673148,1.0,1.0,1.0,0.9656420619447145
2155,e3f62a1acf9d565e,True,1.0,1.0,1.0,1.0,1.0,1.0,1.0
2156,ef90f66b5d465ebf,True,1.0,1.0,1.0,1.0,1.0,1.0,1.0
2157,a2978bba82bd5751,True,1.0,1.0,1.0,1.0,1.0,0.5,1.0
2158,5d7eedc503ef575c,True,1.0,1.0,1.0,1.0,1.0,1.0,1.0
2159,0e713cce7ce35df0,True,1.0,1.0,1.0,1.0,1.0,1.0,1.0
2160,cf62911d4c7c541c,True,1.0,1.0,0.8627447908247586,1.0,1.0,1.0,0.9428103295103161
2161,e36f096910ed562a,True,1.0,1.0,1.0,1.0,1.0,1.0,1.0
2162,ee53e7213c995a0b,True,0.0,1.0,0.0,0.0,0.0,1.0,0.0
2163,3c303aa231e65a53,True,1.0,1.0,0.9821319449249514,1.0,1.0,1.0,0.9925549770520631
2164,f1ef98a6ff94525c,True,1.0,1.0,0.9497359083537129,1.0,1.0,1.0,0.9790566284807136
2165,ef886d0dee3e534c,True,1.0,1.0,0.8137337245017234,1.0,1.0,1.0,0.9223890518757182
2166,6e163d828a555eee,True,1.0,1.0,1.0,1.0,1.0,1.0,1.0
2167,446dbb38653a51a8,True,1.0,1.0,0.9608299937395809,1.0,1.0,1.0,0.9836791640581587
2168,9157902936a456bf,True,1.0,1.0,1.0,1.0,1.0,1.0,1.0
2169,3ba5c2d842785d59,True,1.0,1.0,0.9288369233378236,1.0,1.0,1.0,0.9703487180574265
2170,be0ea3126c955eae,True,1.0,1.0,0.5327334652374253,1.0,1.0,1.0,0.8053056105155939
2171,c46b2546f3565375,True,1.0,1.0,0.5388910443181029,1.0,1.0,1.0,0.8078712684658762
2172,9aea5cdc656458a0,True,1.0,1.0,1.0,1.0,1.0,1.0,1.0
2173,5795e118157f528f,True,1.0,1.0,0.592435627275382,1.0,1.0,1.0,0.8301815113647425
2174,019667e138b95ff0,True,1.0,1.0,1.0,1.0,1.0,1.0,1.0
2175,3eaf6c916382509b,True,1.0,1.0,0.7470427074565228,1.0,1.0,1.0,0.8946011281068845
2176,5ee1455d53695e5b,True,1.0,0.0,0.0,1.0,1.0,1.0,0.0
2177,ae643fddc1195062,True,1.0,1.0,1.0,1.0,1.0,1.0,1.0
2178,c09d506d3891507c,True,1.0,1.0,0.921730136404672,1.0,1.0,1.0,0.96738755683528
2179,9e032298e808528a,True,1.0,1.0,0.5901374837610329,1.0,1.0,1.0,0.829223951567097
2180,b2e0a5dfbb575ce1,True,1.0,1.0,0.5589236166737643,1.0,1.0,1.0,0.8162181736140685
2181,d38070017e4e53c3,True,1.0,1.0,0.9072170047052158,1.0,1.0,1.0,0.9613404186271732
2182,77c3cf2f4a1a5f31,True,1.0,1.0,0.7193604451066183,1.0,1.0,1.0,0.8830668521277576
2183,93494257467c5e97,True,1.0,1.0,0.6888298752856948,1.0,1.0,1.0,0.8703457813690395
2184,be43454e5a4f5a2a,True,1.0,1.0,0.6769203561513876,1.0,1.0,1.0,0.8653834817297449
2185,c40e41ba1a285e0d,True,1.0,1.0,1.0,1.0,1.0,1.0,1.0
2186,b3b8544db9025d6a,True,0.0,1.0,0.0,0.0,1.0,1.0,0.0
2187,e5b0b2c83a395163,True,1.0,1.0,1.0,1.0,1.0,1.0,1.0
2188,6321c384f59c5265,True,1.0,1.0,0.6394897319131051,1.0,1.0,1.0,0.8497873882971271
2189,024d012881be5995,True,1.0,1.0,0.7068069183093019,1.0,1.0,1.0,0.8778362159622092
2190,3623f8c74e7a5d1d,True,1.0,1.0,1.0,1.0,1.0,1.0,1.0
2191,ec1dd3d02f035d78,True,1.0,1.0,1.0,0.0,1.0,1.0,0.5833333333333334
2192,a6706582212458bb,True,1.0,1.0,0.9053443048985137,1.0,1.0,1.0,0.9605601270410474
2193,96c8893a610b51ba,True,1.0,1.0,0.8567481235812923,1.0,1.0,1.0,0.9403117181588717
2194,a756084987b256e5,True,1.0,1.0,0.7722721954465224,1.0,1.0,1.0,0.9051134147693842
2195,748779bcdb5b5a49,True,1.0,1.0,0.9702422681993186,1.0,1.0,1.0,0.9876009450830493
2196,2752876d0e005d74,True,1.0,1.0,0.8910383240425125,1.0,1.0,1.0,0.9545993016843802
2197,844760894a04505a,True,1.0,1.0,1.0,1.0,1.0,1.0,1.0
2198,e82216ae03b05bd4,True,1.0,1.0,1.0,1.0,1.0,1.0,1.0
2199,97b9989fa3675cab,True,1.0,0.0,0.0,1.0,1.0,1.0,0.0
2200,62d4c8dfdef65bc5,True,1.0,1.0,0.8610582718428059,1.0,1.0,1.0,0.9421076132678358
2201,c72c3c003bc95aab,True,1.0,0.0,0.0,0.0,1.0,1.0,0.0
2202,98a1233e3db75a8a,True,1.0,1.0,0.9445438407855339,1.0,1.0,1.0,0.9768932669939724
2203,f3fc5020ecbd537f,True,1.0,1.0,0.8027058786283174,1.0,1.0,1.0,0.9177941160951323
2204,8be468b729aa5f1e,True,1.0,1.0,0.8892154685939846,1.0,1.0,1.0,0.9538397785808269
2205,997fb38ac5d75864,True,1.0,0.0,0.0,1.0,1.0,0.0,0.0
2206,18ca4d6e9c0a576b,True,1.0,1.0,1.0,1.0,1.0,1.0,1.0
2207,04daf401ec185f96,True,1.0,1.0,0.9565209902754892,1.0,1.0,1.0,0.9818837459481206
2208,88904a762b5f5793,True,1.0,1.0,1.0,1.0,1.0,1.0,1.0
2209,c6c94bd6691c5008,True,1.0,1.0,1.0,1.0,1.0,1.0,1.0
2210,0558c7a64ef157b1,True,1.0,1.0,0.9984258315204267,1.0,1.0,1.0,0.9993440964668444
2211,2c21ad85949653a6,True,1.0,1.0,1.0,1.0,1.0,1.0,1.0
2212,f8f1d3aa1a30553d,True,1.0,1.0,0.7412197144177322,1.0,1.0,1.0,0.8921748810073883
2213,63f4362f90ef55a1,True,1.0,1.0,0.7830566690086272,1.0,1.0,1.0,0.9096069454202613
2214,078bc1027dde5d1a,True,1.0,1.0,0.725917849947433,1.0,1.0,1.0,0.8857991041447638
2215,4332fab190e05b95,True,1.0,1.0,1.0,1.0,1.0,1.0,1.0
2216,e3ce6f2ef9765b9a,True,1.0,1.0,0.9610736530436791,1.0,1.0,1.0,0.9837806887681996
2217,40688677dc5e5d16,True,1.0,1.0,0.7165055860011627,1.0,1.0,1.0,0.8818773275004844
2218,4d2d174465585abf,True,1.0,1.0,1.0,1.0,1.0,1.0,1.0
2219,4d8b083f00675de2,True,1.0,1.0,1.0,1.0,1.0,1.0,1.0
2220,342596d95a475bed,True,1.0,1.0,1.0,1.0,1.0,0.0,1.0
2221,f55c530f3875533f,True,1.0,1.0,0.8440383611895259,1.0,1.0,1.0,0.935015983828969
2222,c4fad4d040a75b90,True,1.0,0.0,0.0,1.0,1.0,1.0,0.0
2223,74deabca4e1259f5,True,1.0,1.0,1.0,1.0,1.0,1.0,1.0
2224,80b61a3a73f55af9,True,1.0,1.0,1.0,1.0,1.0,1.0,1.0
2225,388181311ef25756,True,1.0,1.0,1.0,1.0,1.0,1.0,1.0
2226,2f23d31a3ddf5de9,True,1.0,1.0,1.0,1.0,1.0,1.0,1.0
2227,8b8b41a9d00e5e32,True,1.0,1.0,0.8468462880170262,1.0,1.0,1.0,0.9361859533404276
2228,0695553567185c3c,True,1.0,1.0,1.0,0.0,1.0,1.0,0.5833333333333334
2229,51e74fb3d9945768,True,1.0,1.0,0.8582922523035633,1.0,1.0,1.0,0.9409551051264847
2230,dbba0a418817539e,True,1.0,1.0,0.7110870659098223,1.0,1.0,1.0,0.8796196107957593
2231,a4ed82240b64533a,True,1.0,1.0,0.8128872540318729,1.0,1.0,1.0,0.9220363558466138
2232,c71161b938af5b16,True,1.0,1.0,1.0,0.0,1.0,1.0,0.5833333333333334
2233,10f5795252265ff3,True,1.0,1.0,0.949698321177828,1.0,1.0,1.0,0.9790409671574283
2234,a43d45f7369d5489,True,1.0,1.0,1.0,1.0,1.0,1.0,1.0
2235,043524c9126f5893,True,1.0,1.0,0.6996223936864584,1.0,1.0,1.0,0.8748426640360244
2236,30d60ce25f4d552e,True,1.0,1.0,0.881463552987809,1.0,1.0,1.0,0.9506098137449204
2237,8b794f146fda58da,True,1.0,1.0,0.8486867870362734,1.0,1.0,1.0,0.9369528279317807
2238,4bc96604c1c85606,True,1.0,1.0,1.0,1.0,1.0,1.0,1.0
2239,a96abad3a09753c5,True,1.0,1.0,0.41271309245492116,1.0,1.0,1.0,0.7552971218562172
2240,f5f7d39ffe625dda,True,1.0,1.0,0.978333710125546,1.0,1.0,1.0,0.9909723792189776
2241,f1042fb26da2534a,True,1.0,1.0,0.7852338148821585,1.0,1.0,1.0,0.9105140895342326
2242,a5ed322a79205030,True,1.0,1.0,1.0,1.0,1.0,1.0,1.0
2243,d5b21176c2e1526c,True,1.0,1.0,1.0,1.0,1.0,0.5,1.0
2244,cdc8b2ccd20f5c80,True,1.0,1.0,0.8562072268950184,1.0,1.0,1.0,0.940086344539591
2245,e1e4395724c05092,True,1.0,1.0,0.8602397421559982,1.0,1.0,1.0,0.9417665592316659
2246,d5116f0d75b4549d,True,1.0,1.0,1.0,1.0,1.0,1.0,1.0
2247,3257b4f1ac7e5b62,True,1.0,1.0,0.78435703863597,1.0,1.0,1.0,0.9101487660983208
2248,7fc46d2957805648,True,1.0,1.0,1.0,1.0,1.0,1.0,1.0
2249,b4899f9464d058f2,True,1.0,1.0,0.7820696220638448,1.0,1.0,1.0,0.9091956758599352
2250,03143ef8f2f65a2f,True,1.0,1.0,0.8922237822079372,1.0,1.0,1.0,0.9550932425866406
2251,0d9243e74a1a501a,True,1.0,1.0,0.6354663931634745,1.0,1.0,1.0,0.8481109971514478
2252,5691c7c24fdd5e16,True,1.0,1.0,1.0,1.0,1.0,1.0,1.0
2253,2f482e2df2565b82,True,1.0,1.0,0.8600887246703242,1.0,1.0,1.0,0.9417036352793017
2254,f606d0e6eda7549a,True,1.0,1.0,1.0,1.0,1.0,1.0,1.0
2255,a924bf802fe25fa6,True,1.0,1.0,0.7292093430372272,1.0,1.0,1.0,0.8871705595988447
2256,fae990c38c515aa9,True,1.0,1.0,0.8671420647689011,1.0,1.0,1.0,0.9446425269870421
2257,ae05160436d45a62,True,1.0,0.0,0.0,1.0,1.0,1.0,0.0
2258,3ae409424da65443,True,1.0,1.0,1.0,1.0,1.0,1.0,1.0
2259,0cdeb48fac9d5292,True,1.0,1.0,0.7574758282518872,1.0,1.0,1.0,0.8989482617716197
2260,7d423cc4c7b9541a,True,1.0,1.0,1.0,1.0,1.0,1.0,1.0
2261,87da3996575459a8,True,1.0,1.0,0.6253353683253634,1.0,1.0,1.0,0.8438897368022348
2262,2e90da117016561c,True,1.0,1.0,1.0,1.0,1.0,1.0,1.0
2263,2002780575295bdc,True,1.0,1.0,1.0,1.0,1.0,1.0,1.0
2264,6eac1c0e2bbd57bb,True,1.0,0.0,0.0,1.0,1.0,0.5,0.0
2265,b5be372c45f05a96,True,1.0,1.0,0.8126892286002224,1.0,1.0,1.0,0.9219538452500927
2266,66dd7339f01b58c2,True,1.0,1.0,0.7768967968415661,1.0,1.0,1.0,0.9070403320173192
2267,2d4d48a048615f9a,True,1.0,1.0,1.0,1.0,1.0,1.0,1.0
2268,dd9efbb06b495921,True,1.0,1.0,0.613476205424139,1.0,1.0,1.0,0.8389484189267247
2269,fc4bdb76d30553b0,True,1.0,1.0,0.9003557138371844,1.0,1.0,1.0,0.9584815474321603
2270,69742b86e6b25ecc,True,1.0,1.0,0.5219261011091878,1.0,1.0,1.0,0.8008025421288282
2271,0e74f7b5b7c45c1b,True,1.0,1.0,0.8478374293461486,1.0,1.0,1.0,0.9365989288942286
2272,d1abb12015175373,True,1.0,1.0,1.0,1.0,1.0,1.0,1.0
2273,8396adcdedb55337,True,1.0,1.0,0.732746330206427,1.0,1.0,1.0,0.8886443042526779
2274,d66904f908405550,True,1.0,1.0,1.0,1.0,1.0,1.0,1.0
2275,19e90f2757b25f38,True,1.0,1.0,0.6461641990067397,1.0,1.0,1.0,0.8525684162528083
2276,e54d6de2e70157b0,True,1.0,1.0,1.0,1.0,1.0,1.0,1.0
2277,59b4bb47cf6656cf,True,1.0,1.0,0.743870891735882,1.0,1.0,1.0,0.8932795382232842
2278,8c554c3017d05e9b,True,1.0,1.0,0.8706513708439887,1.0,1.0,1.0,0.9461047378516619
2279,7e2dc290d51f5137,True,1.0,1.0,0.7265307575127953,1.0,1.0,1.0,0.886054482296998
2280,ecdc079932755e4e,True,1.0,1.0,0.8169897115446978,1.0,1.0,1.0,0.9237457131436241
2281,498c6f15e5c856bb,True,1.0,1.0,0.7360687607276203,1.0,1.0,1.0,0.8900286503031752
2282,5e8d717cc46a5988,True,1.0,1.0,1.0,1.0,1.0,1.0,1.0
2283,97628f2e9ee55826,True,1.0,1.0,0.7962875710305126,1.0,1.0,1.0,0.9151198212627136
2284,f1041299a1a059f5,True,1.0,1.0,0.5357805867942463,1.0,1.0,1.0,0.8065752444976027
2285,0616f9723c60524d,True,1.0,1.0,0.8537953993574658,1.0,1.0,1.0,0.9390814163989442
2286,6ecc4586af155c50,True,1.0,1.0,1.0,1.0,1.0,1.0,1.0
2287,02f75336f9f55e4f,True,1.0,1.0,0.8029360575207041,1.0,1.0,0.5,0.91789002396696
2288,5be861ae85a75b45,True,1.0,1.0,0.8705413062092996,1.0,1.0,1.0,0.9460588775872081
2289,110bec4c6d2153d7,True,1.0,1.0,0.8571496485460045,1.0,1.0,1.0,0.9404790202275018
2290,815153cb27f95a7c,True,1.0,1.0,0.3258538533302347,1.0,1.0,1.0,0.7191057722209311
2291,086e4501de295946,True,1.0,1.0,1.0,1.0,1.0,1.0,1.0
2292,7d10959013575b2d,True,1.0,1.0,0.758631337430838,1.0,1.0,1.0,0.8994297239295159
2293,ff7bf9054f4a5a4a,True,1.0,1.0,0.11379793573693887,1.0,1.0,1.0,0.6307491398903912
2294,ec02f065af405039,True,1.0,1.0,1.0,1.0,1.0,1.0,1.0
2295,b7e7604c72e051da,True,1.0,1.0,1.0,1.0,1.0,1.0,1.0
2296,ccd1908db4765e03,True,0.5,0.0,0.0,0.0,0.0,0.0,0.0
2297,a815da9bf45d5b15,True,1.0,1.0,0.7743393471501405,1.0,1.0,1.0,0.9059747279792253
2298,255be1c4910b506e,True,1.0,1.0,0.7550452967156509,1.0,1.0,1.0,0.8979355402981879
2299,86feb30b850f5ff2,True,1.0,1.0,0.7692517050475115,1.0,1.0,1.0,0.9038548771031297
2300,67c138fc9ac459b5,True,1.0,0.0,0.0,1.0,1.0,1.0,0.0
2301,2073f76964735ff7,True,1.0,1.0,0.6694771917083501,1.0,1.0,1.0,0.8622821632118125
2302,5487bbfde69354cb,True,1.0,1.0,0.897620567051899,1.0,1.0,1.0,0.9573419029382912
2303,f7e52770089e5230,True,1.0,1.0,0.7238422977782967,1.0,1.0,1.0,0.884934290740957
2304,0dff39153a005f4f,True,1.0,1.0,0.8042863435362598,1.0,1.0,1.0,0.9184526431401082
2305,8e274784672a514b,True,1.0,1.0,1.0,1.0,1.0,1.0,1.0
2306,c680cd635f095d1c,True,1.0,1.0,0.9476041487781376,1.0,1.0,1.0,0.9781683953242241
2307,d24604c7af87524f,True,1.0,1.0,0.7847950267057439,1.0,1.0,1.0,0.9103312611273933
2308,dcd3886f044a5e29,True,1.0,1.0,0.8444758227257271,1.0,1.0,1.0,0.935198259469053
2309,c0fb4281da785582,True,1.0,0.0,0.0,1.0,1.0,1.0,0.0
2310,e80df2a74bfd5a22,True,1.0,1.0,0.9101103804536053,1.0,1.0,1.0,0.9625459918556688
2311,61d8eb4fd2395520,True,1.0,1.0,0.7144032728595816,1.0,1.0,1.0,0.8810013636914924
2312,a61b9afbe5d857b1,True,1.0,1.0,0.8019336413444909,1.0,1.0,1.0,0.9174723505602045
2313,562f38636f975be4,True,1.0,1.0,1.0,1.0,1.0,1.0,1.0
2314,07a369a8e34d541e,True,1.0,1.0,1.0,1.0,1.0,1.0,1.0
2315,dd07f89bea6f5147,True,1.0,1.0,0.9279886745548646,1.0,1.0,1.0,0.9699952810645268
2316,43cfa12f279355aa,True,1.0,1.0,0.7780343974734163,1.0,1.0,1.0,0.9075143322805901
2317,b7e61e7b15265bb9,True,1.0,1.0,1.0,1.0,1.0,1.0,1.0
2318,257773cfd41d59d5,True,1.0,1.0,0.6102263441640756,1.0,1.0,1.0,0.8375943100683649
2319,35e9a9cf7fb85962,True,1.0,1.0,0.7032701176847106,1.0,1.0,1.0,0.8763625490352961
2320,29c5b3febc2f5704,True,1.0,1.0,0.8423042040692968,1.0,1.0,1.0,0.934293418362207
2321,ba190b181dc85a2b,True,1.0,1.0,0.8774385923815357,1.0,1.0,1.0,0.94893274682564
2322,90fa31af769c5e8d,True,1.0,1.0,0.8368892608511895,1.0,1.0,1.0,0.932037192021329
2323,312c0f2f981d51c3,True,1.0,1.0,0.7859079866792861,1.0,1.0,1.0,0.9107949944497026
2324,efca142f8d93518b,True,1.0,1.0,0.7614580252215996,1.0,1.0,1.0,0.9006075105089998
2325,ddf3383ec8965d9b,True,1.0,1.0,0.8021957159904296,1.0,1.0,1.0,0.9175815483293457
2326,e009079e2dc25bbf,True,1.0,1.0,0.9141678234666268,1.0,1.0,1.0,0.9642365931110946
2327,b9e84e372b3958ac,True,1.0,1.0,0.8692493119450676,1.0,1.0,1.0,0.945520546643778
2328,e55bd804e572502a,True,1.0,1.0,0.854896822228261,1.0,1.0,1.0,0.9395403425951088
2329,2bc2525a4ee95ef4,True,1.0,1.0,1.0,1.0,1.0,1.0,1.0
2330,d12c5ba59acf55a0,True,1.0,0.0,0.0,1.0,1.0,1.0,0.0
2331,708d081d555a5aa7,True,1.0,1.0,0.6067462937906436,1.0,1.0,1.0,0.8361442890794347
2332,0a0d98c22d765e1e,True,1.0,1.0,0.5950762238349656,1.0,1.0,1.0,0.8312817599312355
2333,33e37f9d760a56b1,True,1.0,1.0,0.8122766033524038,1.0,1.0,1.0,0.9217819180635015
2334,c962887d22e95f88,True,1.0,1.0,1.0,1.0,1.0,1.0,1.0
2335,9a15d775514e5018,True,1.0,1.0,0.6590467625096444,1.0,1.0,1.0,0.8579361510456852
2336,0af3e039185d57f3,True,1.0,1.0,1.0,1.0,1.0,1.0,1.0
2337,7e9101f6d01a53e0,True,1.0,1.0,0.5329385876866012,1.0,1.0,1.0,0.8053910782027506
2338,4d9c7a900c6c5081,True,1.0,1.0,0.7588527546505369,1.0,1.0,1.0,0.8995219811043903
2339,048eb7efa08354e3,True,1.0,1.0,0.8982185364813645,1.0,1.0,1.0,0.9575910568672352
2340,6f07313e88ab56fd,True,1.0,1.0,0.86709445453603,1.0,1.0,1.0,0.9446226893900125
2341,3fa9c77540225eae,True,1.0,1.0,1.0,1.0,1.0,1.0,1.0
2342,2a04d84433e6576f,True,1.0,1.0,0.9148860902524134,1.0,1.0,1.0,0.9645358709385056
2343,0573408e3cfb5130,True,1.0,1.0,0.8476443564618092,1.0,1.0,1.0,0.9365184818590873
2344,eadc0f19b54352ae,True,1.0,1.0,0.8126404536936073,1.0,1.0,1.0,0.9219335223723363
2345,a03c5e53159f54c3,True,1.0,1.0,0.9438384448927718,1.0,1.0,1.0,0.9765993520386549
2346,0de3f9728fc651a6,True,1.0,1.0,0.8821264549924228,1.0,1.0,1.0,0.9508860229135095
2347,fe9e76e6cac35fba,True,1.0,1.0,1.0,1.0,1.0,1.0,1.0
2348,ad3d0b30c78355d4,True,1.0,1.0,0.9307687086962471,1.0,1.0,1.0,0.9711536286234362
2349,dd72153f54fa59e7,True,1.0,1.0,0.8715998106822076,1.0,1.0,1.0,0.9464999211175865
2350,a7b8ffecd36e5dbc,True,1.0,1.0,0.8781055140490976,1.0,1.0,0.5,0.9492106308537908
2351,15715849d362599e,True,1.0,1.0,0.7219584035482954,1.0,1.0,1.0,0.8841493348117897
2352,54718dd05cad553a,True,1.0,1.0,0.7712917989413504,1.0,1.0,1.0,0.9047049162255627
2353,a523d2a173855e96,True,1.0,1.0,1.0,1.0,1.0,1.0,1.0
2354,639b55d4b2b65d0a,True,1.0,1.0,0.8549285292109946,1.0,1.0,1.0,0.9395535538379144
2355,cd177406e5b056d6,True,1.0,1.0,0.8280737862150468,1.0,1.0,1.0,0.9283640775896028
2356,2b006c0fae365892,True,1.0,1.0,1.0,1.0,1.0,1.0,1.0
2357,089e3eac4f7e5c5c,True,1.0,1.0,0.9081844023041773,1.0,1.0,1.0,0.961743500960074
2358,72be63ed04f15f97,True,1.0,1.0,1.0,1.0,1.0,1.0,1.0
2359,465d879f0b205c8f,True,1.0,1.0,1.0,1.0,1.0,1.0,1.0
2360,c4e94b7583555176,True,1.0,1.0,1.0,1.0,1.0,1.0,1.0
2361,c418551cd6285092,True,1.0,1.0,0.738108261895696,1.0,1.0,1.0,0.89087844245654
2362,ad5284a6be715f10,True,1.0,1.0,0.885910623369235,1.0,1.0,1.0,0.9524627597371813
2363,647c05f9fa725528,True,1.0,1.0,0.572090364874974,1.0,1.0,1.0,0.8217043186979058
2364,0f31cc38f9f55c9a,True,1.0,1.0,0.844407265980563,1.0,1.0,1.0,0.935169694158568
2365,f3872682944e5d13,True,1.0,1.0,0.8674310261293343,1.0,1.0,1.0,0.9447629275538892
2366,184ad79fb6555bf0,True,1.0,1.0,0.8641622715902259,1.0,1.0,1.0,0.9434009464959274
2367,4826c59b43f6568a,True,1.0,1.0,0.8277104347841692,1.0,1.0,1.0,0.9282126811600705
2368,eb7ed87b4ef65273,True,1.0,1.0,1.0,1.0,1.0,1.0,1.0
2369,11cad3355c7b55dd,True,1.0,1.0,0.9334311557105257,1.0,1.0,1.0,0.9722629815460525
2370,c29fb70bf1d056ca,True,1.0,1.0,1.0,1.0,1.0,1.0,1.0
2371,7dd9388d605c50a1,True,1.0,1.0,0.9114990931569085,1.0,1.0,1.0,0.9631246221487119
2372,1082d34008e05df4,True,1.0,1.0,1.0,1.0,1.0,1.0,1.0
2373,d4f5976a6d615330,True,1.0,1.0,0.9800748835854532,1.0,1.0,1.0,0.9916978681606056
2374,dff44219172a5f99,True,1.0,1.0,0.8798462474459922,1.0,1.0,1.0,0.9499359364358301
2375,f8b8b8ee49205def,True,1.0,0.0,0.0,1.0,1.0,1.0,0.0
2376,f1f463892f3d5bb7,True,1.0,0.0,0.0,1.0,1.0,1.0,0.0
2377,9116e9726a6f59cb,True,1.0,1.0,0.8669928612811533,1.0,1.0,1.0,0.9445803588671472
2378,b1520b6af9705191,True,1.0,1.0,1.0,1.0,1.0,1.0,1.0
2379,71ae69a9499e559c,True,1.0,0.0,0.0,1.0,1.0,1.0,0.0
2380,2d305230053e5e19,True,1.0,1.0,0.9976622418399781,1.0,1.0,1.0,0.9990259340999909
2381,4a62cc0027965e10,True,1.0,1.0,0.9546661172402113,1.0,1.0,1.0,0.9811108821834215
2382,ba62104a517e5a9b,True,1.0,1.0,0.9345972506846797,1.0,1.0,1.0,0.9727488544519499
2383,4a55d9d08b7752e8,True,1.0,0.0,0.0,1.0,1.0,1.0,0.0
2384,313a7548b23b5b8f,True,1.0,1.0,0.8296870760913021,1.0,1.0,1.0,0.9290362817047093
2385,34b812e4de1a536b,True,1.0,1.0,0.6359919863623402,1.0,1.0,0.5,0.8483299943176418
2386,1b01f89fe48355b6,True,1.0,1.0,0.7288033426414303,1.0,1.0,1.0,0.8870013927672625
2387,fccef3d0f5cc5d8e,True,1.0,1.0,1.0,1.0,1.0,1.0,1.0
2388,4a0ba18cefc05c63,True,1.0,1.0,0.8775838116869096,1.0,1.0,1.0,0.9489932548695457
2389,fa3c2377e39c52e3,True,1.0,1.0,0.9391097632036235,1.0,1.0,1.0,0.9746290680015098
2390,31ac916bb888562a,True,1.0,0.0,0.0,1.0,1.0,1.0,0.0
2391,d8952813d8de574d,True,1.0,1.0,0.916558831583889,1.0,1.0,1.0,0.965232846493287
2392,58911c0c8e3f5906,True,1.0,1.0,1.0,0.0,1.0,1.0,0.5833333333333334
2393,1677503060a95d4a,True,1.0,1.0,0.8021461025730053,1.0,1.0,1.0,0.9175608760720856
2394,41f3712a30b956e6,True,1.0,0.0,0.0,1.0,1.0,0.5,0.0
2395,e22b4bce822a51fb,True,1.0,1.0,1.0,1.0,1.0,1.0,1.0
2396,ade00f93385b5d14,True,1.0,1.0,1.0,1.0,1.0,1.0,1.0
2397,dd4483f390725319,True,1.0,1.0,1.0,1.0,1.0,1.0,1.0
2398,92838ad73bf95b3a,True,1.0,1.0,1.0,1.0,1.0,1.0,1.0
2399,0d50bb8976e45ea7,True,1.0,1.0,1.0,1.0,1.0,1.0,1.0
2400,a04f86a92daf50ba,True,1.0,1.0,0.6116929153418633,1.0,1.0,1.0,0.8382053813924429
2401,8733d5cc8ae956df,True,1.0,1.0,0.7978603952082717,1.0,1.0,1.0,0.9157751646701131
2402,4b9627827aff5013,True,1.0,1.0,1.0,1.0,1.0,1.0,1.0
2403,d7f6204c325d53fe,True,1.0,0.0,0.0,0.0,1.0,1.0,0.0
2404,1bdfacbfcff75c27,True,1.0,1.0,0.8266891326590111,1.0,1.0,1.0,0.9277871386079214
2405,435eadb0f1fe5b49,True,1.0,1.0,0.8715724440125451,1.0,1.0,1.0,0.9464885183385604
2406,f419cea88ed9500b,True,1.0,1.0,0.8345911798988814,1.0,1.0,1.0,0.9310796582912007
2407,3d2f4a8fb8b55572,True,1.0,1.0,0.8283064578061833,1.0,1.0,1.0,0.9284610240859097
2408,23ca661f3d7754c7,True,1.0,1.0,0.728603215639789,1.0,1.0,1.0,0.8869180065165788
2409,3baa70a146f055d2,True,1.0,1.0,0.8158192366059634,1.0,1.0,1.0,0.9232580152524847
2410,48321ca34be254e5,True,1.0,1.0,0.8418341540009859,1.0,1.0,1.0,0.9340975641670775
2411,c05f89f644505f4c,True,1.0,1.0,0.7471286328482573,1.0,1.0,1.0,0.8946369303534406
2412,f2e0d7e15fa253f0,True,1.0,1.0,0.8696589939373954,1.0,1.0,1.0,0.9456912474739148
2413,179ca3af622e5e0d,True,0.0,1.0,0.0,0.0,1.0,1.0,0.0
2414,6debfcfccc75589c,True,1.0,1.0,0.8035845678837448,1.0,1.0,1.0,0.918160236618227
2415,f8191af1aab95906,True,1.0,1.0,1.0,1.0,1.0,1.0,1.0
2416,e668948b1c0f5b82,True,1.0,1.0,1.0,1.0,1.0,1.0,1.0
2417,e11b470ae6285663,True,1.0,1.0,0.7589577718343912,1.0,1.0,1.0,0.8995657382643296
2418,d4187db8dc625207,True,1.0,1.0,0.8823051858117413,1.0,1.0,1.0,0.9509604940882256
2419,9a5799ace9455841,True,1.0,1.0,1.0,1.0,1.0,1.0,1.0
2420,e76cb8b17f8f51f3,True,0.0,1.0,0.0,1.0,1.0,1.0,0.0
2421,31aa58748e2c5495,True,1.0,1.0,1.0,1.0,1.0,1.0,1.0
2422,b0c4bad4c4fa5060,True,1.0,1.0,1.0,1.0,1.0,1.0,1.0
2423,ffe848c5ab4e5b30,True,1.0,1.0,0.8492860417577819,1.0,1.0,1.0,0.9372025173990758
2424,ae5377e5ebf65f45,True,1.0,1.0,0.8858138949096642,1.0,1.0,1.0,0.9524224562123601
2425,7a3e0625f3c751ce,True,1.0,1.0,0.7943516183344939,1.0,1.0,1.0,0.9143131743060392
2426,e952dd35343958d8,True,1.0,1.0,0.7641676648329898,1.0,1.0,1.0,0.9017365270137457
2427,d34d0398de585e6c,True,1.0,1.0,0.7295447651341215,1.0,1.0,1.0,0.8873103188058838
2428,0000548db87959c2,True,1.0,1.0,0.6348266934018836,1.0,1.0,1.0,0.8478444555841183
2429,f7103dfe59a959be,True,1.0,0.0,0.0,1.0,1.0,1.0,0.0
2430,ea93b5b81d425814,True,1.0,1.0,0.6405785801441412,1.0,1.0,1.0,0.8502410750600587
2431,6ec2148215205936,True,1.0,1.0,0.5317271964458895,1.0,1.0,1.0,0.8048863318524541
2432,7bbb4260e163517f,True,1.0,0.0,0.0,1.0,1.0,0.0,0.0
2433,9bfa838de21f5d25,True,1.0,1.0,0.8336957490345077,1.0,1.0,1.0,0.9307065620977116
2434,dd414d3d7d5452f1,True,1.0,1.0,0.7967411613487163,1.0,1.0,1.0,0.9153088172286319
2435,3b34e3fd5b9e5767,True,1.0,1.0,0.6010254794770912,1.0,1.0,1.0,0.833760616448788
2436,aafbe79abf625492,True,1.0,1.0,0.643775201022615,1.0,1.0,1.0,0.8515730004260895
2437,9933a1df50ff5919,True,1.0,1.0,1.0,1.0,1.0,1.0,1.0
2438,23bd3a02e2855a28,True,0.0,1.0,0.0,0.0,1.0,1.0,0.0
2439,25aab48e050659be,True,1.0,1.0,0.8555833837094313,1.0,1.0,1.0,0.9398264098789296
2440,34cc387cf0335f28,True,1.0,1.0,0.8709886681171962,1.0,1.0,1.0,0.9462452783821651
2441,701eca801b6f5ba9,True,1.0,1.0,1.0,1.0,1.0,1.0,1.0
2442,61421159b240530d,True,1.0,1.0,1.0,1.0,1.0,1.0,1.0
2443,81e5ddc060675e0b,True,1.0,1.0,0.886698190306734,1.0,1.0,1.0,0.9527909126278059
2444,e62e904da0695956,True,1.0,1.0,0.888006401524799,1.0,1.0,1.0,0.9533360006353329
2445,25cdf7dee0d25a66,True,1.0,1.0,1.0,1.0,1.0,1.0,1.0
2446,70ce3fce14785ae5,True,1.0,1.0,1.0,1.0,1.0,1.0,1.0
2447,0c330f8c6d6658ee,True,1.0,1.0,0.7112534987856132,1.0,1.0,1.0,0.8796889578273387
2448,055e7b577c645e2e,True,1.0,1.0,0.981183552532333,1.0,1.0,1.0,0.9921598135551388
2449,7f3ebea7b3415f87,True,1.0,1.0,0.8600074159300337,1.0,1.0,1.0,0.9416697566375141
2450,6d2178f2992f5d22,True,1.0,1.0,0.5453950675496695,1.0,1.0,1.0,0.8105812781456957
2451,4a46ef99ddf55b8d,True,1.0,1.0,1.0,1.0,1.0,1.0,1.0
2452,16ac515a3ba45d76,True,1.0,1.0,0.7014585667740001,1.0,1.0,1.0,0.8756077361558333
2453,a1e8639c17ac5089,True,1.0,1.0,1.0,1.0,1.0,1.0,1.0
2454,cd0fd62195e552da,True,1.0,1.0,0.7820965601195408,1.0,1.0,1.0,0.9092069000498086
2455,d3484ba53e775a66,True,1.0,1.0,1.0,1.0,1.0,1.0,1.0
2456,d1ac97f2f57553d0,True,1.0,1.0,0.7808016776876022,1.0,1.0,1.0,0.9086673657031676
2457,86cb3350b50b570b,True,1.0,1.0,0.7785078308822297,1.0,1.0,1.0,0.9077115962009291
2458,6fa01275a4525b26,True,1.0,1.0,1.0,1.0,1.0,1.0,1.0
2459,baf1301534ea54d6,True,1.0,1.0,0.9379489558880718,1.0,1.0,1.0,0.9741453982866966
2460,00fcad6d092c5e8e,True,0.0,1.0,0.0,0.0,1.0,0.0,0.0
2461,070b688b49225760,True,1.0,1.0,1.0,1.0,1.0,1.0,1.0
2462,e704fb7745a75fd7,True,1.0,1.0,0.74680915708188,1.0,1.0,1.0,0.8945038154507833
2463,dee481365b265a2d,True,1.0,1.0,0.5762132662469924,1.0,1.0,1.0,0.8234221942695802
2464,e2efd574ab0b56a2,True,1.0,1.0,1.0,1.0,1.0,1.0,1.0
2465,21b54e6d58985ae3,True,1.0,1.0,1.0,1.0,1.0,1.0,1.0
2466,5e74b6a61b715f47,True,0.0,1.0,0.0,0.0,1.0,0.0,0.0
2467,1e4f2f231ac0540e,True,1.0,1.0,0.8158011769853103,1.0,1.0,1.0,0.923250490410546
2468,92a263b537fd5b72,True,1.0,1.0,0.9026944437262936,1.0,1.0,1.0,0.9594560182192889
2469,9d32436291335261,True,1.0,1.0,1.0,1.0,1.0,1.0,1.0
2470,0df7b61597705cf2,True,1.0,1.0,0.7092463104031115,1.0,1.0,1.0,0.8788526293346298
2471,1270261ff182534f,True,1.0,1.0,0.8633063928082871,1.0,1.0,1.0,0.9430443303367863
2472,b27bfe84cc545daa,True,1.0,1.0,0.9643288782608161,1.0,1.0,1.0,0.9851370326086734
2473,2a3ab48ae28f5e90,True,1.0,1.0,1.0,1.0,1.0,1.0,1.0
2474,b51815625ee05f75,True,1.0,1.0,1.0,1.0,1.0,1.0,1.0
2475,cb61b4237ad25a7c,True,1.0,1.0,0.9236145030606798,1.0,1.0,1.0,0.9681727096086167
2476,6dd2d5f52cc55546,True,1.0,1.0,0.9866384233171631,1.0,1.0,1.0,0.9944326763821513
2477,30187e714d065b0b,True,1.0,1.0,0.8973314632858596,1.0,1.0,1.0,0.9572214430357748
2478,2ba3f7adca335912,True,1.0,1.0,0.9086284040607854,1.0,1.0,0.5,0.961928501691994
2479,d01fec804cd45644,True,1.0,1.0,0.597277300369116,1.0,1.0,1.0,0.8321988751537983
2480,a04628cdd3f25947,True,1.0,1.0,0.859759134517942,1.0,1.0,1.0,0.9415663060491424
2481,26de9e2da40c5b0c,True,1.0,1.0,0.6777607139643366,1.0,1.0,1.0,0.8657336308184735
2482,3099475cc5365074,True,0.0,0.0,0.0,0.0,1.0,0.0,0.0
2483,8e04fd5e1613597a,True,1.0,0.0,0.0,0.0,1.0,1.0,0.0
2484,384def2e3f9657f6,True,1.0,1.0,0.8244858624119487,1.0,1.0,1.0,0.926869109338312
2485,33c738c5f199510e,True,1.0,1.0,0.9661050612568025,1.0,1.0,1.0,0.9858771088570011
2486,91aeae3843455c34,True,1.0,1.0,1.0,1.0,1.0,1.0,1.0
2487,cc063cc1396551a6,True,1.0,1.0,0.8420488295508686,1.0,1.0,1.0,0.9341870123128619
2488,5ff5c54200fe53fb,True,1.0,0.0,0.0,1.0,1.0,1.0,0.0
2489,4ccc9e33aa795ef1,True,1.0,1.0,0.8871845191077959,1.0,1.0,1.0,0.9529935496282483
2490,54fbe498c745542e,True,1.0,1.0,1.0,1.0,1.0,1.0,1.0
2491,a22de94be8935752,True,1.0,1.0,0.7131747613902203,1.0,1.0,1.0,0.8804894839125917
2492,d31d38e1a2305147,True,0.5,1.0,0.3841699056282848,0.0,1.0,1.0,0.163368730339226
2493,da365ed766db5a6a,True,1.0,1.0,1.0,1.0,1.0,1.0,1.0
2494,45e6bebee4305fb6,True,1.0,1.0,0.6809997107751076,1.0,1.0,1.0,0.8670832128229615
2495,693ca321449e5a83,True,1.0,1.0,0.7777161894079473,1.0,1.0,1.0,0.9073817455866448
2496,302d9a7758625a37,True,1.0,1.0,1.0,1.0,1.0,1.0,1.0
2497,57fa478b9b1e5de3,True,1.0,1.0,1.0,1.0,1.0,1.0,1.0
2498,fe6db2d0c7025b8a,True,1.0,1.0,1.0,1.0,1.0,1.0,1.0
2499,5fe40d882c3b545f,True,1.0,1.0,1.0,1.0,1.0,1.0,1.0
2500,f335a11369685b08,True,1.0,1.0,0.8684308149386475,1.0,1.0,1.0,0.9451795062244365
2501,8683f3b4797f56e0,True,1.0,1.0,0.741802845266852,1.0,1.0,1.0,0.8924178521945216
2502,516c42e0454456b6,True,1.0,1.0,0.965446421384633,1.0,1.0,1.0,0.9856026755769305
2503,61e3a4acbdf55ffe,True,1.0,1.0,0.6472251109253573,1.0,1.0,1.0,0.8530104628855656
2504,5590042a1aaa5f92,True,1.0,1.0,1.0,1.0,1.0,1.0,1.0
2505,3ec484ccad125e99,True,1.0,0.0,0.0,1.0,1.0,1.0,0.0
2506,77f0818999145e8f,True,1.0,1.0,0.8888847520311686,0.0,1.0,1.0,0.5370353133463203
2507,81ac4c9af9ea5562,True,1.0,1.0,0.6076448796419198,1.0,1.0,1.0,0.8365186998508
2508,16125101defb5b51,True,1.0,1.0,1.0,1.0,1.0,1.0,1.0
2509,b94fd2088a4f5688,True,0.5,1.0,0.3914144339578584,0.0,1.0,1.0,0.16487800707455383
2510,92d21bb7692b5664,True,1.0,1.0,0.9453981926491181,1.0,1.0,1.0,0.9772492469371326
2511,d21b22d6c0405ad7,True,1.0,0.0,0.0,1.0,1.0,1.0,0.0
2512,873e300af5a95bf2,True,1.0,1.0,0.9484206234119751,1.0,1.0,1.0,0.978508593088323
2513,ceb9332b03d3577b,True,1.0,1.0,0.764459309495291,1.0,1.0,1.0,0.901858045623038
2514,5fde0c8c8f4b5ecb,True,1.0,1.0,0.7107030408727416,1.0,1.0,1.0,0.8794596003636425
2515,83212ddd15375812,True,1.0,1.0,1.0,1.0,1.0,1.0,1.0
2516,14b839d065b358d0,True,1.0,1.0,1.0,1.0,1.0,1.0,1.0
2517,32e38b7677e15f69,True,1.0,1.0,0.8597558517263362,1.0,1.0,1.0,0.9415649382193068
2518,8ec53979117552c7,True,1.0,1.0,0.7321033743663926,1.0,1.0,1.0,0.8883764059859969
2519,eba929a6772254e4,True,1.0,1.0,0.5600984033690691,1.0,1.0,1.0,0.8167076680704456
2520,4ac7a80ebf915458,True,1.0,1.0,0.892784431973374,1.0,1.0,1.0,0.9553268466555725
2521,9c100482944751b3,True,1.0,1.0,0.9355142152325822,1.0,1.0,1.0,0.973130923013576
2522,52d6d6f0e4305a44,True,1.0,1.0,1.0,1.0,1.0,1.0,1.0
2523,e59a5171c33c5af9,True,0.0,1.0,0.0,0.0,1.0,1.0,0.0
2524,19f3e77fcd3353c5,True,1.0,1.0,0.8893471498589297,1.0,1.0,1.0,0.9538946457745542
2525,1c8804a52fc0553c,True,1.0,1.0,1.0,1.0,1.0,1.0,1.0
2526,85a89a122095548d,True,1.0,1.0,0.831418054400555,1.0,1.0,1.0,0.929757522666898
2527,2f1edc1ab2b55b05,True,1.0,1.0,0.8787678795166256,1.0,1.0,1.0,0.9494866164652608
2528,95005e9d60b05d1d,True,1.0,1.0,0.8399784909558269,1.0,1.0,1.0,0.9333243712315946
2529,196cb93444b35dd7,True,1.0,1.0,0.6545353574163979,1.0,1.0,1.0,0.8560563989234992
2530,627ed4c9950753e9,True,1.0,1.0,1.0,1.0,1.0,1.0,1.0
2531,d1065c7c84e054ae,True,1.0,1.0,1.0,1.0,1.0,1.0,1.0
2532,e8850900bade58f6,True,1.0,1.0,1.0,1.0,1.0,1.0,1.0
2533,0f422a003dab525e,True,1.0,1.0,0.7861465289297285,0.0,1.0,1.0,0.4942277203873869
2534,50613cf56a8d5a38,True,1.0,1.0,0.9274065994025543,1.0,1.0,1.0,0.9697527497510642
2535,26710ebfab6d528c,True,1.0,1.0,1.0,1.0,1.0,0.5,1.0
2536,dc95b5731cc359f3,True,1.0,1.0,0.8212103273155901,1.0,1.0,1.0,0.9255043030481626
2537,ec097e80d5565caa,True,1.0,1.0,0.16466394558768263,1.0,1.0,1.0,0.6519433106615344
2538,76d3db995c9e5946,True,1.0,1.0,0.8023632745749242,1.0,1.0,1.0,0.9176513644062183
2539,143989e6ed115458,True,1.0,1.0,0.8401847439047527,1.0,1.0,1.0,0.9334103099603137
2540,239e3ed3199d5ae6,True,1.0,1.0,0.9527014624083915,1.0,1.0,1.0,0.9802922760034964
2541,d6b5646287065fa8,True,1.0,1.0,0.7049045774693038,1.0,1.0,1.0,0.8770435739455432
2542,3d86e3fc3499578f,True,1.0,1.0,1.0,1.0,1.0,1.0,1.0
2543,b664ff6d2c185e31,True,1.0,1.0,1.0,1.0,1.0,1.0,1.0
2544,6f0538a6ba9c5b7f,True,1.0,1.0,1.0,1.0,1.0,1.0,1.0
2545,bee76fa92b735b00,True,1.0,1.0,0.9554351922837383,0.0,1.0,1.0,0.5647646634515576
2546,d07c624bab3d5a61,True,1.0,1.0,0.8926499865904375,1.0,1.0,1.0,0.9552708277460157
2547,59c00098b95d53b8,True,1.0,1.0,0.6448479518265263,1.0,1.0,1.0,0.8520199799277193
2548,d1e6f085af9b5199,True,1.0,1.0,1.0,1.0,1.0,1.0,1.0
2549,79d36fbd8d115f06,True,1.0,1.0,0.7963095043710112,1.0,1.0,0.0,0.915128960154588
2550,f790e64181a15f5a,True,1.0,1.0,1.0,1.0,1.0,1.0,1.0
2551,409ed084cde5554b,True,1.0,1.0,0.8249656947328504,1.0,1.0,1.0,0.927069039472021
2552,d2b3f402ba0f55c3,True,1.0,1.0,1.0,1.0,1.0,1.0,1.0
2553,19a52017c000548c,True,1.0,1.0,0.9430155067156395,1.0,1.0,0.0,0.9762564611315164
2554,096d823b664e5972,True,1.0,0.0,0.0,1.0,1.0,1.0,0.0
2555,a2cbf7c347a45c6e,True,1.0,1.0,1.0,1.0,1.0,1.0,1.0
2556,6f61120208385a02,True,1.0,1.0,0.7285236048062415,1.0,1.0,1.0,0.886884835335934
2557,8b06db3e6e4355d3,True,0.0,1.0,0.0,0.0,1.0,0.5,0.0
2558,9d0ff46ac79e5e0b,True,1.0,1.0,0.7886682523785633,1.0,1.0,1.0,0.9119451051577347
2559,8792fb68a0b2586a,True,1.0,1.0,0.9095707724454541,1.0,1.0,1.0,0.9623211551856059
2560,85b2b3fc929a5800,True,1.0,0.0,0.0,1.0,1.0,1.0,0.0
2561,6136d15f12905f36,True,1.0,1.0,1.0,1.0,1.0,1.0,1.0
2562,0bee5ed0a0a957fd,True,1.0,1.0,0.8246965941753144,1.0,1.0,1.0,0.9269569142397144
2563,10ae805f0be95c1f,True,1.0,1.0,0.8605169364136039,1.0,1.0,1.0,0.9418820568390016
2564,dbbe5d5671495f13,True,1.0,1.0,0.6553717507012495,1.0,1.0,1.0,0.8564048961255205
2565,6ffc117437175255,True,1.0,1.0,0.7656521922244799,1.0,1.0,1.0,0.9023550800935333
2566,c06c4ffcf72653a5,True,1.0,1.0,1.0,1.0,1.0,1.0,1.0
2567,63d80f7499fc5784,True,1.0,1.0,0.898117962832717,1.0,1.0,1.0,0.9575491511802987
2568,6e8b9e53215c58a3,True,1.0,1.0,0.7266987420721638,1.0,1.0,1.0,0.8861244758634016
2569,2e508e23f47d5f96,True,1.0,1.0,0.800760167385664,1.0,1.0,1.0,0.91698340307736
2570,f6df3f934bdb598d,True,1.0,1.0,0.9309509174550815,1.0,1.0,1.0,0.9712295489396173
2571,581a74871330567f,True,1.0,1.0,1.0,1.0,1.0,1.0,1.0
2572,484b6d9a28f350bd,True,1.0,1.0,0.8755212574065102,1.0,1.0,1.0,0.9481338572527126
2573,50d6986491d3510a,True,0.0,1.0,0.0,0.0,1.0,1.0,0.0
2574,6d2b59f78d995d9c,True,1.0,1.0,1.0,1.0,1.0,1.0,1.0
2575,c056dcf1096258a4,True,1.0,1.0,1.0,1.0,1.0,1.0,1.0
2576,d3d7a91aff375fc5,True,1.0,1.0,0.7217175016196256,1.0,1.0,1.0,0.8840489590081774
2577,48e14ad3c65c5156,True,1.0,1.0,0.8815313395658307,1.0,1.0,1.0,0.9506380581524295
2578,cd7e9823f2b15e0f,True,1.0,1.0,0.9835023246756258,1.0,1.0,1.0,0.993125968614844
2579,40280e58e4d45fde,True,1.0,1.0,1.0,1.0,1.0,1.0,1.0
2580,a93fa498bfbf5fb8,True,1.0,1.0,0.7872354327329445,1.0,1.0,1.0,0.9113480969720603
2581,a90317c305c3505a,True,1.0,1.0,0.8543452862175631,1.0,1.0,1.0,0.9393105359239846
2582,f3512ae175b45844,True,1.0,1.0,1.0,1.0,1.0,1.0,1.0
2583,373abe824b3052a0,True,1.0,1.0,0.8815266990975507,1.0,1.0,1.0,0.9506361246239795
2584,e97ba617b7c059a7,True,1.0,1.0,1.0,1.0,1.0,0.0,1.0
2585,862e27b57f9d50ac,True,1.0,1.0,0.9464701303790296,1.0,1.0,1.0,0.977695887657929
2586,e1950bc54da65383,True,1.0,1.0,1.0,1.0,1.0,1.0,1.0
2587,70322003ab525a2e,True,1.0,1.0,1.0,1.0,1.0,1.0,1.0
2588,82b415fbbc725562,True,1.0,1.0,1.0,1.0,1.0,1.0,1.0
2589,d781ee7dce4a5351,True,1.0,1.0,1.0,1.0,1.0,1.0,1.0
2590,3ea43d5abad05188,True,1.0,1.0,0.9106982659289551,1.0,1.0,1.0,0.9627909441370646
2591,ca6a8cc7012a5fac,True,1.0,1.0,0.7533893058711952,1.0,1.0,1.0,0.8972455441129981
2592,9fe281ced54b55b2,True,1.0,1.0,0.9730143701054335,1.0,1.0,1.0,0.9887559875439306
2593,7bbb6cfc4f135e50,True,1.0,1.0,0.8252198217206435,1.0,1.0,1.0,0.9271749257169347
2594,111cb2c23a325817,True,1.0,1.0,0.7651709559830842,1.0,1.0,1.0,0.9021545649929518
2595,619d1afc63c35621,True,1.0,0.0,0.0,1.0,1.0,0.5,0.0
2596,de354f243fa157ec,True,1.0,1.0,0.9204676502878887,1.0,1.0,1.0,0.9668615209532869
2597,e3ee2f8d1057557d,True,1.0,1.0,0.770813654213045,1.0,1.0,1.0,0.9045056892554354
2598,80752a827b8253fe,True,1.0,1.0,0.766659224141226,1.0,1.0,1.0,0.9027746767255108
2599,9d864c15bf7d5414,True,1.0,0.0,0.0,1.0,1.0,1.0,0.0
2600,929fe68adaef5ee7,True,1.0,1.0,0.4888039852754783,1.0,1.0,1.0,0.7870016605314493
2601,26ba80ad72205a03,True,1.0,1.0,0.9974518435336462,1.0,1.0,1.0,0.9989382681390193
2602,3882f317a3f55e29,True,1.0,1.0,0.7732758871824313,1.0,1.0,1.0,0.9055316196593464
2603,5c9063357a725208,True,1.0,1.0,1.0,1.0,1.0,1.0,1.0
2604,5b4f392698d35a5f,True,1.0,1.0,0.5403722312952955,1.0,1.0,1.0,0.8084884297063731
2605,051d26c01f3653ba,True,1.0,1.0,0.7278940566126766,1.0,1.0,1.0,0.8866225235886152
2606,6891e8163e4d5e58,True,0.0,1.0,0.0,0.0,1.0,1.0,0.0
2607,e02f26d0eb0152e3,True,1.0,1.0,0.949389681900749,1.0,1.0,1.0,0.9789123674586454
2608,6ff86f7f95cb502a,True,1.0,1.0,1.0,1.0,1.0,1.0,1.0
2609,6c00b2782d3b5f6e,True,1.0,1.0,0.8197947488330365,1.0,1.0,1.0,0.9249144786804319
2610,34a92bb4ef51562b,True,1.0,1.0,0.8815992751628495,1.0,1.0,1.0,0.9506663646511874
2611,436728a1202a5ae6,True,1.0,1.0,0.737094771774906,1.0,1.0,1.0,0.8904561549062109
2612,22a3a112a0485c4c,True,1.0,1.0,1.0,1.0,1.0,1.0,1.0
2613,df2ff4c2c9785df6,True,1.0,1.0,0.7075740287370078,1.0,1.0,1.0,0.8781558453070866
2614,96dd879c7e365dc9,True,1.0,1.0,0.775515814529971,1.0,1.0,1.0,0.9064649227208212
2615,08a135d9245b50c2,True,1.0,1.0,0.9152953427496602,1.0,1.0,1.0,0.9647063928123584
2616,6410f5684be757b5,True,1.0,1.0,0.9852049420211366,0.0,1.0,1.0,0.5771687258421402
2617,217307a367fd551a,True,1.0,1.0,0.7567737070147184,1.0,1.0,1.0,0.8986557112561325
2618,7be2f6436ce95042,True,1.0,1.0,1.0,1.0,1.0,1.0,1.0
2619,93bdcee4c814567c,True,1.0,1.0,0.7590028291412135,1.0,1.0,1.0,0.8995845121421723
2620,1cf4270132e35206,True,1.0,1.0,0.8921531286059498,1.0,1.0,1.0,0.9550638035858124
2621,940ba87d553456c3,True,1.0,1.0,0.5955267820596711,1.0,1.0,1.0,0.8314694925248629
2622,3ffbf8596e7655ec,True,1.0,1.0,1.0,1.0,1.0,1.0,1.0
2623,47e96fba9c115fe7,True,1.0,1.0,1.0,1.0,1.0,1.0,1.0
2624,ae7fdaafe2c250e6,True,1.0,1.0,1.0,1.0,1.0,1.0,1.0
2625,c665621fe4e455cb,True,1.0,1.0,0.7229308260114029,1.0,1.0,1.0,0.8845545108380847
2626,b12faa3892185d8f,True,1.0,1.0,0.5326493285667135,1.0,1.0,1.0,0.8052705535694639
2627,abba9d81ee9054ec,True,1.0,1.0,0.9228027641836283,1.0,1.0,1.0,0.9678344850765118
2628,94683fc69ce4599c,True,1.0,1.0,0.5755697603973154,1.0,1.0,1.0,0.8231540668322147
2629,970cfee3bc7d5e3d,True,1.0,1.0,0.9340648077657633,0.0,1.0,1.0,0.5558603365690681
2630,f01212b1c5b25520,True,1.0,1.0,0.9231028981448208,1.0,1.0,1.0,0.9679595408936753
2631,5992423b009757f2,True,1.0,1.0,0.7701491806093085,1.0,1.0,1.0,0.9042288252538785
2632,34e7c93be2465f25,True,1.0,1.0,0.548774251820095,1.0,1.0,1.0,0.8119892715917062
2633,b0bd81048c07524f,True,1.0,1.0,0.8073693481499987,1.0,1.0,1.0,0.9197372283958328
2634,385b1aa4b84c56bf,True,1.0,1.0,0.9240079517830757,1.0,1.0,1.0,0.9683366465762816
2635,540ec2943ea050c9,True,1.0,1.0,1.0,1.0,1.0,1.0,1.0
2636,1766fa78fd10576e,True,1.0,1.0,1.0,1.0,1.0,1.0,1.0
2637,b4175792b94a5cf2,True,1.0,1.0,1.0,1.0,1.0,1.0,1.0
2638,7edc6539f71a5a79,True,1.0,1.0,0.9313853528128381,1.0,1.0,1.0,0.9714105636720158
2639,66a924c7d02159cf,True,1.0,1.0,0.7037152598296176,1.0,1.0,1.0,0.8765480249290073
2640,874ce413a47e5c30,True,1.0,1.0,0.8941322120375649,1.0,1.0,1.0,0.9558884216823187
2641,02d9591fc6de53c8,True,1.0,1.0,0.8709621129010839,1.0,1.0,1.0,0.946234213708785
2642,c3bb1d6556d95d40,True,1.0,1.0,0.7546312938386462,1.0,1.0,1.0,0.897763039099436
2643,4b04d67c77455726,True,1.0,1.0,0.15119226852416623,1.0,1.0,1.0,0.6463301118850693
2644,6e49c17c51db5a5c,True,1.0,1.0,0.5063032996165772,1.0,1.0,1.0,0.7942930415069073
2645,7bb27993dd475c3d,True,1.0,1.0,1.0,1.0,1.0,1.0,1.0
2646,565e485cbedb506f,True,1.0,1.0,0.8808696166835155,1.0,1.0,1.0,0.9503623402847982
2647,bb0d850edd125bbe,True,1.0,1.0,0.7969209380568251,1.0,1.0,1.0,0.9153837241903439
2648,29d982d97d135311,True,0.0,1.0,0.0,0.0,1.0,1.0,0.0
2649,551afc276a1a5ab3,True,1.0,1.0,0.7399207593171498,1.0,1.0,1.0,0.891633649715479
2650,540098f126795a8c,True,1.0,1.0,0.7352412821205859,1.0,1.0,1.0,0.8896838675502442
2651,d94a8579682651b4,True,1.0,1.0,0.7527424300429907,1.0,1.0,1.0,0.8969760125179128
2652,94693a54967757f6,True,1.0,1.0,1.0,1.0,1.0,1.0,1.0
2653,9313777d021e5255,True,1.0,1.0,1.0,1.0,1.0,1.0,1.0
2654,536e9526257a57f2,True,1.0,1.0,0.9211134436936961,1.0,1.0,1.0,0.96713060153904
2655,3c46be05cd7a5cdf,True,1.0,1.0,0.6794239205752856,1.0,1.0,1.0,0.8664266335730356
2656,0d74b112df715917,True,0.0,1.0,0.0,0.0,1.0,0.5,0.0
2657,6e778c30490d5f50,True,1.0,1.0,0.8217097448430616,1.0,1.0,1.0,0.9257123936846089
2658,a3c4e4bf10d65ddb,True,1.0,1.0,0.7861217572450231,1.0,1.0,1.0,0.9108840655187596
2659,fac7dc214370509e,True,1.0,1.0,0.625845320730515,1.0,1.0,1.0,0.844102216971048
2660,82b1cb7113515dfb,True,1.0,1.0,1.0,1.0,1.0,1.0,1.0
2661,c5fb72e3a0855c1b,True,1.0,1.0,0.6567287141662896,1.0,1.0,1.0,0.8569702975692873
2662,e0b92501aa5051b1,True,1.0,1.0,0.13065689405383923,1.0,1.0,1.0,0.6377737058557663
2663,ad517de61e355d8d,True,1.0,1.0,0.7266826692431966,1.0,1.0,1.0,0.8861177788513319
2664,8a43e10749585b21,True,1.0,1.0,0.11305193861475779,1.0,1.0,1.0,0.6304383077561491
2665,564bb94f846e5fe1,True,1.0,1.0,0.5685341186527244,1.0,1.0,1.0,0.8202225494386353
2666,5444d6dfc06559c3,True,1.0,1.0,1.0,1.0,1.0,1.0,1.0
2667,b04c892043a352d3,True,1.0,1.0,1.0,1.0,1.0,1.0,1.0
2668,1b0f2e4276945f9a,True,1.0,1.0,1.0,1.0,1.0,1.0,1.0
2669,dc05b41a768b5015,True,1.0,1.0,0.5916483047022101,1.0,1.0,1.0,0.8298534602925876
2670,bc1a3b9fa4ca5000,True,1.0,1.0,0.9401082101557111,1.0,1.0,1.0,0.9750450875648796
2671,134cbee5a9635cd7,True,0.0,1.0,0.0,0.0,1.0,1.0,0.0
2672,2a5fea3ae25e5cdd,True,1.0,1.0,1.0,1.0,1.0,1.0,1.0
2673,25e2cda283355b76,True,1.0,1.0,0.5390577183275334,1.0,1.0,1.0,0.8079407159698055
2674,79596c3c8ac45e5e,True,1.0,1.0,1.0,1.0,1.0,1.0,1.0
2675,45b494315ca85268,True,1.0,1.0,0.8745316131376895,1.0,1.0,1.0,0.9477215054740373
2676,b9c124bdb19956b7,True,1.0,1.0,0.5797367921049074,1.0,1.0,1.0,0.8248903300437114
2677,1ec907a74cbb54cd,True,1.0,1.0,0.6788405743778809,1.0,1.0,1.0,0.8661835726574504
2678,9ba2570d6743526a,True,1.0,1.0,0.9840949706282118,1.0,1.0,1.0,0.9933729044284215
2679,7bf4d5a2cad05f50,True,1.0,1.0,0.7759611056505534,1.0,1.0,1.0,0.9066504606877306
2680,e1f6c044f4235462,True,1.0,1.0,0.5550206096053841,1.0,1.0,1.0,0.8145919206689101
2681,3e8b81f8eb205311,True,1.0,1.0,0.7885625980125721,1.0,1.0,1.0,0.9119010825052384
2682,1ecea4b911675b72,True,1.0,1.0,0.768970551311579,1.0,1.0,1.0,0.9037377297131579
2683,49a0d29c7058501c,True,1.0,1.0,0.7464559744332434,1.0,1.0,1.0,0.8943566560138514
2684,3e8c8729205850ab,True,1.0,1.0,0.7342614202539584,1.0,1.0,1.0,0.8892755917724826
2685,dc6df220730c599a,True,1.0,1.0,0.7944670358452303,1.0,1.0,1.0,0.9143612649355126
2686,288ea364ec115f46,True,1.0,1.0,1.0,1.0,1.0,1.0,1.0
2687,65107c981e1c568c,True,1.0,1.0,1.0,1.0,1.0,1.0,1.0
2688,a7f15e4638b352c4,True,1.0,1.0,0.8667089559344502,1.0,1.0,1.0,0.9444620649726877
2689,1e9a42ef8f4057a6,True,1.0,1.0,0.914547297931998,1.0,1.0,1.0,0.9643947074716658
2690,002672a228395a16,True,1.0,1.0,1.0,1.0,1.0,1.0,1.0
2691,f07e680e53135311,True,0.0,1.0,0.0,0.0,1.0,1.0,0.0
2692,dfb6fbca92bb5183,True,1.0,1.0,0.8256379049048419,1.0,1.0,1.0,0.9273491270436841
2693,a9f07bb60bd75461,True,1.0,1.0,0.8441104704479964,1.0,1.0,1.0,0.9350460293533317
2694,3f6732f66f695405,True,1.0,1.0,1.0,1.0,1.0,1.0,1.0
2695,fcb45b2aa29356d9,True,1.0,1.0,1.0,1.0,1.0,1.0,1.0
2696,b8554777b68750e7,True,1.0,1.0,0.7891397136988251,1.0,1.0,1.0,0.9121415473745104
2697,96bc4f4e46f752f4,True,1.0,1.0,1.0,1.0,1.0,1.0,1.0
2698,d9b577262eed5ceb,True,1.0,1.0,1.0,1.0,1.0,1.0,1.0
2699,6d7754fdda3a50a6,True,1.0,1.0,0.45767359583339723,1.0,1.0,1.0,0.7740306649305823
2700,43b78800618758d9,True,1.0,1.0,0.8729051326858547,1.0,1.0,1.0,0.9470438052857727
2701,be7331d3f05e5d16,True,1.0,1.0,1.0,1.0,1.0,1.0,1.0
2702,262c4400163e5d8e,True,1.0,1.0,0.8168762954650691,1.0,1.0,1.0,0.9236984564437788
2703,0d09772186295ff0,True,1.0,1.0,0.9509760847682308,1.0,1.0,1.0,0.9795733686534295
2704,51e7c560a43d5a25,True,1.0,1.0,1.0,1.0,1.0,1.0,1.0
2705,2d7bc87644e85744,True,1.0,1.0,1.0,1.0,1.0,1.0,1.0
2706,a9152eadc70058ba,True,1.0,1.0,1.0,1.0,1.0,1.0,1.0
2707,fcbe2ed045225b79,True,1.0,1.0,0.8760313517773014,1.0,1.0,0.5,0.9483463965738755
2708,e024bd23594b5a13,True,1.0,1.0,1.0,1.0,1.0,1.0,1.0
2709,cbd04a396e145288,True,1.0,1.0,1.0,1.0,1.0,1.0,1.0
2710,517e199220ca522b,True,1.0,1.0,0.9762168700717725,1.0,1.0,1.0,0.9900903625299051
2711,4aa06b58da9a56f8,True,1.0,1.0,0.6413291825386501,1.0,1.0,1.0,0.8505538260577709
2712,9790b7cbcd1a5203,True,1.0,1.0,0.7129155336970291,1.0,1.0,1.0,0.8803814723737622
2713,c6319bbc03fb57d0,True,1.0,1.0,0.6448690631473325,1.0,1.0,1.0,0.8520287763113886
2714,00685a5276625b57,True,1.0,1.0,0.7556333345591403,1.0,1.0,1.0,0.8981805560663085
2715,02e3e6d3ecfc5240,True,1.0,0.0,0.0,1.0,1.0,1.0,0.0
2716,11bf2d4580ab5bc2,True,1.0,1.0,0.8212245407903281,1.0,1.0,1.0,0.9255102253293034
2717,77072386dfbb5af8,True,1.0,1.0,0.8612725151151749,1.0,1.0,0.0,0.9421968812979896
2718,bc949c2045ca5537,True,1.0,1.0,0.8251166325389874,1.0,1.0,1.0,0.9271319302245781
2719,bb4ca2b147d35b62,True,1.0,0.0,0.0,1.0,1.0,1.0,0.0
2720,dd951db716735c82,True,1.0,1.0,0.7867061483870694,1.0,1.0,1.0,0.9111275618279455
2721,a32383d18e5351cc,True,1.0,1.0,0.15783575933053184,1.0,1.0,1.0,0.6490982330543883
2722,0b2839db08ae5ed6,True,1.0,1.0,0.7577387814529634,1.0,1.0,1.0,0.8990578256054014
2723,059ce9cd10135396,True,1.0,1.0,0.9190958054502084,1.0,1.0,1.0,0.9662899189375868
2724,76b708c365e45536,True,1.0,1.0,0.519935217420507,1.0,1.0,1.0,0.7999730072585445
2725,4cc7fc580fe45bd1,True,1.0,1.0,1.0,1.0,1.0,1.0,1.0
2726,f9f97f2e6d435822,True,1.0,1.0,0.8396575368881811,1.0,1.0,1.0,0.9331906403700755
2727,b961186653e45dc2,True,1.0,1.0,0.8563368187324738,1.0,1.0,1.0,0.9401403411385307
2728,67dbad26dd165f16,True,1.0,0.0,0.0,1.0,1.0,1.0,0.0
2729,4768080b04d5530e,True,1.0,1.0,0.8978884712511284,1.0,1.0,1.0,0.9574535296879702
2730,5fadffd02da256e5,True,1.0,1.0,0.7790993287872637,1.0,1.0,1.0,0.90795805366136
2731,f72d2f080fe35910,True,1.0,1.0,0.7937911595082456,1.0,1.0,1.0,0.9140796497951023
2732,944eece37ff15fa1,True,1.0,1.0,0.8857815120767731,1.0,1.0,1.0,0.9524089633653222
2733,81935f2cb7d45945,True,1.0,1.0,0.9319780075995343,1.0,1.0,1.0,0.9716575031664726
2734,40d51aff75a85ab9,True,1.0,1.0,0.7257534933995107,1.0,1.0,1.0,0.8857306222497962
2735,4d718caa6ebc5b37,True,1.0,1.0,0.5921479359795451,1.0,1.0,1.0,0.8300616399914772
2736,4750f239602d5627,True,1.0,1.0,0.8475063615717964,1.0,1.0,1.0,0.9364609839882485
2737,4bdff78fdccd5f6d,True,1.0,1.0,0.7586462935614923,1.0,1.0,1.0,0.8994359556506217
2738,0a954cc695e751ab,True,1.0,1.0,0.7688950176768931,1.0,1.0,1.0,0.9037062573653721
2739,223cdeaddc525446,True,1.0,1.0,1.0,1.0,1.0,1.0,1.0
2740,125a155883e55be7,True,1.0,1.0,0.5807119969410549,1.0,1.0,1.0,0.8252966653921062
2741,b14ac3255b3b520b,True,1.0,1.0,1.0,1.0,1.0,1.0,1.0
2742,3e53e34cb63f5d05,True,1.0,1.0,0.7312461734180825,1.0,1.0,1.0,0.8880192389242011
2743,1b4499d988b052ce,True,1.0,1.0,1.0,1.0,1.0,1.0,1.0
2744,ad2bbc4542205912,True,1.0,1.0,0.8646719297577442,1.0,1.0,1.0,0.9436133040657267
2745,51259bf89422548a,True,1.0,0.0,0.0,1.0,1.0,1.0,0.0
2746,9fe07284cb3f5e0a,True,1.0,1.0,0.9026207287132472,1.0,1.0,1.0,0.9594253036305197
2747,3ea2b59016145c63,True,1.0,1.0,1.0,1.0,1.0,1.0,1.0
2748,6de8e1962fc4559a,True,1.0,0.0,0.0,1.0,1.0,1.0,0.0
2749,3338ad25c2cc59d1,True,1.0,1.0,0.6170640423447823,1.0,1.0,1.0,0.8404433509769925
2750,b639f9aef8055d40,True,1.0,0.0,0.0,1.0,1.0,1.0,0.0
2751,ab9a263dea175465,True,1.0,1.0,0.7291861802741776,1.0,1.0,1.0,0.8871609084475741
2752,13c555e68671524f,True,1.0,0.0,0.0,1.0,1.0,1.0,0.0
2753,7a18ceb376d859c1,True,1.0,1.0,0.6063282397858577,1.0,1.0,1.0,0.8359700999107741
2754,11482ead31545f3a,True,1.0,1.0,1.0,1.0,1.0,1.0,1.0
2755,5cffd130ff2c510a,True,1.0,1.0,0.8548902277099986,1.0,1.0,1.0,0.939537594879166
2756,5ad705654fd3547d,True,1.0,1.0,0.8097499439091882,1.0,1.0,1.0,0.9207291432954952
2757,bf8b8714f63d5642,True,0.0,1.0,0.0,0.0,1.0,1.0,0.0
2758,a988872adfe45a71,True,1.0,1.0,1.0,1.0,1.0,1.0,1.0
2759,d4d21ecb8e4058e8,True,0.0,1.0,0.0,0.0,1.0,1.0,0.0
2760,10779d3fd7815d2f,True,1.0,0.0,0.0,1.0,1.0,1.0,0.0
2761,b5b0ab149f9055db,True,1.0,1.0,0.6109334709331159,1.0,1.0,1.0,0.8378889462221316
2762,eb890bda8eb75f6c,True,1.0,1.0,0.7923059514832536,1.0,1.0,1.0,0.9134608131180224
2763,b4ec906c4dbe5735,True,1.0,1.0,0.9792841728974212,1.0,1.0,1.0,0.9913684053739255
2764,8937c2f7a7ac5507,True,1.0,1.0,0.06272314082503089,1.0,1.0,1.0,0.6094679753437628
2765,14a11185124a508b,True,1.0,1.0,0.8273140485765321,1.0,1.0,1.0,0.9280475202402217
2766,621a9591a97758b8,True,1.0,1.0,0.6798127426443664,1.0,1.0,1.0,0.866588642768486
2767,a77872c55f1b52a1,True,1.0,1.0,0.8037813576395026,1.0,1.0,1.0,0.9182422323497926
2768,0ee0c8c2556c506a,True,1.0,1.0,1.0,1.0,1.0,1.0,1.0
2769,7316c116f05d57a5,True,1.0,1.0,0.9354956751346213,1.0,1.0,1.0,0.9731231979727589
2770,8d83f07bed9d5f6a,True,1.0,1.0,1.0,1.0,1.0,1.0,1.0
2771,be3551ae467a579e,True,1.0,0.0,0.0,1.0,1.0,1.0,0.0
2772,dd54db98a83b5714,True,1.0,1.0,0.7047338029256568,1.0,1.0,1.0,0.8769724178856904
2773,53834451cfa75fd0,True,1.0,1.0,0.782419524171885,1.0,1.0,1.0,0.9093414684049521
2774,816a869e91ae5d17,True,1.0,1.0,1.0,1.0,1.0,1.0,1.0
2775,ed77d7ff214f53aa,True,1.0,1.0,0.9393087938221621,1.0,1.0,1.0,0.9747119974259008
2776,86d5685d21d15ee9,True,1.0,1.0,0.7129369555674663,1.0,1.0,1.0,0.880390398153111
2777,bf4d95ea76b75de7,True,1.0,1.0,0.8707676880459182,1.0,1.0,1.0,0.9461532033524659
2778,a66477a84cc05f05,True,1.0,1.0,1.0,1.0,1.0,1.0,1.0
2779,55a8886514eb5c1b,True,1.0,1.0,0.9286618294767802,1.0,1.0,1.0,0.9702757622819917
2780,6832568ebd835696,True,1.0,0.0,0.0,1.0,1.0,0.5,0.0
2781,0ba42ee3c2555502,True,1.0,1.0,0.7446632741425748,1.0,1.0,1.0,0.8936096975594062
2782,f587b097f5f65db6,True,1.0,1.0,1.0,1.0,1.0,1.0,1.0
2783,94ae12c4703950be,True,1.0,1.0,0.8239890109865062,1.0,1.0,1.0,0.9266620879110442
2784,4c3547b853675e66,True,1.0,0.0,0.0,1.0,1.0,1.0,0.0
2785,70297f5b95955dce,True,1.0,1.0,0.830414055593325,1.0,1.0,1.0,0.9293391898305522
2786,da0aac1f6c225eca,True,1.0,1.0,0.6265541532333672,1.0,1.0,1.0,0.8443975638472363
2787,fb2ff1ed5e1b529f,True,0.0,1.0,0.0,0.0,1.0,0.5,0.0
2788,00c6aecefec9576c,True,1.0,1.0,0.6702742566055874,1.0,1.0,1.0,0.8626142735856615
2789,650ed02359615f58,True,1.0,1.0,0.7147278636671187,1.0,1.0,1.0,0.8811366098612995
2790,3b4f49412be55b80,True,1.0,1.0,0.9465461803597307,1.0,1.0,1.0,0.9777275751498878
2791,08e2e519ac1e5226,True,1.0,1.0,1.0,1.0,1.0,1.0,1.0
2792,aec02ec2aec85c06,True,1.0,1.0,0.4788487925540625,1.0,1.0,1.0,0.7828536635641927
2793,9f8f670a268550e5,True,1.0,1.0,0.9787842046179173,1.0,1.0,1.0,0.9911600852574655
2794,e2c14ab1fbe350b1,True,1.0,1.0,0.6029496614877848,0.0,1.0,1.0,0.417895692286577
2795,7fcc4151553a50e8,True,1.0,1.0,0.9350610690771551,1.0,1.0,1.0,0.9729421121154814
2796,64883fdea50b5b8c,True,1.0,1.0,0.9306001207886858,1.0,1.0,1.0,0.9710833836619525
2797,54fbc5743190519c,True,1.0,1.0,0.9797724800510365,1.0,1.0,0.0,0.991571866687932
2798,2833a305300f5394,True,1.0,1.0,1.0,1.0,1.0,1.0,1.0
2799,bbc93f086726531e,True,1.0,1.0,0.9685427590113388,1.0,1.0,1.0,0.9868928162547245
2800,0748764d9de454ea,True,1.0,1.0,1.0,1.0,1.0,1.0,1.0
2801,b0a6370d836a59ed,True,1.0,1.0,1.0,0.0,1.0,1.0,0.5833333333333334
2802,ae02e969e8595cca,True,1.0,1.0,0.9324303001585014,1.0,1.0,1.0,0.9718459583993756
2803,02b68b9cc51f506a,True,1.0,1.0,0.6787197518627879,1.0,1.0,1.0,0.8661332299428283
2804,16d4141f073d52f1,True,1.0,0.0,0.0,1.0,1.0,1.0,0.0
2805,35b810aad36b553a,True,1.0,1.0,1.0,1.0,1.0,1.0,1.0
2806,2cc421e9b3fd5c17,True,1.0,1.0,0.947299450520341,1.0,1.0,1.0,0.9780414377168087
2807,ecce119989c25ae9,True,1.0,1.0,0.8353088634125652,1.0,1.0,1.0,0.9313786930885688
2808,cfb755b8d37458ac,True,0.0,1.0,0.0,0.0,1.0,0.5,0.0
2809,53f754a75b955383,True,1.0,1.0,1.0,1.0,1.0,1.0,1.0
2810,d94aa4b0e05e5be9,True,1.0,1.0,1.0,1.0,1.0,1.0,1.0
2811,9b3eda2685e75099,True,1.0,1.0,1.0,0.0,1.0,1.0,0.5833333333333334
2812,b7bbef1569ca526e,True,1.0,1.0,1.0,1.0,1.0,1.0,1.0
2813,98c050c637ca5909,True,1.0,1.0,0.7156554335602876,1.0,1.0,1.0,0.8815230973167866
2814,166d08e80654527d,True,1.0,1.0,1.0,1.0,1.0,1.0,1.0
2815,f9b16eaee3b956a3,True,1.0,0.0,0.0,1.0,1.0,1.0,0.0
2816,3d400bec249a5f88,True,1.0,1.0,0.8073174825501223,1.0,1.0,1.0,0.9197156177292176
2817,0e81b2ebbb30575e,True,1.0,1.0,0.6894506625732779,1.0,1.0,1.0,0.8706044427388658
2818,602c93fe201356c2,True,1.0,1.0,1.0,1.0,1.0,1.0,1.0
2819,b5f57f5a6b5b5244,True,1.0,1.0,0.5707429108813084,1.0,1.0,1.0,0.8211428795338785
2820,8aec77f33ddb5ac8,True,1.0,1.0,0.6667886912295633,1.0,1.0,1.0,0.8611619546789847
2821,1de80c2e4aca5f33,True,1.0,1.0,0.7730788582866807,1.0,1.0,1.0,0.905449524286117
2822,89766121ee605be0,True,1.0,1.0,0.9365398483881928,1.0,1.0,0.5,0.973558270161747
2823,157c6c5b1b9d5608,True,1.0,1.0,0.9486338332786594,1.0,1.0,1.0,0.9785974305327748
2824,8067c4f48fe45421,True,1.0,1.0,1.0,0.0,1.0,1.0,0.5833333333333334
2825,eb5989e21dc35a47,True,1.0,1.0,0.7995557049948459,1.0,1.0,1.0,0.9164815437478525
2826,39f91a002193578a,True,1.0,1.0,1.0,1.0,1.0,1.0,1.0
2827,d395fa715d3e58c7,True,1.0,1.0,1.0,1.0,1.0,1.0,1.0
2828,64a417561b53530f,True,1.0,1.0,1.0,1.0,1.0,1.0,1.0
2829,6ea198f259b85e49,True,1.0,1.0,1.0,1.0,1.0,1.0,1.0
2830,ff9d7c14934b541e,True,1.0,1.0,0.7847025257179062,1.0,1.0,1.0,0.9102927190491276
2831,c02bb4d7993e5bbb,True,1.0,1.0,0.8895119493967759,1.0,1.0,1.0,0.9539633122486566
2832,33ecaddeb5735faf,True,1.0,1.0,0.8219416356636875,1.0,1.0,1.0,0.9258090148598699
2833,caee3d86c00351e6,True,1.0,1.0,0.8105618232344052,1.0,1.0,1.0,0.9210674263476687
2834,08ebfd6fbc145517,True,1.0,1.0,0.9136397333863335,1.0,1.0,1.0,0.964016555577639
2835,9ffd8ba0c7f75398,True,1.0,1.0,0.8080977512386425,1.0,1.0,1.0,0.9200407296827677
2836,5138bac9ac59508f,True,1.0,1.0,0.7597365712556555,1.0,1.0,1.0,0.8998902380231898
2837,f47f7733a11d51a1,True,1.0,1.0,1.0,1.0,1.0,1.0,1.0
2838,e36762528cdb5e37,True,1.0,1.0,0.742070860141666,1.0,1.0,1.0,0.8925295250590275
2839,488822d6447b5b58,True,1.0,1.0,0.6918379506231198,1.0,1.0,1.0,0.8715991460929665
2840,4d55f6c3a3dc58fe,True,1.0,1.0,1.0,1.0,1.0,1.0,1.0
2841,4b22a759c31a52c5,True,1.0,1.0,0.8732589396081643,1.0,1.0,1.0,0.9471912248367351
2842,778219f3cac65d35,True,1.0,1.0,0.5820871846015223,1.0,1.0,1.0,0.8258696602506342
2843,7ae0a03be0c357d2,True,1.0,1.0,0.6803310145066768,1.0,1.0,1.0,0.8668045893777819
2844,c968e1d258265a2b,True,1.0,1.0,0.9276177063172011,1.0,1.0,1.0,0.9698407109655004
2845,09cd7b3746d65a79,True,1.0,1.0,0.9955854414545111,1.0,1.0,1.0,0.9981606006060463
2846,ae46065dc9ce55b1,True,1.0,1.0,1.0,1.0,1.0,1.0,1.0
2847,c01c5d45b97154d4,True,1.0,1.0,0.572080360589557,1.0,1.0,1.0,0.8217001502456487
2848,9b16e4fea2c25446,True,1.0,1.0,0.8576344213301613,1.0,1.0,1.0,0.9406810088875672
2849,b4aa2f58df795a92,True,1.0,1.0,0.8033036558232639,1.0,1.0,1.0,0.9180431899263599
2850,36be99da12575896,True,1.0,0.0,0.0,1.0,1.0,1.0,0.0
2851,12ca80cc0d575578,True,1.0,1.0,1.0,1.0,1.0,1.0,1.0
2852,a0801105ad8b5ad3,True,1.0,1.0,0.7988907578848269,1.0,1.0,1.0,0.9162044824520112
2853,9666a4125db25507,True,1.0,1.0,0.7915511705181294,1.0,1.0,1.0,0.9131463210492207
2854,70e50d9b18305fa4,True,1.0,1.0,0.6803805114506807,1.0,1.0,1.0,0.8668252131044504
2855,257d737fc3865fd1,True,1.0,1.0,0.5864880017138446,1.0,1.0,1.0,0.8277033340474352
2856,7ceb065003f25449,True,1.0,1.0,1.0,1.0,1.0,1.0,1.0
2857,8c8694effde754e6,True,1.0,0.0,0.0,1.0,1.0,1.0,0.0
2858,e3b8bfc261ac5969,True,1.0,1.0,1.0,1.0,1.0,1.0,1.0
2859,05d0a1a763fc5334,True,1.0,1.0,1.0,1.0,1.0,1.0,1.0
2860,12f96c65436e56bf,True,1.0,1.0,0.9550955768571447,1.0,1.0,1.0,0.981289823690477
2861,c2b5ebf8ace851ea,True,1.0,1.0,1.0,1.0,1.0,1.0,1.0
2862,8d90099a801d5682,True,1.0,0.0,0.0,1.0,1.0,1.0,0.0
2863,f205efb84def5cc8,True,1.0,1.0,0.7588495721391806,1.0,1.0,1.0,0.8995206550579918
2864,39752b75d70d5458,True,1.0,1.0,1.0,1.0,1.0,1.0,1.0
2865,00137a5ce92d591c,True,1.0,1.0,0.6383769163689518,1.0,1.0,1.0,0.84932371515373
2866,fdb658e4941855a3,True,1.0,1.0,1.0,1.0,1.0,1.0,1.0
2867,30e29966db9156ee,True,1.0,1.0,0.8646626591610167,1.0,1.0,1.0,0.9436094413170902
2868,77e9812a54d05caf,True,1.0,1.0,1.0,1.0,1.0,0.0,1.0
2869,e68ddf5be41355dc,True,1.0,1.0,0.8591240869536078,1.0,1.0,1.0,0.9413017028973366
2870,2a30c259f67c561d,True,1.0,1.0,0.7543778647919474,1.0,1.0,1.0,0.8976574436633115
2871,6f1be4d182475bc8,True,1.0,1.0,1.0,1.0,1.0,1.0,1.0
2872,a8ee480d197e56dd,True,1.0,1.0,1.0,1.0,1.0,1.0,1.0
2873,4014296da6f75079,True,1.0,0.0,0.0,1.0,1.0,1.0,0.0
2874,c84475f2d8475f9d,True,1.0,1.0,0.888508784921251,1.0,1.0,1.0,0.9535453270505213
2875,4606b66d9fe75354,True,1.0,1.0,0.6613153451769745,1.0,1.0,1.0,0.8588813938237395
2876,c8aeadf284a05f44,True,1.0,1.0,0.7035235439793603,1.0,1.0,1.0,0.8764681433247334
2877,ffde3cc525b75021,True,1.0,0.0,0.0,1.0,1.0,0.5,0.0
2878,d978a6878e7b5e8b,True,1.0,1.0,1.0,1.0,1.0,1.0,1.0
2879,80ea2a91b1845071,True,0.0,1.0,0.0,0.0,1.0,1.0,0.0
2880,9a03bf441e615cd6,True,1.0,1.0,0.8990833996068551,1.0,1.0,1.0,0.9579514165028563
2881,977f40bd144b59e9,True,1.0,1.0,0.8359689478694837,1.0,1.0,1.0,0.9316537282789517
2882,f1494fd9840c5014,True,1.0,1.0,1.0,1.0,1.0,1.0,1.0
2883,84b69613f5e6551c,True,1.0,1.0,0.6640743386757153,1.0,1.0,1.0,0.8600309744482146
2884,f004b5e4838455f3,True,1.0,1.0,0.6232963569748189,1.0,1.0,1.0,0.8430401487395079
2885,9e77d9cf35e05d55,True,1.0,1.0,0.8674848039070039,1.0,1.0,1.0,0.9447853349612516
2886,aef33fdade585ab3,True,1.0,1.0,0.873425437192284,1.0,1.0,1.0,0.9472605988301184
2887,0a21cbc65e5b514f,True,1.0,1.0,0.751210274809612,1.0,1.0,1.0,0.896337614504005
2888,e905f33735985cfe,True,1.0,1.0,1.0,1.0,1.0,1.0,1.0
2889,013ec5b715635a66,True,1.0,1.0,1.0,1.0,1.0,1.0,1.0
2890,ce3a4f649e23590d,True,1.0,1.0,0.8747352612319921,1.0,1.0,1.0,0.9478063588466634
2891,47e005481cf0579d,True,1.0,1.0,1.0,1.0,1.0,1.0,1.0
2892,0451b850addd591c,True,1.0,1.0,0.7263608188480224,1.0,1.0,1.0,0.8859836745200093
2893,078f05d9e9c05230,True,1.0,1.0,0.8010440302547388,1.0,1.0,1.0,0.9171016792728078
2894,4127ff2cfd615955,True,1.0,1.0,0.9016852665931084,1.0,1.0,1.0,0.9590355277471284
2895,f39db68736425365,True,1.0,1.0,0.9900943316990509,1.0,1.0,1.0,0.9958726382079379
2896,2be2e48e80985bee,True,1.0,1.0,1.0,1.0,1.0,1.0,1.0
2897,fc0a59dcf9d75219,True,1.0,1.0,0.6701542408793764,1.0,1.0,1.0,0.8625642670330734
2898,15a50c88ab0255ca,True,1.0,1.0,1.0,1.0,1.0,1.0,1.0
2899,b4176d2246d452ea,True,1.0,1.0,1.0,1.0,1.0,1.0,1.0
2900,a2ef4eeb9dd45505,True,1.0,1.0,0.928297587984265,1.0,1.0,1.0,0.9701239949934437
2901,fcdcb2e456bf5360,True,1.0,1.0,0.6269709011555158,1.0,1.0,1.0,0.8445712088147982
2902,7ffee2481b68517c,True,0.0,1.0,0.0,0.0,1.0,0.5,0.0
2903,ac47687039a75848,True,1.0,1.0,0.7504646948009774,1.0,1.0,1.0,0.896026956167074
2904,216d5205e9745145,True,1.0,1.0,0.7328496136309716,1.0,1.0,1.0,0.8886873390129049
2905,944a55f58a59597f,True,1.0,1.0,1.0,1.0,1.0,1.0,1.0
2906,e38aa05b9c8b5e32,True,1.0,1.0,0.9445409250830218,1.0,1.0,1.0,0.9768920521179257
2907,17329d8654895534,True,1.0,1.0,0.7380159433855068,1.0,1.0,1.0,0.890839976410628
2908,3debd3d86b5850dd,True,1.0,1.0,1.0,1.0,1.0,1.0,1.0
2909,2743a2f96269577c,True,1.0,1.0,0.9005836829856223,1.0,1.0,1.0,0.9585765345773426
2910,09a81436114951ab,True,1.0,0.0,0.0,1.0,1.0,1.0,0.0
2911,deb455f53c805643,True,1.0,1.0,0.8181549460510752,1.0,1.0,1.0,0.9242312275212813
2912,52c6827af61d5b87,True,1.0,1.0,1.0,1.0,1.0,1.0,1.0
2913,f57f56e799be599f,True,1.0,1.0,0.6878318734532471,1.0,1.0,1.0,0.8699299472721863
2914,76a0c83f0b6453a0,True,1.0,1.0,1.0,0.0,1.0,1.0,0.5833333333333334
2915,48f9e483baaf58a0,True,1.0,1.0,0.8788578820710221,1.0,1.0,1.0,0.9495241175295925
2916,d618ac9cc53c573c,True,1.0,0.0,0.0,1.0,1.0,1.0,0.0
2917,ddc904ff3be05595,True,1.0,1.0,0.898809748978713,1.0,1.0,1.0,0.9578373954077971
2918,52b428b6ff135845,True,1.0,1.0,1.0,1.0,1.0,1.0,1.0
2919,fc39a399fd24554b,True,1.0,1.0,1.0,1.0,1.0,1.0,1.0
2920,e7ae612e880e5d5f,True,1.0,0.0,0.0,1.0,1.0,1.0,0.0
2921,351226f263825b4b,True,1.0,1.0,0.27080709906567485,1.0,1.0,1.0,0.696169624610698
2922,d8d39177bd96593d,True,1.0,1.0,0.7862285917790005,1.0,1.0,1.0,0.9109285799079169
2923,f879fd3edf21506a,True,1.0,1.0,0.8499060049132624,1.0,1.0,1.0,0.9374608353805259
2924,784c48e2a44c5036,True,1.0,1.0,0.8521040949770087,1.0,1.0,1.0,0.9383767062404202
2925,3266d9113ede5f3c,True,1.0,1.0,0.8648753041729906,1.0,1.0,1.0,0.9436980434054126
2926,5379d354b9b95048,True,1.0,0.0,0.0,1.0,1.0,1.0,0.0
2927,9d7030a6966b54cd,True,1.0,1.0,1.0,1.0,1.0,1.0,1.0
2928,79bdb6b499245d65,True,1.0,0.0,0.0,1.0,1.0,1.0,0.0
2929,02ff5ce64ad75584,True,1.0,1.0,0.8329999228607472,1.0,1.0,1.0,0.9304166345253112
2930,f5f55c1132d75fa7,True,1.0,1.0,1.0,1.0,1.0,1.0,1.0
2931,b4afab5329e95368,True,1.0,1.0,0.9237895185851954,1.0,1.0,1.0,0.9682456327438315
2932,722ed88251d25420,True,1.0,1.0,0.7955923613140016,1.0,1.0,1.0,0.9148301505475006
2933,910c4dd3f1ec51b1,True,1.0,0.0,0.0,1.0,1.0,1.0,0.0
2934,15b0967d1dab53f8,True,1.0,1.0,1.0,1.0,1.0,1.0,1.0
2935,a97ceb2edd0251f9,True,1.0,1.0,0.941631823496755,1.0,1.0,1.0,0.9756799264569812
2936,847ac59d6cce5bc4,True,1.0,1.0,0.8267270009548993,1.0,1.0,1.0,0.9278029170645414
2937,f4f1692fee475afa,True,1.0,1.0,0.8879188460372338,1.0,1.0,1.0,0.9532995191821808
2938,78beb0eba954535e,True,0.0,1.0,0.0,0.0,1.0,1.0,0.0
2939,3d8f52b9bae25a90,True,1.0,1.0,0.607843463848294,1.0,1.0,1.0,0.8366014432701224
2940,6abe0ed266f258d9,True,1.0,1.0,1.0,1.0,1.0,1.0,1.0
2941,fbe0e54ef79254bb,True,1.0,1.0,0.6219982092572748,1.0,1.0,1.0,0.8424992538571979
2942,fd9dc4abc0d357a1,True,1.0,1.0,0.547849244056088,1.0,1.0,1.0,0.8116038516900367
2943,5c9d51dc830453c5,True,1.0,1.0,0.815672614482362,1.0,1.0,1.0,0.9231969227009841
2944,e3aa32e033635c8d,True,1.0,0.0,0.0,1.0,1.0,1.0,0.0
2945,34ed4880444350af,True,1.0,1.0,0.9856526066149394,1.0,1.0,1.0,0.9940219194228913
2946,88e453ca4644586f,True,1.0,0.0,0.0,1.0,1.0,1.0,0.0
2947,7eb33ecbb32d5a60,True,1.0,1.0,1.0,1.0,1.0,1.0,1.0
2948,f3532c4c4ad95b27,True,1.0,1.0,0.9706992148682043,1.0,1.0,1.0,0.9877913395284185
2949,average,True,0.9721939640556121,0.9331976941336046,0.7877813393725115,0.9386232621227535,0.9972872160054256,0.9662597490674805,0.8456489330888077
