,token,valid,no_at_fault_collisions,drivable_area_compliance,ego_progress,time_to_collision_within_bound,comfort,driving_direction_compliance,score
0,32a19a2ab50f563d,True,1.0,1.0,0.967818635354822,1.0,1.0,1.0,0.9865910980645092
1,bd0f9349cc1053a3,True,1.0,1.0,1.0,1.0,1.0,1.0,1.0
2,db4bcafb6d775b4f,True,1.0,0.0,0.0,1.0,1.0,1.0,0.0
3,a7cf529d15425b63,True,1.0,1.0,1.0,1.0,1.0,1.0,1.0
4,fbf9670a3e82519c,True,1.0,1.0,1.0,1.0,1.0,1.0,1.0
5,4b563d8a22145ed6,True,1.0,1.0,1.0,1.0,1.0,1.0,1.0
6,f65f43d44343500b,True,1.0,1.0,0.8098270049363424,1.0,1.0,1.0,0.9207612520568094
7,bf1db71f1cc35b98,True,1.0,1.0,0.7334756551336975,1.0,1.0,1.0,0.8889481896390405
8,fbe786c417ca5245,True,1.0,1.0,1.0,1.0,1.0,1.0,1.0
9,93b93c0235375b93,True,1.0,1.0,1.0,1.0,1.0,1.0,1.0
10,14618f22bb605676,True,1.0,1.0,0.8879394751611729,1.0,1.0,1.0,0.9533081146504886
11,d926deb799a65bea,True,1.0,1.0,0.779174183747556,1.0,1.0,1.0,0.9079892432281483
12,68513836ad24543b,True,1.0,1.0,1.0,1.0,1.0,1.0,1.0
13,29b6c8cc1e055352,True,1.0,1.0,0.7809153562036577,1.0,1.0,1.0,0.9087147317515241
14,7e052b9f5ca25531,True,1.0,0.0,0.0,1.0,1.0,1.0,0.0
15,315673fa4e595935,True,1.0,1.0,1.0,1.0,1.0,1.0,1.0
16,9de91fbb8b275885,True,1.0,1.0,0.9290094195485893,1.0,1.0,1.0,0.9704205914785788
17,a631fec170525388,True,1.0,1.0,0.7233900314438569,1.0,1.0,1.0,0.8847458464349405
18,0fa0e8a25eec5e1e,True,1.0,1.0,0.8807763417229162,1.0,1.0,1.0,0.9503234757178817
19,afd8795214205519,True,1.0,1.0,1.0,1.0,1.0,1.0,1.0
20,e443a0e9bbc75c69,True,1.0,1.0,0.7245685347942428,1.0,1.0,1.0,0.8852368894976012
21,d497c1998ba75bb9,True,1.0,1.0,0.7141220194524308,1.0,1.0,1.0,0.8808841747718462
22,9d423dea34235b41,True,1.0,1.0,1.0,1.0,1.0,1.0,1.0
23,e694a2cdf01e52b8,True,1.0,1.0,0.8703808205732516,1.0,1.0,1.0,0.9459920085721881
24,566f63e4108c5d48,True,1.0,1.0,0.9307836609279176,1.0,1.0,1.0,0.9711598587199658
25,1dcac8bb6872533b,True,1.0,1.0,0.8769446404785749,1.0,1.0,1.0,0.9487269335327394
26,85865789fb545e3c,True,1.0,1.0,0.8700396356484986,1.0,1.0,1.0,0.9458498481868745
27,1eade5af9ee65696,True,1.0,1.0,0.9090929252872142,1.0,1.0,1.0,0.962122052203006
28,e8dd949cee3c5f30,True,1.0,1.0,0.9445714875005788,0.0,1.0,1.0,0.5602381197919079
29,958677976f9c5b0a,True,1.0,1.0,0.7278714308472768,1.0,1.0,1.0,0.8866130961863653
30,0122ce98b2735558,True,1.0,0.0,0.0,1.0,1.0,1.0,0.0
31,7d99843a72555dd3,True,1.0,1.0,1.0,1.0,1.0,1.0,1.0
32,3e09a3c33726545c,True,1.0,1.0,1.0,1.0,1.0,1.0,1.0
33,a9c1456b9deb5184,False,,,,,,,
34,1ed8702288c15895,True,1.0,1.0,0.8868723830672199,1.0,1.0,1.0,0.952863492944675
35,b66f066aad62515e,True,1.0,1.0,0.885512060452559,1.0,1.0,1.0,0.9522966918552328
36,21128a317e82595f,True,1.0,1.0,0.7511099855659797,1.0,1.0,1.0,0.8962958273191582
37,614a0b6a482455af,True,1.0,1.0,0.9012048025511483,1.0,1.0,1.0,0.9588353343963117
38,bc93e095f13c54b2,True,1.0,1.0,1.0,1.0,1.0,1.0,1.0
39,f674a05cc42b5d4a,True,1.0,1.0,0.9225141669536594,1.0,1.0,1.0,0.9677142362306914
40,c678ab21b707538f,True,1.0,1.0,0.815222220269783,1.0,1.0,1.0,0.9230092584457429
41,9e9e33077f375062,True,1.0,1.0,0.6820625913830283,1.0,1.0,1.0,0.8675260797429285
42,62c59eb9ece45d86,True,1.0,1.0,0.7732613433908642,1.0,1.0,1.0,0.9055255597461933
43,ff6f020133855f6a,True,1.0,1.0,1.0,1.0,1.0,0.5,1.0
44,b762ea96cfa75157,True,1.0,1.0,1.0,1.0,1.0,1.0,1.0
45,6743ebcc6f5259b8,True,1.0,1.0,0.6604045276689042,1.0,1.0,1.0,0.8585018865287101
46,8551466c8066505e,True,1.0,1.0,0.8341056167903856,1.0,1.0,1.0,0.9308773403293275
47,13fcbcdacbe35755,True,1.0,1.0,0.9420873499047108,1.0,1.0,1.0,0.9758697291269628
48,d37afaf062ea5835,True,1.0,1.0,0.7177040064832503,1.0,1.0,1.0,0.882376669368021
49,b72042b4093250c8,True,1.0,1.0,1.0,1.0,1.0,1.0,1.0
50,41f86f5fb97d505c,True,1.0,1.0,0.7419176369423659,1.0,1.0,1.0,0.8924656820593192
51,58ad6156b5895541,True,1.0,1.0,0.6790047193514231,1.0,1.0,1.0,0.8662519663964264
52,63c33ef5af265f74,True,1.0,1.0,0.6644430345230516,1.0,1.0,1.0,0.8601845977179382
53,ee380d59f0f450c6,True,1.0,1.0,0.8284396229302796,1.0,1.0,1.0,0.9285165095542832
54,e49a1ec4a5af596b,True,1.0,1.0,0.7973684797533069,1.0,1.0,1.0,0.9155701998972111
55,6376b9b848385361,True,1.0,1.0,1.0,1.0,1.0,1.0,1.0
56,e2116f0f33b25eb5,True,1.0,1.0,0.8400214497728573,1.0,1.0,1.0,0.9333422707386906
57,06737d2244bd53cc,True,1.0,1.0,0.6158242196988009,1.0,1.0,1.0,0.8399267582078337
58,cf50ffa22c81555d,True,1.0,1.0,0.8143382918931266,1.0,1.0,1.0,0.9226409549554694
59,9696c1f82bc05ffc,True,1.0,1.0,0.8748011273779581,1.0,1.0,1.0,0.9478338030741492
60,769a27bde35050d1,True,0.0,1.0,0.0,0.0,1.0,1.0,0.0
61,5d87c059eba15807,True,1.0,1.0,0.8922934142218502,1.0,1.0,1.0,0.9551222559257709
62,86dfdf03f928570a,True,1.0,1.0,0.8959486685291037,1.0,1.0,1.0,0.9566452785537932
63,cbc6f9e782c950ad,True,1.0,1.0,1.0,1.0,1.0,1.0,1.0
64,b72ed3ae0ad551a8,True,1.0,1.0,0.8627357286643025,1.0,1.0,1.0,0.9428065536101261
65,a0c719046be7530e,True,1.0,1.0,0.94165827649979,1.0,1.0,1.0,0.9756909485415791
66,e0657b3fd2ac5c55,True,1.0,1.0,0.810450792210287,1.0,1.0,1.0,0.9210211634209529
67,b86df9a9f50e525a,True,1.0,1.0,0.6297374117025777,1.0,1.0,1.0,0.8457239215427407
68,b61a78b163d654e0,True,1.0,1.0,0.7436442782251187,1.0,1.0,1.0,0.8931851159271328
69,639ed89313465584,True,1.0,1.0,1.0,1.0,1.0,1.0,1.0
70,514964ba4d115d35,True,1.0,1.0,0.5989442871558314,1.0,1.0,1.0,0.8328934529815964
71,144116b6c1e35d3e,True,1.0,1.0,0.7081948501949604,1.0,1.0,1.0,0.8784145209145668
72,8636c755aabe5792,True,1.0,1.0,0.8801967040893081,1.0,1.0,1.0,0.9500819600372118
73,151436bbacb858b5,True,1.0,1.0,1.0,1.0,1.0,1.0,1.0
74,4f7b03242ab05a2d,True,1.0,1.0,0.9369194589801765,1.0,1.0,1.0,0.9737164412417402
75,d9b28b3ee70e57f2,True,1.0,1.0,1.0,1.0,1.0,1.0,1.0
76,e7dc959cb4745b66,True,1.0,1.0,0.7297757033965184,1.0,1.0,1.0,0.8874065430818826
77,b11d39291cd55ed7,True,1.0,1.0,0.9264297834871477,1.0,1.0,1.0,0.9693457431196449
78,d2a2e2498d505b76,True,1.0,1.0,0.7565573154987056,1.0,1.0,1.0,0.8985655481244607
79,c0afed32320d53ec,True,1.0,1.0,1.0,1.0,1.0,1.0,1.0
80,3012e1628f7d5d3a,True,1.0,1.0,0.7470385959744391,1.0,1.0,1.0,0.8945994149893496
81,cdb1d43f01565d9c,True,1.0,1.0,0.8512650695120688,1.0,1.0,1.0,0.9380271122966954
82,4668c53b54255008,True,1.0,1.0,0.787534432127965,1.0,1.0,1.0,0.9114726800533187
83,1ed9f27f63645f09,True,1.0,1.0,1.0,1.0,1.0,1.0,1.0
84,40884b7d89be5e0b,True,1.0,1.0,0.7642167160219908,1.0,1.0,1.0,0.9017569650091629
85,132d1ec43fc058e1,True,1.0,1.0,0.9659214090630895,1.0,1.0,1.0,0.9858005871096207
86,86c622a3ec1255ee,True,1.0,1.0,0.7804983744417201,1.0,1.0,1.0,0.9085409893507167
87,5e96a7620956567a,True,1.0,1.0,0.9176369223320563,1.0,1.0,1.0,0.9656820509716901
88,975c802f6f175888,True,1.0,1.0,0.7955623133155325,1.0,1.0,1.0,0.9148176305481385
89,ad8f9de7692d5f59,True,1.0,1.0,0.9184861582355462,1.0,1.0,1.0,0.9660358992648109
90,76a494d09cd75446,True,1.0,1.0,0.7807069917357147,1.0,1.0,1.0,0.9086279132232145
91,0df6f24a95e75544,True,1.0,1.0,0.9158819646842007,1.0,1.0,1.0,0.9649508186184169
92,e49e37e5fed25c9a,True,1.0,1.0,0.742140339746771,1.0,1.0,1.0,0.8925584748944879
93,2e6dbcea86d555f4,True,1.0,1.0,0.8668944347448119,1.0,1.0,1.0,0.9445393478103382
94,861805c4ff585f84,True,1.0,0.0,0.0,1.0,1.0,0.0,0.0
95,a5be642219735a49,True,1.0,1.0,0.9085944906400912,1.0,1.0,1.0,0.961914371100038
96,5c8f6ebe705d5013,True,1.0,1.0,1.0,1.0,1.0,1.0,1.0
97,ef91e3538f775238,True,1.0,1.0,0.9125312247250684,1.0,1.0,1.0,0.9635546769687785
98,a7ca0cd746e7551e,True,1.0,0.0,0.0,1.0,1.0,1.0,0.0
99,b61a73309da75ac3,True,1.0,1.0,0.8974042584476326,1.0,1.0,1.0,0.9572517743531802
100,76dd2e9ad6f753b8,True,1.0,1.0,1.0,1.0,1.0,1.0,1.0
101,71220ef085f459fc,True,1.0,1.0,1.0,1.0,1.0,1.0,1.0
102,88d08f76270d5e37,True,1.0,1.0,0.804673345880355,1.0,1.0,1.0,0.9186138941168146
103,1f248c6b5f2f5234,True,1.0,1.0,1.0,1.0,1.0,1.0,1.0
104,f93751942d4e5c48,True,1.0,1.0,1.0,1.0,1.0,0.5,1.0
105,ac2f5c84d6fc5cdf,True,1.0,1.0,0.7701726937549265,1.0,1.0,1.0,0.904238622397886
106,53e360156fe05050,True,1.0,1.0,0.8885703684614896,1.0,1.0,1.0,0.953570986858954
107,78adf1b8ed315c4f,True,1.0,1.0,0.8525476081279664,1.0,1.0,1.0,0.9385615033866527
108,850f844463075fb3,True,1.0,1.0,1.0,1.0,1.0,1.0,1.0
109,fda9b858e7e4588f,True,1.0,1.0,1.0,1.0,1.0,1.0,1.0
110,9b20027801905b4c,True,1.0,1.0,1.0,1.0,1.0,1.0,1.0
111,13c76ba40a5e5987,True,1.0,1.0,0.7125866126375561,1.0,1.0,1.0,0.8802444219323151
112,508209397e8f5714,True,1.0,1.0,0.5314053848116844,1.0,1.0,1.0,0.8047522436715351
113,6c84b52f0d155cac,True,1.0,1.0,0.9881308745063436,1.0,1.0,1.0,0.9950545310443099
114,ddc62293e7875556,True,1.0,1.0,1.0,1.0,1.0,1.0,1.0
115,5ee6f86b7dec5484,True,1.0,1.0,1.0,1.0,1.0,1.0,1.0
116,d08ae5bc8a435f97,True,1.0,1.0,1.0,1.0,1.0,1.0,1.0
117,1e09c94f9cfb5fc9,True,1.0,1.0,1.0,1.0,1.0,1.0,1.0
118,508cd663b9a85228,True,1.0,1.0,0.701801151549107,1.0,1.0,1.0,0.875750479812128
119,afc395b46c2c5d7b,True,1.0,1.0,0.7701399912110254,1.0,1.0,1.0,0.9042249963379273
120,a93fa981f60d50af,True,1.0,1.0,0.8931849148740331,1.0,1.0,1.0,0.9554937145308471
121,fe4e5fdf88195cfa,True,1.0,1.0,0.8790544804877006,1.0,1.0,1.0,0.949606033536542
122,ac45c0d29f1e5d76,True,1.0,1.0,0.9583811895246843,1.0,1.0,1.0,0.9826588289686184
123,334c241ababf57ae,True,1.0,1.0,0.943272082651644,1.0,1.0,1.0,0.9763633677715182
124,16d3b353ffe650de,True,1.0,1.0,0.6438874381040192,1.0,1.0,1.0,0.8516197658766748
125,51e697d3f5255ac3,True,1.0,1.0,1.0,1.0,1.0,1.0,1.0
126,51d961409a285653,True,1.0,1.0,1.0,1.0,1.0,1.0,1.0
127,93574a28917b5395,True,1.0,1.0,0.736753990138988,1.0,1.0,1.0,0.8903141625579116
128,30d639fe2d5057e3,True,1.0,1.0,1.0,1.0,1.0,1.0,1.0
129,0751ef23000050f8,True,1.0,1.0,1.0,1.0,1.0,1.0,1.0
130,85adece1f9d55cc6,True,1.0,1.0,0.7548276191325832,1.0,1.0,1.0,0.897844841305243
131,578d2af2c3625ace,True,1.0,1.0,1.0,1.0,1.0,1.0,1.0
132,c9ecfe02b17a5c40,True,1.0,1.0,0.7695540261748436,1.0,1.0,1.0,0.9039808442395181
133,e775640dbaf45c91,True,1.0,1.0,1.0,1.0,1.0,1.0,1.0
134,bc85f0c7a2305ef5,True,1.0,0.0,0.0,1.0,1.0,1.0,0.0
135,e2ae96f479935b31,True,1.0,1.0,1.0,1.0,1.0,1.0,1.0
136,67e6aea894f0568f,True,1.0,1.0,0.9392140554941193,1.0,1.0,1.0,0.9746725231225497
137,ead55e845b5f561d,True,1.0,1.0,1.0,1.0,1.0,1.0,1.0
138,58857855de47556e,True,1.0,1.0,0.6353624962312319,1.0,1.0,1.0,0.8480677067630132
139,a9c6cd5519815308,True,1.0,1.0,1.0,1.0,1.0,1.0,1.0
140,3495be9149e0537d,True,1.0,1.0,0.6684493381658715,1.0,1.0,1.0,0.8618538909024465
141,9e522849163c53b8,True,1.0,1.0,0.7157980881074559,1.0,1.0,1.0,0.8815825367114399
142,feff7ece85635a65,True,1.0,1.0,0.9925162939090201,1.0,1.0,1.0,0.9968817891287584
143,d16db4733f1e5524,True,1.0,1.0,1.0,1.0,1.0,1.0,1.0
144,a1fa084b258b5672,True,1.0,1.0,0.5197961497701064,1.0,1.0,1.0,0.7999150624042111
145,da668c88a6ef562c,True,1.0,1.0,0.7989699616710589,1.0,1.0,1.0,0.9162374840296078
146,a8a34f54618050f6,True,1.0,0.0,0.0,1.0,1.0,1.0,0.0
147,971af37715285683,True,1.0,1.0,1.0,1.0,1.0,1.0,1.0
148,b04b5637f4e05625,True,1.0,1.0,0.9349748132606571,1.0,1.0,1.0,0.9729061721919404
149,1faa10d7c34553d2,True,1.0,1.0,0.8315634668840883,1.0,1.0,1.0,0.9298181112017034
150,d7d57d8fb3b6589a,True,1.0,1.0,0.9311611834321941,1.0,1.0,0.5,0.9713171597634142
151,6adef8f2b0795473,True,1.0,1.0,1.0,1.0,1.0,0.5,1.0
152,910198c6086a5a34,True,1.0,1.0,0.7525481047275021,1.0,1.0,1.0,0.8968950436364592
153,b441db826d515eb7,True,1.0,1.0,0.7887801854666355,1.0,1.0,1.0,0.9119917439444315
154,76e72a3b44205ec0,True,1.0,1.0,1.0,1.0,1.0,1.0,1.0
155,4af64a41372d564f,True,1.0,1.0,0.804679903327055,1.0,1.0,1.0,0.9186166263862728
156,826112ca75e750af,True,1.0,1.0,0.9099459804981335,1.0,1.0,1.0,0.9624774918742224
157,46c94b5d7c89561c,True,1.0,1.0,0.857855623941208,1.0,1.0,1.0,0.94077317664217
158,34336b5c8ad1562e,True,1.0,0.0,0.0,1.0,1.0,1.0,0.0
159,88fb8b083a2d56c7,True,1.0,1.0,1.0,1.0,1.0,1.0,1.0
160,87b468bcdad158c2,True,1.0,1.0,1.0,1.0,1.0,1.0,1.0
161,bdf99b84030a5a0f,True,1.0,1.0,0.923535048117157,1.0,1.0,1.0,0.9681396033821489
162,61b15ca533845a97,True,1.0,0.0,0.0,1.0,1.0,1.0,0.0
163,74693ae387e752fa,True,1.0,1.0,0.8927550869162818,1.0,1.0,1.0,0.9553146195484508
164,1d1dde59c417522f,True,1.0,1.0,0.8250283581616081,1.0,1.0,1.0,0.9270951492340034
165,33c321ae43da54c6,True,1.0,1.0,0.6991559278953193,1.0,1.0,1.0,0.8746483032897164
166,5d5dfc678c9759a1,True,1.0,1.0,0.7628021729566754,1.0,1.0,1.0,0.9011675720652814
167,572e6c81e32958f2,True,1.0,1.0,0.7085269859668435,1.0,1.0,1.0,0.8785529108195181
168,ba69db6d6eb15ceb,True,1.0,1.0,0.6556939258967314,1.0,1.0,1.0,0.8565391357903046
169,4e1e5dfc07e459cd,True,1.0,1.0,0.8485788204264527,1.0,1.0,1.0,0.9369078418443553
170,26101d0a7f79587c,True,1.0,1.0,1.0,1.0,1.0,1.0,1.0
171,629a5819ea0a55b8,True,1.0,1.0,0.7592473067167025,1.0,1.0,1.0,0.899686377798626
172,dd157f14e18f5a1a,True,1.0,1.0,1.0,1.0,1.0,1.0,1.0
173,9bafc41b5ee0547c,True,1.0,1.0,1.0,1.0,1.0,1.0,1.0
174,0fde069313a35062,True,1.0,0.0,0.0,1.0,1.0,1.0,0.0
175,2adba5d32c3a560f,True,1.0,1.0,0.7375309167445618,1.0,1.0,1.0,0.8906378819769007
176,8072e0c324205e72,True,1.0,1.0,1.0,1.0,1.0,1.0,1.0
177,653ebb370df45ca5,True,1.0,1.0,0.9921735089769158,0.0,1.0,1.0,0.5800722954070482
178,47b8a869ffed5965,True,1.0,1.0,1.0,1.0,1.0,1.0,1.0
179,5ce3b2260be35a1e,True,1.0,1.0,1.0,1.0,1.0,1.0,1.0
180,6389fb6f9d675e3b,True,1.0,1.0,0.7512163508751584,1.0,1.0,1.0,0.8963401461979826
181,ec7125e961205a2d,True,1.0,1.0,0.9555220085956974,1.0,1.0,1.0,0.9814675035815407
182,bfbc82c4f65a5208,True,1.0,1.0,1.0,1.0,1.0,1.0,1.0
183,a227effbc53d5fda,True,1.0,1.0,0.7278460975624639,1.0,1.0,1.0,0.8866025406510266
184,c7ce79ec4bf956c4,True,1.0,1.0,0.9941425588072288,1.0,1.0,1.0,0.997559399503012
185,1ceec301ab6552b1,True,1.0,1.0,1.0,1.0,1.0,1.0,1.0
186,7686d88b5ae4513e,True,1.0,1.0,1.0,1.0,1.0,1.0,1.0
187,fb54b190735e579f,True,1.0,1.0,1.0,0.0,1.0,1.0,0.5833333333333334
188,3fd20b372fd15206,True,1.0,1.0,0.9719549211590742,1.0,1.0,1.0,0.9883145504829476
189,305d73038ef35efe,True,1.0,1.0,1.0,1.0,1.0,1.0,1.0
190,11cadec88a8e547d,True,1.0,1.0,0.6517032137673752,1.0,1.0,1.0,0.8548763390697397
191,2d2b781181f156dc,True,1.0,0.0,0.0,1.0,1.0,1.0,0.0
192,2c58e549903354fc,True,1.0,1.0,0.6962598843138923,1.0,1.0,1.0,0.8734416184641218
193,9b91401bbfad5a3e,True,1.0,1.0,0.8671736449054531,1.0,1.0,1.0,0.9446556853772722
194,ab74b3b32d8c5006,True,1.0,1.0,0.921090226048213,1.0,1.0,1.0,0.9671209275200887
195,7bfd8ff8489158cc,True,1.0,1.0,0.9413358614489198,1.0,1.0,1.0,0.9755566089370499
196,41f275bfd30e514a,True,1.0,1.0,1.0,1.0,1.0,1.0,1.0
197,335576eae9705bfc,True,1.0,1.0,0.7911464649464864,1.0,1.0,1.0,0.9129776937277027
198,b94c811448e75d1c,True,1.0,1.0,1.0,1.0,1.0,1.0,1.0
199,a247fa5eb7b454a4,True,1.0,1.0,0.9610686051350277,1.0,1.0,1.0,0.9837785854729283
200,65858c2fe6b5501f,True,1.0,0.0,0.0,1.0,1.0,1.0,0.0
201,fc58a8b4d619577d,True,1.0,0.0,0.0,1.0,1.0,1.0,0.0
202,8d068ed41e335268,True,1.0,1.0,0.735045003932197,1.0,1.0,1.0,0.8896020849717488
203,aea962fd9c025957,True,1.0,1.0,0.9334457934757332,1.0,1.0,1.0,0.9722690806148888
204,2b052ebbd7ec543b,True,1.0,1.0,1.0,1.0,1.0,0.0,1.0
205,65dbd10f84db5a53,True,1.0,1.0,0.6319649693714912,1.0,1.0,1.0,0.8466520705714546
206,03ec8e118cb0541d,True,1.0,1.0,1.0,1.0,1.0,1.0,1.0
207,8fe203611a555812,True,1.0,1.0,0.5346765936573602,1.0,1.0,1.0,0.8061152473572335
208,dac84d4f931e54ab,True,1.0,1.0,0.6144829270499288,1.0,1.0,1.0,0.8393678862708036
209,dac176e7b40c5671,True,1.0,1.0,0.7663812562493575,1.0,1.0,1.0,0.9026588567705657
210,b5e3abde704b54c8,True,1.0,1.0,0.5632673307793986,1.0,1.0,1.0,0.8180280544914161
211,1cddf5eb97425ac1,True,1.0,1.0,1.0,1.0,1.0,0.5,1.0
212,7eaba7fa332d55cd,True,1.0,1.0,0.7867787831967804,1.0,1.0,1.0,0.9111578263319918
213,ade979d99d51517f,True,1.0,1.0,1.0,1.0,1.0,1.0,1.0
214,49454db3d9ef54a1,True,1.0,1.0,0.7949746965812283,1.0,1.0,1.0,0.9145727902421784
215,4c53f29ce2365ef1,True,1.0,1.0,1.0,1.0,1.0,1.0,1.0
216,137f854539c45fe1,True,1.0,0.0,0.0,1.0,1.0,1.0,0.0
217,a1592a3b82bb5060,True,1.0,1.0,1.0,1.0,1.0,1.0,1.0
218,223d02be29c65e81,True,1.0,1.0,0.9198567181543623,1.0,1.0,1.0,0.9666069658976509
219,fa0f2e54ad7259b0,True,1.0,1.0,0.9641275724537636,1.0,1.0,1.0,0.9850531551890681
220,11714a81e1c45a54,True,1.0,1.0,1.0,1.0,1.0,1.0,1.0
221,20ae5f5df50a5865,True,1.0,1.0,0.8208706845835583,1.0,1.0,1.0,0.9253627852431493
222,2b3383daa2175aa8,True,1.0,1.0,0.9006934629035469,1.0,1.0,1.0,0.9586222762098112
223,442b2cf63c6f570a,True,1.0,1.0,0.6834418229465722,1.0,1.0,1.0,0.8681007595610718
224,fad5349c0f7c501a,True,1.0,1.0,0.6948659386999857,1.0,1.0,1.0,0.8728608077916608
225,051b3ee34e3b59ec,True,1.0,1.0,0.8450054933638094,1.0,1.0,1.0,0.9354189555682538
226,fd9b227cec3d5c3f,True,1.0,1.0,0.9744056996391236,1.0,1.0,1.0,0.9893357081829682
227,815565a62f775c7c,True,1.0,1.0,0.7295510457206791,1.0,1.0,1.0,0.8873129357169497
228,53259c7d4d8952eb,True,1.0,1.0,1.0,1.0,1.0,1.0,1.0
229,0f24ec666e145cab,True,1.0,1.0,1.0,1.0,1.0,1.0,1.0
230,e09425a247f752e5,True,1.0,1.0,0.9538862424529105,1.0,1.0,1.0,0.9807859343553794
231,dfb437fd895b5e96,True,1.0,1.0,1.0,1.0,1.0,1.0,1.0
232,922b13fe723c505a,True,1.0,0.0,0.0,1.0,1.0,1.0,0.0
233,27cf243155ac526c,True,1.0,1.0,0.6926684014336049,1.0,1.0,1.0,0.871945167264002
234,80ae852346955098,True,1.0,1.0,0.703389932149539,1.0,1.0,1.0,0.8764124717289746
235,cf7d3181a516574a,True,1.0,1.0,0.8062405936417859,1.0,1.0,1.0,0.9192669140174109
236,63b91b18f46a5a96,True,1.0,1.0,1.0,1.0,1.0,1.0,1.0
237,4db50b60ca1f57f1,True,1.0,1.0,0.8754316088446135,0.0,1.0,1.0,0.5314298370185889
238,a48a9d9bb413549a,True,1.0,1.0,0.7723421134522522,1.0,1.0,1.0,0.9051425472717717
239,771b7e7196585f07,True,1.0,1.0,1.0,1.0,1.0,1.0,1.0
240,5005f44bd2135f3b,True,1.0,1.0,0.8081825136810984,1.0,1.0,1.0,0.9200760473671243
241,f68fcc74e570541d,True,1.0,1.0,0.6288056664937494,1.0,1.0,1.0,0.8453356943723955
242,8954aa7e05085876,True,1.0,1.0,0.8739245311763072,1.0,1.0,1.0,0.9474685546567946
243,87929fb304eb5bcc,True,1.0,1.0,0.8332222551234585,1.0,1.0,1.0,0.9305092729681078
244,8220631d2c6a52f4,True,1.0,1.0,1.0,1.0,1.0,1.0,1.0
245,e7d1f889fc4d5309,True,1.0,1.0,1.0,1.0,1.0,1.0,1.0
246,86877e183c4e5864,True,1.0,1.0,1.0,1.0,1.0,1.0,1.0
247,939be40082d9515a,True,1.0,1.0,0.8446121423754038,1.0,1.0,0.5,0.9352550593230848
248,3f87b5859c3c525a,True,1.0,1.0,1.0,1.0,1.0,1.0,1.0
249,af7ef7050e425cb9,True,1.0,0.0,0.0,1.0,1.0,1.0,0.0
250,38afc409029551e0,True,1.0,1.0,0.8467031183579439,1.0,1.0,1.0,0.9361262993158098
251,c2aa6f44aad45549,True,1.0,0.0,0.0,0.0,1.0,0.5,0.0
252,1e91e4b9af695706,True,1.0,1.0,1.0,1.0,1.0,1.0,1.0
253,62b620262e1b5b25,True,1.0,1.0,1.0,1.0,1.0,1.0,1.0
254,e16c585e12445a60,True,1.0,1.0,1.0,1.0,1.0,1.0,1.0
255,859b85899c105afc,True,1.0,1.0,1.0,1.0,1.0,1.0,1.0
256,c05d72324d015584,True,1.0,1.0,0.7929624093599739,1.0,1.0,1.0,0.9137343372333224
257,20a276a12f2150c5,True,1.0,1.0,1.0,1.0,1.0,1.0,1.0
258,fe132c4b31ff5fc7,True,1.0,1.0,0.5637137116095992,1.0,1.0,1.0,0.8182140465039996
259,8d6e4249496b504c,True,1.0,1.0,0.8531258493219515,1.0,1.0,1.0,0.9388024372174798
260,bc089c23e7f95250,True,1.0,1.0,0.9180330126939082,1.0,1.0,1.0,0.9658470886224618
261,ff60c00aba8b554e,True,1.0,1.0,0.6819697703899749,1.0,1.0,1.0,0.8674874043291562
262,2f03781e3fd05c28,True,1.0,1.0,1.0,1.0,1.0,1.0,1.0
263,de56fef875ac5a5e,True,1.0,1.0,0.285315170093375,1.0,1.0,1.0,0.7022146542055729
264,54169f6efe825b79,True,1.0,1.0,1.0,1.0,1.0,1.0,1.0
265,4495218e41b35f25,True,1.0,1.0,1.0,1.0,1.0,1.0,1.0
266,1d7fd5ffc1e3571c,True,1.0,1.0,1.0,1.0,1.0,1.0,1.0
267,4b7b765455d1517c,True,1.0,1.0,1.0,1.0,1.0,1.0,1.0
268,0185fc1c73c759a7,True,1.0,1.0,1.0,1.0,1.0,1.0,1.0
269,b0b461ce7bd959ec,True,1.0,1.0,0.8645782637519603,1.0,1.0,1.0,0.9435742765633167
270,28926b7190705b82,True,1.0,1.0,0.7274180980255376,1.0,1.0,1.0,0.8864242075106407
271,16e5aafc056f5e1e,True,1.0,1.0,1.0,1.0,1.0,1.0,1.0
272,a541237b06645d49,True,1.0,1.0,0.8738880535310989,0.0,1.0,1.0,0.5307866889712912
273,02ecdf935f895a86,True,1.0,1.0,0.7684670761244051,1.0,1.0,1.0,0.9035279483851687
274,cfb9e8d047515e4c,True,1.0,1.0,0.7129284471428158,1.0,1.0,1.0,0.8803868529761733
275,6cd97f45067e5bea,True,1.0,1.0,0.8272191023895589,1.0,1.0,1.0,0.9280079593289828
276,e51779c52d7956bd,True,1.0,1.0,0.7599142760911766,1.0,1.0,1.0,0.899964281704657
277,0497454a0d735bc1,True,1.0,1.0,0.6956184862693929,1.0,1.0,1.0,0.8731743692789138
278,d70f77951917593a,True,1.0,1.0,0.6625999981965359,1.0,1.0,1.0,0.8594166659152233
279,1a243b05959f5787,True,1.0,1.0,0.7765197630943188,1.0,1.0,1.0,0.9068832346226329
280,6c9959c7421b59a0,True,1.0,1.0,1.0,1.0,1.0,1.0,1.0
281,d68e0b255e055d35,True,1.0,1.0,1.0,1.0,1.0,1.0,1.0
282,b66db24cee7957a2,True,1.0,1.0,0.9052415427296274,1.0,1.0,1.0,0.9605173094706781
283,fc14b78a566f5620,True,1.0,1.0,0.7864282159569681,1.0,1.0,1.0,0.9110117566487368
284,fd513762a5ea5dd4,True,1.0,1.0,1.0,0.0,1.0,1.0,0.5833333333333334
285,77e18238b9d55c97,True,1.0,1.0,0.9694770348473917,1.0,1.0,1.0,0.9872820978530799
286,9b5772aa3a955db1,True,1.0,1.0,0.7479785529991556,1.0,1.0,1.0,0.8949910637496482
287,a091a6a6033c559f,True,1.0,1.0,0.6762243650274301,1.0,1.0,1.0,0.8650934854280958
288,128e9fbd01125cc7,True,1.0,1.0,1.0,1.0,1.0,1.0,1.0
289,1c7ccdd40a3f505a,True,1.0,1.0,1.0,1.0,1.0,1.0,1.0
290,7a6d3719323a5188,True,1.0,1.0,1.0,1.0,1.0,1.0,1.0
291,dc3b040ef45c5094,True,1.0,1.0,0.8362334228074849,1.0,1.0,1.0,0.9317639261697854
292,83291306454c5e84,True,1.0,1.0,0.8073077907156887,1.0,1.0,1.0,0.9197115794648703
293,2695738230ce5ad0,True,1.0,1.0,0.9136594310375107,1.0,1.0,1.0,0.9640247629322962
294,f25881a0f78f5aa9,True,1.0,1.0,1.0,1.0,1.0,1.0,1.0
295,e6ff81ab83355450,True,1.0,1.0,0.9643022878722708,1.0,1.0,1.0,0.9851259532801128
296,f038fc7ffdab5bad,True,1.0,1.0,1.0,1.0,1.0,1.0,1.0
297,6482eb343a2b5329,True,1.0,1.0,0.8569883408964223,1.0,1.0,1.0,0.9404118087068426
298,4a25aaca58b85ea5,True,1.0,1.0,0.9107850244061695,1.0,1.0,1.0,0.9628270935025706
299,616fa9b07f5653ef,True,1.0,1.0,0.7665838443645693,1.0,1.0,1.0,0.9027432684852372
300,60021a9f6c585c16,True,1.0,1.0,0.8653297952086747,1.0,1.0,1.0,0.943887414670281
301,9276407219215151,True,1.0,1.0,0.8404951871505422,1.0,1.0,1.0,0.9335396613127259
302,4f663e3f821e5c85,True,1.0,1.0,0.9075897997083086,1.0,1.0,1.0,0.9614957498784619
303,7f5f77992cd859ef,True,1.0,1.0,0.5861500039673191,1.0,1.0,1.0,0.8275625016530496
304,ec921ad4a3d05806,True,1.0,1.0,1.0,1.0,1.0,1.0,1.0
305,5b0d99a97ff55fa5,True,1.0,1.0,1.0,1.0,1.0,1.0,1.0
306,7fded53ec049537a,True,1.0,1.0,1.0,1.0,1.0,1.0,1.0
307,1b301e5f9ede59d7,True,1.0,1.0,0.8763450223354976,1.0,1.0,1.0,0.9484770926397906
308,dd2546a068da5ffe,True,1.0,1.0,0.7834020704655332,1.0,1.0,1.0,0.9097508626939721
309,068a26b124475a4a,True,1.0,1.0,1.0,1.0,1.0,1.0,1.0
310,25b719c231d85e56,True,1.0,0.0,0.0,0.0,1.0,0.5,0.0
311,0c3c5692dcdd5bdc,True,1.0,1.0,1.0,1.0,1.0,1.0,1.0
312,43c3a96bede25b1c,True,1.0,1.0,0.7362848101808338,1.0,1.0,1.0,0.8901186709086808
313,58dcca6583f6599e,True,1.0,1.0,0.8585803712819216,1.0,1.0,1.0,0.9410751547008006
314,8b2b4c67ddcf5c36,True,1.0,1.0,1.0,1.0,1.0,1.0,1.0
315,ec04801554fb518f,True,1.0,1.0,0.8702056698502036,1.0,1.0,1.0,0.9459190291042515
316,afa37504b1da59bf,True,1.0,1.0,1.0,1.0,1.0,1.0,1.0
317,8d0d984d4e2a5363,True,1.0,1.0,0.6014704345504096,1.0,1.0,1.0,0.833946014396004
318,fd391501d37752ba,True,1.0,1.0,1.0,1.0,1.0,1.0,1.0
319,c8629b9dd63e56ad,True,1.0,1.0,1.0,1.0,1.0,1.0,1.0
320,5594163f2d8751f6,True,1.0,1.0,1.0,1.0,1.0,1.0,1.0
321,e036ba13ad4d5784,True,1.0,1.0,1.0,1.0,1.0,1.0,1.0
322,2d24100bcb1e57e2,True,1.0,1.0,1.0,1.0,1.0,1.0,1.0
323,c5d626fc4b6c5efb,True,1.0,1.0,1.0,1.0,1.0,1.0,1.0
324,51ed8d0e57055ed3,True,1.0,1.0,0.7800598088101869,1.0,1.0,1.0,0.9083582536709112
325,ecf10edba55e5595,True,1.0,1.0,0.8819569494004942,1.0,1.0,1.0,0.9508153955835392
326,7eb910e54ef55811,True,1.0,1.0,1.0,1.0,1.0,1.0,1.0
327,9f62394830d05091,True,1.0,1.0,0.9016759264265451,1.0,1.0,1.0,0.9590316360110606
328,0dc54a8c8203567b,True,1.0,1.0,0.7217489031781489,1.0,1.0,1.0,0.8840620429908954
329,1ec7ff5bb8cf5477,True,1.0,1.0,0.8920288514581276,1.0,1.0,1.0,0.9550120214408865
330,28d8f3699547568b,True,1.0,1.0,0.8486533676954504,1.0,1.0,1.0,0.9369389032064377
331,c7b679fb61655f22,True,1.0,1.0,1.0,1.0,1.0,1.0,1.0
332,93ca181d363358eb,True,1.0,1.0,0.7194672420928967,1.0,1.0,1.0,0.8831113508720403
333,814c6b482fd850ab,True,1.0,1.0,0.9628757818832903,1.0,1.0,1.0,0.9845315757847043
334,86f80cbf4c6b5e50,True,1.0,1.0,0.7536385337590561,1.0,1.0,1.0,0.8973493890662733
335,f93c0db62e075508,True,1.0,1.0,0.7183258616827417,1.0,1.0,1.0,0.8826357757011424
336,3d776c43acfd5327,True,1.0,1.0,0.841570884593297,1.0,1.0,1.0,0.9339878685805404
337,fb2289e9d46258f2,True,1.0,1.0,0.9221405346319435,1.0,1.0,1.0,0.9675585560966432
338,e973ce0e5d605df5,True,1.0,1.0,1.0,1.0,1.0,1.0,1.0
339,f0f77f6f5cb4562c,True,1.0,1.0,1.0,0.0,1.0,1.0,0.5833333333333334
340,9aad3780bef85c98,True,0.0,1.0,0.0,0.0,1.0,1.0,0.0
341,e76c53ede9205ba9,True,1.0,1.0,0.7435627331680139,1.0,1.0,1.0,0.8931511388200057
342,153733002b5a5d25,True,1.0,1.0,1.0,1.0,1.0,1.0,1.0
343,65ae67808d1f5de5,True,1.0,1.0,0.8851549501775456,1.0,1.0,1.0,0.9521478959073107
344,d112a49d72925b06,True,1.0,1.0,0.9605617557713934,1.0,1.0,1.0,0.9835673982380806
345,ed896606c8d658fc,True,1.0,0.0,0.0,1.0,1.0,1.0,0.0
346,0c931f9db55e5fcc,True,1.0,1.0,0.09237966197204238,1.0,1.0,1.0,0.6218248591550176
347,ba7553f511f653b3,True,1.0,1.0,0.6331985161994781,1.0,1.0,1.0,0.8471660484164492
348,09c56525e8e853a8,True,1.0,1.0,0.8729712591813094,1.0,1.0,1.0,0.9470713579922122
349,4f61c0897822586c,True,1.0,1.0,1.0,1.0,1.0,1.0,1.0
350,5474ade2411457f3,True,1.0,1.0,1.0,1.0,1.0,1.0,1.0
351,8c4218fc392a52be,True,1.0,1.0,1.0,1.0,1.0,1.0,1.0
352,a44db880afe95be7,True,1.0,1.0,0.61291917234387,1.0,1.0,1.0,0.8387163218099459
353,d31c6e5e85b95aea,True,1.0,1.0,0.6441904084911075,1.0,1.0,1.0,0.8517460035379615
354,55237cf0b8c45ec9,True,1.0,1.0,0.8659337185858645,1.0,1.0,1.0,0.944139049410777
355,56a5e83ad14c558a,True,1.0,1.0,0.8044171862279096,1.0,1.0,1.0,0.9185071609282957
356,11b9e3f204815f4a,True,1.0,0.0,0.0,0.0,1.0,0.0,0.0
357,2f6ef141a25657e5,True,1.0,1.0,0.8129140827625935,1.0,1.0,1.0,0.922047534484414
358,d2789ec30aaa5d6a,True,1.0,1.0,1.0,1.0,1.0,1.0,1.0
359,2cce988d410654e2,True,1.0,1.0,1.0,1.0,1.0,1.0,1.0
360,e99744bcd703522c,True,1.0,1.0,0.7257999499512898,1.0,1.0,1.0,0.8857499791463708
361,0a91b3a6e4ae56fe,True,1.0,1.0,0.8442026373981087,1.0,1.0,1.0,0.9350844322492119
362,70f72122f1605fa1,True,1.0,1.0,0.7687321254588998,1.0,1.0,1.0,0.9036383856078749
363,91416eb4bba85377,True,1.0,1.0,0.8809536490252068,1.0,1.0,1.0,0.9503973537605028
364,6fb754e903985d44,True,1.0,0.0,0.0,1.0,1.0,1.0,0.0
365,66e75a9c2da75db6,True,1.0,1.0,0.8834784574558827,1.0,1.0,1.0,0.9514493572732845
366,7a9225f5c4355f92,True,1.0,1.0,0.9804835229260108,1.0,1.0,1.0,0.9918681345525044
367,28ef9307f6035143,True,1.0,1.0,0.5736745060859704,1.0,1.0,1.0,0.822364377535821
368,df36523fdaeb5882,True,1.0,1.0,0.8695509763844571,1.0,1.0,1.0,0.9456462401601904
369,07bc26f4b1735347,True,1.0,1.0,0.8002404881883045,1.0,1.0,1.0,0.9167668700784602
370,454e63f98e365a3a,True,1.0,1.0,1.0,1.0,1.0,1.0,1.0
371,fe746b45992f5a69,True,1.0,1.0,1.0,1.0,1.0,0.0,1.0
372,0ef0e20c09865753,True,1.0,1.0,0.9863823717488904,1.0,1.0,1.0,0.9943259882287044
373,94d74f87c8435b61,True,1.0,1.0,0.9096638217327182,1.0,1.0,1.0,0.9623599257219659
374,fa40f1c24ced584f,True,1.0,1.0,0.904323293800895,1.0,1.0,1.0,0.9601347057503729
375,cc65333a2182508c,True,1.0,1.0,0.5228006380878139,1.0,1.0,1.0,0.8011669325365891
376,33f9db8342475213,True,1.0,0.0,0.0,1.0,1.0,1.0,0.0
377,34c872c16eb0577c,True,1.0,1.0,1.0,1.0,1.0,1.0,1.0
378,1b5521472b795718,True,1.0,1.0,1.0,1.0,1.0,1.0,1.0
379,9387d5660fcf5d98,True,1.0,1.0,0.8036928085905474,1.0,1.0,1.0,0.918205336912728
380,fccd90b794b15d6a,True,1.0,1.0,1.0,1.0,1.0,1.0,1.0
381,6ddd79643130526d,True,1.0,1.0,1.0,1.0,1.0,1.0,1.0
382,0beacadfbc4553ea,True,1.0,1.0,0.8215510319524048,1.0,1.0,1.0,0.9256462633135021
383,5c0a94addace52e2,True,1.0,1.0,0.8077581222414071,1.0,1.0,1.0,0.9198992176005863
384,5167871fd80b575d,True,1.0,1.0,0.6261976449391902,1.0,1.0,1.0,0.8442490187246626
385,f9c8ec6aefc05be4,True,1.0,0.0,0.0,1.0,1.0,1.0,0.0
386,84a763e08d2c5ac6,True,1.0,1.0,1.0,1.0,1.0,1.0,1.0
387,e44b9b8654a15bfd,True,1.0,1.0,0.8586557283984639,1.0,1.0,1.0,0.94110655349936
388,cc4a4dc2afc75aed,True,1.0,1.0,1.0,1.0,1.0,1.0,1.0
389,575317389c085760,True,1.0,1.0,0.7853520993231733,1.0,1.0,1.0,0.9105633747179889
390,b83f5bd6726e5996,True,1.0,1.0,0.9446783162920461,1.0,1.0,1.0,0.9769492984550192
391,3a31f6e6819d5ab2,True,1.0,1.0,0.9916499178852297,1.0,1.0,1.0,0.9965207991188457
392,153dfbd3d4355809,True,1.0,1.0,0.7327614383018298,1.0,1.0,1.0,0.8886505992924292
393,6050bcf9baab54f6,True,1.0,1.0,0.559231067087451,1.0,1.0,1.0,0.8163462779531047
394,803569f800575929,True,1.0,1.0,0.8091669661279989,1.0,1.0,1.0,0.9204862358866661
395,96b5b1c350745a73,True,1.0,1.0,0.9520411907291487,0.0,1.0,1.0,0.5633504961371453
396,01b78ea52da8595a,True,1.0,1.0,0.7659402449932929,1.0,1.0,1.0,0.9024751020805387
397,ed02d0df47ca55e7,True,1.0,1.0,0.858847576635913,1.0,1.0,1.0,0.9411864902649638
398,6250b1bc5d735d1a,True,1.0,1.0,0.5952741803401285,1.0,1.0,1.0,0.8313642418083869
399,c8bf35e6c9065d83,True,1.0,1.0,0.8117095777817733,1.0,1.0,1.0,0.9215456574090721
400,a6b34e50b7995664,True,1.0,1.0,1.0,1.0,1.0,1.0,1.0
401,e0aee9e955b35c08,True,1.0,1.0,0.6054016436687485,1.0,1.0,1.0,0.8355840181953118
402,7e5bb23808a850ca,True,1.0,1.0,1.0,1.0,1.0,1.0,1.0
403,05c6edc5f05c5932,True,1.0,1.0,0.7893749862695244,1.0,1.0,1.0,0.9122395776123019
404,9f03709a3c1e5725,True,1.0,1.0,0.6008246771812553,1.0,1.0,1.0,0.833676948825523
405,b83ed953a4105ddc,True,1.0,1.0,1.0,1.0,1.0,1.0,1.0
406,629ad0d696ed5a25,True,1.0,1.0,0.9496980340501441,1.0,1.0,1.0,0.9790408475208934
407,f36969fd00f15050,True,1.0,1.0,1.0,1.0,1.0,1.0,1.0
408,cb163ff9424a5aee,True,1.0,1.0,1.0,1.0,1.0,1.0,1.0
409,4dad8cf0704c5c43,True,1.0,1.0,1.0,1.0,1.0,1.0,1.0
410,134221cd9f46577f,True,1.0,1.0,0.90696425429312,1.0,1.0,1.0,0.9612351059554666
411,08977ce458945f04,True,1.0,1.0,0.9459106549881885,1.0,1.0,1.0,0.9774627729117452
412,5a2e2da8e6b75138,True,1.0,0.0,0.0,1.0,1.0,1.0,0.0
413,a76f3192f58250c2,True,1.0,1.0,0.8520128622853284,1.0,1.0,1.0,0.9383386926188869
414,988cf241460c557e,True,1.0,1.0,0.8076817457451972,1.0,1.0,1.0,0.9198673940604989
415,94c7ef641e1c5dd7,True,1.0,1.0,0.8095839275986165,1.0,1.0,1.0,0.9206599698327569
416,f9d9a2a2e2d25a8c,True,1.0,1.0,0.6963564892612276,1.0,1.0,1.0,0.8734818705255115
417,dfd27e2c5d7f50fb,True,1.0,1.0,0.7833178619904924,1.0,1.0,1.0,0.9097157758293718
418,46adda2ea05a50a4,True,1.0,1.0,0.9176984485645577,1.0,1.0,1.0,0.965707686901899
419,05afd4630a525f78,True,1.0,1.0,0.7086601819002246,1.0,1.0,1.0,0.8786084091250936
420,8bacfc35148b5dad,True,1.0,1.0,0.5280820952207342,1.0,1.0,1.0,0.8033675396753059
421,c0475666b2a55982,True,1.0,1.0,1.0,1.0,1.0,1.0,1.0
422,350ef3908a9c5db6,True,1.0,1.0,1.0,1.0,1.0,1.0,1.0
423,96a0bbef8c335c3e,True,1.0,1.0,1.0,1.0,1.0,1.0,1.0
424,470d0eceeaf75102,True,1.0,1.0,0.8900915409761918,1.0,1.0,1.0,0.95420480874008
425,83158ad924fc506c,True,1.0,1.0,1.0,1.0,1.0,1.0,1.0
426,3978c2d5fb6e5f5a,True,1.0,1.0,0.7506821170232425,1.0,1.0,1.0,0.8961175487596843
427,a35847734fc65508,True,1.0,1.0,1.0,1.0,1.0,1.0,1.0
428,1aabc43f2a7453f1,True,1.0,1.0,0.7802308992581816,1.0,1.0,1.0,0.9084295413575756
429,8d64d2c9f19c57c5,True,1.0,1.0,0.8372555612465243,1.0,1.0,1.0,0.9321898171860518
430,4b4c7883539d5eb9,True,1.0,1.0,1.0,1.0,1.0,1.0,1.0
431,0f71d72c3b415be6,True,1.0,1.0,0.6518920730302507,1.0,1.0,1.0,0.854955030429271
432,c55b4a959c2d5b8e,True,1.0,1.0,1.0,1.0,1.0,1.0,1.0
433,4299796c2c845718,True,1.0,1.0,0.7793463983448338,1.0,1.0,1.0,0.9080609993103473
434,8e711b3a85205804,True,1.0,1.0,0.9613890852608016,1.0,1.0,1.0,0.9839121188586674
435,cfaa12a747e45fb4,True,1.0,1.0,0.6860759151412285,1.0,1.0,1.0,0.8691982979755118
436,57f2781030b25387,True,1.0,1.0,0.8394550935897173,1.0,1.0,1.0,0.9331062889957155
437,b8d4a8d9b16859d4,True,1.0,1.0,0.91979227370118,1.0,1.0,1.0,0.9665801140421584
438,0bf5bbbd53fe5ea6,True,1.0,1.0,1.0,1.0,1.0,1.0,1.0
439,346f28fb35365c73,True,1.0,1.0,0.8036129457143165,1.0,1.0,1.0,0.9181720607142986
440,a03faf9254a55468,True,1.0,1.0,0.9133487672526056,1.0,1.0,1.0,0.9638953196885858
441,5c3080b50d365629,True,1.0,1.0,0.7139052602550665,1.0,1.0,1.0,0.880793858439611
442,b4d40a7532c05cd0,True,1.0,1.0,0.5431805512005402,1.0,1.0,1.0,0.8096585630002252
443,e779c1cc4ae45a84,True,1.0,1.0,1.0,1.0,1.0,1.0,1.0
444,04715723caea505e,True,1.0,1.0,0.9758776683686748,1.0,1.0,1.0,0.9899490284869478
445,be0ac32b1590510e,True,1.0,1.0,0.4716438701282704,1.0,1.0,1.0,0.779851612553446
446,2e393fad09985c87,True,1.0,0.0,0.0,1.0,1.0,1.0,0.0
447,71357a4fc5c65199,True,1.0,1.0,0.9053562049818283,1.0,1.0,1.0,0.9605650854090951
448,c8649af783035c0f,True,1.0,1.0,0.6810368755661168,1.0,1.0,1.0,0.8670986981525486
449,40c362dd278b5280,True,1.0,1.0,1.0,1.0,1.0,1.0,1.0
450,c9ddc670b1195efd,True,1.0,1.0,0.803751126843638,1.0,1.0,1.0,0.9182296361848493
451,419ff14e34c45d7f,True,1.0,1.0,0.9096400048088169,1.0,1.0,1.0,0.9623500020036738
452,6f790c3c333058b2,True,1.0,1.0,0.7639262611823032,1.0,1.0,1.0,0.901635942159293
453,a0e0603db4105ad9,True,1.0,1.0,1.0,1.0,1.0,1.0,1.0
454,60af77348f6257b6,True,1.0,1.0,0.6005134541994972,1.0,1.0,1.0,0.8335472725831238
455,677d8d1e838b5793,True,1.0,1.0,0.7562271652184623,1.0,1.0,1.0,0.8984279855076927
456,4cfe4dc173bb5e2e,True,1.0,1.0,0.7355889108537754,1.0,1.0,1.0,0.8898287128557397
457,60b3c9715d995c1d,True,1.0,1.0,0.9709664501792226,1.0,1.0,1.0,0.987902687574676
458,34ac200e359653b5,True,1.0,1.0,0.9250520083096013,1.0,1.0,1.0,0.9687716701290006
459,2fa0f34bd2da5b39,True,1.0,1.0,0.9747771993630107,1.0,1.0,1.0,0.9894904997345878
460,5b4cbfe57b9b524b,True,1.0,1.0,0.8115680723043048,1.0,1.0,1.0,0.9214866967934604
461,9d213c7b9ab4550d,True,1.0,1.0,0.9198673888378169,1.0,1.0,1.0,0.966611412015757
462,557fe4dc6b2a5c76,True,1.0,1.0,1.0,1.0,1.0,1.0,1.0
463,83ec4461559c5388,True,1.0,1.0,1.0,1.0,1.0,1.0,1.0
464,c62b532b8f355b16,True,1.0,1.0,0.7967593278990082,1.0,1.0,1.0,0.9153163866245867
465,9cdaa8f652bf5a27,True,1.0,1.0,0.6963456882202838,1.0,1.0,1.0,0.8734773700917849
466,6cc0563c1a0d5c3a,True,1.0,1.0,0.7971504960182156,1.0,1.0,0.5,0.9154793733409231
467,eaba7fd433c45e20,True,1.0,1.0,0.994813630876604,1.0,1.0,1.0,0.9978390128652516
468,b9238f564f875dfc,True,1.0,1.0,0.8511611110649953,1.0,1.0,1.0,0.9379837962770813
469,9d4e4e721d77503e,True,1.0,1.0,0.8516756935630833,1.0,1.0,1.0,0.9381982056512846
470,13625214a30e5005,True,1.0,1.0,0.9079359934709664,1.0,1.0,1.0,0.9616399972795694
471,982671de6e755ca0,True,1.0,1.0,0.6730776883840467,1.0,1.0,1.0,0.8637823701600195
472,277f191c94b952f3,True,1.0,1.0,0.8804666309792302,1.0,1.0,1.0,0.9501944295746793
473,48f70b92d6895a39,True,1.0,1.0,0.931734580186392,1.0,1.0,1.0,0.9715560750776634
474,58dd10abb9ba5388,True,1.0,1.0,0.7991817116714076,1.0,1.0,1.0,0.9163257131964198
475,2d0517c112625a09,True,1.0,1.0,0.9860360931981093,1.0,1.0,1.0,0.9941817054992121
476,3ae2ab1099d65c2a,True,1.0,1.0,0.999024200550828,1.0,1.0,1.0,0.9995934168961783
477,63b69a3c54e95277,True,1.0,1.0,0.6257722781389793,1.0,1.0,1.0,0.8440717825579082
478,931c9ec2bfa55d47,True,1.0,1.0,0.5688281270205136,1.0,1.0,1.0,0.820345052925214
479,2150cda2905d51ca,True,1.0,1.0,1.0,1.0,1.0,1.0,1.0
480,43e42cf1a2175b88,True,1.0,1.0,0.8625744625625775,1.0,1.0,1.0,0.9427393594010739
481,e2442187de045407,True,1.0,1.0,0.8681300335048852,1.0,1.0,1.0,0.9450541806270355
482,e463ad284c0d595c,True,1.0,1.0,0.8364281834173601,1.0,1.0,1.0,0.9318450764239001
483,36a7254be1af5120,True,1.0,1.0,0.9387777677651229,1.0,1.0,1.0,0.9744907365688013
484,b9db0f40e33853b3,True,1.0,1.0,0.7566594989423526,1.0,1.0,1.0,0.8986081245593137
485,d8bbb945380d5d78,True,1.0,1.0,1.0,1.0,1.0,1.0,1.0
486,eb81d53204735bcc,True,1.0,1.0,1.0,1.0,1.0,1.0,1.0
487,a1d53677e05456b3,True,1.0,1.0,1.0,1.0,1.0,1.0,1.0
488,597f506bb5fd5a83,True,1.0,1.0,1.0,1.0,1.0,1.0,1.0
489,38878741cbee5e88,True,1.0,1.0,0.9322121763686735,1.0,1.0,1.0,0.9717550734869472
490,f233f263a7e75621,True,1.0,0.0,0.0,1.0,1.0,1.0,0.0
491,5feede5c5a3c5116,True,1.0,1.0,0.6637704929365212,1.0,1.0,1.0,0.8599043720568839
492,e7b269e3a51c5713,True,1.0,1.0,1.0,1.0,1.0,1.0,1.0
493,400a99ae89275e4d,True,1.0,1.0,1.0,1.0,1.0,1.0,1.0
494,55368b53e7ba5dda,True,1.0,1.0,0.9326214964021663,1.0,1.0,1.0,0.9719256235009026
495,a1ecc6a16c2f5b5e,True,1.0,1.0,0.8278613136537192,1.0,1.0,1.0,0.9282755473557164
496,2649eb9e1a445b29,True,1.0,1.0,0.6117560371102708,1.0,1.0,1.0,0.8382316821292796
497,866f7eb093ac5244,True,1.0,1.0,0.7242687823449463,1.0,1.0,1.0,0.8851119926437278
498,e53fc4a1bbe0568b,True,1.0,1.0,1.0,1.0,1.0,1.0,1.0
499,1835975eaaf65843,True,1.0,1.0,1.0,1.0,1.0,1.0,1.0
500,72781f1cbd405769,True,1.0,1.0,0.5424614006326128,1.0,1.0,1.0,0.8093589169302553
501,5f42f18776195578,True,1.0,1.0,0.9104720342250737,1.0,1.0,1.0,0.962696680927114
502,10d172af1ba359a2,True,1.0,1.0,0.8189016309205599,1.0,1.0,1.0,0.9245423462168999
503,44a82a16cdbc5813,True,1.0,1.0,0.9784069079004486,1.0,1.0,1.0,0.9910028782918535
504,dadfddb20a29587d,True,1.0,1.0,0.961073790272029,1.0,1.0,1.0,0.9837807459466786
505,58366177d30259f5,True,1.0,1.0,0.8127241791016273,1.0,1.0,1.0,0.9219684079590115
506,546c6d1bfc455f77,True,1.0,1.0,0.9135374888247819,1.0,1.0,1.0,0.9639739536769923
507,dd2d7e23754e58d3,True,1.0,1.0,0.7946337478324585,1.0,1.0,1.0,0.9144307282635245
508,434f74e0c3e25cdd,True,1.0,1.0,0.9064617893625997,1.0,1.0,1.0,0.9610257455677499
509,422a764bf2dc593c,True,1.0,1.0,0.8694030228934495,1.0,1.0,1.0,0.9455845928722706
510,15bd04021cc75727,True,1.0,1.0,0.9252181022073134,1.0,1.0,1.0,0.9688408759197139
511,9a9b75516db85d76,True,1.0,1.0,0.8847810945957041,1.0,1.0,1.0,0.9519921227482101
512,6280a12d79b4518a,True,1.0,1.0,0.9847287381820672,1.0,1.0,1.0,0.993636974242528
513,2653ecf542e259fc,True,1.0,1.0,1.0,1.0,1.0,1.0,1.0
514,0a51eb8adf8e5391,True,1.0,1.0,0.8318857167417595,1.0,1.0,1.0,0.929952381975733
515,bd4adf326a205d51,True,1.0,1.0,0.7888327481859883,1.0,1.0,1.0,0.912013645077495
516,c21ec33e15b458a1,True,1.0,1.0,0.8230265514375824,1.0,1.0,1.0,0.9262610630989926
517,2dca181fa97153a0,True,1.0,1.0,0.7979828457911139,1.0,1.0,1.0,0.9158261857462975
518,93092fbeb57f5e9a,True,1.0,1.0,1.0,0.0,1.0,1.0,0.5833333333333334
519,29b743b5bdd1527e,True,1.0,1.0,0.6521743884333564,1.0,1.0,1.0,0.8550726618472319
520,ba13a6004a0c5f8d,True,1.0,1.0,0.716342971308637,1.0,1.0,1.0,0.8818095713785987
521,06a1f481118057b2,True,1.0,1.0,0.588081757319959,1.0,1.0,1.0,0.8283673988833162
522,fc2a5f9f60965ab9,True,1.0,1.0,1.0,1.0,1.0,1.0,1.0
523,6e944f00e04c5f1c,True,1.0,1.0,0.8219055404578337,1.0,1.0,1.0,0.9257939751907641
524,cc0668b663b25703,True,1.0,1.0,0.6746246297149716,1.0,1.0,1.0,0.8644269290479049
525,3265e31c65705a5f,True,1.0,1.0,1.0,1.0,1.0,1.0,1.0
526,0e2ed241aa315929,True,1.0,1.0,0.7915742960443274,1.0,1.0,1.0,0.9131559566851365
527,055dff3e32835333,True,1.0,1.0,0.6707159098784071,1.0,1.0,1.0,0.8627982957826696
528,beb963305ad75bb3,True,1.0,1.0,1.0,1.0,1.0,1.0,1.0
529,6b258d7ddf7d53f3,True,1.0,1.0,1.0,1.0,1.0,1.0,1.0
530,cecd27d3ba0e54fd,True,1.0,1.0,0.7975895673719182,1.0,1.0,1.0,0.9156623197382993
531,b09d0393d8095685,True,1.0,1.0,0.7666596849982243,1.0,1.0,1.0,0.90277486874926
532,210e056a17d1522d,True,1.0,1.0,0.8493539519353279,1.0,1.0,1.0,0.9372308133063866
533,3e11d77a9aca5bb7,True,1.0,1.0,0.755844944982865,1.0,1.0,1.0,0.8982687270761938
534,01226863089b5e1d,True,1.0,1.0,0.8956746296095679,1.0,1.0,1.0,0.9565310956706533
535,d93832e29afa5f8b,True,1.0,1.0,0.8401571376830155,1.0,1.0,1.0,0.9333988073679231
536,05929f9dc5d152a7,True,1.0,1.0,1.0,1.0,1.0,1.0,1.0
537,4f85a2301691525a,True,1.0,1.0,0.8029511564316621,1.0,1.0,1.0,0.9178963151798593
538,431869f33ace51a0,True,1.0,1.0,0.8536639790333973,1.0,1.0,1.0,0.9390266579305822
539,13b137cecf4b57e9,True,0.0,1.0,0.0,0.0,1.0,1.0,0.0
540,34787bf8b0d95f31,True,1.0,1.0,1.0,1.0,1.0,1.0,1.0
541,38f555fbc07f5185,True,1.0,1.0,0.9638542543447576,1.0,1.0,1.0,0.9849392726436491
542,53400e82ca375c5f,True,1.0,1.0,0.7779506168401541,1.0,1.0,1.0,0.9074794236833975
543,9b3a284d78f458f3,True,1.0,1.0,0.8261811967962672,1.0,1.0,1.0,0.9275754986651114
544,aa7cf4712b635bb0,True,1.0,1.0,1.0,1.0,1.0,1.0,1.0
545,bf2a9740fda85514,True,1.0,1.0,0.7709288427207754,1.0,1.0,1.0,0.9045536844669897
546,c87dc623a8b3564d,True,1.0,1.0,0.7489023603008154,1.0,1.0,1.0,0.8953759834586731
547,2615f45588965f4c,True,1.0,1.0,1.0,1.0,1.0,0.5,1.0
548,d6daa3b927f45168,True,1.0,1.0,1.0,1.0,1.0,1.0,1.0
549,eb872b2d7e7c52bf,True,1.0,1.0,1.0,1.0,1.0,1.0,1.0
550,515b2946ba2457b5,True,1.0,1.0,1.0,1.0,1.0,1.0,1.0
551,b619e01b47775ec5,True,1.0,1.0,0.7047715038656419,1.0,1.0,1.0,0.8769881266106841
552,21cef59c18245d4c,True,1.0,1.0,1.0,1.0,1.0,1.0,1.0
553,74da64c81fe1552e,True,1.0,1.0,0.7320362846398647,1.0,1.0,1.0,0.8883484519332768
554,95effa16c4bb5c12,True,1.0,1.0,0.7959248151977146,1.0,1.0,0.5,0.9149686729990477
555,cc853dd8697f51b3,True,1.0,1.0,0.7959381632368183,1.0,1.0,1.0,0.9149742346820077
556,471d0206688f5e3b,True,1.0,1.0,0.6857310459705782,1.0,1.0,1.0,0.8690546024877409
557,690e07e19bf55c7c,True,1.0,1.0,0.730720211208127,1.0,1.0,1.0,0.8878000880033863
558,50cf8d1fd8c250a5,True,1.0,1.0,0.8228220300947378,1.0,1.0,1.0,0.9261758458728074
559,cfd47fe44d355d32,True,1.0,1.0,0.8881937492641981,1.0,1.0,1.0,0.9534140621934158
560,789c2205e7865e94,True,1.0,1.0,0.9701071009235147,1.0,1.0,1.0,0.9875446253847978
561,02c173ffafdd5be5,True,1.0,1.0,0.588840240113743,1.0,1.0,1.0,0.8286834333807263
562,94652fa0c64d5846,True,1.0,1.0,0.8640314197197841,1.0,1.0,1.0,0.9433464248832434
563,14b4283d229a5e3d,True,1.0,1.0,0.6219338322604252,1.0,1.0,1.0,0.8424724301085105
564,1a0ce53e0a4755e5,True,1.0,1.0,0.8439794915029198,1.0,1.0,1.0,0.9349914547928831
565,659373708e8e5a4f,True,1.0,1.0,0.7634921983656178,1.0,1.0,1.0,0.9014550826523408
566,012ca60989175c54,True,1.0,1.0,1.0,1.0,1.0,1.0,1.0
567,b60f0f172ace5051,True,1.0,0.0,0.0,1.0,1.0,1.0,0.0
568,f6c528f78bdf593c,True,1.0,1.0,0.778694413389852,1.0,1.0,1.0,0.9077893389124383
569,ea57966419605846,True,1.0,1.0,0.7480859777648602,1.0,1.0,1.0,0.8950358240686919
570,0c5feb2794e9579c,True,1.0,1.0,0.6739916179339206,1.0,1.0,1.0,0.8641631741391335
571,6771ec6dba275364,True,1.0,1.0,1.0,1.0,1.0,1.0,1.0
572,4749d401a5a95254,True,1.0,1.0,0.7514715488424316,1.0,1.0,1.0,0.8964464786843465
573,8db7275969855f22,True,1.0,1.0,1.0,1.0,1.0,1.0,1.0
574,e343f38ae86a57fd,True,1.0,1.0,1.0,1.0,1.0,1.0,1.0
575,b8f2f60346035cb0,True,1.0,1.0,0.7905794426335616,1.0,1.0,1.0,0.9127414344306507
576,a0be9e4c6cc15ec7,True,1.0,0.0,0.0,1.0,1.0,1.0,0.0
577,f4544174530b5715,True,1.0,1.0,0.6623886354712478,1.0,1.0,1.0,0.85932859811302
578,cbcd554895c75231,True,1.0,0.0,0.0,1.0,1.0,1.0,0.0
579,0727a3cccad352d7,True,1.0,1.0,1.0,1.0,1.0,1.0,1.0
580,cf34e1f8d98f56ee,True,1.0,1.0,1.0,1.0,1.0,1.0,1.0
581,a7fa8bccce9253cb,True,1.0,1.0,0.678368046863841,1.0,1.0,1.0,0.865986686193267
582,cde6be1eb8f85b3c,True,1.0,1.0,0.9161491422226542,1.0,1.0,1.0,0.9650621425927725
583,f742c7490c2d5b98,True,1.0,1.0,0.8888751314840071,1.0,1.0,1.0,0.9536979714516697
584,6c9e40634f705f56,True,1.0,1.0,0.6871991388634343,1.0,1.0,1.0,0.8696663078597643
585,d51cd13cfbe35a4b,True,1.0,1.0,0.6749068521176506,1.0,1.0,1.0,0.8645445217156876
586,2af5b66260bf5795,True,1.0,1.0,0.8519304136478482,1.0,1.0,1.0,0.9383043390199367
587,e1540b19efec5d97,True,1.0,1.0,0.8018747439238119,1.0,1.0,1.0,0.9174478099682549
588,42a04da3bc0351e1,True,1.0,1.0,0.7535361884705065,1.0,1.0,1.0,0.8973067451960444
589,79ea7fb311c4574a,True,1.0,1.0,0.8465509731174942,1.0,1.0,1.0,0.9360629054656225
590,6801df96fcdd5bd9,True,1.0,1.0,0.7045940929095696,1.0,1.0,1.0,0.8769142053789873
591,fa1a3ccade2e50bf,True,1.0,1.0,0.5396865352251765,1.0,1.0,1.0,0.8082027230104902
592,790a5a0973815ab3,True,1.0,1.0,0.8687161715398029,1.0,1.0,1.0,0.9452984048082511
593,8b83388ca9005cf1,True,1.0,1.0,0.7928378645698193,1.0,1.0,1.0,0.913682443570758
594,53f8bc4012fe5f29,True,1.0,1.0,0.5143083846287435,1.0,1.0,1.0,0.7976284935953099
595,0d93c2f3442752d9,True,1.0,0.0,0.0,1.0,1.0,1.0,0.0
596,2d7a04e2df2d5bd3,True,1.0,1.0,0.8669062127933546,1.0,1.0,1.0,0.9445442553305643
597,7fb88e704c1a5cca,True,1.0,1.0,1.0,0.0,1.0,0.5,0.5833333333333334
598,1e4df42d4cea5416,True,1.0,1.0,1.0,1.0,1.0,1.0,1.0
599,b0b850e74a1e5bc7,True,1.0,1.0,1.0,1.0,1.0,1.0,1.0
600,c1d95d8a3260541c,True,1.0,1.0,0.8238290160469843,1.0,1.0,1.0,0.9265954233529102
601,f33eaf7a7ddc5891,True,1.0,1.0,0.7745754053861119,1.0,1.0,1.0,0.9060730855775466
602,de7b87d6624754cf,True,1.0,1.0,0.9006712430597367,1.0,1.0,1.0,0.958613017941557
603,7b29ee091c295f7a,True,1.0,1.0,1.0,1.0,1.0,1.0,1.0
604,01f2481a8cfc5803,True,1.0,1.0,0.9218295537334175,1.0,1.0,1.0,0.9674289807222572
605,1fedc5971443588d,True,1.0,1.0,0.9255234313260708,1.0,1.0,1.0,0.9689680963858628
606,10db4b6fe64b5c10,True,0.0,0.0,0.0,0.0,1.0,0.0,0.0
607,58a10d0c924050cf,True,0.0,1.0,0.0,0.0,1.0,1.0,0.0
608,9a1b2cdfbe7d56c0,True,1.0,1.0,0.7845733601427645,1.0,1.0,1.0,0.9102389000594853
609,b55cc20818705801,True,1.0,1.0,0.9165259956292601,1.0,1.0,1.0,0.9652191648455251
610,05f1c7e44f74538c,True,1.0,1.0,1.0,1.0,1.0,1.0,1.0
611,dc145331696d5400,True,1.0,1.0,1.0,1.0,1.0,1.0,1.0
612,529d2e20dc615c3b,True,1.0,1.0,1.0,1.0,1.0,1.0,1.0
613,f631a836a63855e0,True,1.0,1.0,0.8840450369808055,1.0,1.0,1.0,0.9516854320753355
614,e6e2b0d2f0495557,True,1.0,0.0,0.0,1.0,1.0,1.0,0.0
615,0b97850e408e5a95,True,1.0,1.0,0.23145752606014225,1.0,1.0,1.0,0.679773969191726
616,7a754395c711541c,True,1.0,1.0,0.7602524004906372,1.0,1.0,1.0,0.9001051668710988
617,0b1250020ea95539,True,1.0,1.0,0.9170222144066169,1.0,1.0,1.0,0.9654259226694237
618,57960c0eaa6b554b,True,1.0,1.0,0.9313146667006311,1.0,1.0,1.0,0.9713811111252629
619,1d359a03436458f0,True,1.0,1.0,0.6698672978656537,1.0,1.0,1.0,0.8624447074440225
620,8b3bd35b8b945918,True,1.0,1.0,0.7600623880495753,1.0,1.0,1.0,0.9000259950206564
621,b15b2d36b1ea51cc,True,1.0,1.0,0.8590331901858921,1.0,1.0,1.0,0.9412638292441217
622,0057ce5b81c35a81,True,1.0,1.0,0.9355377605392672,1.0,1.0,1.0,0.973140733558028
623,2b52c607f324583e,True,1.0,1.0,0.8881301403682914,1.0,1.0,1.0,0.953387558486788
624,dfa220d6e64f5d84,True,1.0,1.0,1.0,1.0,1.0,1.0,1.0
625,c6ad08c8eca55275,True,1.0,1.0,0.9272019179035492,1.0,1.0,1.0,0.9696674657931456
626,f9df92352a5f53f2,True,1.0,1.0,1.0,1.0,1.0,1.0,1.0
627,ca8a417f32d859ba,True,1.0,1.0,0.9333989218447216,1.0,1.0,1.0,0.972249550768634
628,308908fd6d9a5631,True,1.0,1.0,0.7589501903337922,1.0,1.0,1.0,0.8995625793057468
629,0e7f0228aa865b5c,True,1.0,1.0,1.0,1.0,1.0,1.0,1.0
630,552fd48bfce35a20,True,1.0,1.0,1.0,1.0,1.0,1.0,1.0
631,84876bb274165ade,True,1.0,1.0,0.5113915777498531,1.0,1.0,1.0,0.7964131573957721
632,f4e2ec6e37535056,True,1.0,1.0,1.0,1.0,1.0,1.0,1.0
633,55d102de4d6150f8,True,1.0,1.0,0.8564524798341262,1.0,1.0,1.0,0.9401885332642191
634,218b80dbcd8551b8,True,1.0,1.0,0.8521431985181204,1.0,1.0,1.0,0.93839299938255
635,f5ebfa68c2315d0c,True,1.0,1.0,1.0,1.0,1.0,1.0,1.0
636,3154180ecf9a5e67,True,1.0,1.0,0.7571113953513189,1.0,1.0,1.0,0.8987964147297163
637,41c548e7d8aa5f1a,True,1.0,1.0,0.7032706287533688,1.0,1.0,1.0,0.8763627619805704
638,742456f4f1c65425,True,1.0,1.0,1.0,1.0,1.0,0.5,1.0
639,1b35b775c4a95647,True,1.0,1.0,0.9406185604362408,1.0,1.0,1.0,0.9752577335151003
640,9a1b945bf0125d1d,True,1.0,1.0,1.0,1.0,1.0,1.0,1.0
641,ac24fb00e61a5da2,True,1.0,1.0,0.8039192620702698,1.0,1.0,1.0,0.9182996925292791
642,651f88b4c46e50a2,True,1.0,1.0,0.9922800506670725,1.0,1.0,1.0,0.9967833544446135
643,98a0d06140945295,True,1.0,1.0,0.9288213775490534,1.0,1.0,1.0,0.9703422406454388
644,8b57a471e74e573f,True,1.0,1.0,1.0,1.0,1.0,1.0,1.0
645,47f29dad0bec52d2,True,1.0,1.0,0.6630606516577328,0.0,1.0,1.0,0.442941938190722
646,5ab779b8a0995778,True,1.0,1.0,1.0,1.0,1.0,1.0,1.0
647,def47af8d5a35090,True,1.0,1.0,0.8534621506505539,1.0,1.0,1.0,0.938942562771064
648,85aaf087e6fe54ee,True,1.0,1.0,0.7115262999445029,1.0,1.0,1.0,0.8798026249768762
649,2daa400892ce5a95,True,1.0,1.0,0.5506721029319,1.0,1.0,1.0,0.8127800428882916
650,fdc126183c355692,True,1.0,1.0,1.0,1.0,1.0,1.0,1.0
651,1a4d88c3ccc6586d,True,1.0,1.0,0.8936892176473269,1.0,1.0,1.0,0.9557038406863861
652,6840e07af4275492,True,1.0,1.0,0.9788054320624314,1.0,1.0,1.0,0.991168930026013
653,3493d0184aea5ee8,True,1.0,1.0,0.852202557309875,1.0,1.0,1.0,0.938417732212448
654,c4e83619721455b0,True,1.0,1.0,0.5711384240175719,1.0,1.0,1.0,0.8213076766739883
655,d9d78961c83a5acb,True,1.0,1.0,0.6400994421659609,1.0,1.0,1.0,0.8500414342358171
656,a8455a10df085d45,True,1.0,1.0,0.514832248662232,1.0,1.0,1.0,0.79784677027593
657,61e104b6c5d35dc6,True,1.0,1.0,0.7499204304851667,1.0,1.0,1.0,0.8958001793688194
658,059ce0fdfc67544c,True,1.0,0.0,0.0,1.0,1.0,0.5,0.0
659,9963c72e34ae5101,True,1.0,1.0,0.710091917223275,1.0,1.0,1.0,0.879204965509698
660,718c914ede2f5229,True,1.0,1.0,0.7941449430438007,1.0,1.0,1.0,0.9142270596015836
661,ddaf241c401e560a,True,1.0,1.0,0.6577188253182864,1.0,1.0,1.0,0.8573828438826193
662,9e0633fbdeac55bb,True,1.0,1.0,0.8793709369556703,1.0,1.0,1.0,0.9497378903981959
663,a1493423e0d1521c,True,1.0,1.0,1.0,0.0,1.0,1.0,0.5833333333333334
664,6b8daf3b57175e70,True,1.0,1.0,1.0,1.0,1.0,1.0,1.0
665,1c542cec168557e3,True,1.0,1.0,0.7034067954678276,1.0,1.0,1.0,0.8764194981115949
666,8c6aed532f8555cd,True,1.0,1.0,0.8658591295939595,1.0,1.0,1.0,0.9441079706641498
667,4b5fd21bc8bd5a8b,True,1.0,1.0,0.7999535476644596,1.0,1.0,1.0,0.9166473115268582
668,9b4cfcda4a755b05,True,1.0,1.0,0.7407692158159811,1.0,1.0,1.0,0.8919871732566588
669,62fc6bfdfba650ed,True,1.0,1.0,1.0,1.0,1.0,1.0,1.0
670,7b4383b378035cb7,True,1.0,1.0,0.6157184981097044,1.0,1.0,1.0,0.8398827075457101
671,5e2b839cccb95921,True,1.0,1.0,0.9829618520736864,1.0,1.0,0.5,0.9929007716973693
672,ae07b0ef14e25e47,True,1.0,1.0,1.0,1.0,1.0,1.0,1.0
673,b04bbf1d4ecf5f56,True,1.0,1.0,0.923161217386182,1.0,1.0,1.0,0.9679838405775758
674,26a1ceab4d455a77,True,1.0,0.0,0.0,1.0,1.0,1.0,0.0
675,cdf6bdc01f055c77,True,1.0,1.0,0.7413072311657779,1.0,1.0,1.0,0.8922113463190741
676,5b707d3c85dd5ff0,True,1.0,0.0,0.0,1.0,1.0,1.0,0.0
677,6104f0887cc25767,True,1.0,1.0,1.0,1.0,1.0,1.0,1.0
678,fc1800501fa157a7,True,1.0,1.0,0.9147712243265658,1.0,1.0,1.0,0.9644880101360691
679,dd182f5d47495d7f,True,1.0,1.0,0.8270233668252519,1.0,1.0,1.0,0.927926402843855
680,50dac69523a15131,True,1.0,1.0,1.0,1.0,1.0,1.0,1.0
681,baa0c0c3397d5ed5,True,1.0,1.0,0.8661603011399187,1.0,1.0,1.0,0.9442334588082995
682,152679f2edce5c73,True,1.0,1.0,1.0,1.0,1.0,1.0,1.0
683,cdeb1bce85c45cb2,True,1.0,1.0,0.9326270020807933,1.0,1.0,1.0,0.9719279175336638
684,3ec88bf115c95f69,True,1.0,1.0,0.502187412350588,1.0,1.0,1.0,0.7925780884794117
685,d78ce77ffdf75554,True,1.0,1.0,1.0,1.0,1.0,1.0,1.0
686,36f34c9e02a15801,True,1.0,1.0,1.0,1.0,1.0,1.0,1.0
687,a8a743157c605bfe,True,1.0,1.0,0.8268204396956255,1.0,1.0,1.0,0.9278418498731774
688,3c3dfd5b93dc5f54,True,1.0,1.0,0.673888286232392,1.0,1.0,1.0,0.8641201192634966
689,71adcc94aa6856a6,True,1.0,1.0,0.7916828269192558,1.0,1.0,1.0,0.9132011778830232
690,dbfc9f81daf956a9,True,1.0,1.0,1.0,1.0,1.0,1.0,1.0
691,c2cf3991e2e65486,True,1.0,1.0,1.0,1.0,1.0,1.0,1.0
692,9020d65504e554b3,True,1.0,0.0,0.0,1.0,1.0,1.0,0.0
693,fdee882945885aa7,True,1.0,1.0,0.8788609215387834,1.0,1.0,1.0,0.949525383974493
694,28345af8c4505291,True,1.0,0.0,0.0,1.0,1.0,1.0,0.0
695,6c3bb8f40a9a533c,True,1.0,1.0,1.0,1.0,1.0,1.0,1.0
696,bcbe67b78b825aec,True,1.0,1.0,1.0,1.0,1.0,1.0,1.0
697,a862b4e7cbc05869,True,1.0,1.0,1.0,1.0,1.0,1.0,1.0
698,e10fd359f695575f,True,1.0,1.0,0.8463258003100338,1.0,1.0,1.0,0.935969083462514
699,7f396948993153fe,True,1.0,1.0,1.0,1.0,1.0,1.0,1.0
700,60fa28b4cd8a57fb,True,1.0,1.0,0.788967642443732,1.0,1.0,1.0,0.9120698510182216
701,28f3ee6207ae50d6,True,1.0,1.0,0.8688603067922333,1.0,1.0,1.0,0.9453584611634306
702,6e6d55e69a6a5d18,True,1.0,1.0,0.5476195119060748,1.0,1.0,1.0,0.8115081299608645
703,90797642e4065c3c,True,1.0,1.0,0.6090922751387966,1.0,1.0,1.0,0.8371217813078319
704,d67eda0cf1305a71,True,1.0,1.0,0.7661815381586451,1.0,1.0,1.0,0.9025756408994354
705,e000d4f7fdfb5f6b,True,1.0,1.0,0.9408063845677715,1.0,1.0,1.0,0.9753359935699049
706,4d6e0b4cf60f5e98,True,1.0,1.0,1.0,1.0,1.0,1.0,1.0
707,2e1835a7c6445310,True,1.0,1.0,0.9372199445226184,1.0,1.0,1.0,0.9738416435510909
708,b641f849bdd55fd7,True,1.0,1.0,0.8715077541068007,1.0,1.0,1.0,0.9464615642111669
709,5a41a7f756c551ce,True,1.0,1.0,0.95264710416775,1.0,1.0,1.0,0.9802696267365625
710,28c5e10661025e5f,True,1.0,1.0,0.8818285841143457,1.0,1.0,1.0,0.950761910047644
711,e377a0a97c895d9c,True,1.0,1.0,0.9948227296502413,1.0,1.0,1.0,0.9978428040209338
712,d2d63c8eb7545fc1,True,1.0,1.0,1.0,1.0,1.0,1.0,1.0
713,38b7b1afe2bf516b,True,1.0,1.0,1.0,1.0,1.0,1.0,1.0
714,79efd3e82ef059b6,True,1.0,1.0,1.0,1.0,1.0,1.0,1.0
715,39640455f50c544c,True,1.0,1.0,1.0,1.0,1.0,1.0,1.0
716,74abadad5fd65d44,True,1.0,1.0,0.5671243879836192,1.0,1.0,1.0,0.8196351616598413
717,0cf22b3901945e24,True,1.0,1.0,0.7842394185931412,1.0,1.0,1.0,0.9100997577471421
718,01ace31ecf365cbb,True,1.0,1.0,0.6317666642434523,1.0,1.0,1.0,0.8465694434347718
719,e56402797d665711,True,1.0,1.0,0.7616509403661952,1.0,1.0,1.0,0.9006878918192479
720,0663f1541eeb58b6,True,1.0,1.0,1.0,1.0,1.0,0.5,1.0
721,12821eee232458b8,True,1.0,1.0,0.5882414193135715,1.0,1.0,1.0,0.8284339247139881
722,c6c1dab6af9858f9,True,1.0,1.0,0.7653535502805864,1.0,1.0,1.0,0.9022306459502444
723,9f191d1313c95362,True,1.0,1.0,1.0,1.0,1.0,1.0,1.0
724,d42e15faa6375e18,True,1.0,1.0,1.0,1.0,1.0,1.0,1.0
725,1e15c5256da5549a,True,1.0,1.0,1.0,1.0,1.0,1.0,1.0
726,9284ea4dbd0c52ff,True,1.0,1.0,0.8072467114754432,1.0,1.0,1.0,0.9196861297814346
727,4c22cdcc527e5a36,True,1.0,1.0,0.9038149080895248,1.0,1.0,1.0,0.9599228783706354
728,d7d752a4a8b95a59,True,1.0,1.0,0.924033543637449,1.0,1.0,1.0,0.9683473098489371
729,96af2f9a0f9352ab,True,1.0,1.0,1.0,1.0,1.0,1.0,1.0
730,9952eefa82585b83,True,1.0,1.0,0.9077505368573129,1.0,1.0,1.0,0.961562723690547
731,43a4f01072795345,True,1.0,1.0,1.0,1.0,1.0,1.0,1.0
732,9e10e31698a650a1,True,1.0,0.0,0.0,0.0,1.0,1.0,0.0
733,d90cd23a434f5c55,True,1.0,1.0,1.0,1.0,1.0,1.0,1.0
734,8b6aa9462f5157b3,True,1.0,1.0,1.0,1.0,1.0,1.0,1.0
735,fe37acae391d507c,True,1.0,1.0,0.8641640483151077,1.0,1.0,1.0,0.9434016867979617
736,14d112b14e9a5d5c,True,1.0,1.0,0.9068542855684744,1.0,1.0,1.0,0.961189285653531
737,aa2c4edb15d45c84,True,1.0,1.0,1.0,1.0,1.0,1.0,1.0
738,e132b016eee85b16,True,1.0,1.0,0.9447213926816361,1.0,1.0,1.0,0.9769672469506817
739,c284f9a1803f585f,True,1.0,1.0,1.0,1.0,1.0,1.0,1.0
740,d382617fe91a5c5d,True,1.0,1.0,0.9841970394722872,1.0,1.0,1.0,0.9934154331134529
741,38cce6a01e6753ea,True,0.0,1.0,0.0,0.0,1.0,0.0,0.0
742,9bbdfa78ebc85eec,True,1.0,1.0,1.0,0.0,1.0,1.0,0.5833333333333334
743,a9ffe9bb174851e6,True,1.0,1.0,1.0,1.0,1.0,1.0,1.0
744,d37242b32b51586b,True,1.0,1.0,0.7844998227963322,1.0,1.0,1.0,0.9102082594984718
745,1cff6bb966075bc7,True,1.0,1.0,1.0,1.0,1.0,1.0,1.0
746,947518978dcd5005,True,1.0,1.0,0.8183029492611235,1.0,1.0,1.0,0.924292895525468
747,173b456bbf29598f,True,1.0,1.0,0.840475745849805,1.0,1.0,1.0,0.9335315607707521
748,3e4c9c9e67545b03,True,1.0,1.0,0.6259426840082548,1.0,1.0,1.0,0.8441427850034394
749,0cf908f72d885124,True,1.0,1.0,1.0,1.0,1.0,1.0,1.0
750,9a594a58c8125976,True,1.0,1.0,0.9398171091588007,1.0,1.0,1.0,0.9749237954828335
751,774aad2507f75660,True,1.0,1.0,0.7014118394322939,1.0,1.0,1.0,0.8755882664301224
752,b1e0acd51fbf5895,True,1.0,1.0,0.6207665566509076,1.0,1.0,1.0,0.8419860652712116
753,df4bfb41bc3b5ded,True,1.0,1.0,0.9453804637061659,1.0,1.0,1.0,0.9772418598775691
754,aac7679545c75aed,True,1.0,1.0,0.9091487344753978,1.0,1.0,1.0,0.9621453060314158
755,78e3ba9d36dc59a0,True,1.0,1.0,1.0,1.0,1.0,1.0,1.0
756,a4bf921a024f551e,True,1.0,1.0,0.8907498739284847,1.0,1.0,1.0,0.9544791141368686
757,fd676fd01e475e33,True,1.0,1.0,1.0,1.0,1.0,1.0,1.0
758,ca18572aeb9755ba,True,1.0,1.0,0.680966832430605,1.0,1.0,1.0,0.8670695135127521
759,227d62f5dfd95624,True,1.0,1.0,1.0,1.0,1.0,0.5,1.0
760,9a22009eaa1250fe,True,1.0,1.0,0.776415132179278,0.0,1.0,1.0,0.49017297174136587
761,dadc8dc029e15f0f,True,1.0,1.0,0.7712654641721546,1.0,1.0,1.0,0.9046939434050644
762,bb7aca330b2c5ac2,True,1.0,1.0,0.8158427261635192,1.0,1.0,1.0,0.9232678025681329
763,7e97cc0349b4590b,True,1.0,1.0,0.9206685225566484,1.0,1.0,1.0,0.9669452177319369
764,fce6a1ea8fce5644,True,1.0,1.0,0.6453043377580836,1.0,1.0,1.0,0.8522101407325349
765,9337165de94b5a40,True,1.0,1.0,1.0,1.0,1.0,1.0,1.0
766,c4d424c8f74e5b70,True,1.0,1.0,1.0,1.0,1.0,1.0,1.0
767,134c369c82f05262,True,1.0,1.0,0.9944303764702987,1.0,1.0,1.0,0.9976793235292911
768,7da9641127dd514b,True,1.0,1.0,0.5680024537981075,1.0,1.0,1.0,0.8200010224158781
769,1d2710d5bcfd52a7,True,1.0,1.0,0.7916611402221294,1.0,1.0,1.0,0.9131921417592205
770,c10c52fd674f5277,True,1.0,1.0,0.830489078981049,1.0,1.0,1.0,0.929370449575437
771,60c9aabf696a5756,True,1.0,1.0,1.0,1.0,1.0,1.0,1.0
772,58c61cbce5825c91,True,1.0,0.0,0.0,1.0,1.0,1.0,0.0
773,a175a8b7f4c55cf6,True,1.0,1.0,0.8092082220640363,1.0,1.0,1.0,0.9205034258600152
774,36ee69ae43b85587,True,1.0,1.0,1.0,1.0,1.0,1.0,1.0
775,07dd30b182de5fa5,True,1.0,1.0,0.5955430834074481,1.0,1.0,1.0,0.8314762847531033
776,0a177b48593d521c,True,1.0,1.0,1.0,1.0,1.0,1.0,1.0
777,2d0334f7e7d75853,True,1.0,1.0,1.0,1.0,1.0,1.0,1.0
778,472472b9f03a5b8f,True,1.0,1.0,0.20685763593664386,1.0,1.0,1.0,0.6695240149736016
779,082988f40658562c,True,1.0,1.0,0.7374391645750189,1.0,1.0,1.0,0.8905996519062578
780,3fd7c487c29f53bc,True,1.0,1.0,0.8934387514308063,1.0,1.0,1.0,0.955599479762836
781,95a4b51d1d865ba0,True,1.0,1.0,0.5393955819721589,1.0,1.0,1.0,0.8080814924883996
782,37d818085d0f56e8,True,1.0,1.0,0.81441135915546,1.0,1.0,1.0,0.9226713996481083
783,1486e66f72ee562f,True,1.0,1.0,0.7238837414213056,1.0,1.0,1.0,0.884951558925544
784,5da61ef9efda5191,True,1.0,1.0,0.7700934624779803,1.0,1.0,1.0,0.9042056093658252
785,3466b16cf2c95855,True,1.0,0.0,0.0,1.0,1.0,1.0,0.0
786,09be81c492625fd5,True,1.0,1.0,0.7681244631950943,1.0,1.0,1.0,0.9033851929979559
787,1ce148cba6f35d51,True,1.0,1.0,1.0,1.0,1.0,1.0,1.0
788,01f3a4a21dc2582f,True,1.0,1.0,0.6811907094780439,1.0,1.0,0.5,0.8671627956158515
789,7feaf6410f1854a8,True,1.0,1.0,0.8158365903049126,1.0,1.0,1.0,0.9232652459603803
790,7aaa1817f97e5e5e,True,1.0,1.0,1.0,1.0,1.0,1.0,1.0
791,039cc112267b5d97,True,1.0,1.0,0.6633803262500573,1.0,1.0,1.0,0.8597418026041904
792,baef20f6b33e594e,True,1.0,1.0,1.0,1.0,1.0,1.0,1.0
793,0aa18dd2372d5e11,True,1.0,1.0,1.0,1.0,1.0,1.0,1.0
794,6ce3e4a1792651a8,True,1.0,1.0,0.7031787128405783,1.0,1.0,1.0,0.8763244636835742
795,f8fd766eb013577f,True,1.0,1.0,0.9567133874714437,1.0,1.0,0.5,0.9819639114464348
796,b770bd5be66d5339,True,1.0,1.0,0.6287076299763302,1.0,1.0,1.0,0.8452948458234709
797,fd89a82cf20e5632,True,1.0,1.0,0.6529389113044877,1.0,1.0,1.0,0.8553912130435366
798,cea6c267a5a05b3c,True,1.0,0.0,0.0,1.0,1.0,0.0,0.0
799,a61ba5902ded5c56,True,1.0,1.0,0.8225574228547793,1.0,1.0,1.0,0.926065592856158
800,703aa650ece25a02,True,1.0,1.0,0.9878112483916631,1.0,1.0,1.0,0.9949213534965263
801,639352b63c715c1f,True,1.0,1.0,1.0,1.0,1.0,1.0,1.0
802,e3ddabf456b155a9,True,1.0,0.0,0.0,1.0,1.0,1.0,0.0
803,8fc0b7212263588f,True,1.0,1.0,0.9369647096937148,1.0,1.0,1.0,0.9737352957057146
804,77761cd0edf15867,True,1.0,1.0,1.0,1.0,1.0,1.0,1.0
805,4d50c69f430850a0,True,1.0,1.0,1.0,1.0,1.0,1.0,1.0
806,afbde7335ad05055,True,1.0,1.0,1.0,1.0,1.0,1.0,1.0
807,3cd95c48caa05aaa,True,1.0,1.0,0.8764288096187516,1.0,1.0,1.0,0.9485120040078131
808,c2ddfc9b18815c97,True,1.0,1.0,0.6909700126761184,1.0,1.0,1.0,0.871237505281716
809,f313a28be30f5bd8,True,1.0,1.0,1.0,1.0,1.0,1.0,1.0
810,f28cb1d6c0cf568f,True,1.0,1.0,0.8383821774989576,1.0,1.0,1.0,0.9326592406245657
811,b7205dc330035bf4,True,1.0,1.0,0.9872609435040918,1.0,1.0,1.0,0.9946920597933716
812,a7ce8d99f16150ac,True,1.0,1.0,0.7994962817825457,1.0,1.0,1.0,0.9164567840760607
813,2d88ea430674513d,True,1.0,1.0,0.6229218191300011,1.0,1.0,1.0,0.8428840913041671
814,d9bb15db6f025acb,True,1.0,1.0,0.7830694032608001,1.0,1.0,1.0,0.9096122513586667
815,4f21925f1a7c5983,True,1.0,1.0,0.7850635587153001,1.0,1.0,1.0,0.9104431494647084
816,c5972dc8ab5c5f70,True,1.0,1.0,1.0,1.0,1.0,1.0,1.0
817,f064ef8fafcf5528,True,1.0,1.0,0.9512452066461692,1.0,1.0,1.0,0.9796855027692372
818,4511645a5e9a5bcd,True,1.0,1.0,0.981385330259233,1.0,1.0,1.0,0.9922438876080136
819,b6247a5245a5554f,True,1.0,1.0,1.0,0.0,1.0,1.0,0.5833333333333334
820,f2280f25f98852c0,True,1.0,1.0,0.9309229323559407,1.0,1.0,1.0,0.9712178884816419
821,3cfa3f1b82885efa,True,0.0,1.0,0.0,0.0,1.0,1.0,0.0
822,9ed85925d375504b,True,1.0,1.0,1.0,1.0,1.0,1.0,1.0
823,c7fe7790d2225990,True,1.0,1.0,1.0,1.0,1.0,1.0,1.0
824,71e2924dcf525bc7,True,1.0,1.0,0.5590089010827929,1.0,1.0,1.0,0.816253708784497
825,33baec8b94e15a39,True,1.0,1.0,0.8625129286803316,1.0,1.0,1.0,0.9427137202834714
826,991972800a895109,True,1.0,1.0,1.0,1.0,1.0,1.0,1.0
827,c7440ee97f0b5e75,True,1.0,0.0,0.0,1.0,1.0,1.0,0.0
828,d07fa319e6045a3d,True,1.0,1.0,0.8881265078601253,1.0,1.0,1.0,0.9533860449417189
829,09a859498436512e,True,1.0,1.0,1.0,1.0,1.0,1.0,1.0
830,0df213c579225af6,True,1.0,1.0,0.8651382639783082,1.0,1.0,1.0,0.9438076099909617
831,a81fbf9466e05120,True,1.0,1.0,0.7337701303499058,1.0,1.0,1.0,0.8890708876457941
832,ed8294474bc35b6c,True,1.0,1.0,1.0,1.0,1.0,1.0,1.0
833,63c1254fe8ef5145,True,1.0,1.0,1.0,1.0,1.0,1.0,1.0
834,a1ac8820c36e51c3,True,1.0,1.0,1.0,1.0,1.0,1.0,1.0
835,961cd53fde9a5c3d,True,1.0,1.0,1.0,1.0,1.0,1.0,1.0
836,3e543e1eac325854,True,1.0,1.0,0.6090994599801519,1.0,1.0,1.0,0.83712477499173
837,f1f69cb418a05b54,True,1.0,1.0,0.8845462169057772,1.0,1.0,1.0,0.9518942570440738
838,3bdecfdccc335eda,True,1.0,1.0,0.8652490908188288,1.0,1.0,1.0,0.9438537878411787
839,0e272e003af65a71,True,1.0,1.0,0.5933366313304714,1.0,1.0,1.0,0.8305569297210297
840,7231c4ecc0395010,True,1.0,1.0,0.8651356793668141,1.0,1.0,1.0,0.9438065330695059
841,6e6c19ea921f550d,True,1.0,1.0,0.8697181139256372,1.0,1.0,1.0,0.9457158808023488
842,1947a9758e045ce9,True,1.0,1.0,1.0,1.0,1.0,1.0,1.0
843,844da9644e225af5,True,1.0,1.0,0.961954245417743,1.0,1.0,1.0,0.984147602257393
844,45441aede44b5547,True,1.0,1.0,0.7886627183961568,1.0,1.0,1.0,0.9119427993317321
845,2335928f0e065bca,True,1.0,1.0,1.0,1.0,1.0,1.0,1.0
846,ff86cfb959e1545e,True,1.0,1.0,0.7441989641231004,1.0,1.0,1.0,0.8934162350512919
847,fb62cea889d654ec,True,1.0,1.0,0.8963809030210711,1.0,1.0,1.0,0.9568253762587796
848,e3418fb50fa55320,True,1.0,1.0,1.0,0.0,1.0,1.0,0.5833333333333334
849,7effab69ce785772,True,1.0,1.0,1.0,0.0,1.0,1.0,0.5833333333333334
850,1f54430427975391,True,1.0,0.0,0.0,1.0,1.0,1.0,0.0
851,4dca385d371c57fb,True,1.0,1.0,0.7556993580737802,1.0,1.0,1.0,0.8982080658640751
852,d7928caf300452e2,True,1.0,1.0,0.7526829922520065,1.0,1.0,1.0,0.8969512467716694
853,68c666c7045f5609,True,1.0,1.0,0.854550934624434,1.0,1.0,1.0,0.9393962227601809
854,314e2f70ce905b5e,True,1.0,1.0,1.0,1.0,1.0,1.0,1.0
855,88518b03093d5036,True,1.0,1.0,1.0,1.0,1.0,1.0,1.0
856,34a2cb9790ae53f3,True,1.0,1.0,0.9183574051758877,1.0,1.0,1.0,0.9659822521566198
857,6b19d4325f075ad0,True,1.0,1.0,0.8872103488455934,1.0,1.0,1.0,0.9530043120189973
858,2114e7e213c45fc0,True,1.0,1.0,1.0,1.0,1.0,1.0,1.0
859,3078139bae8e592d,True,1.0,1.0,0.8843980272449651,1.0,1.0,1.0,0.9518325113520687
860,fec68cb4b42a5b30,True,1.0,1.0,0.8052530778998697,1.0,1.0,1.0,0.9188554491249458
861,bf8fcd79b7fa532d,True,1.0,1.0,0.8047588478113717,1.0,1.0,1.0,0.9186495199214049
862,e56f85ee56395a99,True,1.0,1.0,1.0,1.0,1.0,1.0,1.0
863,f55fd99d0cd65b58,True,1.0,0.0,0.0,1.0,1.0,1.0,0.0
864,c0a14b9e841a5aee,True,1.0,1.0,1.0,1.0,1.0,1.0,1.0
865,b657c9d393895b93,True,1.0,1.0,0.9059416832635924,1.0,1.0,1.0,0.9608090346931636
866,ee9615c4b10d5ec9,True,1.0,1.0,1.0,1.0,1.0,1.0,1.0
867,3fb360a01b775e07,True,1.0,1.0,0.7463106431497629,1.0,1.0,1.0,0.8942961013124012
868,7e8ca7a00f83587d,True,1.0,1.0,0.7727042315191348,1.0,1.0,1.0,0.9052934297996394
869,0d35a8e6a98a5759,True,1.0,1.0,1.0,1.0,1.0,1.0,1.0
870,0c9105d8ad6a5f52,True,1.0,1.0,1.0,1.0,1.0,1.0,1.0
871,e773519a60035714,True,1.0,1.0,1.0,1.0,1.0,1.0,1.0
872,9ef1d618435d5e53,True,0.0,1.0,0.0,0.0,1.0,1.0,0.0
873,249dd85ebaa65b9f,True,1.0,1.0,0.9379448176408535,1.0,1.0,1.0,0.9741436740170223
874,7819725bfb845e82,True,1.0,1.0,1.0,1.0,1.0,1.0,1.0
875,16aa734bed8a5f81,True,1.0,1.0,0.7638167253047311,1.0,1.0,1.0,0.9015903022103046
876,795696bd00095944,True,1.0,1.0,1.0,1.0,1.0,1.0,1.0
877,3296651e2cf0547d,True,1.0,1.0,0.6869235281527007,1.0,1.0,1.0,0.8695514700636253
878,752255614d7f569a,True,1.0,1.0,0.6887970384662536,1.0,1.0,1.0,0.870332099360939
879,f5e28113983e54bd,True,1.0,1.0,0.8795163728694215,1.0,1.0,1.0,0.9497984886955922
880,1bf45a481f1d52e3,True,1.0,1.0,1.0,1.0,1.0,1.0,1.0
881,4b499c985f02545f,True,1.0,1.0,0.9192854585558751,1.0,1.0,1.0,0.9663689410649479
882,06eaba80b0bf50f0,True,1.0,1.0,1.0,1.0,1.0,1.0,1.0
883,7f47c3fca9075a31,True,1.0,1.0,0.803683616139472,1.0,1.0,1.0,0.9182015067247801
884,a1a8c4053bc7577e,True,1.0,1.0,0.8909018048251147,1.0,1.0,1.0,0.9545424186771312
885,3b2f051d7b9553e9,True,1.0,1.0,0.9370866597939845,1.0,1.0,1.0,0.9737861082474936
886,c06773e2267b568e,True,1.0,0.0,0.0,1.0,1.0,1.0,0.0
887,4d7fd20d02ae5ed4,True,1.0,1.0,0.6552742015124433,1.0,1.0,1.0,0.8563642506301847
888,fdfad1317cd75455,True,1.0,1.0,1.0,1.0,1.0,1.0,1.0
889,16d4835b75b05efb,True,1.0,1.0,0.7773227926758598,1.0,1.0,1.0,0.9072178302816082
890,d35a0c5da0c55970,True,1.0,1.0,0.9745014302260794,1.0,1.0,1.0,0.989375595927533
891,b541b6d67bad546d,True,1.0,1.0,1.0,1.0,1.0,1.0,1.0
892,c6ef6a6fcd2c5466,True,1.0,1.0,0.8959136544398364,1.0,1.0,1.0,0.9566306893499318
893,6c7142e6f9435ab6,True,1.0,0.0,0.0,1.0,1.0,1.0,0.0
894,d55a7602f48e582b,True,1.0,1.0,0.6252154616340602,1.0,1.0,1.0,0.8438397756808583
895,2efcd18376fb51b7,True,1.0,1.0,0.5389936643532016,1.0,1.0,1.0,0.8079140268138341
896,bdff1d80a75e5307,True,1.0,1.0,0.7504939390475893,1.0,1.0,1.0,0.8960391412698289
897,1844ec136eb05d57,True,1.0,1.0,0.8019005462403456,1.0,1.0,1.0,0.9174585609334773
898,6d83f0adc26e5ee5,True,1.0,1.0,0.5575485618774724,1.0,1.0,1.0,0.8156452341156135
899,c240593c969a5cfc,True,1.0,1.0,1.0,1.0,1.0,1.0,1.0
900,ebc294355ca753b0,True,1.0,1.0,0.6107439462460774,1.0,1.0,1.0,0.8378099776025323
901,406d4391f1205862,True,1.0,1.0,0.7452591778864457,1.0,1.0,1.0,0.8938579907860191
902,7404939e443458cc,True,1.0,1.0,1.0,1.0,1.0,1.0,1.0
903,3b0c5c39455b5d00,True,1.0,1.0,0.7710829849741099,1.0,1.0,1.0,0.9046179104058791
904,d99103d5b5025654,True,1.0,1.0,0.5384483877801438,1.0,1.0,1.0,0.8076868282417266
905,f12f96257dce5e91,True,1.0,1.0,0.9975829944447845,1.0,1.0,1.0,0.9989929143519936
906,e34d17f003a052f5,True,1.0,1.0,1.0,1.0,1.0,1.0,1.0
907,c5ae8b49dc6b54f6,True,1.0,1.0,0.8207296370345363,1.0,1.0,1.0,0.9253040154310567
908,52dac3f651ae5950,True,1.0,1.0,0.8171139195531121,1.0,1.0,1.0,0.9237974664804632
909,60a560bfff6f528b,True,1.0,1.0,0.7947075569467867,1.0,1.0,1.0,0.9144614820611611
910,71729b03a1e95896,True,1.0,1.0,0.7075250987609463,1.0,1.0,1.0,0.878135457817061
911,6bd6995e2a275d91,True,1.0,1.0,0.7997326752776637,1.0,1.0,1.0,0.9165552813656932
912,77519294678a5fed,True,1.0,1.0,0.706028764758451,1.0,1.0,1.0,0.8775119853160213
913,689abfdd66235378,True,1.0,1.0,0.8884200939313833,1.0,1.0,1.0,0.9535083724714098
914,3fb1b622b5e155cc,True,1.0,1.0,1.0,1.0,1.0,1.0,1.0
915,04f569ff8cb3504d,True,1.0,1.0,0.7546277247057201,1.0,1.0,1.0,0.8977615519607167
916,d7bf550698b55562,True,1.0,1.0,0.8038258877552584,1.0,1.0,1.0,0.9182607865646911
917,2a12546539045e5b,True,1.0,1.0,1.0,1.0,1.0,1.0,1.0
918,e0e1551b09f15a74,True,1.0,1.0,0.7292071078095144,1.0,1.0,1.0,0.8871696282539644
919,db07a6d7eacd57d1,True,1.0,1.0,1.0,1.0,1.0,1.0,1.0
920,3b5ea54bfd575d68,True,1.0,1.0,0.7796582002322696,1.0,1.0,1.0,0.9081909167634455
921,41bddf65c8155bd5,True,1.0,1.0,0.7779279156435712,1.0,1.0,1.0,0.907469964851488
922,4c7c3a0a401d5f38,True,1.0,1.0,0.8502057538771123,1.0,1.0,1.0,0.9375857307821301
923,15bc35249e5656b6,True,1.0,1.0,0.7749675935831957,1.0,1.0,1.0,0.9062364973263315
924,cf9b7b96f5a057d0,True,1.0,1.0,0.5493055078452284,1.0,1.0,1.0,0.8122106282688452
925,2d357ffc1fdd5c89,True,1.0,1.0,1.0,1.0,1.0,1.0,1.0
926,d3cd01aa67de516f,True,1.0,1.0,0.7368910574823497,1.0,1.0,1.0,0.8903712739509789
927,9147a0ae2bf751c8,True,1.0,0.0,0.0,1.0,1.0,1.0,0.0
928,5f88affe449253a9,True,1.0,1.0,0.8823165949556101,1.0,1.0,1.0,0.9509652478981708
929,8e9d920cd8595185,True,1.0,1.0,0.8215112833189931,1.0,1.0,1.0,0.9256297013829138
930,7db6a3bd77405292,True,1.0,1.0,1.0,1.0,1.0,1.0,1.0
931,abb9477dd3305951,True,1.0,1.0,1.0,1.0,1.0,1.0,1.0
932,bc8aad9d72385289,True,1.0,1.0,1.0,1.0,1.0,1.0,1.0
933,53a22c2f65fd57d5,True,1.0,1.0,0.6513880709482385,1.0,1.0,1.0,0.8547450295617661
934,5a7acfd6f26553f9,True,1.0,1.0,1.0,1.0,1.0,1.0,1.0
935,567469e556cf5e6b,True,1.0,1.0,0.744502576444722,1.0,1.0,1.0,0.8935427401853008
936,5361459e4c1b5899,True,1.0,1.0,0.9553824519853596,1.0,1.0,1.0,0.9814093549938999
937,36716a89eb9c5ef9,True,1.0,1.0,1.0,1.0,1.0,1.0,1.0
938,3361cb5b061556d0,True,1.0,1.0,0.6359514450343879,1.0,1.0,1.0,0.8483131020976616
939,0490beca807c5e9f,True,1.0,1.0,0.8424570123103698,1.0,1.0,1.0,0.9343570884626541
940,e6206364da5b51f3,True,1.0,1.0,1.0,1.0,1.0,1.0,1.0
941,6cc1bbadf8f25f7c,True,1.0,1.0,0.8214380709371263,1.0,1.0,1.0,0.9255991962238026
942,5c786c10eb7f57da,True,1.0,1.0,0.9148438309526299,1.0,1.0,1.0,0.9645182628969291
943,9587d6ea0a8e518f,True,1.0,1.0,0.7959074115450349,1.0,1.0,1.0,0.9149614214770979
944,cbb9f6ff18285688,True,1.0,1.0,0.8038062871376512,1.0,1.0,1.0,0.9182526196406879
945,e5f2eb158bc65167,True,1.0,1.0,0.6128276450494251,1.0,1.0,1.0,0.8386781854372605
946,0d63314a528159c9,True,1.0,1.0,0.7629698131810633,1.0,1.0,1.0,0.9012374221587764
947,492a64b807da5cfb,True,1.0,1.0,0.8305862893694164,1.0,1.0,1.0,0.9294109539039234
948,1b25edea36205814,True,1.0,1.0,0.5566140652366313,1.0,1.0,1.0,0.8152558605152631
949,bf6e5d04e0d7576e,True,1.0,1.0,0.7415903576595435,1.0,1.0,1.0,0.8923293156914763
950,f6ce545dcc975501,True,1.0,1.0,1.0,1.0,1.0,1.0,1.0
951,701c95bcdaa65c14,True,1.0,1.0,0.6996722416614674,1.0,1.0,1.0,0.8748634340256114
952,1661876892b952e5,True,1.0,1.0,0.8332379279313715,1.0,1.0,1.0,0.930515803304738
953,d5110a9cb2b352d5,True,1.0,1.0,0.6868391831682685,1.0,1.0,1.0,0.8695163263201119
954,a425dd8a1b5552db,True,1.0,0.0,0.0,1.0,1.0,1.0,0.0
955,5a3a4277dc785511,True,1.0,1.0,0.6613791501858142,1.0,1.0,1.0,0.8589079792440892
956,eefe691a7cbb55c8,True,1.0,1.0,1.0,1.0,1.0,1.0,1.0
957,d9d93568b27e5649,True,1.0,1.0,0.9302591497240288,1.0,1.0,1.0,0.9709413123850119
958,dbff1141343a5736,True,1.0,1.0,0.7527986300791444,1.0,1.0,1.0,0.8969994291996435
959,8172f888cc1f5c0f,True,1.0,1.0,0.6167359188854918,1.0,1.0,1.0,0.8403066328689549
960,3c448f4385bf58e1,True,1.0,1.0,1.0,1.0,1.0,1.0,1.0
961,5db9d1088a615a4b,True,1.0,1.0,1.0,1.0,1.0,1.0,1.0
962,4b98bb0bbbc75b1f,True,1.0,1.0,0.7708103082723872,1.0,1.0,1.0,0.9045042951134947
963,f754138d3e3e5fd5,True,1.0,1.0,0.8809734447299599,1.0,1.0,1.0,0.9504056019708166
964,3fb200a0fddb5c8e,True,1.0,1.0,1.0,1.0,1.0,1.0,1.0
965,6d540c863075575c,True,1.0,1.0,0.979131287560126,1.0,1.0,1.0,0.9913047031500525
966,b8acb965678c5953,True,1.0,1.0,0.7697807729897563,1.0,1.0,1.0,0.904075322079065
967,1a0f27ced7e056f6,True,1.0,1.0,1.0,1.0,1.0,1.0,1.0
968,e797167404675bfa,True,1.0,1.0,0.7331460595768571,1.0,1.0,1.0,0.8888108581570237
969,0dfdaa7ed7445e7c,True,1.0,1.0,0.7444965325527357,1.0,1.0,1.0,0.8935402218969731
970,90482225be14588c,True,1.0,1.0,0.920171480354079,1.0,1.0,1.0,0.9667381168141995
971,523ab1ffcace56f6,True,1.0,1.0,0.715194503184356,1.0,1.0,1.0,0.8813310429934816
972,aa22b810e3395182,True,1.0,1.0,0.8874640937765926,1.0,1.0,1.0,0.9531100390735802
973,90e387c7930d56de,True,1.0,1.0,0.8254528936633576,1.0,1.0,1.0,0.927272039026399
974,afe83cb6c0ae5f67,True,1.0,1.0,0.9542778425056693,1.0,1.0,1.0,0.9809491010440289
975,583f7d0d8b27513c,True,1.0,1.0,1.0,1.0,1.0,0.5,1.0
976,efbd7ea4d97c5cb9,True,1.0,1.0,0.8963693975952056,1.0,1.0,1.0,0.9568205823313356
977,dd6f3d80501c5026,True,1.0,0.0,0.0,0.0,1.0,0.0,0.0
978,05987b88b7be5bea,True,1.0,1.0,1.0,1.0,1.0,0.5,1.0
979,990d981b1366595b,True,1.0,1.0,0.717143695548538,1.0,1.0,1.0,0.8821432064785575
980,324f93888ec35bb2,True,1.0,1.0,0.7783568572354903,1.0,1.0,1.0,0.9076486905147876
981,23ee5a5b9a1a550c,True,1.0,1.0,1.0,1.0,1.0,0.0,1.0
982,bb6cf07ad4a350f6,True,1.0,1.0,0.6993254594944507,1.0,1.0,1.0,0.8747189414560211
983,fb643a2514195bfa,True,1.0,1.0,1.0,0.0,1.0,1.0,0.5833333333333334
984,fe469d42385259e2,True,1.0,1.0,0.9321338421787597,1.0,1.0,1.0,0.9717224342411499
985,055417b420d5598f,True,1.0,1.0,0.7484061229353398,1.0,1.0,1.0,0.8951692178897249
986,ea4d19ff25ac52f6,True,1.0,1.0,0.9672577556983167,1.0,1.0,1.0,0.986357398207632
987,d6ec2a0b9fe25a58,True,1.0,1.0,1.0,1.0,1.0,1.0,1.0
988,b0902109adea5e0f,True,1.0,1.0,0.8541646075100976,1.0,1.0,1.0,0.9392352531292074
989,52d4fbbe8bd551dc,True,1.0,1.0,0.9093349337615435,1.0,1.0,1.0,0.9622228890673098
990,eee59dd716c05e1b,True,1.0,1.0,0.8252307796029161,1.0,1.0,1.0,0.927179491501215
991,25cbb9887e5d5752,True,1.0,1.0,1.0,1.0,1.0,1.0,1.0
992,e87ffda7f5655c3c,True,1.0,1.0,0.9050648343265016,1.0,1.0,1.0,0.9604436809693757
993,a06eec37a0f058b2,True,1.0,1.0,0.8208684865363273,1.0,1.0,1.0,0.9253618693901364
994,f35c6a6f6a1157b3,True,1.0,1.0,1.0,1.0,1.0,1.0,1.0
995,a41a728fda515594,True,1.0,1.0,0.7033465850682825,1.0,1.0,1.0,0.8763944104451177
996,2942d4fb604d5b5f,True,1.0,1.0,1.0,0.0,1.0,1.0,0.5833333333333334
997,fec541917e3f5029,True,1.0,1.0,0.656443296863116,1.0,1.0,1.0,0.8568513736929649
998,8b80580ff95254e8,True,1.0,1.0,0.9301017726140773,1.0,1.0,1.0,0.970875738589199
999,bd218550d4d35e5c,True,1.0,1.0,0.7979106643855332,1.0,1.0,1.0,0.9157961101606388
1000,3b2fc0d01dbc50ce,True,1.0,1.0,1.0,1.0,1.0,1.0,1.0
1001,c49e7550cee75722,True,1.0,1.0,1.0,1.0,1.0,1.0,1.0
1002,73ce0b2145845c71,True,1.0,1.0,0.5831476018672106,1.0,1.0,1.0,0.8263115007780044
1003,f6a5c2b1f50d5afc,True,1.0,1.0,0.8928151205357951,1.0,1.0,1.0,0.9553396335565812
1004,3de31c78c86c52b7,True,1.0,1.0,0.9367627209057136,1.0,1.0,1.0,0.9736511337107139
1005,fe8efa6c8dc4573e,True,1.0,1.0,0.8681451775954155,1.0,1.0,1.0,0.9450604906647565
1006,2a6936d84bda531f,True,1.0,1.0,1.0,1.0,1.0,1.0,1.0
1007,551cf39c34f75b25,True,1.0,1.0,0.676688259398183,1.0,1.0,1.0,0.8652867747492429
1008,f9de30ccbddd50dc,True,1.0,1.0,1.0,1.0,1.0,1.0,1.0
1009,f033f87821135704,True,1.0,1.0,1.0,1.0,1.0,1.0,1.0
1010,dd6549a070e25b02,True,1.0,1.0,0.8572360463881996,1.0,1.0,1.0,0.9405150193284165
1011,cde748c5a6905684,True,1.0,1.0,0.9814877419207311,1.0,1.0,1.0,0.992286559133638
1012,e7a838e8611f56b0,True,1.0,1.0,0.8081332479375202,1.0,1.0,1.0,0.9200555199739667
1013,233cd84fc1c35f3f,True,1.0,1.0,0.8365936527729406,1.0,1.0,1.0,0.9319140219887253
1014,37e2bc0cb5a053a5,True,1.0,1.0,0.8955055343569552,1.0,1.0,1.0,0.9564606393153982
1015,3d20913330f152ee,True,1.0,1.0,0.5781425229818654,1.0,1.0,1.0,0.824226051242444
1016,dc2675fb11d6540d,True,1.0,1.0,0.8625371268356723,1.0,1.0,1.0,0.9427238028481968
1017,5aa4b6dc8f0759b5,True,1.0,1.0,0.8364645917521346,1.0,1.0,1.0,0.9318602465633893
1018,a18d2b32f8415373,True,1.0,1.0,0.49287701550162044,1.0,1.0,1.0,0.7886987564590084
1019,e7d1a48359b65c2d,True,1.0,1.0,0.7515416567705157,1.0,1.0,1.0,0.8964756903210481
1020,fc8de9b657805f00,True,1.0,1.0,0.8416445380251083,1.0,1.0,1.0,0.9340185575104618
1021,9f461cae559d5e15,True,1.0,1.0,0.9139842802819135,1.0,1.0,1.0,0.9641601167841306
1022,ae07a1ea49135359,True,1.0,1.0,1.0,1.0,0.0,1.0,0.8333333333333334
1023,ed69e15d85ab50a6,True,1.0,1.0,0.8154842645154646,1.0,1.0,1.0,0.9231184435481102
1024,3f56f99e2cf15355,True,1.0,1.0,0.8777691162581769,1.0,1.0,1.0,0.9490704651075736
1025,64859d25f1b555dd,True,1.0,1.0,0.8322105679921952,1.0,1.0,1.0,0.9300877366634147
1026,89ad209b83755848,True,1.0,1.0,0.9203596346390428,1.0,1.0,1.0,0.9668165144329345
1027,2d1f929350f65cdc,True,1.0,1.0,1.0,1.0,1.0,1.0,1.0
1028,9b0f5a2f65e45867,True,1.0,0.0,0.0,1.0,1.0,0.0,0.0
1029,4de864abe4f255bd,True,1.0,1.0,0.8457286972125164,1.0,1.0,1.0,0.9357202905052152
1030,518221a430885093,True,1.0,1.0,0.7932812311841421,1.0,1.0,1.0,0.9138671796600591
1031,fe61cae0e4ae5f1a,True,1.0,1.0,0.6916831368369638,1.0,1.0,1.0,0.871534640348735
1032,48109ecc22f65d58,True,1.0,1.0,1.0,1.0,1.0,1.0,1.0
1033,1c1086a1254c5c9e,True,1.0,1.0,0.8206842712365671,1.0,1.0,1.0,0.9252851130152363
1034,0cb51b0d4e285c55,True,1.0,1.0,1.0,1.0,1.0,1.0,1.0
1035,268ed4d63bb85cae,True,1.0,1.0,0.9613176654302149,1.0,1.0,1.0,0.9838823605959229
1036,e7295df63d0751d2,True,1.0,1.0,1.0,1.0,1.0,1.0,1.0
1037,8f741adb793f51c9,True,0.0,1.0,0.0,0.0,1.0,0.5,0.0
1038,f8e2454674f75e0f,True,1.0,1.0,1.0,1.0,1.0,1.0,1.0
1039,e38dd745e363544c,True,1.0,1.0,0.8409015611114895,1.0,1.0,1.0,0.933708983796454
1040,cde38b08b4a157f5,True,1.0,1.0,1.0,1.0,1.0,1.0,1.0
1041,2030d3a5ed675084,True,1.0,1.0,1.0,1.0,1.0,1.0,1.0
1042,2601ffe0d2a056be,True,1.0,0.0,0.0,1.0,1.0,1.0,0.0
1043,78b4153a6d3e5b33,True,1.0,1.0,0.9683844112804944,1.0,1.0,1.0,0.9868268380335392
1044,e6a27e83c6025b68,True,1.0,1.0,0.8362278364906898,1.0,1.0,1.0,0.9317615985377875
1045,7c33d9bd65e956e1,True,1.0,1.0,1.0,1.0,1.0,1.0,1.0
1046,4a6ab6e35934543a,True,1.0,1.0,1.0,1.0,1.0,1.0,1.0
1047,6d4f69f0aabc5c4e,True,1.0,0.0,0.0,1.0,1.0,0.5,0.0
1048,dda361f4db52537a,True,1.0,1.0,0.9972325510517934,1.0,1.0,1.0,0.9988468962715805
1049,fd8d10736c675232,True,1.0,1.0,0.853726992965746,1.0,1.0,1.0,0.9390529137357274
1050,542bec9a7d6e5c52,True,1.0,1.0,0.9978908587053475,1.0,1.0,1.0,0.9991211911272281
1051,11650e6f32715f8f,True,1.0,1.0,1.0,1.0,1.0,1.0,1.0
1052,524695a4857859fe,True,1.0,1.0,1.0,1.0,1.0,1.0,1.0
1053,2f05406bcdd55a21,True,1.0,1.0,1.0,1.0,1.0,1.0,1.0
1054,d858b7c7e6105207,True,1.0,1.0,0.9062573875899674,1.0,1.0,1.0,0.9609405781624863
1055,6e79ddf19ead53f1,True,1.0,1.0,0.6269962777008794,1.0,1.0,1.0,0.8445817823753664
1056,4413dc9f17ab56b0,True,1.0,1.0,0.7717908908064482,1.0,1.0,1.0,0.9049128711693535
1057,3cf9c200e3485696,True,1.0,1.0,0.9771268382723142,1.0,1.0,1.0,0.9904695159467977
1058,0d145fab90475c8f,True,1.0,1.0,0.816323353307069,1.0,1.0,1.0,0.9234680638779453
1059,f5c9c516bf7a5ce8,True,1.0,1.0,1.0,1.0,1.0,1.0,1.0
1060,fda0145d54065b7c,True,1.0,1.0,1.0,1.0,1.0,1.0,1.0
1061,092e56d3db8b5e24,True,1.0,1.0,0.7100122521982427,1.0,1.0,1.0,0.8791717717492679
1062,19d9dc5184675c50,True,1.0,0.0,0.0,1.0,1.0,1.0,0.0
1063,b31417a335cf5955,True,1.0,1.0,1.0,1.0,1.0,1.0,1.0
1064,7ffaa3cf8bf45474,True,1.0,1.0,1.0,1.0,1.0,1.0,1.0
1065,d471c0c48cb05f04,True,1.0,1.0,0.6781311001207152,1.0,1.0,1.0,0.8658879583836313
1066,758cc7a721c2546d,True,1.0,1.0,0.7665983437970403,1.0,1.0,1.0,0.9027493099154335
1067,6de13c6c9af05cac,True,1.0,1.0,0.8487674931599622,0.0,1.0,1.0,0.520319788816651
1068,6af6e8242e045406,True,1.0,1.0,0.8758706256359003,1.0,1.0,1.0,0.9482794273482918
1069,dca6a613dc2c5051,True,1.0,1.0,0.7200692998247293,1.0,1.0,1.0,0.8833622082603038
1070,9690846adfb751cc,True,1.0,1.0,0.9090769769246344,1.0,1.0,1.0,0.962115407051931
1071,0ceeda78f4745942,True,1.0,1.0,0.7319216096657257,1.0,1.0,1.0,0.8883006706940524
1072,c16d0c6076ab5a85,True,1.0,1.0,1.0,1.0,1.0,1.0,1.0
1073,687dc7e79cf65570,True,1.0,1.0,1.0,1.0,1.0,1.0,1.0
1074,533c27383d335f4f,True,1.0,1.0,1.0,1.0,1.0,1.0,1.0
1075,9164913b818a58b1,True,0.0,1.0,0.0,0.0,1.0,0.0,0.0
1076,c2331abea9b5551f,True,1.0,0.0,0.0,1.0,1.0,1.0,0.0
1077,563fd35940785c61,True,1.0,1.0,0.8771470455743015,1.0,1.0,1.0,0.9488112689892922
1078,19d7afdb02055502,True,1.0,1.0,0.7955523843289742,1.0,1.0,1.0,0.914813493470406
1079,4e7cd1f8ab6353ff,True,1.0,1.0,0.8181618164038331,1.0,1.0,1.0,0.9242340901682639
1080,2a3a3e232e86560b,True,1.0,1.0,0.8629887123654514,1.0,1.0,1.0,0.9429119634856047
1081,11356a48a75c5e31,True,0.5,0.0,0.0,0.0,1.0,1.0,0.0
1082,6edc8f2bcb3054be,True,1.0,1.0,0.8084625736943954,1.0,1.0,1.0,0.9201927390393315
1083,07d45fff78625de2,True,1.0,1.0,1.0,1.0,1.0,1.0,1.0
1084,7bb715f6c245555e,True,1.0,1.0,0.7387036663482405,1.0,1.0,1.0,0.8911265276451003
1085,7e9f20074e1b5e68,True,1.0,1.0,0.8858674197634951,1.0,1.0,1.0,0.9524447582347896
1086,7d296a6ef0955155,True,1.0,1.0,0.9349900766782764,1.0,1.0,1.0,0.9729125319492818
1087,7f92403d0c6e5b5d,True,1.0,1.0,0.9950178252127111,1.0,1.0,1.0,0.9979240938386296
1088,f03f53f19c6254b8,True,1.0,1.0,0.7390875908456344,1.0,1.0,1.0,0.891286496185681
1089,5aafc350fc705533,True,1.0,1.0,0.8386566483560404,1.0,1.0,1.0,0.9327736034816835
1090,92bbb17b853a5aa2,True,1.0,1.0,1.0,1.0,1.0,1.0,1.0
1091,78c1a7b545cf5592,True,1.0,1.0,1.0,1.0,1.0,1.0,1.0
1092,cf12097663665430,True,1.0,1.0,0.5398120163721888,1.0,1.0,1.0,0.8082550068217453
1093,5777bfe33e865897,True,1.0,1.0,0.7666454932130923,1.0,1.0,1.0,0.9027689555054551
1094,6545ea70cb285327,True,1.0,1.0,0.8280350530212265,1.0,1.0,1.0,0.9283479387588445
1095,9e20b3d7da855668,True,1.0,1.0,0.9362375119747803,1.0,1.0,1.0,0.9734322966561585
1096,5b1954a42c2455e7,True,1.0,1.0,0.7434151409442875,1.0,1.0,1.0,0.8930896420601199
1097,5f2aad4e03625d30,True,1.0,1.0,1.0,1.0,1.0,1.0,1.0
1098,b2b73ef16f0a5a9f,True,1.0,1.0,1.0,1.0,1.0,1.0,1.0
1099,25d6781d5063561a,True,1.0,0.0,0.0,1.0,1.0,1.0,0.0
1100,dce06ee8c9fc572f,True,1.0,1.0,0.7214956354964592,1.0,1.0,1.0,0.8839565147901913
1101,5d7e99b7eea65475,True,1.0,1.0,0.839141295126056,1.0,1.0,1.0,0.9329755396358567
1102,0efc84a20a7d5b07,True,1.0,1.0,0.5728812037669617,1.0,1.0,1.0,0.8220338349029007
1103,749a9bb4860f5cc1,True,1.0,1.0,0.8072789722111287,1.0,1.0,1.0,0.919699571754637
1104,42c8571d47305166,True,1.0,1.0,0.9204533189745783,1.0,1.0,1.0,0.9668555495727409
1105,0456452c8a13546c,True,1.0,1.0,0.8721608297456281,1.0,1.0,1.0,0.9467336790606784
1106,4509bc830bbc5fbd,True,1.0,0.0,0.0,1.0,1.0,1.0,0.0
1107,1972837deb725c63,True,1.0,1.0,0.7692310585572373,1.0,1.0,1.0,0.9038462743988488
1108,4bbc76cff4355b53,True,1.0,1.0,1.0,1.0,1.0,1.0,1.0
1109,8fe49f5c68d65801,True,1.0,1.0,0.9116510880931372,1.0,1.0,1.0,0.9631879533721405
1110,642a177df62954ad,True,1.0,1.0,1.0,1.0,1.0,1.0,1.0
1111,402b6ac9448a58d7,True,1.0,1.0,0.5304433351825458,1.0,1.0,1.0,0.8043513896593941
1112,af4a7d40819b5870,True,1.0,1.0,1.0,0.0,1.0,1.0,0.5833333333333334
1113,82ef8b099fb55f0c,True,1.0,1.0,1.0,1.0,1.0,1.0,1.0
1114,826b4daba60a5648,True,1.0,1.0,0.6337023853731997,1.0,1.0,1.0,0.8473759939054998
1115,23fb1660b6985e05,True,1.0,1.0,0.8489625192170407,1.0,1.0,1.0,0.9370677163404336
1116,52c1d14554bb51f5,True,1.0,1.0,0.7108368869593347,1.0,1.0,1.0,0.8795153695663895
1117,a2737c768a335e27,True,1.0,1.0,0.7714259527628818,1.0,1.0,1.0,0.9047608136512008
1118,d26170a35d1c5e33,True,1.0,1.0,0.7775870350628877,1.0,1.0,1.0,0.9073279312762033
1119,6e7339e7dc70532a,True,1.0,1.0,1.0,1.0,1.0,1.0,1.0
1120,00c489998dd4555c,True,1.0,1.0,1.0,1.0,1.0,1.0,1.0
1121,12f5053055935463,True,1.0,1.0,1.0,1.0,1.0,1.0,1.0
1122,03f248caa9c35a98,True,1.0,1.0,1.0,1.0,1.0,1.0,1.0
1123,e244b2ddf97a57d6,True,1.0,1.0,0.740668483399197,1.0,1.0,1.0,0.8919452014163322
1124,de2c2bde3a615d75,True,1.0,1.0,0.7303042095127786,1.0,1.0,1.0,0.8876267539636578
1125,1d3dfbbe8a0a54f6,True,1.0,1.0,0.8800329826877169,1.0,1.0,1.0,0.9500137427865486
1126,c33832506a165cd3,True,1.0,1.0,0.7378759755334479,1.0,1.0,1.0,0.8907816564722699
1127,3f64ff364b585a3b,True,1.0,1.0,0.8413102148212418,1.0,1.0,0.5,0.9338792561755174
1128,8429a35187bb5c08,True,1.0,1.0,1.0,1.0,1.0,1.0,1.0
1129,ca7c752bcdfa5e4d,True,1.0,1.0,1.0,1.0,1.0,1.0,1.0
1130,771a9923745f59c5,True,1.0,1.0,0.9829859822683549,1.0,1.0,1.0,0.9929108259451479
1131,d060c613969b5092,True,1.0,1.0,0.7628105468550697,1.0,1.0,1.0,0.9011710611896123
1132,129c4e6b058a5f6d,True,1.0,0.0,0.0,1.0,1.0,1.0,0.0
1133,6a13232f3c97575a,True,1.0,1.0,0.7989951774155128,1.0,1.0,1.0,0.9162479905897971
1134,7ed9d0ca20ac5e2c,True,1.0,1.0,0.9358296822066341,1.0,1.0,1.0,0.9732623675860976
1135,ec3969afeb945ddb,True,0.0,1.0,0.0,0.0,1.0,0.5,0.0
1136,6a3518e83ad751f6,True,1.0,1.0,1.0,1.0,1.0,1.0,1.0
1137,1e2e250cbb555fe6,True,1.0,1.0,0.8702536476923937,1.0,1.0,1.0,0.9459390198718308
1138,4310513b861550dc,True,1.0,1.0,1.0,1.0,1.0,1.0,1.0
1139,ddd3fc0cf919567b,True,1.0,1.0,1.0,1.0,1.0,1.0,1.0
1140,f2695c7680505b79,True,1.0,1.0,0.9592577048582207,1.0,1.0,1.0,0.9830240436909253
1141,e91c1fdb29a858f3,True,1.0,1.0,0.9524597921580045,1.0,1.0,1.0,0.9801915800658353
1142,5b7d7e1a42c95cd7,True,1.0,1.0,0.5910026560262689,1.0,1.0,1.0,0.8295844400109454
1143,4db7ecab510656e1,True,1.0,1.0,0.9129351967722309,1.0,1.0,1.0,0.9637229986550961
1144,5be85314d55654f1,True,1.0,1.0,1.0,1.0,1.0,1.0,1.0
1145,28e28842e3d759da,True,1.0,1.0,0.9575548126333946,1.0,1.0,1.0,0.9823145052639144
1146,eeee7091fa995250,True,1.0,1.0,0.8125401646140158,1.0,1.0,1.0,0.9218917352558399
1147,fae7a01d5d815f04,True,1.0,1.0,0.9719154739655537,1.0,1.0,1.0,0.9882981141523141
1148,46e5a6cf37de5493,True,1.0,1.0,1.0,1.0,1.0,1.0,1.0
1149,ec64154dcf525edb,True,1.0,1.0,1.0,0.0,1.0,1.0,0.5833333333333334
1150,447e7b334e165460,True,1.0,1.0,0.9580821703003727,1.0,1.0,1.0,0.9825342376251553
1151,0578756b879c55d0,True,1.0,1.0,1.0,1.0,1.0,1.0,1.0
1152,75a8be89195651aa,True,1.0,1.0,1.0,1.0,1.0,1.0,1.0
1153,396eba48b9c5529d,True,1.0,1.0,0.9022697270355706,1.0,1.0,1.0,0.9592790529314877
1154,a992bba6c1d054f3,True,1.0,1.0,0.8276976352959676,1.0,1.0,1.0,0.9282073480399866
1155,f253fd0891d3562a,True,1.0,1.0,0.8305498950126645,1.0,1.0,1.0,0.9293957895886104
1156,d30c567171635154,True,0.0,1.0,0.0,0.0,1.0,1.0,0.0
1157,2e67ddf209365112,True,1.0,1.0,0.6501399580249406,1.0,1.0,1.0,0.8542249825103919
1158,3328705b7cf0517a,True,1.0,1.0,0.7529120611201126,1.0,1.0,1.0,0.8970466921333803
1159,f70c8122d2a65847,True,1.0,1.0,0.9478965287910691,1.0,1.0,1.0,0.9782902203296121
1160,69610203b8c35c96,True,1.0,1.0,1.0,1.0,1.0,1.0,1.0
1161,69e3344606a55c73,True,1.0,1.0,1.0,1.0,1.0,1.0,1.0
1162,4abc4549b6d45891,True,1.0,1.0,1.0,1.0,1.0,1.0,1.0
1163,0a746c037a905da7,True,1.0,1.0,0.7985752285619027,1.0,1.0,1.0,0.9160730119007928
1164,3f85ed22ffdf5683,True,1.0,1.0,0.7745575640701997,1.0,1.0,1.0,0.9060656516959166
1165,9b7be67193ae5772,True,1.0,1.0,0.7869598476146754,1.0,1.0,1.0,0.9112332698394482
1166,a92bb2331b0e5485,True,1.0,1.0,0.762802665197618,1.0,1.0,1.0,0.9011677771656741
1167,4c53b20bf0925c0c,True,1.0,0.0,0.0,1.0,1.0,1.0,0.0
1168,98042465f30c589d,True,1.0,1.0,1.0,1.0,1.0,1.0,1.0
1169,1cac49b248b05705,True,1.0,1.0,0.8137784331785328,1.0,1.0,1.0,0.9224076804910553
1170,f2a54a0461005d6c,True,1.0,1.0,1.0,1.0,1.0,1.0,1.0
1171,9a1762340f11542c,True,1.0,1.0,0.9159838199599142,1.0,1.0,1.0,0.964993258316631
1172,a7d3e71b8ca456a9,True,0.0,1.0,0.0,0.0,1.0,1.0,0.0
1173,6bcfc8d05b4c5d96,True,1.0,1.0,1.0,1.0,1.0,1.0,1.0
1174,76615d386ce6519e,True,1.0,1.0,0.951102820603344,1.0,1.0,1.0,0.9796261752513932
1175,83a9fe7e03fd5755,True,1.0,1.0,0.6764712662981022,1.0,1.0,1.0,0.8651963609575426
1176,805158120d1c552e,True,1.0,1.0,1.0,1.0,1.0,1.0,1.0
1177,2cc526803c3250c9,True,1.0,1.0,0.9923758386627318,1.0,1.0,1.0,0.9968232661094717
1178,31960634eefb5d47,True,1.0,1.0,0.8252360815170792,1.0,1.0,1.0,0.9271817006321164
1179,cdab92d3f2d955db,True,1.0,1.0,1.0,1.0,1.0,0.5,1.0
1180,b5674c9c6c735d57,True,1.0,1.0,0.914042098367996,1.0,1.0,1.0,0.9641842076533317
1181,96d8920289b55395,True,1.0,1.0,0.8063520912026506,1.0,1.0,1.0,0.9193133713344377
1182,2a2cb941f34b5bc4,True,1.0,0.0,0.0,1.0,1.0,1.0,0.0
1183,ae472d675a965aca,True,1.0,1.0,0.7239047661276508,1.0,1.0,1.0,0.8849603192198545
1184,a0ce26a6f335530d,True,1.0,1.0,1.0,1.0,1.0,1.0,1.0
1185,09ce454826895686,True,1.0,1.0,0.8089253905519024,1.0,1.0,1.0,0.9203855793966259
1186,c768a604b14e5956,True,1.0,1.0,0.8253417122676191,1.0,1.0,1.0,0.9272257134448413
1187,d715fbc6ea0551f8,True,1.0,0.0,0.0,1.0,1.0,1.0,0.0
1188,78c26c7e63c3534c,True,1.0,1.0,0.5138296411860028,1.0,1.0,1.0,0.7974290171608346
1189,eb2797d76e3b5384,True,1.0,1.0,1.0,1.0,1.0,1.0,1.0
1190,d74f4eda6af854c4,True,1.0,1.0,0.8047567927401871,1.0,1.0,1.0,0.9186486636417447
1191,c2736d03415f515b,True,1.0,1.0,1.0,1.0,1.0,1.0,1.0
1192,ac3411f9c2b8530e,True,1.0,1.0,1.0,1.0,1.0,1.0,1.0
1193,0a3caedd4a7c5394,True,1.0,1.0,0.9229688093968134,1.0,1.0,1.0,0.9679036705820057
1194,83a4e663032f5c9a,True,1.0,1.0,0.5348383051767533,1.0,1.0,1.0,0.8061826271569806
1195,c672f1584cb75697,True,1.0,1.0,0.9926030610387657,1.0,1.0,1.0,0.9969179420994857
1196,de41a196a12e56d0,True,1.0,1.0,1.0,1.0,1.0,1.0,1.0
1197,e05cdac678ea503c,True,1.0,1.0,0.8311055333614885,1.0,1.0,1.0,0.9296273055672869
1198,66ba432a760c586c,True,1.0,1.0,0.7726485551176022,1.0,1.0,1.0,0.905270231299001
1199,0b4dfcb47cb85e89,True,1.0,1.0,0.8258672235596398,1.0,1.0,1.0,0.9274446764831833
1200,453be1f585b1589f,True,1.0,1.0,0.903418258747227,1.0,1.0,1.0,0.9597576078113446
1201,f24730f3bb525e73,True,1.0,1.0,0.895396433363412,1.0,1.0,1.0,0.9564151805680883
1202,835d02f9df8d5117,True,1.0,1.0,1.0,1.0,1.0,1.0,1.0
1203,b86152f6ab29580e,True,1.0,1.0,0.7321191604379849,1.0,1.0,1.0,0.888382983515827
1204,ce3ff067f10b526b,True,1.0,1.0,1.0,0.0,1.0,0.0,0.5833333333333334
1205,9369b11c1f5857e8,True,1.0,1.0,0.7141428803688067,1.0,1.0,1.0,0.8808928668203361
1206,dac744da64d35664,True,1.0,1.0,0.8339774525312361,1.0,1.0,1.0,0.9308239385546817
1207,b1a5c303ca3f5607,True,1.0,0.0,0.0,1.0,1.0,1.0,0.0
1208,01b9125ad835592f,True,1.0,1.0,1.0,1.0,1.0,1.0,1.0
1209,21bd985c9d7155e5,True,1.0,1.0,0.7908666095042534,1.0,1.0,1.0,0.912861087293439
1210,4e021aea953652b9,True,1.0,1.0,0.5232538414363823,1.0,1.0,1.0,0.8013557672651593
1211,d232efb9cc535426,True,1.0,1.0,0.6092528474660026,1.0,1.0,1.0,0.8371886864441679
1212,ed9a6ef4e38b58ec,True,1.0,1.0,0.6947281036215174,0.0,1.0,0.0,0.45613670984229887
1213,4b0be4847dd45b5c,True,1.0,1.0,0.6443878943137337,1.0,1.0,1.0,0.851828289297389
1214,1ea152f7056659a9,True,1.0,0.0,0.0,1.0,1.0,1.0,0.0
1215,360b5fec28655626,True,1.0,1.0,0.9447060957173807,1.0,1.0,1.0,0.9769608732155753
1216,611576c7588c543b,True,1.0,1.0,0.9133661006915752,1.0,1.0,1.0,0.963902541954823
1217,ea8ce810e307587d,True,1.0,1.0,0.8083047228283616,1.0,1.0,1.0,0.9201269678451508
1218,e5e0c85236f95d91,True,1.0,1.0,0.6326917453421701,1.0,1.0,1.0,0.8469548938925708
1219,8612b2c9d3875ac2,True,1.0,1.0,0.8482026218513502,1.0,1.0,1.0,0.9367510924380626
1220,0a571473239f5c89,True,1.0,1.0,0.9327013161032156,1.0,1.0,1.0,0.9719588817096732
1221,b11eb5c328075b94,True,1.0,1.0,0.7045788662655196,1.0,1.0,1.0,0.8769078609439664
1222,c54227acd96156e1,True,1.0,1.0,0.8618804333466591,1.0,1.0,1.0,0.942450180561108
1223,b8434dfe0fbf56f0,True,1.0,1.0,0.5549821444879568,1.0,1.0,1.0,0.8145758935366487
1224,9f699a1331785e57,True,1.0,1.0,0.8484653117205933,1.0,1.0,1.0,0.9368605465502471
1225,6b0a15391789599e,True,1.0,1.0,1.0,1.0,1.0,1.0,1.0
1226,d016df0950fc5e69,True,1.0,1.0,0.7990551670417292,1.0,1.0,1.0,0.9162729862673871
1227,d8d27319eb585277,True,1.0,1.0,1.0,1.0,1.0,1.0,1.0
1228,ae09c3f715ed58c7,True,1.0,1.0,1.0,1.0,1.0,1.0,1.0
1229,06bdef9a9bbc5aaf,True,1.0,1.0,0.7850831078524583,1.0,1.0,1.0,0.9104512949385243
1230,52bffad1e6895ff1,True,1.0,0.0,0.0,1.0,1.0,1.0,0.0
1231,eb0a89861a32518e,True,1.0,1.0,0.9901525526028243,1.0,1.0,1.0,0.9958968969178436
1232,3f54d4297dc459c3,True,1.0,1.0,1.0,1.0,1.0,1.0,1.0
1233,135899b9eb4f543e,True,1.0,1.0,1.0,1.0,1.0,1.0,1.0
1234,98527843384f5f43,True,1.0,1.0,0.8869092212664014,1.0,1.0,1.0,0.9528788421943339
1235,1c7bdbbc34c853bf,True,1.0,1.0,1.0,1.0,1.0,1.0,1.0
1236,fff973197a795e6a,True,1.0,1.0,0.8762576377499115,1.0,1.0,1.0,0.9484406823957965
1237,36610114f460541b,True,1.0,1.0,0.8732858989802774,1.0,1.0,1.0,0.9472024579084489
1238,1b96821ba3425e3b,True,1.0,1.0,0.9061187465136478,1.0,1.0,1.0,0.9608828110473532
1239,9f521d00c3ef55b7,True,1.0,1.0,0.8379928542524017,1.0,1.0,1.0,0.9324970226051673
1240,38b3c670b2ad55c7,True,1.0,1.0,0.8679203421596147,0.0,1.0,1.0,0.528300142566506
1241,706a6c85e65858c8,True,1.0,1.0,0.903612192630927,1.0,1.0,1.0,0.9598384135962196
1242,21d65485fa3c55e7,True,1.0,1.0,0.742892375572595,1.0,1.0,1.0,0.8928718231552479
1243,2754e05ff9d35719,True,1.0,1.0,0.7630261373190561,1.0,1.0,1.0,0.9012608905496067
1244,8e8b2b62eff65719,True,1.0,1.0,1.0,1.0,1.0,1.0,1.0
1245,18e40fd61be753b9,True,1.0,1.0,0.9621249433933304,1.0,1.0,1.0,0.9842187264138876
1246,55644491cba35aad,True,1.0,1.0,0.6372273592139148,1.0,1.0,1.0,0.8488447330057979
1247,1647fbd477655958,True,1.0,1.0,0.7895449739209708,1.0,1.0,1.0,0.9123104058004046
1248,016d8cf09d875f57,True,1.0,1.0,0.7585949481411128,1.0,1.0,1.0,0.8994145617254636
1249,61c675d850d75cd1,True,1.0,1.0,0.8182708802291264,1.0,1.0,1.0,0.9242795334288028
1250,eed801b1cd035275,True,1.0,1.0,1.0,1.0,1.0,1.0,1.0
1251,1ca03ed089925396,True,1.0,1.0,0.8943812542706981,1.0,1.0,1.0,0.9559921892794575
1252,65871def84015af2,True,1.0,1.0,0.9063199526103654,1.0,1.0,1.0,0.9609666469209855
1253,96dc22c0224255ca,True,1.0,1.0,1.0,1.0,1.0,1.0,1.0
1254,4ccda56c15a55d57,True,1.0,1.0,0.972268901883769,1.0,1.0,1.0,0.9884453757849038
1255,1028df4fc9055ed8,True,1.0,1.0,0.8841666013677308,1.0,1.0,1.0,0.9517360839032212
1256,9a4e8cacd6095527,True,1.0,1.0,0.09259115572436612,1.0,1.0,1.0,0.6219129815518193
1257,fa4e4826f5585647,True,1.0,1.0,0.7827156926219231,1.0,1.0,1.0,0.9094648719258013
1258,381a23cb547c53fd,True,1.0,1.0,0.9433209699396402,1.0,1.0,1.0,0.97638373747485
1259,9b9aa93df6b15de7,True,1.0,1.0,0.8995410050223239,1.0,1.0,1.0,0.9581420854259682
1260,940becbbb9d05594,True,1.0,1.0,1.0,1.0,1.0,1.0,1.0
1261,032ae6630661521a,True,1.0,1.0,1.0,0.0,1.0,1.0,0.5833333333333334
1262,a8a72fb28dc6592b,True,1.0,1.0,1.0,1.0,1.0,1.0,1.0
1263,725cc9599c3455ad,True,1.0,1.0,1.0,1.0,1.0,1.0,1.0
1264,5fe951e403f25012,True,1.0,1.0,0.7713863739732164,1.0,1.0,1.0,0.9047443224888402
1265,9482776d16a6551d,True,1.0,1.0,0.616500610752857,1.0,1.0,1.0,0.8402085878136903
1266,995f8bcf61f95fad,True,1.0,1.0,1.0,1.0,1.0,1.0,1.0
1267,82521f61cf965167,True,1.0,1.0,0.7750935342681564,1.0,1.0,1.0,0.9062889726117319
1268,d5eca47b1fc25d20,True,1.0,1.0,0.7958726738101287,1.0,1.0,1.0,0.914946947420887
1269,f1106b0f8f745eae,True,1.0,1.0,0.616855600098806,1.0,1.0,1.0,0.8403565000411692
1270,32454d817bcb5305,True,1.0,1.0,1.0,1.0,1.0,1.0,1.0
1271,83e895f722575452,True,1.0,1.0,0.3628681170720686,1.0,1.0,1.0,0.7345283821133619
1272,490f4995542058fc,True,1.0,1.0,0.6991475627532442,1.0,1.0,1.0,0.8746448178138517
1273,4e5e09ac14395d70,True,1.0,1.0,0.8104437317999702,1.0,1.0,1.0,0.921018221583321
1274,314f25442fd753b4,True,1.0,1.0,0.5932160605585339,1.0,1.0,1.0,0.8305066918993891
1275,8dda399c53aa5be8,True,1.0,1.0,0.9661378380715925,1.0,1.0,1.0,0.9858907658631635
1276,b711cfd42ac55706,True,1.0,1.0,0.6362763644073123,1.0,1.0,1.0,0.8484484851697135
1277,469dfe790903577a,True,1.0,1.0,0.8550895514513623,1.0,1.0,1.0,0.9396206464380676
1278,2ba94c9278825a74,True,1.0,1.0,0.960507658774864,1.0,1.0,1.0,0.98354485782286
1279,6a8a6b3a7d5f55cd,True,1.0,1.0,0.6850435479814975,1.0,1.0,1.0,0.8687681449922907
1280,18a85f2812b45525,True,1.0,1.0,1.0,1.0,1.0,1.0,1.0
1281,350a93fe67645bf1,True,1.0,1.0,0.585830884053297,1.0,1.0,1.0,0.8274295350222071
1282,b5823453f7875542,True,1.0,1.0,1.0,1.0,1.0,1.0,1.0
1283,4a9901b941be5695,True,1.0,1.0,0.8058357129228357,1.0,1.0,1.0,0.9190982137178482
1284,64d046ec9cee51d4,True,1.0,1.0,0.6481388379865771,1.0,1.0,1.0,0.853391182494407
1285,bc253d8424935910,True,1.0,1.0,0.9494379474782101,1.0,1.0,1.0,0.9789324781159209
1286,e776468d9bf65a8a,True,1.0,1.0,0.9261100363100462,1.0,1.0,1.0,0.9692125151291858
1287,1fd4a838b258571f,True,1.0,1.0,0.9356665689106544,1.0,1.0,1.0,0.9731944037127725
1288,f7b170baa6bd5b95,True,1.0,1.0,1.0,1.0,1.0,1.0,1.0
1289,69124bf1a9185f06,True,1.0,1.0,0.6358687657345233,1.0,1.0,1.0,0.8482786523893847
1290,d3193f2f5983500f,True,1.0,1.0,0.7654599504955547,1.0,1.0,1.0,0.9022749793731478
1291,a84816a320d450a6,True,1.0,1.0,0.8984339419137519,1.0,1.0,1.0,0.95768080913073
1292,e80197fe19435d28,True,1.0,1.0,0.9187650224249951,1.0,1.0,1.0,0.9661520926770812
1293,dd443a8a8d805e57,True,1.0,1.0,1.0,1.0,1.0,1.0,1.0
1294,c5510354351d5d5e,True,1.0,1.0,1.0,1.0,1.0,1.0,1.0
1295,b9013028b5d45eee,True,1.0,1.0,1.0,1.0,1.0,1.0,1.0
1296,40660dbe143d52c1,True,1.0,1.0,0.8119810361415429,1.0,1.0,1.0,0.9216587650589761
1297,6157148c5fa25838,True,1.0,1.0,0.9769988980766018,1.0,1.0,1.0,0.9904162075319173
1298,150f1c76c75352cf,True,1.0,1.0,0.7327780851896143,1.0,1.0,1.0,0.8886575354956726
1299,73c897c7de1454af,True,1.0,1.0,0.6200491148352653,1.0,1.0,1.0,0.8416871311813606
1300,70679dba8428549e,True,1.0,1.0,0.9110414045461733,1.0,1.0,1.0,0.9629339185609055
1301,1dd4683469e457c5,True,1.0,0.0,0.0,0.0,1.0,1.0,0.0
1302,8128635441b358c4,True,1.0,1.0,0.6822464933718907,1.0,1.0,1.0,0.867602705571621
1303,582d1109ddf75e76,True,1.0,1.0,1.0,1.0,1.0,1.0,1.0
1304,4907817195ff5d6f,True,1.0,1.0,0.8266230955310432,1.0,1.0,1.0,0.9277596231379347
1305,d6a60e406ebc5b01,True,1.0,1.0,0.8947561796799673,1.0,1.0,1.0,0.9561484081999865
1306,580524859b485a1b,True,1.0,1.0,0.5389426926874747,1.0,1.0,1.0,0.8078927886197812
1307,ffcbf5f098625d83,True,1.0,1.0,0.6219575638492199,1.0,1.0,1.0,0.8424823182705082
1308,e0c6e5c235ed5b7b,True,1.0,1.0,0.8844721281386787,1.0,1.0,1.0,0.9518633867244496
1309,5fffee1a19495dc6,True,1.0,1.0,0.6631566880102375,1.0,1.0,1.0,0.8596486200042657
1310,530df64bb4b5533f,True,1.0,1.0,1.0,0.0,1.0,1.0,0.5833333333333334
1311,41b4a4440a3e59fc,True,1.0,1.0,1.0,1.0,1.0,1.0,1.0
1312,6f7a20c618a9573e,True,1.0,1.0,0.9833234234174928,1.0,1.0,1.0,0.9930514264239553
1313,956bda5985a559f1,True,1.0,0.0,0.0,1.0,1.0,1.0,0.0
1314,805fed6cba8c5fd3,True,1.0,1.0,1.0,1.0,1.0,1.0,1.0
1315,03388b830f975734,True,1.0,1.0,1.0,1.0,1.0,1.0,1.0
1316,1be3fd906c435f85,True,1.0,1.0,0.8749644715028801,1.0,1.0,1.0,0.9479018631262001
1317,7868ce187ae55819,True,1.0,1.0,1.0,1.0,1.0,1.0,1.0
1318,0d7f280bf979592b,True,1.0,1.0,0.5746993641867898,1.0,1.0,1.0,0.8227914017444958
1319,c2ed826b31065c66,True,1.0,1.0,0.7487521192494979,1.0,1.0,1.0,0.8953133830206242
1320,616439dd808d57f1,True,1.0,1.0,1.0,1.0,1.0,1.0,1.0
1321,0af18cfd826c5086,True,1.0,1.0,0.7799592836255276,1.0,1.0,1.0,0.9083163681773031
1322,320446eca62c59fe,True,1.0,1.0,0.7661005877437822,1.0,1.0,1.0,0.9025419115599093
1323,ec75cc0ff5825fb9,True,1.0,1.0,0.5924809439058035,1.0,1.0,1.0,0.8302003932940848
1324,0a2a71c0b34c5f10,True,1.0,0.0,0.0,1.0,1.0,1.0,0.0
1325,75f5cc1f425c501d,True,1.0,1.0,1.0,1.0,1.0,1.0,1.0
1326,cf07d06219ef5cd4,True,1.0,1.0,1.0,1.0,1.0,1.0,1.0
1327,4cf809416df6527e,True,1.0,0.0,0.0,0.0,1.0,1.0,0.0
1328,690efce01f2054a7,True,1.0,1.0,0.7998588301868744,1.0,1.0,1.0,0.9166078459111976
1329,bae779013dfe5537,True,1.0,1.0,0.7558607731883084,1.0,1.0,1.0,0.8982753221617951
1330,e69feea0fa7953e0,True,1.0,1.0,0.7940666894059192,1.0,1.0,1.0,0.914194453919133
1331,490463fd7e9e5769,True,1.0,1.0,0.6375922186214882,1.0,1.0,1.0,0.8489967577589534
1332,9c26c2cea984590f,True,1.0,1.0,0.9854451676830432,1.0,1.0,1.0,0.9939354865346014
1333,3296619ed0855e31,True,1.0,1.0,1.0,1.0,1.0,1.0,1.0
1334,76d34ae8c95156b2,True,1.0,1.0,0.9888118707744739,1.0,1.0,1.0,0.995338279489364
1335,8084b4b0d97b5d93,True,1.0,1.0,1.0,1.0,1.0,1.0,1.0
1336,d68ae36caae15586,True,1.0,1.0,0.8316935297108067,1.0,1.0,1.0,0.9298723040461695
1337,5f8eb8f944eb596c,True,1.0,1.0,1.0,1.0,1.0,1.0,1.0
1338,76df9fb807c9580a,True,1.0,1.0,0.7345875658223275,1.0,1.0,1.0,0.8894114857593031
1339,229e86f19e7d5ced,True,1.0,1.0,1.0,1.0,1.0,1.0,1.0
1340,511ba067a1835f86,True,1.0,1.0,1.0,1.0,1.0,1.0,1.0
1341,b197862351735b60,True,1.0,1.0,0.9345356419678318,1.0,1.0,1.0,0.9727231841532632
1342,a15d7c93c85e5505,True,1.0,1.0,0.9489488044197212,1.0,1.0,1.0,0.9787286685082172
1343,eb1315c4860c5189,True,1.0,0.0,0.0,1.0,1.0,1.0,0.0
1344,3166dd05c45f59e8,True,1.0,1.0,1.0,1.0,1.0,1.0,1.0
1345,86c6c03a41a057d6,True,1.0,1.0,1.0,1.0,1.0,1.0,1.0
1346,9bb20085732d5f8d,True,1.0,1.0,1.0,1.0,1.0,1.0,1.0
1347,b77b4b6eb149553f,True,1.0,1.0,1.0,1.0,1.0,1.0,1.0
1348,225eb6e22af55972,True,1.0,1.0,1.0,1.0,1.0,1.0,1.0
1349,889aac2576295c91,True,1.0,1.0,1.0,1.0,1.0,1.0,1.0
1350,4386a0ba98f95bb3,True,1.0,1.0,0.910446731432345,1.0,1.0,1.0,0.9626861380968105
1351,2d0c8a7a065e5995,True,1.0,1.0,0.7686493445289226,1.0,1.0,1.0,0.9036038935537177
1352,c262c31769935486,True,1.0,0.0,0.0,0.0,1.0,1.0,0.0
1353,b30ee22eca0a57ef,True,1.0,1.0,0.8162138348236649,1.0,1.0,1.0,0.923422431176527
1354,68b64b027ed2512a,True,1.0,1.0,0.628885404736318,1.0,1.0,1.0,0.8453689186401325
1355,81e0cc64152b5264,True,1.0,1.0,1.0,1.0,1.0,1.0,1.0
1356,d56e3d307eb8525a,True,1.0,1.0,1.0,1.0,1.0,1.0,1.0
1357,c28f3febaf635777,True,1.0,1.0,0.8509902708138124,1.0,1.0,1.0,0.9379126128390886
1358,684a977a365b5e73,True,1.0,1.0,1.0,1.0,1.0,1.0,1.0
1359,10f15e844ab15831,True,1.0,1.0,0.8641292360461095,1.0,1.0,1.0,0.9433871816858789
1360,7b2758fa57ef54b7,True,1.0,1.0,0.6141960346869225,1.0,1.0,1.0,0.8392483477862177
1361,85005d733df9577f,True,1.0,1.0,1.0,1.0,1.0,1.0,1.0
1362,92da1e3c12fa54b6,True,1.0,1.0,0.8267351614998341,1.0,1.0,1.0,0.9278063172915975
1363,562019740aeb5d7e,True,1.0,1.0,1.0,1.0,1.0,1.0,1.0
1364,23f10a2b432555b9,True,1.0,1.0,1.0,1.0,1.0,1.0,1.0
1365,3eaee893ba995c48,True,1.0,1.0,0.9713733525148416,1.0,1.0,1.0,0.9880722302145174
1366,c296ded44f9a509a,True,1.0,1.0,0.7832535350537725,1.0,1.0,1.0,0.9096889729390719
1367,09e2eda76fde54ae,True,1.0,1.0,1.0,1.0,1.0,1.0,1.0
1368,1633456bc3ec569d,True,1.0,1.0,1.0,1.0,1.0,1.0,1.0
1369,44699d8556a1519e,True,1.0,1.0,0.7364276924436284,1.0,1.0,1.0,0.8901782051848451
1370,3aa165d52c2051e1,True,1.0,1.0,0.8907317348543781,1.0,1.0,1.0,0.9544715561893242
1371,190808cc16cc53af,True,1.0,1.0,0.8759457998674255,1.0,1.0,1.0,0.9483107499447607
1372,a25711b4fdcc50df,True,1.0,1.0,1.0,1.0,1.0,1.0,1.0
1373,86bc41537b2e5bb5,True,1.0,1.0,0.7192482072959874,1.0,1.0,1.0,0.8830200863733281
1374,62aefe5efb00563f,True,1.0,1.0,0.8727876685284943,1.0,1.0,1.0,0.9469948618868727
1375,b989e46aae3a5332,True,1.0,1.0,1.0,1.0,1.0,1.0,1.0
1376,918a76140b9a5f92,True,1.0,1.0,0.908012980233667,1.0,1.0,1.0,0.9616720750973613
1377,c0d4412fa9f15f5b,True,1.0,1.0,0.8565360415823964,1.0,1.0,1.0,0.9402233506593318
1378,d73cabbfed045bf2,True,1.0,1.0,0.6155431868715334,1.0,1.0,1.0,0.8398096611964722
1379,69c991e96f74541f,True,1.0,1.0,0.8213547145806653,1.0,1.0,1.0,0.9255644644086106
1380,8cd8d1a23e4351f8,True,1.0,1.0,1.0,1.0,1.0,1.0,1.0
1381,93b2aee4f638552e,True,1.0,1.0,1.0,1.0,1.0,1.0,1.0
1382,d1fdb156118a52ae,True,1.0,1.0,0.8677740667707592,1.0,1.0,1.0,0.944905861154483
1383,85da27c3381e5e63,True,1.0,1.0,0.8930126186802361,1.0,1.0,1.0,0.9554219244500984
1384,f42c66a9b7a456f7,True,1.0,1.0,0.9669106094424543,1.0,1.0,1.0,0.9862127539343559
1385,b5d0bfdf09375423,True,1.0,1.0,1.0,1.0,1.0,1.0,1.0
1386,447650d1d57c58b7,True,1.0,1.0,0.6560965754244776,1.0,1.0,1.0,0.8567069064268656
1387,dce07c446c7955aa,True,1.0,1.0,1.0,1.0,1.0,1.0,1.0
1388,3866b4b85a135f66,True,1.0,1.0,0.9509936726825738,1.0,1.0,1.0,0.9795806969510724
1389,646244aaa99d5c9c,True,1.0,1.0,0.9202172254922051,1.0,1.0,1.0,0.9667571772884188
1390,24f29711e1a05cb5,True,1.0,1.0,1.0,1.0,1.0,1.0,1.0
1391,75b0adddd02558ba,True,1.0,1.0,0.8854431710533018,1.0,1.0,1.0,0.9522679879388759
1392,53f1331b9dd45ffa,True,1.0,1.0,1.0,1.0,1.0,1.0,1.0
1393,bbf8fd8a87565e05,True,1.0,1.0,1.0,1.0,1.0,1.0,1.0
1394,850fd96a46b25445,True,1.0,1.0,0.8659781284123337,1.0,1.0,1.0,0.9441575535051391
1395,88ac42d0eaca5c57,True,1.0,1.0,1.0,1.0,1.0,1.0,1.0
1396,4ef621a8318b5085,True,1.0,1.0,0.978373479460861,1.0,1.0,1.0,0.9909889497753587
1397,d7b1349fb4775cc1,True,1.0,1.0,0.6163696387796412,1.0,1.0,1.0,0.8401540161581839
1398,5cb436b6276f59ae,True,1.0,1.0,1.0,0.0,1.0,1.0,0.5833333333333334
1399,3ad6a3f7a0f155f8,True,1.0,0.0,0.0,1.0,1.0,1.0,0.0
1400,e429babc45b05f4e,True,1.0,1.0,0.8980375085786496,1.0,1.0,1.0,0.9575156285744374
1401,fe5bd33f199d5a64,True,1.0,1.0,0.8637551242198123,1.0,1.0,1.0,0.9432313017582551
1402,66d5ea23c45c51c4,True,1.0,1.0,0.8454183451749089,1.0,1.0,1.0,0.935590977156212
1403,cf4d1288c560569f,True,1.0,1.0,0.7762013280194274,1.0,1.0,1.0,0.9067505533414281
1404,192220ae5c0a54a6,True,1.0,1.0,1.0,1.0,1.0,1.0,1.0
1405,bf1fbbbc7f5d5c5d,True,1.0,1.0,0.5868104391846914,1.0,1.0,1.0,0.8278376829936214
1406,aab1c6b4ac3d57a4,True,1.0,1.0,1.0,1.0,1.0,1.0,1.0
1407,86c5b7af4b47513d,True,1.0,1.0,0.632805583687211,1.0,1.0,1.0,0.8470023265363379
1408,8b8466eb334f5957,True,1.0,1.0,0.820816212728083,1.0,1.0,1.0,0.9253400886367013
1409,f583323fe0215871,True,1.0,1.0,1.0,1.0,1.0,1.0,1.0
1410,3a2b28ef68385d75,True,1.0,1.0,1.0,1.0,1.0,1.0,1.0
1411,52248a6939af5fd6,True,1.0,1.0,0.7860337488853076,1.0,1.0,1.0,0.9108473953688782
1412,36a229f658875a2e,True,1.0,1.0,0.9169100124302915,1.0,1.0,1.0,0.9653791718459548
1413,ff89c9bf77dc58ce,True,1.0,1.0,1.0,1.0,1.0,1.0,1.0
1414,7d66b9b9d4df5fe8,True,1.0,1.0,0.6553176136702844,1.0,1.0,1.0,0.8563823390292852
1415,ef300f8a9cf254bc,True,1.0,1.0,0.8566549172610536,1.0,1.0,1.0,0.9402728821921057
1416,3123935b28265c80,True,1.0,1.0,1.0,1.0,1.0,1.0,1.0
1417,9d21f2742b1a5b27,True,1.0,1.0,1.0,1.0,1.0,1.0,1.0
1418,b7e9b4a46b9a5533,True,1.0,1.0,1.0,1.0,1.0,1.0,1.0
1419,d637ce98fc5353be,True,1.0,1.0,1.0,1.0,1.0,1.0,1.0
1420,60e8f2447c205324,True,1.0,1.0,0.8868354197242343,1.0,1.0,1.0,0.9528480915517643
1421,2ccb0b6871c9515c,True,1.0,1.0,0.9297518301806347,1.0,1.0,1.0,0.9707299292419312
1422,cba63a3ef5bc51b3,True,1.0,1.0,1.0,1.0,1.0,1.0,1.0
1423,f47841466d835000,True,1.0,1.0,1.0,1.0,1.0,1.0,1.0
1424,3c31377fc8f65160,True,1.0,1.0,0.9714356179620909,1.0,1.0,1.0,0.9880981741508711
1425,23f0187033d658d9,True,1.0,1.0,0.9640711729520481,1.0,1.0,1.0,0.9850296553966867
1426,f75560fb13f25476,True,1.0,1.0,1.0,1.0,1.0,0.5,1.0
1427,69966a921d43544d,True,1.0,1.0,1.0,1.0,1.0,1.0,1.0
1428,087df0996ade50d3,True,1.0,1.0,0.8738457677811861,1.0,1.0,1.0,0.9474357365754941
1429,a31780d642695a21,True,1.0,1.0,1.0,1.0,1.0,1.0,1.0
1430,3b8cbe3ce6465e62,True,1.0,1.0,1.0,1.0,1.0,1.0,1.0
1431,f669f89b3272514c,True,1.0,1.0,0.8920117521742419,1.0,1.0,1.0,0.9550048967392675
1432,7956fe13f69e53dc,True,1.0,1.0,0.8551249423472639,1.0,1.0,1.0,0.9396353926446933
1433,2fd95381df705415,True,1.0,1.0,0.792185749837558,1.0,1.0,1.0,0.9134107290989825
1434,53b9b277e6305400,True,1.0,1.0,0.8493963555996826,1.0,1.0,1.0,0.9372484814998678
1435,0802a51b0a1d512c,True,1.0,1.0,0.5931983954280506,1.0,1.0,1.0,0.8304993314283543
1436,32a9021303f65743,True,1.0,1.0,1.0,1.0,1.0,1.0,1.0
1437,f79931e74df250f7,True,1.0,1.0,0.8234746310071948,1.0,1.0,1.0,0.9264477629196645
1438,75c7777c6f415535,True,1.0,0.0,0.0,1.0,1.0,0.5,0.0
1439,695cc61845975896,True,1.0,1.0,1.0,1.0,1.0,1.0,1.0
1440,49e3bfda06d45f7e,True,1.0,1.0,0.9362879349824688,1.0,1.0,1.0,0.9734533062426953
1441,a62cc53f0187532a,True,1.0,1.0,0.9197992208113759,1.0,1.0,1.0,0.9665830086714067
1442,92e3a80a8f775ce2,True,1.0,1.0,0.5816258558412861,1.0,1.0,1.0,0.8256774399338692
1443,e4054a16eede5400,True,1.0,1.0,1.0,1.0,1.0,1.0,1.0
1444,310fcecd57a95e06,True,1.0,1.0,1.0,1.0,1.0,1.0,1.0
1445,8166c5e0f62a5a19,True,1.0,1.0,0.7921568852993658,1.0,1.0,1.0,0.9133987022080691
1446,a5ee1632a31556a1,True,1.0,1.0,0.818446127835869,1.0,1.0,1.0,0.9243525532649454
1447,ba63a9cd4e3f5129,True,1.0,1.0,0.923120230309834,1.0,1.0,1.0,0.9679667626290976
1448,e61cc4ac32d7538a,True,1.0,1.0,0.5313742800716744,1.0,1.0,1.0,0.8047392833631978
1449,0e9d524cb7ab5e2a,True,1.0,1.0,1.0,1.0,1.0,1.0,1.0
1450,1ff55a9fd29a5bf5,True,1.0,1.0,0.7687229555036291,1.0,1.0,1.0,0.9036345647931787
1451,f2909a9ad9cb552e,True,1.0,1.0,0.5954329872743557,1.0,1.0,1.0,0.8314304113643148
1452,83fd1c194c0c5441,True,1.0,1.0,0.7979326292601084,1.0,1.0,1.0,0.9158052621917118
1453,08a8fc71ab1b57c2,True,1.0,1.0,1.0,0.0,1.0,1.0,0.5833333333333334
1454,56c652d4f2715e43,True,1.0,1.0,0.5686737652604004,1.0,1.0,1.0,0.8202807355251668
1455,f71e5dcd9df85d97,True,1.0,1.0,0.8931206927055885,1.0,1.0,1.0,0.9554669552939951
1456,0324b2d1ca2e5b6e,True,1.0,1.0,1.0,1.0,1.0,1.0,1.0
1457,9b79840e85be5c10,True,1.0,1.0,1.0,1.0,1.0,1.0,1.0
1458,2e21fba9a22851ae,True,1.0,1.0,0.8769515404651056,1.0,1.0,1.0,0.9487298085271273
1459,d928098371595be7,True,1.0,1.0,0.9695161780189847,1.0,1.0,1.0,0.9872984075079104
1460,613c91adcbe55cd5,True,1.0,1.0,0.566829496055607,1.0,1.0,0.5,0.8195122900231695
1461,742119ab3b9753a7,True,1.0,1.0,0.8215141427490433,1.0,1.0,1.0,0.9256308928121014
1462,bca16f667139563e,True,1.0,1.0,0.8480532517389439,1.0,1.0,1.0,0.9366888548912266
1463,b7bd6325ead95dd8,True,1.0,1.0,0.8417681107731095,1.0,1.0,1.0,0.9340700461554623
1464,507c91dd2444555e,True,1.0,1.0,0.8314250565998164,1.0,1.0,1.0,0.9297604402499235
1465,b4bcd9085faf5842,True,1.0,1.0,0.8258067293563306,1.0,1.0,1.0,0.9274194705651378
1466,7fb1c845280a55aa,True,1.0,1.0,0.9142022936244412,1.0,1.0,1.0,0.9642509556768505
1467,4d94decfbcd35ae6,True,1.0,1.0,0.884376001820945,1.0,1.0,1.0,0.9518233340920604
1468,afd632f043e35a49,True,0.0,0.0,0.0,0.0,1.0,1.0,0.0
1469,6fa0a76b37b558bd,True,1.0,1.0,0.8905402777670526,1.0,1.0,1.0,0.9543917824029385
1470,84d0b82110465b43,True,1.0,1.0,1.0,1.0,1.0,1.0,1.0
1471,91795d835c905882,True,1.0,1.0,0.9456044357477696,1.0,1.0,1.0,0.9773351815615706
1472,31134bc6685c57ae,True,1.0,1.0,1.0,1.0,1.0,1.0,1.0
1473,68e2e4227c355dd9,True,1.0,1.0,0.7058036534954296,1.0,1.0,1.0,0.8774181889564291
1474,5576401890e55a6e,True,1.0,1.0,1.0,1.0,1.0,1.0,1.0
1475,7684ff2627555f4e,True,1.0,1.0,0.9977065177295906,1.0,1.0,1.0,0.9990443823873294
1476,230f2d1902125696,True,1.0,1.0,1.0,1.0,1.0,1.0,1.0
1477,52a92230f3245182,True,1.0,1.0,0.8942881153401694,1.0,1.0,1.0,0.9559533813917372
1478,a2336870ff485514,True,1.0,1.0,1.0,1.0,1.0,1.0,1.0
1479,7ef36a2139b45d9a,True,1.0,1.0,1.0,1.0,1.0,1.0,1.0
1480,d3e3c4998ad25800,True,1.0,1.0,0.9355807739180487,1.0,1.0,1.0,0.973158655799187
1481,3bf2974c80c55503,True,1.0,1.0,0.5761025182836391,1.0,1.0,1.0,0.8233760492848496
1482,a6862e7424815856,True,1.0,1.0,1.0,1.0,1.0,1.0,1.0
1483,14fe69db03425780,True,1.0,0.0,0.0,1.0,1.0,1.0,0.0
1484,570967c07a8251a2,True,1.0,1.0,0.7573141866034543,1.0,1.0,1.0,0.8988809110847726
1485,bc842040229c5e52,True,1.0,1.0,0.8597511266538106,1.0,1.0,1.0,0.9415629694390878
1486,462ba3dea9fb590b,True,1.0,1.0,0.6433252739159042,1.0,1.0,1.0,0.8513855307982934
1487,771c4e378bef58e4,True,1.0,1.0,1.0,1.0,1.0,1.0,1.0
1488,0b12ac5676875ade,True,1.0,1.0,0.8529047077871922,1.0,1.0,1.0,0.9387102949113301
1489,dc2a5d567a8e5f17,True,1.0,1.0,0.7760430609457415,1.0,1.0,1.0,0.9066846087273923
1490,054743e97abd5b9c,True,1.0,1.0,0.884481495241284,1.0,1.0,1.0,0.9518672896838684
1491,0c91824ce1e65b6e,True,1.0,1.0,0.6764936251683977,1.0,1.0,1.0,0.865205677153499
1492,882a63bc231e5987,True,1.0,1.0,1.0,1.0,1.0,1.0,1.0
1493,0ad9939a6b875bf8,True,1.0,1.0,0.6990970127433025,1.0,1.0,1.0,0.8746237553097093
1494,51467056c4f35555,True,1.0,1.0,0.8047940756781934,1.0,1.0,1.0,0.9186641981992473
1495,01e4bff700f15523,True,1.0,1.0,0.8634965168436078,1.0,1.0,1.0,0.9431235486848366
1496,ab872f589011527d,True,1.0,1.0,0.8975838245143338,1.0,1.0,1.0,0.957326593547639
1497,17d8604b0bc65ce5,True,1.0,1.0,1.0,1.0,1.0,1.0,1.0
1498,ceea7304846852b9,True,1.0,1.0,0.8153210478609895,1.0,1.0,1.0,0.9230504366087455
1499,36037c6abc0558dc,True,1.0,1.0,0.7676179888791368,1.0,1.0,1.0,0.9031741620329736
1500,fb4a03d7f9395b9a,True,1.0,1.0,0.7497901093610503,1.0,1.0,1.0,0.8957458789004376
1501,cb02d1e1315a5e67,True,1.0,1.0,0.8840212941654757,0.0,1.0,1.0,0.5350088725689482
1502,0371700bf65b51e0,True,1.0,1.0,0.9649490175198436,1.0,1.0,1.0,0.9853954239666015
1503,22f1319717ec58f0,True,1.0,1.0,1.0,1.0,1.0,1.0,1.0
1504,f2acd82c43fd5490,True,1.0,1.0,1.0,1.0,1.0,1.0,1.0
1505,48f6a3bdc0bf5d64,True,1.0,1.0,1.0,1.0,1.0,1.0,1.0
1506,2115792748a75f88,True,1.0,1.0,1.0,0.0,1.0,1.0,0.5833333333333334
1507,99213b077bdf516b,True,1.0,1.0,0.5349237818965067,1.0,1.0,1.0,0.8062182424568777
1508,866e7ca97d3c5548,True,1.0,1.0,0.8270406083491855,1.0,1.0,1.0,0.9279335868121606
1509,792d9ff087745f33,True,1.0,1.0,0.5436848281261571,1.0,1.0,1.0,0.8098686783858988
1510,c16d549602375cc0,True,1.0,1.0,0.8480761318096373,1.0,1.0,1.0,0.9366983882540155
1511,bff29edb43425586,True,1.0,1.0,0.7689578592015309,1.0,1.0,1.0,0.9037324413339712
1512,14f10a29b9235b38,True,1.0,1.0,0.8919758217214391,1.0,1.0,1.0,0.9549899257172663
1513,da137494751e500f,True,1.0,1.0,0.9845864693664839,1.0,1.0,1.0,0.9935776955693681
1514,b60ecc0b221751d7,True,1.0,1.0,1.0,1.0,1.0,1.0,1.0
1515,599e006109385ae5,True,1.0,1.0,0.8031514418475727,1.0,1.0,1.0,0.9179797674364886
1516,65271f4c14985330,True,1.0,1.0,1.0,1.0,1.0,1.0,1.0
1517,6b580c6ff00b511f,True,1.0,1.0,0.7635829444233023,1.0,1.0,1.0,0.9014928935097094
1518,368cb65e8fef57b7,True,1.0,1.0,0.6702673534977445,1.0,1.0,1.0,0.8626113972907268
1519,46b79218b0195050,True,1.0,1.0,1.0,1.0,1.0,1.0,1.0
1520,6fbe0e06902e5304,True,1.0,1.0,0.9103328549003814,1.0,1.0,1.0,0.9626386895418255
1521,41d7b533797c5209,True,1.0,1.0,1.0,1.0,1.0,1.0,1.0
1522,875d89dc1f225205,True,1.0,1.0,0.7416835619382168,1.0,1.0,1.0,0.8923681508075904
1523,23d71fb39b0456f5,True,1.0,0.0,0.0,0.0,1.0,0.5,0.0
1524,2c9ea4fc0e8e5ef2,True,1.0,1.0,0.9761703955698099,1.0,1.0,1.0,0.9900709981540875
1525,8ba84ea2cc4a5ead,True,1.0,0.0,0.0,1.0,1.0,1.0,0.0
1526,dcff89b03b925c41,True,1.0,1.0,0.5969315080039082,1.0,1.0,1.0,0.8320547950016284
1527,202d0026e8ff5a3c,True,1.0,1.0,1.0,1.0,1.0,1.0,1.0
1528,1fe885bcdf8d53de,True,1.0,1.0,0.8635098214730107,1.0,1.0,1.0,0.9431290922804211
1529,9a23e7bc52e657c3,True,1.0,0.0,0.0,0.0,1.0,1.0,0.0
1530,ab845dd1ff3c522d,True,1.0,1.0,0.9033714535932295,1.0,1.0,1.0,0.9597381056638455
1531,f863be1a4d1d5e96,True,1.0,1.0,0.784473634768034,1.0,1.0,1.0,0.9101973478200142
1532,666573b1628a5475,True,1.0,1.0,0.8205681540519429,1.0,1.0,1.0,0.9252367308549762
1533,48ef77409741520d,True,1.0,1.0,0.9412850793833198,1.0,1.0,1.0,0.9755354497430501
1534,71c1fef0966d5df4,True,1.0,1.0,0.7452748661306217,1.0,1.0,1.0,0.8938645275544257
1535,5816a23cfee25d4e,True,1.0,1.0,1.0,1.0,1.0,1.0,1.0
1536,d4b29b90b8af5f81,True,1.0,1.0,1.0,1.0,1.0,1.0,1.0
1537,ae312bf769445e43,True,1.0,0.0,0.0,1.0,1.0,1.0,0.0
1538,e44a31dd99af5556,True,1.0,1.0,0.7608869159709545,1.0,1.0,1.0,0.9003695483212311
1539,d1e9fac71909545f,True,1.0,1.0,1.0,1.0,1.0,1.0,1.0
1540,02799c5e8bf35595,True,1.0,1.0,0.7833895876600911,1.0,1.0,1.0,0.909745661525038
1541,e7b0fe1f4b13597c,False,,,,,,,
1542,5b6e0702773c5bdb,True,1.0,1.0,0.8024120815898828,1.0,1.0,1.0,0.9176717006624511
1543,19cee80b71525f86,True,1.0,1.0,0.8740765282094237,1.0,1.0,1.0,0.9475318867539265
1544,d9fac9fdd2bd5036,True,1.0,1.0,1.0,0.0,1.0,1.0,0.5833333333333334
1545,0b4617cb0ac15035,True,1.0,1.0,0.8483613308960677,1.0,1.0,1.0,0.9368172212066949
1546,14f724bc59705bb4,True,1.0,1.0,0.8009908962499844,1.0,1.0,1.0,0.9170795401041602
1547,afb6f330e8665731,True,1.0,0.0,0.0,1.0,1.0,1.0,0.0
1548,2e1c1db92800578d,True,1.0,1.0,1.0,1.0,1.0,1.0,1.0
1549,cf05c9f4f6e55af3,True,1.0,1.0,0.6952016995726255,1.0,1.0,1.0,0.8730007081552605
1550,d4daf5d0fd355401,True,1.0,1.0,0.9088430112464434,1.0,0.0,1.0,0.7953512546860181
1551,511741d6df93540d,True,1.0,1.0,0.9991861406431609,1.0,1.0,1.0,0.9996608919346505
1552,98b99d5d44c05a5b,True,1.0,1.0,0.9833370294147018,1.0,1.0,1.0,0.993057095589459
1553,f8f7f1ebe2fc5bda,True,1.0,1.0,1.0,1.0,1.0,1.0,1.0
1554,da2fb85306b2560c,True,1.0,1.0,0.710282959255119,1.0,1.0,1.0,0.8792845663562995
1555,9972c06c954b5770,True,1.0,1.0,1.0,1.0,1.0,0.5,1.0
1556,7e35bd1fea5b50da,True,1.0,1.0,1.0,1.0,1.0,1.0,1.0
1557,b2229456008c518d,True,1.0,1.0,0.60662287677705,1.0,1.0,1.0,0.8360928653237708
1558,7fa02fbd7287526f,True,1.0,1.0,0.8803020260237259,1.0,1.0,1.0,0.9501258441765525
1559,49d613966f25569b,True,1.0,1.0,0.9516514708849861,1.0,1.0,1.0,0.9798547795354109
1560,200bc08880505a6e,True,1.0,1.0,1.0,1.0,1.0,1.0,1.0
1561,b63793ec1e0350e6,True,1.0,1.0,0.9523996831440559,1.0,1.0,1.0,0.9801665346433567
1562,f1ae86b9b6a75893,True,1.0,1.0,1.0,1.0,1.0,1.0,1.0
1563,116a7c91c85d5b5d,True,1.0,1.0,0.9754008966715026,1.0,1.0,1.0,0.9897503736131261
1564,67fee242b1a35834,True,1.0,1.0,0.7791151782549611,1.0,1.0,1.0,0.9079646576062338
1565,e758a9ddb8a85469,True,1.0,1.0,1.0,1.0,1.0,1.0,1.0
1566,ee88f3dfa73a5f65,True,1.0,1.0,1.0,1.0,1.0,1.0,1.0
1567,a19a97133a285e39,True,1.0,1.0,1.0,1.0,1.0,1.0,1.0
1568,10ee9a1679d759e4,True,1.0,1.0,0.784086547324996,1.0,1.0,1.0,0.9100360613854152
1569,f23d4a49b1c753bc,True,1.0,1.0,0.8429515820316129,1.0,1.0,1.0,0.9345631591798388
1570,2c3e04a929b85f30,True,1.0,1.0,0.913169014424465,1.0,1.0,1.0,0.9638204226768604
1571,6f5b0bae72eb5307,True,1.0,1.0,0.8032804221844844,1.0,1.0,1.0,0.9180335092435351
1572,cbc996c2f68c541c,True,1.0,1.0,0.7971855175932683,1.0,1.0,1.0,0.9154939656638618
1573,4f6fb990b8875e5f,True,1.0,1.0,1.0,1.0,1.0,1.0,1.0
1574,08dad3e5005658df,True,1.0,1.0,0.5790343779540966,1.0,1.0,1.0,0.8245976574808735
1575,a159a54ad01d5f4f,True,1.0,1.0,0.8249550870578043,1.0,1.0,1.0,0.9270646196074184
1576,0a5780be84565110,True,1.0,1.0,1.0,1.0,1.0,1.0,1.0
1577,d0fc0e92a9e4552f,True,1.0,1.0,0.6446958646842639,1.0,1.0,1.0,0.8519566102851099
1578,6316ea076a0e597f,True,1.0,1.0,0.8824744828582511,1.0,1.0,1.0,0.9510310345242713
1579,9bbf6e2211fb56d9,True,1.0,1.0,1.0,1.0,1.0,1.0,1.0
1580,37d8b3ca81905645,True,1.0,1.0,1.0,1.0,1.0,1.0,1.0
1581,7777f9476f1e5bb0,True,1.0,1.0,0.8403197393573903,1.0,1.0,1.0,0.9334665580655793
1582,7648e7b33ecf55d5,True,1.0,1.0,0.6643078334075668,1.0,1.0,1.0,0.8601282639198194
1583,b1e78f926612520e,True,1.0,1.0,1.0,1.0,1.0,1.0,1.0
1584,a38bd3c8068d5ebb,True,1.0,1.0,1.0,1.0,1.0,1.0,1.0
1585,989a085ea31e50ba,True,1.0,1.0,0.8063706245717858,1.0,1.0,1.0,0.9193210935715775
1586,c4bacbfebba15b26,True,1.0,1.0,0.7350305790861921,1.0,1.0,0.5,0.8895960746192467
1587,40348970451a52e3,True,1.0,1.0,0.8446076771375656,1.0,1.0,0.5,0.935253198807319
1588,08e025b8ab6253bc,True,1.0,1.0,0.7614076613267269,1.0,1.0,1.0,0.9005865255528028
1589,ccdb8ab156ba5b06,True,1.0,1.0,0.7536356005188419,1.0,1.0,1.0,0.8973481668828508
1590,bb8497b5cf575e3a,True,0.0,1.0,0.0,0.0,1.0,1.0,0.0
1591,5a5e81f1432a51a1,True,1.0,1.0,0.5342967061478322,1.0,1.0,1.0,0.8059569608949301
1592,65e41bd322a25dd1,True,1.0,1.0,0.5502101881051394,1.0,1.0,1.0,0.8125875783771415
1593,2d723f3d7b9458b8,True,1.0,1.0,0.8497632799357203,1.0,1.0,1.0,0.9374013666398836
1594,6c64511810415244,True,1.0,1.0,0.8850005740962384,1.0,1.0,1.0,0.9520835725400993
1595,7857a22b3bc85bb4,True,1.0,0.0,0.0,1.0,1.0,1.0,0.0
1596,1825640c9ed75a4b,True,1.0,1.0,0.8737999846031598,1.0,1.0,1.0,0.9474166602513167
1597,bd06d301fe645a28,True,1.0,1.0,0.8188182045745459,1.0,1.0,1.0,0.924507585239394
1598,0b1a626ef31150b3,True,1.0,1.0,0.8551817097056184,1.0,1.0,1.0,0.9396590457106743
1599,dc2d59ce7b1258cf,True,1.0,1.0,1.0,1.0,1.0,1.0,1.0
1600,906ad81ffb6953a5,True,1.0,1.0,0.7657158330623048,1.0,1.0,1.0,0.9023815971092937
1601,5593d7326b9c59aa,True,1.0,1.0,1.0,1.0,1.0,1.0,1.0
1602,43c74ea303715baf,True,1.0,1.0,0.9385897492621885,1.0,1.0,1.0,0.974412395525912
1603,1afdce6720e45022,True,1.0,1.0,0.8510300454423115,1.0,1.0,1.0,0.9379291856009632
1604,db3833e656c256dd,True,1.0,1.0,0.8883783125074317,1.0,1.0,1.0,0.9534909635447631
1605,cbec1eda814e5065,True,1.0,1.0,1.0,1.0,1.0,1.0,1.0
1606,44cedd469129548d,True,1.0,1.0,0.8352584270103695,1.0,1.0,1.0,0.9313576779209872
1607,7288ac3781fd51a8,True,1.0,1.0,1.0,1.0,1.0,1.0,1.0
1608,80fb7c16b92856a3,True,1.0,1.0,0.9533192672546309,1.0,1.0,1.0,0.9805496946894295
1609,cac5deee337257e1,True,1.0,1.0,0.9425587765718241,1.0,1.0,1.0,0.9760661569049267
1610,83f2ecc101925a5d,True,1.0,1.0,1.0,1.0,1.0,1.0,1.0
1611,56af844c0e0a53ce,True,1.0,1.0,0.8211438593028378,1.0,1.0,1.0,0.925476608042849
1612,1074509550cc5bf8,True,1.0,1.0,0.5467243678877229,1.0,1.0,1.0,0.8111351532865513
1613,d26771df718251d1,True,1.0,1.0,1.0,1.0,1.0,1.0,1.0
1614,7d399fe8e4335fc3,True,1.0,1.0,0.7394147556230712,1.0,1.0,1.0,0.8914228148429464
1615,566bd5e6d09153e0,True,1.0,1.0,1.0,1.0,1.0,1.0,1.0
1616,302803d07e7059dc,True,1.0,1.0,1.0,1.0,1.0,1.0,1.0
1617,b17966d55b335270,True,1.0,1.0,0.8230019292351899,1.0,1.0,1.0,0.9262508038479957
1618,c497ee89b6205eb8,True,1.0,1.0,0.97487488462559,1.0,1.0,1.0,0.9895312019273291
1619,73f2ce543024548e,True,1.0,1.0,0.8817748788684868,1.0,1.0,1.0,0.9507395328618694
1620,63873e2afca95e70,True,1.0,1.0,0.9367795955298001,1.0,1.0,1.0,0.9736581648040833
1621,184f5d3c75275c6e,True,1.0,1.0,1.0,1.0,1.0,1.0,1.0
1622,ffe87d190cd358c8,True,1.0,1.0,1.0,1.0,1.0,1.0,1.0
1623,e726c3ae361058c1,True,1.0,1.0,1.0,1.0,1.0,1.0,1.0
1624,ad47566ea29a57bf,True,1.0,1.0,0.6031668974627821,1.0,1.0,1.0,0.8346528739428258
1625,d151becf4b395f13,True,1.0,1.0,1.0,1.0,1.0,1.0,1.0
1626,193b39b2ec4f53af,True,1.0,1.0,0.9064157129261267,1.0,1.0,1.0,0.9610065470525528
1627,5d003b19e1a25253,True,1.0,1.0,0.7776022456427482,1.0,1.0,1.0,0.9073342690178118
1628,b3c7b9fbf4655722,True,1.0,1.0,0.9983126221827172,1.0,1.0,1.0,0.9992969259094654
1629,6292d2ef6730548d,True,1.0,1.0,0.7029048338799212,1.0,1.0,1.0,0.8762103474499673
1630,de235386b6c65ebd,True,1.0,1.0,1.0,1.0,1.0,1.0,1.0
1631,8f9712da66485b70,True,1.0,1.0,0.776686285195077,1.0,1.0,1.0,0.9069526188312821
1632,d8acd89d5cc95e9a,True,1.0,1.0,0.9326294987865742,1.0,1.0,1.0,0.9719289578277394
1633,13cbee7dbb4853ec,True,1.0,1.0,1.0,1.0,1.0,1.0,1.0
1634,aab517c2e5e75245,True,1.0,1.0,0.5908011287778824,1.0,1.0,1.0,0.8295004703241177
1635,d91edafc567a5fcc,True,1.0,1.0,0.8602846268502448,1.0,1.0,1.0,0.941785261187602
1636,fd1e4ae4c102553c,True,1.0,1.0,1.0,1.0,1.0,1.0,1.0
1637,cb22383a26cf594e,True,1.0,1.0,1.0,1.0,1.0,1.0,1.0
1638,09832085301555df,True,1.0,1.0,1.0,1.0,1.0,1.0,1.0
1639,1c064ec24fa15900,True,1.0,1.0,0.8530196835191441,1.0,1.0,1.0,0.93875820146631
1640,47a8cb60d2275feb,True,1.0,1.0,0.9459748709747449,1.0,1.0,1.0,0.9774895295728103
1641,620f272061ea5f3a,True,1.0,1.0,1.0,1.0,1.0,1.0,1.0
1642,cc9afc95afab5758,True,1.0,1.0,0.8968569155810606,1.0,1.0,1.0,0.9570237148254419
1643,4543fc207fbb553e,True,1.0,1.0,0.7819018275154116,1.0,1.0,1.0,0.9091257614647548
1644,1623cbaee7295b13,True,1.0,1.0,1.0,1.0,1.0,1.0,1.0
1645,398b056b300955e1,True,1.0,1.0,1.0,1.0,1.0,1.0,1.0
1646,eb527d130d8d5e33,True,1.0,1.0,0.8527751713372936,1.0,1.0,1.0,0.938656321390539
1647,ddc25b8617cb5aa0,True,1.0,1.0,0.9775047824694435,1.0,1.0,1.0,0.9906269926956014
1648,16c38196f44751bd,True,1.0,1.0,0.7205821886603707,1.0,1.0,1.0,0.8835759119418212
1649,10d0706cdc655c9f,True,1.0,1.0,0.819746556779291,1.0,1.0,1.0,0.9248943986580379
1650,d51f75f9ae88529a,True,1.0,1.0,0.8622647164267502,1.0,1.0,1.0,0.9426102985111459
1651,ae2c1faedb3356f9,True,1.0,0.0,0.0,1.0,1.0,1.0,0.0
1652,3af98cdf0bc35f44,True,1.0,1.0,0.5847516464163863,1.0,1.0,1.0,0.8269798526734943
1653,a0d88b07304b5398,True,1.0,1.0,1.0,1.0,1.0,1.0,1.0
1654,402f952c89ae550c,True,1.0,1.0,0.7118434908449461,1.0,1.0,1.0,0.8799347878520609
1655,3256f37c21915104,True,1.0,1.0,1.0,1.0,1.0,1.0,1.0
1656,7385c74727eb53b5,True,1.0,1.0,0.8945571234187326,1.0,1.0,1.0,0.9560654680911386
1657,b2eba34ff4c359cc,True,1.0,1.0,0.633913169809062,1.0,1.0,1.0,0.8474638207537758
1658,551ce60633b65fd0,True,1.0,1.0,0.87761327479472,1.0,1.0,1.0,0.9490055311644667
1659,972fa3a96b9f5301,True,1.0,1.0,0.8814210342462176,1.0,1.0,1.0,0.9505920976025907
1660,c5af9333bf63510d,True,1.0,1.0,0.7843509791617278,1.0,1.0,1.0,0.9101462413173866
1661,c74dd20cc31755b0,True,1.0,1.0,0.920315235608533,1.0,1.0,1.0,0.9667980148368888
1662,c823f9a693a05d93,True,1.0,1.0,0.8713606490645532,1.0,1.0,1.0,0.9464002704435638
1663,969198fbd19d59b1,True,1.0,1.0,0.7636882416126421,1.0,1.0,1.0,0.9015367673386009
1664,e83a3108893753f0,True,1.0,1.0,0.7015436976621937,1.0,1.0,1.0,0.8756432073592474
1665,dd79f9aa92105761,True,1.0,1.0,0.7744500812215162,1.0,1.0,1.0,0.9060208671756317
1666,612827ed516257e8,True,1.0,1.0,1.0,1.0,1.0,1.0,1.0
1667,111174636b57539b,True,1.0,0.0,0.0,1.0,1.0,1.0,0.0
1668,fe55e4c568a753a9,True,1.0,1.0,0.9491026059657509,1.0,1.0,1.0,0.9787927524857295
1669,7ac6ec682a515136,True,1.0,1.0,1.0,1.0,1.0,0.5,1.0
1670,e727c1d090125d64,True,1.0,1.0,1.0,1.0,1.0,1.0,1.0
1671,550045c2be39530a,True,1.0,1.0,1.0,1.0,1.0,1.0,1.0
1672,aa4272ed1b785b94,True,1.0,1.0,0.912299412841139,1.0,1.0,1.0,0.963458088683808
1673,db36572d530a5ed3,True,1.0,1.0,0.6875472363487396,1.0,1.0,1.0,0.8698113484786415
1674,7f02ca014f7253db,True,1.0,1.0,0.6149062329037993,1.0,1.0,1.0,0.8395442637099163
1675,e241e150a9c157b8,True,1.0,1.0,0.6741240253614762,1.0,1.0,1.0,0.8642183439006151
1676,36c9f5ba92385cee,True,1.0,1.0,0.8144637252141059,1.0,1.0,1.0,0.9226932188392108
1677,b3055bb6f80d5167,True,1.0,1.0,1.0,1.0,1.0,1.0,1.0
1678,d0afb786443a5659,True,1.0,1.0,0.7677160097589407,1.0,1.0,1.0,0.9032150040662253
1679,bca002ce93bd5997,True,1.0,1.0,1.0,1.0,1.0,1.0,1.0
1680,cf3b00d5d2b953d3,True,1.0,1.0,1.0,1.0,1.0,1.0,1.0
1681,97d06e94283a5a65,True,1.0,1.0,0.8607613123784179,1.0,1.0,1.0,0.9419838801576742
1682,5368a45f74ed5f66,True,1.0,1.0,1.0,1.0,1.0,1.0,1.0
1683,e46bb2932c0452b2,True,1.0,1.0,0.7300720853352061,1.0,1.0,1.0,0.8875300355563359
1684,431ae29947e95c26,True,1.0,1.0,0.627782341512338,1.0,1.0,1.0,0.8449093089634742
1685,7c0a753f5a2f5230,True,1.0,1.0,1.0,1.0,1.0,1.0,1.0
1686,807f6b90b60d5685,True,0.0,0.0,0.0,0.0,1.0,1.0,0.0
1687,802ea08c7ae1530a,True,1.0,1.0,1.0,1.0,1.0,1.0,1.0
1688,816c515aa3dc5462,True,1.0,1.0,0.9747152862573786,1.0,1.0,1.0,0.9894647026072411
1689,ccf5fed938d95a04,True,1.0,1.0,1.0,1.0,1.0,1.0,1.0
1690,ce516bdfc6e45d5b,True,1.0,1.0,0.9544096150580249,1.0,1.0,1.0,0.981004006274177
1691,49d0c7d110f15c0e,True,1.0,1.0,0.7354044644940546,1.0,1.0,1.0,0.8897518602058562
1692,80767d5d26ef52bf,True,1.0,1.0,1.0,1.0,1.0,1.0,1.0
1693,4849a426de8e5d24,True,1.0,1.0,0.957425209560347,1.0,1.0,1.0,0.9822605039834779
1694,7db2c53b0e9e5971,True,1.0,1.0,0.5185405287032606,1.0,1.0,1.0,0.7993918869596919
1695,c2156c6760fd55b5,True,1.0,1.0,1.0,1.0,1.0,0.5,1.0
1696,8cf86f67f10f574a,True,1.0,1.0,0.6783172038260656,1.0,1.0,1.0,0.8659655015941939
1697,eea52ed765aa5977,True,1.0,1.0,0.7711612191594467,1.0,1.0,1.0,0.9046505079831029
1698,059912706b0758dc,True,1.0,1.0,0.9289407865370436,1.0,1.0,1.0,0.9703919943904348
1699,ef11e35afed25326,True,1.0,1.0,0.7690504682266478,1.0,1.0,1.0,0.9037710284277699
1700,9e898d5e24c1537e,True,1.0,1.0,0.765376330863076,1.0,1.0,1.0,0.9022401378596149
1701,e3ed22f3bc385b45,True,1.0,1.0,1.0,1.0,1.0,0.0,1.0
1702,21b0b3ef9d2e59ed,True,1.0,1.0,1.0,1.0,1.0,1.0,1.0
1703,f9cfac7b9f30506d,True,1.0,1.0,0.8582066848423666,1.0,1.0,0.5,0.9409194520176527
1704,a8245437ee3d5dd7,True,1.0,0.0,0.0,1.0,1.0,1.0,0.0
1705,0b66f76610bc5f63,True,1.0,0.0,0.0,1.0,1.0,1.0,0.0
1706,b1a1b2a18fa4504f,True,1.0,1.0,0.5300386763078537,1.0,1.0,1.0,0.804182781794939
1707,0370ac4af44a5bfc,True,1.0,1.0,0.674387569395046,1.0,1.0,1.0,0.8643281539146025
1708,a2b2c80a9db75f5f,True,1.0,1.0,1.0,1.0,1.0,1.0,1.0
1709,635eb3ecbf415418,True,1.0,1.0,0.9067455953736696,1.0,1.0,1.0,0.9611439980723624
1710,66ccc68c8f755683,True,1.0,1.0,1.0,1.0,1.0,0.0,1.0
1711,9e76720cbd565595,True,1.0,1.0,0.748440433229592,1.0,1.0,1.0,0.8951835138456633
1712,184e4aef7e095f7a,True,1.0,1.0,1.0,1.0,1.0,1.0,1.0
1713,e9799c219eb25a48,True,1.0,1.0,1.0,1.0,1.0,1.0,1.0
1714,ea408ea92ea9549b,True,1.0,1.0,0.8672803125622756,1.0,1.0,1.0,0.9447001302342816
1715,8430e9ba6d395dd2,True,1.0,1.0,0.8118126248374773,1.0,1.0,1.0,0.9215885936822822
1716,1b203e7299655c9c,True,1.0,1.0,0.949241839431544,1.0,1.0,1.0,0.97885076642981
1717,2c79b7300d3a5219,True,1.0,1.0,1.0,1.0,1.0,1.0,1.0
1718,5cfbf7afa66458c3,True,1.0,1.0,1.0,1.0,1.0,1.0,1.0
1719,f9f4354a1d12565d,True,1.0,1.0,1.0,1.0,1.0,1.0,1.0
1720,1ed850327b905ebd,True,1.0,1.0,0.7469508467756367,1.0,1.0,1.0,0.8945628528231819
1721,cfb1ab3fe0185b20,True,1.0,1.0,1.0,1.0,1.0,1.0,1.0
1722,584d2d7503175ef5,True,1.0,1.0,0.9049325064909609,1.0,1.0,1.0,0.9603885443712338
1723,e058b97f439c51c7,True,1.0,1.0,0.897839786381752,1.0,1.0,1.0,0.95743324432573
1724,ac140df715d5573b,True,1.0,1.0,0.8326572653402508,1.0,1.0,1.0,0.9302738605584379
1725,a83d8c6015e85622,True,1.0,1.0,0.7871135078795191,1.0,1.0,1.0,0.9112972949497996
1726,671dcd0d1c86592c,True,1.0,1.0,0.7206052448638754,1.0,1.0,1.0,0.8835855186932814
1727,89652dfe12165def,True,1.0,1.0,1.0,1.0,1.0,1.0,1.0
1728,b84c079a32635d34,True,1.0,1.0,0.7697031331049162,1.0,1.0,1.0,0.9040429721270483
1729,52cb0688ae7c5bed,True,1.0,1.0,1.0,1.0,1.0,1.0,1.0
1730,c20397c103e65d12,True,1.0,0.0,0.0,1.0,1.0,1.0,0.0
1731,5016d5a7a87a538d,True,1.0,1.0,0.8627077833899562,1.0,1.0,1.0,0.9427949097458151
1732,b3e8baac7b4d5e4a,True,1.0,1.0,0.8731671817788635,1.0,1.0,1.0,0.9471529924078599
1733,11d702a710115591,True,1.0,1.0,0.9639151379969472,1.0,1.0,1.0,0.9849646408320613
1734,bee7eebe90dd5285,True,1.0,1.0,1.0,1.0,1.0,1.0,1.0
1735,c70cfaf737215fca,True,1.0,1.0,0.8958316026270298,1.0,1.0,1.0,0.9565965010945957
1736,150c33d5cd005743,True,1.0,1.0,1.0,1.0,1.0,1.0,1.0
1737,ff4f691f82915561,True,1.0,1.0,0.8178748707020781,1.0,1.0,1.0,0.9241145294591991
1738,330e7ebc96d05251,True,1.0,1.0,1.0,0.0,1.0,1.0,0.5833333333333334
1739,a6b457a7eb6a5cde,True,1.0,1.0,0.7785657343510284,1.0,1.0,1.0,0.9077357226462618
1740,82b8033d05e355f1,True,1.0,1.0,1.0,1.0,1.0,1.0,1.0
1741,0166f867762a56e1,True,1.0,1.0,0.9591444796812757,1.0,1.0,1.0,0.982976866533865
1742,f4af3907bb665bf7,True,1.0,1.0,1.0,1.0,1.0,1.0,1.0
1743,4925a678992c5726,True,1.0,1.0,0.9693501946392203,1.0,1.0,1.0,0.9872292477663418
1744,67dff3c1993f57a5,True,1.0,1.0,0.6587880897828101,1.0,1.0,0.0,0.8578283707428375
1745,c65ad538a2275dd8,True,1.0,1.0,0.8891681943203906,1.0,1.0,1.0,0.9538200809668295
1746,bdf6ce6385325a58,True,1.0,1.0,0.7937074544206877,1.0,1.0,1.0,0.9140447726752865
1747,d2d30ecb18db52f9,True,1.0,1.0,0.7433958394178675,1.0,1.0,1.0,0.8930815997574447
1748,af0e2b61cba953de,True,1.0,1.0,0.6745940460828841,1.0,1.0,1.0,0.8644141858678683
1749,090a482cb7335520,True,1.0,1.0,0.9235767799641829,1.0,1.0,1.0,0.9681569916517428
1750,6919cfa3396a52ff,True,1.0,1.0,1.0,1.0,1.0,1.0,1.0
1751,8693307093e0553b,True,1.0,1.0,0.6831454626084519,1.0,1.0,1.0,0.8679772760868549
1752,8719c1b8087d5590,True,1.0,1.0,1.0,1.0,1.0,1.0,1.0
1753,f99992756cbb5adb,True,1.0,0.0,0.0,1.0,1.0,1.0,0.0
1754,885aa5c90eb9554c,True,1.0,1.0,0.8864149874432129,1.0,1.0,1.0,0.952672911434672
1755,f0135d40a8f05feb,True,1.0,1.0,0.6843782002051884,1.0,1.0,1.0,0.8684909167521617
1756,e26d9a5288165f2a,True,1.0,1.0,0.9329790866360864,1.0,1.0,1.0,0.9720746194317028
1757,ea32cdfc9478501d,True,1.0,1.0,0.7412503039086772,1.0,1.0,1.0,0.8921876266286155
1758,65fc12f7836f58ed,True,1.0,1.0,1.0,1.0,1.0,1.0,1.0
1759,689ed7a2ee4b583d,True,1.0,0.0,0.0,1.0,1.0,1.0,0.0
1760,e4007492f3d55374,True,1.0,1.0,0.9790205672801665,1.0,1.0,1.0,0.9912585697000694
1761,72928620ac2a55a0,True,1.0,1.0,1.0,1.0,1.0,1.0,1.0
1762,2f8e10ba1a8f5672,True,1.0,1.0,0.7112910493675336,1.0,1.0,1.0,0.879704603903139
1763,e28e57068b0b5cf3,True,1.0,1.0,0.8221048760291437,1.0,1.0,1.0,0.92587703167881
1764,dbd898b3533f5ac5,True,1.0,1.0,0.7323781377838056,1.0,1.0,1.0,0.8884908907432524
1765,d01e896e6c325436,True,1.0,1.0,1.0,1.0,1.0,1.0,1.0
1766,961138ed0ca9525b,True,1.0,1.0,0.911176661123259,1.0,1.0,1.0,0.9629902754680245
1767,5d7c7edca69d5e73,True,1.0,1.0,1.0,1.0,1.0,1.0,1.0
1768,5d004fb36ca95fa0,True,1.0,1.0,1.0,1.0,1.0,1.0,1.0
1769,6bd234c45e885cb2,True,1.0,1.0,1.0,1.0,1.0,1.0,1.0
1770,ab8034dd8873524b,True,1.0,1.0,0.8748056573501243,1.0,1.0,1.0,0.9478356905625519
1771,1484455d33b85a75,True,1.0,1.0,1.0,0.0,1.0,1.0,0.5833333333333334
1772,42160b555f2a5aa0,True,1.0,1.0,0.7993400607626503,1.0,1.0,1.0,0.9163916919844377
1773,3190b058710b520b,True,1.0,1.0,0.8758262362006792,1.0,1.0,1.0,0.948260931750283
1774,d08c7fa247395729,True,1.0,1.0,0.9964106863909362,1.0,1.0,1.0,0.9985044526628902
1775,1ebcf2ddce325598,True,1.0,1.0,1.0,1.0,1.0,1.0,1.0
1776,976107b532bb5301,True,1.0,1.0,0.9538559655734485,1.0,1.0,1.0,0.9807733189889368
1777,1c5019f2bc6052d6,True,1.0,1.0,1.0,1.0,1.0,1.0,1.0
1778,96587a61c6c05d71,True,1.0,1.0,0.8423778675441428,1.0,1.0,1.0,0.9343241114767261
1779,50708f973eec5e38,True,1.0,1.0,0.7347213276309642,1.0,1.0,1.0,0.8894672198462351
1780,4f5b00e0de115593,True,1.0,1.0,0.637881454978063,0.0,1.0,1.0,0.43245060624085957
1781,801f4878074a5a59,True,1.0,1.0,0.816781147636359,1.0,1.0,1.0,0.9236588115151495
1782,749ac04eaa475981,True,1.0,1.0,1.0,1.0,1.0,1.0,1.0
1783,2567ec8e92d05eb6,True,1.0,1.0,0.9666816449429066,1.0,1.0,1.0,0.9861173520595444
1784,410171a43ce453c2,True,1.0,1.0,1.0,1.0,1.0,1.0,1.0
1785,0498b27fee425645,True,1.0,1.0,0.6134612183085458,1.0,1.0,1.0,0.8389421742952274
1786,b72c6ad506465ebb,True,1.0,1.0,1.0,1.0,1.0,1.0,1.0
1787,ac2da3da332b5a04,True,1.0,1.0,0.6677761519625898,1.0,1.0,1.0,0.861573396651079
1788,7383ddb2fac255cb,True,1.0,1.0,0.6292371467556157,1.0,1.0,1.0,0.8455154778148399
1789,367967cea49c5dda,True,0.0,1.0,0.0,0.0,1.0,0.5,0.0
1790,c41c11cf85b751e2,True,1.0,1.0,0.87808697058589,1.0,1.0,1.0,0.9492029044107876
1791,226f50441ff35772,True,1.0,1.0,1.0,1.0,1.0,1.0,1.0
1792,d655411faf595661,True,1.0,1.0,0.9905677389979298,1.0,1.0,1.0,0.9960698912491374
1793,f94d84bd174d59ce,True,1.0,1.0,1.0,1.0,1.0,1.0,1.0
1794,4c3718ea056c5656,True,1.0,1.0,1.0,1.0,1.0,0.5,1.0
1795,a08215e27d775f96,True,1.0,1.0,0.8899586185043556,1.0,1.0,1.0,0.9541494243768148
1796,17ea7a2cc29957fa,True,1.0,1.0,1.0,1.0,1.0,1.0,1.0
1797,56886aeb0f685bea,True,1.0,1.0,0.9469963567203732,1.0,1.0,1.0,0.9779151486334888
1798,82e6bac5509d5471,True,1.0,1.0,0.8247206684259943,1.0,1.0,1.0,0.9269669451774977
1799,c16f84d1251552af,True,1.0,1.0,0.7532787588951795,1.0,1.0,1.0,0.8971994828729914
1800,859dea9ce9215b47,True,1.0,1.0,0.8143874647664229,1.0,1.0,1.0,0.9226614436526761
1801,171ac85821875613,True,1.0,1.0,0.7613701971407393,1.0,1.0,1.0,0.9005709154753081
1802,22b526a96ad65c88,True,1.0,1.0,0.7732226572947462,1.0,1.0,1.0,0.9055094405394776
1803,1fe2f21f53c05378,True,1.0,1.0,0.7934203423932882,1.0,1.0,1.0,0.91392514266387
1804,7d6a50d3acb55383,True,1.0,1.0,0.9339105052911706,1.0,1.0,1.0,0.9724627105379877
1805,02f1ad081f41550e,True,1.0,1.0,0.965042867971088,1.0,1.0,1.0,0.9854345283212865
1806,8127022f9d745e8c,True,1.0,1.0,0.6544165171316676,1.0,1.0,1.0,0.8560068821381949
1807,c844ccab55295a05,True,1.0,1.0,1.0,1.0,1.0,1.0,1.0
1808,09df1da0af885ddd,True,1.0,1.0,0.7594972838887079,1.0,1.0,1.0,0.8997905349536283
1809,c2cf2b10f7e953c4,True,1.0,1.0,1.0,1.0,1.0,1.0,1.0
1810,89ca9afebf9b5229,True,1.0,1.0,1.0,1.0,1.0,1.0,1.0
1811,9c0b17fc7987544e,True,1.0,1.0,0.714323104895868,1.0,1.0,1.0,0.8809679603732784
1812,926ea834d8f256d5,True,1.0,1.0,0.8076935524926322,1.0,1.0,1.0,0.9198723135385967
1813,d5ec09025a1e5a0d,True,1.0,1.0,1.0,1.0,1.0,1.0,1.0
1814,216b31d31f085114,True,1.0,1.0,0.8247136780353561,1.0,1.0,1.0,0.9269640325147317
1815,f561d19a11375418,True,1.0,1.0,0.9992916584699999,1.0,1.0,1.0,0.9997048576958333
1816,ead04653ed0c5545,True,1.0,1.0,1.0,1.0,1.0,1.0,1.0
1817,d4e9c2fa89c55897,True,1.0,1.0,1.0,1.0,1.0,1.0,1.0
1818,04f5b9e8203c5a92,True,1.0,1.0,0.94565077339893,1.0,1.0,1.0,0.9773544889162208
1819,cfc12b02334c5a15,True,1.0,1.0,0.8349736270399211,1.0,1.0,1.0,0.9312390112666339
1820,df4dfd432ba25781,True,1.0,1.0,1.0,1.0,1.0,1.0,1.0
1821,170ea72e455e5e57,True,1.0,1.0,1.0,1.0,1.0,1.0,1.0
1822,7c7e92d50f92564b,True,1.0,1.0,0.8549873132643312,1.0,1.0,1.0,0.9395780471934714
1823,52ab5e0a4e075cad,True,1.0,1.0,0.7986342104780224,1.0,1.0,1.0,0.916097587699176
1824,10ffaee1fe81544d,True,1.0,1.0,1.0,1.0,1.0,1.0,1.0
1825,43fe2321124251d3,True,1.0,1.0,1.0,1.0,1.0,1.0,1.0
1826,cb84621ac42a5df2,True,1.0,1.0,1.0,1.0,1.0,1.0,1.0
1827,c63b3d251ef85a13,True,1.0,1.0,0.821798335848212,1.0,1.0,1.0,0.9257493066034218
1828,77b99279c5265bab,True,1.0,0.0,0.0,1.0,1.0,1.0,0.0
1829,d849d3813e3052d0,True,1.0,1.0,0.8128664744604838,1.0,1.0,1.0,0.9220276976918682
1830,4e3fb4e28014505e,True,1.0,1.0,1.0,1.0,1.0,1.0,1.0
1831,3adebc0f04ed5311,True,1.0,1.0,1.0,1.0,1.0,1.0,1.0
1832,303e7dd5717f54cd,True,1.0,0.0,0.0,1.0,1.0,0.5,0.0
1833,88f3df2443c55e59,True,1.0,1.0,0.7963828049656152,1.0,1.0,1.0,0.9151595020690063
1834,a60202554bf55ef1,True,1.0,1.0,1.0,1.0,1.0,1.0,1.0
1835,f07e9b76d6e0503d,True,1.0,1.0,0.7904128876897324,1.0,1.0,1.0,0.9126720365373885
1836,2b4e72f733d35e89,True,1.0,1.0,1.0,1.0,1.0,1.0,1.0
1837,6cfeeb3aab5b5681,True,1.0,1.0,1.0,1.0,1.0,1.0,1.0
1838,6fe374eabe7b5dea,True,1.0,1.0,0.9830315629143298,1.0,1.0,1.0,0.9929298178809708
1839,c89f33e9f07d5aa8,True,1.0,1.0,0.5138875930404737,1.0,1.0,1.0,0.797453163766864
1840,c126718a51d85fbd,True,1.0,1.0,0.9866331480529825,1.0,1.0,1.0,0.9944304783554093
1841,dc472958283b57cc,True,1.0,1.0,0.9924135977243188,1.0,1.0,1.0,0.9968389990517995
1842,254dee7f5f1f5f17,True,1.0,1.0,1.0,1.0,1.0,1.0,1.0
1843,402c9312982a5488,True,1.0,1.0,0.7838668120349185,0.0,1.0,1.0,0.4932778383478827
1844,22ff5ba619a250b0,True,1.0,0.0,0.0,1.0,1.0,1.0,0.0
1845,326a8c0625d856cc,True,1.0,1.0,0.6916208961117554,1.0,1.0,1.0,0.8715087067132314
1846,aca9ba55e052575b,True,1.0,1.0,0.7755868018738203,1.0,1.0,1.0,0.9064945007807585
1847,50142143082f5c0e,True,1.0,1.0,1.0,1.0,1.0,1.0,1.0
1848,9f1d535f158c5758,True,1.0,1.0,1.0,1.0,1.0,1.0,1.0
1849,2e194d0e7a675b51,True,1.0,1.0,0.8259749110705643,1.0,1.0,1.0,0.9274895462794017
1850,33cef4cafef9503b,True,1.0,1.0,0.7227865900742203,1.0,1.0,1.0,0.8844944125309251
1851,3931a353a1f6520d,True,1.0,1.0,0.8834515959644869,1.0,1.0,1.0,0.9514381649852028
1852,d05f1fb1af98505d,True,1.0,0.0,0.0,1.0,1.0,1.0,0.0
1853,54580876ee835959,True,1.0,1.0,0.8059310704686631,1.0,1.0,1.0,0.9191379460286097
1854,687fa6fce3ab5f91,True,1.0,1.0,0.7437583019754156,1.0,1.0,1.0,0.8932326258230899
1855,81410acd84c0516a,True,1.0,1.0,1.0,1.0,1.0,1.0,1.0
1856,0d8754f6d53d5968,True,1.0,1.0,0.684337790813719,1.0,1.0,1.0,0.8684740795057163
1857,27a8d6913e5b557b,True,1.0,1.0,0.910981490485179,1.0,1.0,1.0,0.9629089543688245
1858,a0b0528663735dbd,True,1.0,1.0,1.0,1.0,1.0,1.0,1.0
1859,93e2a76b34b559fc,True,1.0,1.0,0.9646224694207219,1.0,1.0,1.0,0.9852593622586342
1860,e4673b6cec6b521a,True,1.0,1.0,0.9846366476228567,1.0,1.0,1.0,0.9935986031761903
1861,b7c9a2a8db7d5b48,True,1.0,1.0,0.8508627256281086,1.0,1.0,1.0,0.937859469011712
1862,171e0bea742d52d0,True,1.0,1.0,0.9350006925352267,1.0,1.0,1.0,0.9729169552230111
1863,6cec94a1d70c5cf4,True,1.0,1.0,0.8314675989949388,1.0,1.0,1.0,0.9297781662478911
1864,9c13995a8a285f90,True,1.0,1.0,1.0,1.0,1.0,1.0,1.0
1865,94500c64b0e457bb,True,1.0,1.0,0.9079975446290192,1.0,1.0,1.0,0.9616656435954246
1866,b683672d37cc5001,True,1.0,1.0,0.6886251953693735,1.0,1.0,1.0,0.8702604980705724
1867,e1c0081536575390,True,1.0,1.0,1.0,1.0,1.0,1.0,1.0
1868,cd9e6c1924c35b85,True,1.0,1.0,0.87758202942029,1.0,1.0,1.0,0.9489925122584543
1869,0165d0814e905c1c,True,1.0,1.0,1.0,1.0,1.0,1.0,1.0
1870,cc2587bf27c75cc2,True,1.0,1.0,1.0,1.0,1.0,1.0,1.0
1871,d192ad1c7fa95445,True,1.0,1.0,0.8273527747223425,1.0,1.0,1.0,0.9280636561343094
1872,6e983b745cb9535b,True,1.0,1.0,1.0,1.0,1.0,1.0,1.0
1873,35e4b04bab1058d5,True,1.0,1.0,0.8681509076887954,1.0,1.0,1.0,0.9450628782036649
1874,49f0872dbe1958e6,True,1.0,1.0,0.9326430606251614,1.0,1.0,1.0,0.9719346085938172
1875,a7d3076a7b7b58b2,True,1.0,1.0,0.971280165073612,1.0,1.0,1.0,0.9880334021140049
1876,64185eb977005752,True,1.0,1.0,1.0,1.0,1.0,1.0,1.0
1877,9edf148b1ed05a22,True,1.0,1.0,1.0,1.0,1.0,1.0,1.0
1878,8470627d628e55f6,True,1.0,1.0,0.7918185060174406,1.0,1.0,1.0,0.9132577108406003
1879,45b4f09799295069,True,1.0,1.0,1.0,1.0,1.0,1.0,1.0
1880,63980d0b4c9352c4,True,1.0,1.0,0.7823909052929965,1.0,1.0,1.0,0.9093295438720818
1881,cd96f8a73c7a5d07,True,1.0,1.0,0.7139683340845974,1.0,1.0,1.0,0.8808201392019156
1882,f17ee11904385731,True,1.0,1.0,0.8083688550117482,1.0,1.0,1.0,0.9201536895882283
1883,0393e11b085a5cc2,True,1.0,1.0,1.0,1.0,1.0,1.0,1.0
1884,9ba306d42ab75911,True,1.0,1.0,0.7930359516617242,1.0,1.0,1.0,0.9137649798590518
1885,6247bc8d9df7529d,True,1.0,1.0,1.0,1.0,1.0,1.0,1.0
1886,8b477eda939951d6,True,1.0,0.0,0.0,1.0,1.0,1.0,0.0
1887,14c2bb3737ab519c,True,1.0,1.0,0.604889623847696,1.0,1.0,1.0,0.8353706766032066
1888,580dac44fa305877,True,1.0,1.0,0.6124591969870058,1.0,1.0,0.5,0.8385246654112524
1889,9bdf0d338d625e2a,True,1.0,1.0,1.0,1.0,1.0,1.0,1.0
1890,5111244533fb5d1f,True,1.0,1.0,0.994330376832606,1.0,1.0,1.0,0.9976376570135859
1891,003a1fdca9505c09,True,1.0,1.0,0.963268277199541,1.0,1.0,1.0,0.9846951154998088
1892,5930f153954b5060,True,1.0,1.0,0.7063075713236622,1.0,1.0,1.0,0.8776281547181926
1893,d4278d63cd605813,True,1.0,1.0,0.7302494879231969,1.0,1.0,1.0,0.887603953301332
1894,7900d1167dfe5c24,True,1.0,1.0,1.0,1.0,1.0,1.0,1.0
1895,9ab5654cfc9f5724,True,1.0,1.0,0.8466013238503712,1.0,1.0,1.0,0.9360838849376547
1896,12800b02eb685132,True,1.0,1.0,0.8224819190635627,1.0,1.0,1.0,0.9260341329431512
1897,9de4d5414a4a50c4,True,1.0,1.0,0.8522426208735308,1.0,1.0,1.0,0.9384344253639711
1898,cdd72f4a568a55a0,True,1.0,1.0,1.0,1.0,1.0,1.0,1.0
1899,da01de71bce95578,True,1.0,1.0,1.0,1.0,1.0,1.0,1.0
1900,0928c39f05db52c5,True,1.0,1.0,0.8714797170627712,1.0,1.0,1.0,0.946449882109488
1901,3efebf87894a552e,True,1.0,1.0,0.6903008393326029,1.0,1.0,1.0,0.8709586830552513
1902,efe0cf18491855e6,True,1.0,1.0,0.9255020450563777,1.0,1.0,1.0,0.9689591854401574
1903,d14ccafb937a543a,True,1.0,1.0,0.789523448017012,1.0,1.0,1.0,0.9123014366737551
1904,05ee09cb75205555,True,1.0,1.0,1.0,1.0,1.0,1.0,1.0
1905,c038901b4a0259ab,True,1.0,1.0,0.9323290791482369,1.0,1.0,1.0,0.9718037829784322
1906,0a4752bc6c8b5174,True,1.0,1.0,0.8045358640610373,1.0,1.0,1.0,0.9185566100254322
1907,b2f5adcdf3dd5227,True,1.0,1.0,1.0,1.0,1.0,1.0,1.0
1908,f3c165d6e31f524d,True,1.0,1.0,1.0,1.0,1.0,1.0,1.0
1909,c3d78ec633fa57be,True,1.0,1.0,1.0,1.0,1.0,1.0,1.0
1910,1bc892186af15042,True,1.0,1.0,0.8148110749665344,1.0,1.0,1.0,0.9228379479027226
1911,7a146021c3485224,True,1.0,1.0,1.0,1.0,1.0,1.0,1.0
1912,b53158c719675897,True,1.0,1.0,0.5836248300971341,1.0,1.0,1.0,0.8265103458738059
1913,6058f9d8998e5a95,True,1.0,1.0,0.5250108641177649,1.0,1.0,1.0,0.8020878600490686
1914,e5e21bbf8d665374,True,1.0,1.0,1.0,1.0,1.0,1.0,1.0
1915,4865eea1e54c5a8e,True,1.0,1.0,0.8680391689008898,1.0,1.0,1.0,0.9450163203753709
1916,fb188ed7e53552c5,True,1.0,1.0,1.0,1.0,1.0,1.0,1.0
1917,d360ce59cdc15efc,True,1.0,0.0,0.0,1.0,1.0,1.0,0.0
1918,a5c89cf130d858a4,True,1.0,1.0,1.0,1.0,1.0,1.0,1.0
1919,549af9d2e33d5996,True,1.0,1.0,0.910567658405154,1.0,1.0,1.0,0.9627365243354808
1920,43493f9be4735732,True,1.0,1.0,1.0,1.0,1.0,1.0,1.0
1921,da924c882e6e52d0,True,1.0,1.0,1.0,1.0,1.0,1.0,1.0
1922,67bb26a522b45b5a,True,1.0,1.0,1.0,1.0,1.0,1.0,1.0
1923,112cdade50865f4e,True,1.0,1.0,0.7411885014797752,1.0,1.0,1.0,0.8921618756165731
1924,015ef5e7f5a55db8,True,1.0,1.0,1.0,1.0,1.0,1.0,1.0
1925,a44bb178ec7d5c6a,True,1.0,1.0,0.9724685287475648,1.0,1.0,1.0,0.9885285536448186
1926,0abc30416c5a59cd,True,1.0,1.0,0.8462949007058089,1.0,1.0,1.0,0.9359562086274203
1927,7f572219da4e5fd4,True,1.0,1.0,1.0,1.0,1.0,1.0,1.0
1928,015593741e7050f7,True,1.0,1.0,0.7232444689348785,1.0,1.0,1.0,0.8846851953895327
1929,facbbc93a1925184,True,1.0,1.0,0.7508793810366664,1.0,1.0,1.0,0.8961997420986111
1930,9e4c1639be465a8a,True,1.0,1.0,0.8038359431271165,1.0,1.0,1.0,0.9182649763029652
1931,76473ec469ed5a65,True,1.0,1.0,0.9173517159907865,1.0,1.0,1.0,0.9655632149961612
1932,f641cb06f2175d36,True,1.0,1.0,0.8324317271291035,1.0,1.0,1.0,0.9301798863037932
1933,3d04f4c65587562b,True,1.0,1.0,0.8814462863480454,1.0,1.0,1.0,0.9506026193116855
1934,0aa8c67f04b75a41,True,1.0,1.0,0.8726798147188652,1.0,1.0,1.0,0.9469499227995272
1935,7dd7ec944ff15821,True,1.0,1.0,1.0,1.0,1.0,1.0,1.0
1936,3f67051b121a5e43,True,1.0,1.0,0.8591515516458837,1.0,1.0,1.0,0.9413131465191182
1937,1f2b81cc64b45658,True,1.0,1.0,0.9476898668688792,1.0,1.0,1.0,0.9782041111953662
1938,af6ce3c064fa5a56,True,1.0,1.0,1.0,1.0,1.0,1.0,1.0
1939,4b5fc0f1425c5288,True,1.0,1.0,1.0,1.0,1.0,1.0,1.0
1940,bc23c66181b15e25,True,1.0,1.0,0.9096310305204137,1.0,1.0,1.0,0.962346262716839
1941,ebd940b0039e5cd1,True,1.0,1.0,1.0,1.0,1.0,1.0,1.0
1942,f10d0ad9103c5495,True,1.0,1.0,0.9969379195011933,1.0,1.0,1.0,0.9987241331254971
1943,d89e9c599cf5571b,True,1.0,1.0,0.8670311940858835,1.0,1.0,1.0,0.9445963308691181
1944,b0ec3fbe5d07514d,True,1.0,1.0,0.6259883546957332,1.0,1.0,1.0,0.8441618144565556
1945,926d8c9ced715a42,True,1.0,1.0,1.0,1.0,1.0,1.0,1.0
1946,44c39701a6d65696,True,1.0,1.0,1.0,1.0,1.0,1.0,1.0
1947,11936935515f5daa,True,1.0,1.0,1.0,1.0,1.0,1.0,1.0
1948,c3976331b5e456d4,True,1.0,0.0,0.0,1.0,1.0,1.0,0.0
1949,4b7a9aaecd8b5c5e,True,1.0,1.0,0.9717854416516984,1.0,1.0,1.0,0.9882439340215411
1950,2fdb40cf92e75107,True,1.0,1.0,0.9334363622374076,1.0,1.0,1.0,0.9722651509322532
1951,b1f641fdea505c99,True,1.0,1.0,0.9497761716833724,1.0,1.0,1.0,0.9790734048680717
1952,44f736cbb0365616,True,1.0,1.0,1.0,1.0,1.0,1.0,1.0
1953,987f5dced605588a,True,1.0,1.0,0.8552399099999785,1.0,1.0,1.0,0.9396832958333242
1954,7964bed69f7e597e,True,1.0,1.0,1.0,1.0,1.0,1.0,1.0
1955,8eeeb7c3d5b158d8,True,1.0,1.0,1.0,1.0,1.0,1.0,1.0
1956,03af0c992a5a5ffc,True,1.0,1.0,1.0,1.0,1.0,1.0,1.0
1957,9c42f5a9d56c5ebf,True,1.0,1.0,0.7918331965199891,1.0,1.0,1.0,0.9132638318833287
1958,fe6105aa925d5621,True,1.0,1.0,1.0,1.0,1.0,0.0,1.0
1959,48ee746b1bfb5e7a,True,1.0,1.0,1.0,1.0,1.0,1.0,1.0
1960,f512480c969a5eab,True,0.0,1.0,0.0,0.0,1.0,1.0,0.0
1961,6e3c7a34388e5ae3,True,0.0,1.0,0.0,0.0,1.0,1.0,0.0
1962,0145102e6c2f5803,True,1.0,1.0,0.8731644407519843,1.0,1.0,1.0,0.9471518503133268
1963,c0d51ca7b8af5414,True,1.0,1.0,0.7399389340037179,1.0,1.0,1.0,0.8916412225015491
1964,38aff0f1a2f357f6,True,1.0,1.0,0.9537884118404004,1.0,1.0,1.0,0.9807451716001668
1965,4b6b3a81cc235dbf,True,1.0,1.0,1.0,1.0,1.0,1.0,1.0
1966,ff32fea658445802,True,1.0,1.0,0.8495677256408526,1.0,1.0,1.0,0.9373198856836886
1967,f1940c1eca9857cb,True,1.0,1.0,1.0,1.0,1.0,1.0,1.0
1968,333ba3fb0fc85da9,True,1.0,1.0,0.8772825662694116,1.0,1.0,1.0,0.9488677359455883
1969,bb4f37403cea5b0e,True,1.0,1.0,0.6593852173547695,1.0,1.0,1.0,0.8580771738978207
1970,1e04c6a2644f5c2b,True,1.0,1.0,1.0,1.0,1.0,1.0,1.0
1971,82fd7dab2b6b5101,True,1.0,1.0,0.8664409811916288,1.0,1.0,1.0,0.9443504088298452
1972,5655270788dc5fa3,True,1.0,1.0,0.4475597522026543,1.0,1.0,1.0,0.7698165634177726
1973,49b32cb088ae53fe,True,1.0,1.0,0.5728422952369465,1.0,1.0,1.0,0.8220176230153943
1974,dd2bc3e6bb8353b8,True,1.0,1.0,0.8287263118461287,1.0,1.0,1.0,0.9286359632692203
1975,f749ff64838c5664,True,1.0,0.0,0.0,1.0,1.0,1.0,0.0
1976,aaf90b3acdce5063,True,1.0,1.0,0.9852083230856532,1.0,1.0,1.0,0.9938368012856889
1977,616382bea2ff5853,True,1.0,1.0,0.982760552730072,1.0,1.0,1.0,0.9928168969708633
1978,43c9ac6f2bf95da0,True,1.0,1.0,1.0,1.0,1.0,1.0,1.0
1979,ed2103838dae5993,True,1.0,1.0,0.8548889836129872,1.0,1.0,1.0,0.9395370765054114
1980,dddf76663455527f,True,1.0,1.0,0.9710487256993163,1.0,1.0,1.0,0.9879369690413817
1981,de03efda68e65021,True,1.0,1.0,0.7883690464166414,1.0,1.0,1.0,0.9118204360069339
1982,4cb4fba2908b5dbb,True,1.0,1.0,0.9509534696650459,1.0,1.0,1.0,0.9795639456937691
1983,ebe1b48a47f356a4,True,1.0,1.0,0.7919707992470544,1.0,1.0,1.0,0.9133211663529393
1984,c04b59204ebe55f9,True,1.0,1.0,0.8230353463283729,1.0,1.0,1.0,0.926264727636822
1985,0f186e17ed445c5a,True,1.0,1.0,0.8155619261329974,1.0,1.0,1.0,0.9231508025554156
1986,e073c9ed32975c17,True,1.0,1.0,0.953426172899608,1.0,1.0,1.0,0.98059423870817
1987,61046515c9885bf5,True,1.0,1.0,0.7464195250090446,1.0,1.0,1.0,0.8943414687537686
1988,761985c4330555f2,True,1.0,1.0,1.0,1.0,1.0,1.0,1.0
1989,779852a1160f56f9,True,1.0,1.0,0.791407400708282,1.0,1.0,1.0,0.9130864169617842
1990,90dbd48d165958cc,True,1.0,1.0,0.9467893065888262,1.0,1.0,1.0,0.9778288777453442
1991,099ba96d3bca51c3,True,1.0,1.0,0.5798315375205646,1.0,1.0,1.0,0.8249298073002352
1992,c1b38e62a97d590d,True,1.0,1.0,0.7471281738620557,1.0,1.0,1.0,0.8946367391091897
1993,fdba4d15c05554e1,True,1.0,1.0,0.9053665956449363,1.0,1.0,1.0,0.9605694148520568
1994,b4aeb4bbd9035964,True,1.0,1.0,1.0,1.0,1.0,1.0,1.0
1995,8060b1342b775188,True,1.0,1.0,0.9807614393097235,1.0,1.0,1.0,0.9919839330457182
1996,342ae335113257f6,True,1.0,1.0,0.9748910047186815,1.0,1.0,1.0,0.989537918632784
1997,909655c780e152ac,True,1.0,1.0,1.0,1.0,1.0,1.0,1.0
1998,7dfe5f8b766b5893,True,1.0,1.0,1.0,1.0,1.0,1.0,1.0
1999,bc281591c2165d73,True,1.0,1.0,0.5725435888530713,1.0,1.0,1.0,0.8218931620221129
2000,81c5dc6459f75000,True,1.0,1.0,0.9977583512737004,1.0,1.0,1.0,0.9990659796973752
2001,7e134ea5ffa259f2,True,1.0,1.0,0.9365293073176932,1.0,1.0,1.0,0.9735538780490388
2002,a49be33c358b5cb4,True,1.0,1.0,0.5583414404488112,1.0,1.0,1.0,0.8159756001870045
2003,2e405d459d8b5d9c,True,1.0,1.0,0.7340298188483414,1.0,1.0,1.0,0.889179091186809
2004,e9c2b75226b85cfe,True,1.0,1.0,1.0,1.0,1.0,1.0,1.0
2005,db180d0c665454aa,True,1.0,1.0,0.7680540958995372,1.0,1.0,1.0,0.9033558732914738
2006,fa39ec6686705dac,True,1.0,1.0,0.9307142369019414,1.0,1.0,1.0,0.9711309320424757
2007,44f758bf2bee53ce,True,1.0,1.0,0.9218986686876302,1.0,1.0,1.0,0.9674577786198458
2008,0809e84efac053e6,True,1.0,1.0,1.0,1.0,1.0,1.0,1.0
2009,f93a7b7a8fe95c6f,True,1.0,0.0,0.0,1.0,1.0,1.0,0.0
2010,3c8a95ec33f45af6,True,1.0,1.0,0.6879305454631415,1.0,1.0,1.0,0.8699710606096422
2011,0d3dd11b84c8518e,True,1.0,0.0,0.0,1.0,1.0,1.0,0.0
2012,1f2f210163c358f8,True,1.0,1.0,0.8772914663845554,1.0,1.0,1.0,0.9488714443268981
2013,1aa15402bceb5743,True,1.0,1.0,0.6836867368481317,1.0,1.0,1.0,0.8682028070200549
2014,569a63e20e845d44,True,1.0,1.0,0.7340510263019292,1.0,1.0,1.0,0.8891879276258038
2015,099ff4835ee45eb6,True,1.0,1.0,0.9757089524117784,1.0,1.0,1.0,0.9898787301715744
2016,d2853234152359b3,True,1.0,1.0,0.7518024802390652,1.0,1.0,1.0,0.8965843667662772
2017,2352a994954555ba,True,1.0,1.0,1.0,1.0,1.0,1.0,1.0
2018,c8dc1e0c85f75036,True,1.0,1.0,1.0,1.0,1.0,1.0,1.0
2019,79ecc8e6e5fa5dd5,True,1.0,1.0,1.0,1.0,1.0,1.0,1.0
2020,eb0095eae628560d,True,1.0,1.0,0.9805615258468006,1.0,1.0,1.0,0.9919006357695003
2021,bcd38d9246695d74,True,1.0,1.0,0.8800649006496407,1.0,1.0,1.0,0.9500270419373503
2022,3379515437535154,True,1.0,1.0,1.0,1.0,1.0,1.0,1.0
2023,4de72cf1449b51c8,True,1.0,1.0,0.926371289419242,1.0,1.0,1.0,0.9693213705913508
2024,92d2f07fc6075f5d,True,0.0,0.0,0.0,0.0,1.0,0.0,0.0
2025,ac0fb7997f4e5106,True,1.0,1.0,1.0,1.0,1.0,1.0,1.0
2026,6907c80d73775279,True,1.0,1.0,0.8778914879656502,1.0,1.0,1.0,0.949121453319021
2027,8de4253bc36f54df,True,1.0,1.0,0.973390453312642,1.0,1.0,1.0,0.9889126888802675
2028,c719960a45715a9c,True,1.0,1.0,1.0,1.0,1.0,1.0,1.0
2029,35f448c5566658be,True,1.0,1.0,0.8253157690250184,1.0,1.0,1.0,0.9272149037604244
2030,8a88b869e2ca552d,True,1.0,1.0,1.0,1.0,1.0,1.0,1.0
2031,f8331125139c53d2,True,1.0,1.0,0.9364542055968313,1.0,1.0,1.0,0.9735225856653464
2032,7c49f7aca6c05e2a,True,1.0,1.0,0.6171662455517892,1.0,1.0,1.0,0.8404859356465789
2033,e0b9f01f36d75552,True,1.0,1.0,0.7289829983352534,1.0,1.0,1.0,0.8870762493063555
2034,c7979a062bff5710,True,1.0,1.0,1.0,1.0,1.0,1.0,1.0
2035,0fc28fe43e5d5693,True,0.0,1.0,0.0,0.0,1.0,1.0,0.0
2036,584a741051cd523f,True,1.0,0.0,0.0,1.0,1.0,1.0,0.0
2037,84aa4100e3cc59c4,True,1.0,1.0,0.6019150066725824,1.0,1.0,1.0,0.8341312527802427
2038,994ab680895a55d2,True,1.0,1.0,0.9047650335279664,1.0,1.0,1.0,0.960318763969986
2039,54e1372d95955eaa,True,1.0,1.0,1.0,1.0,1.0,1.0,1.0
2040,3d17efc5625f5c4f,True,1.0,1.0,0.8113530670938344,1.0,1.0,1.0,0.9213971112890977
2041,01d53ccf583c5a49,True,1.0,1.0,1.0,1.0,1.0,1.0,1.0
2042,1013821ba47c55b3,True,1.0,1.0,0.9156748199183153,1.0,1.0,1.0,0.9648645082992982
2043,4bc122716deb519f,True,1.0,1.0,1.0,1.0,1.0,1.0,1.0
2044,75ffe77189e95d43,True,1.0,1.0,0.731290596602739,1.0,1.0,1.0,0.8880377485844746
2045,2360cd7b0fd85480,True,1.0,1.0,1.0,1.0,1.0,1.0,1.0
2046,c1f91d06e8285351,True,1.0,1.0,0.9880026420765584,1.0,1.0,1.0,0.9950011008652327
2047,54220704df92547d,True,1.0,1.0,0.9361026535131548,1.0,1.0,1.0,0.9733761056304813
2048,a978cd72e68155b1,True,1.0,1.0,1.0,1.0,1.0,1.0,1.0
2049,f18efb3a137b529a,True,1.0,1.0,0.7618751692132577,1.0,1.0,1.0,0.9007813205055241
2050,b172a207771456f1,True,1.0,1.0,0.8470576109076732,1.0,1.0,1.0,0.9362740045448638
2051,5ac5a4a182b859f7,True,1.0,1.0,0.7775872618349788,1.0,1.0,1.0,0.9073280257645745
2052,dbb26055ea9351dc,True,1.0,1.0,0.7544214255653261,1.0,1.0,1.0,0.8976755939855524
2053,0e479a9039ef5c10,True,1.0,1.0,0.8662750601865086,1.0,1.0,1.0,0.9442812750777119
2054,cd59c2696d01521a,True,1.0,0.0,0.0,1.0,1.0,1.0,0.0
2055,e31131deed6656ea,True,1.0,1.0,0.9783094347741953,1.0,1.0,1.0,0.990962264489248
2056,96a228d4d055523a,True,1.0,0.0,0.0,1.0,1.0,1.0,0.0
2057,9fd28a8f6fd85254,True,1.0,1.0,0.7850500641822601,1.0,1.0,0.0,0.9104375267426082
2058,253adcf13a3f5c15,True,1.0,1.0,1.0,1.0,1.0,1.0,1.0
2059,aed9613a27115d52,True,1.0,1.0,1.0,1.0,1.0,1.0,1.0
2060,abf38de966305279,True,1.0,1.0,0.8840784390177637,1.0,1.0,1.0,0.951699349590735
2061,e970702e97ea50b2,True,1.0,1.0,1.0,1.0,1.0,1.0,1.0
2062,36d7d1e453cf5158,True,1.0,1.0,1.0,1.0,1.0,1.0,1.0
2063,74df9f9decc45b84,True,1.0,1.0,1.0,1.0,1.0,1.0,1.0
2064,f38d4f3f7e425c91,True,1.0,1.0,0.7598648172082926,1.0,1.0,1.0,0.8999436738367885
2065,375d03a139615179,True,1.0,0.0,0.0,1.0,1.0,1.0,0.0
2066,a572393e361e5b6c,True,1.0,1.0,0.6247776892140039,1.0,1.0,1.0,0.8436573705058349
2067,6dca7faa6d145d77,True,1.0,1.0,0.9078319135065547,1.0,1.0,1.0,0.9615966306277312
2068,581e219460ef5789,True,1.0,1.0,0.798857436077984,1.0,1.0,1.0,0.9161905983658266
2069,3bcb5a54eca95746,True,1.0,1.0,1.0,1.0,1.0,1.0,1.0
2070,0f337f2c23215a9e,True,1.0,1.0,1.0,1.0,1.0,1.0,1.0
2071,295b050f45615ad6,True,1.0,1.0,0.964785440662657,1.0,1.0,1.0,0.9853272669427738
2072,93a5e1de2d185374,True,1.0,1.0,1.0,1.0,1.0,1.0,1.0
2073,43e7125800a6532c,True,1.0,1.0,0.8180547674116061,1.0,1.0,1.0,0.9241894864215027
2074,ae821f2ac8d55180,True,1.0,1.0,0.9900737068013924,1.0,1.0,1.0,0.9958640445005802
2075,8fccd42a7937508a,True,1.0,1.0,1.0,1.0,1.0,1.0,1.0
2076,3486294123695bed,True,1.0,0.0,0.0,1.0,1.0,1.0,0.0
2077,f79b805ec2435c98,True,1.0,1.0,0.7361008086896152,1.0,1.0,1.0,0.890042003620673
2078,95193473b1cb5434,True,1.0,1.0,0.8152520694299955,1.0,1.0,1.0,0.9230216955958315
2079,2774b2c338a3500c,True,1.0,1.0,0.8316671733054345,1.0,1.0,1.0,0.9298613222105977
2080,7595830169065d37,True,1.0,1.0,0.7371855185309235,1.0,1.0,1.0,0.8904939660545516
2081,33b5a72931215b30,True,1.0,1.0,1.0,1.0,1.0,1.0,1.0
2082,9c32ba9f42f75187,True,1.0,1.0,1.0,1.0,1.0,1.0,1.0
2083,81de41d688185082,True,1.0,1.0,0.8843989633310598,1.0,1.0,1.0,0.9518329013879416
2084,4ac1bcffb2bb5010,True,1.0,1.0,0.9382351621904281,1.0,1.0,1.0,0.9742646509126783
2085,6f2459c4df665173,True,1.0,1.0,0.9671577628072495,1.0,1.0,0.5,0.9863157345030206
2086,b14d21a164615e3e,True,1.0,1.0,1.0,1.0,1.0,1.0,1.0
2087,2f7190c1da685537,True,1.0,1.0,1.0,1.0,1.0,1.0,1.0
2088,5a03ac06c53d5b19,True,0.0,1.0,0.0,0.0,1.0,1.0,0.0
2089,d6f66c51d98a5db6,True,1.0,1.0,0.9010579454671644,1.0,1.0,1.0,0.9587741439446518
2090,c69051fe82a95f3c,True,1.0,1.0,1.0,1.0,1.0,1.0,1.0
2091,c5408aef4f3a538b,True,1.0,1.0,1.0,1.0,1.0,1.0,1.0
2092,5dea796da1ce5b02,True,1.0,1.0,0.413273237848205,1.0,1.0,1.0,0.7555305157700855
2093,77ee60147e0e55b7,True,1.0,1.0,0.9959778423556443,1.0,1.0,1.0,0.9983241009815185
2094,3e1c321be4295fc7,True,1.0,1.0,1.0,1.0,1.0,1.0,1.0
2095,32399e644e53534a,True,1.0,1.0,0.5970962648739755,1.0,1.0,1.0,0.8321234436974899
2096,e1e4717862d25d42,True,1.0,1.0,0.7116290306838766,1.0,1.0,1.0,0.8798454294516153
2097,31013d67978e5284,True,1.0,1.0,0.8066776487342083,1.0,1.0,1.0,0.9194490203059201
2098,8a8bf2275db85432,True,1.0,1.0,0.7457145042116327,1.0,1.0,1.0,0.8940477100881803
2099,0a51eebaccc95c36,True,1.0,1.0,0.9356251581250014,1.0,1.0,1.0,0.9731771492187505
2100,e485bc6cdd285588,True,1.0,1.0,0.6100773707685252,1.0,1.0,1.0,0.8375322378202189
2101,1b6ca45027e3531c,True,1.0,1.0,0.7761964141801503,1.0,1.0,1.0,0.906748505908396
2102,090af86f693c507b,True,1.0,1.0,0.602820836729827,1.0,1.0,1.0,0.8345086819707612
2103,e658c60a7b705bea,True,1.0,1.0,0.8756120568906142,1.0,1.0,1.0,0.9481716903710892
2104,31c26928703053d2,True,1.0,1.0,1.0,1.0,1.0,1.0,1.0
2105,c3e80fd14bce51a0,True,0.0,0.0,0.0,0.0,1.0,0.5,0.0
2106,8926a4661fd05f7e,True,1.0,1.0,0.8009344829198638,1.0,1.0,1.0,0.9170560345499433
2107,1ded576bc1325cae,True,1.0,1.0,1.0,1.0,1.0,1.0,1.0
2108,4b000a2bc6fe5305,True,1.0,1.0,0.7403376650537226,1.0,1.0,1.0,0.8918073604390511
2109,038948dd9db85d2a,True,1.0,1.0,1.0,1.0,1.0,1.0,1.0
2110,0c38a8ace1f5548e,True,1.0,1.0,0.9249934982463526,1.0,1.0,0.5,0.9687472909359802
2111,4355d2853ef15044,True,1.0,1.0,1.0,1.0,1.0,1.0,1.0
2112,e61e8cbd0df957f0,True,1.0,1.0,1.0,1.0,1.0,1.0,1.0
2113,19227b35432f567e,True,1.0,1.0,0.830014592885734,1.0,1.0,1.0,0.9291727470357225
2114,48183678cb965e68,True,1.0,1.0,0.6010852356789578,1.0,1.0,1.0,0.8337855148662324
2115,d8699a1844cc5541,True,1.0,1.0,1.0,1.0,1.0,1.0,1.0
2116,831a14b3c0bb5c50,True,1.0,1.0,0.8481564364542061,1.0,1.0,1.0,0.9367318485225858
2117,7bbacd116bd75f85,True,1.0,1.0,0.916264613864327,1.0,1.0,1.0,0.9651102557768029
2118,f5c6f00966f152ec,True,1.0,0.0,0.0,1.0,1.0,1.0,0.0
2119,33c925ac7b905e8f,True,1.0,1.0,1.0,1.0,1.0,1.0,1.0
2120,9d1bd4fa169c5ebe,True,1.0,1.0,0.7368321054787689,1.0,1.0,1.0,0.8903467106161537
2121,3ece2b5bbf095290,True,1.0,1.0,0.7916377397076171,1.0,1.0,1.0,0.9131823915448405
2122,60b2a90a21b15e4a,True,1.0,1.0,1.0,1.0,1.0,1.0,1.0
2123,9215943615c45afd,True,1.0,1.0,0.7540303561407599,1.0,1.0,1.0,0.8975126483919832
2124,84c2b46556315af6,True,1.0,1.0,0.7354933295808788,1.0,1.0,1.0,0.8897888873253662
2125,d5d0d0797e4a5d5b,True,1.0,1.0,1.0,1.0,1.0,1.0,1.0
2126,228dbe4bb59c537b,True,1.0,1.0,0.7219498867172405,1.0,1.0,1.0,0.8841457861321835
2127,40df19739f215995,True,1.0,1.0,0.6005301050942267,1.0,1.0,1.0,0.8335542104559277
2128,fa9e58947ab65890,True,1.0,1.0,0.8299742985189038,1.0,1.0,1.0,0.92915595771621
2129,ed534c3b8d86515e,True,1.0,1.0,0.8606200851727773,1.0,1.0,1.0,0.9419250354886572
2130,da848499bd6759c9,True,1.0,1.0,0.8845341928864524,1.0,1.0,1.0,0.9518892470360218
2131,ce27f725951058f3,True,1.0,1.0,1.0,1.0,1.0,1.0,1.0
2132,581b5ae61b1c569d,True,1.0,1.0,1.0,1.0,1.0,1.0,1.0
2133,a071167fdae35f84,True,1.0,1.0,0.8954804069578157,1.0,1.0,1.0,0.9564501695657567
2134,62c0730b5f435548,True,1.0,1.0,0.8141607090768278,1.0,1.0,1.0,0.922566962115345
2135,5009bb0ce61b5921,True,1.0,1.0,0.9152626394740828,1.0,1.0,1.0,0.9646927664475345
2136,3e941f8f03c1512d,True,1.0,1.0,0.9204754917828679,1.0,1.0,1.0,0.9668647882428617
2137,2125a58a235f5e11,True,1.0,1.0,0.805358570204368,1.0,1.0,1.0,0.91889940425182
2138,a2b2f9572f3a5b05,True,1.0,1.0,0.8496061655898413,1.0,1.0,1.0,0.9373359023291005
2139,48a6621d92dd5be3,True,1.0,1.0,0.8542312293717079,1.0,1.0,0.0,0.9392630122382117
2140,652e91c4f9b1505a,True,1.0,0.0,0.0,0.0,1.0,1.0,0.0
2141,9ad434ec99685d35,True,1.0,1.0,0.6613393066420027,1.0,1.0,1.0,0.8588913777675011
2142,9cc2069263cc5e4a,True,1.0,1.0,1.0,1.0,1.0,1.0,1.0
2143,5c4d8dfcb0aa5541,True,1.0,0.0,0.0,1.0,1.0,1.0,0.0
2144,9215555823945665,True,1.0,1.0,0.8510668757713262,1.0,1.0,1.0,0.9379445315713859
2145,c543bad7f8ff5eae,True,1.0,1.0,0.7013239893122154,1.0,1.0,1.0,0.8755516622134231
2146,f33405d075755825,True,1.0,1.0,0.5405753029967161,1.0,1.0,1.0,0.8085730429152984
2147,986ebb8642ae5b64,True,1.0,1.0,0.7987699064164707,1.0,1.0,1.0,0.9161541276735296
2148,9be9c9c84b625515,True,1.0,1.0,0.8241388667833548,1.0,1.0,1.0,0.9267245278263978
2149,de18caace4a351b6,True,1.0,1.0,0.9772300039157231,1.0,1.0,1.0,0.9905125016315512
2150,abbfc957d5545f53,True,1.0,1.0,0.6934756090087402,1.0,1.0,1.0,0.8722815037536417
2151,acd37cf126fa5a59,True,1.0,1.0,1.0,1.0,1.0,1.0,1.0
2152,83d8368f99cb5470,True,1.0,1.0,0.6916366716648507,1.0,1.0,1.0,0.8715152798603545
2153,f2291b8766215c41,True,1.0,1.0,0.666317873605974,1.0,1.0,1.0,0.8609657806691559
2154,7fdfa29d75525f46,True,1.0,1.0,1.0,1.0,1.0,1.0,1.0
2155,b42b3012c31c5b03,True,1.0,1.0,1.0,1.0,1.0,1.0,1.0
2156,26eeb11cbcd9593b,True,1.0,1.0,1.0,1.0,1.0,1.0,1.0
2157,d74329969d1155bf,True,1.0,1.0,0.9933358669972799,0.0,1.0,1.0,0.5805566112488666
2158,1f9d4228103950f8,True,1.0,1.0,0.6504343003743378,1.0,1.0,1.0,0.8543476251559742
2159,37c816fee82753e3,True,1.0,1.0,1.0,1.0,1.0,1.0,1.0
2160,b899b71cf6c95ff2,True,1.0,1.0,0.866001424274675,1.0,1.0,1.0,0.9441672601144478
2161,f5d967a1fedb5e3b,True,1.0,1.0,0.7627523455479462,1.0,1.0,1.0,0.9011468106449776
2162,cc3ebf79ba985643,True,1.0,1.0,0.7446490163984829,1.0,1.0,1.0,0.8936037568327012
2163,ef65f88fc1a55fdc,True,1.0,1.0,0.9775137315674471,1.0,1.0,1.0,0.9906307214864363
2164,01a58976a2e45a3d,True,1.0,1.0,1.0,1.0,1.0,1.0,1.0
2165,9cd4479e1a9355a1,True,1.0,1.0,1.0,1.0,1.0,1.0,1.0
2166,823f87e2960853d9,True,1.0,1.0,0.503492138940429,1.0,1.0,1.0,0.793121724558512
2167,dd282698a1cf543e,True,1.0,1.0,0.9629198222408293,1.0,1.0,1.0,0.9845499259336788
2168,5671f9e107965dc3,True,1.0,1.0,0.8335663544478489,1.0,1.0,1.0,0.9306526476866037
2169,1e92a7ac3d645cdd,True,1.0,1.0,0.8114922486973678,1.0,1.0,1.0,0.9214551036239031
2170,be0064dac5f85957,True,1.0,1.0,0.7897440745324105,1.0,1.0,1.0,0.9123933643885044
2171,dc7dda8b400157ef,True,1.0,1.0,0.5944832905483963,1.0,1.0,1.0,0.8310347043951651
2172,39dba8a42eaa5ea0,True,1.0,1.0,1.0,1.0,1.0,1.0,1.0
2173,d1d48a8f642b5874,True,1.0,1.0,0.966885546138918,1.0,1.0,1.0,0.9862023108912158
2174,ccb2ae93b23b5826,True,1.0,1.0,0.7795745920643581,1.0,1.0,1.0,0.9081560800268159
2175,d99e2e84c46f577d,True,1.0,1.0,0.6049402027732271,1.0,1.0,1.0,0.8353917511555112
2176,045044cb9f21527e,True,1.0,1.0,1.0,1.0,1.0,1.0,1.0
2177,fb259f736cd55252,True,1.0,1.0,0.8510983545695191,1.0,1.0,1.0,0.9379576477372996
2178,12c01b203ea85b41,True,1.0,1.0,0.9503140985093347,1.0,1.0,1.0,0.9792975410455561
2179,918d03455301591b,True,1.0,1.0,0.5599953530782029,1.0,1.0,1.0,0.8166647304492513
2180,871164a7e40652b5,True,1.0,1.0,0.6970595900820902,1.0,1.0,1.0,0.873774829200871
2181,69dec5959d7d53a9,True,1.0,1.0,0.6185248189735066,1.0,1.0,1.0,0.8410520079056277
2182,29560d02d4615d4c,True,1.0,0.0,0.0,0.0,1.0,1.0,0.0
2183,5aae47691f185a21,True,1.0,1.0,0.8433739863379737,1.0,1.0,1.0,0.9347391609741557
2184,9bb9ee9f03525ac0,True,1.0,1.0,0.7772391838123504,1.0,1.0,1.0,0.907182993255146
2185,b7bcc88d87ba59ae,True,1.0,1.0,1.0,1.0,1.0,1.0,1.0
2186,5a06f03022ec5b67,True,1.0,1.0,0.7107464557568127,1.0,1.0,1.0,0.879477689898672
2187,f4cc7553b85f5fb0,True,1.0,1.0,0.9544036789120098,1.0,1.0,1.0,0.9810015328800041
2188,0033fc4b187a5f1f,True,1.0,1.0,0.872688411408995,1.0,1.0,1.0,0.9469535047537478
2189,f154d2accd365815,True,1.0,1.0,0.7686436576641643,1.0,1.0,1.0,0.9036015240267351
2190,e6db7be94a175aec,True,1.0,1.0,0.8301260944949749,1.0,1.0,1.0,0.9292192060395729
2191,01167513b5b55ca1,True,1.0,1.0,0.5985608452906371,1.0,1.0,1.0,0.8327336855377654
2192,0614c017a1f65b80,True,1.0,1.0,0.5795155949361951,1.0,1.0,1.0,0.824798164556748
2193,81f1c631c7325b0f,True,1.0,1.0,0.9884923777679471,1.0,1.0,1.0,0.9952051574033113
2194,5d78f0d383a95860,True,1.0,1.0,0.6346044923119818,1.0,1.0,1.0,0.8477518717966591
2195,fad0701870e750a5,True,1.0,0.0,0.0,0.0,1.0,1.0,0.0
2196,c84e6787935b5483,True,1.0,1.0,0.8172549990404765,1.0,1.0,0.5,0.9238562496001985
2197,22f98151a771573a,True,1.0,1.0,0.6642131156332824,1.0,1.0,1.0,0.8600887981805343
2198,6239683a6e0d556d,True,1.0,1.0,1.0,1.0,1.0,1.0,1.0
2199,8486dcafaee75d76,True,1.0,1.0,1.0,1.0,1.0,1.0,1.0
2200,e1b645135dae5fe9,True,1.0,1.0,1.0,1.0,1.0,1.0,1.0
2201,68ece717ce6553e7,True,1.0,1.0,1.0,1.0,1.0,1.0,1.0
2202,e39a79ae2ceb5829,True,1.0,1.0,0.7446200210548048,1.0,1.0,1.0,0.893591675439502
2203,b669576d14655afc,True,1.0,1.0,0.8054595310421485,1.0,1.0,1.0,0.9189414712675618
2204,57af94e8290254bb,True,1.0,1.0,1.0,1.0,1.0,1.0,1.0
2205,da53dac7558e563d,True,1.0,1.0,0.9367698541583602,1.0,1.0,0.5,0.9736541058993167
2206,4196ab00e95e532d,True,1.0,1.0,1.0,1.0,1.0,1.0,1.0
2207,beee170c9d8159ad,True,1.0,1.0,0.6981493633024376,1.0,1.0,1.0,0.8742289013760157
2208,befdd4140e4252e5,True,1.0,1.0,1.0,1.0,1.0,1.0,1.0
2209,8a1fa33cd5d45d48,True,1.0,1.0,0.9718705307842743,0.0,1.0,1.0,0.5716127211601143
2210,bae48b8677205cad,True,1.0,1.0,1.0,1.0,1.0,1.0,1.0
2211,834a7c22e2c55c71,True,1.0,1.0,0.6456267161081269,1.0,1.0,1.0,0.852344465045053
2212,a75469eea7815984,True,1.0,1.0,1.0,1.0,1.0,1.0,1.0
2213,8f4e4b81b2b15283,True,1.0,1.0,1.0,1.0,1.0,1.0,1.0
2214,78cfb731b49c5aed,True,1.0,0.0,0.0,1.0,1.0,1.0,0.0
2215,55e7ff380d7e5491,True,1.0,1.0,1.0,1.0,1.0,1.0,1.0
2216,143420292ce554f6,True,1.0,1.0,1.0,1.0,1.0,1.0,1.0
2217,07fb7a73409e53cf,True,1.0,1.0,1.0,1.0,1.0,1.0,1.0
2218,b7215e8a4eb6552a,True,1.0,1.0,0.7225536409117529,1.0,1.0,1.0,0.8843973503798971
2219,d9b79e606e595700,True,1.0,1.0,0.8668928795424704,1.0,1.0,1.0,0.9445386998093627
2220,60e9369e91da5d9c,True,1.0,1.0,0.8508277123717172,1.0,1.0,1.0,0.9378448801548821
2221,3c3cc389d4ee512b,True,1.0,1.0,0.6376383915595573,1.0,1.0,1.0,0.8490159964831488
2222,13d1fc5b0ccd5abb,True,1.0,1.0,0.927515423860901,1.0,1.0,1.0,0.9697980932753755
2223,ef6e61a4a7ed550a,True,1.0,1.0,0.8538609479687369,1.0,1.0,1.0,0.9391087283203071
2224,2a7b12a784c351c3,True,1.0,0.0,0.0,1.0,1.0,1.0,0.0
2225,db1794b15b1a54b4,True,1.0,1.0,0.868502069768743,1.0,1.0,1.0,0.9452091957369761
2226,49365bdfac13581d,True,1.0,1.0,1.0,1.0,1.0,1.0,1.0
2227,29143e2319415eec,True,1.0,1.0,1.0,1.0,1.0,1.0,1.0
2228,fc9b5914f47e58fe,True,1.0,1.0,0.7185529711420144,1.0,1.0,1.0,0.8827304046425061
2229,72a9c8aa9d1a580c,True,1.0,1.0,0.8948076965587196,1.0,1.0,1.0,0.9561698735661333
2230,ae90dd8267ce57a0,True,1.0,0.0,0.0,1.0,1.0,1.0,0.0
2231,41bf372d03d95267,True,1.0,1.0,1.0,1.0,1.0,1.0,1.0
2232,e2209d1558d75150,True,1.0,1.0,0.8793806294566752,1.0,1.0,1.0,0.9497419289402812
2233,f407714273645434,True,1.0,1.0,0.8402215949365701,1.0,1.0,1.0,0.9334256645569042
2234,6162cfa976a1521f,True,1.0,1.0,1.0,1.0,1.0,1.0,1.0
2235,770c714d82535180,True,1.0,1.0,0.9591949610725954,1.0,1.0,1.0,0.9829979004469148
2236,1cd73301d5745314,True,1.0,1.0,0.9895629059788963,1.0,1.0,1.0,0.9956512108245401
2237,74df22cda10a5cf9,True,1.0,1.0,1.0,1.0,1.0,1.0,1.0
2238,eabbb4546a145980,True,1.0,1.0,1.0,1.0,1.0,1.0,1.0
2239,63070010ae7159f2,True,1.0,1.0,0.7489398406514365,1.0,1.0,1.0,0.8953916002714318
2240,4e252b23d8935563,True,1.0,1.0,0.985374421496046,1.0,1.0,1.0,0.9939060089566859
2241,85185d3ba8b35890,True,1.0,1.0,1.0,1.0,1.0,1.0,1.0
2242,9f105aba36355fe1,True,1.0,1.0,0.81921183629954,1.0,1.0,1.0,0.9246715984581417
2243,2be07b9c94db5de7,True,1.0,1.0,0.8495724680177572,1.0,1.0,1.0,0.9373218616740656
2244,85b599a5e238576a,True,1.0,1.0,0.8512157307554069,1.0,1.0,1.0,0.9380065544814196
2245,5491f2f619e25dfb,True,1.0,1.0,0.8246197798667305,1.0,1.0,1.0,0.9269249082778043
2246,8d4601efa6b6581e,True,1.0,1.0,1.0,1.0,1.0,1.0,1.0
2247,33bfb486ff965e4b,True,1.0,1.0,1.0,1.0,1.0,1.0,1.0
2248,bebbdf5c01b85cf1,True,1.0,1.0,0.8023063511074587,1.0,1.0,1.0,0.9176276462947746
2249,08b6a130aaa35629,True,1.0,1.0,1.0,1.0,1.0,1.0,1.0
2250,65612a858cc756b3,True,1.0,1.0,0.8409232242324326,1.0,1.0,1.0,0.9337180100968469
2251,01add9e74d3c5053,True,1.0,1.0,0.6272600614079066,1.0,1.0,1.0,0.8446916922532944
2252,a1e689b17ca65053,True,1.0,1.0,0.7236893745483097,1.0,1.0,1.0,0.8848705727284624
2253,cbc1c1f392825ad6,True,1.0,0.0,0.0,1.0,1.0,1.0,0.0
2254,4b09402394995325,True,1.0,1.0,0.7463025968415087,1.0,1.0,1.0,0.894292748683962
2255,c2f9c48979255481,True,1.0,1.0,1.0,1.0,1.0,1.0,1.0
2256,48271cdeceb35236,True,1.0,1.0,1.0,1.0,1.0,1.0,1.0
2257,301f483843535f89,True,1.0,1.0,1.0,1.0,1.0,1.0,1.0
2258,dd30198e0e6b5bd8,True,1.0,1.0,1.0,1.0,1.0,1.0,1.0
2259,59b5e5a171965609,True,1.0,1.0,0.8939825797760461,1.0,1.0,1.0,0.9558260749066859
2260,61768c493892576d,True,1.0,1.0,0.6318422118976028,1.0,1.0,1.0,0.8466009216240011
2261,c8b9b19008605f76,True,1.0,1.0,0.8371832452145224,1.0,1.0,1.0,0.932159685506051
2262,bc7ae4f9eced56c9,True,1.0,1.0,0.7600599850790167,1.0,1.0,1.0,0.9000249937829237
2263,d2a40dbaca5750e4,True,1.0,1.0,0.7263410434334282,1.0,1.0,1.0,0.8859754347639285
2264,8723bbb08b8e5cc8,True,1.0,1.0,1.0,1.0,1.0,1.0,1.0
2265,598d8ce13c2e5452,True,1.0,1.0,0.9626216119704133,1.0,1.0,1.0,0.9844256716543388
2266,f6e9ee0b3a81575b,True,1.0,1.0,0.9111183106374736,1.0,1.0,1.0,0.962965962765614
2267,b8b9e355618b58cd,True,1.0,1.0,0.71468420527747,1.0,1.0,1.0,0.8811184188656126
2268,44a4f1048fcc57ea,True,1.0,1.0,0.7373846545469959,1.0,1.0,1.0,0.8905769393945816
2269,c65fbb9cff2a59e5,True,1.0,1.0,0.7676652938985966,1.0,1.0,1.0,0.9031938724577486
2270,8ea6783a7b195706,True,1.0,1.0,0.840453035693723,1.0,1.0,1.0,0.9335220982057179
2271,a38cf6735cfc5f54,True,1.0,1.0,0.7611564944129826,1.0,1.0,0.0,0.900481872672076
2272,0225c61734025867,True,1.0,1.0,0.9777825853137744,1.0,1.0,1.0,0.9907427438807392
2273,167063f69e8357d8,True,1.0,1.0,1.0,1.0,1.0,1.0,1.0
2274,c77bcde9378b551c,True,1.0,1.0,0.8319455900826769,1.0,1.0,1.0,0.9299773292011153
2275,a3b663577f605feb,True,1.0,1.0,0.9106765398145179,1.0,1.0,1.0,0.9627818915893824
2276,cbf41000a2105ca1,True,1.0,1.0,0.6844049171543544,1.0,1.0,1.0,0.8685020488143144
2277,737920796b595b0f,True,1.0,1.0,0.5167483192052743,1.0,1.0,1.0,0.7986451330021976
2278,cd9db9ad41d35989,True,1.0,1.0,0.9205051636443042,0.0,1.0,1.0,0.5502104848517934
2279,9dd982b0637453c2,True,1.0,1.0,0.679440927309509,1.0,1.0,1.0,0.8664337197122954
2280,4c8d222d98115a86,True,1.0,1.0,1.0,1.0,1.0,1.0,1.0
2281,21f64c6cfe835cbe,True,1.0,1.0,0.8849912191473067,1.0,1.0,1.0,0.9520796746447111
2282,c0c3f6eb7f445755,True,1.0,1.0,0.7883125263356593,1.0,1.0,1.0,0.9117968859731914
2283,389bfba2e25f581b,True,1.0,1.0,0.8722332427599775,1.0,1.0,1.0,0.9467638511499906
2284,3a243db0d1d15fcf,True,1.0,1.0,0.77200208295242,1.0,1.0,1.0,0.9050008678968418
2285,fcbc81e3caa75186,True,1.0,1.0,0.7999663133028295,1.0,1.0,1.0,0.9166526305428456
2286,40e9f6044a485b14,True,1.0,1.0,1.0,1.0,1.0,0.5,1.0
2287,684ac2e9651d5e63,True,1.0,1.0,0.688080086949803,1.0,1.0,1.0,0.870033369562418
2288,5f3da1e584905c8e,True,1.0,1.0,1.0,1.0,1.0,1.0,1.0
2289,87339a4d32305504,True,1.0,0.0,0.0,1.0,1.0,1.0,0.0
2290,1379782dce4751e4,True,1.0,1.0,1.0,1.0,1.0,1.0,1.0
2291,69e0bc4a585d504a,True,1.0,1.0,0.7041900497635609,1.0,1.0,1.0,0.8767458540681504
2292,6a5a73243cbe5f1d,True,1.0,1.0,1.0,1.0,1.0,1.0,1.0
2293,e6fd7389cbfb5943,True,0.0,0.0,0.0,0.0,1.0,1.0,0.0
2294,2352aa62dbbe58d2,True,1.0,1.0,0.6308009171640212,1.0,1.0,1.0,0.8461670488183421
2295,63f6c401c24557e1,True,1.0,1.0,0.8935315029077734,1.0,1.0,1.0,0.9556381262115723
2296,d69b6aacdd0459e3,True,1.0,1.0,1.0,1.0,1.0,1.0,1.0
2297,8f224f01713a5376,True,1.0,1.0,1.0,1.0,1.0,1.0,1.0
2298,47d7aecedea25a0b,True,1.0,1.0,0.9434716757091819,1.0,1.0,1.0,0.9764465315454925
2299,3e42abec9c495419,True,1.0,1.0,0.9234803826640848,1.0,1.0,1.0,0.9681168261100354
2300,fa5edfd430ba550d,True,1.0,1.0,0.7790680143860034,0.0,1.0,1.0,0.49127833932750137
2301,cf696c3ba1995fd8,True,1.0,1.0,0.8234404198239889,1.0,1.0,1.0,0.9264335082599953
2302,e0dd84d2357d5ed8,True,1.0,1.0,0.8394930599400631,1.0,1.0,1.0,0.9331221083083596
2303,b13f0b445e605951,True,1.0,1.0,1.0,1.0,1.0,1.0,1.0
2304,4203da2e7a8b518d,True,1.0,1.0,0.7715824712320726,1.0,1.0,1.0,0.9048260296800302
2305,0f3d66a03c5e500b,True,1.0,1.0,0.9951174208790045,1.0,1.0,1.0,0.9979655920329185
2306,e59fd69b1be85258,True,1.0,1.0,0.7534987218209958,1.0,1.0,1.0,0.8972911340920815
2307,3fa1e0c2313358ba,True,1.0,1.0,0.648323944413769,1.0,1.0,1.0,0.8534683101724037
2308,ae06592110305073,True,1.0,1.0,0.8320408805714085,1.0,1.0,1.0,0.9300170335714202
2309,f377405106115a34,True,1.0,1.0,0.495311111707951,1.0,1.0,1.0,0.7897129632116462
2310,03986e48fa5e5f90,True,1.0,1.0,0.9407235923315892,1.0,1.0,1.0,0.9753014968048288
2311,d59310a4fd6e5fde,True,1.0,1.0,1.0,1.0,1.0,1.0,1.0
2312,4d1e72e6a45853c3,True,1.0,1.0,1.0,1.0,1.0,1.0,1.0
2313,4501554f824e59fc,True,1.0,1.0,0.6923559359356948,1.0,1.0,1.0,0.8718149733065395
2314,0e6cae45fdd5536b,True,1.0,1.0,0.9360539096936488,1.0,1.0,1.0,0.973355795705687
2315,1b736bfe747b5987,True,1.0,1.0,1.0,1.0,1.0,1.0,1.0
2316,77868241ec115a11,True,1.0,1.0,0.8048673777707726,1.0,1.0,1.0,0.918694740737822
2317,397a31d685fc5af7,True,1.0,1.0,0.7984257765469003,1.0,1.0,1.0,0.9160107402278751
2318,6c903f55bc7650e1,True,1.0,1.0,0.8818319687251759,1.0,1.0,1.0,0.9507633203021566
2319,603d4a913f315a41,True,1.0,1.0,1.0,1.0,1.0,1.0,1.0
2320,9a38ba16ae8d57be,True,1.0,1.0,0.9814410989789176,1.0,1.0,1.0,0.9922671245745489
2321,c052a8877f7f5d37,True,1.0,1.0,0.924255212962127,1.0,1.0,1.0,0.9684396720675529
2322,934c8ac938ad5dca,True,1.0,1.0,0.7957039267121684,1.0,1.0,1.0,0.9148766361300701
2323,750b8c926ffd5895,True,1.0,1.0,1.0,1.0,1.0,1.0,1.0
2324,847432a116d35db0,True,1.0,1.0,0.758203884705647,1.0,1.0,1.0,0.8992516186273529
2325,90831b78d185503a,True,1.0,1.0,0.7643588403929614,1.0,1.0,1.0,0.9018161834970672
2326,87b8587f94c5549a,True,1.0,1.0,1.0,1.0,1.0,1.0,1.0
2327,8d0697930b5e5df0,True,1.0,1.0,0.6832553685244108,1.0,1.0,1.0,0.8680230702185044
2328,e993f3cb1dd051df,True,1.0,1.0,1.0,1.0,1.0,1.0,1.0
2329,2a799223058c5ed7,True,1.0,1.0,0.6691808547913782,1.0,1.0,1.0,0.8621586894964075
2330,f618df9b13b75f68,True,1.0,1.0,0.9604281522382065,1.0,1.0,1.0,0.9835117300992527
2331,c9c7f9354f935514,True,1.0,1.0,0.891252095762801,1.0,1.0,1.0,0.9546883732345005
2332,08fc5ba619bc535c,True,1.0,1.0,1.0,1.0,1.0,1.0,1.0
2333,b7922416f6935fc4,True,1.0,1.0,0.9748820471019399,1.0,1.0,1.0,0.989534186292475
2334,035db9ac34715b07,True,1.0,1.0,0.8192597462803594,1.0,1.0,1.0,0.9246915609501497
2335,434a1b5995365a33,True,1.0,1.0,0.8064329356174998,1.0,1.0,1.0,0.9193470565072915
2336,c7215f0ccee350f8,True,1.0,1.0,0.7907907903498497,1.0,1.0,1.0,0.912829495979104
2337,7580af9b56085218,True,1.0,1.0,0.9709424432316287,1.0,1.0,1.0,0.9878926846798453
2338,60a62673dd78534c,True,1.0,1.0,0.7940684703316693,1.0,1.0,1.0,0.9141951959715288
2339,7077e840fef95b8f,True,1.0,1.0,0.8669535765961655,1.0,1.0,1.0,0.9445639902484023
2340,a760f4373fd751e4,True,1.0,1.0,0.812763374865457,1.0,1.0,1.0,0.9219847395272738
2341,a37ac5585e74546d,True,1.0,1.0,1.0,1.0,1.0,1.0,1.0
2342,7b2f3235b4cb5374,True,1.0,1.0,0.6488582814882033,1.0,1.0,1.0,0.8536909506200847
2343,9e79198b9fd559a1,True,1.0,1.0,1.0,1.0,1.0,1.0,1.0
2344,412e722526585e4a,True,1.0,1.0,0.8506238443846077,1.0,1.0,1.0,0.9377599351602531
2345,dcfc13ba3a4150a6,True,1.0,1.0,1.0,1.0,1.0,1.0,1.0
2346,aaf949be7f2150df,True,1.0,1.0,0.8445488368168306,1.0,1.0,1.0,0.9352286820070127
2347,4d6f4dbf01c2567c,True,1.0,1.0,1.0,1.0,1.0,1.0,1.0
2348,cc9e361d27725cb7,True,1.0,1.0,0.9461423368520784,1.0,1.0,1.0,0.9775593070216994
2349,582ac6cc2a1758a3,True,1.0,1.0,0.7243340891217801,1.0,1.0,1.0,0.8851392038007417
2350,0c3f741051575a36,True,1.0,1.0,0.8106804828126648,1.0,1.0,1.0,0.9211168678386104
2351,c28b41c8410f5465,True,1.0,1.0,0.8638353744117349,1.0,1.0,1.0,0.9432647393382229
2352,350b10a4761e5c11,True,1.0,1.0,1.0,1.0,1.0,1.0,1.0
2353,ef1c8f5af4525791,True,1.0,1.0,0.7293227243920345,1.0,1.0,1.0,0.8872178018300144
2354,bcf787cdb66453f0,True,1.0,1.0,0.9219416297160752,1.0,1.0,1.0,0.9674756790483646
2355,3dcb4ddd8afe598d,True,1.0,1.0,0.8523375739890162,1.0,1.0,1.0,0.9384739891620901
2356,a8fd739baf0a5935,True,1.0,1.0,0.9209782261178446,1.0,1.0,1.0,0.9670742608824353
2357,b474c79361415cb0,True,1.0,1.0,0.5382445725734529,1.0,1.0,1.0,0.8076019052389386
2358,108fd8b55b1952af,True,1.0,1.0,1.0,1.0,1.0,1.0,1.0
2359,e90d6c211deb5f05,True,1.0,1.0,1.0,1.0,1.0,1.0,1.0
2360,78a98ffdcd4b558a,True,1.0,1.0,1.0,1.0,1.0,1.0,1.0
2361,b5025be9867f503e,True,1.0,1.0,0.6112113479040149,1.0,1.0,1.0,0.8380047282933395
2362,003ead1914c051d7,True,1.0,1.0,0.8709002391551205,1.0,1.0,1.0,0.9462084329813002
2363,93bbe5e3e6cd5411,True,1.0,1.0,0.7869208596263076,1.0,1.0,1.0,0.9112170248442949
2364,3580cf9f59395963,True,1.0,1.0,0.946226379499266,1.0,1.0,1.0,0.9775943247913608
2365,4b5f475a2afc5ed0,True,1.0,1.0,1.0,1.0,1.0,1.0,1.0
2366,85159c024a355d8d,True,1.0,0.0,0.0,1.0,1.0,1.0,0.0
2367,a41bdf91223654f7,True,1.0,1.0,0.9697369265643672,1.0,1.0,1.0,0.9873903860684864
2368,8b53a14edf305638,True,1.0,1.0,0.8693595739368251,1.0,1.0,1.0,0.9455664891403437
2369,e5fb0daef05956f0,True,1.0,1.0,0.8771410448958691,1.0,1.0,1.0,0.9488087687066121
2370,179ea24426e95029,True,1.0,1.0,1.0,1.0,1.0,1.0,1.0
2371,7ed454741a7f54d5,True,1.0,1.0,0.8801254107893272,1.0,1.0,1.0,0.950052254495553
2372,c653006470bf521f,True,1.0,1.0,1.0,1.0,1.0,1.0,1.0
2373,20728d3e677b593d,True,1.0,1.0,0.6318186815211714,1.0,1.0,1.0,0.8465911173004881
2374,6e5a14ce293c5ae8,True,1.0,1.0,1.0,1.0,1.0,1.0,1.0
2375,559e3fe66db15d66,True,1.0,1.0,1.0,1.0,1.0,1.0,1.0
2376,a4213d4e327c5b6e,True,1.0,1.0,1.0,1.0,1.0,1.0,1.0
2377,f19a48878cfe5bb0,True,1.0,1.0,0.7266018713127383,1.0,1.0,1.0,0.8860841130469743
2378,95c5cd4c17d9594a,True,1.0,1.0,0.832639123275384,1.0,1.0,1.0,0.9302663013647434
2379,74831c9ae5a15f99,True,1.0,1.0,0.5479899284364327,1.0,1.0,1.0,0.811662470181847
2380,614c50b897445f89,True,1.0,1.0,0.8987978369179092,1.0,1.0,1.0,0.9578324320491287
2381,8f8ccbd6ffcb54b9,True,1.0,1.0,0.8521514899554619,1.0,1.0,1.0,0.938396454148109
2382,8c7db74b9aef5a9e,True,1.0,1.0,1.0,1.0,1.0,1.0,1.0
2383,e13e38532130514b,True,1.0,1.0,1.0,1.0,1.0,1.0,1.0
2384,16ee6602bb5c5e99,True,1.0,1.0,1.0,1.0,1.0,1.0,1.0
2385,340f9f95b1e459ab,True,1.0,1.0,0.8397276970656028,1.0,1.0,1.0,0.9332198737773346
2386,3953e2236a735999,True,1.0,1.0,1.0,1.0,1.0,1.0,1.0
2387,bfb583c3969950ba,True,1.0,1.0,0.7958264198555781,1.0,1.0,1.0,0.9149276749398242
2388,61b6aabef76153af,True,1.0,1.0,0.9166147504437728,1.0,1.0,1.0,0.9652561460182386
2389,8a46ac0d50d4505e,True,1.0,1.0,0.9679855618139331,1.0,1.0,1.0,0.9866606507558054
2390,df7662125da1513f,True,1.0,1.0,1.0,1.0,1.0,1.0,1.0
2391,351f4333f34258b6,True,1.0,1.0,0.9367008269331438,1.0,1.0,1.0,0.9736253445554767
2392,8afbc18a03e2572f,True,1.0,1.0,0.8906779807960713,1.0,1.0,1.0,0.9544491586650298
2393,baff37ac37675490,True,1.0,1.0,0.8288937903930436,1.0,1.0,1.0,0.9287057459971014
2394,704527beccac5701,True,1.0,1.0,0.7648799760666655,1.0,1.0,1.0,0.9020333233611106
2395,5f3fbfc334c0579c,True,1.0,1.0,1.0,1.0,1.0,1.0,1.0
2396,9f4bf4a979835749,True,1.0,1.0,0.7678285494865043,1.0,1.0,1.0,0.9032618956193769
2397,0a06f8a3204d5e11,True,1.0,1.0,0.975196392463485,1.0,1.0,1.0,0.9896651635264521
2398,82b3e6e3bfa15ecf,True,1.0,1.0,0.6835170780703593,1.0,1.0,1.0,0.8681321158626497
2399,a5851164f3ee5b71,True,1.0,1.0,0.8210618550581087,1.0,1.0,1.0,0.9254424396075454
2400,d64b2da8ffb65c16,True,1.0,1.0,0.9588016021490783,1.0,1.0,0.5,0.9828340008954491
2401,0d857e82084e56be,True,1.0,1.0,0.6988683543022853,1.0,1.0,1.0,0.8745284809592855
2402,542304e2baf25357,True,1.0,1.0,0.9720326074435309,1.0,1.0,1.0,0.9883469197681379
2403,6a8087fb9f3e5751,True,1.0,1.0,0.8356505874956867,1.0,1.0,1.0,0.9315210781232027
2404,bbde51f27b4455c2,True,1.0,1.0,0.8109668336924981,1.0,1.0,1.0,0.9212361807052076
2405,50a5b2cbb4515594,True,1.0,1.0,0.7007744842589751,1.0,1.0,1.0,0.8753227017745729
2406,326bf8cbf6375f03,True,1.0,1.0,0.9688266365209139,1.0,1.0,1.0,0.9870110985503807
2407,70633315e71a5979,True,1.0,1.0,1.0,1.0,1.0,1.0,1.0
2408,b8e377d0f7b95014,True,1.0,1.0,0.7509185940696934,1.0,1.0,1.0,0.8962160808623723
2409,f0e0408bae9b5037,True,1.0,1.0,1.0,1.0,1.0,1.0,1.0
2410,8b54e86cb8b05114,True,1.0,1.0,0.5751110640611623,1.0,1.0,1.0,0.8229629433588176
2411,517530489c455086,True,1.0,1.0,0.8995104691683876,1.0,1.0,1.0,0.9581293621534949
2412,330ca2e9aa935a3a,True,1.0,1.0,1.0,1.0,1.0,1.0,1.0
2413,d4bbe6333e6356b5,True,1.0,1.0,0.8737921944418697,1.0,1.0,1.0,0.9474134143507791
2414,1a2027db44a350ff,True,1.0,0.0,0.0,1.0,1.0,1.0,0.0
2415,262333f372975eef,True,1.0,1.0,1.0,1.0,1.0,1.0,1.0
2416,fb311858e737556d,True,1.0,1.0,0.6471815394848903,1.0,1.0,1.0,0.8529923081187043
2417,1bea55e75a9b593b,True,1.0,1.0,0.9298061661963302,1.0,1.0,1.0,0.970752569248471
2418,e04d45a55abd5fd5,True,1.0,1.0,1.0,1.0,1.0,1.0,1.0
2419,680e24fa0952531b,True,1.0,1.0,0.9212326111479641,1.0,1.0,1.0,0.967180254644985
2420,b27f68fe02b059ca,True,1.0,1.0,0.9225910848779496,1.0,1.0,1.0,0.9677462853658123
2421,15165972946050eb,True,1.0,1.0,0.9053920899043911,1.0,1.0,1.0,0.9605800374601628
2422,1ef49bbbadd55818,True,1.0,1.0,0.8677043318062365,1.0,1.0,1.0,0.9448768049192653
2423,9c7fe79bcaed5bae,True,1.0,1.0,0.8077726045889159,1.0,1.0,1.0,0.9199052519120482
2424,1b471d7f756a5c7f,True,1.0,1.0,1.0,1.0,1.0,1.0,1.0
2425,b24575ef9d575fb4,True,1.0,1.0,0.817340832449119,1.0,1.0,1.0,0.9238920135204663
2426,9320c42b53b052f0,True,1.0,1.0,0.9221389397382752,1.0,1.0,1.0,0.9675578915576146
2427,21fb4d702ea85f63,True,1.0,1.0,0.80106421614711,1.0,1.0,1.0,0.9171100900612958
2428,4d0c174b077e5603,True,1.0,1.0,1.0,1.0,1.0,1.0,1.0
2429,19d546524016560f,True,1.0,1.0,0.7273809292306367,1.0,1.0,1.0,0.8864087205127653
2430,11e7fdeb883b5381,True,1.0,1.0,0.5466351395294642,1.0,1.0,1.0,0.8110979748039434
2431,005fcf3e9a125706,True,1.0,1.0,0.7065832781168979,1.0,1.0,1.0,0.8777430325487074
2432,8b31009bc5115cb5,True,1.0,1.0,1.0,1.0,1.0,0.0,1.0
2433,cb3bbfd7864d53f5,True,1.0,1.0,1.0,1.0,1.0,1.0,1.0
2434,69fab78920a55a7a,True,1.0,1.0,0.5965657188422506,1.0,1.0,1.0,0.8319023828509376
2435,54a48973672c5352,True,1.0,1.0,1.0,1.0,1.0,1.0,1.0
2436,bf7e92340c6454a2,True,1.0,1.0,0.785923976835566,0.0,1.0,1.0,0.4941349903481525
2437,8eb6e6b220755d3b,True,1.0,1.0,0.8646016470133836,1.0,1.0,1.0,0.9435840195889099
2438,8e958f3833835138,True,1.0,1.0,0.9282028686749991,1.0,1.0,1.0,0.9700845286145828
2439,85c5f81a8dec5628,True,1.0,0.0,0.0,1.0,1.0,1.0,0.0
2440,f86adcbec849574a,True,1.0,1.0,1.0,1.0,1.0,1.0,1.0
2441,41c18772e7ac5696,True,1.0,1.0,0.6544521921169737,1.0,1.0,1.0,0.8560217467154058
2442,15454d7562d45fe6,True,1.0,1.0,0.8543611229542987,1.0,1.0,1.0,0.9393171345642911
2443,2564ab331db05cb9,True,1.0,1.0,1.0,1.0,1.0,1.0,1.0
2444,ab226645ee6f54aa,True,1.0,1.0,0.7598525739767797,1.0,1.0,0.5,0.8999385724903249
2445,1b056ac7f7995a8a,True,1.0,1.0,0.8670420374171933,1.0,1.0,1.0,0.9446008489238306
2446,45c3a52706c555df,True,1.0,1.0,0.7542279412407954,1.0,1.0,1.0,0.8975949755169981
2447,7e862e783690532d,True,1.0,1.0,0.811957948699625,1.0,1.0,1.0,0.9216491452915104
2448,538ed1acbf145c8b,True,1.0,1.0,0.6018395165427237,1.0,1.0,1.0,0.8340997985594681
2449,7683c293a5a55dce,True,1.0,1.0,1.0,1.0,1.0,1.0,1.0
2450,43a759f57b1d51e4,True,1.0,1.0,0.8045472566291062,1.0,1.0,1.0,0.9185613569287941
2451,5ad18b7f7b2a52c7,True,1.0,1.0,1.0,1.0,1.0,1.0,1.0
2452,b2b49c0ddec25abc,True,1.0,1.0,1.0,1.0,1.0,1.0,1.0
2453,8f0f0f9061b35356,True,1.0,1.0,0.7866230529052288,1.0,1.0,1.0,0.911092938710512
2454,3968adecd59c551e,True,1.0,1.0,0.965170690837471,1.0,1.0,1.0,0.9854877878489462
2455,e66d21ee45e65dac,True,1.0,1.0,0.7365335516464481,1.0,1.0,1.0,0.89022231318602
2456,364dd4c7c4cf55cb,True,1.0,1.0,0.5990956006389719,1.0,1.0,1.0,0.8329565002662384
2457,a6229e66c0e656d8,True,1.0,1.0,0.898803519429144,1.0,1.0,1.0,0.9578347997621434
2458,0503cc398e2656be,True,1.0,1.0,0.9581267761770522,0.0,1.0,1.0,0.5658861567404384
2459,2c7e5f987d5752c7,True,1.0,1.0,1.0,1.0,1.0,1.0,1.0
2460,4e60581353585fdc,True,1.0,1.0,0.5199218164563391,1.0,1.0,1.0,0.7999674235234746
2461,83e42a2487695ac5,True,0.0,0.0,0.0,0.0,1.0,1.0,0.0
2462,b65dbda85d085330,True,1.0,1.0,0.8937252282334438,1.0,1.0,1.0,0.9557188450972682
2463,4f37ec7f0ac75960,True,1.0,1.0,0.8064346260919459,1.0,1.0,1.0,0.919347760871644
2464,14976ab056005044,True,1.0,1.0,0.8120369906485756,1.0,1.0,1.0,0.9216820794369065
2465,1517632ca5a8577b,True,1.0,1.0,1.0,1.0,1.0,1.0,1.0
2466,4e811c006997541d,True,1.0,1.0,1.0,1.0,1.0,1.0,1.0
2467,585a681f4ad95682,True,1.0,1.0,0.6892519124422529,1.0,1.0,1.0,0.870521630184272
2468,69575edb6db5507f,True,1.0,1.0,0.957583686805116,1.0,1.0,1.0,0.9823265361687983
2469,cb71a934523a5d4a,True,1.0,1.0,1.0,1.0,1.0,1.0,1.0
2470,1678ddd4a18b5fd8,True,1.0,1.0,1.0,1.0,1.0,0.5,1.0
2471,eb19160d56255b73,True,1.0,1.0,0.8719228047325376,1.0,1.0,0.5,0.9466345019718907
2472,f8c4bf250c1c512c,True,1.0,1.0,0.8878041889098605,1.0,1.0,1.0,0.9532517453791085
2473,40dcc0a979075ffd,True,1.0,1.0,0.5616391029898355,1.0,1.0,1.0,0.8173496262457648
2474,a294ae1045875e02,True,1.0,1.0,0.9093268508277874,1.0,1.0,1.0,0.9622195211782447
2475,eed926191448591a,True,1.0,1.0,1.0,1.0,1.0,1.0,1.0
2476,02e3c48291855ae8,True,1.0,1.0,0.993511511734698,1.0,1.0,1.0,0.9972964632227909
2477,ef97c6e9f11b59a7,True,1.0,1.0,0.710117673360486,1.0,1.0,1.0,0.8792156972335358
2478,52bc37cb7789510b,True,1.0,1.0,0.6217124006663354,1.0,1.0,1.0,0.8423801669443064
2479,ec68f8027f415301,True,1.0,1.0,0.821889019356759,1.0,1.0,1.0,0.9257870913986496
2480,3b6f7096a2cf5621,True,1.0,1.0,0.9211322244394045,1.0,1.0,1.0,0.9671384268497518
2481,58e19769184c5f43,True,1.0,1.0,1.0,1.0,1.0,1.0,1.0
2482,5ebe40763ac05b5c,True,1.0,1.0,0.3266533247056378,1.0,1.0,0.5,0.7194388852940158
2483,dae9ebb7c5ff5c6a,True,1.0,1.0,0.8735272293340395,1.0,1.0,1.0,0.9473030122225164
2484,fd8299e81b435b94,True,1.0,1.0,0.8370037048878168,1.0,1.0,1.0,0.9320848770365903
2485,722ad5b3698c52c6,True,1.0,1.0,1.0,1.0,1.0,1.0,1.0
2486,850551ecc7a35ebf,True,1.0,1.0,1.0,0.0,1.0,1.0,0.5833333333333334
2487,7af0e9b8a12056e8,True,1.0,0.0,0.0,1.0,1.0,1.0,0.0
2488,79d3720b23b6533e,True,1.0,1.0,0.781461910505354,1.0,1.0,1.0,0.9089424627105641
2489,ae33fa122ac45a10,True,1.0,1.0,0.6237878781007071,1.0,1.0,1.0,0.8432449492086279
2490,af67221644ad5bd3,True,1.0,1.0,0.7152978216374272,1.0,1.0,1.0,0.881374092348928
2491,d09bb687e7e15b97,True,1.0,1.0,1.0,1.0,1.0,1.0,1.0
2492,520e72270acb562a,True,1.0,1.0,0.9094512659426923,1.0,1.0,1.0,0.9622713608094552
2493,2fb759c52be35681,True,1.0,1.0,0.8476488346616359,1.0,1.0,1.0,0.9365203477756815
2494,3b10bf025bd65e4b,True,1.0,1.0,1.0,1.0,1.0,1.0,1.0
2495,94f5959417f75349,True,1.0,1.0,0.8447370836544629,1.0,1.0,1.0,0.9353071181893595
2496,29c3b3019c9e535a,True,1.0,1.0,0.7369613361516792,1.0,1.0,1.0,0.8904005567298663
2497,985e562ded345da4,True,1.0,1.0,1.0,1.0,1.0,1.0,1.0
2498,3a84cbdfcbf554a6,True,1.0,1.0,0.5721464096902548,1.0,1.0,1.0,0.8217276707042728
2499,3dcc0fdcb0395855,True,1.0,1.0,1.0,1.0,1.0,1.0,1.0
2500,2751f9eb641455c9,True,1.0,1.0,0.7914710524737181,1.0,1.0,1.0,0.9131129385307158
2501,eefc84cb86d45529,True,1.0,1.0,0.8280425778088374,1.0,1.0,1.0,0.9283510740870154
2502,43768792861e5c7e,True,1.0,1.0,0.7848377820093327,1.0,1.0,1.0,0.9103490758372219
2503,64a8b055818c5bef,True,1.0,1.0,0.7003068078845082,1.0,1.0,1.0,0.8751278366185451
2504,8a843c4264a35d16,True,1.0,1.0,0.8656266101794972,1.0,1.0,1.0,0.9440110875747904
2505,1ff00d6929bb5569,True,1.0,1.0,0.9739252751843684,1.0,1.0,1.0,0.9891355313268203
2506,2f260b8b9dee5b0c,True,1.0,1.0,1.0,1.0,1.0,1.0,1.0
2507,bd1e37aab1c7530f,True,1.0,1.0,1.0,1.0,1.0,1.0,1.0
2508,0a4cf95e90d45770,True,1.0,1.0,1.0,1.0,1.0,1.0,1.0
2509,c932b69d2fed5f3c,True,1.0,1.0,0.8593451294611769,1.0,1.0,1.0,0.941393803942157
2510,8b7722d516e553ba,True,1.0,1.0,1.0,1.0,0.0,1.0,0.8333333333333334
2511,c6be203c41a155e4,True,1.0,0.0,0.0,1.0,1.0,1.0,0.0
2512,3c24bf88e9b150dd,True,1.0,1.0,0.9613079597076968,1.0,1.0,1.0,0.9838783165448737
2513,95165bfbaadf5a64,True,1.0,1.0,1.0,1.0,1.0,1.0,1.0
2514,4f466c389dce58e4,True,1.0,1.0,0.6088876143414887,1.0,1.0,1.0,0.8370365059756203
2515,17c882b28a195c3d,True,1.0,1.0,0.776141226615206,1.0,1.0,1.0,0.9067255110896691
2516,6e0bfaa448c5587d,True,1.0,1.0,0.5669758056796718,1.0,1.0,1.0,0.8195732523665299
2517,b50b8f11d75a5cb0,True,1.0,1.0,1.0,1.0,1.0,1.0,1.0
2518,4566a3d9b5e95d9b,True,1.0,1.0,1.0,1.0,1.0,1.0,1.0
2519,d551f73a1e4251aa,True,1.0,1.0,0.7813402612230652,1.0,1.0,0.5,0.9088917755096105
2520,f9c41d66eb3c5d86,True,1.0,1.0,0.6026807076703296,1.0,1.0,1.0,0.8344502948626373
2521,0cf1a04807e1505b,True,1.0,1.0,1.0,1.0,1.0,1.0,1.0
2522,ad702ac65d8754bb,True,1.0,1.0,1.0,1.0,1.0,1.0,1.0
2523,adccb045b1495f50,True,1.0,1.0,0.9298497624512198,1.0,1.0,1.0,0.9707707343546749
2524,a479822714c6558b,True,1.0,1.0,0.7413751589820395,1.0,1.0,1.0,0.8922396495758499
2525,3f80c1a045a056e4,True,1.0,1.0,0.7749542859276214,1.0,1.0,1.0,0.9062309524698423
2526,eb822e0610545fd6,True,1.0,1.0,0.6525227653088999,1.0,1.0,1.0,0.8552178188787082
2527,c7a1cded8d4652e2,True,1.0,1.0,0.7670016476075576,1.0,1.0,1.0,0.9029173531698156
2528,934f7ab607405431,True,1.0,1.0,1.0,1.0,1.0,1.0,1.0
2529,e8d9bf10ffc95001,True,1.0,1.0,0.9446738822411952,1.0,1.0,1.0,0.9769474509338313
2530,07b814bfc2fb565d,True,1.0,0.0,0.0,1.0,1.0,1.0,0.0
2531,68559679a9bd5d3c,True,1.0,1.0,0.8422812537714713,1.0,1.0,1.0,0.934283855738113
2532,90ed1fb3861c56d7,True,1.0,1.0,1.0,1.0,1.0,1.0,1.0
2533,304be364cb4050ce,True,1.0,1.0,1.0,1.0,1.0,1.0,1.0
2534,38dd6b1bb76e5301,True,1.0,1.0,1.0,1.0,1.0,1.0,1.0
2535,da1a3756e4465c03,True,1.0,1.0,0.9601972751331407,1.0,1.0,1.0,0.9834155313054752
2536,79bb6b3243f151a6,True,1.0,1.0,0.5218118505162848,1.0,1.0,1.0,0.8007549377151187
2537,7084e524e59c50ab,True,1.0,1.0,0.9230440239731019,1.0,1.0,1.0,0.9679350099887923
2538,e941bb5a630f58ae,True,1.0,1.0,0.8653423104331694,1.0,1.0,1.0,0.9438926293471539
2539,e95b2a30d9f456e2,True,1.0,1.0,1.0,1.0,1.0,1.0,1.0
2540,fe8eddd5ec8654cd,True,1.0,0.0,0.0,1.0,1.0,1.0,0.0
2541,6123057c78785150,True,1.0,1.0,1.0,1.0,1.0,1.0,1.0
2542,aaf9003e92855b6c,True,1.0,1.0,0.8635805040807049,1.0,1.0,1.0,0.9431585433669604
2543,973043f273bc5940,True,1.0,1.0,0.8714256165458538,1.0,1.0,1.0,0.946427340227439
2544,a681a147f3375cac,True,1.0,1.0,0.8707049077033584,1.0,1.0,1.0,0.9461270448763993
2545,adccdafdfc3d5e0c,True,1.0,0.0,0.0,1.0,1.0,1.0,0.0
2546,34a6eb93916e5962,True,1.0,1.0,0.8257186730468833,1.0,1.0,1.0,0.9273827804362013
2547,a2d180a344d15054,True,1.0,1.0,0.7231800606436565,1.0,1.0,1.0,0.8846583586015235
2548,2914f532ca9e56ce,True,1.0,1.0,1.0,1.0,1.0,1.0,1.0
2549,9e290b24dff55dff,True,1.0,1.0,0.6467672042040921,1.0,1.0,1.0,0.8528196684183716
2550,2a34f4d0aefc5039,True,1.0,1.0,0.7027618353573777,1.0,1.0,1.0,0.8761507647322407
2551,ac2046c2652451fc,True,1.0,1.0,0.9238003565016385,1.0,1.0,1.0,0.9682501485423494
2552,f001f00535065622,True,1.0,1.0,0.8335713185810045,1.0,1.0,1.0,0.9306547160754185
2553,945dafbf488554b7,True,1.0,1.0,0.8551710327374981,1.0,1.0,1.0,0.9396545969739575
2554,53ed75baf8ef5022,True,1.0,1.0,0.8760066902171867,1.0,1.0,1.0,0.9483361209238277
2555,ec398c5c12055eed,True,1.0,1.0,0.9443612726417911,1.0,1.0,1.0,0.9768171969340796
2556,2d264d513abb5a7d,True,0.5,0.0,0.0,0.0,1.0,1.0,0.0
2557,ff137d1eea555686,True,1.0,1.0,0.8571574306634292,1.0,1.0,1.0,0.9404822627764288
2558,4c111cf640f258b4,True,1.0,1.0,0.7568334447594173,1.0,1.0,1.0,0.8986806019830905
2559,a0b3a3b623235a49,True,1.0,1.0,1.0,1.0,1.0,1.0,1.0
2560,b97a9b788ef8540c,True,1.0,1.0,0.7810830118531235,1.0,1.0,1.0,0.9087845882721348
2561,8b3423345f3657b0,True,1.0,1.0,1.0,1.0,1.0,1.0,1.0
2562,5bbd26efb97658ec,True,1.0,1.0,0.8470567172792941,1.0,1.0,0.0,0.9362736321997058
2563,20f1de62f5795dab,True,1.0,1.0,1.0,1.0,1.0,1.0,1.0
2564,cd9d029138325c2c,True,1.0,1.0,0.8224425646796059,1.0,1.0,1.0,0.926017735283169
2565,893455c02e16508b,True,1.0,1.0,0.8901848478075727,1.0,1.0,1.0,0.9542436865864886
2566,295e5c491ca35642,True,1.0,1.0,1.0,1.0,1.0,1.0,1.0
2567,e56891a5170256f1,True,1.0,1.0,1.0,1.0,1.0,1.0,1.0
2568,20f0988b6050572a,True,1.0,1.0,1.0,1.0,1.0,1.0,1.0
2569,a2652d512cf35d1e,True,1.0,1.0,0.7690616109787406,1.0,1.0,1.0,0.9037756712411419
2570,22ec7d1614785b35,True,1.0,1.0,0.5799277511152668,1.0,1.0,1.0,0.8249698962980277
2571,18236bb0b875582d,True,1.0,1.0,1.0,1.0,1.0,1.0,1.0
2572,f5e6e24328fd5e7c,True,1.0,1.0,0.8634402408634039,1.0,1.0,1.0,0.9431001003597516
2573,db5d96563dcb5427,True,1.0,1.0,1.0,1.0,1.0,1.0,1.0
2574,0ffe6d569128598a,True,1.0,1.0,1.0,1.0,1.0,1.0,1.0
2575,055c41d3c8e75bdc,True,1.0,1.0,0.8140413639188837,1.0,1.0,1.0,0.9225172349662015
2576,d4ac0a1865ac5c25,True,1.0,1.0,1.0,1.0,1.0,1.0,1.0
2577,9a8acc75f4c05ace,True,1.0,1.0,0.7514480522163483,1.0,1.0,1.0,0.8964366884234783
2578,312d2bf03023521a,True,1.0,1.0,0.7399056760427687,1.0,1.0,1.0,0.8916273650178203
2579,eaa64f296ff85b61,True,1.0,1.0,1.0,1.0,1.0,1.0,1.0
2580,b9ef517f054450b7,True,1.0,1.0,1.0,1.0,1.0,1.0,1.0
2581,840f4e28181e53d9,True,1.0,1.0,0.9864508829683702,1.0,1.0,1.0,0.9943545345701542
2582,35234d714b5d5da9,True,1.0,0.0,0.0,1.0,1.0,1.0,0.0
2583,3acfdef9ef305e77,True,1.0,1.0,1.0,1.0,1.0,1.0,1.0
2584,d24706485f0452eb,True,1.0,1.0,0.8737948018580414,1.0,1.0,1.0,0.9474145007741838
2585,7cead15dfaab593e,True,1.0,1.0,0.7348574513744974,1.0,1.0,1.0,0.8895239380727072
2586,571c1c28470e5dcc,True,1.0,1.0,0.8731303143085897,1.0,1.0,1.0,0.9471376309619123
2587,d6f52d0bbaf5523c,True,1.0,1.0,0.7766333486025141,1.0,1.0,1.0,0.9069305619177142
2588,0f6d159f5f0c52d0,True,1.0,1.0,0.8951420238891308,1.0,1.0,1.0,0.9563091766204712
2589,be0e8eae708f5d4b,True,1.0,1.0,0.8600234973192724,0.0,1.0,1.0,0.5250097905496968
2590,f3f9b7c1f6e95b82,True,1.0,1.0,1.0,1.0,1.0,1.0,1.0
2591,c0be0cb86f2c5cf1,True,1.0,1.0,0.8617607521377773,1.0,1.0,1.0,0.9424003133907405
2592,198bc5f3280e52cd,True,1.0,1.0,1.0,1.0,1.0,1.0,1.0
2593,cc7afdc5a1e95b5a,True,1.0,1.0,0.9748551615297659,1.0,1.0,1.0,0.9895229839707357
2594,bf23bdc36a8050f5,True,1.0,0.0,0.0,1.0,1.0,1.0,0.0
2595,fd9ae566c34f5acd,True,1.0,1.0,1.0,1.0,1.0,1.0,1.0
2596,cee52329bc8855af,True,1.0,1.0,0.8511044886925477,1.0,1.0,1.0,0.9379602036218948
2597,6360aa4dd01151c3,True,1.0,1.0,0.8271967243940267,1.0,1.0,1.0,0.9279986351641778
2598,e91f2da06b8e517f,True,1.0,1.0,0.7225168643144798,1.0,1.0,1.0,0.8843820267977
2599,218ebafd6210550e,True,1.0,1.0,0.9076414425110838,1.0,1.0,1.0,0.9615172677129517
2600,90c51d90c33b5cef,True,1.0,1.0,0.9580978342210803,1.0,1.0,1.0,0.9825407642587836
2601,a62a20e735805039,True,1.0,1.0,1.0,1.0,1.0,1.0,1.0
2602,13fcb47bb63951e7,True,1.0,1.0,0.5364779571374034,1.0,1.0,1.0,0.8068658154739182
2603,c41d82a41da35d8d,True,1.0,1.0,0.8109379900675026,1.0,1.0,1.0,0.921224162528126
2604,fd4b31afd0915f92,True,1.0,1.0,0.7717094890283417,1.0,1.0,1.0,0.904878953761809
2605,4f50d7c22352505e,True,1.0,1.0,0.922418627089901,1.0,1.0,1.0,0.9676744279541255
2606,da6d3b6810995466,True,1.0,0.0,0.0,1.0,1.0,1.0,0.0
2607,1e73524ff61b5a70,True,1.0,1.0,0.9358114728006341,1.0,1.0,1.0,0.9732547803335976
2608,1709553afe405eb4,True,1.0,1.0,1.0,1.0,1.0,1.0,1.0
2609,d484aff53cd1589f,True,1.0,1.0,1.0,1.0,1.0,1.0,1.0
2610,9cd4b5f3bbf85357,True,1.0,1.0,0.29720773673101863,1.0,1.0,1.0,0.707169890304591
2611,b20a2f0ea9135457,True,1.0,1.0,0.8534413532231659,1.0,1.0,1.0,0.9389338971763191
2612,5c883441084d58d7,True,1.0,0.0,0.0,0.0,1.0,1.0,0.0
2613,00f20c2762515d09,True,1.0,1.0,0.9863309320770618,1.0,1.0,1.0,0.9943045550321091
2614,4cc916aa782854a6,True,1.0,1.0,0.8354443716398047,1.0,1.0,1.0,0.9314351548499186
2615,b4c5bd35a81f517e,True,1.0,1.0,0.8791164121521479,1.0,1.0,1.0,0.9496318383967283
2616,9c4e60dd8e9959d8,True,1.0,1.0,1.0,1.0,1.0,1.0,1.0
2617,c2ae8e85ce2052ff,True,1.0,1.0,1.0,1.0,1.0,1.0,1.0
2618,4dd4ae3362325296,True,1.0,1.0,1.0,1.0,1.0,1.0,1.0
2619,7d635921b94555f6,True,1.0,1.0,1.0,1.0,1.0,1.0,1.0
2620,fc0a5277292352d9,True,1.0,1.0,0.9038691502466156,0.0,1.0,1.0,0.5432788126027565
2621,76031bb4f8f7566d,True,1.0,1.0,1.0,1.0,1.0,1.0,1.0
2622,790e0f5c7fce5627,True,1.0,1.0,1.0,1.0,1.0,1.0,1.0
2623,608f33b279a15cfc,True,1.0,1.0,1.0,1.0,1.0,1.0,1.0
2624,148188e5281e53cd,True,1.0,1.0,0.9311902015966765,1.0,1.0,1.0,0.9713292506652819
2625,de80647014f35dbb,True,1.0,1.0,0.7836913682983563,1.0,1.0,1.0,0.9098714034576485
2626,47c8c3903f245f96,True,1.0,1.0,1.0,1.0,1.0,1.0,1.0
2627,1c7a7a95bc3354b8,True,1.0,1.0,1.0,1.0,1.0,1.0,1.0
2628,c538fa98187053d8,True,1.0,1.0,1.0,1.0,1.0,1.0,1.0
2629,80722f66bc3b54c0,True,1.0,1.0,0.7645394779208847,1.0,1.0,1.0,0.9018914491337019
2630,a87eceb632f253c7,True,1.0,1.0,0.7936486462145269,1.0,1.0,1.0,0.9140202692560528
2631,f18158051cc457d8,True,1.0,1.0,1.0,1.0,1.0,1.0,1.0
2632,72e48f99d8265b71,True,1.0,1.0,0.9506521423933612,1.0,1.0,1.0,0.9794383926639005
2633,6162470f2d0c5e13,True,1.0,1.0,0.7013608178909715,1.0,1.0,1.0,0.8755670074545714
2634,f35e97504024530b,True,1.0,1.0,1.0,1.0,1.0,1.0,1.0
2635,9e7ae0e0f04255fa,True,0.0,1.0,0.0,0.0,1.0,0.0,0.0
2636,86641ef36dfc5c16,True,1.0,1.0,1.0,1.0,1.0,1.0,1.0
2637,103ac69be43f55b5,True,1.0,1.0,0.7139972312495713,1.0,1.0,1.0,0.8808321796873214
2638,ca68dbc018a35aa3,True,1.0,1.0,0.9849256494481828,1.0,1.0,1.0,0.9937190206034096
2639,8dee25a9bcb35544,True,1.0,1.0,0.7042703877967721,1.0,1.0,1.0,0.876779328248655
2640,454446c80b625c47,True,1.0,1.0,0.9675927353380507,1.0,1.0,1.0,0.9864969730575212
2641,2ef80fbe7233514a,True,1.0,1.0,0.8410222816934024,1.0,1.0,1.0,0.9337592840389176
2642,c460ec097ed958a2,True,1.0,1.0,1.0,1.0,1.0,1.0,1.0
2643,1559a9e324d6519d,True,1.0,1.0,1.0,1.0,1.0,1.0,1.0
2644,8d6afa56bbb95f18,True,1.0,1.0,0.7750904907271983,1.0,1.0,1.0,0.9062877044696659
2645,277c41e4b5d858f1,True,1.0,1.0,0.8455950932641078,1.0,1.0,1.0,0.9356646221933782
2646,4e3f39fa6dfc5d12,True,1.0,1.0,0.5499807933651811,1.0,1.0,1.0,0.8124919972354921
2647,d2cac33c80f45434,True,1.0,1.0,1.0,1.0,1.0,1.0,1.0
2648,eeae24d38eb15e0a,True,1.0,0.0,0.0,1.0,1.0,1.0,0.0
2649,4161016e65df5b37,True,1.0,0.0,0.0,1.0,1.0,0.5,0.0
2650,ca4be8d422eb5f56,True,1.0,1.0,1.0,1.0,1.0,1.0,1.0
2651,06d348162e80510a,True,1.0,1.0,0.8566855423103199,1.0,1.0,1.0,0.9402856426292999
2652,6011fd3aa3a85fa1,True,1.0,1.0,0.8802035159309447,1.0,1.0,1.0,0.9500847983045603
2653,ab807bda4fdd5274,True,1.0,1.0,1.0,1.0,1.0,1.0,1.0
2654,2302da9c486d5e3b,True,1.0,1.0,0.8391834971257559,1.0,1.0,1.0,0.9329931238023983
2655,9cf612ff6e4f5bd5,True,1.0,1.0,1.0,0.0,1.0,0.0,0.5833333333333334
2656,7229dee5d2685deb,True,1.0,1.0,0.6559701191298792,1.0,1.0,1.0,0.8566542163041163
2657,dd16377ecfa45fe0,True,1.0,1.0,1.0,1.0,1.0,1.0,1.0
2658,495a149c042a5636,True,1.0,1.0,1.0,1.0,1.0,1.0,1.0
2659,185dd0f2003e5d35,True,1.0,1.0,1.0,1.0,1.0,1.0,1.0
2660,6704953640e55b83,True,1.0,0.0,0.0,1.0,1.0,1.0,0.0
2661,75a1c2654839522e,True,1.0,1.0,0.8825386033724346,1.0,1.0,1.0,0.9510577514051811
2662,b9148aabf55250e9,True,1.0,1.0,0.7379011093373308,1.0,1.0,1.0,0.8907921288905545
2663,8322121dbb82511f,True,1.0,1.0,0.8746648444133609,1.0,1.0,1.0,0.9477770185055671
2664,f748ff8ee5be533a,True,1.0,1.0,0.5946429939504466,1.0,1.0,1.0,0.8311012474793528
2665,098c8aa8816b5805,True,1.0,1.0,0.9050125326523486,1.0,1.0,1.0,0.9604218886051452
2666,6bf9b9cf5ae25aba,True,1.0,1.0,0.8019278988609303,1.0,1.0,1.0,0.9174699578587209
2667,af2b5213e6895680,True,1.0,1.0,0.8248751698664085,1.0,1.0,1.0,0.9270313207776703
2668,58ba738c8dd15d55,True,1.0,1.0,0.9083082104150062,1.0,1.0,1.0,0.9617950876729192
2669,f409dfb714ed539c,True,1.0,1.0,0.9119270465166119,1.0,1.0,1.0,0.9633029360485882
2670,870886385ca15345,True,1.0,1.0,1.0,1.0,1.0,1.0,1.0
2671,d9f878bd57425c2c,True,1.0,1.0,0.9582597541470282,1.0,1.0,1.0,0.982608230894595
2672,27d74807a89a5268,True,1.0,1.0,1.0,1.0,1.0,1.0,1.0
2673,4f099d4882445433,True,1.0,1.0,1.0,1.0,1.0,1.0,1.0
2674,105e820419e05224,True,1.0,1.0,0.8722668561803991,1.0,1.0,1.0,0.946777856741833
2675,2647308c0cbe519c,True,1.0,1.0,0.8989579911303347,1.0,1.0,1.0,0.9578991629709727
2676,d81e608168615b51,True,1.0,1.0,1.0,1.0,1.0,1.0,1.0
2677,80386d2e9c215d3b,True,1.0,1.0,0.8284519022832286,1.0,1.0,1.0,0.9285216259513452
2678,7d32ec3f13b9525b,True,1.0,1.0,1.0,1.0,1.0,1.0,1.0
2679,160e6592389759c5,True,1.0,1.0,1.0,1.0,1.0,1.0,1.0
2680,1786ef7edac65502,True,1.0,1.0,0.5474292205083041,1.0,1.0,1.0,0.8114288418784601
2681,f0fb575adb8a5171,True,1.0,1.0,0.8381439187534299,1.0,1.0,1.0,0.9325599661472624
2682,337a46b592e654da,True,1.0,1.0,0.9425679306930305,1.0,1.0,1.0,0.976069971122096
2683,c2466f5ae7a25ad8,True,1.0,1.0,0.7141757820865849,1.0,1.0,1.0,0.8809065758694103
2684,d4358e3962b758ce,True,1.0,1.0,0.8897613829910531,1.0,1.0,0.0,0.9540672429129389
2685,160d02b02f4d5f77,True,1.0,1.0,1.0,1.0,1.0,1.0,1.0
2686,0d40059cfdf75e7a,True,1.0,1.0,0.9679184264039601,1.0,1.0,1.0,0.9866326776683166
2687,50a0fd7b031e5ca6,True,1.0,1.0,0.5690081822294509,1.0,1.0,1.0,0.8204200759289378
2688,f70c1fa8bbfc5d77,True,1.0,1.0,0.7223143326732717,1.0,1.0,1.0,0.8842976386138632
2689,8cac1b4a21585010,True,1.0,1.0,0.8524384850436417,1.0,1.0,1.0,0.9385160354348508
2690,3a8cbc5f12e25e1f,True,1.0,1.0,0.9369933714296578,1.0,1.0,1.0,0.9737472380956907
2691,213870b088245664,True,1.0,1.0,0.6713147093962168,1.0,1.0,1.0,0.8630477955817571
2692,c6281b21b9015448,True,1.0,1.0,0.5251426748880388,1.0,1.0,1.0,0.8021427812033495
2693,8cc8fe63227d5c07,True,1.0,1.0,1.0,1.0,1.0,1.0,1.0
2694,669bad5f20bd5256,True,1.0,1.0,0.8455680105062469,1.0,1.0,1.0,0.9356533377109363
2695,91c479d90ccb521a,True,1.0,1.0,0.6931455161415232,1.0,1.0,1.0,0.8721439650589681
2696,61be266ee38a5891,True,1.0,1.0,0.8014532524767396,1.0,1.0,1.0,0.9172721885319749
2697,e8ae48e9ca4a58fc,True,1.0,1.0,0.9971672565203948,1.0,1.0,1.0,0.9988196902168313
2698,68ca75d95a615a5d,True,1.0,1.0,0.8717584051662313,1.0,1.0,1.0,0.9465660021525965
2699,111191a59b9c53c2,True,1.0,1.0,0.7715448781892861,1.0,1.0,1.0,0.9048103659122025
2700,8f105ffb008c5801,True,1.0,1.0,1.0,1.0,1.0,1.0,1.0
2701,92135b7bae0b5259,True,1.0,1.0,0.8051542388846107,1.0,1.0,1.0,0.9188142662019212
2702,189654afe9465b09,True,1.0,1.0,0.8197164436809442,1.0,1.0,1.0,0.9248818515337268
2703,b805c900794c53f5,True,1.0,1.0,0.7933932354870519,1.0,1.0,1.0,0.9139138481196051
2704,499f1df141b05d36,True,1.0,1.0,0.7215511750525482,1.0,1.0,1.0,0.8839796562718951
2705,2462c21ce2bb5f2d,True,1.0,0.0,0.0,1.0,1.0,0.0,0.0
2706,cc5e04be1f105d15,True,1.0,1.0,0.6940688626774509,1.0,1.0,1.0,0.8725286927822712
2707,31042b6e5c455b82,True,1.0,1.0,0.8754685512505436,1.0,1.0,1.0,0.9481118963543932
2708,fb43d35afc375bb2,True,1.0,1.0,1.0,1.0,1.0,1.0,1.0
2709,9b25bbac0aac5357,True,1.0,1.0,1.0,1.0,1.0,1.0,1.0
2710,8c384d60912b5f73,True,1.0,1.0,0.6917237659447825,1.0,1.0,1.0,0.8715515691436594
2711,26cae32c50095246,True,1.0,1.0,0.58638961114627,1.0,1.0,1.0,0.8276623379776126
2712,fa8c164985255698,True,1.0,1.0,0.5507564330678798,1.0,1.0,1.0,0.8128151804449498
2713,4b6b5bac92ae5f56,True,1.0,1.0,0.7034139651616842,1.0,1.0,1.0,0.876422485484035
2714,16c1e641b6d350b1,True,1.0,1.0,1.0,1.0,1.0,1.0,1.0
2715,9fdd329b72e85179,True,1.0,1.0,0.5351616867068684,1.0,1.0,1.0,0.8063173694611953
2716,b7d52a0a64825b14,True,1.0,1.0,1.0,1.0,1.0,1.0,1.0
2717,86d70bab6f1b598c,True,1.0,1.0,0.748222718938674,1.0,1.0,1.0,0.8950927995577809
2718,bdbb9d4559ec5bd1,True,1.0,1.0,0.9476759438741627,1.0,1.0,1.0,0.9781983099475678
2719,81b8a8b98a655f0f,True,1.0,1.0,1.0,1.0,1.0,1.0,1.0
2720,e6e99834855a5f10,True,1.0,1.0,0.7175161800225311,1.0,1.0,1.0,0.8822984083427213
2721,cccd69e7a6ff5be3,True,1.0,1.0,1.0,1.0,1.0,1.0,1.0
2722,68f10c13166b592b,True,1.0,1.0,0.9485820690762071,1.0,1.0,1.0,0.9785758621150863
2723,4c684da98f405857,True,1.0,1.0,0.960467993302127,1.0,1.0,1.0,0.983528330542553
2724,e7c485c237b352cd,True,1.0,1.0,0.9295273996202239,1.0,1.0,1.0,0.9706364165084267
2725,95448c5ace9e5a22,True,1.0,1.0,1.0,1.0,1.0,1.0,1.0
2726,9db7131f4c8d57dd,True,1.0,1.0,1.0,1.0,1.0,1.0,1.0
2727,209069959e1d5531,True,1.0,1.0,0.7948473246690659,1.0,1.0,1.0,0.9145197186121109
2728,d70f8a8eeeeb5e82,True,1.0,1.0,0.8310677849732413,1.0,1.0,1.0,0.9296115770721839
2729,9bd3994107ba52bc,True,1.0,1.0,0.8407788604557694,1.0,1.0,1.0,0.9336578585232372
2730,dd8ac2f25ac75478,True,1.0,1.0,0.8082247815201632,1.0,1.0,1.0,0.9200936589667347
2731,b2f8e3b0a7a1565e,True,1.0,1.0,0.776321357274345,1.0,1.0,1.0,0.9068005655309771
2732,868e70f831cb551c,True,1.0,1.0,0.9277177118060093,1.0,1.0,1.0,0.9698823799191706
2733,1e1f35531c5856bb,True,1.0,1.0,0.6478028078555259,1.0,1.0,1.0,0.8532511699398024
2734,851ef663a5775acd,True,1.0,1.0,1.0,1.0,1.0,1.0,1.0
2735,eb74b3c99b175bc1,True,1.0,1.0,0.9059199102643324,1.0,1.0,1.0,0.9607999626101386
2736,2f9b9537ea1c5018,True,1.0,1.0,0.8999562885145389,1.0,1.0,1.0,0.9583151202143911
2737,229de058ec7b59bd,True,1.0,1.0,1.0,1.0,1.0,1.0,1.0
2738,a3e0421d08d25e5b,True,1.0,1.0,0.6522183613833279,1.0,1.0,1.0,0.8550909839097199
2739,b32ef3cb010c5903,True,1.0,1.0,0.9200952851148908,1.0,1.0,1.0,0.9667063687978712
2740,cf3b2b1199045e08,True,1.0,1.0,0.901424803167679,1.0,1.0,1.0,0.9589270013198662
2741,84ec7e450e205d8f,True,1.0,1.0,0.8762402726769167,1.0,1.0,1.0,0.9484334469487153
2742,1d3cf448005f56c1,True,1.0,1.0,1.0,1.0,1.0,1.0,1.0
2743,d11fc492a41e5279,True,1.0,1.0,0.7451679844621762,1.0,1.0,1.0,0.8938199935259067
2744,3761f5d0d74d55eb,True,1.0,1.0,0.8199883838028303,1.0,1.0,1.0,0.924995159917846
2745,33ee6f1f594d50ca,True,1.0,1.0,0.9660260319210561,1.0,1.0,1.0,0.9858441799671067
2746,d14f03fdfc1d5d54,True,1.0,1.0,0.846153306365779,1.0,1.0,1.0,0.9358972109857412
2747,08e8092f5e66571f,True,1.0,1.0,0.8047629073057713,1.0,1.0,1.0,0.9186512113774047
2748,3ce3c32cb4655d3d,True,1.0,1.0,0.9748845258917834,1.0,1.0,1.0,0.9895352191215764
2749,c159f0c331075464,True,1.0,1.0,1.0,1.0,1.0,1.0,1.0
2750,41d8a2d6fa6853c5,True,1.0,1.0,0.8267315212338419,1.0,1.0,1.0,0.9278048005141007
2751,6a947d290fe257ce,True,1.0,1.0,0.8482098907630994,1.0,1.0,1.0,0.9367541211512913
2752,b8ca1857a0f75fb4,True,1.0,1.0,0.5884029540831643,1.0,1.0,1.0,0.8285012308679852
2753,59504d2ffda35a72,True,1.0,1.0,1.0,1.0,1.0,1.0,1.0
2754,18b76ccc45d25f5c,True,1.0,1.0,0.7970240776468537,1.0,1.0,0.0,0.9154266990195223
2755,7be8784c329456b4,True,1.0,1.0,1.0,1.0,1.0,1.0,1.0
2756,307fee530f99569a,True,1.0,1.0,0.9616513901973672,1.0,1.0,1.0,0.9840214125822363
2757,b39406677030585e,True,1.0,1.0,0.7537708489899255,1.0,1.0,1.0,0.897404520412469
2758,ab40048b88b257c3,True,1.0,1.0,0.9870941752781084,1.0,1.0,1.0,0.9946225730325452
2759,81e7354de4e35a97,True,1.0,1.0,0.7273993706537663,1.0,1.0,1.0,0.8864164044390693
2760,702b40dba11550ae,True,1.0,1.0,0.8274330391111532,1.0,1.0,1.0,0.9280970996296473
2761,6e9027bc59c857a9,True,1.0,1.0,0.6282261041878626,1.0,1.0,1.0,0.8450942100782761
2762,86536c24d4805ac7,True,1.0,1.0,0.6675003171783965,1.0,1.0,1.0,0.8614584654909985
2763,016d6a913efa5ff1,True,1.0,1.0,0.7894314078623,1.0,1.0,1.0,0.9122630866092917
2764,795d49f6b8ec5f69,True,1.0,1.0,0.8417469653498492,1.0,1.0,1.0,0.9340612355624373
2765,c4d87486264d508a,True,1.0,1.0,0.9067470885984275,1.0,1.0,1.0,0.9611446202493448
2766,c447b75808ee5ea6,True,1.0,1.0,1.0,1.0,1.0,1.0,1.0
2767,b1e09de4af085129,True,1.0,1.0,0.7998110062745523,1.0,1.0,1.0,0.9165879192810635
2768,b090f02ef43f5d41,True,1.0,1.0,0.6076467720781001,1.0,1.0,1.0,0.836519488365875
2769,e11f2ff7ffba5b45,True,1.0,1.0,1.0,1.0,1.0,1.0,1.0
2770,d70c87fa9c59524a,True,1.0,1.0,0.95723417435182,1.0,1.0,1.0,0.982180905979925
2771,6782b9c3686f58f3,True,1.0,1.0,0.43107796206970295,1.0,1.0,0.5,0.7629491508623762
2772,8be5c83488ff5980,True,1.0,1.0,0.7399458296726105,1.0,1.0,1.0,0.8916440956969209
2773,0b3a16034cc35dc0,True,1.0,1.0,0.7818803534408708,1.0,1.0,1.0,0.9091168139336961
2774,6bea22b0ee0e5929,False,,,,,,,
2775,082dba79a46d57b2,True,1.0,1.0,1.0,1.0,1.0,1.0,1.0
2776,e3194cb3328b512f,True,1.0,1.0,1.0,1.0,1.0,1.0,1.0
2777,2e7d8157798851f3,True,1.0,1.0,0.9448735668894584,1.0,1.0,1.0,0.9770306528706078
2778,aa41c7c6037e5950,True,1.0,1.0,0.6292224800859431,1.0,1.0,1.0,0.8455093667024762
2779,455fdf27af915de2,True,1.0,1.0,1.0,1.0,1.0,1.0,1.0
2780,984c4c329ba05bd2,True,1.0,1.0,1.0,1.0,1.0,1.0,1.0
2781,a0e9cbedca0a56b7,True,1.0,1.0,1.0,1.0,1.0,1.0,1.0
2782,b435be7b7b1b5dd4,True,1.0,1.0,1.0,1.0,1.0,1.0,1.0
2783,fcdc1e7c917e5283,True,1.0,1.0,0.803718787529441,1.0,1.0,1.0,0.9182161614706005
2784,54ae4b189e79541b,True,1.0,1.0,0.959068027942922,1.0,1.0,1.0,0.9829450116428843
2785,11c5f66a6657545d,True,1.0,1.0,0.8913342792641339,1.0,1.0,1.0,0.9547226163600557
2786,8feb2ae5cc2451c3,True,1.0,1.0,1.0,1.0,1.0,1.0,1.0
2787,16e4bd114af157a4,True,1.0,1.0,1.0,1.0,1.0,1.0,1.0
2788,43f586c2ca4b5929,True,1.0,1.0,0.7330760572773677,1.0,1.0,1.0,0.8887816905322365
2789,1212ba4b68e95583,True,1.0,1.0,0.5850011603157277,1.0,1.0,1.0,0.8270838167982199
2790,718ebae5b23855f7,True,1.0,1.0,1.0,1.0,1.0,1.0,1.0
2791,0924309bada05ea6,True,1.0,1.0,0.8038309725991913,1.0,1.0,1.0,0.9182629052496631
2792,19a718729d3a5e37,True,1.0,1.0,1.0,1.0,1.0,1.0,1.0
2793,91081d9b9b0452b9,True,1.0,1.0,1.0,1.0,1.0,1.0,1.0
2794,faba362f85a95b6c,True,1.0,1.0,0.9034472917521098,1.0,1.0,1.0,0.9597697048967125
2795,f322d71f14a35cfa,True,1.0,1.0,1.0,1.0,1.0,1.0,1.0
2796,average,False,0.9903329752953813,0.9516648764769066,0.8209961637311104,0.9684926602219835,0.9989258861439313,0.9803079126387397,0.8862099124747866
