,token,valid,no_at_fault_collisions,drivable_area_compliance,ego_progress,time_to_collision_within_bound,comfort,driving_direction_compliance,score
0,50e5a63ba7ac5d51,True,1.0,1.0,1.0,1.0,1.0,1.0,1.0
1,fc0d0363cab85e22,True,1.0,1.0,0.7513518835840634,1.0,1.0,1.0,0.8963966181600265
2,27861c4d747751ba,True,1.0,1.0,1.0,1.0,1.0,1.0,1.0
3,b821203c112455cb,True,1.0,1.0,1.0,1.0,1.0,1.0,1.0
4,c0941949acdb5ebc,True,1.0,1.0,1.0,1.0,1.0,1.0,1.0
5,6215ad2b225e5b1a,True,1.0,1.0,0.8077388429626321,1.0,1.0,1.0,0.9198911845677634
6,0590cb08d06a5905,True,1.0,1.0,0.9294850095733602,1.0,1.0,1.0,0.9706187539889001
7,e6095ad750805bff,True,1.0,1.0,1.0,1.0,1.0,1.0,1.0
8,25dbdd29ce325538,True,1.0,1.0,0.9014090331946899,1.0,1.0,1.0,0.9589204304977875
9,cb3c9e9327b25cdc,True,1.0,1.0,1.0,1.0,1.0,1.0,1.0
10,f4fc2446b41e55ba,True,1.0,1.0,0.8752677922763415,1.0,1.0,1.0,0.9480282467818091
11,7b73da0bb98b5e56,True,1.0,1.0,0.8484233456364476,1.0,1.0,1.0,0.9368430606818533
12,9e28afceaa155cf4,True,1.0,1.0,1.0,1.0,1.0,1.0,1.0
13,ada00fe35a595d6b,True,1.0,1.0,1.0,1.0,1.0,1.0,1.0
14,9833f2646439513e,True,1.0,1.0,1.0,1.0,1.0,1.0,1.0
15,df2257e552655d84,True,1.0,1.0,1.0,1.0,1.0,1.0,1.0
16,78e0e3e1292d5431,True,1.0,1.0,1.0,1.0,1.0,1.0,1.0
17,9e1cdfa2d2185645,True,1.0,1.0,0.7651972657329514,1.0,1.0,1.0,0.9021655273887298
18,9f97b9c20ffc50b5,True,1.0,1.0,0.7705303834836602,1.0,1.0,1.0,0.9043876597848585
19,6cb33358dfbc5a84,True,1.0,1.0,0.7671644335516214,1.0,1.0,1.0,0.9029851806465089
20,8c67448dd4da50a3,True,1.0,1.0,0.8959695031918464,1.0,1.0,1.0,0.9566539596632694
21,60b09bc0e48c5d97,True,1.0,1.0,0.9857823929804278,1.0,1.0,1.0,0.9940759970751781
22,1a46cad936c05c2b,True,1.0,1.0,1.0,1.0,1.0,1.0,1.0
23,8b8ae78cc3685216,True,1.0,1.0,0.8704862206234436,1.0,1.0,1.0,0.9460359252597682
24,8840042ede42578a,True,1.0,1.0,0.7263837600553656,1.0,1.0,1.0,0.8859932333564023
25,5bd2bc00e2d358e0,True,1.0,1.0,1.0,1.0,1.0,1.0,1.0
26,4c5164f4b17d5581,True,1.0,1.0,1.0,1.0,1.0,1.0,1.0
27,62667ead92a35fbd,True,1.0,1.0,1.0,1.0,1.0,1.0,1.0
28,553d5ef6d98e5728,True,1.0,1.0,0.7705681573796934,1.0,1.0,1.0,0.9044033989082055
29,0c437f9a102c57f4,True,1.0,1.0,0.8691277425810774,1.0,1.0,1.0,0.9454698927421156
30,f40f57ad82885f04,True,1.0,1.0,1.0,1.0,1.0,1.0,1.0
31,f597ea9aeb7f512d,True,1.0,0.0,0.0,1.0,1.0,1.0,0.0
32,2da6f8c86c135473,True,1.0,1.0,0.8121629380628345,1.0,1.0,1.0,0.921734557526181
33,7c8900e0a2ef5024,True,1.0,1.0,0.5589424920096911,1.0,1.0,0.5,0.8162260383373713
34,86cad912457d5115,True,1.0,1.0,1.0,1.0,1.0,1.0,1.0
35,7d6f05aa48385ce8,True,1.0,1.0,0.8979165371848862,1.0,1.0,1.0,0.9574652238270359
36,fa7f471f19aa5806,True,1.0,1.0,0.8970054687008191,1.0,1.0,1.0,0.9570856119586746
37,2c29f40d1a1d5b28,True,1.0,1.0,0.9541251203948315,1.0,1.0,1.0,0.9808854668311797
38,649ee93e67cc58bb,True,1.0,1.0,1.0,1.0,1.0,1.0,1.0
39,6c5d84e81aca5755,True,1.0,1.0,0.7665510121168098,1.0,1.0,1.0,0.902729588382004
40,9580cc2199c55666,True,1.0,1.0,0.9316916051611009,1.0,1.0,1.0,0.9715381688171254
41,e0ae2ba5807f558a,True,1.0,1.0,0.7823686309715788,1.0,1.0,1.0,0.9093202629048246
42,b1906c6b8b8f5f56,True,1.0,1.0,1.0,1.0,1.0,1.0,1.0
43,ab94d64d31ea5435,True,1.0,1.0,1.0,1.0,1.0,1.0,1.0
44,be503a7ef2805c88,True,1.0,1.0,1.0,1.0,1.0,1.0,1.0
45,d01ce29c2b1951a2,True,1.0,1.0,0.7724624532317564,1.0,1.0,1.0,0.9051926888465651
46,bce567be125d523e,True,1.0,1.0,0.9841851892180721,1.0,1.0,1.0,0.99341049550753
47,89e9fbdf25415d68,True,1.0,0.0,0.0,1.0,1.0,1.0,0.0
48,268ab283b4a95126,True,1.0,1.0,0.8873370023539691,1.0,1.0,1.0,0.9530570843141538
49,21dbc361352b5dbd,True,1.0,1.0,0.758128366400932,1.0,1.0,1.0,0.899220152667055
50,e9505f806d8d5998,True,1.0,0.0,0.0,1.0,1.0,1.0,0.0
51,a99b2322093b5c13,True,1.0,1.0,1.0,1.0,1.0,1.0,1.0
52,3a2203251ab65b53,True,1.0,1.0,1.0,1.0,1.0,1.0,1.0
53,69486575fad551b7,True,1.0,1.0,0.9446900157108341,1.0,1.0,1.0,0.9769541732128476
54,8959015fc1fe5791,True,1.0,1.0,0.6326390651515361,1.0,1.0,1.0,0.84693294381314
55,d9bbf36a9fca56a9,True,1.0,1.0,0.9372408819064629,1.0,1.0,1.0,0.9738503674610263
56,f530d03c88b652a7,True,1.0,1.0,0.7782481818613851,1.0,1.0,1.0,0.9076034091089106
57,b8314864431a5665,True,1.0,1.0,0.7559167547408997,1.0,1.0,1.0,0.8982986478087082
58,bc2314763cfc545d,True,1.0,1.0,0.8077971443122491,1.0,1.0,1.0,0.9199154767967705
59,7fcf6a30139b5d3e,True,1.0,1.0,0.9069583787690565,1.0,1.0,1.0,0.9612326578204402
60,4f2041f942aa5630,True,1.0,1.0,0.5876593853772207,1.0,1.0,1.0,0.8281914105738419
61,4b683f53656f5bdd,True,1.0,1.0,0.8389184636040515,1.0,1.0,1.0,0.9328826931683548
62,93bc5a4ab6a95986,True,1.0,1.0,0.8745032027011532,1.0,1.0,1.0,0.9477096677921472
63,2f1653c3481b50f1,True,1.0,1.0,1.0,1.0,1.0,1.0,1.0
64,9106979ff1c15ad3,True,1.0,1.0,1.0,1.0,1.0,1.0,1.0
65,868b74972b4c59fd,True,1.0,1.0,0.8561343295298539,1.0,1.0,1.0,0.9400559706374391
66,6cdf58d03f8e5493,True,1.0,1.0,0.651606727796647,1.0,1.0,1.0,0.8548361365819362
67,fd20892efbe35102,True,1.0,1.0,0.8234940183253527,1.0,1.0,1.0,0.926455840968897
68,8f5b6181d28e5d4a,True,1.0,1.0,0.8779280736284701,1.0,1.0,1.0,0.9491366973451959
69,55bc862799d350f9,True,1.0,1.0,1.0,1.0,1.0,1.0,1.0
70,e96c8f66dae15d60,True,1.0,1.0,1.0,1.0,1.0,1.0,1.0
71,1d3700dc6c9950e0,True,1.0,1.0,0.5268274181447199,1.0,1.0,1.0,0.8028447575602998
72,f20518f97cb558d4,True,1.0,1.0,0.8426096021149906,1.0,1.0,1.0,0.9344206675479128
73,153af25086535f35,True,1.0,0.0,0.0,0.0,1.0,1.0,0.0
74,64edcbd39d2b5f08,True,1.0,1.0,0.9813270381053151,1.0,1.0,1.0,0.9922195992105479
75,abdf3c37dc03596c,True,1.0,1.0,0.7642751548256886,1.0,1.0,1.0,0.9017813145107035
76,998a30325ca25437,True,1.0,1.0,1.0,1.0,1.0,1.0,1.0
77,73eda22129255831,True,1.0,1.0,0.9123796680731705,1.0,1.0,1.0,0.963491528363821
78,7682ed33c75a5116,True,1.0,1.0,0.5613212035838365,1.0,1.0,1.0,0.817217168159932
79,f5f173ece87c5c11,True,1.0,1.0,0.7878841299741112,1.0,1.0,1.0,0.911618387489213
80,acb57a529dae5da1,True,1.0,1.0,0.8032205973996729,1.0,1.0,1.0,0.9180085822498637
81,3af3b3a7a8635164,True,1.0,1.0,1.0,1.0,1.0,1.0,1.0
82,7602fcbad344586a,True,1.0,1.0,0.7901108106278122,1.0,1.0,1.0,0.9125461710949218
83,8564551c362e5f26,True,1.0,1.0,0.985613003621047,1.0,1.0,1.0,0.9940054181754362
84,8e9e20dde3ed5f0d,True,1.0,1.0,0.5294057756893698,1.0,1.0,1.0,0.803919073203904
85,a2c2e046132e5596,True,1.0,1.0,0.8343141953313629,1.0,1.0,1.0,0.9309642480547344
86,b930ed8abf2b5e8d,True,1.0,1.0,1.0,1.0,1.0,1.0,1.0
87,facc11b0d1075018,True,1.0,0.0,0.0,1.0,1.0,0.0,0.0
88,abb2ccc5501c58f3,True,1.0,1.0,0.5256347724408209,1.0,1.0,1.0,0.802347821850342
89,db817c126780531f,True,1.0,1.0,0.6402463029110109,1.0,1.0,1.0,0.8501026262129212
90,7498dbe0e2b65539,True,1.0,1.0,0.7742567643780984,1.0,1.0,1.0,0.9059403184908743
91,78f8d55c59105b7b,True,1.0,1.0,1.0,1.0,1.0,1.0,1.0
92,5a35f8abb51c5303,True,1.0,1.0,1.0,1.0,1.0,1.0,1.0
93,ef51ebb0662159d9,True,1.0,1.0,0.8931764080969149,1.0,1.0,1.0,0.9554901700403812
94,73471e4908bc5708,True,1.0,1.0,0.6136695814601754,1.0,1.0,1.0,0.8390289922750731
95,d5039871a3fb5b04,True,1.0,1.0,0.7297979648128239,1.0,1.0,1.0,0.88741581867201
96,e7c691d409295501,True,1.0,1.0,0.7571889422457362,1.0,1.0,1.0,0.8988287259357234
97,66c2b2bf35745563,True,1.0,1.0,0.948324631821622,1.0,1.0,1.0,0.9784685965923424
98,3baab5739cb95408,True,1.0,1.0,0.8443171212577707,1.0,1.0,0.0,0.9351321338574045
99,1d372d9debb155cb,True,1.0,1.0,0.8118377182002932,1.0,1.0,1.0,0.9215990492501221
100,a911eef9f873522a,True,1.0,1.0,0.7846366370358837,1.0,1.0,1.0,0.9102652654316182
101,bc1489ef42185fa1,True,1.0,1.0,0.5432410163701259,1.0,1.0,1.0,0.8096837568208858
102,ba3cdbcd0c3f5e49,True,1.0,1.0,0.7025243226760399,1.0,1.0,1.0,0.8760518011150166
103,09a004a6ded55f7e,True,1.0,1.0,0.8682075488564945,1.0,1.0,1.0,0.9450864786902061
104,99b52fa162c550d4,True,1.0,1.0,0.8020372846655355,1.0,1.0,1.0,0.9175155352773064
105,f4da372227475285,True,1.0,1.0,0.9384522985702851,1.0,1.0,1.0,0.9743551244042855
106,04674da1553352ad,True,1.0,1.0,1.0,1.0,1.0,1.0,1.0
107,638b83e65dd259f8,True,1.0,1.0,1.0,1.0,1.0,1.0,1.0
108,f750532882175c31,True,1.0,1.0,0.8795962110866496,1.0,1.0,1.0,0.9498317546194374
109,5bfd2094e1ed528c,True,1.0,1.0,1.0,1.0,1.0,1.0,1.0
110,5a4709a2348f58a7,True,1.0,1.0,1.0,1.0,1.0,1.0,1.0
111,2b482f615de15efb,True,1.0,1.0,1.0,1.0,1.0,1.0,1.0
112,cc71f3639268516f,True,1.0,1.0,0.8792201367314348,1.0,1.0,1.0,0.9496750569714312
113,7aed9edff97256c0,True,1.0,0.0,0.0,1.0,1.0,1.0,0.0
114,83e71223f25a5137,True,1.0,1.0,0.8494936335732675,1.0,1.0,1.0,0.9372890139888614
115,01329f4a29285dfe,True,1.0,1.0,0.774085898513778,1.0,1.0,1.0,0.9058691243807409
116,6ce0bfddedef5981,True,1.0,1.0,0.9600451287523927,1.0,1.0,1.0,0.9833521369801635
117,5868a706ae7b5003,True,1.0,1.0,0.9399179626117516,1.0,1.0,1.0,0.9749658177548964
118,1c64f911576a502d,True,1.0,1.0,1.0,1.0,1.0,1.0,1.0
119,f6f14df95f6c52af,True,1.0,1.0,0.8944308607931195,1.0,1.0,0.0,0.9560128586637998
120,c013f92386ab5921,True,1.0,1.0,1.0,1.0,1.0,1.0,1.0
121,a622ff338b425c28,True,1.0,1.0,0.9570152860869757,1.0,1.0,1.0,0.98208970253624
122,59dcc37e3f235412,True,1.0,1.0,1.0,1.0,1.0,1.0,1.0
123,f9bce7199ad8555d,True,1.0,1.0,1.0,1.0,1.0,1.0,1.0
124,842c341a579a525e,True,1.0,1.0,0.8691263837784443,1.0,1.0,1.0,0.9454693265743518
125,d89a663c15da5ce2,True,1.0,1.0,0.9134634550776657,1.0,1.0,1.0,0.9639431062823607
126,569da35d0f00545a,True,1.0,1.0,0.855927956744059,1.0,1.0,1.0,0.9399699819766912
127,da36c99454f65715,True,1.0,1.0,0.9519302251342001,1.0,1.0,1.0,0.97997092713925
128,afe3f2650ff85a95,True,1.0,1.0,1.0,1.0,1.0,1.0,1.0
129,4ceb0bc19e0f57d5,True,1.0,1.0,1.0,1.0,1.0,1.0,1.0
130,20ae5de0a8725d9d,True,1.0,1.0,0.704480281321018,1.0,1.0,1.0,0.8768667838837576
131,42007c7edb945956,True,1.0,1.0,0.7649820217726211,1.0,1.0,1.0,0.9020758424052587
132,6ccc026f6fc55bb0,True,1.0,1.0,1.0,1.0,1.0,1.0,1.0
133,17da0f4b109154d4,True,1.0,1.0,0.8053587673307707,1.0,1.0,1.0,0.9188994863878212
134,4a839f2910c150c6,True,1.0,1.0,1.0,1.0,1.0,1.0,1.0
135,c1839a3333695317,True,1.0,1.0,1.0,1.0,1.0,1.0,1.0
136,29a13686ed375688,True,1.0,1.0,0.8643035734665603,1.0,1.0,1.0,0.9434598222777334
137,3a7b323176855920,True,1.0,1.0,0.7821447736343222,1.0,1.0,1.0,0.909226989014301
138,1854229ce0305578,True,1.0,1.0,0.778024108745032,1.0,1.0,1.0,0.90751004531043
139,c51da2f899b55508,True,1.0,1.0,1.0,1.0,1.0,1.0,1.0
140,e717645716555e33,True,1.0,1.0,1.0,1.0,1.0,1.0,1.0
141,5c5e0e2c9d225b98,True,1.0,1.0,0.9567184799373735,1.0,1.0,1.0,0.981966033307239
142,cd5af222f868534b,True,1.0,1.0,0.844281243867561,1.0,1.0,1.0,0.9351171849448171
143,cd1304eac1a25f00,True,1.0,1.0,0.6693166511415523,1.0,1.0,1.0,0.8622152713089801
144,42d1bc19fbc35965,True,1.0,1.0,1.0,1.0,1.0,1.0,1.0
145,f1bdf7e4e9f5534e,True,1.0,1.0,0.8298463226616699,1.0,1.0,1.0,0.9291026344423624
146,8e5ce0a119585d3b,True,1.0,1.0,0.8061278365841916,1.0,1.0,0.0,0.9192199319100798
147,c9b12b21fa7c57fd,True,1.0,1.0,1.0,1.0,1.0,1.0,1.0
148,ae68b10cd5085e7c,True,1.0,1.0,0.8708336717291518,1.0,1.0,1.0,0.9461806965538132
149,30d5d8dfd52451a9,True,1.0,1.0,1.0,1.0,1.0,1.0,1.0
150,463d1cf17f915536,True,1.0,1.0,0.8945080488328865,1.0,1.0,1.0,0.956045020347036
151,4f87ef91e3425ebc,True,1.0,1.0,0.7787638664533771,1.0,1.0,1.0,0.9078182776889072
152,e4fdad547c9a54a7,True,1.0,1.0,1.0,1.0,1.0,1.0,1.0
153,9ed452bde7335185,True,1.0,1.0,0.7925014475936513,1.0,1.0,1.0,0.9135422698306881
154,2371a65f76025bfd,True,1.0,1.0,0.6222471951830217,1.0,1.0,1.0,0.8426029979929256
155,e3a04835bb6357ad,True,1.0,1.0,0.6519578351548035,1.0,1.0,1.0,0.8549824313145015
156,d77a9c90baf35d87,True,1.0,1.0,1.0,1.0,1.0,1.0,1.0
157,123bc88af914514c,True,1.0,1.0,1.0,1.0,1.0,1.0,1.0
158,e8d869b5752751a6,True,1.0,1.0,0.9483645093847488,1.0,1.0,1.0,0.9784852122436454
159,f0a6222ab3e55174,True,1.0,1.0,0.9761389175936382,1.0,1.0,1.0,0.9900578823306826
160,42eef0001e6c5498,True,1.0,1.0,0.7347380338073597,1.0,1.0,1.0,0.8894741807530666
161,40bdfb00872f5bc4,True,1.0,1.0,1.0,1.0,1.0,1.0,1.0
162,a28af989d6ea5fe8,True,1.0,1.0,0.7525925601330697,1.0,1.0,1.0,0.8969135667221124
163,7178178922315ef7,True,1.0,1.0,1.0,1.0,1.0,1.0,1.0
164,dc2279179bb25d08,True,1.0,1.0,0.638690255595338,1.0,1.0,1.0,0.8494542731647242
165,6c130d90781359d4,True,1.0,1.0,0.9556233010357053,1.0,1.0,1.0,0.9815097087648773
166,98ae2c97a0375eaf,True,1.0,1.0,0.8866499519712121,1.0,1.0,1.0,0.9527708133213384
167,e9b43b140b1d54bf,True,1.0,1.0,1.0,1.0,1.0,1.0,1.0
168,ffb2d865d42e57c0,True,1.0,1.0,0.9472959541340867,1.0,1.0,1.0,0.9780399808892027
169,6322316826a2547a,True,1.0,1.0,0.7609521691308803,1.0,1.0,1.0,0.9003967371378668
170,e6077696f29b54ca,True,0.0,1.0,0.0,0.0,1.0,0.5,0.0
171,ed4bcfb05c405bac,True,1.0,1.0,0.8644421938561124,1.0,1.0,1.0,0.9435175807733801
172,697c73f258ef5745,True,1.0,1.0,0.9268497967772581,1.0,1.0,1.0,0.969520748657191
173,48e9a54281845595,True,1.0,1.0,0.9234858938940105,1.0,1.0,1.0,0.9681191224558378
174,a197927702b850f4,True,1.0,1.0,0.7738616625623166,1.0,1.0,1.0,0.9057756927342986
175,1148c72f141c532d,True,0.0,0.0,0.0,0.0,0.0,1.0,0.0
176,4e39c50ddb075303,True,1.0,1.0,1.0,1.0,1.0,1.0,1.0
177,172506ac332d5af5,True,1.0,1.0,0.7734657141332213,1.0,1.0,1.0,0.9056107142221755
178,76b1b05efba353fe,True,1.0,0.0,0.0,1.0,1.0,1.0,0.0
179,a371624958cb52ea,True,1.0,1.0,1.0,1.0,1.0,1.0,1.0
180,a417154cf84a5426,True,1.0,1.0,1.0,1.0,1.0,1.0,1.0
181,15f703b63e545d42,True,1.0,1.0,0.8124352411386772,1.0,1.0,1.0,0.9218480171411155
182,e0865304e2b95eaa,True,1.0,1.0,1.0,1.0,1.0,1.0,1.0
183,e8a004bfab7d5034,True,1.0,1.0,0.8171644359606794,1.0,1.0,1.0,0.9238185149836164
184,256f41bada0e5028,True,1.0,1.0,0.9013165855645997,1.0,1.0,1.0,0.9588819106519165
185,5e4dd8c91b8453bf,True,1.0,1.0,1.0,1.0,1.0,1.0,1.0
186,fe41706ad44652b0,True,1.0,1.0,0.7694362833626875,1.0,1.0,1.0,0.9039317847344531
187,fa7555f0099f5c59,True,1.0,1.0,1.0,1.0,1.0,1.0,1.0
188,4cdcf106cb5d5c63,True,1.0,1.0,1.0,1.0,1.0,1.0,1.0
189,50aa287e430e5ab3,True,1.0,1.0,1.0,1.0,1.0,1.0,1.0
190,fe4bac0ae9bc5639,True,1.0,1.0,0.5515713615311881,1.0,1.0,1.0,0.8131547339713284
191,7a64a496ba815aa8,True,1.0,1.0,0.7056603815024837,1.0,1.0,1.0,0.8773584922927015
192,029a9572e05a5914,True,1.0,1.0,0.992467751744697,1.0,1.0,1.0,0.9968615632269571
193,63eeb15e6e3e5504,True,1.0,1.0,0.7383627103596889,1.0,1.0,1.0,0.8909844626498704
194,d08754ee7c5c5949,True,1.0,1.0,1.0,1.0,1.0,1.0,1.0
195,322023693f1f5f55,True,1.0,1.0,0.8251930752085244,1.0,1.0,1.0,0.9271637813368852
196,1a1b315baec45bc3,True,1.0,1.0,1.0,1.0,1.0,1.0,1.0
197,7fad5a0c8cdd5fc4,True,1.0,1.0,1.0,1.0,1.0,1.0,1.0
198,5b20163cab175e68,True,1.0,1.0,0.7729587622351206,1.0,1.0,1.0,0.9053994842646335
199,c5709bf1224a5401,True,1.0,1.0,0.9023939266332036,1.0,1.0,1.0,0.9593308027638349
200,1ed469afe6545946,True,1.0,1.0,0.8335180575601556,1.0,1.0,1.0,0.9306325239833981
201,a9fc9ff67fef5b5c,True,1.0,1.0,1.0,1.0,1.0,1.0,1.0
202,c2915f2ac7f55f97,True,1.0,1.0,0.9909919806824596,1.0,1.0,1.0,0.9962466586176916
203,d3cca8ce7e1458ad,True,1.0,1.0,1.0,1.0,1.0,1.0,1.0
204,98017c16248a5f54,True,1.0,1.0,0.9046749885574104,1.0,1.0,1.0,0.9602812452322542
205,fe520672ef8f5770,True,1.0,1.0,1.0,1.0,1.0,1.0,1.0
206,67628d15c5b45860,True,1.0,1.0,0.7727127384883808,1.0,1.0,1.0,0.9052969743701587
207,8f976b493bbc59b4,True,1.0,1.0,1.0,1.0,1.0,1.0,1.0
208,d5ebca598bce566e,True,1.0,1.0,1.0,1.0,1.0,1.0,1.0
209,1ad237fbbbcf51ab,True,1.0,1.0,1.0,1.0,1.0,1.0,1.0
210,6c578cebcf47592b,True,1.0,0.0,0.0,1.0,1.0,1.0,0.0
211,6b72426a8dd155bb,True,1.0,1.0,0.8739950224531945,1.0,1.0,1.0,0.9474979260221644
212,9483fae2cfc352eb,True,1.0,1.0,0.5255950208023069,1.0,1.0,1.0,0.8023312586676279
213,5bd8cf3fa67a524f,True,1.0,1.0,0.9969815294449671,1.0,1.0,1.0,0.998742303935403
214,51bf8103b6cd5b4c,True,1.0,1.0,0.9473548416347841,1.0,1.0,1.0,0.9780645173478266
215,b18f4a30eea65702,True,1.0,1.0,0.9282612129372773,1.0,1.0,1.0,0.9701088387238656
216,b38af8cb560c5295,True,1.0,1.0,0.7859728766007315,1.0,1.0,1.0,0.9108220319169714
217,777328bf3a3d5e15,True,1.0,1.0,0.8027076009618855,1.0,1.0,1.0,0.917794833734119
218,d3a9acba43a05b83,True,1.0,1.0,0.8901640194307856,1.0,1.0,1.0,0.9542350080961607
219,a02d58c7e9ee50f5,True,1.0,1.0,1.0,1.0,1.0,1.0,1.0
220,c42677f7e56f5c3f,True,1.0,1.0,1.0,1.0,1.0,1.0,1.0
221,57d9e7f9125751e2,True,1.0,1.0,0.7476198576099953,1.0,1.0,1.0,0.8948416073374981
222,d5f582e6945d5bc3,True,1.0,1.0,1.0,1.0,1.0,1.0,1.0
223,1e241714a35658ff,True,1.0,1.0,1.0,1.0,1.0,1.0,1.0
224,e52c457d50455d0c,True,1.0,1.0,0.7508379483371851,1.0,1.0,1.0,0.8961824784738271
225,8bdf510cc78751f1,True,1.0,1.0,0.584622195203245,1.0,1.0,1.0,0.8269259146680188
226,fc48d9805c955217,True,1.0,1.0,1.0,1.0,1.0,1.0,1.0
227,4e50c7903a8c5303,True,1.0,1.0,1.0,1.0,1.0,1.0,1.0
228,70b8b9ad6d6f54f7,True,1.0,1.0,1.0,1.0,1.0,1.0,1.0
229,4145cfd5d9b659fa,True,1.0,1.0,0.7387637284573827,1.0,1.0,1.0,0.8911515535239095
230,2a9a3fe02d46551c,True,1.0,1.0,0.7287010832877583,1.0,1.0,1.0,0.8869587847032326
231,21acd3bbf97b5cbe,True,1.0,1.0,1.0,1.0,1.0,1.0,1.0
232,574aa2eca31057d5,True,1.0,1.0,1.0,1.0,1.0,1.0,1.0
233,3bf1265b7ab65fc2,True,1.0,1.0,0.9769475460583883,1.0,1.0,1.0,0.9903948108576618
234,dece3a034000579e,True,1.0,1.0,1.0,1.0,1.0,1.0,1.0
235,e4b6a49b32545d95,True,1.0,1.0,0.9128480670419317,1.0,1.0,1.0,0.9636866946008048
236,ecbe3bf1006155c7,True,1.0,1.0,0.8200334684858225,1.0,1.0,1.0,0.9250139452024261
237,3e09adf2d7055216,True,1.0,1.0,1.0,1.0,1.0,1.0,1.0
238,0774f6d8e3185794,True,1.0,1.0,0.8552981988856828,1.0,1.0,1.0,0.9397075828690346
239,0af464147919575d,True,1.0,1.0,1.0,1.0,1.0,1.0,1.0
240,7d2043fe1fd75586,True,1.0,1.0,0.888095539130173,1.0,1.0,1.0,0.9533731413042389
241,d7ba299450ae53e2,True,1.0,1.0,0.7613909781098016,1.0,1.0,1.0,0.9005795742124173
242,e11091e5742d545b,True,1.0,1.0,0.6438595194522188,1.0,1.0,1.0,0.8516081331050911
243,ca2552a32a0058bc,True,1.0,1.0,0.6088449008333379,1.0,1.0,1.0,0.8370187086805574
244,f5ac458eab7b5ba5,True,1.0,1.0,0.9527892826640083,1.0,1.0,1.0,0.9803288677766702
245,ea38508ef0de57c3,True,1.0,1.0,0.6730220945159154,1.0,1.0,1.0,0.863759206048298
246,e9f68a55225a536c,True,1.0,1.0,0.905195569776279,1.0,1.0,1.0,0.9604981540734495
247,7a35be74d30b5a74,True,1.0,1.0,1.0,1.0,1.0,1.0,1.0
248,887e4d57da835b12,True,1.0,1.0,1.0,1.0,1.0,1.0,1.0
249,1df1903e5bcd5036,True,1.0,1.0,0.9819628940621308,1.0,1.0,1.0,0.9924845391925544
250,da751fd130625cce,True,1.0,1.0,0.6454107928042065,1.0,1.0,1.0,0.8522544970017526
251,63573ea2fdb85b0e,True,1.0,1.0,0.9080936815952401,1.0,1.0,1.0,0.9617057006646833
252,81c70798936b5140,True,1.0,1.0,1.0,1.0,1.0,1.0,1.0
253,b547cd052795562c,True,1.0,1.0,0.7282871870144623,1.0,1.0,1.0,0.8867863279226927
254,c1e1661e600c570e,True,1.0,1.0,1.0,1.0,1.0,1.0,1.0
255,a21ebf4902fa5e27,True,1.0,1.0,0.8897046576172016,1.0,1.0,1.0,0.9540436073405006
256,72cccfbb9c6f5e9e,True,1.0,1.0,0.8295479428951086,1.0,1.0,1.0,0.9289783095396286
257,ecd769043adc5346,True,1.0,0.0,0.0,1.0,0.0,1.0,0.0
258,9dfb79c738b155b4,True,1.0,1.0,0.6884565801366305,1.0,1.0,1.0,0.8701902417235962
259,069c6a5e408653ab,True,1.0,1.0,0.6490660882388269,1.0,1.0,1.0,0.8537775367661778
260,06392ff957445576,True,1.0,1.0,0.6337101936999405,1.0,1.0,1.0,0.8473792473749752
261,7505cca154d95d60,True,1.0,1.0,0.8926399915579208,1.0,1.0,1.0,0.9552666631491338
262,b562ff054b765717,True,1.0,1.0,0.8625945013055789,1.0,1.0,1.0,0.9427477088773246
263,f0b6499b393152be,True,1.0,0.0,0.0,1.0,1.0,1.0,0.0
264,936bb410fa70545b,True,1.0,1.0,0.8690793779383424,1.0,1.0,1.0,0.9454497408076428
265,33e4d8b62def5fbc,True,1.0,1.0,0.7943891937208138,1.0,1.0,1.0,0.9143288307170058
266,d2440edd19d954b5,True,1.0,1.0,1.0,1.0,1.0,1.0,1.0
267,e1f58cff32225d3a,True,1.0,1.0,1.0,1.0,1.0,1.0,1.0
268,c86c1d9c6e9c58aa,True,1.0,1.0,0.7331225834971482,1.0,1.0,1.0,0.8888010764571451
269,8a880b6ff1dd59ab,True,1.0,1.0,0.6989790703471496,1.0,1.0,1.0,0.8745746126446456
270,69e8fff107b05199,True,1.0,1.0,0.8213982127290425,1.0,1.0,1.0,0.9255825886371011
271,5583c1447acd5f31,True,1.0,1.0,1.0,1.0,1.0,1.0,1.0
272,dc096269aef55bf0,True,1.0,1.0,0.873004830625351,1.0,1.0,1.0,0.9470853460938962
273,69e8a01f073d5080,True,1.0,1.0,0.5898206579939256,1.0,1.0,1.0,0.8290919408308023
274,74308c04628b5879,True,1.0,1.0,0.7699049169776665,1.0,1.0,1.0,0.9041270487406944
275,7cc4cef34e635c5a,True,1.0,0.0,0.0,1.0,1.0,1.0,0.0
276,20c16675ba295725,True,1.0,1.0,0.6498343477684786,1.0,1.0,1.0,0.8540976449035327
277,5cbb02f3e0e253e5,True,1.0,1.0,1.0,1.0,1.0,1.0,1.0
278,0f78a616bdcd55ab,True,1.0,1.0,0.7684766992933189,1.0,1.0,1.0,0.9035319580388829
279,c09cdf83367d5d3f,True,1.0,1.0,0.8376097364814479,1.0,1.0,1.0,0.9323373902006032
280,b3509fd31f495cfb,True,1.0,0.0,0.0,0.0,1.0,1.0,0.0
281,14cb24f3f9fc51c8,True,0.0,1.0,0.0,0.0,1.0,1.0,0.0
282,c64f55518a18575b,True,1.0,1.0,0.8319141716959231,1.0,1.0,1.0,0.9299642382066345
283,ecf0448cf58a54fb,True,1.0,1.0,0.8875115970538564,1.0,1.0,1.0,0.9531298321057736
284,aaa11cdbc8d35178,True,1.0,1.0,1.0,0.0,1.0,1.0,0.5833333333333334
285,505f4ccbd00d5e99,True,1.0,1.0,0.8098204696690718,1.0,1.0,1.0,0.92075852902878
286,8b2a7b6817795ae7,True,1.0,1.0,0.857836768325679,1.0,1.0,1.0,0.9407653201356996
287,ccaf88fb91a25119,True,1.0,1.0,0.6232899082130378,1.0,1.0,1.0,0.8430374617554324
288,b81d52bf71365207,True,1.0,1.0,0.8159107311119085,1.0,1.0,1.0,0.9232961379632952
289,7320f05fb6675c76,True,1.0,1.0,0.7204602127206037,0.0,1.0,1.0,0.46685842196691824
290,93e2f4fc13a35269,True,1.0,1.0,0.8841663109514282,1.0,1.0,1.0,0.9517359628964285
291,73aaa82bd3bb596c,True,1.0,1.0,1.0,1.0,1.0,1.0,1.0
292,b5b57305df6f5b99,True,1.0,1.0,1.0,1.0,1.0,1.0,1.0
293,3e5bb75bed1d58ad,True,1.0,1.0,1.0,1.0,1.0,1.0,1.0
294,b84056c4268153fb,True,1.0,1.0,1.0,1.0,1.0,1.0,1.0
295,0acd819b9eae51f7,True,1.0,0.0,0.0,1.0,1.0,1.0,0.0
296,d8c6aedcb54a56fb,True,1.0,1.0,0.8004133555162594,1.0,1.0,1.0,0.9168388981317747
297,631712394f5b5d72,True,1.0,1.0,0.6968619617439212,1.0,1.0,1.0,0.8736924840599672
298,a46bfe77eed85821,True,1.0,1.0,0.8426903909970428,1.0,1.0,1.0,0.9344543295821012
299,26e7a31dd615509c,True,1.0,1.0,0.9357648840852856,1.0,1.0,1.0,0.9732353683688689
300,0cd0aaeb35c95094,True,1.0,1.0,0.9125241007677988,1.0,1.0,1.0,0.9635517086532494
301,0f8e3ba3d90958d1,True,1.0,1.0,0.9538669873835858,1.0,1.0,1.0,0.9807779114098274
302,6a87e3be62aa5b5b,True,1.0,1.0,1.0,1.0,1.0,1.0,1.0
303,761d3f2365c25886,True,1.0,1.0,0.8786282411345134,1.0,1.0,1.0,0.9494284338060472
304,667140c426e45393,True,1.0,1.0,0.516374784366111,1.0,1.0,1.0,0.7984894934858796
305,4c9e695fc66c583a,True,1.0,1.0,0.8323246947917118,1.0,1.0,1.0,0.9301352894965467
306,3d37ed78124057a1,True,1.0,1.0,0.641920196959622,1.0,1.0,1.0,0.8508000820665091
307,88b49de4eea35896,True,1.0,1.0,0.9548749185176402,1.0,1.0,1.0,0.9811978827156834
308,f99a74d444e651d3,True,1.0,1.0,0.8488252145557649,1.0,1.0,1.0,0.937010506064902
309,a7a0fe1f804c5fa5,True,1.0,1.0,0.9561307210096497,1.0,1.0,1.0,0.9817211337540207
310,270768ccd1df5e0d,True,1.0,1.0,1.0,1.0,1.0,1.0,1.0
311,649b2096884957a9,True,1.0,1.0,1.0,1.0,1.0,1.0,1.0
312,349606982fb252ae,True,1.0,1.0,1.0,1.0,1.0,0.5,1.0
313,beeb0c78917a528a,True,1.0,1.0,1.0,0.0,1.0,1.0,0.5833333333333334
314,736e564340a8557f,True,1.0,1.0,1.0,1.0,1.0,1.0,1.0
315,250be1db1d67582c,True,1.0,1.0,1.0,1.0,1.0,1.0,1.0
316,082ea12d7b2355cb,True,1.0,0.0,0.0,0.0,1.0,1.0,0.0
317,5c872773198c5689,True,1.0,1.0,0.672129793756624,1.0,1.0,1.0,0.8633874140652601
318,f9532e6ad0b05fbb,True,1.0,1.0,0.944028045010092,1.0,1.0,1.0,0.9766783520875384
319,a3a47ea11a5e5939,True,1.0,1.0,1.0,1.0,1.0,1.0,1.0
320,75abd414138d5a4e,True,1.0,1.0,0.7791213191605562,1.0,1.0,1.0,0.9079672163168984
321,c308037e34c45bed,True,1.0,1.0,0.8177097016991406,1.0,1.0,1.0,0.9240457090413084
322,599c8b2bc9b252a7,True,1.0,0.0,0.0,1.0,1.0,1.0,0.0
323,557a287c11cc5960,True,1.0,1.0,1.0,1.0,1.0,1.0,1.0
324,008b419a63b75917,True,1.0,1.0,0.7736917850817405,1.0,1.0,1.0,0.9057049104507252
325,290091fca02b5939,True,1.0,1.0,1.0,1.0,1.0,1.0,1.0
326,53a7531622255064,True,1.0,1.0,0.9742340021465273,1.0,1.0,1.0,0.9892641675610531
327,88c0bfe353235280,True,1.0,1.0,0.8357811180315358,1.0,1.0,0.5,0.9315754658464733
328,3ebe88aecd0c5d20,True,1.0,1.0,0.6913435368894827,1.0,1.0,1.0,0.8713931403706178
329,780eada83bbc57b1,True,1.0,1.0,0.7876945057441238,1.0,1.0,1.0,0.911539377393385
330,5cf43f51d45c552f,True,1.0,1.0,0.9952447902186261,1.0,1.0,1.0,0.9980186625910942
331,e3608421b9825fbd,True,1.0,1.0,1.0,1.0,1.0,1.0,1.0
332,ee492610c55b5440,True,1.0,1.0,1.0,1.0,1.0,1.0,1.0
333,3380d56c05ba594b,True,1.0,1.0,0.8637171906544534,1.0,1.0,1.0,0.9432154961060223
334,04a8b092cd525260,True,1.0,1.0,1.0,1.0,1.0,1.0,1.0
335,87a70998eed25e32,True,1.0,1.0,0.9797048897603787,1.0,1.0,1.0,0.9915437040668245
336,33008a3b27ab59a1,True,1.0,1.0,0.8330719622397718,1.0,1.0,1.0,0.9304466509332382
337,8fce05a181775f63,True,1.0,1.0,0.8467556015671688,1.0,1.0,1.0,0.9361481673196538
338,b8deacee10515f02,True,1.0,1.0,0.8971890821506378,1.0,1.0,1.0,0.9571621175627657
339,8bb0f6034d505f75,True,1.0,1.0,0.6129644405877857,1.0,1.0,1.0,0.838735183578244
340,bcc94c5142785550,True,1.0,1.0,0.8181224214283843,1.0,1.0,1.0,0.9242176755951602
341,47f76d2da48f57ba,True,1.0,1.0,0.7222953220045503,1.0,1.0,1.0,0.884289717501896
342,740f68663d3255e1,True,1.0,1.0,0.8071550730308419,1.0,1.0,1.0,0.919647947096184
343,b1b21ee9179a5fd8,True,1.0,1.0,0.7140106280991387,1.0,1.0,1.0,0.8808377617079746
344,57b2cc25579a5885,True,1.0,1.0,0.9385014081479637,1.0,1.0,1.0,0.9743755867283183
345,881f60d0faa35c17,True,1.0,1.0,0.7862945238900461,1.0,1.0,1.0,0.9109560516208525
346,26e6818bd14d52a5,True,1.0,1.0,0.7542878876726783,1.0,1.0,1.0,0.8976199531969492
347,2b3b9bb9f6525589,True,1.0,1.0,1.0,1.0,1.0,1.0,1.0
348,7956c9ed4b855859,True,1.0,1.0,0.9576963137436678,1.0,1.0,0.5,0.9823734640598616
349,41470fb14dab5d99,True,1.0,1.0,0.8133238574129865,1.0,1.0,1.0,0.9222182739220778
350,bcdf72879fff5ab1,True,1.0,1.0,0.8007948147627163,1.0,1.0,1.0,0.916997839484465
351,978a5c11fbff5589,True,1.0,1.0,0.6668346158961436,1.0,1.0,1.0,0.8611810899567264
352,f3aaed259ab15dcc,True,1.0,1.0,1.0,1.0,1.0,1.0,1.0
353,932938d86cfc5d6f,True,1.0,0.0,0.0,1.0,1.0,1.0,0.0
354,0747dcc3a9b7501f,True,1.0,1.0,0.7168399060956313,1.0,1.0,1.0,0.8820166275398463
355,a998a0d0131f5208,True,1.0,1.0,0.6381485626472811,1.0,1.0,1.0,0.8492285677697003
356,5bdbe484641a55fa,True,1.0,1.0,1.0,1.0,1.0,1.0,1.0
357,0eb7dda83bbe5fb2,True,1.0,1.0,1.0,1.0,1.0,1.0,1.0
358,433a4b88d64350dd,True,1.0,1.0,0.6650070415418777,1.0,1.0,1.0,0.860419600642449
359,73fe2f6dea43577f,True,1.0,1.0,0.5757135887691114,1.0,1.0,1.0,0.823213995320463
360,eccb91aff29c5415,True,1.0,1.0,0.9346911231757566,1.0,1.0,1.0,0.9727879679898986
361,ea8b66a838c75042,True,1.0,1.0,1.0,1.0,1.0,1.0,1.0
362,869f688594fc58c1,True,0.0,1.0,0.0,0.0,1.0,1.0,0.0
363,d53ab6056bc85085,True,1.0,1.0,0.8340557062411074,1.0,1.0,1.0,0.930856544267128
364,2d30620b507f5f7c,True,1.0,1.0,1.0,1.0,1.0,1.0,1.0
365,ec90dfde532d5633,True,1.0,1.0,0.7513757608814506,1.0,1.0,1.0,0.8964065670339378
366,6f4f660648e15c84,True,1.0,1.0,1.0,1.0,1.0,1.0,1.0
367,aa072830a2d15d9f,True,1.0,1.0,0.9248359382034778,1.0,1.0,1.0,0.9686816409181157
368,e9adc94d4e9c5fbb,True,1.0,1.0,0.8151362014335143,1.0,1.0,1.0,0.9229734172639642
369,07dc9de3dd855653,True,1.0,1.0,0.6179945899324051,1.0,1.0,1.0,0.8408310791385021
370,fd001bff97c155b3,True,1.0,0.0,0.0,1.0,1.0,1.0,0.0
371,2a94741039ad566d,True,1.0,1.0,1.0,1.0,1.0,1.0,1.0
372,25c1569ea1d753f2,True,1.0,1.0,0.9511898025921082,1.0,1.0,1.0,0.9796624177467117
373,35f13a6de1575fdc,True,1.0,1.0,1.0,1.0,1.0,1.0,1.0
374,0ffcae2811b257ee,True,1.0,1.0,1.0,1.0,1.0,1.0,1.0
375,e131caa356115811,True,1.0,1.0,0.7548055568446328,1.0,1.0,1.0,0.8978356486852638
376,ee42b86599ca5632,True,1.0,1.0,0.9042050082984452,1.0,1.0,1.0,0.9600854201243522
377,d82f1b20a55d5bcd,True,1.0,1.0,0.8006252109643683,1.0,1.0,1.0,0.9169271712351534
378,99127f15fd9b5847,True,1.0,1.0,1.0,1.0,1.0,1.0,1.0
379,833189ada8fa5ba2,True,1.0,1.0,1.0,1.0,1.0,1.0,1.0
380,4c771d89311d548a,True,1.0,1.0,1.0,1.0,1.0,1.0,1.0
381,c79ab4c1abcb56fa,True,1.0,1.0,0.5569628511064102,1.0,1.0,1.0,0.8154011879610042
382,81a726148d245594,True,1.0,1.0,1.0,1.0,1.0,1.0,1.0
383,063794d8842b5683,True,1.0,1.0,1.0,1.0,1.0,1.0,1.0
384,72fe517eb6fe5e27,True,1.0,1.0,1.0,1.0,1.0,0.0,1.0
385,61d71be9811b5554,True,1.0,1.0,0.9408321941273227,1.0,1.0,1.0,0.9753467475530512
386,13ca5b247813585a,True,1.0,1.0,1.0,1.0,1.0,1.0,1.0
387,fff1abbe76e55819,True,1.0,1.0,0.6549311535495809,1.0,1.0,1.0,0.8562213139789921
388,3e77b33549485e34,True,1.0,1.0,1.0,1.0,1.0,1.0,1.0
389,e24e2c91fb5759dc,True,1.0,1.0,0.759329017462752,1.0,1.0,1.0,0.8997204239428133
390,4020785f2bf55d0b,True,1.0,1.0,0.790847294953753,1.0,1.0,1.0,0.9128530395640638
391,f08f205e15975d97,True,1.0,1.0,0.8335408133574352,1.0,1.0,1.0,0.9306420055655981
392,deff279b0c815e5a,True,1.0,1.0,1.0,1.0,1.0,1.0,1.0
393,0f3edc5110485b13,True,1.0,0.0,0.0,1.0,1.0,1.0,0.0
394,a7fa674076175448,True,1.0,1.0,0.7474818730303925,1.0,1.0,1.0,0.8947841137626634
395,9090d50c08b05715,True,1.0,0.0,0.0,1.0,1.0,1.0,0.0
396,fe800ded24045b44,True,1.0,1.0,0.9694814648885745,1.0,1.0,1.0,0.9872839437035728
397,a6e683b6f2a557a4,True,1.0,1.0,0.9579499298860548,1.0,1.0,1.0,0.9824791374525228
398,b894f0e8e2875363,True,1.0,1.0,1.0,1.0,1.0,1.0,1.0
399,75f36091b3ec57e5,True,1.0,1.0,0.7638917370939501,1.0,1.0,1.0,0.9016215571224793
400,ecaca52a9b295117,True,1.0,1.0,1.0,1.0,1.0,1.0,1.0
401,32af8f1654f057d7,True,1.0,1.0,0.6604172507479773,1.0,1.0,1.0,0.8585071878116572
402,6c28c001109f5718,True,1.0,1.0,0.7997059939711292,1.0,1.0,1.0,0.9165441641546371
403,3808a6ba716d5da1,True,1.0,1.0,0.8697953757771855,1.0,1.0,1.0,0.945748073240494
404,42032a0cedd95dc9,True,1.0,1.0,1.0,1.0,1.0,1.0,1.0
405,432598c0bda65445,True,1.0,1.0,0.7679066828601246,1.0,1.0,1.0,0.9032944511917186
406,8d0806dc9c865904,True,1.0,1.0,1.0,1.0,1.0,1.0,1.0
407,75bb2e7612425d57,True,1.0,1.0,1.0,1.0,1.0,1.0,1.0
408,530176929c015182,True,1.0,1.0,1.0,1.0,1.0,0.5,1.0
409,0f7e1062e04e5fb5,True,1.0,1.0,1.0,1.0,1.0,1.0,1.0
410,a51fda3f10da5432,True,1.0,1.0,0.9658559324393405,1.0,1.0,1.0,0.9857733051830585
411,ee835ef3f912599c,True,1.0,1.0,1.0,0.0,1.0,1.0,0.5833333333333334
412,d2c9ae71df055417,True,1.0,1.0,0.8115639144192064,1.0,1.0,1.0,0.9214849643413361
413,14743d928b9257a1,True,1.0,1.0,0.7623046197899737,1.0,1.0,1.0,0.9009602582458224
414,2e8d3c1cd8b15c97,True,1.0,1.0,0.8067369608850417,1.0,1.0,1.0,0.9194737337021007
415,60abcfb4e1c756d8,True,1.0,1.0,1.0,1.0,1.0,0.5,1.0
416,cdac2937953e5398,True,1.0,1.0,0.7392638906145282,1.0,1.0,1.0,0.8913599544227201
417,ea21c4b17b865a4d,True,1.0,1.0,0.830436756392924,1.0,1.0,1.0,0.9293486484970517
418,8ca47b84db7053a8,True,1.0,1.0,1.0,1.0,1.0,1.0,1.0
419,9d5e6089bd0d5caf,True,1.0,1.0,1.0,1.0,1.0,1.0,1.0
420,c7c04f1581855ac4,True,1.0,1.0,0.9455682389313427,1.0,1.0,1.0,0.9773200995547261
421,e30d715817b7524a,True,0.0,1.0,0.0,0.0,1.0,0.0,0.0
422,3f2a3e63c3045c95,True,1.0,1.0,0.6810165621746366,1.0,1.0,1.0,0.8670902342394319
423,43066c8c8e325fcf,True,1.0,1.0,0.97397137415371,1.0,1.0,1.0,0.9891547392307126
424,7597912d2a175b46,True,1.0,1.0,1.0,1.0,1.0,1.0,1.0
425,1db38f4b73ac5b62,True,1.0,1.0,0.5087432801535133,1.0,1.0,1.0,0.7953097000639638
426,561ac555b4a85edc,True,1.0,1.0,0.853593111844656,1.0,1.0,1.0,0.9389971299352734
427,c091585789c859db,True,1.0,1.0,0.9672120978512014,1.0,1.0,1.0,0.9863383741046672
428,7461c860b4d25bf2,True,1.0,1.0,1.0,1.0,1.0,1.0,1.0
429,a8377f936650561b,True,1.0,1.0,0.6425159186793223,1.0,1.0,1.0,0.8510482994497176
430,631249cc108f5e1e,True,1.0,1.0,0.7384466802622095,1.0,1.0,1.0,0.8910194501092539
431,7c2df54ec2df5a6e,True,1.0,1.0,0.9862397902304161,1.0,1.0,1.0,0.9942665792626734
432,3b53493dfe335ea6,True,1.0,0.0,0.0,1.0,1.0,1.0,0.0
433,a572d70690f75ad4,True,1.0,1.0,0.8299785206354491,1.0,1.0,1.0,0.9291577169314372
434,e62a5092735359ee,True,1.0,1.0,0.6272931840162497,1.0,1.0,1.0,0.844705493340104
435,1fdff45f05055069,True,1.0,1.0,0.9907730405036995,1.0,1.0,1.0,0.996155433543208
436,63266bfd8e1f5f15,True,1.0,1.0,1.0,1.0,1.0,1.0,1.0
437,b75644dcc9ca58fe,True,1.0,1.0,0.8656382356797448,1.0,1.0,1.0,0.9440159315332272
438,40f09c66198258e6,True,1.0,1.0,1.0,1.0,1.0,1.0,1.0
439,1039e136e6605cfb,True,1.0,0.0,0.0,1.0,1.0,1.0,0.0
440,4acc5a24f48858ae,True,1.0,1.0,1.0,1.0,1.0,1.0,1.0
441,e801c47d97b95978,True,1.0,1.0,0.655896278634888,1.0,1.0,1.0,0.8566234494312033
442,015011d2b73158b7,True,1.0,1.0,0.9941336588085566,1.0,1.0,1.0,0.9975556911702319
443,bcc370e566845fc6,True,1.0,1.0,0.6842794272522507,1.0,1.0,1.0,0.8684497613551044
444,54e010de01625177,True,1.0,1.0,1.0,0.0,1.0,1.0,0.5833333333333334
445,92fe6ff13c005ee3,True,1.0,1.0,0.7650683187474201,1.0,1.0,1.0,0.9021117994780917
446,6666f491ef505a49,True,1.0,1.0,0.5986604119773016,1.0,1.0,1.0,0.832775171657209
447,5ad9f64f2d295e4b,True,1.0,1.0,1.0,1.0,1.0,1.0,1.0
448,d130c508fb26575e,True,1.0,1.0,0.8000521204776416,1.0,1.0,1.0,0.9166883835323506
449,ce28bbe99d7f5f43,True,1.0,1.0,0.9306816971921702,1.0,1.0,1.0,0.9711173738300709
450,f80a6f7f4de5564d,True,1.0,1.0,0.9757447995857477,1.0,1.0,1.0,0.9898936664940615
451,85f25c14e0125133,True,1.0,1.0,0.8225187925887504,1.0,1.0,1.0,0.9260494969119794
452,b3aebfbff38e596f,True,1.0,1.0,0.9768693065626949,1.0,1.0,1.0,0.9903622110677895
453,870da24dc798525e,True,1.0,1.0,0.8430928975024481,1.0,1.0,1.0,0.93462204062602
454,d961e40cb8185341,True,1.0,1.0,1.0,1.0,1.0,0.5,1.0
455,521247f86d7f57c0,True,1.0,1.0,1.0,1.0,1.0,1.0,1.0
456,a67c6744e6c45edb,True,1.0,1.0,0.9497423104257031,1.0,1.0,0.5,0.9790592960107096
457,b96dd2fae674571c,True,1.0,1.0,0.7047551015296232,1.0,1.0,1.0,0.8769812923040097
458,ba86ae71bc105215,True,1.0,1.0,1.0,1.0,1.0,1.0,1.0
459,b54d370ffcf653ed,True,1.0,1.0,0.564530734755281,1.0,1.0,1.0,0.8185544728147004
460,715cff26bcee5d6a,True,1.0,1.0,0.897838422555094,1.0,1.0,1.0,0.9574326760646225
461,861984dda2c458ee,True,1.0,1.0,1.0,1.0,1.0,1.0,1.0
462,8b5d8d7c95925564,True,1.0,1.0,1.0,1.0,1.0,1.0,1.0
463,d5bf13024f755ee4,True,1.0,0.0,0.0,1.0,1.0,1.0,0.0
464,59797b950d9e52ba,True,1.0,1.0,0.9727993613484621,1.0,1.0,1.0,0.9886664005618592
465,6e10835f184d5921,True,1.0,1.0,0.8468215169148114,1.0,1.0,1.0,0.9361756320478382
466,377d556af9d25dab,True,1.0,1.0,1.0,1.0,1.0,1.0,1.0
467,5883b0e7c7215e80,True,1.0,1.0,0.8039191626376037,1.0,1.0,1.0,0.9182996510990016
468,6ce7347fb53b5d83,True,1.0,1.0,0.9480717950081591,1.0,1.0,1.0,0.9783632479200662
469,e54deddcc84150be,True,1.0,1.0,0.8548316557639598,1.0,1.0,1.0,0.9395131899016499
470,9ee3c3a666d35a5c,True,1.0,1.0,0.8747389740343716,1.0,1.0,1.0,0.9478079058476548
471,1895b756b1b0539d,True,1.0,1.0,1.0,1.0,1.0,1.0,1.0
472,a161122c95815233,True,1.0,1.0,0.49038905114744363,1.0,1.0,1.0,0.7876621046447682
473,5469a6a592ef55d0,True,1.0,1.0,0.833499502485601,1.0,1.0,1.0,0.9306247927023338
474,46a90143da335a9a,True,1.0,1.0,0.43124136972528004,1.0,1.0,1.0,0.7630172373855334
475,365c0937de9d5885,True,1.0,0.0,0.0,1.0,1.0,1.0,0.0
476,96c003cecfbd5a91,True,1.0,1.0,0.6120296446971752,1.0,1.0,1.0,0.8383456852904897
477,f91b769af7815ea5,True,1.0,1.0,0.7571815687622596,1.0,1.0,1.0,0.8988256536509415
478,420d59a27cb053ae,True,1.0,1.0,0.8405682197113085,1.0,1.0,1.0,0.9335700915463785
479,6cd23fffac65568b,True,1.0,1.0,0.6911822800089155,1.0,1.0,1.0,0.8713259500037148
480,12030460794b563e,True,1.0,1.0,0.8313157272087414,1.0,1.0,1.0,0.9297148863369756
481,589acfd69c38539a,True,1.0,1.0,0.869321424334596,1.0,1.0,1.0,0.9455505934727483
482,b023b7bcbab05bcb,True,1.0,1.0,0.8339951274356376,1.0,1.0,1.0,0.9308313030981824
483,9c1e8e69c7cd537b,True,1.0,1.0,0.9970099728543589,1.0,1.0,1.0,0.9987541553559828
484,7e1cc7d77132505a,True,1.0,1.0,0.9295853958977346,1.0,1.0,1.0,0.9706605816240561
485,8e511022e0e95a13,True,1.0,1.0,0.9380447165740695,1.0,1.0,1.0,0.9741852985725289
486,bd35995b3dcb53e8,True,0.0,1.0,0.0,0.0,1.0,0.5,0.0
487,cae6cbccfd535659,True,1.0,1.0,0.6890767094097153,1.0,1.0,1.0,0.8704486289207147
488,01da0653d99c5903,True,1.0,1.0,0.9480433799555229,1.0,1.0,1.0,0.9783514083148012
489,17c627139c325a9c,True,1.0,1.0,0.7617142090146346,1.0,1.0,1.0,0.9007142537560977
490,88ff8f6ad0ab5a77,True,1.0,0.0,0.0,1.0,1.0,1.0,0.0
491,80bc2d8487e552f1,True,1.0,1.0,1.0,1.0,1.0,1.0,1.0
492,4a557f1bfe3b5645,True,1.0,1.0,1.0,0.0,1.0,1.0,0.5833333333333334
493,a622f6b5e06f52d0,True,1.0,1.0,1.0,1.0,1.0,1.0,1.0
494,fde2ed45bca05510,True,1.0,1.0,0.7868025813521288,1.0,1.0,1.0,0.9111677422300537
495,b1ae78ae6e005119,True,1.0,1.0,1.0,1.0,1.0,1.0,1.0
496,8135a67aa74e586c,True,1.0,1.0,0.848667429436656,1.0,1.0,1.0,0.9369447622652732
497,be382c6340e75946,True,1.0,1.0,0.997552319199065,0.0,1.0,1.0,0.5823134663329438
498,a612f42e6f9d592e,True,1.0,1.0,1.0,1.0,1.0,1.0,1.0
499,b9d14f59883a5496,True,0.0,0.0,0.0,0.0,1.0,1.0,0.0
500,490f13844af5590d,True,1.0,1.0,1.0,1.0,1.0,1.0,1.0
501,7e8549121120596a,True,1.0,1.0,1.0,1.0,1.0,1.0,1.0
502,9ebf7c0f1b4f5f39,True,1.0,1.0,0.9046930546060638,1.0,1.0,1.0,0.9602887727525266
503,0ddc4576607e561e,True,1.0,1.0,0.7229660996589137,1.0,1.0,1.0,0.884569208191214
504,31091c3173c6596a,True,1.0,1.0,1.0,1.0,1.0,1.0,1.0
505,bc91cb648d525c6c,True,1.0,1.0,0.8924731119749812,1.0,1.0,1.0,0.9551971299895756
506,34eb9be2f88a5234,True,1.0,1.0,1.0,1.0,1.0,1.0,1.0
507,d044b887d646511b,True,1.0,1.0,0.9796580765793877,1.0,1.0,1.0,0.9915241985747448
508,ac04f9fd4233550c,True,1.0,1.0,0.854285965324252,1.0,1.0,1.0,0.939285818885105
509,b31e39a660f1535f,True,1.0,1.0,1.0,1.0,1.0,1.0,1.0
510,812b2b639eb759f4,True,1.0,1.0,0.8609237432927155,1.0,1.0,1.0,0.9420515597052982
511,418f3b3a155f5655,True,1.0,1.0,0.8591567579295847,1.0,1.0,1.0,0.9413153158039936
512,9f44032dfc315223,True,1.0,1.0,1.0,1.0,1.0,1.0,1.0
513,f51f9c282b9a54aa,True,1.0,1.0,1.0,1.0,1.0,1.0,1.0
514,7e082b46989356a4,True,1.0,1.0,1.0,1.0,1.0,1.0,1.0
515,720c4f312c0f529e,True,1.0,1.0,1.0,1.0,1.0,1.0,1.0
516,5012cae5e4fc57a1,True,1.0,1.0,1.0,1.0,1.0,1.0,1.0
517,ed5b36731bad5a32,True,1.0,1.0,0.9492496407786982,1.0,1.0,1.0,0.9788540169911242
518,bef3d5467aca5f04,True,1.0,1.0,0.7840140061952657,1.0,1.0,1.0,0.910005835914694
519,c9e5306d839d5427,True,1.0,1.0,0.7674907903204563,1.0,1.0,1.0,0.9031211626335235
520,2c1c564733075187,True,1.0,0.0,0.0,1.0,1.0,1.0,0.0
521,2b9bb7ffb9cf5da8,True,1.0,1.0,1.0,1.0,1.0,1.0,1.0
522,b74b5977823b527a,True,1.0,1.0,1.0,1.0,1.0,1.0,1.0
523,9bcd2d9e4c0e56b8,True,1.0,1.0,0.82701441963642,1.0,1.0,1.0,0.9279226748485083
524,55d3d0c71390575b,True,1.0,1.0,0.7822901396218958,1.0,1.0,1.0,0.90928755817579
525,1223890860725b50,True,1.0,1.0,0.7241830664818182,1.0,1.0,1.0,0.8850762777007576
526,bfcb040f50425141,True,1.0,1.0,1.0,1.0,1.0,1.0,1.0
527,e194e033ee72504a,True,1.0,1.0,0.925898955100381,1.0,1.0,1.0,0.9691245646251586
528,a61948a5dada537e,True,1.0,1.0,1.0,1.0,1.0,1.0,1.0
529,4d4e4d899fd95487,True,1.0,1.0,0.7171261696895692,1.0,1.0,1.0,0.8821359040373205
530,255c8b9b215458f9,True,1.0,1.0,0.7781575151349266,1.0,1.0,1.0,0.9075656313062194
531,7c541724eabb537a,True,1.0,1.0,0.9991069516569338,1.0,1.0,1.0,0.9996278965237225
532,51d4ce9889525c4f,True,1.0,1.0,0.773712842081251,1.0,1.0,1.0,0.9057136842005212
533,94817f3d96fe5072,True,1.0,1.0,1.0,1.0,1.0,1.0,1.0
534,c61d55c28f3b538d,True,1.0,1.0,0.7010279264902463,1.0,1.0,1.0,0.8754283027042692
535,b4507882ebac5f7a,True,1.0,1.0,1.0,1.0,1.0,1.0,1.0
536,c9c4bcd94e755b0f,True,1.0,1.0,0.8293771164468556,1.0,1.0,1.0,0.9289071318528564
537,a2cc6aa1e3c252a7,True,1.0,1.0,0.740134295042767,1.0,1.0,1.0,0.8917226229344862
538,e9f927ace9f4542d,True,1.0,1.0,0.9404662455273499,1.0,1.0,1.0,0.9751942689697292
539,7d74c894066f5b2c,True,1.0,1.0,1.0,1.0,1.0,1.0,1.0
540,65451b2015ec58c7,True,1.0,1.0,0.5463756243926684,1.0,1.0,1.0,0.8109898434969453
541,74b5ee27fa1b5612,True,1.0,1.0,0.5811001780026809,1.0,1.0,1.0,0.825458407501117
542,15d5078041dd5a4f,True,1.0,1.0,0.5975052477362843,1.0,1.0,1.0,0.8322938532234518
543,2a49d54f73775909,True,1.0,1.0,1.0,1.0,1.0,1.0,1.0
544,c9cf4a630abf5bc7,True,1.0,1.0,1.0,1.0,1.0,1.0,1.0
545,ba8f7c5757365a36,True,1.0,1.0,0.8827947402769304,1.0,1.0,1.0,0.9511644751153877
546,1252d1484b33558c,True,1.0,1.0,0.8983371854137616,1.0,1.0,1.0,0.9576404939224007
547,d57d041213c554d3,True,1.0,1.0,1.0,1.0,1.0,1.0,1.0
548,b874be1fb9885c0e,True,1.0,1.0,0.7880149377577318,1.0,1.0,1.0,0.9116728907323882
549,bc9bc971088c5df6,True,1.0,1.0,1.0,1.0,1.0,1.0,1.0
550,aff9661937e85b81,True,1.0,1.0,0.7873247498619498,1.0,1.0,1.0,0.9113853124424791
551,4be4c3659ea0575c,True,1.0,1.0,1.0,1.0,1.0,1.0,1.0
552,e4553dc9b5725cb7,True,1.0,1.0,1.0,1.0,1.0,1.0,1.0
553,aff4d44c562f5eef,True,1.0,1.0,1.0,1.0,1.0,1.0,1.0
554,981ab4a5d11b5090,True,1.0,1.0,0.7822332708581059,1.0,1.0,1.0,0.9092638628575441
555,eeab709ca6e05d14,True,1.0,1.0,1.0,1.0,1.0,1.0,1.0
556,cdb932bd30715a52,True,1.0,1.0,0.6990287933718714,1.0,1.0,1.0,0.8745953305716131
557,d70e995b6ec6546a,True,1.0,1.0,0.9824418608448798,1.0,1.0,1.0,0.9926841086853666
558,e5caf6d750415ee7,True,1.0,1.0,1.0,1.0,1.0,1.0,1.0
559,2e1d4bde0a16514b,True,1.0,1.0,0.5355305635396654,1.0,1.0,1.0,0.8064710681415272
560,89751620b3555ef8,True,1.0,1.0,1.0,1.0,1.0,1.0,1.0
561,0cc24c1449cd54f9,True,1.0,1.0,1.0,1.0,1.0,1.0,1.0
562,33c848df67305ec1,True,1.0,1.0,0.9345801337755829,1.0,1.0,1.0,0.9727417224064929
563,35b108769e3c5d33,True,1.0,1.0,0.9478170414007743,1.0,1.0,1.0,0.9782571005836559
564,c1cc5d15c3f554e3,True,1.0,1.0,1.0,1.0,1.0,1.0,1.0
565,f4d95a784b725915,True,1.0,1.0,0.9985054159597068,1.0,1.0,1.0,0.9993772566498779
566,989ce8f4205654d3,True,1.0,1.0,0.839994482606647,1.0,1.0,1.0,0.9333310344194362
567,763bab6e8b6b5826,True,1.0,1.0,0.8057818079494982,1.0,1.0,1.0,0.919075753312291
568,277cdfc9479e52c4,True,1.0,1.0,0.7577275839914573,1.0,1.0,1.0,0.8990531599964405
569,4936360c43435011,True,1.0,1.0,0.7240673253236184,1.0,1.0,1.0,0.8850280522181744
570,1cf59919c4f15605,True,1.0,1.0,0.800000143320627,1.0,1.0,1.0,0.9166667263835947
571,7ff005be930e5ad6,True,1.0,1.0,0.5068935088539404,1.0,1.0,1.0,0.7945389620224752
572,29163817326a5eab,True,1.0,0.0,0.0,1.0,1.0,1.0,0.0
573,047b56d34f1d5aa0,True,1.0,1.0,0.6216356862502468,1.0,1.0,1.0,0.8423482026042696
574,274fc7077c1b55d4,True,1.0,1.0,1.0,1.0,1.0,1.0,1.0
575,a7f5d22750b75466,True,1.0,1.0,1.0,1.0,1.0,1.0,1.0
576,5c084920ee285003,True,1.0,1.0,0.7327170738344088,1.0,1.0,1.0,0.8886321140976703
577,55790fb5a5e853d0,True,1.0,1.0,0.966146534874051,1.0,1.0,1.0,0.9858943895308546
578,53928c06f3005536,True,1.0,1.0,1.0,1.0,1.0,1.0,1.0
579,661ce644db6d5546,True,1.0,1.0,1.0,1.0,1.0,1.0,1.0
580,9adad5bdab6b52fa,True,1.0,1.0,0.7568476469372771,1.0,1.0,1.0,0.8986865195571988
581,3a2616c871335ef4,True,1.0,1.0,0.8527100589726092,1.0,1.0,1.0,0.9386291912385872
582,ee69970ae6f85870,True,1.0,1.0,1.0,1.0,1.0,1.0,1.0
583,9089d6dfa77e5488,True,1.0,1.0,1.0,1.0,1.0,1.0,1.0
584,4a2f87a2fd42549e,True,1.0,1.0,1.0,1.0,1.0,1.0,1.0
585,dd4e7db697465be3,True,1.0,1.0,0.8288976702891475,1.0,1.0,1.0,0.9287073626204781
586,3b88ba584a4a5d7e,True,1.0,1.0,1.0,1.0,1.0,1.0,1.0
587,05769097cb6c5b91,True,1.0,1.0,0.8472916863325287,1.0,1.0,1.0,0.936371535971887
588,2497e961a13e50f8,True,1.0,1.0,0.7124001000286388,1.0,1.0,1.0,0.8801667083452661
589,cb8822d19cc45d85,True,1.0,1.0,1.0,1.0,1.0,1.0,1.0
590,4b85f48b7172519f,True,1.0,1.0,1.0,1.0,1.0,1.0,1.0
591,18e5845edcdb500c,True,1.0,1.0,0.644272353438475,1.0,1.0,1.0,0.8517801472660312
592,ef89947a381a50bf,True,1.0,1.0,1.0,1.0,1.0,1.0,1.0
593,ebfa82f4906755d4,True,1.0,1.0,1.0,1.0,1.0,1.0,1.0
594,247490a783f25c47,True,1.0,1.0,0.6645452699848385,1.0,1.0,1.0,0.860227195827016
595,4ed57aa187415e7f,True,1.0,1.0,0.6697881745659944,1.0,1.0,1.0,0.8624117394024976
596,dddf14378c355c3a,True,1.0,1.0,0.8918588356157579,1.0,1.0,1.0,0.9549411815065657
597,b031a0b55ab951f8,True,1.0,0.0,0.0,1.0,1.0,0.5,0.0
598,ad54eadf72625631,True,1.0,1.0,0.5667046573904717,1.0,1.0,1.0,0.8194602739126965
599,eaf3255921e35495,True,1.0,1.0,1.0,1.0,1.0,1.0,1.0
600,96fd45b48c8b5e18,True,1.0,1.0,0.7138781009317076,1.0,1.0,1.0,0.8807825420548782
601,6a101cae21b1532d,True,1.0,1.0,0.6011483090690088,1.0,1.0,1.0,0.8338117954454204
602,f376ed0415235e20,True,1.0,1.0,0.815115131889791,1.0,1.0,1.0,0.9229646382874129
603,67e538558b0b5f93,True,1.0,1.0,0.7487385730852644,1.0,1.0,1.0,0.8953077387855268
604,489facb8ac705f4a,True,1.0,1.0,1.0,1.0,1.0,1.0,1.0
605,c773514392cc56ba,True,1.0,1.0,0.8989490947243755,1.0,1.0,1.0,0.9578954561351565
606,e3ee34ba4c0c59fd,True,1.0,1.0,1.0,1.0,1.0,1.0,1.0
607,e84ff3e29bc05254,True,1.0,1.0,0.7476606364650007,1.0,1.0,1.0,0.8948585985270836
608,7b3ba1d953a15802,True,1.0,1.0,1.0,0.0,1.0,0.5,0.5833333333333334
609,f2592c08589e5398,True,1.0,1.0,0.7179507356863032,1.0,1.0,1.0,0.8824794732026263
610,d20dc707981f56e7,True,1.0,1.0,1.0,1.0,1.0,1.0,1.0
611,bbb2fd3f27635227,True,1.0,1.0,0.9737305364885581,1.0,1.0,1.0,0.9890543902035658
612,6b3d5914f92b54d9,True,1.0,1.0,0.7881729193677445,1.0,1.0,1.0,0.9117387164032268
613,7a7e8074ee5c5389,True,1.0,1.0,0.5649940467008829,1.0,1.0,1.0,0.8187475194587012
614,9e4febcde4875181,True,1.0,1.0,0.784425187638712,1.0,1.0,1.0,0.9101771615161299
615,0da520f851415d75,True,1.0,1.0,1.0,1.0,1.0,1.0,1.0
616,011376b151f2526c,True,1.0,1.0,1.0,0.0,1.0,1.0,0.5833333333333334
617,14769a8e472350cc,True,1.0,1.0,1.0,1.0,1.0,1.0,1.0
618,de4ace24443b5b2d,True,1.0,1.0,1.0,1.0,1.0,1.0,1.0
619,e4ad471729c65fc9,True,1.0,1.0,0.9691592576408917,1.0,1.0,1.0,0.9871496906837048
620,db98c374c7e65602,True,1.0,1.0,1.0,1.0,1.0,1.0,1.0
621,c53328cc0fb15f17,True,1.0,1.0,0.9876652266665751,1.0,1.0,1.0,0.994860511111073
622,d0ae9b081c1857cf,True,1.0,1.0,0.7960078002633434,1.0,1.0,1.0,0.9150032501097264
623,e03da8beb33a5e06,True,1.0,1.0,1.0,1.0,1.0,1.0,1.0
624,973f0873af40574e,True,1.0,0.0,0.0,1.0,1.0,1.0,0.0
625,e12cd09a8f515c73,True,1.0,1.0,0.9026001795302201,1.0,1.0,1.0,0.959416741470925
626,000926dda92d592d,True,1.0,1.0,0.808260164917526,1.0,1.0,1.0,0.9201084020489692
627,0fb88262272f5110,True,1.0,1.0,0.9221625965922264,0.0,1.0,1.0,0.5509010819134277
628,0388cd6f1af65029,True,1.0,1.0,1.0,1.0,1.0,1.0,1.0
629,a0b67d1ac0c35d26,True,1.0,1.0,1.0,1.0,1.0,1.0,1.0
630,575a40958ae65abd,True,1.0,1.0,1.0,1.0,1.0,1.0,1.0
631,1090e431ffef512f,True,1.0,1.0,0.8636774750312189,1.0,1.0,1.0,0.9431989479296746
632,ab88e1b94ce953bf,True,1.0,1.0,0.8578645232027223,1.0,1.0,1.0,0.940776884667801
633,9bc3ee11944a5bef,True,1.0,1.0,0.8904683918972717,1.0,1.0,1.0,0.9543618299571964
634,3fe8df1737825eb3,True,1.0,1.0,0.9018013697016568,1.0,1.0,1.0,0.9590839040423571
635,d5a0b92fbf8b51df,True,1.0,1.0,1.0,1.0,1.0,1.0,1.0
636,2c76300c674f5769,True,1.0,1.0,0.7799093694312947,1.0,1.0,1.0,0.9082955705963728
637,ab2ac765df3154b7,True,1.0,1.0,0.6554577156853458,1.0,1.0,1.0,0.8564407148688941
638,ff1044970b525386,True,1.0,1.0,1.0,1.0,1.0,1.0,1.0
639,e89a30bba6345ada,True,1.0,0.0,0.0,1.0,1.0,1.0,0.0
640,775df8f025845f5f,True,1.0,1.0,1.0,1.0,1.0,1.0,1.0
641,72191253c85a5227,True,1.0,1.0,0.9565037641403088,1.0,1.0,1.0,0.9818765683917953
642,c1e0af56e9eb50b8,True,1.0,0.0,0.0,1.0,1.0,0.0,0.0
643,e028780a88805f58,True,1.0,1.0,0.6844793246546521,1.0,1.0,1.0,0.8685330519394384
644,ebb1e037f19b5c55,True,1.0,1.0,0.796876401733714,1.0,1.0,1.0,0.9153651673890475
645,29b49b3e2c0f5ec2,True,1.0,1.0,1.0,1.0,1.0,1.0,1.0
646,d780d3a3f10d567b,True,1.0,1.0,0.6793707586586287,1.0,1.0,1.0,0.8664044827744286
647,43cc094e7af0518e,True,1.0,1.0,1.0,1.0,1.0,1.0,1.0
648,c1133aca1539575e,True,1.0,1.0,0.761249763128577,1.0,1.0,1.0,0.9005207346369071
649,4d38d745131c5de1,True,1.0,1.0,1.0,1.0,1.0,0.0,1.0
650,d90d4f05ebde5bed,True,1.0,1.0,0.8796446838661316,1.0,1.0,1.0,0.9498519516108882
651,a5c9bcab52165145,True,1.0,1.0,0.9722518107363859,1.0,1.0,1.0,0.9884382544734942
652,75a76122cf43569e,True,1.0,1.0,0.8201247554222082,1.0,1.0,1.0,0.92505198142592
653,cde54c98cbec5255,True,1.0,1.0,0.9491668933313169,1.0,1.0,1.0,0.9788195388880486
654,68ba9a9b2d6f572d,True,1.0,1.0,0.7482294398053975,1.0,1.0,1.0,0.8950955999189155
655,9b8fa6b5b4505d22,True,1.0,1.0,0.7807081573898351,1.0,1.0,1.0,0.9086283989124313
656,8f67b84df6b75bd1,True,1.0,1.0,0.7975148114734726,1.0,1.0,1.0,0.9156311714472802
657,c820630081b056f7,True,1.0,1.0,0.924123131452242,1.0,1.0,1.0,0.9683846381051008
658,06329b33572752d8,True,1.0,1.0,1.0,1.0,1.0,1.0,1.0
659,ae15b0488a6c5bd8,True,1.0,1.0,1.0,1.0,1.0,1.0,1.0
660,6b4cf0c1208155f5,True,1.0,1.0,0.8084613115980391,1.0,1.0,1.0,0.9201922131658495
661,8af8486e96a45fa4,True,1.0,1.0,0.919892953749788,1.0,1.0,1.0,0.9666220640624116
662,1fe5f6af95e15489,True,1.0,1.0,0.7248568684432743,1.0,1.0,1.0,0.885357028518031
663,59cc5d51c60d5a1d,True,1.0,1.0,1.0,1.0,1.0,1.0,1.0
664,6df89719fce05527,True,1.0,1.0,1.0,1.0,1.0,1.0,1.0
665,f2d7208949535747,True,1.0,1.0,0.6034258880153887,1.0,1.0,1.0,0.8347607866730785
666,8ddef59113ee5c86,True,1.0,1.0,1.0,1.0,1.0,1.0,1.0
667,8c3d43af9a905864,True,1.0,1.0,1.0,1.0,1.0,1.0,1.0
668,6dcd43697e01597d,True,1.0,1.0,0.9427186846796266,1.0,1.0,1.0,0.9761327852831778
669,3f1152860b695e59,True,1.0,1.0,1.0,1.0,1.0,1.0,1.0
670,719a6c965dd55d00,True,1.0,1.0,1.0,1.0,1.0,1.0,1.0
671,731f133ce3055d30,True,1.0,0.0,0.0,1.0,1.0,1.0,0.0
672,c580790700c057e0,True,1.0,1.0,0.8737741240248815,1.0,1.0,1.0,0.9474058850103674
673,518661c5f7625f5b,True,1.0,1.0,1.0,1.0,1.0,1.0,1.0
674,3d744662757d5ca2,True,1.0,1.0,0.9149927046749545,1.0,1.0,1.0,0.9645802936145644
675,c1e612a123d059d7,True,1.0,1.0,0.7392851673432923,1.0,1.0,1.0,0.8913688197263717
676,bc88b69c56ec5a0f,True,1.0,1.0,1.0,1.0,1.0,1.0,1.0
677,d063f70ffb44513e,True,1.0,1.0,0.9191470876098382,1.0,1.0,1.0,0.9663112865040993
678,a70f950103b558b9,True,1.0,0.0,0.0,1.0,1.0,0.0,0.0
679,6404a27bddb85488,True,1.0,1.0,1.0,1.0,1.0,1.0,1.0
680,51a80bf5fd575fa2,True,1.0,1.0,0.8161990211585998,1.0,1.0,1.0,0.9234162588160832
681,62bae469f29c5ecb,True,1.0,1.0,1.0,1.0,1.0,1.0,1.0
682,ae33eb2afd655f7d,True,1.0,1.0,0.7320782953721305,1.0,1.0,1.0,0.8883659564050544
683,d31b4eb761a15872,True,1.0,1.0,0.8525645381779886,1.0,1.0,1.0,0.938568557574162
684,20911cdf7e285a63,True,1.0,1.0,1.0,1.0,1.0,1.0,1.0
685,4b82ec1d991358e2,True,1.0,1.0,0.7823999435802662,1.0,1.0,1.0,0.909333309825111
686,4a681a6497d35e68,True,1.0,1.0,1.0,1.0,1.0,1.0,1.0
687,815422a6d14358fc,True,1.0,1.0,0.5689029131927125,1.0,1.0,1.0,0.8203762138302969
688,17ecb960d15d5b5f,True,1.0,1.0,0.6803995318013873,1.0,1.0,1.0,0.8668331382505782
689,ca3e9faa3258522b,True,1.0,1.0,1.0,1.0,1.0,1.0,1.0
690,63930f7b3b0e5872,True,1.0,1.0,0.7737270896866683,1.0,1.0,1.0,0.9057196207027784
691,e10bd715492150e3,True,1.0,1.0,0.6769981067473586,1.0,1.0,1.0,0.8654158778113995
692,a708f8c8db805496,True,1.0,1.0,1.0,1.0,1.0,1.0,1.0
693,3afcfc58857f5790,True,1.0,1.0,1.0,1.0,1.0,1.0,1.0
694,ae97dc76df0952f2,True,1.0,1.0,0.8712377262156804,1.0,1.0,1.0,0.9463490525898669
695,ca009ab283bc5484,True,1.0,1.0,1.0,1.0,1.0,1.0,1.0
696,2b4fee42169a54a8,True,1.0,1.0,0.5478776683662938,1.0,1.0,1.0,0.8116156951526223
697,02902d180b405100,True,1.0,1.0,1.0,1.0,1.0,1.0,1.0
698,998c6c28d1475e78,True,1.0,1.0,0.6777420921786269,1.0,1.0,1.0,0.8657258717410946
699,cd0a001eb97a5c88,True,1.0,1.0,0.5319999034593079,1.0,1.0,1.0,0.8049999597747117
700,8d1d97f4b7d05914,True,1.0,1.0,1.0,1.0,1.0,1.0,1.0
701,9839d83635495727,True,1.0,0.0,0.0,1.0,1.0,0.5,0.0
702,2928cfbed3d15000,True,1.0,1.0,1.0,1.0,1.0,1.0,1.0
703,cc7a2b953265554a,True,1.0,1.0,1.0,1.0,1.0,1.0,1.0
704,b53db7bbc74956ed,True,1.0,1.0,0.798203803471379,1.0,1.0,1.0,0.9159182514464078
705,be709e9a5d085f75,True,1.0,1.0,0.7127123022541503,1.0,1.0,1.0,0.880296792605896
706,b8bd18a1ccf45918,True,1.0,1.0,0.9906203855919958,1.0,1.0,1.0,0.9960918273299982
707,e3893ed312f45501,True,1.0,1.0,1.0,1.0,1.0,1.0,1.0
708,556118fe6e455038,True,1.0,1.0,0.8044165424852621,1.0,1.0,1.0,0.9185068927021925
709,e63d12285d215a4f,True,1.0,1.0,1.0,1.0,1.0,1.0,1.0
710,cebd7d74024b5cce,True,1.0,1.0,1.0,1.0,1.0,1.0,1.0
711,5c4f8e6a644258d3,True,0.5,0.0,0.0,0.0,1.0,1.0,0.0
712,b5155b952c645ce0,True,1.0,1.0,0.7141453341905115,1.0,1.0,1.0,0.8808938892460465
713,c77dbdd287825d1a,True,1.0,1.0,0.7596428625534023,1.0,1.0,1.0,0.8998511927305843
714,6df712116b7353cc,True,1.0,1.0,0.9973444473561718,1.0,1.0,1.0,0.9988935197317383
715,cd8713b912495b6d,True,1.0,1.0,1.0,1.0,1.0,1.0,1.0
716,59127196fe025553,True,1.0,1.0,1.0,1.0,0.0,1.0,0.8333333333333334
717,291f4ffb6dc754d2,True,1.0,0.0,0.0,0.0,1.0,1.0,0.0
718,463c7c8c669d57cf,True,1.0,1.0,0.830242160773577,1.0,1.0,1.0,0.9292675669889904
719,6c62956221e4511e,True,1.0,1.0,0.8640426059393004,1.0,1.0,1.0,0.9433510858080418
720,555ac2e13627529e,True,1.0,1.0,1.0,1.0,1.0,1.0,1.0
721,58d75e229a0e52bc,True,1.0,1.0,1.0,1.0,1.0,1.0,1.0
722,24b9908a6761529b,True,1.0,1.0,1.0,1.0,1.0,1.0,1.0
723,836615f5978b56e5,True,1.0,1.0,0.9278101679597095,1.0,1.0,1.0,0.9699209033165456
724,4379fb75ac085d26,True,1.0,1.0,0.7302652994974356,1.0,1.0,1.0,0.8876105414572648
725,4b5846fcc3725b95,True,1.0,1.0,0.7954841966561917,1.0,1.0,1.0,0.9147850819400799
726,1a66019703c45296,True,1.0,0.0,0.0,1.0,1.0,1.0,0.0
727,962deb8ccdaf50e3,True,1.0,1.0,0.6572466364592555,1.0,1.0,1.0,0.8571860985246899
728,afbf82af256b5711,True,1.0,1.0,0.7396723772365253,1.0,1.0,1.0,0.8915301571818856
729,798842f0b1c253b4,True,1.0,1.0,0.8542129352065093,1.0,1.0,1.0,0.9392553896693788
730,8dc7d00ce175549d,True,1.0,1.0,0.9120724917275674,1.0,1.0,1.0,0.9633635382198197
731,8c867708395f5374,True,1.0,1.0,1.0,1.0,1.0,1.0,1.0
732,2a2308354f4c5aa2,True,1.0,1.0,0.7582851535481415,1.0,1.0,1.0,0.8992854806450591
733,b20e8629283e540c,True,1.0,1.0,0.6273002916921748,1.0,1.0,1.0,0.8447084548717395
734,3dd9fe57e28e5c54,True,1.0,1.0,1.0,1.0,1.0,1.0,1.0
735,e0b7d625d3f55cd8,True,1.0,1.0,0.7195687890638721,1.0,1.0,1.0,0.8831536621099468
736,673cfe7af7db5911,True,1.0,1.0,1.0,1.0,1.0,1.0,1.0
737,1511499da17054b0,True,1.0,1.0,1.0,1.0,1.0,1.0,1.0
738,3d29e22a03a15391,True,1.0,1.0,1.0,1.0,1.0,1.0,1.0
739,3ea7ba225643556d,True,1.0,1.0,0.5595402617805151,1.0,1.0,1.0,0.8164751090752146
740,62ebe5d1697f5b73,True,1.0,1.0,1.0,1.0,1.0,1.0,1.0
741,45c1c24ad1d35bfb,True,1.0,1.0,0.7249274563412459,1.0,1.0,1.0,0.8853864401421858
742,f6b2a416f38d5609,True,1.0,1.0,1.0,1.0,1.0,0.5,1.0
743,9f5ac897aea35174,True,1.0,1.0,1.0,1.0,1.0,1.0,1.0
744,55016fc4cd15505d,True,1.0,1.0,0.9022466617892652,1.0,1.0,0.5,0.9592694424121939
745,4a66983ed3545869,True,1.0,1.0,0.8391989478184271,1.0,1.0,1.0,0.9329995615910113
746,1c2170ed2977545e,True,1.0,1.0,0.8692053465697762,1.0,1.0,1.0,0.9455022277374067
747,30e7a7c93a225968,True,1.0,1.0,1.0,1.0,1.0,1.0,1.0
748,6b61ec04ecb25221,True,1.0,1.0,0.7062855742600651,1.0,1.0,1.0,0.8776189892750271
749,e05f3bbcb266504c,True,1.0,1.0,1.0,1.0,1.0,1.0,1.0
750,a85f6afede71548f,True,1.0,0.0,0.0,1.0,1.0,1.0,0.0
751,cb9992677d95539f,True,1.0,1.0,0.8768077465515814,1.0,1.0,1.0,0.9486698943964923
752,05d6d7d83b97547c,True,1.0,1.0,0.6264255131305565,1.0,1.0,1.0,0.8443439638043985
753,1e8bf2f0e05e58b0,True,1.0,1.0,1.0,1.0,1.0,1.0,1.0
754,3dc6b109b480502f,True,1.0,1.0,1.0,1.0,1.0,1.0,1.0
755,db73bde6710e50ca,True,1.0,1.0,1.0,1.0,1.0,1.0,1.0
756,c66027dcfef35daf,True,1.0,1.0,0.8504874846115589,1.0,1.0,1.0,0.9377031185881496
757,b39c69db9eb45416,True,1.0,1.0,0.5670294727010569,1.0,1.0,1.0,0.8195956136254403
758,8051c60f20705909,True,1.0,1.0,0.8734537083064579,1.0,1.0,1.0,0.9472723784610242
759,7758c231f45d51de,True,1.0,0.0,0.0,1.0,1.0,1.0,0.0
760,45224683225b5617,True,1.0,1.0,0.5265818117801545,1.0,1.0,1.0,0.8027424215750644
761,d607d27b421a562b,True,1.0,1.0,0.7189823872215964,1.0,1.0,1.0,0.8829093280089985
762,06df6b00bdad5229,True,1.0,1.0,1.0,1.0,1.0,1.0,1.0
763,ed166d61f7435477,True,1.0,1.0,0.5629439662127417,1.0,1.0,1.0,0.8178933192553091
764,253dba7510ca56b8,True,1.0,1.0,0.8656384899445758,1.0,1.0,1.0,0.9440160374769065
765,bdd67f08ac585568,True,1.0,1.0,0.8980815389338771,1.0,1.0,1.0,0.9575339745557822
766,63d6fbc938bc58cb,True,1.0,0.0,0.0,1.0,1.0,1.0,0.0
767,6544f1c9668c58c3,True,1.0,1.0,1.0,1.0,1.0,1.0,1.0
768,1b7b7697be9c5dc5,True,1.0,0.0,0.0,1.0,1.0,1.0,0.0
769,f1bd1724d07957cc,True,1.0,1.0,1.0,0.0,1.0,1.0,0.5833333333333334
770,cb5ec9cf4fb556c7,True,1.0,1.0,0.824825397242302,1.0,1.0,1.0,0.9270105821842926
771,bff12156468e5f16,True,1.0,1.0,0.6358449908337875,1.0,1.0,1.0,0.8482687461807448
772,193ee69c47495e07,True,1.0,1.0,0.8022434470312552,1.0,1.0,1.0,0.917601436263023
773,efb0bd5e26305e5b,True,1.0,1.0,0.8088948704283269,1.0,1.0,1.0,0.9203728626784695
774,4b594a8e80915943,True,1.0,1.0,0.8335489095936119,1.0,1.0,1.0,0.9306453789973382
775,cb53746741b25730,True,1.0,1.0,0.8569086310331236,1.0,1.0,1.0,0.9403785962638015
776,76cf7bb2e9625482,True,1.0,1.0,0.9065044888049251,1.0,1.0,1.0,0.9610435370020521
777,8d27ff75eeb1559e,True,1.0,1.0,0.792989367135339,1.0,1.0,1.0,0.9137455696397246
778,5568ad08c60d510f,True,1.0,1.0,0.7584790533651211,1.0,1.0,1.0,0.8993662722354672
779,d9f67f2d224a5aaf,True,1.0,1.0,1.0,1.0,1.0,1.0,1.0
780,94ac0f71d5615e4c,True,1.0,1.0,0.8126883556775502,1.0,1.0,1.0,0.9219534815323126
781,1198cf572c315f9c,True,1.0,1.0,1.0,1.0,1.0,1.0,1.0
782,8c5a5e3a57535abf,True,1.0,1.0,1.0,1.0,1.0,1.0,1.0
783,704fafc3d8fd5258,True,1.0,1.0,1.0,1.0,1.0,1.0,1.0
784,85229d62b0965482,True,1.0,1.0,0.9281312939334662,1.0,1.0,1.0,0.9700547058056109
785,60cfc7f20f825d8a,True,1.0,1.0,0.8582556868438252,1.0,1.0,1.0,0.9409398695182606
786,c687799dac8d5aa2,True,1.0,1.0,0.08856912712796138,1.0,1.0,1.0,0.6202371363033172
787,c11764f655de59fd,True,1.0,1.0,1.0,1.0,1.0,1.0,1.0
788,e247c988c28957fc,True,1.0,1.0,0.8243789600864171,1.0,1.0,1.0,0.9268245667026737
789,2d151a8187f050bf,True,1.0,1.0,1.0,1.0,1.0,1.0,1.0
790,e6289d35e92c56b9,True,1.0,1.0,0.5879321836789382,1.0,1.0,1.0,0.8283050765328909
791,a4f91ed474295f00,True,1.0,1.0,0.6039814236293083,1.0,1.0,1.0,0.8349922598455451
792,0d6296a5295a5835,True,1.0,1.0,0.8280749980934784,1.0,1.0,1.0,0.9283645825389494
793,3284cc6a78b05b9e,True,1.0,1.0,0.6870620355480305,1.0,1.0,1.0,0.8696091814783461
794,31cacaff4fa25b87,True,1.0,1.0,0.9572645739581719,1.0,1.0,1.0,0.9821935724825716
795,0c267e7911165e9f,True,1.0,1.0,0.8720752619565971,1.0,1.0,1.0,0.9466980258152488
796,59ced21f109a5320,True,1.0,1.0,1.0,1.0,1.0,1.0,1.0
797,435298980d7e5fb1,True,1.0,1.0,0.8030676911114053,1.0,1.0,1.0,0.9179448712964189
798,d8faa48b75625ac0,True,1.0,1.0,1.0,1.0,1.0,1.0,1.0
799,0e6a9b4fe9ec5443,True,1.0,1.0,0.7699999429341622,1.0,1.0,1.0,0.9041666428892343
800,27ff47ea8aea59cf,True,1.0,1.0,0.7356805173646513,1.0,1.0,1.0,0.8898668822352714
801,387504d3db1852b0,True,1.0,1.0,0.5978470573876402,1.0,1.0,1.0,0.8324362739115166
802,f228a1710d2f5ccd,True,1.0,1.0,0.6871434540562827,1.0,1.0,1.0,0.8696431058567845
803,de0fd47c70d3500a,True,1.0,0.0,0.0,1.0,1.0,0.5,0.0
804,f6195258cc20552f,True,1.0,1.0,1.0,1.0,1.0,1.0,1.0
805,9abf3af825a35a9e,True,1.0,1.0,1.0,1.0,1.0,1.0,1.0
806,0f2ee0e7661d5ccf,True,1.0,1.0,0.642327452783623,1.0,1.0,1.0,0.8509697719931762
807,315e61d0629c54d6,True,1.0,0.0,0.0,1.0,1.0,1.0,0.0
808,c9fb5f51480b5ff8,True,1.0,0.0,0.0,1.0,1.0,0.5,0.0
809,d1861adbe9ff5581,True,1.0,1.0,1.0,1.0,1.0,1.0,1.0
810,7f0cd8a968f45cf9,True,1.0,1.0,1.0,1.0,1.0,1.0,1.0
811,f28c522b8a0155cc,True,0.0,1.0,0.0,0.0,1.0,1.0,0.0
812,0b3d3edbc52d5ddd,True,1.0,1.0,0.9156533314972343,1.0,1.0,1.0,0.9648555547905143
813,404a7bf372cb5eac,True,1.0,1.0,0.5997952539828586,1.0,1.0,1.0,0.8332480224928577
814,f0297d1838cd5b1f,True,1.0,1.0,0.7185716484099673,1.0,1.0,1.0,0.8827381868374863
815,03817943eb905452,True,1.0,1.0,1.0,1.0,1.0,1.0,1.0
816,8b177f84759e56e0,True,1.0,1.0,0.9362274582015481,1.0,1.0,1.0,0.9734281075839784
817,4376d00ed2245c21,True,1.0,1.0,0.5992046378181792,1.0,1.0,1.0,0.8330019324242413
818,44894928f21d5e38,True,1.0,1.0,1.0,1.0,1.0,1.0,1.0
819,ab19982dd5cd57ac,True,1.0,1.0,1.0,1.0,1.0,1.0,1.0
820,d258d4d9b2235df6,True,1.0,1.0,0.6801588638225253,1.0,1.0,1.0,0.8667328599260523
821,aaf1c9da44cb567b,True,1.0,1.0,0.9863952085067752,1.0,1.0,1.0,0.9943313368778229
822,db62e3168cd051aa,True,1.0,1.0,0.7749618645027545,1.0,1.0,1.0,0.9062341102094811
823,0c54c8dfbe56567f,True,1.0,1.0,0.8634279939993404,1.0,1.0,1.0,0.9430949974997253
824,15e6ef7a85b35d10,True,1.0,1.0,0.8445171297923478,1.0,1.0,1.0,0.9352154707468117
825,f3521da962a75e3d,True,1.0,1.0,1.0,1.0,1.0,1.0,1.0
826,94689128d3bb5ac8,True,1.0,1.0,0.9313007114238697,1.0,1.0,1.0,0.9713752964266124
827,aff2f948de815a32,True,1.0,1.0,0.7614822067921605,1.0,1.0,1.0,0.9006175861634002
828,938b4978b8da5a08,True,1.0,1.0,1.0,1.0,1.0,1.0,1.0
829,07a6f60eb9795462,True,1.0,1.0,0.9284037876368223,1.0,1.0,1.0,0.970168244848676
830,23742ff81ee85c96,True,1.0,1.0,1.0,1.0,1.0,1.0,1.0
831,8b608a6353a95bce,True,1.0,1.0,0.7885124698955182,1.0,1.0,1.0,0.9118801957897992
832,522b72a25cbb5ef9,True,1.0,1.0,0.7739285579455399,1.0,1.0,1.0,0.9058035658106416
833,59c6eefd08af59b9,True,1.0,1.0,0.8026450426641756,1.0,1.0,1.0,0.9177687677767398
834,59f118e966905d1e,True,1.0,1.0,1.0,1.0,1.0,1.0,1.0
835,b8baf3c807cd50b4,True,1.0,1.0,1.0,1.0,1.0,0.0,1.0
836,135ae32b6edc55c5,True,1.0,1.0,1.0,1.0,1.0,1.0,1.0
837,d56cc988cfa250c6,True,1.0,1.0,1.0,1.0,1.0,1.0,1.0
838,d5085a26c5915a49,True,1.0,1.0,0.7972592106113914,1.0,1.0,1.0,0.9155246710880798
839,9c2602db70435500,True,1.0,1.0,0.6831576557585513,1.0,1.0,1.0,0.867982356566063
840,a728ab8233415a86,True,1.0,1.0,0.8184871957141504,1.0,1.0,1.0,0.924369664880896
841,298fff3a2ae95293,True,1.0,1.0,0.814108239475151,1.0,1.0,1.0,0.9225450997813129
842,e072351fbbfd5765,True,1.0,1.0,0.6280533062609023,1.0,1.0,1.0,0.8450222109420427
843,39e0bf171e6d5e88,True,1.0,1.0,0.932957306582419,1.0,1.0,1.0,0.9720655444093413
844,8b9aa871306555d0,True,1.0,1.0,0.5892739081828782,1.0,1.0,1.0,0.8288641284095326
845,bf3ea6a284d85269,True,1.0,1.0,0.8385634419093041,1.0,1.0,1.0,0.9327347674622101
846,5230f4ecc5e054f5,True,1.0,1.0,1.0,1.0,1.0,1.0,1.0
847,b7c1448b395e56c6,True,1.0,1.0,0.7283420777919711,1.0,1.0,1.0,0.886809199079988
848,898e245e2b0056b0,True,1.0,1.0,1.0,1.0,1.0,1.0,1.0
849,725b2a708c8e55f1,True,1.0,1.0,1.0,1.0,1.0,1.0,1.0
850,2a08c81705d755c7,True,1.0,1.0,0.8843127604155117,0.0,1.0,1.0,0.5351303168397965
851,b3de35a12e36586c,True,1.0,1.0,1.0,1.0,1.0,1.0,1.0
852,4abb45d9ee1a5c5c,True,1.0,1.0,1.0,1.0,1.0,1.0,1.0
853,814e85810b7757bb,True,1.0,1.0,1.0,1.0,1.0,1.0,1.0
854,cde9cee2c4f55145,True,1.0,1.0,0.9067614501881984,1.0,1.0,1.0,0.9611506042450827
855,d65373ac727f541f,True,1.0,1.0,1.0,1.0,1.0,1.0,1.0
856,0b0a419d29cf5e9a,True,1.0,1.0,0.7324946192522425,1.0,1.0,1.0,0.8885394246884344
857,025b657634505df3,True,1.0,1.0,1.0,1.0,1.0,1.0,1.0
858,98107116251650a6,True,1.0,1.0,0.7420202124508459,1.0,1.0,1.0,0.8925084218545192
859,30f09e001cf55013,True,1.0,1.0,0.9448579842138889,1.0,1.0,1.0,0.9770241600891204
860,62462203db6b5ba5,True,1.0,0.0,0.0,1.0,1.0,1.0,0.0
861,70af821c5fe95428,True,1.0,1.0,0.9762359869380832,1.0,1.0,1.0,0.9900983278908679
862,f1b802f6e9a559af,True,1.0,1.0,1.0,1.0,1.0,1.0,1.0
863,da64267c15aa5531,True,1.0,1.0,1.0,1.0,1.0,1.0,1.0
864,1f174dcc44335ad6,True,1.0,1.0,0.8104149466261971,1.0,1.0,1.0,0.9210062277609156
865,cf43204828af5513,True,1.0,1.0,1.0,1.0,1.0,1.0,1.0
866,e5224fa3a0f95b04,True,1.0,1.0,0.7445466885746752,1.0,1.0,1.0,0.8935611202394481
867,52f0b8a2023656cf,True,1.0,1.0,0.8601279445233653,1.0,1.0,1.0,0.9417199768847354
868,605ac5873f015baf,True,1.0,1.0,0.8817953398713652,1.0,1.0,1.0,0.9507480582797355
869,e1e8aae3165c5652,True,1.0,1.0,0.8397990522911558,1.0,1.0,1.0,0.9332496051213148
870,8e33b543120b53d5,True,1.0,1.0,1.0,1.0,1.0,1.0,1.0
871,d15124ba09f35a70,True,1.0,1.0,0.8641967387646949,1.0,1.0,1.0,0.9434153078186229
872,fce752b25ce55380,True,1.0,1.0,1.0,1.0,1.0,1.0,1.0
873,0317b218061b5c4d,True,1.0,1.0,1.0,1.0,1.0,1.0,1.0
874,687da3cabde458b5,True,1.0,1.0,0.9730323651397683,1.0,1.0,1.0,0.9887634854749034
875,4dd1ab3a667b5074,True,1.0,1.0,1.0,1.0,1.0,1.0,1.0
876,0698ddce973b50ba,True,1.0,1.0,1.0,1.0,1.0,1.0,1.0
877,a4d55f73b8ad51b9,True,1.0,1.0,0.5692534343160357,1.0,1.0,1.0,0.8205222642983482
878,1a7b42fbbaf65c18,True,1.0,1.0,0.8078413176076853,1.0,1.0,1.0,0.9199338823365356
879,12b32c24d2cf5309,True,1.0,1.0,1.0,1.0,1.0,1.0,1.0
880,0b23b3823c4d57da,True,1.0,1.0,0.6519178548294698,1.0,1.0,1.0,0.8549657728456124
881,60fbe2351f325132,True,1.0,1.0,1.0,1.0,1.0,1.0,1.0
882,7c2c92e3afdd555f,True,1.0,1.0,0.6627750838431723,1.0,1.0,1.0,0.8594896182679884
883,ed105c47e38b55e4,True,1.0,1.0,1.0,1.0,1.0,1.0,1.0
884,a28aff9148b55b3b,True,1.0,1.0,1.0,1.0,1.0,1.0,1.0
885,efbfc794e30f528f,True,1.0,1.0,0.8746515816054041,1.0,1.0,1.0,0.9477714923355851
886,0b57b00279885fd4,True,1.0,1.0,0.8820206543097128,1.0,1.0,1.0,0.9508419392957137
887,fec2bf4f1842590c,True,1.0,1.0,0.8912623212487794,1.0,1.0,1.0,0.9546926338536581
888,5e092c66c1bf5f3b,True,1.0,1.0,0.9316104963244596,1.0,1.0,1.0,0.9715043734685249
889,e742fc9deaac5321,True,1.0,1.0,0.8627400361192639,1.0,1.0,1.0,0.9428083483830266
890,1f095494fe755244,True,1.0,1.0,0.9235504108269688,1.0,1.0,1.0,0.968146004511237
891,685911b9ba8b554f,True,1.0,1.0,0.8953396843798969,1.0,1.0,1.0,0.9563915351582905
892,601c3cce2a215275,True,1.0,1.0,0.7347218884709846,1.0,1.0,1.0,0.8894674535295769
893,795b989aef8a5b42,True,1.0,1.0,0.8824611225705016,1.0,1.0,1.0,0.951025467737709
894,58d40da0cce05d8c,True,1.0,1.0,1.0,1.0,1.0,1.0,1.0
895,6d8767e46d975896,True,1.0,1.0,1.0,1.0,1.0,1.0,1.0
896,a9343b1abc5957ab,True,1.0,1.0,0.8862698242367406,1.0,1.0,0.5,0.9526124267653087
897,61a236d173ef5055,True,1.0,1.0,0.9626908741029603,1.0,1.0,1.0,0.9844545308762335
898,29efe3c61a4a580f,True,1.0,1.0,1.0,1.0,1.0,1.0,1.0
899,ac019d81388056be,True,1.0,1.0,0.9496329017406286,1.0,1.0,1.0,0.9790137090585952
900,b7ee1af184835990,True,1.0,1.0,1.0,1.0,1.0,1.0,1.0
901,3103614e29e25cd4,True,1.0,1.0,0.8541090627957452,1.0,1.0,1.0,0.9392121094982272
902,087e15b24dd55c90,True,1.0,1.0,0.7890657622382855,1.0,1.0,1.0,0.9121107342659522
903,991f13bf4e7f590e,True,1.0,1.0,0.9314582888833427,1.0,1.0,1.0,0.9714409537013928
904,83873a51bef051ac,True,1.0,1.0,0.8181482346592074,1.0,1.0,1.0,0.924228431108003
905,98b414a515bb5b99,True,1.0,1.0,0.5335643225692775,1.0,1.0,1.0,0.8056518010705324
906,0f536eebc58d5ff4,True,1.0,1.0,0.8162972200450606,1.0,1.0,1.0,0.9234571750187751
907,2aa9dce62cd75fce,True,1.0,1.0,0.9559583131160673,1.0,1.0,1.0,0.9816492971316947
908,0da8a13fb4855214,True,1.0,1.0,0.7508821212484578,1.0,1.0,1.0,0.896200883853524
909,c756ce81365d5a3b,True,1.0,1.0,1.0,1.0,1.0,1.0,1.0
910,3bf40232476b591b,True,1.0,1.0,0.9036920851045683,1.0,1.0,1.0,0.9598717021269035
911,2dd8a04bcb735c5e,True,1.0,1.0,1.0,1.0,1.0,1.0,1.0
912,7e2675bbae325f36,True,1.0,1.0,0.8369763678125139,1.0,1.0,1.0,0.9320734865885475
913,d44e6abed19b5ba5,True,1.0,1.0,1.0,1.0,1.0,1.0,1.0
914,2bbff4dbce4053b8,True,1.0,1.0,0.6790908784321652,1.0,1.0,1.0,0.8662878660134021
915,70d9d518ad0f5382,True,0.0,1.0,0.0,0.0,1.0,1.0,0.0
916,3136969223325aa5,True,1.0,1.0,1.0,1.0,1.0,1.0,1.0
917,3c114912e4cf590c,True,1.0,1.0,1.0,1.0,1.0,1.0,1.0
918,140a3ea8607f528f,True,1.0,1.0,0.5353651521281935,1.0,1.0,1.0,0.8064021467200805
919,c46978b319c7533d,True,1.0,1.0,0.5518555672922165,1.0,1.0,1.0,0.8132731530384235
920,ac5bcee811565a00,True,1.0,0.0,0.0,1.0,1.0,1.0,0.0
921,601eee0a0e2d52a3,True,1.0,1.0,1.0,1.0,1.0,1.0,1.0
922,ae6787095e5e545a,True,1.0,1.0,0.9883826576615341,1.0,1.0,1.0,0.9951594406923059
923,73bf16c0312158a2,True,1.0,1.0,0.9085955266228583,1.0,1.0,1.0,0.9619148027595242
924,8dfef734a010531e,True,1.0,1.0,0.6552459686070811,1.0,1.0,1.0,0.8563524869196172
925,fa02f1587177551c,True,1.0,1.0,1.0,1.0,1.0,1.0,1.0
926,a76311c957b05f8c,True,1.0,1.0,1.0,1.0,1.0,1.0,1.0
927,4434242a192c58b4,True,1.0,1.0,1.0,0.0,1.0,1.0,0.5833333333333334
928,0868436794795421,True,1.0,1.0,0.7707657575333247,1.0,1.0,1.0,0.904485732305552
929,ef703bb40b9a516c,True,1.0,1.0,0.9905215730069526,1.0,1.0,1.0,0.9960506554195637
930,89de641f85f25a3b,True,1.0,1.0,1.0,1.0,1.0,1.0,1.0
931,0f206a62842b59b2,True,1.0,1.0,1.0,1.0,1.0,1.0,1.0
932,ac40749eddb45a13,True,1.0,1.0,0.8430326895205421,1.0,1.0,1.0,0.9345969539668926
933,4800c57e89db5eae,True,1.0,1.0,1.0,1.0,1.0,1.0,1.0
934,b9f4efacc7695435,True,1.0,0.0,0.0,1.0,1.0,1.0,0.0
935,be63bfa5c6445e0e,True,1.0,1.0,1.0,1.0,1.0,1.0,1.0
936,b227439005885966,True,1.0,1.0,0.6823098208161397,1.0,1.0,1.0,0.8676290920067249
937,16a738813dbe5496,True,1.0,1.0,0.9204956479406001,1.0,1.0,1.0,0.9668731866419167
938,83c7a6c3c0b15b36,True,1.0,1.0,0.9972662294990422,1.0,1.0,1.0,0.9988609289579342
939,ec044ac1af1655be,True,1.0,1.0,0.9904242421236671,1.0,1.0,1.0,0.9960101008848613
940,f24e615d71a155ae,True,1.0,1.0,0.9711978381840223,1.0,1.0,1.0,0.9879990992433426
941,89a0561418585e07,True,1.0,1.0,0.8720986776474197,1.0,1.0,1.0,0.9467077823530916
942,d32336b185505124,True,1.0,1.0,0.9476741330937665,1.0,1.0,1.0,0.978197555455736
943,c98aa74c885e5b96,True,1.0,1.0,0.898198639624078,1.0,1.0,1.0,0.9575827665100324
944,5056ce4462ad5960,True,1.0,1.0,0.6712556226809417,1.0,1.0,1.0,0.8630231761170591
945,8d27cb5d1d1e5ad1,True,1.0,1.0,0.7750746980328195,1.0,1.0,1.0,0.9062811241803415
946,60f9200ffade5c53,True,1.0,1.0,0.8243619493211243,1.0,1.0,1.0,0.9268174788838017
947,e720bb9728785a67,True,1.0,1.0,1.0,1.0,1.0,1.0,1.0
948,e5d91842b228552a,True,1.0,1.0,0.8267882828967552,1.0,1.0,1.0,0.9278284512069813
949,b9e5b11ac3745f8c,True,1.0,1.0,1.0,1.0,1.0,1.0,1.0
950,aa09b515e34356f4,True,1.0,1.0,0.5531778567411046,1.0,1.0,1.0,0.8138241069754603
951,4e54c991bd0259cb,True,1.0,1.0,0.8804453600855484,1.0,1.0,1.0,0.9501855667023119
952,1e80c5febdd25875,True,1.0,1.0,0.9277855671619493,1.0,1.0,1.0,0.9699106529841455
953,5a7f3e30fe075a16,True,1.0,1.0,1.0,1.0,1.0,1.0,1.0
954,f2d64d93a1915c8b,True,1.0,1.0,0.883706640205074,1.0,1.0,1.0,0.9515444334187807
955,0d1800f960bf5d51,True,1.0,1.0,0.8959877320742804,1.0,1.0,1.0,0.9566615550309502
956,039e37993d565b25,True,1.0,1.0,1.0,1.0,1.0,1.0,1.0
957,1586603a5a6353e6,True,1.0,1.0,0.5582492487815978,1.0,1.0,1.0,0.8159371869923323
958,3420dd4340635018,True,1.0,1.0,0.7418154237806176,1.0,1.0,1.0,0.892423093241924
959,c4e78f6c6fbc5ebe,True,1.0,1.0,0.9227023429016893,1.0,1.0,1.0,0.9677926428757039
960,22c1a51ffc1f5022,True,1.0,1.0,1.0,1.0,1.0,1.0,1.0
961,cbb499611c3f53ca,True,1.0,1.0,1.0,1.0,1.0,1.0,1.0
962,01fea9c4f9f45634,True,1.0,1.0,0.9805665147114144,1.0,1.0,1.0,0.9919027144630893
963,919ee41f5fa65358,True,1.0,1.0,1.0,1.0,1.0,1.0,1.0
964,380ae43ebd795e88,True,1.0,1.0,0.8146557859823987,1.0,1.0,1.0,0.9227732441593327
965,d37cdaefc82d5cb2,True,1.0,1.0,1.0,1.0,1.0,1.0,1.0
966,7c42db62ed515a8c,True,1.0,1.0,1.0,1.0,1.0,1.0,1.0
967,43440ae761cd5a8e,True,1.0,1.0,0.9000758509659983,1.0,1.0,1.0,0.9583649379024992
968,c5ff90667143574a,True,1.0,1.0,0.9877985257022738,1.0,1.0,1.0,0.9949160523759474
969,081b5785002b5962,True,1.0,1.0,1.0,1.0,1.0,1.0,1.0
970,7d368be282b85528,True,1.0,1.0,0.7811280064072138,1.0,1.0,1.0,0.9088033360030057
971,30d3af9350045c29,True,1.0,1.0,0.9034687868378705,1.0,1.0,1.0,0.959778661182446
972,6a5d6dff67a45a95,True,1.0,1.0,0.7561799838155634,1.0,1.0,1.0,0.8984083265898182
973,f6d575d8e0a45772,True,1.0,1.0,0.6528581785683821,1.0,1.0,1.0,0.8553575744034925
974,1e527ab20dd55310,True,1.0,1.0,0.8565148527681762,1.0,1.0,1.0,0.9402145219867402
975,78e6dbb9ee735559,True,1.0,1.0,0.915982921908743,1.0,1.0,1.0,0.9649928841286428
976,9986c0e5f88f547f,True,1.0,1.0,0.8923998368516741,1.0,1.0,1.0,0.9551665986881975
977,7fbe895b20a45dfb,True,1.0,1.0,0.9285035394446571,1.0,1.0,1.0,0.9702098081019406
978,0ce170237acd51c2,True,1.0,1.0,1.0,1.0,1.0,1.0,1.0
979,d1ba8c31750e5cbd,True,1.0,1.0,0.7164782870110539,1.0,1.0,1.0,0.8818659529212725
980,387bb49da88353dc,True,1.0,1.0,0.9877023831050942,1.0,1.0,1.0,0.9948759929604559
981,d3badb5f8c125e12,True,1.0,1.0,1.0,1.0,1.0,1.0,1.0
982,348680e464e15fa2,True,1.0,1.0,0.7183750831387452,1.0,1.0,1.0,0.8826562846411439
983,2bf94996d2325e20,True,1.0,1.0,0.8403052726302909,1.0,1.0,1.0,0.9334605302626212
984,d0fccf42f606569a,True,1.0,1.0,0.5209015378847427,1.0,1.0,1.0,0.8003756407853094
985,00abc794f8ce5195,True,1.0,1.0,0.9787422155775408,1.0,1.0,1.0,0.9911425898239754
986,11ee697033a159a9,True,1.0,1.0,0.7790268881963363,1.0,1.0,1.0,0.9079278700818069
987,a810e698e69e5e70,True,1.0,1.0,0.7680846390627475,1.0,1.0,1.0,0.9033685996094781
988,772a0e9ce5825b3a,True,1.0,1.0,0.8968222361732132,1.0,1.0,1.0,0.9570092650721721
989,cffc9ea8b6ea5920,True,1.0,1.0,0.9227635641504753,1.0,1.0,1.0,0.9678181517293648
990,cf9a762e8aaa55b4,True,1.0,1.0,1.0,1.0,1.0,1.0,1.0
991,3e68b96c1d745820,True,1.0,1.0,0.682373033396113,1.0,1.0,1.0,0.8676554305817138
992,52e0d1590e0e529d,True,1.0,1.0,0.5034637411681792,1.0,1.0,1.0,0.793109892153408
993,982b57b1c7c7503a,True,1.0,1.0,1.0,1.0,1.0,1.0,1.0
994,4ddab8ee947255d9,True,1.0,1.0,0.6502104294167793,1.0,1.0,1.0,0.8542543455903248
995,d0d94d5dca655084,True,1.0,1.0,0.8638815678530785,1.0,1.0,1.0,0.9432839866054493
996,4384cab8593f505e,True,1.0,1.0,0.8233246805113845,1.0,1.0,1.0,0.9263852835464101
997,013fbdcd9db35b43,True,1.0,1.0,1.0,1.0,1.0,1.0,1.0
998,dccd7bde9a0b5bfe,True,1.0,1.0,0.6850281094436332,1.0,1.0,1.0,0.8687617122681806
999,3402ab10c02a5e25,True,1.0,1.0,0.612678384059326,1.0,1.0,1.0,0.8386159933580525
1000,d38090818a0b5bed,True,1.0,1.0,0.8822948297849474,1.0,1.0,1.0,0.9509561790770614
1001,315ac5cd44ad5d1e,True,1.0,1.0,0.777851824631885,1.0,1.0,1.0,0.9074382602632854
1002,bfdf115b602357a0,True,1.0,1.0,1.0,1.0,1.0,1.0,1.0
1003,2e0a31d833765412,True,1.0,1.0,0.8370548530141287,1.0,1.0,1.0,0.9321061887558869
1004,bc692afe313d50ee,True,1.0,1.0,0.6236289934610604,1.0,1.0,1.0,0.8431787472754418
1005,a489c23d292e56fa,True,1.0,1.0,0.6919035766454543,1.0,1.0,1.0,0.8716264902689392
1006,e8bc2f6b295e5867,True,1.0,1.0,0.898898720600251,1.0,1.0,1.0,0.9578744669167712
1007,0f23b65ea5a6556e,True,1.0,1.0,0.6091990145309253,1.0,1.0,1.0,0.8371662560545522
1008,9f3da1c3d8b85947,True,1.0,1.0,1.0,1.0,1.0,1.0,1.0
1009,a8159c45d59f5a5f,True,1.0,1.0,0.8001930273059665,1.0,1.0,1.0,0.9167470947108193
1010,68e8dda3806f5b88,True,1.0,1.0,0.8095101768759569,1.0,1.0,1.0,0.9206292403649821
1011,2a06b778a64b545e,True,1.0,1.0,0.8670374912282452,1.0,1.0,1.0,0.9445989546784356
1012,ebd8d87ff33b5b7a,True,1.0,1.0,0.8554400066949817,1.0,1.0,1.0,0.9397666694562424
1013,024d89a3e1e752dc,True,1.0,1.0,0.875882284789496,1.0,1.0,1.0,0.9482842853289567
1014,5abe25231fd05639,True,1.0,1.0,1.0,1.0,1.0,1.0,1.0
1015,8f5485a8338c5278,True,1.0,1.0,0.9076043664885296,1.0,1.0,1.0,0.9615018193702207
1016,15f1c723f81a50b2,True,1.0,1.0,1.0,1.0,1.0,1.0,1.0
1017,8562e5f582e251cf,True,1.0,1.0,0.7480354299089738,1.0,1.0,1.0,0.8950147624620725
1018,239705f6ca945846,True,1.0,1.0,0.5480274901276551,1.0,1.0,1.0,0.811678120886523
1019,56f5294b63df53b9,True,1.0,1.0,1.0,1.0,1.0,1.0,1.0
1020,d08756521e64547e,True,1.0,1.0,0.9253515664302541,1.0,1.0,1.0,0.9688964860126058
1021,aee5c527d8e85667,True,1.0,1.0,0.782718122766804,1.0,1.0,1.0,0.9094658844861683
1022,4ed3817e66d85c10,True,1.0,1.0,1.0,1.0,1.0,1.0,1.0
1023,c5b4ff1be8bb5113,True,1.0,1.0,0.6705230324998698,1.0,1.0,1.0,0.8627179302082791
1024,78a8c3b8447d5489,True,1.0,1.0,0.7795030916366509,1.0,1.0,1.0,0.9081262881819377
1025,2115a02d06035ce0,True,1.0,1.0,0.71964104185247,1.0,1.0,1.0,0.8831837674385291
1026,f6e64f5e788b5101,True,1.0,1.0,0.8892701304097113,1.0,1.0,1.0,0.9538625543373797
1027,7da6ba784b8b5ff0,True,1.0,1.0,0.7362934976357213,0.0,1.0,0.5,0.4734556240148839
1028,fb92846550d15dc1,True,1.0,1.0,1.0,1.0,1.0,1.0,1.0
1029,579942d331b9571d,True,1.0,1.0,0.7009061922958746,1.0,1.0,1.0,0.8753775801232812
1030,36cdfb296218516d,True,1.0,1.0,0.9131548966825775,1.0,1.0,1.0,0.9638145402844073
1031,ec8eced041bb5ad5,True,1.0,1.0,1.0,1.0,1.0,1.0,1.0
1032,ce19d75d9b55589d,True,1.0,1.0,0.8925259552126893,1.0,1.0,1.0,0.9552191480052872
1033,fa72fd5d5f285388,True,1.0,1.0,1.0,1.0,1.0,1.0,1.0
1034,36a10b24956c5db7,True,1.0,1.0,0.7716783314249039,1.0,1.0,1.0,0.9048659714270433
1035,3f0c448b71005686,True,1.0,1.0,1.0,1.0,1.0,0.0,1.0
1036,2a1cb4c27a4459a7,True,1.0,1.0,1.0,1.0,1.0,0.5,1.0
1037,30271c81460b556d,True,1.0,1.0,0.9503136205909467,1.0,1.0,1.0,0.9792973419128944
1038,06c9339fdc3e5404,True,1.0,0.0,0.0,1.0,1.0,1.0,0.0
1039,c9628d0526bb58c5,True,1.0,1.0,0.731714100149006,1.0,1.0,1.0,0.8882142083954191
1040,352290f8ed8e572e,True,1.0,1.0,1.0,1.0,1.0,1.0,1.0
1041,03c50783a77551a2,True,1.0,1.0,0.7393515005405783,1.0,1.0,1.0,0.8913964585585742
1042,17eb5d70d9f15c7e,True,1.0,1.0,0.5058391187663215,1.0,1.0,1.0,0.7940996328193006
1043,26ca3d6741065921,True,1.0,1.0,1.0,1.0,1.0,1.0,1.0
1044,465e7357a8965dcd,True,1.0,1.0,0.7106318017940885,1.0,1.0,1.0,0.8794299174142036
1045,4a9a5d2dcc045ec4,True,1.0,1.0,0.7746590064986241,1.0,1.0,1.0,0.9061079193744267
1046,7cee421600545b00,True,1.0,1.0,0.7076343150880049,1.0,1.0,1.0,0.8781809646200021
1047,b1457b7279f75735,True,1.0,1.0,1.0,1.0,1.0,1.0,1.0
1048,1ebfee14fc925d6e,True,1.0,1.0,1.0,1.0,1.0,1.0,1.0
1049,59e4fc5b37f55556,True,1.0,1.0,0.9483539778008727,1.0,1.0,1.0,0.978480824083697
1050,ff60af032dbd5caa,True,1.0,1.0,0.5742633194192541,1.0,1.0,1.0,0.8226097164246893
1051,662d6c1f51815bad,True,1.0,1.0,1.0,1.0,1.0,1.0,1.0
1052,536a4f2c870d5e58,True,1.0,1.0,0.6480059993959634,1.0,1.0,1.0,0.8533358330816515
1053,3f265d778b65596b,True,1.0,1.0,1.0,0.0,1.0,1.0,0.5833333333333334
1054,c9f8032d2d725257,True,1.0,1.0,1.0,1.0,1.0,1.0,1.0
1055,237739df15ff58cb,True,1.0,1.0,0.9544400021404553,1.0,1.0,1.0,0.981016667558523
1056,812d49975bf357fc,True,1.0,1.0,0.911369829806608,1.0,1.0,1.0,0.96307076241942
1057,e2acd907240850a3,True,1.0,1.0,1.0,1.0,1.0,1.0,1.0
1058,520c2defbbc958a0,True,1.0,1.0,0.6656265698007899,1.0,1.0,1.0,0.8606777374169958
1059,e08a526c85475c4b,True,1.0,1.0,1.0,1.0,1.0,1.0,1.0
1060,35fb7e0858ae5bc8,True,1.0,1.0,0.7404218059377623,1.0,1.0,1.0,0.8918424191407343
1061,2b34624bf9455480,True,1.0,1.0,0.9808465908980625,1.0,1.0,1.0,0.9920194128741926
1062,2a359c1d62ed5843,True,1.0,1.0,0.7794595223239872,1.0,1.0,1.0,0.9081081343016614
1063,e9d8c81a844c5c95,True,1.0,1.0,0.7079378204906065,1.0,1.0,1.0,0.8783074252044193
1064,117b147622605d6a,True,1.0,1.0,0.8698604874606679,1.0,1.0,1.0,0.9457752031086116
1065,d20be65e3dc65738,True,1.0,1.0,0.9663271693237321,1.0,1.0,1.0,0.9859696538848883
1066,028d10ed5c105755,True,1.0,1.0,1.0,1.0,1.0,1.0,1.0
1067,2ee8d10b988c58b2,True,1.0,1.0,0.9927056285567017,1.0,1.0,1.0,0.9969606785652925
1068,25000ee050145f13,True,1.0,1.0,0.8081379094372506,1.0,1.0,1.0,0.9200574622655212
1069,beecbff2fd37592e,True,1.0,1.0,1.0,1.0,1.0,1.0,1.0
1070,38b08f2868a75306,True,1.0,1.0,0.6032505553033976,1.0,1.0,1.0,0.8346877313764156
1071,a8d4a3fc503c5f83,True,1.0,1.0,0.8676429336279454,1.0,1.0,1.0,0.9448512223449773
1072,9d6eac20a6fb5cd9,True,1.0,1.0,1.0,1.0,1.0,1.0,1.0
1073,d1c5fed75ec951fa,True,1.0,1.0,0.835813847694256,1.0,1.0,1.0,0.93158910320594
1074,702cb8df08c15df6,True,1.0,1.0,0.7905131846921667,1.0,1.0,1.0,0.9127138269550694
1075,3f31d5d096f957c9,True,1.0,1.0,0.4740920873347127,1.0,1.0,1.0,0.7808717030561304
1076,cdf51b82bae55641,True,1.0,1.0,1.0,1.0,1.0,1.0,1.0
1077,5250ee99c1f05d97,True,1.0,1.0,0.7676101794137111,1.0,1.0,1.0,0.9031709080890463
1078,75c40d79f7135ea0,True,1.0,1.0,0.8852183410543544,1.0,1.0,1.0,0.9521743087726477
1079,314c032aadbd5011,True,1.0,1.0,1.0,1.0,1.0,1.0,1.0
1080,e2fe8539502a5fd1,True,1.0,1.0,0.9159099215942195,1.0,1.0,1.0,0.9649624673309248
1081,d26786f5e54e53f3,True,1.0,1.0,0.9918142452998937,1.0,1.0,1.0,0.9965892688749557
1082,6be41ab63cf05b6e,True,1.0,1.0,0.974947392518009,1.0,1.0,1.0,0.9895614135491705
1083,c87fe1d7a3bd57cb,True,1.0,1.0,0.6854305590614982,1.0,1.0,1.0,0.8689293996089575
1084,72b0f2dcaf1f59a1,True,1.0,1.0,0.9738211119740047,1.0,1.0,1.0,0.9890921299891686
1085,f91ece9be7be56f6,True,1.0,1.0,0.5908447790191033,1.0,1.0,1.0,0.8295186579246264
1086,022cc20c8dd45bc5,True,1.0,1.0,1.0,1.0,1.0,1.0,1.0
1087,2575048779565f0b,True,1.0,1.0,0.7712735970829773,1.0,1.0,1.0,0.9046973321179071
1088,33c05d622bbe59a8,True,1.0,1.0,0.9002557750888452,1.0,1.0,1.0,0.9584399062870189
1089,5d2ee89308f958be,True,1.0,1.0,0.7186284986539472,1.0,1.0,1.0,0.8827618744391447
1090,345f39f8de925db9,True,1.0,1.0,0.9124039557513667,1.0,1.0,1.0,0.9635016482297362
1091,06e62670ddb152d9,True,1.0,1.0,1.0,1.0,1.0,1.0,1.0
1092,95f42de7bd075f88,True,1.0,1.0,1.0,1.0,1.0,1.0,1.0
1093,3be6682bde7d5548,True,1.0,0.0,0.0,1.0,1.0,1.0,0.0
1094,cf533c1e7f6852e5,True,1.0,1.0,0.7513710835602205,1.0,1.0,1.0,0.8964046181500919
1095,788ea82253cb559c,True,1.0,1.0,1.0,0.0,1.0,1.0,0.5833333333333334
1096,a05ccb0dca555526,True,1.0,1.0,0.88272220102434,1.0,1.0,1.0,0.9511342504268083
1097,ee4a2e2de70a510b,True,1.0,1.0,0.807577747117568,1.0,1.0,1.0,0.9198240612989866
1098,cff46947b17c5415,True,1.0,1.0,1.0,1.0,1.0,1.0,1.0
1099,ab505f8775065375,True,1.0,1.0,1.0,1.0,1.0,1.0,1.0
1100,ef23fc3dea3551b5,True,1.0,1.0,1.0,1.0,1.0,1.0,1.0
1101,cdec001a2536542c,True,1.0,1.0,0.8701117353432362,1.0,1.0,1.0,0.9458798897263484
1102,17a3e2d3cba55770,True,1.0,1.0,1.0,1.0,1.0,1.0,1.0
1103,24b68863c230509c,True,1.0,1.0,0.788255390785016,1.0,1.0,1.0,0.9117730794937566
1104,d60ec6837413567c,True,1.0,1.0,1.0,1.0,1.0,1.0,1.0
1105,c78f87b2bd4151d4,True,1.0,1.0,0.8612378724817653,1.0,1.0,1.0,0.9421824468674022
1106,87b2c0e49070537f,True,1.0,1.0,1.0,1.0,1.0,1.0,1.0
1107,862ca192b71f5d93,True,1.0,1.0,1.0,1.0,1.0,1.0,1.0
1108,6d605a6595d75fa9,True,1.0,1.0,1.0,1.0,1.0,1.0,1.0
1109,b5be2c625dcf54e2,True,1.0,1.0,0.9274264145613749,1.0,1.0,1.0,0.9697610060672396
1110,dec6932758755596,True,1.0,1.0,0.684881607901704,1.0,1.0,1.0,0.8687006699590434
1111,1e98fee7a7cc5254,True,1.0,1.0,0.7057308375925471,1.0,1.0,1.0,0.8773878489968947
1112,1b18327179f15a8f,True,1.0,1.0,0.6415779745872275,1.0,1.0,1.0,0.8506574894113448
1113,dde50b95cefd5ecd,True,1.0,1.0,0.7962198593683177,1.0,1.0,1.0,0.9150916080701323
1114,135337bf847b5726,True,1.0,1.0,0.6516731924495799,1.0,1.0,1.0,0.854863830187325
1115,c8d1d4dd7889577b,True,1.0,1.0,0.8794272915610823,1.0,1.0,1.0,0.9497613714837844
1116,d09ecc45a5685873,True,1.0,1.0,0.7682326152355298,1.0,1.0,1.0,0.9034302563481375
1117,a65539b18da350df,True,1.0,1.0,1.0,1.0,1.0,1.0,1.0
1118,69ad18166f085da8,True,1.0,1.0,1.0,1.0,1.0,1.0,1.0
1119,4a1f69f3821e5ac5,True,0.5,1.0,0.6596460947314831,0.0,1.0,0.5,0.22075960306905898
1120,40ef82b4d5735701,True,1.0,1.0,1.0,1.0,1.0,1.0,1.0
1121,cb2a52e9af3a5e0a,True,1.0,1.0,1.0,1.0,1.0,1.0,1.0
1122,1b4af0da5a485c17,True,1.0,1.0,0.9095353927855071,1.0,1.0,1.0,0.962306413660628
1123,97b98a9d8e935607,True,1.0,1.0,0.7642484709268283,1.0,1.0,1.0,0.9017701962195118
1124,be861669f7ff5de4,True,1.0,1.0,1.0,1.0,1.0,1.0,1.0
1125,1ff5f3528c36501f,True,1.0,1.0,0.7740809647353479,1.0,1.0,1.0,0.9058670686397283
1126,0bd89ca329cd55f9,True,1.0,1.0,0.5237893300199971,1.0,1.0,1.0,0.8015788875083322
1127,d9c4acb18e675789,True,1.0,1.0,0.9995042527140978,1.0,1.0,1.0,0.9997934386308741
1128,b4b31520fc1c5ef7,True,1.0,1.0,0.2974314580899117,1.0,1.0,1.0,0.7072631075374632
1129,a39ec7322394565f,True,1.0,1.0,0.8977058851818667,1.0,1.0,1.0,0.9573774521591112
1130,26ffff4876f75eed,True,1.0,1.0,0.9251510445043641,1.0,1.0,0.5,0.9688129352101518
1131,5066b57b01cb56ec,True,1.0,1.0,1.0,1.0,1.0,1.0,1.0
1132,83280d03b9995f85,True,1.0,1.0,0.9157125788889595,1.0,1.0,1.0,0.9648802412037331
1133,09027c0129cd568b,True,1.0,1.0,0.7824882054893445,1.0,1.0,1.0,0.9093700856205601
1134,712bbcdd69af5f26,True,1.0,1.0,0.8736053944205842,1.0,1.0,1.0,0.9473355810085767
1135,9fe3ed9455355edb,True,1.0,1.0,1.0,0.0,1.0,1.0,0.5833333333333334
1136,53abaebc66d4549e,True,1.0,1.0,0.812517991372876,1.0,1.0,1.0,0.9218824964053649
1137,3151813685fe5b1d,True,1.0,0.0,0.0,1.0,1.0,1.0,0.0
1138,182688f3d2c25fc8,True,1.0,1.0,0.8813717449864598,1.0,1.0,1.0,0.9505715604110249
1139,cefc63c820c45c3b,True,1.0,1.0,1.0,1.0,1.0,1.0,1.0
1140,8ff50d5fa36956fa,True,1.0,1.0,1.0,1.0,1.0,1.0,1.0
1141,955098957a615194,True,1.0,1.0,0.5964933100355401,1.0,1.0,1.0,0.8318722125148085
1142,6492ae3886505280,True,1.0,1.0,0.9690902611221922,1.0,1.0,1.0,0.9871209421342467
1143,0a77356a8ee85133,True,1.0,1.0,0.8581704281652139,1.0,1.0,1.0,0.9409043450688391
1144,2cdba8acff3454a7,True,1.0,1.0,0.8253229649818086,1.0,1.0,1.0,0.9272179020757535
1145,80199eddf2cc590f,True,1.0,1.0,0.6743238196378258,1.0,1.0,1.0,0.8643015915157607
1146,07846b829b3a575e,True,1.0,1.0,0.7184722539470749,1.0,1.0,1.0,0.8826967724779479
1147,9e76a394983a59b6,True,1.0,1.0,1.0,1.0,1.0,1.0,1.0
1148,a04a20407bf95386,True,1.0,1.0,0.8433542659075569,1.0,1.0,1.0,0.9347309441281487
1149,87dc5db673bd5b2b,True,1.0,1.0,1.0,1.0,1.0,1.0,1.0
1150,f199bfb931d65f4f,True,1.0,1.0,1.0,1.0,1.0,1.0,1.0
1151,34f4fd0a288b5199,True,1.0,1.0,1.0,1.0,1.0,1.0,1.0
1152,3e1e7bc23c515108,True,1.0,1.0,0.6432187229726516,1.0,1.0,1.0,0.8513411345719382
1153,197f39226d0856ce,True,1.0,1.0,0.7837855409969171,1.0,1.0,1.0,0.9099106420820489
1154,a5d356da90d05835,True,1.0,1.0,0.8348903786687304,1.0,1.0,1.0,0.9312043244453042
1155,39e708ddd82155ea,True,1.0,1.0,0.7254901736315592,1.0,1.0,1.0,0.8856209056798163
1156,35f226ec4cac52fc,True,1.0,1.0,1.0,1.0,1.0,1.0,1.0
1157,7048a63246a75ea4,True,1.0,1.0,0.7060222338820261,1.0,1.0,1.0,0.8775092641175108
1158,131a036a111e54f3,True,1.0,1.0,1.0,1.0,1.0,1.0,1.0
1159,ac2bc045e07151a3,True,1.0,1.0,1.0,1.0,1.0,1.0,1.0
1160,616ead76f75f5b62,True,1.0,1.0,0.7847828418432471,1.0,1.0,1.0,0.9103261841013529
1161,ee99fbc3e9a25112,True,1.0,1.0,0.8350663759594791,1.0,1.0,1.0,0.931277656649783
1162,e55ee684113c5e7d,True,1.0,1.0,1.0,1.0,1.0,1.0,1.0
1163,8580d0bf545b5261,True,1.0,1.0,0.7954060474970859,1.0,1.0,1.0,0.9147525197904525
1164,ee5975ff12275983,True,1.0,1.0,1.0,1.0,1.0,1.0,1.0
1165,786f447064055cfd,True,1.0,1.0,1.0,1.0,1.0,1.0,1.0
1166,f7a5f237abcd5b04,True,1.0,1.0,0.9581563543527967,1.0,1.0,1.0,0.9825651476469986
1167,e7f8a61d807f5914,True,1.0,1.0,1.0,1.0,1.0,1.0,1.0
1168,59159c92e5d9571d,True,1.0,1.0,0.8921265213873617,1.0,1.0,1.0,0.9550527172447341
1169,d743862c9c555961,True,1.0,1.0,1.0,1.0,1.0,1.0,1.0
1170,c0e6ee59f6455107,True,1.0,1.0,1.0,1.0,1.0,1.0,1.0
1171,9b5c31b36c5b5aa9,True,1.0,1.0,0.7913954441540642,1.0,1.0,1.0,0.9130814350641935
1172,a73ba1e90a735dad,True,1.0,1.0,0.8690590156629475,1.0,1.0,0.5,0.9454412565262281
1173,63a10444501d5ead,True,1.0,1.0,1.0,1.0,1.0,1.0,1.0
1174,0d391852df3f5737,True,1.0,1.0,1.0,1.0,1.0,1.0,1.0
1175,ac5327106349541c,True,1.0,1.0,1.0,0.0,1.0,1.0,0.5833333333333334
1176,947829285f5d5526,True,1.0,1.0,0.9724807785583146,1.0,1.0,1.0,0.988533657732631
1177,5b272b7aa3315c4f,True,1.0,1.0,0.9316907790610448,1.0,1.0,1.0,0.9715378246087688
1178,2640335fd6565b4f,True,1.0,1.0,1.0,1.0,1.0,1.0,1.0
1179,5ddaadb992ef5c1f,True,1.0,1.0,1.0,1.0,1.0,1.0,1.0
1180,4e09d6c847dc5d3e,True,1.0,1.0,0.5698627750698477,1.0,1.0,1.0,0.8207761562791033
1181,ffbe4e0250f45a3a,True,1.0,1.0,0.68685646326318,1.0,1.0,1.0,0.8695235263596582
1182,d651033bf05e5da3,True,1.0,1.0,0.9955315366495079,1.0,1.0,1.0,0.9981381402706283
1183,99c561c0507851d8,True,1.0,1.0,0.9707351571775616,1.0,1.0,1.0,0.9878063154906508
1184,22a9516d643c5e4b,True,1.0,1.0,0.7027409612322888,1.0,1.0,1.0,0.8761420671801203
1185,4860585d53665508,True,1.0,1.0,1.0,1.0,1.0,1.0,1.0
1186,28c89352b09b55d4,True,1.0,1.0,0.670934540197048,1.0,1.0,1.0,0.86288939174877
1187,045a93a43af35fd1,True,1.0,1.0,1.0,1.0,1.0,1.0,1.0
1188,0a73f089868458e4,True,1.0,1.0,1.0,1.0,1.0,1.0,1.0
1189,117372631fc4501c,True,1.0,1.0,1.0,1.0,1.0,1.0,1.0
1190,c943799f7b8c5f7f,True,1.0,1.0,0.7416631466190863,1.0,1.0,1.0,0.8923596444246193
1191,360d4a6ec45d53a3,True,1.0,1.0,0.8305947015910147,1.0,1.0,1.0,0.9294144589962561
1192,38f1e14586bd51e3,True,1.0,1.0,0.8236764557361067,1.0,1.0,1.0,0.9265318565567111
1193,0a6e90cccbb15213,True,1.0,1.0,0.8666240898003706,1.0,1.0,1.0,0.9444267040834878
1194,baf11c6f018d56f9,True,1.0,1.0,0.7923832123218113,1.0,1.0,1.0,0.913493005134088
1195,c0ea178930145138,True,1.0,1.0,1.0,1.0,1.0,1.0,1.0
1196,b88e5601e3055bd8,True,1.0,1.0,1.0,1.0,1.0,1.0,1.0
1197,9c768fba2b4c5d19,True,1.0,1.0,0.8432146642384718,1.0,1.0,1.0,0.9346727767660298
1198,4ab74b20c99e5d20,True,1.0,1.0,0.8429885856376542,1.0,1.0,0.5,0.9345785773490226
1199,b60b509ee8ba5197,True,1.0,1.0,0.7862518439715911,1.0,1.0,1.0,0.9109382683214964
1200,ad8ac16631a15da5,True,1.0,1.0,0.8525600663628842,1.0,1.0,1.0,0.9385666943178684
1201,6532afe679315809,True,1.0,1.0,0.7441230724756897,1.0,1.0,1.0,0.8933846135315373
1202,4291f43bae455b98,True,1.0,1.0,0.9414787260450325,1.0,1.0,1.0,0.9756161358520968
1203,1db7c81f96855ce9,True,1.0,1.0,0.5612062288364749,1.0,1.0,1.0,0.8171692620151978
1204,6dd8c9210247547d,True,1.0,0.0,0.0,1.0,1.0,1.0,0.0
1205,edcad0bfc4b15515,True,1.0,1.0,0.7422047367083255,1.0,1.0,1.0,0.8925853069618023
1206,458ab847ffa957e8,True,1.0,1.0,0.9304027285486495,1.0,1.0,1.0,0.9710011368952706
1207,d76955208924513a,True,1.0,1.0,0.8239601254408488,1.0,1.0,1.0,0.9266500522670204
1208,b7648a9b27e7574e,True,1.0,1.0,0.8902423214716136,1.0,1.0,1.0,0.9542676339465057
1209,d88a725f8b125d74,True,1.0,1.0,0.9368279474611374,1.0,1.0,1.0,0.9736783114421406
1210,e683a9a072485098,True,1.0,1.0,0.8150795529105369,1.0,1.0,1.0,0.9229498137127238
1211,edeaf2305fa85143,True,1.0,1.0,0.8823171286926595,1.0,1.0,1.0,0.9509654702886081
1212,cf1ba57897845189,True,1.0,1.0,0.7981364994419597,1.0,1.0,1.0,0.9158902081008166
1213,df78364de73e581b,True,1.0,1.0,0.8535486868126809,1.0,1.0,1.0,0.9389786195052837
1214,0a8ba5b315e555ab,True,1.0,1.0,0.8221296878802746,1.0,1.0,1.0,0.9258873699501144
1215,9eb02188c5505fe1,True,1.0,1.0,0.6644391107375691,1.0,1.0,1.0,0.8601829628073204
1216,8f5610a77c3257f9,True,1.0,1.0,1.0,1.0,1.0,1.0,1.0
1217,c505de060d305ef5,True,1.0,1.0,0.9692901638463561,1.0,1.0,1.0,0.9872042349359816
1218,dc8fc926ef0451f1,True,1.0,1.0,1.0,1.0,1.0,1.0,1.0
1219,e02db4e2c5ed5b76,True,1.0,1.0,0.9765057818992517,1.0,1.0,1.0,0.9902107424580215
1220,8d069310b22a5716,True,1.0,1.0,1.0,1.0,1.0,1.0,1.0
1221,22878e2b2f6e5ab2,True,1.0,1.0,0.7170193478450996,1.0,1.0,1.0,0.8820913949354582
1222,667ea4f79faf5baa,True,1.0,1.0,0.5412214214564972,1.0,1.0,1.0,0.8088422589402072
1223,92beafb962d457db,True,1.0,1.0,0.7668760643514144,1.0,1.0,1.0,0.9028650268130893
1224,e7a7c61c543e5b88,True,1.0,1.0,0.7814885208402998,1.0,1.0,1.0,0.9089535503501249
1225,46f4d9ea67c75a76,True,1.0,1.0,1.0,1.0,1.0,1.0,1.0
1226,e1d83d0f913a5263,True,1.0,1.0,0.9192670923918616,1.0,1.0,1.0,0.966361288496609
1227,1a9928bcc34451aa,True,1.0,1.0,1.0,1.0,1.0,1.0,1.0
1228,543075ac6a275db3,True,1.0,1.0,0.8279566291448531,1.0,1.0,1.0,0.9283152621436889
1229,6781255a85605dd5,True,1.0,1.0,1.0,1.0,1.0,1.0,1.0
1230,0578fbc7c369583a,True,1.0,1.0,0.9659906391112127,1.0,1.0,1.0,0.9858294329630053
1231,9e1761b29988514c,True,1.0,1.0,0.8673120062624716,1.0,1.0,1.0,0.9447133359426966
1232,e4174e91095b530b,True,1.0,1.0,0.7706904331987957,1.0,1.0,1.0,0.9044543471661649
1233,e76485315c2c5028,True,1.0,1.0,1.0,1.0,1.0,1.0,1.0
1234,19a79abcf14059d2,True,1.0,1.0,0.9026995676789791,1.0,1.0,1.0,0.9594581531995746
1235,d9880e5e2cff5787,True,1.0,1.0,1.0,1.0,1.0,1.0,1.0
1236,0e7f7322726f5b86,True,1.0,1.0,0.9822326790452417,1.0,1.0,1.0,0.9925969496021839
1237,96540ed00a785607,True,1.0,1.0,0.7777093539805195,1.0,1.0,1.0,0.907378897491883
1238,4cdef6ce55a7542b,True,1.0,1.0,0.8842347235077564,1.0,1.0,1.0,0.9517644681282319
1239,94cabec7888a5bb3,True,1.0,1.0,0.7924159979843582,1.0,1.0,1.0,0.913506665826816
1240,06836a56443a572c,True,1.0,1.0,1.0,0.0,1.0,1.0,0.5833333333333334
1241,a73467a2eede50e9,True,1.0,1.0,0.7750585772517392,1.0,1.0,1.0,0.9062744071882247
1242,7f9f4661a4875959,True,1.0,1.0,0.7954213721295029,1.0,1.0,1.0,0.9147589050539596
1243,a23ebe50e290544b,True,1.0,1.0,0.8353395349301915,1.0,1.0,1.0,0.9313914728875798
1244,de9f2e538b69576c,True,1.0,1.0,1.0,1.0,1.0,1.0,1.0
1245,35ceec8930305499,True,1.0,1.0,0.9618183750463453,1.0,1.0,1.0,0.9840909896026439
1246,fedeb108feed57c0,True,1.0,1.0,0.7508824827719978,1.0,1.0,1.0,0.8962010344883323
1247,766a723ba30f574c,True,1.0,1.0,1.0,1.0,1.0,1.0,1.0
1248,1039f028cca95109,True,1.0,1.0,0.7226001093790766,1.0,1.0,1.0,0.8844167122412818
1249,392a50db492b536e,True,1.0,1.0,0.6205530141403279,1.0,1.0,1.0,0.8418970892251366
1250,8b788f2715985cee,True,1.0,1.0,1.0,1.0,1.0,1.0,1.0
1251,cf8f42e252855b82,True,1.0,1.0,1.0,1.0,1.0,1.0,1.0
1252,f559d26401125dbe,True,1.0,1.0,1.0,1.0,1.0,1.0,1.0
1253,6012a63b7a3b52c7,True,1.0,1.0,0.7736871689233803,1.0,1.0,1.0,0.9057029870514084
1254,1558511dc7b45b86,True,1.0,1.0,0.9847848067485464,1.0,1.0,1.0,0.9936603361452278
1255,95733bb0b55e5d5f,True,1.0,1.0,0.8506376338177475,1.0,1.0,1.0,0.9377656807573947
1256,7b8bb16c6e9b512c,True,1.0,1.0,0.6502418749631719,1.0,1.0,1.0,0.8542674479013216
1257,65729e98f81a526e,True,1.0,1.0,1.0,1.0,1.0,1.0,1.0
1258,25b5cecdb3b75e7c,True,1.0,1.0,1.0,1.0,1.0,1.0,1.0
1259,4f47f41d84c450e8,True,1.0,1.0,1.0,1.0,1.0,1.0,1.0
1260,81a0a6181d335250,True,1.0,1.0,0.9630139390605919,1.0,1.0,1.0,0.9845891412752467
1261,20fd202ba2e1572a,True,1.0,1.0,1.0,1.0,1.0,1.0,1.0
1262,e9a6f39362ba53a3,True,1.0,1.0,0.9891766521121993,1.0,1.0,1.0,0.9954902717134164
1263,1c77ba7488d35c52,True,1.0,1.0,0.9238582641417805,1.0,1.0,1.0,0.968274276725742
1264,74c8385c2d845cde,True,1.0,1.0,0.8843713845444505,1.0,1.0,1.0,0.9518214102268544
1265,924f7c86a30b55c7,True,1.0,1.0,0.7200823657837533,1.0,1.0,1.0,0.8833676524098971
1266,952c1875f64057b9,True,1.0,1.0,0.8116095105490106,1.0,1.0,1.0,0.9215039627287545
1267,496b53024fb657ae,True,1.0,1.0,0.8496973276995298,1.0,1.0,1.0,0.9373738865414708
1268,489bb0ed93455b69,True,1.0,1.0,0.7845029104571353,1.0,1.0,1.0,0.9102095460238063
1269,eff5b15eb0935b33,True,1.0,1.0,1.0,1.0,1.0,1.0,1.0
1270,e9d869eb2d255788,True,1.0,1.0,0.7459071797255235,1.0,1.0,1.0,0.8941279915523014
1271,575453863ce05f35,True,1.0,1.0,1.0,1.0,1.0,1.0,1.0
1272,df84a00692885ec0,True,1.0,1.0,0.8835228758426705,1.0,1.0,1.0,0.951467864934446
1273,90f8fafcb5715404,True,1.0,1.0,0.7989174866775658,1.0,1.0,1.0,0.9162156194489857
1274,2f191795b29f52b2,True,1.0,1.0,1.0,1.0,1.0,1.0,1.0
1275,938ceea80dd85b62,True,1.0,1.0,0.7861812463387808,1.0,1.0,1.0,0.9109088526411586
1276,3e5b0593a3e75d29,True,1.0,1.0,0.7962324228743234,1.0,1.0,1.0,0.9150968428643015
1277,a8ef1b08315752f3,True,1.0,1.0,1.0,1.0,1.0,1.0,1.0
1278,bdef1564d4565c48,True,1.0,1.0,0.9897646674239455,1.0,1.0,1.0,0.9957352780933105
1279,f69367f756605199,True,1.0,1.0,1.0,1.0,1.0,1.0,1.0
1280,a4f48656cf78572a,True,1.0,1.0,0.7827388123605238,1.0,1.0,1.0,0.9094745051502183
1281,b204289cd95c59b5,True,1.0,1.0,0.9560774400835491,1.0,1.0,1.0,0.9816989333681455
1282,acc78986a3805c7e,True,1.0,1.0,1.0,1.0,1.0,1.0,1.0
1283,9c63c33c198e5aa9,True,1.0,1.0,0.8573003831087558,1.0,1.0,1.0,0.9405418262953149
1284,8e7906efc10a5e42,True,1.0,1.0,0.5303700773094424,1.0,1.0,1.0,0.804320865545601
1285,e14711ef4d2f5000,True,1.0,1.0,0.6828737137281313,1.0,1.0,1.0,0.8678640473867215
1286,d306c671b1ce531c,True,1.0,1.0,0.9231642683742401,1.0,1.0,1.0,0.9679851118226
1287,de22e3d2143f51f7,True,1.0,1.0,0.8334585595940963,1.0,1.0,1.0,0.9306077331642069
1288,91b143f42de55e14,True,1.0,1.0,0.5557809354110783,1.0,1.0,1.0,0.8149087230879494
1289,5e02e80df7fe5f5b,True,1.0,1.0,0.7060217124436701,1.0,1.0,1.0,0.8775090468515292
1290,48f00d40d416591d,True,1.0,1.0,1.0,1.0,1.0,1.0,1.0
1291,f952ad55ab565465,True,1.0,1.0,0.8286080607091858,1.0,1.0,1.0,0.9285866919621607
1292,796a327cace65d27,True,1.0,1.0,1.0,1.0,1.0,1.0,1.0
1293,a454e18ca33d5cb7,True,1.0,1.0,1.0,1.0,1.0,1.0,1.0
1294,9b7108902e7158d6,True,1.0,1.0,1.0,1.0,1.0,1.0,1.0
1295,3b36add3be02517e,True,1.0,1.0,0.8079935686514915,1.0,1.0,1.0,0.9199973202714548
1296,c40ede27ed35520b,True,1.0,1.0,0.8626563209961603,1.0,1.0,1.0,0.9427734670817335
1297,b1464f6c01dc545f,True,1.0,1.0,0.9496921376368248,1.0,1.0,1.0,0.9790383906820104
1298,72d6e0ab829553ed,True,1.0,1.0,1.0,1.0,1.0,1.0,1.0
1299,989aefa473b75a2a,True,1.0,1.0,0.6049152366478894,1.0,1.0,1.0,0.8353813486032872
1300,c9150b81da695ae9,True,1.0,1.0,0.8165917792987967,1.0,1.0,1.0,0.9235799080411654
1301,b41e61d24f915d6f,True,1.0,0.0,0.0,1.0,1.0,1.0,0.0
1302,e27870f87c3656b1,True,1.0,1.0,0.8918061289367925,1.0,1.0,1.0,0.9549192203903303
1303,17a015f4ef9b56d0,True,1.0,1.0,1.0,1.0,1.0,1.0,1.0
1304,d1e4600c80ab519a,True,1.0,1.0,0.5649201450197587,1.0,1.0,1.0,0.8187167270915662
1305,99dae52a2a6451da,True,1.0,1.0,0.634217524538764,1.0,1.0,1.0,0.847590635224485
1306,17a6a4a6137553cd,True,1.0,1.0,0.8811350909696591,1.0,1.0,1.0,0.9504729545706914
1307,c848c9ccc6e55adf,True,1.0,1.0,0.9309055045697159,1.0,1.0,1.0,0.9712106269040482
1308,f620e6d6c13b53b7,True,1.0,1.0,0.5238770107698072,1.0,1.0,1.0,0.8016154211540863
1309,ca41dc3231965d47,True,1.0,1.0,0.9759593596764354,1.0,1.0,1.0,0.9899830665318481
1310,0c86ab0f851559e8,True,1.0,1.0,1.0,1.0,1.0,1.0,1.0
1311,7cb9260c8be35c5c,True,1.0,1.0,0.8642355973803761,1.0,1.0,1.0,0.94343149890849
1312,862378e4a52553be,True,1.0,1.0,0.8516868169925059,1.0,1.0,0.5,0.9382028404135442
1313,78c9157a55905d81,True,1.0,1.0,0.893632656595575,1.0,1.0,1.0,0.9556802735814895
1314,d0bf0c6c025c5c8c,True,1.0,1.0,0.3920661258602428,1.0,1.0,1.0,0.7466942191084346
1315,467879c3d37054f5,True,1.0,1.0,0.8094312815696739,1.0,1.0,1.0,0.9205963673206975
1316,b87b792b9a025344,True,1.0,1.0,0.6669842419891737,1.0,1.0,1.0,0.8612434341621557
1317,df3b1f0f39625162,True,1.0,1.0,0.9089923910745237,1.0,1.0,1.0,0.9620801629477181
1318,3623049267d35a95,True,1.0,1.0,0.6050578097578944,1.0,1.0,1.0,0.8354407540657892
1319,190e931f7a7a52dc,True,1.0,1.0,0.6952458423728836,1.0,1.0,1.0,0.8730191009887015
1320,78ea729667c1558b,True,1.0,1.0,0.8588364500182942,1.0,1.0,1.0,0.9411818541742892
1321,2959d5dbe8235765,True,1.0,1.0,0.8183250434515557,1.0,1.0,1.0,0.9243021014381482
1322,f025b78e77b25fba,True,1.0,1.0,0.6361318292688927,1.0,1.0,1.0,0.848388262195372
1323,fceded25dc595e06,True,1.0,1.0,0.937835550119479,1.0,1.0,1.0,0.9740981458831163
1324,dbfcc3b5aa945597,True,1.0,1.0,0.8701513128785101,1.0,1.0,1.0,0.945896380366046
1325,7dfae2f3b33a5d6e,True,1.0,1.0,1.0,1.0,1.0,1.0,1.0
1326,c6e19ffa3c34551c,True,1.0,1.0,1.0,1.0,1.0,1.0,1.0
1327,418eb2a0ba415e93,True,1.0,1.0,0.7209599950241805,1.0,1.0,1.0,0.8837333312600752
1328,7c04e29efc0c5e46,True,1.0,1.0,1.0,1.0,1.0,1.0,1.0
1329,570ba391cb6158c2,True,1.0,1.0,0.6360832590997483,1.0,1.0,1.0,0.8483680246248951
1330,64f47c2f2c7754cb,True,1.0,0.0,0.0,1.0,1.0,0.5,0.0
1331,d957b8de88d154cb,True,1.0,1.0,0.876348501019511,1.0,1.0,1.0,0.948478542091463
1332,35119c815b1b59ef,True,1.0,1.0,1.0,1.0,1.0,1.0,1.0
1333,1c5ca85e734859c4,True,1.0,1.0,1.0,1.0,1.0,1.0,1.0
1334,f02b15cc225b5d9a,True,1.0,1.0,1.0,1.0,1.0,1.0,1.0
1335,8d3ac506e17050ba,True,1.0,1.0,0.5429226634246409,1.0,1.0,1.0,0.809551109760267
1336,249c1b68ba355e43,True,1.0,1.0,0.9806889798134837,1.0,1.0,1.0,0.9919537415889516
1337,9f5172e4a2cb5304,True,1.0,1.0,0.7662052785249085,1.0,1.0,1.0,0.9025855327187119
1338,7762b47b2ed156a9,True,1.0,1.0,0.9082134915036698,1.0,1.0,1.0,0.9617556214598624
1339,cadeb92fe01652e3,True,1.0,1.0,0.8364348808022376,1.0,1.0,1.0,0.9318478670009324
1340,2eac5afe2036526c,True,1.0,1.0,0.9315821293629633,1.0,1.0,1.0,0.9714925539012347
1341,3b4031def0f45d96,True,1.0,1.0,0.5415656562172292,1.0,1.0,1.0,0.8089856900905121
1342,3251e54ebe415e5c,True,1.0,1.0,1.0,1.0,1.0,1.0,1.0
1343,33a43f22312c570d,True,1.0,1.0,0.6404545430754807,1.0,1.0,1.0,0.850189392948117
1344,3bc4c087ab1a50a3,True,1.0,1.0,0.630775500944171,1.0,1.0,1.0,0.846156458726738
1345,c38fcc20f071501a,True,1.0,1.0,1.0,1.0,1.0,1.0,1.0
1346,182a718050bd598a,True,1.0,1.0,0.9057311263551671,1.0,1.0,1.0,0.9607213026479863
1347,0603ebc3a71d59f5,True,1.0,1.0,0.8285698493538801,1.0,1.0,1.0,0.9285707705641167
1348,0f9e883357585ec4,True,1.0,1.0,1.0,1.0,1.0,1.0,1.0
1349,d8c6268b250e585c,True,1.0,1.0,0.9085787505482245,1.0,1.0,1.0,0.9619078127284268
1350,3fac271cd0795af0,True,1.0,1.0,0.7923438211685522,1.0,1.0,1.0,0.9134765921535634
1351,c9b3ce1062455ad6,True,1.0,1.0,0.9114227385481961,1.0,1.0,1.0,0.963092807728415
1352,12c9ecb5687f572b,True,1.0,1.0,1.0,1.0,1.0,1.0,1.0
1353,fe9ad4d0e8d355e2,True,1.0,1.0,0.9605151455388735,1.0,1.0,1.0,0.983547977307864
1354,6a5c90faa1cc5f03,True,1.0,1.0,0.7772360503578896,1.0,1.0,1.0,0.9071816876491207
1355,e9bb1dab462252e9,True,1.0,1.0,1.0,1.0,1.0,1.0,1.0
1356,4a40d0564325502c,True,1.0,1.0,0.7003941568727144,1.0,1.0,0.5,0.8751642320302976
1357,917f7087f2665add,True,1.0,1.0,0.8202765253906906,1.0,1.0,1.0,0.9251152189127877
1358,ba58a70fcf8e5c64,True,1.0,1.0,0.5979260146011013,1.0,1.0,1.0,0.832469172750459
1359,71531dafe28052ac,True,1.0,1.0,0.8813052944297698,1.0,1.0,1.0,0.9505438726790708
1360,27eb0ba03f385c69,True,1.0,1.0,0.5344914175673632,1.0,1.0,1.0,0.8060380906530679
1361,ba0dffc45509514e,True,1.0,1.0,0.7762142049594732,1.0,1.0,1.0,0.9067559187331139
1362,87614ec5f3da5f4a,True,1.0,1.0,1.0,1.0,1.0,1.0,1.0
1363,b5cc4dfa26465b62,True,1.0,1.0,1.0,1.0,1.0,1.0,1.0
1364,29949ff80141506e,True,1.0,1.0,0.7734917628689614,1.0,1.0,1.0,0.9056215678620673
1365,6361bbead79c5ac2,True,1.0,1.0,0.7505435072928913,1.0,1.0,1.0,0.8960597947053713
1366,ff14af5a86c55674,True,1.0,1.0,0.6463682325090114,1.0,1.0,1.0,0.8526534302120882
1367,bc12361c48f15f75,True,1.0,1.0,1.0,0.0,1.0,1.0,0.5833333333333334
1368,34bead43250559f7,True,1.0,1.0,0.8647947660895038,1.0,1.0,1.0,0.9436644858706266
1369,6a5ed1c72b9a5d47,True,1.0,1.0,0.7007107410303778,1.0,1.0,1.0,0.8752961420959907
1370,937ca624cc2658a6,True,1.0,1.0,0.9618652951936211,1.0,1.0,1.0,0.9841105396640089
1371,131f0303c9e9582a,True,1.0,1.0,0.6416429845888917,1.0,1.0,1.0,0.8506845769120382
1372,b6968f154bfb5a5d,True,1.0,1.0,0.6894886956516919,1.0,1.0,1.0,0.8706202898548717
1373,0e3f26bc3e1056ba,True,1.0,1.0,1.0,1.0,1.0,1.0,1.0
1374,29fea23055595de3,True,1.0,1.0,0.7522348976075516,1.0,1.0,1.0,0.8967645406698131
1375,f6c6b09c85e357ee,True,1.0,1.0,1.0,1.0,1.0,1.0,1.0
1376,7d6c25f47aa658e8,True,1.0,1.0,1.0,1.0,1.0,1.0,1.0
1377,cb61f2ea159355a0,True,1.0,1.0,1.0,1.0,1.0,1.0,1.0
1378,a4cd60ef102957cb,True,1.0,0.0,0.0,1.0,1.0,1.0,0.0
1379,fe5247f772d15ec0,True,1.0,1.0,0.7828235654069137,1.0,1.0,1.0,0.9095098189195473
1380,a60e8e8afe675063,True,1.0,1.0,0.770195254569404,1.0,1.0,1.0,0.9042480227372517
1381,02145ce72fd95a85,True,1.0,1.0,1.0,1.0,1.0,1.0,1.0
1382,93080b4cb0435e4a,True,1.0,1.0,0.8077277919379005,1.0,1.0,1.0,0.9198865799741252
1383,24d02c4c2a325f01,True,1.0,0.0,0.0,0.0,1.0,1.0,0.0
1384,45e9a0bc222452bf,True,1.0,1.0,0.9764678690614121,1.0,1.0,1.0,0.9901949454422551
1385,13336a542595599f,True,1.0,1.0,1.0,1.0,1.0,1.0,1.0
1386,edbd8b34cdc65008,True,1.0,1.0,0.9650694323429898,1.0,1.0,1.0,0.985445596809579
1387,e63c18e2bcfa5526,True,1.0,1.0,1.0,1.0,1.0,1.0,1.0
1388,3972714235c35bcc,True,1.0,1.0,1.0,1.0,1.0,1.0,1.0
1389,11118a8c74d95c5c,True,1.0,1.0,0.7953702250984354,1.0,1.0,1.0,0.9147375937910147
1390,a2839b1b4f0352e4,True,1.0,1.0,0.8378823035256896,1.0,1.0,1.0,0.9324509598023707
1391,da6bafca1d9f5b58,True,1.0,1.0,0.6313028917176409,1.0,1.0,1.0,0.8463762048823504
1392,3651c6423caa5145,True,1.0,1.0,1.0,1.0,1.0,1.0,1.0
1393,c80bc7cdeb5e50f0,True,1.0,1.0,0.7515151448838786,1.0,1.0,1.0,0.896464643701616
1394,71fefe3bc0f0591e,True,1.0,1.0,0.8289079432430302,1.0,1.0,1.0,0.9287116430179293
1395,40843dcbac9d5c2e,True,1.0,1.0,0.5299191975279564,1.0,1.0,1.0,0.8041329989699818
1396,21b98219003453af,True,1.0,1.0,0.8462072002117406,1.0,1.0,1.0,0.9359196667548919
1397,6761ba552b3759fa,True,1.0,1.0,0.904561574066292,1.0,1.0,1.0,0.9602339891942884
1398,97c8e9ca10ba5a69,True,1.0,1.0,0.627409472996019,1.0,1.0,1.0,0.8447539470816746
1399,70d3c6183c525745,True,1.0,1.0,1.0,1.0,1.0,1.0,1.0
1400,2488018e08b35c68,True,1.0,1.0,0.7908495905765017,1.0,1.0,1.0,0.9128539960735423
1401,3a4b7b872e3452ac,True,1.0,1.0,1.0,1.0,1.0,1.0,1.0
1402,6e344e75ca4e543e,True,1.0,1.0,0.5734939580621481,1.0,1.0,1.0,0.8222891491925616
1403,05f1a5cbc0905d8e,True,1.0,1.0,0.7759654006632574,1.0,1.0,1.0,0.9066522502763572
1404,b39df49b8b565ac3,True,1.0,1.0,0.8208871362195587,1.0,1.0,1.0,0.9253696400914828
1405,49a53d11de6d5b1d,True,1.0,1.0,1.0,1.0,1.0,1.0,1.0
1406,05f9443de2185b91,True,1.0,1.0,0.8388294613372764,1.0,1.0,1.0,0.9328456088905318
1407,476c5597de1b5455,True,1.0,1.0,1.0,1.0,1.0,1.0,1.0
1408,65b76ee44ba5521c,True,1.0,1.0,1.0,1.0,1.0,1.0,1.0
1409,3cdaaa2bcfd55b68,True,1.0,1.0,1.0,1.0,1.0,1.0,1.0
1410,167fd80fa8635037,True,1.0,1.0,0.8366802065677222,1.0,1.0,1.0,0.9319500860698842
1411,15975dc336e75ba2,True,1.0,1.0,0.6695971856698844,1.0,1.0,1.0,0.8623321606957851
1412,2f67d7af0e0d51a1,True,1.0,1.0,0.767604973288898,1.0,1.0,1.0,0.9031687388703742
1413,9ba21cb552c35238,True,1.0,0.0,0.0,1.0,1.0,1.0,0.0
1414,4e734888d8465563,True,1.0,1.0,1.0,1.0,1.0,1.0,1.0
1415,f66694a622cf5c99,True,1.0,1.0,0.6882144403955838,1.0,1.0,1.0,0.8700893501648266
1416,250e6e2e6a9d5ee8,True,1.0,1.0,1.0,1.0,1.0,1.0,1.0
1417,1983aff496265a16,True,1.0,1.0,0.8934543154572283,1.0,1.0,1.0,0.9556059647738451
1418,92e33be532965ecf,True,1.0,1.0,1.0,1.0,1.0,1.0,1.0
1419,c3d5c730ba905b86,True,1.0,1.0,1.0,1.0,1.0,1.0,1.0
1420,ad243dacb0315588,True,1.0,1.0,0.9128481877142091,1.0,1.0,1.0,0.9636867448809205
1421,128076b6be9a5209,True,1.0,1.0,0.8268716045823957,1.0,1.0,1.0,0.9278631685759983
1422,7140077d03e25c2c,True,1.0,1.0,0.7603348995180734,1.0,1.0,1.0,0.900139541465864
1423,247ba5f9646c5528,True,1.0,1.0,1.0,1.0,1.0,1.0,1.0
1424,1cf600346a7e5fc5,True,1.0,1.0,0.8100368499079416,1.0,1.0,1.0,0.9208486874616423
1425,bdfc5ac88bce56ed,True,1.0,1.0,0.8064734189092535,1.0,1.0,1.0,0.9193639245455222
1426,bd09fe587b1a59e3,True,1.0,1.0,1.0,1.0,1.0,1.0,1.0
1427,0a2f44ba3be05531,True,1.0,1.0,0.7758305626684524,1.0,1.0,1.0,0.9065960677785219
1428,49ae6840ff7f5e91,True,1.0,1.0,0.9075952013404476,1.0,1.0,1.0,0.9614980005585197
1429,555af87f71415a3d,True,1.0,1.0,1.0,1.0,1.0,1.0,1.0
1430,e52f4dccf26f55a8,True,1.0,1.0,0.6403623601470461,1.0,1.0,1.0,0.8501509833946025
1431,f102658ad87c561f,True,1.0,1.0,0.7599247288113553,1.0,1.0,1.0,0.8999686370047314
1432,48bbe3acc93450aa,True,1.0,1.0,0.7351000568054619,1.0,1.0,1.0,0.8896250236689425
1433,dc87013816e059f5,True,1.0,1.0,1.0,1.0,1.0,1.0,1.0
1434,ec68073cb7a15741,True,1.0,1.0,1.0,1.0,1.0,1.0,1.0
1435,d398c8ceafe050be,True,1.0,1.0,1.0,1.0,1.0,1.0,1.0
1436,943cbb2398a150b4,True,1.0,1.0,0.5466681507072126,1.0,1.0,1.0,0.8111117294613385
1437,099ded1754bb5d98,True,1.0,1.0,0.6079216603490586,1.0,1.0,1.0,0.836634025145441
1438,06ce8610ceea51f4,True,1.0,1.0,0.7671428392136852,1.0,1.0,1.0,0.9029761830057023
1439,59baf497f88254c8,True,1.0,1.0,0.8235723869040356,1.0,1.0,1.0,0.9264884945433481
1440,0202782270ab5a62,True,1.0,1.0,0.8466662317197328,1.0,1.0,1.0,0.9361109298832219
1441,a5b24b47fef85a1b,True,1.0,1.0,0.7452412287133323,1.0,1.0,1.0,0.8938505119638885
1442,b7c6bbad8e3a579b,True,1.0,1.0,1.0,1.0,1.0,1.0,1.0
1443,085f9a1ec71b50c2,True,1.0,1.0,1.0,1.0,1.0,1.0,1.0
1444,6121050efd515252,True,1.0,1.0,1.0,1.0,1.0,1.0,1.0
1445,e64d993cb8a75338,True,1.0,1.0,1.0,1.0,1.0,1.0,1.0
1446,2738dcd449ef567f,True,1.0,1.0,0.7874963335157675,1.0,1.0,1.0,0.9114568056315697
1447,fa6480e0a896514c,True,1.0,1.0,1.0,1.0,1.0,1.0,1.0
1448,980f649f5cef5434,True,1.0,1.0,1.0,1.0,1.0,1.0,1.0
1449,2d060a1354d4545e,True,1.0,1.0,1.0,1.0,1.0,1.0,1.0
1450,6881586931a25031,True,1.0,1.0,0.7374584779921368,1.0,1.0,1.0,0.8906076991633903
1451,dcb8fbfc6c1d5fd6,True,1.0,0.0,0.0,1.0,1.0,1.0,0.0
1452,47d82a7c046d57bc,True,1.0,1.0,0.5642165591048169,1.0,1.0,1.0,0.8184235662936737
1453,bdc6855188a351ca,True,1.0,1.0,1.0,1.0,1.0,1.0,1.0
1454,cd3b1de5d5d759e7,True,1.0,1.0,1.0,1.0,1.0,1.0,1.0
1455,80df9e4f79c65d4d,True,1.0,1.0,0.7861683409625497,1.0,1.0,1.0,0.9109034754010624
1456,307f28eca5e25b39,True,1.0,1.0,1.0,1.0,1.0,1.0,1.0
1457,3c93f87b0bb0561d,True,1.0,1.0,1.0,1.0,1.0,1.0,1.0
1458,20d3a5f5b9e6549f,True,1.0,1.0,0.9034510469157641,1.0,1.0,1.0,0.9597712695482349
1459,28d91d7116785bf9,True,1.0,1.0,0.8016408220406005,1.0,1.0,1.0,0.9173503425169169
1460,4280b7024092550c,True,1.0,1.0,1.0,1.0,1.0,1.0,1.0
1461,e2d33c999ca45ea7,True,1.0,1.0,0.8463309261896371,1.0,1.0,1.0,0.935971219245682
1462,f860c4879d1c5996,True,1.0,0.0,0.0,1.0,1.0,1.0,0.0
1463,f5af188b17e85ef0,True,1.0,1.0,1.0,1.0,1.0,1.0,1.0
1464,1cbb42e800785a61,True,1.0,1.0,0.9871986840202609,1.0,1.0,1.0,0.9946661183417754
1465,fa7459e482c05911,True,1.0,1.0,0.7252370902265056,1.0,1.0,1.0,0.885515454261044
1466,4a4ce3ba90ad5614,True,1.0,1.0,0.8263200766704656,1.0,1.0,1.0,0.9276333652793607
1467,87c5cdc6c5a45ef2,True,1.0,1.0,1.0,0.0,1.0,1.0,0.5833333333333334
1468,f809d95714a05fad,True,1.0,1.0,1.0,1.0,1.0,1.0,1.0
1469,666e41a5d36c50cc,True,1.0,1.0,0.9203668040900701,1.0,1.0,1.0,0.966819501704196
1470,a38e63debd3256ef,True,1.0,1.0,0.7251110855558563,1.0,1.0,1.0,0.8854629523149402
1471,efb7ddb02e9f59f1,True,1.0,1.0,0.8855236870864653,1.0,1.0,1.0,0.9523015362860271
1472,742ec95b24ee529c,True,1.0,1.0,0.5534116691492309,1.0,1.0,1.0,0.8139215288121795
1473,6b7c5199f84e5aac,True,1.0,1.0,0.8784006360106402,1.0,1.0,1.0,0.9493335983377668
1474,fe789ce80d4f5b2e,True,1.0,1.0,1.0,1.0,1.0,1.0,1.0
1475,16dbc607f5f75479,True,1.0,1.0,1.0,1.0,1.0,1.0,1.0
1476,6420c06f99465b53,True,1.0,1.0,0.9828863119454888,1.0,1.0,1.0,0.9928692966439536
1477,e5dd6a4462dd5e29,True,1.0,1.0,1.0,1.0,1.0,1.0,1.0
1478,f18ef27ec008527a,True,1.0,1.0,0.698018108535645,1.0,1.0,1.0,0.874174211889852
1479,5d12ad55fdd858e1,True,1.0,1.0,0.8245255975588784,1.0,1.0,1.0,0.9268856656495327
1480,da5ac44917dd5ca4,True,1.0,1.0,0.6698540369551471,1.0,1.0,1.0,0.8624391820646448
1481,9b10283b8df6565e,True,1.0,1.0,1.0,1.0,1.0,1.0,1.0
1482,86027694aed550bd,True,1.0,1.0,1.0,1.0,1.0,1.0,1.0
1483,92079b2eb4675c0d,True,1.0,1.0,0.7187574983192975,1.0,1.0,1.0,0.8828156242997073
1484,bef748e412f85c64,True,1.0,1.0,0.8672221480108417,1.0,1.0,1.0,0.9446758950045174
1485,1ce94ab175d8507a,True,1.0,1.0,1.0,1.0,1.0,1.0,1.0
1486,d2fbab8bed795b5a,True,1.0,1.0,1.0,1.0,1.0,1.0,1.0
1487,a98e0fd4eee7534a,True,1.0,1.0,0.9254485946622943,1.0,1.0,1.0,0.9689369144426226
1488,3ca720caa0ff5082,True,1.0,1.0,0.9037638443368828,1.0,1.0,1.0,0.9599016018070344
1489,11d4b52fb458559f,True,1.0,1.0,1.0,1.0,1.0,1.0,1.0
1490,90c5557d1eec55a0,True,1.0,1.0,1.0,1.0,1.0,1.0,1.0
1491,dc50a0853e295e88,True,1.0,1.0,0.8324045438578698,1.0,1.0,1.0,0.9301685599407791
1492,9d6f5aa2a3a25966,True,1.0,1.0,1.0,1.0,1.0,1.0,1.0
1493,9fa75f1d5863570b,True,1.0,1.0,0.7711129213692233,1.0,1.0,1.0,0.904630383903843
1494,eccba8e0ad6651c3,True,1.0,1.0,1.0,1.0,1.0,1.0,1.0
1495,5cb9850a89b6578e,True,1.0,1.0,1.0,1.0,1.0,1.0,1.0
1496,00ddbc829ecb563e,True,1.0,1.0,1.0,1.0,1.0,1.0,1.0
1497,1f7910e143ab5300,True,1.0,1.0,0.9540767766327943,1.0,1.0,1.0,0.9808653235969977
1498,8a492ff6a81054a7,True,1.0,0.0,0.0,1.0,1.0,1.0,0.0
1499,23993a36d4e75a1d,True,1.0,1.0,1.0,1.0,1.0,1.0,1.0
1500,48b2f85cc68c5a0a,True,1.0,1.0,0.8503401509441831,1.0,1.0,1.0,0.9376417295600762
1501,6cad8c31d4725496,True,1.0,1.0,0.9299684016213794,1.0,1.0,1.0,0.9708201673422415
1502,dd32aebcb8e6550e,True,1.0,1.0,0.7912213979427191,1.0,1.0,1.0,0.9130089158094662
1503,f5c4d4a66e13514d,True,1.0,1.0,0.8600440312902895,1.0,1.0,1.0,0.9416850130376208
1504,e4ae770961c15455,True,1.0,1.0,0.96085636023515,1.0,1.0,1.0,0.9836901500979792
1505,7e87b622a4e35128,True,1.0,1.0,0.8329462997716245,1.0,1.0,1.0,0.9303942915715102
1506,ebc5a6ec11205f0c,True,1.0,1.0,1.0,1.0,1.0,1.0,1.0
1507,e820310f7d0b5016,True,1.0,1.0,1.0,1.0,1.0,1.0,1.0
1508,5a468d5e9d955993,True,1.0,1.0,0.9563079465075747,1.0,1.0,1.0,0.9817949777114894
1509,31602c26eedc5f7e,True,1.0,1.0,0.9522457913572844,1.0,1.0,1.0,0.9801024130655351
1510,0c136e28e54f58b6,True,1.0,1.0,1.0,1.0,1.0,1.0,1.0
1511,f7341516d74658fc,True,1.0,1.0,0.7896962008572798,1.0,1.0,1.0,0.9123734170238667
1512,11482e143a4e5dec,True,1.0,1.0,0.638608487449929,1.0,1.0,1.0,0.849420203104137
1513,ceccd4369b5f552d,True,1.0,1.0,0.6487029258595305,1.0,1.0,1.0,0.8536262191081377
1514,e96f254899095cf1,True,1.0,1.0,0.7458183654955024,1.0,1.0,1.0,0.894090985623126
1515,308e246a1d995edd,True,1.0,0.0,0.0,1.0,1.0,1.0,0.0
1516,c43312ea64bc5d28,True,1.0,1.0,0.8848697011003681,1.0,1.0,1.0,0.9520290421251533
1517,ea1c363c888b59c7,True,1.0,1.0,0.7578278605888034,1.0,1.0,1.0,0.8990949419120015
1518,81b16700f22d5688,True,1.0,1.0,1.0,1.0,1.0,1.0,1.0
1519,cbe5bb78a9be547e,True,1.0,0.0,0.0,1.0,1.0,0.0,0.0
1520,38c390af2fac51e0,True,1.0,1.0,0.643771112792763,1.0,1.0,1.0,0.8515712969969845
1521,0059b8e52a3f55e8,True,1.0,1.0,0.7973420242389903,1.0,1.0,1.0,0.915559176766246
1522,914113b241ca5e51,True,1.0,1.0,0.8619016908655837,1.0,1.0,1.0,0.9424590378606599
1523,2158d459f8b259c3,True,1.0,1.0,0.8192192051019258,0.0,1.0,1.0,0.5080080021258024
1524,0eaa844dc2605267,True,1.0,1.0,0.7013336016421431,1.0,1.0,1.0,0.875555667350893
1525,b036f9ef53cd5536,True,1.0,1.0,1.0,1.0,1.0,1.0,1.0
1526,1d95772619d35606,True,1.0,1.0,0.8706808405108964,1.0,1.0,1.0,0.9461170168795402
1527,b28ff93f850259ee,True,1.0,1.0,0.7075379249129243,1.0,1.0,1.0,0.8781408020470517
1528,d9634d08b1a85ec4,True,1.0,1.0,1.0,1.0,1.0,1.0,1.0
1529,411ce5449bda5b1d,True,1.0,1.0,1.0,1.0,1.0,1.0,1.0
1530,b08965aff8165bec,True,1.0,1.0,0.8443012890434802,1.0,1.0,1.0,0.9351255371014501
1531,2422d2b260235078,True,1.0,1.0,0.972042221515344,1.0,1.0,1.0,0.9883509256313934
1532,114f66c4cf785eab,True,1.0,1.0,0.8821283261939192,1.0,1.0,1.0,0.9508868025807997
1533,3c379ee75e765c6e,True,1.0,1.0,0.9971230558376171,1.0,1.0,1.0,0.9988012732656738
1534,e4d27e2ed6ac513e,True,1.0,1.0,0.8690143425038319,1.0,1.0,1.0,0.9454226427099299
1535,7daa0ad6ca5356fc,True,1.0,1.0,1.0,1.0,1.0,1.0,1.0
1536,8c2e3aa977d95da5,True,1.0,1.0,0.9932816202121952,1.0,1.0,1.0,0.9972006750884147
1537,d5d4f1c1a2f0589e,True,1.0,1.0,0.9807716778871824,1.0,1.0,1.0,0.9919881991196594
1538,b0aa550f818f52a0,True,1.0,1.0,0.9028476407506639,1.0,1.0,1.0,0.9595198503127765
1539,a9359dafbcdd5af6,True,1.0,1.0,1.0,1.0,1.0,1.0,1.0
1540,2025f4a272e15733,True,1.0,1.0,1.0,1.0,1.0,1.0,1.0
1541,2c0f41d407295efa,True,1.0,1.0,0.598203645299086,1.0,1.0,1.0,0.8325848522079525
1542,ccf8ef537aa65a7a,True,1.0,1.0,0.9009475860230891,1.0,1.0,0.0,0.9587281608429539
1543,5a80299213875068,True,1.0,1.0,0.9979990744858952,1.0,1.0,1.0,0.9991662810357896
1544,7ec8d2521964548f,True,1.0,1.0,0.7258174889695554,1.0,1.0,1.0,0.885757287070648
1545,49f69d3d75b65659,True,1.0,1.0,1.0,1.0,1.0,1.0,1.0
1546,a37f67a1fe095025,True,1.0,1.0,1.0,1.0,1.0,1.0,1.0
1547,a567ea679ba056ce,True,1.0,1.0,0.6811384440664834,1.0,1.0,1.0,0.8671410183610347
1548,ffcc0535b4fa5628,True,1.0,1.0,0.7563194563829158,1.0,1.0,1.0,0.8984664401595482
1549,c4c1e92307c55e8a,True,1.0,1.0,0.8984136236812987,1.0,1.0,1.0,0.9576723432005411
1550,1753feeb7c0e552c,True,1.0,1.0,1.0,1.0,1.0,1.0,1.0
1551,cdd097ea065a5ff7,True,1.0,1.0,0.8341784765232607,1.0,1.0,1.0,0.9309076985513586
1552,5a0af6d9e7a45c95,True,1.0,1.0,1.0,1.0,1.0,1.0,1.0
1553,7b6749c7b2795906,True,1.0,1.0,0.8115186757946424,1.0,1.0,1.0,0.9214661149144344
1554,689b619dfd3652c3,True,1.0,1.0,0.863155938250764,1.0,1.0,1.0,0.9429816409378183
1555,daaa1858309c5938,True,1.0,1.0,1.0,1.0,1.0,1.0,1.0
1556,9d1d720d0e2e511e,True,1.0,1.0,0.9403969833425054,1.0,1.0,1.0,0.9751654097260439
1557,e0dbf07da5c55877,True,1.0,0.0,0.0,1.0,1.0,1.0,0.0
1558,3ec3d2ab34f756e6,True,1.0,1.0,0.7313159721865721,1.0,1.0,1.0,0.888048321744405
1559,2731fa425acf52f4,True,1.0,1.0,1.0,1.0,1.0,1.0,1.0
1560,5ebf3103a78b5e39,True,1.0,1.0,0.8980291633802266,1.0,1.0,0.5,0.9575121514084278
1561,17296f6032025ecc,True,1.0,1.0,0.8047123235863232,1.0,1.0,1.0,0.9186301348276347
1562,a2c3aa64478d533b,True,1.0,1.0,0.5715437723335771,1.0,1.0,1.0,0.8214765718056571
1563,e6eeac307f6d507d,True,1.0,1.0,1.0,1.0,1.0,1.0,1.0
1564,ced4cade3bea53e7,True,1.0,1.0,1.0,1.0,1.0,1.0,1.0
1565,b11b571fd6a35e9e,True,1.0,1.0,0.713272860694176,1.0,1.0,1.0,0.8805303586225733
1566,0179d579d30e588c,True,1.0,1.0,1.0,1.0,1.0,1.0,1.0
1567,3b0d2b5f50f752c7,True,1.0,1.0,1.0,1.0,1.0,1.0,1.0
1568,6e3cf172a2755fae,True,1.0,1.0,0.7261880400225872,1.0,1.0,1.0,0.8859116833427446
1569,b1bb3b767e405b79,True,1.0,1.0,0.8499170681333176,1.0,1.0,1.0,0.937465445055549
1570,64a1d44d73015a60,True,1.0,1.0,1.0,1.0,1.0,1.0,1.0
1571,9100530861d851b0,True,1.0,1.0,1.0,1.0,1.0,1.0,1.0
1572,4d6afade8dd35690,True,1.0,1.0,1.0,1.0,1.0,1.0,1.0
1573,8712b89ee20152e4,True,1.0,1.0,0.5112513487637577,1.0,1.0,1.0,0.7963547286515658
1574,bba5d587cab25dfa,True,1.0,1.0,1.0,1.0,1.0,1.0,1.0
1575,c370f836e3275da4,True,1.0,1.0,0.8931532610564831,1.0,1.0,1.0,0.9554805254402012
1576,7b4fca2db9255996,True,1.0,1.0,1.0,1.0,1.0,1.0,1.0
1577,47a83e9f70525906,True,1.0,1.0,0.9437531513974889,1.0,1.0,1.0,0.976563813082287
1578,4ae68544ec0f502c,True,1.0,1.0,0.7967655621073784,1.0,1.0,1.0,0.9153189842114076
1579,604f30d83d8652ae,True,1.0,1.0,1.0,1.0,1.0,1.0,1.0
1580,aadb2479ded750e4,True,1.0,1.0,0.8721407371948429,1.0,1.0,1.0,0.946725307164518
1581,93358613d3865c5c,True,1.0,1.0,0.9796979367982798,1.0,1.0,1.0,0.9915408069992834
1582,77dd24d1d09c5e50,True,1.0,1.0,0.9095451059629205,1.0,1.0,1.0,0.9623104608178835
1583,4c9a89b8cd2853d6,True,1.0,1.0,0.8049236947161899,1.0,1.0,1.0,0.9187182061317457
1584,a19d3096f2625fdb,True,1.0,1.0,1.0,1.0,1.0,1.0,1.0
1585,43fccd5d69235617,True,1.0,1.0,0.4553075578388133,1.0,1.0,1.0,0.7730448157661721
1586,026ee9bc920b5180,True,1.0,1.0,1.0,1.0,1.0,1.0,1.0
1587,b354451e4f8859f9,True,1.0,1.0,0.7650603483742766,1.0,1.0,1.0,0.902108478489282
1588,cf9af12edb535bc0,True,1.0,1.0,0.8290744447047543,1.0,1.0,1.0,0.928781018626981
1589,70847cda9b3d5b07,True,1.0,1.0,0.9424714314153857,1.0,1.0,1.0,0.976029763089744
1590,135b319cf4b1584c,True,1.0,1.0,0.8832023544067833,1.0,1.0,1.0,0.9513343143361598
1591,873568760d365a73,True,1.0,1.0,0.5196581093994802,1.0,1.0,1.0,0.7998575455831167
1592,61720db8cab2508a,True,1.0,1.0,0.8113242048304017,1.0,1.0,1.0,0.9213850853460007
1593,d9150469e9885120,True,1.0,1.0,0.7997152351405976,1.0,1.0,1.0,0.9165480146419157
1594,cfb7ecec39485237,True,1.0,1.0,0.5160238242517959,1.0,1.0,1.0,0.798343260104915
1595,029585f0509d52b0,True,1.0,0.0,0.0,1.0,1.0,1.0,0.0
1596,8f828599b2285a97,True,1.0,1.0,0.7892949333416117,1.0,1.0,1.0,0.9122062222256716
1597,85936ccd1b405f4c,True,1.0,1.0,1.0,1.0,1.0,1.0,1.0
1598,93c36f72811852d3,True,1.0,1.0,0.9985859776640251,1.0,1.0,1.0,0.9994108240266771
1599,2f6263adaf4f54c5,True,1.0,1.0,0.6634864014007696,1.0,1.0,1.0,0.8597860005836541
1600,467191a24ffe57aa,True,1.0,1.0,1.0,1.0,1.0,1.0,1.0
1601,d318551a8ce150e5,True,1.0,1.0,1.0,1.0,1.0,1.0,1.0
1602,fb0297e3fc9b573e,True,1.0,1.0,0.9190401525448133,1.0,1.0,1.0,0.9662667302270055
1603,3216cf4d7e975148,True,1.0,1.0,0.6987250924209524,1.0,1.0,1.0,0.8744687885087301
1604,199bda2914215d57,True,1.0,1.0,1.0,1.0,1.0,1.0,1.0
1605,076e4afb95d057cf,True,1.0,1.0,0.9580138896692617,1.0,1.0,1.0,0.9825057873621924
1606,f0c41eb61ba65434,True,1.0,1.0,1.0,1.0,1.0,1.0,1.0
1607,6268acf58d415ae8,True,1.0,1.0,0.7936315126674799,1.0,1.0,1.0,0.9140131302781166
1608,eea61634eb875210,True,1.0,1.0,1.0,1.0,1.0,1.0,1.0
1609,7e3ae733f7ef5c8f,True,1.0,1.0,0.8009521537633033,1.0,1.0,1.0,0.9170633974013764
1610,a6b4447359075e54,True,1.0,1.0,0.9462560803965385,1.0,1.0,1.0,0.9776067001652243
1611,52fae9c4f2025dc3,True,1.0,1.0,0.580566573825937,1.0,1.0,1.0,0.8252360724274738
1612,794b439e9922527b,True,1.0,1.0,0.8389570008591662,1.0,1.0,1.0,0.9328987503579859
1613,be527ba55a8a548b,True,1.0,1.0,0.7520770954843635,1.0,1.0,1.0,0.8966987897851514
1614,398326681cd7500a,True,1.0,1.0,0.9131590394444398,1.0,1.0,1.0,0.9638162664351833
1615,75523a91f0b15884,True,1.0,1.0,0.9438483079651391,1.0,1.0,1.0,0.9766034616521413
1616,d6deeba48d2c5dfe,True,1.0,1.0,0.6216965551295767,1.0,1.0,1.0,0.8423735646373235
1617,1ebd95c73644569f,True,1.0,1.0,0.6069062913346305,1.0,1.0,1.0,0.8362109547227626
1618,f994322c76145318,True,1.0,1.0,0.677230184957728,1.0,1.0,1.0,0.86551257706572
1619,30422125ddd4590b,True,1.0,1.0,0.6534148175107806,0.0,1.0,1.0,0.4389228406294919
1620,41d49aa70484596d,True,1.0,1.0,0.6567135385063405,1.0,1.0,1.0,0.8569639743776419
1621,3c943ff450265afe,True,1.0,1.0,1.0,1.0,1.0,1.0,1.0
1622,1c25de3a1c805da1,True,1.0,1.0,0.6791080939720548,1.0,1.0,1.0,0.8662950391550228
1623,175fc3cad7805262,True,1.0,1.0,0.8546761309042016,1.0,1.0,1.0,0.9394483878767507
1624,ca000fa91efb560c,True,1.0,1.0,0.8676023287905787,0.0,1.0,0.5,0.5281676369960745
1625,87d1648c9e27512b,True,1.0,1.0,0.8774185732838702,1.0,1.0,1.0,0.948924405534946
1626,840d3a1a7a935536,True,1.0,1.0,0.9993257949539538,1.0,1.0,1.0,0.9997190812308142
1627,58169843acb45a62,True,1.0,1.0,1.0,1.0,1.0,1.0,1.0
1628,84ad97e1c9c85d4e,True,1.0,1.0,0.7313992230301233,1.0,1.0,1.0,0.8880830095958846
1629,f4814e7eb01252b6,True,1.0,1.0,1.0,1.0,1.0,1.0,1.0
1630,51b0141596d15905,True,1.0,1.0,0.7175500515901758,1.0,1.0,1.0,0.8823125214959067
1631,a36cdc9ebe595113,True,1.0,1.0,0.9898294591482876,1.0,1.0,1.0,0.9957622746451197
1632,593653db007b5826,True,1.0,1.0,1.0,1.0,1.0,1.0,1.0
1633,f2033bf66332541b,True,1.0,1.0,1.0,1.0,1.0,1.0,1.0
1634,7f62e2a838405444,True,1.0,1.0,1.0,1.0,1.0,1.0,1.0
1635,655917ea5da455c8,True,1.0,1.0,1.0,1.0,1.0,1.0,1.0
1636,de31419c6502517b,True,1.0,1.0,0.6961008562562242,1.0,1.0,1.0,0.8733753567734267
1637,52094c2441105f4d,True,1.0,1.0,0.877812490737492,1.0,1.0,1.0,0.9490885378072883
1638,df57cf24b8025365,True,1.0,1.0,0.9617754182510072,1.0,1.0,1.0,0.9840730909379197
1639,f2b83fb414eb5cf0,True,1.0,1.0,0.6549414178272457,1.0,1.0,1.0,0.8562255907613524
1640,6ae2bcc5c2c050e4,True,1.0,1.0,1.0,1.0,1.0,1.0,1.0
1641,b9c8a72571a85792,True,1.0,1.0,1.0,1.0,1.0,1.0,1.0
1642,fff690c93ca15495,True,1.0,1.0,0.7694964261559025,1.0,1.0,1.0,0.903956844231626
1643,cf693fb497155dee,True,1.0,1.0,0.7729794405102532,1.0,1.0,1.0,0.9054081002126054
1644,ef9d931830115c03,True,1.0,1.0,0.7937051187205859,1.0,1.0,1.0,0.9140437994669108
1645,2569d386da9c54ff,True,1.0,0.0,0.0,1.0,1.0,1.0,0.0
1646,95ee5b14fb3a5ce0,True,1.0,1.0,1.0,1.0,1.0,1.0,1.0
1647,6639fa7905a3599b,True,1.0,1.0,0.8733733457721268,1.0,1.0,1.0,0.9472388940717195
1648,c022ad6a9b6f5367,True,1.0,1.0,1.0,1.0,1.0,1.0,1.0
1649,4356c31443585d79,True,1.0,1.0,0.8374129808489889,1.0,1.0,0.0,0.9322554086870788
1650,f8ded55c8f855116,True,1.0,1.0,1.0,1.0,1.0,1.0,1.0
1651,1834f4fb0ca15b93,True,1.0,0.0,0.0,1.0,1.0,1.0,0.0
1652,767f7fdfb0a356e0,True,1.0,1.0,1.0,1.0,1.0,1.0,1.0
1653,3e2a45dbe6fa50aa,True,1.0,1.0,0.9481577540030511,1.0,1.0,1.0,0.978399064167938
1654,11f0b99dbce15be4,True,1.0,1.0,0.9407747592896343,1.0,1.0,1.0,0.975322816370681
1655,728988dc8a8b502a,True,1.0,1.0,0.7447625034162774,1.0,1.0,1.0,0.8936510430901156
1656,00c893a01244562c,True,1.0,1.0,0.5538307772525959,1.0,1.0,1.0,0.8140961571885817
1657,12fac37cef195384,True,1.0,1.0,0.8906096731941239,1.0,1.0,1.0,0.9544206971642183
1658,3a54e9d3717d5760,True,1.0,1.0,0.8046636560918716,1.0,1.0,1.0,0.9186098567049465
1659,97b8b4204a2a5484,True,1.0,1.0,1.0,1.0,1.0,1.0,1.0
1660,47510e3eddd950ad,True,1.0,1.0,0.6314302647460969,1.0,1.0,1.0,0.8464292769775404
1661,8f273271b9eb537e,True,1.0,1.0,0.7587885772415341,1.0,1.0,1.0,0.8994952405173059
1662,434aa60fb0165165,True,1.0,1.0,0.6291360726223842,1.0,1.0,1.0,0.8454733635926601
1663,3d1bf2cf5ad151c7,True,1.0,1.0,0.7452215631126095,1.0,1.0,1.0,0.8938423179635873
1664,4bf65e0c75f05509,True,1.0,1.0,1.0,1.0,1.0,1.0,1.0
1665,38db478c95eb5079,True,1.0,1.0,1.0,1.0,1.0,1.0,1.0
1666,79e582695923514a,True,1.0,1.0,0.5924271965848708,1.0,1.0,1.0,0.8301779985770295
1667,dd9750d89740502d,True,1.0,1.0,0.9615534146318778,1.0,1.0,1.0,0.9839805894299491
1668,a075b9f46b7b5831,True,1.0,1.0,1.0,1.0,1.0,1.0,1.0
1669,b8cc094c43575a31,True,1.0,1.0,0.78461644386,1.0,1.0,1.0,0.9102568516083333
1670,b48c29fc1bd15ca0,True,1.0,1.0,0.800819596388435,1.0,1.0,1.0,0.9170081651618479
1671,cd4e4564d732554e,True,1.0,1.0,0.9322064143044785,1.0,1.0,1.0,0.971752672626866
1672,ab548d52e69b5ed4,True,1.0,1.0,0.5526830082248545,1.0,1.0,1.0,0.8136179200936894
1673,41cf41279f5459f6,True,1.0,1.0,0.858062842584443,1.0,1.0,1.0,0.940859517743518
1674,c18b1648f6045467,True,1.0,1.0,0.6246190184817159,1.0,1.0,1.0,0.843591257700715
1675,25bf69b0667152fa,True,1.0,1.0,0.8852797069874285,1.0,1.0,1.0,0.9521998779114286
1676,b9a8107ff09d5961,True,1.0,1.0,0.8378286674264732,1.0,1.0,1.0,0.9324286114276972
1677,3dd0dfc88c6a5de8,True,1.0,0.0,0.0,0.0,1.0,1.0,0.0
1678,badd4b6320d05d87,True,1.0,1.0,1.0,1.0,1.0,1.0,1.0
1679,fb8df4568d585efa,True,1.0,1.0,0.4384348045810935,1.0,1.0,1.0,0.766014501908789
1680,1ebc11a17d925215,True,1.0,1.0,0.7984187055281219,1.0,1.0,1.0,0.9160077939700507
1681,5252cad32bf358b2,True,1.0,1.0,0.5533636313418924,1.0,1.0,1.0,0.8139015130591218
1682,d754cb22172b5b75,True,1.0,0.0,0.0,1.0,1.0,1.0,0.0
1683,330fe55520e351fb,True,1.0,1.0,1.0,1.0,1.0,1.0,1.0
1684,d93e31dfb0c25be5,True,1.0,1.0,1.0,1.0,1.0,1.0,1.0
1685,8a17d8a06b425d2d,True,1.0,1.0,1.0,1.0,1.0,1.0,1.0
1686,07c5114fdb395f8b,True,1.0,1.0,0.9851427864193204,1.0,1.0,1.0,0.9938094943413835
1687,e631898f3f38551c,True,1.0,1.0,0.8814725872034236,1.0,1.0,1.0,0.9506135780014265
1688,f40172a8fb1a54ee,True,1.0,1.0,1.0,1.0,1.0,1.0,1.0
1689,303d452ddd2d58d1,True,1.0,1.0,0.8448581565139606,1.0,1.0,1.0,0.9353575652141503
1690,08ca490a89c4544e,True,1.0,1.0,0.7617254480500869,1.0,1.0,1.0,0.9007189366875362
1691,0a50c123ca24584f,True,1.0,1.0,1.0,1.0,1.0,1.0,1.0
1692,d6bb49ff956f5b50,True,1.0,1.0,1.0,1.0,1.0,1.0,1.0
1693,4dd9f8881881500d,True,1.0,1.0,1.0,1.0,1.0,1.0,1.0
1694,c96b4de8d3d55287,True,1.0,1.0,0.8196630651409187,1.0,1.0,1.0,0.9248596104753828
1695,8ffb4bbf7d845255,True,1.0,1.0,0.8968095358952222,1.0,1.0,1.0,0.9570039732896759
1696,b2dd5bf723d55469,True,1.0,1.0,0.9690846355798565,1.0,1.0,1.0,0.9871185981582734
1697,120e412f13585a21,True,1.0,1.0,0.9192610421728085,1.0,1.0,1.0,0.9663587675720035
1698,cdc030cdbc9153ae,True,1.0,1.0,1.0,1.0,1.0,1.0,1.0
1699,75cfb9c37e425214,True,1.0,1.0,0.8903000732513228,1.0,1.0,1.0,0.9542916971880512
1700,f424ee234e385b95,True,1.0,1.0,0.9116560856690948,1.0,1.0,1.0,0.9631900356954562
1701,9ddee0363c1f530a,True,1.0,1.0,1.0,1.0,1.0,1.0,1.0
1702,d45773d48e4f5fb7,True,1.0,0.0,0.0,1.0,1.0,1.0,0.0
1703,2193ada652c557c3,True,1.0,1.0,0.8138768355489607,1.0,1.0,1.0,0.9224486814787336
1704,d655ae3476c9530c,True,1.0,1.0,0.7651662790456499,1.0,1.0,1.0,0.9021526162690208
1705,9f547ab121b456e1,True,1.0,1.0,0.9370373443773035,1.0,1.0,1.0,0.9737655601572097
1706,0eb2056214155957,True,1.0,1.0,1.0,1.0,1.0,1.0,1.0
1707,bca4325362c35dbd,True,1.0,1.0,1.0,1.0,1.0,1.0,1.0
1708,cace9e6345445eee,True,1.0,0.0,0.0,1.0,1.0,0.0,0.0
1709,15ae8f60881b52ae,True,1.0,1.0,0.6372275016132795,1.0,1.0,1.0,0.8488447923388666
1710,41892d06df125856,True,1.0,1.0,1.0,1.0,1.0,1.0,1.0
1711,ac36d9e5cb0752d2,True,1.0,1.0,0.6737366618532201,1.0,1.0,1.0,0.8640569424388417
1712,e0f8a20a76c25e20,True,1.0,1.0,0.9288816833659913,1.0,1.0,1.0,0.9703673680691631
1713,16a40c5db95c5467,True,1.0,1.0,0.9863231020952244,1.0,1.0,1.0,0.9943012925396769
1714,2ad650691b5d58f0,True,1.0,1.0,0.9030453231629479,1.0,1.0,1.0,0.9596022179845617
1715,999785384adc5afe,True,1.0,1.0,1.0,1.0,1.0,1.0,1.0
1716,4131dd1f0fd5571b,True,1.0,1.0,0.8611747937808037,1.0,1.0,1.0,0.9421561640753349
1717,a9e8e0a755d758a1,True,1.0,1.0,0.7717303495156058,1.0,1.0,1.0,0.9048876456315025
1718,bf80166d9d045752,True,1.0,1.0,0.8405463634256956,1.0,1.0,1.0,0.9335609847607064
1719,0c77bbb199f3589f,True,1.0,1.0,1.0,1.0,1.0,1.0,1.0
1720,35e457e286ab5db5,True,1.0,1.0,0.8524026008372223,1.0,1.0,1.0,0.938501083682176
1721,de9dd93857cf5ab5,True,1.0,1.0,0.8174761852961393,1.0,1.0,1.0,0.923948410540058
1722,cce49307530e5b60,True,1.0,1.0,1.0,1.0,1.0,1.0,1.0
1723,22f31aadcc76590b,True,1.0,1.0,1.0,1.0,1.0,1.0,1.0
1724,0f5de425ef3555ff,True,1.0,1.0,1.0,1.0,1.0,1.0,1.0
1725,1b8f0a989c8b5636,True,1.0,1.0,0.9565008223423974,1.0,1.0,1.0,0.9818753426426655
1726,76476276b198570d,True,1.0,1.0,0.7359851668775746,1.0,1.0,1.0,0.8899938195323228
1727,456ef599efa85659,True,1.0,1.0,0.8392243217002852,1.0,1.0,1.0,0.9330101340417855
1728,04cdd9195f885ac6,True,1.0,1.0,1.0,1.0,1.0,1.0,1.0
1729,f4d869c13a015a28,True,1.0,1.0,0.6793972138693999,1.0,1.0,1.0,0.8664155057789166
1730,e06567ac03815716,True,1.0,1.0,0.9456287036874453,1.0,1.0,1.0,0.9773452932031023
1731,a41e9aff2ee457c2,True,1.0,1.0,0.9362982720953059,1.0,1.0,1.0,0.9734576133730442
1732,f36b32268f1c5404,True,1.0,1.0,0.9012876869751787,1.0,1.0,0.5,0.958869869572991
1733,b2fb8aee62dc5b09,True,1.0,1.0,0.7528037964891889,1.0,1.0,1.0,0.8970015818704954
1734,206ccbdfb1e25bf2,True,1.0,1.0,1.0,0.0,0.0,1.0,0.4166666666666667
1735,936c2cf5b8345663,True,1.0,1.0,1.0,1.0,1.0,1.0,1.0
1736,d8c1754607175755,True,1.0,1.0,0.7810318708623687,1.0,1.0,1.0,0.9087632795259869
1737,819d4bdcb0855118,True,1.0,1.0,0.9095135141448613,1.0,1.0,1.0,0.9622972975603589
1738,87efb8cf52135247,True,1.0,1.0,0.584200032962739,1.0,1.0,1.0,0.8267500137344745
1739,3b0cda86b999528c,True,1.0,1.0,0.6102464438355609,1.0,1.0,1.0,0.8376026849314838
1740,e5c858ae96265d95,True,1.0,1.0,0.8514071903677761,1.0,1.0,1.0,0.9380863293199067
1741,1cb3b57dac2d5435,True,1.0,1.0,0.9068896675856976,1.0,1.0,1.0,0.9612040281607074
1742,f5442665da9f554c,True,1.0,1.0,0.883035753927551,1.0,1.0,1.0,0.9512648974698129
1743,f75d3314a8c85955,True,1.0,1.0,0.8313872182182024,1.0,1.0,1.0,0.9297446742575843
1744,b5754d53017b5d49,True,1.0,1.0,0.9187022285659416,1.0,1.0,1.0,0.9661259285691424
1745,3741be84f7c15b5a,True,1.0,1.0,0.8599177538564312,1.0,1.0,1.0,0.9416323974401797
1746,919aa2aa25a951f4,True,1.0,1.0,0.6809631982921962,1.0,1.0,1.0,0.8670679992884152
1747,43fd9868f2ed549f,True,1.0,1.0,0.7744809261772424,1.0,1.0,1.0,0.9060337192405177
1748,6b8554204c935ab0,True,1.0,1.0,1.0,1.0,1.0,1.0,1.0
1749,1113bc93478c56fe,True,1.0,1.0,0.5634888065809235,1.0,1.0,1.0,0.8181203360753848
1750,2f233e4005e05c1e,True,1.0,1.0,0.7621418747877386,1.0,1.0,1.0,0.9008924478282244
1751,c133861a233a51de,True,1.0,0.0,0.0,1.0,1.0,0.0,0.0
1752,974d5c00402f55aa,True,1.0,1.0,1.0,1.0,1.0,1.0,1.0
1753,2b2484954fc85b54,True,1.0,1.0,1.0,1.0,1.0,1.0,1.0
1754,a9bdcf08c1ce5f5a,True,1.0,1.0,0.8423635500426577,1.0,1.0,1.0,0.9343181458511074
1755,a422962469ff5d27,True,1.0,1.0,1.0,1.0,1.0,1.0,1.0
1756,681dc1d77f125936,True,1.0,1.0,0.7746016122256644,1.0,1.0,1.0,0.9060840050940269
1757,b403192d3ea45397,True,1.0,1.0,1.0,1.0,1.0,1.0,1.0
1758,7f78c5aac332551d,True,1.0,1.0,1.0,1.0,1.0,1.0,1.0
1759,0e4dac4154695627,True,1.0,0.0,0.0,1.0,1.0,1.0,0.0
1760,e3eaafd948b15069,True,1.0,1.0,0.5746367886394858,1.0,1.0,1.0,0.8227653285997857
1761,80f6c94fed0c5519,True,1.0,1.0,0.9223239115059059,1.0,1.0,1.0,0.9676349631274608
1762,b432924be8c151d8,True,1.0,1.0,0.8274309152922994,1.0,1.0,1.0,0.9280962147051248
1763,52a4ade5aede53d9,True,1.0,1.0,0.876850550606017,1.0,1.0,1.0,0.9486877294191739
1764,c648574640a65934,True,1.0,1.0,0.8825200172814901,1.0,1.0,1.0,0.9510500072006209
1765,c4884a363f805a18,True,1.0,1.0,0.9929409980979437,1.0,1.0,1.0,0.9970587492074765
1766,60e35d8a323b5b5f,True,1.0,1.0,0.6957911699701901,1.0,1.0,1.0,0.8732463208209126
1767,516cb0d01d1f5b32,True,1.0,1.0,0.9374396922090268,1.0,1.0,1.0,0.9739332050870946
1768,828cf870f41a50ed,True,1.0,1.0,0.9263169990413598,1.0,1.0,1.0,0.9692987496005666
1769,3ca2e3e846e75813,True,1.0,1.0,0.7852748514333416,1.0,1.0,1.0,0.9105311880972257
1770,8e00c08f68af5357,True,1.0,1.0,0.9030899587107445,1.0,1.0,1.0,0.9596208161294769
1771,dc47dc70547551f6,True,1.0,1.0,0.7251663267688427,1.0,1.0,1.0,0.8854859694870179
1772,c440ceb9353f50b6,True,1.0,1.0,0.7557770915800519,1.0,1.0,1.0,0.8982404548250216
1773,bb22d36aec8e53df,True,1.0,1.0,0.635469517794137,1.0,1.0,1.0,0.8481122990808904
1774,0f65bd2bac90534a,True,1.0,1.0,1.0,1.0,1.0,1.0,1.0
1775,ad4698e8271356b3,True,1.0,1.0,0.7703387655304135,1.0,1.0,1.0,0.9043078189710055
1776,bbc1735031c25ff7,True,1.0,1.0,0.564230818893616,1.0,1.0,1.0,0.8184295078723401
1777,b648072650cc5932,True,1.0,1.0,1.0,1.0,1.0,1.0,1.0
1778,3d324bda0cec57ab,True,1.0,1.0,0.9399279666720952,1.0,1.0,1.0,0.9749699861133729
1779,24c278846879520f,True,1.0,1.0,0.7014150924059962,1.0,1.0,1.0,0.8755896218358318
1780,3068d16e627b5e69,True,1.0,1.0,0.9171915110528382,1.0,1.0,1.0,0.9654964629386825
1781,020ba7462c6f52b3,True,1.0,1.0,1.0,1.0,1.0,1.0,1.0
1782,85dba97943515cbd,True,1.0,1.0,0.741218721690254,1.0,1.0,1.0,0.8921744673709392
1783,a3d1310fbc3f50a5,True,1.0,1.0,0.8875525562193951,1.0,1.0,1.0,0.9531468984247479
1784,d6fb4629926d57db,True,1.0,1.0,0.8798085652723568,1.0,1.0,1.0,0.9499202355301487
1785,01876d7aa6f55554,True,1.0,1.0,0.5443689003887996,1.0,1.0,1.0,0.8101537084953332
1786,b431359c21975fe6,True,1.0,1.0,0.9088371012969331,1.0,1.0,1.0,0.9620154588737222
1787,05c3b54be1cc52d0,True,1.0,1.0,0.8094260082440167,1.0,1.0,1.0,0.9205941701016735
1788,d615904971e05b5a,True,0.0,0.0,0.0,0.0,1.0,1.0,0.0
1789,e6bdb406a21e55ba,True,1.0,1.0,1.0,1.0,1.0,1.0,1.0
1790,79e7ccb136775266,True,1.0,1.0,0.8193422873656506,1.0,1.0,1.0,0.9247259530690211
1791,e41f13ed67485c54,True,1.0,1.0,1.0,1.0,1.0,1.0,1.0
1792,5d7fa55b96075e5c,True,1.0,1.0,0.7367208642732531,1.0,1.0,1.0,0.8903003601138555
1793,5041cdf76ecb5ee7,True,1.0,1.0,0.650856644442241,1.0,1.0,1.0,0.8545236018509338
1794,cd701e198d595e2b,True,1.0,1.0,0.7181285398827588,1.0,1.0,1.0,0.8825535582844829
1795,5dcc8367111b5fad,True,1.0,1.0,1.0,1.0,1.0,1.0,1.0
1796,c0e6947e2b455ff7,True,1.0,1.0,1.0,1.0,1.0,0.0,1.0
1797,0992d669b9a25a25,True,1.0,1.0,0.7771865489830323,1.0,1.0,1.0,0.9071610620762635
1798,bf929b24f13b5c37,True,1.0,0.0,0.0,1.0,1.0,0.0,0.0
1799,4d2fceb0b30f59cd,True,1.0,1.0,0.6352566084178687,1.0,1.0,1.0,0.8480235868407786
1800,61530f7ee9945c70,True,1.0,1.0,0.9373429277888834,1.0,1.0,1.0,0.9738928865787013
1801,3c542be991515ccd,True,1.0,1.0,0.7802838316742324,1.0,1.0,1.0,0.9084515965309302
1802,1c047acccbcb548f,True,1.0,1.0,0.8679222529465779,1.0,1.0,1.0,0.9449676053944075
1803,7ffe3cd6cd995118,True,1.0,1.0,1.0,1.0,1.0,1.0,1.0
1804,a6fd750fe57d5bb9,True,1.0,0.0,0.0,1.0,1.0,1.0,0.0
1805,54c95aa7df955414,True,1.0,1.0,0.9891305373181544,1.0,1.0,1.0,0.9954710572158977
1806,2649dcc8a1725fb2,True,1.0,1.0,0.95623742694249,1.0,1.0,1.0,0.9817655945593708
1807,38f3b89b93ba5032,True,1.0,1.0,0.782119931542404,1.0,1.0,1.0,0.9092166381426683
1808,1ca75f05f31d51cc,True,1.0,1.0,0.630689716070682,1.0,1.0,1.0,0.8461207150294509
1809,a96b1d87c73555b9,True,1.0,1.0,0.5632438797206266,1.0,1.0,1.0,0.8180182832169277
1810,e89a3ed626f75032,True,1.0,1.0,1.0,1.0,1.0,1.0,1.0
1811,6f11adda2af357ff,True,1.0,1.0,0.981685086706135,1.0,1.0,0.5,0.9923687861275562
1812,c36c131b21f65a13,True,1.0,1.0,0.8337501836466013,1.0,1.0,1.0,0.9307292431860837
1813,ff8fade989aa5bb8,True,1.0,1.0,0.888828115399842,1.0,1.0,1.0,0.9536783814166009
1814,21747e180852591a,True,1.0,1.0,0.7027799268488882,1.0,1.0,1.0,0.8761583028537036
1815,7df960d73e50560b,True,1.0,1.0,1.0,1.0,1.0,1.0,1.0
1816,f733e02fa876535a,True,1.0,1.0,0.8547290337742046,1.0,1.0,1.0,0.939470430739252
1817,d870256a3b185659,True,1.0,1.0,0.8494081424960209,1.0,1.0,1.0,0.9372533927066753
1818,e0bb2b04e9455fa6,True,1.0,1.0,0.7279619002713921,1.0,1.0,1.0,0.8866507917797467
1819,260d8dc1970256a0,True,1.0,1.0,0.9839615474344582,1.0,1.0,1.0,0.9933173114310243
1820,8abc81ff3045543b,True,1.0,1.0,0.9733876239508547,1.0,1.0,1.0,0.9889115099795228
1821,8c477c76153f588e,True,1.0,1.0,0.6482120816334076,1.0,1.0,1.0,0.8534217006805864
1822,0fc778045313531b,True,1.0,1.0,1.0,1.0,1.0,1.0,1.0
1823,918b6721bcf75d38,True,1.0,1.0,0.6289183088465775,1.0,1.0,1.0,0.8453826286860741
1824,e14abaa91ad3511b,True,1.0,1.0,0.5727578995501186,1.0,1.0,1.0,0.8219824581458828
1825,391a5c7303f05c39,True,1.0,1.0,0.8295830454119303,1.0,1.0,1.0,0.9289929355883043
1826,ef16f9855fe95fda,True,1.0,1.0,0.7489677598315678,1.0,1.0,1.0,0.8954032332631533
1827,8ce3ec49327d572e,True,1.0,1.0,1.0,1.0,1.0,1.0,1.0
1828,40ee16c17fc05cfb,True,1.0,0.0,0.0,1.0,1.0,1.0,0.0
1829,1134d05b608b54e8,True,1.0,1.0,0.8711554725926792,1.0,1.0,1.0,0.9463147802469497
1830,13fa82d6564e5bac,True,1.0,1.0,0.9713877067887206,1.0,1.0,1.0,0.9880782111619668
1831,713c5a168c2452dc,True,1.0,1.0,0.8247773851377861,1.0,1.0,1.0,0.9269905771407442
1832,ddf632a3ce305812,True,1.0,1.0,1.0,1.0,1.0,1.0,1.0
1833,0ae1539816f55b5f,True,1.0,1.0,0.8905840987679533,1.0,1.0,1.0,0.9544100411533138
1834,dcf3da6b34935bc8,True,1.0,1.0,0.8473971838870011,1.0,1.0,1.0,0.9364154932862504
1835,ee461de4700c5148,True,1.0,1.0,0.6108816989766771,1.0,1.0,0.0,0.8378673745736155
1836,9b2878b173fc5b04,True,1.0,1.0,0.8758409410885679,1.0,1.0,1.0,0.9482670587869033
1837,b4f362c0d9015d07,True,1.0,1.0,0.7427621212282746,1.0,1.0,1.0,0.892817550511781
1838,f6ee3ce42dfc56e3,True,1.0,1.0,1.0,1.0,1.0,1.0,1.0
1839,6d846dadde695838,True,1.0,1.0,0.7505476758912673,1.0,1.0,1.0,0.8960615316213613
1840,169ccb03f27e589d,True,1.0,1.0,1.0,1.0,1.0,1.0,1.0
1841,b11992c2f91d5188,True,1.0,1.0,0.8670516419210412,1.0,1.0,1.0,0.9446048508004338
1842,5c9f7765dd945010,True,1.0,1.0,0.8393859883278549,1.0,1.0,1.0,0.9330774951366063
1843,be851166b6665891,True,1.0,1.0,0.7851928084588922,1.0,1.0,1.0,0.9104970035245383
1844,24ce107c0e75533a,True,1.0,1.0,0.5657250021572251,1.0,1.0,1.0,0.8190520842321772
1845,d54eba5510dc5469,True,1.0,0.0,0.0,1.0,1.0,1.0,0.0
1846,6dcb6aa97a07588b,True,1.0,1.0,0.8400742248291706,1.0,1.0,1.0,0.9333642603454878
1847,8b3679b7c11d5ada,True,1.0,1.0,1.0,1.0,1.0,1.0,1.0
1848,980e0f0b4d975c23,True,1.0,1.0,1.0,1.0,1.0,1.0,1.0
1849,0b7ee9446b7f541e,True,1.0,1.0,1.0,1.0,1.0,1.0,1.0
1850,8153e70fc0545d5a,True,1.0,1.0,0.724531317858436,1.0,1.0,1.0,0.885221382441015
1851,45878940b52550ea,True,1.0,1.0,1.0,1.0,1.0,1.0,1.0
1852,80a81ca168f454b9,True,1.0,1.0,0.8865398376385166,1.0,1.0,1.0,0.9527249323493819
1853,1f7fe5fcd7965b1c,True,1.0,0.0,0.0,1.0,1.0,1.0,0.0
1854,059ca66ac38a5c28,True,1.0,1.0,0.9659718240816311,1.0,1.0,1.0,0.9858215933673463
1855,018690bcb255590d,True,1.0,1.0,0.9482139811402385,1.0,1.0,1.0,0.978422492141766
1856,d945bc5c595d518d,True,1.0,1.0,0.6741301803679729,1.0,1.0,1.0,0.8642209084866553
1857,76b4369e21a15a7a,True,1.0,1.0,1.0,1.0,1.0,1.0,1.0
1858,96d9a24139ca5ad4,True,1.0,1.0,0.6697078214269329,1.0,1.0,1.0,0.8623782589278887
1859,7bce82e059a05030,True,1.0,1.0,0.8129530560569981,1.0,1.0,1.0,0.9220637733570826
1860,d2777b7b71325a67,True,1.0,1.0,0.7914158410881228,1.0,1.0,1.0,0.9130899337867179
1861,d789efd527395984,True,1.0,1.0,1.0,1.0,1.0,1.0,1.0
1862,c7e06d79e58454ae,True,1.0,1.0,1.0,1.0,1.0,1.0,1.0
1863,8c9cbf03c46b5ddc,True,1.0,1.0,1.0,1.0,1.0,1.0,1.0
1864,814b5e08c20e57af,True,1.0,1.0,1.0,1.0,1.0,1.0,1.0
1865,184c11a8cc875403,True,1.0,0.0,0.0,1.0,1.0,1.0,0.0
1866,c08cd52346155301,True,1.0,1.0,1.0,1.0,1.0,1.0,1.0
1867,e133b313fabc56b4,True,1.0,1.0,0.808627572521577,1.0,1.0,1.0,0.9202614885506571
1868,633df956d5645243,True,1.0,1.0,1.0,1.0,1.0,1.0,1.0
1869,b2872eb05a455f97,True,1.0,1.0,0.7140941378353483,1.0,1.0,1.0,0.880872557431395
1870,d1bae9e7d9785598,True,0.0,0.0,0.0,0.0,1.0,0.0,0.0
1871,114feecba2285649,True,1.0,1.0,0.9283542892131351,1.0,1.0,1.0,0.970147620505473
1872,7ccf4b40faff5ac4,True,1.0,1.0,1.0,1.0,1.0,1.0,1.0
1873,a0e088521cf1547d,True,1.0,1.0,1.0,1.0,1.0,1.0,1.0
1874,8eda03e314a456a4,True,1.0,1.0,1.0,1.0,1.0,1.0,1.0
1875,a5a4a6add0d05113,True,1.0,1.0,1.0,1.0,1.0,1.0,1.0
1876,f665cf888bbd5595,True,1.0,1.0,0.9681864275361163,1.0,1.0,1.0,0.9867443448067151
1877,480f8beca45f53cd,True,1.0,0.0,0.0,1.0,1.0,0.5,0.0
1878,e453e4cb030955c7,True,1.0,1.0,0.7955421889525572,1.0,1.0,1.0,0.9148092453968989
1879,fdaf1d60259d5466,True,1.0,1.0,0.9533119690665773,1.0,1.0,1.0,0.9805466537777404
1880,863e343b2fe45cc1,True,1.0,1.0,0.7987476873141736,1.0,1.0,1.0,0.916144869714239
1881,3f4cedf4897a568e,True,1.0,1.0,0.8546231529665012,1.0,1.0,1.0,0.9394263137360421
1882,d7c78dbb6fb25194,True,1.0,1.0,0.5967736513649875,1.0,1.0,1.0,0.8319890214020781
1883,551867c095c35991,True,1.0,1.0,1.0,1.0,1.0,1.0,1.0
1884,ffac18af5cea540a,True,1.0,1.0,0.5698854790589554,1.0,1.0,1.0,0.8207856162745647
1885,6d585a6698f55c8b,True,1.0,1.0,0.6432638526617216,1.0,1.0,1.0,0.8513599386090508
1886,609d74e2399c53ad,True,1.0,1.0,0.6883745943807092,1.0,1.0,1.0,0.8701560809919622
1887,88e6d9d5dd715516,True,1.0,1.0,0.6553266928897868,1.0,1.0,1.0,0.8563861220374113
1888,a2d7be8710535e33,True,1.0,1.0,0.7714305744325801,1.0,1.0,1.0,0.9047627393469084
1889,1c3e7aa7df415acb,True,1.0,1.0,0.6803703476126978,1.0,1.0,1.0,0.8668209781719574
1890,8d86cfd038145f2a,True,1.0,1.0,0.8606748227268901,1.0,1.0,1.0,0.9419478428028709
1891,e0c8f4849910501f,True,1.0,1.0,0.883564425172839,1.0,1.0,1.0,0.9514851771553495
1892,0a6021edcc74538a,True,1.0,1.0,0.829090423617741,1.0,1.0,1.0,0.9287876765073921
1893,8a1eb240e9355b45,True,1.0,1.0,0.8659870799672669,1.0,1.0,1.0,0.9441612833196945
1894,b27bb0eced055858,True,1.0,1.0,1.0,1.0,1.0,1.0,1.0
1895,2b641a3ecff5580e,True,1.0,1.0,0.9109732933060807,1.0,1.0,1.0,0.9629055388775335
1896,a208267045685266,True,1.0,1.0,0.908233418530892,1.0,1.0,1.0,0.9617639243878716
1897,9881bb008f61514a,True,1.0,1.0,0.7519218388929879,1.0,1.0,1.0,0.896634099538745
1898,c65181647b3b5092,True,1.0,1.0,0.9239365789604961,1.0,1.0,1.0,0.9683069079002067
1899,84cd08b147745635,True,1.0,1.0,1.0,1.0,1.0,1.0,1.0
1900,a8c4188597da52a2,True,1.0,1.0,1.0,1.0,1.0,1.0,1.0
1901,44f6f13541dd526e,True,1.0,1.0,0.858555328153754,1.0,1.0,1.0,0.9410647200640643
1902,75b6813b1f4556ce,True,1.0,1.0,1.0,1.0,1.0,1.0,1.0
1903,649c1659d8975ae3,True,1.0,1.0,0.6812008391360681,1.0,1.0,1.0,0.867167016306695
1904,8b10128072e6539f,True,1.0,1.0,1.0,1.0,1.0,1.0,1.0
1905,a627522c77eb526c,True,1.0,1.0,0.9336540249714647,1.0,1.0,1.0,0.9723558437381102
1906,3b6e03834b255849,True,1.0,1.0,0.5519018135408995,1.0,1.0,0.5,0.8132924223087081
1907,253c33ffe10a5aa7,True,1.0,1.0,0.9047658230742047,1.0,1.0,1.0,0.9603190929475853
1908,9f0193389f8a520c,True,1.0,1.0,0.6245818550169162,1.0,1.0,1.0,0.8435757729237151
1909,0e016d945ce25090,True,1.0,1.0,0.7984320920609651,1.0,1.0,1.0,0.9160133716920688
1910,dc207d97e04f5ce1,True,1.0,1.0,1.0,1.0,1.0,1.0,1.0
1911,2248832a822755d9,True,1.0,1.0,1.0,1.0,1.0,1.0,1.0
1912,ff412420037b524a,True,1.0,1.0,0.9622165107222721,1.0,1.0,1.0,0.9842568794676133
1913,3ffea9df17af502b,True,1.0,1.0,1.0,0.0,1.0,1.0,0.5833333333333334
1914,d01b6e67a995589c,True,1.0,1.0,0.9256460106234761,1.0,1.0,1.0,0.9690191710931151
1915,2d9d1d9aa6d25bd9,True,1.0,1.0,0.8820591975988642,1.0,1.0,1.0,0.9508579989995267
1916,96c4cb076c9954e6,True,1.0,1.0,0.881394431536077,1.0,1.0,1.0,0.9505810131400322
1917,1fc48e89034758e7,True,1.0,1.0,0.7212369845084634,1.0,1.0,1.0,0.883848743545193
1918,f4aca518cfa05850,True,1.0,1.0,0.9322018804697031,1.0,1.0,1.0,0.971750783529043
1919,a0024513b78656f1,True,1.0,1.0,1.0,1.0,1.0,1.0,1.0
1920,60dfaa1afc395c5d,True,1.0,1.0,0.7234010207282339,1.0,1.0,1.0,0.8847504253034307
1921,67094a5dcc8c5ff6,True,1.0,1.0,1.0,1.0,1.0,1.0,1.0
1922,14b6e7ce317d531f,True,1.0,0.0,0.0,1.0,1.0,1.0,0.0
1923,74277113f82c56f3,True,1.0,1.0,0.9641286428843275,1.0,1.0,1.0,0.9850536012018031
1924,c39df8b835525d97,True,1.0,1.0,0.768491282291785,1.0,1.0,1.0,0.9035380342882439
1925,8239fb2f8d705dea,True,1.0,1.0,0.7257482797010981,1.0,1.0,0.5,0.8857284498754575
1926,6688db9c3a425bb6,True,1.0,1.0,0.7284210150051791,1.0,1.0,1.0,0.8868420895854913
1927,cfdeb32366475b04,True,1.0,1.0,1.0,1.0,1.0,0.5,1.0
1928,38ecbc57db7e561c,True,1.0,1.0,0.8058293014979602,1.0,1.0,1.0,0.9190955422908168
1929,fac35c75801751bd,True,1.0,1.0,0.6922654080986217,1.0,1.0,1.0,0.8717772533744257
1930,f558dbb8523f552f,True,1.0,1.0,1.0,1.0,1.0,1.0,1.0
1931,8e2fece463df5dcb,True,1.0,1.0,0.7943087076024983,1.0,1.0,1.0,0.9142952948343743
1932,9a89dccc70835d69,True,1.0,1.0,0.7336084572702329,1.0,1.0,1.0,0.8890035238625971
1933,e09bc42b58285147,True,1.0,1.0,0.9304329071890863,1.0,1.0,1.0,0.9710137113287859
1934,d04049c3978354f0,True,1.0,1.0,0.54664884085017,1.0,1.0,1.0,0.8111036836875708
1935,57eebf7c02c05c63,True,1.0,1.0,0.8132253385992232,1.0,1.0,1.0,0.922177224416343
1936,c236972435215288,True,1.0,1.0,1.0,1.0,1.0,1.0,1.0
1937,017514eaeeef5716,True,1.0,1.0,1.0,1.0,1.0,1.0,1.0
1938,77ae9dba6f05550d,True,1.0,1.0,0.7918772620843394,1.0,1.0,1.0,0.9132821925351414
1939,a1d7b6056b4b5566,True,1.0,1.0,0.9383848545356804,1.0,1.0,1.0,0.9743270227232003
1940,d767dfeed9965477,True,1.0,1.0,0.5089560915767463,1.0,1.0,1.0,0.795398371490311
1941,24ae3c9d96485b98,True,1.0,1.0,0.6570413345373931,1.0,1.0,1.0,0.857100556057247
1942,71c32c511a445d13,True,1.0,1.0,0.6445228603874952,1.0,1.0,1.0,0.8518845251614563
1943,0e850ac8266c552e,True,1.0,1.0,1.0,1.0,1.0,1.0,1.0
1944,4b259f30bb73511d,True,1.0,1.0,1.0,1.0,1.0,1.0,1.0
1945,e5d133c0ed5b51f6,True,1.0,1.0,1.0,1.0,1.0,1.0,1.0
1946,72080a4a90a65d4b,True,1.0,1.0,0.9373875348661547,1.0,1.0,1.0,0.9739114728608977
1947,fdd71ab4630a5fb8,True,1.0,1.0,0.8755970199772292,1.0,1.0,1.0,0.9481654249905122
1948,aefd4ac2f4005309,True,1.0,1.0,0.9219599767075507,1.0,1.0,1.0,0.9674833236281462
1949,a60f7352182a5e93,True,1.0,1.0,1.0,1.0,1.0,1.0,1.0
1950,81b89c24f6a5579f,True,1.0,1.0,1.0,0.0,1.0,0.0,0.5833333333333334
1951,9b94fe18b9ea5b73,True,1.0,1.0,1.0,1.0,1.0,1.0,1.0
1952,33a4b3a5822e52db,True,1.0,0.0,0.0,1.0,1.0,1.0,0.0
1953,608c6909618b5642,True,1.0,1.0,0.7407915771793938,1.0,1.0,1.0,0.891996490491414
1954,a6b9a83019915658,True,1.0,1.0,1.0,1.0,1.0,1.0,1.0
1955,cc2ab80d336a56e0,True,1.0,1.0,0.8036874619264783,1.0,1.0,1.0,0.9182031091360326
1956,ef0b98c7837e5e4a,True,1.0,1.0,0.8440174584108618,1.0,1.0,1.0,0.9350072743378591
1957,2dfc1e8df2ef5da1,True,1.0,1.0,0.8166741194432755,1.0,1.0,1.0,0.923614216434698
1958,9e787f2f65a85f08,True,1.0,1.0,0.7571893675572194,1.0,1.0,1.0,0.8988289031488415
1959,bf0441f2960b5e17,True,1.0,1.0,0.8820846526708799,1.0,1.0,1.0,0.9508686052795333
1960,8bd32ab85e615190,True,1.0,1.0,0.887493920208631,1.0,1.0,1.0,0.9531224667535962
1961,c9f514edbbb55dd9,True,1.0,1.0,1.0,1.0,1.0,1.0,1.0
1962,964c8941cfe558bb,True,1.0,1.0,0.8689834554733479,1.0,1.0,1.0,0.945409773113895
1963,bb783ab5850c5ee2,True,1.0,1.0,0.7976290095410435,1.0,1.0,1.0,0.9156787539754347
1964,c0b8f52197ac558c,True,1.0,1.0,1.0,1.0,1.0,1.0,1.0
1965,9bb9d42a74165cf0,True,1.0,1.0,0.7463530216199354,1.0,1.0,1.0,0.8943137590083063
1966,51a384b48ace570a,True,1.0,1.0,0.8527444424646201,1.0,1.0,1.0,0.9386435176935918
1967,c6f0769e0c465417,True,1.0,1.0,0.787997737711767,1.0,1.0,1.0,0.9116657240465695
1968,dfb58c90fd2e52fa,True,1.0,1.0,0.8687046929499281,1.0,1.0,1.0,0.94529362206247
1969,5a1f551705995574,True,1.0,1.0,1.0,1.0,1.0,1.0,1.0
1970,458aff4d43725bd3,True,1.0,1.0,1.0,1.0,1.0,1.0,1.0
1971,87b32a1aeeb85613,True,1.0,1.0,0.8620143438629316,1.0,1.0,1.0,0.9425059766095548
1972,5317b890d3e45958,True,1.0,1.0,1.0,1.0,1.0,1.0,1.0
1973,07419a24b8e05171,True,1.0,1.0,0.9545355824294978,1.0,1.0,1.0,0.9810564926789574
1974,7af7ff61308e5e5c,True,1.0,0.0,0.0,1.0,1.0,1.0,0.0
1975,178d9a3c6c6852a4,True,1.0,1.0,0.8408643550556922,1.0,1.0,1.0,0.9336934812732052
1976,f6483f2f9126533f,True,1.0,1.0,0.7578089520720356,1.0,1.0,1.0,0.8990870633633481
1977,9114a3a480dd5466,True,1.0,1.0,0.8314457460633915,1.0,1.0,1.0,0.9297690608597464
1978,adfc4abb1c4d50b3,True,1.0,1.0,1.0,1.0,1.0,1.0,1.0
1979,5e25570a2f725a17,True,1.0,1.0,1.0,0.0,1.0,1.0,0.5833333333333334
1980,1819bb47db9e59ff,True,1.0,1.0,0.8979763342551818,1.0,1.0,1.0,0.9574901392729925
1981,0b714952ea0b5017,True,1.0,1.0,0.8043905038534436,1.0,1.0,1.0,0.9184960432722682
1982,43761f0721035214,True,1.0,1.0,1.0,1.0,1.0,1.0,1.0
1983,e0cc59c7dc8c50bd,True,1.0,1.0,0.8996241733437076,1.0,1.0,1.0,0.9581767388932114
1984,b2def33d6adc50fc,True,1.0,1.0,1.0,1.0,1.0,1.0,1.0
1985,4cf608d9de4e5349,True,1.0,1.0,0.5730221687151668,1.0,1.0,1.0,0.8220925702979862
1986,9e9da0b49c475ca1,True,1.0,1.0,0.8106227372722589,1.0,1.0,1.0,0.9210928071967746
1987,60e45802b0245195,True,1.0,1.0,1.0,1.0,1.0,1.0,1.0
1988,fc5d32be7f785570,True,1.0,1.0,0.7524577200193001,1.0,1.0,1.0,0.896857383341375
1989,77155a60b2ae5e75,True,1.0,1.0,0.9112994897360073,1.0,1.0,1.0,0.9630414540566697
1990,1c078ca2e3625bb0,True,1.0,1.0,0.7592103426409923,1.0,1.0,1.0,0.8996709761004135
1991,1a099ccfccfa567f,True,1.0,1.0,1.0,1.0,1.0,1.0,1.0
1992,0a0d91d55b0757f8,True,1.0,1.0,0.9107160327328032,1.0,1.0,1.0,0.9627983469720013
1993,b094018eef175a6b,True,1.0,1.0,0.754324480121847,1.0,1.0,1.0,0.8976352000507696
1994,5c162b0d30f35b55,True,1.0,1.0,0.9546074253225679,1.0,1.0,1.0,0.9810864272177366
1995,b1c410cdd06b5bb4,True,1.0,1.0,0.8204870018614009,1.0,1.0,1.0,0.9252029174422504
1996,ba9ec722d0e05e2c,True,1.0,1.0,0.8627717342629465,1.0,1.0,1.0,0.9428215559428944
1997,1ad3e9d726b35d0e,True,1.0,1.0,1.0,1.0,1.0,1.0,1.0
1998,f082cf21642c5cbc,True,1.0,1.0,0.5381265713307051,1.0,1.0,1.0,0.8075527380544605
1999,0f6aef2cc48d5621,True,1.0,1.0,0.7662437041890433,1.0,1.0,1.0,0.9026015434121014
2000,44137cf5578956d1,True,1.0,1.0,0.9264405448105795,1.0,1.0,1.0,0.9693502270044081
2001,ead9740dd25f59c3,True,1.0,1.0,1.0,1.0,1.0,1.0,1.0
2002,2cae5f08e11a5dbd,True,1.0,1.0,0.9082629308117465,1.0,1.0,1.0,0.961776221171561
2003,c1e76b8992fa5182,True,1.0,1.0,0.9230050949539218,1.0,1.0,1.0,0.9679187895641341
2004,9baf79c0513b5228,True,1.0,1.0,0.7401791027194179,1.0,1.0,1.0,0.8917412927997574
2005,6e575fd36c4d5de3,True,1.0,1.0,0.904681856372673,1.0,1.0,1.0,0.9602841068219471
2006,aef8ab04144650cd,True,1.0,1.0,0.7076238984874319,1.0,1.0,1.0,0.8781766243697633
2007,8a8732cf61dd5452,True,1.0,1.0,0.6541582076663965,1.0,1.0,1.0,0.8558992531943318
2008,89e8716cd98f54a0,True,1.0,1.0,0.7856394694789884,1.0,1.0,1.0,0.9106831122829119
2009,44cc84f91c6b5bf5,True,1.0,1.0,1.0,1.0,1.0,1.0,1.0
2010,4fbca0f4292355cb,True,1.0,1.0,0.729431535154063,1.0,1.0,1.0,0.8872631396475263
2011,18d04df0d7e25316,True,1.0,1.0,0.7330388916605083,1.0,1.0,1.0,0.8887662048585451
2012,75bf56ae8b9d5673,True,1.0,0.0,0.0,1.0,1.0,1.0,0.0
2013,7b7cac50a37a5c24,True,1.0,1.0,1.0,1.0,1.0,1.0,1.0
2014,8fa565e2239853e3,True,1.0,1.0,0.5496618227249931,1.0,1.0,1.0,0.8123590928020805
2015,96588474ccef5f60,True,1.0,1.0,1.0,1.0,1.0,1.0,1.0
2016,7bea1ee3e6bc584d,True,1.0,1.0,1.0,1.0,1.0,1.0,1.0
2017,7f08b90f7a44554b,True,1.0,1.0,0.8698590641919851,1.0,1.0,1.0,0.9457746100799937
2018,8183cdc6ff5a5726,True,1.0,1.0,0.7617198448679835,1.0,1.0,1.0,0.9007166020283265
2019,dffc6ff890745dbe,True,1.0,1.0,0.6542230239930741,1.0,1.0,1.0,0.8559262599971142
2020,c66aeafedcbd5140,True,1.0,1.0,0.7500020702259802,1.0,1.0,1.0,0.8958341959274918
2021,162436ec6cca53a4,True,1.0,1.0,0.8261972877022038,1.0,1.0,1.0,0.9275822032092517
2022,44cbdb68f39f579d,True,1.0,1.0,1.0,1.0,1.0,1.0,1.0
2023,bff155acea525206,True,1.0,1.0,1.0,1.0,1.0,1.0,1.0
2024,42d2414f92c651bf,True,1.0,1.0,1.0,1.0,1.0,0.5,1.0
2025,5b891b54880f5fab,True,1.0,1.0,0.8407622690346234,1.0,1.0,1.0,0.9336509454310931
2026,3e429827093e538d,True,1.0,1.0,0.8204511562096513,1.0,1.0,1.0,0.9251879817540214
2027,b69046ccdede5ae9,True,1.0,1.0,0.9603814455777205,1.0,1.0,1.0,0.9834922689907168
2028,1bddf6b0b25e5de4,True,1.0,1.0,1.0,1.0,1.0,1.0,1.0
2029,91c7e207e3395557,True,1.0,1.0,0.7845711946629466,1.0,1.0,1.0,0.9102379977762277
2030,238f1cddb9415996,True,1.0,1.0,0.8495460505959962,1.0,1.0,1.0,0.9373108544149984
2031,555226e5142f50ed,True,1.0,1.0,1.0,1.0,1.0,1.0,1.0
2032,18176fbd46ba5000,True,1.0,1.0,1.0,1.0,1.0,1.0,1.0
2033,670f9d50643c5874,True,1.0,1.0,0.7464180783748453,1.0,1.0,1.0,0.8943408659895189
2034,7240e214b6bc5b44,True,1.0,1.0,1.0,1.0,1.0,1.0,1.0
2035,0c4bafb20cea5e44,True,1.0,1.0,1.0,1.0,1.0,1.0,1.0
2036,d44d7aacab755892,True,1.0,1.0,0.8127979660346136,1.0,1.0,1.0,0.9219991525144223
2037,3e7bec3b1c4359b6,True,1.0,1.0,0.8547216399995039,1.0,1.0,1.0,0.9394673499997932
2038,df5915c3464e569e,True,1.0,0.0,0.0,1.0,1.0,1.0,0.0
2039,24a1c2301c6853f7,True,1.0,0.0,0.0,0.0,1.0,0.0,0.0
2040,5c34deba76605c7b,True,1.0,1.0,1.0,1.0,1.0,1.0,1.0
2041,365c2516e26f5502,True,1.0,1.0,0.8879465116751126,1.0,1.0,1.0,0.953311046531297
2042,650c7a9e7ea45062,True,1.0,1.0,0.9297897695341947,1.0,1.0,1.0,0.9707457373059144
2043,bf1184622f355af4,True,1.0,1.0,0.7344930759816852,1.0,1.0,0.5,0.8893721149923689
2044,bd9af5e4299b5fb6,True,1.0,1.0,0.7972191693996841,1.0,1.0,1.0,0.9155079872498684
2045,eb3dc7204bd55d17,True,1.0,1.0,0.7708055445381814,1.0,1.0,1.0,0.9045023102242422
2046,67abcf0964415891,True,1.0,1.0,1.0,1.0,1.0,1.0,1.0
2047,0d1b753fd19f55cb,True,1.0,1.0,0.7106699266558392,1.0,1.0,1.0,0.8794458027732664
2048,205dd2add8b357f6,True,1.0,1.0,1.0,0.0,1.0,1.0,0.5833333333333334
2049,8c12150f849b5b10,True,1.0,1.0,0.92366719259201,1.0,1.0,1.0,0.9681946635800042
2050,8aae579b8090538a,True,1.0,0.0,0.0,1.0,1.0,1.0,0.0
2051,ef35eef8e3ae56ef,True,1.0,0.0,0.0,1.0,1.0,0.5,0.0
2052,8d9d0d3caa9b5905,True,1.0,1.0,1.0,1.0,1.0,1.0,1.0
2053,9e2858dd989e5cc4,True,1.0,0.0,0.0,1.0,1.0,1.0,0.0
2054,bd3312be2419553c,True,1.0,1.0,0.54574283730312,1.0,1.0,1.0,0.8107261822096333
2055,365808b195f35dff,True,1.0,1.0,0.9262550446444057,1.0,1.0,1.0,0.9692729352685023
2056,6c4bebeaa24a53ce,True,1.0,1.0,0.7228852797978815,1.0,1.0,1.0,0.8845355332491174
2057,c20a7d6f7c9e5379,True,1.0,0.0,0.0,1.0,1.0,1.0,0.0
2058,807c1ce92e235b11,True,1.0,1.0,1.0,1.0,1.0,1.0,1.0
2059,6f8a5e89c0325aa8,True,1.0,1.0,0.9412402181101485,1.0,1.0,1.0,0.9755167575458952
2060,367ead111dcb5764,True,1.0,1.0,0.6106786732510142,1.0,1.0,1.0,0.8377827805212559
2061,e209822e11365182,True,1.0,1.0,0.8535380207664238,1.0,1.0,1.0,0.9389741753193434
2062,5a37ffc78c1e5782,True,1.0,1.0,0.9217300371278505,1.0,1.0,1.0,0.9673875154699377
2063,7cdcf11e211759cf,True,1.0,1.0,0.8182080338099207,1.0,1.0,1.0,0.9242533474208002
2064,5d9e2570d7565e91,True,1.0,1.0,0.5891497326377239,1.0,1.0,1.0,0.8288123885990516
2065,d7708962e5cc554f,True,1.0,1.0,1.0,1.0,1.0,1.0,1.0
2066,61232ab3e2085282,True,1.0,1.0,1.0,1.0,1.0,1.0,1.0
2067,8118acf21ab154f7,True,1.0,1.0,0.8295936670478349,1.0,1.0,1.0,0.9289973612699312
2068,4104c86ea5425c40,True,1.0,1.0,0.8423271830857867,1.0,1.0,1.0,0.9343029929524111
2069,84431cd14c765efc,True,1.0,1.0,1.0,1.0,1.0,1.0,1.0
2070,6dc36068505c5de2,True,1.0,1.0,1.0,1.0,1.0,1.0,1.0
2071,9a0b762c08af59f8,True,1.0,1.0,0.6165662449747454,1.0,1.0,1.0,0.8402359354061439
2072,5382d1898c5f506d,True,1.0,1.0,1.0,1.0,1.0,1.0,1.0
2073,87554f4ef47252e4,True,1.0,1.0,0.8568762718101035,1.0,1.0,1.0,0.9403651132542098
2074,e817f131c7815d82,True,1.0,1.0,1.0,1.0,1.0,1.0,1.0
2075,351663288cc45157,True,1.0,1.0,1.0,1.0,1.0,1.0,1.0
2076,77071a33907c58f2,True,1.0,1.0,0.7893496071400019,1.0,1.0,1.0,0.9122290029750008
2077,9d7108a109a2571f,True,1.0,1.0,0.7239809233636268,1.0,1.0,1.0,0.8849920514015112
2078,d64abcb201245b5a,True,1.0,1.0,1.0,1.0,1.0,1.0,1.0
2079,e36849f8d9e15ce8,True,1.0,1.0,0.8535523415020216,1.0,1.0,1.0,0.9389801422925089
2080,4c1a6bbf7aaa5228,True,1.0,1.0,1.0,1.0,1.0,1.0,1.0
2081,218adf8c450058eb,True,1.0,1.0,1.0,1.0,1.0,1.0,1.0
2082,953b6023473258bb,True,1.0,1.0,0.5513511686431921,1.0,1.0,1.0,0.8130629869346634
2083,29d075e26b5156fc,True,1.0,1.0,1.0,1.0,1.0,1.0,1.0
2084,83d03e995ce55e9b,True,1.0,1.0,0.9639008561834079,1.0,1.0,1.0,0.9849586900764199
2085,50e871f60296566b,True,1.0,1.0,1.0,1.0,1.0,1.0,1.0
2086,b7ec6bbfa73a52e5,True,1.0,1.0,1.0,1.0,1.0,1.0,1.0
2087,12c3a7aea386584b,True,1.0,1.0,1.0,1.0,1.0,1.0,1.0
2088,fe068f6ae8135412,True,1.0,1.0,0.8560195146532169,1.0,1.0,1.0,0.9400081311055071
2089,56fe5be4b9dc5c77,True,1.0,1.0,0.6645331038809754,1.0,1.0,1.0,0.8602221266170731
2090,5a8855c7c104596c,True,1.0,1.0,1.0,1.0,1.0,1.0,1.0
2091,9e3c4f7d62315b95,True,1.0,1.0,0.9848812211223881,1.0,1.0,1.0,0.993700508800995
2092,18d232e64db55ba9,True,1.0,1.0,0.8876768124830302,1.0,1.0,1.0,0.9531986718679293
2093,ec7ca545f4055a2b,True,1.0,1.0,0.9193128495174391,1.0,1.0,1.0,0.9663803539655996
2094,54fc99ad3c555e09,True,1.0,1.0,0.8026939118341623,1.0,1.0,1.0,0.917789129930901
2095,39168e35ed085e11,True,1.0,1.0,0.6853317964171484,1.0,1.0,1.0,0.8688882485071452
2096,daa09f8522125950,True,1.0,1.0,1.0,1.0,1.0,1.0,1.0
2097,ef0914834c445c21,True,1.0,1.0,1.0,1.0,1.0,1.0,1.0
2098,110d0ce0345d5113,True,1.0,1.0,0.8052025675875573,1.0,1.0,1.0,0.9188344031614822
2099,d80488b4e04c5e47,True,1.0,1.0,0.6508532375285654,1.0,1.0,1.0,0.8545221823035689
2100,3b7933b82dc65348,True,1.0,1.0,1.0,1.0,1.0,1.0,1.0
2101,ef41e9c7f99d5d85,True,1.0,1.0,0.7459166126843617,1.0,1.0,1.0,0.8941319219518173
2102,77b5e5af1c1057fc,True,1.0,1.0,0.8543128560868503,1.0,1.0,1.0,0.9392970233695209
2103,2135b76284735f17,True,1.0,1.0,0.7736595740998962,1.0,1.0,1.0,0.90569148920829
2104,712427ff1635596c,True,1.0,1.0,1.0,1.0,1.0,1.0,1.0
2105,5498f9f2cfc55668,True,1.0,1.0,0.85212591062164,1.0,1.0,1.0,0.93838579609235
2106,9e1a8204e14e56e1,True,1.0,1.0,0.9819537973889112,1.0,1.0,1.0,0.9924807489120463
2107,45935e0787fd5a31,True,1.0,1.0,0.7966909061037247,1.0,1.0,1.0,0.9152878775432187
2108,c7a44a2e52bc5e22,True,1.0,1.0,0.9561494863221806,1.0,1.0,0.5,0.9817289526342418
2109,e166284508e554fa,True,1.0,1.0,0.8496870633496798,1.0,1.0,1.0,0.9373696097290333
2110,92c920c643695ff3,True,1.0,1.0,0.8222613003306782,1.0,1.0,1.0,0.925942208471116
2111,a9609780217c5831,True,1.0,1.0,0.9607399262114213,1.0,1.0,1.0,0.9836416359214256
2112,948099bc138855b6,True,1.0,1.0,0.779698166414605,1.0,1.0,1.0,0.9082075693394187
2113,717d8be0b970524e,True,1.0,1.0,1.0,1.0,1.0,1.0,1.0
2114,80a4b14aef3f5a52,True,1.0,1.0,1.0,1.0,1.0,1.0,1.0
2115,ac2e86e04c0a5287,True,1.0,1.0,0.7956440390104376,1.0,1.0,1.0,0.9148516829210157
2116,63768cbe8b2d5c65,True,1.0,1.0,0.5330171685555057,1.0,1.0,1.0,0.8054238202314608
2117,64bb182ef4035065,True,1.0,1.0,1.0,1.0,1.0,1.0,1.0
2118,4d48843c558b5807,True,1.0,1.0,1.0,1.0,1.0,1.0,1.0
2119,6a6362156db75390,True,1.0,1.0,0.9056555982865662,1.0,1.0,1.0,0.9606898326194026
2120,9ac3f47635bd5fe1,True,1.0,1.0,0.8460760762776987,1.0,1.0,1.0,0.9358650317823743
2121,1979ed31b57b59ea,True,1.0,1.0,0.5486215910954397,1.0,1.0,1.0,0.8119256629564333
2122,424e3df76d475635,True,1.0,1.0,0.7899185587150832,1.0,1.0,1.0,0.9124660661312847
2123,58a74755dc6a506a,True,1.0,0.0,0.0,1.0,1.0,1.0,0.0
2124,443099f672655d56,True,1.0,1.0,0.8719686462007268,1.0,1.0,1.0,0.9466536025836362
2125,5d058c203f765173,True,1.0,1.0,1.0,1.0,1.0,1.0,1.0
2126,64b6d412bf15576e,True,1.0,1.0,1.0,1.0,1.0,1.0,1.0
2127,f1e870d5d8275cac,True,1.0,1.0,0.9281783181336013,1.0,1.0,1.0,0.9700742992223339
2128,f9505a84a7745537,True,1.0,1.0,0.7690710896145484,1.0,1.0,1.0,0.9037796206727284
2129,b91f8a685d7457c4,True,1.0,1.0,1.0,1.0,1.0,1.0,1.0
2130,d2b7b43e05be5082,True,1.0,1.0,0.9283037078099851,1.0,1.0,1.0,0.9701265449208272
2131,7fef3d49daa652cb,True,1.0,1.0,0.8586588261738677,1.0,1.0,1.0,0.9411078442391115
2132,5abd4abd73db5739,True,1.0,1.0,0.98434072663436,1.0,1.0,1.0,0.9934753027643167
2133,ccd74f5377b85a36,True,1.0,1.0,0.813955287573172,1.0,1.0,1.0,0.922481369822155
2134,39cbed62434a528b,True,1.0,1.0,1.0,1.0,1.0,1.0,1.0
2135,150505a546335d5d,True,1.0,1.0,0.5935341550869194,1.0,1.0,1.0,0.8306392312862164
2136,43458f6eab155322,True,1.0,1.0,0.9932509499364799,1.0,1.0,1.0,0.9971878958068666
2137,67eac979dc2b5c12,True,1.0,1.0,0.76954260589233,1.0,1.0,1.0,0.9039760857884708
2138,c472d369df235104,True,1.0,1.0,0.6275969559806389,1.0,1.0,1.0,0.844832064991933
2139,de85008572b15018,True,1.0,1.0,1.0,1.0,1.0,1.0,1.0
2140,6a4e62fc55535e82,True,1.0,1.0,0.9025974592947189,1.0,1.0,1.0,0.9594156080394662
2141,09fc278e5d43564f,True,1.0,1.0,0.9306039643443218,1.0,1.0,1.0,0.9710849851434674
2142,46aea2dcb1485353,True,1.0,1.0,0.9913768228955395,1.0,1.0,1.0,0.9964070095398081
2143,e617fe519ab754dc,True,1.0,1.0,0.9202050692247197,1.0,1.0,1.0,0.9667521121769665
2144,cc86bfa114035604,True,1.0,1.0,0.7779788080103918,1.0,1.0,1.0,0.90749117000433
2145,5825e60bec9f59fb,True,1.0,1.0,1.0,1.0,1.0,1.0,1.0
2146,241098fe619c5de0,True,1.0,1.0,0.9139009459549667,1.0,1.0,1.0,0.9641253941479029
2147,0dd23f4ea286544f,True,1.0,1.0,0.5959001590115829,1.0,1.0,1.0,0.8316250662548262
2148,49c2b08936335901,True,1.0,1.0,0.7566169054783186,0.0,1.0,1.0,0.4819237106159661
2149,f227c6775ba75451,True,1.0,1.0,0.7010288583193317,1.0,1.0,1.0,0.8754286909663881
2150,78a46fe48bf15051,True,1.0,1.0,0.7024878553097953,1.0,1.0,1.0,0.8760366063790813
2151,e0f45205e41155ed,True,1.0,1.0,1.0,1.0,1.0,1.0,1.0
2152,297fa313126a5f02,True,1.0,1.0,1.0,1.0,1.0,1.0,1.0
2153,d53c6de1a159537b,True,1.0,1.0,0.804926677508264,1.0,1.0,1.0,0.9187194489617766
2154,2834297c33cd5d50,True,1.0,0.0,0.0,1.0,1.0,1.0,0.0
2155,1029003770aa5e2e,True,1.0,1.0,1.0,1.0,1.0,1.0,1.0
2156,764bbbaf51f85bd8,True,1.0,0.0,0.0,1.0,1.0,0.0,0.0
2157,5f859ab2a2205477,True,1.0,1.0,0.556658372761966,1.0,1.0,1.0,0.8152743219841524
2158,6e5ae240ac8a5862,True,1.0,1.0,1.0,1.0,1.0,1.0,1.0
2159,5c7513fea7b45963,True,1.0,1.0,1.0,1.0,1.0,1.0,1.0
2160,6b678e4f19c05dea,True,1.0,1.0,1.0,1.0,1.0,1.0,1.0
2161,e61699cda2f15e01,True,1.0,1.0,0.988920165832057,1.0,1.0,1.0,0.9953834024300238
2162,c0649cc8913954cd,True,1.0,1.0,1.0,1.0,1.0,1.0,1.0
2163,8cbfcb387ec85461,True,1.0,1.0,1.0,1.0,1.0,1.0,1.0
2164,1d63ddad646b5496,True,1.0,1.0,0.9490421624149511,1.0,1.0,1.0,0.9787675676728963
2165,887c38b0c24d5b51,True,1.0,1.0,0.8445837817267731,1.0,1.0,1.0,0.9352432423861554
2166,963591d88d6a53b6,True,1.0,1.0,0.5588977533983117,1.0,1.0,1.0,0.8162073972492966
2167,8de2e76340335ed9,True,1.0,1.0,0.8526962455288423,1.0,1.0,1.0,0.9386234356370177
2168,3cc02c2389685e70,True,1.0,1.0,1.0,1.0,1.0,1.0,1.0
2169,6f393be3019c508a,True,1.0,1.0,0.9587561337960425,1.0,1.0,1.0,0.9828150557483509
2170,cab75d9e74eb52a1,True,1.0,1.0,0.924248147766426,1.0,1.0,1.0,0.9684367282360108
2171,f37d9bf7782d524b,True,1.0,1.0,1.0,1.0,1.0,1.0,1.0
2172,5f09eaa4509f5997,True,1.0,1.0,0.627264925354847,1.0,1.0,1.0,0.844693718897853
2173,5ea2a4ecc18752fa,True,1.0,1.0,1.0,1.0,1.0,1.0,1.0
2174,fdde37fbe3d35bef,True,1.0,1.0,0.9458470569574328,1.0,1.0,1.0,0.9774362737322636
2175,fb00299d62585308,True,1.0,1.0,0.8781257017072451,1.0,1.0,1.0,0.9492190423780188
2176,f51357fd3f59500a,True,1.0,0.0,0.0,1.0,1.0,1.0,0.0
2177,360670b878f45284,True,1.0,1.0,1.0,1.0,1.0,1.0,1.0
2178,4dd9d92ade255f95,True,1.0,1.0,0.994320855982913,1.0,1.0,1.0,0.9976336899928805
2179,64a7186ab49b5cdc,True,1.0,1.0,0.7626055705660292,1.0,1.0,1.0,0.9010856544025122
2180,7f2cd560a3c3528a,True,1.0,1.0,0.8765888421153188,1.0,1.0,1.0,0.9485786842147163
2181,aeeba19e19c35ccb,True,1.0,1.0,0.7917222600123599,1.0,1.0,1.0,0.9132176083384834
2182,26565788812b5fde,True,1.0,1.0,0.9528842103933429,1.0,1.0,1.0,0.9803684209972262
2183,2c90fc5cc8905562,True,1.0,1.0,0.8617578861758189,1.0,1.0,1.0,0.9423991192399246
2184,a8aba52e8a6151bf,True,1.0,1.0,0.7448425750264176,1.0,1.0,1.0,0.8936844062610074
2185,6b6afd7690245e14,True,1.0,1.0,0.7823550616182612,1.0,1.0,1.0,0.9093146090076089
2186,a0da100b0dcb543c,True,1.0,1.0,1.0,1.0,1.0,1.0,1.0
2187,10c9b6cd8a2e55f8,True,1.0,1.0,1.0,1.0,1.0,1.0,1.0
2188,429cd9dc9d2154a4,True,1.0,1.0,1.0,1.0,1.0,1.0,1.0
2189,c8ab144242b05eba,True,1.0,1.0,0.9187165056461066,1.0,1.0,1.0,0.9661318773525444
2190,3b6865082c225fe8,True,1.0,1.0,1.0,1.0,1.0,1.0,1.0
2191,baf0c6e99bec57db,True,1.0,1.0,0.8056467723772196,1.0,1.0,1.0,0.9190194884905081
2192,30f959771e1e588d,True,1.0,1.0,0.868303422334895,1.0,1.0,1.0,0.9451264259728728
2193,55ba1ce72f1b5160,True,1.0,1.0,1.0,1.0,1.0,1.0,1.0
2194,071f7885a37e591f,True,1.0,1.0,1.0,1.0,1.0,1.0,1.0
2195,f73281d701fd56a6,True,1.0,1.0,0.8016391846773246,1.0,1.0,1.0,0.9173496602822185
2196,e7756dc30c605482,True,1.0,1.0,1.0,1.0,1.0,1.0,1.0
2197,f7cef72b285555af,True,1.0,1.0,0.713691062329596,1.0,1.0,1.0,0.8807046093039984
2198,cca534b6970f5c8e,True,1.0,1.0,0.8003244917344974,1.0,1.0,1.0,0.9168018715560405
2199,679b181821395966,True,1.0,1.0,0.8587648445565527,1.0,1.0,1.0,0.9411520185652303
2200,0c4bf4c931b05734,True,1.0,1.0,0.5089388568790804,1.0,1.0,1.0,0.7953911903662835
2201,7ccd759aa0535b9a,True,1.0,1.0,0.7108378466432168,1.0,1.0,1.0,0.8795157694346737
2202,b93262812f855475,True,1.0,1.0,0.6051024944373978,1.0,1.0,1.0,0.8354593726822491
2203,5603aa72d59e58b2,True,1.0,1.0,0.9579655737537295,1.0,1.0,1.0,0.9824856557307206
2204,aee1ca352fdd55f1,True,1.0,1.0,0.7257180123569608,1.0,1.0,1.0,0.885715838482067
2205,019b86fe2e215b6e,True,1.0,1.0,0.877087440478618,1.0,1.0,1.0,0.9487864335327575
2206,83242e2595a85111,True,1.0,1.0,0.8631414930697203,1.0,1.0,1.0,0.9429756221123835
2207,7b3e1c9932625243,True,1.0,1.0,0.6263811368215245,1.0,1.0,1.0,0.8443254736756352
2208,3d1c445859d85d51,True,1.0,1.0,0.9786949330603324,1.0,1.0,1.0,0.9911228887751385
2209,7dac1567fa8d574c,True,1.0,1.0,0.6475434341898091,1.0,1.0,1.0,0.8531430975790871
2210,1541f285d1525ca0,True,1.0,1.0,1.0,1.0,1.0,1.0,1.0
2211,14d36ea6b2d858a0,True,1.0,1.0,0.5337894232669544,1.0,1.0,1.0,0.8057455930278977
2212,39108eefc8e95e0e,True,1.0,1.0,0.8564657321519297,1.0,1.0,1.0,0.9401940550633041
2213,4d8baa6e638f5cfb,True,1.0,1.0,1.0,1.0,1.0,1.0,1.0
2214,825269c866465320,True,1.0,1.0,0.863085610512642,1.0,1.0,1.0,0.9429523377136008
2215,56d552d6bb425954,True,1.0,1.0,0.7515532773937272,1.0,1.0,1.0,0.8964805322473864
2216,f9ff7b08b88e5365,True,1.0,1.0,1.0,1.0,1.0,0.0,1.0
2217,75857e1f177b5af4,True,1.0,1.0,0.6281479247806151,1.0,1.0,1.0,0.8450616353252562
2218,8894cb9c1f385198,True,1.0,1.0,0.9418238940174345,1.0,1.0,1.0,0.9757599558405977
2219,7ef6481e00005279,True,1.0,1.0,0.9358360674671983,1.0,1.0,1.0,0.9732650281113328
2220,59402b7bd60b5da7,True,1.0,1.0,0.6935857514519173,1.0,1.0,1.0,0.8723273964382988
2221,1434146a1ab75426,True,1.0,1.0,1.0,1.0,1.0,1.0,1.0
2222,3336f42a7e175d0b,True,1.0,1.0,0.9198950985678181,1.0,1.0,1.0,0.9666229577365909
2223,cbbf59be3a4e555d,True,1.0,1.0,0.861296418038521,1.0,1.0,1.0,0.9422068408493837
2224,971d199e8b9b5e71,True,1.0,1.0,0.5597331212085773,1.0,1.0,1.0,0.8165554671702405
2225,f50843b06ec259f2,True,1.0,1.0,0.8887657520704726,1.0,1.0,1.0,0.9536523966960303
2226,0ccd35e238885817,True,1.0,1.0,1.0,1.0,1.0,1.0,1.0
2227,df65991258ba5334,True,1.0,1.0,1.0,1.0,1.0,1.0,1.0
2228,33cdc99603ed57b9,True,1.0,1.0,0.8673332650679523,1.0,1.0,1.0,0.9447221937783135
2229,d9e93eae3b4a5235,True,1.0,1.0,0.9913624787276942,1.0,1.0,1.0,0.996401032803206
2230,f53ee13c32ac5bec,True,1.0,1.0,1.0,1.0,1.0,1.0,1.0
2231,12f2dccfb88957f9,True,1.0,1.0,1.0,1.0,1.0,1.0,1.0
2232,19768d49bbd45f08,True,1.0,1.0,0.8892471616401119,1.0,1.0,1.0,0.9538529840167133
2233,8ff80000e9a05eca,True,1.0,1.0,1.0,1.0,1.0,1.0,1.0
2234,a899eed59bf85d84,True,1.0,1.0,0.793323478701955,1.0,1.0,1.0,0.9138847827924813
2235,6f6d4e85ebdb5013,True,1.0,1.0,1.0,1.0,1.0,1.0,1.0
2236,e4ec48f9d6f85d23,True,1.0,1.0,0.8511155911753624,1.0,1.0,1.0,0.937964829656401
2237,5395d42cc65e5c06,True,1.0,1.0,0.9413196318928654,1.0,1.0,1.0,0.9755498466220273
2238,8350f9ff4dcf5e4b,True,1.0,1.0,1.0,1.0,1.0,1.0,1.0
2239,51e4c182629c50a7,True,1.0,1.0,0.5511149766780756,1.0,1.0,1.0,0.8129645736158647
2240,a151ed0de3f35bf5,True,1.0,1.0,1.0,1.0,1.0,1.0,1.0
2241,e6c5a792f2f058f3,True,1.0,1.0,0.9557988418354935,1.0,1.0,1.0,0.9815828507647889
2242,a7c6cc3a1840584f,True,1.0,1.0,0.15984267844202116,1.0,1.0,1.0,0.6499344493508422
2243,43162b00fe4550b8,True,1.0,0.0,0.0,0.0,1.0,1.0,0.0
2244,bd6d1d10391854e0,True,1.0,1.0,0.8353641071117134,1.0,1.0,1.0,0.9314017112965471
2245,be1ef67efd445f45,True,1.0,0.0,0.0,1.0,1.0,1.0,0.0
2246,f4511c17c15a531f,True,1.0,1.0,0.9093825352724684,1.0,1.0,1.0,0.9622427230301952
2247,aa10437e9b425118,True,1.0,1.0,1.0,1.0,1.0,1.0,1.0
2248,498bf3fdec5e5506,True,1.0,1.0,1.0,1.0,1.0,1.0,1.0
2249,2c43056133655292,True,1.0,1.0,0.9679218111719107,1.0,1.0,1.0,0.9866340879882962
2250,0f97d412a94255ac,True,1.0,1.0,1.0,1.0,1.0,1.0,1.0
2251,4e00bf86cd1e5a14,True,1.0,1.0,0.9291592705119757,1.0,1.0,1.0,0.9704830293799898
2252,ebffacdb3be25252,True,1.0,1.0,1.0,1.0,1.0,1.0,1.0
2253,ed19f6a36af757b7,True,1.0,1.0,0.7605135909485193,1.0,1.0,1.0,0.9002139962285497
2254,b0325428be095810,True,1.0,1.0,1.0,1.0,1.0,1.0,1.0
2255,d7c74666773f5575,True,1.0,1.0,0.6037533685142078,1.0,1.0,1.0,0.83489723688092
2256,b43de4c16b8d5e99,True,1.0,1.0,0.7519610166573913,1.0,1.0,1.0,0.8966504236072463
2257,020dee65dab453bb,True,1.0,1.0,0.983412996676723,1.0,1.0,1.0,0.9930887486153012
2258,1290e3066cbc5397,True,1.0,1.0,1.0,1.0,1.0,1.0,1.0
2259,e536fdecd7ba54a5,True,1.0,1.0,0.8114008793559481,1.0,1.0,1.0,0.9214170330649784
2260,8413eaf2b8e45e3b,True,1.0,1.0,0.8101661149405515,1.0,1.0,1.0,0.9209025478918965
2261,a12c7f84ebd25b1e,True,1.0,1.0,0.8507276604616704,1.0,1.0,1.0,0.9378031918590294
2262,df0122d3b7d35eb9,True,1.0,1.0,1.0,1.0,1.0,1.0,1.0
2263,d546193a3a28587f,True,1.0,1.0,1.0,1.0,1.0,1.0,1.0
2264,6c6a6b002f715d03,True,1.0,1.0,0.7442779140782677,1.0,1.0,1.0,0.8934491308659448
2265,d6eda165241a53b9,True,1.0,1.0,1.0,1.0,1.0,1.0,1.0
2266,68d1f5f305cf5aae,True,1.0,1.0,0.8434159774967478,1.0,1.0,1.0,0.9347566572903115
2267,6b50fb6bf8265936,True,1.0,1.0,0.885884522511639,1.0,1.0,1.0,0.9524518843798496
2268,744f8d8edaf859fe,True,1.0,1.0,0.6487755210323478,1.0,1.0,1.0,0.8536564670968115
2269,878f3ddae1b7550f,True,1.0,1.0,0.8979809626760178,1.0,1.0,1.0,0.9574920677816742
2270,491dce963f7f5b57,True,1.0,1.0,1.0,1.0,1.0,1.0,1.0
2271,81aa7cde0f3f5b68,True,1.0,1.0,1.0,1.0,1.0,1.0,1.0
2272,92c7b16cbf5a5d8c,True,1.0,1.0,1.0,1.0,1.0,1.0,1.0
2273,bcdaa4a47f925ebb,True,1.0,1.0,1.0,1.0,1.0,1.0,1.0
2274,6bd962139e2658da,True,1.0,1.0,0.8087633935667304,1.0,1.0,1.0,0.9203180806528044
2275,824944b52b98552b,True,1.0,1.0,1.0,1.0,1.0,1.0,1.0
2276,0dd3297ee86d56c9,True,1.0,1.0,1.0,0.0,1.0,1.0,0.5833333333333334
2277,2e9c19d0168c58ac,True,1.0,1.0,1.0,1.0,1.0,1.0,1.0
2278,1803fa678ee652fa,True,1.0,1.0,0.8400556151780335,1.0,1.0,1.0,0.9333565063241807
2279,b3b9745591dd569c,True,1.0,1.0,0.9415093784005621,1.0,1.0,1.0,0.9756289076669008
2280,a709a9bbafe555e1,True,1.0,1.0,1.0,1.0,1.0,1.0,1.0
2281,c5f7658763815835,True,1.0,1.0,0.9871775726061789,1.0,1.0,1.0,0.9946573219192412
2282,c5bec7e4a75f5ca1,True,1.0,1.0,1.0,1.0,1.0,1.0,1.0
2283,bc60aa8501245df7,True,1.0,1.0,0.9186674497650884,1.0,1.0,1.0,0.9661114374021201
2284,e4d88f52d2b45609,True,1.0,1.0,0.9819999602251959,1.0,1.0,1.0,0.992499983427165
2285,0a3da14f3cba564a,True,1.0,1.0,0.7365068194283254,1.0,1.0,1.0,0.8902111747618022
2286,93a59ff864b45716,True,1.0,1.0,1.0,1.0,1.0,1.0,1.0
2287,aa7d4f9537495b1f,True,1.0,1.0,1.0,1.0,1.0,1.0,1.0
2288,8cec7d21f7dc540b,True,1.0,1.0,0.6213612744103068,1.0,1.0,1.0,0.8422338643376278
2289,449f88cb93fe53d8,True,1.0,1.0,1.0,1.0,1.0,1.0,1.0
2290,7aaa5ff3f0d255ef,True,1.0,1.0,0.8848429208831782,1.0,1.0,1.0,0.9520178837013242
2291,edf7e758c7075ce8,True,1.0,1.0,0.49831328625492377,1.0,1.0,1.0,0.7909638692728849
2292,e97db5c7da675b13,True,1.0,1.0,0.8913303367317846,1.0,1.0,1.0,0.9547209736382435
2293,f19d96f947fa52d9,True,1.0,1.0,1.0,1.0,1.0,1.0,1.0
2294,f1b0cf7d344052ba,True,1.0,1.0,0.9626389899355009,1.0,1.0,1.0,0.9844329124731255
2295,0777f5a7263758be,True,1.0,1.0,1.0,1.0,1.0,1.0,1.0
2296,fc0a60a9d8245aea,True,1.0,1.0,0.6598076305888473,1.0,1.0,1.0,0.8582531794120197
2297,8013f74ddcf055db,True,1.0,1.0,0.8226895602566815,1.0,1.0,1.0,0.9261206501069505
2298,cd34209eec085b73,True,1.0,1.0,0.8419097396541713,1.0,1.0,1.0,0.934129058189238
2299,d7c017783af2520b,True,1.0,1.0,1.0,1.0,1.0,1.0,1.0
2300,25cb9b6179435488,True,1.0,1.0,0.8675842974002129,1.0,1.0,1.0,0.9448267905834221
2301,1caa3a4c5d5d510e,True,1.0,1.0,0.6938193627471959,1.0,1.0,1.0,0.8724247344779984
2302,ecc6f4f3dd735feb,True,1.0,1.0,0.6937565335153423,1.0,1.0,1.0,0.8723985556313926
2303,14d9640a8b9d5d7d,True,1.0,0.0,0.0,1.0,1.0,1.0,0.0
2304,526b66c665085401,True,1.0,1.0,0.8775816342420165,1.0,1.0,1.0,0.9489923476008402
2305,901722c88ebf50ea,True,1.0,1.0,0.691736536695193,1.0,1.0,1.0,0.8715568902896638
2306,f78a67043d9e5477,True,1.0,1.0,1.0,1.0,1.0,1.0,1.0
2307,6a0cdff04e6b596e,True,1.0,1.0,0.9542380101297065,1.0,1.0,1.0,0.9809325042207111
2308,07667a86040c5332,True,1.0,1.0,0.706614398394544,1.0,1.0,1.0,0.8777559993310601
2309,c484b85e7b07535c,True,1.0,1.0,0.8472516135662921,1.0,1.0,1.0,0.9363548389859551
2310,6a2adb1da8dd53f3,True,1.0,1.0,0.8215159089636599,1.0,1.0,1.0,0.9256316287348584
2311,4d098db703415f00,True,1.0,1.0,0.9618374181237005,1.0,1.0,1.0,0.9840989242182085
2312,e40b2bf57fa5576f,True,1.0,1.0,0.7787085721631378,1.0,1.0,1.0,0.9077952384013074
2313,315aedf84f9f59c3,True,1.0,1.0,1.0,1.0,1.0,1.0,1.0
2314,69ce68dff3ff566d,True,1.0,1.0,0.5841336499782847,1.0,1.0,1.0,0.8267223541576186
2315,86e62e65d9095907,True,1.0,1.0,0.8967747789449773,1.0,1.0,1.0,0.9569894912270739
2316,2696e377ac3e579b,True,1.0,1.0,0.973908800893932,1.0,1.0,1.0,0.9891286670391383
2317,1e1913cd8d035225,True,1.0,1.0,0.9238057971627783,1.0,1.0,1.0,0.9682524154844909
2318,77cf9dfc36c35df7,True,1.0,1.0,0.8468821905997941,1.0,1.0,1.0,0.9362009127499142
2319,e87f90ab04a25be9,True,1.0,1.0,0.7764076204931875,1.0,1.0,1.0,0.9068365085388281
2320,ce2de8af70e05a57,True,1.0,1.0,0.856314619917729,1.0,1.0,1.0,0.9401310916323871
2321,a9e622747fc45a0a,True,1.0,1.0,0.8960890615431579,1.0,1.0,1.0,0.9567037756429825
2322,00f925ab5406520f,True,1.0,1.0,0.9223115926192664,1.0,1.0,1.0,0.9676298302580276
2323,143234de18d5587f,True,1.0,1.0,1.0,1.0,1.0,1.0,1.0
2324,d0a77f19bd8b5348,True,1.0,1.0,1.0,1.0,1.0,1.0,1.0
2325,6d26431aced45f83,True,1.0,1.0,0.8479656469192244,1.0,1.0,1.0,0.9366523528830101
2326,66f9739ef19d5742,True,1.0,1.0,1.0,1.0,1.0,1.0,1.0
2327,066c0c3f45915cba,True,1.0,1.0,1.0,1.0,1.0,1.0,1.0
2328,07e885122c9b5bd1,True,1.0,1.0,0.8709355208500035,1.0,1.0,1.0,0.9462231336875014
2329,80957a180a325353,True,1.0,1.0,1.0,1.0,1.0,1.0,1.0
2330,19282fb074525def,True,1.0,1.0,1.0,1.0,1.0,1.0,1.0
2331,127b9e23f1805690,True,1.0,1.0,0.7980416135796388,1.0,1.0,1.0,0.9158506723248495
2332,b3edadc19d8a5812,True,1.0,1.0,0.7281812858745403,1.0,1.0,1.0,0.8867422024477252
2333,47e3bbbd82b2583b,True,1.0,1.0,1.0,1.0,1.0,1.0,1.0
2334,77bff1fe494e52dd,True,1.0,1.0,1.0,0.0,1.0,1.0,0.5833333333333334
2335,ddc1271ea57154bc,True,1.0,1.0,1.0,1.0,1.0,1.0,1.0
2336,3d580ffc3de95e49,True,1.0,1.0,0.8115332344299508,1.0,1.0,1.0,0.9214721810124796
2337,ff5c0e17d20351ca,True,1.0,1.0,0.9248463148882977,1.0,1.0,1.0,0.9686859645367907
2338,690f682660e358dc,True,1.0,1.0,1.0,1.0,1.0,1.0,1.0
2339,8569121235665be9,True,1.0,1.0,0.6393037636203328,1.0,1.0,1.0,0.849709901508472
2340,40508dfbe0f35d8e,True,1.0,1.0,0.8138774148425111,1.0,1.0,1.0,0.9224489228510463
2341,cecf3adea347569b,True,1.0,1.0,0.8477593033254753,1.0,1.0,1.0,0.9365663763856147
2342,fb1d534ccf82583f,True,1.0,1.0,0.7317995814372138,1.0,1.0,1.0,0.8882498255988391
2343,c95f17dbae835b51,True,1.0,1.0,0.6339634062335578,1.0,1.0,1.0,0.8474847525973157
2344,8d0a07b3cb955714,True,1.0,1.0,0.9157627150597812,1.0,1.0,1.0,0.9649011312749088
2345,e66b1160e38f5483,True,1.0,1.0,0.7667892844765087,1.0,1.0,1.0,0.9028288685318787
2346,5422a7cee0d35e47,True,1.0,1.0,0.6956656805663494,1.0,1.0,1.0,0.8731940335693121
2347,6bacccc5dd3652c3,True,1.0,1.0,0.6699108056638545,1.0,1.0,1.0,0.8624628356932726
2348,87eae54f57ea5690,True,1.0,1.0,0.7909642516587749,1.0,1.0,1.0,0.9129017715244895
2349,b2b801ee99c95758,True,1.0,1.0,0.7406564998803734,1.0,1.0,1.0,0.891940208283489
2350,b9d45c43c2fd5165,True,1.0,1.0,0.800831701009465,1.0,1.0,1.0,0.9170132087539438
2351,635d0bb58aa95282,True,1.0,1.0,0.8614536801627648,1.0,1.0,1.0,0.9422723667344853
2352,e102672eb1975e6f,True,1.0,1.0,1.0,1.0,1.0,1.0,1.0
2353,524ca5715b155976,True,1.0,1.0,1.0,1.0,1.0,1.0,1.0
2354,925e046dba2f525f,True,1.0,1.0,0.8159690983246114,1.0,1.0,1.0,0.9233204576352548
2355,645f5f6b94345fc3,True,1.0,1.0,0.7223666432237473,1.0,1.0,1.0,0.8843194346765614
2356,f3fd7b1cf6055ad5,True,1.0,1.0,0.7886569981478805,1.0,1.0,1.0,0.9119404158949501
2357,a82ce9edf79d56a6,True,1.0,1.0,0.8643264882905914,1.0,1.0,1.0,0.9434693701210798
2358,04a6f384cd2056c1,True,1.0,1.0,0.7495662543670931,1.0,1.0,1.0,0.8956526059862888
2359,d474e3bc97d253ee,True,1.0,1.0,1.0,1.0,1.0,1.0,1.0
2360,c44755b18af45385,True,1.0,1.0,1.0,1.0,1.0,1.0,1.0
2361,decd6b1dd7f65e1e,True,0.0,1.0,0.0,0.0,1.0,1.0,0.0
2362,3c462254687e5ef8,True,1.0,1.0,0.9288773713497466,1.0,1.0,1.0,0.9703655713957278
2363,ff44394af7265df3,True,1.0,1.0,0.6473234018229365,1.0,1.0,1.0,0.8530514174262235
2364,67077701cdd85c9d,True,1.0,1.0,0.5926761538945131,1.0,1.0,1.0,0.8302817307893804
2365,1bc6668f3dff5822,True,1.0,1.0,0.7824850149099357,1.0,1.0,1.0,0.9093687562124733
2366,838caf9ffb875248,True,1.0,1.0,0.7663308382978944,1.0,1.0,1.0,0.9026378492907893
2367,0b2bdcb48c3e561a,True,1.0,1.0,0.7711589076481176,1.0,1.0,1.0,0.9046495448533823
2368,08fcb3344bea538d,True,1.0,1.0,0.6272723168026659,1.0,1.0,1.0,0.8446967986677775
2369,1a5351601d8f52da,True,1.0,1.0,0.9464338576488595,1.0,1.0,1.0,0.977680774020358
2370,a28e9a19b6a05733,True,1.0,1.0,1.0,1.0,1.0,1.0,1.0
2371,0ee2bbd11d4451c3,True,1.0,1.0,1.0,1.0,1.0,1.0,1.0
2372,c83d1e0923295d5a,True,1.0,1.0,1.0,1.0,1.0,1.0,1.0
2373,c4f21fef5b86535b,True,1.0,1.0,1.0,1.0,1.0,1.0,1.0
2374,4738ed6a4f665c01,True,1.0,1.0,1.0,1.0,1.0,1.0,1.0
2375,b069ef19c0ba5887,True,1.0,1.0,0.6907529386552411,1.0,1.0,1.0,0.8711470577730172
2376,acc47057bb3d556d,True,1.0,1.0,1.0,1.0,1.0,1.0,1.0
2377,88b50c0011ba516b,True,1.0,1.0,0.7773281720687754,1.0,1.0,1.0,0.9072200716953231
2378,263ad35a0e975eda,True,1.0,1.0,0.7242519974711507,1.0,1.0,1.0,0.8851049989463128
2379,f8b10bcaa98a53e8,True,1.0,1.0,1.0,1.0,1.0,1.0,1.0
2380,deb63152bd9453e0,True,0.0,1.0,0.0,0.0,1.0,0.0,0.0
2381,62974364debd5463,True,1.0,1.0,0.7706086137697944,1.0,1.0,1.0,0.9044202557374144
2382,315ade412d0f5304,True,1.0,1.0,1.0,1.0,1.0,1.0,1.0
2383,d436fd792f365847,True,1.0,1.0,0.8594018342441444,1.0,1.0,1.0,0.9414174309350601
2384,81d6a870aab05080,True,1.0,1.0,0.9144550455632625,1.0,1.0,1.0,0.9643562689846927
2385,95ccb71300195f57,True,1.0,1.0,0.9288231881079078,1.0,1.0,0.0,0.9703429950449616
2386,7c7c063205ec5f3c,True,1.0,1.0,1.0,1.0,1.0,1.0,1.0
2387,0da11f45cc1b51ac,True,1.0,1.0,1.0,1.0,1.0,1.0,1.0
2388,f4495a91b9fb505d,True,1.0,1.0,0.6941109181232814,1.0,1.0,1.0,0.8725462158847006
2389,303948f28d5b52ab,True,1.0,1.0,0.7507044551243548,1.0,1.0,1.0,0.8961268563018145
2390,310ef687176e5160,True,1.0,1.0,1.0,1.0,1.0,1.0,1.0
2391,11568fab86df5183,True,1.0,0.0,0.0,1.0,1.0,1.0,0.0
2392,e3d7979e2cfb5441,True,1.0,1.0,1.0,1.0,1.0,1.0,1.0
2393,4bbfb5ec60205e63,True,1.0,1.0,1.0,1.0,1.0,1.0,1.0
2394,5f448f3d0f8c5e95,True,1.0,1.0,0.9376577031813204,1.0,1.0,1.0,0.9740240429922169
2395,98b3a0bf3cce5649,True,1.0,1.0,1.0,1.0,1.0,1.0,1.0
2396,d88fdf29aeed58f5,True,1.0,1.0,0.9591731969641601,1.0,1.0,1.0,0.9829888320684
2397,c617243cb58658eb,True,1.0,1.0,0.7776511856545459,1.0,1.0,1.0,0.9073546606893942
2398,37a2f90109f85bff,True,1.0,0.0,0.0,1.0,1.0,1.0,0.0
2399,5a2719c85ee9570c,True,1.0,1.0,0.6656075402147926,1.0,1.0,1.0,0.8606698084228303
2400,82ba424ca77e5a4a,True,1.0,1.0,0.6665567020696012,1.0,1.0,1.0,0.8610652925290004
2401,a9c15f8aabb65b09,True,1.0,1.0,0.745500814978347,1.0,1.0,1.0,0.8939586729076446
2402,dd149fc9cb395631,True,1.0,1.0,0.9268503460969606,1.0,1.0,1.0,0.9695209775404002
2403,3daa044b17795a85,True,1.0,1.0,1.0,1.0,1.0,1.0,1.0
2404,eae658a09ef152a9,True,1.0,1.0,0.9364249786056947,1.0,1.0,1.0,0.9735104077523727
2405,a3fe8c1981c45693,True,1.0,1.0,1.0,1.0,1.0,1.0,1.0
2406,1dae5903323e5214,True,1.0,1.0,1.0,1.0,1.0,1.0,1.0
2407,bdf4ea0b653c5677,True,1.0,0.0,0.0,1.0,1.0,1.0,0.0
2408,9678b0cccb565681,True,1.0,1.0,1.0,1.0,1.0,1.0,1.0
2409,f9c6e1eadcf45c37,True,1.0,1.0,1.0,1.0,1.0,1.0,1.0
2410,c841c36b56fb53f2,True,1.0,1.0,0.5702090756529408,1.0,1.0,1.0,0.8209204481887253
2411,2fd327a8eff250ba,True,1.0,1.0,1.0,1.0,1.0,1.0,1.0
2412,f48e825b763050bb,True,1.0,1.0,1.0,1.0,1.0,1.0,1.0
2413,b7620d238eaf5023,True,1.0,1.0,0.9384993064958569,1.0,1.0,1.0,0.9743747110399403
2414,873a21c038f45eef,True,1.0,1.0,1.0,1.0,1.0,1.0,1.0
2415,0f1d91e077d05381,True,1.0,1.0,1.0,1.0,1.0,1.0,1.0
2416,e50483d19a4b5489,True,1.0,1.0,0.982939559432048,1.0,1.0,1.0,0.9928914830966867
2417,4f359b56679c50ff,True,1.0,1.0,1.0,1.0,1.0,1.0,1.0
2418,fd765c984c93597f,True,1.0,1.0,1.0,1.0,1.0,1.0,1.0
2419,8ff412b66d24593c,True,1.0,1.0,1.0,1.0,1.0,1.0,1.0
2420,32e5d7e804c65214,True,1.0,1.0,0.774555353497803,1.0,1.0,1.0,0.9060647306240845
2421,485b59c15a7d5e8f,True,1.0,1.0,0.8763886794272724,1.0,1.0,1.0,0.9484952830946968
2422,879d4e4e0d2b5386,True,1.0,1.0,0.9673450284620893,1.0,1.0,1.0,0.9863937618592038
2423,23ad4e776c025531,True,1.0,1.0,0.9780220151172924,1.0,1.0,1.0,0.9908425062988718
2424,6b96870196f95d29,True,1.0,1.0,0.828491910625672,1.0,1.0,1.0,0.9285382960940299
2425,69b32d0447ac5c28,True,1.0,1.0,1.0,1.0,1.0,1.0,1.0
2426,bb870b710b7a53e8,True,1.0,1.0,1.0,1.0,1.0,1.0,1.0
2427,7c30e0debf0c532b,True,1.0,1.0,1.0,1.0,1.0,1.0,1.0
2428,dbcb1f2c3979500d,True,1.0,1.0,0.9484105406356143,1.0,1.0,1.0,0.978504391931506
2429,99889a4679b15509,True,1.0,1.0,1.0,1.0,1.0,1.0,1.0
2430,595909c413ac56dd,True,1.0,0.0,0.0,1.0,1.0,1.0,0.0
2431,0b3774b9729455e1,True,1.0,1.0,1.0,1.0,1.0,1.0,1.0
2432,1ed78a92956f5c5c,True,1.0,1.0,0.9116998089848565,1.0,1.0,1.0,0.9632082537436902
2433,1d58f582aa95543b,True,1.0,1.0,0.8244346173709843,1.0,1.0,1.0,0.9268477572379101
2434,4fb652e8a58f5623,True,1.0,1.0,1.0,1.0,1.0,1.0,1.0
2435,fd4c64e354f953bd,True,1.0,1.0,0.9064110955028202,1.0,1.0,1.0,0.9610046231261751
2436,76a07493339e5e81,True,1.0,1.0,1.0,1.0,1.0,1.0,1.0
2437,8e2d1588daa3536f,True,1.0,1.0,0.8861910086253011,1.0,1.0,1.0,0.9525795869272088
2438,062a9e3dd60955ce,True,1.0,1.0,0.753897190766911,1.0,1.0,1.0,0.8974571628195461
2439,2d2a1f08e4895258,True,1.0,1.0,1.0,1.0,1.0,1.0,1.0
2440,a5d23e7aa6265f80,True,1.0,1.0,0.8330302948628551,1.0,1.0,1.0,0.9304292895261895
2441,8ff8a3cf55355131,True,1.0,1.0,0.5446825399297001,1.0,1.0,1.0,0.8102843916373751
2442,a6d4b1f4870852a4,True,1.0,1.0,1.0,1.0,1.0,1.0,1.0
2443,09da6a53016b5333,True,1.0,1.0,1.0,1.0,1.0,1.0,1.0
2444,fcb4f430c99050b3,True,1.0,1.0,1.0,1.0,1.0,1.0,1.0
2445,b29689efa40f54e0,True,1.0,1.0,0.6386121272355039,1.0,1.0,1.0,0.8494217196814601
2446,f642f93db71f5dfb,True,1.0,1.0,1.0,1.0,1.0,1.0,1.0
2447,82e84851ea985ba8,True,1.0,1.0,0.8842793781487202,1.0,1.0,1.0,0.9517830742286334
2448,9f1b6ff3a4865c8a,True,1.0,1.0,1.0,1.0,1.0,1.0,1.0
2449,19efcf474dd85579,True,1.0,1.0,0.8847093393740294,1.0,1.0,1.0,0.9519622247391789
2450,030706565b1f552d,True,1.0,1.0,0.737692973344222,1.0,1.0,1.0,0.8907054055600926
2451,265a62af0b2954a5,True,1.0,1.0,0.46406688048846856,1.0,1.0,1.0,0.7766945335368619
2452,04fbbb5817255f30,True,0.0,1.0,0.0,0.0,1.0,1.0,0.0
2453,61b108df4a5f53fb,True,1.0,1.0,0.9476527125017503,1.0,1.0,1.0,0.9781886302090627
2454,de3ea1d3c1e0588a,True,0.0,1.0,0.0,0.0,1.0,1.0,0.0
2455,1c9f36db867b50bf,True,1.0,1.0,0.788734463559659,1.0,1.0,1.0,0.911972693149858
2456,5ee6495d99475e62,True,1.0,1.0,0.7298841211751081,1.0,1.0,1.0,0.8874517171562951
2457,ef72c411731f5e79,True,1.0,1.0,0.6005739102565671,1.0,1.0,1.0,0.8335724626069029
2458,9a95d2419f1e592a,True,1.0,1.0,0.9421256766204106,1.0,1.0,1.0,0.9758856985918377
2459,3038555c47555d08,True,1.0,1.0,0.8764289238384192,1.0,1.0,1.0,0.9485120515993414
2460,c24424805c075539,True,1.0,1.0,1.0,1.0,1.0,1.0,1.0
2461,61a9157ac995542c,True,1.0,1.0,1.0,1.0,1.0,1.0,1.0
2462,a9f639a57ac75fa5,True,1.0,1.0,0.7229442372504916,1.0,1.0,1.0,0.8845600988543715
2463,f308a472f26056a7,True,1.0,1.0,0.7495833785680651,1.0,1.0,1.0,0.8956597410700272
2464,f140d31943145068,True,1.0,0.0,0.0,1.0,1.0,1.0,0.0
2465,4d3807c5fd5d573f,True,1.0,1.0,0.9205423761829199,1.0,1.0,1.0,0.9668926567428833
2466,e7cfffa4e8dd53a8,True,1.0,0.0,0.0,0.0,1.0,1.0,0.0
2467,14d53eb06a7d582a,True,1.0,1.0,1.0,1.0,1.0,1.0,1.0
2468,78754f4862d65445,True,1.0,1.0,0.8154375906759762,1.0,1.0,1.0,0.92309899611499
2469,458e833803315b4f,True,1.0,1.0,0.5062632642265733,1.0,1.0,1.0,0.7942763600944055
2470,38fb216f0cc35ecc,True,1.0,1.0,0.9598927616142428,1.0,1.0,1.0,0.9832886506726011
2471,8799520f3ff95bfc,True,1.0,1.0,0.955612758415797,1.0,1.0,1.0,0.9815053160065821
2472,574b305b50435885,True,1.0,1.0,1.0,1.0,1.0,1.0,1.0
2473,7b095ec7e3f95c4a,True,1.0,1.0,1.0,1.0,1.0,1.0,1.0
2474,69d2af69b1b75698,True,1.0,1.0,1.0,1.0,1.0,1.0,1.0
2475,ab2d918fa2e2543d,True,1.0,1.0,0.9414073414115817,1.0,1.0,1.0,0.9755863922548258
2476,86f148317f03504b,True,1.0,1.0,0.7769604418494083,1.0,1.0,1.0,0.9070668507705868
2477,bdbf1319d21c5cab,True,1.0,1.0,1.0,1.0,1.0,1.0,1.0
2478,34f2427ba79a587b,True,1.0,1.0,0.8781493571271952,1.0,1.0,1.0,0.949228898802998
2479,c8df3a922f9d5550,True,1.0,1.0,1.0,1.0,1.0,1.0,1.0
2480,4c5501833dfd5bb4,True,1.0,1.0,0.6136466094158763,1.0,1.0,1.0,0.8390194205899485
2481,3187a6d159fb51d8,True,1.0,1.0,1.0,1.0,1.0,1.0,1.0
2482,7df1cd3745675ca9,True,1.0,1.0,0.9029757042675256,1.0,1.0,1.0,0.959573210111469
2483,6347504b632c5be1,True,1.0,1.0,0.5455993314867165,1.0,1.0,1.0,0.8106663881194652
2484,899ed9ca42d750c6,True,1.0,1.0,1.0,1.0,1.0,1.0,1.0
2485,00ff8eeb53cc598b,True,1.0,0.0,0.0,1.0,1.0,1.0,0.0
2486,6545ddda66325e39,True,1.0,1.0,1.0,1.0,1.0,1.0,1.0
2487,10b19bf49b67574f,True,1.0,1.0,0.8218987865716644,1.0,1.0,1.0,0.9257911610715267
2488,8451437af5ba59ea,True,1.0,1.0,0.7777297459438968,1.0,1.0,1.0,0.9073873941432904
2489,2957826433915ff9,True,1.0,0.0,0.0,1.0,1.0,1.0,0.0
2490,25f4a620bd5f51cc,True,1.0,1.0,0.6614579108648255,1.0,1.0,1.0,0.8589407961936774
2491,54229e2cb94b5adb,True,1.0,1.0,0.674257763919331,1.0,1.0,1.0,0.8642740682997213
2492,e0545b6d2b755ea9,True,1.0,1.0,0.7950869908421676,1.0,1.0,1.0,0.9146195795175699
2493,dea63e35e7545f27,True,1.0,1.0,0.7857892501966048,1.0,1.0,1.0,0.9107455209152521
2494,5876e4def8615813,True,1.0,1.0,0.8523994689793627,1.0,1.0,1.0,0.938499778741401
2495,ca4686a3d8a55f9f,True,1.0,1.0,0.8897926596046849,1.0,1.0,1.0,0.9540802748352855
2496,333a4f8a12dc564d,True,1.0,1.0,0.66334790759194,1.0,1.0,1.0,0.859728294829975
2497,e826fc97761759f9,True,1.0,1.0,1.0,1.0,1.0,1.0,1.0
2498,a59aff81f75759ff,True,1.0,1.0,1.0,1.0,1.0,1.0,1.0
2499,c69d4cbd79ea52a0,True,1.0,1.0,1.0,1.0,1.0,1.0,1.0
2500,0bab0d24762a596d,True,1.0,0.0,0.0,0.0,1.0,1.0,0.0
2501,f3462625913a59c2,True,1.0,1.0,0.5939866894937379,1.0,1.0,1.0,0.8308277872890574
2502,a29d602c497c532d,True,1.0,1.0,0.7410973000076939,1.0,1.0,1.0,0.8921238750032058
2503,70645140f08352ca,True,1.0,1.0,0.9549882718620558,1.0,1.0,1.0,0.9812451132758566
2504,4b9402651fd85547,True,1.0,1.0,0.7188702261967329,1.0,1.0,1.0,0.8828625942486387
2505,5e4da70ec09f5282,True,1.0,1.0,0.4895483265465552,1.0,1.0,1.0,0.7873118027277313
2506,fa23f65e1638570e,True,1.0,1.0,0.816240419147038,1.0,1.0,1.0,0.9234335079779324
2507,662cb541b8db54a1,True,1.0,1.0,0.7619602845192197,1.0,1.0,1.0,0.9008167852163416
2508,fb44fa6567a65ad0,True,1.0,1.0,0.963965639340893,1.0,1.0,1.0,0.9849856830587053
2509,c1686b2e1a4e5149,True,1.0,1.0,0.7700704365045627,1.0,1.0,1.0,0.9041960152102345
2510,c60be3c852c55da2,True,1.0,1.0,1.0,1.0,1.0,1.0,1.0
2511,af8dc1b01446555a,True,1.0,1.0,0.990146602806477,1.0,1.0,1.0,0.9958944178360322
2512,152a3fbb37155fa0,True,1.0,1.0,0.8449289077343913,1.0,1.0,1.0,0.9353870448893297
2513,54a295777c3a5d46,True,1.0,1.0,0.6569410629908488,1.0,1.0,1.0,0.8570587762461871
2514,6a9d9f877efb51e3,True,1.0,1.0,0.5814717125244766,1.0,1.0,1.0,0.8256132135518652
2515,56acc09e62b45e21,True,1.0,1.0,0.6011860876948869,1.0,1.0,1.0,0.8338275365395362
2516,093362cabde15b52,True,1.0,1.0,0.8292291547359134,1.0,1.0,1.0,0.9288454811399639
2517,fe703fbf263151f2,True,1.0,1.0,1.0,1.0,1.0,1.0,1.0
2518,720963308f01575e,True,1.0,1.0,1.0,1.0,1.0,1.0,1.0
2519,507a3844cf3051de,True,1.0,1.0,0.7265307976740064,1.0,1.0,1.0,0.886054499030836
2520,e3c90a2ce83f5d9f,True,1.0,1.0,0.6448001206761999,1.0,1.0,1.0,0.8520000502817499
2521,08c2b3b529de59d4,True,1.0,1.0,0.7844873075918616,1.0,1.0,1.0,0.9102030448299424
2522,38b01bebf6df5fb8,True,1.0,1.0,0.5557694370349157,1.0,1.0,1.0,0.8149039320978816
2523,6e738f032ad75169,True,1.0,1.0,0.8117560616997256,1.0,1.0,1.0,0.921565025708219
2524,f636a93caad2585f,True,1.0,1.0,0.7935293291187565,1.0,1.0,1.0,0.9139705537994819
2525,4143d1c692f95b56,True,1.0,1.0,0.8873194197197318,1.0,1.0,1.0,0.9530497582165549
2526,dd25fc02c23c537b,True,1.0,1.0,1.0,1.0,1.0,1.0,1.0
2527,9dff2b84ff305fff,True,1.0,1.0,0.9341733802414067,1.0,1.0,1.0,0.9725722417672529
2528,4b4a268bee4c5ab5,True,1.0,1.0,1.0,1.0,1.0,1.0,1.0
2529,0156027594b85857,True,1.0,1.0,0.9251421950064858,1.0,1.0,1.0,0.9688092479193692
2530,611145a947d95451,True,1.0,1.0,0.9181311841609489,1.0,1.0,1.0,0.9658879934003953
2531,54d86279a0015154,True,1.0,1.0,1.0,1.0,1.0,1.0,1.0
2532,bf0fa6fe20b5587f,True,1.0,1.0,1.0,1.0,1.0,1.0,1.0
2533,01fa845276f857c5,True,1.0,1.0,0.8220344165712286,1.0,1.0,1.0,0.9258476735713451
2534,7398c63b60075187,True,1.0,1.0,1.0,1.0,1.0,1.0,1.0
2535,60c5f18db58c54da,True,1.0,1.0,0.8727659897732171,1.0,1.0,1.0,0.9469858290721738
2536,85406e57732a5121,True,1.0,1.0,0.9333006718381054,1.0,1.0,1.0,0.9722086132658773
2537,fe74f3d6f5ea5283,True,1.0,1.0,0.7665627627267324,1.0,1.0,1.0,0.9027344844694718
2538,10fcb2c79add5558,True,1.0,1.0,0.5992586342690637,1.0,1.0,1.0,0.8330244309454432
2539,635faea61539589a,True,1.0,1.0,0.9536605930381895,1.0,1.0,1.0,0.9806919137659124
2540,212c67511de75043,True,1.0,1.0,1.0,1.0,1.0,1.0,1.0
2541,852255373f315fb6,True,1.0,1.0,0.9044974964029271,1.0,1.0,1.0,0.9602072901678863
2542,e22fe7366ecd5c70,True,0.0,1.0,0.0,0.0,1.0,1.0,0.0
2543,b4dbd03935ce53fa,True,1.0,1.0,0.8711789999597084,1.0,1.0,1.0,0.9463245833165451
2544,c15774bfb6655d18,True,1.0,1.0,0.9421581315439634,1.0,1.0,1.0,0.9758992214766514
2545,2c67391395c65d6a,True,1.0,1.0,1.0,1.0,1.0,1.0,1.0
2546,2ea6bdf1e8905fd8,True,1.0,1.0,0.8763793023194455,1.0,1.0,1.0,0.9484913759664356
2547,59ea5c8c067e57e7,True,1.0,0.0,0.0,1.0,1.0,1.0,0.0
2548,39d78cc469d65bf8,True,1.0,1.0,0.8844322410570382,1.0,1.0,1.0,0.9518467671070993
2549,6451d6a270c75f58,True,1.0,1.0,1.0,1.0,1.0,1.0,1.0
2550,fc1785d55b675c6c,True,1.0,1.0,0.7216368542462795,1.0,1.0,1.0,0.8840153559359498
2551,c5ec810bb3625418,True,1.0,0.0,0.0,1.0,1.0,1.0,0.0
2552,a5ddad9bbb505316,True,1.0,1.0,0.7837626023402505,1.0,1.0,1.0,0.9099010843084377
2553,3a5278b27c87565f,True,1.0,1.0,1.0,1.0,1.0,1.0,1.0
2554,69a3d7249bc85849,True,1.0,1.0,0.8306530220492914,1.0,1.0,1.0,0.9294387591872048
2555,d2e124f077ee53cb,True,1.0,1.0,1.0,1.0,1.0,1.0,1.0
2556,b91aab23acc957c5,True,1.0,1.0,0.6523948243801946,1.0,1.0,1.0,0.8551645101584144
2557,542d8c3b05145bbe,True,1.0,1.0,0.8575599674561424,1.0,1.0,1.0,0.9406499864400594
2558,52fb49766a14554c,True,1.0,1.0,1.0,1.0,1.0,1.0,1.0
2559,086e0f2ff2c45bb3,True,1.0,1.0,1.0,1.0,1.0,1.0,1.0
2560,5f8d8f88750f57b7,True,1.0,1.0,0.8837344763636652,1.0,1.0,1.0,0.9515560318181938
2561,5102468ad3745c60,True,1.0,1.0,0.719537173949481,1.0,1.0,1.0,0.883140489145617
2562,9d7b9273d56f5d02,True,1.0,1.0,1.0,1.0,1.0,1.0,1.0
2563,952dbeff58945400,True,1.0,1.0,1.0,1.0,1.0,1.0,1.0
2564,5a3ac99dc74c57ea,True,1.0,1.0,0.7858244036388606,1.0,1.0,1.0,0.9107601681828585
2565,f87414e8321c5fa7,True,1.0,1.0,1.0,1.0,1.0,1.0,1.0
2566,fefc295622155532,True,1.0,1.0,0.6239504878150725,1.0,1.0,1.0,0.8433127032562803
2567,ccb49e301e40523f,True,1.0,1.0,0.9109328892618295,1.0,1.0,1.0,0.9628887038590955
2568,5e48f684248053bd,True,1.0,1.0,1.0,1.0,1.0,1.0,1.0
2569,42c1346e9b585c5b,True,1.0,1.0,0.8767001991322815,1.0,1.0,1.0,0.9486250829717839
2570,a3882e6ae8635832,True,1.0,1.0,0.6478597715168941,1.0,1.0,1.0,0.8532749047987059
2571,29c5f96fb4e95d3a,True,1.0,0.0,0.0,1.0,1.0,1.0,0.0
2572,55de917b2f545939,True,1.0,1.0,0.8608546788948067,1.0,1.0,1.0,0.9420227828728361
2573,9c0cc184e0895e70,True,1.0,1.0,0.6914261817672764,1.0,1.0,1.0,0.8714275757363653
2574,7b429e3d4ad159a2,True,1.0,1.0,1.0,1.0,1.0,1.0,1.0
2575,2576105926375ce7,True,1.0,1.0,0.8485248358684765,1.0,1.0,1.0,0.9368853482785319
2576,b46f5915049e52a5,True,1.0,1.0,0.8590684315861162,1.0,1.0,1.0,0.9412785131608817
2577,0045af58281456a0,True,1.0,1.0,0.606690457171313,1.0,1.0,1.0,0.8361210238213804
2578,531415bb29245095,True,1.0,1.0,1.0,1.0,1.0,1.0,1.0
2579,a6c229d05cdb5016,True,1.0,1.0,1.0,1.0,1.0,1.0,1.0
2580,9502cdbb06dd516f,True,1.0,1.0,1.0,1.0,1.0,1.0,1.0
2581,9135a6d270475c7f,True,1.0,1.0,0.6451855613088252,1.0,1.0,1.0,0.8521606505453438
2582,67debdeae60b5fa4,True,1.0,1.0,0.7760468351855215,1.0,1.0,1.0,0.9066861813273007
2583,253ec4fb977d52d6,True,1.0,0.0,0.0,1.0,1.0,1.0,0.0
2584,93ed1cf3d95a5dab,True,1.0,1.0,1.0,1.0,1.0,1.0,1.0
2585,54a706251c0558d2,True,1.0,0.0,0.0,1.0,1.0,1.0,0.0
2586,8b5dd405c14c5249,True,1.0,1.0,1.0,1.0,1.0,1.0,1.0
2587,d8af5ee176db5d89,True,1.0,1.0,0.830714688293823,1.0,1.0,1.0,0.9294644534557596
2588,1351ae1e0afb5c16,True,1.0,1.0,0.9435314151679327,1.0,1.0,1.0,0.9764714229866387
2589,72c898c5c6a45939,True,1.0,1.0,0.9439454524005559,1.0,1.0,1.0,0.9766439385002316
2590,7767ce3fbd5f5f50,True,1.0,1.0,0.9873449915061069,1.0,1.0,1.0,0.9947270797942113
2591,657ea52878935352,True,1.0,1.0,0.7597672165241433,1.0,1.0,1.0,0.8999030068850598
2592,ab8d6b4c8b20564b,True,1.0,1.0,1.0,1.0,1.0,0.0,1.0
2593,c91c301500e95244,True,1.0,1.0,1.0,1.0,1.0,1.0,1.0
2594,fac5b39e58445a31,True,1.0,1.0,1.0,1.0,1.0,1.0,1.0
2595,f1f233f26fcf590b,True,1.0,1.0,1.0,1.0,1.0,1.0,1.0
2596,2ad04beca6e65771,True,1.0,1.0,0.9061189169222282,1.0,1.0,1.0,0.9608828820509284
2597,0d5496cc08dc50fe,True,1.0,1.0,1.0,1.0,1.0,1.0,1.0
2598,e34c3d18bc405ace,True,1.0,1.0,1.0,1.0,1.0,1.0,1.0
2599,563aa14962ba55f4,True,1.0,1.0,0.9363390586148935,1.0,1.0,1.0,0.9734746077562056
2600,8f82805b2edb5a25,True,1.0,1.0,0.7061100696834625,1.0,1.0,1.0,0.8775458623681094
2601,bb25cbb49f9157ae,True,1.0,1.0,1.0,1.0,1.0,1.0,1.0
2602,d409347e88455122,True,1.0,1.0,0.7423714562764091,1.0,1.0,1.0,0.8926547734485037
2603,b393ab92c8ac5e77,True,1.0,1.0,0.8763761706778467,0.0,1.0,1.0,0.5318234044491028
2604,ea34282dc63d5a9a,True,1.0,1.0,0.7146404152566939,1.0,1.0,1.0,0.8811001730236224
2605,7e8979818a51520e,True,1.0,1.0,0.9198162763023481,1.0,1.0,1.0,0.9665901151259785
2606,3721b675d426567c,True,1.0,1.0,1.0,1.0,1.0,1.0,1.0
2607,f23073987e7956e3,True,1.0,1.0,1.0,1.0,1.0,1.0,1.0
2608,f381809a5ec053f3,True,1.0,1.0,1.0,1.0,1.0,1.0,1.0
2609,8439357bbb005600,True,1.0,1.0,0.743760649351357,1.0,1.0,1.0,0.8932336038963987
2610,dcf6caabbee354f7,True,1.0,1.0,0.8264462141367012,1.0,1.0,1.0,0.9276859225569588
2611,e052a41759445a28,True,1.0,1.0,0.5773257468020118,1.0,1.0,1.0,0.8238857278341717
2612,69baa41122b45e43,True,1.0,1.0,0.8276110884945593,1.0,1.0,1.0,0.9281712868727331
2613,81161847b27b5bad,True,1.0,1.0,0.7811579363024915,1.0,1.0,1.0,0.9088158067927048
2614,da765dd341585db9,True,1.0,1.0,0.777243710583643,1.0,1.0,1.0,0.9071848794098513
2615,747a1e62def55db5,True,1.0,1.0,0.845764579965016,1.0,1.0,1.0,0.93573524165209
2616,e6dde7de045154c3,True,1.0,1.0,1.0,1.0,1.0,1.0,1.0
2617,0f49301527005b0e,True,1.0,1.0,0.6106781211322125,1.0,1.0,1.0,0.8377825504717552
2618,534587f0abca573b,True,1.0,1.0,0.9949792649226644,1.0,1.0,1.0,0.9979080270511101
2619,a984f0459c1055d5,True,1.0,1.0,0.8301917386824399,1.0,1.0,1.0,0.92924655778435
2620,e59da7b4970654fd,True,1.0,1.0,0.7839406718223938,1.0,1.0,1.0,0.9099752799259974
2621,e6dae41a69575555,True,1.0,1.0,0.7472467411748855,1.0,1.0,1.0,0.8946861421562023
2622,ab8f5b7368a45a6d,True,1.0,0.0,0.0,1.0,1.0,1.0,0.0
2623,ee80a7cf312253e2,True,1.0,1.0,0.5595877727682987,1.0,1.0,1.0,0.8164949053201246
2624,95c73c4a8d775324,True,1.0,1.0,1.0,1.0,1.0,1.0,1.0
2625,4421e25bf73a553b,True,1.0,0.0,0.0,1.0,1.0,1.0,0.0
2626,3a29d6bc75a557f1,True,1.0,1.0,1.0,1.0,1.0,1.0,1.0
2627,7eff17574e8d53d2,True,1.0,1.0,0.9662729248193119,1.0,1.0,1.0,0.9859470520080467
2628,9fb619b502495ffc,True,1.0,1.0,0.9381589252647746,1.0,1.0,1.0,0.9742328855269894
2629,97529137af275136,True,1.0,1.0,0.8931788460041375,1.0,1.0,1.0,0.9554911858350573
2630,4c775cb227b0519d,True,1.0,1.0,0.781634179778071,1.0,1.0,1.0,0.9090142415741962
2631,484bac10bd295459,True,1.0,1.0,0.8997802439893036,1.0,1.0,1.0,0.9582417683288765
2632,59bb570b4290572d,True,1.0,1.0,0.9304311515361109,1.0,1.0,1.0,0.9710129798067128
2633,a807cfefb041572b,True,1.0,1.0,1.0,1.0,1.0,1.0,1.0
2634,eb9fd90de700597b,True,1.0,1.0,0.9626833005838167,1.0,1.0,1.0,0.9844513752432569
2635,29af925fc44b5380,True,1.0,1.0,0.9212983143025966,1.0,1.0,1.0,0.9672076309594152
2636,9e2fa21e8eac5c11,True,1.0,1.0,0.7827538613036042,1.0,1.0,1.0,0.9094807755431683
2637,262af71b5e0c5108,True,1.0,1.0,0.9003254523038615,1.0,1.0,1.0,0.9584689384599422
2638,e6dc564e1a3a588e,True,1.0,1.0,0.771563545456406,1.0,1.0,1.0,0.9048181439401691
2639,9a2c4c75f3785517,True,1.0,1.0,0.5834754814663345,1.0,1.0,1.0,0.8264481172776393
2640,597a23643be958dc,True,1.0,1.0,0.7386431735973598,1.0,1.0,1.0,0.8911013223322333
2641,36f71d88df925b39,True,1.0,1.0,1.0,1.0,1.0,1.0,1.0
2642,87a4e023d9315796,True,1.0,1.0,1.0,1.0,1.0,1.0,1.0
2643,1da6196444e35b0f,True,1.0,0.0,0.0,1.0,1.0,1.0,0.0
2644,a4c23fa815945fe3,True,1.0,1.0,0.8820484014842974,1.0,1.0,1.0,0.9508535006184573
2645,a152c8cad6625d6a,True,1.0,1.0,0.9578051591256027,1.0,1.0,1.0,0.9824188163023345
2646,bfcbb192c11b5736,True,1.0,1.0,1.0,1.0,1.0,1.0,1.0
2647,ab4401719a355a62,True,1.0,0.0,0.0,1.0,1.0,1.0,0.0
2648,4ba033878f8b5284,True,1.0,1.0,0.8754447792052705,1.0,1.0,1.0,0.9481019913355294
2649,390d9e3b03a15695,True,1.0,1.0,0.876228795620246,1.0,1.0,1.0,0.9484286648417691
2650,3bc729311a8a5d48,True,1.0,1.0,0.753852639206663,1.0,1.0,1.0,0.8974385996694428
2651,7155820d49975164,True,1.0,1.0,0.885969847458506,1.0,1.0,1.0,0.9524874364410442
2652,0e60a3a86ce2570d,True,1.0,1.0,0.5536334698893571,1.0,1.0,1.0,0.8140139457872322
2653,fbe67126a4285628,True,1.0,1.0,1.0,1.0,1.0,1.0,1.0
2654,8b90b26a4deb5019,True,1.0,1.0,1.0,1.0,1.0,1.0,1.0
2655,460110d5a345522d,True,1.0,1.0,1.0,1.0,1.0,1.0,1.0
2656,23514d24647a52a3,True,1.0,1.0,0.7221284152004619,1.0,1.0,1.0,0.8842201730001925
2657,50628427853659fc,True,1.0,1.0,0.7416567504308164,1.0,1.0,1.0,0.8923569793461734
2658,88207b881eb5573c,True,1.0,1.0,1.0,1.0,1.0,1.0,1.0
2659,0fedf81df2db5b96,True,1.0,1.0,0.7723633626106025,1.0,1.0,1.0,0.905151401087751
2660,a89c8c3249975dc9,True,1.0,1.0,0.8838896472235368,1.0,1.0,1.0,0.9516206863431403
2661,458fa5236b795941,True,1.0,1.0,0.9497956531341476,1.0,1.0,1.0,0.9790815221392282
2662,4bb2fc18f5ee5dcb,True,1.0,1.0,0.8019640730113593,1.0,1.0,1.0,0.9174850304213997
2663,4655358777d95867,True,1.0,0.0,0.0,1.0,1.0,1.0,0.0
2664,c6d6faaea8915ef2,True,1.0,1.0,0.9338867513176611,1.0,1.0,1.0,0.9724528130490254
2665,df92aab39a395584,True,1.0,1.0,1.0,1.0,1.0,1.0,1.0
2666,5c4c3448f7a1517f,True,1.0,1.0,1.0,1.0,1.0,0.0,1.0
2667,6fcec1c4552351ed,True,1.0,1.0,0.6670198091883912,1.0,1.0,1.0,0.8612582538284963
2668,0e15e43a4c725f49,True,1.0,1.0,1.0,1.0,1.0,1.0,1.0
2669,d5ff634ca2dd5801,True,1.0,1.0,1.0,1.0,1.0,1.0,1.0
2670,1f7588f60e8d5ff2,True,1.0,1.0,0.7621945778983238,1.0,1.0,1.0,0.900914407457635
2671,1cff7a7ece6851c4,True,1.0,1.0,0.7445178969869214,1.0,1.0,1.0,0.8935491237445506
2672,4c83b81ddcc757b1,True,1.0,1.0,0.8810940366342579,1.0,1.0,1.0,0.9504558485976075
2673,c53ae2fe6cc751e7,True,1.0,1.0,0.9057753612537542,1.0,1.0,1.0,0.960739733855731
2674,e0307c8f17145414,True,1.0,1.0,0.5760993458278627,1.0,1.0,1.0,0.8233747274282761
2675,eb15f0d956eb5ac4,True,1.0,1.0,0.8917831405403112,1.0,1.0,1.0,0.9549096418917964
2676,a780d35138495c38,True,1.0,1.0,1.0,1.0,1.0,1.0,1.0
2677,378d79a6bf715912,True,1.0,1.0,0.8550195368938813,1.0,1.0,1.0,0.9395914737057839
2678,e1ca840974745c96,True,1.0,1.0,0.6740680702805215,1.0,1.0,1.0,0.8641950292835506
2679,626859d4351b5ffe,True,1.0,1.0,0.8931310711632234,1.0,1.0,1.0,0.9554712796513432
2680,debd166df3a85845,True,1.0,1.0,0.9223123609338018,1.0,1.0,1.0,0.9676301503890841
2681,936037f7683c50e8,True,1.0,1.0,0.854049353543445,1.0,1.0,1.0,0.9391872306431021
2682,fd02cd78f5b55d6f,True,1.0,1.0,0.5568967653392667,1.0,1.0,1.0,0.8153736522246945
2683,9d626ce291e85889,True,1.0,1.0,1.0,1.0,1.0,1.0,1.0
2684,d47d27f1cfb65061,True,1.0,1.0,0.7799569357615744,1.0,1.0,1.0,0.9083153899006561
2685,0481cf2b75f1532f,True,1.0,1.0,1.0,1.0,1.0,0.0,1.0
2686,255caf4a6fb2584a,True,1.0,1.0,0.6631081009925828,1.0,1.0,1.0,0.8596283754135762
2687,111485c5e6f458a9,True,1.0,1.0,1.0,1.0,1.0,1.0,1.0
2688,97181536d6be5368,True,1.0,1.0,0.7033684114409695,1.0,1.0,0.5,0.8764035047670706
2689,c8507cfbe8575463,True,1.0,1.0,0.5623420103101007,1.0,1.0,1.0,0.8176425042958751
2690,37a8f4466b8b5110,True,1.0,1.0,0.7244237418032881,1.0,1.0,1.0,0.8851765590847034
2691,f4991b521fa15f17,True,1.0,1.0,1.0,1.0,1.0,1.0,1.0
2692,23ee145aa4de582b,True,1.0,1.0,1.0,1.0,1.0,1.0,1.0
2693,b52b4358ca335eb9,True,1.0,1.0,0.6406256342479038,1.0,1.0,1.0,0.8502606809366267
2694,4757ef31c4975240,True,1.0,1.0,1.0,1.0,1.0,1.0,1.0
2695,cd6e2fc752755753,True,1.0,1.0,1.0,1.0,1.0,1.0,1.0
2696,bed45577041051b8,True,1.0,1.0,0.8189315894521301,1.0,1.0,1.0,0.9245548289383875
2697,9b7eb62d80db55e7,True,1.0,1.0,1.0,1.0,1.0,1.0,1.0
2698,1d0c8aa56b6350bf,True,1.0,1.0,1.0,1.0,1.0,1.0,1.0
2699,dce197f508425f2b,True,1.0,1.0,1.0,1.0,1.0,1.0,1.0
2700,caa0f73288d75ba7,True,1.0,0.0,0.0,1.0,1.0,1.0,0.0
2701,fb2daf8a925a5ff2,True,1.0,1.0,0.6452885844297349,1.0,1.0,1.0,0.8522035768457229
2702,75b312bbd4e25c17,True,1.0,1.0,1.0,1.0,1.0,1.0,1.0
2703,1bb7bab27d1552f5,True,1.0,1.0,1.0,1.0,1.0,1.0,1.0
2704,e62eeef3ef7055b9,True,1.0,1.0,0.6210335767709564,1.0,1.0,1.0,0.8420973236545652
2705,d142ab856b7653df,True,1.0,1.0,0.8163995101286012,1.0,1.0,1.0,0.9234997958869172
2706,152449b7967c541d,True,1.0,1.0,0.7442660533917901,1.0,1.0,1.0,0.893444188913246
2707,013456829c0050ce,True,1.0,1.0,1.0,1.0,1.0,1.0,1.0
2708,0613d88c01b453c9,True,1.0,1.0,1.0,1.0,1.0,1.0,1.0
2709,0d0972c70bd955cc,True,1.0,1.0,0.8247508626391227,1.0,1.0,1.0,0.9269795260996344
2710,2f6b9bbb16cb59ba,True,1.0,1.0,0.9553063026513239,1.0,1.0,1.0,0.9813776261047183
2711,3813108829ab54c2,True,1.0,1.0,0.7650721130346517,1.0,1.0,1.0,0.9021133804311049
2712,fb26a29303d1507e,True,1.0,1.0,0.5345168220751854,1.0,1.0,1.0,0.8060486758646604
2713,4e5b53cea7145f00,True,1.0,1.0,0.9295299464252442,1.0,1.0,1.0,0.9706374776771852
2714,019eaadd84cb56f8,True,1.0,1.0,1.0,1.0,1.0,1.0,1.0
2715,7fc1ce68acb7562c,True,1.0,1.0,0.7298205870725807,1.0,1.0,1.0,0.8874252446135754
2716,7d923c664b7b5dae,True,1.0,1.0,0.678082702452877,1.0,1.0,1.0,0.8658677926886987
2717,03c2e332abb25034,True,1.0,1.0,1.0,1.0,1.0,1.0,1.0
2718,56e1329f01d95164,True,1.0,1.0,0.9246151757427536,1.0,1.0,1.0,0.9685896565594807
2719,5dc491914c6a595f,True,1.0,1.0,0.9136835566353836,1.0,1.0,1.0,0.9640348152647432
2720,6b4ae810d2195d79,True,1.0,1.0,1.0,1.0,1.0,1.0,1.0
2721,ebb383e16f7c5121,True,1.0,1.0,1.0,1.0,1.0,1.0,1.0
2722,50702dbe2f785ae5,True,1.0,1.0,0.6614740555544428,1.0,1.0,1.0,0.8589475231476845
2723,84e5eb12cb6e54a6,True,1.0,1.0,0.898195959240264,1.0,1.0,0.5,0.9575816496834433
2724,7abf60c1594953cf,True,1.0,1.0,0.9524836277514608,1.0,1.0,1.0,0.9802015115631088
2725,b58f2b3b894a58bb,True,1.0,1.0,0.9556848440419213,1.0,1.0,1.0,0.9815353516841339
2726,1f29aa63bc64550d,True,1.0,1.0,0.8265997008971518,1.0,1.0,1.0,0.9277498753738133
2727,99e4c28a82735b10,True,1.0,1.0,0.5917472209794469,1.0,1.0,1.0,0.8298946754081028
2728,7508fad57cde547d,True,1.0,1.0,1.0,1.0,1.0,1.0,1.0
2729,06ea285b61b55a54,True,1.0,1.0,0.973567092770125,1.0,1.0,1.0,0.9889862886542188
2730,d33a0db0dd335837,True,1.0,1.0,0.7772810395344227,1.0,1.0,1.0,0.9072004331393427
2731,ca8b5c5ed914507c,True,1.0,0.0,0.0,1.0,1.0,1.0,0.0
2732,54b907a5a03b51ef,True,1.0,1.0,0.8668970982710394,1.0,1.0,1.0,0.9445404576129331
2733,67b05cf704325e6b,True,1.0,0.0,0.0,1.0,1.0,1.0,0.0
2734,57139af318a45873,True,1.0,1.0,1.0,1.0,1.0,1.0,1.0
2735,ff94ab2c81a25745,True,1.0,1.0,0.8380570521255416,1.0,1.0,1.0,0.9325237717189756
2736,ce8cc7a247f651be,True,1.0,1.0,1.0,1.0,1.0,1.0,1.0
2737,0ebb578555b25ab2,True,1.0,1.0,0.8858167393012155,1.0,1.0,1.0,0.9524236413755065
2738,d4c431871c755ba3,True,1.0,1.0,0.9579581237055135,1.0,1.0,1.0,0.9824825515439639
2739,bcea19eeb57f5cfa,True,1.0,1.0,0.7322037252466561,1.0,1.0,1.0,0.8884182188527734
2740,f14e7ed78b5d55b4,True,1.0,1.0,0.7943671429229784,1.0,1.0,1.0,0.9143196428845743
2741,32837dd54e375ca0,True,1.0,1.0,0.956149988017157,1.0,1.0,1.0,0.9817291616738154
2742,04c8cad554925432,True,1.0,1.0,0.8199710319092898,1.0,1.0,1.0,0.924987929962204
2743,6b895016e28d513c,True,1.0,1.0,1.0,1.0,1.0,1.0,1.0
2744,1347c91c511a5918,True,1.0,1.0,0.8823507627483463,1.0,1.0,1.0,0.9509794844784777
2745,a09e4156f577568a,True,1.0,1.0,1.0,1.0,1.0,1.0,1.0
2746,f5d9b1df3fef57ec,True,1.0,1.0,1.0,1.0,1.0,1.0,1.0
2747,913212df2a415e44,True,1.0,1.0,0.8513608265575507,1.0,1.0,1.0,0.938067011065646
2748,a26ee25cd4995271,True,1.0,1.0,0.7882199565279757,1.0,1.0,1.0,0.9117583152199898
2749,9c193ab1a07454e3,True,1.0,1.0,1.0,1.0,1.0,0.5,1.0
2750,1c31e37ce65b52d9,True,1.0,1.0,0.8258797151046496,1.0,1.0,1.0,0.927449881293604
2751,c25c6a709afc5552,True,1.0,1.0,1.0,1.0,1.0,1.0,1.0
2752,1fbea664b0805a19,True,1.0,1.0,0.6040077775852006,1.0,1.0,1.0,0.8350032406605002
2753,a7409a64ac2b5a94,True,1.0,1.0,0.8991988371001961,1.0,1.0,1.0,0.957999515458415
2754,756ce42a326f5033,True,1.0,1.0,0.7052934556645939,1.0,1.0,1.0,0.877205606526914
2755,4b892b0f3efa5255,True,1.0,1.0,1.0,1.0,1.0,1.0,1.0
2756,6d7d043389ac52c5,True,1.0,0.0,0.0,0.0,1.0,1.0,0.0
2757,8ce2cf49a1955788,True,1.0,1.0,1.0,1.0,1.0,1.0,1.0
2758,5c5d006eb7b854c3,True,1.0,0.0,0.0,1.0,1.0,1.0,0.0
2759,6fb8d5597c8c5881,True,1.0,1.0,0.9154220879300206,1.0,1.0,1.0,0.9647592033041752
2760,7607a0bd144e53b0,True,1.0,1.0,1.0,1.0,1.0,1.0,1.0
2761,e8f5c2714bfe5213,True,1.0,1.0,0.9820974629718925,1.0,1.0,1.0,0.9925406095716219
2762,0ea5bbb7337d5a56,True,1.0,1.0,0.7767653253573554,1.0,1.0,1.0,0.9069855522322315
2763,e9d16ba0eb935220,True,1.0,1.0,0.5353882178428848,1.0,1.0,1.0,0.8064117574345353
2764,8043aa566aa45878,True,1.0,1.0,0.809544923443312,1.0,1.0,1.0,0.9206437181013799
2765,67958aa8e9015aaf,True,1.0,1.0,0.6527873399001297,1.0,1.0,1.0,0.8553280582917208
2766,cb0905651ea35122,True,1.0,1.0,0.7414796914143469,1.0,1.0,1.0,0.8922832047559779
2767,a08ed58ddc6d53b3,True,1.0,1.0,1.0,1.0,1.0,1.0,1.0
2768,67339e7fe4135722,True,1.0,1.0,0.7353116528290218,1.0,1.0,1.0,0.8897131886787591
2769,a616a9583c735698,True,1.0,1.0,0.7261719514456682,1.0,1.0,1.0,0.8859049797690283
2770,7db790f4d8965df8,True,1.0,1.0,0.7533521492478008,1.0,1.0,1.0,0.8972300621865837
2771,3cf11c2988d25d2b,True,1.0,1.0,0.7797173959249213,1.0,1.0,1.0,0.908215581635384
2772,c099ebaef4c251d6,True,1.0,1.0,0.8505629763718263,1.0,1.0,1.0,0.9377345734882608
2773,dafc83b1558053e9,True,1.0,1.0,1.0,1.0,1.0,1.0,1.0
2774,be9423a8f0e75d33,True,1.0,1.0,0.9627296528316368,0.0,1.0,0.0,0.567804022013182
2775,f3572fcbcd285f1e,True,1.0,0.0,0.0,1.0,1.0,1.0,0.0
2776,1c2140b2eac55906,True,1.0,1.0,0.9937653863307682,1.0,1.0,1.0,0.9974022443044867
2777,80cbc88e2410561e,True,1.0,1.0,0.6097211287449877,1.0,1.0,1.0,0.8373838036437449
2778,e1db7cf1ba505f99,True,1.0,1.0,0.7896789202373135,1.0,1.0,1.0,0.9123662167655473
2779,de310b1492245dab,True,1.0,1.0,0.8630393381371512,1.0,1.0,0.5,0.9429330575571463
2780,ab4175e25b6c5d76,True,1.0,1.0,0.639824493146486,1.0,1.0,1.0,0.8499268721443691
2781,0f8d3b14831a5ccc,True,1.0,1.0,0.6765611337165179,1.0,1.0,1.0,0.8652338057152158
2782,06cfef4de99d5ead,True,1.0,1.0,1.0,1.0,1.0,1.0,1.0
2783,73c8918f6d995213,True,1.0,1.0,0.8825293948123101,1.0,1.0,1.0,0.9510539145051292
2784,d9cf5623b4f85cad,True,1.0,1.0,0.8246672143309516,1.0,1.0,1.0,0.9269446726378966
2785,dfe53c7f74e5554c,True,1.0,1.0,0.9902562363788219,0.0,1.0,1.0,0.5792734318245091
2786,19d3dfdf0d2d5b6f,True,1.0,1.0,1.0,1.0,1.0,1.0,1.0
2787,ece9650c827e569f,True,1.0,1.0,1.0,1.0,1.0,1.0,1.0
2788,f069ac62d63e5e25,True,1.0,1.0,0.8094604267617085,1.0,1.0,1.0,0.920608511150712
2789,c471f8a9626d5f11,True,1.0,1.0,0.5313520378072891,1.0,1.0,1.0,0.8047300157530372
2790,b4d19eea031f50ac,True,1.0,1.0,0.8346779501704399,1.0,1.0,1.0,0.9311158125710165
2791,616ca25e91ac5136,True,1.0,1.0,0.9861033076421539,1.0,1.0,1.0,0.9942097115175641
2792,98fd4ae8de6450b2,True,1.0,1.0,0.6186154670884532,1.0,1.0,1.0,0.8410897779535222
2793,1968ed26cc315d75,True,1.0,1.0,0.5749345887261053,1.0,1.0,1.0,0.8228894119692104
2794,73e0459194ce577f,True,1.0,1.0,1.0,1.0,1.0,1.0,1.0
2795,d66634cbe1b65b95,True,1.0,1.0,0.798815817758416,1.0,1.0,1.0,0.9161732573993401
2796,418c618fc266506b,True,1.0,1.0,1.0,1.0,1.0,1.0,1.0
2797,af94f29d37e55b02,True,1.0,0.0,0.0,1.0,1.0,1.0,0.0
2798,8362f66ef1aa51b1,True,1.0,1.0,0.8287305549636758,1.0,1.0,1.0,0.9286377312348648
2799,763821f100605f76,True,1.0,1.0,0.8889723989604777,1.0,1.0,1.0,0.9537384995668656
2800,32f53a8cb63f55db,True,1.0,1.0,1.0,1.0,1.0,1.0,1.0
2801,502fc2f7b9415e11,True,1.0,1.0,0.9986439725389696,1.0,1.0,1.0,0.9994349885579039
2802,46deeff0d0495df6,True,1.0,1.0,1.0,1.0,1.0,1.0,1.0
2803,f72ccf055618500a,True,1.0,1.0,0.7924167150615863,1.0,1.0,1.0,0.9135069646089943
2804,fe810492129f57a8,True,1.0,1.0,0.42991330076685497,1.0,1.0,1.0,0.762463875319523
2805,e9fd1602f4555be6,True,1.0,1.0,1.0,1.0,1.0,1.0,1.0
2806,bd0dd422fbc152e5,True,1.0,1.0,0.8136063559527785,1.0,1.0,1.0,0.922335981646991
2807,8686e685b08a5c3e,True,1.0,1.0,0.964361654665259,1.0,1.0,1.0,0.9851506894438579
2808,1e0c13bae35a50b3,True,1.0,1.0,0.9178996423972563,1.0,1.0,1.0,0.9657915176655235
2809,9ee5cb5e3908569a,True,1.0,1.0,0.8052394744393927,1.0,1.0,1.0,0.9188497810164137
2810,10d18b323ff35a1f,True,1.0,1.0,1.0,1.0,1.0,1.0,1.0
2811,7217a95078bf52f2,True,1.0,1.0,0.6593403627813509,1.0,1.0,1.0,0.8580584844922295
2812,0e9044c5aec15041,True,1.0,1.0,0.8980608123103974,1.0,1.0,1.0,0.9575253384626655
2813,f4eec162c14e5bfa,True,1.0,1.0,1.0,1.0,1.0,1.0,1.0
2814,da9ee145e2b05480,True,1.0,1.0,0.6067295185389767,1.0,1.0,1.0,0.8361372993912403
2815,1e80afcdb0b65cc4,True,1.0,1.0,0.9161438132900495,1.0,1.0,1.0,0.9650599222041872
2816,8181a3050dfa51b4,True,1.0,1.0,0.6119484064956572,1.0,1.0,1.0,0.8383118360398573
2817,3bb527d97cee5163,True,1.0,1.0,0.7003581272190713,1.0,1.0,1.0,0.8751492196746131
2818,66d152defe7b59e2,True,1.0,1.0,1.0,1.0,1.0,1.0,1.0
2819,4b3302a602155f76,True,1.0,1.0,0.9004702313074785,1.0,1.0,1.0,0.9585292630447828
2820,ec1fc260f1c15d42,True,1.0,1.0,0.7917846966433042,1.0,1.0,1.0,0.9132436236013768
2821,dc9bf97cb9e151ad,True,1.0,1.0,1.0,1.0,1.0,1.0,1.0
2822,876f405da0da5016,True,1.0,1.0,1.0,1.0,1.0,1.0,1.0
2823,8d8806333d865527,True,1.0,1.0,1.0,1.0,1.0,1.0,1.0
2824,b5e2d8766c6d51b2,True,1.0,0.0,0.0,1.0,1.0,1.0,0.0
2825,715d1ae75d215269,True,1.0,1.0,0.856543917689642,1.0,1.0,1.0,0.9402266323706842
2826,58d69daf413c5d5a,True,1.0,1.0,0.5537175184557707,1.0,1.0,1.0,0.8140489660232378
2827,e5abdd8b726e5a2f,True,1.0,1.0,1.0,1.0,1.0,1.0,1.0
2828,9468f5ec72415a29,True,1.0,1.0,1.0,1.0,1.0,1.0,1.0
2829,5fe06174763b5c36,True,1.0,1.0,0.8517898218089307,1.0,1.0,1.0,0.9382457590870544
2830,6ec94adda61e5483,True,1.0,1.0,1.0,1.0,1.0,1.0,1.0
2831,72d842bc596b536b,True,1.0,1.0,1.0,1.0,1.0,1.0,1.0
2832,b504737fcab3545b,True,1.0,1.0,0.9543454445881173,1.0,1.0,1.0,0.9809772685783823
2833,d68c7a7e02265029,True,1.0,1.0,1.0,1.0,1.0,1.0,1.0
2834,5c5a8066ceae51bc,True,1.0,1.0,0.8030631954878281,1.0,1.0,1.0,0.9179429981199284
2835,2f5ae1e4cf9d59fa,True,1.0,0.0,0.0,1.0,1.0,1.0,0.0
2836,cdf8b694cdb75ac7,True,1.0,1.0,0.8543162172685986,1.0,1.0,1.0,0.9392984238619162
2837,5862cc032cf45893,True,1.0,1.0,0.7841930153484155,1.0,1.0,1.0,0.9100804230618399
2838,a8fb178e35d25d73,True,1.0,1.0,0.9363073177066566,1.0,1.0,1.0,0.9734613823777737
2839,df4bbe0b4f6d5312,True,1.0,1.0,1.0,0.0,1.0,1.0,0.5833333333333334
2840,8f41a318d1a45310,True,1.0,1.0,1.0,1.0,1.0,1.0,1.0
2841,d44241b93dc95d36,True,1.0,1.0,1.0,1.0,1.0,1.0,1.0
2842,15faa071a7145ad6,True,1.0,1.0,0.6311649059631264,1.0,1.0,1.0,0.8463187108179694
2843,6c737af6c9a752dc,True,1.0,1.0,0.8387253946704872,1.0,1.0,1.0,0.9328022477793697
2844,e8d654d610fa547f,True,1.0,1.0,1.0,1.0,1.0,1.0,1.0
2845,81ba62d61b225021,True,1.0,1.0,1.0,1.0,1.0,1.0,1.0
2846,b667e90bf3055cea,True,1.0,1.0,1.0,1.0,1.0,1.0,1.0
2847,2d6a04ea9ef55fd5,True,1.0,1.0,0.9559358660735606,1.0,1.0,1.0,0.9816399441973168
2848,4d6456183bd056bc,True,1.0,1.0,0.6644331996227194,1.0,1.0,1.0,0.8601804998427998
2849,17de441a1185528d,True,1.0,1.0,0.7255419199713934,1.0,1.0,1.0,0.8856424666547472
2850,8647866881f3587e,True,1.0,1.0,0.6600623688410133,1.0,1.0,1.0,0.8583593203504222
2851,71217bf1294b5c4b,True,1.0,1.0,0.8297226464106916,1.0,1.0,1.0,0.9290511026711216
2852,e5c10d26102f51e3,True,1.0,0.0,0.0,1.0,1.0,1.0,0.0
2853,5b1acae08f2e5d76,True,1.0,1.0,0.9625230822781856,1.0,1.0,1.0,0.9843846176159107
2854,b470096ee3425c5a,True,1.0,1.0,1.0,1.0,1.0,1.0,1.0
2855,fee60d4bd08f550a,True,1.0,1.0,1.0,1.0,1.0,1.0,1.0
2856,3f03e086a6d6571d,True,1.0,1.0,0.8366885321485105,1.0,1.0,1.0,0.9319535550618795
2857,bd5f0b15f9a65bf1,True,1.0,1.0,0.8249299810103394,1.0,1.0,1.0,0.9270541587543081
2858,bb2645c10ec25a6b,True,1.0,1.0,0.7901973997631065,1.0,1.0,1.0,0.9125822499012944
2859,50833a9c9b265db8,True,1.0,0.0,0.0,1.0,1.0,1.0,0.0
2860,166b654c0db95953,True,1.0,1.0,0.9096972495639993,1.0,1.0,1.0,0.9623738539849999
2861,37837c3f78625095,True,1.0,1.0,0.6293062936666561,1.0,1.0,1.0,0.8455442890277735
2862,f640e9a42e215992,True,1.0,1.0,0.913632360318724,1.0,1.0,1.0,0.964013483466135
2863,f6db2434c92450b8,True,1.0,1.0,1.0,1.0,1.0,1.0,1.0
2864,6632c49f6f675b7b,True,1.0,1.0,1.0,1.0,1.0,1.0,1.0
2865,7730f64417df5d47,True,1.0,1.0,0.884130976283031,1.0,1.0,1.0,0.9517212401179296
2866,40d43586b1195366,True,1.0,1.0,0.8585555719745448,1.0,1.0,1.0,0.9410648216560604
2867,bc551b5cc30b5ef5,True,1.0,1.0,1.0,1.0,1.0,1.0,1.0
2868,f74148c131c15381,True,1.0,1.0,0.9257131371172487,1.0,1.0,1.0,0.9690471404655203
2869,7f86145a2a8a514b,True,1.0,0.0,0.0,1.0,1.0,1.0,0.0
2870,f6268af57ef35a2b,True,1.0,1.0,1.0,1.0,1.0,1.0,1.0
2871,7e21aeb3afc2592b,True,1.0,1.0,1.0,1.0,1.0,0.5,1.0
2872,cd8518ca186155f9,True,1.0,0.0,0.0,1.0,1.0,1.0,0.0
2873,28c74da2ea1d5629,True,1.0,1.0,1.0,1.0,1.0,1.0,1.0
2874,f470121c6add5665,True,1.0,0.0,0.0,0.0,1.0,1.0,0.0
2875,4e52e843b10f55eb,True,1.0,1.0,1.0,1.0,1.0,1.0,1.0
2876,9839a7913075581e,True,1.0,1.0,0.7524932615607938,1.0,1.0,1.0,0.8968721923169974
2877,d24a3d77682d55b6,True,1.0,1.0,0.8949752044816411,1.0,1.0,1.0,0.9562396685340172
2878,dded75c35039515f,True,1.0,0.0,0.0,1.0,1.0,1.0,0.0
2879,0eeeee655d415970,True,1.0,1.0,0.978933336340161,1.0,1.0,0.0,0.991222223475067
2880,24db96c8c21753d5,True,1.0,1.0,1.0,1.0,1.0,1.0,1.0
2881,ad0c441309de5d2e,True,1.0,1.0,0.9590881430217547,1.0,1.0,1.0,0.9829533929257311
2882,dedf2d5568c758ae,True,1.0,1.0,1.0,1.0,1.0,1.0,1.0
2883,3380ae828ea75d1e,True,0.0,1.0,0.0,0.0,1.0,0.0,0.0
2884,f534c8da0962552c,True,1.0,1.0,0.9224906792641103,1.0,1.0,1.0,0.9677044496933793
2885,dfaaa711e0a557ba,True,1.0,1.0,1.0,1.0,1.0,1.0,1.0
2886,834a23e3dd25542c,True,1.0,1.0,0.8530730739235397,1.0,1.0,1.0,0.9387804474681415
2887,60f76df7b8a95157,True,1.0,1.0,0.9058056055896908,1.0,1.0,1.0,0.9607523356623712
2888,3b1e0182cb145b8d,True,1.0,1.0,0.8572049380679339,1.0,1.0,1.0,0.9405020575283057
2889,61874b16298352f3,True,1.0,1.0,0.9152749926658335,1.0,1.0,1.0,0.964697913610764
2890,e25ab8d2df785bf3,True,1.0,1.0,0.6652702730184865,1.0,1.0,1.0,0.8605292804243693
2891,472899393e8f55e1,True,1.0,1.0,0.7884994676392795,1.0,1.0,1.0,0.9118747781830331
2892,c0ccba48004c5eba,True,1.0,1.0,0.7949587785928974,1.0,1.0,1.0,0.9145661577470406
2893,2d1b94bfdcd35217,True,1.0,1.0,1.0,1.0,1.0,1.0,1.0
2894,bf1f3fe1ca935bba,True,1.0,1.0,0.7968768315309791,0.0,1.0,1.0,0.49869867980457466
2895,fab7537b12d254bd,True,1.0,1.0,1.0,1.0,1.0,1.0,1.0
2896,1bd8492a6487562f,True,1.0,1.0,1.0,1.0,1.0,1.0,1.0
2897,c332770f3439515e,True,1.0,1.0,0.6946013444433147,1.0,1.0,1.0,0.8727505601847145
2898,f0a338ae8f3a56bd,True,1.0,1.0,0.7811065297668217,1.0,1.0,1.0,0.9087943874028425
2899,13310ca9a7715154,True,1.0,1.0,0.6619133002646381,1.0,1.0,1.0,0.8591305417769326
2900,e41740b9529753af,True,1.0,1.0,1.0,1.0,1.0,1.0,1.0
2901,3fbc15dbb18756ba,True,1.0,1.0,1.0,1.0,1.0,1.0,1.0
2902,1fc2b1630a0e5c53,True,1.0,1.0,1.0,0.0,1.0,1.0,0.5833333333333334
2903,42c7526fc6845005,True,1.0,1.0,0.9332502168550815,1.0,1.0,1.0,0.9721875903562839
2904,1ebb462c6acd5b4d,True,1.0,1.0,0.6945841158585098,1.0,1.0,1.0,0.8727433816077124
2905,334ddbed40095e07,True,1.0,1.0,0.7428228459116949,1.0,1.0,1.0,0.8928428524632062
2906,ed2a869a8d1c5eb7,True,1.0,1.0,0.8159214241218754,1.0,1.0,1.0,0.9233005933841149
2907,baeb667505f850af,True,1.0,0.0,0.0,1.0,1.0,1.0,0.0
2908,9f839d5422315781,True,1.0,1.0,1.0,1.0,1.0,0.0,1.0
2909,3b0d8847b4a25a92,True,1.0,1.0,1.0,1.0,1.0,1.0,1.0
2910,fc7b8441f81b5296,True,1.0,1.0,1.0,1.0,1.0,1.0,1.0
2911,af34277ea53e5f77,True,1.0,1.0,0.902960706535183,1.0,1.0,1.0,0.9595669610563262
2912,6717940e53d45558,True,1.0,1.0,0.5224569617521914,1.0,1.0,1.0,0.8010237340634131
2913,ba8688a796b55984,True,1.0,1.0,0.9671518792601302,1.0,1.0,1.0,0.9863132830250544
2914,e8daa33268685b31,True,1.0,1.0,1.0,1.0,1.0,1.0,1.0
2915,291a9c13b9345fd7,True,1.0,1.0,0.8695099790986704,1.0,1.0,1.0,0.9456291579577792
2916,131c7298c6745bde,True,1.0,1.0,1.0,1.0,1.0,1.0,1.0
2917,ef3dd8a6f4995678,True,1.0,1.0,0.5364770647656786,1.0,1.0,1.0,0.8068654436523661
2918,fc6dc98b89a95817,True,1.0,1.0,0.8361212702109075,1.0,1.0,1.0,0.9317171959212115
2919,c2cb368d78e858c7,True,1.0,1.0,0.7836585311241523,1.0,1.0,1.0,0.90985772130173
2920,c4b85436e314515b,True,1.0,1.0,0.678360879904297,1.0,1.0,1.0,0.8659836999601237
2921,669b4ffc8b8a5f21,True,1.0,1.0,0.8803680166055563,1.0,1.0,1.0,0.9501533402523151
2922,3f11b8c2347f5714,True,1.0,1.0,0.5573104532251709,1.0,1.0,1.0,0.8155460221771546
2923,66ce3cbf239358c2,True,1.0,1.0,0.9766141932652941,1.0,1.0,1.0,0.9902559138605392
2924,354a67b9e10c562e,True,1.0,1.0,0.9605505175506853,1.0,1.0,1.0,0.9835627156461189
2925,2882be3ae16b50e3,True,1.0,1.0,1.0,1.0,1.0,1.0,1.0
2926,fb3ec8fa431c5d83,True,1.0,0.0,0.0,1.0,1.0,0.5,0.0
2927,b44d5d0d2d1b531e,True,1.0,1.0,1.0,0.0,1.0,1.0,0.5833333333333334
2928,29d3a233b1915c1a,True,1.0,1.0,1.0,1.0,1.0,1.0,1.0
2929,f37c90e977e856c8,True,1.0,1.0,1.0,1.0,1.0,1.0,1.0
2930,4749b2486da65268,True,1.0,1.0,1.0,1.0,1.0,1.0,1.0
2931,624f26fa47485b3d,True,1.0,1.0,0.7700811861635091,1.0,1.0,1.0,0.9042004942347953
2932,a1ef22ffca3a5993,True,1.0,1.0,1.0,1.0,1.0,1.0,1.0
2933,90693e0d94f05e85,True,1.0,1.0,0.7907028237310285,1.0,1.0,1.0,0.9127928432212619
2934,36899d67473c5c91,True,1.0,0.0,0.0,1.0,1.0,1.0,0.0
2935,25c3b9fa44c058a6,True,1.0,1.0,0.7265476581574735,1.0,1.0,1.0,0.8860615242322806
2936,c7ef706bfbef5f7c,True,1.0,1.0,0.7617517686318616,1.0,1.0,1.0,0.9007299035966089
2937,3e9b399280e250fc,True,1.0,1.0,0.7470313177468553,1.0,1.0,1.0,0.8945963823945231
2938,d7b1d984a0ff5791,True,1.0,1.0,0.9705353186214426,1.0,1.0,1.0,0.987723049425601
2939,4889752cac5f5e59,True,1.0,1.0,0.9407322322825713,1.0,1.0,1.0,0.9753050967844047
2940,9bd12765d98b514f,True,1.0,1.0,0.8077505731077619,1.0,1.0,1.0,0.9198960721282341
2941,80ad06a7a2975213,True,1.0,1.0,1.0,1.0,1.0,1.0,1.0
2942,84fc6d5788a95edd,True,1.0,1.0,0.8138736944023166,1.0,1.0,1.0,0.9224473726676319
2943,d8346b35ed785e1d,True,1.0,1.0,0.8648496022685681,1.0,1.0,1.0,0.94368733427857
2944,a549496e4b835d1b,True,1.0,1.0,0.9213011484505329,1.0,1.0,1.0,0.9672088118543888
2945,3b185264ec565b67,True,1.0,1.0,0.752298130529022,1.0,1.0,1.0,0.8967908877204258
2946,205cce163e5a5b46,True,1.0,1.0,1.0,1.0,1.0,1.0,1.0
2947,06faec49379750a5,True,1.0,1.0,0.8801265478909808,1.0,1.0,1.0,0.9500527282879087
2948,dfb757230bed57d8,True,1.0,1.0,1.0,0.0,1.0,1.0,0.5833333333333334
2949,9bb8633f7c0157fb,True,1.0,1.0,0.8650073213754317,1.0,1.0,1.0,0.9437530505730966
2950,09dc77e888295011,True,1.0,1.0,0.7133265440106545,1.0,1.0,1.0,0.8805527266711061
2951,2db75185de1d5763,True,1.0,1.0,1.0,1.0,1.0,1.0,1.0
2952,68aac08d307653e5,True,1.0,1.0,0.7593036436925585,1.0,1.0,1.0,0.8997098515385661
2953,8628470b20555c1d,True,1.0,1.0,0.7238079371623617,1.0,1.0,1.0,0.8849199738176506
2954,91f7454802305af8,True,1.0,1.0,0.8021353675789691,1.0,1.0,1.0,0.9175564031579038
2955,3889b6ba58845785,True,1.0,1.0,0.8012550401931811,1.0,1.0,1.0,0.9171896000804921
2956,4fc373052fb55899,True,1.0,1.0,1.0,1.0,1.0,1.0,1.0
2957,346e3a62c61e50df,True,1.0,1.0,0.80417016753962,1.0,1.0,1.0,0.9184042364748417
2958,1e751703427e5a3c,True,1.0,1.0,0.7606774234265351,1.0,1.0,1.0,0.9002822597610564
2959,6b8b72c830b85a62,True,1.0,1.0,0.7563757474044291,1.0,1.0,1.0,0.8984898947518455
2960,177abd8780ad5476,True,1.0,1.0,1.0,1.0,1.0,1.0,1.0
2961,27f481628fff5c70,True,1.0,1.0,0.5803389284471915,1.0,1.0,1.0,0.8251412201863298
2962,7b4ba1d02376503b,True,1.0,1.0,0.824770628691886,1.0,1.0,1.0,0.9269877619549525
2963,average,True,0.9939250759365508,0.9544380695241309,0.8260962606887701,0.9760377995275059,0.998650016874789,0.9812689841376983,0.8924504158754445
