,token,valid,no_at_fault_collisions,drivable_area_compliance,ego_progress,time_to_collision_within_bound,comfort,driving_direction_compliance,score
0,11182a0af9c95c8c,True,1.0,0.0,0.0,1.0,1.0,1.0,0.0
1,765dacfed4925185,True,1.0,1.0,1.0,1.0,1.0,1.0,1.0
2,deb8de65573253b7,True,1.0,1.0,1.0,1.0,1.0,1.0,1.0
3,36e3e0f9a589578d,True,1.0,1.0,0.660444822351419,1.0,1.0,1.0,0.858518675979758
4,e9bfb4821bfd5801,True,1.0,1.0,1.0,1.0,1.0,1.0,1.0
5,f9a9b5ee707e501e,True,0.0,1.0,0.0,0.0,1.0,0.0,0.0
6,e69f96075afb5d86,True,1.0,1.0,0.9243797748654043,1.0,1.0,1.0,0.9684915728605851
7,ae7fdaafe2c250e6,True,1.0,1.0,1.0,1.0,1.0,1.0,1.0
8,b96ea08d168f5a3d,True,1.0,1.0,0.5097344756986905,1.0,1.0,1.0,0.7957226982077877
9,c01c5d45b97154d4,True,1.0,1.0,0.6601857986030301,1.0,1.0,1.0,0.8584107494179292
10,dbba0a418817539e,True,1.0,1.0,0.7632135694633836,1.0,1.0,1.0,0.9013389872764098
11,e18ca78f3c5f5a04,True,1.0,1.0,1.0,1.0,1.0,1.0,1.0
12,8c8694effde754e6,True,1.0,1.0,0.7392751963665365,1.0,1.0,1.0,0.8913646651527235
13,a6c24c9ca7335016,True,1.0,1.0,1.0,1.0,1.0,1.0,1.0
14,96f6cde1205e5865,True,1.0,1.0,0.7328982628730557,1.0,1.0,1.0,0.8887076095304399
15,3d0c780c0aba552e,True,1.0,1.0,1.0,1.0,1.0,1.0,1.0
16,aace7a7aeaf75f2c,True,1.0,1.0,0.9226451818790337,1.0,1.0,1.0,0.9677688257829308
17,8d3c8a698ac65342,True,1.0,1.0,0.6634054066795936,1.0,1.0,1.0,0.859752252783164
18,75f91ced021c543e,True,1.0,1.0,1.0,1.0,1.0,1.0,1.0
19,465d879f0b205c8f,True,1.0,1.0,1.0,1.0,1.0,1.0,1.0
20,6ba5ed2f323f53e2,True,1.0,1.0,1.0,1.0,1.0,1.0,1.0
21,cbe2fffee4105dbf,True,1.0,1.0,0.7803883242640842,1.0,1.0,1.0,0.9084951351100351
22,5218653349a6502a,True,1.0,1.0,0.8406872276767599,1.0,1.0,1.0,0.93361967819865
23,c23c39c3fedd5bfa,True,1.0,1.0,0.9315546952489091,1.0,1.0,1.0,0.9714811230203789
24,f3738f5be59d5d10,True,1.0,1.0,1.0,1.0,1.0,1.0,1.0
25,0d602f62f3ad5c65,True,1.0,1.0,0.9065844168768826,1.0,1.0,1.0,0.9610768403653678
26,3748f0fadf395c8a,True,1.0,1.0,0.8361196576580914,1.0,1.0,1.0,0.9317165240242048
27,ef886d0dee3e534c,True,1.0,1.0,0.8137337245017234,1.0,1.0,1.0,0.9223890518757182
28,dc6df220730c599a,True,1.0,1.0,0.8739438466676944,1.0,1.0,1.0,0.947476602778206
29,8b93118c77d25b5d,True,1.0,1.0,1.0,1.0,1.0,1.0,1.0
30,e0b92501aa5051b1,True,1.0,1.0,0.12770705629555096,1.0,1.0,1.0,0.636544606789813
31,33c58e00f5805824,True,1.0,1.0,0.9567827433148257,1.0,1.0,1.0,0.9819928097145106
32,1eff566e627f56b9,True,1.0,1.0,0.9219200498862535,1.0,1.0,1.0,0.9674666874526056
33,62c5045db3c159aa,True,1.0,1.0,1.0,1.0,1.0,1.0,1.0
34,3047f87f67555d16,True,1.0,1.0,1.0,1.0,1.0,1.0,1.0
35,b0b25b314843551d,True,1.0,1.0,1.0,1.0,1.0,1.0,1.0
36,03b33d7830ba522b,True,1.0,1.0,0.6360969603973399,1.0,1.0,1.0,0.8483737334988916
37,7021139b47cf5370,True,1.0,1.0,0.8862474064642415,1.0,1.0,1.0,0.9526030860267672
38,63d80f7499fc5784,True,1.0,1.0,0.8808838603406524,1.0,1.0,1.0,0.9503682751419386
39,a73f7d7149c45478,True,1.0,1.0,0.6038557828715088,1.0,1.0,1.0,0.8349399095297954
40,38d4aa43f5f25eeb,True,1.0,1.0,1.0,1.0,1.0,1.0,1.0
41,993d17cce2685b9a,True,1.0,1.0,0.7765852608257182,1.0,1.0,1.0,0.9069105253440494
42,1cffb22700735548,True,1.0,1.0,1.0,1.0,1.0,1.0,1.0
43,6eac1c0e2bbd57bb,True,1.0,1.0,0.7200308625313336,1.0,1.0,0.5,0.883346192721389
44,2d4d907377f35695,True,1.0,1.0,0.7834450057245667,1.0,1.0,1.0,0.9097687523852361
45,daa3dbcfc784564c,True,1.0,1.0,0.8238837881964581,1.0,1.0,1.0,0.9266182450818575
46,46320fa2dc795a5a,True,1.0,1.0,1.0,1.0,1.0,1.0,1.0
47,b7784f3cdf6b5991,True,1.0,1.0,0.6078216335850871,1.0,1.0,1.0,0.8365923473271196
48,b2abc819ebf45c11,True,1.0,1.0,0.5912168521747875,1.0,1.0,1.0,0.8296736884061614
49,00137a5ce92d591c,True,1.0,1.0,0.6350716952621527,1.0,1.0,1.0,0.8479465396925635
50,cc9a87182a05533d,True,1.0,1.0,0.7876617765442372,1.0,1.0,1.0,0.9115257402267655
51,6d7754fdda3a50a6,True,1.0,1.0,0.9793876689189372,1.0,1.0,1.0,0.991411528716224
52,20403b65d87d5e5a,True,1.0,1.0,1.0,1.0,1.0,1.0,1.0
53,3ce814811e5252dc,True,1.0,1.0,0.9639714616745187,1.0,1.0,1.0,0.9849881090310495
54,2a04d84433e6576f,True,1.0,1.0,0.9148860902524134,1.0,1.0,1.0,0.9645358709385056
55,69f27d25f8a45de1,True,1.0,1.0,1.0,1.0,1.0,1.0,1.0
56,8ff8246f69f75f6a,True,1.0,1.0,0.8299206642746271,1.0,1.0,1.0,0.929133610114428
57,7bbb4260e163517f,True,1.0,0.0,0.0,1.0,1.0,0.0,0.0
58,9f8f670a268550e5,True,1.0,1.0,0.99854589958988,1.0,1.0,1.0,0.9993941248291168
59,bf8b8714f63d5642,True,1.0,1.0,0.87751276761032,1.0,1.0,1.0,0.9489636531709666
60,2f9c4ea0c97450c6,True,1.0,1.0,1.0,1.0,1.0,1.0,1.0
61,8396adcdedb55337,True,1.0,1.0,0.732746330206427,1.0,1.0,1.0,0.8886443042526779
62,8af2a66435ea565a,True,1.0,1.0,0.9160546323497102,1.0,1.0,1.0,0.9650227634790459
63,70ee383e3b335c16,True,1.0,1.0,0.6832895930521409,1.0,1.0,1.0,0.868037330438392
64,33c1e6fe4ce650bf,True,1.0,1.0,0.8758129913987347,1.0,1.0,1.0,0.9482554130828061
65,13c555e68671524f,True,1.0,0.0,0.0,1.0,1.0,1.0,0.0
66,babd01c3694d5e18,True,1.0,1.0,0.9320242248603812,1.0,1.0,1.0,0.9716767603584922
67,69976d75e3a5521e,True,1.0,1.0,1.0,0.0,1.0,1.0,0.5833333333333334
68,006e2728d7115fa7,True,1.0,1.0,0.6934844642328298,1.0,1.0,1.0,0.8722851934303457
69,0af3e039185d57f3,True,1.0,1.0,1.0,1.0,1.0,1.0,1.0
70,fe4b2cf4e9ad5b37,True,1.0,1.0,0.9718092963540419,1.0,1.0,1.0,0.9882538734808509
71,8635c0dd984c51f3,True,1.0,1.0,0.8360704461255211,1.0,1.0,1.0,0.931696019218967
72,ea23b2bb8e5756b8,True,1.0,1.0,0.7501298924236637,1.0,1.0,1.0,0.8958874551765265
73,bb0d850edd125bbe,True,1.0,1.0,0.7951067243904343,1.0,1.0,1.0,0.9146278018293477
74,a763369e30305f95,True,1.0,1.0,0.8349277286743891,1.0,1.0,1.0,0.9312198869476621
75,2087ff145dae502d,True,1.0,1.0,1.0,1.0,1.0,1.0,1.0
76,96cb1a2412095a90,True,0.0,1.0,0.0,0.0,1.0,1.0,0.0
77,7780e502545a5df7,True,1.0,1.0,0.7339106852014334,1.0,1.0,1.0,0.8891294521672638
78,f52211f2dec85537,True,1.0,1.0,0.9554150769759086,1.0,1.0,1.0,0.9814229487399618
79,aafbe79abf625492,True,1.0,1.0,0.7360195257576035,1.0,1.0,1.0,0.8900081357323347
80,9b58f5bd4e995a93,True,1.0,1.0,1.0,1.0,1.0,1.0,1.0
81,fb2ff1ed5e1b529f,True,1.0,1.0,1.0,0.0,1.0,0.5,0.5833333333333334
82,caee3d86c00351e6,True,1.0,1.0,0.7996797872869094,1.0,1.0,1.0,0.916533244702879
83,9170b75b8a3f527f,True,1.0,0.0,0.0,1.0,1.0,0.5,0.0
84,63f4362f90ef55a1,True,1.0,1.0,0.858612066995815,1.0,1.0,1.0,0.9410883612482562
85,1ea920764abe5dcb,True,1.0,1.0,0.7915540495224502,1.0,1.0,1.0,0.9131475206343542
86,1eb474de58ca5d6f,True,1.0,1.0,0.9316080140886869,1.0,1.0,1.0,0.9715033392036195
87,a4f4a240e54e56b2,True,1.0,0.0,0.0,1.0,1.0,1.0,0.0
88,03ca1900f09b5d20,True,1.0,1.0,0.7924838829412054,1.0,1.0,1.0,0.9135349512255022
89,deae4b3cac52513c,True,1.0,1.0,0.8572826352955986,1.0,1.0,1.0,0.9405344313731661
90,d7f6204c325d53fe,True,1.0,0.0,0.0,0.0,1.0,1.0,0.0
91,e2ae05340dba502d,True,1.0,1.0,0.5511834207185399,1.0,1.0,0.5,0.8129930919660583
92,c2116c7a0b15556d,True,1.0,1.0,0.8962131898756405,1.0,1.0,1.0,0.9567554957815169
93,6387e5c4dd2f5e2a,True,1.0,1.0,0.7656418810633097,1.0,1.0,1.0,0.9023507837763791
94,bcf92cdb596a5fa2,True,1.0,1.0,0.8363042030288428,1.0,1.0,1.0,0.9317934179286844
95,72be63ed04f15f97,True,1.0,1.0,1.0,0.0,1.0,0.0,0.5833333333333334
96,8937c2f7a7ac5507,True,1.0,1.0,0.7419673530259417,1.0,1.0,1.0,0.8924863970941423
97,0d9243e74a1a501a,True,1.0,1.0,0.8668920042086398,1.0,1.0,1.0,0.9445383350869333
98,d2937fdb8d605a73,True,1.0,1.0,0.7965886701378626,1.0,1.0,1.0,0.9152452792241094
99,fcdcb2e456bf5360,True,1.0,1.0,0.6269709011555158,1.0,1.0,1.0,0.8445712088147982
100,11182f26946650bd,True,1.0,1.0,0.49066817316836,1.0,1.0,1.0,0.7877784054868165
101,8f5cefce0c0259d9,True,0.0,0.0,0.0,0.0,1.0,0.0,0.0
102,d66a4334c9625c4a,True,1.0,1.0,0.8277098687692209,1.0,1.0,1.0,0.9282124453205087
103,3789d42ea83f569d,True,1.0,1.0,0.6329489433212865,1.0,1.0,1.0,0.8470620597172026
104,3aff98e018195468,True,1.0,1.0,0.9170934844035402,1.0,1.0,1.0,0.965455618501475
105,15bfed200b0d570e,True,1.0,1.0,0.7585953600320713,1.0,1.0,1.0,0.8994147333466964
106,69acf2f6a20454a0,True,1.0,1.0,0.6554921318607547,1.0,1.0,1.0,0.8564550549419812
107,299e19fc72e65ac5,True,1.0,1.0,1.0,1.0,1.0,0.0,1.0
108,d24604c7af87524f,True,1.0,1.0,0.8881931878793201,1.0,1.0,1.0,0.9534138282830501
109,7755fb23f28f5b2f,True,1.0,0.0,0.0,1.0,1.0,0.0,0.0
110,bf72d4d6b25f5b27,True,1.0,1.0,0.9630777283469528,1.0,1.0,1.0,0.9846157201445637
111,a8ee480d197e56dd,True,1.0,1.0,1.0,1.0,1.0,1.0,1.0
112,9aea5cdc656458a0,True,1.0,1.0,1.0,1.0,1.0,1.0,1.0
113,d577027e9c295bde,True,1.0,1.0,0.6303237959750156,1.0,1.0,0.5,0.8459682483229232
114,7f0cb33eb150567e,True,1.0,1.0,1.0,1.0,1.0,1.0,1.0
115,9d32436291335261,True,1.0,1.0,1.0,1.0,1.0,1.0,1.0
116,bb6cb09beb1e5e3f,True,1.0,1.0,1.0,0.0,1.0,1.0,0.5833333333333334
117,2b5d551f5466530e,True,1.0,1.0,0.7801752255371993,1.0,1.0,1.0,0.9084063439738331
118,283f39e817575b93,True,1.0,1.0,0.7444201440463362,0.0,1.0,0.0,0.4768417266859734
119,1270261ff182534f,True,1.0,1.0,0.9239731127067434,1.0,1.0,1.0,0.9683221302944766
120,bc63d7f1ab7759ee,True,1.0,1.0,0.9256195240939371,1.0,1.0,1.0,0.9690081350391404
121,862e27b57f9d50ac,True,1.0,1.0,0.9035897171695477,1.0,1.0,1.0,0.9598290488206449
122,460c1bc090365d1b,True,1.0,1.0,1.0,1.0,1.0,0.0,1.0
123,a1f35d4460345de8,True,1.0,1.0,1.0,1.0,1.0,1.0,1.0
124,ecce119989c25ae9,True,1.0,1.0,0.9323014074892216,1.0,1.0,1.0,0.9717922531205089
125,04676f5bccee5447,True,1.0,1.0,0.8389817917724446,1.0,1.0,1.0,0.9329090799051852
126,cb61b4237ad25a7c,True,1.0,1.0,0.8609965978233268,1.0,1.0,1.0,0.9420819157597196
127,615329a491785c3a,True,1.0,1.0,1.0,1.0,1.0,1.0,1.0
128,8179a26d74615228,True,1.0,1.0,0.8678323799484492,1.0,1.0,1.0,0.9449301583118538
129,980db9371e6b52de,True,1.0,1.0,0.9785247590229283,1.0,1.0,1.0,0.9910519829262201
130,6498149e85ef5b8d,True,1.0,1.0,1.0,1.0,1.0,1.0,1.0
131,c51ec68aa4fe5f05,True,1.0,1.0,1.0,1.0,1.0,1.0,1.0
132,2620b03dcfcc567b,True,1.0,1.0,0.8402656513148227,1.0,1.0,1.0,0.9334440213811761
133,627ed4c9950753e9,True,1.0,1.0,1.0,1.0,1.0,1.0,1.0
134,bd70654aee0f54a6,True,1.0,1.0,1.0,1.0,1.0,1.0,1.0
135,74707039ce5550d1,True,1.0,1.0,0.7770122914019173,1.0,1.0,1.0,0.9070884547507988
136,5d7eedc503ef575c,True,1.0,1.0,1.0,1.0,1.0,1.0,1.0
137,072471bece365f16,True,1.0,1.0,0.7994057693979614,1.0,1.0,1.0,0.9164190705824838
138,2743a2f96269577c,True,1.0,0.0,0.0,1.0,1.0,0.0,0.0
139,42dc421e37c154e5,True,1.0,1.0,1.0,1.0,1.0,1.0,1.0
140,748a5531d6415e0c,True,1.0,1.0,1.0,1.0,1.0,1.0,1.0
141,667360ba7d595e46,True,1.0,1.0,0.6920892458532679,1.0,1.0,1.0,0.8717038524388615
142,9116e9726a6f59cb,True,1.0,0.0,0.0,1.0,1.0,1.0,0.0
143,55e018d3bd3d5abc,True,1.0,1.0,0.9411143456522952,1.0,1.0,1.0,0.9754643106884563
144,ef7fb2d0c7bf52a4,True,1.0,1.0,0.8752097032051831,1.0,1.0,1.0,0.9480040430021596
145,eb2304df049d5ce3,True,1.0,1.0,1.0,1.0,1.0,1.0,1.0
146,e7c778d603885f57,True,1.0,1.0,0.4335273932545002,1.0,1.0,1.0,0.763969747189375
147,6919975cab1c5345,True,0.0,0.0,0.0,0.0,1.0,1.0,0.0
148,d5fc95fa66025d7a,True,1.0,1.0,0.7247568625219734,1.0,1.0,1.0,0.8853153593841556
149,2035406a3a6955be,True,1.0,1.0,0.5501831042101147,1.0,1.0,1.0,0.8125762934208812
150,4ed6b1b83e0c5bbe,True,1.0,1.0,0.5873196835668589,1.0,1.0,1.0,0.828049868152858
151,50209c502bd157c8,True,1.0,1.0,0.7172543278792815,1.0,1.0,1.0,0.882189303283034
152,b8104b69b2d9509b,True,1.0,1.0,0.7278240384070901,1.0,1.0,1.0,0.8865933493362875
153,77c3cf2f4a1a5f31,True,1.0,1.0,0.7525465036602406,1.0,1.0,1.0,0.8968943765251002
154,6b977574e52a5f1b,True,1.0,1.0,1.0,1.0,1.0,1.0,1.0
155,e45aa663bd0756d9,True,1.0,0.0,0.0,1.0,1.0,0.5,0.0
156,b30e51044c885122,True,1.0,1.0,1.0,1.0,1.0,1.0,1.0
157,2318ebb3b64554fc,True,1.0,1.0,1.0,1.0,1.0,1.0,1.0
158,d44d886053b15b23,True,1.0,0.0,0.0,0.0,1.0,0.0,0.0
159,030c27139f7d57a4,True,1.0,1.0,0.678507797046914,1.0,1.0,1.0,0.8660449154362141
160,16d4141f073d52f1,True,1.0,0.0,0.0,1.0,1.0,1.0,0.0
161,7900996a42f35f67,True,1.0,1.0,1.0,1.0,1.0,1.0,1.0
162,19f93eaa916d5528,True,1.0,1.0,0.7986083852355105,1.0,1.0,1.0,0.9160868271814627
163,0e713cce7ce35df0,True,1.0,1.0,1.0,1.0,1.0,1.0,1.0
164,4e496bfdb6b95697,True,1.0,1.0,0.9934258306658217,1.0,1.0,1.0,0.9972607627774256
165,ce09ed938df353d1,True,1.0,1.0,1.0,1.0,1.0,1.0,1.0
166,7b281124be57507a,True,1.0,0.0,0.0,1.0,1.0,1.0,0.0
167,c46b2546f3565375,True,1.0,1.0,0.5926620982370933,1.0,1.0,1.0,0.8302758742654556
168,f9f97f2e6d435822,True,1.0,1.0,0.8191430046954712,1.0,1.0,1.0,0.9246429186231131
169,5138bac9ac59508f,True,1.0,1.0,0.7247053105273868,1.0,1.0,1.0,0.8852938793864112
170,e7b780eed68e5ce3,True,1.0,1.0,1.0,1.0,1.0,1.0,1.0
171,776069d80826529d,True,1.0,1.0,0.6868731913022118,1.0,1.0,1.0,0.8695304963759215
172,9326163d4c9c5d16,True,1.0,1.0,0.8780871536678697,1.0,1.0,0.0,0.9492029806949457
173,768ae2e06b1e5d90,True,1.0,1.0,0.8585369238708446,1.0,1.0,1.0,0.9410570516128519
174,661d0a5bf2735f03,True,1.0,0.0,0.0,0.0,1.0,1.0,0.0
175,617ceb438e0d5324,True,1.0,1.0,1.0,0.0,1.0,1.0,0.5833333333333334
176,6e190fde9f8958f1,True,1.0,1.0,0.9083534477280562,1.0,1.0,1.0,0.9618139365533568
177,7ffee2481b68517c,True,1.0,1.0,1.0,0.0,1.0,0.5,0.5833333333333334
178,1d037ee2ffda5d69,True,1.0,1.0,1.0,1.0,1.0,1.0,1.0
179,efeac78f0da05463,True,1.0,1.0,0.8011285169678719,1.0,1.0,1.0,0.9171368820699466
180,7b13f467f23c5a2b,True,1.0,1.0,0.9309802387475236,1.0,1.0,1.0,0.9712417661448015
181,6ac603d43fbb57ef,True,1.0,1.0,0.8783525283924632,1.0,1.0,1.0,0.9493135534968596
182,c06c4ffcf72653a5,True,1.0,1.0,1.0,1.0,1.0,1.0,1.0
183,ee95e29e1aec53e1,True,1.0,1.0,0.9453552145554122,1.0,1.0,1.0,0.9772313393980884
184,ccd53fdd1b6e51b8,True,1.0,1.0,0.5179699830143119,1.0,1.0,1.0,0.7991541595892966
185,91e06c22962d53bb,True,1.0,1.0,0.840385249962805,1.0,1.0,1.0,0.9334938541511688
186,b8873bb7c3f35d15,True,1.0,1.0,0.9587909419609253,1.0,1.0,1.0,0.9828295591503856
187,7fc551e4e0375d00,True,1.0,1.0,0.7490407296355691,1.0,1.0,1.0,0.8954336373481538
188,5ee1455d53695e5b,True,1.0,0.0,0.0,1.0,1.0,1.0,0.0
189,40688677dc5e5d16,True,1.0,1.0,0.6050608653737234,1.0,1.0,1.0,0.8354420272390515
190,1370cea130165b51,True,1.0,1.0,1.0,1.0,1.0,1.0,1.0
191,578a5ef598b9521f,True,1.0,1.0,1.0,1.0,1.0,1.0,1.0
192,9a357640ddd453d2,True,0.0,1.0,0.0,0.0,1.0,1.0,0.0
193,14b25ce243865457,True,1.0,1.0,0.9326756877524695,1.0,1.0,1.0,0.9719482032301956
194,94683fc69ce4599c,True,1.0,1.0,0.5755697603973154,1.0,1.0,1.0,0.8231540668322147
195,e55fc5c3ee36528b,True,1.0,1.0,1.0,1.0,1.0,1.0,1.0
196,3b34e3fd5b9e5767,True,1.0,1.0,0.5912133314366312,1.0,1.0,1.0,0.8296722214319296
197,25aab48e050659be,True,1.0,1.0,0.8203221344381442,1.0,1.0,1.0,0.92513422268256
198,c928d5d9ddc25082,True,1.0,1.0,1.0,1.0,1.0,1.0,1.0
199,c62dafe55b9d538d,True,1.0,1.0,1.0,1.0,1.0,1.0,1.0
200,ef4e7ef102395420,True,1.0,1.0,0.9649401274679915,1.0,1.0,1.0,0.9853917197783298
201,4bc96604c1c85606,True,1.0,1.0,1.0,1.0,1.0,0.5,1.0
202,9f309ebf66645913,True,1.0,1.0,0.8851340205177067,1.0,1.0,1.0,0.9521391752157111
203,01d3726e5bc2576b,True,1.0,1.0,1.0,0.0,1.0,1.0,0.5833333333333334
204,bc3d973c3543556c,True,0.5,1.0,0.37430694103615414,0.0,1.0,1.0,0.16131394604919877
205,002a52b0ed5650da,True,1.0,1.0,0.8060874597489339,1.0,1.0,1.0,0.9192031082287224
206,aa4897ec11395ec8,True,1.0,1.0,0.8859907895779441,1.0,1.0,1.0,0.9524961623241435
207,49d00c5507175e01,True,1.0,1.0,0.818156396967603,1.0,1.0,1.0,0.9242318320698346
208,43c8e05e697f5abe,True,1.0,1.0,1.0,1.0,1.0,1.0,1.0
209,6e163d828a555eee,True,1.0,1.0,1.0,1.0,1.0,1.0,1.0
210,98b148d419725caa,True,1.0,1.0,0.599420179819622,1.0,1.0,1.0,0.8330917415915092
211,58b0a1db2a145780,True,1.0,0.0,0.0,1.0,1.0,1.0,0.0
212,f606d0e6eda7549a,True,1.0,1.0,1.0,1.0,1.0,1.0,1.0
213,569187407cd3517c,True,1.0,1.0,1.0,1.0,1.0,1.0,1.0
214,7fc46d2957805648,True,1.0,1.0,1.0,1.0,1.0,1.0,1.0
215,2752876d0e005d74,True,1.0,1.0,0.8092763912674779,1.0,1.0,1.0,0.9205318296947823
216,d94aa4b0e05e5be9,True,1.0,1.0,1.0,0.0,1.0,1.0,0.5833333333333334
217,5fb039973cf85b11,True,1.0,1.0,0.9084606179255357,1.0,1.0,1.0,0.9618585908023065
218,10779d3fd7815d2f,True,1.0,1.0,0.8077090809972454,1.0,1.0,1.0,0.9198787837488522
219,276396e455bb57b5,True,1.0,1.0,0.6321250714535275,1.0,1.0,1.0,0.8467187797723031
220,6d2b59f78d995d9c,True,1.0,1.0,1.0,1.0,1.0,1.0,1.0
221,29c5b3febc2f5704,True,1.0,1.0,0.8359596275719446,1.0,1.0,1.0,0.9316498448216436
222,f34d9948bdc257ab,True,1.0,1.0,1.0,1.0,1.0,1.0,1.0
223,dad96574decb5a68,True,1.0,1.0,0.43857365253253755,1.0,1.0,1.0,0.7660723552218908
224,0e198cad33c65494,True,1.0,1.0,0.7615515376314119,1.0,1.0,1.0,0.9006464740130884
225,959a7f2070f551e9,True,1.0,1.0,0.6717080153438064,1.0,1.0,1.0,0.8632116730599194
226,0b4a7c2ba59e5a8c,True,1.0,1.0,0.5863324767937708,1.0,1.0,1.0,0.8276385319974046
227,8d7c5f26b9775cce,True,1.0,1.0,0.4040285717787956,1.0,1.0,1.0,0.7516785715744981
228,7c7ce7ea08b15930,True,1.0,1.0,0.810640509191902,1.0,1.0,1.0,0.9211002121632926
229,72c1d1069773561d,True,1.0,0.0,0.0,1.0,1.0,0.5,0.0
230,cbadd750cbd6581b,True,1.0,1.0,0.7627119105179282,1.0,1.0,1.0,0.9011299627158035
231,075cf94c3db15021,True,1.0,1.0,1.0,1.0,1.0,1.0,1.0
232,7e7480ffa3aa55a4,True,1.0,1.0,0.9015894490349273,0.0,1.0,1.0,0.5423289370978864
233,0f83bb5cecbe56df,True,1.0,1.0,0.7984537350373002,1.0,1.0,1.0,0.9160223895988752
234,52d6d6f0e4305a44,True,1.0,1.0,1.0,1.0,1.0,1.0,1.0
235,59c19d828f665a79,True,1.0,1.0,0.7558881255179093,1.0,1.0,1.0,0.8982867189657956
236,5444d6dfc06559c3,True,1.0,1.0,1.0,1.0,1.0,1.0,1.0
237,8733d5cc8ae956df,True,1.0,1.0,0.7899352787118006,1.0,1.0,1.0,0.9124730327965835
238,bc68d211a62d5c19,True,1.0,1.0,0.9587704506456302,1.0,1.0,1.0,0.9828210211023459
239,43ef28a235035eac,True,1.0,1.0,1.0,1.0,1.0,1.0,1.0
240,3ffbf8596e7655ec,True,1.0,1.0,1.0,1.0,1.0,1.0,1.0
241,8c2841e7cecf5047,True,1.0,1.0,0.82326984450897,1.0,1.0,1.0,0.9263624352120708
242,424cdafd92f25209,True,1.0,1.0,1.0,1.0,1.0,1.0,1.0
243,30b35ae958ee5bae,True,1.0,1.0,0.7432295081949369,1.0,1.0,1.0,0.8930122950812237
244,32a409f974555830,True,1.0,1.0,1.0,1.0,1.0,1.0,1.0
245,7fcc4151553a50e8,True,1.0,1.0,1.0,1.0,1.0,1.0,1.0
246,8ac66bedd6d057d2,True,1.0,1.0,0.5752779040579268,1.0,1.0,1.0,0.8230324600241362
247,d1065c7c84e054ae,True,1.0,1.0,1.0,1.0,1.0,1.0,1.0
248,0defa8939c9851ea,True,1.0,0.0,0.0,1.0,1.0,1.0,0.0
249,650d84864184549e,True,1.0,1.0,0.8119003422978704,1.0,1.0,1.0,0.9216251426241127
250,df2ed02abeba57fe,True,1.0,1.0,0.9922806682052537,1.0,1.0,1.0,0.9967836117521891
251,44230a68f8305c14,True,1.0,1.0,0.9239245199729302,1.0,1.0,1.0,0.9683018833220544
252,9fe281ced54b55b2,True,1.0,1.0,0.9390081346358858,1.0,1.0,1.0,0.9745867227649524
253,e6a94b91b19f5315,True,1.0,1.0,1.0,1.0,1.0,1.0,1.0
254,43cfa12f279355aa,True,1.0,1.0,0.773113218952351,1.0,1.0,1.0,0.9054638412301462
255,40280e58e4d45fde,True,1.0,0.0,0.0,1.0,1.0,0.5,0.0
256,8f1247f8436c5208,True,1.0,0.0,0.0,1.0,1.0,1.0,0.0
257,5e80270349cb530c,True,1.0,1.0,0.9217655806067361,1.0,1.0,1.0,0.9674023252528068
258,1b3ae7a2d38d5c6c,True,1.0,1.0,0.8460550526711231,1.0,1.0,1.0,0.9358562719463013
259,10d9d6d0ad405b9d,True,1.0,1.0,0.8729243700678123,1.0,1.0,1.0,0.9470518208615886
260,eb7ed87b4ef65273,True,1.0,1.0,1.0,1.0,1.0,1.0,1.0
261,960d5334ae8f54a5,True,1.0,1.0,1.0,1.0,1.0,1.0,1.0
262,578adc6dc97d510f,True,0.0,1.0,0.0,0.0,1.0,1.0,0.0
263,d745bef1cebc52e7,True,1.0,1.0,1.0,1.0,1.0,1.0,1.0
264,9016f4b84afb5913,True,1.0,1.0,1.0,1.0,1.0,1.0,1.0
265,ee82b0fc7b2a5208,True,1.0,1.0,0.7624394566478753,1.0,1.0,1.0,0.901016440269948
266,1b0f2e4276945f9a,True,1.0,1.0,1.0,1.0,1.0,1.0,1.0
267,b411a654aa215f1b,True,1.0,1.0,0.7585033284410484,1.0,1.0,1.0,0.8993763868504369
268,9ecb100495a5584e,True,1.0,1.0,1.0,1.0,1.0,1.0,1.0
269,7d1fdeb7e341522d,True,1.0,1.0,1.0,1.0,1.0,1.0,1.0
270,1b4499d988b052ce,True,1.0,1.0,1.0,1.0,1.0,1.0,1.0
271,163c9ec0110e5384,True,1.0,1.0,0.7101391481564355,1.0,1.0,1.0,0.8792246450651815
272,650ed02359615f58,True,1.0,1.0,0.7147278636671187,1.0,1.0,1.0,0.8811366098612995
273,6f0e15842e1b5924,True,1.0,1.0,0.7833383304691036,1.0,1.0,1.0,0.9097243043621265
274,b5a8b9b436b05bad,True,1.0,1.0,1.0,1.0,1.0,1.0,1.0
275,62013ac84b3a57e5,True,1.0,1.0,0.8261713251760447,1.0,1.0,1.0,0.9275713854900186
276,9e04987475e85dd5,True,1.0,1.0,0.8114815455731402,1.0,1.0,1.0,0.9214506439888085
277,6f61120208385a02,True,1.0,0.0,0.0,1.0,1.0,1.0,0.0
278,30765e467f6c5947,True,1.0,1.0,0.9583573701011339,1.0,1.0,1.0,0.9826489042088058
279,73e3a1a2ed275417,True,1.0,1.0,0.6191333008601418,1.0,1.0,1.0,0.8413055420250591
280,9af711dfa6eb5952,True,1.0,1.0,1.0,1.0,1.0,1.0,1.0
281,4b721ff0b7025f21,True,1.0,1.0,1.0,1.0,1.0,1.0,1.0
282,d781ee7dce4a5351,True,1.0,1.0,1.0,1.0,1.0,1.0,1.0
283,217307a367fd551a,True,1.0,1.0,0.757934100773337,1.0,1.0,1.0,0.8991392086555571
284,10ae805f0be95c1f,True,1.0,1.0,0.9062777900203669,1.0,1.0,1.0,0.9609490791751529
285,24567f5ad57455c4,True,1.0,1.0,1.0,1.0,1.0,1.0,1.0
286,cd177406e5b056d6,True,1.0,1.0,0.8280737862150468,1.0,1.0,1.0,0.9283640775896028
287,92106b8512315c03,True,1.0,1.0,1.0,1.0,1.0,1.0,1.0
288,af58d13139de5d3f,True,1.0,1.0,0.8431395190446958,1.0,1.0,1.0,0.9346414662686232
289,6c8a49ddb7435fbf,True,1.0,1.0,1.0,1.0,1.0,0.0,1.0
290,c20652fc6a78529b,True,1.0,1.0,0.691991561416631,1.0,1.0,1.0,0.8716631505902629
291,98c050c637ca5909,True,1.0,1.0,0.715594814042821,1.0,1.0,1.0,0.8814978391845086
292,d3484ba53e775a66,True,1.0,1.0,1.0,1.0,1.0,1.0,1.0
293,8fe72476d10c552a,True,1.0,1.0,0.8611159602527059,1.0,1.0,1.0,0.9421316501052942
294,3fa9c77540225eae,True,1.0,1.0,1.0,1.0,1.0,1.0,1.0
295,e29b049a9bf3509c,True,1.0,1.0,1.0,1.0,1.0,1.0,1.0
296,1faa29a936cd5277,True,1.0,1.0,0.8204297515846317,1.0,1.0,1.0,0.9251790631602632
297,6914bcabdeec5e0f,True,1.0,1.0,0.7722764250806207,1.0,1.0,1.0,0.9051151771169254
298,77e9812a54d05caf,True,1.0,1.0,1.0,1.0,1.0,0.0,1.0
299,0972cf3a4c5d5a39,True,1.0,1.0,0.7775751903478577,1.0,1.0,1.0,0.9073229959782741
300,35dbc03efb3c5f00,True,1.0,1.0,1.0,1.0,1.0,1.0,1.0
301,f7d2b771e8425c20,True,1.0,1.0,0.6758794383649864,1.0,1.0,1.0,0.864949765985411
302,b934233d0ea6536b,True,1.0,1.0,1.0,1.0,1.0,1.0,1.0
303,f5d8dc03a0555cdc,True,1.0,1.0,0.9855039959940348,1.0,1.0,1.0,0.9939599983308479
304,7d70562315ff5bc1,True,1.0,1.0,1.0,1.0,1.0,1.0,1.0
305,1a1aa689c53951ba,True,0.0,1.0,0.0,0.0,1.0,1.0,0.0
306,367ee5f18e345a72,True,1.0,1.0,0.8529261420170539,1.0,1.0,1.0,0.9387192258404391
307,b4f6a0719d2a5670,True,1.0,1.0,0.8753670549564178,1.0,1.0,1.0,0.9480696062318407
308,3e0511dc69b85b75,True,1.0,1.0,0.8599166488984997,1.0,1.0,1.0,0.9416319370410416
309,a03c5e53159f54c3,True,1.0,1.0,1.0,1.0,1.0,1.0,1.0
310,78beb0eba954535e,True,0.0,1.0,0.0,0.0,1.0,1.0,0.0
311,56587c89d25856b7,True,1.0,0.0,0.0,1.0,1.0,0.5,0.0
312,4d9c7a900c6c5081,True,1.0,1.0,0.7588527546505369,1.0,1.0,1.0,0.8995219811043903
313,b7bbef1569ca526e,True,1.0,1.0,1.0,1.0,1.0,1.0,1.0
314,557690c1c31357b1,True,1.0,1.0,0.9319527430718608,1.0,1.0,1.0,0.971646976279942
315,45e6bebee4305fb6,True,1.0,1.0,0.6809997107751076,1.0,1.0,1.0,0.8670832128229615
316,3eb063189dd15649,True,1.0,1.0,0.7932832845349733,1.0,1.0,1.0,0.9138680352229055
317,3f664a7d5f5e5bba,True,1.0,1.0,1.0,1.0,1.0,1.0,1.0
318,b3a00387265a5cdc,True,1.0,1.0,1.0,1.0,1.0,1.0,1.0
319,ad781cbf672a5485,True,1.0,1.0,0.6902302495629457,1.0,1.0,1.0,0.8709292706512274
320,54bf100910bc5b10,True,1.0,1.0,0.9689504786071762,1.0,1.0,1.0,0.9870626994196567
321,078bc1027dde5d1a,True,1.0,0.0,0.0,1.0,1.0,0.0,0.0
322,ab0c43fd9f2c5481,True,1.0,1.0,0.9848218669259448,1.0,1.0,1.0,0.9936757778858102
323,1e9a42ef8f4057a6,True,1.0,1.0,0.9113192177882022,1.0,1.0,1.0,0.9630496740784175
324,63a80bcca90b5dec,True,1.0,1.0,0.763253547512274,1.0,1.0,1.0,0.9013556447967809
325,6f8c03f8038757cc,True,0.0,1.0,0.0,0.0,1.0,1.0,0.0
326,fda70850d06c51a1,True,1.0,1.0,1.0,1.0,1.0,1.0,1.0
327,4b55193d36c35e4a,True,1.0,0.0,0.0,1.0,1.0,1.0,0.0
328,ad34e2d0d3865530,True,1.0,1.0,0.6922611831816784,1.0,1.0,1.0,0.871775492992366
329,81f49ac925aa5781,True,1.0,1.0,1.0,1.0,1.0,1.0,1.0
330,ceb9332b03d3577b,True,1.0,1.0,0.764459309495291,1.0,1.0,1.0,0.901858045623038
331,f4f1692fee475afa,True,1.0,1.0,0.884401413414721,1.0,1.0,1.0,0.9518339222561337
332,ee7be0b111a85c25,True,1.0,1.0,1.0,1.0,1.0,1.0,1.0
333,5fadffd02da256e5,True,1.0,1.0,0.7789427190328817,1.0,1.0,1.0,0.907892799597034
334,2aade0b3987d5366,True,1.0,1.0,0.9820755638495073,1.0,1.0,1.0,0.9925314849372947
335,697882c22eb65ca7,True,1.0,1.0,1.0,0.0,1.0,1.0,0.5833333333333334
336,fd7c51a15e5b54a6,True,1.0,1.0,0.7996100963062708,1.0,1.0,1.0,0.9165042067942796
337,63c145828c3b5fd8,True,1.0,1.0,0.5203438667386836,1.0,1.0,1.0,0.8001432778077847
338,f3f0ebe8d9185b69,True,1.0,1.0,0.8055301065417123,1.0,1.0,1.0,0.9189708777257134
339,eb5ef679c80959fe,True,1.0,1.0,1.0,1.0,1.0,1.0,1.0
340,79e011726ebe5aa0,True,1.0,1.0,1.0,1.0,1.0,1.0,1.0
341,ddfadfe2f0385b3b,True,1.0,1.0,0.9839520466520059,1.0,1.0,1.0,0.993313352771669
342,be87511d69ba58e7,True,1.0,1.0,0.917609177123981,1.0,1.0,1.0,0.9656704904683254
343,8164612a623156ae,True,1.0,1.0,1.0,1.0,1.0,1.0,1.0
344,3a4e9626c9aa5fa0,True,1.0,1.0,0.8714393461129613,1.0,1.0,1.0,0.9464330608804005
345,f6b9867069845fd2,True,1.0,1.0,0.5296813329283078,1.0,1.0,1.0,0.8040338887201282
346,e5bb04b7c6695184,True,1.0,1.0,1.0,1.0,1.0,1.0,1.0
347,c06d7badaabb5a9f,True,0.0,1.0,0.0,0.0,1.0,1.0,0.0
348,b47df4a21c515394,True,1.0,1.0,0.6812166225449096,1.0,1.0,1.0,0.8671735927270458
349,8898650e43665faf,True,1.0,1.0,0.7050172405304417,1.0,1.0,1.0,0.877090516887684
350,798f1981bb285b09,True,1.0,1.0,0.6284443275432573,1.0,1.0,1.0,0.8451851364763572
351,3346340e1c275766,True,1.0,0.0,0.0,1.0,1.0,1.0,0.0
352,948e3c9e26805b86,True,1.0,1.0,1.0,1.0,1.0,1.0,1.0
353,ad3d0b30c78355d4,True,1.0,1.0,0.8891415744052928,1.0,1.0,1.0,0.9538089893355387
354,b42d7dc2a3975573,True,1.0,0.0,0.0,1.0,1.0,1.0,0.0
355,6e59104beb995339,True,1.0,1.0,0.7722629289263889,1.0,1.0,1.0,0.9051095537193287
356,883bb02a4f7c5f0a,True,1.0,1.0,1.0,1.0,1.0,1.0,1.0
357,a30baeb5294658b3,True,1.0,1.0,0.8357007987415477,1.0,1.0,1.0,0.931541999475645
358,b9f3b69b160e5ad0,True,1.0,0.0,0.0,1.0,1.0,1.0,0.0
359,b27841ee318f5d92,True,1.0,1.0,0.9895655047212264,1.0,1.0,1.0,0.9956522936338444
360,179ca3af622e5e0d,True,0.0,1.0,0.0,0.0,1.0,1.0,0.0
361,8c9e3fd944c051e3,True,1.0,1.0,1.0,1.0,1.0,1.0,1.0
362,15b0967d1dab53f8,True,1.0,1.0,1.0,1.0,1.0,1.0,1.0
363,87da3996575459a8,True,1.0,1.0,0.6203499811798893,1.0,1.0,1.0,0.8418124921582871
364,1175b3b9d27252ef,True,1.0,1.0,1.0,1.0,1.0,1.0,1.0
365,e4eebb1bdcdf5ae6,True,1.0,0.0,0.0,1.0,1.0,1.0,0.0
366,a25c025ea58d5409,True,1.0,0.0,0.0,1.0,1.0,0.0,0.0
367,248288deae795ad8,True,1.0,1.0,0.864707185581334,1.0,1.0,1.0,0.9436279939922225
368,498c6f15e5c856bb,True,1.0,1.0,0.6134627402047441,1.0,1.0,1.0,0.8389428084186434
369,93512ae1de725307,True,1.0,1.0,1.0,1.0,1.0,1.0,1.0
370,3257b4f1ac7e5b62,True,1.0,1.0,0.6831942701011657,1.0,1.0,1.0,0.8679976125421524
371,2ccebcdb0da25be5,True,1.0,1.0,0.9863649963581669,1.0,1.0,1.0,0.9943187484825695
372,80b61a3a73f55af9,True,1.0,1.0,1.0,1.0,1.0,1.0,1.0
373,20c8f9038443596e,True,1.0,1.0,0.791778219262246,1.0,1.0,1.0,0.9132409246926025
374,6410f5684be757b5,True,1.0,1.0,0.6742332430103639,1.0,1.0,1.0,0.8642638512543183
375,a2cbf7c347a45c6e,True,1.0,1.0,1.0,1.0,1.0,1.0,1.0
376,df8bff51c1d95e09,True,1.0,1.0,1.0,1.0,1.0,1.0,1.0
377,cc9f9924e6f25e64,True,1.0,1.0,0.7496537724628137,1.0,1.0,1.0,0.8956890718595057
378,fe0a33d7599a59b3,True,1.0,1.0,0.5082431108715533,1.0,1.0,1.0,0.7951012961964805
379,f211c8127aff5246,True,1.0,1.0,0.9819630884405118,1.0,1.0,1.0,0.9924846201835466
380,dd72153f54fa59e7,True,1.0,1.0,0.8100161664663259,1.0,1.0,1.0,0.9208400693609692
381,9a03bf441e615cd6,True,1.0,1.0,0.8209543188070401,1.0,1.0,1.0,0.9253976328362666
382,6d93bbdab42255a9,True,1.0,1.0,1.0,1.0,1.0,1.0,1.0
383,f2e0d7e15fa253f0,True,1.0,1.0,0.7826286172631042,1.0,1.0,1.0,0.9094285905262934
384,8d83f07bed9d5f6a,True,1.0,1.0,1.0,1.0,1.0,1.0,1.0
385,5f2d040ee3bf5c6e,True,1.0,1.0,0.9333017682795679,0.0,1.0,1.0,0.55554240344982
386,f15b772180455c2f,True,1.0,1.0,0.7456905020678025,1.0,1.0,1.0,0.8940377091949178
387,e367d7a3c3b55302,True,0.0,0.0,0.0,0.0,1.0,1.0,0.0
388,b23be6b0d9765878,True,1.0,1.0,0.8413376817177549,1.0,1.0,1.0,0.9338907007157312
389,84409129e8075bca,True,1.0,1.0,0.812480240438456,1.0,1.0,1.0,0.9218667668493566
390,5380625bddba59a2,True,1.0,1.0,1.0,1.0,1.0,1.0,1.0
391,d3d9e16508ae5756,True,1.0,0.0,0.0,1.0,1.0,1.0,0.0
392,4dd55e4b78955eca,True,1.0,1.0,0.9919085833735708,1.0,1.0,1.0,0.9966285764056545
393,953b60711663549b,True,1.0,1.0,0.8508661762379975,1.0,1.0,1.0,0.9378609067658323
394,9d0ff46ac79e5e0b,True,1.0,1.0,0.7886682523785633,1.0,1.0,1.0,0.9119451051577347
395,3c7319cc63ab58c9,True,1.0,1.0,1.0,0.0,1.0,1.0,0.5833333333333334
396,5ff5c54200fe53fb,True,1.0,1.0,0.7201651722096571,1.0,1.0,1.0,0.8834021550873571
397,e2c14ab1fbe350b1,True,1.0,1.0,0.6823785592319407,1.0,1.0,0.5,0.8676577330133086
398,963a72ef9c615033,True,1.0,1.0,0.8922890120858357,0.0,1.0,1.0,0.5384537550357649
399,4da3c27db2495e9e,True,1.0,1.0,0.6204411299027752,1.0,1.0,1.0,0.841850470792823
400,435eadb0f1fe5b49,True,1.0,1.0,0.8574660588184784,1.0,1.0,1.0,0.9406108578410327
401,d3e99c65bb2a5d79,True,1.0,1.0,0.7971629164399715,1.0,1.0,1.0,0.9154845485166548
402,569f53e485335820,True,1.0,1.0,1.0,1.0,1.0,1.0,1.0
403,3af1019a97d959fa,True,1.0,1.0,1.0,1.0,1.0,1.0,1.0
404,e8850900bade58f6,True,1.0,1.0,1.0,1.0,1.0,1.0,1.0
405,c48cfa7c240d5808,True,1.0,1.0,1.0,0.0,1.0,1.0,0.5833333333333334
406,f790e64181a15f5a,True,1.0,1.0,1.0,1.0,1.0,1.0,1.0
407,02c8da231eb15ed2,True,1.0,1.0,1.0,1.0,1.0,0.5,1.0
408,f9bd532e790f53ea,True,1.0,1.0,0.6883161836169256,1.0,1.0,1.0,0.8701317431737191
409,2bce4431c5da5d1f,True,1.0,1.0,1.0,1.0,1.0,1.0,1.0
410,734ef653644c55b9,True,1.0,1.0,0.9209656071293084,0.0,1.0,0.0,0.5504023363038785
411,de0726643f515304,True,1.0,1.0,0.8317252650280412,1.0,1.0,1.0,0.9298855270950172
412,a22de94be8935752,True,1.0,1.0,0.5371974740114669,1.0,1.0,1.0,0.8071656141714446
413,d10c269610375646,True,1.0,1.0,1.0,1.0,1.0,1.0,1.0
414,0dc3dee5c8815a90,True,1.0,1.0,0.12768204420095883,1.0,1.0,1.0,0.6365341850837328
415,2ec48f094e475d85,True,1.0,1.0,1.0,1.0,1.0,1.0,1.0
416,bf478a1422445c12,True,1.0,1.0,0.7923638558767527,1.0,1.0,1.0,0.913484939948647
417,0000548db87959c2,True,1.0,1.0,0.62321707571152,1.0,1.0,1.0,0.8430071148798
418,6c81fef5b490580a,True,1.0,1.0,1.0,1.0,0.0,0.0,0.8333333333333334
419,b043b68462d7540c,True,1.0,1.0,1.0,1.0,1.0,1.0,1.0
420,faa12c2adc7c521f,True,1.0,0.0,0.0,1.0,1.0,0.5,0.0
421,efc8eef1e7b551d9,True,0.0,1.0,0.0,0.0,1.0,1.0,0.0
422,95005e9d60b05d1d,True,1.0,1.0,0.8679391838810907,1.0,1.0,1.0,0.9449746599504545
423,4302a0a4b9f05b61,True,1.0,1.0,0.6233277045188258,1.0,1.0,1.0,0.8430532102161775
424,16a2c04634ab5112,True,1.0,1.0,0.9381738913756201,1.0,1.0,1.0,0.9742391214065084
425,d83c3b7416f3577e,True,1.0,1.0,0.8440534351128985,1.0,1.0,1.0,0.9350222646303744
426,3f6732f66f695405,True,1.0,0.0,0.0,1.0,1.0,1.0,0.0
427,305634c7b587567f,True,1.0,1.0,0.7591193130804145,1.0,1.0,1.0,0.8996330471168393
428,79bdb6b499245d65,True,1.0,0.0,0.0,1.0,1.0,1.0,0.0
429,7272f8ee7e64591e,True,1.0,1.0,0.8301587830131049,1.0,1.0,1.0,0.9292328262554603
430,c418551cd6285092,True,1.0,1.0,0.7421329808181969,1.0,1.0,1.0,0.8925554086742488
431,79a151c333745253,True,1.0,1.0,0.8616700112346584,1.0,1.0,1.0,0.9423625046811077
432,2f1f5a4351e15458,True,1.0,1.0,0.867682732163486,1.0,1.0,1.0,0.9448678050681192
433,290a914d4ef15443,True,1.0,1.0,0.8397283538554958,1.0,1.0,1.0,0.93322014743979
434,b5e7acb62778580b,True,1.0,1.0,0.9482615643568248,1.0,1.0,1.0,0.9784423184820104
435,2bc2525a4ee95ef4,True,1.0,1.0,1.0,1.0,1.0,1.0,1.0
436,4d0df74bfb035f8a,True,1.0,1.0,0.6283044719245896,1.0,1.0,1.0,0.8451268633019123
437,680f4753a59c5a24,True,1.0,1.0,0.9641341006446027,0.0,1.0,1.0,0.5683892086019178
438,6fee6df4d64b5d9d,True,1.0,1.0,0.7223610440703697,1.0,1.0,1.0,0.8843171016959874
439,aa2962e446b45e1f,True,1.0,1.0,0.9614503402027801,1.0,1.0,1.0,0.9839376417511584
440,15959d7a3d3a53f5,True,1.0,1.0,0.5782226407329372,1.0,1.0,1.0,0.8242594336387238
441,e9fcec80707952c3,True,1.0,1.0,0.1339668326011322,1.0,1.0,1.0,0.6391528469171385
442,e1209ca7050c5033,True,1.0,1.0,0.7552457746667764,1.0,1.0,1.0,0.8980190727778234
443,42b4245406ee5ab8,True,1.0,1.0,0.8053639013080546,0.0,1.0,1.0,0.502234958878356
444,d1d1cb2c2a5b5a29,True,1.0,1.0,0.8065109097758457,1.0,1.0,1.0,0.9193795457399357
445,bd4dac2ccde55c08,True,1.0,1.0,0.8916799008113496,1.0,1.0,1.0,0.9548666253380623
446,3d6cbc2a95885eef,True,0.0,1.0,0.0,0.0,1.0,1.0,0.0
447,51c2558524435a31,True,1.0,1.0,0.8900085744864128,1.0,1.0,1.0,0.9541702393693386
448,fbc9981c30745684,True,0.5,0.0,0.0,0.0,1.0,0.5,0.0
449,ec5e157a5222534d,True,1.0,1.0,0.556686816481397,1.0,1.0,1.0,0.8152861735339153
450,66908680155c550a,True,1.0,1.0,0.8944353838511515,1.0,1.0,1.0,0.9560147432713132
451,68ea9d09300c5886,True,1.0,1.0,1.0,1.0,1.0,1.0,1.0
452,b12faa3892185d8f,True,1.0,1.0,0.5167713064730356,1.0,1.0,1.0,0.7986547110304315
453,54a9fe6636755234,True,0.5,1.0,1.0,0.0,1.0,1.0,0.2916666666666667
454,12f96c65436e56bf,True,1.0,1.0,0.9252131833398858,1.0,1.0,1.0,0.968838826391619
455,059ce9cd10135396,True,1.0,1.0,0.9207495670590209,1.0,1.0,1.0,0.966978986274592
456,df7e2f19b3cc5ba6,True,1.0,1.0,1.0,1.0,1.0,1.0,1.0
457,4d2d174465585abf,True,1.0,1.0,1.0,1.0,1.0,1.0,1.0
458,9b88dfaff2615c83,True,1.0,1.0,0.7838807867134217,1.0,1.0,1.0,0.9099503277972589
459,ce9ee9a68a4c5e93,True,1.0,1.0,1.0,1.0,1.0,1.0,1.0
460,196375ae13835990,True,1.0,1.0,0.9876692469310799,1.0,1.0,1.0,0.9948621862212833
461,e92c94f8bdcc54c6,True,1.0,1.0,0.8490165308923848,1.0,1.0,1.0,0.9370902212051604
462,8abfcd61303b52df,True,1.0,1.0,0.7211981394823365,1.0,1.0,1.0,0.8838325581176402
463,af5f095a4d815525,True,1.0,1.0,1.0,1.0,1.0,1.0,1.0
464,8777c80c80ad53e8,True,1.0,1.0,1.0,1.0,1.0,1.0,1.0
465,a5de46cebb7d5260,True,1.0,0.0,0.0,1.0,1.0,1.0,0.0
466,a7705685069f5979,True,1.0,1.0,0.9344951771071963,1.0,1.0,1.0,0.972706323794665
467,7b8d8487706f501e,True,1.0,1.0,1.0,0.0,1.0,1.0,0.5833333333333334
468,f1d33f8016b153ef,True,1.0,1.0,1.0,1.0,1.0,1.0,1.0
469,a9af1e73c9575428,True,1.0,0.0,0.0,1.0,1.0,0.0,0.0
470,00fcad6d092c5e8e,True,0.0,1.0,0.0,0.0,1.0,0.0,0.0
471,2bc38f766c8851fa,True,1.0,1.0,0.8728787054311359,1.0,1.0,0.0,0.94703279392964
472,bed7a2c445315bb7,True,1.0,0.0,0.0,1.0,1.0,1.0,0.0
473,cdf234c4f4c35156,True,1.0,1.0,0.8319486140860616,1.0,1.0,1.0,0.9299785892025256
474,7dd9388d605c50a1,True,1.0,1.0,0.9114990931569085,1.0,1.0,1.0,0.9631246221487119
475,2f4117000a605404,True,1.0,1.0,0.9334484569485392,1.0,1.0,1.0,0.9722701903952246
476,e38aa05b9c8b5e32,True,1.0,1.0,0.9554791734223733,1.0,1.0,1.0,0.9814496555926556
477,4b22a759c31a52c5,True,1.0,1.0,0.8732589396081643,1.0,1.0,1.0,0.9471912248367351
478,6c321000d6c0527a,True,1.0,1.0,1.0,1.0,1.0,1.0,1.0
479,9c9b62965da75764,True,1.0,1.0,0.9683769098668648,1.0,1.0,1.0,0.986823712444527
480,dd54db98a83b5714,True,1.0,1.0,0.7047338029256568,1.0,1.0,1.0,0.8769724178856904
481,04605629ea8a50cc,True,1.0,1.0,0.6078138506470008,1.0,1.0,1.0,0.8365891044362503
482,ac07a96cae965e88,True,1.0,1.0,1.0,1.0,1.0,1.0,1.0
483,0cbeffce57295a2b,True,1.0,1.0,1.0,1.0,1.0,1.0,1.0
484,b1e1c1a12339588a,True,1.0,1.0,1.0,1.0,1.0,1.0,1.0
485,159972aee8265c33,True,0.0,0.0,0.0,0.0,1.0,0.0,0.0
486,89e02236312d5038,True,1.0,0.0,0.0,1.0,1.0,1.0,0.0
487,2f1edc1ab2b55b05,True,1.0,1.0,0.8787678795166256,1.0,1.0,1.0,0.9494866164652608
488,351226f263825b4b,True,1.0,1.0,0.26265082931673367,1.0,1.0,1.0,0.6927711788819724
489,2e586c7da7c55eb3,True,1.0,1.0,1.0,0.0,1.0,0.5,0.5833333333333334
490,8a2c1d34f9df5213,True,1.0,1.0,1.0,1.0,1.0,1.0,1.0
491,f1002f2d240c514e,True,1.0,1.0,0.7324882000823396,1.0,1.0,1.0,0.8885367500343082
492,c52f491ebd5b521a,True,1.0,1.0,0.7889635680145809,1.0,1.0,1.0,0.9120681533394087
493,2805fe41d7d9543a,True,1.0,1.0,0.7206269158609496,1.0,1.0,1.0,0.8835945482753956
494,c8bf5f09438e5507,True,1.0,1.0,1.0,1.0,1.0,1.0,1.0
495,4cc1186b46d85ec4,True,1.0,1.0,0.8986154373804869,1.0,1.0,1.0,0.9577564322418696
496,28b94453e1cd578f,True,1.0,1.0,0.8726449781557284,1.0,1.0,1.0,0.9469354075648869
497,59c00098b95d53b8,True,1.0,1.0,0.6663066687061083,1.0,1.0,1.0,0.8609611119608784
498,215c38293c335e25,True,1.0,1.0,0.9359297021346056,1.0,1.0,1.0,0.9733040425560856
499,61573a0820cc553a,True,1.0,1.0,0.7948650137528038,1.0,1.0,1.0,0.9145270890636682
500,62eac0a6b7e05fbf,True,0.0,1.0,0.0,0.0,1.0,0.5,0.0
501,accb5d206fd05911,True,1.0,1.0,0.7194180551690545,1.0,1.0,1.0,0.8830908563204393
502,9184d994aedd50b1,True,1.0,1.0,0.5718852447776589,1.0,1.0,1.0,0.8216188519906913
503,7f2edc964c6d5323,True,1.0,1.0,0.4263445497827782,1.0,1.0,1.0,0.7609768957428242
504,4874da28248a5026,True,1.0,1.0,1.0,1.0,1.0,1.0,1.0
505,797606b9788852f2,True,1.0,1.0,1.0,1.0,1.0,1.0,1.0
506,6ff86f7f95cb502a,True,1.0,1.0,1.0,1.0,1.0,1.0,1.0
507,61d7fbf592275c75,True,1.0,1.0,0.7022269630330904,1.0,1.0,1.0,0.8759279012637876
508,cec165c3246d5529,True,1.0,0.0,0.0,1.0,1.0,1.0,0.0
509,87ecb477e85b5a58,True,1.0,1.0,0.9569968900411838,1.0,1.0,1.0,0.9820820375171598
510,b961186653e45dc2,True,1.0,1.0,0.8563368187324738,1.0,1.0,1.0,0.9401403411385307
511,692bea45f3de5fd0,True,1.0,0.0,0.0,1.0,1.0,1.0,0.0
512,c1c3bb73344c593a,True,1.0,1.0,0.7929332385525175,1.0,1.0,1.0,0.9137221827302157
513,8aa8e3e16c035d5e,True,1.0,1.0,1.0,1.0,1.0,1.0,1.0
514,00b838c358175255,True,1.0,1.0,0.8536427172930174,1.0,1.0,1.0,0.9390177988720906
515,47e005481cf0579d,True,1.0,1.0,0.8706855237074569,1.0,1.0,1.0,0.9461189682114405
516,52b428b6ff135845,True,1.0,1.0,1.0,1.0,1.0,1.0,1.0
517,69dcc80901db5a29,True,0.0,1.0,0.0,0.0,1.0,1.0,0.0
518,537935a8e7b653f2,True,1.0,1.0,0.536505335253449,1.0,1.0,0.5,0.8068772230222704
519,98c7a48dd75052ab,True,1.0,1.0,1.0,1.0,1.0,1.0,1.0
520,0fc626b8de655cc7,True,1.0,1.0,0.7175040522476848,1.0,1.0,1.0,0.8822933551032021
521,2113dcf1e88b598e,True,1.0,1.0,1.0,1.0,1.0,1.0,1.0
522,0e74f7b5b7c45c1b,True,1.0,1.0,0.8459610752658282,1.0,1.0,1.0,0.9358171146940951
523,a27875deccc151e0,True,1.0,1.0,0.7750062718857313,1.0,1.0,1.0,0.9062526132857215
524,08e03654c0ca5151,True,1.0,1.0,0.9942968522647855,1.0,1.0,1.0,0.9976236884436606
525,2cc421e9b3fd5c17,True,1.0,1.0,0.947299450520341,1.0,1.0,1.0,0.9780414377168087
526,16ac515a3ba45d76,True,1.0,1.0,0.7014585667740001,1.0,1.0,1.0,0.8756077361558333
527,ee526f78f4ce5d75,True,1.0,1.0,1.0,1.0,1.0,1.0,1.0
528,064018bfafb05f56,True,1.0,1.0,0.9502647460530224,1.0,1.0,1.0,0.9792769775220926
529,5ca8a2941e3f56c2,True,1.0,1.0,1.0,1.0,1.0,1.0,1.0
530,e02f26d0eb0152e3,True,1.0,1.0,0.9263168276941103,1.0,1.0,1.0,0.9692986782058792
531,dcb6ca8a732551eb,True,1.0,1.0,0.6235235121328611,1.0,1.0,1.0,0.8431347967220254
532,4ac7a80ebf915458,True,1.0,1.0,0.9838001799786986,1.0,1.0,1.0,0.9932500749911245
533,e8e01645fcde5b8e,True,1.0,1.0,0.9231351149092881,1.0,1.0,1.0,0.9679729645455367
534,bde15534dcdc5933,True,1.0,1.0,1.0,1.0,1.0,1.0,1.0
535,c45fc2b353c655af,True,1.0,1.0,0.9188422712753411,1.0,1.0,1.0,0.9661842796980588
536,6d3bb2ecca3e54b4,True,1.0,1.0,1.0,1.0,1.0,1.0,1.0
537,fe71d216396c5ab3,True,1.0,1.0,1.0,1.0,1.0,1.0,1.0
538,e54d6de2e70157b0,True,1.0,1.0,1.0,1.0,1.0,1.0,1.0
539,b5271c19eef859ed,True,0.0,1.0,0.0,0.0,1.0,1.0,0.0
540,bc949c2045ca5537,True,1.0,1.0,0.8019950590222551,1.0,1.0,1.0,0.9174979412592729
541,eb890bda8eb75f6c,True,1.0,1.0,0.8223653645051376,1.0,1.0,1.0,0.9259855685438074
542,deb16bb9771a582a,True,1.0,1.0,0.898135893011934,1.0,1.0,1.0,0.9575566220883059
543,0f31cc38f9f55c9a,True,1.0,1.0,0.8101999871825413,1.0,1.0,1.0,0.9209166613260589
544,8b0d50e645eb5ac7,True,1.0,1.0,0.9572564463963924,1.0,1.0,1.0,0.9821901859984968
545,c3bb1d6556d95d40,True,1.0,1.0,0.818608196299505,1.0,1.0,1.0,0.9244200817914604
546,cc54b0f77c84506d,True,1.0,1.0,0.8689440801630982,1.0,1.0,1.0,0.9453933667346242
547,522894525b4e5168,True,1.0,1.0,0.8861830111596137,1.0,1.0,1.0,0.9525762546498391
548,8f60912c624e5f5f,True,1.0,1.0,1.0,0.0,1.0,0.0,0.5833333333333334
549,01e3dbb4fbcd5781,True,1.0,1.0,1.0,1.0,1.0,1.0,1.0
550,8651cc01649b5d5b,True,1.0,1.0,0.6219733177946971,1.0,1.0,1.0,0.8424888824144571
551,31cdd1b336305b1a,True,1.0,1.0,0.8001132795492402,1.0,1.0,1.0,0.9167138664788501
552,c093d999a01c5e92,True,1.0,1.0,0.7544115529229244,1.0,1.0,1.0,0.8976714803845519
553,3e41024d080454b5,True,1.0,1.0,1.0,1.0,1.0,1.0,1.0
554,ee53e7213c995a0b,True,1.0,1.0,1.0,1.0,1.0,1.0,1.0
555,4102a6399acf528b,True,1.0,1.0,0.7692912052258893,1.0,1.0,1.0,0.9038713355107872
556,8a540001f3f0514d,True,1.0,1.0,0.944976644073067,1.0,1.0,1.0,0.9770736016971112
557,b628faa4178d5eaf,True,1.0,1.0,0.6738761203944035,1.0,1.0,1.0,0.8641150501643349
558,8b1aea091a6f5a16,True,0.0,1.0,0.0,0.0,1.0,1.0,0.0
559,81286af2aa9c5e17,True,1.0,0.0,0.0,1.0,1.0,1.0,0.0
560,f7544894729252f5,True,1.0,1.0,0.7321340706546176,1.0,1.0,1.0,0.8883891961060906
561,2ee0fbae6edc5e0d,True,1.0,1.0,1.0,1.0,1.0,1.0,1.0
562,55eed45c895852b9,True,1.0,1.0,1.0,1.0,1.0,1.0,1.0
563,5c934edce20758e5,True,1.0,1.0,0.7180612610521713,1.0,1.0,1.0,0.8825255254384047
564,2d7bc87644e85744,True,1.0,1.0,1.0,1.0,1.0,1.0,1.0
565,61e3a4acbdf55ffe,True,1.0,1.0,0.656624481011938,1.0,1.0,1.0,0.8569268670883075
566,8e04fd5e1613597a,True,1.0,1.0,0.8908969144208049,1.0,1.0,1.0,0.9545403810086688
567,b7453f77be5b53df,True,1.0,1.0,0.775929202324651,1.0,1.0,1.0,0.9066371676352712
568,bf4fdfa51e215217,True,1.0,1.0,0.8589372417805734,1.0,1.0,1.0,0.9412238507419056
569,0ac3823481f15815,True,1.0,1.0,0.7238357856768456,1.0,1.0,1.0,0.8849315773653523
570,02b68b9cc51f506a,True,1.0,1.0,0.7015286698043439,1.0,1.0,1.0,0.87563694575181
571,c2072dd6a3f85da0,True,1.0,1.0,0.5562498590270784,1.0,1.0,1.0,0.8151041079279494
572,e27b4628314951bb,True,1.0,1.0,0.7852850908719166,1.0,1.0,1.0,0.9105354545299652
573,02bfb6340c185b97,True,1.0,1.0,0.685719650237852,1.0,1.0,1.0,0.8690498542657717
574,1b88b298d405518e,True,1.0,1.0,0.8809928391145421,1.0,1.0,1.0,0.9504136829643924
575,7c62648ff8a25812,True,1.0,1.0,0.8654274106147584,1.0,1.0,1.0,0.9439280877561492
576,254290b4b4a35869,True,1.0,1.0,1.0,1.0,1.0,1.0,1.0
577,d3f00196d11c563c,True,1.0,1.0,0.9328078741798203,1.0,1.0,1.0,0.9720032809082584
578,03eef9b11774564f,True,1.0,1.0,1.0,1.0,1.0,1.0,1.0
579,28113a97a08b5ff1,True,1.0,1.0,1.0,1.0,1.0,1.0,1.0
580,0b4c7130090c5e85,True,1.0,1.0,1.0,1.0,1.0,1.0,1.0
581,e14d9a1990535a29,True,1.0,0.0,0.0,1.0,1.0,1.0,0.0
582,81935f2cb7d45945,True,1.0,1.0,0.9319780075995343,1.0,1.0,1.0,0.9716575031664726
583,e5e00457df055e1a,True,1.0,1.0,1.0,1.0,1.0,1.0,1.0
584,03143ef8f2f65a2f,True,1.0,0.0,0.0,1.0,1.0,1.0,0.0
585,a0801105ad8b5ad3,True,1.0,1.0,0.7988907578848269,1.0,1.0,1.0,0.9162044824520112
586,540098f126795a8c,True,1.0,1.0,0.764129583999116,1.0,1.0,1.0,0.9017206599996316
587,ecb0765ba5c05fa3,True,1.0,1.0,1.0,0.0,1.0,1.0,0.5833333333333334
588,5a454b4d1c535366,True,1.0,1.0,0.8795408455873202,1.0,1.0,1.0,0.9498086856613833
589,ac47687039a75848,True,1.0,1.0,0.7504646948009774,1.0,1.0,1.0,0.896026956167074
590,3067f3d3d5a75989,True,1.0,1.0,0.3452275868879332,1.0,1.0,1.0,0.7271781612033056
591,ff83944cb2845479,True,1.0,1.0,0.9515318510938454,1.0,1.0,1.0,0.9798049379557691
592,59a1d448fbdf53f6,True,1.0,1.0,1.0,1.0,1.0,1.0,1.0
593,bdb0f78978cd5307,True,1.0,1.0,0.8724643512764687,1.0,1.0,1.0,0.9468601463651952
594,96eed7e55d4c5f8b,True,1.0,1.0,0.8385808126107107,1.0,1.0,1.0,0.9327420052544628
595,f7f7750b2dc2548e,True,1.0,1.0,0.8042792131852837,1.0,1.0,1.0,0.9184496721605347
596,f6855b72b0aa57e2,True,1.0,1.0,0.8938501650534654,1.0,1.0,1.0,0.9557709021056106
597,e375b42cd83a5bf3,True,1.0,1.0,1.0,1.0,1.0,1.0,1.0
598,0038810163a05e09,True,1.0,1.0,1.0,1.0,1.0,1.0,1.0
599,f3c6560a01e55c94,True,1.0,1.0,1.0,1.0,1.0,1.0,1.0
600,3266d9113ede5f3c,True,1.0,1.0,0.8477295504839294,1.0,1.0,1.0,0.9365539793683039
601,ea85208e83eb57b6,True,1.0,1.0,1.0,1.0,1.0,1.0,1.0
602,342953cadb9f57b2,True,1.0,1.0,0.8744581712186832,1.0,1.0,1.0,0.9476909046744514
603,4bdff78fdccd5f6d,True,1.0,1.0,0.9000184150851595,1.0,1.0,1.0,0.9583410062854831
604,46a9bf6f100c5e0a,True,1.0,1.0,0.8570030709161862,1.0,1.0,1.0,0.9404179462150776
605,071d69045acb5971,True,1.0,1.0,0.8314408793681443,1.0,1.0,1.0,0.9297670330700601
606,f860a73be2cd5fe5,True,1.0,1.0,0.9009021346573726,1.0,1.0,1.0,0.9587092227739052
607,d12c5ba59acf55a0,True,1.0,0.0,0.0,1.0,1.0,0.0,0.0
608,e90b4ad6e7905adf,True,1.0,0.0,0.0,1.0,1.0,1.0,0.0
609,de62001a07db556c,True,1.0,0.0,0.0,1.0,1.0,0.0,0.0
610,bc667a4fc0f454d7,True,1.0,1.0,0.8795593244473782,1.0,1.0,1.0,0.9498163851864075
611,83c72c93de355a6b,True,1.0,1.0,1.0,1.0,1.0,1.0,1.0
612,23d70775af9754e8,True,1.0,1.0,1.0,1.0,1.0,1.0,1.0
613,8a6717a888fe55f9,True,1.0,1.0,0.7884672499750394,1.0,1.0,1.0,0.9118613541562665
614,812a8e70ad07507d,True,1.0,1.0,0.6182692594128684,1.0,1.0,1.0,0.8409455247553618
615,bb249c2d0c8a568c,True,1.0,1.0,0.8558376510897088,1.0,1.0,1.0,0.939932354620712
616,80d8679b8c215769,True,1.0,1.0,1.0,1.0,1.0,1.0,1.0
617,f2508193ac0c5f27,True,1.0,1.0,0.6855145890714484,1.0,1.0,1.0,0.8689644121131034
618,3c3991ec8d7a5507,True,1.0,1.0,0.7536383810055365,1.0,1.0,0.5,0.8973493254189736
619,cfbf3f55398f5fc6,True,1.0,1.0,0.09081651086626154,1.0,1.0,1.0,0.6211735461942757
620,828b1011212253c6,True,1.0,1.0,1.0,0.0,1.0,1.0,0.5833333333333334
621,3be53588a286557f,True,1.0,1.0,0.8847343078412022,1.0,1.0,1.0,0.9519726282671677
622,96dd879c7e365dc9,True,1.0,1.0,0.775515814529971,1.0,1.0,1.0,0.9064649227208212
623,6004740a8a8052f8,True,1.0,1.0,0.7960203300339117,1.0,1.0,1.0,0.9150084708474632
624,6871543e963f5bdf,True,1.0,1.0,0.6905089000579078,1.0,1.0,1.0,0.8710453750241283
625,61d8eb4fd2395520,True,1.0,1.0,0.7041609001144755,1.0,1.0,1.0,0.8767337083810315
626,2184b01d59d4550c,True,1.0,1.0,1.0,1.0,1.0,1.0,1.0
627,c054f473288d5515,True,1.0,0.0,0.0,1.0,1.0,1.0,0.0
628,6f1be4d182475bc8,True,1.0,1.0,1.0,1.0,1.0,1.0,1.0
629,d8f68111f5145cc9,True,1.0,1.0,0.9405662796683408,1.0,1.0,1.0,0.9752359498618087
630,d68dba02509b50a3,True,1.0,1.0,0.8495452438154393,1.0,1.0,0.5,0.9373105182564331
631,366c7e46b0415253,True,1.0,1.0,0.49399220907877267,1.0,1.0,1.0,0.7891634204494885
632,dd23e66ff660575e,True,1.0,1.0,0.8925132330924156,1.0,1.0,0.5,0.9552138471218399
633,9e77d9cf35e05d55,True,1.0,1.0,0.8674848039070039,1.0,1.0,1.0,0.9447853349612516
634,1b5606e475d554f7,True,1.0,1.0,0.9179928732752148,1.0,1.0,1.0,0.9658303638646729
635,4c24c3efe0e4519d,True,1.0,1.0,0.8050807483001092,1.0,1.0,1.0,0.9187836451250456
636,8b794f146fda58da,True,1.0,1.0,0.8476441997347997,1.0,1.0,1.0,0.9365184165561665
637,6062e3ace278511a,True,1.0,1.0,0.7851414017420307,1.0,1.0,1.0,0.9104755840591795
638,2c1f43c6b93c5952,True,1.0,1.0,0.7563406314627481,1.0,1.0,1.0,0.8984752631094785
639,ea1302023ad258ff,True,1.0,1.0,0.4408739134648817,1.0,1.0,0.5,0.7670307972770342
640,fa545b09688957b8,True,1.0,1.0,0.9935171848326105,1.0,1.0,1.0,0.9972988270135877
641,0d2ff90baf395430,True,1.0,1.0,1.0,1.0,1.0,1.0,1.0
642,acd0bceedc6852c2,True,1.0,1.0,0.6412777428777203,1.0,1.0,1.0,0.8505323928657168
643,1dc437ce152e55fa,True,1.0,1.0,0.7433539326568571,1.0,1.0,1.0,0.8930641386070238
644,8b369f66349d550a,True,1.0,1.0,1.0,1.0,1.0,1.0,1.0
645,34ed4880444350af,True,1.0,1.0,0.9453696522500136,1.0,1.0,1.0,0.9772373551041724
646,ff4125f507e35f9b,True,1.0,1.0,0.7784881302788178,1.0,1.0,1.0,0.9077033876161741
647,4b58ef9360555bac,True,0.0,1.0,0.0,0.0,1.0,1.0,0.0
648,40d51aff75a85ab9,True,1.0,1.0,0.7257534933995107,1.0,1.0,1.0,0.8857306222497962
649,e36edd3aedf05e30,True,1.0,1.0,0.7301057270186944,1.0,1.0,1.0,0.887544052924456
650,03d4ec82e7ac5804,True,1.0,1.0,0.8469469068992285,1.0,1.0,1.0,0.9362278778746784
651,f419cea88ed9500b,True,1.0,1.0,0.8302677222038801,1.0,1.0,1.0,0.9292782175849501
652,4755336a0e225d97,True,1.0,1.0,1.0,1.0,1.0,1.0,1.0
653,e80df2a74bfd5a22,True,1.0,1.0,0.9121483745041898,1.0,1.0,1.0,0.9633951560434125
654,fbe0e54ef79254bb,True,1.0,1.0,0.6219982092572748,1.0,1.0,1.0,0.8424992538571979
655,4ac092ec1bee5e7a,True,1.0,1.0,1.0,1.0,1.0,1.0,1.0
656,dc95b5731cc359f3,True,1.0,1.0,0.645769230869679,1.0,1.0,1.0,0.8524038461956995
657,d1ac97f2f57553d0,True,1.0,1.0,0.7815847181416075,1.0,1.0,1.0,0.9089936325590031
658,66dd7339f01b58c2,True,1.0,1.0,0.7711473710667233,1.0,1.0,1.0,0.904644737944468
659,ba9d1824bc8c5e7d,True,1.0,1.0,0.7964553400583222,1.0,1.0,1.0,0.9151897250243008
660,373707159e77583c,True,1.0,1.0,0.8991189088916294,1.0,1.0,1.0,0.9579662120381789
661,f2644280215250cd,True,1.0,1.0,0.9384746640734181,1.0,1.0,1.0,0.9743644433639241
662,9483bda6b31259bd,True,1.0,1.0,0.7040294738992381,1.0,1.0,1.0,0.8766789474580158
663,36383c82194a543d,True,1.0,1.0,1.0,1.0,1.0,1.0,1.0
664,80ea2a91b1845071,True,0.0,1.0,0.0,0.0,1.0,1.0,0.0
665,6b68c09f87b85dc8,True,1.0,1.0,0.9720206633060886,1.0,1.0,1.0,0.9883419430442036
666,cc063cc1396551a6,True,1.0,1.0,0.8369528919775158,1.0,1.0,1.0,0.9320637049906315
667,1082d34008e05df4,True,1.0,1.0,1.0,1.0,1.0,1.0,1.0
668,406564d5dc7358f6,True,1.0,1.0,1.0,1.0,1.0,1.0,1.0
669,a9f07bb60bd75461,True,1.0,1.0,0.8329003376343602,1.0,1.0,1.0,0.9303751406809834
670,e62e904da0695956,True,1.0,1.0,0.8876894168441384,1.0,1.0,1.0,0.9532039236850576
671,f1042fb26da2534a,True,1.0,1.0,0.8503366683002113,1.0,1.0,1.0,0.9376402784584214
672,4b347fca93c65596,True,1.0,1.0,0.6505784914780112,1.0,1.0,1.0,0.8544077047825046
673,e009079e2dc25bbf,True,1.0,1.0,0.9141678234666268,1.0,1.0,1.0,0.9642365931110946
674,e3ce6f2ef9765b9a,True,1.0,1.0,0.9628139315294589,1.0,1.0,1.0,0.9845058048039412
675,e68ddf5be41355dc,True,1.0,1.0,0.8793510687277337,1.0,1.0,1.0,0.949729611969889
676,355dadd64723531e,True,1.0,1.0,0.9386240810763766,1.0,1.0,1.0,0.9744267004484902
677,62515ff6d52a5e89,True,1.0,1.0,0.8206594764031913,1.0,1.0,1.0,0.925274781834663
678,53f754a75b955383,True,1.0,1.0,1.0,1.0,1.0,1.0,1.0
679,75811dfc02ce59f7,True,1.0,1.0,0.7358255389471986,1.0,1.0,1.0,0.889927307894666
680,23bd3a02e2855a28,True,1.0,1.0,0.5861023019101398,1.0,1.0,1.0,0.8275426257958917
681,7caa2336614b5ad3,True,1.0,1.0,0.8786918443395184,1.0,1.0,1.0,0.949454935141466
682,db601036b2fb58d7,True,1.0,1.0,1.0,1.0,1.0,1.0,1.0
683,30e29966db9156ee,True,1.0,1.0,0.5057010875915707,1.0,1.0,1.0,0.7940421198298212
684,45408d0676b7570c,True,1.0,1.0,1.0,1.0,1.0,1.0,1.0
685,3ff5c9a5bd155bb2,True,1.0,1.0,1.0,1.0,1.0,1.0,1.0
686,21d4990a6b4f597a,True,1.0,1.0,0.7629612183861906,1.0,1.0,1.0,0.9012338409942461
687,19f3e77fcd3353c5,True,1.0,1.0,1.0,1.0,1.0,1.0,1.0
688,406f8b299de35ce2,True,1.0,1.0,0.651939497304238,1.0,1.0,1.0,0.8549747905434325
689,0a7ed373b7de5037,True,1.0,0.0,0.0,1.0,1.0,1.0,0.0
690,07a369a8e34d541e,True,1.0,1.0,1.0,1.0,1.0,1.0,1.0
691,d0de8d6a350d55d9,True,1.0,1.0,1.0,1.0,1.0,1.0,1.0
692,239e3ed3199d5ae6,True,1.0,1.0,0.9560609536082131,1.0,1.0,1.0,0.9816920640034222
693,c772799eaf1f5ad1,True,1.0,0.0,0.0,1.0,1.0,1.0,0.0
694,45102df6530d59e8,True,1.0,1.0,0.9997362869597433,1.0,1.0,1.0,0.9998901195665596
695,5d5cef2e5d6b5d6b,True,1.0,1.0,0.7704313874270537,1.0,1.0,1.0,0.9043464114279391
696,5691c7c24fdd5e16,True,1.0,1.0,1.0,1.0,1.0,1.0,1.0
697,1935e5d682ff5981,True,1.0,1.0,0.9093030733097051,1.0,1.0,0.5,0.9622096138790438
698,ff9058bacb845910,True,1.0,1.0,1.0,1.0,1.0,1.0,1.0
699,480325e1f5085385,True,1.0,1.0,1.0,0.0,1.0,1.0,0.5833333333333334
700,30a0f5cf9ab95eee,True,1.0,1.0,0.8691932737171448,1.0,1.0,1.0,0.9454971973821437
701,5a8a6c9d92935076,True,1.0,0.0,0.0,1.0,1.0,1.0,0.0
702,263367576c285a2a,True,1.0,1.0,1.0,1.0,1.0,1.0,1.0
703,491a9b7a44225a75,True,1.0,1.0,1.0,0.0,1.0,1.0,0.5833333333333334
704,a48870c447ef5fe5,True,1.0,1.0,0.6858284243870242,1.0,1.0,1.0,0.8690951768279267
705,c6e9b00edaa454da,True,1.0,1.0,0.6309086734976611,1.0,1.0,1.0,0.846211947290692
706,5ad705654fd3547d,True,1.0,1.0,0.8097499439091882,1.0,1.0,1.0,0.9207291432954952
707,3ef16d00a16b5c94,True,1.0,1.0,0.7718247933584954,1.0,1.0,1.0,0.9049269972327064
708,8b1193abd0b75de0,True,1.0,1.0,0.9768334768666299,1.0,1.0,1.0,0.9903472820277625
709,90fa31af769c5e8d,True,1.0,1.0,0.9452032121109211,1.0,1.0,1.0,0.9771680050462171
710,24108688ab4856ab,True,1.0,1.0,0.5287575588169618,1.0,1.0,1.0,0.8036489828404006
711,5239e2cfe006568b,True,1.0,1.0,0.6259007832771377,1.0,1.0,1.0,0.8441253263654741
712,1d538fa6a8825de1,True,1.0,1.0,0.790472932521405,0.0,1.0,1.0,0.49603038855058545
713,e36e9da57e1e5e32,True,1.0,1.0,0.5314629066545005,1.0,1.0,1.0,0.8047762111060418
714,2cde4f39412a556d,True,1.0,1.0,0.8948155190428082,1.0,1.0,1.0,0.9561731329345035
715,53c908f42e685998,True,1.0,1.0,1.0,1.0,1.0,1.0,1.0
716,9d87610ffed85509,True,1.0,1.0,0.9516673478392449,1.0,1.0,1.0,0.9798613949330187
717,ba69be06341d5b2b,True,1.0,1.0,0.9952896074500461,1.0,1.0,1.0,0.9980373364375192
718,919fcdbcf46f58d1,True,1.0,1.0,0.9119076998575831,1.0,1.0,1.0,0.9632948749406597
719,fbc91394092b5dbb,True,1.0,1.0,0.7739080394941643,1.0,1.0,1.0,0.9057950164559019
720,6e778c30490d5f50,True,1.0,1.0,0.9003366184693099,1.0,1.0,1.0,0.9584735910288792
721,6ea198f259b85e49,True,1.0,1.0,1.0,1.0,1.0,1.0,1.0
722,1f55063084fd593c,True,1.0,1.0,1.0,1.0,1.0,1.0,1.0
723,2dad1998a320527d,True,1.0,1.0,0.8692240378362824,1.0,1.0,1.0,0.9455100157651177
724,71017c020a0b5a75,True,1.0,1.0,0.5868060406450927,1.0,1.0,1.0,0.8278358502687886
725,2ad9640eb724590d,True,1.0,1.0,0.760748589263337,1.0,1.0,1.0,0.9003119121930571
726,55b7f0c50f4a5157,True,1.0,1.0,1.0,1.0,1.0,1.0,1.0
727,9a3778686fd058d2,True,1.0,0.0,0.0,1.0,1.0,0.5,0.0
728,0d09772186295ff0,True,1.0,1.0,0.9509760847682308,1.0,1.0,1.0,0.9795733686534295
729,50ab222cd07b5bcd,True,1.0,1.0,0.8595100493961956,1.0,1.0,1.0,0.9414625205817483
730,ba62104a517e5a9b,True,1.0,0.0,0.0,1.0,1.0,1.0,0.0
731,af335d636f4c516e,True,1.0,1.0,0.9041995003840387,1.0,1.0,1.0,0.9600831251600161
732,a460a03aab635f35,True,1.0,0.0,0.0,1.0,1.0,1.0,0.0
733,dd951db716735c82,True,1.0,1.0,0.6455506604968574,1.0,1.0,1.0,0.8523127752070239
734,9b5cb743a4a4590b,True,1.0,1.0,1.0,1.0,1.0,0.0,1.0
735,2fb12c4c2eec5b8d,True,1.0,1.0,1.0,1.0,1.0,1.0,1.0
736,ccc2b2377fea5191,True,1.0,1.0,1.0,1.0,1.0,1.0,1.0
737,b6b0722747565854,True,1.0,1.0,0.8544035982353759,1.0,1.0,1.0,0.9393348325980733
738,7f9c22da74d35642,True,1.0,1.0,0.87028540388066,1.0,1.0,1.0,0.9459522516169416
739,8a4a0c6823cd5e33,True,1.0,1.0,0.970254676415196,1.0,1.0,1.0,0.9876061151729983
740,210a1c9ce3725a53,True,1.0,1.0,0.927075440696061,1.0,1.0,1.0,0.969614766956692
741,d9fdaff6c17659bc,True,1.0,1.0,0.8089593403259299,1.0,1.0,1.0,0.9203997251358041
742,ba190b181dc85a2b,True,1.0,1.0,0.8774385923815357,1.0,1.0,1.0,0.94893274682564
743,7e9101f6d01a53e0,True,1.0,1.0,0.5329385876866012,1.0,1.0,1.0,0.8053910782027506
744,551afc276a1a5ab3,True,1.0,1.0,0.7293116822660665,1.0,1.0,1.0,0.8872132009441943
745,3d2f4a8fb8b55572,True,1.0,1.0,0.8283064578061833,1.0,1.0,1.0,0.9284610240859097
746,238955ab60075940,True,1.0,1.0,0.8206425652210987,1.0,1.0,1.0,0.9252677355087912
747,1e6597b57a335949,True,1.0,1.0,1.0,1.0,1.0,1.0,1.0
748,0994517bde3c5188,True,1.0,1.0,0.5272336483994131,1.0,1.0,1.0,0.8030140201664221
749,30638699ab8e575c,True,1.0,1.0,1.0,1.0,1.0,1.0,1.0
750,b4914b3d729357d1,True,1.0,0.0,0.0,1.0,1.0,1.0,0.0
751,aa84169dd1f3538d,True,1.0,1.0,1.0,1.0,1.0,1.0,1.0
752,4fbfc7dc71db50e2,True,1.0,1.0,0.8036542774982957,1.0,1.0,1.0,0.9181892822909564
753,96c8893a610b51ba,True,1.0,1.0,0.7583475886875576,1.0,1.0,1.0,0.8993114952864824
754,3eaf6c916382509b,True,1.0,1.0,0.8549391994012985,1.0,1.0,1.0,0.9395579997505411
755,01e6276eff385ea8,True,1.0,0.0,0.0,0.0,1.0,0.5,0.0
756,34e7c93be2465f25,True,1.0,1.0,0.548774251820095,1.0,1.0,1.0,0.8119892715917062
757,1586b456d978588f,True,1.0,1.0,1.0,1.0,1.0,1.0,1.0
758,95bd905e3f685a28,True,1.0,1.0,0.7768515927111375,1.0,1.0,1.0,0.9070214969629738
759,508511fd38a15d52,True,1.0,1.0,0.9042917655795099,1.0,1.0,1.0,0.9601215689914625
760,c9968e9ec0135b9d,True,0.0,1.0,0.0,0.0,1.0,1.0,0.0
761,c37a081992495a0e,True,1.0,0.0,0.0,1.0,1.0,1.0,0.0
762,9666a4125db25507,True,1.0,1.0,0.7951433272563145,1.0,1.0,1.0,0.9146430530234643
763,975e6554112f5a46,True,1.0,1.0,1.0,1.0,0.0,1.0,0.8333333333333334
764,c4fbbd685a1953c5,True,1.0,1.0,0.7312368391943489,1.0,1.0,1.0,0.888015349664312
765,a4bc6340456351af,True,1.0,1.0,1.0,1.0,1.0,1.0,1.0
766,abe1ac610c3d5b82,True,1.0,1.0,0.8063638291420334,1.0,1.0,1.0,0.9193182621425139
767,4c3547b853675e66,True,1.0,0.0,0.0,1.0,1.0,1.0,0.0
768,b691d77ef9ff5d5e,True,1.0,1.0,1.0,1.0,1.0,1.0,1.0
769,1c044069a36c5d4b,True,1.0,1.0,0.6991096275411867,1.0,1.0,1.0,0.8746290114754944
770,2ee34c8975525f5c,True,1.0,1.0,1.0,1.0,1.0,1.0,1.0
771,562f38636f975be4,True,1.0,1.0,1.0,1.0,1.0,1.0,1.0
772,a988872adfe45a71,True,1.0,1.0,1.0,1.0,1.0,1.0,1.0
773,9b16e4fea2c25446,True,1.0,1.0,0.8924022998321374,1.0,1.0,1.0,0.9551676249300572
774,ab66df989bcc56aa,True,1.0,1.0,0.9665366039691031,1.0,1.0,1.0,0.9860569183204596
775,aacc2ed7ba2859c5,True,1.0,0.0,0.0,1.0,1.0,1.0,0.0
776,90c6b53ec4a252bc,True,1.0,1.0,1.0,1.0,1.0,1.0,1.0
777,143989e6ed115458,True,1.0,1.0,0.8373058798964764,1.0,1.0,1.0,0.9322107832901985
778,488dd191f7dc59a8,True,0.0,1.0,0.0,0.0,1.0,1.0,0.0
779,a1e8639c17ac5089,True,1.0,1.0,1.0,1.0,1.0,1.0,1.0
780,8436ac812af859df,True,1.0,1.0,1.0,1.0,1.0,1.0,1.0
781,c354c8cf3c975581,True,1.0,1.0,0.9415070049723322,1.0,1.0,1.0,0.9756279187384718
782,1fb997ffe1de58f8,True,1.0,1.0,0.7875909921877695,1.0,1.0,1.0,0.911496246744904
783,6dfba05513f05909,True,1.0,1.0,0.6071710729519703,1.0,1.0,1.0,0.8363212803966542
784,39b4d546300958ad,True,1.0,1.0,0.23692757409528972,1.0,1.0,1.0,0.6820531558730374
785,540ec2943ea050c9,True,1.0,1.0,1.0,1.0,1.0,1.0,1.0
786,91fc00df56ae5aca,True,1.0,1.0,0.7396071672656653,1.0,1.0,1.0,0.8915029863606939
787,decc2e4c0f445afc,True,1.0,1.0,0.7399923356956731,1.0,1.0,1.0,0.8916634732065304
788,b4aa2f58df795a92,True,1.0,1.0,0.8033036558232639,1.0,1.0,1.0,0.9180431899263599
789,92c6df44cf055882,True,1.0,1.0,0.5741348616714819,1.0,1.0,1.0,0.8225561923631174
790,4742cf16ab0f515b,True,1.0,1.0,1.0,1.0,1.0,1.0,1.0
791,da0aac1f6c225eca,True,1.0,1.0,0.6265541532333672,1.0,1.0,1.0,0.8443975638472363
792,d496c44726c35e33,True,1.0,1.0,1.0,1.0,1.0,1.0,1.0
793,71f883f1ec8f5e37,True,1.0,1.0,1.0,1.0,1.0,1.0,1.0
794,f72d2f080fe35910,True,1.0,1.0,0.8200467294318262,1.0,1.0,1.0,0.9250194705965943
795,f5cf721a02df5ba1,True,1.0,1.0,0.826547355393256,1.0,1.0,1.0,0.9277280647471899
796,8a3c6c3502035e11,True,1.0,0.0,0.0,1.0,1.0,0.0,0.0
797,96a252e16d1553e1,True,1.0,1.0,0.9709080910117331,1.0,1.0,1.0,0.9878783712548888
798,73872fdc28995ad6,True,1.0,1.0,0.5709894837179709,1.0,1.0,0.5,0.8212456182158213
799,61c5308743b35db2,True,1.0,1.0,0.6683191977323765,1.0,1.0,1.0,0.8617996657218235
800,c41b4666b98e5b92,True,1.0,1.0,1.0,1.0,1.0,1.0,1.0
801,aa1b434771cb52d0,True,1.0,1.0,0.29587573976878995,1.0,1.0,1.0,0.7066148915703291
802,0b6912dfdcf450c1,True,1.0,1.0,1.0,0.0,1.0,1.0,0.5833333333333334
803,167d6bc7be735e55,True,1.0,1.0,1.0,1.0,1.0,1.0,1.0
804,e85416da86d4567f,True,1.0,1.0,0.7416839095576936,1.0,1.0,1.0,0.892368295649039
805,502fadfdde3554b2,True,1.0,1.0,0.5287062631981329,0.0,1.0,0.5,0.386960942999222
806,6e0a467af0205f04,True,1.0,1.0,0.7733097722834655,1.0,1.0,1.0,0.905545738451444
807,695d7450eb3958c1,True,1.0,1.0,0.7169838930834084,1.0,1.0,1.0,0.8820766221180868
808,b845e97a49a75cd0,True,1.0,1.0,0.545480171701139,1.0,1.0,1.0,0.810616738208808
809,5e74b6a61b715f47,True,0.0,1.0,0.0,0.0,1.0,1.0,0.0
810,a8dacf347a605f0d,True,1.0,1.0,0.8033909846846944,1.0,1.0,1.0,0.9180795769519561
811,6da3bcc544be52d3,True,1.0,1.0,0.6232815994124616,1.0,1.0,1.0,0.8430339997551922
812,d5f845d28a5e513f,True,1.0,1.0,0.8579001388093462,1.0,1.0,1.0,0.9407917245038943
813,e6be0f4d0dc351d0,True,1.0,1.0,1.0,1.0,1.0,1.0,1.0
814,86d5685d21d15ee9,True,1.0,1.0,0.7129369555674663,1.0,1.0,1.0,0.880390398153111
815,ac28e0768c6a5821,True,1.0,1.0,1.0,1.0,1.0,1.0,1.0
816,24e453c47f635ae2,True,1.0,0.0,0.0,0.0,1.0,1.0,0.0
817,037b976caae85af5,True,1.0,1.0,0.6642108049783538,1.0,1.0,1.0,0.8600878354076474
818,6f0538a6ba9c5b7f,True,1.0,1.0,1.0,1.0,1.0,1.0,1.0
819,13fe271547945a97,True,1.0,1.0,1.0,1.0,1.0,1.0,1.0
820,654f6079561e5cdb,True,1.0,1.0,0.9879825944596948,1.0,1.0,1.0,0.9949927476915396
821,35b810aad36b553a,True,1.0,0.0,0.0,1.0,1.0,1.0,0.0
822,d4f5976a6d615330,True,1.0,1.0,1.0,1.0,1.0,1.0,1.0
823,810b73ca95975db9,True,1.0,1.0,0.9930261404914277,1.0,1.0,1.0,0.9970942252047615
824,ee86c71bc0765fd0,True,1.0,1.0,1.0,0.0,1.0,1.0,0.5833333333333334
825,f29d6171f46b551d,True,1.0,1.0,0.7974390695002848,1.0,1.0,1.0,0.9155996122917852
826,e76e7c89a8935276,True,1.0,1.0,0.8560912110072081,1.0,1.0,1.0,0.9400380045863367
827,9a24a904a324581d,True,1.0,1.0,1.0,1.0,1.0,1.0,1.0
828,efb87bb3ff675f08,True,1.0,1.0,0.7674174295320911,1.0,1.0,0.0,0.9030905956383712
829,4b3a1e85619e557f,True,1.0,1.0,1.0,1.0,1.0,1.0,1.0
830,b3c1a2ac292d5e3f,True,1.0,1.0,1.0,1.0,1.0,1.0,1.0
831,65caa24efb4556af,True,1.0,1.0,0.7627880381498809,1.0,1.0,1.0,0.9011616825624503
832,dd1ab5d48c6358ef,True,1.0,1.0,0.8056363771427199,0.0,1.0,1.0,0.5023484904761333
833,fb351801ac245053,True,1.0,1.0,1.0,1.0,1.0,1.0,1.0
834,47359dd210e254ea,True,1.0,1.0,1.0,1.0,1.0,1.0,1.0
835,8659bfccd4195fb6,True,1.0,1.0,0.7855253782591579,1.0,1.0,1.0,0.9106355742746491
836,0ba54149d1575f95,True,1.0,1.0,1.0,1.0,1.0,1.0,1.0
837,abdc7a57df4a56cd,True,1.0,1.0,1.0,1.0,1.0,1.0,1.0
838,9389ef5de0935e29,True,1.0,1.0,0.605657431312966,1.0,1.0,1.0,0.8356905963804024
839,b664ff6d2c185e31,True,1.0,1.0,1.0,1.0,1.0,1.0,1.0
840,2b04c510144e5545,True,1.0,1.0,1.0,1.0,1.0,1.0,1.0
841,4a35a95ee57f5572,True,1.0,1.0,1.0,1.0,1.0,1.0,1.0
842,8d06ea883e7853a9,True,1.0,1.0,0.7552529154911397,1.0,1.0,1.0,0.8980220481213083
843,d243aa8117495932,True,1.0,1.0,1.0,1.0,1.0,1.0,1.0
844,0a21cbc65e5b514f,True,1.0,1.0,0.751210274809612,1.0,1.0,1.0,0.896337614504005
845,ca4f746c0a4f5396,True,1.0,1.0,0.7033751144259002,1.0,1.0,1.0,0.8764062976774584
846,1ebc0b5378ab5caa,True,1.0,1.0,1.0,1.0,1.0,1.0,1.0
847,3f2cec87b5ad5d96,True,1.0,1.0,0.9817240657438929,1.0,1.0,1.0,0.9923850273932887
848,4e12d62c42575ac3,True,1.0,1.0,0.09950636530914807,1.0,1.0,1.0,0.6247943188788118
849,8d7e4421c3e45c99,True,1.0,1.0,0.7802750242281009,1.0,1.0,1.0,0.9084479267617086
850,cba43d02cf795a0f,True,1.0,1.0,1.0,0.0,1.0,1.0,0.5833333333333334
851,77f9c895af8b59f3,True,1.0,1.0,1.0,1.0,1.0,1.0,1.0
852,31ffaa640cf85134,True,1.0,1.0,1.0,1.0,1.0,1.0,1.0
853,d12fdbd7f3265051,True,1.0,1.0,0.8570318360152984,1.0,1.0,1.0,0.940429931673041
854,708d081d555a5aa7,True,1.0,1.0,0.6046716601684582,1.0,1.0,1.0,0.8352798584035243
855,94ae12c4703950be,True,1.0,1.0,0.7609151552807639,1.0,1.0,1.0,0.9003813147003182
856,2ef107f7be2351a5,True,1.0,1.0,0.9283219291049614,1.0,1.0,1.0,0.9701341371270672
857,0d77009a20f25175,True,1.0,1.0,0.7702452896464753,1.0,1.0,1.0,0.9042688706860313
858,87fa0c79b31c563a,True,0.5,0.0,0.0,0.0,1.0,1.0,0.0
859,9a00d37375a95d7e,True,1.0,1.0,0.5486756439269491,1.0,1.0,1.0,0.8119481849695621
860,bed4ec62805f5790,True,1.0,1.0,1.0,1.0,1.0,1.0,1.0
861,553c80b72cdc5c04,True,1.0,1.0,0.8132467306002076,1.0,1.0,1.0,0.9221861377500865
862,892f8a0d37dd5af3,True,1.0,1.0,0.9220084695396139,1.0,1.0,1.0,0.9675035289748392
863,cd9330daeec55224,True,1.0,1.0,0.5587702291188724,1.0,1.0,1.0,0.8161542621328635
864,8792fb68a0b2586a,True,1.0,1.0,0.8442807323051105,1.0,1.0,1.0,0.935116971793796
865,f205efb84def5cc8,True,1.0,1.0,0.8198481165937104,1.0,1.0,1.0,0.9249367152473793
866,67c138fc9ac459b5,True,1.0,0.0,0.0,1.0,1.0,1.0,0.0
867,d01fec804cd45644,True,1.0,1.0,0.6804311488068188,1.0,1.0,1.0,0.8668463120028411
868,a7a7c9782f3951a1,True,1.0,1.0,1.0,1.0,1.0,1.0,1.0
869,e1e4395724c05092,True,1.0,1.0,0.8511877969205583,1.0,1.0,1.0,0.937994915383566
870,f14a3d3672035597,True,1.0,1.0,1.0,1.0,1.0,1.0,1.0
871,fd9b66480e895706,True,1.0,1.0,0.7112442671641772,1.0,1.0,1.0,0.8796851113184072
872,c2ce362b9cf95fee,True,1.0,1.0,0.6860009323213373,1.0,1.0,1.0,0.8691670551338905
873,6c08755130155f96,True,1.0,1.0,1.0,1.0,1.0,1.0,1.0
874,49a747ca28cd5d5f,True,1.0,1.0,0.7859903773008224,1.0,1.0,1.0,0.9108293238753427
875,e699fb1c75b95e57,True,1.0,1.0,0.7654539706464706,1.0,1.0,1.0,0.9022724877693628
876,621a9591a97758b8,True,1.0,1.0,0.6826070141727181,1.0,1.0,1.0,0.8677529225719658
877,7f890846214d583a,True,1.0,1.0,0.862153707310405,1.0,1.0,1.0,0.9425640447126687
878,e3f62a1acf9d565e,True,1.0,1.0,1.0,1.0,1.0,1.0,1.0
879,f8f1d3aa1a30553d,True,1.0,1.0,0.7412197144177322,1.0,1.0,1.0,0.8921748810073883
880,af682242313853cb,True,1.0,1.0,1.0,1.0,1.0,1.0,1.0
881,dd9efbb06b495921,True,1.0,1.0,0.6066904847034663,1.0,1.0,1.0,0.836121035293111
882,70e6b8db27e55b53,True,1.0,1.0,1.0,1.0,1.0,0.5,1.0
883,ba09d23c78b95a66,True,1.0,1.0,0.9507109732285499,1.0,1.0,1.0,0.9794629055118959
884,20ec6765e35d5cd1,True,1.0,1.0,1.0,1.0,1.0,1.0,1.0
885,b5be372c45f05a96,True,1.0,1.0,0.8175784075074305,1.0,1.0,1.0,0.923991003128096
886,c7b030a4025a5066,True,1.0,0.0,0.0,1.0,1.0,0.5,0.0
887,0ed2cf016ddc5f90,True,1.0,1.0,0.7749290272676332,1.0,1.0,1.0,0.9062204280281806
888,bd646d9caaef57d8,True,1.0,1.0,1.0,1.0,1.0,1.0,1.0
889,ec3a67acceec55cc,True,1.0,1.0,1.0,1.0,1.0,1.0,1.0
890,de664d2cb249576d,True,1.0,1.0,0.8992076710707634,1.0,1.0,1.0,0.9580031962794848
891,ef7089ecfb0c5028,True,1.0,1.0,1.0,0.0,1.0,1.0,0.5833333333333334
892,3e7237c8a7815648,True,1.0,1.0,1.0,1.0,1.0,1.0,1.0
893,722ed88251d25420,True,1.0,1.0,0.7712074612627021,1.0,1.0,1.0,0.9046697755261258
894,505e82147a375933,True,1.0,1.0,1.0,0.0,1.0,1.0,0.5833333333333334
895,47e0ff3bc36a5f69,True,1.0,1.0,0.6943513358611348,1.0,1.0,1.0,0.8726463899421395
896,cbd04a396e145288,True,1.0,1.0,1.0,1.0,1.0,1.0,1.0
897,d5b21176c2e1526c,True,1.0,1.0,0.9943595503167977,1.0,1.0,0.5,0.997649812631999
898,5004df3161065742,True,1.0,1.0,0.6836167840510059,1.0,1.0,1.0,0.8681736600212524
899,a366d90f10ca5866,True,1.0,1.0,0.9656356894791054,1.0,1.0,1.0,0.9856815372829605
900,6e395976280452e1,True,1.0,1.0,1.0,1.0,1.0,1.0,1.0
901,9900336c08095d0f,True,1.0,0.0,0.0,1.0,1.0,0.5,0.0
902,b999dd3826b058a7,True,1.0,0.0,0.0,1.0,1.0,1.0,0.0
903,0774f845fe6b5de3,True,1.0,1.0,1.0,1.0,1.0,1.0,1.0
904,1636385aa7ce5995,True,1.0,1.0,0.995180975158618,1.0,1.0,1.0,0.9979920729827576
905,4f5e535c78385629,True,1.0,1.0,1.0,1.0,1.0,1.0,1.0
906,c962887d22e95f88,True,1.0,1.0,1.0,1.0,1.0,1.0,1.0
907,52cad7d83eb65e75,True,1.0,1.0,0.7867914986750386,1.0,1.0,1.0,0.9111631244479327
908,430f1f445caf5b3e,True,1.0,0.0,0.0,1.0,1.0,1.0,0.0
909,31811172f43c5188,True,1.0,1.0,1.0,1.0,1.0,1.0,1.0
910,2833a305300f5394,True,1.0,1.0,1.0,1.0,1.0,1.0,1.0
911,564b7ca4f210501e,True,1.0,1.0,0.7924155023039985,1.0,1.0,1.0,0.9135064592933327
912,64883fdea50b5b8c,True,1.0,1.0,0.9306001207886858,1.0,1.0,1.0,0.9710833836619525
913,ffe92084016a5795,True,1.0,1.0,0.5087679641954382,1.0,1.0,1.0,0.7953199850814325
914,05d0a1a763fc5334,True,1.0,1.0,1.0,1.0,1.0,1.0,1.0
915,e6b7dddf4ae95fea,True,0.0,1.0,0.0,0.0,1.0,0.0,0.0
916,f158576757e95c31,True,1.0,1.0,0.7820350295920488,1.0,1.0,1.0,0.9091812623300203
917,69a4cff1f35655ff,True,1.0,1.0,0.4564701622304598,1.0,1.0,1.0,0.7735292342626915
918,e16f6f634adf50d3,True,1.0,1.0,1.0,1.0,1.0,1.0,1.0
919,3ef30aa787de56fa,True,1.0,1.0,0.9612417427984258,1.0,1.0,1.0,0.9838507261660108
920,9334f5a33c07587a,True,1.0,1.0,0.7404298944251038,1.0,1.0,1.0,0.8918457893437933
921,06753f6c597f512b,True,1.0,1.0,1.0,1.0,1.0,1.0,1.0
922,07064359a6215354,True,1.0,1.0,0.8893870548498147,1.0,1.0,1.0,0.9539112728540896
923,ad0beea498f15978,True,1.0,1.0,0.7623680463387237,1.0,1.0,1.0,0.9009866859744683
924,1dbaa3f0d0345e61,True,1.0,1.0,1.0,1.0,1.0,1.0,1.0
925,20a6e330d8f1571b,True,1.0,1.0,0.9870680062165202,1.0,1.0,1.0,0.9946116692568835
926,14f16328a6c0551e,True,1.0,1.0,0.8727533345932874,1.0,1.0,1.0,0.9469805560805366
927,76e0272a57f55674,True,1.0,1.0,0.7674656965168495,1.0,1.0,1.0,0.9031107068820207
928,4a46ef99ddf55b8d,True,1.0,1.0,1.0,1.0,1.0,1.0,1.0
929,3dc04b54c3515f56,True,1.0,1.0,0.8523716680978073,1.0,1.0,1.0,0.938488195040753
930,610271d0c1515c8c,True,1.0,1.0,0.777521114351553,1.0,1.0,1.0,0.9073004643131471
931,f3a327d6e0e45d9a,True,1.0,1.0,1.0,0.0,1.0,0.0,0.5833333333333334
932,c05f89f644505f4c,True,1.0,1.0,0.8113533714597488,1.0,1.0,1.0,0.9213972381082286
933,99e3b8d3211f53d7,True,1.0,1.0,0.6536298380778224,1.0,1.0,1.0,0.8556790991990927
934,d22135cc2a13514f,True,1.0,1.0,1.0,1.0,1.0,1.0,1.0
935,b0598da891205aa3,True,1.0,1.0,0.8277651669908013,1.0,1.0,1.0,0.9282354862461671
936,f1ef98a6ff94525c,True,1.0,1.0,0.988912217077579,1.0,1.0,1.0,0.9953800904489913
937,95612e81595b568f,True,1.0,1.0,0.9426925421080411,1.0,1.0,1.0,0.9761218925450171
938,82e565141eb55f88,True,1.0,1.0,0.9894574214065778,1.0,1.0,1.0,0.9956072589194074
939,2541de938ff15eee,True,1.0,1.0,0.8278954306854717,1.0,1.0,1.0,0.9282897627856131
940,7bb27993dd475c3d,True,1.0,1.0,1.0,1.0,1.0,1.0,1.0
941,9dc5a17094e0569d,True,1.0,1.0,1.0,1.0,1.0,1.0,1.0
942,f897914e6f0c52e5,True,1.0,1.0,1.0,1.0,1.0,1.0,1.0
943,2ee44628526e524c,True,1.0,1.0,0.7797606587213383,1.0,1.0,1.0,0.9082336078005576
944,f6038d685a4d55b4,True,0.0,1.0,0.0,0.0,1.0,0.5,0.0
945,d2f121776fd05b4b,True,1.0,1.0,0.1037309492244272,1.0,1.0,1.0,0.6265545621768447
946,b814c5b773165d87,True,1.0,1.0,0.8855122166639664,1.0,1.0,1.0,0.9522967569433193
947,564bb94f846e5fe1,True,1.0,1.0,0.5782355078916515,1.0,1.0,1.0,0.8242647949548548
948,97628f2e9ee55826,True,1.0,1.0,0.7962875710305126,1.0,1.0,1.0,0.9151198212627136
949,8237f47b224952b4,True,1.0,1.0,0.9909011154758658,1.0,1.0,1.0,0.9962087981149441
950,5f4945f6b9b45024,True,1.0,1.0,1.0,1.0,1.0,1.0,1.0
951,7a3e0625f3c751ce,True,1.0,1.0,0.7943516183344939,1.0,1.0,1.0,0.9143131743060392
952,b6a62a2356885962,True,1.0,1.0,0.7209152193304723,1.0,1.0,1.0,0.8837146747210302
953,0c318d7923d15b78,True,1.0,1.0,1.0,1.0,1.0,1.0,1.0
954,317f5b44a4615e30,True,1.0,1.0,0.9694537405205709,1.0,1.0,1.0,0.9872723918835712
955,4a4bf6e11a875f33,True,1.0,1.0,0.8191290301659304,1.0,1.0,1.0,0.924637095902471
956,0722adecc3d45ac4,True,0.0,1.0,0.0,0.0,1.0,1.0,0.0
957,cbdda157b6705786,True,1.0,1.0,0.6354184220663438,1.0,1.0,1.0,0.8480910091943099
958,52c6827af61d5b87,True,0.0,1.0,0.0,0.0,1.0,1.0,0.0
959,2403645ef4fe5b10,True,1.0,1.0,0.8352598740243552,1.0,1.0,1.0,0.9313582808434813
960,1c8804a52fc0553c,True,1.0,1.0,1.0,1.0,1.0,1.0,1.0
961,0b232677746253a0,True,1.0,1.0,1.0,1.0,1.0,1.0,1.0
962,f33a23766bcb55a6,True,1.0,1.0,0.7019235853190241,1.0,1.0,1.0,0.8758014938829267
963,483bb60b0a0451e6,True,1.0,1.0,0.7534256573511792,1.0,1.0,1.0,0.8972606905629913
964,785a51e5263b5bec,True,1.0,1.0,0.8357901345621523,1.0,1.0,1.0,0.9315792227342302
965,9949b537feb55564,True,1.0,1.0,0.9085073859700444,1.0,1.0,1.0,0.9618780774875185
966,10f5795252265ff3,True,1.0,1.0,0.9636994781079933,1.0,1.0,1.0,0.9848747825449973
967,352fabb819b95d6c,True,1.0,1.0,0.5634803222232273,1.0,1.0,1.0,0.8181168009263446
968,def5763ef93655ae,True,1.0,1.0,0.8753281662864706,1.0,1.0,1.0,0.9480534026193629
969,70428e7a613e55cc,True,1.0,1.0,0.9572302341338261,1.0,1.0,1.0,0.9821792642224275
970,93ff1c769e6f5507,True,1.0,1.0,0.8799950569297268,1.0,1.0,1.0,0.949997940387386
971,089e8e85fb9b5f6c,True,1.0,1.0,0.6713411300309292,1.0,1.0,1.0,0.8630588041795538
972,ade00f93385b5d14,True,1.0,1.0,1.0,1.0,1.0,1.0,1.0
973,65107c981e1c568c,True,1.0,1.0,1.0,1.0,1.0,1.0,1.0
974,ab1fd108d5885b58,True,1.0,1.0,1.0,1.0,1.0,0.0,1.0
975,0b5b1309df2f5627,True,1.0,1.0,0.669164070200004,1.0,1.0,1.0,0.8621516959166683
976,84d10a502c1b5a74,True,1.0,1.0,1.0,1.0,1.0,1.0,1.0
977,c3ace87d2f985eaa,True,1.0,1.0,0.7669237381840074,1.0,1.0,1.0,0.902884890910003
978,bdb32e2af06e5bc9,True,1.0,1.0,0.9256590446392127,1.0,1.0,1.0,0.9690246019330052
979,16f3b92e5d56573a,True,1.0,1.0,1.0,0.0,1.0,1.0,0.5833333333333334
980,a312f24a197d530c,True,1.0,1.0,0.8797113139361251,1.0,1.0,1.0,0.9498797141400521
981,6ed328b05b54553e,True,1.0,1.0,0.6259601116825283,1.0,1.0,1.0,0.8441500465343869
982,4a55d9d08b7752e8,True,1.0,1.0,0.11016104189517413,1.0,1.0,1.0,0.6292337674563225
983,614cdeb09cc25923,True,1.0,1.0,0.905573296825836,1.0,1.0,1.0,0.9606555403440984
984,cbd14310b3885779,True,1.0,0.0,0.0,1.0,1.0,0.0,0.0
985,9104884bcb915c08,True,1.0,1.0,0.8805670240702105,1.0,1.0,1.0,0.9502362600292544
986,384def2e3f9657f6,True,1.0,1.0,0.8244858624119487,1.0,1.0,1.0,0.926869109338312
987,d719f6e5de715f5a,True,0.0,1.0,0.0,0.0,1.0,1.0,0.0
988,19b1cc462216591a,True,1.0,1.0,0.931148983371029,1.0,1.0,1.0,0.9713120764045954
989,fb5265ab37085422,True,1.0,1.0,1.0,0.0,1.0,1.0,0.5833333333333334
990,f8191af1aab95906,True,0.0,1.0,0.0,0.0,1.0,1.0,0.0
991,71057ab084a75ce6,True,1.0,1.0,0.8054316954146887,1.0,1.0,1.0,0.9189298730894536
992,c2eecf5cfe46536f,True,0.0,1.0,0.0,0.0,1.0,1.0,0.0
993,7a18ceb376d859c1,True,1.0,1.0,0.6271812949960073,1.0,1.0,0.5,0.844658872915003
994,a7f3d88fe5e5534e,True,1.0,1.0,0.7630617625061805,1.0,1.0,1.0,0.9012757343775752
995,ab51ce190cca5673,True,1.0,1.0,0.7822003448263902,0.0,1.0,1.0,0.492583477010996
996,8d90099a801d5682,True,1.0,1.0,1.0,1.0,1.0,1.0,1.0
997,bc8d053770cf5449,True,1.0,1.0,1.0,1.0,1.0,1.0,1.0
998,4bc54773ae245d10,True,1.0,1.0,1.0,1.0,1.0,1.0,1.0
999,92ebb72e83325bb1,True,0.0,1.0,0.0,0.0,1.0,0.0,0.0
1000,b841de24ffcb5c87,True,1.0,1.0,0.8634169838447363,1.0,1.0,1.0,0.9430904099353068
1001,d1af94a471135add,True,1.0,1.0,0.9099396533747262,1.0,1.0,1.0,0.9624748555728025
1002,a9c368a110585b1a,True,1.0,1.0,1.0,1.0,1.0,0.5,1.0
1003,e3ee2f8d1057557d,True,1.0,1.0,0.7735182485703027,1.0,1.0,1.0,0.9056326035709595
1004,15cd405711fa54f8,True,1.0,1.0,0.9499636386986692,1.0,1.0,1.0,0.9791515161244456
1005,aec02ec2aec85c06,True,1.0,1.0,0.6107328639789429,1.0,1.0,0.5,0.8378053599912262
1006,7427658d61b55fb8,True,1.0,1.0,0.9445753665938735,1.0,1.0,1.0,0.9769064027474473
1007,b5bdef8a05605164,True,1.0,1.0,0.9534864542135585,1.0,1.0,1.0,0.9806193559223161
1008,03e24d87e7315809,True,1.0,1.0,0.9180369228315989,1.0,1.0,1.0,0.9658487178464995
1009,618902d469b5516e,True,1.0,1.0,0.8239992777251735,1.0,1.0,1.0,0.9266663657188223
1010,3099475cc5365074,True,1.0,1.0,0.9851849858724929,1.0,1.0,1.0,0.993827077446872
1011,e360cb69b8a55a47,True,1.0,1.0,0.8654311337895685,1.0,1.0,1.0,0.9439296390789869
1012,d3d7a91aff375fc5,True,1.0,1.0,0.7629438020773721,1.0,1.0,1.0,0.901226584198905
1013,dd4483f390725319,True,0.0,1.0,0.0,0.0,1.0,1.0,0.0
1014,a15ed2f3e39c5c0d,True,1.0,1.0,1.0,1.0,1.0,1.0,1.0
1015,260f5d5245015db6,True,1.0,1.0,0.9939845134310206,1.0,1.0,1.0,0.9974935472629252
1016,79cfc07ef4645c81,True,1.0,1.0,0.7177295124571729,1.0,1.0,1.0,0.8823872968571553
1017,d395fa715d3e58c7,True,1.0,1.0,1.0,1.0,1.0,1.0,1.0
1018,e2e2578cd6b6505f,True,1.0,1.0,0.5906802190368985,1.0,1.0,1.0,0.8294500912653744
1019,684dc9c8167b5189,True,1.0,1.0,0.5678820187041722,1.0,1.0,1.0,0.8199508411267384
1020,aed7c50719f959a1,True,1.0,1.0,1.0,1.0,1.0,1.0,1.0
1021,17329d8654895534,True,1.0,1.0,0.7380159433855068,1.0,1.0,1.0,0.890839976410628
1022,7346e23546d15b29,True,1.0,1.0,0.6845507074158554,1.0,1.0,1.0,0.8685627947566065
1023,2c5ed5662dfb5ee9,True,1.0,1.0,0.9535203734132482,1.0,1.0,1.0,0.9806334889221867
1024,86cb3350b50b570b,True,1.0,1.0,0.7801801584438843,1.0,1.0,1.0,0.9084083993516184
1025,af052c91de0f5295,True,1.0,1.0,1.0,1.0,1.0,1.0,1.0
1026,ad7d51bd1b7055ca,True,1.0,1.0,0.7275168178979793,1.0,1.0,1.0,0.8864653407908247
1027,be7331d3f05e5d16,True,1.0,1.0,1.0,1.0,1.0,1.0,1.0
1028,26e8589d8c485726,True,1.0,1.0,0.7829944146457763,1.0,1.0,1.0,0.9095810061024068
1029,6021973f81a75e0b,True,1.0,1.0,0.7215919927288253,1.0,1.0,1.0,0.8839966636370106
1030,de354f243fa157ec,True,1.0,0.0,0.0,1.0,1.0,1.0,0.0
1031,4024c1a4953e57a7,True,1.0,1.0,1.0,1.0,1.0,1.0,1.0
1032,580b253c853c5ef9,True,1.0,1.0,1.0,1.0,1.0,1.0,1.0
1033,3b3e36e9d816563c,True,1.0,1.0,1.0,1.0,1.0,1.0,1.0
1034,d4f972826d645ca8,True,1.0,1.0,0.6227973337967976,1.0,1.0,1.0,0.8428322224153323
1035,5624b4732b135079,True,1.0,0.0,0.0,1.0,1.0,1.0,0.0
1036,feb90d2112ec57cf,True,1.0,1.0,0.658791264611828,1.0,1.0,1.0,0.8578296935882617
1037,449baff4aece5ab3,True,1.0,1.0,0.8665347955518217,1.0,1.0,1.0,0.9443894981465922
1038,488822d6447b5b58,True,1.0,1.0,0.8217326289686488,1.0,1.0,1.0,0.925721928736937
1039,908f696abf7c5a26,True,1.0,0.0,0.0,1.0,1.0,1.0,0.0
1040,e55bd804e572502a,True,0.0,1.0,0.0,0.0,1.0,1.0,0.0
1041,0695553567185c3c,True,0.0,1.0,0.0,0.0,1.0,1.0,0.0
1042,1423dcf83efa5241,True,1.0,1.0,0.6804980682447194,1.0,1.0,1.0,0.8668741951019664
1043,92d21bb7692b5664,True,1.0,1.0,0.9453981926491181,1.0,1.0,1.0,0.9772492469371326
1044,208247acd8ca5e2c,True,1.0,1.0,0.1771009219204888,1.0,1.0,1.0,0.657125384133537
1045,c840eac7d70e5877,True,1.0,0.0,0.0,1.0,1.0,1.0,0.0
1046,b751857996975e6c,True,1.0,1.0,0.8446456249384924,1.0,1.0,1.0,0.9352690103910385
1047,415b05ca44da5fbb,True,1.0,1.0,1.0,1.0,1.0,1.0,1.0
1048,f6082f18c392582f,True,1.0,1.0,0.3321656076457944,1.0,1.0,0.5,0.7217356698524143
1049,c75331b9d30957a1,True,0.0,1.0,0.0,0.0,1.0,1.0,0.0
1050,f42bdbb0a30c5854,True,1.0,1.0,1.0,1.0,1.0,1.0,1.0
1051,3e053f89d1c55a7e,True,1.0,1.0,0.8779709152649267,1.0,1.0,1.0,0.9491545480270528
1052,997fb38ac5d75864,True,1.0,0.0,0.0,1.0,1.0,1.0,0.0
1053,55a63ecf2e985abe,True,1.0,1.0,0.5388307871999679,1.0,1.0,1.0,0.80784616133332
1054,6828c3caaaca56e1,True,1.0,1.0,0.800207316395877,0.0,1.0,0.0,0.5000863818316155
1055,be3551ae467a579e,True,1.0,0.0,0.0,1.0,1.0,1.0,0.0
1056,d21b22d6c0405ad7,True,1.0,1.0,0.7560346178061655,1.0,1.0,1.0,0.8983477574192357
1057,910c4dd3f1ec51b1,True,1.0,1.0,1.0,1.0,1.0,1.0,1.0
1058,1cb96199b6a45732,True,1.0,1.0,0.8654184584902568,1.0,1.0,1.0,0.9439243577042736
1059,7cdcc814be255d9f,True,1.0,1.0,0.9749342365696032,0.0,1.0,1.0,0.5728892652373346
1060,fae990c38c515aa9,True,1.0,1.0,0.8680463661452072,1.0,1.0,1.0,0.9450193192271698
1061,2ff39958d9f35279,True,1.0,1.0,0.8670764837132044,0.0,1.0,1.0,0.5279485348805019
1062,f7a474593242588b,True,1.0,1.0,0.9725647672611666,1.0,1.0,1.0,0.988568653025486
1063,c9903c96ff4153fe,True,1.0,1.0,0.9158054768174905,1.0,1.0,1.0,0.9649189486739544
1064,88454b0190ff551f,True,1.0,1.0,1.0,1.0,1.0,1.0,1.0
1065,7bcc91de36385afe,True,1.0,0.0,0.0,1.0,1.0,0.5,0.0
1066,72a43a590e3758f8,True,1.0,1.0,0.6997014705185697,1.0,1.0,1.0,0.8748756127160707
1067,536e9526257a57f2,True,1.0,1.0,0.9237895059147634,1.0,1.0,1.0,0.9682456274644847
1068,7752ef9225b65783,True,1.0,1.0,1.0,1.0,1.0,1.0,1.0
1069,6d72d039fb9a551b,True,1.0,1.0,0.6340776980819267,1.0,1.0,1.0,0.8475323742008029
1070,51259bf89422548a,True,1.0,1.0,0.839676274190188,1.0,1.0,1.0,0.9331984475792451
1071,9897a102ee075dee,True,1.0,1.0,0.931998460193711,1.0,1.0,0.5,0.9716660250807129
1072,6ad6e6d54e845206,True,1.0,1.0,0.9040364850440074,1.0,1.0,1.0,0.9600152021016698
1073,7ed4005bb9385a16,True,1.0,1.0,0.8839713194274325,1.0,1.0,1.0,0.9516547164280968
1074,6891e8163e4d5e58,True,0.0,1.0,0.0,0.0,1.0,1.0,0.0
1075,dc97241b7037592b,True,1.0,1.0,0.9755622580348206,1.0,1.0,1.0,0.9898176075145085
1076,02e3e6d3ecfc5240,True,1.0,1.0,0.6802454640431328,1.0,1.0,1.0,0.8667689433513054
1077,25cdf7dee0d25a66,True,1.0,1.0,1.0,1.0,1.0,1.0,1.0
1078,070b688b49225760,True,1.0,1.0,1.0,1.0,1.0,1.0,1.0
1079,b99d20a078a958b9,True,1.0,0.0,0.0,1.0,1.0,0.0,0.0
1080,66a0abcb3eac57df,True,1.0,1.0,0.6425559365550352,1.0,1.0,1.0,0.851064973564598
1081,2972c31a52275dc1,True,1.0,1.0,0.6608184544328324,1.0,1.0,1.0,0.8586743560136801
1082,2a3ab48ae28f5e90,True,1.0,1.0,1.0,1.0,1.0,1.0,1.0
1083,6dd2d5f52cc55546,True,1.0,1.0,0.9853492684203615,1.0,1.0,1.0,0.993895528508484
1084,81a473b817565cb9,True,1.0,1.0,0.7170113638721872,1.0,1.0,1.0,0.882088068280078
1085,5cdf559f99b859a4,True,0.0,1.0,0.0,0.0,1.0,1.0,0.0
1086,7ff27f83a8995932,True,1.0,1.0,1.0,1.0,1.0,1.0,1.0
1087,00a757f8d4e45f8c,True,1.0,1.0,0.9437415640473348,1.0,1.0,1.0,0.9765589850197228
1088,36be99da12575896,True,1.0,0.0,0.0,1.0,1.0,1.0,0.0
1089,191dc35423a85d10,True,1.0,1.0,1.0,0.0,1.0,1.0,0.5833333333333334
1090,701eca801b6f5ba9,True,1.0,1.0,1.0,1.0,1.0,1.0,1.0
1091,2c21ad85949653a6,True,1.0,1.0,1.0,1.0,1.0,1.0,1.0
1092,14d171fcb9295596,True,1.0,1.0,1.0,1.0,1.0,1.0,1.0
1093,dd414d3d7d5452f1,True,1.0,1.0,0.7914703610526918,1.0,1.0,1.0,0.9131126504386216
1094,0ef7ecd9c0035467,True,1.0,1.0,0.7936525968509249,1.0,1.0,1.0,0.9140219153545521
1095,b657fb1afb7c54f3,True,1.0,1.0,0.862036512129281,1.0,1.0,1.0,0.9425152133872005
1096,4554dbd136da53b8,True,1.0,0.0,0.0,1.0,1.0,0.5,0.0
1097,7c4757c2c9675f2b,True,1.0,0.0,0.0,1.0,1.0,0.0,0.0
1098,8872d388cf435f07,True,1.0,1.0,1.0,1.0,1.0,1.0,1.0
1099,4efe0ad78b655ecd,True,1.0,0.0,0.0,1.0,1.0,1.0,0.0
1100,96f19d920d5558e9,True,1.0,1.0,0.6941035536696036,1.0,1.0,1.0,0.8725431473623347
1101,ffe848c5ab4e5b30,True,1.0,1.0,0.8559743090000838,1.0,1.0,1.0,0.9399892954167015
1102,da365ed766db5a6a,True,1.0,1.0,1.0,1.0,1.0,1.0,1.0
1103,a90317c305c3505a,True,1.0,1.0,0.8543452862175631,1.0,1.0,1.0,0.9393105359239846
1104,ec02f065af405039,True,1.0,1.0,0.7488382692828989,1.0,1.0,1.0,0.8953492788678745
1105,7d40448fd04e5e28,True,1.0,1.0,1.0,1.0,1.0,1.0,1.0
1106,912bc19c43a15d8d,True,1.0,1.0,0.8251284765592698,1.0,1.0,1.0,0.9271368652330292
1107,cdae0433bb5d5b9e,True,1.0,1.0,1.0,1.0,1.0,1.0,1.0
1108,b58a12e346235cd0,True,1.0,0.0,0.0,1.0,1.0,1.0,0.0
1109,b6589175626f5510,True,1.0,1.0,0.7045018052256495,1.0,1.0,1.0,0.8768757521773539
1110,396c599d06e65f68,True,0.0,0.0,0.0,0.0,1.0,1.0,0.0
1111,607fd9c5903d5376,True,0.0,1.0,0.0,0.0,1.0,0.5,0.0
1112,e61adc75d7da50c3,True,1.0,1.0,0.920390385589567,1.0,1.0,0.0,0.9668293273289862
1113,e6e4e254f1c55405,True,1.0,1.0,0.7415931837463614,1.0,1.0,1.0,0.8923304932276506
1114,bfb373d958725fc8,True,1.0,1.0,1.0,1.0,1.0,1.0,1.0
1115,19f8a93df08452b5,True,1.0,1.0,0.7439784128201385,1.0,1.0,1.0,0.8933243386750577
1116,fc529b3abdc65998,True,1.0,1.0,1.0,1.0,1.0,1.0,1.0
1117,13e6cd945bf95a1f,True,1.0,1.0,0.6862406940027616,1.0,1.0,1.0,0.869266955834484
1118,b2e27f20100b54ba,True,1.0,1.0,0.7539153411005128,1.0,1.0,1.0,0.8974647254585469
1119,b0a7f01e57205fb4,True,1.0,1.0,0.6307292988790292,1.0,1.0,1.0,0.8461372078662621
1120,236914bd075052ca,True,1.0,1.0,0.8087136307409467,1.0,1.0,1.0,0.920297346142061
1121,dd43c6087aca5206,True,1.0,1.0,0.7149117065511111,1.0,1.0,1.0,0.881213211062963
1122,a77872c55f1b52a1,True,1.0,1.0,0.7723308039316575,1.0,1.0,1.0,0.9051378349715239
1123,88862af321ce5c8f,True,1.0,1.0,1.0,1.0,1.0,1.0,1.0
1124,cb70f332bc5f5bcf,True,1.0,1.0,1.0,1.0,1.0,1.0,1.0
1125,1407c7f0f32a5738,True,1.0,1.0,1.0,1.0,1.0,1.0,1.0
1126,49a0d29c7058501c,True,1.0,1.0,0.7464559744332434,1.0,1.0,1.0,0.8943566560138514
1127,94693a54967757f6,True,1.0,1.0,1.0,1.0,1.0,1.0,1.0
1128,ae02e969e8595cca,True,1.0,1.0,0.7947758669363406,1.0,1.0,1.0,0.9144899445568085
1129,6ec2148215205936,True,1.0,1.0,0.5157942823416101,1.0,1.0,1.0,0.7982476176423375
1130,dee481365b265a2d,True,1.0,1.0,0.5784714291635137,1.0,1.0,1.0,0.8243630954847974
1131,5e4f0ddf24da5f97,True,1.0,1.0,0.8140532149121755,1.0,1.0,1.0,0.9225221728800731
1132,3cfcca572cdc5b75,True,1.0,0.0,0.0,1.0,1.0,1.0,0.0
1133,1cf4270132e35206,True,1.0,1.0,0.8555800116867772,1.0,1.0,0.0,0.9398250048694905
1134,1666152446cc5da7,True,1.0,1.0,0.7877012871063888,1.0,1.0,1.0,0.9115422029609953
1135,3984225e4458525b,True,1.0,1.0,0.7873790257429465,1.0,1.0,1.0,0.9114079273928944
1136,541d2d0ac174524b,True,1.0,1.0,0.6841742043380984,1.0,1.0,1.0,0.8684059184742076
1137,73939fc4dcdf57c4,True,1.0,1.0,1.0,1.0,1.0,1.0,1.0
1138,f9720f622fd4511b,True,1.0,1.0,0.6316556193081789,1.0,1.0,1.0,0.8465231747117411
1139,d9b577262eed5ceb,True,1.0,0.0,0.0,1.0,1.0,1.0,0.0
1140,97b9989fa3675cab,True,1.0,1.0,1.0,1.0,1.0,1.0,1.0
1141,dd9b1479609c5c59,True,1.0,1.0,1.0,1.0,1.0,1.0,1.0
1142,0573408e3cfb5130,True,1.0,1.0,0.8476443564618092,1.0,1.0,1.0,0.9365184818590873
1143,944eece37ff15fa1,True,1.0,1.0,0.857763808301485,1.0,1.0,1.0,0.9407349201256188
1144,62735179d4f258ea,True,1.0,1.0,0.7788209302201886,1.0,1.0,1.0,0.9078420542584119
1145,72720a5350e75184,True,1.0,1.0,0.91060295996021,1.0,1.0,1.0,0.9627512333167543
1146,3d4616d64a4c5f53,True,1.0,1.0,0.9968183956077896,1.0,1.0,1.0,0.9986743315032456
1147,68d4846662cd53c3,True,1.0,1.0,0.7662655848717582,1.0,1.0,1.0,0.9026106603632327
1148,ab7d0c4a928e5ec9,True,1.0,0.0,0.0,0.0,1.0,1.0,0.0
1149,8d62f19202505230,True,1.0,1.0,0.9957633334808901,1.0,1.0,1.0,0.9982347222837041
1150,55a8886514eb5c1b,True,1.0,1.0,0.9286618294767802,1.0,1.0,1.0,0.9702757622819917
1151,ed98a4566ea95092,True,0.0,1.0,0.0,0.0,1.0,1.0,0.0
1152,52d9d533ca4e5980,True,1.0,1.0,0.4156820349781973,1.0,1.0,1.0,0.7565341812409155
1153,e3ef42c62ba2595b,True,1.0,1.0,1.0,1.0,1.0,1.0,1.0
1154,23d647e77f2d515e,True,1.0,1.0,0.7748143382437118,1.0,1.0,1.0,0.9061726409348799
1155,de64687e89f25285,True,1.0,0.0,0.0,1.0,1.0,0.5,0.0
1156,a5ed322a79205030,True,1.0,1.0,1.0,1.0,1.0,1.0,1.0
1157,ad84af7b33615884,True,1.0,1.0,1.0,1.0,1.0,0.0,1.0
1158,96c3433ef79a5478,True,1.0,1.0,0.7339802347427303,1.0,1.0,1.0,0.8891584311428042
1159,4175cdc49ec759f5,True,1.0,1.0,0.8866921174563444,1.0,1.0,1.0,0.9527883822734768
1160,c29fb70bf1d056ca,True,1.0,1.0,1.0,1.0,1.0,1.0,1.0
1161,071b435a4f4057e0,True,1.0,1.0,0.9808116263093097,1.0,1.0,1.0,0.9920048442955457
1162,cfb755b8d37458ac,True,1.0,1.0,0.7868347659420208,0.0,1.0,0.5,0.4945144858091754
1163,236c1e1f86ec5e98,True,1.0,1.0,0.969277663784769,1.0,1.0,1.0,0.9871990265769871
1164,c4b1d4fabd315035,True,1.0,1.0,1.0,1.0,1.0,1.0,1.0
1165,6074e965781b510e,True,1.0,1.0,1.0,1.0,1.0,1.0,1.0
1166,9d74f6f9b0a25c90,True,0.0,1.0,0.0,0.0,1.0,1.0,0.0
1167,56b0ed5018c25d3f,True,1.0,1.0,1.0,1.0,1.0,0.0,1.0
1168,fcbe2ed045225b79,True,1.0,1.0,0.8752754280375262,1.0,1.0,0.0,0.9480314283489694
1169,4711d15a356a54e9,True,1.0,1.0,0.8449177116277823,1.0,1.0,1.0,0.9353823798449094
1170,0bcebe354a715163,True,1.0,1.0,0.9178246988153745,1.0,1.0,1.0,0.9657602911730727
1171,001d444661b45635,True,1.0,1.0,0.8206173396607909,1.0,1.0,1.0,0.9252572248586629
1172,e2efd574ab0b56a2,True,0.0,1.0,0.0,0.0,1.0,0.0,0.0
1173,086e4501de295946,True,1.0,1.0,1.0,1.0,1.0,1.0,1.0
1174,c665621fe4e455cb,True,1.0,1.0,0.6925193030972272,1.0,1.0,1.0,0.8718830429571781
1175,929fe68adaef5ee7,True,1.0,1.0,0.692412588503691,1.0,1.0,1.0,0.8718385785432047
1176,c1ea7d700faa5fee,True,1.0,1.0,1.0,1.0,1.0,1.0,1.0
1177,1e4f2f231ac0540e,True,1.0,1.0,0.814421217500778,1.0,1.0,1.0,0.9226755072919909
1178,6239cdb801bc51c2,True,1.0,1.0,0.6950557508162147,1.0,1.0,1.0,0.8729398961734228
1179,11cad3355c7b55dd,True,1.0,1.0,0.8871686410567432,1.0,1.0,1.0,0.952986933773643
1180,9aadb4c8a77d5849,True,1.0,1.0,0.8993409503775636,1.0,1.0,1.0,0.958058729323985
1181,043839beb58a5dad,True,1.0,1.0,0.7552723969326278,1.0,1.0,1.0,0.898030165388595
1182,db29291cd4ee5499,True,1.0,1.0,1.0,1.0,1.0,1.0,1.0
1183,5590042a1aaa5f92,True,1.0,1.0,0.984128770018165,1.0,1.0,1.0,0.9933869875075688
1184,ae3496e6ce435e73,True,1.0,1.0,1.0,1.0,1.0,1.0,1.0
1185,6bd5888420e851a1,True,1.0,1.0,1.0,1.0,1.0,1.0,1.0
1186,82b415fbbc725562,True,1.0,1.0,1.0,1.0,1.0,1.0,1.0
1187,0e0e30877d725664,True,1.0,1.0,0.9160726388377735,1.0,1.0,1.0,0.9650302661824055
1188,9d69a0f2f73f5035,True,1.0,1.0,1.0,0.0,1.0,1.0,0.5833333333333334
1189,5cd75b90a44e5a65,True,1.0,1.0,1.0,1.0,1.0,1.0,1.0
1190,abe4fa26de85552d,True,1.0,1.0,1.0,1.0,1.0,1.0,1.0
1191,bb4ca2b147d35b62,True,1.0,0.0,0.0,1.0,1.0,1.0,0.0
1192,121b6c8a61d85945,True,1.0,1.0,0.6310612539214931,1.0,1.0,1.0,0.8462755224672888
1193,eda3453c6d5355e0,True,1.0,1.0,0.7801757652288647,1.0,1.0,1.0,0.9084065688453603
1194,ae878998fecb50a5,True,1.0,1.0,0.049253180613039335,1.0,1.0,1.0,0.6038554919220998
1195,7d423cc4c7b9541a,True,1.0,1.0,1.0,1.0,1.0,1.0,1.0
1196,5fd68bb785b258ef,True,1.0,1.0,0.819695169395905,1.0,1.0,1.0,0.9248729872482938
1197,cf62911d4c7c541c,True,1.0,1.0,0.7921891269364483,1.0,1.0,1.0,0.9134121362235201
1198,12d4637822bb5f19,True,1.0,0.0,0.0,1.0,1.0,0.0,0.0
1199,7a3e5ab8218e550f,True,1.0,0.0,0.0,1.0,1.0,0.0,0.0
1200,ea9f070b56115301,True,1.0,1.0,0.955839277998818,0.0,1.0,1.0,0.5649330324995075
1201,1bf4bffb864f5379,True,1.0,1.0,1.0,1.0,1.0,1.0,1.0
1202,d6b5646287065fa8,True,1.0,1.0,0.7109811600404478,1.0,1.0,1.0,0.8795754833501865
1203,bf5be5d94ffa52f8,True,1.0,1.0,1.0,1.0,1.0,1.0,1.0
1204,15b25b99cf2d5965,True,1.0,1.0,1.0,1.0,1.0,1.0,1.0
1205,3e53e34cb63f5d05,True,1.0,1.0,0.724876347530062,1.0,1.0,1.0,0.8853651448041925
1206,994c2c1c459b5cc8,True,1.0,1.0,0.688362337780921,1.0,1.0,1.0,0.8701509740753838
1207,fe2270288c1d5628,True,1.0,1.0,0.8779767344872055,1.0,1.0,1.0,0.9491569727030024
1208,2e5997dafce45eb2,True,1.0,1.0,0.7052182214948793,1.0,1.0,1.0,0.8771742589561997
1209,e6c8f0c4aaea52d7,True,1.0,1.0,1.0,1.0,1.0,1.0,1.0
1210,55bd10ac74585a12,True,1.0,1.0,1.0,1.0,1.0,1.0,1.0
1211,3bae0e44f3095a9c,True,1.0,1.0,0.6624251750962448,1.0,1.0,1.0,0.8593438229567686
1212,876aec35f98a5280,True,1.0,1.0,1.0,1.0,1.0,1.0,1.0
1213,4f8d9bfa869553bb,True,1.0,1.0,1.0,1.0,1.0,1.0,1.0
1214,773ae953dba953b4,True,1.0,1.0,0.863139409472848,1.0,1.0,1.0,0.9429747539470199
1215,3f3d9b32f2fa53ef,True,1.0,1.0,1.0,1.0,1.0,1.0,1.0
1216,c30e5bb7e0595851,True,1.0,1.0,0.7610846488158818,1.0,1.0,1.0,0.9004519370066174
1217,1a8da8e47d235dbe,True,1.0,1.0,0.9398748165995747,1.0,1.0,1.0,0.9749478402498228
1218,9c100482944751b3,True,1.0,1.0,0.9083710197861441,1.0,1.0,1.0,0.9618212582442268
1219,8790ecedb8ac580e,True,1.0,1.0,1.0,0.0,1.0,1.0,0.5833333333333334
1220,5403d4e6179a5354,True,1.0,1.0,0.7279067412865409,1.0,1.0,1.0,0.8866278088693921
1221,7fcd3691c57b5f49,True,1.0,1.0,0.8895520758649366,1.0,1.0,1.0,0.9539800316103902
1222,388391c4b8d45c36,True,1.0,0.0,0.0,1.0,1.0,1.0,0.0
1223,2de709220e34507e,True,1.0,1.0,0.7947811675146687,1.0,1.0,1.0,0.914492153131112
1224,6894aab92b0058dd,True,1.0,1.0,1.0,1.0,1.0,1.0,1.0
1225,6d66b095f93750f7,True,1.0,1.0,0.9888045476533223,0.0,1.0,1.0,0.5786685615222176
1226,23ca661f3d7754c7,True,1.0,1.0,0.9660968586890636,0.0,1.0,1.0,0.5692070244537765
1227,a815da9bf45d5b15,True,1.0,1.0,0.9499826469233423,0.0,1.0,1.0,0.5624927695513926
1228,2d55129330045d3f,True,1.0,1.0,1.0,1.0,1.0,1.0,1.0
1229,4b04d67c77455726,True,1.0,1.0,0.8295336735324698,1.0,1.0,1.0,0.9289723639718623
1230,e905f33735985cfe,True,1.0,1.0,1.0,1.0,1.0,1.0,1.0
1231,4543b41a1fec5a97,True,1.0,1.0,0.9071572611829427,1.0,1.0,1.0,0.9613155254928928
1232,5a7633ce22365440,True,1.0,1.0,0.7165086148884158,1.0,1.0,1.0,0.8818785895368398
1233,8781cde1032354cb,True,1.0,1.0,1.0,1.0,1.0,1.0,1.0
1234,b50cf2a689a55433,True,1.0,1.0,0.870779889321402,1.0,1.0,1.0,0.9461582872172508
1235,b3b8a7989ba5519f,True,1.0,1.0,1.0,1.0,1.0,1.0,1.0
1236,efd90f7518445bef,True,1.0,1.0,1.0,1.0,1.0,1.0,1.0
1237,e704fb7745a75fd7,True,1.0,1.0,0.5775930223929343,1.0,1.0,1.0,0.8239970926637227
1238,85c0017516e95fdc,True,1.0,1.0,0.9806299362061721,1.0,1.0,1.0,0.991929140085905
1239,4ae7296f92115e83,True,1.0,1.0,0.8460439769698631,1.0,1.0,1.0,0.9358516570707763
1240,b662afef6f935725,True,0.0,0.0,0.0,0.0,1.0,1.0,0.0
1241,f2d4e4b013a3579e,True,1.0,0.0,0.0,1.0,1.0,1.0,0.0
1242,1677503060a95d4a,True,1.0,1.0,0.7976310723528146,1.0,1.0,1.0,0.9156796134803393
1243,19a595ad0fe35941,True,0.0,1.0,0.0,0.0,1.0,0.0,0.0
1244,cd0b91f235e25b76,True,1.0,0.0,0.0,1.0,1.0,1.0,0.0
1245,48f9e483baaf58a0,True,1.0,1.0,0.7865734205908451,1.0,1.0,1.0,0.9110722585795189
1246,31a522ae1ee151bf,True,1.0,1.0,0.8521565760970319,1.0,1.0,1.0,0.9383985733737633
1247,f004b5e4838455f3,True,1.0,1.0,0.6232963569748189,1.0,1.0,1.0,0.8430401487395079
1248,44cd06a315635c09,True,1.0,1.0,0.7455051049781812,1.0,1.0,1.0,0.8939604604075755
1249,54fbe498c745542e,True,1.0,1.0,1.0,1.0,1.0,1.0,1.0
1250,69d75ac905035187,True,1.0,1.0,0.8252548954351174,1.0,1.0,1.0,0.9271895397646324
1251,a4ed82240b64533a,True,1.0,1.0,0.7892149403632868,1.0,1.0,1.0,0.9121728918180362
1252,906d7e590245576a,True,1.0,1.0,0.40514690582582996,1.0,1.0,1.0,0.7521445440940958
1253,83dd1484eb265a3c,True,1.0,1.0,1.0,1.0,1.0,1.0,1.0
1254,534e6a7d7e8c528b,True,1.0,1.0,0.9859816558704654,1.0,1.0,1.0,0.9941590232793606
1255,371d154a89425165,True,1.0,1.0,1.0,0.0,1.0,1.0,0.5833333333333334
1256,8390620a5e745bfa,True,1.0,1.0,0.04672793087290392,1.0,1.0,1.0,0.6028033045303766
1257,7287189737c85540,True,1.0,0.0,0.0,1.0,1.0,1.0,0.0
1258,24e06c38547d5976,True,1.0,1.0,1.0,1.0,1.0,1.0,1.0
1259,6e821a856fe45177,True,1.0,1.0,1.0,1.0,1.0,1.0,1.0
1260,3cb9b99bc4185d33,True,1.0,1.0,0.9044239210834967,1.0,1.0,1.0,0.9601766337847902
1261,87a7a9f8aa325467,True,1.0,1.0,1.0,1.0,1.0,1.0,1.0
1262,81e5ddc060675e0b,True,1.0,1.0,0.8921707274371452,1.0,1.0,1.0,0.9550711364321437
1263,ed98d12e4c99536d,True,1.0,0.0,0.0,1.0,1.0,0.5,0.0
1264,7a1b61727c255889,True,1.0,1.0,0.66801768839744,1.0,1.0,1.0,0.8616740368322667
1265,64ee149f402a5601,True,1.0,1.0,1.0,1.0,1.0,1.0,1.0
1266,71031bf46f1b5cb8,True,1.0,1.0,1.0,1.0,1.0,0.0,1.0
1267,dc05b41a768b5015,True,1.0,1.0,0.6057953600005815,1.0,1.0,1.0,0.835748066666909
1268,dcd3886f044a5e29,True,1.0,1.0,0.849185649134509,1.0,1.0,1.0,0.9371606871393787
1269,002672a228395a16,True,1.0,1.0,1.0,1.0,1.0,1.0,1.0
1270,3bf245d895b25ec0,True,1.0,1.0,0.9983929693654687,1.0,1.0,1.0,0.9993304039022787
1271,35e9a9cf7fb85962,True,1.0,1.0,0.7068793959988954,1.0,1.0,1.0,0.8778664149995397
1272,47e96fba9c115fe7,True,1.0,1.0,1.0,1.0,1.0,1.0,1.0
1273,81ac4c9af9ea5562,True,1.0,1.0,0.6076448796419198,1.0,1.0,1.0,0.8365186998508
1274,cfc9186dc53b5d4a,True,1.0,1.0,0.9136075127413826,1.0,1.0,1.0,0.9640031303089094
1275,24a09c3c8a985e8e,True,1.0,1.0,1.0,0.0,1.0,1.0,0.5833333333333334
1276,c35f0df7bfdb5140,True,0.0,1.0,0.0,0.0,1.0,1.0,0.0
1277,0616f9723c60524d,True,1.0,1.0,0.8550141142231495,1.0,1.0,1.0,0.9395892142596457
1278,7015bc44f34252f4,True,1.0,1.0,1.0,1.0,0.0,1.0,0.8333333333333334
1279,024fd1e792395805,True,1.0,1.0,0.900351642478251,1.0,1.0,1.0,0.9584798510326046
1280,d46f1077421c5c75,True,1.0,1.0,0.9701715407954099,1.0,1.0,1.0,0.9875714753314208
1281,7af63267db5c5415,True,1.0,1.0,0.8181172008985158,1.0,1.0,1.0,0.9242155003743816
1282,5d5d1442b83d5c5c,True,1.0,1.0,0.728269706800329,1.0,1.0,1.0,0.8867790445001371
1283,8fb6a2364e0c53f9,True,1.0,1.0,0.9594641430783185,1.0,1.0,1.0,0.983110059615966
1284,f53ece8c1cb9562c,True,1.0,1.0,0.8106787567993927,1.0,1.0,1.0,0.9211161486664136
1285,79bba6381fb85a36,True,1.0,1.0,0.9261355041354957,1.0,1.0,1.0,0.9692231267231232
1286,21ce6f815188587a,True,1.0,1.0,0.7192002949685662,1.0,1.0,1.0,0.8830001229035692
1287,1f381d3a242b54f0,True,1.0,1.0,0.7846624408603405,1.0,1.0,1.0,0.9102760170251418
1288,f51778edd8ea5ee5,True,1.0,0.0,0.0,1.0,1.0,1.0,0.0
1289,2d8b8e77af38568f,True,1.0,0.0,0.0,1.0,1.0,1.0,0.0
1290,31cda9ad4b8257b9,True,1.0,1.0,0.9454055751697823,1.0,1.0,1.0,0.9772523229874093
1291,2189449ddbf65bff,True,1.0,1.0,0.8387266083493593,1.0,1.0,1.0,0.9328027534788997
1292,02d9591fc6de53c8,True,1.0,1.0,0.8889568026341624,1.0,1.0,1.0,0.9537320010975677
1293,647a42b4e5075f16,True,1.0,1.0,0.31395537425209363,1.0,1.0,1.0,0.7141480726050391
1294,d987180f18155985,True,1.0,1.0,1.0,1.0,1.0,1.0,1.0
1295,b22ea864484d514f,True,1.0,1.0,0.9778146529037945,1.0,1.0,1.0,0.9907561053765811
1296,243480f0f2545b3b,True,1.0,1.0,1.0,1.0,1.0,1.0,1.0
1297,d34d0398de585e6c,True,1.0,1.0,0.6561851497503622,1.0,1.0,1.0,0.8567438123959842
1298,7291b74b016d5672,True,1.0,1.0,0.6461606486479423,1.0,1.0,0.5,0.8525669369366428
1299,6d5f5983c8eb5615,True,1.0,1.0,0.7936737170142931,1.0,1.0,1.0,0.9140307154226223
1300,8bebc6662b36505f,True,1.0,1.0,0.7893000100284535,1.0,1.0,1.0,0.9122083375118556
1301,9f528c7bfca6509b,True,1.0,0.0,0.0,1.0,1.0,1.0,0.0
1302,ed95bd64d5a555c8,True,1.0,1.0,0.7956596449803092,1.0,1.0,1.0,0.9148581854084622
1303,d8d39177bd96593d,True,1.0,1.0,0.784682141574239,1.0,1.0,1.0,0.9102842256559329
1304,111cb2c23a325817,True,1.0,1.0,0.7823336387161484,1.0,1.0,1.0,0.9093056827983951
1305,f727c5fa1e735d2d,True,1.0,1.0,1.0,1.0,1.0,1.0,1.0
1306,7316c116f05d57a5,True,1.0,1.0,0.3697994342038626,1.0,1.0,1.0,0.7374164309182761
1307,eaf08861a02351a5,True,1.0,1.0,0.8472207336584574,1.0,1.0,1.0,0.9363419723576906
1308,5ea36cebd2575b16,True,1.0,1.0,1.0,1.0,1.0,1.0,1.0
1309,8de5173c05ee56f5,True,1.0,0.0,0.0,1.0,1.0,0.0,0.0
1310,08a135d9245b50c2,True,1.0,1.0,0.9152953427496602,1.0,1.0,1.0,0.9647063928123584
1311,bf0a29ccead65750,True,1.0,0.0,0.0,1.0,1.0,0.5,0.0
1312,b0a3bbfe213a507b,True,1.0,1.0,0.9692936388636696,1.0,1.0,1.0,0.9872056828598623
1313,dcdacf7509ed5062,True,1.0,1.0,0.7930003389701614,1.0,1.0,1.0,0.9137501412375673
1314,f7e52770089e5230,True,1.0,1.0,0.7734943222971077,1.0,1.0,1.0,0.9056226342904615
1315,816a869e91ae5d17,True,1.0,0.0,0.0,0.0,1.0,1.0,0.0
1316,63ab092351905a60,True,1.0,1.0,0.9289107933329708,1.0,1.0,1.0,0.9703794972220713
1317,d3fe95784a34578f,True,1.0,1.0,0.8683660972868901,1.0,1.0,1.0,0.9451525405362041
1318,4014296da6f75079,True,1.0,1.0,1.0,1.0,1.0,1.0,1.0
1319,ecdc079932755e4e,True,1.0,1.0,0.9219445940500783,1.0,1.0,1.0,0.9674769141875327
1320,1a1f73871bea5afa,True,1.0,1.0,0.6945219898660556,1.0,1.0,1.0,0.8727174957775232
1321,f980b34746d45868,True,1.0,1.0,0.7880969057187396,1.0,1.0,1.0,0.9117070440494749
1322,fd63045289ac5df7,True,1.0,1.0,0.984220968168566,1.0,1.0,1.0,0.9934254034035691
1323,484b6d9a28f350bd,True,1.0,1.0,0.9545284009575479,1.0,1.0,1.0,0.9810535003989783
1324,5ab14dca42a058d9,True,1.0,1.0,0.8787822603464556,1.0,1.0,1.0,0.9494926084776898
1325,67a6bdeb096350ec,True,1.0,1.0,0.8173548004762372,1.0,1.0,1.0,0.9238978335317656
1326,2a5a7c87bce352a7,True,1.0,1.0,0.873881216902755,0.0,1.0,1.0,0.5307838403761479
1327,d25b6512a43f5e54,True,1.0,1.0,0.7846280103831106,1.0,1.0,1.0,0.9102616709929627
1328,0372bb63e704555a,True,1.0,1.0,0.8778056679692202,1.0,1.0,0.5,0.9490856949871751
1329,77a891db719c5273,True,1.0,1.0,0.8534787116546264,1.0,1.0,1.0,0.9389494631894276
1330,166d08e80654527d,True,1.0,1.0,1.0,1.0,1.0,1.0,1.0
1331,ba8e8393326d5652,True,1.0,1.0,0.9327149808423907,1.0,1.0,1.0,0.9719645753509961
1332,5c1b8e332d105b79,True,1.0,0.0,0.0,1.0,1.0,1.0,0.0
1333,15a50c88ab0255ca,True,1.0,1.0,1.0,1.0,1.0,1.0,1.0
1334,cea4eb2a60da5354,True,1.0,1.0,0.801346776428596,1.0,1.0,1.0,0.917227823511915
1335,1d3a143cf41f5d16,True,1.0,1.0,0.6321740950268773,1.0,1.0,1.0,0.8467392062611988
1336,1fd8eed8897a5667,True,1.0,1.0,1.0,1.0,1.0,1.0,1.0
1337,910ce583575e5f8d,True,1.0,1.0,0.800073912810696,1.0,1.0,1.0,0.9166974636711233
1338,777c2c183e49504e,True,1.0,1.0,0.9807145688473005,1.0,1.0,1.0,0.9919644036863753
1339,caa3170f8c3b5cfe,True,1.0,1.0,0.7369965603963226,1.0,1.0,1.0,0.8904152334984677
1340,52a632acca085891,True,1.0,1.0,0.8856639324274369,1.0,1.0,1.0,0.9523599718447654
1341,a589b9ccbe3e5d1c,True,1.0,1.0,0.6352804533699724,1.0,1.0,1.0,0.8480335222374885
1342,a82f1c8ad27d53cc,True,1.0,1.0,0.8655398412506277,1.0,1.0,1.0,0.9439749338544282
1343,4a71a24c376f5388,True,1.0,1.0,1.0,1.0,1.0,1.0,1.0
1344,ea93b5b81d425814,True,1.0,1.0,0.6961482011359944,1.0,1.0,1.0,0.8733950838066643
1345,9861c0473b505895,True,1.0,1.0,1.0,1.0,1.0,1.0,1.0
1346,0ee0c8c2556c506a,True,1.0,1.0,1.0,1.0,1.0,1.0,1.0
1347,b1520b6af9705191,True,1.0,1.0,1.0,1.0,1.0,1.0,1.0
1348,f3512ae175b45844,True,1.0,1.0,1.0,0.0,1.0,1.0,0.5833333333333334
1349,f24100a519ef5940,True,1.0,1.0,0.8737894303422038,1.0,1.0,1.0,0.9474122626425849
1350,55bb551a2aa85849,True,1.0,0.0,0.0,1.0,1.0,0.5,0.0
1351,9b09b277214d5623,True,1.0,1.0,1.0,1.0,1.0,0.0,1.0
1352,40ce7057faae541e,True,1.0,1.0,0.8025888266361831,1.0,1.0,1.0,0.917745344431743
1353,1801a3d3fffc57f5,True,1.0,1.0,0.7269097464789487,1.0,1.0,1.0,0.8862123943662287
1354,ade646d3c19b5bb0,True,1.0,1.0,1.0,1.0,1.0,0.5,1.0
1355,82ab6983691a5599,True,1.0,1.0,1.0,1.0,1.0,1.0,1.0
1356,baf1301534ea54d6,True,1.0,1.0,0.830749879248167,1.0,1.0,1.0,0.929479116353403
1357,ef9b600e65ac5391,True,1.0,1.0,0.7750442439546888,1.0,1.0,1.0,0.9062684349811203
1358,b7f1861bff9c514e,True,1.0,1.0,0.8883992536940111,1.0,1.0,1.0,0.9534996890391714
1359,1f2bbc5cb66b523a,True,1.0,1.0,0.8371936814325036,1.0,1.0,1.0,0.9321640339302099
1360,ed5defe615515789,True,1.0,1.0,0.9097340691434341,1.0,1.0,0.5,0.9623891954764309
1361,89ae8d041c145f8f,True,1.0,1.0,0.6302338543238093,1.0,1.0,1.0,0.8459307726349206
1362,8c36f77fe7215dd7,True,1.0,1.0,0.952809682925536,1.0,1.0,1.0,0.9803373678856401
1363,7c68734f0453501c,True,1.0,1.0,0.9913453733069849,1.0,1.0,1.0,0.9963939055445771
1364,2070f12707d95924,True,1.0,1.0,0.7331013104845021,1.0,1.0,1.0,0.8887922127018758
1365,6578cf959d7f52a7,True,1.0,1.0,0.5359388685292652,1.0,1.0,1.0,0.8066411952205271
1366,2631b349e0ce5b83,True,1.0,1.0,1.0,0.0,1.0,1.0,0.5833333333333334
1367,9313777d021e5255,True,1.0,1.0,1.0,1.0,1.0,1.0,1.0
1368,6012210b020c53a9,True,1.0,1.0,0.8196358082823485,1.0,1.0,0.5,0.9248482534509787
1369,5a907598a1985222,True,1.0,1.0,0.8728118748505468,1.0,1.0,1.0,0.9470049478543944
1370,8e274784672a514b,True,1.0,1.0,1.0,1.0,1.0,1.0,1.0
1371,430589fe41235469,True,1.0,1.0,0.6782621611075826,1.0,1.0,1.0,0.8659425671281594
1372,fca1702dec8a50c6,True,1.0,1.0,1.0,1.0,1.0,1.0,1.0
1373,26ba80ad72205a03,True,1.0,1.0,0.9818915402627637,1.0,1.0,1.0,0.9924548084428183
1374,c12b3554dcd655c0,True,1.0,1.0,0.8973723014970267,1.0,1.0,1.0,0.9572384589570945
1375,75151361dbe658bb,True,1.0,1.0,1.0,1.0,1.0,1.0,1.0
1376,34cc387cf0335f28,True,1.0,0.0,0.0,1.0,1.0,1.0,0.0
1377,4a4316b978495bba,True,1.0,1.0,0.7842911387595096,1.0,1.0,1.0,0.9101213078164623
1378,21f55c28bb945892,True,1.0,1.0,0.6610120081865941,1.0,1.0,1.0,0.8587550034110808
1379,b94fd2088a4f5688,True,1.0,1.0,0.7862745370711698,1.0,1.0,1.0,0.9109477237796542
1380,2cbf505c735c5c34,True,1.0,1.0,0.8402930834641226,1.0,1.0,1.0,0.9334554514433844
1381,df020b6bdc1b59c0,True,1.0,1.0,1.0,1.0,1.0,1.0,1.0
1382,967b41c4778d5aac,True,1.0,1.0,0.8779857855026925,1.0,1.0,1.0,0.9491607439594553
1383,1682c020a94054fa,True,1.0,1.0,0.8941814369700424,1.0,1.0,1.0,0.955908932070851
1384,5cffd130ff2c510a,True,1.0,1.0,0.8775270616869164,1.0,1.0,1.0,0.9489696090362152
1385,f096ff143e815978,True,1.0,1.0,0.8010457963258073,1.0,1.0,1.0,0.9171024151357531
1386,8dac96b2393f5de9,True,1.0,1.0,0.9174886656772925,1.0,1.0,1.0,0.9656202773655386
1387,c73914d4fedc513f,True,1.0,1.0,0.8554249741320593,1.0,1.0,1.0,0.9397604058883581
1388,54fbc5743190519c,True,1.0,1.0,1.0,0.0,1.0,0.5,0.5833333333333334
1389,f874757c4b46591b,True,1.0,1.0,0.9303785976755798,1.0,1.0,1.0,0.9709910823648249
1390,b5ee0c4a00765073,True,1.0,1.0,0.8321317072863148,1.0,1.0,1.0,0.9300548780359645
1391,192e92b5db4754a6,True,1.0,1.0,0.8385579925994187,1.0,1.0,0.0,0.9327324969164245
1392,97f7a14f8a835f59,True,1.0,1.0,1.0,1.0,1.0,1.0,1.0
1393,d84b338d48335e67,True,1.0,0.0,0.0,1.0,1.0,1.0,0.0
1394,3befac537db85c6c,True,1.0,1.0,1.0,1.0,1.0,1.0,1.0
1395,6c00b2782d3b5f6e,True,1.0,1.0,0.8084280341465281,1.0,1.0,1.0,0.9201783475610533
1396,e54d150b34215b84,True,1.0,1.0,0.8310914582207825,1.0,1.0,1.0,0.9296214409253261
1397,f1992f61c13e5998,True,1.0,1.0,0.9862285310600017,1.0,1.0,1.0,0.9942618879416673
1398,5237b49651b35ffb,True,1.0,1.0,1.0,1.0,1.0,1.0,1.0
1399,6884907db45c5cad,True,1.0,1.0,0.9830294758965589,1.0,1.0,1.0,0.9929289482902329
1400,bdb0947d0c835022,True,1.0,1.0,1.0,1.0,1.0,1.0,1.0
1401,3d34ef81b357566e,True,1.0,1.0,1.0,1.0,1.0,1.0,1.0
1402,0f78ffea52a85031,True,1.0,1.0,1.0,1.0,1.0,1.0,1.0
1403,26e5c3fb8af15012,True,1.0,1.0,0.6147805217293351,1.0,1.0,1.0,0.8394918840538895
1404,312c0f2f981d51c3,True,1.0,1.0,0.7650819675469519,1.0,1.0,1.0,0.9021174864778967
1405,70a70a9054d75d9f,True,1.0,1.0,1.0,1.0,1.0,1.0,1.0
1406,eadc0f19b54352ae,True,1.0,1.0,0.8198639586278259,1.0,1.0,1.0,0.9249433160949275
1407,3d8f52b9bae25a90,True,1.0,1.0,0.607843463848294,1.0,1.0,1.0,0.8366014432701224
1408,878665ca715b53d3,True,1.0,1.0,0.9559322727800246,1.0,1.0,1.0,0.9816384469916769
1409,c9614cfb18a953ae,True,1.0,1.0,1.0,1.0,1.0,1.0,1.0
1410,70d79606f745562e,True,1.0,1.0,1.0,1.0,1.0,1.0,1.0
1411,f1cc8f05115d5db6,True,1.0,1.0,1.0,1.0,1.0,1.0,1.0
1412,70b9e5ded0b057d7,True,1.0,1.0,0.6447648251092463,1.0,1.0,1.0,0.8519853437955193
1413,e6025eb182885adb,True,1.0,1.0,0.9184568175272618,1.0,1.0,1.0,0.9660236739696924
1414,9157afe90f035621,True,1.0,1.0,1.0,1.0,1.0,1.0,1.0
1415,9cb247f1ef445fb9,True,1.0,1.0,0.9001590568092315,1.0,1.0,1.0,0.9583996070038464
1416,3b6fb25a1e725f29,True,1.0,1.0,1.0,1.0,1.0,1.0,1.0
1417,9bfa838de21f5d25,True,1.0,1.0,0.7889179581503901,1.0,1.0,1.0,0.9120491492293293
1418,8a02c25b58bb5a2b,True,1.0,1.0,1.0,1.0,1.0,1.0,1.0
1419,c239a3efe5df5739,True,1.0,1.0,0.9085072848092959,1.0,1.0,1.0,0.9618780353372066
1420,c9459a7641335bba,True,1.0,1.0,1.0,1.0,1.0,1.0,1.0
1421,d94860755c1f5594,True,1.0,1.0,0.996407135551317,1.0,1.0,1.0,0.998502973146382
1422,3e8c8729205850ab,True,1.0,1.0,0.7519213173405535,1.0,1.0,1.0,0.8966338822252305
1423,1693d395bec753ae,True,1.0,1.0,1.0,1.0,1.0,1.0,1.0
1424,a164681774715cea,True,1.0,1.0,0.7644547727815901,1.0,1.0,1.0,0.9018561553256625
1425,b81c602d68a25e90,True,1.0,1.0,0.9052318594406997,1.0,1.0,1.0,0.9605132747669582
1426,08b1894421c455ed,True,1.0,1.0,1.0,1.0,1.0,1.0,1.0
1427,094551eaba7351f5,True,1.0,1.0,0.9280099079944985,1.0,1.0,1.0,0.9700041283310409
1428,6b7e5348100b5572,True,1.0,1.0,1.0,1.0,1.0,1.0,1.0
1429,482989b8df6550b5,True,0.0,1.0,0.0,1.0,1.0,1.0,0.0
1430,639c2678cce95d68,True,1.0,1.0,0.8887475823445479,1.0,1.0,1.0,0.9536448259768949
1431,ada62613f2ce5a33,True,1.0,1.0,0.7794459367452727,1.0,1.0,1.0,0.9081024736438637
1432,0b2839db08ae5ed6,True,1.0,1.0,0.7619152602879501,1.0,1.0,1.0,0.9007980251199793
1433,a2978bba82bd5751,True,1.0,1.0,1.0,1.0,1.0,1.0,1.0
1434,cb7ce9515c495674,True,1.0,1.0,0.7690700139671318,1.0,1.0,1.0,0.9037791724863049
1435,a924bf802fe25fa6,True,1.0,1.0,0.8170088060798785,1.0,1.0,1.0,0.9237536691999493
1436,f2e1685f07675799,True,1.0,1.0,0.8418218960680867,1.0,1.0,1.0,0.9340924566950362
1437,c32ae6a1954651ec,True,1.0,1.0,0.852116841887067,1.0,1.0,1.0,0.9383820174529447
1438,515fefed28a65a88,True,1.0,1.0,0.7850332665939808,1.0,1.0,1.0,0.9104305277474921
1439,dc5bfa6f51225853,True,1.0,1.0,0.8968698247596898,1.0,1.0,1.0,0.9570290936498708
1440,23f357c023c2584f,True,1.0,0.0,0.0,1.0,1.0,1.0,0.0
1441,6b183b48b7175f38,True,1.0,1.0,0.834287891080795,1.0,1.0,1.0,0.9309532879503313
1442,b04064e074f55bb0,True,1.0,1.0,0.681427150408772,1.0,1.0,1.0,0.8672613126703217
1443,a9c9765a005351b9,True,1.0,1.0,1.0,1.0,1.0,1.0,1.0
1444,5155241fdbbf57b3,True,1.0,1.0,1.0,1.0,1.0,1.0,1.0
1445,be0ea3126c955eae,True,1.0,1.0,0.5345215388436114,1.0,1.0,1.0,0.806050641184838
1446,16d3bf2e9bf75eb4,True,1.0,1.0,0.6150493257533383,1.0,1.0,1.0,0.8396038857305577
1447,28ecaf0359ee5029,True,1.0,1.0,0.9216991498392673,1.0,1.0,1.0,0.9673746457663613
1448,1d4b518f1b175184,True,1.0,1.0,1.0,1.0,1.0,1.0,1.0
1449,9ca89d773ed651ab,True,1.0,1.0,0.810897242729156,1.0,1.0,1.0,0.9212071844704818
1450,82ee38a271b15bb1,True,1.0,0.0,0.0,1.0,1.0,1.0,0.0
1451,ec611f7d00d85b31,True,1.0,1.0,1.0,1.0,1.0,1.0,1.0
1452,16125101defb5b51,True,1.0,1.0,1.0,1.0,1.0,1.0,1.0
1453,a6b518a433065727,True,1.0,0.0,0.0,1.0,1.0,1.0,0.0
1454,65cf19209dc55631,True,1.0,1.0,0.06982380757365039,1.0,1.0,1.0,0.6124265864890209
1455,2376e90f1bf85c50,True,1.0,1.0,0.888574039326873,1.0,1.0,1.0,0.9535725163861971
1456,565e485cbedb506f,True,1.0,1.0,0.8675256733108431,1.0,1.0,1.0,0.9448023638795179
1457,b24954d56c155570,True,1.0,1.0,1.0,1.0,1.0,1.0,1.0
1458,f3872682944e5d13,True,1.0,1.0,0.8723863206005209,1.0,1.0,1.0,0.9468276335835504
1459,fcb45b2aa29356d9,True,1.0,1.0,1.0,1.0,1.0,1.0,1.0
1460,4768080b04d5530e,True,1.0,1.0,0.8410982677725206,1.0,1.0,1.0,0.933790944905217
1461,cedd32ec31e45cd9,True,1.0,1.0,0.7501070083092952,1.0,1.0,1.0,0.895877920128873
1462,e59a5171c33c5af9,True,1.0,1.0,0.8603273951502053,1.0,1.0,1.0,0.9418030813125856
1463,ef5dcc2415915678,True,1.0,1.0,1.0,1.0,1.0,1.0,1.0
1464,a51ed55eaa9c54c9,True,1.0,1.0,0.8025024867419963,1.0,1.0,1.0,0.9177093694758319
1465,86feb30b850f5ff2,True,1.0,1.0,0.7706073528964811,1.0,1.0,1.0,0.9044197303735338
1466,2aa414aa9a9057fb,True,1.0,1.0,0.7017031291202125,1.0,1.0,1.0,0.8757096371334218
1467,2abac20522fb5014,True,1.0,1.0,0.9756502225291172,1.0,1.0,1.0,0.9898542593871321
1468,be027cd33b835419,True,1.0,1.0,0.8416907394120067,1.0,1.0,1.0,0.9340378080883361
1469,0748764d9de454ea,True,1.0,1.0,1.0,1.0,1.0,1.0,1.0
1470,b4c9294d8e3952b8,True,1.0,1.0,0.6724717813835446,1.0,1.0,1.0,0.8635299089098103
1471,956e3aa8415b5712,True,1.0,1.0,0.646495141121754,1.0,1.0,1.0,0.8527063088007308
1472,359f62a656b9586d,True,1.0,1.0,0.894829105429783,1.0,1.0,1.0,0.9561787939290762
1473,9a15d775514e5018,True,1.0,1.0,0.7061193241250765,1.0,1.0,1.0,0.8775497183854485
1474,5027a61161365407,True,1.0,1.0,0.9443546128911767,1.0,1.0,1.0,0.9768144220379904
1475,e3caf69e02f857ba,True,1.0,1.0,0.8405257551893823,1.0,1.0,1.0,0.9335523979955761
1476,5be861ae85a75b45,True,1.0,1.0,0.8705413062092996,1.0,1.0,1.0,0.9460588775872081
1477,7c150adbe5225f20,True,1.0,1.0,0.9723870236551453,1.0,1.0,1.0,0.9884945931896438
1478,26de9e2da40c5b0c,True,1.0,1.0,0.6819265589662394,1.0,1.0,1.0,0.8674693995692664
1479,0334cae9f1ef56ae,True,1.0,1.0,0.7586000665925373,1.0,1.0,1.0,0.8994166944135572
1480,11811a7320ab58db,True,1.0,1.0,0.9742426705024542,0.0,1.0,1.0,0.5726011127093559
1481,0ae7ba2fd0f95d17,True,1.0,1.0,0.8106629889012393,1.0,1.0,1.0,0.9211095787088497
1482,6326d00e52115da4,True,1.0,1.0,1.0,1.0,1.0,1.0,1.0
1483,1ec907a74cbb54cd,True,1.0,1.0,0.6906362077436852,1.0,1.0,1.0,0.8710984198932022
1484,a27fe5d9685c5795,True,1.0,1.0,0.7947015819178724,1.0,1.0,1.0,0.9144589924657801
1485,79596c3c8ac45e5e,True,1.0,1.0,1.0,1.0,1.0,1.0,1.0
1486,662212c87d0d5b09,True,1.0,1.0,0.7218959121251558,1.0,1.0,1.0,0.884123296718815
1487,3ce72ef7e80855e2,True,1.0,1.0,0.8617903081381658,1.0,1.0,1.0,0.9424126283909025
1488,f587b097f5f65db6,True,1.0,1.0,1.0,1.0,1.0,1.0,1.0
1489,659d1e0ce6cd5c97,True,1.0,1.0,1.0,1.0,1.0,1.0,1.0
1490,b389efc36b545908,True,1.0,1.0,0.897950539070121,1.0,1.0,0.5,0.9574793912792171
1491,f7d40806c7045d54,True,1.0,1.0,0.6392640676545062,0.0,1.0,1.0,0.4330266948560442
1492,2381f042c0855f20,True,1.0,1.0,1.0,1.0,1.0,1.0,1.0
1493,927aa2c8ef7d5b5c,True,1.0,1.0,1.0,1.0,1.0,1.0,1.0
1494,866fab78f1da518b,True,1.0,1.0,1.0,1.0,1.0,1.0,1.0
1495,213494be2acb5c68,True,1.0,1.0,0.7911431833869202,1.0,1.0,1.0,0.9129763264112167
1496,808e5edcddce51c3,True,1.0,1.0,0.9015208608897022,1.0,1.0,1.0,0.9589670253707091
1497,92a263b537fd5b72,True,1.0,1.0,0.8652847468604662,1.0,1.0,1.0,0.9438686445251943
1498,85b2b3fc929a5800,True,1.0,1.0,0.8853066178158342,1.0,1.0,1.0,0.9522110907565976
1499,62d4c8dfdef65bc5,True,1.0,1.0,0.8216537653717448,1.0,1.0,1.0,0.9256890689048937
1500,ab9d0f7542805d20,True,0.0,1.0,0.0,0.0,1.0,1.0,0.0
1501,4bc95052d6d8547e,True,1.0,1.0,0.7323491313764207,1.0,1.0,1.0,0.8884788047401754
1502,34bdecafedff5fdf,True,1.0,1.0,0.8904100894552581,1.0,1.0,1.0,0.9543375372730242
1503,6370add5182e51b7,True,1.0,1.0,1.0,1.0,1.0,1.0,1.0
1504,0ee0eabadd125c7b,True,1.0,1.0,0.9731755151607666,1.0,1.0,1.0,0.9888231313169861
1505,1712f51cf5df564a,True,1.0,1.0,0.8932245419938042,1.0,1.0,1.0,0.9555102258307517
1506,2a49de57fddb59bc,True,1.0,1.0,0.8808437220874163,1.0,1.0,1.0,0.9503515508697568
1507,29d982d97d135311,True,0.0,1.0,0.0,0.0,1.0,1.0,0.0
1508,aef33fdade585ab3,True,1.0,1.0,0.8741653365156425,1.0,1.0,1.0,0.947568890214851
1509,b4899f9464d058f2,True,1.0,1.0,0.7768758157893694,1.0,1.0,1.0,0.9070315899122372
1510,0e08da5fbc735956,True,1.0,1.0,0.8149233331033511,1.0,1.0,1.0,0.9228847221263963
1511,7f54c08f50ef5ace,True,1.0,1.0,0.5545078108003918,1.0,1.0,1.0,0.8143782545001632
1512,6a66294fe97f54db,True,1.0,0.0,0.0,0.0,1.0,1.0,0.0
1513,ee8e4ad158ef5a8d,True,1.0,1.0,1.0,1.0,1.0,1.0,1.0
1514,b0070f55eda95848,True,1.0,1.0,0.844252353972681,1.0,1.0,1.0,0.9351051474886171
1515,008144fe47ac5f74,True,1.0,1.0,0.8212747237784702,1.0,1.0,1.0,0.925531134907696
1516,f71f0d4ca6db5d40,True,1.0,1.0,0.7375611568269325,1.0,1.0,1.0,0.8906504820112219
1517,09cd7b3746d65a79,True,1.0,1.0,0.9955854414545111,1.0,1.0,1.0,0.9981606006060463
1518,5abef8058afa529f,True,1.0,1.0,1.0,1.0,1.0,1.0,1.0
1519,a523d2a173855e96,True,1.0,1.0,1.0,1.0,1.0,1.0,1.0
1520,08dfae1bbef35bdc,True,1.0,1.0,0.8058507377985203,1.0,1.0,1.0,0.9191044740827167
1521,940ba87d553456c3,True,1.0,1.0,0.5955267820596711,1.0,1.0,1.0,0.8314694925248629
1522,f49e8b1837cd5b23,True,1.0,1.0,0.7594336178215778,1.0,1.0,1.0,0.8997640074256573
1523,8d8f238bb7315004,True,1.0,1.0,0.5756138937598855,1.0,1.0,1.0,0.8231724557332857
1524,00eb3a4e0f8052e9,True,1.0,1.0,0.7966867715081822,1.0,1.0,1.0,0.9152861547950759
1525,ad517de61e355d8d,True,1.0,1.0,0.724343623172768,1.0,1.0,1.0,0.8851431763219866
1526,ff76d319bd9558f9,True,1.0,1.0,1.0,1.0,1.0,1.0,1.0
1527,535d4220196452ed,True,1.0,0.0,0.0,1.0,1.0,0.5,0.0
1528,57730912486a5853,True,1.0,0.0,0.0,1.0,1.0,1.0,0.0
1529,c07f609f83b85dd6,True,1.0,1.0,0.8737213964763209,1.0,1.0,1.0,0.947383915198467
1530,4126aeb4289c593c,True,1.0,1.0,0.8360530576551896,1.0,1.0,1.0,0.9316887740229957
1531,2b65a8a29c455d00,True,1.0,1.0,0.8272934863116249,1.0,1.0,1.0,0.9280389526298437
1532,f11cf1d1b58454d8,True,1.0,1.0,0.8594177749987814,1.0,1.0,1.0,0.9414240729161589
1533,13b9787d163b5072,True,1.0,1.0,0.5073884288181446,1.0,1.0,1.0,0.7947451786742269
1534,3ea43d5abad05188,True,1.0,1.0,0.8380011584305208,1.0,1.0,1.0,0.9325004826793837
1535,d6fc32608ecc581c,True,1.0,1.0,0.8341121958501009,1.0,1.0,1.0,0.9308800816042088
1536,5233faf7f9935f97,True,1.0,1.0,0.8128870970018548,1.0,1.0,1.0,0.9220362904174394
1537,e7b5da2135fc5303,True,1.0,1.0,1.0,1.0,1.0,1.0,1.0
1538,70297f5b95955dce,True,1.0,1.0,0.830414055593325,1.0,1.0,1.0,0.9293391898305522
1539,5517642e588e59d0,True,1.0,1.0,0.622448772850845,1.0,1.0,1.0,0.8426869886878521
1540,6b52f2b62f215cb4,True,1.0,1.0,1.0,1.0,1.0,1.0,1.0
1541,21b54e6d58985ae3,True,1.0,1.0,1.0,1.0,1.0,1.0,1.0
1542,0b9a48e2b0d351b9,True,1.0,1.0,0.3028807988695459,1.0,1.0,1.0,0.7095336661956441
1543,3debd3d86b5850dd,True,1.0,1.0,1.0,1.0,1.0,1.0,1.0
1544,8be468b729aa5f1e,True,1.0,1.0,0.8892154685939846,1.0,1.0,1.0,0.9538397785808269
1545,516c42e0454456b6,True,1.0,1.0,0.965446421384633,1.0,1.0,1.0,0.9856026755769305
1546,3ec484ccad125e99,True,1.0,1.0,1.0,1.0,1.0,1.0,1.0
1547,e9cb16355c1f5d9b,True,1.0,1.0,0.8287700440407875,1.0,1.0,1.0,0.9286541850169948
1548,2cd1545c4c835ead,True,1.0,1.0,0.6638633408806596,1.0,1.0,1.0,0.8599430587002749
1549,f3c7dc93e3bc57c1,True,1.0,1.0,0.8331627460455509,1.0,1.0,1.0,0.9304844775189794
1550,b2c0a19be09f5b76,True,1.0,1.0,0.7588706381334086,1.0,1.0,1.0,0.8995294325555868
1551,06b2df49f0455bd0,True,1.0,1.0,0.6318689342634585,1.0,1.0,1.0,0.8466120559431077
1552,1b3ed6f1e9b8574d,True,1.0,1.0,0.5696558276785112,1.0,1.0,1.0,0.8206899281993797
1553,a7fb000f96b35f94,True,1.0,1.0,1.0,1.0,1.0,1.0,1.0
1554,2e883a72b2895d7c,True,1.0,1.0,0.36112693145304353,1.0,1.0,1.0,0.7338028881054348
1555,30d90432ffb357cf,True,1.0,1.0,0.8712081482886456,1.0,1.0,1.0,0.9463367284536023
1556,70f3a3d098bf5381,True,1.0,1.0,1.0,1.0,1.0,1.0,1.0
1557,54718dd05cad553a,True,1.0,1.0,0.7713035918141762,1.0,1.0,1.0,0.9047098299225734
1558,5e8d717cc46a5988,True,1.0,1.0,1.0,1.0,1.0,1.0,1.0
1559,61421159b240530d,True,1.0,1.0,1.0,1.0,1.0,1.0,1.0
1560,3623f8c74e7a5d1d,True,1.0,1.0,1.0,1.0,1.0,1.0,1.0
1561,f39952caeb2b5014,True,1.0,1.0,1.0,1.0,1.0,1.0,1.0
1562,0d2403a8031f540c,True,1.0,1.0,1.0,1.0,1.0,1.0,1.0
1563,bf896d504b4356c7,True,1.0,1.0,0.47847270890012733,1.0,1.0,1.0,0.7826969620417197
1564,282855be37635ecc,True,1.0,1.0,1.0,1.0,1.0,1.0,1.0
1565,b191eb9b8de25005,True,1.0,1.0,1.0,1.0,1.0,1.0,1.0
1566,f9ed38d9ddfa531e,True,1.0,0.0,0.0,1.0,1.0,1.0,0.0
1567,36419e8c59275f61,True,1.0,1.0,1.0,1.0,1.0,1.0,1.0
1568,94c3ef5a3168570a,True,1.0,1.0,0.8051447373672368,1.0,1.0,1.0,0.9188103072363486
1569,905ab0794c235f69,True,1.0,1.0,0.8434470703963673,1.0,1.0,1.0,0.9347696126651531
1570,4f67484c73e2503a,True,1.0,1.0,0.8719194546893303,1.0,1.0,1.0,0.9466331061205543
1571,67d74f48ba2a548e,True,1.0,1.0,0.9440255695528939,1.0,1.0,1.0,0.9766773206470392
1572,7edfabe116e25844,True,1.0,1.0,0.9131438132579537,1.0,1.0,1.0,0.963809922190814
1573,134cbee5a9635cd7,True,0.0,1.0,0.0,0.0,1.0,1.0,0.0
1574,22a3a112a0485c4c,True,1.0,1.0,1.0,1.0,1.0,1.0,1.0
1575,2d4d48a048615f9a,True,1.0,1.0,1.0,1.0,1.0,1.0,1.0
1576,5fed3ec5ed1351c1,True,1.0,1.0,1.0,1.0,1.0,1.0,1.0
1577,3baa70a146f055d2,True,1.0,1.0,0.8444725089983951,1.0,1.0,1.0,0.9351968787493313
1578,a2ed8d7503b85e2d,True,1.0,1.0,0.8941804906601437,1.0,1.0,1.0,0.9559085377750599
1579,8cba6cacb16d5acc,True,1.0,1.0,1.0,1.0,1.0,1.0,1.0
1580,230ab732c0d65fb3,True,1.0,1.0,1.0,1.0,1.0,1.0,1.0
1581,b3f47592bf415aa3,True,1.0,1.0,0.7882115736768093,1.0,1.0,1.0,0.9117548223653372
1582,7be2f6436ce95042,True,1.0,1.0,1.0,1.0,1.0,1.0,1.0
1583,7a90cd45ef505058,True,1.0,1.0,1.0,1.0,1.0,1.0,1.0
1584,a305b24487775cfc,True,1.0,1.0,1.0,0.0,1.0,1.0,0.5833333333333334
1585,592f9e4317dd52e2,True,1.0,1.0,0.8459479808954662,0.0,1.0,1.0,0.5191449920397776
1586,0df6533b550c58c1,True,1.0,1.0,1.0,0.0,1.0,1.0,0.5833333333333334
1587,5b4f392698d35a5f,True,1.0,0.0,0.0,1.0,1.0,0.5,0.0
1588,0558c7a64ef157b1,True,1.0,0.0,0.0,1.0,1.0,1.0,0.0
1589,01ce9c82de0d5539,True,1.0,1.0,0.7589996741524698,1.0,1.0,1.0,0.8995831975635292
1590,09fda519bc395630,True,1.0,1.0,0.10707313204939024,1.0,1.0,1.0,0.6279471383539126
1591,9b3eda2685e75099,True,1.0,1.0,1.0,1.0,1.0,1.0,1.0
1592,184ad79fb6555bf0,True,1.0,1.0,0.8641622715902259,1.0,1.0,1.0,0.9434009464959274
1593,88538f4b41cc5d4a,True,1.0,1.0,1.0,0.0,1.0,1.0,0.5833333333333334
1594,1218b6a218b750d8,True,1.0,1.0,1.0,0.0,1.0,1.0,0.5833333333333334
1595,b4eb56fcd01857bb,True,1.0,1.0,0.7393124312404591,1.0,1.0,1.0,0.8913801796835247
1596,2f8dd3404f375ed8,True,1.0,1.0,0.8588400094414728,1.0,1.0,1.0,0.9411833372672803
1597,624b5f7f1f4a503e,True,1.0,1.0,0.6007071372087852,1.0,1.0,1.0,0.8336279738369937
1598,bbc8e4799fe85548,True,1.0,1.0,0.8118228673052492,1.0,1.0,1.0,0.9215928613771872
1599,d4d21ecb8e4058e8,True,1.0,1.0,1.0,1.0,1.0,1.0,1.0
1600,7eab8efaacef55bb,True,1.0,1.0,1.0,1.0,1.0,1.0,1.0
1601,e97ba617b7c059a7,True,1.0,1.0,1.0,1.0,1.0,0.0,1.0
1602,0a954cc695e751ab,True,1.0,1.0,0.7693434621425101,1.0,1.0,1.0,0.9038931092260459
1603,b462af5600bf5f88,True,1.0,1.0,1.0,1.0,1.0,1.0,1.0
1604,ca58b2e039305479,True,1.0,0.0,0.0,1.0,1.0,1.0,0.0
1605,ac808bd1bfac5425,True,1.0,1.0,0.9543100671353896,1.0,1.0,1.0,0.980962527973079
1606,c8d4707fcc465f8b,True,1.0,1.0,0.9485796633859759,1.0,1.0,1.0,0.9785748597441565
1607,4cc7fc580fe45bd1,True,1.0,1.0,1.0,1.0,1.0,1.0,1.0
1608,2243d4e976fb5b77,True,1.0,1.0,1.0,1.0,1.0,1.0,1.0
1609,e9645135a4fe5739,True,1.0,1.0,0.7857256649631432,0.0,1.0,1.0,0.4940523604013097
1610,570a5855539b5c7e,True,1.0,1.0,0.8502660020172798,1.0,1.0,1.0,0.9376108341738666
1611,9a4575e2dfd75ffb,True,1.0,1.0,0.8667991134952294,1.0,1.0,1.0,0.9444996306230123
1612,a43d45f7369d5489,True,1.0,1.0,1.0,1.0,1.0,1.0,1.0
1613,c84475f2d8475f9d,True,1.0,1.0,0.89168925950057,1.0,1.0,1.0,0.9548705247919042
1614,5955c4ef15c75350,True,1.0,1.0,0.9578778220219448,1.0,1.0,0.5,0.9824490925091437
1615,3010009fcb295507,True,1.0,1.0,0.882370715016728,1.0,1.0,1.0,0.9509877979236366
1616,9d72593884a757a3,True,1.0,1.0,1.0,1.0,1.0,1.0,1.0
1617,bbc93f086726531e,True,1.0,1.0,0.9827950484230178,1.0,1.0,1.0,0.9928312701762575
1618,e706a9c88e625828,True,1.0,1.0,0.8424558258018799,1.0,1.0,1.0,0.9343565940841166
1619,e83be8437b0c5862,True,1.0,1.0,1.0,1.0,1.0,1.0,1.0
1620,bf4c97f6024b5029,True,1.0,1.0,0.9446229674691625,1.0,1.0,1.0,0.9769262364454844
1621,b76b03503cf95c02,True,1.0,1.0,1.0,1.0,1.0,1.0,1.0
1622,95ba88fe9c385123,True,1.0,1.0,1.0,1.0,1.0,1.0,1.0
1623,f1def9ef86125c39,True,1.0,1.0,1.0,1.0,1.0,1.0,1.0
1624,9d55692d15dc5155,True,1.0,1.0,1.0,1.0,1.0,1.0,1.0
1625,eba929a6772254e4,True,1.0,1.0,0.5600984033690691,1.0,1.0,1.0,0.8167076680704456
1626,4826c59b43f6568a,True,1.0,0.0,0.0,1.0,1.0,1.0,0.0
1627,741d60ca8b7b5cb4,True,1.0,1.0,0.7560519603974555,0.0,1.0,1.0,0.48168831683227314
1628,35cf51dd13d559c0,True,1.0,0.0,0.0,1.0,1.0,1.0,0.0
1629,c0a12f1497045322,True,1.0,1.0,0.8968296741637874,1.0,1.0,1.0,0.9570123642349114
1630,a5f5f03bc998578d,True,1.0,1.0,0.9827600799940418,1.0,1.0,1.0,0.9928166999975175
1631,93141bb128bd5a34,True,1.0,1.0,0.7974509703357558,1.0,1.0,1.0,0.9156045709732316
1632,dc4b44d8961e538a,True,1.0,1.0,0.7668047433703967,1.0,1.0,1.0,0.9028353097376653
1633,5b14b00087b051e3,True,1.0,0.0,0.0,0.0,1.0,1.0,0.0
1634,d54e58ba5e575ac0,True,1.0,1.0,1.0,1.0,1.0,1.0,1.0
1635,699a6c3e2fc4597e,True,1.0,1.0,0.8667550109276791,1.0,1.0,1.0,0.9444812545531996
1636,9940f912e66a5918,True,1.0,1.0,0.5478458720678804,1.0,1.0,1.0,0.8116024466949501
1637,f9b3a9c625905d77,True,1.0,0.0,0.0,0.0,1.0,0.0,0.0
1638,5bb6cc197a7455e4,True,1.0,1.0,1.0,1.0,1.0,1.0,1.0
1639,7d5f417c01fb5a87,True,1.0,1.0,0.5265922576037636,1.0,1.0,1.0,0.8027467740015681
1640,32e457e686675618,True,1.0,1.0,0.8176404864551445,1.0,1.0,1.0,0.9240168693563101
1641,584c0bd68dbb55e9,True,1.0,1.0,0.6272454262691708,1.0,1.0,1.0,0.8446855942788213
1642,f1b8c54a906f525e,True,1.0,1.0,1.0,1.0,1.0,1.0,1.0
1643,8869a2f03bbd5570,True,1.0,1.0,1.0,1.0,1.0,1.0,1.0
1644,0e81b2ebbb30575e,True,1.0,1.0,0.6894506625732779,1.0,1.0,1.0,0.8706044427388658
1645,dcd5dc3f53d9533f,True,1.0,1.0,1.0,1.0,1.0,0.5,1.0
1646,20ffc5c3de7c591a,True,1.0,1.0,0.7647786615293014,1.0,1.0,1.0,0.9019911089705422
1647,bc2fe3314b345c63,True,0.0,1.0,0.0,0.0,1.0,1.0,0.0
1648,02f75336f9f55e4f,True,1.0,1.0,0.6931058769024356,0.0,1.0,0.5,0.45546078204268153
1649,3b4f49412be55b80,True,1.0,1.0,0.8321768716323542,1.0,1.0,1.0,0.9300736965134808
1650,66cd30f395c45537,True,1.0,1.0,0.7493431029704937,1.0,1.0,1.0,0.8955596262377057
1651,c5727dc4f8665554,True,1.0,1.0,0.9832606923557804,1.0,1.0,1.0,0.9930252884815752
1652,5a4811a0bde955b3,True,1.0,1.0,0.8393468555156365,1.0,1.0,1.0,0.9330611897981819
1653,4827434c5d3659cd,True,1.0,1.0,1.0,1.0,1.0,1.0,1.0
1654,ec3c0587b1775b7c,True,1.0,1.0,0.7986942968988475,1.0,1.0,1.0,0.9161226237078531
1655,7aeb6cedbf4353ef,True,1.0,1.0,0.9863912481908458,1.0,1.0,1.0,0.9943296867461857
1656,87100d8379c158cc,True,1.0,1.0,1.0,1.0,1.0,1.0,1.0
1657,62d339c4086d51ba,True,1.0,1.0,0.7336008370103645,1.0,1.0,1.0,0.8890003487543185
1658,4d5c4013a6db5819,True,1.0,1.0,1.0,1.0,1.0,1.0,1.0
1659,5af27ca0b8135d9d,True,1.0,1.0,0.9136897311223916,1.0,1.0,1.0,0.9640373879676631
1660,48b6d9fdf22d5a23,True,1.0,1.0,0.5558448779201247,1.0,1.0,1.0,0.8149353658000519
1661,12177b43d67d51a7,True,1.0,1.0,1.0,1.0,1.0,1.0,1.0
1662,ae5377e5ebf65f45,True,1.0,1.0,0.8083879365395946,1.0,1.0,1.0,0.920161640224831
1663,50d6986491d3510a,True,0.0,1.0,0.0,0.0,1.0,1.0,0.0
1664,1b5a55897d2950f9,True,1.0,1.0,0.7503881886676508,1.0,1.0,1.0,0.8959950786115213
1665,e0190f0059145fc6,True,1.0,1.0,1.0,0.0,1.0,0.5,0.5833333333333334
1666,83f9ceae9dad56d9,True,1.0,1.0,0.6058666912974744,1.0,1.0,1.0,0.8357777880406143
1667,3a3297d21e905b02,True,1.0,1.0,0.6558839683120385,1.0,1.0,1.0,0.856618320130016
1668,f07e680e53135311,True,1.0,1.0,1.0,1.0,1.0,1.0,1.0
1669,353988b87d995f68,True,1.0,1.0,0.8240214314548009,1.0,1.0,1.0,0.9266755964395004
1670,45d6c16000b75270,True,1.0,0.0,0.0,1.0,1.0,1.0,0.0
1671,97fcdcd35af7563b,True,1.0,1.0,1.0,1.0,1.0,1.0,1.0
1672,5c55fbcddea45f87,True,1.0,1.0,0.6332869230504491,1.0,1.0,1.0,0.8472028846043539
1673,33c738c5f199510e,True,1.0,1.0,0.963993558828231,1.0,1.0,1.0,0.9849973161784296
1674,963324efc6715315,True,1.0,1.0,1.0,1.0,1.0,1.0,1.0
1675,56da58294b3d53c5,True,1.0,1.0,0.8059922918099278,1.0,1.0,1.0,0.9191634549208033
1676,223cdeaddc525446,True,0.0,0.0,0.0,0.0,1.0,0.5,0.0
1677,431840d399445a32,True,1.0,1.0,0.8009909166912597,1.0,1.0,1.0,0.9170795486213582
1678,fa937665dc4a5d08,True,1.0,1.0,1.0,1.0,1.0,1.0,1.0
1679,a08bb182c3d558da,True,1.0,1.0,0.6125814333301041,1.0,1.0,1.0,0.8385755972208767
1680,1981a85eb4ba5001,True,0.0,1.0,0.0,0.0,1.0,0.0,0.0
1681,4ccc9e33aa795ef1,True,1.0,1.0,1.0,1.0,1.0,1.0,1.0
1682,8cd3d83dd4825865,True,1.0,1.0,0.8362830025036949,1.0,1.0,1.0,0.9317845843765395
1683,3882f317a3f55e29,True,1.0,1.0,0.7784363688333047,1.0,1.0,1.0,0.9076818203472102
1684,d07c624bab3d5a61,True,1.0,1.0,0.8926499865904375,1.0,1.0,1.0,0.9552708277460157
1685,93494257467c5e97,True,1.0,1.0,0.7479963484610934,1.0,1.0,1.0,0.8949984785254556
1686,33ecaddeb5735faf,True,1.0,1.0,0.8398906893872877,1.0,1.0,1.0,0.9332877872447032
1687,358d973661955d68,True,1.0,1.0,1.0,1.0,1.0,1.0,1.0
1688,f41cf739059453a4,True,1.0,1.0,0.5291716827700821,1.0,1.0,1.0,0.8038215344875342
1689,d0dcc4b5cf6a53ab,True,1.0,1.0,1.0,1.0,1.0,1.0,1.0
1690,c968e1d258265a2b,True,1.0,1.0,0.9502399474980336,1.0,1.0,1.0,0.9792666447908474
1691,4c5c196977b255f5,True,0.0,0.0,0.0,0.0,1.0,1.0,0.0
1692,024d012881be5995,True,1.0,1.0,0.7068069183093019,1.0,1.0,1.0,0.8778362159622092
1693,bd5e1c226cca5d3e,True,0.0,1.0,0.0,0.0,1.0,0.0,0.0
1694,8a43e10749585b21,True,1.0,1.0,0.5613160739115552,1.0,1.0,1.0,0.8172150307964814
1695,2223b290d60556d5,True,1.0,0.0,0.0,1.0,1.0,0.0,0.0
1696,a756084987b256e5,True,1.0,1.0,0.7722721954465224,1.0,1.0,1.0,0.9051134147693842
1697,12ca80cc0d575578,True,1.0,1.0,1.0,1.0,1.0,1.0,1.0
1698,99f3a7ec61305307,True,1.0,1.0,0.7308702717669113,1.0,1.0,1.0,0.8878626132362131
1699,b4176d2246d452ea,True,1.0,1.0,1.0,1.0,1.0,1.0,1.0
1700,2783db04f9b05383,True,1.0,1.0,0.9718535786412642,1.0,1.0,1.0,0.9882723244338601
1701,789af91cd1755b7e,True,1.0,1.0,0.7508714066126255,1.0,1.0,1.0,0.8961964194219273
1702,f79916e26eef5b74,True,1.0,1.0,0.9990842897301171,1.0,1.0,1.0,0.9996184540542155
1703,efe7a294e40e5508,True,1.0,1.0,0.8856705652814625,1.0,1.0,1.0,0.9523627355339427
1704,c9a74fd5fd9e57c8,True,1.0,1.0,0.7389190599303435,1.0,1.0,1.0,0.8912162749709763
1705,22642c0ae9605891,True,1.0,1.0,0.9134919096600689,1.0,1.0,1.0,0.9639549623583621
1706,d618ac9cc53c573c,True,1.0,0.0,0.0,1.0,1.0,1.0,0.0
1707,adb5cfe871c55445,True,1.0,0.0,0.0,1.0,1.0,1.0,0.0
1708,b2f320b5d94753f9,True,1.0,1.0,0.6949149109081109,1.0,1.0,1.0,0.8728812128783795
1709,b5f57f5a6b5b5244,True,1.0,1.0,0.5700400983900021,1.0,1.0,1.0,0.8208500409958343
1710,2908ea54e9955267,True,1.0,0.0,0.0,1.0,1.0,1.0,0.0
1711,3e8b81f8eb205311,True,1.0,1.0,0.7885625980125721,1.0,1.0,1.0,0.9119010825052384
1712,34b812e4de1a536b,True,1.0,1.0,0.7870574693893655,1.0,1.0,0.5,0.9112739455789023
1713,b9ddc4b10ef751a5,True,0.0,1.0,0.0,0.0,1.0,1.0,0.0
1714,3e44ba1b6a675c54,True,1.0,1.0,0.711916120349036,1.0,1.0,1.0,0.8799650501454317
1715,1a775d7198a654e0,True,1.0,1.0,0.7923333771749531,1.0,1.0,1.0,0.9134722404895639
1716,31ac916bb888562a,True,1.0,0.0,0.0,1.0,1.0,1.0,0.0
1717,8683f3b4797f56e0,True,1.0,1.0,0.7236737409350619,1.0,1.0,1.0,0.8848640587229424
1718,9c62f0bf33fd542d,True,1.0,1.0,0.8683276299089611,1.0,1.0,1.0,0.9451365124620672
1719,313756e5fc655c0e,True,1.0,1.0,1.0,0.0,1.0,1.0,0.5833333333333334
1720,512b6941e1335e0f,True,1.0,1.0,1.0,1.0,1.0,1.0,1.0
1721,56b80cb2ca2c5983,True,1.0,1.0,0.5820928513996771,1.0,1.0,1.0,0.8258720214165322
1722,a7f15e4638b352c4,True,1.0,1.0,0.8667089559344502,1.0,1.0,1.0,0.9444620649726877
1723,91aeae3843455c34,True,1.0,1.0,1.0,1.0,1.0,1.0,1.0
1724,e0416692bc5251ba,True,1.0,1.0,0.7130751129534677,1.0,1.0,1.0,0.8804479637306115
1725,9695a17335715894,True,0.0,1.0,0.0,0.0,1.0,1.0,0.0
1726,7fa739c174a55eaa,True,1.0,1.0,0.9628743969327624,1.0,1.0,1.0,0.9845309987219842
1727,051d26c01f3653ba,True,1.0,1.0,0.7005820411674453,1.0,1.0,1.0,0.8752425171531022
1728,1e1878076a0b52d6,True,1.0,1.0,0.8688299895318548,1.0,1.0,1.0,0.9453458289716061
1729,bf8c5276f9a6539d,True,1.0,1.0,0.759146893998961,1.0,1.0,1.0,0.8996445391662338
1730,ae46065dc9ce55b1,True,1.0,1.0,1.0,1.0,1.0,1.0,1.0
1731,f2e2e64000445230,True,1.0,1.0,0.9333694862598858,1.0,1.0,1.0,0.9722372859416191
1732,ef0b044d86855ffe,True,1.0,1.0,1.0,1.0,1.0,1.0,1.0
1733,75f9d978b4d757a2,True,1.0,1.0,0.8073058852521742,1.0,1.0,1.0,0.9197107855217391
1734,6d08dce7cfaa5035,True,1.0,1.0,1.0,1.0,1.0,1.0,1.0
1735,f16fe36eef2b5157,True,1.0,1.0,1.0,1.0,1.0,1.0,1.0
1736,5b3db54a43ca52ed,True,1.0,1.0,1.0,1.0,1.0,1.0,1.0
1737,255be1c4910b506e,True,1.0,1.0,0.6579138420880589,1.0,1.0,0.5,0.8574641008700246
1738,abb5501b10e65b19,True,1.0,1.0,1.0,1.0,1.0,1.0,1.0
1739,6d7ca07eac51558e,True,1.0,1.0,1.0,1.0,1.0,1.0,1.0
1740,afbbcee34f1850fd,True,1.0,1.0,0.7494760462638501,1.0,1.0,1.0,0.8956150192766043
1741,11bf2d4580ab5bc2,True,1.0,1.0,0.7842678202605342,1.0,1.0,1.0,0.9101115917752226
1742,e805310ff3055efa,True,1.0,1.0,1.0,1.0,1.0,1.0,1.0
1743,ad970e7cae1a5ead,True,1.0,1.0,1.0,1.0,1.0,1.0,1.0
1744,a04f86a92daf50ba,True,1.0,1.0,0.7353536011061352,1.0,1.0,1.0,0.8897306671275563
1745,ed7a0f74484d58a8,True,1.0,1.0,1.0,1.0,1.0,1.0,1.0
1746,b5b0ab149f9055db,True,1.0,1.0,0.09273283676493209,1.0,1.0,1.0,0.6219720153187217
1747,48e14ad3c65c5156,True,1.0,1.0,0.8815313395658307,1.0,1.0,1.0,0.9506380581524295
1748,c6c94bd6691c5008,True,1.0,1.0,1.0,1.0,1.0,1.0,1.0
1749,33e37f9d760a56b1,True,1.0,1.0,0.8664992130288329,1.0,1.0,1.0,0.9443746720953471
1750,d20a475e7b1956bf,True,1.0,1.0,1.0,1.0,1.0,1.0,1.0
1751,28123c233d33567e,True,1.0,1.0,0.8881563221021467,1.0,1.0,1.0,0.9533984675425611
1752,683e518fbfa650d5,True,1.0,1.0,0.6528585043241344,1.0,1.0,1.0,0.8553577101350559
1753,0f422a003dab525e,True,1.0,1.0,0.8042894849664628,1.0,1.0,1.0,0.9184539520693594
1754,69f50b1f6c4d5f4b,True,1.0,1.0,1.0,1.0,1.0,1.0,1.0
1755,04daf401ec185f96,True,1.0,1.0,0.6844483592921737,1.0,1.0,1.0,0.8685201497050724
1756,ae73a52a1a5d54ac,True,1.0,1.0,1.0,1.0,1.0,1.0,1.0
1757,8912a46529c059a1,True,1.0,1.0,0.8551555708200478,1.0,1.0,1.0,0.9396481545083533
1758,6abe0ed266f258d9,True,1.0,1.0,1.0,1.0,1.0,1.0,1.0
1759,3a36b098acee53b9,True,1.0,1.0,1.0,1.0,1.0,1.0,1.0
1760,6fc4fc2702305dfa,True,1.0,1.0,1.0,0.0,1.0,1.0,0.5833333333333334
1761,427ee2e0d1c05699,True,1.0,1.0,1.0,1.0,1.0,0.5,1.0
1762,9ce9ec5a49b1568d,True,1.0,1.0,0.8777025705642506,1.0,1.0,1.0,0.9490427377351045
1763,735587b14e39568c,True,1.0,1.0,0.7326809399403945,1.0,1.0,1.0,0.8886170583084977
1764,b826ee4aedc95b0c,True,1.0,1.0,0.8317383693353777,1.0,1.0,1.0,0.929890987223074
1765,52ed9777731d5ba8,True,1.0,1.0,0.9115687758994258,1.0,1.0,1.0,0.9631536566247606
1766,f51a75fadd695f06,True,1.0,1.0,0.7163342757970685,1.0,1.0,1.0,0.8818059482487786
1767,70da6b21101d555f,True,1.0,1.0,1.0,1.0,1.0,0.0,1.0
1768,a9152eadc70058ba,True,1.0,1.0,1.0,1.0,1.0,1.0,1.0
1769,50fef67a5a9a5a4b,True,1.0,0.0,0.0,1.0,1.0,1.0,0.0
1770,4fbe9cf1d64d58ef,True,1.0,1.0,1.0,1.0,1.0,1.0,1.0
1771,be33fb4e1b435f1d,True,1.0,1.0,0.9118601585191901,1.0,1.0,1.0,0.9632750660496625
1772,90a14e5bd7cb5f47,True,1.0,1.0,1.0,1.0,1.0,1.0,1.0
1773,3f269e7b5ced51fa,True,1.0,1.0,1.0,1.0,1.0,1.0,1.0
1774,594e39f9024a5835,True,1.0,1.0,0.8468230492934548,1.0,1.0,1.0,0.9361762705389395
1775,d88f286835b95ff3,True,1.0,1.0,1.0,1.0,1.0,1.0,1.0
1776,1bdfacbfcff75c27,True,1.0,1.0,0.825037086393841,1.0,1.0,1.0,0.9270987859974338
1777,409ed084cde5554b,True,1.0,1.0,0.8214811912685024,1.0,1.0,1.0,0.9256171630285426
1778,2836705e16ba5691,True,1.0,1.0,0.9346338952907154,1.0,1.0,1.0,0.972764123037798
1779,d39ff27c54d55ef1,True,1.0,1.0,0.9643427583347425,1.0,1.0,1.0,0.9851428159728094
1780,125839faad9a5f7d,True,1.0,1.0,1.0,1.0,1.0,1.0,1.0
1781,a4f2f32aa59f53b9,True,1.0,1.0,1.0,1.0,1.0,1.0,1.0
1782,76d3db995c9e5946,True,1.0,1.0,0.8023632745749242,1.0,1.0,1.0,0.9176513644062183
1783,e849e6a954285f60,True,1.0,1.0,0.890664938143272,1.0,1.0,1.0,0.9544437242263634
1784,e26d616b5c4b5642,True,1.0,1.0,1.0,1.0,1.0,1.0,1.0
1785,5085749584aa5377,True,1.0,1.0,0.6099721903174822,1.0,1.0,1.0,0.8374884126322842
1786,9fc5098e21355c6e,True,1.0,1.0,0.8587675841682443,1.0,1.0,1.0,0.9411531600701019
1787,82c913dd14e05a84,True,0.0,1.0,0.0,0.0,1.0,1.0,0.0
1788,755461a5329554de,True,1.0,1.0,0.8641727754322699,1.0,1.0,1.0,0.943405323096779
1789,70b8c89829d05f30,True,1.0,1.0,0.9195567111837935,1.0,1.0,1.0,0.9664819629932473
1790,5f70e91ff9d250f5,True,1.0,1.0,0.7641242816366253,1.0,1.0,1.0,0.9017184506819271
1791,5795e118157f528f,True,1.0,1.0,0.599123947559375,1.0,1.0,1.0,0.8329683114830729
1792,b15572e37ce95d98,True,1.0,1.0,1.0,1.0,1.0,1.0,1.0
1793,4763f30d505c5ea6,True,1.0,1.0,0.6387262876799138,1.0,1.0,0.5,0.8494692865332975
1794,4a919f7ea2f65200,True,1.0,0.0,0.0,1.0,1.0,1.0,0.0
1795,e4f34d35c8fd5fd2,True,1.0,1.0,1.0,1.0,1.0,1.0,1.0
1796,0cdeb48fac9d5292,True,1.0,1.0,0.7580360621580687,1.0,1.0,1.0,0.899181692565862
1797,927222aceeaa52bb,True,1.0,0.0,0.0,0.0,1.0,1.0,0.0
1798,008d6e3394a65c1f,True,1.0,1.0,1.0,1.0,1.0,1.0,1.0
1799,3d400bec249a5f88,True,1.0,1.0,0.8120944844659654,1.0,1.0,1.0,0.9217060351941523
1800,6d088615a8c05649,True,1.0,1.0,0.706150510051804,1.0,1.0,1.0,0.877562712521585
1801,4cd806a126f85b23,True,1.0,1.0,0.8261301006169408,1.0,1.0,0.0,0.927554208590392
1802,b4175792b94a5cf2,True,1.0,1.0,1.0,1.0,1.0,1.0,1.0
1803,706cc8e44dbd557d,True,1.0,1.0,0.8588841568207309,1.0,1.0,1.0,0.9412017320086378
1804,6debfcfccc75589c,True,1.0,1.0,0.8035845678837448,1.0,1.0,1.0,0.918160236618227
1805,1b01f89fe48355b6,True,1.0,1.0,0.7058971705428085,1.0,1.0,1.0,0.8774571543928369
1806,7ebca95e877a557b,True,1.0,1.0,0.9244084929202848,1.0,1.0,1.0,0.9685035387167854
1807,943c308c85d25ee5,True,1.0,1.0,0.7654937381665948,1.0,1.0,1.0,0.9022890575694146
1808,3ba5c2d842785d59,True,1.0,1.0,0.9414860871926805,1.0,1.0,1.0,0.9756192029969503
1809,4eaf35cea96d5dd9,True,1.0,1.0,0.739514412844706,1.0,1.0,1.0,0.8914643386852941
1810,e05b464c21d0597d,True,1.0,1.0,1.0,1.0,1.0,1.0,1.0
1811,e71bd2560b255f76,True,1.0,0.0,0.0,1.0,1.0,0.0,0.0
1812,54ab49005da25b3e,True,1.0,1.0,0.6079035228887736,1.0,1.0,1.0,0.8366264678703224
1813,0ba42ee3c2555502,True,1.0,1.0,0.7771216431137262,1.0,1.0,1.0,0.9071340179640526
1814,2a68e10c7d305af4,True,1.0,1.0,0.9628794020121332,1.0,1.0,1.0,0.9845330841717223
1815,0de3f9728fc651a6,True,1.0,1.0,0.7639389439361581,1.0,1.0,1.0,0.9016412266400659
1816,4064f2ec7a2f56ef,True,1.0,1.0,1.0,1.0,1.0,1.0,1.0
1817,a8da6565d00e514a,True,0.5,0.0,0.0,0.0,1.0,0.0,0.0
1818,efca142f8d93518b,True,1.0,0.0,0.0,1.0,1.0,1.0,0.0
1819,8e9c1bb8232c5a14,True,1.0,0.0,0.0,1.0,1.0,1.0,0.0
1820,cc934224447a5c86,True,1.0,0.0,0.0,1.0,1.0,0.0,0.0
1821,0c5365f52bac5785,True,1.0,1.0,1.0,1.0,1.0,1.0,1.0
1822,35b84fa433f0583f,True,1.0,1.0,0.5957594338729829,1.0,1.0,1.0,0.8315664307804096
1823,66a924c7d02159cf,True,1.0,1.0,0.7037152598296176,1.0,1.0,1.0,0.8765480249290073
1824,b4ec906c4dbe5735,True,1.0,1.0,0.9539642648805448,1.0,1.0,1.0,0.980818443700227
1825,056c6ca971b355b4,True,1.0,0.0,0.0,1.0,1.0,1.0,0.0
1826,df2b37f4a1b85a4e,True,1.0,1.0,0.8797198989397451,1.0,1.0,1.0,0.9498832912248938
1827,e3aa32e033635c8d,True,1.0,1.0,0.6812752591415683,1.0,1.0,1.0,0.86719802464232
1828,32e38b7677e15f69,True,1.0,1.0,0.909368025050825,1.0,1.0,1.0,0.9622366771045104
1829,31222d2fc6f95e0d,True,1.0,1.0,0.9859412946999886,1.0,1.0,1.0,0.9941422061249953
1830,47c92818d9005eea,True,1.0,0.0,0.0,1.0,1.0,1.0,0.0
1831,1f211666d4465388,True,1.0,1.0,0.7552800299203927,1.0,1.0,1.0,0.8980333458001636
1832,f39db68736425365,True,1.0,1.0,1.0,1.0,1.0,1.0,1.0
1833,6fa01275a4525b26,True,1.0,1.0,1.0,1.0,1.0,1.0,1.0
1834,a3f2ea7187975b13,True,1.0,1.0,1.0,1.0,1.0,1.0,1.0
1835,f3fc5020ecbd537f,True,1.0,1.0,0.7921367947147833,1.0,1.0,1.0,0.9133903311311596
1836,ac55c7f072c6528d,True,1.0,1.0,0.8585357544611428,1.0,1.0,1.0,0.9410565643588095
1837,cebdeff85ac65185,True,1.0,1.0,1.0,1.0,1.0,1.0,1.0
1838,748d7e95687d5d26,True,1.0,1.0,1.0,1.0,1.0,1.0,1.0
1839,402ec186b8ea545e,True,1.0,1.0,0.9915063099926609,1.0,1.0,1.0,0.996460962496942
1840,dbbe5d5671495f13,True,1.0,1.0,0.603785523248921,1.0,1.0,1.0,0.8349106346870504
1841,4fbdc88ce3f75540,True,1.0,1.0,0.8920955557855015,1.0,1.0,1.0,0.9550398149106257
1842,2e90da117016561c,True,1.0,1.0,1.0,1.0,1.0,1.0,1.0
1843,2c439b29049252a7,True,1.0,1.0,1.0,1.0,1.0,1.0,1.0
1844,d5116f0d75b4549d,True,1.0,1.0,1.0,1.0,1.0,1.0,1.0
1845,18c781197c445d64,True,1.0,1.0,1.0,1.0,1.0,1.0,1.0
1846,b04c892043a352d3,True,1.0,1.0,1.0,1.0,1.0,1.0,1.0
1847,702320a088cf5d53,True,1.0,0.0,0.0,1.0,1.0,1.0,0.0
1848,3dfa374651035868,True,1.0,1.0,1.0,1.0,1.0,1.0,1.0
1849,26710ebfab6d528c,True,1.0,1.0,1.0,1.0,1.0,0.5,1.0
1850,09d424ddf3a558b3,True,1.0,1.0,1.0,1.0,1.0,1.0,1.0
1851,ddc904ff3be05595,True,1.0,1.0,0.8958514782026502,1.0,1.0,1.0,0.9566047825844376
1852,66225fc71bd35554,True,1.0,1.0,1.0,1.0,1.0,1.0,1.0
1853,6f525eba8afc547c,True,1.0,0.0,0.0,1.0,1.0,1.0,0.0
1854,b9aa102f4d7b5751,True,0.0,1.0,0.0,0.0,1.0,1.0,0.0
1855,7328fe7f857051ea,True,1.0,1.0,1.0,1.0,1.0,1.0,1.0
1856,155c42ad43525252,True,1.0,1.0,0.7611368357756884,1.0,1.0,1.0,0.9004736815732035
1857,14b839d065b358d0,True,1.0,1.0,1.0,1.0,1.0,1.0,1.0
1858,27bcec96f13c5426,True,1.0,1.0,0.9582113572037645,1.0,1.0,1.0,0.9825880655015685
1859,54e57dfcbf295398,True,1.0,1.0,0.8878829645790937,1.0,1.0,1.0,0.9532845685746224
1860,7f3ebea7b3415f87,True,1.0,1.0,0.8651693451912638,1.0,1.0,1.0,0.9438205604963598
1861,1eed252c6ca25157,True,1.0,1.0,0.5529537826753945,1.0,1.0,1.0,0.8137307427814143
1862,84ed0a5827f656d8,True,1.0,1.0,0.8527198306696927,1.0,1.0,1.0,0.9386332627790387
1863,2e5e4be9579d568d,True,1.0,1.0,0.9005282170383013,1.0,1.0,1.0,0.9585534237659589
1864,fb3e4b836ab758db,True,1.0,1.0,0.9544009907166472,1.0,1.0,1.0,0.9810004127986031
1865,582a4716d1bd55bc,True,1.0,1.0,0.8531965350142283,1.0,1.0,1.0,0.9388318895892618
1866,844760894a04505a,True,1.0,1.0,1.0,1.0,1.0,1.0,1.0
1867,a42cc34c8a985b67,True,1.0,1.0,0.8593216753408633,1.0,1.0,0.0,0.9413840313920264
1868,0c330f8c6d6658ee,True,1.0,1.0,0.8771672295390127,1.0,1.0,1.0,0.9488196789745885
1869,619d1afc63c35621,True,1.0,0.0,0.0,1.0,1.0,1.0,0.0
1870,cb8b1f36617c50d4,True,1.0,1.0,0.8213999057161089,1.0,1.0,1.0,0.9255832940483787
1871,b5b7e0338624532b,True,0.0,1.0,0.0,0.0,1.0,1.0,0.0
1872,08ebfd6fbc145517,True,1.0,1.0,0.8449903326500946,1.0,1.0,1.0,0.935412638604206
1873,bbd85b27fa465894,True,1.0,1.0,0.922901020296926,0.0,1.0,1.0,0.5512087584570525
1874,c5fb72e3a0855c1b,True,1.0,1.0,0.6567287141662896,1.0,1.0,1.0,0.8569702975692873
1875,824cd4fff1e25cb4,True,1.0,1.0,0.757153922028603,1.0,1.0,1.0,0.8988141341785846
1876,ab9a263dea175465,True,1.0,1.0,0.7291861802741776,1.0,1.0,1.0,0.8871609084475741
1877,5e81fdb02c275b17,True,1.0,1.0,0.5472264615596156,1.0,1.0,1.0,0.8113443589831731
1878,c5ee24aa8f5059d6,True,1.0,1.0,1.0,0.0,1.0,1.0,0.5833333333333334
1879,4cac9f6cd85a5b47,True,1.0,1.0,0.8842893869870083,1.0,1.0,1.0,0.9517872445779201
1880,fa919203c245502d,True,1.0,1.0,0.8126926117195195,1.0,1.0,1.0,0.9219552548831332
1881,36e1ce5794595e73,True,1.0,1.0,1.0,1.0,1.0,1.0,1.0
1882,abd6e8c330ea5694,True,1.0,1.0,0.5029789019093369,1.0,1.0,1.0,0.7929078757955571
1883,ca6a8cc7012a5fac,True,1.0,1.0,0.7533893058711952,1.0,1.0,1.0,0.8972455441129981
1884,cc8b8b4ae726592a,True,1.0,1.0,1.0,1.0,1.0,1.0,1.0
1885,e1398b3ecf3f520d,True,1.0,1.0,0.9278198592929661,1.0,1.0,1.0,0.9699249413720693
1886,2be2e48e80985bee,True,1.0,1.0,1.0,1.0,1.0,1.0,1.0
1887,4a62cc0027965e10,True,1.0,1.0,0.9491091667938617,1.0,1.0,1.0,0.9787954861641092
1888,93d5e0dd29bc5e7c,True,1.0,1.0,1.0,1.0,1.0,1.0,1.0
1889,b318cf82212f5443,True,1.0,1.0,0.6563422475620313,1.0,1.0,1.0,0.856809269817513
1890,1a5f614c9b815e92,True,1.0,1.0,1.0,1.0,1.0,1.0,1.0
1891,331a4a4334df5c34,True,1.0,1.0,0.6346894530162113,1.0,1.0,1.0,0.847787272090088
1892,103c3ee1db23521d,True,1.0,1.0,0.858538503782328,1.0,1.0,1.0,0.9410577099093033
1893,778219f3cac65d35,True,1.0,1.0,0.5950100537894895,1.0,1.0,1.0,0.8312541890789539
1894,3f19f97d980754f7,True,1.0,1.0,0.8895531341563715,1.0,1.0,1.0,0.9539804725651547
1895,e35a803202875fa0,True,1.0,1.0,0.8483008500760797,1.0,1.0,1.0,0.9367920208650332
1896,b02be1e28abb59f1,True,1.0,1.0,0.6851433265897245,1.0,1.0,1.0,0.8688097194123853
1897,78a50eb4d40e5ffa,True,1.0,1.0,0.7028377137301192,1.0,1.0,1.0,0.876182380720883
1898,47fae9a1708b5101,True,1.0,1.0,1.0,1.0,1.0,1.0,1.0
1899,73c6bf15d3cc58e4,True,1.0,1.0,0.7755444350451481,1.0,1.0,1.0,0.9064768479354784
1900,f9b16eaee3b956a3,True,1.0,1.0,1.0,1.0,1.0,1.0,1.0
1901,c13f0e8db9b15c69,True,1.0,1.0,1.0,1.0,1.0,1.0,1.0
1902,f6eec3b743985122,True,1.0,1.0,0.8605221683968235,1.0,1.0,1.0,0.9418842368320098
1903,ea789512f1be5a47,True,1.0,1.0,1.0,1.0,1.0,1.0,1.0
1904,81917c1e1a9b5cdc,True,1.0,1.0,0.9557017784821811,1.0,1.0,1.0,0.9815424077009087
1905,d66904f908405550,True,1.0,1.0,1.0,1.0,1.0,1.0,1.0
1906,0f7854f951905e69,True,1.0,1.0,0.5789201411425291,1.0,1.0,1.0,0.824550058809387
1907,a259460cd13f55c2,True,1.0,1.0,0.9445583085746756,0.0,1.0,1.0,0.5602326285727816
1908,2d305230053e5e19,True,1.0,1.0,1.0,1.0,1.0,1.0,1.0
1909,0f4984d978155b23,True,1.0,1.0,0.8388572944841899,1.0,1.0,1.0,0.932857206035079
1910,92471a550d745af1,True,1.0,1.0,1.0,1.0,1.0,1.0,1.0
1911,bcb48691833d5afe,True,1.0,1.0,1.0,1.0,1.0,1.0,1.0
1912,d8952813d8de574d,True,1.0,1.0,0.9155355849691241,1.0,1.0,1.0,0.964806493737135
1913,d37e71f395695c6f,True,1.0,1.0,0.812086857141078,1.0,1.0,1.0,0.9217028571421159
1914,355835bced0c591f,True,1.0,0.0,0.0,1.0,1.0,1.0,0.0
1915,6561633171e75bb6,True,1.0,1.0,1.0,1.0,1.0,1.0,1.0
1916,1d612d6783845a87,True,1.0,1.0,0.857015610561169,1.0,1.0,1.0,0.9404231710671538
1917,6469176632cf52a0,True,1.0,1.0,0.963707997893627,1.0,1.0,1.0,0.9848783324556779
1918,3c90de2a12a558b2,True,1.0,1.0,0.7382545385683703,1.0,1.0,1.0,0.8909393910701543
1919,d5cf4595a3435917,True,1.0,1.0,1.0,1.0,1.0,1.0,1.0
1920,a1ff2db262ab5db7,True,1.0,1.0,0.7696839890376697,1.0,1.0,1.0,0.9040349954323624
1921,4d55f6c3a3dc58fe,True,1.0,1.0,1.0,1.0,1.0,1.0,1.0
1922,7bbb6cfc4f135e50,True,1.0,1.0,0.8168836725251551,1.0,1.0,1.0,0.9237015302188146
1923,501de4adcf415443,True,1.0,0.0,0.0,1.0,1.0,1.0,0.0
1924,342982275eb15441,True,1.0,1.0,0.7882321165843431,1.0,1.0,1.0,0.9117633819101428
1925,5b1a620dcd675298,True,1.0,1.0,1.0,1.0,1.0,1.0,1.0
1926,c3a9557ccfb5517c,True,1.0,1.0,1.0,1.0,1.0,1.0,1.0
1927,748779bcdb5b5a49,True,1.0,1.0,0.9695070590544445,1.0,1.0,1.0,0.987294607939352
1928,66ca1ffcef4354e9,True,1.0,1.0,0.6877763168963382,1.0,1.0,1.0,0.8699067987068076
1929,747f309bac56509f,True,1.0,1.0,0.9121801587133721,1.0,1.0,1.0,0.963408399463905
1930,1c62222c7c0b522f,True,1.0,1.0,1.0,1.0,1.0,1.0,1.0
1931,5022f5d01ba85e74,True,1.0,1.0,0.6522463622789254,1.0,1.0,1.0,0.8551026509495522
1932,822d92ab3f13502b,True,1.0,1.0,1.0,1.0,1.0,1.0,1.0
1933,40d24af6505f50c9,True,1.0,1.0,0.5736990546469828,1.0,1.0,1.0,0.8223746061029095
1934,a452d968db965d77,True,1.0,1.0,0.8649298500341065,0.0,1.0,1.0,0.5270541041808777
1935,d6396ef1c0c55d33,True,1.0,1.0,0.8469817582634244,1.0,1.0,1.0,0.9362423992764267
1936,70ce3fce14785ae5,True,1.0,1.0,1.0,1.0,1.0,1.0,1.0
1937,b26b54b014205d5c,True,1.0,1.0,0.8034719071106325,1.0,1.0,1.0,0.9181132946294301
1938,b7e61e7b15265bb9,True,1.0,1.0,1.0,1.0,1.0,1.0,1.0
1939,cd78333fa2c45328,True,1.0,1.0,0.8959731081131822,1.0,1.0,1.0,0.9566554617138259
1940,95fa228136aa55d1,True,1.0,1.0,0.8265189332458873,1.0,1.0,1.0,0.9277162221857864
1941,6a090fe8d71a5f38,True,1.0,1.0,0.9810867249115341,1.0,1.0,1.0,0.9921194687131392
1942,46ee8e2727455a9f,True,1.0,1.0,0.98103118571471,1.0,1.0,1.0,0.9920963273811291
1943,3d11d1a35e8f500d,True,1.0,1.0,0.9813986634054366,0.0,1.0,1.0,0.575582776418932
1944,026e7b1e0e335625,True,1.0,1.0,1.0,1.0,1.0,1.0,1.0
1945,68188bae28595f7c,True,1.0,1.0,1.0,1.0,1.0,1.0,1.0
1946,84b38cdaa93e5dcd,True,1.0,1.0,0.7747209991439327,1.0,1.0,1.0,0.9061337496433053
1947,64a52073ea395752,True,1.0,0.0,0.0,1.0,1.0,1.0,0.0
1948,df284ad97ad55a31,True,1.0,1.0,0.8066219763278013,1.0,1.0,1.0,0.9194258234699172
1949,6fbdacdf660253b6,True,1.0,1.0,0.8562121963574851,1.0,1.0,1.0,0.9400884151489523
1950,b5c2d13e8d5c517a,True,1.0,1.0,0.8043910855452924,1.0,1.0,1.0,0.9184962856438718
1951,6d2178f2992f5d22,True,1.0,1.0,0.5623813924756564,1.0,1.0,1.0,0.8176589135315235
1952,b87c15c9f6cf54eb,True,1.0,0.0,0.0,1.0,1.0,1.0,0.0
1953,7b7ce3374d1e51dc,True,1.0,1.0,1.0,1.0,1.0,1.0,1.0
1954,f93bfd9479fd52ee,True,1.0,1.0,0.7722308174710529,1.0,1.0,1.0,0.9050961739462721
1955,f05325ffb9425a4b,True,1.0,1.0,1.0,1.0,1.0,1.0,1.0
1956,a32383d18e5351cc,True,1.0,1.0,0.15586228043942973,1.0,1.0,1.0,0.6482759501830957
1957,994db6ebee835fbd,True,1.0,1.0,1.0,1.0,1.0,1.0,1.0
1958,313a7548b23b5b8f,True,1.0,1.0,0.8296870760913021,1.0,1.0,1.0,0.9290362817047093
1959,28ecbec6051d5527,True,1.0,0.0,0.0,1.0,1.0,1.0,0.0
1960,674e6f0f529a51f7,True,1.0,1.0,0.5538116082574255,1.0,1.0,1.0,0.8140881701072606
1961,5c9063357a725208,True,1.0,1.0,1.0,1.0,1.0,1.0,1.0
1962,f94a9ce36b8e5516,True,1.0,1.0,0.6968522367744636,1.0,1.0,1.0,0.8736884319893599
1963,c71161b938af5b16,True,1.0,1.0,1.0,1.0,1.0,1.0,1.0
1964,d91f0c28683e52da,True,0.0,1.0,0.0,0.0,1.0,1.0,0.0
1965,c169cf799b165800,True,1.0,1.0,0.5926861205337013,1.0,1.0,1.0,0.8302858835557089
1966,35aa38c73e9251a7,True,1.0,1.0,0.9126601026200348,1.0,1.0,1.0,0.9636083760916812
1967,d978a6878e7b5e8b,True,1.0,1.0,1.0,1.0,1.0,1.0,1.0
1968,4cdd4e33b01a52a8,True,1.0,1.0,0.8798517925254898,1.0,1.0,1.0,0.9499382468856208
1969,85a89a122095548d,True,1.0,1.0,0.831273732477907,1.0,1.0,1.0,0.9296973885324613
1970,cd89b212efe9585a,True,1.0,1.0,1.0,1.0,1.0,1.0,1.0
1971,a66477a84cc05f05,True,1.0,1.0,1.0,1.0,1.0,1.0,1.0
1972,f3532c4c4ad95b27,True,1.0,1.0,0.9958592391502412,1.0,1.0,1.0,0.9982746829792672
1973,9b0b6d3472465b35,True,1.0,1.0,1.0,1.0,1.0,1.0,1.0
1974,b4d8ee8da1c153f9,True,1.0,1.0,1.0,1.0,1.0,1.0,1.0
1975,690fef019ad25dd6,True,1.0,1.0,1.0,1.0,1.0,1.0,1.0
1976,fc1b6762387f5209,True,1.0,1.0,0.8996347318493281,1.0,1.0,1.0,0.9581811382705534
1977,3a76a6ab17535552,True,1.0,1.0,0.8936480135546592,1.0,1.0,1.0,0.9556866723144414
1978,7d80c95c24645b06,True,1.0,1.0,1.0,1.0,1.0,1.0,1.0
1979,ffd429cac51751d9,True,0.0,1.0,0.0,0.0,1.0,1.0,0.0
1980,7eb19d771c975618,True,1.0,1.0,0.5924869464395148,1.0,1.0,1.0,0.8302028943497978
1981,18f8562c9bb55561,True,1.0,1.0,1.0,1.0,1.0,1.0,1.0
1982,6de8e1962fc4559a,True,1.0,1.0,0.8626882538467695,1.0,1.0,1.0,0.942786772436154
1983,48762908e4705b55,True,1.0,1.0,0.08594587025102508,1.0,1.0,1.0,0.6191441126045938
1984,a4fb656f624e5458,True,1.0,1.0,0.7883700294598601,1.0,1.0,1.0,0.911820845608275
1985,0221ed2a1c495f23,True,1.0,1.0,0.8771464020245257,1.0,1.0,1.0,0.9488110008435523
1986,50b72b9404da516c,True,1.0,1.0,1.0,1.0,1.0,1.0,1.0
1987,40c06c252a275c50,True,1.0,1.0,0.6742680521812976,1.0,1.0,1.0,0.8642783550755406
1988,81d893bd99de519b,True,1.0,0.0,0.0,1.0,1.0,1.0,0.0
1989,8ec53979117552c7,True,1.0,1.0,0.7504103104554963,1.0,1.0,1.0,0.8960042960231235
1990,ddddd9e7e4925db9,True,1.0,1.0,0.7055088836103813,1.0,1.0,1.0,0.8772953681709922
1991,3ea2b59016145c63,True,1.0,1.0,1.0,1.0,0.0,1.0,0.8333333333333334
1992,2034e8ae11cc594e,True,1.0,0.0,0.0,1.0,1.0,0.0,0.0
1993,48321ca34be254e5,True,1.0,1.0,0.7565479663599635,1.0,1.0,1.0,0.8985616526499848
1994,70e50d9b18305fa4,True,1.0,1.0,0.7036637891373001,1.0,1.0,1.0,0.8765265788072084
1995,f750e0c7f8375bae,True,1.0,1.0,0.7092146313411336,1.0,1.0,1.0,0.8788394297254722
1996,c2b5ebf8ace851ea,True,1.0,1.0,1.0,1.0,1.0,1.0,1.0
1997,31aa58748e2c5495,True,1.0,1.0,1.0,1.0,1.0,1.0,1.0
1998,3d86e3fc3499578f,True,1.0,0.0,0.0,1.0,0.0,0.0,0.0
1999,077c80ecaed0548f,True,1.0,1.0,0.6885345629179148,1.0,1.0,1.0,0.8702227345491312
2000,0670d0c81a5550c4,True,1.0,1.0,0.8173252351210127,1.0,1.0,1.0,0.9238855146337553
2001,df30f32cd2ee5633,True,1.0,1.0,1.0,1.0,1.0,1.0,1.0
2002,f4458a9c09795afa,True,1.0,1.0,1.0,1.0,1.0,0.5,1.0
2003,8673d97f94ae5700,True,1.0,1.0,0.8552153544953258,1.0,1.0,1.0,0.9396730643730523
2004,92838ad73bf95b3a,True,1.0,1.0,1.0,1.0,1.0,1.0,1.0
2005,245bcbae35595474,True,1.0,1.0,1.0,1.0,1.0,1.0,1.0
2006,4a29aee6f5bd5073,True,1.0,1.0,0.6321580164323936,1.0,1.0,1.0,0.8467325068468307
2007,5b78dd344203528e,True,1.0,1.0,0.6922816476246051,1.0,1.0,1.0,0.8717840198435854
2008,026e84581e0f5044,True,1.0,1.0,0.8006787819606139,1.0,1.0,1.0,0.9169494924835891
2009,6832568ebd835696,True,1.0,1.0,0.7508061438874176,1.0,1.0,1.0,0.8961692266197573
2010,1cddfddca0bd560a,True,1.0,1.0,1.0,1.0,1.0,1.0,1.0
2011,65130561cbfb567a,True,1.0,1.0,1.0,1.0,1.0,1.0,1.0
2012,9e032298e808528a,True,1.0,1.0,0.5995269266754342,1.0,1.0,1.0,0.8331362194480976
2013,f0cdcc3967335c01,True,1.0,1.0,1.0,1.0,1.0,1.0,1.0
2014,e36f096910ed562a,True,1.0,1.0,1.0,1.0,1.0,1.0,1.0
2015,5d3fbc3605fb5bb9,True,1.0,1.0,0.9797216651985324,1.0,1.0,1.0,0.9915506938327218
2016,949a5f17807b5aac,True,1.0,1.0,0.7328882526052545,1.0,1.0,1.0,0.8887034385855227
2017,c5b585ddf50d5f1f,True,1.0,1.0,1.0,1.0,1.0,1.0,1.0
2018,159b8a11bd775e91,True,1.0,1.0,1.0,1.0,1.0,1.0,1.0
2019,4417a92b5b1956b8,True,1.0,1.0,0.827020948645167,1.0,1.0,1.0,0.9279253952688196
2020,639b55d4b2b65d0a,True,1.0,1.0,0.7679105664927628,1.0,1.0,1.0,0.9032960693719844
2021,0c0044f312655c94,True,1.0,1.0,0.8424879124004734,1.0,1.0,1.0,0.9343699635001972
2022,1a25d6503c075cc8,True,1.0,1.0,0.8888895942827366,1.0,1.0,1.0,0.953703997617807
2023,0b177a1d821055ea,True,1.0,1.0,0.8866258618697435,1.0,1.0,1.0,0.9527607757790598
2024,846863e9cd7059c5,True,1.0,1.0,1.0,1.0,1.0,1.0,1.0
2025,cd828def214c571e,True,1.0,1.0,0.8844496192898953,1.0,1.0,1.0,0.9518540080374563
2026,1108eba0b4415340,True,1.0,1.0,0.8334784791371286,1.0,1.0,1.0,0.9306160329738035
2027,53414ba6577d5923,True,1.0,1.0,0.7136745737595722,1.0,1.0,1.0,0.8806977390664885
2028,b51815625ee05f75,True,1.0,1.0,1.0,1.0,1.0,1.0,1.0
2029,0027db600afe56ca,True,1.0,1.0,1.0,1.0,1.0,1.0,1.0
2030,f8f02729d1ee5c16,True,1.0,1.0,1.0,1.0,1.0,1.0,1.0
2031,9933a1df50ff5919,True,1.0,1.0,1.0,1.0,1.0,1.0,1.0
2032,513a97511d135ebd,True,1.0,1.0,0.870400965131617,1.0,1.0,1.0,0.9460004021381737
2033,c887e4bc08f85aa5,True,1.0,1.0,1.0,0.0,1.0,1.0,0.5833333333333334
2034,5fe40d882c3b545f,True,0.0,1.0,0.0,0.0,0.0,1.0,0.0
2035,e7daf964463c530b,True,1.0,1.0,1.0,1.0,1.0,0.0,1.0
2036,f35274c7a16657d7,True,1.0,1.0,0.8906293961027845,1.0,1.0,1.0,0.9544289150428269
2037,a3f82403e6945aa7,True,1.0,1.0,0.9602920887212292,1.0,1.0,0.5,0.9834550369671788
2038,dac5a6aa183b5e73,True,1.0,1.0,0.5578967535250252,1.0,1.0,1.0,0.8157903139687604
2039,89766121ee605be0,True,1.0,1.0,0.9365398483881928,1.0,1.0,0.5,0.973558270161747
2040,0df7b61597705cf2,True,1.0,1.0,0.702675227096034,1.0,1.0,1.0,0.8761146779566809
2041,262c4400163e5d8e,True,1.0,1.0,0.8087576505098915,1.0,1.0,1.0,0.9203156877124549
2042,85164858b3e55841,True,1.0,1.0,0.8779821224007809,1.0,1.0,1.0,0.949159217666992
2043,04e3f71d6bc15d1e,True,1.0,1.0,0.8655779781808177,1.0,1.0,1.0,0.9439908242420074
2044,8b7d99b5ae2a5219,True,0.0,1.0,0.0,0.0,1.0,1.0,0.0
2045,2de3f6af0a69509d,True,1.0,1.0,0.7963687223748909,1.0,1.0,1.0,0.9151536343228712
2046,e8d7197f07635cfb,True,1.0,1.0,1.0,1.0,1.0,1.0,1.0
2047,3f5c9cc5b40a5ff5,True,1.0,1.0,0.7276909982874675,1.0,1.0,1.0,0.8865379159531116
2048,774006a654915196,True,1.0,1.0,0.7613927900007688,1.0,1.0,1.0,0.900580329166987
2049,18ca4d6e9c0a576b,True,1.0,1.0,1.0,1.0,1.0,1.0,1.0
2050,62e8d8891ff45c7b,True,1.0,1.0,0.6697236341136512,1.0,1.0,1.0,0.8623848475473547
2051,96bc4f4e46f752f4,True,1.0,1.0,1.0,1.0,1.0,1.0,1.0
2052,36b4b6d6e4745071,True,1.0,1.0,0.886158814366588,1.0,1.0,1.0,0.952566172652745
2053,028613e11f415422,True,1.0,1.0,0.8886401686097416,1.0,1.0,1.0,0.9536000702540589
2054,9d864c15bf7d5414,True,1.0,0.0,0.0,1.0,1.0,0.5,0.0
2055,3a161e0999b15823,True,1.0,1.0,0.7526548449079633,1.0,1.0,1.0,0.8969395187116515
2056,fd9dc4abc0d357a1,True,1.0,1.0,0.7645854791863385,1.0,1.0,1.0,0.901910616327641
2057,eb4bbe69b80d5f12,True,1.0,1.0,0.8704088800589704,1.0,1.0,1.0,0.946003700024571
2058,2e508e23f47d5f96,True,1.0,1.0,0.6955826369715714,1.0,1.0,1.0,0.8731594320714882
2059,257773cfd41d59d5,True,1.0,1.0,0.6102263441640756,1.0,1.0,1.0,0.8375943100683649
2060,5379d354b9b95048,True,1.0,0.0,0.0,1.0,1.0,1.0,0.0
2061,99ebd32df2f453f8,True,1.0,1.0,1.0,1.0,1.0,1.0,1.0
2062,7f1f382094685881,True,1.0,1.0,0.8952252376582681,1.0,1.0,1.0,0.9563438490242784
2063,24edcd5e5b7f546a,True,1.0,1.0,0.9435129862273771,1.0,1.0,1.0,0.976463744261407
2064,874ce413a47e5c30,True,1.0,1.0,0.8935639251251064,1.0,1.0,1.0,0.9556516354687944
2065,3c303aa231e65a53,True,1.0,1.0,0.9821319449249514,1.0,1.0,1.0,0.9925549770520631
2066,695beb73604159b7,True,1.0,1.0,1.0,1.0,1.0,1.0,1.0
2067,51ab6f367130574d,True,1.0,1.0,0.8075751336384355,1.0,1.0,1.0,0.9198229723493482
2068,83be5aa78f7652de,True,1.0,1.0,0.8355201565583014,1.0,1.0,1.0,0.9314667318992923
2069,6b5a3fa1663e5a8d,True,1.0,1.0,0.7235798490672769,1.0,1.0,1.0,0.8848249371113655
2070,b677a8a95c395ad2,True,1.0,1.0,0.7911165245946189,1.0,1.0,1.0,0.9129652185810913
2071,d2b3f402ba0f55c3,True,1.0,1.0,1.0,1.0,1.0,1.0,1.0
2072,b637b5849b475a18,True,1.0,1.0,0.746536662543021,1.0,1.0,1.0,0.8943902760595921
2073,0eb6987fdc9b5213,True,1.0,1.0,1.0,0.0,1.0,1.0,0.5833333333333334
2074,0d7d0361dc665d25,True,1.0,1.0,1.0,1.0,1.0,1.0,1.0
2075,8e9f743d92c05d10,True,1.0,1.0,1.0,1.0,1.0,1.0,1.0
2076,b2e0a5dfbb575ce1,True,1.0,1.0,0.5404303996413882,1.0,1.0,1.0,0.808512666517245
2077,21146ac996365854,True,1.0,1.0,0.7738953908136823,1.0,1.0,1.0,0.9057897461723675
2078,e2fe44045eac5b89,True,1.0,1.0,1.0,1.0,1.0,1.0,1.0
2079,3cf6bf2e7992584c,True,1.0,1.0,1.0,1.0,1.0,1.0,1.0
2080,847ac59d6cce5bc4,True,1.0,1.0,0.8267270009548993,1.0,1.0,1.0,0.9278029170645414
2081,a04628cdd3f25947,True,1.0,1.0,0.8443732805635209,1.0,1.0,1.0,0.9351555335681336
2082,feb7748995f55bdd,True,1.0,1.0,1.0,1.0,1.0,1.0,1.0
2083,e024bd23594b5a13,True,1.0,1.0,1.0,1.0,1.0,1.0,1.0
2084,e67729beeaa95c34,True,1.0,1.0,1.0,1.0,1.0,1.0,1.0
2085,5ca7353cbe4a5cf7,True,1.0,1.0,1.0,1.0,1.0,1.0,1.0
2086,b19f226d281e588a,True,1.0,0.0,0.0,1.0,1.0,1.0,0.0
2087,e9ed7dbcb6365ea2,True,1.0,1.0,0.874869496409449,1.0,1.0,1.0,0.9478622901706037
2088,23d0ae8aedf8537b,True,1.0,1.0,1.0,1.0,1.0,1.0,1.0
2089,9360bfdb65d153cd,True,1.0,1.0,0.8395002518714736,1.0,1.0,1.0,0.9331251049464474
2090,2c978eb63fec5d2a,True,1.0,1.0,0.8636223484379842,1.0,1.0,1.0,0.9431759785158267
2091,302d9a7758625a37,True,1.0,1.0,1.0,1.0,1.0,1.0,1.0
2092,313a7a6feb1c5490,True,1.0,0.0,0.0,1.0,1.0,1.0,0.0
2093,0d50bb8976e45ea7,True,1.0,1.0,1.0,1.0,1.0,1.0,1.0
2094,9243ca15a76e552f,True,1.0,1.0,0.9045997469269125,1.0,1.0,1.0,0.9602498945528802
2095,5992423b009757f2,True,1.0,1.0,0.819251391530733,1.0,1.0,1.0,0.9246880798044721
2096,c9395d7ca7f75410,True,1.0,1.0,1.0,1.0,1.0,1.0,1.0
2097,0a8c2aac609d5a04,True,1.0,1.0,0.747754055527262,1.0,1.0,1.0,0.8948975231363591
2098,69ed5efe731251d0,True,1.0,1.0,0.8557119997514129,1.0,1.0,1.0,0.939879999896422
2099,7ceb065003f25449,True,1.0,1.0,1.0,1.0,1.0,1.0,1.0
2100,c810620e645e53b8,True,1.0,1.0,1.0,1.0,1.0,1.0,1.0
2101,7bf4d5a2cad05f50,True,1.0,1.0,0.7819827785429307,1.0,1.0,1.0,0.9091594910595545
2102,1288b2d19d695376,True,1.0,1.0,1.0,1.0,1.0,1.0,1.0
2103,901b2d48b2ce5bf1,True,1.0,1.0,0.7024897566166165,1.0,1.0,1.0,0.8760373985902569
2104,1ecea4b911675b72,True,1.0,1.0,0.7661354280530598,1.0,1.0,1.0,0.9025564283554416
2105,84aade0568085ba5,True,1.0,1.0,1.0,1.0,1.0,1.0,1.0
2106,2b5dabfa534156c0,True,1.0,1.0,0.8558075151259236,1.0,1.0,1.0,0.9399197979691348
2107,485b3e83878255b2,True,1.0,1.0,0.8488585744611651,1.0,1.0,1.0,0.9370244060254854
2108,04703c86cf5b5a20,True,0.5,1.0,0.4021834469754396,0.0,1.0,0.0,0.16712155145321658
2109,1b1a37c517e45fbd,True,1.0,1.0,1.0,1.0,1.0,1.0,1.0
2110,f7103dfe59a959be,True,1.0,1.0,1.0,1.0,1.0,1.0,1.0
2111,aa74d194063c5d0b,True,1.0,1.0,0.6246365716275969,1.0,1.0,1.0,0.8435985715114986
2112,a7b8ffecd36e5dbc,True,1.0,1.0,0.8781055140490976,1.0,1.0,0.5,0.9492106308537908
2113,8a249b6f42f35ca2,True,1.0,1.0,1.0,1.0,1.0,1.0,1.0
2114,806b014bc8c15160,True,1.0,1.0,0.7495508312529938,1.0,1.0,1.0,0.8956461796887475
2115,f335a11369685b08,True,1.0,1.0,0.7122731332008952,1.0,1.0,1.0,0.8801138055003731
2116,44e882ff27ec5566,True,1.0,0.0,0.0,1.0,1.0,1.0,0.0
2117,59c3714116c25a7c,True,1.0,0.0,0.0,1.0,1.0,1.0,0.0
2118,cd67b6a868ed5745,True,1.0,1.0,1.0,1.0,1.0,1.0,1.0
2119,c4e94b7583555176,True,1.0,1.0,1.0,0.0,1.0,1.0,0.5833333333333334
2120,09a0456056555b0a,True,1.0,1.0,0.7581727079187374,1.0,1.0,1.0,0.8992386282994739
2121,df534bbfbbba5b0c,True,1.0,1.0,1.0,1.0,1.0,1.0,1.0
2122,3d6703caa0c951a8,True,1.0,1.0,0.8961654828883845,1.0,1.0,1.0,0.9567356178701601
2123,aa34b08bfad85fac,True,1.0,1.0,0.8478624453348785,1.0,1.0,1.0,0.9366093522228661
2124,43b78800618758d9,True,1.0,1.0,0.8729051326858547,1.0,1.0,1.0,0.9470438052857727
2125,0da1e53d70565ba4,True,0.0,1.0,0.0,0.0,1.0,1.0,0.0
2126,e511376fdf3250e5,True,1.0,1.0,0.7177403458094307,1.0,1.0,1.0,0.8823918107539295
2127,6ffc117437175255,True,1.0,1.0,0.7550037166191074,1.0,1.0,1.0,0.8979182152579614
2128,27b5c3ce868856a2,True,1.0,1.0,0.9024506883227569,1.0,1.0,1.0,0.9593544534678152
2129,2818ed317df9550a,True,1.0,1.0,0.7149846711238015,1.0,1.0,1.0,0.8812436129682505
2130,9248ce20618c5513,True,1.0,1.0,0.8286705167391476,1.0,1.0,1.0,0.9286127153079781
2131,c2cfb091173a5ca2,True,1.0,1.0,1.0,1.0,1.0,1.0,1.0
2132,45b494315ca85268,True,1.0,1.0,0.9143813456039276,1.0,1.0,1.0,0.9643255606683031
2133,10b9d1b254f35a74,True,1.0,1.0,0.6265601497924131,1.0,1.0,1.0,0.8444000624135054
2134,896f25f6f25e52e0,True,1.0,1.0,0.9718110792945152,1.0,1.0,1.0,0.9882546163727146
2135,a916c0c016825703,True,1.0,1.0,1.0,1.0,1.0,1.0,1.0
2136,043524c9126f5893,True,1.0,1.0,0.6996223936864584,1.0,1.0,1.0,0.8748426640360244
2137,b6765fe7ee17596e,True,0.0,1.0,0.0,0.0,1.0,1.0,0.0
2138,248a920cf01751f1,True,1.0,1.0,1.0,1.0,1.0,1.0,1.0
2139,f77c053616475084,True,1.0,1.0,0.633101357388629,1.0,1.0,1.0,0.8471255655785953
2140,56af8eae4788597f,True,1.0,1.0,1.0,1.0,1.0,1.0,1.0
2141,7eb33ecbb32d5a60,True,1.0,1.0,1.0,1.0,1.0,1.0,1.0
2142,5e5b6eaacd3f5bdd,True,1.0,1.0,0.8154799367384579,1.0,1.0,1.0,0.9231166403076907
2143,74d0c56b12f25f92,True,1.0,1.0,0.8516017695073598,1.0,1.0,1.0,0.9381674039614
2144,26c48df074d151c6,True,1.0,1.0,0.7766154201539661,0.0,1.0,1.0,0.49025642506415257
2145,c8b422346e1f5252,True,1.0,1.0,1.0,1.0,1.0,1.0,1.0
2146,7d59e0ea1e0d524b,True,1.0,1.0,0.5695112960460078,1.0,1.0,1.0,0.8206297066858367
2147,aba3b771ef0054c6,True,1.0,1.0,0.8844013164207799,1.0,1.0,1.0,0.9518338818419917
2148,9a6489254d5f5577,True,1.0,1.0,0.8199367694680142,1.0,1.0,1.0,0.9249736539450059
2149,19488eb3301f5d26,True,1.0,1.0,0.7140496868537173,1.0,1.0,1.0,0.8808540361890489
2150,9baf3c1d42b25070,True,1.0,1.0,1.0,1.0,1.0,1.0,1.0
2151,979fc47b4f245a9c,True,1.0,1.0,1.0,1.0,1.0,1.0,1.0
2152,f0d6814d23245178,True,1.0,1.0,1.0,1.0,1.0,1.0,1.0
2153,4faa4706a50958e2,True,1.0,1.0,0.6169240549608985,1.0,1.0,1.0,0.8403850229003744
2154,c4a50f520ab75da6,True,1.0,1.0,1.0,1.0,1.0,1.0,1.0
2155,f1494fd9840c5014,True,1.0,1.0,1.0,1.0,1.0,1.0,1.0
2156,84b69613f5e6551c,True,1.0,1.0,0.647568287866394,1.0,1.0,1.0,0.8531534532776641
2157,9d7ec713a2fb5e44,True,1.0,1.0,0.681917931948842,1.0,1.0,1.0,0.8674658049786842
2158,ed77d7ff214f53aa,True,1.0,1.0,0.9393087938221621,1.0,1.0,1.0,0.9747119974259008
2159,5eef9aece027548e,True,1.0,1.0,1.0,1.0,1.0,1.0,1.0
2160,ddf3383ec8965d9b,True,1.0,1.0,0.806439739042648,1.0,1.0,1.0,0.9193498912677699
2161,3bb3a8f506bf5980,True,1.0,1.0,1.0,1.0,1.0,0.5,1.0
2162,d81c4398a40b52b9,True,1.0,1.0,0.8780165925368754,1.0,1.0,1.0,0.9491735802236981
2163,1de80c2e4aca5f33,True,1.0,1.0,0.7779838731297852,1.0,1.0,1.0,0.9074932804707437
2164,b528a0aa02695437,True,1.0,1.0,0.8661613115094978,1.0,1.0,1.0,0.9442338797956241
2165,82b1cb7113515dfb,True,1.0,1.0,1.0,1.0,1.0,1.0,1.0
2166,a96abad3a09753c5,True,1.0,1.0,0.5802274279873142,1.0,1.0,1.0,0.825094761661381
2167,fc39a399fd24554b,True,1.0,1.0,0.9892730589755067,1.0,1.0,1.0,0.9955304412397945
2168,013ec5b715635a66,True,1.0,1.0,1.0,1.0,1.0,1.0,1.0
2169,77f45b5536f854bf,True,1.0,1.0,1.0,1.0,1.0,1.0,1.0
2170,7d10959013575b2d,True,1.0,1.0,0.7685332357585167,1.0,1.0,1.0,0.903555514899382
2171,50613cf56a8d5a38,True,1.0,0.0,0.0,0.0,1.0,0.0,0.0
2172,526a568a22795441,True,0.0,1.0,0.0,0.0,1.0,0.0,0.0
2173,85ab290d4e535060,True,1.0,1.0,1.0,1.0,1.0,1.0,1.0
2174,471869e791085ef6,True,1.0,1.0,0.9244248375269776,1.0,1.0,1.0,0.968510348969574
2175,5303407715805679,True,0.0,1.0,0.0,1.0,1.0,1.0,0.0
2176,e3b8bfc261ac5969,True,1.0,1.0,1.0,1.0,1.0,1.0,1.0
2177,03aa8a0576a25b63,True,1.0,1.0,0.7530960622588816,1.0,1.0,1.0,0.8971233592745339
2178,b0c4bad4c4fa5060,True,1.0,1.0,1.0,1.0,1.0,1.0,1.0
2179,5ae0b5e6a95f5335,True,1.0,1.0,1.0,1.0,1.0,1.0,1.0
2180,6aaf052582e35b0c,True,1.0,1.0,1.0,1.0,1.0,1.0,1.0
2181,2eb2bc9d3b35584f,True,1.0,1.0,1.0,1.0,1.0,1.0,1.0
2182,3c46be05cd7a5cdf,True,1.0,1.0,0.7110106485070321,1.0,1.0,1.0,0.8795877702112634
2183,6e49f2f1c4e456f1,True,1.0,1.0,0.6468053547213047,1.0,1.0,1.0,0.8528355644672102
2184,581a74871330567f,True,1.0,1.0,1.0,1.0,1.0,1.0,1.0
2185,79d36fbd8d115f06,True,1.0,1.0,0.60266560724563,0.0,1.0,1.0,0.4177773363523458
2186,80752a827b8253fe,True,1.0,1.0,0.766659224141226,1.0,1.0,1.0,0.9027746767255108
2187,517e199220ca522b,True,1.0,1.0,0.974327721764145,1.0,1.0,1.0,0.989303217401727
2188,cc7d3c360c345a4b,True,1.0,1.0,0.6410947723923935,1.0,1.0,1.0,0.8504561551634974
2189,7643b4b3f33d5910,True,1.0,1.0,0.8826958055773856,1.0,1.0,1.0,0.9511232523239107
2190,7ce6c5c094c55055,True,1.0,1.0,0.7508299304841238,1.0,1.0,1.0,0.8961791377017182
2191,0715626fc800527e,True,1.0,1.0,1.0,1.0,1.0,1.0,1.0
2192,9790b7cbcd1a5203,True,1.0,1.0,0.7169223443872642,1.0,1.0,1.0,0.8820509768280268
2193,f1ceb70bd72a5048,True,1.0,1.0,0.5396894011937092,1.0,1.0,1.0,0.8082039171640455
2194,4afad5f528f45dfe,True,1.0,0.0,0.0,1.0,1.0,1.0,0.0
2195,d3322747793a5dda,True,1.0,1.0,1.0,1.0,1.0,1.0,1.0
2196,c404e4b4b7a455d3,True,1.0,1.0,1.0,0.0,1.0,1.0,0.5833333333333334
2197,b9e84e372b3958ac,True,0.0,1.0,0.0,0.0,1.0,1.0,0.0
2198,41c7edfd989451cf,True,1.0,1.0,1.0,1.0,1.0,1.0,1.0
2199,b8d114f0304d5f87,True,1.0,1.0,1.0,1.0,1.0,1.0,1.0
2200,e668948b1c0f5b82,True,1.0,1.0,1.0,1.0,1.0,1.0,1.0
2201,45845be1b56d59c7,True,1.0,1.0,1.0,1.0,1.0,1.0,1.0
2202,782f0fff66145718,True,1.0,1.0,0.9796939849760651,1.0,1.0,1.0,0.9915391604066938
2203,9d02128f653455a3,True,1.0,1.0,1.0,1.0,1.0,1.0,1.0
2204,398010cdaac05adc,True,1.0,1.0,0.9666927275799412,1.0,1.0,1.0,0.9861219698249754
2205,93c82496dc8e59c5,True,1.0,1.0,1.0,1.0,1.0,1.0,1.0
2206,78e8eab14d8e5d65,True,1.0,1.0,0.881115692395276,1.0,1.0,1.0,0.950464871831365
2207,cd7568df56095ff2,True,1.0,1.0,1.0,1.0,1.0,1.0,1.0
2208,d55aac327e4451ba,True,1.0,1.0,0.7856577960523116,1.0,1.0,1.0,0.9106907483551298
2209,b156e8110afb5efd,True,1.0,1.0,0.8526143066029124,1.0,1.0,1.0,0.9385892944178802
2210,c0e14f1288ca5066,True,1.0,0.0,0.0,1.0,1.0,0.0,0.0
2211,4dde36d102a4526b,True,1.0,1.0,1.0,1.0,1.0,1.0,1.0
2212,2c14c850f6645147,True,0.0,1.0,0.0,0.0,1.0,0.0,0.0
2213,5f548f26b9a7572f,True,1.0,1.0,1.0,1.0,1.0,1.0,1.0
2214,9b4e0723f48755fb,True,1.0,1.0,0.9362883257636743,1.0,1.0,0.0,0.9734534690681976
2215,0feb5eb464bc52b0,True,1.0,0.0,0.0,1.0,1.0,1.0,0.0
2216,f5f7d39ffe625dda,True,1.0,1.0,0.978333710125546,1.0,1.0,1.0,0.9909723792189776
2217,93bdcee4c814567c,True,1.0,1.0,0.7590730678539264,1.0,1.0,1.0,0.8996137782724692
2218,2919cd502115582a,True,1.0,1.0,1.0,1.0,1.0,1.0,1.0
2219,37430d1c47995fdd,True,1.0,1.0,0.8252763286506247,1.0,1.0,1.0,0.9271984702710937
2220,19a52017c000548c,True,0.0,1.0,0.0,0.0,1.0,0.0,0.0
2221,5f4ad64db9ac5419,True,1.0,1.0,1.0,0.0,1.0,1.0,0.5833333333333334
2222,9406203fdb815e58,True,1.0,1.0,0.7212929617985453,1.0,1.0,1.0,0.8838720674160605
2223,a0f499d0aab45bab,True,1.0,1.0,1.0,0.0,1.0,1.0,0.5833333333333334
2224,c056dcf1096258a4,True,1.0,1.0,1.0,1.0,1.0,1.0,1.0
2225,a5d3eca1660f5855,True,1.0,1.0,0.8472887854026528,1.0,1.0,1.0,0.9363703272511054
2226,d792515ce4b257a4,True,1.0,0.0,0.0,1.0,1.0,0.0,0.0
2227,0bee5ed0a0a957fd,True,1.0,1.0,0.8230972000524533,1.0,1.0,1.0,0.9262905000218554
2228,fccef3d0f5cc5d8e,True,1.0,1.0,1.0,1.0,1.0,1.0,1.0
2229,4e27d27410c85f81,True,1.0,1.0,0.7732948280623924,1.0,1.0,1.0,0.9055395116926634
2230,660e14c77a1c550b,True,1.0,1.0,0.5669020800486237,1.0,1.0,1.0,0.8195425333535932
2231,4631b80af7fb5f2f,True,1.0,1.0,1.0,1.0,1.0,1.0,1.0
2232,0c8b9f08bfa25dc2,True,1.0,1.0,1.0,1.0,0.0,1.0,0.8333333333333334
2233,f1f463892f3d5bb7,True,1.0,0.0,0.0,1.0,1.0,1.0,0.0
2234,0bc64fd1b3ff5d1a,True,1.0,1.0,1.0,1.0,1.0,1.0,1.0
2235,239cb4818dc458fd,True,1.0,1.0,1.0,1.0,1.0,1.0,1.0
2236,98a1233e3db75a8a,True,1.0,1.0,0.926468924436699,1.0,1.0,1.0,0.9693620518486247
2237,f1041299a1a059f5,True,1.0,1.0,0.5317910367714612,1.0,1.0,1.0,0.8049129319881088
2238,342596d95a475bed,True,1.0,1.0,1.0,1.0,1.0,0.0,1.0
2239,7b263d7980f55503,True,1.0,1.0,0.9696639736734173,1.0,1.0,1.0,0.9873599890305905
2240,4750f239602d5627,True,1.0,1.0,0.8047436505155,1.0,1.0,1.0,0.9186431877147916
2241,4fabf8c780005e4f,True,1.0,1.0,1.0,1.0,1.0,1.0,1.0
2242,05d6f076bdc855d1,True,1.0,1.0,0.9292960727226903,1.0,1.0,1.0,0.970540030301121
2243,bc73190196b358f6,True,1.0,1.0,1.0,1.0,1.0,1.0,1.0
2244,6de81a38cd7655dd,True,1.0,1.0,1.0,1.0,1.0,1.0,1.0
2245,b77b106f469055bd,True,1.0,1.0,0.8076797685461701,1.0,1.0,1.0,0.9198665702275708
2246,f57f56e799be599f,True,1.0,1.0,0.6944901477567788,1.0,1.0,1.0,0.8727042282319912
2247,e22c42694be05703,True,1.0,1.0,0.781502177578862,1.0,1.0,1.0,0.9089592406578592
2248,f638ae3f35d25d55,True,1.0,1.0,1.0,0.0,1.0,1.0,0.5833333333333334
2249,70322003ab525a2e,True,1.0,0.0,0.0,1.0,1.0,1.0,0.0
2250,4ad7866306895cca,True,1.0,1.0,0.606417000253459,1.0,1.0,1.0,0.8360070834389411
2251,cdfc50d75d0c56df,True,1.0,1.0,1.0,1.0,1.0,1.0,1.0
2252,b00afb2388cd5007,True,1.0,1.0,1.0,1.0,1.0,1.0,1.0
2253,ce6eb4e00dac5ae3,True,1.0,1.0,0.9755631030289935,1.0,1.0,1.0,0.9898179595954139
2254,c3c6442b2f525269,True,1.0,1.0,0.955103760840288,1.0,1.0,1.0,0.9812932336834533
2255,2c337eb368fb54ca,True,1.0,0.0,0.0,1.0,1.0,0.5,0.0
2256,0c4f97d3255155e4,True,1.0,0.0,0.0,1.0,1.0,0.5,0.0
2257,71ed3e4fcadc5322,True,1.0,1.0,0.7650916862327731,1.0,1.0,1.0,0.9021215359303222
2258,e6e40103bfcb539e,True,1.0,1.0,0.7107323075107218,1.0,1.0,1.0,0.879471794796134
2259,bc1a3b9fa4ca5000,True,1.0,1.0,1.0,1.0,1.0,1.0,1.0
2260,66e559e29cca52e0,True,1.0,1.0,0.34027498208518825,1.0,1.0,1.0,0.7251145758688283
2261,2fc619c5acbe54b8,True,1.0,1.0,0.8397649282694425,1.0,1.0,1.0,0.9332353867789344
2262,5099c20d468f5cf4,True,1.0,1.0,0.9152575297807571,1.0,1.0,1.0,0.9646906374086489
2263,f62e6cb228dc50e1,True,1.0,1.0,0.7834405523418836,1.0,1.0,1.0,0.9097668968091183
2264,1c3c37eeacd15c92,True,1.0,1.0,0.8244743391199917,1.0,1.0,1.0,0.9268643079666633
2265,d9560f4ad686510f,True,1.0,1.0,0.6380134045136187,1.0,1.0,1.0,0.8491722518806745
2266,cd7e9823f2b15e0f,True,1.0,1.0,0.9835406033072163,1.0,1.0,1.0,0.9931419180446733
2267,36e98388f7a35159,True,1.0,1.0,1.0,1.0,1.0,1.0,1.0
2268,be43454e5a4f5a2a,True,1.0,1.0,0.6789134333779557,1.0,1.0,1.0,0.8662139305741482
2269,65f236a74a3d53a4,True,1.0,1.0,0.8998489440537183,1.0,1.0,1.0,0.9582703933557161
2270,e4c83b8feafe5cb4,True,1.0,1.0,0.9789959820631269,0.0,1.0,1.0,0.5745816591929696
2271,06279fdb46815c6c,True,1.0,1.0,1.0,1.0,1.0,0.5,1.0
2272,d5b37b79dde85eb1,True,1.0,1.0,0.7178699454970063,1.0,1.0,1.0,0.8824458106237527
2273,b0bd81048c07524f,True,1.0,1.0,0.4269307373988839,1.0,1.0,1.0,0.7612211405828683
2274,51fd85d11ea75120,True,1.0,0.0,0.0,1.0,1.0,1.0,0.0
2275,134a3394c9b756d9,True,1.0,1.0,0.737670506860346,1.0,1.0,1.0,0.8906960445251442
2276,875f14a6967d5192,True,1.0,1.0,0.9065062767694715,1.0,1.0,1.0,0.9610442819872796
2277,ff9d7c14934b541e,True,1.0,1.0,0.7849555078251034,1.0,1.0,1.0,0.9103981282604597
2278,71629f355b5e5b19,True,1.0,1.0,1.0,1.0,1.0,1.0,1.0
2279,ce3a4f649e23590d,True,1.0,1.0,0.867694346863985,1.0,1.0,1.0,0.9448726445266603
2280,bb30019d8f645e62,True,0.0,0.0,0.0,0.0,1.0,0.0,0.0
2281,88152114a47d5175,True,1.0,1.0,1.0,1.0,1.0,1.0,1.0
2282,dd162898ecf351d4,True,0.0,1.0,0.0,0.0,1.0,1.0,0.0
2283,c72c3c003bc95aab,True,1.0,0.0,0.0,0.0,1.0,1.0,0.0
2284,6dfed7a32cf45d59,True,0.0,1.0,0.0,0.0,1.0,1.0,0.0
2285,d32f8367252b53b1,True,1.0,1.0,1.0,1.0,1.0,1.0,1.0
2286,e9a26f1753a85a88,True,1.0,1.0,1.0,1.0,1.0,1.0,1.0
2287,cd284af1ade75426,True,1.0,1.0,0.7984693571984813,1.0,1.0,1.0,0.9160288988327006
2288,814a2807af5f51f7,True,1.0,1.0,1.0,1.0,1.0,1.0,1.0
2289,8ee3467219fc5c8a,True,1.0,1.0,0.6334659680652461,1.0,1.0,1.0,0.8472774866938525
2290,0706e8bf25805e91,True,1.0,1.0,0.9768527395262184,1.0,1.0,1.0,0.9903553081359243
2291,090d6a17e77d59b5,True,1.0,1.0,0.9667345196904519,1.0,1.0,1.0,0.986139383204355
2292,8df6c22946e5526d,True,1.0,1.0,1.0,1.0,1.0,1.0,1.0
2293,ba392de83daf5bf3,True,1.0,1.0,0.8999696606320512,1.0,1.0,1.0,0.9583206919300213
2294,72779ff1ead25f44,True,1.0,1.0,0.7387647012927593,1.0,1.0,1.0,0.8911519588719831
2295,077031ef7dcb5ab4,True,1.0,1.0,1.0,1.0,1.0,1.0,1.0
2296,a33054c645ce5643,True,1.0,1.0,1.0,1.0,1.0,1.0,1.0
2297,95329718628e5f7f,True,1.0,1.0,1.0,1.0,1.0,1.0,1.0
2298,ed8384b107d95d89,True,1.0,1.0,0.7542725899617743,1.0,1.0,1.0,0.8976135791507392
2299,a20beaedf66b59f3,True,1.0,1.0,0.7376653255263024,1.0,1.0,1.0,0.8906938856359593
2300,cda41068b4b65ae0,True,1.0,0.0,0.0,1.0,1.0,1.0,0.0
2301,1766fa78fd10576e,True,1.0,1.0,1.0,1.0,1.0,1.0,1.0
2302,7edc6539f71a5a79,True,1.0,1.0,0.9113438028503237,1.0,1.0,1.0,0.9630599178543017
2303,169528411ca85ba4,True,1.0,1.0,0.9243571393654009,1.0,1.0,1.0,0.9684821414022503
2304,4d8c41cf686957d1,True,1.0,1.0,1.0,1.0,1.0,1.0,1.0
2305,1fc5ab19306f5a47,True,1.0,1.0,0.8181640581135373,1.0,1.0,1.0,0.9242350242139739
2306,f3493d3b23cd55c2,True,1.0,1.0,0.7412350108809125,1.0,1.0,1.0,0.8921812545337136
2307,247ae110b0c454cb,True,1.0,1.0,1.0,1.0,1.0,1.0,1.0
2308,157c6c5b1b9d5608,True,1.0,1.0,0.9486338332786594,1.0,1.0,1.0,0.9785974305327748
2309,356738fb8224508b,True,1.0,1.0,1.0,1.0,1.0,1.0,1.0
2310,bbb7e4525bd05d3d,True,1.0,1.0,1.0,1.0,1.0,1.0,1.0
2311,3fe4d3672285579c,True,1.0,1.0,0.9693790310729524,1.0,1.0,1.0,0.9872412629470636
2312,cd0fd62195e552da,True,1.0,1.0,0.7864846665030976,1.0,1.0,1.0,0.9110352777096239
2313,f3a61425920f57a7,True,0.5,1.0,0.5653818213874409,0.0,1.0,1.0,0.20112121278905018
2314,d1e6f085af9b5199,True,1.0,1.0,0.862665692786088,1.0,1.0,1.0,0.9427773719942033
2315,3e634fa2ea715bb1,True,1.0,1.0,1.0,1.0,1.0,1.0,1.0
2316,563ef3c44a5a528e,True,1.0,1.0,1.0,1.0,1.0,1.0,1.0
2317,57fa478b9b1e5de3,True,1.0,1.0,1.0,1.0,1.0,1.0,1.0
2318,614d5297c1a05a46,True,1.0,1.0,1.0,0.0,1.0,1.0,0.5833333333333334
2319,b95ff3bc9cf45e47,True,1.0,1.0,0.7680107174876929,1.0,1.0,1.0,0.9033377989532054
2320,8d8f5c8c6c29525c,True,1.0,1.0,0.23342202689932465,1.0,1.0,1.0,0.6805925112080519
2321,dadda73214d15baf,True,1.0,1.0,0.851317246379024,1.0,1.0,1.0,0.9380488526579267
2322,385b1aa4b84c56bf,True,1.0,1.0,0.9240079517830757,1.0,1.0,1.0,0.9683366465762816
2323,77072386dfbb5af8,True,0.0,1.0,0.0,0.0,1.0,0.0,0.0
2324,269e03fbbb4c5856,True,1.0,1.0,1.0,1.0,1.0,1.0,1.0
2325,fffbe416ae85553b,True,1.0,1.0,0.5775166518934923,1.0,1.0,1.0,0.8239652716222885
2326,dd07f89bea6f5147,True,1.0,1.0,0.9278863989430786,1.0,1.0,0.0,0.9699526662262827
2327,053895d2bfc754f3,True,1.0,1.0,0.8816553045599769,1.0,1.0,1.0,0.9506897102333237
2328,a1adc0fae78f5a3f,True,1.0,1.0,0.8877540597935923,1.0,1.0,1.0,0.9532308582473301
2329,5328fe5eba6e5d30,True,1.0,1.0,1.0,1.0,1.0,1.0,1.0
2330,210fa74895dc5f52,True,1.0,1.0,1.0,1.0,1.0,1.0,1.0
2331,b3b8544db9025d6a,True,1.0,1.0,1.0,1.0,1.0,1.0,1.0
2332,d71f89f4f6e350b8,True,1.0,1.0,1.0,1.0,1.0,1.0,1.0
2333,41f3712a30b956e6,True,1.0,0.0,0.0,1.0,1.0,1.0,0.0
2334,08e2e519ac1e5226,True,1.0,1.0,1.0,1.0,1.0,1.0,1.0
2335,2f421d857f32510e,True,1.0,1.0,0.9514158210885759,1.0,1.0,1.0,0.97975659212024
2336,39c08e30ff9255ef,True,1.0,1.0,1.0,1.0,1.0,1.0,1.0
2337,1d7a96e116735b6c,True,1.0,1.0,0.7571962465507192,1.0,1.0,1.0,0.898831769396133
2338,222a07b15e165f6f,True,1.0,1.0,1.0,1.0,1.0,1.0,1.0
2339,9ba2570d6743526a,True,1.0,1.0,1.0,1.0,1.0,1.0,1.0
2340,288ea364ec115f46,True,1.0,1.0,1.0,1.0,1.0,1.0,1.0
2341,676880c7e31252c0,True,1.0,1.0,0.6115439754030666,1.0,1.0,1.0,0.8381433230846111
2342,132ea05c88d355ca,True,1.0,1.0,0.8092420783151658,1.0,1.0,1.0,0.9205175326313192
2343,4a7fd1bd37ed5463,True,1.0,1.0,0.7289485926060669,1.0,1.0,1.0,0.8870619135858613
2344,83b935eff1815935,True,1.0,1.0,0.9128824235383339,1.0,1.0,1.0,0.9637010098076392
2345,a2e0d4dc100159a5,True,1.0,1.0,0.6793786601060745,1.0,1.0,1.0,0.8664077750441977
2346,1e01550fc9d656d8,True,1.0,1.0,0.7740134634582173,1.0,1.0,1.0,0.9058389431075905
2347,9a1d23e8ed1b5837,True,1.0,1.0,1.0,0.0,1.0,1.0,0.5833333333333334
2348,b3de01e79b725ae4,True,1.0,1.0,0.9103908564676957,1.0,1.0,1.0,0.9626628568615399
2349,42b065f7e76d50ed,True,1.0,1.0,1.0,1.0,1.0,1.0,1.0
2350,580004d79c9b53b8,True,1.0,1.0,0.8443250941379467,1.0,1.0,1.0,0.9351354558908112
2351,eb6c8a396bb75a89,True,1.0,1.0,0.9380506979200451,1.0,1.0,1.0,0.9741877908000188
2352,443b9c514efc5829,True,1.0,1.0,1.0,1.0,1.0,1.0,1.0
2353,7f0309b4cbb85029,True,1.0,1.0,0.761481542348979,1.0,1.0,1.0,0.9006173093120746
2354,8611c130815150a7,True,1.0,1.0,0.982340880615942,1.0,1.0,1.0,0.9926420335899758
2355,5806eb348e3250d9,True,1.0,1.0,0.7992100770181559,1.0,1.0,0.5,0.9163375320908983
2356,aab09057df0a515d,True,1.0,1.0,0.8270034266610292,1.0,1.0,0.0,0.9279180944420955
2357,6ebf87c3da335680,True,1.0,1.0,1.0,1.0,1.0,1.0,1.0
2358,9707c6cbc83556f6,True,1.0,1.0,1.0,1.0,1.0,1.0,1.0
2359,4127ff2cfd615955,True,1.0,1.0,0.8798602828371674,1.0,1.0,1.0,0.9499417845154864
2360,cd72b9f6b03f5f41,True,1.0,1.0,0.8921110598493311,1.0,1.0,1.0,0.9550462749372213
2361,86db74cc909e5437,True,1.0,0.0,0.0,0.0,1.0,0.5,0.0
2362,608913faecb959b4,True,1.0,1.0,0.8894973918736775,1.0,1.0,1.0,0.9539572466140323
2363,39752b75d70d5458,True,1.0,1.0,1.0,1.0,1.0,1.0,1.0
2364,9a5799ace9455841,True,1.0,1.0,1.0,1.0,1.0,1.0,1.0
2365,2a30c259f67c561d,True,1.0,1.0,0.7588474978987503,1.0,1.0,1.0,0.899519790791146
2366,c6319bbc03fb57d0,True,1.0,1.0,0.6448690631473325,1.0,1.0,1.0,0.8520287763113886
2367,0a0d98c22d765e1e,True,1.0,1.0,0.5950762238349656,1.0,1.0,1.0,0.8312817599312355
2368,f2dd261c41755967,True,1.0,1.0,0.7965444242946059,1.0,1.0,1.0,0.9152268434560858
2369,c0fb4281da785582,True,1.0,0.0,0.0,1.0,1.0,1.0,0.0
2370,06f604b0d4835371,True,1.0,1.0,0.8350339928726374,1.0,1.0,1.0,0.9312641636969322
2371,154d0d1b363f5501,True,1.0,1.0,1.0,1.0,1.0,1.0,1.0
2372,8704f4971e305ed3,True,1.0,1.0,1.0,1.0,1.0,1.0,1.0
2373,d94a8579682651b4,True,1.0,1.0,0.9284853869780142,1.0,1.0,1.0,0.9702022445741726
2374,6136d15f12905f36,True,1.0,1.0,1.0,1.0,1.0,1.0,1.0
2375,c93a302d2fb2508f,True,1.0,1.0,0.7284074872444638,1.0,1.0,1.0,0.8868364530185265
2376,4d718caa6ebc5b37,True,1.0,0.0,0.0,1.0,1.0,1.0,0.0
2377,d31d38e1a2305147,True,0.5,1.0,0.38727007723940093,0.0,1.0,1.0,0.1640145994248752
2378,4109b79d84ea5053,True,1.0,1.0,0.9766270239563282,1.0,1.0,1.0,0.9902612599818035
2379,1809a28a46465129,True,1.0,1.0,1.0,1.0,1.0,1.0,1.0
2380,221199c4bcef5e62,True,1.0,1.0,1.0,1.0,1.0,1.0,1.0
2381,622867ce25805447,True,1.0,1.0,0.6582583218691953,1.0,1.0,1.0,0.8576076341121647
2382,190c8d0cece45af1,True,1.0,1.0,1.0,1.0,1.0,1.0,1.0
2383,d01d51c26594547c,True,1.0,1.0,1.0,1.0,1.0,1.0,1.0
2384,5396af8f09455852,True,1.0,1.0,0.40442393942655835,1.0,1.0,1.0,0.7518433080943994
2385,490475b585895e0e,True,1.0,1.0,0.979939083867618,1.0,1.0,1.0,0.9916412849448409
2386,f879fd3edf21506a,True,1.0,1.0,0.8049010435849515,1.0,1.0,1.0,0.9187087681603966
2387,535e19c081ec5c28,True,1.0,1.0,0.9303096478720021,1.0,1.0,1.0,0.9709623532800009
2388,4899341a782f5409,True,1.0,1.0,1.0,1.0,1.0,1.0,1.0
2389,ba7d6b30a3a15384,True,1.0,1.0,0.8081711089746199,1.0,1.0,1.0,0.9200712954060917
2390,a28e921b642a5936,True,1.0,1.0,0.7785030569389637,1.0,1.0,1.0,0.9077096070579015
2391,67dbad26dd165f16,True,1.0,1.0,0.6701598960052024,1.0,1.0,1.0,0.862566623335501
2392,9d7030a6966b54cd,True,1.0,1.0,1.0,1.0,1.0,1.0,1.0
2393,39147f08f4645365,True,1.0,1.0,0.9404500618771952,1.0,1.0,1.0,0.9751875257821646
2394,806b0f2b2ade5454,True,1.0,1.0,1.0,1.0,1.0,1.0,1.0
2395,dfb6fbca92bb5183,True,1.0,1.0,0.8256379049048419,1.0,1.0,1.0,0.9273491270436841
2396,ef81756601bc569f,True,1.0,1.0,1.0,1.0,1.0,1.0,1.0
2397,a2ef4eeb9dd45505,True,1.0,1.0,0.9280593906554381,1.0,1.0,1.0,0.9700247461064325
2398,66f8bdd077ff5fc3,True,1.0,1.0,0.8348347718941156,1.0,1.0,1.0,0.9311811549558815
2399,67c2aef1f35a523e,True,1.0,1.0,1.0,1.0,1.0,1.0,1.0
2400,d5ea47f2ec1550b2,True,1.0,1.0,0.9539015699316526,1.0,1.0,1.0,0.9807923208048552
2401,d796c1764d575153,True,0.0,1.0,0.0,0.0,1.0,1.0,0.0
2402,14c000d2a271534a,True,1.0,1.0,1.0,0.0,1.0,1.0,0.5833333333333334
2403,4b6430ca30c45a3c,True,1.0,1.0,0.5678697422020307,1.0,1.0,1.0,0.8199457259175128
2404,a4f950bf8f9b590b,True,1.0,1.0,0.9308187809944526,1.0,1.0,1.0,0.971174492081022
2405,626b5dc253965ecb,True,1.0,1.0,0.9400912714327456,1.0,1.0,1.0,0.975038029763644
2406,e7ae612e880e5d5f,True,1.0,0.0,0.0,1.0,1.0,1.0,0.0
2407,d218ff87bdc25c55,True,1.0,1.0,0.7315423318924494,1.0,1.0,0.5,0.8881426382885206
2408,602c93fe201356c2,True,1.0,1.0,1.0,1.0,1.0,1.0,1.0
2409,ca62812a55ce5f0b,True,1.0,1.0,0.8032209643393545,1.0,1.0,1.0,0.9180087351413976
2410,f740386a50c45238,True,1.0,1.0,0.8612616014338825,1.0,1.0,1.0,0.9421923339307844
2411,ad5284a6be715f10,True,1.0,1.0,0.33075171751291316,1.0,1.0,0.5,0.7211465489637138
2412,40ffdefe6d2f541a,True,1.0,1.0,0.8411869224391124,1.0,1.0,1.0,0.9338278843496303
2413,58911c0c8e3f5906,True,1.0,1.0,1.0,0.0,1.0,1.0,0.5833333333333334
2414,7ae0a03be0c357d2,True,1.0,1.0,0.5293529674780144,1.0,1.0,1.0,0.8038970697825061
2415,7d664c7260d45737,True,1.0,1.0,0.9430570456143641,1.0,1.0,1.0,0.9762737690059851
2416,8067c4f48fe45421,True,1.0,1.0,0.9769780179859313,1.0,1.0,1.0,0.9904075074941381
2417,88e453ca4644586f,True,1.0,0.0,0.0,1.0,1.0,1.0,0.0
2418,ae05160436d45a62,True,1.0,0.0,0.0,1.0,1.0,1.0,0.0
2419,559c83269c035643,True,1.0,1.0,1.0,1.0,1.0,1.0,1.0
2420,65fd7014a79b5cba,True,1.0,1.0,0.76903120100168,1.0,1.0,1.0,0.9037630004173667
2421,944a55f58a59597f,True,1.0,1.0,1.0,1.0,1.0,1.0,1.0
2422,b14ac3255b3b520b,True,1.0,1.0,1.0,1.0,1.0,1.0,1.0
2423,0208ed2202af56b2,True,1.0,1.0,0.8178252579858345,1.0,1.0,1.0,0.9240938574940977
2424,57076e49ca7c5570,True,1.0,1.0,0.8443975896265559,1.0,1.0,1.0,0.9351656623443984
2425,02379e524f105926,True,1.0,1.0,1.0,1.0,1.0,1.0,1.0
2426,a58d5374dae0552a,True,1.0,1.0,0.7624886752847592,1.0,1.0,1.0,0.9010369480353163
2427,7022b42a3743507a,True,1.0,0.0,0.0,1.0,1.0,1.0,0.0
2428,15715849d362599e,True,1.0,1.0,0.730242698748115,1.0,1.0,1.0,0.8876011244783811
2429,ab6e020759565f9f,True,1.0,1.0,0.768199641660142,1.0,1.0,1.0,0.9034165173583926
2430,096d823b664e5972,True,1.0,0.0,0.0,1.0,1.0,1.0,0.0
2431,9a94341d994d5ec9,True,1.0,1.0,0.722342971784871,1.0,1.0,1.0,0.8843095715770296
2432,37b96c1d86665204,True,1.0,1.0,0.8126740931848748,1.0,1.0,1.0,0.9219475388270312
2433,9464277f29025ad8,True,1.0,1.0,0.8325564794744538,1.0,1.0,1.0,0.9302318664476891
2434,24429c08a8375061,True,1.0,1.0,0.8323414047659308,1.0,1.0,1.0,0.9301422519858044
2435,4e1193a7697853ba,True,1.0,1.0,0.8507798639679566,1.0,1.0,1.0,0.9378249433199818
2436,dcf89e4b93ba5fbe,True,1.0,1.0,1.0,1.0,1.0,1.0,1.0
2437,048eb7efa08354e3,True,1.0,1.0,0.796840721348884,1.0,1.0,1.0,0.9153503005620349
2438,74c77891a7d45a15,True,1.0,1.0,0.8640411263689133,1.0,1.0,1.0,0.9433504693203805
2439,53d3787367c75240,True,0.5,0.0,0.0,0.0,1.0,0.5,0.0
2440,873e300af5a95bf2,True,1.0,1.0,0.9758398716992834,1.0,1.0,1.0,0.9899332798747015
2441,3febbde773f15b51,True,1.0,1.0,1.0,1.0,1.0,1.0,1.0
2442,54b1308d42085066,True,1.0,1.0,0.8304207239423127,1.0,1.0,1.0,0.929341968309297
2443,a4ab5ff4ba7259f9,True,1.0,1.0,0.5739149775248018,1.0,1.0,1.0,0.8224645739686673
2444,daf715295e7d576b,True,1.0,1.0,1.0,1.0,1.0,1.0,1.0
2445,476ad53b78325ef2,True,1.0,1.0,0.33667105447251033,1.0,1.0,1.0,0.7236129393635459
2446,86e394f2cb345082,True,1.0,1.0,1.0,1.0,1.0,1.0,1.0
2447,a1325310017c5057,True,1.0,1.0,1.0,0.0,1.0,1.0,0.5833333333333334
2448,30827c8c62c55b46,True,1.0,1.0,0.9159401949746123,1.0,1.0,1.0,0.9649750812394218
2449,32648fe3eaa45ed1,True,1.0,1.0,0.9109291693434021,1.0,1.0,1.0,0.9628871538930842
2450,b639f9aef8055d40,True,1.0,0.0,0.0,1.0,1.0,1.0,0.0
2451,83d9a73b7a3650c7,True,1.0,1.0,0.7541195023814893,1.0,1.0,1.0,0.8975497926589538
2452,4acd373578e357d1,True,1.0,1.0,0.6503369816567645,1.0,1.0,1.0,0.8543070756903185
2453,ec1dd3d02f035d78,True,0.0,1.0,0.0,0.0,1.0,1.0,0.0
2454,ad2bbc4542205912,True,1.0,1.0,0.8649817174107155,1.0,1.0,1.0,0.9437423822544648
2455,963ea50b7eb2554b,True,1.0,1.0,1.0,1.0,1.0,1.0,1.0
2456,607b63930d2855da,True,1.0,0.0,0.0,1.0,1.0,0.0,0.0
2457,d58fe7e3c5575f27,True,1.0,1.0,1.0,1.0,1.0,1.0,1.0
2458,446dbb38653a51a8,True,1.0,1.0,0.9974255776145254,1.0,1.0,1.0,0.9989273240060523
2459,74deabca4e1259f5,True,1.0,1.0,1.0,1.0,1.0,1.0,1.0
2460,fb4ac387cd285171,True,1.0,1.0,0.9468233880955773,1.0,1.0,1.0,0.9778430783731572
2461,f01212b1c5b25520,True,1.0,1.0,0.9231028981448208,1.0,1.0,1.0,0.9679595408936753
2462,c86e7d3c0dfb57bd,True,1.0,1.0,1.0,1.0,1.0,1.0,1.0
2463,199a2738284e52c9,True,1.0,0.0,0.0,1.0,1.0,0.0,0.0
2464,56a45baf2fb55951,True,1.0,1.0,1.0,1.0,1.0,1.0,1.0
2465,1a707ed0d7ba541d,True,1.0,1.0,0.9202074822595977,1.0,1.0,1.0,0.9667531176081656
2466,dc0c3446973f56b3,True,1.0,1.0,1.0,1.0,1.0,1.0,1.0
2467,9873c047e9155996,True,1.0,1.0,0.7637702508028018,1.0,1.0,1.0,0.9015709378345007
2468,71405d414236553c,True,1.0,1.0,0.7865380800519504,1.0,1.0,1.0,0.9110575333549793
2469,373abe824b3052a0,True,1.0,1.0,0.9075743167824388,1.0,1.0,1.0,0.9614892986593495
2470,018ba0bc5f145074,True,1.0,1.0,0.7798663856943471,1.0,1.0,1.0,0.9082776607059779
2471,f47f7733a11d51a1,True,1.0,1.0,1.0,1.0,1.0,1.0,1.0
2472,1e921882661b5a6b,True,1.0,1.0,0.7460861970331123,1.0,1.0,1.0,0.8942025820971301
2473,0855e09733fe5445,True,1.0,1.0,0.6743520688282821,1.0,1.0,0.5,0.8643133620117842
2474,6321c384f59c5265,True,1.0,1.0,0.6320213212961346,1.0,1.0,1.0,0.846675550540056
2475,bf4d95ea76b75de7,True,1.0,1.0,0.8720514121941114,1.0,1.0,1.0,0.9466880884142131
2476,3e96578a903d59d8,True,1.0,1.0,0.6371171033728393,1.0,1.0,1.0,0.8487987930720164
2477,2f525b2a3cf35331,True,1.0,1.0,1.0,1.0,1.0,1.0,1.0
2478,d57dda19866556c3,True,1.0,1.0,0.8283282914237083,1.0,1.0,1.0,0.9284701214265452
2479,5757a661eb0f54d2,True,1.0,1.0,1.0,1.0,1.0,1.0,1.0
2480,2073f76964735ff7,True,1.0,1.0,0.6105004852103388,1.0,1.0,1.0,0.8377085355043078
2481,ef4cd07fc8245457,True,1.0,1.0,1.0,1.0,1.0,1.0,1.0
2482,ed1a1174e6aa5270,True,1.0,1.0,1.0,1.0,1.0,1.0,1.0
2483,e22b4bce822a51fb,True,1.0,1.0,1.0,1.0,1.0,1.0,1.0
2484,b5cb26f114e3558e,True,1.0,1.0,0.85184082414437,1.0,1.0,1.0,0.9382670100601542
2485,33fcb42a03535525,True,1.0,1.0,0.7313666139022993,1.0,1.0,1.0,0.8880694224592913
2486,5b61b9072cad5dbc,True,1.0,1.0,0.9607035676456276,1.0,1.0,1.0,0.9836264865190115
2487,e40bf2ac511950c4,True,1.0,1.0,0.9637952327898317,1.0,1.0,1.0,0.9849146803290966
2488,3461796610c15a0e,True,1.0,1.0,1.0,1.0,1.0,1.0,1.0
2489,eabdad9a669b5739,True,1.0,1.0,1.0,1.0,1.0,1.0,1.0
2490,70e6f01ee485510a,True,1.0,1.0,0.786710189512281,1.0,1.0,1.0,0.911129245630117
2491,0e27333e64a45dfb,True,1.0,1.0,0.802218650304862,1.0,1.0,1.0,0.9175911042936925
2492,77919997d5c352d8,True,1.0,1.0,1.0,1.0,1.0,1.0,1.0
2493,ccfe1da323ed53a9,True,1.0,1.0,0.7275355746109923,1.0,1.0,1.0,0.8864731560879134
2494,51e74fb3d9945768,True,1.0,1.0,0.8627351785536945,1.0,1.0,1.0,0.9428063243973727
2495,3770407dcc67520c,True,1.0,1.0,0.7957091424884978,1.0,1.0,1.0,0.9148788093702075
2496,4e0667aa6ead5e7d,True,1.0,1.0,0.9394749251825214,1.0,1.0,1.0,0.9747812188260506
2497,3ae409424da65443,True,1.0,1.0,1.0,1.0,1.0,1.0,1.0
2498,cb50b764d69557b9,True,1.0,1.0,1.0,1.0,1.0,1.0,1.0
2499,ec60244b07ad5466,True,1.0,1.0,1.0,1.0,1.0,1.0,1.0
2500,f8d3738f77c05163,True,1.0,1.0,0.8844186106930985,1.0,1.0,1.0,0.951841087788791
2501,819d34b59e6159ad,True,1.0,1.0,1.0,1.0,1.0,1.0,1.0
2502,26af85cbc2d15e05,True,1.0,1.0,1.0,1.0,1.0,1.0,1.0
2503,9c63a8a78f3251d3,True,1.0,1.0,1.0,1.0,1.0,1.0,1.0
2504,2e2cc58c9aa450e7,True,1.0,1.0,0.7240017845457724,1.0,1.0,1.0,0.8850007435607384
2505,ef90f66b5d465ebf,True,1.0,1.0,1.0,1.0,1.0,1.0,1.0
2506,f54559dd98e75d83,True,1.0,1.0,1.0,1.0,1.0,1.0,1.0
2507,f55c530f3875533f,True,1.0,1.0,0.8440383611895259,1.0,1.0,1.0,0.935015983828969
2508,8c1e2438ad5f514a,True,1.0,1.0,1.0,0.0,0.0,0.5,0.4166666666666667
2509,02325da26296565c,True,1.0,1.0,1.0,1.0,1.0,1.0,1.0
2510,2e037aeeebce56df,True,1.0,1.0,0.7753105929071537,1.0,1.0,1.0,0.906379413711314
2511,ef7822ee7fa35042,True,1.0,1.0,0.8105404945207045,1.0,1.0,1.0,0.9210585393836269
2512,d45f18da371a5fe5,True,1.0,0.0,0.0,1.0,1.0,1.0,0.0
2513,595596a88cce5c9d,True,1.0,1.0,0.7473662562506272,1.0,1.0,1.0,0.894735940104428
2514,d0785c050c1350e7,True,1.0,1.0,1.0,1.0,1.0,1.0,1.0
2515,8aec77f33ddb5ac8,True,1.0,1.0,0.493687822229527,1.0,1.0,1.0,0.7890365925956363
2516,d9422fc7065e5b62,True,1.0,1.0,0.6310910064360149,1.0,1.0,1.0,0.8462879193483396
2517,324b5f24fb0c5f3f,True,1.0,1.0,0.6805518738662873,1.0,1.0,1.0,0.866896614110953
2518,cf0aec572cdd543e,True,1.0,1.0,0.9543415496222027,1.0,1.0,1.0,0.9809756456759179
2519,742ac4ddb9d7557d,True,1.0,1.0,1.0,1.0,1.0,1.0,1.0
2520,fe9e76e6cac35fba,True,0.0,0.0,0.0,0.0,1.0,0.5,0.0
2521,deb455f53c805643,True,1.0,1.0,0.7849435882979369,1.0,1.0,1.0,0.910393161790807
2522,f7c57baf089e561b,True,1.0,1.0,1.0,1.0,1.0,1.0,1.0
2523,97b1ea53fad65625,True,1.0,1.0,0.9795597033026583,1.0,1.0,1.0,0.9914832097094409
2524,7fb4ab2c7e8c527f,True,1.0,1.0,1.0,1.0,1.0,1.0,1.0
2525,e5e1dbb69578517b,True,1.0,1.0,0.6248385056062187,1.0,1.0,1.0,0.8436827106692578
2526,a19a3d9b712751f6,True,1.0,1.0,0.7078500191907791,1.0,1.0,1.0,0.8782708413294914
2527,32013abf6afd5d2e,True,1.0,1.0,0.7974427801709789,1.0,1.0,1.0,0.9156011584045745
2528,de16c26b38425a6b,True,1.0,1.0,1.0,1.0,1.0,1.0,1.0
2529,4a0ba18cefc05c63,True,1.0,1.0,1.0,1.0,1.0,1.0,1.0
2530,613770d7f39051be,True,1.0,1.0,0.799578702582798,1.0,1.0,1.0,0.9164911260761658
2531,f8b8b8ee49205def,True,1.0,0.0,0.0,1.0,1.0,1.0,0.0
2532,6f07313e88ab56fd,True,1.0,1.0,0.86709445453603,1.0,1.0,1.0,0.9446226893900125
2533,00c6aecefec9576c,True,1.0,1.0,0.6940082128604482,1.0,1.0,1.0,0.8725034220251867
2534,f6df3f934bdb598d,True,1.0,1.0,0.9309509174550815,1.0,1.0,1.0,0.9712295489396173
2535,1537a74401845849,True,1.0,1.0,0.6478533222316587,1.0,1.0,1.0,0.8532722175965244
2536,ee4ca385da5d5778,True,1.0,1.0,0.7806332071564667,1.0,1.0,1.0,0.9085971696485279
2537,ff7bf9054f4a5a4a,True,1.0,1.0,1.0,1.0,1.0,1.0,1.0
2538,dc952092ef6a5243,True,1.0,1.0,0.7236533645550942,1.0,1.0,1.0,0.8848555685646226
2539,e26de26a56dd5d21,True,1.0,1.0,0.821768997897172,1.0,1.0,1.0,0.925737082457155
2540,bee76fa92b735b00,True,1.0,1.0,0.8263500419601479,1.0,1.0,1.0,0.9276458508167282
2541,fc4bdb76d30553b0,True,1.0,1.0,0.7740968609801934,1.0,1.0,1.0,0.9058736920750805
2542,4eb5bcde81245591,True,1.0,1.0,0.7506285497396327,1.0,1.0,1.0,0.8960952290581803
2543,c388df5240dd5f6c,True,1.0,1.0,0.7708377962283647,1.0,1.0,1.0,0.9045157484284854
2544,4606b66d9fe75354,True,1.0,1.0,1.0,1.0,1.0,1.0,1.0
2545,02ff5ce64ad75584,True,1.0,1.0,0.8329999228607472,1.0,1.0,1.0,0.9304166345253112
2546,0db4879927b35dc0,True,1.0,1.0,0.9470567862918997,1.0,1.0,1.0,0.9779403276216249
2547,7e2dc290d51f5137,True,1.0,1.0,0.8069885302961032,0.0,1.0,1.0,0.5029118876233764
2548,f34af4dbbbd35a23,True,1.0,1.0,0.9693999148752219,1.0,1.0,1.0,0.9872499645313425
2549,14b270ee5a395ea9,True,1.0,1.0,0.9040266726896644,1.0,1.0,1.0,0.9600111136206935
2550,4f8fc653ac98588e,True,1.0,1.0,1.0,1.0,1.0,1.0,1.0
2551,ccdb6840a0445870,True,1.0,0.0,0.0,1.0,1.0,1.0,0.0
2552,b3899f957ebe5684,True,0.5,1.0,0.47224914329004863,0.0,1.0,1.0,0.18171857151876014
2553,2f482e2df2565b82,True,1.0,1.0,0.9211814534572949,0.0,1.0,1.0,0.5504922722738729
2554,fc0a59dcf9d75219,True,1.0,1.0,0.676985621847742,1.0,1.0,1.0,0.8654106757698926
2555,6347553d03555ffa,True,1.0,1.0,1.0,1.0,1.0,1.0,1.0
2556,2a5fea3ae25e5cdd,True,1.0,1.0,1.0,1.0,1.0,1.0,1.0
2557,d113b39be843564f,True,1.0,1.0,0.8663195321274005,1.0,1.0,1.0,0.9442998050530834
2558,5487bbfde69354cb,True,1.0,1.0,0.860859276855815,1.0,1.0,1.0,0.9420246986899229
2559,4aa06b58da9a56f8,True,1.0,1.0,0.6413291825386501,1.0,1.0,1.0,0.8505538260577709
2560,d2098ab3fc1953b3,True,1.0,1.0,1.0,1.0,1.0,1.0,1.0
2561,00685a5276625b57,True,1.0,1.0,0.752366036693536,1.0,1.0,1.0,0.89681918195564
2562,110bec4c6d2153d7,True,1.0,1.0,0.8752571874584503,1.0,1.0,0.5,0.9480238281076877
2563,960b735b1eac5dab,True,1.0,1.0,0.9825487223723429,1.0,1.0,1.0,0.9927286343218095
2564,d4849a52aaa55a9f,True,1.0,1.0,1.0,1.0,1.0,1.0,1.0
2565,9fe07284cb3f5e0a,True,1.0,1.0,0.8334670130954718,1.0,1.0,1.0,0.9306112554564466
2566,53834451cfa75fd0,True,1.0,1.0,0.782419524171885,1.0,1.0,1.0,0.9093414684049521
2567,906ffee6860e524a,True,1.0,1.0,1.0,1.0,1.0,1.0,1.0
2568,055e7b577c645e2e,True,1.0,1.0,0.981183552532333,1.0,1.0,1.0,0.9921598135551388
2569,e516528c577453a7,True,1.0,1.0,1.0,1.0,1.0,1.0,1.0
2570,aa58dfcb46765181,True,1.0,1.0,1.0,1.0,1.0,1.0,1.0
2571,c09d506d3891507c,True,1.0,1.0,0.921730136404672,1.0,1.0,1.0,0.96738755683528
2572,2802831d87ba5a55,True,1.0,1.0,0.5171870185989286,1.0,1.0,1.0,0.7988279244162202
2573,0eb28cf3dad95c46,True,1.0,1.0,1.0,1.0,1.0,1.0,1.0
2574,6e49c17c51db5a5c,True,1.0,1.0,0.596088067337239,1.0,1.0,1.0,0.8317033613905163
2575,6fe1f4f8dbcd57b5,True,1.0,1.0,0.728402235281727,1.0,1.0,1.0,0.8868342647007196
2576,19e90f2757b25f38,True,1.0,1.0,0.6461641990067397,1.0,1.0,1.0,0.8525684162528083
2577,f40843145ae35cd8,True,1.0,1.0,0.6245534638954869,1.0,1.0,1.0,0.8435639432897862
2578,977f40bd144b59e9,True,1.0,1.0,0.8307045894723595,1.0,1.0,1.0,0.9294602456134831
2579,2002780575295bdc,True,1.0,1.0,1.0,1.0,1.0,1.0,1.0
2580,d1ef1e42fa15573d,True,1.0,1.0,0.40479625378749523,1.0,1.0,1.0,0.751998439078123
2581,69ddc43178e9572a,True,1.0,1.0,1.0,1.0,1.0,1.0,1.0
2582,f5f55c1132d75fa7,True,0.0,1.0,0.0,0.0,1.0,1.0,0.0
2583,ad8e3279524854c3,True,1.0,1.0,0.8532662299768093,1.0,1.0,1.0,0.9388609291570038
2584,834cf95826ec5c73,True,1.0,1.0,0.7775290140384062,1.0,1.0,1.0,0.9073037558493359
2585,ce2f1ac423965b7a,True,1.0,0.0,0.0,1.0,1.0,1.0,0.0
2586,436728a1202a5ae6,True,1.0,1.0,0.737094771774906,1.0,1.0,1.0,0.8904561549062109
2587,ba2973ad6189568b,True,1.0,1.0,0.8165853478914226,0.0,1.0,1.0,0.5069105616214261
2588,09a81436114951ab,True,1.0,1.0,0.8923747238734864,1.0,1.0,1.0,0.9551561349472859
2589,eec0bc4e1b185d67,True,1.0,1.0,0.9565116358358581,1.0,1.0,1.0,0.9818798482649408
2590,fa3c2377e39c52e3,True,1.0,1.0,0.9391097632036235,1.0,1.0,1.0,0.9746290680015098
2591,95528bd014555540,True,1.0,1.0,1.0,1.0,1.0,1.0,1.0
2592,a75ca6ddabc1541b,True,1.0,1.0,1.0,1.0,1.0,1.0,1.0
2593,9157902936a456bf,True,1.0,1.0,1.0,1.0,1.0,1.0,1.0
2594,d2361c07df2f51c2,True,1.0,1.0,0.7296472240524527,1.0,1.0,1.0,0.8873530100218554
2595,126fd1a0d1675f57,True,1.0,1.0,0.7458608449669717,1.0,1.0,1.0,0.8941086854029049
2596,d1cf48dea57f5d2a,True,1.0,0.0,0.0,1.0,1.0,0.0,0.0
2597,693ca321449e5a83,True,1.0,0.0,0.0,1.0,1.0,0.0,0.0
2598,49ee466685265a80,True,1.0,1.0,0.9943081337874031,1.0,1.0,1.0,0.9976283890780846
2599,ccd1908db4765e03,True,1.0,0.0,0.0,0.0,1.0,0.0,0.0
2600,bf1370df23cf5118,True,1.0,1.0,0.8900643551251597,1.0,1.0,1.0,0.9541934813021499
2601,e0522da7328d5c9e,True,1.0,1.0,0.850873584281316,1.0,1.0,1.0,0.9378639934505483
2602,44324a7aa04f5501,True,1.0,1.0,0.9295811133954365,1.0,1.0,1.0,0.9706587972480986
2603,8364af67153a5193,True,1.0,1.0,0.9065390986259251,1.0,1.0,1.0,0.9610579577608022
2604,632a1b53a6875b22,True,1.0,1.0,0.8239938327081037,1.0,1.0,1.0,0.9266640969617098
2605,df2ff4c2c9785df6,True,1.0,1.0,0.8246017949235132,1.0,1.0,1.0,0.9269174145514638
2606,69bcdc8c577252f4,True,1.0,1.0,1.0,1.0,1.0,1.0,1.0
2607,00185dab0ba153b9,True,1.0,1.0,0.9684220772147702,1.0,1.0,1.0,0.986842532172821
2608,3260b9e0a6ac5b8b,True,1.0,1.0,0.6820616315708458,1.0,1.0,1.0,0.8675256798211857
2609,fbf2eaa61abb5a2f,True,1.0,1.0,0.9248239974905198,1.0,1.0,1.0,0.9686766656210498
2610,196cb93444b35dd7,True,1.0,1.0,0.6545353574163979,1.0,1.0,1.0,0.8560563989234992
2611,0c6772102cc550ef,True,1.0,1.0,1.0,1.0,1.0,1.0,1.0
2612,fd30fae9e4f35fa8,True,1.0,1.0,0.6435555988349231,1.0,1.0,1.0,0.8514814995145512
2613,0ebdf3a905ba522f,True,1.0,1.0,0.8632857239320315,1.0,1.0,1.0,0.9430357183050132
2614,3b3f3faf6778593f,True,1.0,1.0,1.0,1.0,1.0,1.0,1.0
2615,0451b850addd591c,True,1.0,1.0,0.7444709380148976,1.0,1.0,1.0,0.8935295575062073
2616,f5a9eba40a9055f3,True,1.0,1.0,1.0,1.0,1.0,1.0,1.0
2617,1ab2fedfbb4b5c2f,True,1.0,1.0,0.7675767740710813,1.0,1.0,1.0,0.9031569891962837
2618,39bbb12794ca56a3,True,1.0,0.0,0.0,1.0,1.0,1.0,0.0
2619,019667e138b95ff0,True,1.0,1.0,1.0,1.0,1.0,1.0,1.0
2620,77f0818999145e8f,True,1.0,0.0,0.0,0.0,1.0,1.0,0.0
2621,30dafbb048775d29,True,1.0,1.0,0.768521658819367,1.0,1.0,1.0,0.9035506911747362
2622,9300251ea784552f,True,1.0,1.0,0.8092735348768839,1.0,1.0,1.0,0.9205306395320351
2623,4314c162a57f568e,True,1.0,1.0,0.5423037494100403,1.0,1.0,1.0,0.8092932289208501
2624,2e6b78be8c9e5e0c,True,1.0,1.0,1.0,1.0,1.0,1.0,1.0
2625,19611832f7595b10,True,1.0,1.0,0.6347101160413633,1.0,1.0,0.5,0.8477958816839014
2626,d1abb12015175373,True,1.0,1.0,1.0,1.0,1.0,1.0,1.0
2627,396a8c19c4ac58f3,True,1.0,1.0,1.0,1.0,1.0,1.0,1.0
2628,a3c4e4bf10d65ddb,True,1.0,1.0,0.8133893201312864,1.0,1.0,1.0,0.9222455500547028
2629,55d6a50a401f52f7,True,1.0,1.0,0.8933547984919701,1.0,1.0,1.0,0.9555644993716541
2630,db1f0ea31f525bdb,True,1.0,1.0,0.9778320086507828,1.0,1.0,1.0,0.990763336937826
2631,09babda49aa659a1,True,1.0,1.0,1.0,1.0,1.0,1.0,1.0
2632,0093ff0188ea5b90,True,1.0,1.0,1.0,1.0,1.0,1.0,1.0
2633,e1f6c044f4235462,True,1.0,1.0,0.738358663968687,1.0,1.0,1.0,0.8909827766536195
2634,8676d43a96795310,True,1.0,1.0,0.8727268569838604,1.0,1.0,1.0,0.9469695237432751
2635,784c48e2a44c5036,True,1.0,1.0,0.8504197444474315,1.0,1.0,1.0,0.9376748935197631
2636,8c554c3017d05e9b,True,1.0,1.0,0.8706513708439887,1.0,1.0,1.0,0.9461047378516619
2637,a5b6e054384c586c,True,1.0,1.0,0.5281584788075623,1.0,1.0,1.0,0.8033993661698177
2638,7766bcc52078528c,True,1.0,1.0,1.0,1.0,1.0,1.0,1.0
2639,abba9d81ee9054ec,True,1.0,1.0,0.9228027641836283,1.0,1.0,1.0,0.9678344850765118
2640,ee6d63d4e8b35518,True,1.0,1.0,0.8558342638093218,1.0,1.0,1.0,0.9399309432538842
2641,b98d8c3330625df2,True,1.0,1.0,0.9636014027949233,1.0,1.0,1.0,0.9848339178312181
2642,e952dd35343958d8,True,1.0,1.0,0.7533679333468988,1.0,1.0,1.0,0.8972366388945412
2643,14a11185124a508b,True,1.0,1.0,0.8760038708811243,1.0,1.0,1.0,0.9483349462004685
2644,3d43337c0e6b5910,True,1.0,1.0,0.7013306808179194,1.0,1.0,1.0,0.8755544503407998
2645,07c46d77aba054ec,True,1.0,1.0,1.0,1.0,1.0,0.5,1.0
2646,11482ead31545f3a,True,1.0,1.0,1.0,1.0,1.0,1.0,1.0
2647,efcc43b333075098,True,1.0,1.0,0.8774575384260311,1.0,1.0,1.0,0.9489406410108462
2648,b1bcfdce40d5572e,True,1.0,1.0,0.7502852628836275,1.0,1.0,0.5,0.8959521928681782
2649,11d091d0bd985e5e,True,1.0,1.0,0.7206835159050964,1.0,1.0,1.0,0.8836181316271235
2650,86db4cfb30b55a5e,True,0.0,1.0,0.0,0.0,1.0,1.0,0.0
2651,e0e85d4fc9545225,True,1.0,1.0,0.6101324861439319,1.0,1.0,1.0,0.8375552025599716
2652,aa2918eb684351bd,True,1.0,1.0,0.09205820195212291,1.0,1.0,1.0,0.6216909174800512
2653,38d08753fa4651c2,True,0.0,1.0,0.0,0.0,1.0,1.0,0.0
2654,e0a645315de658bc,True,1.0,1.0,0.8658187327371797,1.0,1.0,1.0,0.9440911386404917
2655,b27bfe84cc545daa,True,1.0,1.0,0.9545787891333075,1.0,1.0,1.0,0.9810744954722116
2656,71dedbc865b25faf,True,1.0,1.0,0.800669213301802,1.0,1.0,1.0,0.9169455055424175
2657,db951dbc3e595c29,True,1.0,1.0,0.9398921559601249,1.0,1.0,1.0,0.9749550649833854
2658,87423b239de058c9,True,1.0,1.0,0.8281559624797584,1.0,1.0,1.0,0.9283983176998993
2659,12d426c6727d507a,True,1.0,1.0,0.7337955868547872,1.0,1.0,1.0,0.889081494522828
2660,39cf3b9137615a6b,True,1.0,1.0,0.8044291074439615,1.0,1.0,1.0,0.9185121281016505
2661,9a524d13e6795a95,True,1.0,1.0,0.9112765626275935,1.0,1.0,1.0,0.9630319010948307
2662,18d63cca5ad554d2,True,1.0,1.0,0.875012797950528,1.0,1.0,1.0,0.9479219991460534
2663,260c9a75f6e05785,True,1.0,1.0,1.0,1.0,1.0,1.0,1.0
2664,94e8a92d53635c38,True,1.0,1.0,1.0,1.0,1.0,1.0,1.0
2665,4332fab190e05b95,True,1.0,1.0,0.9145249835882938,1.0,1.0,1.0,0.9643854098284557
2666,05965158ab845b47,True,1.0,1.0,0.7704583760667073,1.0,1.0,1.0,0.9043576566944614
2667,bda5925fd37a5818,True,1.0,1.0,1.0,1.0,1.0,1.0,1.0
2668,a97ceb2edd0251f9,True,1.0,0.0,0.0,0.0,1.0,1.0,0.0
2669,571bb034360052d9,True,1.0,1.0,1.0,1.0,1.0,1.0,1.0
2670,ffde3cc525b75021,True,1.0,1.0,1.0,1.0,1.0,1.0,1.0
2671,32a73ed06daa5b0e,True,1.0,1.0,0.8623358640985591,1.0,1.0,1.0,0.9426399433743997
2672,c40e41ba1a285e0d,True,1.0,1.0,1.0,1.0,1.0,1.0,1.0
2673,a6706582212458bb,True,1.0,1.0,0.9242279324946658,1.0,1.0,1.0,0.9684283052061108
2674,c9a4d6a0295f5142,True,1.0,1.0,1.0,1.0,1.0,1.0,1.0
2675,25226305bdff5efd,True,1.0,1.0,1.0,0.0,1.0,1.0,0.5833333333333334
2676,f49f94b388d8561d,True,1.0,1.0,1.0,1.0,1.0,1.0,1.0
2677,60991b5c52d85113,True,1.0,1.0,1.0,1.0,1.0,1.0,1.0
2678,2d4b17f8d7585219,True,1.0,1.0,1.0,0.0,1.0,1.0,0.5833333333333334
2679,de4facce62b05f57,True,1.0,1.0,0.894652533661938,1.0,1.0,1.0,0.9561052223591409
2680,a2e2a360029f508f,True,1.0,1.0,0.8536983560194594,1.0,1.0,1.0,0.9390409816747747
2681,4b9627827aff5013,True,1.0,1.0,1.0,1.0,1.0,1.0,1.0
2682,54511f27d12e5a58,True,1.0,1.0,0.6684036181642812,1.0,1.0,0.5,0.8618348409017837
2683,e001c497823c5154,True,1.0,1.0,1.0,1.0,1.0,1.0,1.0
2684,e1950bc54da65383,True,1.0,1.0,1.0,1.0,1.0,1.0,1.0
2685,a93fa498bfbf5fb8,True,1.0,1.0,0.735132202130107,1.0,1.0,1.0,0.8896384175542112
2686,c195a8cb7ccb59fd,True,1.0,0.0,0.0,1.0,1.0,1.0,0.0
2687,1f57ce2072e25edb,True,1.0,1.0,0.8935048518257063,1.0,1.0,1.0,0.9556270215940442
2688,a61b9afbe5d857b1,True,1.0,1.0,0.8149431405381268,1.0,1.0,1.0,0.9228929752242195
2689,5be54baed8b35bd7,True,1.0,1.0,1.0,1.0,1.0,1.0,1.0
2690,134699ce1ce455c4,True,1.0,1.0,0.8885096825016137,1.0,1.0,1.0,0.9535457010423389
2691,ec097e80d5565caa,True,1.0,1.0,0.14308447060011908,1.0,1.0,1.0,0.6429518627500496
2692,d68601dbb9d45f6b,True,1.0,1.0,1.0,1.0,1.0,1.0,1.0
2693,5dbf07df40a55d2e,True,0.0,1.0,0.0,1.0,1.0,1.0,0.0
2694,90314b74c92954d6,True,1.0,1.0,0.8294042168897992,1.0,1.0,1.0,0.928918423704083
2695,e36762528cdb5e37,True,1.0,1.0,0.6921342205244337,1.0,1.0,1.0,0.8717225918851806
2696,6916caadd44a5806,True,1.0,1.0,0.7814794697173526,0.0,1.0,1.0,0.4922831123822302
2697,ca85e7b7b71559b3,True,1.0,0.0,0.0,1.0,1.0,1.0,0.0
2698,9f3b77fe8cd3541c,True,1.0,1.0,0.8736863286958974,1.0,1.0,1.0,0.9473693036232905
2699,674ebcb39a4d528f,True,1.0,1.0,0.7458559773694581,1.0,1.0,1.0,0.8941066572372742
2700,bf1064685f045d97,True,1.0,1.0,0.7899870727212326,1.0,1.0,1.0,0.9124946136338469
2701,83212ddd15375812,True,1.0,1.0,1.0,1.0,1.0,1.0,1.0
2702,0f622aef14545f59,True,0.0,1.0,0.0,0.0,1.0,1.0,0.0
2703,13848a5be84f5a4a,True,1.0,1.0,0.8421105325257029,1.0,1.0,1.0,0.9342127218857096
2704,e11b470ae6285663,True,1.0,1.0,0.7702983491968546,1.0,1.0,1.0,0.9042909788320227
2705,008d66a74c275479,True,1.0,1.0,1.0,1.0,1.0,1.0,1.0
2706,815153cb27f95a7c,True,1.0,1.0,0.6780335342369892,1.0,1.0,1.0,0.8658473059320788
2707,71bacc65bda2569c,True,1.0,1.0,0.8423364908468184,1.0,1.0,1.0,0.9343068711861743
2708,9fb8affb5c295640,True,1.0,0.0,0.0,0.0,1.0,1.0,0.0
2709,fe6db2d0c7025b8a,True,1.0,1.0,1.0,1.0,1.0,1.0,1.0
2710,bcf76bb937d35be9,True,1.0,1.0,1.0,1.0,1.0,1.0,1.0
2711,4f6abcc897955dfd,True,1.0,0.0,0.0,1.0,1.0,0.0,0.0
2712,2313aa310e16503d,True,1.0,1.0,1.0,1.0,1.0,1.0,1.0
2713,116aacf9868e5e4e,True,1.0,1.0,0.9108187923627675,1.0,1.0,1.0,0.9628411634844865
2714,30d60ce25f4d552e,True,1.0,1.0,0.8721820483411018,1.0,1.0,1.0,0.9467425201421258
2715,e76cb8b17f8f51f3,True,0.0,1.0,0.0,1.0,1.0,1.0,0.0
2716,feff00cef4985d6b,True,1.0,1.0,0.8633187955283507,1.0,1.0,1.0,0.9430494981368128
2717,34a92bb4ef51562b,True,1.0,1.0,0.9414673592716066,0.0,1.0,1.0,0.5589447330298362
2718,36650ce9087150de,True,1.0,1.0,0.6946825360329786,1.0,1.0,1.0,0.8727843900137411
2719,f36dbc258c8b5e17,True,1.0,1.0,1.0,1.0,1.0,1.0,1.0
2720,fe0c83d70ca456ae,True,1.0,1.0,0.8865457951200775,1.0,1.0,1.0,0.9527274146333656
2721,4334739a7f4e554e,True,1.0,1.0,1.0,0.0,1.0,1.0,0.5833333333333334
2722,b8554777b68750e7,True,1.0,1.0,0.7838454820960746,1.0,1.0,1.0,0.909935617540031
2723,ad2ceb40a046543c,True,1.0,1.0,1.0,1.0,1.0,1.0,1.0
2724,b9c124bdb19956b7,True,1.0,1.0,0.6590335996315081,1.0,1.0,1.0,0.8579306665131283
2725,1a3569d56fbf5521,True,1.0,1.0,0.6826881561367891,1.0,1.0,1.0,0.8677867317236622
2726,216d5205e9745145,True,1.0,1.0,0.7449762294524762,1.0,1.0,1.0,0.8937400956051983
2727,c8aeadf284a05f44,True,1.0,1.0,0.7035235439793603,1.0,1.0,1.0,0.8764681433247334
2728,8ed81a3cabde5dcf,True,1.0,0.0,0.0,1.0,1.0,1.0,0.0
2729,df044fb9c65c5d52,True,1.0,1.0,1.0,1.0,1.0,1.0,1.0
2730,a9c27d1fdee5599e,True,1.0,1.0,0.8369805468669201,1.0,1.0,1.0,0.9320752278612167
2731,2497a4b846f25d99,True,1.0,1.0,0.7756838637750934,1.0,1.0,1.0,0.9065349432396221
2732,dd2b5010e1d25d72,True,1.0,1.0,0.8732747618604753,1.0,1.0,1.0,0.9471978174418648
2733,23b4e574c41a57bd,True,1.0,1.0,0.5834443645234394,1.0,1.0,1.0,0.8264351518847665
2734,482601c870805c11,True,1.0,1.0,0.9285055779048762,1.0,1.0,1.0,0.9702106574603651
2735,664106f910475a53,True,1.0,1.0,0.6103559084528837,1.0,1.0,1.0,0.8376482951887015
2736,8bb7091fe0d959fc,True,1.0,1.0,1.0,1.0,1.0,1.0,1.0
2737,30187e714d065b0b,True,1.0,1.0,0.8654094942919182,1.0,1.0,1.0,0.9439206226216325
2738,b425ed76adfb5351,True,1.0,1.0,0.8804239073478343,1.0,1.0,1.0,0.9501766280615976
2739,f7a9f82f17b256e2,True,1.0,1.0,0.9059147455554295,1.0,1.0,1.0,0.9607978106480957
2740,e045d3abc4e95f52,True,1.0,1.0,0.800529701673578,1.0,1.0,1.0,0.9168873756973243
2741,095042ae1f985c39,True,1.0,1.0,0.624400177487765,1.0,1.0,1.0,0.8435000739532353
2742,4581d95a873c5679,True,1.0,1.0,0.9927191518575439,1.0,1.0,0.0,0.9969663132739767
2743,150bfebecc525d57,True,1.0,0.0,0.0,1.0,1.0,0.0,0.0
2744,e67c2879271350c1,True,1.0,1.0,0.8545326737608256,1.0,1.0,1.0,0.9393886140670107
2745,9f4c04b7214b52a8,True,1.0,1.0,1.0,0.0,1.0,1.0,0.5833333333333334
2746,25a3a5bc491d521b,True,1.0,1.0,0.7673782880555053,1.0,1.0,1.0,0.9030742866897938
2747,970cfee3bc7d5e3d,True,1.0,1.0,0.9455115230628823,0.0,1.0,1.0,0.560629801276201
2748,40c083a3c4ff5b45,True,1.0,1.0,0.7910955424956183,0.0,1.0,1.0,0.4962898093731743
2749,a0b9c3ee286454cb,True,1.0,1.0,1.0,1.0,1.0,1.0,1.0
2750,0dff39153a005f4f,True,1.0,0.0,0.0,1.0,1.0,1.0,0.0
2751,b4afab5329e95368,True,1.0,1.0,0.9237895185851954,1.0,1.0,1.0,0.9682456327438315
2752,dff44219172a5f99,True,1.0,1.0,0.9198361619719269,1.0,1.0,1.0,0.9665984008216362
2753,d852a7b32d6c5448,True,1.0,1.0,0.8030834557731374,1.0,1.0,1.0,0.9179514399054739
2754,c65a7b2b6f8c527e,True,1.0,1.0,0.9725087000905384,1.0,1.0,1.0,0.988545291704391
2755,b0a6370d836a59ed,True,1.0,1.0,1.0,0.0,1.0,0.5,0.5833333333333334
2756,c98ef0c5c89c51d6,True,1.0,1.0,0.6436302474570178,1.0,1.0,1.0,0.8515126031070906
2757,e2080118123b5cc8,True,1.0,1.0,0.6958280932127578,1.0,1.0,1.0,0.8732617055053158
2758,f191de4360a35ad8,True,1.0,1.0,0.601956104439401,1.0,1.0,1.0,0.8341483768497504
2759,4b3c6a95987c552d,True,1.0,1.0,1.0,1.0,1.0,1.0,1.0
2760,b022550645ac5dbf,True,1.0,1.0,0.7873806985022666,1.0,1.0,0.5,0.9114086243759444
2761,c79b2a28285f5e11,True,1.0,1.0,0.9386504244047955,1.0,1.0,1.0,0.9744376768353314
2762,fd3606c29f3f57fb,True,1.0,1.0,0.8614527872670469,1.0,1.0,1.0,0.9422719946946029
2763,59b4bb47cf6656cf,True,1.0,1.0,0.7236227058893162,1.0,1.0,1.0,0.8848427941205484
2764,a8afec520f035a68,True,1.0,1.0,0.8007201458749561,1.0,1.0,1.0,0.9169667274478984
2765,60826aa0bcfc5225,True,1.0,1.0,1.0,1.0,1.0,1.0,1.0
2766,cb1d400e9da85f43,True,1.0,1.0,1.0,1.0,1.0,1.0,1.0
2767,edd24f4c0a295030,True,1.0,1.0,0.969678844767495,1.0,1.0,1.0,0.9873661853197895
2768,7e238e859ebb5720,True,1.0,0.0,0.0,1.0,1.0,1.0,0.0
2769,a59bd481d324594a,True,1.0,1.0,0.7944793132868398,1.0,1.0,1.0,0.9143663805361832
2770,07d1a751018a526f,True,1.0,1.0,0.8867415564200276,1.0,1.0,0.5,0.9528089818416782
2771,283ae14565b85cc3,True,1.0,1.0,0.7549196113622035,1.0,1.0,1.0,0.8978831714009181
2772,038e954a77a95537,True,1.0,1.0,0.9247621043915063,1.0,1.0,1.0,0.9686508768297942
2773,39fde97003dd540e,True,1.0,1.0,0.6328326673198658,1.0,1.0,1.0,0.8470136113832774
2774,6c76134176255a21,True,1.0,1.0,0.9375578973567565,1.0,1.0,1.0,0.9739824572319818
2775,c4cb19209497505a,True,1.0,1.0,1.0,1.0,1.0,1.0,1.0
2776,87a5fd24e88d5e0a,True,1.0,1.0,0.790382818039607,1.0,1.0,1.0,0.9126595075165028
2777,5b834475a09a531c,True,1.0,1.0,0.8639970230033912,1.0,1.0,1.0,0.9433320929180796
2778,9d9aced6d8da5f28,True,1.0,1.0,1.0,1.0,1.0,1.0,1.0
2779,4201a91014c852a8,True,1.0,1.0,0.8313625944004795,1.0,1.0,1.0,0.9297344143335332
2780,888913e0978f559b,True,1.0,1.0,0.7036988238584596,1.0,1.0,1.0,0.8765411766076916
2781,2ba3f7adca335912,True,1.0,1.0,0.9086284040607854,1.0,1.0,0.5,0.961928501691994
2782,257d737fc3865fd1,True,1.0,1.0,0.4654867614734586,1.0,1.0,1.0,0.777286150613941
2783,f3f9f7a6f8f15f49,True,0.0,1.0,0.0,0.0,1.0,1.0,0.0
2784,ad0701a39edd5c5a,True,1.0,1.0,0.9203894608880948,1.0,1.0,1.0,0.9668289420367061
2785,a3c54d0e80375911,True,1.0,1.0,1.0,1.0,1.0,1.0,1.0
2786,9e991901a49a55ea,True,1.0,1.0,1.0,1.0,1.0,1.0,1.0
2787,64a417561b53530f,True,1.0,1.0,1.0,1.0,1.0,1.0,1.0
2788,6326e62f04625791,True,1.0,1.0,1.0,1.0,1.0,1.0,1.0
2789,3137903199f35224,True,1.0,0.0,0.0,1.0,1.0,1.0,0.0
2790,39a769c19105586e,True,1.0,1.0,0.6116425762892891,1.0,1.0,1.0,0.8381844067872039
2791,667afe1f010351c5,True,1.0,1.0,0.8405731029522854,1.0,1.0,1.0,0.933572126230119
2792,c38eb1a738745b1e,True,1.0,1.0,1.0,1.0,1.0,1.0,1.0
2793,a99280d8424c55b2,True,1.0,1.0,1.0,1.0,1.0,0.0,1.0
2794,2ca33fd04f805478,True,1.0,1.0,1.0,1.0,1.0,1.0,1.0
2795,7ba76233a35553c2,True,1.0,1.0,1.0,1.0,1.0,1.0,1.0
2796,d4187db8dc625207,True,1.0,1.0,0.7070239410730129,1.0,1.0,1.0,0.8779266421137554
2797,078f05d9e9c05230,True,1.0,1.0,0.7813111313695195,1.0,1.0,1.0,0.9088796380706331
2798,8b8b41a9d00e5e32,True,1.0,1.0,0.8448602627815883,1.0,1.0,1.0,0.9353584428256618
2799,c4fad4d040a75b90,True,1.0,0.0,0.0,1.0,1.0,1.0,0.0
2800,be63913f07ee5245,True,1.0,0.0,0.0,1.0,1.0,0.0,0.0
2801,1f90968aaeb55128,True,1.0,1.0,1.0,0.0,1.0,1.0,0.5833333333333334
2802,49bdbf5ee25c5024,True,1.0,1.0,0.7641074432508896,1.0,1.0,1.0,0.9017114346878706
2803,ea3b45489faf5c70,True,1.0,1.0,0.6625427453649195,1.0,1.0,1.0,0.8593928105687164
2804,ae01be6a753e5f98,True,1.0,1.0,0.8104708091368769,1.0,1.0,1.0,0.9210295038070321
2805,f63a2f8e05115d52,True,1.0,1.0,1.0,0.0,1.0,1.0,0.5833333333333334
2806,d42d0a93b7185161,True,1.0,0.0,0.0,1.0,1.0,1.0,0.0
2807,388181311ef25756,True,1.0,1.0,1.0,1.0,1.0,1.0,1.0
2808,d38070017e4e53c3,True,1.0,1.0,0.8921880542166412,1.0,1.0,1.0,0.9550783559236006
2809,39b5d00781925b16,True,1.0,1.0,1.0,0.0,1.0,1.0,0.5833333333333334
2810,43ce8a5ddf8f5541,True,1.0,1.0,1.0,1.0,1.0,1.0,1.0
2811,6a9642ab1a745aac,True,1.0,1.0,0.6565569296304612,1.0,1.0,1.0,0.8568987206793589
2812,45f13336bbd35146,True,1.0,0.0,0.0,1.0,1.0,0.0,0.0
2813,b133316a0e795993,True,1.0,1.0,0.755838231800608,1.0,1.0,1.0,0.8982659299169201
2814,5a90354cbaa45cc2,True,1.0,1.0,0.7640028806118168,1.0,1.0,1.0,0.9016678669215903
2815,c9f0c60627ba5237,True,1.0,1.0,0.516412190327621,1.0,1.0,1.0,0.7985050793031755
2816,e6ff5e16c5f25533,True,1.0,1.0,0.9272532963450237,1.0,1.0,1.0,0.9696888734770933
2817,a4ba9521736a59f9,True,1.0,1.0,0.9292390421068399,1.0,1.0,1.0,0.9705162675445166
2818,cdc8b2ccd20f5c80,True,0.0,1.0,0.0,0.0,1.0,0.0,0.0
2819,79c024b87e175129,True,1.0,1.0,0.9805250169666742,1.0,1.0,1.0,0.9918854237361142
2820,1893fb783df95146,True,1.0,1.0,1.0,1.0,1.0,1.0,1.0
2821,5209e1f6a97e592a,True,1.0,1.0,0.7394263734758297,1.0,1.0,1.0,0.8914276556149291
2822,b5ca533bca505ceb,True,1.0,0.0,0.0,1.0,1.0,1.0,0.0
2823,b56a66ac853c56e9,True,1.0,1.0,0.7311633914433925,1.0,1.0,1.0,0.8879847464347469
2824,d3719519c1f95276,True,1.0,1.0,0.8361102881125596,1.0,1.0,1.0,0.9317126200468998
2825,ec8a3deaeb1a53ac,True,1.0,1.0,0.8119376565473251,1.0,1.0,1.0,0.9216406902280522
2826,e0164d976037592c,True,1.0,1.0,0.8356007798749683,1.0,1.0,1.0,0.9315003249479035
2827,6ecc4586af155c50,True,1.0,1.0,1.0,1.0,1.0,1.0,1.0
2828,38f4eed7d2cb5cc0,True,1.0,1.0,1.0,1.0,1.0,1.0,1.0
2829,1719439969a55cc6,True,1.0,1.0,0.9450635402139766,1.0,1.0,1.0,0.9771098084224903
2830,fdb658e4941855a3,True,0.0,1.0,0.0,0.0,1.0,1.0,0.0
2831,842d40cd41cf56e8,True,1.0,1.0,0.7864339230543326,1.0,1.0,1.0,0.9110141346059719
2832,647c05f9fa725528,True,1.0,1.0,0.6273948547375003,1.0,1.0,1.0,0.8447478561406251
2833,d9c700e9e21b50ba,True,1.0,1.0,1.0,1.0,1.0,1.0,1.0
2834,2d578825c3a8565f,True,1.0,1.0,0.8837314505869581,1.0,1.0,1.0,0.9515547710778992
2835,13da814cde3a525b,True,1.0,1.0,0.9421677052712443,1.0,1.0,1.0,0.9759032105296851
2836,1f5144778210505c,True,1.0,1.0,1.0,1.0,1.0,1.0,1.0
2837,866edd106b555de6,True,1.0,1.0,0.8046349273609601,1.0,1.0,1.0,0.9185978864004
2838,3338ad25c2cc59d1,True,1.0,1.0,0.5777705701279072,1.0,1.0,1.0,0.824071070886628
2839,54d1762cf973535b,True,1.0,1.0,0.9581643832379055,1.0,1.0,1.0,0.9825684930157941
2840,277758d55617567b,True,1.0,1.0,0.5686791513603293,1.0,1.0,1.0,0.8202829797334705
2841,8b06db3e6e4355d3,True,0.0,1.0,0.0,0.0,1.0,0.0,0.0
2842,54c208abe15c56e5,True,1.0,1.0,1.0,1.0,1.0,1.0,1.0
2843,35fa5481e4de5703,True,1.0,1.0,0.8094161661695342,1.0,1.0,1.0,0.9205900692373059
2844,ac73220f793d522e,True,1.0,1.0,0.8489014439751146,1.0,1.0,1.0,0.9370422683229643
2845,53ab46d6ca9d5b68,True,1.0,1.0,1.0,1.0,1.0,1.0,1.0
2846,e5b0b2c83a395163,True,1.0,0.0,0.0,0.0,1.0,1.0,0.0
2847,46c8d578ddb55784,True,1.0,1.0,0.8575276397938799,1.0,1.0,1.0,0.9406365165807834
2848,4300f964edbd5ce4,True,1.0,1.0,1.0,1.0,1.0,1.0,1.0
2849,089e3eac4f7e5c5c,True,1.0,1.0,0.9081844023041773,1.0,1.0,1.0,0.961743500960074
2850,955af39177fe5ba1,True,1.0,1.0,0.8317363379958896,1.0,1.0,1.0,0.9298901408316208
2851,1fc3acd944ba540e,True,1.0,1.0,0.8682544016461492,1.0,1.0,1.0,0.9451060006858955
2852,8b1d45137881582a,True,1.0,1.0,0.5693089934962913,1.0,1.0,1.0,0.820545413956788
2853,93b0ff5c4c5c507e,True,1.0,1.0,1.0,1.0,1.0,1.0,1.0
2854,d7ff11915cdf538e,True,1.0,1.0,1.0,1.0,1.0,1.0,1.0
2855,0769a262b53b589e,True,1.0,1.0,0.9742576859471453,1.0,1.0,1.0,0.9892740358113107
2856,4d8b083f00675de2,True,1.0,1.0,1.0,1.0,1.0,1.0,1.0
2857,330166def5a35f4d,True,1.0,1.0,0.853848364696386,1.0,1.0,1.0,0.9391034852901609
2858,eb5989e21dc35a47,True,1.0,1.0,0.7995557049948459,1.0,1.0,1.0,0.9164815437478525
2859,113d448b6ea8555c,True,1.0,1.0,1.0,1.0,1.0,1.0,1.0
2860,5fde0c8c8f4b5ecb,True,1.0,1.0,0.7107030408727416,1.0,1.0,1.0,0.8794596003636425
2861,47ece51118f95d1d,True,1.0,1.0,1.0,1.0,1.0,1.0,1.0
2862,fac7dc214370509e,True,1.0,1.0,0.625845320730515,1.0,1.0,1.0,0.844102216971048
2863,72808a9b1e7f5f15,True,1.0,1.0,1.0,1.0,1.0,1.0,1.0
2864,c763328b4b3855b6,True,1.0,1.0,0.9731948373694201,1.0,1.0,1.0,0.9888311822372584
2865,98e3abe2a38c5156,True,1.0,0.0,0.0,1.0,1.0,1.0,0.0
2866,71a5ed00dbe85089,True,1.0,1.0,0.6595726791285185,1.0,1.0,1.0,0.858155282970216
2867,76b708c365e45536,True,1.0,1.0,0.519935217420507,1.0,1.0,1.0,0.7999730072585445
2868,ac0f18be77bd585c,True,1.0,1.0,0.6641859108384639,1.0,1.0,1.0,0.86007746284936
2869,02e3c13aa3975b02,True,1.0,1.0,0.8169642154021896,1.0,1.0,1.0,0.9237350897509122
2870,d20659149c14557c,True,0.5,1.0,0.8929680554608372,0.0,1.0,1.0,0.2693683448876744
2871,45c4158a235e514a,True,1.0,1.0,1.0,1.0,1.0,1.0,1.0
2872,ae643fddc1195062,True,1.0,1.0,1.0,1.0,1.0,1.0,1.0
2873,4256146a0b765876,True,1.0,1.0,1.0,1.0,1.0,1.0,1.0
2874,89df824d0cfd525e,True,1.0,1.0,0.6835436264258868,1.0,1.0,1.0,0.8681431776774527
2875,76a0c83f0b6453a0,True,0.0,1.0,0.0,0.0,1.0,1.0,0.0
2876,be6f90f06bc35be3,True,1.0,1.0,0.4284732190103943,1.0,1.0,1.0,0.761863841254331
2877,71ae69a9499e559c,True,1.0,1.0,0.7184296499091769,1.0,1.0,1.0,0.8826790207954903
2878,c90097f9ce775eab,True,1.0,1.0,0.7903489554890686,1.0,1.0,1.0,0.9126453981204453
2879,76375396b08e5143,True,1.0,1.0,0.5326247858669327,1.0,1.0,1.0,0.8052603274445552
2880,ea91c9a3a75f514c,True,1.0,1.0,0.7923518386768468,1.0,1.0,1.0,0.9134799327820194
2881,125a155883e55be7,True,1.0,1.0,0.7381783413865892,1.0,1.0,1.0,0.8909076422444122
2882,9ffd8ba0c7f75398,True,1.0,1.0,0.8040807909878974,1.0,1.0,1.0,0.9183669962449573
2883,9b7ffde4ab9c53a5,True,1.0,1.0,1.0,1.0,1.0,1.0,1.0
2884,1862fb50f5b0518a,True,1.0,1.0,0.9469081201418494,1.0,1.0,1.0,0.9778783833924373
2885,927b73fea33f5218,True,1.0,1.0,0.8928079733742923,1.0,1.0,1.0,0.9553366555726218
2886,cc6022c226c15d80,True,1.0,0.0,0.0,1.0,1.0,1.0,0.0
2887,c02bb4d7993e5bbb,True,1.0,0.0,0.0,1.0,1.0,1.0,0.0
2888,39f91a002193578a,True,1.0,1.0,1.0,1.0,1.0,1.0,1.0
2889,8f41958d23a65c48,True,1.0,0.0,0.0,1.0,1.0,0.5,0.0
2890,29a576f5351a5162,True,1.0,0.0,0.0,1.0,1.0,0.5,0.0
2891,5975a1af11e25fe4,True,1.0,1.0,1.0,1.0,1.0,1.0,1.0
2892,e9597ce7a5a7589b,True,1.0,1.0,1.0,1.0,1.0,1.0,1.0
2893,c680cd635f095d1c,True,1.0,1.0,0.9050362341414012,1.0,1.0,1.0,0.9604317642255839
2894,354ac12e8832565a,True,1.0,1.0,1.0,1.0,1.0,1.0,1.0
2895,eab63019e1825aea,True,1.0,1.0,1.0,1.0,1.0,1.0,1.0
2896,0d74b112df715917,True,1.0,0.0,0.0,1.0,1.0,0.0,0.0
2897,d532c0b3a43a52dc,True,1.0,1.0,1.0,0.0,1.0,1.0,0.5833333333333334
2898,c68108211dfa57e0,True,1.0,1.0,0.6129825581709256,1.0,1.0,1.0,0.838742732571219
2899,7c75567759e15900,True,1.0,1.0,1.0,1.0,1.0,1.0,1.0
2900,2f23d31a3ddf5de9,True,1.0,1.0,1.0,1.0,1.0,1.0,1.0
2901,2b006c0fae365892,True,0.0,1.0,0.0,0.0,1.0,1.0,0.0
2902,98045d12586d50b6,True,1.0,0.0,0.0,0.0,1.0,1.0,0.0
2903,291d82d04ec359e0,True,1.0,1.0,0.7499189015404895,1.0,1.0,1.0,0.8957995423085373
2904,8a92561fdd0750ad,True,1.0,1.0,0.8354772865948038,1.0,1.0,1.0,0.9314488694145014
2905,ac7167da1d1a5342,True,1.0,0.0,0.0,1.0,1.0,1.0,0.0
2906,065ec41ed01d59ca,True,1.0,1.0,1.0,1.0,1.0,1.0,1.0
2907,69742b86e6b25ecc,True,1.0,1.0,0.620630098434201,1.0,1.0,1.0,0.8419292076809172
2908,03269d4ad9e45809,True,1.0,0.0,0.0,1.0,1.0,1.0,0.0
2909,8c7e28b482935cd8,True,1.0,1.0,1.0,1.0,1.0,1.0,1.0
2910,c1f712e1aed35216,True,1.0,1.0,0.8211645189308935,1.0,1.0,1.0,0.9254852162212056
2911,1a3c8066b86857b5,True,1.0,1.0,0.954277615085181,1.0,1.0,1.0,0.9809490062854921
2912,e82216ae03b05bd4,True,1.0,1.0,1.0,1.0,1.0,1.0,1.0
2913,b7e7604c72e051da,True,1.0,1.0,1.0,1.0,1.0,1.0,1.0
2914,6e8b9e53215c58a3,True,1.0,1.0,0.8255766862652163,1.0,1.0,1.0,0.9273236192771734
2915,76f053cb2f8851c7,True,1.0,1.0,1.0,1.0,1.0,1.0,1.0
2916,afe269451bc757e1,True,1.0,1.0,0.5954659989257637,1.0,1.0,1.0,0.8314441662190681
2917,8fc41f783d475448,True,1.0,1.0,1.0,1.0,1.0,1.0,1.0
2918,6477d5ad590955ba,True,1.0,1.0,0.8821194870111628,1.0,1.0,1.0,0.9508831195879845
2919,345fc96fdf4c572b,True,1.0,1.0,0.8781655736132902,1.0,1.0,1.0,0.9492356556722042
2920,757fb1d7679c5dc2,True,1.0,1.0,0.7680473709854843,1.0,1.0,1.0,0.9033530712439518
2921,7444ae8aea51554e,True,1.0,1.0,1.0,1.0,1.0,0.5,1.0
2922,cbe7b4e464235ca6,True,1.0,1.0,0.6973926324724563,1.0,1.0,1.0,0.8739135968635234
2923,f264f464b21753de,True,1.0,1.0,0.9268069961075703,1.0,1.0,1.0,0.969502915044821
2924,d9435ec2640f586f,True,1.0,1.0,0.9371505693079407,1.0,1.0,1.0,0.973812737211642
2925,5c9d51dc830453c5,True,1.0,1.0,0.8115822391397967,1.0,1.0,1.0,0.9214925996415819
2926,1abf52a927025259,True,1.0,0.0,0.0,1.0,1.0,1.0,0.0
2927,9c45919236c051c0,True,1.0,1.0,0.7816567587646468,1.0,1.0,1.0,0.9090236494852695
2928,f3e32c06633756e9,True,1.0,1.0,0.7515519588986006,1.0,1.0,1.0,0.8964799828744169
2929,2eb015a011ac5fa2,True,1.0,1.0,1.0,1.0,1.0,1.0,1.0
2930,51e7c560a43d5a25,True,1.0,1.0,1.0,1.0,1.0,1.0,1.0
2931,d1408323ef2357be,True,1.0,1.0,0.8368549717920224,1.0,1.0,1.0,0.9320229049133427
2932,9b0a5826d2d357d8,True,1.0,1.0,0.7238134005326374,1.0,1.0,1.0,0.8849222502219322
2933,159ec1accaf55d3f,True,1.0,1.0,0.9255782762182311,1.0,1.0,1.0,0.9689909484242629
2934,88904a762b5f5793,True,1.0,1.0,1.0,1.0,1.0,1.0,1.0
2935,4dd817ed8b515ab1,True,1.0,1.0,0.9547497804737477,1.0,1.0,1.0,0.9811457418640614
2936,ecc5d9051f445174,True,1.0,1.0,1.0,1.0,1.0,1.0,1.0
2937,8cbe3bf8cf9c5718,True,1.0,1.0,1.0,1.0,1.0,1.0,1.0
2938,64b99da814205341,True,1.0,1.0,0.842137876123173,1.0,1.0,1.0,0.9342241150513221
2939,cd1234d5b4b2570d,True,1.0,1.0,0.6356988483258139,1.0,1.0,1.0,0.8482078534690891
2940,54e1cb577c0a5f7e,True,1.0,1.0,0.8649624422445075,1.0,1.0,1.0,0.9437343509352115
2941,e77360b1bf605f87,True,1.0,1.0,1.0,1.0,1.0,1.0,1.0
2942,faf6d9be89f0538c,True,1.0,1.0,0.8392774100784253,1.0,1.0,1.0,0.9330322541993438
2943,25e2cda283355b76,True,1.0,1.0,0.6807563033701088,1.0,1.0,1.0,0.8669817930708786
2944,71246cbb6de459d6,True,1.0,1.0,0.9074857778688051,1.0,1.0,1.0,0.9614524074453353
2945,62108a4000e85dae,True,1.0,1.0,1.0,1.0,1.0,1.0,1.0
2946,a698a93fec1e57fa,True,1.0,1.0,1.0,1.0,1.0,1.0,1.0
2947,61d847c3a95f5032,True,1.0,1.0,0.862057866144228,1.0,1.0,1.0,0.9425241108934284
2948,7ac633604a3c572d,True,1.0,1.0,1.0,1.0,1.0,1.0,1.0
2949,average,True,0.9669379450661241,0.9253984401492031,0.773372338074504,0.9243811461512377,0.9972872160054256,0.9540522210918956,0.8293246079517093
