,token,valid,no_at_fault_collisions,drivable_area_compliance,ego_progress,time_to_collision_within_bound,comfort,driving_direction_compliance,score
0,fa545b09688957b8,True,1.0,1.0,0.9935165728445919,1.0,1.0,1.0,0.99729857201858
1,a04628cdd3f25947,True,1.0,1.0,0.8856304000979458,1.0,1.0,1.0,0.9523460000408107
2,ff9058bacb845910,True,1.0,1.0,1.0,1.0,1.0,1.0,1.0
3,0dc3dee5c8815a90,True,1.0,1.0,1.0,1.0,1.0,1.0,1.0
4,b4eb56fcd01857bb,True,1.0,1.0,0.7393124312404591,1.0,1.0,1.0,0.8913801796835247
5,b133316a0e795993,True,1.0,1.0,0.8339827329811321,1.0,1.0,1.0,0.9308261387421384
6,1423dcf83efa5241,True,1.0,1.0,0.6804980682447194,1.0,1.0,1.0,0.8668741951019664
7,6498149e85ef5b8d,True,1.0,1.0,1.0,1.0,1.0,1.0,1.0
8,610271d0c1515c8c,True,1.0,1.0,0.7695025315443288,1.0,1.0,1.0,0.9039593881434703
9,9e77d9cf35e05d55,True,1.0,1.0,0.8674848039070039,1.0,1.0,1.0,0.9447853349612516
10,963ea50b7eb2554b,True,1.0,1.0,1.0,1.0,1.0,1.0,1.0
11,b5271c19eef859ed,True,0.0,1.0,0.0,0.0,1.0,1.0,0.0
12,684dc9c8167b5189,True,1.0,1.0,0.5632320009270704,1.0,1.0,1.0,0.8180133337196126
13,002672a228395a16,True,1.0,1.0,1.0,1.0,1.0,1.0,1.0
14,559c83269c035643,True,1.0,1.0,1.0,1.0,1.0,1.0,1.0
15,3bb3a8f506bf5980,True,1.0,1.0,1.0,1.0,1.0,0.0,1.0
16,97f7a14f8a835f59,True,1.0,1.0,1.0,1.0,1.0,1.0,1.0
17,d94860755c1f5594,True,1.0,1.0,0.9200994650798192,1.0,1.0,1.0,0.9667081104499248
18,2f421d857f32510e,True,1.0,1.0,0.9331948058916248,1.0,1.0,1.0,0.9721645024548436
19,2d55129330045d3f,True,1.0,1.0,1.0,1.0,1.0,1.0,1.0
20,dc952092ef6a5243,True,1.0,1.0,0.7157228442637086,1.0,1.0,1.0,0.8815511851098785
21,f7d40806c7045d54,True,1.0,1.0,0.9501082013874083,1.0,1.0,1.0,0.9792117505780867
22,40c06c252a275c50,True,1.0,1.0,0.6746708752212932,1.0,1.0,1.0,0.8644461980088721
23,6469176632cf52a0,True,1.0,1.0,0.9460126675288206,1.0,1.0,1.0,0.9775052781370087
24,3770407dcc67520c,True,1.0,1.0,0.7737620989657098,1.0,1.0,1.0,0.9057342079023791
25,5a4811a0bde955b3,True,1.0,1.0,0.8176701491386692,1.0,1.0,1.0,0.9240292288077789
26,afe269451bc757e1,True,1.0,1.0,0.5954659989257637,1.0,1.0,1.0,0.8314441662190681
27,8390620a5e745bfa,True,1.0,1.0,0.3773306967660622,1.0,1.0,1.0,0.7405544569858593
28,9949b537feb55564,True,1.0,1.0,0.9085073859700444,1.0,1.0,1.0,0.9618780774875185
29,c45fc2b353c655af,True,1.0,1.0,0.9098220068204932,1.0,1.0,1.0,0.9624258361752055
30,9a357640ddd453d2,True,0.0,1.0,0.0,0.0,1.0,1.0,0.0
31,3d11d1a35e8f500d,True,1.0,1.0,0.8460370483661055,1.0,1.0,1.0,0.935848770152544
32,9a1d23e8ed1b5837,True,1.0,1.0,1.0,0.0,1.0,1.0,0.5833333333333334
33,75f91ced021c543e,True,1.0,1.0,0.9073378812128244,1.0,1.0,1.0,0.9613907838386768
34,7328fe7f857051ea,True,1.0,1.0,1.0,1.0,1.0,1.0,1.0
35,a460a03aab635f35,True,1.0,0.0,0.0,1.0,1.0,1.0,0.0
36,8704f4971e305ed3,True,1.0,1.0,1.0,1.0,1.0,1.0,1.0
37,ea3b45489faf5c70,True,1.0,1.0,0.7242363563006367,1.0,1.0,1.0,0.8850984817919318
38,79bba6381fb85a36,True,1.0,1.0,0.9261355041354957,1.0,1.0,1.0,0.9692231267231232
39,cd72b9f6b03f5f41,True,1.0,1.0,0.8973106564628683,1.0,1.0,1.0,0.9572127735261952
40,4b3c6a95987c552d,True,1.0,1.0,0.9903514266907039,1.0,1.0,1.0,0.9959797611211266
41,75811dfc02ce59f7,True,1.0,1.0,1.0,1.0,1.0,1.0,1.0
42,d781ee7dce4a5351,True,1.0,1.0,1.0,1.0,1.0,1.0,1.0
43,a8ee480d197e56dd,True,1.0,1.0,1.0,1.0,1.0,1.0,1.0
44,52a632acca085891,True,1.0,1.0,0.8856639324274369,1.0,1.0,1.0,0.9523599718447654
45,d6b5646287065fa8,True,1.0,1.0,0.7049045774693038,1.0,1.0,1.0,0.8770435739455432
46,4cdd4e33b01a52a8,True,1.0,1.0,0.8798517925254898,1.0,1.0,1.0,0.9499382468856208
47,decc2e4c0f445afc,True,1.0,1.0,0.7197977667330666,1.0,1.0,1.0,0.883249069472111
48,babd01c3694d5e18,True,1.0,1.0,0.9320242248603812,1.0,1.0,1.0,0.9716767603584922
49,650d84864184549e,True,1.0,1.0,0.6015815902430719,1.0,1.0,1.0,0.8339923292679465
50,c75331b9d30957a1,True,1.0,1.0,1.0,0.0,1.0,1.0,0.5833333333333334
51,647c05f9fa725528,True,1.0,1.0,0.6273948547375003,1.0,1.0,1.0,0.8447478561406251
52,7be2f6436ce95042,True,1.0,1.0,1.0,1.0,1.0,1.0,1.0
53,3b34e3fd5b9e5767,True,1.0,1.0,0.6433321196249818,1.0,1.0,1.0,0.8513883831770758
54,44324a7aa04f5501,True,1.0,1.0,0.9295811133954365,1.0,1.0,1.0,0.9706587972480986
55,7fb4ab2c7e8c527f,True,1.0,1.0,1.0,1.0,1.0,1.0,1.0
56,7015bc44f34252f4,True,1.0,1.0,1.0,1.0,0.0,1.0,0.8333333333333334
57,20a6e330d8f1571b,True,1.0,1.0,1.0,1.0,1.0,1.0,1.0
58,b94fd2088a4f5688,True,1.0,1.0,0.7862745370711698,1.0,1.0,1.0,0.9109477237796542
59,a5ed322a79205030,True,1.0,1.0,1.0,1.0,1.0,1.0,1.0
60,cebdeff85ac65185,True,1.0,1.0,1.0,1.0,1.0,1.0,1.0
61,7bbb4260e163517f,True,1.0,0.0,0.0,1.0,1.0,0.0,0.0
62,f01212b1c5b25520,True,1.0,1.0,0.9231028981448208,1.0,1.0,1.0,0.9679595408936753
63,a2ed8d7503b85e2d,True,1.0,1.0,0.8941804906601437,1.0,1.0,1.0,0.9559085377750599
64,18ca4d6e9c0a576b,True,1.0,1.0,1.0,1.0,1.0,1.0,1.0
65,f51a75fadd695f06,True,1.0,1.0,0.7109841529256791,1.0,1.0,1.0,0.8795767303856996
66,2070f12707d95924,True,1.0,1.0,0.7379847287481623,1.0,1.0,1.0,0.8908269703117343
67,8436ac812af859df,True,1.0,1.0,1.0,1.0,1.0,1.0,1.0
68,490475b585895e0e,True,1.0,1.0,0.969132259762566,1.0,1.0,1.0,0.9871384415677359
69,e77360b1bf605f87,True,1.0,1.0,1.0,1.0,1.0,1.0,1.0
70,83f9ceae9dad56d9,True,1.0,1.0,0.6064056208875633,1.0,1.0,1.0,0.8360023420364847
71,2a3ab48ae28f5e90,True,1.0,1.0,1.0,1.0,1.0,1.0,1.0
72,72720a5350e75184,True,1.0,1.0,0.91060295996021,1.0,1.0,1.0,0.9627512333167543
73,2a49de57fddb59bc,True,1.0,1.0,0.8252295167219103,1.0,1.0,1.0,0.9271789653007959
74,7287189737c85540,True,1.0,0.0,0.0,1.0,1.0,1.0,0.0
75,53ab46d6ca9d5b68,True,1.0,1.0,1.0,1.0,1.0,1.0,1.0
76,4a7fd1bd37ed5463,True,1.0,1.0,0.7289485926060669,1.0,1.0,1.0,0.8870619135858613
77,798f1981bb285b09,True,1.0,1.0,0.6120522054660636,1.0,1.0,1.0,0.8383550856108598
78,553c80b72cdc5c04,True,1.0,1.0,0.8132467306002076,1.0,1.0,1.0,0.9221861377500865
79,8869a2f03bbd5570,True,1.0,1.0,1.0,1.0,1.0,1.0,1.0
80,bb30019d8f645e62,True,1.0,1.0,0.9111083938698596,1.0,1.0,1.0,0.9629618307791082
81,ba8e8393326d5652,True,1.0,1.0,0.9267493127809993,1.0,1.0,1.0,0.9694788803254163
82,0038810163a05e09,True,1.0,1.0,1.0,1.0,1.0,1.0,1.0
83,b6589175626f5510,True,1.0,1.0,0.7045018052256495,1.0,1.0,1.0,0.8768757521773539
84,1f57ce2072e25edb,True,1.0,1.0,0.8915924932348612,1.0,1.0,1.0,0.9548302055145256
85,dcb6ca8a732551eb,True,1.0,1.0,0.6235235121328611,1.0,1.0,1.0,0.8431347967220254
86,257773cfd41d59d5,True,1.0,1.0,0.5689664616846121,1.0,1.0,1.0,0.8204026923685883
87,ec5e157a5222534d,True,1.0,1.0,0.6665034761062277,1.0,1.0,1.0,0.8610431150442616
88,b77b106f469055bd,True,1.0,1.0,0.8076797685461701,1.0,1.0,1.0,0.9198665702275708
89,e375b42cd83a5bf3,True,1.0,1.0,0.6711735896596317,0.0,1.0,1.0,0.44632232902484653
90,baf1301534ea54d6,True,1.0,1.0,0.9487023793401006,1.0,1.0,1.0,0.9786259913917087
91,1801a3d3fffc57f5,True,1.0,1.0,0.7125312984374939,1.0,1.0,1.0,0.8802213743489556
92,1c3c37eeacd15c92,True,1.0,1.0,0.8244688516344998,1.0,1.0,1.0,0.9268620215143749
93,e26de26a56dd5d21,True,1.0,1.0,0.821768997897172,1.0,1.0,1.0,0.925737082457155
94,af682242313853cb,True,1.0,1.0,1.0,1.0,1.0,1.0,1.0
95,6fee6df4d64b5d9d,True,1.0,1.0,0.9136335663947055,1.0,1.0,1.0,0.964013985997794
96,2e883a72b2895d7c,True,1.0,1.0,1.0,1.0,1.0,1.0,1.0
97,23f357c023c2584f,True,1.0,1.0,0.7628373382722079,1.0,1.0,1.0,0.9011822242800865
98,4300f964edbd5ce4,True,1.0,1.0,1.0,1.0,1.0,1.0,1.0
99,f3f9f7a6f8f15f49,True,1.0,1.0,1.0,1.0,1.0,1.0,1.0
100,e7b780eed68e5ce3,True,1.0,0.0,0.0,1.0,1.0,1.0,0.0
101,491a9b7a44225a75,True,1.0,1.0,1.0,1.0,1.0,1.0,1.0
102,17329d8654895534,True,1.0,1.0,0.7380159433855068,1.0,1.0,1.0,0.890839976410628
103,cd9330daeec55224,True,1.0,1.0,0.5598979352471961,1.0,1.0,1.0,0.8166241396863317
104,143989e6ed115458,True,1.0,1.0,0.8373058798964764,1.0,1.0,1.0,0.9322107832901985
105,1b3ae7a2d38d5c6c,True,1.0,1.0,0.791648425086159,1.0,1.0,1.0,0.9131868437858995
106,e11b470ae6285663,True,1.0,1.0,0.7589577718343912,1.0,1.0,1.0,0.8995657382643296
107,565e485cbedb506f,True,1.0,1.0,0.8682450948296485,1.0,1.0,1.0,0.9451021228456868
108,0cbeffce57295a2b,True,1.0,1.0,1.0,1.0,1.0,1.0,1.0
109,77c3cf2f4a1a5f31,True,1.0,1.0,0.8009909413531372,1.0,1.0,1.0,0.9170795588971404
110,e5bb04b7c6695184,True,1.0,1.0,1.0,1.0,1.0,1.0,1.0
111,680f4753a59c5a24,True,1.0,1.0,1.0,0.0,1.0,1.0,0.5833333333333334
112,0769a262b53b589e,True,1.0,1.0,0.537384769637407,1.0,1.0,1.0,0.8072436540155863
113,2972c31a52275dc1,True,1.0,0.0,0.0,1.0,1.0,1.0,0.0
114,7f890846214d583a,True,1.0,1.0,0.7273627604803832,1.0,1.0,1.0,0.8864011502001596
115,a5b6e054384c586c,True,1.0,1.0,0.5248367898940005,1.0,1.0,1.0,0.8020153291225002
116,e3f62a1acf9d565e,True,1.0,1.0,1.0,1.0,1.0,1.0,1.0
117,48b6d9fdf22d5a23,True,1.0,1.0,0.551296004623207,1.0,1.0,1.0,0.8130400019263363
118,d1ef1e42fa15573d,True,1.0,1.0,0.6413888138397879,1.0,1.0,1.0,0.850578672433245
119,f1cc8f05115d5db6,True,1.0,1.0,1.0,1.0,1.0,1.0,1.0
120,cbd14310b3885779,True,1.0,0.0,0.0,1.0,1.0,0.0,0.0
121,121b6c8a61d85945,True,1.0,1.0,0.6310612539214931,1.0,1.0,1.0,0.8462755224672888
122,0221ed2a1c495f23,True,1.0,0.0,0.0,0.0,1.0,1.0,0.0
123,cc9a87182a05533d,True,1.0,1.0,0.7901956372635311,1.0,1.0,1.0,0.9125815155264713
124,2abac20522fb5014,True,1.0,1.0,0.9800367944180515,1.0,1.0,1.0,0.9916819976741881
125,a3f2ea7187975b13,True,1.0,1.0,1.0,1.0,1.0,1.0,1.0
126,5cffd130ff2c510a,True,1.0,1.0,0.8908321047631685,1.0,1.0,1.0,0.9545133769846537
127,d2937fdb8d605a73,True,0.0,1.0,0.0,0.0,1.0,0.5,0.0
128,7fc551e4e0375d00,True,1.0,1.0,0.7093256774400561,0.0,1.0,1.0,0.4622190322666901
129,613770d7f39051be,True,1.0,1.0,1.0,0.0,1.0,1.0,0.5833333333333334
130,58911c0c8e3f5906,True,1.0,1.0,1.0,0.0,1.0,1.0,0.5833333333333334
131,1fc5ab19306f5a47,True,1.0,1.0,0.8181640581135373,1.0,1.0,1.0,0.9242350242139739
132,ae05160436d45a62,True,1.0,0.0,0.0,1.0,1.0,1.0,0.0
133,b1bcfdce40d5572e,True,0.5,0.0,0.0,0.0,1.0,0.5,0.0
134,6ffc117437175255,True,1.0,1.0,0.7279313217637505,1.0,1.0,1.0,0.886638050734896
135,d22135cc2a13514f,True,1.0,1.0,0.990924273008885,1.0,1.0,1.0,0.9962184470870353
136,667afe1f010351c5,True,0.0,1.0,0.0,0.0,1.0,0.5,0.0
137,d81c4398a40b52b9,True,1.0,1.0,0.9589986303949432,1.0,1.0,1.0,0.982916095997893
138,61421159b240530d,True,1.0,1.0,1.0,1.0,1.0,1.0,1.0
139,0748764d9de454ea,True,1.0,1.0,1.0,1.0,1.0,1.0,1.0
140,7edfabe116e25844,True,1.0,1.0,0.9585846595713097,1.0,1.0,1.0,0.9827436081547124
141,efcc43b333075098,True,1.0,1.0,0.8774499979417388,1.0,1.0,1.0,0.9489374991423912
142,97b9989fa3675cab,True,1.0,1.0,1.0,1.0,1.0,1.0,1.0
143,a5d3eca1660f5855,True,1.0,1.0,0.8591828924995621,1.0,1.0,1.0,0.9413262052081509
144,210fa74895dc5f52,True,1.0,1.0,1.0,1.0,1.0,1.0,1.0
145,c1f712e1aed35216,True,1.0,1.0,0.805799179255457,1.0,1.0,1.0,0.9190829913564403
146,e360cb69b8a55a47,True,1.0,1.0,0.9320145851529497,1.0,1.0,1.0,0.971672743813729
147,ade646d3c19b5bb0,True,1.0,1.0,1.0,1.0,1.0,0.5,1.0
148,905ab0794c235f69,True,1.0,1.0,0.8808771575191342,1.0,1.0,1.0,0.9503654822996394
149,502fadfdde3554b2,True,1.0,0.0,0.0,1.0,1.0,1.0,0.0
150,acd0bceedc6852c2,True,1.0,1.0,0.6270877180182728,1.0,1.0,1.0,0.8446198825076138
151,26e8589d8c485726,True,1.0,1.0,0.7829944146457763,1.0,1.0,1.0,0.9095810061024068
152,03269d4ad9e45809,True,1.0,1.0,0.7567609540680017,1.0,1.0,1.0,0.8986503975283341
153,a988872adfe45a71,True,1.0,1.0,1.0,1.0,1.0,1.0,1.0
154,e009079e2dc25bbf,True,1.0,1.0,0.9141678234666268,1.0,1.0,1.0,0.9642365931110946
155,f205efb84def5cc8,True,1.0,1.0,0.7991777138887226,1.0,1.0,1.0,0.9163240474536344
156,93ff1c769e6f5507,True,1.0,1.0,0.8799950569297268,1.0,1.0,1.0,0.949997940387386
157,9fe07284cb3f5e0a,True,1.0,1.0,0.7927774688129174,1.0,1.0,1.0,0.913657278672049
158,563ef3c44a5a528e,True,1.0,1.0,1.0,1.0,1.0,1.0,1.0
159,7d10959013575b2d,True,1.0,1.0,0.7685332357585167,1.0,1.0,1.0,0.903555514899382
160,50d6986491d3510a,True,1.0,1.0,0.5096458884673227,1.0,1.0,1.0,0.7956857868613844
161,7643b4b3f33d5910,True,1.0,1.0,0.8502461113049472,1.0,1.0,1.0,0.9376025463770613
162,5487bbfde69354cb,True,1.0,1.0,0.7550937030589959,1.0,1.0,1.0,0.897955709607915
163,0a0d98c22d765e1e,True,1.0,1.0,0.5950762238349656,1.0,1.0,1.0,0.8312817599312355
164,3cb9b99bc4185d33,True,1.0,1.0,0.881771536042542,1.0,1.0,1.0,0.9507381400177258
165,90a14e5bd7cb5f47,True,1.0,1.0,1.0,1.0,1.0,1.0,1.0
166,12177b43d67d51a7,True,1.0,1.0,1.0,1.0,1.0,1.0,1.0
167,3d6cbc2a95885eef,True,1.0,1.0,0.98603260885224,0.0,1.0,1.0,0.5775135870217666
168,8b0d50e645eb5ac7,True,1.0,1.0,0.5464540535599565,1.0,1.0,1.0,0.8110225223166485
169,6136d15f12905f36,True,1.0,1.0,1.0,1.0,1.0,1.0,1.0
170,953b60711663549b,True,1.0,1.0,0.8508661762379975,1.0,1.0,1.0,0.9378609067658323
171,4d718caa6ebc5b37,True,1.0,0.0,0.0,1.0,1.0,1.0,0.0
172,19f8a93df08452b5,True,1.0,1.0,0.7136016881195623,1.0,1.0,1.0,0.8806673700498177
173,aa34b08bfad85fac,True,1.0,1.0,0.8512105717031299,1.0,1.0,1.0,0.938004404876304
174,62013ac84b3a57e5,True,1.0,1.0,0.8433771860272582,1.0,1.0,1.0,0.9347404941780243
175,b5be372c45f05a96,True,1.0,1.0,0.8175784075074305,1.0,1.0,1.0,0.923991003128096
176,63f4362f90ef55a1,True,1.0,1.0,0.7830566690086272,1.0,1.0,1.0,0.9096069454202613
177,d71f89f4f6e350b8,True,1.0,1.0,1.0,1.0,1.0,1.0,1.0
178,dcdacf7509ed5062,True,1.0,1.0,0.7930003389701614,1.0,1.0,1.0,0.9137501412375673
179,05d6f076bdc855d1,True,0.0,1.0,0.0,0.0,1.0,0.5,0.0
180,d745bef1cebc52e7,True,1.0,1.0,1.0,1.0,1.0,1.0,1.0
181,6ec2148215205936,True,1.0,1.0,0.503682481404473,1.0,1.0,1.0,0.7932010339185305
182,3ec484ccad125e99,True,1.0,1.0,1.0,1.0,1.0,1.0,1.0
183,4127ff2cfd615955,True,1.0,1.0,0.8798602828371674,1.0,1.0,1.0,0.9499417845154864
184,ec8a3deaeb1a53ac,True,1.0,1.0,0.8044811857147905,1.0,1.0,1.0,0.9185338273811627
185,bbb7e4525bd05d3d,True,1.0,1.0,1.0,1.0,1.0,1.0,1.0
186,65107c981e1c568c,True,1.0,1.0,1.0,1.0,1.0,1.0,1.0
187,a66477a84cc05f05,True,1.0,1.0,1.0,1.0,1.0,1.0,1.0
188,bbd85b27fa465894,True,1.0,1.0,1.0,1.0,0.0,1.0,0.8333333333333334
189,c772799eaf1f5ad1,True,1.0,1.0,0.7323793847187542,1.0,1.0,1.0,0.8884914102994809
190,82c913dd14e05a84,True,1.0,1.0,1.0,1.0,1.0,1.0,1.0
191,9157902936a456bf,True,1.0,1.0,1.0,1.0,1.0,1.0,1.0
192,e76cb8b17f8f51f3,True,0.0,1.0,0.0,1.0,1.0,1.0,0.0
193,512b6941e1335e0f,True,1.0,1.0,1.0,1.0,1.0,1.0,1.0
194,c0a12f1497045322,True,1.0,1.0,0.8968296741637874,1.0,1.0,1.0,0.9570123642349114
195,26de9e2da40c5b0c,True,1.0,1.0,0.6777607139643366,1.0,1.0,1.0,0.8657336308184735
196,b56a66ac853c56e9,True,1.0,1.0,0.7384952067537854,1.0,1.0,1.0,0.8910396694807439
197,e67729beeaa95c34,True,1.0,1.0,1.0,1.0,1.0,1.0,1.0
198,b47df4a21c515394,True,1.0,1.0,0.6812166225449096,1.0,1.0,1.0,0.8671735927270458
199,5624b4732b135079,True,1.0,1.0,0.7513758583076904,1.0,1.0,1.0,0.8964066076282043
200,0d602f62f3ad5c65,True,1.0,1.0,0.9065844168768826,1.0,1.0,1.0,0.9610768403653678
201,8364af67153a5193,True,1.0,1.0,0.9065390986259251,1.0,1.0,1.0,0.9610579577608022
202,aed7c50719f959a1,True,1.0,1.0,1.0,1.0,1.0,1.0,1.0
203,ec60244b07ad5466,True,1.0,1.0,1.0,1.0,1.0,1.0,1.0
204,b8d114f0304d5f87,True,1.0,1.0,1.0,1.0,1.0,1.0,1.0
205,757fb1d7679c5dc2,True,1.0,1.0,0.7523065763795387,1.0,1.0,1.0,0.8967944068248078
206,b4175792b94a5cf2,True,1.0,1.0,1.0,1.0,1.0,1.0,1.0
207,702320a088cf5d53,True,1.0,1.0,0.75409636322091,1.0,1.0,1.0,0.8975401513420458
208,de16c26b38425a6b,True,1.0,1.0,1.0,1.0,1.0,1.0,1.0
209,247ae110b0c454cb,True,1.0,1.0,1.0,1.0,1.0,1.0,1.0
210,cfb755b8d37458ac,True,0.0,1.0,0.0,0.0,1.0,0.5,0.0
211,b462af5600bf5f88,True,1.0,1.0,1.0,1.0,1.0,1.0,1.0
212,b0a6370d836a59ed,True,0.0,1.0,0.0,0.0,1.0,1.0,0.0
213,a27875deccc151e0,True,1.0,1.0,0.7750062718857313,1.0,1.0,1.0,0.9062526132857215
214,5a454b4d1c535366,True,1.0,1.0,0.8487922823513776,0.0,1.0,1.0,0.5203301176464074
215,47e0ff3bc36a5f69,True,1.0,1.0,0.6817192265082875,1.0,1.0,1.0,0.8673830110451197
216,776069d80826529d,True,1.0,1.0,0.6803530857166519,1.0,1.0,1.0,0.8668137857152716
217,57076e49ca7c5570,True,1.0,1.0,0.8059091842557495,1.0,1.0,1.0,0.919128826773229
218,260f5d5245015db6,True,1.0,1.0,0.7001792888817714,0.0,1.0,1.0,0.45840803703407146
219,2919cd502115582a,True,1.0,1.0,1.0,1.0,1.0,1.0,1.0
220,cd0b91f235e25b76,True,1.0,0.0,0.0,1.0,1.0,1.0,0.0
221,efd90f7518445bef,True,1.0,1.0,1.0,1.0,1.0,1.0,1.0
222,1a3569d56fbf5521,True,1.0,1.0,0.6826881561367891,1.0,1.0,1.0,0.8677867317236622
223,e0e85d4fc9545225,True,1.0,1.0,0.5245826499677138,1.0,1.0,1.0,0.8019094374865473
224,30827c8c62c55b46,True,1.0,1.0,0.9159401949746123,1.0,1.0,1.0,0.9649750812394218
225,46320fa2dc795a5a,True,1.0,1.0,0.899253313283735,1.0,1.0,1.0,0.958022213868223
226,a33054c645ce5643,True,1.0,1.0,1.0,1.0,1.0,1.0,1.0
227,d978a6878e7b5e8b,True,1.0,1.0,1.0,1.0,1.0,1.0,1.0
228,fb5265ab37085422,True,1.0,1.0,1.0,0.0,1.0,1.0,0.5833333333333334
229,23d70775af9754e8,True,1.0,1.0,1.0,1.0,1.0,1.0,1.0
230,54ab49005da25b3e,True,1.0,1.0,0.5932594528628261,1.0,1.0,1.0,0.8305247720261776
231,3099475cc5365074,True,1.0,1.0,0.9851849858724929,1.0,1.0,1.0,0.993827077446872
232,c962887d22e95f88,True,1.0,1.0,1.0,1.0,1.0,1.0,1.0
233,f6082f18c392582f,True,0.5,0.0,0.0,0.0,1.0,0.5,0.0
234,c3a9557ccfb5517c,True,1.0,1.0,0.8786610041860071,0.0,1.0,1.0,0.5327754184108363
235,6d2178f2992f5d22,True,1.0,1.0,0.489758820345015,1.0,1.0,1.0,0.7873995084770895
236,82b415fbbc725562,True,1.0,1.0,1.0,1.0,1.0,1.0,1.0
237,90314b74c92954d6,True,1.0,1.0,0.8294042168897992,1.0,1.0,1.0,0.928918423704083
238,aa2918eb684351bd,True,1.0,1.0,1.0,1.0,1.0,1.0,1.0
239,2d4b17f8d7585219,True,1.0,1.0,1.0,1.0,1.0,1.0,1.0
240,3ea43d5abad05188,True,1.0,1.0,0.9175615560925608,1.0,1.0,1.0,0.9656506483719003
241,0b4c7130090c5e85,True,1.0,1.0,1.0,1.0,1.0,1.0,1.0
242,22a3a112a0485c4c,True,1.0,1.0,1.0,1.0,1.0,1.0,1.0
243,159ec1accaf55d3f,True,1.0,1.0,0.9467285049332114,1.0,1.0,1.0,0.9778035437221714
244,b6765fe7ee17596e,True,1.0,1.0,1.0,0.0,1.0,0.5,0.5833333333333334
245,5fed3ec5ed1351c1,True,1.0,1.0,1.0,1.0,1.0,1.0,1.0
246,806b0f2b2ade5454,True,1.0,1.0,1.0,1.0,1.0,1.0,1.0
247,1ab2fedfbb4b5c2f,True,1.0,1.0,0.7174971483676165,1.0,1.0,1.0,0.882290478486507
248,ef4e7ef102395420,True,1.0,1.0,0.9649401274679915,1.0,1.0,1.0,0.9853917197783298
249,564bb94f846e5fe1,True,1.0,1.0,0.7043753696936715,1.0,1.0,1.0,0.8768230707056964
250,4acd373578e357d1,True,1.0,1.0,0.6465714169111467,1.0,1.0,1.0,0.8527380903796445
251,0616f9723c60524d,True,1.0,1.0,0.8550141142231495,1.0,1.0,1.0,0.9395892142596457
252,4768080b04d5530e,True,1.0,1.0,0.9696727292574874,1.0,1.0,1.0,0.9873636371906197
253,2c21ad85949653a6,True,1.0,1.0,1.0,1.0,1.0,1.0,1.0
254,443b9c514efc5829,True,1.0,1.0,1.0,1.0,1.0,1.0,1.0
255,5328fe5eba6e5d30,True,1.0,1.0,1.0,1.0,1.0,1.0,1.0
256,2087ff145dae502d,True,1.0,1.0,1.0,1.0,1.0,1.0,1.0
257,4302a0a4b9f05b61,True,1.0,1.0,0.6233277045188258,1.0,1.0,1.0,0.8430532102161775
258,96c8893a610b51ba,True,1.0,1.0,0.8120887088991524,1.0,1.0,1.0,0.9217036287079802
259,ab1fd108d5885b58,True,1.0,1.0,1.0,1.0,1.0,0.0,1.0
260,8f41958d23a65c48,True,1.0,0.0,0.0,1.0,1.0,1.0,0.0
261,50fef67a5a9a5a4b,True,1.0,1.0,0.7144957489961222,1.0,1.0,1.0,0.8810398954150509
262,fa3c2377e39c52e3,True,1.0,1.0,0.9391097632036235,1.0,1.0,1.0,0.9746290680015098
263,b4afab5329e95368,True,1.0,1.0,0.9300415276774707,1.0,1.0,1.0,0.9708506365322794
264,7d5f417c01fb5a87,True,1.0,1.0,0.5265922576037636,1.0,1.0,1.0,0.8027467740015681
265,c48cfa7c240d5808,True,1.0,1.0,0.9734796468574995,1.0,1.0,1.0,0.9889498528572914
266,b5f57f5a6b5b5244,True,1.0,1.0,0.5707429108813084,1.0,1.0,1.0,0.8211428795338785
267,66e559e29cca52e0,True,1.0,1.0,1.0,1.0,1.0,1.0,1.0
268,2752876d0e005d74,True,1.0,1.0,0.9186677458251767,1.0,1.0,1.0,0.9661115607604902
269,960d5334ae8f54a5,True,1.0,1.0,1.0,1.0,1.0,1.0,1.0
270,24108688ab4856ab,True,1.0,1.0,0.5252561064919341,1.0,1.0,1.0,0.8021900443716392
271,c84475f2d8475f9d,True,1.0,1.0,0.8916829229297037,1.0,1.0,1.0,0.9548678845540431
272,dd1ab5d48c6358ef,True,1.0,1.0,0.7575038370967796,1.0,1.0,1.0,0.8989599321236582
273,98045d12586d50b6,True,1.0,1.0,0.9062544926256897,1.0,1.0,1.0,0.9609393719273708
274,e36762528cdb5e37,True,1.0,1.0,0.4646510966077426,1.0,1.0,1.0,0.7769379569198928
275,ce2f1ac423965b7a,True,1.0,0.0,0.0,1.0,1.0,1.0,0.0
276,af5f095a4d815525,True,1.0,1.0,1.0,1.0,1.0,1.0,1.0
277,ac07a96cae965e88,True,1.0,1.0,1.0,1.0,1.0,1.0,1.0
278,9af711dfa6eb5952,True,1.0,1.0,1.0,1.0,1.0,1.0,1.0
279,af335d636f4c516e,True,1.0,1.0,0.9259312935897543,1.0,1.0,1.0,0.969138038995731
280,ed98d12e4c99536d,True,1.0,0.0,0.0,1.0,1.0,0.5,0.0
281,ed98a4566ea95092,True,1.0,1.0,1.0,1.0,1.0,1.0,1.0
282,8937c2f7a7ac5507,True,1.0,1.0,0.7548392068890853,1.0,1.0,1.0,0.897849669537119
283,7b8d8487706f501e,True,1.0,1.0,1.0,0.0,1.0,1.0,0.5833333333333334
284,6347553d03555ffa,True,1.0,1.0,1.0,1.0,1.0,1.0,1.0
285,f4f1692fee475afa,True,1.0,1.0,0.8879188460372338,1.0,1.0,1.0,0.9532995191821808
286,abe1ac610c3d5b82,True,1.0,1.0,0.7990887097574227,1.0,1.0,1.0,0.9162869623989262
287,a0f499d0aab45bab,True,1.0,1.0,1.0,1.0,1.0,1.0,1.0
288,4755336a0e225d97,True,1.0,1.0,1.0,1.0,1.0,1.0,1.0
289,0b2839db08ae5ed6,True,1.0,1.0,0.7619152602879501,1.0,1.0,1.0,0.9007980251199793
290,53c908f42e685998,True,1.0,1.0,1.0,1.0,1.0,1.0,1.0
291,4024c1a4953e57a7,True,1.0,1.0,0.9883054843597788,1.0,1.0,1.0,0.9951272851499079
292,fd30fae9e4f35fa8,True,1.0,1.0,0.6435555988349231,1.0,1.0,1.0,0.8514814995145512
293,8d3c8a698ac65342,True,1.0,1.0,0.6634054066795936,1.0,1.0,1.0,0.859752252783164
294,f3493d3b23cd55c2,True,1.0,1.0,0.7402969604913536,1.0,1.0,1.0,0.8917904002047307
295,5085749584aa5377,True,1.0,1.0,0.5940851787886627,1.0,1.0,1.0,0.8308688244952762
296,4102a6399acf528b,True,1.0,1.0,0.7692912052258893,1.0,1.0,1.0,0.9038713355107872
297,cb8b1f36617c50d4,True,1.0,1.0,0.8302337760271226,1.0,1.0,1.0,0.9292640733446343
298,9a94341d994d5ec9,True,1.0,1.0,0.7877350381828886,1.0,1.0,1.0,0.911556265909537
299,8676d43a96795310,True,1.0,1.0,0.8727268569838604,1.0,1.0,1.0,0.9469695237432751
300,20403b65d87d5e5a,True,1.0,1.0,1.0,1.0,1.0,1.0,1.0
301,4126aeb4289c593c,True,1.0,1.0,0.8500968471465433,1.0,1.0,1.0,0.9375403529777264
302,dad96574decb5a68,True,1.0,1.0,0.4831509452034072,1.0,1.0,1.0,0.7846462271680864
303,93b0ff5c4c5c507e,True,1.0,1.0,1.0,1.0,1.0,1.0,1.0
304,09babda49aa659a1,True,1.0,1.0,1.0,1.0,1.0,1.0,1.0
305,e45aa663bd0756d9,True,1.0,0.0,0.0,1.0,1.0,1.0,0.0
306,b2f320b5d94753f9,True,1.0,1.0,0.6986955388268813,1.0,1.0,1.0,0.8744564745112005
307,e02f26d0eb0152e3,True,1.0,1.0,0.918543364371646,1.0,1.0,1.0,0.9660597351548524
308,695d7450eb3958c1,True,1.0,1.0,0.7638969943352572,1.0,1.0,1.0,0.9016237476396904
309,14b270ee5a395ea9,True,1.0,1.0,0.9040266726896644,1.0,1.0,1.0,0.9600111136206935
310,196375ae13835990,True,1.0,1.0,0.9930656619570158,1.0,1.0,1.0,0.9971106924820899
311,42dc421e37c154e5,True,1.0,1.0,1.0,1.0,1.0,1.0,1.0
312,166d08e80654527d,True,1.0,1.0,1.0,1.0,1.0,1.0,1.0
313,d91f0c28683e52da,True,0.0,1.0,0.0,0.0,1.0,1.0,0.0
314,dd4483f390725319,True,0.0,1.0,0.0,0.0,1.0,1.0,0.0
315,5379d354b9b95048,True,1.0,0.0,0.0,1.0,1.0,1.0,0.0
316,ae01be6a753e5f98,True,1.0,1.0,0.8115581952028738,1.0,1.0,1.0,0.9214825813345308
317,d1408323ef2357be,True,1.0,1.0,0.8916658533133657,1.0,1.0,1.0,0.9548607722139023
318,0bc64fd1b3ff5d1a,True,1.0,1.0,1.0,1.0,1.0,1.0,1.0
319,15b0967d1dab53f8,True,1.0,1.0,1.0,1.0,1.0,1.0,1.0
320,32648fe3eaa45ed1,True,1.0,1.0,0.9101617427250833,1.0,1.0,1.0,0.962567392802118
321,a305b24487775cfc,True,1.0,1.0,1.0,0.0,1.0,1.0,0.5833333333333334
322,5517642e588e59d0,True,1.0,1.0,0.622448772850845,1.0,1.0,1.0,0.8426869886878521
323,c4fad4d040a75b90,True,1.0,0.0,0.0,1.0,1.0,1.0,0.0
324,0451b850addd591c,True,1.0,1.0,0.7283665524203651,1.0,1.0,1.0,0.8868193968418187
325,b12faa3892185d8f,True,1.0,1.0,0.4965782661635857,1.0,1.0,1.0,0.7902409442348274
326,40688677dc5e5d16,True,1.0,1.0,0.6119848070011734,1.0,1.0,1.0,0.8383270029171556
327,26af85cbc2d15e05,True,1.0,1.0,0.9838102159720713,1.0,1.0,1.0,0.9932542566550296
328,44cd06a315635c09,True,1.0,1.0,0.7961964583517961,1.0,1.0,1.0,0.9150818576465817
329,a9152eadc70058ba,True,1.0,1.0,1.0,1.0,1.0,1.0,1.0
330,6c321000d6c0527a,True,1.0,1.0,1.0,1.0,1.0,1.0,1.0
331,eb890bda8eb75f6c,True,1.0,1.0,0.8223653645051376,1.0,1.0,1.0,0.9259855685438074
332,aa58dfcb46765181,True,1.0,1.0,1.0,1.0,1.0,1.0,1.0
333,59a1d448fbdf53f6,True,1.0,1.0,1.0,1.0,1.0,1.0,1.0
334,993d17cce2685b9a,True,1.0,1.0,0.7690085201865123,1.0,1.0,1.0,0.9037535500777135
335,722ed88251d25420,True,1.0,1.0,0.8371740649728335,1.0,1.0,1.0,0.9321558604053474
336,11182a0af9c95c8c,True,1.0,1.0,0.6947124327068175,1.0,1.0,1.0,0.8727968469611739
337,243480f0f2545b3b,True,1.0,1.0,1.0,1.0,1.0,1.0,1.0
338,4f5e535c78385629,True,1.0,1.0,1.0,1.0,1.0,1.0,1.0
339,63d80f7499fc5784,True,1.0,1.0,0.8979816059304123,1.0,1.0,1.0,0.9574923358043385
340,caee3d86c00351e6,True,1.0,1.0,0.7996797872869094,1.0,1.0,1.0,0.916533244702879
341,71dedbc865b25faf,True,1.0,1.0,0.8671707953298037,1.0,1.0,1.0,0.944654498054085
342,4fbe9cf1d64d58ef,True,1.0,1.0,1.0,1.0,1.0,1.0,1.0
343,11cad3355c7b55dd,True,1.0,1.0,0.9197755635176219,1.0,1.0,1.0,0.9665731514656758
344,73e3a1a2ed275417,True,1.0,1.0,0.6191333008601418,1.0,1.0,1.0,0.8413055420250591
345,ad34e2d0d3865530,True,1.0,1.0,0.6922611831816784,1.0,1.0,1.0,0.871775492992366
346,52d6d6f0e4305a44,True,1.0,1.0,1.0,1.0,1.0,1.0,1.0
347,8912a46529c059a1,True,1.0,1.0,0.8551555708200478,1.0,1.0,1.0,0.9396481545083533
348,5f548f26b9a7572f,True,1.0,1.0,1.0,1.0,1.0,1.0,1.0
349,8b7d99b5ae2a5219,True,1.0,1.0,1.0,1.0,1.0,1.0,1.0
350,4a55d9d08b7752e8,True,1.0,1.0,0.5706126564488408,1.0,1.0,0.5,0.8210886068536837
351,f62e6cb228dc50e1,True,1.0,0.0,0.0,0.0,1.0,1.0,0.0
352,535e19c081ec5c28,True,1.0,1.0,0.9303096478720021,1.0,1.0,1.0,0.9709623532800009
353,0ac3823481f15815,True,1.0,1.0,0.7224516430344042,1.0,1.0,1.0,0.8843548512643351
354,95612e81595b568f,True,1.0,1.0,0.9426925421080411,1.0,1.0,1.0,0.9761218925450171
355,54e1cb577c0a5f7e,True,1.0,1.0,0.8623490637883418,1.0,1.0,1.0,0.9426454432451424
356,0a7ed373b7de5037,True,1.0,0.0,0.0,1.0,1.0,1.0,0.0
357,a32383d18e5351cc,True,1.0,1.0,1.0,1.0,1.0,1.0,1.0
358,43cfa12f279355aa,True,1.0,1.0,0.7714549141018229,1.0,1.0,1.0,0.9047728808757595
359,1b4499d988b052ce,True,1.0,1.0,1.0,1.0,1.0,1.0,1.0
360,3f19f97d980754f7,True,1.0,1.0,0.8895079154343954,1.0,1.0,1.0,0.9539616314309981
361,196cb93444b35dd7,True,1.0,1.0,0.6545353574163979,1.0,1.0,1.0,0.8560563989234992
362,8f5cefce0c0259d9,True,0.0,0.0,0.0,0.0,1.0,0.0,0.0
363,3ef16d00a16b5c94,True,1.0,1.0,0.7718247933584954,1.0,1.0,1.0,0.9049269972327064
364,a4bc6340456351af,True,1.0,0.0,0.0,1.0,1.0,1.0,0.0
365,f63a2f8e05115d52,True,1.0,1.0,1.0,1.0,1.0,1.0,1.0
366,f1f463892f3d5bb7,True,1.0,0.0,0.0,1.0,1.0,1.0,0.0
367,2ca33fd04f805478,True,1.0,1.0,1.0,1.0,1.0,1.0,1.0
368,aa4897ec11395ec8,True,1.0,1.0,0.8859907895779441,1.0,1.0,1.0,0.9524961623241435
369,8b369f66349d550a,True,1.0,1.0,1.0,1.0,1.0,1.0,1.0
370,ef5dcc2415915678,True,1.0,1.0,1.0,1.0,1.0,1.0,1.0
371,4ae7296f92115e83,True,1.0,1.0,0.8460439769698631,1.0,1.0,1.0,0.9358516570707763
372,2ccebcdb0da25be5,True,1.0,1.0,1.0,1.0,1.0,1.0,1.0
373,62eac0a6b7e05fbf,True,1.0,1.0,1.0,1.0,1.0,1.0,1.0
374,fccef3d0f5cc5d8e,True,1.0,1.0,1.0,1.0,1.0,1.0,1.0
375,834cf95826ec5c73,True,1.0,1.0,0.7753980124816985,1.0,1.0,1.0,0.906415838534041
376,501de4adcf415443,True,1.0,1.0,0.8904524877029598,1.0,1.0,1.0,0.9543552032095666
377,abba9d81ee9054ec,True,1.0,1.0,0.9187493160625575,1.0,1.0,1.0,0.9661455483593989
378,847ac59d6cce5bc4,True,1.0,1.0,0.8026021391463862,1.0,1.0,1.0,0.9177508913109943
379,e97ba617b7c059a7,True,1.0,1.0,1.0,1.0,1.0,0.0,1.0
380,6477d5ad590955ba,True,1.0,1.0,1.0,0.0,1.0,1.0,0.5833333333333334
381,9b0b6d3472465b35,True,1.0,1.0,1.0,1.0,1.0,1.0,1.0
382,f7103dfe59a959be,True,1.0,1.0,1.0,1.0,1.0,1.0,1.0
383,0f4984d978155b23,True,1.0,1.0,0.8388572944841899,1.0,1.0,1.0,0.932857206035079
384,b4899f9464d058f2,True,1.0,1.0,0.7768758157893694,1.0,1.0,1.0,0.9070315899122372
385,dc6df220730c599a,True,1.0,1.0,0.8739438466676944,1.0,1.0,1.0,0.947476602778206
386,b4ec906c4dbe5735,True,1.0,1.0,0.9802168856750686,1.0,1.0,1.0,0.9917570356979453
387,9d7ec713a2fb5e44,True,1.0,1.0,0.681917931948842,1.0,1.0,1.0,0.8674658049786842
388,fa919203c245502d,True,1.0,1.0,0.7967856402124625,1.0,1.0,1.0,0.9153273500885261
389,d84b338d48335e67,True,1.0,1.0,0.8403020539038438,1.0,1.0,0.0,0.9334591891266015
390,2802831d87ba5a55,True,1.0,1.0,0.9197932572640385,1.0,1.0,1.0,0.9665805238600159
391,00eb3a4e0f8052e9,True,1.0,1.0,0.7933709326425737,1.0,1.0,1.0,0.9139045552677391
392,191dc35423a85d10,True,1.0,1.0,0.959298849232006,1.0,1.0,1.0,0.9830411871800026
393,9cb247f1ef445fb9,True,1.0,1.0,0.8681314122616185,1.0,1.0,1.0,0.9450547551090077
394,14a11185124a508b,True,1.0,1.0,0.8996209273123169,1.0,1.0,1.0,0.9581753863801321
395,3dfa374651035868,True,1.0,1.0,1.0,1.0,1.0,1.0,1.0
396,9b7ffde4ab9c53a5,True,1.0,1.0,1.0,1.0,1.0,1.0,1.0
397,bdb32e2af06e5bc9,True,1.0,1.0,0.9256590446392127,1.0,1.0,1.0,0.9690246019330052
398,db951dbc3e595c29,True,1.0,1.0,0.9398921559601249,1.0,1.0,1.0,0.9749550649833854
399,e0164d976037592c,True,1.0,1.0,0.8356007798749683,1.0,1.0,1.0,0.9315003249479035
400,ac47687039a75848,True,1.0,1.0,0.7504646948009774,1.0,1.0,1.0,0.896026956167074
401,72779ff1ead25f44,True,1.0,1.0,0.7347837194539567,1.0,1.0,1.0,0.8894932164391486
402,3fe4d3672285579c,True,1.0,1.0,0.9678651054313379,1.0,1.0,1.0,0.9866104605963907
403,0372bb63e704555a,True,1.0,1.0,0.8804963082893278,1.0,1.0,1.0,0.9502067951205532
404,16ac515a3ba45d76,True,1.0,1.0,0.6999360594814431,1.0,1.0,1.0,0.874973358117268
405,8396adcdedb55337,True,1.0,1.0,0.7090088943037076,1.0,1.0,1.0,0.8787537059598781
406,1f5144778210505c,True,1.0,1.0,1.0,1.0,1.0,1.0,1.0
407,2c14c850f6645147,True,1.0,0.0,0.0,1.0,1.0,1.0,0.0
408,cfbf3f55398f5fc6,True,1.0,1.0,0.7846803567376254,1.0,1.0,1.0,0.9102834819740107
409,f57f56e799be599f,True,1.0,1.0,0.6944542868731708,1.0,1.0,1.0,0.8726892861971546
410,3a76a6ab17535552,True,1.0,1.0,0.9151845780187964,1.0,1.0,1.0,0.9646602408411651
411,927222aceeaa52bb,True,1.0,0.0,0.0,0.0,1.0,1.0,0.0
412,3e7237c8a7815648,True,1.0,1.0,1.0,1.0,1.0,1.0,1.0
413,c7b030a4025a5066,True,1.0,1.0,1.0,1.0,1.0,1.0,1.0
414,2e586c7da7c55eb3,True,1.0,1.0,1.0,0.0,1.0,0.5,0.5833333333333334
415,71017c020a0b5a75,True,1.0,1.0,0.8195214596586079,1.0,1.0,1.0,0.9248006081910866
416,460c1bc090365d1b,True,1.0,1.0,1.0,1.0,1.0,0.0,1.0
417,5138bac9ac59508f,True,1.0,1.0,0.6304286919224154,1.0,1.0,1.0,0.8460119549676731
418,f40843145ae35cd8,True,1.0,1.0,0.630802920221408,1.0,1.0,1.0,0.8461678834255867
419,ac808bd1bfac5425,True,1.0,1.0,0.9543483876537004,1.0,1.0,1.0,0.9809784948557084
420,c093d999a01c5e92,True,1.0,1.0,0.8800103192348677,1.0,1.0,1.0,0.9500042996811949
421,98b148d419725caa,True,1.0,1.0,0.6018163686453099,1.0,1.0,1.0,0.8340901536022125
422,4899341a782f5409,True,1.0,1.0,1.0,1.0,1.0,1.0,1.0
423,54718dd05cad553a,True,1.0,1.0,0.7705236884782768,1.0,1.0,1.0,0.9043848701992819
424,eadc0f19b54352ae,True,1.0,1.0,0.7997828442897469,1.0,1.0,1.0,0.9165761851207278
425,2e037aeeebce56df,True,1.0,1.0,0.771161351607604,1.0,1.0,1.0,0.904650563169835
426,b76b03503cf95c02,True,1.0,1.0,1.0,1.0,1.0,1.0,1.0
427,b2e27f20100b54ba,True,1.0,1.0,0.8724719913680653,1.0,1.0,1.0,0.9468633297366938
428,aa2962e446b45e1f,True,1.0,1.0,0.9034761078318272,1.0,1.0,1.0,0.9597817115965946
429,7d1fdeb7e341522d,True,1.0,1.0,1.0,1.0,1.0,1.0,1.0
430,1537a74401845849,True,1.0,1.0,0.652796377716323,1.0,1.0,1.0,0.8553318240484679
431,1e9a42ef8f4057a6,True,1.0,1.0,0.9169485187685115,1.0,1.0,1.0,0.9653952161535465
432,eb5ef679c80959fe,True,1.0,1.0,1.0,1.0,1.0,1.0,1.0
433,16f3b92e5d56573a,True,1.0,1.0,1.0,0.0,1.0,1.0,0.5833333333333334
434,f71f0d4ca6db5d40,True,1.0,1.0,0.7351423899579103,1.0,1.0,1.0,0.8896426624824626
435,4b6430ca30c45a3c,True,1.0,1.0,0.5957438359417597,1.0,1.0,1.0,0.8315599316423999
436,fbc9981c30745684,True,1.0,1.0,0.9698496577560163,0.0,1.0,1.0,0.5707706907316735
437,a58d5374dae0552a,True,1.0,1.0,0.7626072909355873,1.0,1.0,1.0,0.9010863712231614
438,7b281124be57507a,True,1.0,0.0,0.0,1.0,1.0,1.0,0.0
439,c12b3554dcd655c0,True,1.0,1.0,0.8973723014970267,1.0,1.0,1.0,0.9572384589570945
440,d0de8d6a350d55d9,True,1.0,1.0,1.0,1.0,1.0,1.0,1.0
441,9d9aced6d8da5f28,True,1.0,1.0,1.0,0.0,1.0,1.0,0.5833333333333334
442,1666152446cc5da7,True,1.0,1.0,0.7943670684467014,1.0,1.0,1.0,0.9143196118527923
443,cc54b0f77c84506d,True,1.0,1.0,0.8689440801630982,1.0,1.0,1.0,0.9453933667346242
444,9248ce20618c5513,True,1.0,1.0,0.8331388834822815,1.0,1.0,1.0,0.9304745347842839
445,ab6e020759565f9f,True,1.0,1.0,0.768199641660142,1.0,1.0,1.0,0.9034165173583926
446,a7a7c9782f3951a1,True,1.0,1.0,1.0,1.0,1.0,1.0,1.0
447,8a43e10749585b21,True,1.0,1.0,0.6286520921974079,1.0,1.0,1.0,0.8452717050822534
448,f0d6814d23245178,True,1.0,1.0,1.0,1.0,1.0,1.0,1.0
449,ed8384b107d95d89,True,1.0,1.0,0.7542725899617743,1.0,1.0,1.0,0.8976135791507392
450,69d75ac905035187,True,1.0,1.0,0.8252548954351174,1.0,1.0,1.0,0.9271895397646324
451,71246cbb6de459d6,True,1.0,1.0,0.8614113663159221,1.0,1.0,1.0,0.9422547359649677
452,7eab8efaacef55bb,True,1.0,1.0,1.0,1.0,1.0,1.0,1.0
453,862e27b57f9d50ac,True,1.0,1.0,0.946546030340617,1.0,1.0,1.0,0.9777275126419237
454,feb90d2112ec57cf,True,1.0,1.0,0.6564455613835489,1.0,1.0,1.0,0.8568523172431455
455,a0b9c3ee286454cb,True,1.0,1.0,1.0,1.0,1.0,1.0,1.0
456,1fc3acd944ba540e,True,1.0,1.0,0.8779983049176329,1.0,1.0,0.0,0.9491659603823471
457,61d7fbf592275c75,True,1.0,1.0,0.7056431678111484,1.0,1.0,1.0,0.8773513199213118
458,6debfcfccc75589c,True,1.0,1.0,0.7794163303495322,1.0,1.0,1.0,0.9080901376456384
459,980db9371e6b52de,True,1.0,1.0,0.9803355588659656,1.0,1.0,1.0,0.991806482860819
460,5e74b6a61b715f47,True,0.0,1.0,0.0,0.0,1.0,0.5,0.0
461,0ed2cf016ddc5f90,True,1.0,1.0,0.7749290272676332,1.0,1.0,1.0,0.9062204280281806
462,af58d13139de5d3f,True,1.0,1.0,0.8431395190446958,1.0,1.0,1.0,0.9346414662686232
463,b2abc819ebf45c11,True,1.0,1.0,0.7718907858020989,1.0,1.0,1.0,0.9049544940842079
464,c418551cd6285092,True,1.0,1.0,0.7478434670834389,1.0,1.0,1.0,0.8949347779514328
465,9d55692d15dc5155,True,1.0,1.0,1.0,1.0,1.0,1.0,1.0
466,98a1233e3db75a8a,True,1.0,1.0,0.7841919486129222,1.0,1.0,1.0,0.9100799785887176
467,0093ff0188ea5b90,True,1.0,1.0,1.0,1.0,1.0,1.0,1.0
468,647a42b4e5075f16,True,1.0,1.0,0.31487970916313346,1.0,1.0,1.0,0.7145332121513056
469,3cfcca572cdc5b75,True,1.0,0.0,0.0,1.0,1.0,1.0,0.0
470,a20beaedf66b59f3,True,1.0,1.0,0.755150982053682,1.0,1.0,1.0,0.8979795758557009
471,0774f845fe6b5de3,True,1.0,1.0,1.0,1.0,1.0,1.0,1.0
472,3f2cec87b5ad5d96,True,1.0,0.0,0.0,0.0,1.0,1.0,0.0
473,52d9d533ca4e5980,True,1.0,1.0,0.6565166101006947,1.0,1.0,1.0,0.8568819208752895
474,1d037ee2ffda5d69,True,1.0,1.0,1.0,1.0,1.0,1.0,1.0
475,5f4945f6b9b45024,True,1.0,1.0,1.0,1.0,1.0,1.0,1.0
476,19f93eaa916d5528,True,1.0,1.0,0.7985970125765549,1.0,1.0,1.0,0.9160820885735644
477,276396e455bb57b5,True,1.0,1.0,0.6298110975674269,1.0,1.0,1.0,0.8457546239864279
478,55bd10ac74585a12,True,1.0,1.0,1.0,0.0,1.0,1.0,0.5833333333333334
479,14c000d2a271534a,True,1.0,1.0,1.0,0.0,1.0,1.0,0.5833333333333334
480,77f0818999145e8f,True,1.0,0.0,0.0,0.0,1.0,1.0,0.0
481,bf478a1422445c12,True,1.0,1.0,0.756973387196374,1.0,1.0,1.0,0.8987389113318226
482,95fa228136aa55d1,True,1.0,1.0,0.8259913829557638,1.0,1.0,1.0,0.9274964095649016
483,fe9e76e6cac35fba,True,1.0,1.0,1.0,1.0,1.0,1.0,1.0
484,07a369a8e34d541e,True,1.0,1.0,1.0,1.0,1.0,1.0,1.0
485,c810620e645e53b8,True,1.0,1.0,1.0,1.0,1.0,1.0,1.0
486,aab09057df0a515d,True,1.0,1.0,0.8160916143250169,1.0,1.0,1.0,0.9233715059687571
487,85ab290d4e535060,True,1.0,1.0,1.0,1.0,1.0,1.0,1.0
488,5757a661eb0f54d2,True,1.0,1.0,1.0,1.0,1.0,1.0,1.0
489,00b838c358175255,True,1.0,1.0,0.8462759241533995,1.0,1.0,1.0,0.9359483017305831
490,39752b75d70d5458,True,1.0,1.0,1.0,1.0,1.0,1.0,1.0
491,7022b42a3743507a,True,1.0,1.0,1.0,1.0,1.0,1.0,1.0
492,be027cd33b835419,True,1.0,1.0,0.7926837597596232,1.0,1.0,1.0,0.9136182332331764
493,cb1d400e9da85f43,True,1.0,1.0,1.0,1.0,1.0,1.0,1.0
494,69ddc43178e9572a,True,1.0,1.0,1.0,1.0,1.0,1.0,1.0
495,05965158ab845b47,True,1.0,1.0,0.5621255034931167,1.0,1.0,1.0,0.817552293122132
496,54a9fe6636755234,True,1.0,1.0,1.0,1.0,1.0,1.0,1.0
497,70ee383e3b335c16,True,1.0,1.0,0.6832895930521409,1.0,1.0,1.0,0.868037330438392
498,bd5e1c226cca5d3e,True,1.0,1.0,0.8482102343605966,1.0,1.0,1.0,0.9367542643169152
499,92a263b537fd5b72,True,1.0,1.0,0.8592507703577038,1.0,1.0,1.0,0.9413544876490433
500,47359dd210e254ea,True,1.0,1.0,1.0,1.0,1.0,1.0,1.0
501,9a5799ace9455841,True,1.0,1.0,1.0,1.0,1.0,1.0,1.0
502,95bd905e3f685a28,True,1.0,1.0,0.7790114574593788,1.0,1.0,1.0,0.9079214406080744
503,f638ae3f35d25d55,True,1.0,1.0,0.648079866034104,1.0,1.0,1.0,0.8533666108475434
504,f15b772180455c2f,True,1.0,1.0,0.7098887355892153,1.0,1.0,1.0,0.8791203064955063
505,6de8e1962fc4559a,True,1.0,1.0,0.8626882538467695,1.0,1.0,1.0,0.942786772436154
506,bcb48691833d5afe,True,1.0,1.0,0.9720271009686079,0.0,1.0,1.0,0.57167795873692
507,f3512ae175b45844,True,1.0,1.0,1.0,1.0,1.0,1.0,1.0
508,9d0ff46ac79e5e0b,True,1.0,1.0,0.7886682523785633,1.0,1.0,1.0,0.9119451051577347
509,6b7e5348100b5572,True,1.0,1.0,1.0,1.0,1.0,1.0,1.0
510,51e74fb3d9945768,True,1.0,1.0,0.7977712041630931,1.0,1.0,1.0,0.915738001734622
511,02d9591fc6de53c8,True,1.0,1.0,0.8599849634323256,1.0,1.0,1.0,0.9416604014301356
512,ff76d319bd9558f9,True,1.0,1.0,1.0,1.0,1.0,1.0,1.0
513,36e1ce5794595e73,True,1.0,1.0,1.0,1.0,1.0,1.0,1.0
514,373707159e77583c,True,1.0,1.0,0.9004618272734053,1.0,1.0,1.0,0.9585257613639189
515,a6706582212458bb,True,1.0,1.0,0.8616931055803996,1.0,1.0,1.0,0.9423721273251665
516,c5ee24aa8f5059d6,True,1.0,1.0,1.0,1.0,1.0,1.0,1.0
517,45845be1b56d59c7,True,1.0,1.0,1.0,1.0,1.0,1.0,1.0
518,2d4d907377f35695,True,1.0,1.0,0.7806820360430649,1.0,1.0,1.0,0.9086175150179437
519,d88f286835b95ff3,True,1.0,1.0,1.0,1.0,1.0,1.0,1.0
520,f587b097f5f65db6,True,1.0,1.0,1.0,1.0,1.0,1.0,1.0
521,72a43a590e3758f8,True,1.0,1.0,0.6615255113688681,1.0,1.0,1.0,0.8589689630703617
522,6074e965781b510e,True,1.0,1.0,1.0,1.0,1.0,1.0,1.0
523,3b6fb25a1e725f29,True,1.0,1.0,1.0,1.0,1.0,1.0,1.0
524,415b05ca44da5fbb,True,1.0,1.0,1.0,1.0,1.0,1.0,1.0
525,13b9787d163b5072,True,1.0,1.0,0.49693417216276714,1.0,1.0,1.0,0.7903892384011529
526,9aadb4c8a77d5849,True,1.0,1.0,0.8993409503775636,1.0,1.0,1.0,0.958058729323985
527,8cba6cacb16d5acc,True,1.0,1.0,1.0,1.0,1.0,1.0,1.0
528,f750e0c7f8375bae,True,1.0,1.0,0.9766978329877237,1.0,1.0,1.0,0.9902907637448849
529,f7a9f82f17b256e2,True,1.0,1.0,0.9094046919346974,1.0,1.0,1.0,0.9622519549727905
530,09cd7b3746d65a79,True,1.0,1.0,0.9955854414545111,1.0,1.0,1.0,0.9981606006060463
531,19e90f2757b25f38,True,1.0,1.0,0.6461641990067397,1.0,1.0,1.0,0.8525684162528083
532,570a5855539b5c7e,True,1.0,1.0,0.8502660020172798,1.0,1.0,1.0,0.9376108341738666
533,3af1019a97d959fa,True,1.0,1.0,1.0,1.0,1.0,1.0,1.0
534,a97ceb2edd0251f9,True,1.0,1.0,0.9510745529661447,1.0,1.0,1.0,0.979614397069227
535,f740386a50c45238,True,1.0,1.0,0.8550520371712926,1.0,1.0,1.0,0.9396050154880387
536,782f0fff66145718,True,1.0,1.0,0.9827933912839573,1.0,1.0,1.0,0.9928305797016489
537,9ce9ec5a49b1568d,True,1.0,1.0,0.8264765397069206,1.0,1.0,1.0,0.9276985582112168
538,ecc5d9051f445174,True,1.0,1.0,1.0,1.0,1.0,1.0,1.0
539,e35a803202875fa0,True,1.0,1.0,0.8452053758415958,1.0,1.0,1.0,0.9355022399339982
540,0de3f9728fc651a6,True,1.0,1.0,0.7639389439361581,1.0,1.0,1.0,0.9016412266400659
541,3984225e4458525b,True,1.0,1.0,0.7873790257429465,1.0,1.0,1.0,0.9114079273928944
542,6c81fef5b490580a,True,1.0,1.0,0.8478523582851663,1.0,1.0,0.0,0.936605149285486
543,2631b349e0ce5b83,True,1.0,1.0,0.9773609781502623,1.0,1.0,1.0,0.9905670742292759
544,5d5d1442b83d5c5c,True,1.0,1.0,0.6966966785665281,1.0,1.0,1.0,0.8736236160693868
545,6c00b2782d3b5f6e,True,1.0,1.0,0.7898292532676713,1.0,1.0,1.0,0.9124288555281964
546,b0bd81048c07524f,True,1.0,1.0,0.23095603974389442,1.0,1.0,1.0,0.6795650165599559
547,4417a92b5b1956b8,True,1.0,1.0,0.8475944988323553,1.0,1.0,1.0,0.9364977078468147
548,3b4f49412be55b80,True,1.0,1.0,0.8321768716323542,1.0,1.0,1.0,0.9300736965134808
549,d7f6204c325d53fe,True,1.0,1.0,1.0,0.0,1.0,1.0,0.5833333333333334
550,3d86e3fc3499578f,True,1.0,0.0,0.0,1.0,0.0,0.0,0.0
551,bed4ec62805f5790,True,1.0,1.0,1.0,1.0,1.0,1.0,1.0
552,71405d414236553c,True,1.0,1.0,0.7804360578855256,1.0,1.0,1.0,0.908515024118969
553,f1042fb26da2534a,True,1.0,1.0,0.8525550710327539,1.0,1.0,1.0,0.938564612930314
554,330166def5a35f4d,True,1.0,1.0,1.0,1.0,1.0,1.0,1.0
555,66908680155c550a,True,1.0,1.0,0.8964320318659014,1.0,1.0,1.0,0.9568466799441255
556,bde15534dcdc5933,True,1.0,1.0,1.0,1.0,1.0,1.0,1.0
557,3d34ef81b357566e,True,1.0,1.0,1.0,1.0,1.0,1.0,1.0
558,fc4bdb76d30553b0,True,1.0,1.0,0.8518341061755822,1.0,1.0,1.0,0.9382642109064925
559,a42cc34c8a985b67,True,1.0,1.0,0.7671014898966413,1.0,1.0,0.0,0.9029589541236005
560,e849e6a954285f60,True,1.0,1.0,0.9059755412599149,1.0,1.0,1.0,0.9608231421916312
561,e92c94f8bdcc54c6,True,1.0,1.0,0.8490165308923848,1.0,1.0,1.0,0.9370902212051604
562,654f6079561e5cdb,True,1.0,1.0,0.9888770757664664,1.0,1.0,1.0,0.9953654482360278
563,69acf2f6a20454a0,True,1.0,1.0,0.6630857683652179,1.0,1.0,1.0,0.8596190701521742
564,956e3aa8415b5712,True,1.0,1.0,0.646495141121754,1.0,1.0,1.0,0.8527063088007308
565,7e238e859ebb5720,True,0.0,1.0,0.0,0.0,1.0,0.0,0.0
566,65cf19209dc55631,True,1.0,1.0,0.06982380757365039,1.0,1.0,1.0,0.6124265864890209
567,b30e51044c885122,True,1.0,1.0,1.0,1.0,1.0,1.0,1.0
568,4afad5f528f45dfe,True,1.0,0.0,0.0,1.0,1.0,1.0,0.0
569,371d154a89425165,True,1.0,1.0,1.0,1.0,1.0,1.0,1.0
570,ddf3383ec8965d9b,True,1.0,1.0,0.806439739042648,1.0,1.0,1.0,0.9193498912677699
571,5c9063357a725208,True,1.0,1.0,1.0,1.0,1.0,1.0,1.0
572,7f2edc964c6d5323,True,1.0,1.0,0.5823796248164872,1.0,1.0,1.0,0.825991510340203
573,4bc95052d6d8547e,True,1.0,1.0,0.8184545415037098,1.0,1.0,1.0,0.9243560589598792
574,f2dd261c41755967,True,1.0,1.0,0.7965444242946059,1.0,1.0,1.0,0.9152268434560858
575,4332fab190e05b95,True,1.0,1.0,1.0,1.0,1.0,1.0,1.0
576,70f3a3d098bf5381,True,1.0,1.0,1.0,1.0,1.0,1.0,1.0
577,13fe271547945a97,True,1.0,1.0,1.0,1.0,1.0,1.0,1.0
578,3d8f52b9bae25a90,True,1.0,1.0,0.6017932411786793,1.0,1.0,1.0,0.8340805171577831
579,4606b66d9fe75354,True,1.0,1.0,1.0,1.0,1.0,1.0,1.0
580,5a8a6c9d92935076,True,1.0,0.0,0.0,1.0,1.0,1.0,0.0
581,85c0017516e95fdc,True,1.0,1.0,0.9519904834693103,1.0,1.0,1.0,0.9799960347788792
582,fca1702dec8a50c6,True,1.0,1.0,1.0,1.0,1.0,1.0,1.0
583,693ca321449e5a83,True,1.0,1.0,0.6978576135519243,1.0,1.0,1.0,0.8741073389799685
584,f2e0d7e15fa253f0,True,1.0,1.0,0.7827592251693458,1.0,1.0,1.0,0.9094830104872275
585,13848a5be84f5a4a,True,1.0,1.0,0.8426306841594254,1.0,1.0,1.0,0.9344294517330939
586,c8b422346e1f5252,True,1.0,1.0,1.0,1.0,1.0,1.0,1.0
587,d24604c7af87524f,True,1.0,1.0,0.7949194350216591,1.0,1.0,1.0,0.9145497645923579
588,e6ff5e16c5f25533,True,1.0,1.0,0.8935406768364116,0.0,1.0,1.0,0.5389752820151715
589,b814c5b773165d87,True,1.0,1.0,0.8695115044448741,1.0,1.0,1.0,0.9456297935186976
590,0334cae9f1ef56ae,True,1.0,1.0,0.6413852782413558,1.0,1.0,1.0,0.8505771992672315
591,7444ae8aea51554e,True,1.0,0.0,0.0,0.0,1.0,0.5,0.0
592,4dd817ed8b515ab1,True,1.0,1.0,0.9599788092860545,1.0,1.0,1.0,0.9833245038691892
593,75f9d978b4d757a2,True,1.0,1.0,0.7834863984247744,1.0,1.0,1.0,0.909785999343656
594,f1d33f8016b153ef,True,1.0,1.0,1.0,1.0,1.0,1.0,1.0
595,e706a9c88e625828,True,1.0,1.0,0.8417137296871865,1.0,1.0,1.0,0.934047387369661
596,615329a491785c3a,True,1.0,1.0,1.0,1.0,1.0,1.0,1.0
597,534e6a7d7e8c528b,True,1.0,1.0,1.0,1.0,1.0,1.0,1.0
598,8777c80c80ad53e8,True,1.0,1.0,1.0,1.0,1.0,1.0,1.0
599,5004df3161065742,True,1.0,1.0,0.6836167840510059,1.0,1.0,1.0,0.8681736600212524
600,5992423b009757f2,True,1.0,0.0,0.0,1.0,1.0,0.5,0.0
601,5af27ca0b8135d9d,True,1.0,1.0,0.8851110751986443,1.0,1.0,1.0,0.9521296146661018
602,c3bb1d6556d95d40,True,1.0,1.0,0.9240513509971298,1.0,1.0,1.0,0.9683547295821374
603,9b58f5bd4e995a93,True,1.0,1.0,1.0,1.0,1.0,1.0,1.0
604,e1950bc54da65383,True,1.0,1.0,1.0,1.0,1.0,1.0,1.0
605,7c62648ff8a25812,True,1.0,1.0,0.8654274106147584,1.0,1.0,1.0,0.9439280877561492
606,f1ef98a6ff94525c,True,1.0,1.0,0.9914129623368884,1.0,1.0,1.0,0.9964220676403701
607,73c6bf15d3cc58e4,True,1.0,0.0,0.0,1.0,1.0,1.0,0.0
608,cc063cc1396551a6,True,1.0,1.0,0.8425157936048262,1.0,1.0,1.0,0.9343815806686776
609,0e198cad33c65494,True,1.0,1.0,0.7615515376314119,1.0,1.0,1.0,0.9006464740130884
610,b1e1c1a12339588a,True,1.0,1.0,1.0,1.0,1.0,1.0,1.0
611,f727c5fa1e735d2d,True,1.0,1.0,0.9840517353053386,1.0,1.0,1.0,0.9933548897105577
612,6c08755130155f96,True,1.0,1.0,1.0,1.0,1.0,1.0,1.0
613,1cffb22700735548,True,1.0,1.0,1.0,1.0,1.0,1.0,1.0
614,73872fdc28995ad6,True,1.0,1.0,0.6661477974423893,1.0,1.0,1.0,0.8608949156009955
615,81a473b817565cb9,True,1.0,1.0,0.7170113638721872,1.0,1.0,1.0,0.882088068280078
616,8a4a0c6823cd5e33,True,1.0,1.0,0.9901490840598923,1.0,1.0,1.0,0.9958954516916219
617,6d72d039fb9a551b,True,1.0,1.0,0.6340776980819267,1.0,1.0,1.0,0.8475323742008029
618,2dad1998a320527d,True,1.0,1.0,0.8410331692289429,1.0,1.0,1.0,0.9337638205120595
619,08ebfd6fbc145517,True,1.0,1.0,0.8842092080798603,1.0,1.0,1.0,0.9517538366999417
620,9170b75b8a3f527f,True,1.0,1.0,0.7899958895885213,1.0,1.0,1.0,0.9124982873285505
621,d10c269610375646,True,1.0,1.0,1.0,1.0,1.0,1.0,1.0
622,090d6a17e77d59b5,True,1.0,1.0,0.9662049046115384,1.0,1.0,1.0,0.9859187102548077
623,4eb5bcde81245591,True,1.0,0.0,0.0,1.0,1.0,1.0,0.0
624,037b976caae85af5,True,1.0,1.0,0.5650967001443941,1.0,1.0,1.0,0.8187902917268309
625,56a45baf2fb55951,True,1.0,1.0,1.0,1.0,1.0,1.0,1.0
626,784c48e2a44c5036,True,1.0,1.0,0.8829356566966231,1.0,1.0,0.5,0.9512231902902597
627,d0dcc4b5cf6a53ab,True,1.0,1.0,1.0,1.0,1.0,1.0,1.0
628,ab51ce190cca5673,True,1.0,1.0,0.7822003448263902,0.0,1.0,1.0,0.492583477010996
629,56da58294b3d53c5,True,1.0,1.0,0.8301457576898605,1.0,1.0,1.0,0.9292273990374419
630,8cbe3bf8cf9c5718,True,1.0,1.0,0.8892474041745695,1.0,1.0,1.0,0.9538530850727373
631,d37e71f395695c6f,True,1.0,0.0,0.0,1.0,1.0,1.0,0.0
632,8f60912c624e5f5f,True,1.0,1.0,1.0,0.0,1.0,0.0,0.5833333333333334
633,f5f55c1132d75fa7,True,1.0,0.0,0.0,1.0,1.0,1.0,0.0
634,094551eaba7351f5,True,1.0,0.0,0.0,1.0,1.0,1.0,0.0
635,4827434c5d3659cd,True,1.0,1.0,1.0,1.0,1.0,1.0,1.0
636,bc2fe3314b345c63,True,0.0,1.0,0.0,0.0,1.0,1.0,0.0
637,b7e61e7b15265bb9,True,1.0,1.0,1.0,1.0,1.0,1.0,1.0
638,2034e8ae11cc594e,True,1.0,0.0,0.0,1.0,1.0,1.0,0.0
639,4014296da6f75079,True,1.0,1.0,1.0,1.0,1.0,1.0,1.0
640,6e8b9e53215c58a3,True,1.0,1.0,0.7611798075991445,1.0,1.0,1.0,0.9004915864996436
641,35b84fa433f0583f,True,1.0,1.0,0.5957594338729829,1.0,1.0,1.0,0.8315664307804096
642,9b4e0723f48755fb,True,1.0,1.0,0.9362883257636743,1.0,1.0,0.0,0.9734534690681976
643,23ca661f3d7754c7,True,1.0,1.0,0.7210406269537628,1.0,1.0,1.0,0.8837669278974012
644,9326163d4c9c5d16,True,1.0,1.0,0.8780871536678697,1.0,1.0,0.0,0.9492029806949457
645,912bc19c43a15d8d,True,1.0,1.0,0.8251284765592698,1.0,1.0,1.0,0.9271368652330292
646,25226305bdff5efd,True,0.0,1.0,0.0,0.0,1.0,1.0,0.0
647,a0801105ad8b5ad3,True,1.0,1.0,0.7988907578848269,1.0,1.0,1.0,0.9162044824520112
648,0a21cbc65e5b514f,True,1.0,1.0,0.751210274809612,1.0,1.0,1.0,0.896337614504005
649,697882c22eb65ca7,True,1.0,0.0,0.0,0.0,1.0,1.0,0.0
650,fc39a399fd24554b,True,1.0,1.0,1.0,1.0,1.0,1.0,1.0
651,ad3d0b30c78355d4,True,1.0,1.0,0.8891415744052928,1.0,1.0,1.0,0.9538089893355387
652,36be99da12575896,True,1.0,0.0,0.0,1.0,1.0,1.0,0.0
653,ffe848c5ab4e5b30,True,1.0,0.0,0.0,1.0,1.0,0.0,0.0
654,3d43337c0e6b5910,True,1.0,1.0,0.7221900018909985,1.0,1.0,1.0,0.8842458341212494
655,816a869e91ae5d17,True,1.0,1.0,1.0,1.0,1.0,1.0,1.0
656,e6e40103bfcb539e,True,1.0,1.0,0.7315195210083969,1.0,1.0,1.0,0.8881331337534988
657,b3b8a7989ba5519f,True,1.0,1.0,1.0,1.0,1.0,1.0,1.0
658,f1041299a1a059f5,True,1.0,1.0,0.3749459475501296,1.0,1.0,1.0,0.7395608114792207
659,09a81436114951ab,True,1.0,1.0,0.8665913081392962,1.0,1.0,1.0,0.94441304505804
660,fe71d216396c5ab3,True,1.0,1.0,1.0,1.0,1.0,1.0,1.0
661,8bebc6662b36505f,True,1.0,1.0,0.7893000100284535,1.0,1.0,1.0,0.9122083375118556
662,76e0272a57f55674,True,1.0,1.0,0.8034415760130773,1.0,1.0,1.0,0.9181006566721156
663,7a3e0625f3c751ce,True,1.0,1.0,0.7943516183344939,1.0,1.0,1.0,0.9143131743060392
664,bf72d4d6b25f5b27,True,1.0,1.0,0.9722062110183515,1.0,1.0,1.0,0.9884192545909798
665,f29d6171f46b551d,True,1.0,1.0,0.7974390695002848,1.0,1.0,1.0,0.9155996122917852
666,6aaf052582e35b0c,True,1.0,1.0,1.0,1.0,1.0,1.0,1.0
667,e9a26f1753a85a88,True,1.0,1.0,1.0,1.0,1.0,1.0,1.0
668,5b14b00087b051e3,True,1.0,0.0,0.0,0.0,1.0,1.0,0.0
669,134cbee5a9635cd7,True,0.0,1.0,0.0,0.0,1.0,1.0,0.0
670,21f55c28bb945892,True,1.0,1.0,0.6610120081865941,1.0,1.0,1.0,0.8587550034110808
671,45c4158a235e514a,True,1.0,1.0,1.0,1.0,1.0,1.0,1.0
672,41c7edfd989451cf,True,0.0,1.0,0.0,0.0,1.0,1.0,0.0
673,342982275eb15441,True,1.0,1.0,0.8024630811885222,1.0,1.0,1.0,0.9176929504952177
674,288ea364ec115f46,True,1.0,1.0,1.0,1.0,1.0,1.0,1.0
675,f211c8127aff5246,True,1.0,1.0,0.9819630884405118,1.0,1.0,1.0,0.9924846201835466
676,e5b0b2c83a395163,True,0.0,0.0,0.0,0.0,1.0,1.0,0.0
677,9aea5cdc656458a0,True,1.0,1.0,1.0,1.0,1.0,1.0,1.0
678,8d7c5f26b9775cce,True,1.0,1.0,0.46402625430297145,1.0,1.0,1.0,0.7766776059595714
679,5444d6dfc06559c3,True,1.0,0.0,0.0,1.0,1.0,1.0,0.0
680,5ee1455d53695e5b,True,1.0,1.0,0.8669851079436065,1.0,1.0,1.0,0.944577128309836
681,1ea920764abe5dcb,True,1.0,1.0,0.8508625491113313,1.0,1.0,1.0,0.9378593954630547
682,cb50b764d69557b9,True,1.0,1.0,0.9437394495024335,1.0,1.0,1.0,0.9765581039593473
683,6387e5c4dd2f5e2a,True,1.0,1.0,0.7656418810633097,1.0,1.0,1.0,0.9023507837763791
684,c46b2546f3565375,True,1.0,1.0,0.5926620982370933,1.0,1.0,1.0,0.8302758742654556
685,a4ba9521736a59f9,True,1.0,1.0,0.9292390421068399,1.0,1.0,1.0,0.9705162675445166
686,650ed02359615f58,True,1.0,1.0,0.7147278636671187,1.0,1.0,1.0,0.8811366098612995
687,056c6ca971b355b4,True,1.0,1.0,0.8371502417536445,1.0,1.0,1.0,0.9321459340640185
688,9fe281ced54b55b2,True,1.0,1.0,0.9351169142504432,1.0,1.0,1.0,0.9729653809376847
689,9b88dfaff2615c83,True,1.0,1.0,0.7838807867134217,1.0,1.0,1.0,0.9099503277972589
690,6a66294fe97f54db,True,1.0,0.0,0.0,0.0,1.0,1.0,0.0
691,038e954a77a95537,True,1.0,1.0,0.9128541331645553,1.0,1.0,1.0,0.9636892221518981
692,77e9812a54d05caf,True,1.0,1.0,1.0,1.0,1.0,0.0,1.0
693,208247acd8ca5e2c,True,1.0,1.0,0.20809334470412763,1.0,1.0,1.0,0.6700388936267198
694,96a252e16d1553e1,True,1.0,1.0,0.9754575351775041,1.0,1.0,1.0,0.9897739729906267
695,1ec907a74cbb54cd,True,1.0,1.0,0.2627933422927888,1.0,1.0,1.0,0.692830559288662
696,6dd2d5f52cc55546,True,1.0,1.0,0.9573148392326378,1.0,1.0,1.0,0.9822145163469324
697,949a5f17807b5aac,True,1.0,1.0,0.7506965010065764,1.0,1.0,1.0,0.8961235420860735
698,6d66b095f93750f7,True,0.0,0.0,0.0,0.0,1.0,0.0,0.0
699,30d90432ffb357cf,True,1.0,1.0,0.9568302761673038,0.0,1.0,1.0,0.5653459484030433
700,e2e2578cd6b6505f,True,1.0,1.0,0.5288461402181989,1.0,1.0,1.0,0.8036858917575828
701,66dd7339f01b58c2,True,1.0,1.0,0.7699879810644666,1.0,1.0,1.0,0.9041616587768612
702,ffd429cac51751d9,True,1.0,1.0,1.0,0.0,1.0,1.0,0.5833333333333334
703,a924bf802fe25fa6,True,1.0,1.0,0.9399400894393921,1.0,1.0,1.0,0.9749750372664133
704,31811172f43c5188,True,1.0,1.0,1.0,1.0,1.0,1.0,1.0
705,68d4846662cd53c3,True,1.0,1.0,0.7309340758229356,1.0,1.0,1.0,0.8878891982595564
706,8dac96b2393f5de9,True,1.0,1.0,0.9132182077423538,1.0,1.0,1.0,0.9638409198926473
707,5f4ad64db9ac5419,True,1.0,1.0,1.0,1.0,1.0,1.0,1.0
708,0d09772186295ff0,True,1.0,1.0,0.9509760847682308,1.0,1.0,1.0,0.9795733686534295
709,35aa38c73e9251a7,True,1.0,1.0,0.9058017297367016,1.0,1.0,1.0,0.9607507207236257
710,8b06db3e6e4355d3,True,0.0,1.0,0.0,0.0,1.0,0.5,0.0
711,f3872682944e5d13,True,1.0,1.0,0.8673339148911514,1.0,1.0,1.0,0.9447224645379798
712,bf4fdfa51e215217,True,1.0,1.0,0.8589372417805734,1.0,1.0,1.0,0.9412238507419056
713,2f23d31a3ddf5de9,True,1.0,1.0,1.0,1.0,1.0,1.0,1.0
714,1b5606e475d554f7,True,1.0,1.0,0.9179928732752148,1.0,1.0,1.0,0.9658303638646729
715,026e7b1e0e335625,True,1.0,1.0,1.0,1.0,1.0,1.0,1.0
716,d3d7a91aff375fc5,True,1.0,1.0,0.7629438020773721,1.0,1.0,1.0,0.901226584198905
717,33ecaddeb5735faf,True,1.0,1.0,0.8100181983938854,1.0,1.0,1.0,0.9208409159974522
718,f7a474593242588b,True,1.0,1.0,0.9720790913407814,1.0,1.0,1.0,0.9883662880586589
719,39f91a002193578a,True,1.0,1.0,1.0,1.0,1.0,1.0,1.0
720,9389ef5de0935e29,True,1.0,1.0,0.6015868554622614,1.0,1.0,1.0,0.8339945231092756
721,1a1f73871bea5afa,True,1.0,1.0,0.7367194756858566,1.0,1.0,1.0,0.8902997815357736
722,2908ea54e9955267,True,1.0,1.0,0.7417592406413313,1.0,1.0,1.0,0.8923996836005547
723,a48870c447ef5fe5,True,1.0,1.0,0.6865778442032984,1.0,1.0,1.0,0.8694074350847076
724,29a576f5351a5162,True,1.0,0.0,0.0,1.0,1.0,1.0,0.0
725,824cd4fff1e25cb4,True,1.0,1.0,0.773357314541628,1.0,1.0,1.0,0.9055655477256783
726,184ad79fb6555bf0,True,1.0,1.0,0.8641622715902259,1.0,1.0,1.0,0.9434009464959274
727,0695553567185c3c,True,1.0,1.0,1.0,1.0,1.0,1.0,1.0
728,6ad6e6d54e845206,True,1.0,1.0,0.9040364850440074,1.0,1.0,1.0,0.9600152021016698
729,5dbf07df40a55d2e,True,1.0,1.0,0.4907648372382414,1.0,1.0,1.0,0.7878186821826006
730,6b977574e52a5f1b,True,1.0,1.0,1.0,1.0,1.0,1.0,1.0
731,013ec5b715635a66,True,1.0,1.0,1.0,1.0,1.0,1.0,1.0
732,384def2e3f9657f6,True,1.0,1.0,0.8244858624119487,1.0,1.0,1.0,0.926869109338312
733,de354f243fa157ec,True,1.0,1.0,0.9204210736771213,1.0,1.0,1.0,0.9668421140321338
734,81e5ddc060675e0b,True,1.0,1.0,1.0,1.0,1.0,1.0,1.0
735,b2c0a19be09f5b76,True,1.0,1.0,0.7857858164600952,1.0,1.0,1.0,0.9107440901917063
736,b58a12e346235cd0,True,1.0,1.0,0.870563326701277,1.0,1.0,1.0,0.9460680527921989
737,a15ed2f3e39c5c0d,True,1.0,1.0,1.0,1.0,1.0,1.0,1.0
738,9baf3c1d42b25070,True,1.0,1.0,1.0,1.0,1.0,1.0,1.0
739,a9af1e73c9575428,True,1.0,0.0,0.0,1.0,1.0,1.0,0.0
740,cc934224447a5c86,True,1.0,1.0,0.808940955410831,1.0,1.0,1.0,0.9203920647545129
741,159b8a11bd775e91,True,1.0,1.0,1.0,1.0,1.0,1.0,1.0
742,2eb015a011ac5fa2,True,1.0,1.0,1.0,1.0,1.0,1.0,1.0
743,99ebd32df2f453f8,True,1.0,1.0,1.0,1.0,1.0,1.0,1.0
744,8de5173c05ee56f5,True,1.0,1.0,0.908592812576706,1.0,1.0,1.0,0.9619136719069609
745,c30e5bb7e0595851,True,1.0,1.0,0.6603839912554794,1.0,1.0,1.0,0.8584933296897831
746,32e38b7677e15f69,True,1.0,1.0,0.9101865435129948,1.0,1.0,1.0,0.9625777264637478
747,8ff8246f69f75f6a,True,1.0,1.0,0.8307720835537106,1.0,1.0,1.0,0.9294883681473793
748,a589b9ccbe3e5d1c,True,1.0,1.0,0.6175192501949548,1.0,1.0,1.0,0.8406330209145644
749,1e01550fc9d656d8,True,1.0,1.0,0.8020482908510107,1.0,1.0,1.0,0.9175201211879211
750,465d879f0b205c8f,True,1.0,1.0,1.0,1.0,1.0,1.0,1.0
751,3c7319cc63ab58c9,True,1.0,1.0,0.9739526926911145,1.0,1.0,1.0,0.9891469552879645
752,5955c4ef15c75350,True,1.0,1.0,1.0,1.0,1.0,1.0,1.0
753,051d26c01f3653ba,True,1.0,1.0,0.7059323865369812,1.0,1.0,1.0,0.8774718277237422
754,18d63cca5ad554d2,True,1.0,1.0,0.8802280270467401,1.0,1.0,1.0,0.9500950112694749
755,618902d469b5516e,True,1.0,1.0,0.8239992777251735,1.0,1.0,1.0,0.9266663657188223
756,1c044069a36c5d4b,True,1.0,1.0,0.7189592132281648,1.0,1.0,1.0,0.8828996721784019
757,0db4879927b35dc0,True,1.0,1.0,0.9479943718528291,1.0,1.0,1.0,0.978330988272012
758,1a775d7198a654e0,True,1.0,1.0,0.8578017573207652,1.0,1.0,1.0,0.9407507322169856
759,62d4c8dfdef65bc5,True,1.0,1.0,0.8256032857655762,1.0,1.0,1.0,0.9273347024023234
760,65130561cbfb567a,True,1.0,1.0,0.6950907865797186,1.0,1.0,1.0,0.872954494408216
761,f9a9b5ee707e501e,True,0.0,1.0,0.0,0.0,1.0,0.5,0.0
762,13da814cde3a525b,True,1.0,1.0,0.9421677052712443,1.0,1.0,1.0,0.9759032105296851
763,99f3a7ec61305307,True,1.0,1.0,0.7308702717669113,1.0,1.0,1.0,0.8878626132362131
764,77919997d5c352d8,True,1.0,1.0,1.0,1.0,1.0,1.0,1.0
765,3d0c780c0aba552e,True,1.0,1.0,1.0,1.0,1.0,1.0,1.0
766,ccfe1da323ed53a9,True,1.0,1.0,0.7275355746109923,1.0,1.0,1.0,0.8864731560879134
767,81917c1e1a9b5cdc,True,1.0,1.0,0.9590696724904214,1.0,1.0,1.0,0.9829456968710089
768,6828c3caaaca56e1,True,1.0,1.0,0.8909378728595263,1.0,1.0,1.0,0.9545574470248027
769,34cc387cf0335f28,True,1.0,1.0,0.8744206884316503,1.0,1.0,1.0,0.947675286846521
770,71bacc65bda2569c,True,1.0,1.0,0.8423364908468184,1.0,1.0,1.0,0.9343068711861743
771,a7fb000f96b35f94,True,1.0,1.0,1.0,1.0,1.0,1.0,1.0
772,19a595ad0fe35941,True,0.0,1.0,0.0,0.0,1.0,0.5,0.0
773,02325da26296565c,True,1.0,1.0,1.0,1.0,1.0,1.0,1.0
774,774006a654915196,True,1.0,1.0,0.7613927900007688,1.0,1.0,1.0,0.900580329166987
775,f606d0e6eda7549a,True,1.0,1.0,1.0,1.0,1.0,1.0,1.0
776,c3c6442b2f525269,True,1.0,1.0,0.9524714279320308,1.0,1.0,1.0,0.9801964283050127
777,a2cbf7c347a45c6e,True,1.0,1.0,1.0,1.0,1.0,1.0,1.0
778,096d823b664e5972,True,1.0,0.0,0.0,1.0,1.0,1.0,0.0
779,cfc9186dc53b5d4a,True,1.0,1.0,1.0,0.0,1.0,1.0,0.5833333333333334
780,960b735b1eac5dab,True,1.0,1.0,0.9876330076394912,1.0,1.0,1.0,0.9948470865164548
781,09fda519bc395630,True,1.0,1.0,0.5879644770932263,1.0,1.0,1.0,0.8283185321221777
782,fbf2eaa61abb5a2f,True,1.0,1.0,0.9248239974905198,1.0,1.0,1.0,0.9686766656210498
783,d796c1764d575153,True,1.0,1.0,1.0,1.0,1.0,1.0,1.0
784,28ecaf0359ee5029,True,1.0,1.0,1.0,1.0,1.0,1.0,1.0
785,a1f35d4460345de8,True,1.0,1.0,1.0,1.0,1.0,1.0,1.0
786,ea1302023ad258ff,True,1.0,1.0,0.7746089227660254,1.0,1.0,1.0,0.9060870511525106
787,34bdecafedff5fdf,True,1.0,1.0,0.8915314711271421,1.0,1.0,1.0,0.9548047796363092
788,9d864c15bf7d5414,True,1.0,0.0,0.0,1.0,1.0,1.0,0.0
789,216d5205e9745145,True,1.0,1.0,0.744492271463806,1.0,1.0,1.0,0.8935384464432525
790,bc1a3b9fa4ca5000,True,1.0,1.0,0.9857134547969455,1.0,1.0,1.0,0.9940472728320606
791,54bf100910bc5b10,True,1.0,1.0,0.9689504786071762,1.0,1.0,1.0,0.9870626994196567
792,4f6abcc897955dfd,True,1.0,0.0,0.0,1.0,1.0,0.0,0.0
793,446dbb38653a51a8,True,1.0,1.0,0.9547888430248214,1.0,1.0,1.0,0.981162017927009
794,57730912486a5853,True,1.0,1.0,0.8564907892685953,1.0,1.0,1.0,0.9402044955285813
795,08b1894421c455ed,True,1.0,1.0,0.9811002453073292,1.0,1.0,1.0,0.9921251022113872
796,f54559dd98e75d83,True,1.0,1.0,0.7701761553204568,1.0,1.0,1.0,0.904240064716857
797,2fc619c5acbe54b8,True,1.0,1.0,0.8993326260809885,1.0,1.0,1.0,0.9580552608670786
798,eab63019e1825aea,True,1.0,1.0,1.0,1.0,1.0,1.0,1.0
799,6e163d828a555eee,True,1.0,1.0,1.0,1.0,1.0,1.0,1.0
800,a2e2a360029f508f,True,1.0,1.0,0.8597409122500199,1.0,1.0,1.0,0.9415587134375083
801,a5de46cebb7d5260,True,1.0,1.0,0.6558395730084168,1.0,1.0,1.0,0.8565998220868404
802,1682c020a94054fa,True,1.0,1.0,0.8941814369700424,1.0,1.0,1.0,0.955908932070851
803,20ec6765e35d5cd1,True,1.0,1.0,1.0,1.0,1.0,1.0,1.0
804,e7b5da2135fc5303,True,1.0,1.0,1.0,1.0,1.0,1.0,1.0
805,659d1e0ce6cd5c97,True,1.0,0.0,0.0,0.0,1.0,1.0,0.0
806,f3738f5be59d5d10,True,1.0,1.0,1.0,1.0,1.0,1.0,1.0
807,1dbaa3f0d0345e61,True,1.0,1.0,1.0,1.0,1.0,1.0,1.0
808,e045d3abc4e95f52,True,1.0,1.0,0.800529701673578,1.0,1.0,1.0,0.9168873756973243
809,f39db68736425365,True,1.0,1.0,1.0,1.0,1.0,1.0,1.0
810,2f4117000a605404,True,1.0,1.0,0.9334484569485392,1.0,1.0,1.0,0.9722701903952246
811,6d5f5983c8eb5615,True,1.0,1.0,0.8092972595907799,1.0,1.0,1.0,0.9205405248294917
812,a19a3d9b712751f6,True,1.0,1.0,0.7131336472037215,1.0,1.0,1.0,0.8804723530015507
813,7aeb6cedbf4353ef,True,1.0,1.0,0.9863912481908458,1.0,1.0,1.0,0.9943296867461857
814,f51778edd8ea5ee5,True,1.0,0.0,0.0,1.0,1.0,1.0,0.0
815,8164612a623156ae,True,1.0,1.0,1.0,1.0,1.0,1.0,1.0
816,2ff39958d9f35279,True,1.0,1.0,0.7507386928379166,1.0,1.0,1.0,0.8961411220157985
817,28123c233d33567e,True,1.0,1.0,0.8848722260570111,1.0,1.0,1.0,0.9520300941904214
818,2cde4f39412a556d,True,1.0,1.0,0.8948155190428082,1.0,1.0,1.0,0.9561731329345035
819,1c8804a52fc0553c,True,1.0,1.0,1.0,1.0,1.0,1.0,1.0
820,b2e0a5dfbb575ce1,True,1.0,1.0,0.6314231261010437,1.0,1.0,1.0,0.8464263025421016
821,8673d97f94ae5700,True,1.0,1.0,0.8552153544953258,1.0,1.0,1.0,0.9396730643730523
822,ccdb6840a0445870,True,1.0,1.0,0.7726228341617496,1.0,1.0,1.0,0.9052595142340624
823,0c330f8c6d6658ee,True,1.0,1.0,0.8713231616471852,1.0,1.0,1.0,0.9463846506863272
824,e14d9a1990535a29,True,1.0,0.0,0.0,1.0,1.0,1.0,0.0
825,dc95b5731cc359f3,True,1.0,1.0,0.883019574784345,1.0,1.0,1.0,0.9512581561601438
826,02379e524f105926,True,1.0,1.0,1.0,1.0,1.0,1.0,1.0
827,24567f5ad57455c4,True,1.0,1.0,1.0,1.0,1.0,1.0,1.0
828,7e2dc290d51f5137,True,1.0,1.0,0.7298615843082962,1.0,1.0,1.0,0.8874423267951235
829,68188bae28595f7c,True,1.0,1.0,1.0,1.0,1.0,1.0,1.0
830,110bec4c6d2153d7,True,1.0,1.0,0.911547327924256,1.0,1.0,1.0,0.9631447199684399
831,33c58e00f5805824,True,1.0,1.0,0.9567827433148257,1.0,1.0,1.0,0.9819928097145106
832,c887e4bc08f85aa5,True,1.0,1.0,1.0,1.0,1.0,1.0,1.0
833,3c303aa231e65a53,True,1.0,1.0,0.9821319449249514,1.0,1.0,1.0,0.9925549770520631
834,c86e7d3c0dfb57bd,True,1.0,0.0,0.0,1.0,1.0,1.0,0.0
835,6e778c30490d5f50,True,1.0,1.0,0.734489933778714,1.0,1.0,1.0,0.8893708057411308
836,ac55c7f072c6528d,True,1.0,1.0,0.8551973575206365,1.0,1.0,1.0,0.9396655656335985
837,aa74d194063c5d0b,True,1.0,1.0,0.6262707304103219,1.0,1.0,1.0,0.8442794710043008
838,3d6703caa0c951a8,True,1.0,1.0,0.8753488958722349,1.0,1.0,1.0,0.9480620399467646
839,9a6489254d5f5577,True,1.0,1.0,0.6327091400234126,1.0,1.0,1.0,0.8469621416764218
840,df2ed02abeba57fe,True,1.0,0.0,0.0,1.0,1.0,1.0,0.0
841,a22de94be8935752,True,1.0,1.0,0.52989309053119,1.0,1.0,1.0,0.8041221210546624
842,9483bda6b31259bd,True,1.0,1.0,0.8078566694540686,1.0,1.0,0.5,0.9199402789391953
843,c38eb1a738745b1e,True,1.0,1.0,1.0,1.0,1.0,1.0,1.0
844,9ba2570d6743526a,True,1.0,1.0,1.0,1.0,1.0,1.0,1.0
845,d395fa715d3e58c7,True,1.0,1.0,1.0,1.0,1.0,1.0,1.0
846,dd72153f54fa59e7,True,1.0,1.0,0.6859392971168378,1.0,1.0,1.0,0.8691413737986823
847,b389efc36b545908,True,1.0,1.0,0.9645057201916336,1.0,1.0,0.5,0.9852107167465141
848,808e5edcddce51c3,True,1.0,1.0,0.9020861662668241,1.0,1.0,1.0,0.9592025692778434
849,52cad7d83eb65e75,True,1.0,1.0,0.830533007834791,1.0,1.0,1.0,0.9293887532644963
850,5155241fdbbf57b3,True,1.0,1.0,1.0,1.0,1.0,1.0,1.0
851,d31d38e1a2305147,True,0.5,1.0,0.3812527807427205,0.0,1.0,1.0,0.1627609959880668
852,bd70654aee0f54a6,True,1.0,1.0,1.0,1.0,1.0,1.0,1.0
853,5cdf559f99b859a4,True,1.0,1.0,1.0,1.0,1.0,1.0,1.0
854,1d3a143cf41f5d16,True,1.0,1.0,0.6311957734951169,1.0,1.0,1.0,0.846331572289632
855,b628faa4178d5eaf,True,1.0,1.0,0.6738761203944035,1.0,1.0,1.0,0.8641150501643349
856,ae46065dc9ce55b1,True,1.0,1.0,1.0,1.0,1.0,1.0,1.0
857,00fcad6d092c5e8e,True,0.0,0.0,0.0,0.0,1.0,0.0,0.0
858,7ae0a03be0c357d2,True,1.0,1.0,0.6776674600875672,1.0,1.0,1.0,0.8656947750364864
859,58b0a1db2a145780,True,1.0,0.0,0.0,1.0,1.0,1.0,0.0
860,f6855b72b0aa57e2,True,1.0,1.0,0.8938501650534654,1.0,1.0,1.0,0.9557709021056106
861,435eadb0f1fe5b49,True,1.0,1.0,0.8574370688093087,1.0,1.0,1.0,0.9405987786705453
862,bd4dac2ccde55c08,True,1.0,1.0,0.9110121490456667,1.0,1.0,1.0,0.9629217287690278
863,6ecc4586af155c50,True,1.0,1.0,1.0,1.0,1.0,1.0,1.0
864,ad0701a39edd5c5a,True,1.0,1.0,0.9203894608880948,1.0,1.0,1.0,0.9668289420367061
865,eaf08861a02351a5,True,1.0,1.0,0.8472207336584574,1.0,1.0,1.0,0.9363419723576906
866,9d72593884a757a3,True,1.0,1.0,1.0,1.0,1.0,1.0,1.0
867,359f62a656b9586d,True,1.0,1.0,0.881304805090417,1.0,1.0,1.0,0.9505436687876738
868,ac0f18be77bd585c,True,1.0,1.0,0.725620598113581,1.0,1.0,1.0,0.8856752492139921
869,b26b54b014205d5c,True,1.0,1.0,0.8034719071106325,1.0,1.0,1.0,0.9181132946294301
870,40d51aff75a85ab9,True,1.0,1.0,0.5918246084393094,1.0,1.0,1.0,0.8299269201830456
871,25a3a5bc491d521b,True,1.0,1.0,0.7673782880555053,1.0,1.0,1.0,0.9030742866897938
872,4eaf35cea96d5dd9,True,1.0,1.0,0.7168396261711423,1.0,1.0,1.0,0.8820165109046426
873,8659bfccd4195fb6,True,1.0,1.0,0.7855253782591579,1.0,1.0,1.0,0.9106355742746491
874,c09d506d3891507c,True,1.0,1.0,0.921730136404672,1.0,1.0,1.0,0.96738755683528
875,c02bb4d7993e5bbb,True,1.0,1.0,0.909870361044182,1.0,1.0,1.0,0.9624459837684092
876,ff83944cb2845479,True,1.0,1.0,0.682928865123796,1.0,1.0,1.0,0.867887027134915
877,61d8eb4fd2395520,True,1.0,1.0,0.6918415048515976,1.0,1.0,1.0,0.871600627021499
878,5239e2cfe006568b,True,1.0,1.0,0.7402539131828413,1.0,1.0,1.0,0.8917724638261838
879,28ecbec6051d5527,True,1.0,1.0,0.9115175802258764,1.0,1.0,1.0,0.9631323250941151
880,39c08e30ff9255ef,True,1.0,1.0,1.0,1.0,1.0,1.0,1.0
881,3ba5c2d842785d59,True,1.0,1.0,0.9414464053486395,1.0,1.0,1.0,0.9756026688952665
882,1e6597b57a335949,True,1.0,1.0,1.0,1.0,1.0,1.0,1.0
883,125a155883e55be7,True,1.0,1.0,0.5390127161285193,1.0,1.0,1.0,0.8079219650535497
884,82e565141eb55f88,True,1.0,1.0,0.99254085821124,1.0,1.0,1.0,0.9968920242546834
885,571bb034360052d9,True,1.0,1.0,1.0,1.0,1.0,1.0,1.0
886,2de3f6af0a69509d,True,1.0,1.0,0.7983719971988672,1.0,1.0,1.0,0.9159883321661946
887,bf1370df23cf5118,True,0.0,1.0,0.0,0.0,1.0,1.0,0.0
888,cd284af1ade75426,True,1.0,1.0,0.7761641130864639,1.0,1.0,1.0,0.9067350471193599
889,a4ab5ff4ba7259f9,True,1.0,1.0,0.5688574929569876,1.0,1.0,1.0,0.8203572887320781
890,ea789512f1be5a47,True,1.0,1.0,1.0,1.0,1.0,1.0,1.0
891,d66a4334c9625c4a,True,1.0,1.0,0.7982955361735241,1.0,1.0,1.0,0.9159564734056351
892,b751857996975e6c,True,1.0,1.0,0.8486938309390614,1.0,1.0,1.0,0.9369557628912756
893,708d081d555a5aa7,True,1.0,1.0,0.5797647391985005,1.0,1.0,1.0,0.8249019746660419
894,5e81fdb02c275b17,True,1.0,1.0,0.5472264615596156,1.0,1.0,1.0,0.8113443589831731
895,c68108211dfa57e0,True,1.0,1.0,0.6129825581709256,1.0,1.0,1.0,0.838742732571219
896,07064359a6215354,True,1.0,1.0,0.9410067966182629,1.0,1.0,1.0,0.9754194985909429
897,6e821a856fe45177,True,1.0,1.0,1.0,1.0,1.0,1.0,1.0
898,a99280d8424c55b2,True,1.0,1.0,1.0,1.0,1.0,1.0,1.0
899,ca58b2e039305479,True,1.0,0.0,0.0,1.0,1.0,1.0,0.0
900,72c1d1069773561d,True,1.0,0.0,0.0,1.0,1.0,0.5,0.0
901,51ab6f367130574d,True,1.0,1.0,0.8058813387576303,1.0,1.0,1.0,0.919117224482346
902,dbbe5d5671495f13,True,1.0,1.0,0.7584244367782346,1.0,1.0,1.0,0.8993435153242645
903,d68601dbb9d45f6b,True,1.0,1.0,1.0,1.0,1.0,1.0,1.0
904,62d339c4086d51ba,True,1.0,1.0,0.7721372921892825,1.0,1.0,1.0,0.9050572050788678
905,a4f950bf8f9b590b,True,1.0,1.0,0.9347325302796221,1.0,1.0,1.0,0.9728052209498426
906,d12fdbd7f3265051,True,1.0,1.0,0.8570318360152984,1.0,1.0,1.0,0.940429931673041
907,c23c39c3fedd5bfa,True,1.0,1.0,0.9216996129829174,1.0,1.0,1.0,0.9673748387428822
908,80b61a3a73f55af9,True,1.0,1.0,1.0,1.0,1.0,1.0,1.0
909,34a92bb4ef51562b,True,1.0,1.0,0.9578602984353058,0.0,1.0,1.0,0.5657751243480441
910,810b73ca95975db9,True,1.0,1.0,0.9930261404914277,1.0,1.0,1.0,0.9970942252047615
911,7bcc91de36385afe,True,1.0,1.0,0.5202970574590763,1.0,1.0,0.5,0.8001237739412819
912,7d664c7260d45737,True,1.0,1.0,0.9430570456143641,1.0,1.0,1.0,0.9762737690059851
913,ceb9332b03d3577b,True,1.0,1.0,0.764459309495291,1.0,1.0,1.0,0.901858045623038
914,df534bbfbbba5b0c,True,1.0,1.0,1.0,1.0,1.0,1.0,1.0
915,1b1a37c517e45fbd,True,1.0,1.0,1.0,1.0,1.0,1.0,1.0
916,2ec48f094e475d85,True,1.0,1.0,1.0,1.0,1.0,1.0,1.0
917,4750f239602d5627,True,1.0,1.0,0.8047436505155,1.0,1.0,1.0,0.9186431877147916
918,c73914d4fedc513f,True,1.0,1.0,0.8554249741320593,1.0,1.0,1.0,0.9397604058883581
919,15cd405711fa54f8,True,1.0,1.0,0.46429899357875765,1.0,1.0,1.0,0.7767912473244823
920,e6a94b91b19f5315,True,1.0,1.0,1.0,1.0,1.0,1.0,1.0
921,006e2728d7115fa7,True,1.0,1.0,0.546481478861826,1.0,1.0,1.0,0.8110339495257608
922,64b99da814205341,True,1.0,1.0,0.842137876123173,1.0,1.0,1.0,0.9342241150513221
923,735587b14e39568c,True,1.0,1.0,0.707531999611283,1.0,1.0,1.0,0.878138333171368
924,0c5365f52bac5785,True,1.0,1.0,1.0,1.0,1.0,1.0,1.0
925,4314c162a57f568e,True,1.0,1.0,0.7852637538816061,1.0,1.0,1.0,0.9105265641173359
926,e367d7a3c3b55302,True,1.0,1.0,1.0,1.0,1.0,1.0,1.0
927,c9968e9ec0135b9d,True,0.0,1.0,0.0,0.0,1.0,1.0,0.0
928,19b1cc462216591a,True,1.0,1.0,0.931148983371029,1.0,1.0,1.0,0.9713120764045954
929,ba09d23c78b95a66,True,1.0,1.0,0.9507109732285499,1.0,1.0,1.0,0.9794629055118959
930,f39952caeb2b5014,True,1.0,1.0,1.0,1.0,1.0,1.0,1.0
931,faa12c2adc7c521f,True,1.0,0.0,0.0,1.0,1.0,0.5,0.0
932,5ab14dca42a058d9,True,1.0,1.0,0.8787822603464556,1.0,1.0,1.0,0.9494926084776898
933,1f2bbc5cb66b523a,True,1.0,1.0,0.8493072434680239,1.0,1.0,1.0,0.9372113514450099
934,92838ad73bf95b3a,True,1.0,1.0,0.4438933215666657,1.0,1.0,1.0,0.7682888839861107
935,f2d4e4b013a3579e,True,1.0,0.0,0.0,1.0,1.0,1.0,0.0
936,9334f5a33c07587a,True,1.0,1.0,0.7404298944251038,1.0,1.0,1.0,0.8918457893437933
937,7f54c08f50ef5ace,True,1.0,1.0,0.5545078108003918,1.0,1.0,1.0,0.8143782545001632
938,e3b8bfc261ac5969,True,1.0,1.0,1.0,1.0,1.0,1.0,1.0
939,5237b49651b35ffb,True,1.0,1.0,1.0,1.0,1.0,1.0,1.0
940,1d4b518f1b175184,True,1.0,1.0,1.0,1.0,1.0,1.0,1.0
941,6dfba05513f05909,True,1.0,1.0,0.6443321750454559,1.0,1.0,1.0,0.8518050729356066
942,f8f1d3aa1a30553d,True,1.0,1.0,0.7427073005042147,1.0,1.0,1.0,0.8927947085434228
943,7f0cb33eb150567e,True,1.0,1.0,1.0,1.0,1.0,1.0,1.0
944,a73f7d7149c45478,True,1.0,1.0,0.6114907999376935,1.0,1.0,1.0,0.8381211666407057
945,048eb7efa08354e3,True,1.0,1.0,0.8383171893262021,1.0,1.0,1.0,0.9326321622192509
946,7e7480ffa3aa55a4,True,1.0,1.0,0.9140115318297443,0.0,1.0,1.0,0.5475048049290602
947,35dbc03efb3c5f00,True,1.0,1.0,1.0,1.0,1.0,1.0,1.0
948,06f604b0d4835371,True,1.0,1.0,0.840460234193365,1.0,1.0,1.0,0.9335250975805688
949,e05b464c21d0597d,True,1.0,1.0,1.0,1.0,1.0,1.0,1.0
950,f879fd3edf21506a,True,1.0,1.0,0.8831592405466546,1.0,1.0,1.0,0.9513163502277727
951,c05f89f644505f4c,True,1.0,0.0,0.0,1.0,1.0,1.0,0.0
952,12d4637822bb5f19,True,1.0,0.0,0.0,1.0,1.0,1.0,0.0
953,f7544894729252f5,True,1.0,1.0,0.7864253981851761,1.0,1.0,1.0,0.9110105825771567
954,2833a305300f5394,True,1.0,1.0,1.0,1.0,1.0,1.0,1.0
955,3a3297d21e905b02,True,1.0,1.0,0.6558839683120385,1.0,1.0,1.0,0.856618320130016
956,221199c4bcef5e62,True,1.0,1.0,1.0,1.0,1.0,1.0,1.0
957,d9b577262eed5ceb,True,1.0,1.0,1.0,1.0,1.0,1.0,1.0
958,b999dd3826b058a7,True,1.0,1.0,0.61517602724689,1.0,1.0,1.0,0.8396566780195375
959,bcf76bb937d35be9,True,1.0,1.0,1.0,1.0,1.0,1.0,1.0
960,1b3ed6f1e9b8574d,True,1.0,1.0,0.5693061023355804,1.0,1.0,1.0,0.8205442093064917
961,6f0538a6ba9c5b7f,True,1.0,1.0,1.0,1.0,1.0,1.0,1.0
962,564b7ca4f210501e,True,1.0,1.0,0.7924155023039985,1.0,1.0,1.0,0.9135064592933327
963,bb6cb09beb1e5e3f,True,1.0,1.0,1.0,0.0,1.0,1.0,0.5833333333333334
964,f3c6560a01e55c94,True,1.0,1.0,1.0,1.0,1.0,1.0,1.0
965,cd0fd62195e552da,True,1.0,1.0,0.7654640094063695,1.0,1.0,1.0,0.9022766705859873
966,190c8d0cece45af1,True,1.0,1.0,1.0,1.0,1.0,1.0,1.0
967,f7f7750b2dc2548e,True,1.0,1.0,0.713239876629238,1.0,1.0,1.0,0.8805166152621826
968,9104884bcb915c08,True,1.0,1.0,0.9093893668511007,1.0,1.0,1.0,0.962245569521292
969,0f422a003dab525e,True,1.0,1.0,0.8042894849664628,1.0,1.0,1.0,0.9184539520693594
970,05d0a1a763fc5334,True,1.0,1.0,1.0,1.0,1.0,1.0,1.0
971,deb8de65573253b7,True,1.0,1.0,1.0,1.0,1.0,1.0,1.0
972,b42d7dc2a3975573,True,1.0,0.0,0.0,1.0,1.0,1.0,0.0
973,35fa5481e4de5703,True,1.0,1.0,0.8094161661695342,1.0,1.0,1.0,0.9205900692373059
974,053895d2bfc754f3,True,1.0,1.0,0.8398014397175523,1.0,1.0,1.0,0.9332505998823134
975,505e82147a375933,True,0.0,1.0,0.0,0.0,1.0,1.0,0.0
976,2189449ddbf65bff,True,1.0,1.0,0.8649237039808617,1.0,1.0,1.0,0.9437182099920257
977,39bbb12794ca56a3,True,1.0,1.0,0.6510116985430329,1.0,1.0,1.0,0.8545882077262638
978,cd177406e5b056d6,True,1.0,1.0,0.8280737862150468,1.0,1.0,1.0,0.9283640775896028
979,948e3c9e26805b86,True,1.0,1.0,1.0,1.0,1.0,1.0,1.0
980,1f90968aaeb55128,True,1.0,1.0,1.0,0.0,1.0,1.0,0.5833333333333334
981,602c93fe201356c2,True,1.0,1.0,1.0,1.0,1.0,1.0,1.0
982,df044fb9c65c5d52,True,1.0,1.0,1.0,1.0,1.0,1.0,1.0
983,0e27333e64a45dfb,True,1.0,1.0,0.874114598058091,1.0,1.0,1.0,0.9475477491908713
984,f24100a519ef5940,True,1.0,1.0,0.8174341725168557,1.0,1.0,1.0,0.9239309052153565
985,62515ff6d52a5e89,True,1.0,1.0,0.805364390366129,1.0,1.0,1.0,0.9189018293192204
986,35e9a9cf7fb85962,True,1.0,1.0,0.7086615639631119,1.0,1.0,1.0,0.87860898498463
987,6da3bcc544be52d3,True,1.0,1.0,0.6232815994124616,1.0,1.0,1.0,0.8430339997551922
988,345fc96fdf4c572b,True,1.0,1.0,0.8708101051732972,1.0,1.0,1.0,0.9461708771555405
989,773ae953dba953b4,True,1.0,1.0,0.863139409472848,1.0,1.0,1.0,0.9429747539470199
990,01e3dbb4fbcd5781,True,1.0,1.0,1.0,1.0,1.0,1.0,1.0
991,a452d968db965d77,True,1.0,1.0,0.8890631608545831,1.0,1.0,1.0,0.953776317022743
992,3dc04b54c3515f56,True,1.0,1.0,0.8523716680978073,1.0,1.0,1.0,0.938488195040753
993,3c3991ec8d7a5507,True,1.0,1.0,0.7390814129745074,1.0,1.0,1.0,0.8912839220727115
994,622867ce25805447,True,1.0,1.0,1.0,1.0,1.0,0.5,1.0
995,b677a8a95c395ad2,True,1.0,1.0,0.8429192517272008,1.0,1.0,1.0,0.934549688219667
996,32a409f974555830,True,1.0,1.0,1.0,1.0,1.0,1.0,1.0
997,aafbe79abf625492,True,1.0,1.0,0.7242217534506138,1.0,1.0,1.0,0.8850923972710891
998,9016f4b84afb5913,True,1.0,1.0,1.0,1.0,1.0,1.0,1.0
999,f11cf1d1b58454d8,True,1.0,1.0,0.848796148085524,1.0,1.0,1.0,0.936998395035635
1000,47c92818d9005eea,True,1.0,1.0,1.0,1.0,1.0,1.0,1.0
1001,85b2b3fc929a5800,True,1.0,0.0,0.0,1.0,1.0,1.0,0.0
1002,257d737fc3865fd1,True,1.0,1.0,0.536902364690432,1.0,1.0,1.0,0.8070426519543467
1003,96bc4f4e46f752f4,True,1.0,1.0,1.0,1.0,1.0,1.0,1.0
1004,74deabca4e1259f5,True,1.0,1.0,1.0,1.0,1.0,1.0,1.0
1005,91e06c22962d53bb,True,1.0,1.0,0.840385249962805,1.0,1.0,1.0,0.9334938541511688
1006,6919975cab1c5345,True,1.0,1.0,0.6204262095880729,1.0,1.0,1.0,0.8418442539950304
1007,e36edd3aedf05e30,True,1.0,1.0,0.7357602309892219,1.0,1.0,1.0,0.8899000962455091
1008,b9aa102f4d7b5751,True,0.0,1.0,0.0,0.0,1.0,1.0,0.0
1009,23d647e77f2d515e,True,1.0,1.0,0.7763066021534033,1.0,1.0,1.0,0.9067944175639181
1010,d12c5ba59acf55a0,True,1.0,1.0,0.9606715768808304,1.0,1.0,1.0,0.9836131570336794
1011,f36dbc258c8b5e17,True,1.0,1.0,1.0,1.0,1.0,1.0,1.0
1012,55bb551a2aa85849,True,1.0,1.0,0.8677295086045664,1.0,1.0,1.0,0.9448872952519026
1013,b7453f77be5b53df,True,1.0,1.0,0.775929202324651,1.0,1.0,1.0,0.9066371676352712
1014,02b68b9cc51f506a,True,1.0,1.0,0.6962004216701625,1.0,1.0,1.0,0.8734168423625678
1015,b845e97a49a75cd0,True,1.0,1.0,0.7384576475674447,1.0,1.0,1.0,0.8910240198197686
1016,01d3726e5bc2576b,True,1.0,1.0,1.0,1.0,1.0,1.0,1.0
1017,31222d2fc6f95e0d,True,1.0,1.0,0.9859412946999886,1.0,1.0,1.0,0.9941422061249953
1018,48f9e483baaf58a0,True,1.0,1.0,0.6721155099837628,1.0,1.0,1.0,0.8633814624932344
1019,cd7568df56095ff2,True,1.0,1.0,1.0,1.0,1.0,1.0,1.0
1020,47e005481cf0579d,True,1.0,1.0,0.889398114356395,1.0,1.0,1.0,0.9539158809818312
1021,5c934edce20758e5,True,1.0,1.0,0.7158044629863887,1.0,1.0,1.0,0.8815851929109954
1022,402ec186b8ea545e,True,1.0,1.0,1.0,1.0,1.0,1.0,1.0
1023,1370cea130165b51,True,1.0,1.0,1.0,1.0,1.0,1.0,1.0
1024,25cdf7dee0d25a66,True,1.0,1.0,1.0,1.0,1.0,1.0,1.0
1025,ee95e29e1aec53e1,True,1.0,1.0,0.8754989312030013,1.0,1.0,1.0,0.9481245546679172
1026,6fa01275a4525b26,True,1.0,1.0,0.6827178938261192,1.0,1.0,1.0,0.8677991224275496
1027,76d3db995c9e5946,True,1.0,1.0,0.8023632745749242,1.0,1.0,1.0,0.9176513644062183
1028,be43454e5a4f5a2a,True,1.0,1.0,0.6789134333779557,1.0,1.0,1.0,0.8662139305741482
1029,5099c20d468f5cf4,True,1.0,1.0,0.8641336782718931,1.0,1.0,1.0,0.9433890326132888
1030,dd23e66ff660575e,True,1.0,1.0,0.7487556555697217,1.0,1.0,1.0,0.8953148564873841
1031,0cdeb48fac9d5292,True,1.0,1.0,0.7750845089507841,1.0,1.0,1.0,0.9062852120628268
1032,2223b290d60556d5,True,1.0,1.0,1.0,1.0,1.0,0.0,1.0
1033,8aec77f33ddb5ac8,True,1.0,1.0,0.634427407821608,1.0,1.0,1.0,0.8476780865923367
1034,883bb02a4f7c5f0a,True,1.0,1.0,1.0,1.0,1.0,1.0,1.0
1035,535d4220196452ed,True,1.0,0.0,0.0,1.0,1.0,0.5,0.0
1036,ee7be0b111a85c25,True,1.0,1.0,1.0,1.0,1.0,1.0,1.0
1037,f8f02729d1ee5c16,True,1.0,1.0,1.0,1.0,1.0,1.0,1.0
1038,66cd30f395c45537,True,1.0,1.0,0.7477947669583642,1.0,1.0,1.0,0.8949144862326518
1039,bbc93f086726531e,True,1.0,1.0,0.9743980678117455,1.0,1.0,1.0,0.989332528254894
1040,bc949c2045ca5537,True,1.0,1.0,0.8026423810947004,1.0,1.0,1.0,0.9177676587894585
1041,6e0a467af0205f04,True,1.0,1.0,0.773152662403824,1.0,1.0,1.0,0.9054802760015933
1042,878665ca715b53d3,True,1.0,1.0,0.9558205055580447,1.0,1.0,1.0,0.9815918773158518
1043,68ea9d09300c5886,True,1.0,1.0,1.0,1.0,1.0,1.0,1.0
1044,d38070017e4e53c3,True,1.0,1.0,0.8984216041282618,1.0,1.0,1.0,0.9576756683867758
1045,b9c124bdb19956b7,True,1.0,1.0,0.7054862769304098,1.0,1.0,1.0,0.8772859487210041
1046,1981a85eb4ba5001,True,1.0,1.0,1.0,1.0,1.0,1.0,1.0
1047,e55fc5c3ee36528b,True,1.0,1.0,1.0,1.0,1.0,1.0,1.0
1048,e516528c577453a7,True,1.0,1.0,1.0,1.0,1.0,1.0,1.0
1049,436728a1202a5ae6,True,1.0,1.0,0.8421350251011358,1.0,1.0,1.0,0.9342229271254733
1050,812a8e70ad07507d,True,1.0,1.0,0.9273912642848794,1.0,1.0,1.0,0.9697463601186996
1051,0972cf3a4c5d5a39,True,1.0,1.0,0.7775751903478577,1.0,1.0,1.0,0.9073229959782741
1052,e2c14ab1fbe350b1,True,1.0,1.0,0.6823785592319407,1.0,1.0,0.5,0.8676577330133086
1053,e26d616b5c4b5642,True,1.0,1.0,1.0,1.0,1.0,1.0,1.0
1054,910ce583575e5f8d,True,1.0,1.0,0.6965253421040466,1.0,1.0,1.0,0.873552225876686
1055,e6b7dddf4ae95fea,True,1.0,1.0,0.9413745065595344,1.0,1.0,1.0,0.9755727110664726
1056,e3caf69e02f857ba,True,1.0,1.0,0.8405457346256248,1.0,1.0,1.0,0.933560722760677
1057,2a04d84433e6576f,True,1.0,1.0,0.9148860902524134,1.0,1.0,1.0,0.9645358709385056
1058,d54e58ba5e575ac0,True,1.0,1.0,1.0,1.0,1.0,1.0,1.0
1059,10ae805f0be95c1f,True,1.0,1.0,0.9179632039545321,1.0,1.0,1.0,0.9658180016477217
1060,08dfae1bbef35bdc,True,1.0,1.0,0.8058507377985203,1.0,1.0,1.0,0.9191044740827167
1061,71a5ed00dbe85089,True,1.0,1.0,0.6595726791285185,1.0,1.0,1.0,0.858155282970216
1062,8b93118c77d25b5d,True,1.0,0.0,0.0,1.0,1.0,0.5,0.0
1063,159972aee8265c33,True,0.0,1.0,0.0,0.0,1.0,1.0,0.0
1064,c6319bbc03fb57d0,True,1.0,1.0,0.6448690631473325,1.0,1.0,1.0,0.8520287763113886
1065,ab0c43fd9f2c5481,True,1.0,1.0,1.0,1.0,1.0,1.0,1.0
1066,3ce72ef7e80855e2,True,1.0,1.0,0.9323387861652102,1.0,1.0,1.0,0.9718078275688375
1067,ca85e7b7b71559b3,True,1.0,1.0,0.7386953918615092,1.0,1.0,1.0,0.8911230799422954
1068,45d6c16000b75270,True,1.0,0.0,0.0,1.0,1.0,1.0,0.0
1069,f790e64181a15f5a,True,1.0,1.0,1.0,1.0,1.0,1.0,1.0
1070,cbadd750cbd6581b,True,1.0,1.0,0.7679964238527504,1.0,1.0,1.0,0.9033318432719794
1071,b841de24ffcb5c87,True,1.0,0.0,0.0,1.0,1.0,0.0,0.0
1072,4a0ba18cefc05c63,True,1.0,1.0,1.0,1.0,1.0,1.0,1.0
1073,b96ea08d168f5a3d,True,1.0,1.0,0.763414291871335,1.0,1.0,1.0,0.9014226216130563
1074,9695a17335715894,True,1.0,1.0,0.8312303327613726,1.0,1.0,1.0,0.9296793053172386
1075,15959d7a3d3a53f5,True,1.0,1.0,0.8802783415884352,1.0,1.0,1.0,0.950115975661848
1076,e3ef42c62ba2595b,True,1.0,1.0,1.0,1.0,1.0,1.0,1.0
1077,4109b79d84ea5053,True,1.0,1.0,0.9750005573074596,1.0,1.0,1.0,0.9895835655447748
1078,9ecb100495a5584e,True,1.0,1.0,1.0,1.0,1.0,1.0,1.0
1079,54511f27d12e5a58,True,1.0,1.0,0.7421378261239685,1.0,1.0,1.0,0.8925574275516536
1080,44e882ff27ec5566,True,1.0,0.0,0.0,1.0,1.0,1.0,0.0
1081,8792fb68a0b2586a,True,1.0,1.0,0.8573107715452788,1.0,1.0,1.0,0.9405461548105328
1082,398010cdaac05adc,True,1.0,1.0,0.9666927275799412,1.0,1.0,1.0,0.9861219698249754
1083,b637b5849b475a18,True,1.0,1.0,0.746536662543021,1.0,1.0,1.0,0.8943902760595921
1084,d1ac97f2f57553d0,True,1.0,1.0,0.8164156298515007,1.0,1.0,1.0,0.9235065124381253
1085,c5fb72e3a0855c1b,True,1.0,1.0,0.6567287141662896,1.0,1.0,1.0,0.8569702975692873
1086,342953cadb9f57b2,True,1.0,1.0,0.7489109150622634,1.0,1.0,1.0,0.8953795479426097
1087,19f3e77fcd3353c5,True,1.0,1.0,1.0,1.0,1.0,1.0,1.0
1088,0f31cc38f9f55c9a,True,1.0,1.0,0.8118933072380222,1.0,1.0,1.0,0.921622211349176
1089,8733d5cc8ae956df,True,1.0,1.0,0.826260513873947,1.0,1.0,1.0,0.9276085474474779
1090,a6b518a433065727,True,1.0,0.0,0.0,1.0,1.0,1.0,0.0
1091,c90097f9ce775eab,True,1.0,1.0,0.6633789770281111,1.0,1.0,1.0,0.8597412404283796
1092,23d0ae8aedf8537b,True,0.5,1.0,0.5839760223699467,0.0,1.0,1.0,0.20499500466040557
1093,430f1f445caf5b3e,True,1.0,0.0,0.0,1.0,1.0,1.0,0.0
1094,d94aa4b0e05e5be9,True,1.0,1.0,1.0,0.0,1.0,1.0,0.5833333333333334
1095,4064f2ec7a2f56ef,True,1.0,1.0,1.0,1.0,1.0,1.0,1.0
1096,8ec53979117552c7,True,1.0,1.0,0.7290967836147259,1.0,1.0,1.0,0.8871236598394692
1097,a9c9765a005351b9,True,1.0,1.0,1.0,1.0,1.0,1.0,1.0
1098,38f4eed7d2cb5cc0,True,1.0,1.0,1.0,1.0,1.0,1.0,1.0
1099,0bcebe354a715163,True,1.0,1.0,0.8419671585148539,1.0,1.0,1.0,0.9341529827145224
1100,a9c27d1fdee5599e,True,1.0,1.0,0.7144446961207559,1.0,1.0,1.0,0.8810186233836483
1101,5b78dd344203528e,True,1.0,1.0,0.6740173388583853,1.0,1.0,1.0,0.864173891190994
1102,0c0044f312655c94,True,1.0,1.0,0.6854081795271749,1.0,1.0,1.0,0.8689200748029896
1103,55a8886514eb5c1b,True,1.0,1.0,0.9774797311884358,1.0,1.0,1.0,0.9906165546618482
1104,2bce4431c5da5d1f,True,1.0,1.0,1.0,1.0,1.0,1.0,1.0
1105,2a68e10c7d305af4,True,1.0,1.0,0.9628794020121332,1.0,1.0,1.0,0.9845330841717223
1106,cd89b212efe9585a,True,1.0,1.0,1.0,1.0,1.0,1.0,1.0
1107,125839faad9a5f7d,True,1.0,1.0,1.0,1.0,1.0,1.0,1.0
1108,c9a4d6a0295f5142,True,1.0,1.0,1.0,1.0,1.0,1.0,1.0
1109,cea4eb2a60da5354,True,1.0,1.0,0.9965355048107354,1.0,1.0,1.0,0.9985564603378064
1110,2318ebb3b64554fc,True,1.0,1.0,1.0,1.0,1.0,1.0,1.0
1111,2d4d48a048615f9a,True,1.0,1.0,1.0,1.0,1.0,1.0,1.0
1112,ccc2b2377fea5191,True,1.0,1.0,1.0,1.0,1.0,1.0,1.0
1113,406f8b299de35ce2,True,1.0,1.0,0.651939497304238,1.0,1.0,1.0,0.8549747905434325
1114,043524c9126f5893,True,1.0,1.0,0.6965970449579095,1.0,1.0,1.0,0.8735821020657957
1115,46ee8e2727455a9f,True,1.0,1.0,0.98103118571471,1.0,1.0,1.0,0.9920963273811291
1116,bf5be5d94ffa52f8,True,1.0,1.0,1.0,1.0,1.0,1.0,1.0
1117,3f664a7d5f5e5bba,True,1.0,1.0,1.0,1.0,1.0,1.0,1.0
1118,66f8bdd077ff5fc3,True,1.0,1.0,0.9510250961472757,1.0,1.0,1.0,0.9795937900613648
1119,342596d95a475bed,True,1.0,1.0,0.9944943908103031,1.0,1.0,0.5,0.9977059961709597
1120,64883fdea50b5b8c,True,1.0,1.0,0.9306001207886858,1.0,1.0,1.0,0.9710833836619525
1121,76a0c83f0b6453a0,True,1.0,1.0,1.0,1.0,1.0,1.0,1.0
1122,af052c91de0f5295,True,1.0,1.0,1.0,1.0,1.0,1.0,1.0
1123,d243aa8117495932,True,1.0,1.0,1.0,1.0,1.0,1.0,1.0
1124,c968e1d258265a2b,True,1.0,1.0,0.9502399474980336,1.0,1.0,1.0,0.9792666447908474
1125,ee82b0fc7b2a5208,True,1.0,1.0,0.7043113332936497,1.0,1.0,1.0,0.876796388872354
1126,cb61b4237ad25a7c,True,1.0,1.0,0.8610053225717292,1.0,1.0,1.0,0.9420855510715539
1127,fb351801ac245053,True,1.0,1.0,1.0,1.0,1.0,1.0,1.0
1128,f9720f622fd4511b,True,1.0,1.0,0.5782226837324178,1.0,1.0,1.0,0.8242594515551741
1129,ef7089ecfb0c5028,True,1.0,1.0,1.0,1.0,1.0,1.0,1.0
1130,62e8d8891ff45c7b,True,1.0,1.0,0.8463281237741832,1.0,1.0,1.0,0.9359700515725763
1131,2b5d551f5466530e,True,1.0,1.0,0.831655975043242,1.0,1.0,1.0,0.9298566562680174
1132,d25b6512a43f5e54,True,1.0,1.0,0.7873381216100475,1.0,1.0,1.0,0.9113908840041866
1133,67d74f48ba2a548e,True,0.5,1.0,0.5356490864036318,0.0,1.0,1.0,0.19492689300075663
1134,10d9d6d0ad405b9d,True,1.0,1.0,0.8729243700678123,1.0,1.0,1.0,0.9470518208615886
1135,290a914d4ef15443,True,1.0,1.0,0.8474248664278576,1.0,1.0,1.0,0.936427027678274
1136,2fb12c4c2eec5b8d,True,1.0,1.0,1.0,1.0,1.0,1.0,1.0
1137,4ed6b1b83e0c5bbe,True,1.0,1.0,0.5873196835668589,1.0,1.0,1.0,0.828049868152858
1138,6891e8163e4d5e58,True,1.0,1.0,0.8046445148902991,1.0,1.0,1.0,0.9186018812042912
1139,994c2c1c459b5cc8,True,1.0,1.0,0.688362337780921,1.0,1.0,1.0,0.8701509740753838
1140,6de81a38cd7655dd,True,1.0,1.0,1.0,1.0,1.0,1.0,1.0
1141,5a7633ce22365440,True,1.0,1.0,0.7171198535929256,1.0,1.0,1.0,0.8821332723303857
1142,d3f00196d11c563c,True,1.0,1.0,0.9281299050426769,1.0,1.0,1.0,0.9700541271011153
1143,fda70850d06c51a1,True,1.0,1.0,1.0,1.0,1.0,1.0,1.0
1144,b4aa2f58df795a92,True,1.0,1.0,0.8033036558232639,1.0,1.0,1.0,0.9180431899263599
1145,82ee38a271b15bb1,True,1.0,0.0,0.0,1.0,1.0,1.0,0.0
1146,f6038d685a4d55b4,True,0.0,0.0,0.0,0.0,1.0,0.0,0.0
1147,31ffaa640cf85134,True,1.0,1.0,1.0,1.0,1.0,1.0,1.0
1148,e0522da7328d5c9e,True,1.0,1.0,0.7726811360378856,1.0,1.0,1.0,0.9052838066824522
1149,86db74cc909e5437,True,1.0,0.0,0.0,0.0,1.0,0.5,0.0
1150,fc0a59dcf9d75219,True,1.0,1.0,0.676985621847742,1.0,1.0,1.0,0.8654106757698926
1151,4a919f7ea2f65200,True,1.0,0.0,0.0,1.0,1.0,1.0,0.0
1152,113d448b6ea8555c,True,1.0,1.0,1.0,1.0,1.0,1.0,1.0
1153,03b33d7830ba522b,True,1.0,1.0,0.618586669712631,1.0,1.0,1.0,0.8410777790469295
1154,9fb8affb5c295640,True,1.0,1.0,0.5554588640318321,1.0,1.0,1.0,0.8147745266799301
1155,87a5fd24e88d5e0a,True,1.0,1.0,0.790382818039607,1.0,1.0,1.0,0.9126595075165028
1156,bf0a29ccead65750,True,1.0,1.0,0.7546173494409579,1.0,1.0,1.0,0.8977572289337324
1157,c3ace87d2f985eaa,True,1.0,1.0,0.8060830128059654,1.0,1.0,1.0,0.919201255335819
1158,449baff4aece5ab3,True,1.0,1.0,0.8665347955518217,1.0,1.0,1.0,0.9443894981465922
1159,4a35a95ee57f5572,True,1.0,1.0,1.0,1.0,1.0,1.0,1.0
1160,482601c870805c11,True,1.0,1.0,0.9350492014773918,1.0,1.0,1.0,0.9729371672822467
1161,5c55fbcddea45f87,True,1.0,1.0,0.5163883253244312,1.0,1.0,1.0,0.7984951355518465
1162,d5fc95fa66025d7a,True,1.0,1.0,0.7247568625219734,1.0,1.0,1.0,0.8853153593841556
1163,be33fb4e1b435f1d,True,1.0,1.0,0.9118601585191901,1.0,1.0,1.0,0.9632750660496625
1164,03aa8a0576a25b63,True,1.0,0.0,0.0,1.0,1.0,1.0,0.0
1165,c20652fc6a78529b,True,1.0,1.0,0.6905369582702232,1.0,1.0,1.0,0.8710570659459264
1166,674ebcb39a4d528f,True,1.0,1.0,0.7780344121757458,1.0,1.0,1.0,0.9075143384065608
1167,1b88b298d405518e,True,1.0,1.0,0.8809928391145421,1.0,1.0,1.0,0.9504136829643924
1168,c9395d7ca7f75410,True,1.0,1.0,0.45973842116647745,1.0,1.0,1.0,0.7748910088193656
1169,caa3170f8c3b5cfe,True,1.0,1.0,0.7234562777926647,1.0,1.0,1.0,0.884773449080277
1170,351226f263825b4b,True,1.0,1.0,1.0,1.0,1.0,1.0,1.0
1171,ae643fddc1195062,True,1.0,1.0,1.0,1.0,1.0,1.0,1.0
1172,67c2aef1f35a523e,True,1.0,1.0,1.0,1.0,1.0,1.0,1.0
1173,91aeae3843455c34,True,1.0,1.0,1.0,1.0,1.0,1.0,1.0
1174,2b04c510144e5545,True,1.0,1.0,1.0,1.0,1.0,1.0,1.0
1175,d8f68111f5145cc9,True,1.0,1.0,0.9415420153549254,1.0,1.0,1.0,0.9756425063978856
1176,31ac916bb888562a,True,1.0,1.0,0.7103876724846632,1.0,1.0,1.0,0.8793281968686096
1177,026e84581e0f5044,True,1.0,1.0,0.8006787819606139,1.0,1.0,1.0,0.9169494924835891
1178,8e9f743d92c05d10,True,1.0,1.0,1.0,1.0,1.0,1.0,1.0
1179,c680cd635f095d1c,True,1.0,1.0,0.9196559762798828,1.0,1.0,1.0,0.9665233234499512
1180,ec1dd3d02f035d78,True,0.0,1.0,0.0,0.0,1.0,1.0,0.0
1181,1dc437ce152e55fa,True,0.0,1.0,0.0,0.0,1.0,1.0,0.0
1182,1eff566e627f56b9,True,1.0,1.0,0.8813627251874528,1.0,1.0,1.0,0.9505678021614387
1183,908f696abf7c5a26,True,1.0,1.0,0.8067389456466034,1.0,1.0,1.0,0.9194745606860848
1184,944eece37ff15fa1,True,1.0,1.0,0.8604212680152761,1.0,1.0,1.0,0.9418421950063651
1185,64a52073ea395752,True,1.0,1.0,0.7693752974972583,1.0,1.0,1.0,0.903906373957191
1186,2e2cc58c9aa450e7,True,1.0,1.0,0.7237324171474129,1.0,1.0,1.0,0.8848885071447553
1187,0eb28cf3dad95c46,True,1.0,1.0,1.0,1.0,1.0,1.0,1.0
1188,04703c86cf5b5a20,True,1.0,1.0,0.8275100670800761,0.0,1.0,0.0,0.5114625279500317
1189,d3719519c1f95276,True,1.0,1.0,0.8361102881125596,1.0,1.0,1.0,0.9317126200468998
1190,4a4bf6e11a875f33,True,1.0,1.0,0.8773488399613818,1.0,1.0,1.0,0.9488953499839091
1191,c239a3efe5df5739,True,1.0,1.0,0.9085072848092959,1.0,1.0,1.0,0.9618780353372066
1192,f3a61425920f57a7,True,1.0,1.0,1.0,0.0,1.0,1.0,0.5833333333333334
1193,25e2cda283355b76,True,1.0,1.0,0.5390577183275334,1.0,1.0,1.0,0.8079407159698055
1194,0558c7a64ef157b1,True,1.0,1.0,0.9984258315204267,1.0,1.0,1.0,0.9993440964668444
1195,ec3c0587b1775b7c,True,1.0,1.0,0.8002271952851832,1.0,1.0,1.0,0.9167613313688263
1196,8ee3467219fc5c8a,True,1.0,1.0,0.6360750799053124,1.0,1.0,1.0,0.8483646166272135
1197,0df6533b550c58c1,True,1.0,1.0,1.0,0.0,1.0,1.0,0.5833333333333334
1198,b5b0ab149f9055db,True,1.0,1.0,0.570918175665565,1.0,1.0,1.0,0.8212159065273187
1199,02f75336f9f55e4f,True,1.0,1.0,0.6135021740538196,0.0,1.0,0.5,0.42229257252242486
1200,30187e714d065b0b,True,1.0,1.0,0.8654094942919182,1.0,1.0,1.0,0.9439206226216325
1201,929fe68adaef5ee7,True,1.0,1.0,0.7142398884738524,1.0,1.0,1.0,0.8809332868641052
1202,bfb373d958725fc8,True,1.0,1.0,1.0,1.0,1.0,1.0,1.0
1203,3f269e7b5ced51fa,True,1.0,1.0,1.0,1.0,1.0,1.0,1.0
1204,2e6b78be8c9e5e0c,True,1.0,1.0,1.0,1.0,1.0,1.0,1.0
1205,ef4cd07fc8245457,True,1.0,1.0,1.0,1.0,1.0,1.0,1.0
1206,0ee0c8c2556c506a,True,1.0,1.0,1.0,1.0,1.0,1.0,1.0
1207,12d426c6727d507a,True,1.0,1.0,0.7333395941922679,1.0,1.0,1.0,0.8888914975801115
1208,e0a645315de658bc,True,1.0,1.0,0.7789239879735714,1.0,1.0,1.0,0.9078849949889881
1209,abb5501b10e65b19,True,1.0,1.0,1.0,1.0,1.0,1.0,1.0
1210,5be861ae85a75b45,True,1.0,1.0,0.8705413062092996,1.0,1.0,1.0,0.9460588775872081
1211,73939fc4dcdf57c4,True,1.0,1.0,1.0,0.0,1.0,1.0,0.5833333333333334
1212,dcd5dc3f53d9533f,True,1.0,1.0,1.0,1.0,1.0,1.0,1.0
1213,8d83f07bed9d5f6a,True,1.0,1.0,1.0,1.0,1.0,1.0,1.0
1214,4cc1186b46d85ec4,True,1.0,1.0,1.0,0.0,1.0,1.0,0.5833333333333334
1215,e805310ff3055efa,True,1.0,1.0,1.0,1.0,1.0,1.0,1.0
1216,f9f97f2e6d435822,True,1.0,1.0,0.8191430046954712,1.0,1.0,1.0,0.9246429186231131
1217,0027db600afe56ca,True,1.0,1.0,1.0,1.0,1.0,1.0,1.0
1218,355835bced0c591f,True,1.0,1.0,0.743652562643016,1.0,1.0,1.0,0.8931885677679233
1219,36b4b6d6e4745071,True,1.0,1.0,0.886158814366588,1.0,1.0,1.0,0.952566172652745
1220,07d1a751018a526f,True,1.0,1.0,0.884290246040689,1.0,1.0,1.0,0.9517876025169537
1221,93512ae1de725307,True,1.0,1.0,1.0,1.0,1.0,1.0,1.0
1222,6e49f2f1c4e456f1,True,1.0,1.0,0.6421097206918833,1.0,1.0,1.0,0.8508790502882847
1223,2e508e23f47d5f96,True,1.0,1.0,0.8204367490672979,1.0,1.0,1.0,0.9251819787780408
1224,8be468b729aa5f1e,True,1.0,1.0,0.8892154685939846,1.0,1.0,1.0,0.9538397785808269
1225,6c8a49ddb7435fbf,True,1.0,1.0,1.0,1.0,1.0,0.0,1.0
1226,f16fe36eef2b5157,True,1.0,1.0,1.0,1.0,1.0,1.0,1.0
1227,353988b87d995f68,True,1.0,1.0,0.8245190604121735,1.0,1.0,1.0,0.9268829418384056
1228,cc8b8b4ae726592a,True,1.0,1.0,1.0,1.0,1.0,1.0,1.0
1229,16125101defb5b51,True,1.0,1.0,1.0,1.0,1.0,1.0,1.0
1230,efc8eef1e7b551d9,True,0.0,1.0,0.0,0.0,1.0,1.0,0.0
1231,31aa58748e2c5495,True,1.0,1.0,1.0,1.0,1.0,1.0,1.0
1232,50ab222cd07b5bcd,True,1.0,1.0,0.8351053393801572,1.0,1.0,1.0,0.9312938914083988
1233,27bcec96f13c5426,True,1.0,1.0,0.9362940058827636,1.0,1.0,1.0,0.9734558357844848
1234,ac28e0768c6a5821,True,1.0,1.0,1.0,1.0,1.0,1.0,1.0
1235,2ba3f7adca335912,True,1.0,1.0,1.0,1.0,0.0,0.5,0.8333333333333334
1236,126fd1a0d1675f57,True,1.0,1.0,0.7458608449669717,1.0,1.0,1.0,0.8941086854029049
1237,4543b41a1fec5a97,True,1.0,1.0,0.9116460550257283,1.0,1.0,1.0,0.9631858562607202
1238,676880c7e31252c0,True,1.0,1.0,0.6115439754030666,1.0,1.0,1.0,0.8381433230846111
1239,4da3c27db2495e9e,True,1.0,1.0,0.5783827635352028,1.0,1.0,1.0,0.824326151473001
1240,1407c7f0f32a5738,True,1.0,1.0,1.0,1.0,1.0,1.0,1.0
1241,d4187db8dc625207,True,1.0,1.0,0.9275664613374889,1.0,1.0,1.0,0.9698193588906204
1242,cc9f9924e6f25e64,True,1.0,1.0,0.758210400222341,1.0,1.0,1.0,0.8992543334259754
1243,3461796610c15a0e,True,1.0,1.0,1.0,1.0,1.0,1.0,1.0
1244,75151361dbe658bb,True,1.0,0.0,0.0,0.0,1.0,0.0,0.0
1245,f3f0ebe8d9185b69,True,1.0,1.0,0.8122219492545498,1.0,1.0,1.0,0.9217591455227291
1246,5396af8f09455852,True,1.0,1.0,0.6029263785891046,1.0,1.0,1.0,0.8345526577454603
1247,c9614cfb18a953ae,True,1.0,1.0,1.0,1.0,1.0,1.0,1.0
1248,5b61b9072cad5dbc,True,1.0,1.0,0.9893216277514315,1.0,1.0,1.0,0.9955506782297631
1249,8611c130815150a7,True,1.0,1.0,1.0,1.0,1.0,1.0,1.0
1250,8a2c1d34f9df5213,True,1.0,1.0,1.0,1.0,1.0,1.0,1.0
1251,6239cdb801bc51c2,True,1.0,1.0,0.6930905026599282,1.0,1.0,1.0,0.8721210427749702
1252,63ab092351905a60,True,1.0,1.0,1.0,1.0,1.0,1.0,1.0
1253,959a7f2070f551e9,True,1.0,1.0,0.6717080153438064,1.0,1.0,1.0,0.8632116730599194
1254,150bfebecc525d57,True,1.0,1.0,1.0,0.0,1.0,1.0,0.5833333333333334
1255,ba392de83daf5bf3,True,1.0,1.0,0.8999696606320512,1.0,1.0,1.0,0.9583206919300213
1256,6326d00e52115da4,True,1.0,1.0,1.0,1.0,1.0,1.0,1.0
1257,4e496bfdb6b95697,True,1.0,1.0,0.9476806290677083,1.0,1.0,1.0,0.9782002621115451
1258,ef886d0dee3e534c,True,1.0,1.0,0.8068251437133439,1.0,1.0,1.0,0.9195104765472267
1259,b24954d56c155570,True,1.0,1.0,1.0,1.0,1.0,1.0,1.0
1260,367ee5f18e345a72,True,1.0,1.0,0.8096549705289912,1.0,1.0,1.0,0.9206895710537463
1261,ee86c71bc0765fd0,True,1.0,1.0,1.0,0.0,1.0,1.0,0.5833333333333334
1262,873e300af5a95bf2,True,1.0,1.0,0.9584862832013351,1.0,1.0,1.0,0.9827026180005562
1263,61c5308743b35db2,True,1.0,1.0,0.6655786924338395,1.0,1.0,1.0,0.8606577885140997
1264,09a0456056555b0a,True,1.0,1.0,0.7581727079187374,1.0,1.0,1.0,0.8992386282994739
1265,c2eecf5cfe46536f,True,1.0,1.0,1.0,1.0,1.0,1.0,1.0
1266,077c80ecaed0548f,True,1.0,1.0,0.39814240663144823,1.0,1.0,1.0,0.7492260027631034
1267,b81c602d68a25e90,True,1.0,1.0,0.9052318594406997,1.0,1.0,1.0,0.9605132747669582
1268,dd43c6087aca5206,True,1.0,1.0,0.7149117065511111,1.0,1.0,1.0,0.881213211062963
1269,1935e5d682ff5981,True,1.0,1.0,0.8997208730642754,1.0,1.0,0.5,0.9582170304434481
1270,874ce413a47e5c30,True,1.0,1.0,0.8935639251251064,1.0,1.0,1.0,0.9556516354687944
1271,977f40bd144b59e9,True,1.0,1.0,0.8056886247406221,1.0,1.0,1.0,0.9190369269752591
1272,7ac633604a3c572d,True,1.0,1.0,1.0,1.0,1.0,1.0,1.0
1273,6ea198f259b85e49,True,1.0,1.0,1.0,1.0,1.0,1.0,1.0
1274,24429c08a8375061,True,1.0,1.0,0.8323414047659308,1.0,1.0,1.0,0.9301422519858044
1275,15bfed200b0d570e,True,1.0,1.0,0.7585953600320713,1.0,1.0,1.0,0.8994147333466964
1276,30765e467f6c5947,True,1.0,1.0,1.0,1.0,1.0,1.0,1.0
1277,0208ed2202af56b2,True,1.0,1.0,0.7959111355578965,1.0,1.0,1.0,0.9149629731491236
1278,1b01f89fe48355b6,True,1.0,1.0,0.7046454061125563,1.0,1.0,1.0,0.8769355858802318
1279,fb4ac387cd285171,True,1.0,1.0,0.9468233880955773,1.0,1.0,1.0,0.9778430783731572
1280,c41b4666b98e5b92,True,1.0,1.0,1.0,1.0,1.0,1.0,1.0
1281,bb4ca2b147d35b62,True,1.0,0.0,0.0,1.0,1.0,1.0,0.0
1282,c4b1d4fabd315035,True,1.0,1.0,1.0,1.0,1.0,1.0,1.0
1283,70322003ab525a2e,True,1.0,1.0,1.0,1.0,1.0,1.0,1.0
1284,8e274784672a514b,True,1.0,1.0,1.0,1.0,1.0,1.0,1.0
1285,5691c7c24fdd5e16,True,1.0,1.0,1.0,1.0,1.0,1.0,1.0
1286,6ed328b05b54553e,True,1.0,1.0,0.6743553347611471,1.0,1.0,1.0,0.8643147228171446
1287,84b69613f5e6551c,True,1.0,1.0,0.6986817706102355,1.0,1.0,1.0,0.8744507377542649
1288,c9459a7641335bba,True,1.0,1.0,1.0,1.0,1.0,1.0,1.0
1289,92d21bb7692b5664,True,1.0,1.0,0.9453981926491181,1.0,1.0,1.0,0.9772492469371326
1290,cf0aec572cdd543e,True,1.0,1.0,0.9543415496222027,1.0,1.0,1.0,0.9809756456759179
1291,96c3433ef79a5478,True,1.0,1.0,0.6309251455112442,1.0,1.0,1.0,0.8462188106296851
1292,2f1f5a4351e15458,True,1.0,1.0,0.8693589859977524,1.0,1.0,1.0,0.9455662441657302
1293,a08bb182c3d558da,True,1.0,1.0,0.5924003911874691,1.0,1.0,1.0,0.8301668296614455
1294,c928d5d9ddc25082,True,1.0,1.0,1.0,1.0,1.0,1.0,1.0
1295,f3532c4c4ad95b27,True,1.0,1.0,0.9655049013164272,1.0,1.0,1.0,0.985627042215178
1296,55b7f0c50f4a5157,True,1.0,1.0,1.0,1.0,1.0,1.0,1.0
1297,b826ee4aedc95b0c,True,1.0,1.0,0.7985374861299661,1.0,1.0,1.0,0.9160572858874859
1298,9f528c7bfca6509b,True,1.0,0.0,0.0,1.0,1.0,1.0,0.0
1299,018ba0bc5f145074,True,1.0,1.0,0.712992770899091,1.0,1.0,1.0,0.8804136545412878
1300,fcb45b2aa29356d9,True,1.0,1.0,1.0,1.0,1.0,1.0,1.0
1301,d9fdaff6c17659bc,True,1.0,1.0,0.8020173015161789,1.0,1.0,1.0,0.9175072089650745
1302,c169cf799b165800,True,1.0,1.0,0.5926861205337013,1.0,1.0,1.0,0.8302858835557089
1303,eb5989e21dc35a47,True,1.0,1.0,0.7995557049948459,1.0,1.0,1.0,0.9164815437478525
1304,2ad9640eb724590d,True,1.0,1.0,0.7594014693285649,1.0,1.0,1.0,0.8997506122202354
1305,a8da6565d00e514a,True,1.0,1.0,0.752267815672579,1.0,1.0,0.5,0.8967782565302412
1306,483bb60b0a0451e6,True,1.0,1.0,0.7611379606070495,1.0,1.0,1.0,0.9004741502529373
1307,54e57dfcbf295398,True,1.0,1.0,0.9826581270072291,1.0,1.0,1.0,0.9927742195863454
1308,d34d0398de585e6c,True,1.0,1.0,0.6561851497503622,1.0,1.0,1.0,0.8567438123959842
1309,9f8f670a268550e5,True,1.0,1.0,0.9426127638175398,1.0,1.0,1.0,0.9760886515906416
1310,0722adecc3d45ac4,True,0.0,1.0,0.0,0.0,1.0,1.0,0.0
1311,aba3b771ef0054c6,True,1.0,1.0,0.8855138570991964,1.0,1.0,1.0,0.9522974404579984
1312,7fcc4151553a50e8,True,1.0,1.0,1.0,1.0,1.0,1.0,1.0
1313,bdb0947d0c835022,True,1.0,1.0,1.0,1.0,1.0,1.0,1.0
1314,01e6276eff385ea8,True,1.0,1.0,0.7906502553036703,1.0,1.0,0.0,0.9127709397098626
1315,bf8b8714f63d5642,True,1.0,1.0,0.87751276761032,1.0,1.0,1.0,0.9489636531709666
1316,82b1cb7113515dfb,True,1.0,1.0,1.0,1.0,1.0,1.0,1.0
1317,71f883f1ec8f5e37,True,1.0,1.0,1.0,1.0,1.0,1.0,1.0
1318,910c4dd3f1ec51b1,True,1.0,1.0,1.0,1.0,1.0,1.0,1.0
1319,d8952813d8de574d,True,1.0,1.0,0.9144434671657943,1.0,1.0,1.0,0.9643514446524142
1320,6e59104beb995339,True,1.0,1.0,0.7488396365613781,1.0,1.0,1.0,0.8953498485672409
1321,fe0c83d70ca456ae,True,1.0,1.0,0.8796534436529391,1.0,1.0,1.0,0.949855601522058
1322,b411a654aa215f1b,True,1.0,1.0,0.7585033284410484,1.0,1.0,1.0,0.8993763868504369
1323,b9f3b69b160e5ad0,True,1.0,0.0,0.0,1.0,1.0,1.0,0.0
1324,e1f6c044f4235462,True,1.0,1.0,0.6605329630477361,1.0,1.0,1.0,0.85855540126989
1325,b0c4bad4c4fa5060,True,1.0,1.0,1.0,1.0,1.0,1.0,1.0
1326,245bcbae35595474,True,1.0,1.0,1.0,1.0,1.0,1.0,1.0
1327,bf1064685f045d97,True,1.0,1.0,0.790284627555295,1.0,1.0,1.0,0.9126185948147062
1328,30e29966db9156ee,True,1.0,1.0,0.6356170653967701,1.0,1.0,0.5,0.8481737772486543
1329,fd9b66480e895706,True,1.0,1.0,0.7144608598216287,1.0,1.0,1.0,0.881025358259012
1330,2e5e4be9579d568d,True,1.0,1.0,0.9005282170383013,1.0,1.0,1.0,0.9585534237659589
1331,bb249c2d0c8a568c,True,1.0,1.0,0.8558376510897088,1.0,1.0,1.0,0.939932354620712
1332,cf62911d4c7c541c,True,1.0,1.0,0.8629087389214232,1.0,1.0,1.0,0.9428786412172596
1333,81286af2aa9c5e17,True,1.0,1.0,0.5271919380042497,1.0,1.0,1.0,0.802996640835104
1334,ff9d7c14934b541e,True,1.0,1.0,0.7653878388086295,1.0,1.0,1.0,0.902244932836929
1335,842d40cd41cf56e8,True,1.0,1.0,0.7808277936825828,1.0,1.0,1.0,0.9086782473677428
1336,76b708c365e45536,True,1.0,1.0,0.519935217420507,1.0,1.0,1.0,0.7999730072585445
1337,875f14a6967d5192,True,1.0,1.0,0.9065062767694715,1.0,1.0,1.0,0.9610442819872796
1338,476ad53b78325ef2,True,1.0,1.0,0.5142841925181889,1.0,1.0,0.5,0.7976184135492455
1339,2f1edc1ab2b55b05,True,1.0,1.0,0.8787678795166256,1.0,1.0,1.0,0.9494866164652608
1340,d44d886053b15b23,True,1.0,1.0,0.873915882027848,1.0,1.0,1.0,0.9474649508449366
1341,8067c4f48fe45421,True,1.0,1.0,0.8162547088591899,1.0,1.0,1.0,0.9234394620246625
1342,90c6b53ec4a252bc,True,1.0,1.0,1.0,1.0,1.0,1.0,1.0
1343,53414ba6577d5923,True,1.0,1.0,0.7136745737595722,1.0,1.0,1.0,0.8806977390664885
1344,263367576c285a2a,True,1.0,1.0,1.0,1.0,1.0,1.0,1.0
1345,741d60ca8b7b5cb4,True,0.0,1.0,0.0,0.0,1.0,1.0,0.0
1346,4bc54773ae245d10,True,1.0,1.0,1.0,1.0,1.0,1.0,1.0
1347,b8104b69b2d9509b,True,1.0,1.0,0.7278240384070901,1.0,1.0,1.0,0.8865933493362875
1348,7ffee2481b68517c,True,1.0,1.0,1.0,1.0,1.0,0.5,1.0
1349,8651cc01649b5d5b,True,1.0,1.0,0.6181333330664118,1.0,1.0,1.0,0.8408888887776715
1350,b04064e074f55bb0,True,1.0,1.0,0.6815069401919518,1.0,1.0,1.0,0.8672945584133132
1351,16d3bf2e9bf75eb4,True,1.0,1.0,0.671314282851328,1.0,1.0,1.0,0.8630476178547201
1352,406564d5dc7358f6,True,1.0,1.0,1.0,1.0,1.0,1.0,1.0
1353,355dadd64723531e,True,1.0,1.0,0.9383433819728045,1.0,1.0,1.0,0.9743097424886686
1354,92c6df44cf055882,True,1.0,1.0,0.6196972823152316,1.0,1.0,1.0,0.8415405342980131
1355,9873c047e9155996,True,1.0,1.0,0.7637702508028018,1.0,1.0,1.0,0.9015709378345007
1356,2bc38f766c8851fa,True,1.0,1.0,0.8728787054311359,1.0,1.0,0.0,0.94703279392964
1357,b3b8544db9025d6a,True,1.0,1.0,1.0,1.0,1.0,1.0,1.0
1358,f53ece8c1cb9562c,True,1.0,1.0,0.810755497050494,1.0,1.0,1.0,0.9211481237710392
1359,e18ca78f3c5f5a04,True,1.0,1.0,1.0,1.0,1.0,1.0,1.0
1360,396a8c19c4ac58f3,True,1.0,1.0,1.0,1.0,1.0,1.0,1.0
1361,f8d3738f77c05163,True,1.0,1.0,0.8835298660166673,1.0,1.0,1.0,0.9514707775069446
1362,d3484ba53e775a66,True,1.0,1.0,1.0,1.0,1.0,1.0,1.0
1363,eba929a6772254e4,True,1.0,1.0,0.5600984033690691,1.0,1.0,1.0,0.8167076680704456
1364,b425ed76adfb5351,True,1.0,1.0,0.8611166407888249,1.0,1.0,1.0,0.9421319336620103
1365,7a3e5ab8218e550f,True,1.0,1.0,1.0,1.0,1.0,1.0,1.0
1366,541d2d0ac174524b,True,1.0,1.0,0.6841742043380984,1.0,1.0,1.0,0.8684059184742076
1367,10f5795252265ff3,True,1.0,1.0,0.9636994781079933,1.0,1.0,1.0,0.9848747825449973
1368,f6df3f934bdb598d,True,1.0,1.0,0.9309509174550815,1.0,1.0,1.0,0.9712295489396173
1369,2497a4b846f25d99,True,1.0,1.0,0.7285253409924735,1.0,1.0,1.0,0.8868855587468639
1370,15715849d362599e,True,1.0,1.0,0.7318720422928096,1.0,1.0,1.0,0.8882800176220039
1371,6d088615a8c05649,True,1.0,1.0,0.706150510051804,1.0,1.0,1.0,0.877562712521585
1372,608913faecb959b4,True,1.0,1.0,0.8894973918736775,1.0,1.0,1.0,0.9539572466140323
1373,d20659149c14557c,True,1.0,1.0,1.0,0.0,1.0,1.0,0.5833333333333334
1374,c054f473288d5515,True,1.0,1.0,0.7881412281137574,1.0,1.0,1.0,0.9117255117140656
1375,83d9a73b7a3650c7,True,1.0,1.0,0.7478533739723608,1.0,1.0,1.0,0.894938905821817
1376,fdb658e4941855a3,True,0.0,1.0,0.0,0.0,1.0,1.0,0.0
1377,bc63d7f1ab7759ee,True,1.0,1.0,0.926157018282382,1.0,1.0,1.0,0.9692320909509924
1378,98e3abe2a38c5156,True,1.0,0.0,0.0,1.0,1.0,1.0,0.0
1379,6894aab92b0058dd,True,1.0,1.0,1.0,1.0,1.0,1.0,1.0
1380,9b16e4fea2c25446,True,1.0,1.0,0.8788752368875044,0.0,1.0,1.0,0.5328646820364601
1381,dbba0a418817539e,True,1.0,1.0,0.7247287351461783,1.0,1.0,1.0,0.885303639644241
1382,2313aa310e16503d,True,1.0,1.0,1.0,1.0,1.0,1.0,1.0
1383,a8afec520f035a68,True,1.0,1.0,0.8054623593737636,1.0,1.0,1.0,0.9189426497390683
1384,9940f912e66a5918,True,1.0,1.0,1.0,1.0,1.0,1.0,1.0
1385,f5a9eba40a9055f3,True,1.0,1.0,1.0,1.0,1.0,1.0,1.0
1386,0ebdf3a905ba522f,True,1.0,1.0,0.8632857239320315,1.0,1.0,1.0,0.9430357183050132
1387,94693a54967757f6,True,1.0,1.0,1.0,1.0,1.0,1.0,1.0
1388,e69f96075afb5d86,True,1.0,1.0,0.9243133388378447,1.0,1.0,1.0,0.9684638911824353
1389,2836705e16ba5691,True,1.0,1.0,0.9346338952907154,1.0,1.0,1.0,0.972764123037798
1390,238955ab60075940,True,1.0,1.0,0.8295080737858761,1.0,1.0,1.0,0.9289616974107817
1391,f79916e26eef5b74,True,1.0,1.0,0.9828745374555627,1.0,1.0,1.0,0.9928643906064845
1392,f2e2e64000445230,True,1.0,1.0,0.9333694862598858,1.0,1.0,1.0,0.9722372859416191
1393,a96abad3a09753c5,True,1.0,1.0,0.017671281061594924,1.0,1.0,1.0,0.5906963671089979
1394,4711d15a356a54e9,True,1.0,1.0,0.8690164703132739,1.0,1.0,1.0,0.9454235292971974
1395,94683fc69ce4599c,True,1.0,1.0,0.5755697603973154,1.0,1.0,1.0,0.8231540668322147
1396,c65a7b2b6f8c527e,True,1.0,1.0,0.9725087000905384,1.0,1.0,1.0,0.988545291704391
1397,74c77891a7d45a15,True,1.0,1.0,0.8668634617973098,1.0,1.0,1.0,0.9445264424155457
1398,f158576757e95c31,True,1.0,1.0,0.7820387302940744,1.0,1.0,1.0,0.9091828042891977
1399,6eac1c0e2bbd57bb,True,1.0,1.0,0.8386533064767103,1.0,1.0,1.0,0.9327722110319626
1400,5d3fbc3605fb5bb9,True,1.0,1.0,0.9836401829085545,1.0,1.0,1.0,0.9931834095452311
1401,24e06c38547d5976,True,1.0,1.0,1.0,1.0,1.0,1.0,1.0
1402,008d66a74c275479,True,1.0,1.0,1.0,1.0,1.0,1.0,1.0
1403,a7705685069f5979,True,1.0,1.0,0.9344951771071963,1.0,1.0,1.0,0.972706323794665
1404,deb16bb9771a582a,True,1.0,1.0,0.898135893011934,1.0,1.0,1.0,0.9575566220883059
1405,748d7e95687d5d26,True,1.0,1.0,1.0,1.0,1.0,1.0,1.0
1406,efca142f8d93518b,True,1.0,1.0,0.7614580252215996,1.0,1.0,1.0,0.9006075105089998
1407,70d79606f745562e,True,1.0,1.0,1.0,1.0,1.0,1.0,1.0
1408,51c2558524435a31,True,1.0,1.0,0.8900085744864128,1.0,1.0,1.0,0.9541702393693386
1409,313a7a6feb1c5490,True,1.0,1.0,0.7611301093814397,1.0,1.0,1.0,0.9004708789089332
1410,e0b92501aa5051b1,True,1.0,1.0,0.6566859536590465,1.0,1.0,1.0,0.8569524806912693
1411,5303407715805679,True,1.0,1.0,1.0,1.0,1.0,1.0,1.0
1412,03eef9b11774564f,True,1.0,1.0,1.0,1.0,1.0,1.0,1.0
1413,8d7e4421c3e45c99,True,1.0,1.0,0.7171552637377537,1.0,1.0,1.0,0.8821480265573974
1414,fd9dc4abc0d357a1,True,1.0,1.0,0.5735558173378601,1.0,1.0,1.0,0.822314923890775
1415,1f211666d4465388,True,1.0,1.0,0.7555053447031364,1.0,1.0,1.0,0.8981272269596401
1416,4a29aee6f5bd5073,True,1.0,1.0,0.6019157476526491,1.0,1.0,1.0,0.8341315615219371
1417,92ebb72e83325bb1,True,0.0,1.0,0.0,0.0,1.0,0.0,0.0
1418,2113dcf1e88b598e,True,1.0,1.0,1.0,1.0,1.0,1.0,1.0
1419,57fa478b9b1e5de3,True,1.0,1.0,1.0,1.0,1.0,1.0,1.0
1420,dc05b41a768b5015,True,1.0,1.0,0.4874803334633371,1.0,1.0,1.0,0.786450138943057
1421,f419cea88ed9500b,True,1.0,1.0,0.7893318472648,0.0,1.0,1.0,0.4955549363603333
1422,6f525eba8afc547c,True,1.0,0.0,0.0,1.0,1.0,0.5,0.0
1423,99e3b8d3211f53d7,True,1.0,1.0,0.9010110861183224,1.0,1.0,1.0,0.9587546192159676
1424,c29fb70bf1d056ca,True,1.0,1.0,1.0,1.0,1.0,1.0,1.0
1425,f335a11369685b08,True,1.0,1.0,0.8080400293999076,1.0,1.0,1.0,0.9200166789166282
1426,63a80bcca90b5dec,True,1.0,1.0,0.7610635192669376,1.0,1.0,1.0,0.9004431330278907
1427,1cb96199b6a45732,True,1.0,1.0,0.8579663112708076,1.0,1.0,1.0,0.9408192963628365
1428,1fd8eed8897a5667,True,1.0,1.0,1.0,1.0,1.0,1.0,1.0
1429,dff44219172a5f99,True,1.0,1.0,1.0,1.0,1.0,1.0,1.0
1430,ea23b2bb8e5756b8,True,1.0,1.0,0.7479976650604769,1.0,1.0,1.0,0.8949990271085321
1431,1a25d6503c075cc8,True,1.0,1.0,0.6333494680503303,1.0,1.0,1.0,0.847228945020971
1432,c06c4ffcf72653a5,True,1.0,1.0,1.0,1.0,1.0,1.0,1.0
1433,f5f7d39ffe625dda,True,1.0,1.0,0.978333710125546,1.0,1.0,1.0,0.9909723792189776
1434,edd24f4c0a295030,True,1.0,1.0,0.944634977474851,1.0,1.0,1.0,0.9769312406145213
1435,8635c0dd984c51f3,True,1.0,1.0,1.0,1.0,1.0,1.0,1.0
1436,5ca7353cbe4a5cf7,True,1.0,1.0,1.0,1.0,1.0,1.0,1.0
1437,28113a97a08b5ff1,True,1.0,1.0,1.0,1.0,1.0,1.0,1.0
1438,4f8d9bfa869553bb,True,1.0,1.0,1.0,1.0,1.0,1.0,1.0
1439,3fa9c77540225eae,True,1.0,1.0,1.0,1.0,1.0,1.0,1.0
1440,537935a8e7b653f2,True,1.0,1.0,0.5457988614896897,0.0,1.0,0.0,0.39408285895403744
1441,be87511d69ba58e7,True,1.0,1.0,0.9308212698407841,1.0,1.0,1.0,0.9711755291003268
1442,078bc1027dde5d1a,True,1.0,0.0,0.0,1.0,1.0,0.5,0.0
1443,3f3d9b32f2fa53ef,True,1.0,1.0,1.0,1.0,1.0,1.0,1.0
1444,2035406a3a6955be,True,1.0,1.0,0.5465260140172707,1.0,1.0,1.0,0.8110525058405296
1445,352fabb819b95d6c,True,1.0,1.0,0.5634803222232273,1.0,1.0,1.0,0.8181168009263446
1446,dd2b5010e1d25d72,True,1.0,1.0,0.8732747618604753,1.0,1.0,1.0,0.9471978174418648
1447,4d2d174465585abf,True,1.0,1.0,1.0,1.0,1.0,1.0,1.0
1448,3febbde773f15b51,True,1.0,1.0,1.0,1.0,1.0,1.0,1.0
1449,6914bcabdeec5e0f,True,1.0,1.0,0.7692112652510406,1.0,1.0,1.0,0.9038380271879336
1450,31cda9ad4b8257b9,True,1.0,1.0,0.8718436672897658,1.0,1.0,1.0,0.9466015280374025
1451,940ba87d553456c3,True,1.0,1.0,0.5955267820596711,1.0,1.0,1.0,0.8314694925248629
1452,e2fe44045eac5b89,True,1.0,1.0,1.0,1.0,1.0,1.0,1.0
1453,02c8da231eb15ed2,True,1.0,1.0,1.0,1.0,1.0,0.0,1.0
1454,dac5a6aa183b5e73,True,1.0,1.0,0.5594964138326153,1.0,1.0,1.0,0.8164568390969231
1455,e001c497823c5154,True,1.0,1.0,1.0,1.0,1.0,1.0,1.0
1456,bc667a4fc0f454d7,True,1.0,1.0,0.8795593244473782,1.0,1.0,1.0,0.9498163851864075
1457,d9422fc7065e5b62,True,1.0,1.0,0.6310910064360149,1.0,1.0,1.0,0.8462879193483396
1458,0defa8939c9851ea,True,1.0,1.0,1.0,1.0,1.0,1.0,1.0
1459,32a73ed06daa5b0e,True,1.0,1.0,0.8623358640985591,1.0,1.0,1.0,0.9426399433743997
1460,4c5c196977b255f5,True,1.0,1.0,0.8803341047344921,1.0,1.0,1.0,0.9501392103060384
1461,f191de4360a35ad8,True,1.0,1.0,0.601956104439401,1.0,1.0,1.0,0.8341483768497504
1462,2b65a8a29c455d00,True,1.0,1.0,0.8058887283293306,1.0,1.0,1.0,0.9191203034705544
1463,14b839d065b358d0,True,0.5,1.0,0.9760113732357917,0.0,1.0,1.0,0.2866690360907899
1464,52b428b6ff135845,True,1.0,1.0,1.0,1.0,1.0,1.0,1.0
1465,fe0a33d7599a59b3,True,1.0,1.0,0.9480033675902174,1.0,1.0,1.0,0.978334736495924
1466,40ce7057faae541e,True,1.0,1.0,0.8096325621154007,1.0,1.0,1.0,0.9206802342147503
1467,3257b4f1ac7e5b62,True,1.0,1.0,0.78435703863597,1.0,1.0,1.0,0.9101487660983208
1468,8cd3d83dd4825865,True,1.0,1.0,0.8362850005527422,1.0,1.0,1.0,0.9317854168969758
1469,adb5cfe871c55445,True,0.0,1.0,0.0,0.0,1.0,1.0,0.0
1470,07c46d77aba054ec,True,1.0,0.0,0.0,1.0,1.0,0.5,0.0
1471,388391c4b8d45c36,True,1.0,1.0,0.9668704797240995,1.0,1.0,1.0,0.9861960332183748
1472,6d2b59f78d995d9c,True,1.0,1.0,1.0,1.0,1.0,1.0,1.0
1473,ba2973ad6189568b,True,1.0,1.0,0.8039107403849113,0.0,1.0,1.0,0.5016294751603797
1474,f05325ffb9425a4b,True,1.0,1.0,1.0,1.0,1.0,1.0,1.0
1475,584c0bd68dbb55e9,True,1.0,1.0,0.6848635692582175,1.0,1.0,1.0,0.8686931538575906
1476,6326e62f04625791,True,1.0,1.0,1.0,1.0,1.0,1.0,1.0
1477,dcf89e4b93ba5fbe,True,0.0,1.0,0.0,0.0,1.0,1.0,0.0
1478,9c63a8a78f3251d3,True,1.0,1.0,1.0,1.0,1.0,1.0,1.0
1479,79c024b87e175129,True,1.0,1.0,0.9792223622249946,1.0,1.0,1.0,0.9913426509270811
1480,e27b4628314951bb,True,1.0,1.0,0.7852850908719166,1.0,1.0,1.0,0.9105354545299652
1481,134a3394c9b756d9,True,1.0,1.0,0.8512578714818039,1.0,1.0,1.0,0.9380241131174184
1482,bcf92cdb596a5fa2,True,1.0,1.0,0.8305828845272617,1.0,1.0,1.0,0.9294095352196923
1483,0c4f97d3255155e4,True,1.0,1.0,0.7437099822616198,1.0,1.0,1.0,0.8932124926090083
1484,0c6772102cc550ef,True,1.0,1.0,1.0,1.0,1.0,1.0,1.0
1485,14f16328a6c0551e,True,1.0,0.0,0.0,1.0,1.0,1.0,0.0
1486,8b1aea091a6f5a16,True,0.0,1.0,0.0,0.0,1.0,1.0,0.0
1487,8fc41f783d475448,True,1.0,1.0,1.0,1.0,1.0,1.0,1.0
1488,84aade0568085ba5,True,1.0,1.0,0.8910809747385248,1.0,1.0,1.0,0.9546170728077187
1489,bf4d95ea76b75de7,True,1.0,1.0,0.9332267535590739,1.0,1.0,1.0,0.9721778139829474
1490,f33a23766bcb55a6,True,1.0,1.0,0.5676542463946201,1.0,1.0,1.0,0.8198559359977584
1491,e1e4395724c05092,True,1.0,1.0,0.8511877969205583,1.0,1.0,1.0,0.937994915383566
1492,60991b5c52d85113,True,1.0,1.0,1.0,1.0,1.0,1.0,1.0
1493,fbe0e54ef79254bb,True,1.0,1.0,0.7314574378414906,1.0,1.0,1.0,0.8881072657672878
1494,7e9101f6d01a53e0,True,1.0,1.0,0.5329385876866012,1.0,1.0,1.0,0.8053910782027506
1495,61d847c3a95f5032,True,1.0,1.0,0.862057866144228,1.0,1.0,1.0,0.9425241108934284
1496,69976d75e3a5521e,True,1.0,1.0,1.0,1.0,1.0,1.0,1.0
1497,1abf52a927025259,True,1.0,0.0,0.0,1.0,1.0,1.0,0.0
1498,6e395976280452e1,True,1.0,1.0,1.0,1.0,1.0,1.0,1.0
1499,b14ac3255b3b520b,True,1.0,1.0,1.0,1.0,1.0,1.0,1.0
1500,6e49c17c51db5a5c,True,1.0,1.0,0.596088067337239,1.0,1.0,1.0,0.8317033613905163
1501,d66904f908405550,True,1.0,1.0,1.0,1.0,1.0,1.0,1.0
1502,1f55063084fd593c,True,1.0,1.0,1.0,1.0,1.0,1.0,1.0
1503,6410f5684be757b5,True,1.0,1.0,0.6580041262331005,1.0,1.0,1.0,0.8575017192637918
1504,0b232677746253a0,True,1.0,1.0,1.0,1.0,1.0,1.0,1.0
1505,d1d1cb2c2a5b5a29,True,1.0,1.0,0.8065109097758457,1.0,1.0,1.0,0.9193795457399357
1506,3aff98e018195468,True,1.0,1.0,0.91636462273358,1.0,1.0,1.0,0.9651519261389917
1507,a03c5e53159f54c3,True,1.0,1.0,1.0,1.0,1.0,1.0,1.0
1508,40d24af6505f50c9,True,1.0,1.0,0.5700600794344856,1.0,1.0,1.0,0.8208583664310356
1509,1693d395bec753ae,True,1.0,1.0,1.0,1.0,1.0,1.0,1.0
1510,3ea2b59016145c63,True,1.0,1.0,1.0,1.0,1.0,1.0,1.0
1511,39b4d546300958ad,True,1.0,1.0,1.0,1.0,1.0,1.0,1.0
1512,55d6a50a401f52f7,True,1.0,1.0,0.8933547984919701,1.0,1.0,1.0,0.9555644993716541
1513,fa937665dc4a5d08,True,1.0,1.0,1.0,1.0,1.0,1.0,1.0
1514,a1adc0fae78f5a3f,True,1.0,1.0,0.8877540597935923,1.0,1.0,1.0,0.9532308582473301
1515,7900996a42f35f67,True,1.0,1.0,1.0,1.0,1.0,1.0,1.0
1516,8237f47b224952b4,True,1.0,1.0,0.9909011154758658,1.0,1.0,1.0,0.9962087981149441
1517,29c5b3febc2f5704,True,1.0,1.0,0.8359596275719446,1.0,1.0,1.0,0.9316498448216436
1518,ec611f7d00d85b31,True,1.0,1.0,1.0,1.0,1.0,1.0,1.0
1519,994db6ebee835fbd,True,1.0,1.0,1.0,1.0,1.0,1.0,1.0
1520,876aec35f98a5280,True,1.0,1.0,1.0,1.0,1.0,1.0,1.0
1521,03ca1900f09b5d20,True,1.0,1.0,0.8029963980352095,1.0,1.0,1.0,0.9179151658480039
1522,621a9591a97758b8,True,1.0,1.0,0.7009909766413194,1.0,1.0,1.0,0.8754129069338831
1523,3eaf6c916382509b,True,1.0,1.0,0.8549391994012985,1.0,1.0,1.0,0.9395579997505411
1524,4a4316b978495bba,True,1.0,1.0,0.9991398779453035,1.0,1.0,1.0,0.9996416158105431
1525,8a3c6c3502035e11,True,1.0,1.0,0.7528693489644119,1.0,1.0,0.5,0.8970288954018383
1526,1218b6a218b750d8,True,1.0,1.0,1.0,0.0,1.0,1.0,0.5833333333333334
1527,2cbf505c735c5c34,True,1.0,1.0,0.838548154433684,1.0,1.0,1.0,0.9327283976807017
1528,3748f0fadf395c8a,True,1.0,1.0,0.8448492874505837,1.0,1.0,0.0,0.9353538697710766
1529,6561633171e75bb6,True,1.0,1.0,1.0,1.0,1.0,1.0,1.0
1530,26e5c3fb8af15012,True,1.0,1.0,0.6147805217293351,1.0,1.0,1.0,0.8394918840538895
1531,b5cb26f114e3558e,True,0.0,1.0,0.0,0.0,1.0,1.0,0.0
1532,1ecea4b911675b72,True,1.0,1.0,0.7661354280530598,1.0,1.0,1.0,0.9025564283554416
1533,d01d51c26594547c,True,1.0,1.0,1.0,1.0,1.0,1.0,1.0
1534,5f70e91ff9d250f5,True,1.0,1.0,0.7947336272201061,1.0,1.0,1.0,0.9144723446750441
1535,88e453ca4644586f,True,1.0,0.0,0.0,1.0,1.0,1.0,0.0
1536,df30f32cd2ee5633,True,1.0,1.0,1.0,1.0,1.0,1.0,1.0
1537,354ac12e8832565a,True,1.0,1.0,1.0,1.0,1.0,1.0,1.0
1538,901b2d48b2ce5bf1,True,1.0,1.0,0.681935539166837,1.0,1.0,1.0,0.8674731413195155
1539,0715626fc800527e,True,1.0,1.0,1.0,1.0,1.0,1.0,1.0
1540,1719439969a55cc6,True,1.0,1.0,0.9450635402139766,1.0,1.0,1.0,0.9771098084224903
1541,16a2c04634ab5112,True,1.0,1.0,1.0,1.0,1.0,1.0,1.0
1542,b5a8b9b436b05bad,True,1.0,1.0,1.0,1.0,1.0,1.0,1.0
1543,8c7e28b482935cd8,True,1.0,1.0,1.0,1.0,1.0,1.0,1.0
1544,317f5b44a4615e30,True,1.0,1.0,0.9694537405205709,1.0,1.0,1.0,0.9872723918835712
1545,927aa2c8ef7d5b5c,True,1.0,1.0,1.0,1.0,1.0,1.0,1.0
1546,2e5997dafce45eb2,True,1.0,1.0,0.7052182214948793,1.0,1.0,1.0,0.8771742589561997
1547,c32ae6a1954651ec,True,1.0,1.0,0.8752449217820961,1.0,1.0,1.0,0.9480187174092066
1548,3346340e1c275766,True,1.0,0.0,0.0,1.0,1.0,1.0,0.0
1549,b318cf82212f5443,True,1.0,1.0,0.6623873534490147,1.0,1.0,1.0,0.8593280639370895
1550,6a090fe8d71a5f38,True,1.0,1.0,0.8869031013958628,1.0,1.0,1.0,0.9528762922482761
1551,5590042a1aaa5f92,True,1.0,1.0,0.984128770018165,1.0,1.0,1.0,0.9933869875075688
1552,59c00098b95d53b8,True,1.0,1.0,0.6978643177190513,1.0,1.0,1.0,0.874110132382938
1553,ef81756601bc569f,True,1.0,1.0,1.0,1.0,1.0,1.0,1.0
1554,79e011726ebe5aa0,True,1.0,1.0,1.0,1.0,1.0,1.0,1.0
1555,94e8a92d53635c38,True,1.0,1.0,0.648247563071268,1.0,1.0,1.0,0.8534364846130282
1556,de62001a07db556c,True,1.0,0.0,0.0,1.0,1.0,0.0,0.0
1557,81ac4c9af9ea5562,True,1.0,1.0,0.6076448796419198,1.0,1.0,1.0,0.8365186998508
1558,614cdeb09cc25923,True,1.0,1.0,0.8964725324385758,1.0,1.0,1.0,0.95686355518274
1559,d9c700e9e21b50ba,True,1.0,1.0,1.0,1.0,1.0,1.0,1.0
1560,324b5f24fb0c5f3f,True,1.0,1.0,0.6805518738662873,1.0,1.0,1.0,0.866896614110953
1561,9464277f29025ad8,True,1.0,0.0,0.0,1.0,1.0,1.0,0.0
1562,846863e9cd7059c5,True,1.0,1.0,1.0,1.0,1.0,1.0,1.0
1563,74707039ce5550d1,True,1.0,1.0,0.7770122914019173,1.0,1.0,1.0,0.9070884547507988
1564,8ac66bedd6d057d2,True,1.0,1.0,0.5752779040579268,1.0,1.0,1.0,0.8230324600241362
1565,48762908e4705b55,True,1.0,1.0,0.8171719275998924,1.0,1.0,1.0,0.9238216364999552
1566,70ce3fce14785ae5,True,0.0,1.0,0.0,0.0,1.0,1.0,0.0
1567,997fb38ac5d75864,True,1.0,0.0,0.0,1.0,1.0,1.0,0.0
1568,bc73190196b358f6,True,1.0,1.0,1.0,1.0,1.0,1.0,1.0
1569,d42d0a93b7185161,True,1.0,0.0,0.0,1.0,1.0,1.0,0.0
1570,1270261ff182534f,True,1.0,1.0,0.9184728730080455,1.0,1.0,1.0,0.9660303637533523
1571,52c6827af61d5b87,True,1.0,1.0,1.0,1.0,1.0,1.0,1.0
1572,312c0f2f981d51c3,True,1.0,1.0,0.7838273841229937,1.0,1.0,1.0,0.909928076717914
1573,de664d2cb249576d,True,1.0,1.0,0.8992076710707634,1.0,1.0,1.0,0.9580031962794848
1574,785a51e5263b5bec,True,1.0,1.0,0.8352210096178786,1.0,1.0,1.0,0.9313420873407828
1575,0e08da5fbc735956,True,1.0,1.0,0.6988610354179597,1.0,1.0,1.0,0.87452543142415
1576,ffde3cc525b75021,True,1.0,1.0,1.0,1.0,1.0,1.0,1.0
1577,26710ebfab6d528c,True,1.0,1.0,1.0,1.0,1.0,0.5,1.0
1578,49a747ca28cd5d5f,True,1.0,1.0,0.7341518116389472,1.0,1.0,1.0,0.889229921516228
1579,7a90cd45ef505058,True,1.0,1.0,1.0,1.0,1.0,1.0,1.0
1580,578a5ef598b9521f,True,1.0,1.0,1.0,1.0,1.0,1.0,1.0
1581,69ed5efe731251d0,True,1.0,1.0,0.7981968483014283,1.0,1.0,1.0,0.9159153534589285
1582,d2b3f402ba0f55c3,True,1.0,1.0,1.0,1.0,1.0,1.0,1.0
1583,be6f90f06bc35be3,True,1.0,1.0,0.6575815537250501,1.0,1.0,1.0,0.8573256473854376
1584,6b183b48b7175f38,True,1.0,1.0,0.8342625934857208,1.0,1.0,1.0,0.9309427472857171
1585,3a161e0999b15823,True,1.0,1.0,0.7662146213184897,1.0,1.0,1.0,0.9025894255493707
1586,a523d2a173855e96,True,1.0,1.0,1.0,1.0,1.0,1.0,1.0
1587,b4d8ee8da1c153f9,True,0.0,1.0,0.0,0.0,1.0,1.0,0.0
1588,e0416692bc5251ba,True,1.0,1.0,0.708891846606684,1.0,1.0,1.0,0.8787049360861183
1589,dd951db716735c82,True,1.0,1.0,0.653954190284124,1.0,1.0,1.0,0.8558142459517183
1590,e76e7c89a8935276,True,1.0,1.0,0.8560912110072081,1.0,1.0,1.0,0.9400380045863367
1591,667360ba7d595e46,True,1.0,1.0,0.6920892458532679,1.0,1.0,1.0,0.8717038524388615
1592,4ac092ec1bee5e7a,True,1.0,1.0,1.0,1.0,1.0,1.0,1.0
1593,1a5f614c9b815e92,True,1.0,1.0,1.0,1.0,1.0,1.0,1.0
1594,a28e921b642a5936,True,1.0,1.0,0.8076682681295864,1.0,1.0,1.0,0.9198617783873276
1595,cda41068b4b65ae0,True,1.0,0.0,0.0,1.0,1.0,1.0,0.0
1596,9a4575e2dfd75ffb,True,1.0,1.0,0.8940486453724988,1.0,1.0,1.0,0.9558536022385411
1597,86e394f2cb345082,True,1.0,1.0,1.0,1.0,1.0,1.0,1.0
1598,077031ef7dcb5ab4,True,1.0,1.0,1.0,1.0,1.0,1.0,1.0
1599,dfb6fbca92bb5183,True,1.0,1.0,0.8256379049048419,1.0,1.0,1.0,0.9273491270436841
1600,d1e6f085af9b5199,True,1.0,1.0,0.862665692786088,1.0,1.0,1.0,0.9427773719942033
1601,9116e9726a6f59cb,True,1.0,1.0,0.8780599548909079,1.0,1.0,1.0,0.9491916478712117
1602,10b9d1b254f35a74,True,1.0,1.0,0.619528179270606,1.0,1.0,1.0,0.8414700746960859
1603,aec02ec2aec85c06,True,1.0,1.0,0.5574701338212662,1.0,1.0,0.5,0.8156125557588609
1604,6f1be4d182475bc8,True,1.0,1.0,1.0,1.0,1.0,1.0,1.0
1605,fcbe2ed045225b79,True,1.0,0.0,0.0,1.0,1.0,0.0,0.0
1606,5218653349a6502a,True,1.0,1.0,0.8140313129204975,1.0,1.0,1.0,0.9225130470502073
1607,7d423cc4c7b9541a,True,1.0,1.0,0.8579989412540521,1.0,1.0,1.0,0.9408328921891883
1608,1677503060a95d4a,True,1.0,1.0,0.8021461025730053,1.0,1.0,1.0,0.9175608760720856
1609,45f13336bbd35146,True,1.0,1.0,0.875488789887771,1.0,1.0,1.0,0.9481203291199046
1610,5ea36cebd2575b16,True,1.0,1.0,1.0,1.0,1.0,1.0,1.0
1611,4ccc9e33aa795ef1,True,1.0,1.0,1.0,1.0,1.0,1.0,1.0
1612,c37a081992495a0e,True,1.0,0.0,0.0,1.0,1.0,1.0,0.0
1613,eb4bbe69b80d5f12,True,1.0,1.0,0.8704088800589704,1.0,1.0,1.0,0.946003700024571
1614,5795e118157f528f,True,1.0,1.0,0.592435627275382,1.0,1.0,1.0,0.8301815113647425
1615,cdf234c4f4c35156,True,1.0,1.0,0.8319486140860616,1.0,1.0,1.0,0.9299785892025256
1616,30b35ae958ee5bae,True,1.0,1.0,0.7737142709958192,1.0,1.0,1.0,0.9057142795815913
1617,c8aeadf284a05f44,True,1.0,1.0,0.7035235439793603,1.0,1.0,1.0,0.8764681433247334
1618,24edcd5e5b7f546a,True,1.0,1.0,0.9435129862273771,1.0,1.0,1.0,0.976463744261407
1619,086e4501de295946,True,1.0,1.0,1.0,1.0,1.0,1.0,1.0
1620,e699fb1c75b95e57,True,1.0,1.0,0.9619024004272851,1.0,1.0,1.0,0.9841260001780355
1621,87a7a9f8aa325467,True,1.0,1.0,1.0,1.0,1.0,1.0,1.0
1622,ba7d6b30a3a15384,True,1.0,1.0,0.7907642571958114,1.0,1.0,1.0,0.9128184404982548
1623,b0598da891205aa3,True,1.0,1.0,0.7237926926013336,1.0,1.0,1.0,0.8849136219172223
1624,2818ed317df9550a,True,1.0,1.0,0.7783852907259038,1.0,1.0,1.0,0.9076605378024599
1625,b8554777b68750e7,True,1.0,1.0,0.784058852744568,1.0,1.0,1.0,0.9100245219769034
1626,a1e8639c17ac5089,True,1.0,1.0,1.0,1.0,1.0,1.0,1.0
1627,48e14ad3c65c5156,True,1.0,1.0,0.8815313395658307,1.0,1.0,1.0,0.9506380581524295
1628,059ce9cd10135396,True,1.0,1.0,0.9207495670590209,1.0,1.0,1.0,0.966978986274592
1629,1fb997ffe1de58f8,True,1.0,1.0,0.8119308851705787,1.0,1.0,1.0,0.9216378688210746
1630,ca4f746c0a4f5396,True,1.0,1.0,0.713883916042845,1.0,1.0,1.0,0.8807849650178521
1631,078f05d9e9c05230,True,1.0,1.0,0.7813111313695195,1.0,1.0,1.0,0.9088796380706331
1632,a25c025ea58d5409,True,1.0,0.0,0.0,1.0,1.0,0.0,0.0
1633,db29291cd4ee5499,True,1.0,1.0,1.0,1.0,1.0,1.0,1.0
1634,ada62613f2ce5a33,True,1.0,1.0,0.6659456025502241,1.0,1.0,1.0,0.8608106677292601
1635,df2ff4c2c9785df6,True,1.0,1.0,0.8223438723032481,1.0,1.0,1.0,0.9259766134596866
1636,239e3ed3199d5ae6,True,1.0,1.0,0.9746818768784045,1.0,1.0,1.0,0.9894507820326686
1637,59b4bb47cf6656cf,True,1.0,1.0,0.7221441065932491,1.0,1.0,1.0,0.8842267110805205
1638,0af3e039185d57f3,True,1.0,1.0,1.0,1.0,1.0,1.0,1.0
1639,9a00d37375a95d7e,True,1.0,1.0,0.5486756439269491,1.0,1.0,1.0,0.8119481849695621
1640,00a757f8d4e45f8c,True,0.5,0.0,0.0,0.0,1.0,0.5,0.0
1641,f2508193ac0c5f27,True,1.0,1.0,0.6286418740814862,1.0,1.0,1.0,0.8452674475339527
1642,e3aa32e033635c8d,True,1.0,1.0,0.6043779293761002,1.0,1.0,1.0,0.8351574705733751
1643,866edd106b555de6,True,1.0,1.0,0.7531923748220818,1.0,1.0,1.0,0.8971634895092008
1644,d5f845d28a5e513f,True,1.0,0.0,0.0,1.0,1.0,1.0,0.0
1645,1e4f2f231ac0540e,True,1.0,1.0,0.8104734641592389,1.0,1.0,1.0,0.9210306100663495
1646,f9b3a9c625905d77,True,1.0,1.0,0.9782930993992217,1.0,1.0,1.0,0.990955458083009
1647,08e03654c0ca5151,True,1.0,1.0,0.9370784557823016,1.0,1.0,1.0,0.9737826899092923
1648,f096ff143e815978,True,1.0,1.0,0.9821653828007105,1.0,1.0,1.0,0.9925689095002962
1649,03e24d87e7315809,True,1.0,1.0,0.9180369228315989,1.0,1.0,1.0,0.9658487178464995
1650,a5f5f03bc998578d,True,1.0,1.0,0.9822160870125316,0.0,1.0,1.0,0.5759233695885548
1651,6916caadd44a5806,True,1.0,1.0,0.7927106451640974,1.0,1.0,1.0,0.9136294354850406
1652,217307a367fd551a,True,1.0,1.0,0.7283111788058099,1.0,1.0,1.0,0.8867963245024209
1653,8d8f238bb7315004,True,1.0,1.0,0.4585997139702342,1.0,1.0,1.0,0.7744165474875976
1654,210a1c9ce3725a53,True,1.0,1.0,0.9293760712264625,1.0,1.0,1.0,0.970573363011026
1655,de0726643f515304,True,1.0,1.0,0.8317252650280412,1.0,1.0,1.0,0.9298855270950172
1656,ad0beea498f15978,True,1.0,1.0,0.7623680463387237,1.0,1.0,1.0,0.9009866859744683
1657,7cdcc814be255d9f,True,1.0,1.0,0.9779966053580296,1.0,1.0,1.0,0.990831918899179
1658,9a15d775514e5018,True,1.0,1.0,0.7061193241250765,1.0,1.0,1.0,0.8775497183854485
1659,d618ac9cc53c573c,True,1.0,1.0,0.9184751982455236,1.0,1.0,1.0,0.9660313326023015
1660,ecdc079932755e4e,True,1.0,1.0,1.0,1.0,1.0,1.0,1.0
1661,6d93bbdab42255a9,True,1.0,1.0,1.0,1.0,1.0,1.0,1.0
1662,3f5c9cc5b40a5ff5,True,1.0,1.0,0.7005903765624341,1.0,1.0,1.0,0.8752459902343475
1663,116aacf9868e5e4e,True,1.0,1.0,0.9108187923627675,1.0,1.0,1.0,0.9628411634844865
1664,86db4cfb30b55a5e,True,1.0,1.0,0.9290524998103532,1.0,1.0,1.0,0.9704385415876472
1665,8b794f146fda58da,True,1.0,1.0,0.8486867870362734,1.0,1.0,1.0,0.9369528279317807
1666,a04f86a92daf50ba,True,1.0,1.0,0.6156034498329984,1.0,1.0,1.0,0.8398347707637493
1667,94ae12c4703950be,True,1.0,1.0,0.8239890109865062,1.0,1.0,1.0,0.9266620879110442
1668,d46f1077421c5c75,True,1.0,1.0,0.9688650318935327,1.0,1.0,1.0,0.9870270966223053
1669,dd9efbb06b495921,True,1.0,1.0,0.613476205424139,1.0,1.0,1.0,0.8389484189267247
1670,0b6912dfdcf450c1,True,1.0,1.0,1.0,0.0,1.0,1.0,0.5833333333333334
1671,3cf6bf2e7992584c,True,1.0,1.0,1.0,1.0,1.0,1.0,1.0
1672,83be5aa78f7652de,True,1.0,1.0,1.0,1.0,1.0,1.0,1.0
1673,a756084987b256e5,True,1.0,1.0,0.768684719546268,1.0,1.0,1.0,0.9036186331442785
1674,043839beb58a5dad,True,1.0,1.0,0.8336463776515348,1.0,1.0,1.0,0.9306859906881395
1675,e952dd35343958d8,True,1.0,1.0,0.7097487353694311,1.0,1.0,1.0,0.8790619730705963
1676,b5b7e0338624532b,True,1.0,1.0,1.0,1.0,1.0,1.0,1.0
1677,a27fe5d9685c5795,True,1.0,1.0,0.7947015819178724,1.0,1.0,1.0,0.9144589924657801
1678,ab7d0c4a928e5ec9,True,1.0,0.0,0.0,0.0,1.0,0.5,0.0
1679,30638699ab8e575c,True,1.0,1.0,1.0,1.0,1.0,1.0,1.0
1680,7b7ce3374d1e51dc,True,1.0,0.0,0.0,1.0,1.0,1.0,0.0
1681,154d0d1b363f5501,True,1.0,1.0,1.0,1.0,1.0,1.0,1.0
1682,b5ee0c4a00765073,True,1.0,1.0,0.7987305627641966,1.0,1.0,1.0,0.916137734485082
1683,89e02236312d5038,True,1.0,0.0,0.0,1.0,1.0,1.0,0.0
1684,ab9a263dea175465,True,1.0,1.0,0.7291861802741776,1.0,1.0,1.0,0.8871609084475741
1685,0e74f7b5b7c45c1b,True,1.0,1.0,0.8148561966691276,1.0,1.0,1.0,0.9228567486121365
1686,89766121ee605be0,True,1.0,1.0,0.9365398483881928,1.0,1.0,0.5,0.973558270161747
1687,2aade0b3987d5366,True,1.0,1.0,0.9820755638495073,1.0,1.0,1.0,0.9925314849372947
1688,ef0b044d86855ffe,True,1.0,1.0,1.0,1.0,1.0,1.0,1.0
1689,3e44ba1b6a675c54,True,1.0,1.0,0.711916120349036,1.0,1.0,1.0,0.8799650501454317
1690,431840d399445a32,True,1.0,1.0,0.8009909166912597,1.0,1.0,1.0,0.9170795486213582
1691,abdc7a57df4a56cd,True,1.0,1.0,1.0,1.0,1.0,1.0,1.0
1692,c40e41ba1a285e0d,True,1.0,1.0,1.0,1.0,1.0,1.0,1.0
1693,ec02f065af405039,True,1.0,1.0,0.7140888840040777,1.0,1.0,1.0,0.8808703683350324
1694,d39ff27c54d55ef1,True,1.0,1.0,0.9643427583347425,1.0,1.0,1.0,0.9851428159728094
1695,56b0ed5018c25d3f,True,1.0,1.0,1.0,1.0,1.0,0.0,1.0
1696,feb7748995f55bdd,True,1.0,1.0,1.0,1.0,1.0,1.0,1.0
1697,48321ca34be254e5,True,1.0,1.0,0.7565479663599635,1.0,1.0,1.0,0.8985616526499848
1698,abe4fa26de85552d,True,1.0,1.0,1.0,1.0,1.0,1.0,1.0
1699,485b3e83878255b2,True,1.0,1.0,0.852073573032671,1.0,1.0,1.0,0.9383639887636129
1700,2376e90f1bf85c50,True,1.0,1.0,0.8278595815081587,1.0,1.0,1.0,0.9282748256283995
1701,e54d150b34215b84,True,1.0,1.0,0.7387063503396962,1.0,1.0,1.0,0.8911276459748735
1702,53d3787367c75240,True,1.0,1.0,1.0,1.0,1.0,1.0,1.0
1703,ad781cbf672a5485,True,1.0,1.0,0.6902302495629457,1.0,1.0,1.0,0.8709292706512274
1704,4efe0ad78b655ecd,True,1.0,0.0,0.0,1.0,1.0,1.0,0.0
1705,3338ad25c2cc59d1,True,1.0,1.0,0.5762780093735126,1.0,1.0,1.0,0.8234491705722968
1706,ba69be06341d5b2b,True,1.0,1.0,0.9735972187346813,1.0,1.0,1.0,0.9889988411394506
1707,23bd3a02e2855a28,True,0.0,1.0,0.0,0.0,0.0,1.0,0.0
1708,a9f07bb60bd75461,True,1.0,1.0,0.905583555507809,1.0,1.0,1.0,0.9606598147949205
1709,93d5e0dd29bc5e7c,True,1.0,1.0,1.0,1.0,1.0,1.0,1.0
1710,e6025eb182885adb,True,1.0,1.0,0.8167158281820789,1.0,1.0,1.0,0.9236315950758662
1711,5d5cef2e5d6b5d6b,True,1.0,1.0,0.7666674402336912,1.0,1.0,1.0,0.9027781000973714
1712,283f39e817575b93,True,1.0,1.0,0.7549677514739941,1.0,1.0,1.0,0.8979032297808308
1713,9b09b277214d5623,True,1.0,1.0,1.0,1.0,1.0,0.0,1.0
1714,b4c9294d8e3952b8,True,1.0,1.0,0.814925786231956,1.0,1.0,1.0,0.9228857442633149
1715,5a907598a1985222,True,1.0,0.0,0.0,1.0,1.0,1.0,0.0
1716,69f27d25f8a45de1,True,1.0,1.0,1.0,1.0,1.0,1.0,1.0
1717,f94a9ce36b8e5516,True,1.0,1.0,1.0,1.0,1.0,1.0,1.0
1718,4f67484c73e2503a,True,1.0,1.0,0.8515907268816942,1.0,1.0,1.0,0.9381628028673726
1719,a7f3d88fe5e5534e,True,1.0,1.0,1.0,1.0,1.0,1.0,1.0
1720,45408d0676b7570c,True,1.0,1.0,1.0,1.0,1.0,1.0,1.0
1721,eb7ed87b4ef65273,True,1.0,1.0,1.0,1.0,1.0,1.0,1.0
1722,ea9f070b56115301,True,1.0,1.0,0.8636806027460376,1.0,1.0,1.0,0.9432002511441824
1723,1a3c8066b86857b5,True,1.0,1.0,0.9579192442184872,1.0,1.0,1.0,0.982466351757703
1724,ce3a4f649e23590d,True,1.0,1.0,0.8747352612319921,1.0,1.0,1.0,0.9478063588466634
1725,02bfb6340c185b97,True,1.0,1.0,0.6749794203201855,1.0,1.0,1.0,0.8645747584667439
1726,4334739a7f4e554e,True,1.0,1.0,1.0,1.0,1.0,1.0,1.0
1727,4d0df74bfb035f8a,True,1.0,1.0,0.6283044719245896,1.0,1.0,1.0,0.8451268633019123
1728,0c8b9f08bfa25dc2,True,1.0,1.0,1.0,1.0,0.0,1.0,0.8333333333333334
1729,5fadffd02da256e5,True,1.0,1.0,0.783575714818599,1.0,1.0,1.0,0.9098232145077496
1730,93494257467c5e97,True,1.0,1.0,0.7200232364593737,1.0,1.0,1.0,0.8833430151914058
1731,daf715295e7d576b,True,1.0,1.0,1.0,1.0,1.0,1.0,1.0
1732,8c2841e7cecf5047,True,1.0,1.0,0.8234457684548784,1.0,1.0,1.0,0.9264357368561993
1733,6c76134176255a21,True,1.0,1.0,0.9264020632358957,1.0,1.0,1.0,0.9693341930149565
1734,4c3547b853675e66,True,1.0,0.0,0.0,1.0,1.0,1.0,0.0
1735,bc8d053770cf5449,True,1.0,1.0,1.0,1.0,1.0,1.0,1.0
1736,019667e138b95ff0,True,1.0,1.0,0.6571670015251814,1.0,1.0,1.0,0.8571529173021588
1737,430589fe41235469,True,1.0,1.0,0.7652961065018214,1.0,1.0,1.0,0.9022067110424256
1738,2f9c4ea0c97450c6,True,1.0,1.0,1.0,1.0,1.0,1.0,1.0
1739,81d893bd99de519b,True,1.0,1.0,1.0,1.0,1.0,1.0,1.0
1740,f6eec3b743985122,True,1.0,1.0,0.8605221683968235,1.0,1.0,1.0,0.9418842368320098
1741,1862fb50f5b0518a,True,1.0,1.0,0.9469081201418494,1.0,1.0,1.0,0.9778783833924373
1742,9790b7cbcd1a5203,True,1.0,1.0,0.7202571169030539,1.0,1.0,1.0,0.8834404653762725
1743,7766bcc52078528c,True,1.0,1.0,1.0,1.0,1.0,1.0,1.0
1744,c4e94b7583555176,True,1.0,1.0,1.0,0.0,1.0,1.0,0.5833333333333334
1745,9d69a0f2f73f5035,True,1.0,1.0,0.9646252558821641,1.0,1.0,1.0,0.985260523284235
1746,2541de938ff15eee,True,1.0,1.0,0.8466575628937943,1.0,1.0,1.0,0.9361073178724144
1747,4d8b083f00675de2,True,1.0,1.0,1.0,1.0,1.0,1.0,1.0
1748,d1065c7c84e054ae,True,1.0,1.0,1.0,1.0,1.0,1.0,1.0
1749,b95ff3bc9cf45e47,True,1.0,1.0,0.791764488801841,1.0,1.0,1.0,0.9132352036674337
1750,2de709220e34507e,True,1.0,1.0,0.8521887312755102,1.0,1.0,1.0,0.9384119713647959
1751,33e37f9d760a56b1,True,1.0,1.0,0.907101803535052,1.0,1.0,1.0,0.961292418139605
1752,a7b8ffecd36e5dbc,True,1.0,1.0,0.875954318058081,1.0,1.0,1.0,0.9483142991908671
1753,3260b9e0a6ac5b8b,True,1.0,1.0,0.6820616315708458,1.0,1.0,1.0,0.8675256798211857
1754,1d612d6783845a87,True,1.0,1.0,1.0,1.0,1.0,1.0,1.0
1755,80752a827b8253fe,True,1.0,1.0,0.766659224141226,1.0,1.0,1.0,0.9027746767255108
1756,5ae0b5e6a95f5335,True,1.0,1.0,1.0,1.0,1.0,1.0,1.0
1757,1082d34008e05df4,True,1.0,1.0,1.0,1.0,1.0,1.0,1.0
1758,2b5dabfa534156c0,True,1.0,1.0,0.8558075151259236,1.0,1.0,1.0,0.9399197979691348
1759,14b25ce243865457,True,1.0,1.0,0.7818280217064024,1.0,1.0,1.0,0.9090950090443344
1760,88904a762b5f5793,True,1.0,1.0,1.0,1.0,1.0,1.0,1.0
1761,12ca80cc0d575578,True,1.0,1.0,1.0,1.0,1.0,1.0,1.0
1762,ecce119989c25ae9,True,1.0,1.0,0.8383774087228394,1.0,1.0,1.0,0.9326572536345165
1763,97fcdcd35af7563b,True,1.0,1.0,1.0,1.0,1.0,1.0,1.0
1764,e9fcec80707952c3,True,1.0,1.0,0.620772042315227,1.0,1.0,1.0,0.841988350964678
1765,4b347fca93c65596,True,1.0,0.0,0.0,1.0,1.0,1.0,0.0
1766,8df6c22946e5526d,True,1.0,1.0,1.0,1.0,1.0,1.0,1.0
1767,ec097e80d5565caa,True,1.0,1.0,0.6159230815448745,1.0,1.0,1.0,0.8399679506436977
1768,1b0f2e4276945f9a,True,1.0,1.0,1.0,1.0,1.0,1.0,1.0
1769,d83c3b7416f3577e,True,1.0,1.0,0.848858388209051,1.0,1.0,1.0,0.9370243284204379
1770,768ae2e06b1e5d90,True,1.0,1.0,0.8585369238708446,1.0,1.0,1.0,0.9410570516128519
1771,55a63ecf2e985abe,True,1.0,1.0,0.5577005651034722,1.0,1.0,1.0,0.8157085687931134
1772,16d4141f073d52f1,True,1.0,0.0,0.0,1.0,1.0,1.0,0.0
1773,927b73fea33f5218,True,1.0,1.0,0.9054597768890797,1.0,1.0,1.0,0.9606082403704499
1774,03143ef8f2f65a2f,True,1.0,1.0,0.4913527188581872,1.0,1.0,1.0,0.7880636328575781
1775,47e96fba9c115fe7,True,1.0,1.0,1.0,1.0,1.0,1.0,1.0
1776,efeac78f0da05463,True,1.0,1.0,0.7903674896357755,1.0,1.0,1.0,0.9126531206815732
1777,5975a1af11e25fe4,True,1.0,1.0,1.0,1.0,1.0,1.0,1.0
1778,4ac7a80ebf915458,True,1.0,1.0,0.8930377179047988,1.0,1.0,1.0,0.9554323824603328
1779,580b253c853c5ef9,True,1.0,1.0,1.0,1.0,1.0,1.0,1.0
1780,b156e8110afb5efd,True,1.0,1.0,0.8525925828784122,1.0,1.0,1.0,0.938580242866005
1781,3266d9113ede5f3c,True,1.0,1.0,0.8477295504839294,1.0,1.0,1.0,0.9365539793683039
1782,f2e1685f07675799,True,1.0,1.0,0.8418218960680867,1.0,1.0,1.0,0.9340924566950362
1783,d68dba02509b50a3,True,1.0,1.0,0.8697239630234348,1.0,1.0,0.5,0.9457183179264312
1784,9c62f0bf33fd542d,True,1.0,1.0,0.8683276299089611,1.0,1.0,1.0,0.9451365124620672
1785,03d4ec82e7ac5804,True,1.0,1.0,0.8158327942709942,1.0,1.0,1.0,0.923263664279581
1786,578adc6dc97d510f,True,1.0,1.0,0.9099951646613155,1.0,1.0,1.0,0.9624979852755482
1787,e68ddf5be41355dc,True,1.0,1.0,0.8822760035370688,1.0,1.0,1.0,0.950948334807112
1788,765dacfed4925185,True,1.0,1.0,1.0,1.0,1.0,1.0,1.0
1789,4e0667aa6ead5e7d,True,1.0,1.0,0.9301415209334473,1.0,1.0,1.0,0.9708923003889364
1790,3f6732f66f695405,True,1.0,0.0,0.0,1.0,1.0,1.0,0.0
1791,4cc7fc580fe45bd1,True,1.0,1.0,1.0,1.0,1.0,1.0,1.0
1792,66a0abcb3eac57df,True,1.0,1.0,0.6326425668325145,1.0,1.0,1.0,0.8469344028468809
1793,e5e00457df055e1a,True,1.0,1.0,1.0,1.0,1.0,1.0,1.0
1794,fb2ff1ed5e1b529f,True,1.0,1.0,1.0,1.0,1.0,0.5,1.0
1795,f55c530f3875533f,True,1.0,1.0,0.8440383611895259,1.0,1.0,1.0,0.935015983828969
1796,cdc8b2ccd20f5c80,True,1.0,1.0,0.8343220002328242,1.0,1.0,1.0,0.93096750009701
1797,6f0e15842e1b5924,True,1.0,1.0,0.7833383304691036,1.0,1.0,1.0,0.9097243043621265
1798,51fd85d11ea75120,True,1.0,0.0,0.0,1.0,1.0,1.0,0.0
1799,bf4c97f6024b5029,True,1.0,1.0,0.9446229674691625,1.0,1.0,1.0,0.9769262364454844
1800,3be53588a286557f,True,1.0,1.0,0.9703501943242309,1.0,1.0,1.0,0.9876459143017629
1801,4a71a24c376f5388,True,1.0,1.0,1.0,1.0,1.0,1.0,1.0
1802,a3f82403e6945aa7,True,1.0,1.0,0.960186308118155,1.0,1.0,0.5,0.9834109617158978
1803,b22ea864484d514f,True,1.0,1.0,0.9653503123228988,1.0,1.0,1.0,0.9855626301345412
1804,56b80cb2ca2c5983,True,1.0,1.0,0.5826899219719315,1.0,1.0,1.0,0.8261208008216382
1805,508511fd38a15d52,True,1.0,1.0,1.0,1.0,1.0,1.0,1.0
1806,c79b2a28285f5e11,True,1.0,0.0,0.0,1.0,1.0,1.0,0.0
1807,c195a8cb7ccb59fd,True,1.0,0.0,0.0,1.0,1.0,1.0,0.0
1808,0f78ffea52a85031,True,1.0,1.0,1.0,1.0,1.0,1.0,1.0
1809,5fde0c8c8f4b5ecb,True,1.0,1.0,0.7107030408727416,1.0,1.0,1.0,0.8794596003636425
1810,65caa24efb4556af,True,1.0,1.0,0.7627880381498809,1.0,1.0,1.0,0.9011616825624503
1811,2c1f43c6b93c5952,True,1.0,1.0,0.744803465127918,1.0,1.0,1.0,0.8936681104699659
1812,9a3778686fd058d2,True,1.0,1.0,0.7692071628422877,1.0,1.0,1.0,0.9038363178509532
1813,a698a93fec1e57fa,True,1.0,1.0,1.0,1.0,1.0,1.0,1.0
1814,1d7a96e116735b6c,True,1.0,1.0,0.8920147301850028,1.0,1.0,1.0,0.9550061375770845
1815,06b2df49f0455bd0,True,1.0,1.0,0.642185034954081,1.0,1.0,1.0,0.8509104312308672
1816,e82216ae03b05bd4,True,1.0,1.0,1.0,1.0,1.0,1.0,1.0
1817,b0b25b314843551d,True,1.0,1.0,1.0,1.0,1.0,1.0,1.0
1818,7346e23546d15b29,True,1.0,1.0,0.6845507074158554,1.0,1.0,1.0,0.8685627947566065
1819,0b177a1d821055ea,True,1.0,1.0,0.8866258618697435,1.0,1.0,1.0,0.9527607757790598
1820,844760894a04505a,True,1.0,1.0,1.0,1.0,1.0,1.0,1.0
1821,5ad705654fd3547d,True,1.0,1.0,0.8097499439091882,1.0,1.0,1.0,0.9207291432954952
1822,ffe92084016a5795,True,1.0,1.0,0.5087679641954382,1.0,1.0,1.0,0.7953199850814325
1823,516c42e0454456b6,True,1.0,1.0,0.965446421384633,1.0,1.0,1.0,0.9856026755769305
1824,ee6d63d4e8b35518,True,1.0,1.0,0.8558342638093218,1.0,1.0,1.0,0.9399309432538842
1825,83c72c93de355a6b,True,1.0,1.0,1.0,1.0,1.0,1.0,1.0
1826,c8d4707fcc465f8b,True,1.0,1.0,0.9553350897239338,1.0,1.0,1.0,0.9813896207183057
1827,b0a3bbfe213a507b,True,1.0,1.0,1.0,0.0,1.0,1.0,0.5833333333333334
1828,0ef7ecd9c0035467,True,1.0,1.0,0.7936525968509249,1.0,1.0,1.0,0.9140219153545521
1829,239cb4818dc458fd,True,1.0,1.0,1.0,1.0,1.0,1.0,1.0
1830,11bf2d4580ab5bc2,True,1.0,1.0,0.8684383061365847,1.0,1.0,1.0,0.9451826275569103
1831,2b006c0fae365892,True,1.0,1.0,1.0,1.0,1.0,1.0,1.0
1832,76f053cb2f8851c7,True,1.0,1.0,1.0,1.0,1.0,1.0,1.0
1833,3137903199f35224,True,1.0,0.0,0.0,1.0,1.0,1.0,0.0
1834,526a568a22795441,True,0.0,1.0,0.0,0.0,1.0,1.0,0.0
1835,b27bfe84cc545daa,True,1.0,1.0,1.0,1.0,1.0,1.0,1.0
1836,9707c6cbc83556f6,True,1.0,1.0,1.0,1.0,1.0,1.0,1.0
1837,0d2ff90baf395430,True,1.0,1.0,1.0,1.0,1.0,1.0,1.0
1838,d07c624bab3d5a61,True,1.0,1.0,0.8926499865904375,1.0,1.0,1.0,0.9552708277460157
1839,efe7a294e40e5508,True,1.0,1.0,0.9604294395711332,1.0,1.0,1.0,0.9835122664879722
1840,78a50eb4d40e5ffa,True,1.0,1.0,0.6247724493202463,1.0,1.0,1.0,0.8436551872167692
1841,dd54db98a83b5714,True,1.0,1.0,0.7047338029256568,1.0,1.0,1.0,0.8769724178856904
1842,66a924c7d02159cf,True,1.0,1.0,0.5755586885354153,1.0,1.0,1.0,0.823149453556423
1843,72be63ed04f15f97,True,1.0,1.0,1.0,0.0,1.0,1.0,0.5833333333333334
1844,9360bfdb65d153cd,True,1.0,1.0,0.8325117075301203,1.0,1.0,1.0,0.9302132114708833
1845,f8b8b8ee49205def,True,1.0,0.0,0.0,1.0,1.0,1.0,0.0
1846,89df824d0cfd525e,True,1.0,1.0,0.7169843267767398,1.0,1.0,1.0,0.8820768028236415
1847,7eb33ecbb32d5a60,True,1.0,1.0,1.0,1.0,1.0,1.0,1.0
1848,b15572e37ce95d98,True,1.0,1.0,1.0,1.0,1.0,1.0,1.0
1849,ad2bbc4542205912,True,1.0,1.0,0.8619558186000889,1.0,1.0,1.0,0.9424815910833703
1850,38d4aa43f5f25eeb,True,1.0,1.0,1.0,1.0,1.0,1.0,1.0
1851,396c599d06e65f68,True,0.0,0.0,0.0,0.0,1.0,1.0,0.0
1852,8b1193abd0b75de0,True,1.0,1.0,0.9430128378706485,1.0,1.0,1.0,0.9762553491127702
1853,2a30c259f67c561d,True,1.0,1.0,0.6626900515631156,1.0,1.0,1.0,0.8594541881512981
1854,5cd75b90a44e5a65,True,1.0,1.0,1.0,1.0,1.0,1.0,1.0
1855,eda3453c6d5355e0,True,1.0,1.0,0.7801757652288647,1.0,1.0,1.0,0.9084065688453603
1856,c62dafe55b9d538d,True,1.0,1.0,1.0,1.0,1.0,1.0,1.0
1857,2ee44628526e524c,True,1.0,1.0,0.7797606587213383,1.0,1.0,1.0,0.9082336078005576
1858,f860a73be2cd5fe5,True,1.0,1.0,0.9009021346573726,1.0,1.0,1.0,0.9587092227739052
1859,6ac603d43fbb57ef,True,1.0,1.0,0.8812665413113226,1.0,1.0,1.0,0.9505277255463844
1860,e8850900bade58f6,True,1.0,1.0,1.0,1.0,1.0,1.0,1.0
1861,488822d6447b5b58,True,1.0,1.0,0.560139186136226,1.0,1.0,1.0,0.8167246608900941
1862,49bdbf5ee25c5024,True,1.0,0.0,0.0,1.0,1.0,1.0,0.0
1863,7c68734f0453501c,True,1.0,1.0,1.0,1.0,1.0,1.0,1.0
1864,313a7548b23b5b8f,True,1.0,1.0,0.8296870760913021,1.0,1.0,1.0,0.9290362817047093
1865,7316c116f05d57a5,True,1.0,1.0,0.9009142646051539,1.0,1.0,0.5,0.9587142769188141
1866,3c46be05cd7a5cdf,True,1.0,1.0,0.6860766041560024,1.0,1.0,1.0,0.8691985850650009
1867,4c24c3efe0e4519d,True,1.0,1.0,0.7933779286881477,1.0,1.0,1.0,0.9139074702867283
1868,97628f2e9ee55826,True,1.0,1.0,0.7948506012957411,1.0,1.0,1.0,0.9145210838732254
1869,2bc2525a4ee95ef4,True,1.0,1.0,1.0,1.0,1.0,1.0,1.0
1870,6ba5ed2f323f53e2,True,1.0,1.0,1.0,1.0,1.0,1.0,1.0
1871,f34af4dbbbd35a23,True,1.0,1.0,0.9723026286200562,1.0,1.0,1.0,0.9884594285916902
1872,dd162898ecf351d4,True,0.0,1.0,0.0,0.0,1.0,1.0,0.0
1873,50209c502bd157c8,True,1.0,1.0,0.6911338732949209,1.0,1.0,1.0,0.8713057805395504
1874,9dc5a17094e0569d,True,1.0,1.0,1.0,1.0,1.0,1.0,1.0
1875,d3d9e16508ae5756,True,1.0,0.0,0.0,1.0,1.0,1.0,0.0
1876,2aa414aa9a9057fb,True,1.0,1.0,0.703016879047594,1.0,1.0,1.0,0.8762570329364975
1877,3ce814811e5252dc,True,1.0,1.0,0.9654611386157539,1.0,1.0,1.0,0.9856088077565642
1878,0a954cc695e751ab,True,1.0,1.0,0.7753047265252242,1.0,1.0,1.0,0.90637696938551
1879,b04c892043a352d3,True,1.0,1.0,1.0,1.0,1.0,1.0,1.0
1880,da365ed766db5a6a,True,1.0,1.0,1.0,1.0,1.0,1.0,1.0
1881,9d02128f653455a3,True,1.0,1.0,1.0,0.0,1.0,1.0,0.5833333333333334
1882,a4f2f32aa59f53b9,True,1.0,1.0,0.9350405847522314,1.0,1.0,1.0,0.9729335769800964
1883,562f38636f975be4,True,1.0,1.0,1.0,1.0,1.0,1.0,1.0
1884,7c150adbe5225f20,True,1.0,1.0,0.9780328333382624,1.0,1.0,1.0,0.9908470138909427
1885,482989b8df6550b5,True,0.0,1.0,0.0,1.0,1.0,1.0,0.0
1886,dadda73214d15baf,True,1.0,1.0,0.9038821024086354,1.0,1.0,1.0,0.9599508760035981
1887,10779d3fd7815d2f,True,1.0,1.0,0.8077090809972454,1.0,1.0,1.0,0.9198787837488522
1888,8b8b41a9d00e5e32,True,1.0,1.0,0.8448602627815883,1.0,1.0,1.0,0.9353584428256618
1889,3baa70a146f055d2,True,1.0,1.0,0.8261351591665007,1.0,1.0,1.0,0.9275563163193753
1890,1766fa78fd10576e,True,1.0,1.0,1.0,1.0,1.0,1.0,1.0
1891,c13f0e8db9b15c69,True,1.0,1.0,1.0,1.0,1.0,1.0,1.0
1892,9e032298e808528a,True,1.0,1.0,0.5995269266754342,1.0,1.0,1.0,0.8331362194480976
1893,8a02c25b58bb5a2b,True,1.0,1.0,1.0,1.0,1.0,1.0,1.0
1894,cbe2fffee4105dbf,True,1.0,1.0,0.7803883242640842,1.0,1.0,1.0,0.9084951351100351
1895,1eed252c6ca25157,True,1.0,1.0,0.5529537826753945,1.0,1.0,1.0,0.8137307427814143
1896,484b6d9a28f350bd,True,1.0,1.0,0.8358701044130066,1.0,1.0,1.0,0.9316125435054193
1897,14d171fcb9295596,True,1.0,1.0,1.0,1.0,1.0,1.0,1.0
1898,683e518fbfa650d5,True,1.0,1.0,1.0,1.0,1.0,1.0,1.0
1899,070b688b49225760,True,1.0,1.0,1.0,1.0,1.0,1.0,1.0
1900,bd646d9caaef57d8,True,1.0,1.0,1.0,1.0,1.0,1.0,1.0
1901,34b812e4de1a536b,True,1.0,1.0,0.7798447012110581,1.0,1.0,0.5,0.9082686255046074
1902,47ece51118f95d1d,True,1.0,1.0,1.0,1.0,1.0,1.0,1.0
1903,8b1d45137881582a,True,1.0,1.0,0.5693089934962913,1.0,1.0,1.0,0.820545413956788
1904,ec3a67acceec55cc,True,1.0,1.0,1.0,1.0,1.0,1.0,1.0
1905,d3fe95784a34578f,True,1.0,1.0,0.8683660972868901,1.0,1.0,1.0,0.9451525405362041
1906,cd828def214c571e,True,1.0,1.0,0.8832744241464804,1.0,1.0,1.0,0.9513643433943667
1907,624b5f7f1f4a503e,True,1.0,1.0,0.6007071372087852,1.0,1.0,1.0,0.8336279738369937
1908,61e3a4acbdf55ffe,True,1.0,1.0,0.6298469712507476,1.0,1.0,1.0,0.8457695713544782
1909,52ed9777731d5ba8,True,1.0,1.0,0.9115687758994258,1.0,1.0,1.0,0.9631536566247606
1910,bbc8e4799fe85548,True,1.0,1.0,0.8118228673052492,1.0,1.0,1.0,0.9215928613771872
1911,f35274c7a16657d7,True,1.0,1.0,0.8668121920446326,1.0,1.0,1.0,0.9445050800185969
1912,40c083a3c4ff5b45,True,0.5,0.0,0.0,0.0,1.0,1.0,0.0
1913,2ee34c8975525f5c,True,1.0,1.0,1.0,0.0,1.0,1.0,0.5833333333333334
1914,87da3996575459a8,True,1.0,1.0,0.6203499811798893,1.0,1.0,1.0,0.8418124921582871
1915,5fe40d882c3b545f,True,1.0,1.0,1.0,1.0,1.0,1.0,1.0
1916,ed77d7ff214f53aa,True,1.0,1.0,0.9386992112192775,1.0,1.0,1.0,0.974458004674699
1917,291d82d04ec359e0,True,1.0,1.0,0.7499189015404895,1.0,1.0,1.0,0.8957995423085373
1918,e8d7197f07635cfb,True,1.0,1.0,1.0,1.0,1.0,1.0,1.0
1919,cdfc50d75d0c56df,True,1.0,1.0,1.0,1.0,1.0,1.0,1.0
1920,828b1011212253c6,True,1.0,1.0,1.0,1.0,1.0,1.0,1.0
1921,6d08dce7cfaa5035,True,1.0,1.0,1.0,1.0,1.0,1.0,1.0
1922,8790ecedb8ac580e,True,1.0,1.0,1.0,0.0,1.0,1.0,0.5833333333333334
1923,132ea05c88d355ca,True,1.0,1.0,0.8092420783151658,1.0,1.0,1.0,0.9205175326313192
1924,fbc91394092b5dbb,True,1.0,1.0,0.7739080394941643,1.0,1.0,1.0,0.9057950164559019
1925,3c90de2a12a558b2,True,1.0,1.0,0.7485784766321807,1.0,1.0,1.0,0.8952410319300753
1926,3e41024d080454b5,True,1.0,1.0,1.0,1.0,1.0,1.0,1.0
1927,6fbdacdf660253b6,True,1.0,1.0,0.8512602733024455,1.0,1.0,1.0,0.938025113876019
1928,747f309bac56509f,True,1.0,1.0,0.9121801587133721,1.0,1.0,1.0,0.963408399463905
1929,ad8e3279524854c3,True,1.0,1.0,0.8616397528265264,1.0,1.0,1.0,0.9423498970110527
1930,5209e1f6a97e592a,True,1.0,1.0,0.7610983223810752,1.0,1.0,1.0,0.900457634325448
1931,7fcd3691c57b5f49,True,1.0,1.0,0.8895520758649366,1.0,1.0,1.0,0.9539800316103902
1932,d3322747793a5dda,True,1.0,1.0,1.0,1.0,1.0,1.0,1.0
1933,d8d39177bd96593d,True,1.0,1.0,0.7862285917790005,1.0,1.0,1.0,0.9109285799079169
1934,88152114a47d5175,True,1.0,1.0,1.0,1.0,1.0,1.0,1.0
1935,f1992f61c13e5998,True,1.0,1.0,0.9557956132154034,1.0,1.0,1.0,0.981581505506418
1936,d5ea47f2ec1550b2,True,1.0,1.0,0.8593771667378672,1.0,1.0,1.0,0.9414071528074447
1937,0706e8bf25805e91,True,1.0,1.0,0.9747602957926262,1.0,1.0,1.0,0.9894834565802609
1938,c9903c96ff4153fe,True,1.0,1.0,0.9613259563210245,1.0,1.0,1.0,0.98388581513376
1939,089e3eac4f7e5c5c,True,1.0,1.0,0.9081844023041773,1.0,1.0,1.0,0.961743500960074
1940,92106b8512315c03,True,1.0,1.0,1.0,1.0,1.0,1.0,1.0
1941,c06d7badaabb5a9f,True,1.0,1.0,0.9689895907315328,1.0,1.0,1.0,0.9870789961381387
1942,4dde36d102a4526b,True,1.0,1.0,1.0,1.0,1.0,1.0,1.0
1943,88538f4b41cc5d4a,True,1.0,1.0,1.0,0.0,1.0,1.0,0.5833333333333334
1944,c404e4b4b7a455d3,True,0.0,1.0,0.0,0.0,1.0,1.0,0.0
1945,aa84169dd1f3538d,True,1.0,1.0,1.0,1.0,1.0,1.0,1.0
1946,fcdcb2e456bf5360,True,1.0,1.0,0.6269709011555158,1.0,1.0,1.0,0.8445712088147982
1947,9900336c08095d0f,True,1.0,1.0,0.7663449793946061,1.0,1.0,1.0,0.9026437414144192
1948,0dff39153a005f4f,True,1.0,1.0,0.8060724318157588,1.0,1.0,1.0,0.9191968465898995
1949,ad84af7b33615884,True,1.0,1.0,1.0,1.0,1.0,0.0,1.0
1950,f41cf739059453a4,True,1.0,1.0,0.5977950211570034,1.0,1.0,1.0,0.8324145921487514
1951,b3899f957ebe5684,True,1.0,1.0,0.9466860712102444,1.0,1.0,1.0,0.9777858630042685
1952,a43d45f7369d5489,True,1.0,1.0,1.0,1.0,1.0,1.0,1.0
1953,ee8e4ad158ef5a8d,True,1.0,1.0,1.0,1.0,1.0,1.0,1.0
1954,024fd1e792395805,True,1.0,1.0,0.900351642478251,1.0,1.0,1.0,0.9584798510326046
1955,78e8eab14d8e5d65,True,1.0,1.0,0.8329747890577404,1.0,1.0,1.0,0.9304061621073917
1956,b3c1a2ac292d5e3f,True,1.0,1.0,1.0,1.0,1.0,1.0,1.0
1957,1faa29a936cd5277,True,1.0,1.0,0.8511292837565738,1.0,1.0,1.0,0.9379705348985725
1958,1bdfacbfcff75c27,True,1.0,1.0,0.8196137250695107,1.0,1.0,1.0,0.9248390521122962
1959,3e96578a903d59d8,True,1.0,1.0,0.9049252309735877,1.0,1.0,1.0,0.9603855129056615
1960,975e6554112f5a46,True,1.0,1.0,1.0,1.0,1.0,1.0,1.0
1961,e2ae05340dba502d,True,1.0,0.0,0.0,1.0,1.0,0.5,0.0
1962,ad2ceb40a046543c,True,1.0,1.0,1.0,1.0,1.0,1.0,1.0
1963,70428e7a613e55cc,True,1.0,1.0,0.931235316658508,1.0,1.0,1.0,0.9713480486077116
1964,da0aac1f6c225eca,True,1.0,1.0,0.6265541532333672,1.0,1.0,1.0,0.8443975638472363
1965,2d7bc87644e85744,True,1.0,1.0,1.0,1.0,1.0,1.0,1.0
1966,c4a50f520ab75da6,True,1.0,1.0,1.0,1.0,1.0,1.0,1.0
1967,7f0309b4cbb85029,True,1.0,1.0,0.761481542348979,1.0,1.0,1.0,0.9006173093120746
1968,7edc6539f71a5a79,True,1.0,1.0,1.0,1.0,1.0,1.0,1.0
1969,7ff27f83a8995932,True,1.0,1.0,1.0,1.0,1.0,1.0,1.0
1970,d4d21ecb8e4058e8,True,0.0,1.0,0.0,0.0,1.0,1.0,0.0
1971,3e053f89d1c55a7e,True,1.0,1.0,0.8779709152649267,1.0,1.0,1.0,0.9491545480270528
1972,d3e99c65bb2a5d79,True,0.5,0.0,0.0,0.0,1.0,1.0,0.0
1973,3a4e9626c9aa5fa0,True,1.0,1.0,0.960046758191137,1.0,1.0,1.0,0.9833528159129737
1974,970cfee3bc7d5e3d,True,1.0,1.0,0.942025286816324,0.0,1.0,1.0,0.5591772028401351
1975,0ba42ee3c2555502,True,1.0,1.0,0.7348451759433211,1.0,1.0,1.0,0.8895188233097171
1976,feff00cef4985d6b,True,1.0,1.0,0.8800810573708485,1.0,1.0,1.0,0.9500337739045203
1977,d2f121776fd05b4b,True,1.0,1.0,1.0,1.0,1.0,1.0,1.0
1978,f9ed38d9ddfa531e,True,1.0,0.0,0.0,0.0,1.0,1.0,0.0
1979,f49f94b388d8561d,True,1.0,1.0,1.0,1.0,1.0,1.0,1.0
1980,e54d6de2e70157b0,True,1.0,1.0,1.0,1.0,1.0,1.0,1.0
1981,e71bd2560b255f76,True,1.0,1.0,1.0,1.0,1.0,1.0,1.0
1982,236914bd075052ca,True,1.0,1.0,0.8087136307409467,1.0,1.0,1.0,0.920297346142061
1983,dc5bfa6f51225853,True,1.0,1.0,0.8968698247596898,1.0,1.0,1.0,0.9570290936498708
1984,e22c42694be05703,True,1.0,1.0,0.781502177578862,1.0,1.0,1.0,0.9089592406578592
1985,36e98388f7a35159,True,1.0,1.0,1.0,1.0,1.0,1.0,1.0
1986,f0cdcc3967335c01,True,1.0,1.0,1.0,1.0,1.0,1.0,1.0
1987,79a151c333745253,True,1.0,1.0,0.8616700112346584,1.0,1.0,1.0,0.9423625046811077
1988,e59a5171c33c5af9,True,0.0,1.0,0.0,0.0,1.0,1.0,0.0
1989,c2ce362b9cf95fee,True,1.0,1.0,0.7581622459323517,1.0,1.0,1.0,0.8992342691384799
1990,103c3ee1db23521d,True,1.0,1.0,0.8600226110277842,1.0,1.0,1.0,0.9416760879282434
1991,a6c24c9ca7335016,True,1.0,1.0,1.0,1.0,1.0,1.0,1.0
1992,ed95bd64d5a555c8,True,1.0,1.0,0.7944483325681599,1.0,1.0,1.0,0.9143534719034
1993,aa1b434771cb52d0,True,1.0,1.0,1.0,1.0,1.0,1.0,1.0
1994,5f2d040ee3bf5c6e,True,1.0,1.0,0.9333017682795679,0.0,1.0,1.0,0.55554240344982
1995,594e39f9024a5835,True,1.0,1.0,0.8468230492934548,1.0,1.0,1.0,0.9361762705389395
1996,ad517de61e355d8d,True,1.0,1.0,0.7266826692431966,1.0,1.0,1.0,0.8861177788513319
1997,5c9d51dc830453c5,True,1.0,1.0,0.7810252026229374,1.0,1.0,1.0,0.9087605010928906
1998,55e018d3bd3d5abc,True,1.0,1.0,1.0,1.0,1.0,1.0,1.0
1999,93bdcee4c814567c,True,1.0,1.0,0.8087609867057249,0.0,1.0,1.0,0.5036504111273854
2000,5403d4e6179a5354,True,1.0,1.0,0.7279067412865409,1.0,1.0,1.0,0.8866278088693921
2001,a3c54d0e80375911,True,1.0,1.0,1.0,1.0,1.0,1.0,1.0
2002,df2b37f4a1b85a4e,True,1.0,1.0,0.8821167804659915,1.0,1.0,1.0,0.9508819918608298
2003,4d8c41cf686957d1,True,1.0,1.0,1.0,1.0,1.0,1.0,1.0
2004,c763328b4b3855b6,True,1.0,1.0,0.9714937903357865,1.0,1.0,1.0,0.988122412639911
2005,cbd04a396e145288,True,1.0,1.0,1.0,1.0,1.0,1.0,1.0
2006,84409129e8075bca,True,1.0,0.0,0.0,1.0,1.0,0.5,0.0
2007,9f309ebf66645913,True,1.0,1.0,0.895176825393202,1.0,1.0,1.0,0.9563236772471675
2008,eb6c8a396bb75a89,True,1.0,1.0,1.0,1.0,1.0,1.0,1.0
2009,8d06ea883e7853a9,True,1.0,1.0,0.7885191717766153,1.0,1.0,1.0,0.9118829882402565
2010,8abfcd61303b52df,True,1.0,1.0,0.7211981394823365,1.0,1.0,1.0,0.8838325581176402
2011,f7e52770089e5230,True,1.0,1.0,0.7279388058175753,1.0,1.0,1.0,0.8866411690906565
2012,e3ee2f8d1057557d,True,1.0,0.0,0.0,1.0,1.0,1.0,0.0
2013,88454b0190ff551f,True,1.0,1.0,1.0,1.0,1.0,1.0,1.0
2014,0d50bb8976e45ea7,True,1.0,1.0,1.0,1.0,1.0,1.0,1.0
2015,8f1247f8436c5208,True,1.0,1.0,0.8785356466108059,1.0,1.0,1.0,0.9493898527545025
2016,4e27d27410c85f81,True,1.0,1.0,0.7709784996793995,1.0,1.0,1.0,0.9045743748664165
2017,24e453c47f635ae2,True,1.0,1.0,0.7417333916472373,1.0,1.0,1.0,0.8923889131863488
2018,0c318d7923d15b78,True,1.0,1.0,1.0,1.0,1.0,1.0,1.0
2019,4dd55e4b78955eca,True,1.0,1.0,0.9919085833735708,1.0,1.0,1.0,0.9966285764056545
2020,b8873bb7c3f35d15,True,1.0,1.0,1.0,0.0,1.0,1.0,0.5833333333333334
2021,4fabf8c780005e4f,True,1.0,1.0,0.8112919803440723,1.0,1.0,1.0,0.9213716584766969
2022,0b5b1309df2f5627,True,1.0,1.0,0.6702534147259643,1.0,1.0,1.0,0.8626055894691519
2023,5022f5d01ba85e74,True,1.0,1.0,0.6570832536127296,1.0,1.0,1.0,0.8571180223386373
2024,b7784f3cdf6b5991,True,1.0,1.0,0.5348217001587818,1.0,1.0,1.0,0.8061757083994925
2025,215c38293c335e25,True,1.0,1.0,0.8309927061714005,1.0,1.0,1.0,0.9295802942380836
2026,8a92561fdd0750ad,True,1.0,1.0,0.8354772865948038,1.0,1.0,1.0,0.9314488694145014
2027,20c8f9038443596e,True,1.0,1.0,0.7893004804994657,1.0,1.0,1.0,0.912208533541444
2028,9313777d021e5255,True,1.0,1.0,1.0,1.0,1.0,1.0,1.0
2029,e9597ce7a5a7589b,True,1.0,1.0,1.0,1.0,1.0,1.0,1.0
2030,a77872c55f1b52a1,True,1.0,1.0,0.8116026636381077,1.0,1.0,1.0,0.9215011098492116
2031,ca6a8cc7012a5fac,True,1.0,1.0,0.7533893058711952,1.0,1.0,1.0,0.8972455441129981
2032,008d6e3394a65c1f,True,1.0,1.0,1.0,1.0,1.0,1.0,1.0
2033,7780e502545a5df7,True,1.0,1.0,0.7307006812700664,1.0,1.0,1.0,0.8877919505291944
2034,e5e1dbb69578517b,True,1.0,0.0,0.0,1.0,1.0,0.5,0.0
2035,c2cfb091173a5ca2,True,1.0,1.0,1.0,1.0,1.0,1.0,1.0
2036,42b4245406ee5ab8,True,1.0,1.0,0.9261397150810091,1.0,1.0,1.0,0.9692248812837537
2037,0f83bb5cecbe56df,True,1.0,1.0,0.8088043316339918,1.0,1.0,1.0,0.92033513818083
2038,e2080118123b5cc8,True,1.0,1.0,0.653624227074859,1.0,1.0,1.0,0.8556767612811913
2039,ccd1908db4765e03,True,1.0,1.0,1.0,0.0,1.0,0.0,0.5833333333333334
2040,eb2304df049d5ce3,True,1.0,1.0,1.0,1.0,1.0,1.0,1.0
2041,66ca1ffcef4354e9,True,1.0,1.0,0.6877763168963382,1.0,1.0,1.0,0.8699067987068076
2042,755461a5329554de,True,1.0,1.0,0.8641727754322699,1.0,1.0,1.0,0.943405323096779
2043,fc529b3abdc65998,True,1.0,1.0,1.0,1.0,1.0,1.0,1.0
2044,169528411ca85ba4,True,1.0,1.0,0.9243571393654009,1.0,1.0,1.0,0.9684821414022503
2045,ed5defe615515789,True,1.0,1.0,0.8896491506072555,1.0,1.0,0.5,0.9540204794196897
2046,dd9b1479609c5c59,True,1.0,0.0,0.0,1.0,1.0,1.0,0.0
2047,39a769c19105586e,True,1.0,1.0,0.6197447328297547,1.0,1.0,1.0,0.8415603053457312
2048,2403645ef4fe5b10,True,1.0,1.0,0.8971966824884818,1.0,1.0,1.0,0.9571652843702007
2049,86d5685d21d15ee9,True,1.0,1.0,0.7129369555674663,1.0,1.0,1.0,0.880390398153111
2050,cdae0433bb5d5b9e,True,1.0,1.0,1.0,1.0,1.0,1.0,1.0
2051,93141bb128bd5a34,True,1.0,1.0,0.7974509703357558,1.0,1.0,1.0,0.9156045709732316
2052,8c554c3017d05e9b,True,1.0,1.0,0.8729032427088113,1.0,1.0,1.0,0.9470430177953381
2053,79cfc07ef4645c81,True,1.0,1.0,0.6209519634782809,1.0,1.0,1.0,0.8420633181159504
2054,f1494fd9840c5014,True,1.0,1.0,1.0,1.0,1.0,1.0,1.0
2055,ff4125f507e35f9b,True,1.0,0.0,0.0,1.0,1.0,0.0,0.0
2056,d57dda19866556c3,True,1.0,1.0,0.8275018855784186,1.0,1.0,1.0,0.9281257856576745
2057,e7daf964463c530b,True,1.0,1.0,1.0,1.0,1.0,0.0,1.0
2058,ea85208e83eb57b6,True,1.0,1.0,1.0,1.0,1.0,1.0,1.0
2059,963324efc6715315,True,1.0,1.0,1.0,1.0,1.0,1.0,1.0
2060,9f4c04b7214b52a8,True,1.0,1.0,1.0,1.0,1.0,1.0,1.0
2061,19488eb3301f5d26,True,1.0,1.0,0.8284042711862204,1.0,1.0,1.0,0.9285017796609253
2062,4631b80af7fb5f2f,True,1.0,1.0,1.0,1.0,1.0,1.0,1.0
2063,df284ad97ad55a31,True,1.0,1.0,0.8066219763278013,1.0,1.0,1.0,0.9194258234699172
2064,06279fdb46815c6c,True,1.0,1.0,1.0,1.0,1.0,0.5,1.0
2065,5a90354cbaa45cc2,True,1.0,1.0,0.763737734169865,1.0,1.0,1.0,0.9015573892374439
2066,18c781197c445d64,True,1.0,1.0,1.0,1.0,1.0,1.0,1.0
2067,50613cf56a8d5a38,True,1.0,1.0,0.9270847580428087,1.0,1.0,1.0,0.9696186491845036
2068,cd67b6a868ed5745,True,1.0,1.0,1.0,1.0,1.0,1.0,1.0
2069,639b55d4b2b65d0a,True,1.0,1.0,0.9160169416231253,1.0,1.0,1.0,0.9650070590096357
2070,ea91c9a3a75f514c,True,1.0,1.0,0.7919162944392506,1.0,1.0,1.0,0.9132984560163543
2071,34ed4880444350af,True,1.0,1.0,0.9833437908057381,1.0,1.0,1.0,0.9930599128357241
2072,1c62222c7c0b522f,True,1.0,1.0,1.0,1.0,1.0,1.0,1.0
2073,356738fb8224508b,True,1.0,1.0,1.0,1.0,1.0,1.0,1.0
2074,4fbdc88ce3f75540,True,1.0,1.0,0.8920955557855015,1.0,1.0,1.0,0.9550398149106257
2075,cb70f332bc5f5bcf,True,1.0,1.0,1.0,1.0,1.0,1.0,1.0
2076,89ae8d041c145f8f,True,1.0,1.0,1.0,1.0,1.0,1.0,1.0
2077,42b065f7e76d50ed,True,1.0,1.0,1.0,1.0,1.0,1.0,1.0
2078,4201a91014c852a8,True,1.0,1.0,0.8313625944004795,1.0,1.0,1.0,0.9297344143335332
2079,f14a3d3672035597,True,1.0,1.0,1.0,1.0,1.0,1.0,1.0
2080,6d7754fdda3a50a6,True,1.0,1.0,0.8651518013029821,1.0,1.0,1.0,0.9438132505429092
2081,2002780575295bdc,True,1.0,1.0,1.0,1.0,1.0,1.0,1.0
2082,31cdd1b336305b1a,True,1.0,1.0,0.8001132795492402,1.0,1.0,1.0,0.9167138664788501
2083,36650ce9087150de,True,1.0,1.0,0.6694831458304509,1.0,1.0,1.0,0.8622846440960212
2084,071d69045acb5971,True,1.0,0.0,0.0,1.0,1.0,0.0,0.0
2085,515fefed28a65a88,True,1.0,1.0,0.7840925292639073,1.0,1.0,1.0,0.9100385538599612
2086,ba190b181dc85a2b,True,1.0,1.0,0.8782541480668828,1.0,1.0,1.0,0.9492725616945346
2087,e40bf2ac511950c4,True,1.0,1.0,0.9637952327898317,1.0,1.0,1.0,0.9849146803290966
2088,b0070f55eda95848,True,1.0,1.0,0.844252353972681,1.0,1.0,1.0,0.9351051474886171
2089,699a6c3e2fc4597e,True,1.0,1.0,0.8737157470543789,1.0,1.0,1.0,0.9473815612726578
2090,c665621fe4e455cb,True,1.0,1.0,0.5430218215412732,1.0,1.0,1.0,0.8095924256421972
2091,5d7eedc503ef575c,True,1.0,1.0,1.0,1.0,1.0,1.0,1.0
2092,71031bf46f1b5cb8,True,0.0,1.0,0.0,0.0,1.0,0.5,0.0
2093,97b1ea53fad65625,True,1.0,1.0,0.9796005412103694,1.0,1.0,1.0,0.9915002255043207
2094,ef9b600e65ac5391,True,1.0,1.0,0.7750484633923274,1.0,1.0,1.0,0.9062701930801363
2095,0f622aef14545f59,True,1.0,1.0,0.8360754138382553,1.0,1.0,1.0,0.9316980890992731
2096,282855be37635ecc,True,1.0,1.0,1.0,1.0,1.0,1.0,1.0
2097,79596c3c8ac45e5e,True,1.0,1.0,1.0,1.0,1.0,1.0,1.0
2098,3047f87f67555d16,True,1.0,1.0,1.0,1.0,1.0,1.0,1.0
2099,86cb3350b50b570b,True,1.0,1.0,0.7186989611188817,1.0,1.0,1.0,0.8827912337995341
2100,777c2c183e49504e,True,1.0,1.0,0.979096625279186,1.0,1.0,1.0,0.9912902605329942
2101,60826aa0bcfc5225,True,1.0,1.0,1.0,1.0,1.0,1.0,1.0
2102,00185dab0ba153b9,True,1.0,1.0,1.0,1.0,1.0,1.0,1.0
2103,f3e32c06633756e9,True,1.0,1.0,0.7515519588986006,1.0,1.0,1.0,0.8964799828744169
2104,480325e1f5085385,True,1.0,1.0,1.0,1.0,1.0,1.0,1.0
2105,dc4b44d8961e538a,True,1.0,1.0,0.7668047433703967,1.0,1.0,1.0,0.9028353097376653
2106,d01fec804cd45644,True,1.0,1.0,0.6804311488068188,1.0,1.0,1.0,0.8668463120028411
2107,955af39177fe5ba1,True,1.0,1.0,0.8269899816351199,1.0,1.0,1.0,0.9279124923479666
2108,024d012881be5995,True,1.0,1.0,0.7068069183093019,1.0,1.0,1.0,0.8778362159622092
2109,b9e84e372b3958ac,True,0.0,1.0,0.0,0.0,1.0,1.0,0.0
2110,b19f226d281e588a,True,1.0,0.0,0.0,1.0,1.0,1.0,0.0
2111,39cf3b9137615a6b,True,1.0,1.0,0.8044291074439615,1.0,1.0,1.0,0.9185121281016505
2112,faf6d9be89f0538c,True,1.0,1.0,0.7928255262762058,1.0,1.0,1.0,0.9136773026150857
2113,00137a5ce92d591c,True,1.0,1.0,0.6342787405201576,1.0,1.0,1.0,0.8476161418833991
2114,24a09c3c8a985e8e,True,1.0,1.0,1.0,1.0,1.0,1.0,1.0
2115,70e6b8db27e55b53,True,1.0,1.0,1.0,1.0,1.0,1.0,1.0
2116,1712f51cf5df564a,True,1.0,1.0,0.9011942006655692,1.0,1.0,1.0,0.9588309169439873
2117,a366d90f10ca5866,True,1.0,1.0,0.9656356894791054,1.0,1.0,1.0,0.9856815372829605
2118,f1002f2d240c514e,True,1.0,1.0,0.7324882000823396,1.0,1.0,1.0,0.8885367500343082
2119,93c82496dc8e59c5,True,1.0,1.0,1.0,1.0,1.0,1.0,1.0
2120,b528a0aa02695437,True,1.0,1.0,0.9167396774720944,1.0,1.0,1.0,0.9653081989467059
2121,79d36fbd8d115f06,True,1.0,1.0,0.842368376582025,0.0,1.0,0.0,0.5176534902425104
2122,c6e9b00edaa454da,True,0.0,1.0,0.0,0.0,1.0,1.0,0.0
2123,f2644280215250cd,True,1.0,1.0,0.937899882459638,1.0,1.0,1.0,0.9741249510248492
2124,40ffdefe6d2f541a,True,1.0,0.0,0.0,1.0,1.0,1.0,0.0
2125,6062e3ace278511a,True,1.0,1.0,0.7735277635294574,1.0,1.0,1.0,0.9056365681372739
2126,65fd7014a79b5cba,True,1.0,1.0,0.6474308088521922,1.0,1.0,1.0,0.8530961703550801
2127,f3c7dc93e3bc57c1,True,1.0,1.0,0.8258583813162785,1.0,1.0,1.0,0.9274409922151161
2128,3e8c8729205850ab,True,1.0,1.0,0.7459971070269386,1.0,1.0,1.0,0.8941654612612244
2129,bdb0f78978cd5307,True,1.0,1.0,0.835042415366684,1.0,1.0,1.0,0.9312676730694517
2130,ae02e969e8595cca,True,1.0,1.0,0.7873848894562657,1.0,1.0,1.0,0.9114103706067773
2131,424cdafd92f25209,True,1.0,1.0,1.0,1.0,1.0,1.0,1.0
2132,7ce6c5c094c55055,True,1.0,1.0,0.7508299304841238,1.0,1.0,1.0,0.8961791377017182
2133,25aab48e050659be,True,1.0,1.0,0.8331616128790352,1.0,1.0,1.0,0.9304840053662646
2134,15a50c88ab0255ca,True,1.0,1.0,1.0,1.0,1.0,1.0,1.0
2135,54c208abe15c56e5,True,1.0,1.0,1.0,1.0,1.0,1.0,1.0
2136,8bb7091fe0d959fc,True,1.0,1.0,1.0,1.0,1.0,1.0,1.0
2137,331a4a4334df5c34,True,1.0,1.0,0.6304623434417641,1.0,1.0,1.0,0.8460259764340684
2138,2c439b29049252a7,True,1.0,1.0,1.0,1.0,1.0,1.0,1.0
2139,18f8562c9bb55561,True,1.0,1.0,0.8067458751221188,1.0,1.0,1.0,0.9194774479675495
2140,ba62104a517e5a9b,True,1.0,1.0,0.9346213953657786,1.0,1.0,1.0,0.9727589147357412
2141,6871543e963f5bdf,True,1.0,1.0,0.47253140514089864,1.0,1.0,1.0,0.7802214188087078
2142,87ecb477e85b5a58,True,1.0,1.0,0.9569968900411838,1.0,1.0,1.0,0.9820820375171598
2143,5b4f392698d35a5f,True,1.0,1.0,0.6131334875662037,1.0,1.0,1.0,0.8388056198192516
2144,d45f18da371a5fe5,True,1.0,1.0,0.8773347969461505,1.0,1.0,1.0,0.9488894987275627
2145,d113b39be843564f,True,1.0,1.0,0.8702737014111571,1.0,1.0,1.0,0.945947375587982
2146,a164681774715cea,True,1.0,1.0,0.7629303276593319,1.0,1.0,1.0,0.901220969858055
2147,1de80c2e4aca5f33,True,1.0,1.0,0.7779838731297852,1.0,1.0,1.0,0.9074932804707437
2148,a82f1c8ad27d53cc,True,1.0,1.0,0.86364330466498,1.0,1.0,1.0,0.943184710277075
2149,69f50b1f6c4d5f4b,True,1.0,1.0,1.0,1.0,1.0,1.0,1.0
2150,167d6bc7be735e55,True,1.0,1.0,1.0,1.0,1.0,1.0,1.0
2151,11182f26946650bd,True,1.0,1.0,0.4932905303376422,1.0,1.0,1.0,0.7888710543073509
2152,1175b3b9d27252ef,True,1.0,1.0,0.9691237807862462,1.0,1.0,0.5,0.987134908660936
2153,33c738c5f199510e,True,1.0,1.0,0.963993558828231,1.0,1.0,1.0,0.9849973161784296
2154,7eb19d771c975618,True,1.0,1.0,0.5935449890292013,1.0,1.0,1.0,0.8306437454288339
2155,f47f7733a11d51a1,True,1.0,1.0,1.0,1.0,1.0,1.0,1.0
2156,20ffc5c3de7c591a,True,1.0,1.0,0.7594147987026101,1.0,1.0,1.0,0.8997561661260876
2157,943c308c85d25ee5,True,1.0,1.0,0.7530236616055211,1.0,1.0,1.0,0.8970931923356339
2158,86feb30b850f5ff2,True,1.0,0.0,0.0,1.0,1.0,1.0,0.0
2159,2cc421e9b3fd5c17,True,1.0,1.0,0.947299450520341,1.0,1.0,1.0,0.9780414377168087
2160,a93fa498bfbf5fb8,True,1.0,1.0,0.8017520424640907,1.0,1.0,1.0,0.9173966843600377
2161,ae5377e5ebf65f45,True,1.0,1.0,0.8134551832685236,1.0,1.0,1.0,0.9222729930285515
2162,51259bf89422548a,True,1.0,1.0,0.8763098268940375,1.0,1.0,1.0,0.9484624278725157
2163,d58fe7e3c5575f27,True,1.0,1.0,1.0,1.0,1.0,1.0,1.0
2164,71ed3e4fcadc5322,True,1.0,1.0,0.8709769257046015,1.0,1.0,1.0,0.9462403857102505
2165,80ea2a91b1845071,True,1.0,1.0,1.0,1.0,1.0,1.0,1.0
2166,dee481365b265a2d,True,1.0,1.0,0.5784714291635137,1.0,1.0,1.0,0.8243630954847974
2167,ef7fb2d0c7bf52a4,True,1.0,1.0,0.8752097032051831,1.0,1.0,1.0,0.9480040430021596
2168,e024bd23594b5a13,True,1.0,1.0,1.0,1.0,1.0,1.0,1.0
2169,b6a62a2356885962,True,1.0,1.0,0.8317480952101868,1.0,1.0,1.0,0.9298950396709111
2170,f874757c4b46591b,True,1.0,1.0,1.0,1.0,1.0,1.0,1.0
2171,e85416da86d4567f,True,1.0,1.0,0.7518048315472879,1.0,1.0,1.0,0.8965853464780366
2172,c1c3bb73344c593a,True,1.0,1.0,0.7929332385525175,1.0,1.0,1.0,0.9137221827302157
2173,08a135d9245b50c2,True,1.0,1.0,0.9152953427496602,1.0,1.0,1.0,0.9647063928123584
2174,daa3dbcfc784564c,True,1.0,1.0,0.9368146006960364,1.0,1.0,1.0,0.9736727502900152
2175,d719f6e5de715f5a,True,0.0,1.0,0.0,0.0,1.0,1.0,0.0
2176,815153cb27f95a7c,True,1.0,1.0,0.650438247014335,1.0,1.0,1.0,0.8543492695893061
2177,c2072dd6a3f85da0,True,1.0,1.0,0.5562498590270784,1.0,1.0,1.0,0.8151041079279494
2178,6f61120208385a02,True,1.0,1.0,0.7736668827676327,1.0,1.0,1.0,0.9056945344865136
2179,557690c1c31357b1,True,1.0,1.0,0.9319527430718608,1.0,1.0,1.0,0.971646976279942
2180,9a03bf441e615cd6,True,1.0,1.0,0.5418276060906673,1.0,1.0,1.0,0.8090948358711113
2181,9c9b62965da75764,True,1.0,1.0,0.9683769098668648,1.0,1.0,1.0,0.986823712444527
2182,5c1b8e332d105b79,True,1.0,0.0,0.0,1.0,1.0,1.0,0.0
2183,ce6eb4e00dac5ae3,True,1.0,1.0,0.7831771448707362,1.0,1.0,1.0,0.90965714369614
2184,f1def9ef86125c39,True,1.0,1.0,1.0,1.0,1.0,1.0,1.0
2185,ff7bf9054f4a5a4a,True,1.0,1.0,1.0,1.0,1.0,1.0,1.0
2186,4742cf16ab0f515b,True,1.0,1.0,1.0,1.0,1.0,1.0,1.0
2187,4175cdc49ec759f5,True,1.0,1.0,0.8867100580232203,1.0,1.0,1.0,0.9527958575096752
2188,305634c7b587567f,True,1.0,1.0,0.8271945093848063,1.0,1.0,1.0,0.9279977122436693
2189,b02be1e28abb59f1,True,1.0,1.0,0.6751527308858432,1.0,1.0,1.0,0.8646469712024346
2190,551afc276a1a5ab3,True,1.0,1.0,0.7463002319606111,1.0,1.0,1.0,0.8942917633169213
2191,2ee0fbae6edc5e0d,True,1.0,1.0,1.0,1.0,1.0,1.0,1.0
2192,3e634fa2ea715bb1,True,1.0,1.0,1.0,1.0,1.0,1.0,1.0
2193,6578cf959d7f52a7,True,1.0,1.0,0.5359388685292652,1.0,1.0,1.0,0.8066411952205271
2194,e511376fdf3250e5,True,1.0,1.0,0.7177403458094307,1.0,1.0,1.0,0.8823918107539295
2195,9d7030a6966b54cd,True,1.0,1.0,1.0,1.0,1.0,1.0,1.0
2196,a1ff2db262ab5db7,True,1.0,1.0,0.9822021534577203,1.0,1.0,1.0,0.9925842306073834
2197,9300251ea784552f,True,1.0,1.0,0.8092735348768839,1.0,1.0,1.0,0.9205306395320351
2198,5b3db54a43ca52ed,True,1.0,1.0,0.8333442705543083,1.0,1.0,1.0,0.9305601127309618
2199,be63913f07ee5245,True,1.0,1.0,0.8060144720181501,1.0,1.0,1.0,0.9191726966742292
2200,4874da28248a5026,True,1.0,1.0,1.0,1.0,1.0,1.0,1.0
2201,d577027e9c295bde,True,0.0,0.0,0.0,0.0,1.0,1.0,0.0
2202,21ce6f815188587a,True,1.0,1.0,0.7192002949685662,1.0,1.0,1.0,0.8830001229035692
2203,6b5a3fa1663e5a8d,True,1.0,1.0,0.6869069730598227,1.0,1.0,1.0,0.8695445721082594
2204,778219f3cac65d35,True,1.0,1.0,0.6980277281761583,1.0,1.0,1.0,0.8741782200733993
2205,6fc4fc2702305dfa,True,1.0,1.0,1.0,0.0,1.0,1.0,0.5833333333333334
2206,7c7ce7ea08b15930,True,1.0,1.0,0.8272064758780041,1.0,1.0,1.0,0.9280026982825017
2207,0ba54149d1575f95,True,1.0,1.0,0.9620826771843312,1.0,1.0,1.0,0.9842011154934713
2208,a916c0c016825703,True,1.0,1.0,1.0,1.0,1.0,1.0,1.0
2209,3b3e36e9d816563c,True,1.0,1.0,1.0,1.0,1.0,1.0,1.0
2210,b0a7f01e57205fb4,True,1.0,1.0,0.8995076546152414,1.0,1.0,1.0,0.9581281894230173
2211,c388df5240dd5f6c,True,1.0,1.0,0.8425700446492235,1.0,1.0,1.0,0.9344041852705098
2212,536e9526257a57f2,True,1.0,0.0,0.0,1.0,1.0,1.0,0.0
2213,2eb2bc9d3b35584f,True,1.0,1.0,1.0,1.0,1.0,1.0,1.0
2214,a75ca6ddabc1541b,True,1.0,1.0,1.0,1.0,1.0,1.0,1.0
2215,1809a28a46465129,True,1.0,1.0,1.0,1.0,1.0,1.0,1.0
2216,e67c2879271350c1,True,1.0,1.0,0.8462818188578014,1.0,1.0,0.5,0.9359507578574172
2217,626b5dc253965ecb,True,1.0,1.0,0.9400912714327456,1.0,1.0,1.0,0.975038029763644
2218,ad970e7cae1a5ead,True,1.0,1.0,1.0,1.0,1.0,1.0,1.0
2219,65f236a74a3d53a4,True,1.0,1.0,0.8998489440537183,1.0,1.0,1.0,0.9582703933557161
2220,a30baeb5294658b3,True,1.0,1.0,0.804291775497388,1.0,1.0,1.0,0.9184549064572449
2221,269e03fbbb4c5856,True,1.0,1.0,1.0,1.0,1.0,1.0,1.0
2222,11811a7320ab58db,True,1.0,1.0,1.0,1.0,1.0,1.0,1.0
2223,d5116f0d75b4549d,True,1.0,1.0,1.0,1.0,1.0,1.0,1.0
2224,1636385aa7ce5995,True,1.0,1.0,0.9339888302332684,1.0,1.0,1.0,0.9724953459305284
2225,fb3e4b836ab758db,True,1.0,1.0,0.93195243092982,1.0,1.0,1.0,0.9716468462207585
2226,ed1a1174e6aa5270,True,1.0,1.0,1.0,1.0,1.0,1.0,1.0
2227,7291b74b016d5672,True,1.0,1.0,1.0,1.0,1.0,1.0,1.0
2228,c6c94bd6691c5008,True,1.0,1.0,1.0,1.0,1.0,1.0,1.0
2229,b9ddc4b10ef751a5,True,0.0,1.0,0.0,0.0,1.0,1.0,0.0
2230,662212c87d0d5b09,True,1.0,1.0,0.7225707821805721,1.0,1.0,1.0,0.8844044925752383
2231,5bb6cc197a7455e4,True,1.0,1.0,1.0,1.0,1.0,1.0,1.0
2232,e1398b3ecf3f520d,True,0.0,1.0,0.0,0.0,1.0,1.0,0.0
2233,742ac4ddb9d7557d,True,1.0,1.0,1.0,1.0,1.0,1.0,1.0
2234,ccd53fdd1b6e51b8,True,1.0,1.0,0.5852728591344399,1.0,1.0,1.0,0.82719702463935
2235,69a4cff1f35655ff,True,1.0,1.0,0.44796205825777385,1.0,1.0,1.0,0.7699841909407391
2236,8c8694effde754e6,True,1.0,1.0,0.7392751963665365,1.0,1.0,1.0,0.8913646651527235
2237,04605629ea8a50cc,True,1.0,1.0,1.0,1.0,1.0,1.0,1.0
2238,95329718628e5f7f,True,1.0,1.0,0.9395662143312912,1.0,1.0,1.0,0.9748192559713713
2239,27b5c3ce868856a2,True,1.0,1.0,0.9010738221214066,1.0,1.0,1.0,0.9587807592172527
2240,089e8e85fb9b5f6c,True,1.0,1.0,0.6713411300309292,1.0,1.0,1.0,0.8630588041795538
2241,28b94453e1cd578f,True,1.0,1.0,1.0,1.0,1.0,1.0,1.0
2242,4b04d67c77455726,True,1.0,1.0,0.8295336735324698,1.0,1.0,1.0,0.9289723639718623
2243,8fb6a2364e0c53f9,True,1.0,1.0,0.9580956348633387,1.0,1.0,1.0,0.9825398478597244
2244,02e3e6d3ecfc5240,True,1.0,0.0,0.0,1.0,1.0,1.0,0.0
2245,59c19d828f665a79,True,1.0,1.0,0.7296516637096795,1.0,1.0,1.0,0.8873548598790331
2246,b5c2d13e8d5c517a,True,1.0,1.0,0.8043910855452924,1.0,1.0,1.0,0.9184962856438718
2247,b691d77ef9ff5d5e,True,1.0,1.0,1.0,1.0,1.0,1.0,1.0
2248,b3de01e79b725ae4,True,1.0,1.0,0.9117703777664041,1.0,1.0,1.0,0.9632376574026683
2249,77072386dfbb5af8,True,0.0,1.0,0.0,0.0,1.0,0.0,0.0
2250,91fc00df56ae5aca,True,1.0,1.0,0.7358765674275359,1.0,1.0,1.0,0.8899485697614734
2251,8d62f19202505230,True,1.0,0.0,0.0,1.0,1.0,1.0,0.0
2252,e6c8f0c4aaea52d7,True,1.0,1.0,1.0,1.0,1.0,1.0,1.0
2253,01ce9c82de0d5539,True,1.0,1.0,0.7589996741524698,1.0,1.0,1.0,0.8995831975635292
2254,3ff5c9a5bd155bb2,True,1.0,1.0,1.0,1.0,1.0,1.0,1.0
2255,4a62cc0027965e10,True,1.0,1.0,0.9546661172402113,1.0,1.0,1.0,0.9811108821834215
2256,e4eebb1bdcdf5ae6,True,1.0,1.0,0.9885633250665186,1.0,1.0,1.0,0.9952347187777161
2257,7dd9388d605c50a1,True,1.0,1.0,0.9114990931569085,1.0,1.0,1.0,0.9631246221487119
2258,822d92ab3f13502b,True,1.0,1.0,1.0,1.0,1.0,1.0,1.0
2259,5ff5c54200fe53fb,True,1.0,1.0,0.7753370681414784,1.0,1.0,1.0,0.9063904450589494
2260,2620b03dcfcc567b,True,1.0,1.0,0.8452073542785289,1.0,1.0,1.0,0.9355030642827203
2261,7b263d7980f55503,True,1.0,1.0,0.9889418558100346,1.0,1.0,1.0,0.9953924399208477
2262,a4f4a240e54e56b2,True,1.0,0.0,0.0,1.0,1.0,1.0,0.0
2263,d5b21176c2e1526c,True,1.0,1.0,1.0,1.0,1.0,1.0,1.0
2264,eabdad9a669b5739,True,1.0,1.0,1.0,1.0,1.0,1.0,1.0
2265,002a52b0ed5650da,True,1.0,1.0,0.8086691282320781,1.0,1.0,1.0,0.9202788034300325
2266,96cb1a2412095a90,True,1.0,1.0,1.0,0.0,1.0,1.0,0.5833333333333334
2267,d5cf4595a3435917,True,1.0,1.0,1.0,1.0,1.0,1.0,1.0
2268,0d7d0361dc665d25,True,1.0,1.0,1.0,1.0,1.0,1.0,1.0
2269,70a70a9054d75d9f,True,1.0,1.0,1.0,1.0,1.0,1.0,1.0
2270,f9b16eaee3b956a3,True,1.0,1.0,1.0,1.0,1.0,1.0,1.0
2271,35b810aad36b553a,True,1.0,0.0,0.0,1.0,1.0,1.0,0.0
2272,23b4e574c41a57bd,True,1.0,1.0,0.6256482742241382,1.0,1.0,1.0,0.8440201142600575
2273,70da6b21101d555f,True,1.0,0.0,0.0,1.0,1.0,0.0,0.0
2274,7272f8ee7e64591e,True,1.0,1.0,0.8732293740855264,1.0,1.0,1.0,0.9471789058689692
2275,e4f34d35c8fd5fd2,True,1.0,1.0,0.7056455154643224,0.0,1.0,1.0,0.4606856314434677
2276,619d1afc63c35621,True,1.0,0.0,0.0,1.0,1.0,1.0,0.0
2277,6004740a8a8052f8,True,1.0,1.0,0.7662882575230274,1.0,1.0,1.0,0.9026201073012614
2278,522894525b4e5168,True,1.0,1.0,0.9227347635571352,1.0,1.0,1.0,0.9678061514821397
2279,71057ab084a75ce6,True,1.0,1.0,0.8054316954146887,1.0,1.0,1.0,0.9189298730894536
2280,071b435a4f4057e0,True,0.0,1.0,0.0,0.0,1.0,1.0,0.0
2281,7caa2336614b5ad3,True,1.0,1.0,1.0,1.0,1.0,1.0,1.0
2282,064018bfafb05f56,True,1.0,1.0,0.9308222034560004,1.0,1.0,1.0,0.9711759181066668
2283,7bf4d5a2cad05f50,True,1.0,1.0,0.83493533541331,1.0,1.0,1.0,0.9312230564222125
2284,54fbc5743190519c,True,1.0,1.0,0.9938795253717029,1.0,1.0,0.0,0.9974498022382096
2285,661d0a5bf2735f03,True,1.0,1.0,0.7876759649444709,1.0,1.0,1.0,0.9115316520601962
2286,ef7822ee7fa35042,True,1.0,1.0,0.8105404945207045,1.0,1.0,1.0,0.9210585393836269
2287,6ebf87c3da335680,True,1.0,1.0,1.0,1.0,1.0,1.0,1.0
2288,5eef9aece027548e,True,1.0,1.0,1.0,1.0,1.0,1.0,1.0
2289,b961186653e45dc2,True,1.0,1.0,0.8563368187324738,1.0,1.0,1.0,0.9401403411385307
2290,afbbcee34f1850fd,True,1.0,1.0,0.6141617964283231,1.0,1.0,1.0,0.8392340818451346
2291,deae4b3cac52513c,True,1.0,1.0,0.8572826352955986,1.0,1.0,1.0,0.9405344313731661
2292,7d70562315ff5bc1,True,1.0,1.0,1.0,1.0,1.0,1.0,1.0
2293,95528bd014555540,True,1.0,1.0,1.0,1.0,1.0,1.0,1.0
2294,61573a0820cc553a,True,1.0,1.0,0.7254829814783116,1.0,1.0,1.0,0.8856179089492965
2295,8ed81a3cabde5dcf,True,1.0,1.0,0.8660083538901382,1.0,1.0,1.0,0.9441701474542242
2296,498c6f15e5c856bb,True,1.0,1.0,0.6134627402047441,1.0,1.0,1.0,0.8389428084186434
2297,e3ce6f2ef9765b9a,True,1.0,0.0,0.0,1.0,1.0,1.0,0.0
2298,223cdeaddc525446,True,0.0,0.0,0.0,0.0,1.0,0.5,0.0
2299,e29b049a9bf3509c,True,1.0,1.0,1.0,1.0,1.0,1.0,1.0
2300,9897a102ee075dee,True,1.0,1.0,0.722908599913823,1.0,1.0,1.0,0.8845452499640928
2301,45e6bebee4305fb6,True,1.0,1.0,0.6809997107751076,1.0,1.0,1.0,0.8670832128229615
2302,0e0e30877d725664,True,1.0,1.0,0.9160726388377735,1.0,1.0,1.0,0.9650302661824055
2303,c0e14f1288ca5066,True,1.0,0.0,0.0,1.0,1.0,0.0,0.0
2304,095042ae1f985c39,True,1.0,1.0,0.624400177487765,1.0,1.0,1.0,0.8435000739532353
2305,c52f491ebd5b521a,True,1.0,1.0,0.7889635680145809,1.0,1.0,1.0,0.9120681533394087
2306,cedd32ec31e45cd9,True,1.0,1.0,0.7157386616239069,1.0,1.0,0.5,0.8815577756766279
2307,8a249b6f42f35ca2,True,1.0,1.0,1.0,1.0,1.0,1.0,1.0
2308,0a8c2aac609d5a04,True,1.0,1.0,0.747754055527262,1.0,1.0,1.0,0.8948975231363591
2309,199a2738284e52c9,True,1.0,1.0,1.0,1.0,1.0,1.0,1.0
2310,54fbe498c745542e,True,1.0,1.0,1.0,1.0,1.0,1.0,1.0
2311,2743a2f96269577c,True,1.0,1.0,0.9005836829856223,1.0,1.0,1.0,0.9585765345773426
2312,d6396ef1c0c55d33,True,1.0,1.0,0.8469817582634244,1.0,1.0,1.0,0.9362423992764267
2313,2c978eb63fec5d2a,True,1.0,1.0,0.8636223484379842,1.0,1.0,1.0,0.9431759785158267
2314,9a24a904a324581d,True,1.0,1.0,1.0,1.0,1.0,1.0,1.0
2315,a2ef4eeb9dd45505,True,1.0,1.0,0.928297587984265,1.0,1.0,1.0,0.9701239949934437
2316,ca62812a55ce5f0b,True,1.0,1.0,0.8032209643393545,1.0,1.0,1.0,0.9180087351413976
2317,f4458a9c09795afa,True,1.0,1.0,1.0,1.0,1.0,0.5,1.0
2318,f72d2f080fe35910,True,1.0,1.0,0.8200467294318262,1.0,1.0,1.0,0.9250194705965943
2319,70b9e5ded0b057d7,True,1.0,1.0,1.0,0.0,1.0,1.0,0.5833333333333334
2320,a763369e30305f95,True,1.0,1.0,0.746222300592442,1.0,1.0,1.0,0.8942592919135176
2321,1bf4bffb864f5379,True,1.0,1.0,1.0,1.0,1.0,1.0,1.0
2322,5abef8058afa529f,True,1.0,1.0,1.0,1.0,1.0,1.0,1.0
2323,0ee0eabadd125c7b,True,1.0,1.0,0.9531864954446295,1.0,1.0,1.0,0.980494373101929
2324,e0190f0059145fc6,True,1.0,1.0,0.9097284701638371,0.0,1.0,0.5,0.5457201959015988
2325,3befac537db85c6c,True,1.0,1.0,1.0,1.0,1.0,1.0,1.0
2326,39147f08f4645365,True,1.0,1.0,0.9404500618771952,1.0,1.0,1.0,0.9751875257821646
2327,255be1c4910b506e,True,1.0,1.0,0.6756544891748569,1.0,1.0,0.5,0.8648560371561903
2328,5be54baed8b35bd7,True,1.0,1.0,1.0,1.0,1.0,1.0,1.0
2329,d1abb12015175373,True,1.0,1.0,1.0,1.0,1.0,1.0,1.0
2330,88862af321ce5c8f,True,1.0,1.0,1.0,1.0,1.0,1.0,1.0
2331,56587c89d25856b7,True,1.0,0.0,0.0,1.0,1.0,1.0,0.0
2332,ba9d1824bc8c5e7d,True,1.0,1.0,0.6322196373318343,1.0,1.0,1.0,0.8467581822215976
2333,944a55f58a59597f,True,1.0,1.0,1.0,1.0,1.0,1.0,1.0
2334,919fcdbcf46f58d1,True,1.0,1.0,0.9780433041707932,1.0,1.0,1.0,0.9908513767378304
2335,36383c82194a543d,True,1.0,1.0,1.0,1.0,1.0,1.0,1.0
2336,96f19d920d5558e9,True,1.0,1.0,1.0,1.0,1.0,1.0,1.0
2337,9b0a5826d2d357d8,True,1.0,1.0,0.7238134005326374,1.0,1.0,1.0,0.8849222502219322
2338,4bc96604c1c85606,True,1.0,1.0,1.0,1.0,1.0,1.0,1.0
2339,79bdb6b499245d65,True,1.0,0.0,0.0,1.0,1.0,1.0,0.0
2340,b51815625ee05f75,True,1.0,1.0,1.0,1.0,1.0,1.0,1.0
2341,71629f355b5e5b19,True,1.0,1.0,1.0,1.0,1.0,1.0,1.0
2342,b934233d0ea6536b,True,1.0,1.0,1.0,1.0,1.0,1.0,1.0
2343,6bd5888420e851a1,True,1.0,1.0,1.0,1.0,1.0,1.0,1.0
2344,0000548db87959c2,True,1.0,1.0,0.62321707571152,1.0,1.0,1.0,0.8430071148798
2345,85164858b3e55841,True,1.0,1.0,0.8183974798435162,1.0,1.0,1.0,0.9243322832681318
2346,d1cf48dea57f5d2a,True,1.0,1.0,1.0,1.0,1.0,1.0,1.0
2347,814a2807af5f51f7,True,1.0,1.0,1.0,1.0,1.0,1.0,1.0
2348,8c1e2438ad5f514a,True,1.0,1.0,1.0,0.0,0.0,1.0,0.4166666666666667
2349,d20a475e7b1956bf,True,1.0,1.0,1.0,0.0,1.0,1.0,0.5833333333333334
2350,95ba88fe9c385123,True,1.0,1.0,1.0,1.0,1.0,1.0,1.0
2351,f980b34746d45868,True,1.0,1.0,1.0,1.0,1.0,1.0,1.0
2352,ade00f93385b5d14,True,1.0,1.0,1.0,1.0,1.0,1.0,1.0
2353,4b3a1e85619e557f,True,1.0,1.0,1.0,1.0,1.0,1.0,1.0
2354,5806eb348e3250d9,True,1.0,0.0,0.0,0.0,1.0,0.5,0.0
2355,7c75567759e15900,True,1.0,1.0,1.0,1.0,1.0,1.0,1.0
2356,7b13f467f23c5a2b,True,1.0,1.0,1.0,0.0,1.0,1.0,0.5833333333333334
2357,5e8d717cc46a5988,True,1.0,1.0,1.0,1.0,1.0,1.0,1.0
2358,0feb5eb464bc52b0,True,1.0,0.0,0.0,1.0,1.0,1.0,0.0
2359,df020b6bdc1b59c0,True,1.0,1.0,1.0,1.0,1.0,1.0,1.0
2360,26ba80ad72205a03,True,1.0,1.0,0.9743273696389178,1.0,1.0,1.0,0.9893030706828824
2361,7ceb065003f25449,True,1.0,0.0,0.0,0.0,1.0,1.0,0.0
2362,ad7d51bd1b7055ca,True,1.0,1.0,0.7275168178979793,1.0,1.0,1.0,0.8864653407908247
2363,4f8fc653ac98588e,True,1.0,1.0,1.0,1.0,1.0,1.0,1.0
2364,c93a302d2fb2508f,True,1.0,1.0,0.7273050680689374,1.0,1.0,1.0,0.8863771116953906
2365,ecb0765ba5c05fa3,True,1.0,1.0,1.0,0.0,1.0,1.0,0.5833333333333334
2366,30d60ce25f4d552e,True,1.0,1.0,0.881463552987809,1.0,1.0,1.0,0.9506098137449204
2367,299e19fc72e65ac5,True,1.0,1.0,1.0,1.0,1.0,0.0,1.0
2368,d496c44726c35e33,True,1.0,1.0,1.0,1.0,1.0,1.0,1.0
2369,d4849a52aaa55a9f,True,1.0,1.0,1.0,1.0,1.0,1.0,1.0
2370,53834451cfa75fd0,True,1.0,1.0,0.9779141078542071,1.0,1.0,1.0,0.990797544939253
2371,1eb474de58ca5d6f,True,1.0,1.0,0.9316080140886869,1.0,1.0,1.0,0.9715033392036195
2372,7a18ceb376d859c1,True,1.0,1.0,0.6271812949960073,1.0,1.0,0.5,0.844658872915003
2373,cbe7b4e464235ca6,True,1.0,1.0,0.6967937755486285,1.0,1.0,1.0,0.873664073145262
2374,df7e2f19b3cc5ba6,True,1.0,1.0,1.0,0.0,1.0,1.0,0.5833333333333334
2375,b99d20a078a958b9,True,1.0,1.0,0.8682779471453236,1.0,1.0,0.5,0.9451158113105516
2376,15b25b99cf2d5965,True,1.0,1.0,1.0,1.0,1.0,1.0,1.0
2377,b50cf2a689a55433,True,1.0,1.0,0.8670758475356005,1.0,1.0,1.0,0.9446149364731667
2378,04daf401ec185f96,False,,,,,,,
2379,efb87bb3ff675f08,True,1.0,1.0,0.7671961606586645,1.0,1.0,0.0,0.9029984002744436
2380,4d5c4013a6db5819,True,1.0,1.0,1.0,1.0,1.0,1.0,1.0
2381,db1f0ea31f525bdb,True,1.0,1.0,1.0,1.0,1.0,1.0,1.0
2382,366c7e46b0415253,True,1.0,1.0,0.7243050339722259,1.0,1.0,1.0,0.8851270974884274
2383,e668948b1c0f5b82,True,1.0,1.0,1.0,1.0,1.0,1.0,1.0
2384,d5b37b79dde85eb1,True,1.0,1.0,0.7178699454970063,1.0,1.0,1.0,0.8824458106237527
2385,d792515ce4b257a4,True,1.0,0.0,0.0,1.0,1.0,1.0,0.0
2386,a61b9afbe5d857b1,True,1.0,1.0,0.7365138756049946,1.0,1.0,1.0,0.8902141148354143
2387,9666a4125db25507,True,1.0,1.0,0.669527610922893,1.0,1.0,1.0,0.8623031712178721
2388,8d8f5c8c6c29525c,True,1.0,1.0,0.7643913060829647,1.0,1.0,1.0,0.901829710867902
2389,6f8c03f8038757cc,True,1.0,1.0,1.0,1.0,1.0,1.0,1.0
2390,967b41c4778d5aac,True,1.0,1.0,0.866919390607661,1.0,1.0,1.0,0.9445497460865253
2391,08e2e519ac1e5226,True,1.0,1.0,1.0,1.0,1.0,1.0,1.0
2392,fe2270288c1d5628,True,1.0,1.0,0.8831604623133564,1.0,1.0,1.0,0.9513168592972319
2393,569187407cd3517c,True,1.0,1.0,1.0,1.0,1.0,1.0,1.0
2394,4b58ef9360555bac,True,1.0,1.0,1.0,1.0,1.0,1.0,1.0
2395,409ed084cde5554b,True,1.0,1.0,0.8214811912685024,1.0,1.0,1.0,0.9256171630285426
2396,bb0d850edd125bbe,True,0.0,1.0,0.0,0.0,1.0,0.0,0.0
2397,b7f1861bff9c514e,True,1.0,1.0,0.8909552286784694,1.0,1.0,1.0,0.954564678616029
2398,84b38cdaa93e5dcd,True,1.0,1.0,0.7729283520554536,1.0,1.0,1.0,0.905386813356439
2399,c2116c7a0b15556d,True,1.0,1.0,0.8962131898756405,1.0,1.0,1.0,0.9567554957815169
2400,5380625bddba59a2,True,1.0,1.0,1.0,1.0,1.0,1.0,1.0
2401,a815da9bf45d5b15,True,1.0,1.0,1.0,0.0,1.0,1.0,0.5833333333333334
2402,896f25f6f25e52e0,True,1.0,1.0,0.9821970132844172,1.0,1.0,1.0,0.9925820888685072
2403,866fab78f1da518b,True,1.0,1.0,1.0,1.0,1.0,1.0,1.0
2404,d94a8579682651b4,True,1.0,1.0,1.0,1.0,1.0,1.0,1.0
2405,59c3714116c25a7c,True,1.0,1.0,0.7675461694510106,1.0,1.0,1.0,0.9031442372712544
2406,0855e09733fe5445,True,1.0,0.0,0.0,1.0,1.0,1.0,0.0
2407,614d5297c1a05a46,True,1.0,1.0,0.8736685538766997,1.0,1.0,1.0,0.947361897448625
2408,ee4ca385da5d5778,True,1.0,1.0,0.7730888406639307,1.0,1.0,1.0,0.9054536836099712
2409,001d444661b45635,True,1.0,1.0,0.8206173396607909,1.0,1.0,1.0,0.9252572248586629
2410,e4c83b8feafe5cb4,True,1.0,1.0,0.9692685518352376,0.0,1.0,1.0,0.5705285632646824
2411,8c36f77fe7215dd7,True,1.0,1.0,0.9553358244870631,1.0,1.0,1.0,0.9813899268696096
2412,8898650e43665faf,True,1.0,1.0,0.7050172405304417,1.0,1.0,1.0,0.877090516887684
2413,277758d55617567b,True,1.0,1.0,0.653009245485934,1.0,1.0,1.0,0.8554205189524725
2414,7bb27993dd475c3d,True,1.0,1.0,1.0,1.0,1.0,1.0,1.0
2415,51e7c560a43d5a25,True,1.0,1.0,0.8864956256360358,1.0,1.0,1.0,0.9527065106816816
2416,06753f6c597f512b,True,1.0,1.0,1.0,1.0,1.0,1.0,1.0
2417,6b52f2b62f215cb4,True,1.0,0.0,0.0,1.0,1.0,1.0,0.0
2418,aacc2ed7ba2859c5,True,1.0,1.0,0.7284761709186708,1.0,1.0,1.0,0.8868650712161128
2419,55eed45c895852b9,True,1.0,1.0,1.0,1.0,1.0,1.0,1.0
2420,72808a9b1e7f5f15,True,1.0,1.0,1.0,1.0,1.0,1.0,1.0
2421,f42bdbb0a30c5854,True,1.0,1.0,1.0,1.0,1.0,1.0,1.0
2422,b3a00387265a5cdc,True,1.0,1.0,1.0,1.0,1.0,1.0,1.0
2423,157c6c5b1b9d5608,True,1.0,1.0,0.9486338332786594,1.0,1.0,1.0,0.9785974305327748
2424,ae3496e6ce435e73,True,1.0,1.0,1.0,1.0,1.0,1.0,1.0
2425,b191eb9b8de25005,True,1.0,1.0,1.0,1.0,1.0,1.0,1.0
2426,1288b2d19d695376,True,1.0,1.0,1.0,1.0,1.0,1.0,1.0
2427,37b96c1d86665204,True,1.0,1.0,0.8126740931848748,1.0,1.0,1.0,0.9219475388270312
2428,46a9bf6f100c5e0a,True,1.0,1.0,0.9189642681327566,1.0,1.0,1.0,0.966235111721982
2429,de64687e89f25285,True,1.0,0.0,0.0,1.0,1.0,1.0,0.0
2430,d6fc32608ecc581c,True,1.0,1.0,0.8003010415414437,1.0,1.0,1.0,0.9167921006422682
2431,a4fb656f624e5458,True,1.0,1.0,0.48239766681953244,1.0,1.0,0.5,0.7843323611748052
2432,f3fc5020ecbd537f,True,1.0,1.0,0.7969984466585434,1.0,1.0,1.0,0.9154160194410598
2433,0d9243e74a1a501a,True,1.0,1.0,0.532402042804895,1.0,1.0,1.0,0.8051675178353729
2434,e6e4e254f1c55405,True,1.0,1.0,0.7415931837463614,1.0,1.0,1.0,0.8923304932276506
2435,979fc47b4f245a9c,True,1.0,1.0,1.0,1.0,1.0,1.0,1.0
2436,76375396b08e5143,True,1.0,1.0,0.777312295555453,1.0,1.0,1.0,0.9072134564814388
2437,22642c0ae9605891,True,1.0,1.0,0.9134919096600689,1.0,1.0,1.0,0.9639549623583621
2438,4bdff78fdccd5f6d,True,1.0,1.0,1.0,1.0,1.0,1.0,1.0
2439,33c1e6fe4ce650bf,True,1.0,1.0,0.8758129913987347,1.0,1.0,1.0,0.9482554130828061
2440,607fd9c5903d5376,True,1.0,1.0,0.8021160476140571,1.0,1.0,1.0,0.9175483531725238
2441,fd63045289ac5df7,True,1.0,1.0,0.985795812074862,1.0,1.0,1.0,0.9940815883645259
2442,7ebca95e877a557b,True,1.0,1.0,0.9244084929202848,1.0,1.0,1.0,0.9685035387167854
2443,358d973661955d68,True,1.0,1.0,1.0,1.0,1.0,1.0,1.0
2444,d218ff87bdc25c55,True,1.0,1.0,0.813623239520234,1.0,1.0,1.0,0.9223430164667642
2445,5fb039973cf85b11,True,1.0,1.0,0.9192062858755147,1.0,1.0,1.0,0.9663359524481311
2446,0d2403a8031f540c,True,1.0,1.0,1.0,1.0,1.0,1.0,1.0
2447,4ad7866306895cca,True,1.0,1.0,0.6070566817099771,1.0,1.0,1.0,0.8362736173791571
2448,701eca801b6f5ba9,True,1.0,1.0,1.0,1.0,1.0,1.0,1.0
2449,cc7d3c360c345a4b,True,1.0,1.0,0.8685496000107866,1.0,1.0,1.0,0.9452290000044945
2450,b657fb1afb7c54f3,True,1.0,1.0,0.7911453037740893,1.0,1.0,1.0,0.9129772099058705
2451,31a522ae1ee151bf,True,1.0,1.0,0.8521565760970319,1.0,1.0,1.0,0.9383985733737633
2452,7d59e0ea1e0d524b,True,1.0,1.0,0.5695112960460078,1.0,1.0,1.0,0.8206297066858367
2453,87423b239de058c9,True,1.0,1.0,0.8915158496783854,1.0,1.0,1.0,0.9547982706993272
2454,1a707ed0d7ba541d,True,1.0,1.0,0.9845397601826399,1.0,1.0,1.0,0.9935582334094333
2455,6d7ca07eac51558e,True,1.0,1.0,1.0,1.0,1.0,1.0,1.0
2456,54b1308d42085066,True,1.0,1.0,0.8947183626596428,1.0,1.0,1.0,0.9561326511081845
2457,248288deae795ad8,True,1.0,1.0,0.865921712905623,1.0,1.0,1.0,0.9441340470440096
2458,84d10a502c1b5a74,True,1.0,1.0,1.0,1.0,1.0,1.0,1.0
2459,a2e0d4dc100159a5,True,1.0,1.0,0.7489369544728877,1.0,1.0,1.0,0.8953903976970365
2460,78beb0eba954535e,True,1.0,1.0,1.0,1.0,1.0,1.0,1.0
2461,c0fb4281da785582,True,1.0,0.0,0.0,1.0,1.0,1.0,0.0
2462,abd6e8c330ea5694,True,1.0,1.0,0.5594792679345405,1.0,1.0,1.0,0.8164496949727251
2463,4554dbd136da53b8,True,1.0,1.0,0.9695576623827916,1.0,1.0,1.0,0.9873156926594966
2464,9ca89d773ed651ab,True,1.0,1.0,0.723561860392287,1.0,1.0,1.0,0.8848174418301196
2465,d2098ab3fc1953b3,True,1.0,1.0,1.0,1.0,1.0,1.0,1.0
2466,6884907db45c5cad,True,1.0,1.0,0.9821518420796833,1.0,1.0,1.0,0.9925632675332015
2467,70e6f01ee485510a,True,1.0,1.0,0.8663109764489,1.0,1.0,1.0,0.9442962401870417
2468,bc3d973c3543556c,True,1.0,1.0,0.8170201841769924,1.0,1.0,1.0,0.9237584100737468
2469,dc97241b7037592b,True,1.0,1.0,0.9755622580348206,1.0,1.0,1.0,0.9898176075145085
2470,3debd3d86b5850dd,True,1.0,1.0,1.0,1.0,1.0,1.0,1.0
2471,7f1f382094685881,True,1.0,1.0,0.8849419901159727,1.0,1.0,1.0,0.952059162548322
2472,c98ef0c5c89c51d6,True,1.0,0.0,0.0,1.0,1.0,1.0,0.0
2473,67dbad26dd165f16,True,1.0,1.0,0.6701598960052024,1.0,1.0,1.0,0.862566623335501
2474,e1209ca7050c5033,True,1.0,1.0,0.7787791446071796,1.0,1.0,1.0,0.9078246435863249
2475,36e3e0f9a589578d,True,1.0,1.0,0.6893319943978019,1.0,1.0,1.0,0.8705549976657508
2476,e9cb16355c1f5d9b,True,1.0,1.0,0.8286367131319368,1.0,1.0,1.0,0.9285986304716403
2477,8a6717a888fe55f9,True,1.0,1.0,0.7884672499750394,1.0,1.0,1.0,0.9118613541562665
2478,e62e904da0695956,True,1.0,1.0,0.8876894168441384,1.0,1.0,1.0,0.9532039236850576
2479,9861c0473b505895,True,1.0,1.0,1.0,1.0,1.0,1.0,1.0
2480,2381f042c0855f20,True,1.0,1.0,1.0,1.0,1.0,1.0,1.0
2481,540098f126795a8c,True,1.0,1.0,0.7676877722952331,1.0,1.0,1.0,0.9032032384563471
2482,4581d95a873c5679,True,1.0,0.0,0.0,0.0,1.0,0.0,0.0
2483,0b9a48e2b0d351b9,True,1.0,1.0,0.26324075996825114,1.0,1.0,1.0,0.6930169833201046
2484,fe4b2cf4e9ad5b37,True,1.0,1.0,0.9718092963540419,1.0,1.0,1.0,0.9882538734808509
2485,b4176d2246d452ea,True,1.0,1.0,1.0,1.0,1.0,1.0,1.0
2486,8781cde1032354cb,True,1.0,1.0,1.0,1.0,1.0,1.0,1.0
2487,bed7a2c445315bb7,True,1.0,1.0,0.7164230389466356,1.0,1.0,1.0,0.8818429328944314
2488,e905f33735985cfe,True,1.0,1.0,1.0,1.0,1.0,1.0,1.0
2489,84ed0a5827f656d8,True,1.0,1.0,0.8521248271434473,1.0,1.0,1.0,0.9383853446431031
2490,8c9e3fd944c051e3,True,1.0,1.0,1.0,1.0,1.0,1.0,1.0
2491,b7bbef1569ca526e,True,1.0,1.0,1.0,1.0,1.0,1.0,1.0
2492,6321c384f59c5265,True,1.0,1.0,0.6297461335638476,1.0,1.0,1.0,0.8457275556516031
2493,9d87610ffed85509,True,1.0,1.0,0.958901337193872,1.0,1.0,1.0,0.9828755571641133
2494,0670d0c81a5550c4,True,1.0,1.0,0.8173252351210127,1.0,1.0,1.0,0.9238855146337553
2495,163c9ec0110e5384,True,1.0,1.0,0.7101391481564355,1.0,1.0,1.0,0.8792246450651815
2496,aace7a7aeaf75f2c,True,1.0,1.0,0.9519933235670073,1.0,1.0,1.0,0.9799972181529197
2497,664106f910475a53,True,1.0,1.0,0.6103559084528837,1.0,1.0,1.0,0.8376482951887015
2498,40280e58e4d45fde,True,1.0,1.0,1.0,1.0,1.0,1.0,1.0
2499,de4facce62b05f57,True,1.0,1.0,0.894652533661938,1.0,1.0,1.0,0.9561052223591409
2500,ac7167da1d1a5342,True,0.0,0.0,0.0,0.0,1.0,1.0,0.0
2501,dcd3886f044a5e29,True,1.0,1.0,0.857335887453766,1.0,1.0,1.0,0.9405566197724026
2502,77f45b5536f854bf,True,1.0,1.0,1.0,1.0,1.0,1.0,1.0
2503,230ab732c0d65fb3,True,1.0,1.0,1.0,1.0,1.0,1.0,1.0
2504,9933a1df50ff5919,True,1.0,1.0,1.0,1.0,1.0,1.0,1.0
2505,32e457e686675618,True,1.0,1.0,0.8857046349978677,1.0,1.0,1.0,0.9523769312491116
2506,2cd1545c4c835ead,True,1.0,1.0,0.8561010261567968,1.0,1.0,1.0,0.9400420942319987
2507,3882f317a3f55e29,True,1.0,1.0,0.7690203612644342,1.0,1.0,1.0,0.903758483860181
2508,8683f3b4797f56e0,True,1.0,1.0,0.7551137202494956,0.0,1.0,1.0,0.48129738343728984
2509,595596a88cce5c9d,True,1.0,1.0,0.7959416256252367,1.0,1.0,1.0,0.9149756773438487
2510,0573408e3cfb5130,True,1.0,1.0,0.8476443564618092,1.0,1.0,1.0,0.9365184818590873
2511,bf896d504b4356c7,True,1.0,1.0,0.30416119990792384,1.0,1.0,1.0,0.7100671666283015
2512,906ffee6860e524a,True,1.0,1.0,1.0,1.0,1.0,1.0,1.0
2513,3a36b098acee53b9,True,1.0,1.0,1.0,1.0,1.0,1.0,1.0
2514,2a5fea3ae25e5cdd,True,1.0,1.0,1.0,1.0,1.0,1.0,1.0
2515,69742b86e6b25ecc,True,1.0,1.0,0.8557444992934884,1.0,1.0,1.0,0.9398935413722868
2516,e7ae612e880e5d5f,True,1.0,0.0,0.0,1.0,1.0,1.0,0.0
2517,385b1aa4b84c56bf,True,1.0,1.0,0.9240079517830757,1.0,1.0,1.0,0.9683366465762816
2518,4cac9f6cd85a5b47,True,1.0,1.0,0.8842893869870083,1.0,1.0,1.0,0.9517872445779201
2519,ed7a0f74484d58a8,True,1.0,1.0,1.0,1.0,1.0,1.0,1.0
2520,e38aa05b9c8b5e32,True,1.0,1.0,0.8490945781865392,1.0,1.0,1.0,0.937122740911058
2521,734ef653644c55b9,True,1.0,1.0,0.9170192766271202,1.0,1.0,0.0,0.9654246985946334
2522,2805fe41d7d9543a,True,1.0,1.0,0.7206269158609496,1.0,1.0,1.0,0.8835945482753956
2523,179ca3af622e5e0d,True,1.0,1.0,0.8472078505703525,1.0,1.0,1.0,0.9363366044043135
2524,96eed7e55d4c5f8b,True,1.0,1.0,0.8345420473919207,1.0,1.0,1.0,0.9310591864133002
2525,c9f0c60627ba5237,True,1.0,1.0,1.0,1.0,1.0,1.0,1.0
2526,8179a26d74615228,True,1.0,1.0,0.9239607013917978,1.0,1.0,1.0,0.968316958913249
2527,7021139b47cf5370,True,1.0,1.0,0.8811711739217646,1.0,1.0,1.0,0.9504879891340686
2528,e22b4bce822a51fb,True,1.0,1.0,1.0,1.0,1.0,1.0,1.0
2529,373abe824b3052a0,True,1.0,1.0,0.9997337967520964,1.0,1.0,1.0,0.9998890819800401
2530,e16f6f634adf50d3,True,1.0,0.0,0.0,1.0,1.0,1.0,0.0
2531,d852a7b32d6c5448,True,1.0,1.0,0.8030834557731374,1.0,1.0,1.0,0.9179514399054739
2532,4763f30d505c5ea6,True,1.0,1.0,0.4646638139215892,1.0,1.0,0.5,0.7769432558006621
2533,674e6f0f529a51f7,True,1.0,1.0,0.6515610585999312,1.0,1.0,1.0,0.8548171077499713
2534,2f8dd3404f375ed8,True,1.0,1.0,0.854650980041946,1.0,1.0,1.0,0.9394379083508108
2535,ae7fdaafe2c250e6,True,1.0,1.0,1.0,1.0,1.0,1.0,1.0
2536,3d4616d64a4c5f53,True,1.0,1.0,1.0,1.0,1.0,1.0,1.0
2537,236c1e1f86ec5e98,True,1.0,1.0,0.969277663784769,1.0,1.0,1.0,0.9871990265769871
2538,0b4a7c2ba59e5a8c,True,1.0,1.0,0.920602579622584,1.0,1.0,1.0,0.9669177415094099
2539,49d00c5507175e01,True,1.0,1.0,0.818156396967603,1.0,1.0,1.0,0.9242318320698346
2540,71ae69a9499e559c,True,1.0,1.0,0.7184296499091769,1.0,1.0,1.0,0.8826790207954903
2541,6ff86f7f95cb502a,True,1.0,1.0,1.0,1.0,1.0,1.0,1.0
2542,0da1e53d70565ba4,True,1.0,1.0,0.9988495568075879,0.0,1.0,1.0,0.5828539820031616
2543,0ae7ba2fd0f95d17,True,1.0,1.0,0.8106629889012393,1.0,1.0,1.0,0.9211095787088497
2544,b27841ee318f5d92,True,1.0,1.0,0.9716850524513271,1.0,1.0,1.0,0.9882021051880528
2545,632a1b53a6875b22,True,1.0,1.0,0.8239938327081037,1.0,1.0,1.0,0.9266640969617098
2546,bf8c5276f9a6539d,True,1.0,1.0,0.759146893998961,1.0,1.0,1.0,0.8996445391662338
2547,96f6cde1205e5865,True,1.0,1.0,0.7328982628730557,1.0,1.0,1.0,0.8887076095304399
2548,1108eba0b4415340,True,1.0,1.0,0.8334575880982382,1.0,1.0,1.0,0.9306073283742659
2549,e61adc75d7da50c3,True,1.0,1.0,1.0,1.0,1.0,0.0,1.0
2550,5e4f0ddf24da5f97,True,1.0,1.0,0.8136095747794723,1.0,1.0,1.0,0.9223373228247801
2551,7fa739c174a55eaa,True,1.0,1.0,0.9626795657691086,1.0,1.0,1.0,0.9844498190704619
2552,4e12d62c42575ac3,True,1.0,1.0,0.10280026976760756,1.0,1.0,1.0,0.6261667790698365
2553,49ee466685265a80,True,1.0,1.0,0.9618774055321956,1.0,1.0,1.0,0.9841155856384148
2554,0d74b112df715917,True,0.0,1.0,0.0,0.0,1.0,0.5,0.0
2555,ddc904ff3be05595,True,1.0,1.0,0.8958644735085101,1.0,1.0,1.0,0.9566101972952126
2556,a259460cd13f55c2,True,1.0,1.0,1.0,0.0,1.0,1.0,0.5833333333333334
2557,6f07313e88ab56fd,True,1.0,1.0,0.86709445453603,1.0,1.0,1.0,0.9446226893900125
2558,74d0c56b12f25f92,True,1.0,1.0,0.8516017695073598,1.0,1.0,1.0,0.9381674039614
2559,517e199220ca522b,True,1.0,1.0,0.974327721764145,1.0,1.0,1.0,0.989303217401727
2560,f897914e6f0c52e5,True,1.0,1.0,1.0,1.0,1.0,1.0,1.0
2561,2243d4e976fb5b77,True,1.0,1.0,1.0,1.0,1.0,1.0,1.0
2562,ddfadfe2f0385b3b,True,1.0,1.0,0.9816564298084786,1.0,1.0,1.0,0.9923568457535327
2563,66225fc71bd35554,True,0.0,1.0,0.0,0.0,1.0,1.0,0.0
2564,c840eac7d70e5877,True,1.0,1.0,1.0,0.0,1.0,1.0,0.5833333333333334
2565,1d538fa6a8825de1,True,1.0,1.0,0.7649959898817209,0.0,1.0,1.0,0.48541499578405034
2566,aef33fdade585ab3,True,1.0,1.0,0.873425437192284,1.0,1.0,1.0,0.9472605988301184
2567,6d3bb2ecca3e54b4,True,1.0,1.0,1.0,1.0,1.0,1.0,1.0
2568,b664ff6d2c185e31,True,1.0,1.0,1.0,1.0,1.0,1.0,1.0
2569,690fef019ad25dd6,True,1.0,1.0,1.0,1.0,1.0,1.0,1.0
2570,7c4757c2c9675f2b,True,1.0,0.0,0.0,1.0,1.0,0.0,0.0
2571,92471a550d745af1,True,1.0,1.0,1.0,1.0,1.0,1.0,1.0
2572,8d90099a801d5682,True,1.0,1.0,1.0,1.0,1.0,1.0,1.0
2573,569f53e485335820,True,1.0,1.0,0.8361766611314845,1.0,1.0,1.0,0.9317402754714519
2574,29d982d97d135311,True,1.0,1.0,0.9962897670762825,1.0,1.0,1.0,0.9984540696151177
2575,a51ed55eaa9c54c9,True,1.0,1.0,0.8025024867419963,1.0,1.0,1.0,0.9177093694758319
2576,2d8b8e77af38568f,True,1.0,1.0,0.6197180327429679,1.0,1.0,1.0,0.8415491803095699
2577,5e80270349cb530c,True,1.0,1.0,0.9231878070006501,1.0,1.0,1.0,0.9679949195836043
2578,f8191af1aab95906,True,0.5,0.0,0.0,0.0,1.0,0.5,0.0
2579,6832568ebd835696,True,1.0,1.0,0.7691981866571403,1.0,1.0,1.0,0.9038325777738084
2580,3e8b81f8eb205311,True,1.0,1.0,0.7885625980125721,1.0,1.0,1.0,0.9119010825052384
2581,2a5a7c87bce352a7,True,1.0,1.0,0.873881216902755,0.0,1.0,1.0,0.5307838403761479
2582,be7331d3f05e5d16,True,1.0,1.0,1.0,1.0,1.0,1.0,1.0
2583,f3a327d6e0e45d9a,True,1.0,1.0,1.0,1.0,1.0,0.0,1.0
2584,7f9c22da74d35642,True,1.0,1.0,0.87028540388066,1.0,1.0,1.0,0.9459522516169416
2585,3ae409424da65443,True,1.0,1.0,1.0,1.0,1.0,1.0,1.0
2586,b23be6b0d9765878,True,1.0,1.0,0.8520702219255287,1.0,1.0,1.0,0.9383625924689704
2587,8e9c1bb8232c5a14,True,1.0,1.0,0.46387047117321273,1.0,1.0,1.0,0.776612696322172
2588,4b22a759c31a52c5,True,1.0,1.0,0.8765321154654732,1.0,1.0,1.0,0.9485550481106139
2589,3ef30aa787de56fa,True,1.0,1.0,1.0,1.0,1.0,1.0,1.0
2590,37430d1c47995fdd,True,1.0,1.0,0.8173547570099464,1.0,1.0,1.0,0.9238978154208111
2591,313756e5fc655c0e,True,1.0,1.0,1.0,0.0,1.0,1.0,0.5833333333333334
2592,eec0bc4e1b185d67,True,1.0,0.0,0.0,1.0,1.0,0.5,0.0
2593,d4f5976a6d615330,True,1.0,1.0,1.0,1.0,1.0,1.0,1.0
2594,43ce8a5ddf8f5541,True,1.0,0.0,0.0,1.0,1.0,1.0,0.0
2595,6fe1f4f8dbcd57b5,True,1.0,1.0,0.779114715513886,1.0,1.0,1.0,0.9079644647974524
2596,892f8a0d37dd5af3,True,1.0,1.0,0.9225104114900361,1.0,1.0,1.0,0.9677126714541817
2597,94c3ef5a3168570a,True,1.0,1.0,1.0,1.0,1.0,1.0,1.0
2598,254290b4b4a35869,True,1.0,1.0,1.0,1.0,1.0,1.0,1.0
2599,9157afe90f035621,True,1.0,1.0,1.0,1.0,1.0,1.0,1.0
2600,c4cb19209497505a,True,1.0,1.0,1.0,1.0,1.0,1.0,1.0
2601,3789d42ea83f569d,True,1.0,1.0,0.6262000534568422,1.0,1.0,1.0,0.8442500222736843
2602,1cf4270132e35206,True,1.0,1.0,0.8648093960690646,1.0,1.0,0.5,0.9436705816954435
2603,2184b01d59d4550c,True,1.0,1.0,1.0,1.0,1.0,1.0,1.0
2604,2783db04f9b05383,True,1.0,1.0,0.9718535786412642,1.0,1.0,1.0,0.9882723244338601
2605,5e5b6eaacd3f5bdd,True,0.0,1.0,0.0,0.0,1.0,1.0,0.0
2606,cba43d02cf795a0f,True,1.0,1.0,1.0,1.0,1.0,1.0,1.0
2607,43b78800618758d9,True,1.0,1.0,0.8729051326858547,1.0,1.0,1.0,0.9470438052857727
2608,70297f5b95955dce,True,1.0,1.0,0.830414055593325,1.0,1.0,1.0,0.9293391898305522
2609,4fbfc7dc71db50e2,True,1.0,1.0,0.8036542774982957,1.0,1.0,1.0,0.9181892822909564
2610,283ae14565b85cc3,True,1.0,1.0,0.7882789562926128,1.0,1.0,1.0,0.9117828984552553
2611,748779bcdb5b5a49,True,1.0,1.0,0.9702492408966596,1.0,1.0,1.0,0.9876038503736083
2612,1586b456d978588f,True,1.0,1.0,1.0,1.0,1.0,0.5,1.0
2613,83dd1484eb265a3c,True,1.0,1.0,1.0,1.0,1.0,1.0,1.0
2614,302d9a7758625a37,True,1.0,1.0,1.0,1.0,1.0,1.0,1.0
2615,3e53e34cb63f5d05,True,1.0,1.0,0.724876347530062,1.0,1.0,1.0,0.8853651448041925
2616,e6be0f4d0dc351d0,True,1.0,1.0,1.0,1.0,1.0,1.0,1.0
2617,2ef107f7be2351a5,True,1.0,1.0,0.9286187759243987,1.0,1.0,1.0,0.9702578233018327
2618,7af63267db5c5415,True,1.0,1.0,0.8018863553954734,1.0,1.0,1.0,0.9174526480814472
2619,62108a4000e85dae,True,1.0,1.0,1.0,1.0,1.0,1.0,1.0
2620,09d424ddf3a558b3,True,1.0,0.0,0.0,0.0,1.0,1.0,0.0
2621,3010009fcb295507,True,1.0,1.0,0.8840649411877155,1.0,1.0,1.0,0.9516937254948815
2622,6021973f81a75e0b,True,1.0,1.0,0.6100037983867456,1.0,1.0,1.0,0.8375015826611439
2623,1893fb783df95146,True,1.0,1.0,1.0,1.0,1.0,1.0,1.0
2624,f7c57baf089e561b,True,1.0,0.0,0.0,1.0,1.0,1.0,0.0
2625,d532c0b3a43a52dc,True,1.0,1.0,0.9119494273508025,1.0,1.0,1.0,0.9633122613961677
2626,d4f972826d645ca8,True,1.0,1.0,0.6777856035647762,1.0,1.0,1.0,0.8657440014853234
2627,b4f6a0719d2a5670,True,1.0,1.0,0.8753670549564178,1.0,1.0,1.0,0.9480696062318407
2628,96dd879c7e365dc9,True,1.0,1.0,0.775515814529971,1.0,1.0,1.0,0.9064649227208212
2629,819d34b59e6159ad,True,1.0,1.0,1.0,1.0,1.0,1.0,1.0
2630,a3c4e4bf10d65ddb,True,1.0,1.0,0.8553389898884207,1.0,1.0,1.0,0.9397245791201753
2631,1b5a55897d2950f9,True,1.0,1.0,0.7565383215673608,1.0,1.0,1.0,0.8985576339864002
2632,21146ac996365854,True,1.0,1.0,0.8051175366428797,1.0,1.0,1.0,0.9187989736011999
2633,13c555e68671524f,True,1.0,0.0,0.0,1.0,1.0,1.0,0.0
2634,963a72ef9c615033,True,1.0,1.0,0.8800201589749697,0.0,1.0,1.0,0.5333417329062374
2635,87fa0c79b31c563a,True,1.0,0.0,0.0,1.0,1.0,1.0,0.0
2636,b00afb2388cd5007,True,1.0,1.0,1.0,1.0,1.0,1.0,1.0
2637,d9435ec2640f586f,True,1.0,0.0,0.0,1.0,1.0,1.0,0.0
2638,fe6db2d0c7025b8a,True,1.0,1.0,1.0,1.0,1.0,1.0,1.0
2639,0fc626b8de655cc7,True,1.0,1.0,0.6442024505915298,1.0,1.0,1.0,0.8517510210798042
2640,9b5cb743a4a4590b,True,1.0,1.0,1.0,1.0,1.0,0.0,1.0
2641,5fd68bb785b258ef,True,1.0,1.0,0.8010687030967099,1.0,1.0,1.0,0.9171119596236291
2642,a312f24a197d530c,True,1.0,1.0,0.8797113139361251,1.0,1.0,1.0,0.9498797141400521
2643,47fae9a1708b5101,True,1.0,1.0,0.9757441066309606,1.0,1.0,1.0,0.9898933777629001
2644,3d2f4a8fb8b55572,True,1.0,1.0,0.8283064578061833,1.0,1.0,1.0,0.9284610240859097
2645,4faa4706a50958e2,True,1.0,1.0,0.6169240549608985,1.0,1.0,1.0,0.8403850229003744
2646,d1af94a471135add,True,1.0,1.0,0.7300125066785393,1.0,1.0,1.0,0.8875052111160581
2647,1f381d3a242b54f0,True,1.0,1.0,0.7628859708387112,1.0,1.0,1.0,0.901202487849463
2648,3067f3d3d5a75989,True,1.0,1.0,0.37628219852007316,1.0,1.0,1.0,0.7401175827166971
2649,5b834475a09a531c,True,1.0,1.0,0.8639970230033912,1.0,1.0,1.0,0.9433320929180796
2650,065ec41ed01d59ca,True,1.0,1.0,1.0,1.0,1.0,1.0,1.0
2651,9a524d13e6795a95,True,1.0,1.0,0.9068695743799186,1.0,1.0,1.0,0.9611956559916327
2652,35cf51dd13d559c0,True,1.0,1.0,0.9648656122981152,1.0,1.0,1.0,0.9853606717908813
2653,00c6aecefec9576c,True,1.0,1.0,0.6702742566055874,1.0,1.0,1.0,0.8626142735856615
2654,90fa31af769c5e8d,True,1.0,1.0,0.9452032121109211,1.0,1.0,1.0,0.9771680050462171
2655,53f754a75b955383,True,1.0,1.0,1.0,1.0,1.0,1.0,1.0
2656,82ab6983691a5599,True,1.0,1.0,1.0,1.0,1.0,1.0,1.0
2657,4b721ff0b7025f21,True,1.0,1.0,1.0,1.0,1.0,1.0,1.0
2658,513a97511d135ebd,True,1.0,0.0,0.0,1.0,1.0,1.0,0.0
2659,30dafbb048775d29,True,1.0,1.0,0.7903749547497161,1.0,1.0,1.0,0.912656231145715
2660,0994517bde3c5188,True,1.0,1.0,0.6235535916169489,1.0,1.0,1.0,0.8431473298403954
2661,d987180f18155985,True,1.0,1.0,1.0,1.0,1.0,1.0,1.0
2662,3e0511dc69b85b75,True,1.0,1.0,0.8599166488984997,1.0,1.0,1.0,0.9416319370410416
2663,a59bd481d324594a,True,1.0,1.0,0.7949991085099989,1.0,1.0,1.0,0.9145829618791662
2664,e9645135a4fe5739,True,1.0,1.0,0.7827620569756465,1.0,1.0,1.0,0.9094841904065194
2665,5233faf7f9935f97,True,1.0,1.0,0.8128870970018548,1.0,1.0,1.0,0.9220362904174394
2666,7fc46d2957805648,True,1.0,1.0,1.0,1.0,1.0,1.0,1.0
2667,d55aac327e4451ba,True,1.0,1.0,0.826373786396475,1.0,1.0,1.0,0.9276557443318646
2668,2d578825c3a8565f,True,0.0,1.0,0.0,0.0,1.0,0.0,0.0
2669,70e50d9b18305fa4,True,1.0,1.0,0.7035093617018506,1.0,1.0,1.0,0.8764622340424378
2670,d9560f4ad686510f,True,1.0,1.0,0.6380134045136187,1.0,1.0,1.0,0.8491722518806745
2671,607b63930d2855da,True,1.0,0.0,0.0,1.0,1.0,0.0,0.0
2672,41f3712a30b956e6,True,1.0,1.0,0.8572728758179079,1.0,1.0,1.0,0.9405303649241282
2673,7755fb23f28f5b2f,True,1.0,1.0,0.8210979216455777,1.0,1.0,1.0,0.925457467352324
2674,134699ce1ce455c4,True,1.0,1.0,0.8885096825016137,1.0,1.0,1.0,0.9535457010423389
2675,ddddd9e7e4925db9,True,1.0,1.0,0.7269935066351794,1.0,1.0,1.0,0.8862472944313247
2676,9fc5098e21355c6e,True,1.0,1.0,0.8587675841682443,1.0,1.0,1.0,0.9411531600701019
2677,248a920cf01751f1,True,1.0,1.0,1.0,1.0,1.0,1.0,1.0
2678,c71161b938af5b16,True,1.0,1.0,1.0,1.0,1.0,1.0,1.0
2679,2c5ed5662dfb5ee9,True,1.0,1.0,0.9538963164680683,1.0,1.0,1.0,0.9807901318616951
2680,a2978bba82bd5751,True,1.0,0.0,0.0,1.0,1.0,1.0,0.0
2681,7d40448fd04e5e28,True,1.0,1.0,1.0,1.0,1.0,1.0,1.0
2682,c35f0df7bfdb5140,True,1.0,1.0,1.0,1.0,1.0,1.0,1.0
2683,3bf245d895b25ec0,True,1.0,1.0,1.0,1.0,1.0,1.0,1.0
2684,fd3606c29f3f57fb,True,1.0,1.0,0.8614527872670469,1.0,1.0,1.0,0.9422719946946029
2685,df8bff51c1d95e09,True,1.0,1.0,1.0,1.0,1.0,1.0,1.0
2686,f49e8b1837cd5b23,True,1.0,1.0,0.7594336178215778,1.0,1.0,1.0,0.8997640074256573
2687,8872d388cf435f07,True,1.0,1.0,1.0,1.0,1.0,1.0,1.0
2688,580004d79c9b53b8,True,1.0,1.0,0.8461643030459196,1.0,1.0,1.0,0.9359017929357999
2689,a8dacf347a605f0d,True,1.0,1.0,0.8033909846846944,1.0,1.0,1.0,0.9180795769519561
2690,39fde97003dd540e,True,1.0,1.0,0.5906887237919278,1.0,1.0,1.0,0.8294536349133033
2691,c9a74fd5fd9e57c8,True,1.0,1.0,0.7389190599303435,1.0,1.0,1.0,0.8912162749709763
2692,8e04fd5e1613597a,True,1.0,1.0,0.8908969144208049,1.0,1.0,1.0,0.9545403810086688
2693,32013abf6afd5d2e,True,1.0,1.0,0.7974427801709789,1.0,1.0,1.0,0.9156011584045745
2694,12f96c65436e56bf,True,1.0,1.0,1.0,1.0,1.0,1.0,1.0
2695,a1325310017c5057,True,1.0,1.0,1.0,0.0,1.0,1.0,0.5833333333333334
2696,ae73a52a1a5d54ac,True,1.0,1.0,1.0,1.0,1.0,1.0,1.0
2697,0bee5ed0a0a957fd,True,1.0,1.0,0.8230972000524533,1.0,1.0,1.0,0.9262905000218554
2698,bda5925fd37a5818,True,1.0,1.0,1.0,1.0,1.0,1.0,1.0
2699,008144fe47ac5f74,True,1.0,1.0,0.8212747237784702,1.0,1.0,1.0,0.925531134907696
2700,f34d9948bdc257ab,True,1.0,1.0,1.0,1.0,1.0,1.0,1.0
2701,028613e11f415422,True,1.0,1.0,0.9130595449446045,1.0,1.0,1.0,0.9637748103935851
2702,64a417561b53530f,True,1.0,1.0,1.0,1.0,1.0,1.0,1.0
2703,7ed4005bb9385a16,True,1.0,1.0,0.8832900723217847,1.0,1.0,1.0,0.9513708634674103
2704,0d77009a20f25175,True,1.0,1.0,0.788880079851697,1.0,1.0,1.0,0.9120333666048737
2705,f1b8c54a906f525e,True,1.0,1.0,1.0,1.0,1.0,1.0,1.0
2706,1a8da8e47d235dbe,True,1.0,1.0,0.9367816526032415,1.0,1.0,1.0,0.9736590219180172
2707,5027a61161365407,True,1.0,1.0,0.9501246097594267,1.0,1.0,1.0,0.9792185873997612
2708,155c42ad43525252,True,1.0,1.0,0.7608106704705284,1.0,1.0,1.0,0.9003377793627202
2709,5ca8a2941e3f56c2,True,1.0,1.0,1.0,0.0,1.0,1.0,0.5833333333333334
2710,63c145828c3b5fd8,True,1.0,1.0,0.5733591095544861,1.0,1.0,1.0,0.8222329623143692
2711,0e81b2ebbb30575e,True,1.0,1.0,0.6894506625732779,1.0,1.0,1.0,0.8706044427388658
2712,cd1234d5b4b2570d,True,1.0,1.0,0.6453054801971364,1.0,1.0,1.0,0.8522106167488067
2713,67c138fc9ac459b5,True,1.0,0.0,0.0,1.0,1.0,1.0,0.0
2714,748a5531d6415e0c,True,1.0,1.0,1.0,1.0,1.0,1.0,1.0
2715,46c8d578ddb55784,True,1.0,1.0,0.8363410661209532,1.0,1.0,1.0,0.9318087775503971
2716,7a1b61727c255889,True,1.0,1.0,0.6689453022388508,1.0,1.0,1.0,0.8620605425995213
2717,b043b68462d7540c,True,1.0,1.0,1.0,1.0,1.0,1.0,1.0
2718,deb455f53c805643,True,1.0,1.0,0.7941343991008966,1.0,1.0,1.0,0.9142226662920402
2719,b6b0722747565854,True,1.0,1.0,0.8462797030217531,1.0,1.0,1.0,0.9359498762590638
2720,c5b585ddf50d5f1f,True,1.0,1.0,1.0,1.0,1.0,1.0,1.0
2721,b5ca533bca505ceb,True,1.0,1.0,1.0,1.0,1.0,1.0,1.0
2722,21d4990a6b4f597a,True,1.0,1.0,0.7629612183861906,1.0,1.0,1.0,0.9012338409942461
2723,9c45919236c051c0,True,1.0,1.0,0.7682089221624419,1.0,1.0,1.0,0.9034203842343508
2724,83b935eff1815935,True,1.0,1.0,0.9128824235383339,1.0,1.0,1.0,0.9637010098076392
2725,00685a5276625b57,True,1.0,1.0,0.7556333345591403,1.0,1.0,1.0,0.8981805560663085
2726,c2b5ebf8ace851ea,True,1.0,1.0,1.0,1.0,1.0,1.0,1.0
2727,b5bdef8a05605164,True,1.0,1.0,0.9412467138081438,1.0,1.0,1.0,0.9755194640867266
2728,e2efd574ab0b56a2,True,1.0,1.0,1.0,1.0,1.0,0.0,1.0
2729,e55bd804e572502a,True,1.0,1.0,0.9805657983603735,1.0,1.0,1.0,0.991902415983489
2730,a7f15e4638b352c4,True,1.0,1.0,0.8667089559344502,1.0,1.0,1.0,0.9444620649726877
2731,ce09ed938df353d1,True,1.0,1.0,1.0,1.0,1.0,1.0,1.0
2732,50b72b9404da516c,True,1.0,1.0,1.0,1.0,1.0,1.0,1.0
2733,1e1878076a0b52d6,True,1.0,1.0,0.8688299895318548,1.0,1.0,1.0,0.9453458289716061
2734,b022550645ac5dbf,True,1.0,0.0,0.0,0.0,1.0,1.0,0.0
2735,45102df6530d59e8,True,1.0,1.0,0.9997362869597433,1.0,1.0,1.0,0.9998901195665596
2736,4b9627827aff5013,True,1.0,1.0,1.0,1.0,1.0,1.0,1.0
2737,77f9c895af8b59f3,True,1.0,1.0,1.0,1.0,1.0,1.0,1.0
2738,e8e01645fcde5b8e,True,1.0,1.0,0.9233267020311857,1.0,1.0,1.0,0.968052792512994
2739,192e92b5db4754a6,True,1.0,1.0,0.8523992900848618,1.0,1.0,0.0,0.9384997042020258
2740,2073f76964735ff7,True,1.0,1.0,0.8447680496947323,1.0,1.0,0.5,0.9353200207061384
2741,7f3ebea7b3415f87,True,1.0,1.0,0.7831357097891771,1.0,1.0,1.0,0.9096398790788238
2742,9c100482944751b3,True,1.0,1.0,0.9083710197861441,1.0,1.0,1.0,0.9618212582442268
2743,ce9ee9a68a4c5e93,True,1.0,1.0,1.0,1.0,1.0,1.0,1.0
2744,6012210b020c53a9,True,1.0,1.0,0.8140259095577049,1.0,1.0,0.5,0.9225107956490438
2745,c1ea7d700faa5fee,True,1.0,1.0,1.0,1.0,1.0,1.0,1.0
2746,1e921882661b5a6b,True,1.0,1.0,0.7464752399520558,1.0,1.0,1.0,0.8943646833133565
2747,8a540001f3f0514d,True,1.0,1.0,0.9466293897491586,1.0,1.0,1.0,0.9777622457288161
2748,2f482e2df2565b82,True,1.0,1.0,0.8621754424690119,1.0,1.0,1.0,0.9425731010287549
2749,44230a68f8305c14,True,1.0,1.0,0.9239245199729302,1.0,1.0,1.0,0.9683018833220544
2750,2f525b2a3cf35331,True,1.0,1.0,0.935958967101902,1.0,1.0,1.0,0.9733162362924591
2751,be0ea3126c955eae,True,1.0,1.0,0.5800148292176038,1.0,1.0,1.0,0.8250061788406683
2752,7427658d61b55fb8,True,1.0,1.0,0.9446056881695789,1.0,1.0,1.0,0.9769190367373245
2753,a90317c305c3505a,True,1.0,1.0,0.8580398961411063,1.0,1.0,1.0,0.940849956725461
2754,21b54e6d58985ae3,True,1.0,1.0,1.0,1.0,1.0,1.0,1.0
2755,fd7c51a15e5b54a6,True,1.0,1.0,0.7188300052630943,1.0,1.0,1.0,0.8828458355262893
2756,427ee2e0d1c05699,True,1.0,1.0,1.0,1.0,1.0,0.5,1.0
2757,e36f096910ed562a,True,1.0,1.0,1.0,1.0,1.0,1.0,1.0
2758,706cc8e44dbd557d,True,1.0,0.0,0.0,1.0,1.0,1.0,0.0
2759,592f9e4317dd52e2,True,1.0,1.0,0.9663762472589297,1.0,1.0,1.0,0.985990103024554
2760,fffbe416ae85553b,True,1.0,1.0,0.5775166518934923,1.0,1.0,1.0,0.8239652716222885
2761,c07f609f83b85dd6,True,1.0,1.0,0.8776266581039024,1.0,1.0,1.0,0.9490111075432927
2762,639c2678cce95d68,True,1.0,1.0,0.8141137892133413,1.0,1.0,1.0,0.9225474121722256
2763,6e190fde9f8958f1,True,1.0,1.0,0.785636671939172,1.0,1.0,1.0,0.9106819466413216
2764,e90b4ad6e7905adf,True,1.0,0.0,0.0,1.0,1.0,1.0,0.0
2765,6dfed7a32cf45d59,True,1.0,1.0,0.9439350513621253,1.0,1.0,1.0,0.9766396047342188
2766,ea93b5b81d425814,True,1.0,1.0,0.7939519716958294,1.0,1.0,1.0,0.9141466548732623
2767,bc68d211a62d5c19,True,1.0,1.0,1.0,1.0,1.0,1.0,1.0
2768,0df7b61597705cf2,True,1.0,1.0,0.702675227096034,1.0,1.0,1.0,0.8761146779566809
2769,02e3c13aa3975b02,True,1.0,1.0,0.8012811188266332,1.0,1.0,1.0,0.9172004661777639
2770,5b1a620dcd675298,True,1.0,1.0,1.0,1.0,1.0,1.0,1.0
2771,cc6022c226c15d80,True,1.0,0.0,0.0,1.0,1.0,1.0,0.0
2772,38d08753fa4651c2,True,1.0,1.0,1.0,1.0,1.0,1.0,1.0
2773,e80df2a74bfd5a22,True,1.0,1.0,0.867887730412111,1.0,1.0,1.0,0.9449532210050462
2774,13e6cd945bf95a1f,True,1.0,1.0,0.6862406940027616,1.0,1.0,1.0,0.869266955834484
2775,67a6bdeb096350ec,True,1.0,1.0,0.9599129527999388,1.0,1.0,1.0,0.9832970636666412
2776,cec165c3246d5529,True,1.0,0.0,0.0,1.0,1.0,1.0,0.0
2777,4256146a0b765876,True,1.0,1.0,1.0,1.0,1.0,1.0,1.0
2778,906d7e590245576a,True,1.0,1.0,0.9774321530649994,1.0,1.0,1.0,0.9905967304437496
2779,b639f9aef8055d40,True,1.0,1.0,0.8644448174443654,1.0,1.0,1.0,0.9435186739351522
2780,a4ed82240b64533a,True,1.0,1.0,0.7896004310177944,1.0,1.0,1.0,0.9123335129240809
2781,7bbb6cfc4f135e50,True,1.0,1.0,0.7768938193113499,1.0,1.0,1.0,0.9070390913797292
2782,e704fb7745a75fd7,True,1.0,1.0,0.5794821177820172,1.0,1.0,1.0,0.8247842157425072
2783,6abe0ed266f258d9,True,1.0,1.0,1.0,1.0,1.0,1.0,1.0
2784,488dd191f7dc59a8,True,1.0,1.0,0.8392405049966404,1.0,1.0,1.0,0.9330168770819336
2785,072471bece365f16,True,1.0,1.0,0.8587425252522035,1.0,1.0,1.0,0.9411427188550848
2786,e9bfb4821bfd5801,True,1.0,1.0,1.0,1.0,1.0,1.0,1.0
2787,806b014bc8c15160,True,1.0,1.0,1.0,1.0,1.0,1.0,1.0
2788,4b55193d36c35e4a,True,1.0,1.0,1.0,0.0,1.0,1.0,0.5833333333333334
2789,3ffbf8596e7655ec,True,1.0,1.0,1.0,1.0,1.0,1.0,1.0
2790,262c4400163e5d8e,True,1.0,1.0,0.8093155387471961,1.0,1.0,1.0,0.920548141144665
2791,ae878998fecb50a5,True,1.0,1.0,0.4512315587733705,1.0,1.0,1.0,0.7713464828222377
2792,0f7854f951905e69,True,1.0,1.0,0.5759340057756942,1.0,1.0,1.0,0.8233058357398727
2793,69bcdc8c577252f4,True,1.0,1.0,1.0,1.0,1.0,1.0,1.0
2794,c01c5d45b97154d4,True,1.0,1.0,0.572080360589557,1.0,1.0,1.0,0.8217001502456487
2795,2c337eb368fb54ca,True,1.0,0.0,0.0,1.0,1.0,1.0,0.0
2796,fac7dc214370509e,True,1.0,1.0,0.625845320730515,1.0,1.0,1.0,0.844102216971048
2797,f07e680e53135311,True,1.0,1.0,1.0,1.0,1.0,1.0,1.0
2798,471869e791085ef6,True,1.0,1.0,0.9244248375269776,1.0,1.0,1.0,0.968510348969574
2799,e9ed7dbcb6365ea2,True,1.0,1.0,0.721368256943306,1.0,1.0,1.0,0.8839034403930442
2800,80d8679b8c215769,True,1.0,1.0,1.0,1.0,1.0,1.0,1.0
2801,3eb063189dd15649,True,1.0,1.0,0.7980394099181141,1.0,1.0,1.0,0.9158497541325475
2802,f9bd532e790f53ea,True,1.0,1.0,0.8938922607408437,1.0,1.0,1.0,0.9557884419753515
2803,ef90f66b5d465ebf,True,1.0,1.0,1.0,1.0,1.0,1.0,1.0
2804,8fe72476d10c552a,True,1.0,1.0,0.8611159602527059,1.0,1.0,1.0,0.9421316501052942
2805,7752ef9225b65783,True,1.0,1.0,1.0,1.0,1.0,1.0,1.0
2806,19611832f7595b10,True,1.0,1.0,0.606630239164631,1.0,1.0,0.0,0.836095932985263
2807,9d32436291335261,True,1.0,1.0,1.0,1.0,1.0,1.0,1.0
2808,c8bf5f09438e5507,True,1.0,1.0,1.0,1.0,1.0,1.0,1.0
2809,ab9d0f7542805d20,True,0.0,1.0,0.0,0.0,1.0,1.0,0.0
2810,6b68c09f87b85dc8,True,1.0,1.0,0.9592330682967233,1.0,1.0,1.0,0.983013778456968
2811,87100d8379c158cc,True,1.0,1.0,1.0,1.0,1.0,1.0,1.0
2812,36419e8c59275f61,True,1.0,1.0,1.0,1.0,1.0,1.0,1.0
2813,c056dcf1096258a4,True,1.0,1.0,1.0,1.0,1.0,1.0,1.0
2814,2be2e48e80985bee,True,1.0,1.0,1.0,1.0,1.0,1.0,1.0
2815,81f49ac925aa5781,True,1.0,1.0,1.0,1.0,1.0,1.0,1.0
2816,26c48df074d151c6,True,1.0,1.0,0.6926126245037927,1.0,1.0,1.0,0.8719219268765803
2817,cd7e9823f2b15e0f,True,1.0,1.0,0.9835023246756258,1.0,1.0,1.0,0.993125968614844
2818,4d9c7a900c6c5081,True,1.0,1.0,0.7588527546505369,1.0,1.0,1.0,0.8995219811043903
2819,888913e0978f559b,True,1.0,1.0,0.7483505170502579,1.0,1.0,1.0,0.8951460487709407
2820,70b8c89829d05f30,True,1.0,1.0,0.8951587552036897,1.0,1.0,1.0,0.9563161480015374
2821,b7e7604c72e051da,True,1.0,1.0,1.0,1.0,1.0,1.0,1.0
2822,b1520b6af9705191,True,1.0,1.0,1.0,1.0,1.0,1.0,1.0
2823,6a9642ab1a745aac,True,1.0,1.0,0.6222353427126839,1.0,1.0,1.0,0.8425980594636183
2824,f1ceb70bd72a5048,True,1.0,1.0,0.511721471230325,1.0,1.0,1.0,0.7965506130126355
2825,b3f47592bf415aa3,True,1.0,1.0,0.7882115736768093,1.0,1.0,1.0,0.9117548223653372
2826,ee53e7213c995a0b,True,1.0,1.0,1.0,1.0,1.0,1.0,1.0
2827,9406203fdb815e58,True,1.0,1.0,0.7814852729338908,1.0,1.0,1.0,0.9089521970557879
2828,c354c8cf3c975581,True,1.0,1.0,0.9415070049723322,1.0,1.0,1.0,0.9756279187384718
2829,dd414d3d7d5452f1,True,1.0,1.0,0.7412473940862168,1.0,1.0,1.0,0.8921864142025903
2830,9184d994aedd50b1,True,1.0,1.0,0.5718852447776589,1.0,1.0,1.0,0.8216188519906913
2831,4aa06b58da9a56f8,True,1.0,1.0,0.6413291825386501,1.0,1.0,1.0,0.8505538260577709
2832,692bea45f3de5fd0,True,1.0,0.0,0.0,1.0,1.0,1.0,0.0
2833,d21b22d6c0405ad7,True,1.0,1.0,0.7688280422499143,1.0,1.0,1.0,0.9036783509374643
2834,4e1193a7697853ba,True,1.0,1.0,0.8507798639679566,1.0,1.0,1.0,0.9378249433199818
2835,b662afef6f935725,True,1.0,1.0,0.6463570683236585,1.0,1.0,1.0,0.852648778468191
2836,fae990c38c515aa9,True,1.0,1.0,0.8434130416685328,0.0,1.0,1.0,0.5180887673618887
2837,8aa8e3e16c035d5e,True,1.0,1.0,1.0,1.0,1.0,1.0,1.0
2838,c5727dc4f8665554,True,0.0,1.0,0.0,0.0,1.0,1.0,0.0
2839,3bae0e44f3095a9c,True,1.0,1.0,0.6693453811362944,1.0,1.0,1.0,0.8622272421401226
2840,dc0c3446973f56b3,True,1.0,1.0,1.0,1.0,1.0,1.0,1.0
2841,627ed4c9950753e9,True,1.0,1.0,1.0,1.0,1.0,1.0,1.0
2842,3b3f3faf6778593f,True,1.0,1.0,1.0,1.0,1.0,1.0,1.0
2843,c51ec68aa4fe5f05,True,1.0,1.0,1.0,1.0,1.0,1.0,1.0
2844,ad5284a6be715f10,True,1.0,1.0,0.7339099013769014,0.0,1.0,0.5,0.47246245890704225
2845,a9c368a110585b1a,True,1.0,0.0,0.0,1.0,1.0,0.5,0.0
2846,c4fbbd685a1953c5,True,1.0,1.0,0.7312368391943489,1.0,1.0,1.0,0.888015349664312
2847,62735179d4f258ea,True,1.0,1.0,0.7792953105742565,1.0,1.0,1.0,0.9080397127392735
2848,9243ca15a76e552f,True,1.0,1.0,0.9045997469269125,1.0,1.0,1.0,0.9602498945528802
2849,f5d8dc03a0555cdc,True,1.0,1.0,0.9670426516994218,1.0,1.0,1.0,0.9862677715414258
2850,660e14c77a1c550b,True,1.0,1.0,0.6639120226608668,1.0,1.0,1.0,0.8599633427753611
2851,cd78333fa2c45328,True,1.0,1.0,0.9514666674603339,1.0,1.0,1.0,0.9797777781084726
2852,9e04987475e85dd5,True,1.0,1.0,0.8114815455731402,1.0,1.0,1.0,0.9214506439888085
2853,d7ff11915cdf538e,True,1.0,1.0,1.0,1.0,1.0,1.0,1.0
2854,34e7c93be2465f25,True,1.0,1.0,0.5487881763221428,1.0,1.0,1.0,0.8119950734675595
2855,388181311ef25756,True,1.0,1.0,1.0,1.0,1.0,1.0,1.0
2856,3623f8c74e7a5d1d,True,1.0,1.0,1.0,1.0,1.0,1.0,1.0
2857,81935f2cb7d45945,True,1.0,1.0,0.922212457034256,1.0,1.0,1.0,0.9675885237642733
2858,617ceb438e0d5324,True,1.0,1.0,1.0,1.0,1.0,1.0,1.0
2859,04676f5bccee5447,True,1.0,1.0,0.03533618951221276,1.0,1.0,1.0,0.5980567456300886
2860,def5763ef93655ae,True,1.0,1.0,0.8753281662864706,1.0,1.0,1.0,0.9480534026193629
2861,04e3f71d6bc15d1e,True,1.0,1.0,0.9349464585421876,1.0,1.0,1.0,0.9728943577259116
2862,95005e9d60b05d1d,True,1.0,1.0,0.9305249245987253,0.0,1.0,1.0,0.5543853852494688
2863,e7c778d603885f57,True,1.0,1.0,0.4349137762622055,1.0,1.0,1.0,0.764547406775919
2864,4d55f6c3a3dc58fe,True,1.0,1.0,1.0,1.0,1.0,1.0,1.0
2865,2d305230053e5e19,True,1.0,1.0,1.0,1.0,1.0,1.0,1.0
2866,cbdda157b6705786,True,1.0,1.0,0.6329293094591556,1.0,1.0,1.0,0.8470538789413148
2867,accb5d206fd05911,True,1.0,1.0,0.6558419618929173,1.0,1.0,1.0,0.8566008174553822
2868,797606b9788852f2,True,1.0,1.0,1.0,1.0,1.0,1.0,1.0
2869,7ba76233a35553c2,True,1.0,1.0,1.0,1.0,1.0,1.0,1.0
2870,b87c15c9f6cf54eb,True,1.0,1.0,1.0,1.0,1.0,1.0,1.0
2871,213494be2acb5c68,True,1.0,1.0,0.6286428945933048,1.0,1.0,1.0,0.8452678727472103
2872,30a0f5cf9ab95eee,True,1.0,1.0,0.8691932737171448,1.0,1.0,1.0,0.9454971973821437
2873,54d1762cf973535b,True,1.0,1.0,0.9084444056102177,1.0,1.0,1.0,0.9618518356709241
2874,2e90da117016561c,True,1.0,1.0,1.0,1.0,1.0,1.0,1.0
2875,02ff5ce64ad75584,True,1.0,1.0,0.8329999228607472,1.0,1.0,1.0,0.9304166345253112
2876,56af8eae4788597f,True,1.0,1.0,1.0,1.0,1.0,1.0,1.0
2877,8af2a66435ea565a,True,1.0,1.0,0.9933756607041747,1.0,1.0,1.0,0.9972398586267395
2878,43c8e05e697f5abe,True,1.0,1.0,1.0,1.0,1.0,1.0,1.0
2879,db601036b2fb58d7,True,1.0,1.0,1.0,1.0,1.0,1.0,1.0
2880,39b5d00781925b16,True,1.0,1.0,0.9972969163217485,1.0,1.0,1.0,0.9988737151340619
2881,dd07f89bea6f5147,True,1.0,1.0,0.9279886745548646,1.0,1.0,1.0,0.9699952810645268
2882,d2361c07df2f51c2,True,1.0,1.0,0.7296472240524527,1.0,1.0,1.0,0.8873530100218554
2883,e83be8437b0c5862,True,1.0,1.0,1.0,1.0,1.0,1.0,1.0
2884,9f3b77fe8cd3541c,True,1.0,1.0,0.8736863286958974,1.0,1.0,1.0,0.9473693036232905
2885,222a07b15e165f6f,True,1.0,1.0,1.0,1.0,1.0,1.0,1.0
2886,9ffd8ba0c7f75398,True,1.0,1.0,0.8040807909878974,1.0,1.0,1.0,0.9183669962449573
2887,11482ead31545f3a,True,1.0,1.0,1.0,1.0,1.0,1.0,1.0
2888,695beb73604159b7,True,1.0,1.0,1.0,1.0,1.0,1.0,1.0
2889,d32f8367252b53b1,True,1.0,1.0,1.0,1.0,1.0,1.0,1.0
2890,77a891db719c5273,True,1.0,1.0,1.0,1.0,1.0,1.0,1.0
2891,f6b9867069845fd2,True,1.0,1.0,0.5298851401474487,1.0,1.0,1.0,0.8041188083947702
2892,7d80c95c24645b06,True,1.0,1.0,0.8747557059918853,1.0,1.0,1.0,0.947814877496619
2893,e36e9da57e1e5e32,True,1.0,1.0,0.5314629066545005,1.0,1.0,1.0,0.8047762111060418
2894,be3551ae467a579e,True,1.0,0.0,0.0,1.0,1.0,1.0,0.0
2895,b5e7acb62778580b,True,1.0,1.0,0.9612870746444466,1.0,1.0,1.0,0.9838696144351861
2896,ac73220f793d522e,True,1.0,1.0,0.8489014439751146,1.0,1.0,1.0,0.9370422683229643
2897,b4914b3d729357d1,True,1.0,0.0,0.0,1.0,1.0,1.0,0.0
2898,1a1aa689c53951ba,True,1.0,1.0,1.0,0.0,1.0,1.0,0.5833333333333334
2899,f5cf721a02df5ba1,True,1.0,1.0,0.826547355393256,1.0,1.0,1.0,0.9277280647471899
2900,6370add5182e51b7,True,1.0,1.0,1.0,1.0,1.0,1.0,1.0
2901,9bfa838de21f5d25,True,1.0,1.0,0.7976435106664382,1.0,1.0,1.0,0.9156847961110159
2902,4826c59b43f6568a,True,1.0,1.0,0.8277104347841692,1.0,1.0,1.0,0.9282126811600705
2903,69dcc80901db5a29,True,0.0,1.0,0.0,0.0,1.0,1.0,0.0
2904,fc1b6762387f5209,True,0.0,1.0,0.0,0.0,1.0,1.0,0.0
2905,f93bfd9479fd52ee,True,1.0,1.0,0.7781701461577814,1.0,1.0,1.0,0.9075708942324089
2906,cb7ce9515c495674,True,1.0,1.0,0.770669764944082,1.0,1.0,1.0,0.9044457353933675
2907,49a0d29c7058501c,True,1.0,0.0,0.0,1.0,1.0,1.0,0.0
2908,f77c053616475084,True,1.0,1.0,0.6484255774390227,1.0,1.0,1.0,0.8535106572662595
2909,f004b5e4838455f3,True,1.0,1.0,0.6712179172053784,1.0,1.0,1.0,0.863007465502241
2910,b98d8c3330625df2,True,1.0,1.0,1.0,1.0,1.0,1.0,1.0
2911,3d400bec249a5f88,True,1.0,1.0,0.8018366343025861,1.0,1.0,1.0,0.9174319309594109
2912,9d74f6f9b0a25c90,True,0.0,1.0,0.0,0.0,1.0,1.0,0.0
2913,260c9a75f6e05785,True,1.0,1.0,1.0,1.0,1.0,1.0,1.0
2914,11d091d0bd985e5e,True,1.0,1.0,0.7206835159050964,1.0,1.0,1.0,0.8836181316271235
2915,33fcb42a03535525,True,1.0,1.0,0.7287572776254007,1.0,1.0,1.0,0.8869821990105836
2916,c72c3c003bc95aab,True,1.0,0.0,0.0,1.0,1.0,1.0,0.0
2917,0e713cce7ce35df0,True,1.0,1.0,1.0,1.0,1.0,1.0,1.0
2918,64ee149f402a5601,True,1.0,1.0,1.0,0.0,1.0,1.0,0.5833333333333334
2919,ee526f78f4ce5d75,True,1.0,1.0,1.0,1.0,1.0,1.0,1.0
2920,83212ddd15375812,True,1.0,1.0,1.0,1.0,1.0,1.0,1.0
2921,540ec2943ea050c9,True,1.0,1.0,1.0,1.0,1.0,1.0,1.0
2922,62c5045db3c159aa,True,1.0,1.0,1.0,1.0,1.0,1.0,1.0
2923,1ebc0b5378ab5caa,True,1.0,1.0,1.0,1.0,1.0,1.0,1.0
2924,85a89a122095548d,True,1.0,1.0,0.8413692464740404,1.0,1.0,1.0,0.9339038526975169
2925,581a74871330567f,True,1.0,1.0,1.0,1.0,1.0,1.0,1.0
2926,0eb6987fdc9b5213,True,1.0,1.0,1.0,0.0,1.0,1.0,0.5833333333333334
2927,055e7b577c645e2e,True,1.0,1.0,0.981183552532333,1.0,1.0,1.0,0.9921598135551388
2928,4cd806a126f85b23,True,1.0,1.0,0.8883783983562935,1.0,1.0,1.0,0.9534909993151223
2929,f264f464b21753de,True,1.0,1.0,0.8171626892036793,1.0,1.0,1.0,0.9238177871681996
2930,43ef28a235035eac,True,1.0,1.0,1.0,1.0,1.0,1.0,1.0
2931,075cf94c3db15021,True,1.0,1.0,1.0,1.0,1.0,1.0,1.0
2932,030c27139f7d57a4,True,1.0,1.0,0.678507797046914,1.0,1.0,1.0,0.8660449154362141
2933,9b3eda2685e75099,True,1.0,1.0,1.0,1.0,1.0,1.0,1.0
2934,19a52017c000548c,True,1.0,1.0,0.937266031532962,1.0,1.0,0.0,0.9738608464720674
2935,d0785c050c1350e7,True,1.0,1.0,1.0,1.0,1.0,1.0,1.0
2936,4a46ef99ddf55b8d,True,1.0,1.0,1.0,1.0,1.0,1.0,1.0
2937,98c7a48dd75052ab,True,1.0,1.0,1.0,1.0,1.0,1.0,1.0
2938,582a4716d1bd55bc,True,1.0,1.0,0.8531145427870799,1.0,1.0,1.0,0.9387977261612832
2939,111cb2c23a325817,True,1.0,1.0,0.5936995680346512,1.0,1.0,1.0,0.8307081533477714
2940,789af91cd1755b7e,True,1.0,1.0,0.9018070555394577,1.0,1.0,1.0,0.9590862731414407
2941,bee76fa92b735b00,True,1.0,1.0,0.8343442307913295,1.0,1.0,1.0,0.9309767628297205
2942,1cddfddca0bd560a,True,1.0,1.0,1.0,1.0,1.0,1.0,1.0
2943,98c050c637ca5909,True,1.0,1.0,0.7154071065881747,1.0,1.0,1.0,0.8814196277450729
2944,f52211f2dec85537,True,1.0,1.0,0.9400826953894305,1.0,1.0,1.0,0.9750344564122626
2945,9e991901a49a55ea,True,1.0,1.0,1.0,1.0,1.0,1.0,1.0
2946,ab66df989bcc56aa,True,1.0,1.0,0.9376494071380694,1.0,1.0,1.0,0.974020586307529
2947,45b494315ca85268,True,1.0,1.0,0.8727389415381344,1.0,1.0,1.0,0.9469745589742228
2948,f7d2b771e8425c20,True,1.0,1.0,0.7764376821503289,1.0,1.0,1.0,0.9068490342293037
2949,average,False,0.9742198100407056,0.9372455902306649,0.7955643494083801,0.9352103120759837,0.9976255088195387,0.9654002713704206,0.8516628869041905
